external_id;name;description;price;brand;category;subcategory;gender;photos
_dgzrSmdJYHJNuHt8ikNs8SsP2Mu9gXWFgJjx2DQ;;Chanel 26S 新款双C凉拖，热门款式！经典双 C 标志设计，主打简约优雅与日常百搭！ 鞋面：意大利全粒面羊皮 内里：进口羊皮里 大底：意大利 A 级真皮底 size：35～40 P 45.0;0;;mxyz80e9uti03ia;;Для женщин;"[""https://xcimg.szwego.com/imgHD/c84b2751/20260503/cmp_i1777819818353_4922_0_0.jpg"", ""https://xcimg.szwego.com/imgHD/c84b2751/20260503/cmp_i1777819818353_7670_0_1.jpg"", ""https://xcimg.szwego.com/imgHD/c84b2751/20260503/cmp_i1777819799824_3422_0_2.jpg"", ""https://xcimg.szwego.com/imgHD/c84b2751/20260503/cmp_i1777819818357_2863_0_3.jpg"", ""https://xcimg.szwego.com/imgHD/c84b2751/20260503/cmp_i1777819799821_7959_0_4.jpg"", ""https://xcimg.szwego.com/imgHD/c84b2751/20260503/cmp_i1777819799824_1441_0_5.jpg"", ""https://xcimg.szwego.com/imgHD/c84b2751/20260503/cmp_i1777819818356_7428_0_6.jpg"", ""https://xcimg.szwego.com/imgHD/c84b2751/20260503/cmp_i1777819799823_7658_0_7.jpg"", ""https://xcimg.szwego.com/imgHD/c84b2751/20260503/cmp_i1777819799823_4035_0_8.jpg""]"
_dnqrSWynQmgalMIytqqEywM1HSH9O9JGKqqBnbw;;Chanel 26S 新款双C凉拖，热门款式！经典双 C 标志设计，主打简约优雅与日常百搭！ 鞋面：意大利全粒面羊皮 内里：进口羊皮里 大底：意大利 A 级真皮底 size：35～40 P 45.0;0;;mxyz80e9uti03ia;;Для женщин;"[""https://xcimg.szwego.com/imgHD/c84b2751/20260503/cmp_i1777819485059_1793_0_0.jpg"", ""https://xcimg.szwego.com/imgHD/c84b2751/20260503/cmp_i1777819484871_3241_0_1.jpg"", ""https://xcimg.szwego.com/imgHD/c84b2751/20260503/cmp_i1777819466677_1389_0_2.jpg"", ""https://xcimg.szwego.com/imgHD/c84b2751/20260503/cmp_i1777819484867_9965_0_3.jpg"", ""https://xcimg.szwego.com/imgHD/c84b2751/20260503/cmp_i1777819466676_3159_0_4.jpg"", ""https://xcimg.szwego.com/imgHD/c84b2751/20260503/cmp_i1777819466677_1842_0_5.jpg"", ""https://xcimg.szwego.com/imgHD/c84b2751/20260503/cmp_i1777819466677_5284_0_6.jpg"", ""https://xcimg.szwego.com/imgHD/c84b2751/20260503/cmp_i1777819484865_3905_0_7.jpg"", ""https://xcimg.szwego.com/imgHD/c84b2751/20260503/cmp_i1777819466677_3091_0_8.jpg""]"
_dnMrSoJPAGDZ2LaIGBDW-wqto61QahrPE-8TgNw;;Chanel 26S新款猫跟双C凉拖，热门款式！经典双 C 标志设计，主打简约优雅与日常百搭！ 鞋面：意大利全粒面羊皮 内里：进口羊皮里 大底：意大利 A 级真皮底 跟高：约 4cm size：35～40 P 45.0;0;;mxyz80e9uti03ia;;Для женщин;"[""https://xcimg.szwego.com/imgHD/c84b2751/20260503/cmp_i1777802863575_8936_0_0.jpg"", ""https://xcimg.szwego.com/imgHD/c84b2751/20260503/cmp_i1777802844793_3390_0_1.jpg"", ""https://xcimg.szwego.com/imgHD/c84b2751/20260503/cmp_i1777802844793_9847_0_2.jpg"", ""https://xcimg.szwego.com/imgHD/c84b2751/20260503/cmp_i1777802863574_4772_0_3.jpg"", ""https://xcimg.szwego.com/imgHD/c84b2751/20260503/cmp_i1777802844793_8304_0_4.jpg"", ""https://xcimg.szwego.com/imgHD/c84b2751/20260503/cmp_i1777802863570_2340_0_5.jpg"", ""https://xcimg.szwego.com/imgHD/c84b2751/20260503/cmp_i1777802844793_2134_0_6.jpg"", ""https://xcimg.szwego.com/imgHD/c84b2751/20260503/cmp_i1777802844793_6111_0_7.jpg"", ""https://xcimg.szwego.com/imgHD/c84b2751/20260503/cmp_i1777802863580_8861_0_8.jpg""]"
_dqbrSPlLaoy3-YYWcZGoiHCtqQG69-iOuf_z0lQ;;Chanel 26S新款猫跟双C凉拖，热门款式！经典双 C 标志设计，主打简约优雅与日常百搭！ 鞋面：意大利全粒面羊皮 内里：进口羊皮里 大底：意大利 A 级真皮底 跟高：约 4cm size：35～40 P 45.0;0;;mxyz80e9uti03ia;;Для женщин;"[""https://xcimg.szwego.com/imgHD/c84b2751/20260428/cmp_i1777366142706_868_0_0.jpg"", ""https://xcimg.szwego.com/imgHD/c84b2751/20260428/cmp_i1777366121681_9086_0_1.jpg"", ""https://xcimg.szwego.com/imgHD/c84b2751/20260428/cmp_i1777366121673_6887_0_2.jpg"", ""https://xcimg.szwego.com/imgHD/c84b2751/20260428/cmp_i1777366121593_9911_0_3.jpg"", ""https://xcimg.szwego.com/imgHD/c84b2751/20260428/cmp_i1777366121593_2774_0_4.jpg"", ""https://xcimg.szwego.com/imgHD/c84b2751/20260428/cmp_i1777366121593_5311_0_5.jpg"", ""https://xcimg.szwego.com/imgHD/c84b2751/20260428/cmp_i1777366142544_8418_0_6.jpg"", ""https://xcimg.szwego.com/imgHD/c84b2751/20260428/cmp_i1777366142538_1509_0_7.jpg"", ""https://xcimg.szwego.com/imgHD/c84b2751/20260428/cmp_i1777366142545_8136_0_8.jpg""]"
_dn5rSg0EMhHLd44ush3C7hptpMblEo6da7G2WCw;;Loro Piana 最新 Soho 2.0 Walk男士运动鞋！这款Soho 2.0Walk运动鞋将舒适触感与运动风格精妙融合，采用粒纹绒面革制作而成，这种天鹅绒般柔软的皮革具有蜜桃般的柔软触感和细腻光泽。加长鞋带设计搭配鞋头和侧面的立体加固结构，兼具韧性与格调。同色系Wish® Flex羊毛混纺嵌饰带来轻柔弹性，便于穿脱，与轻盈的鞋底相得益彰。 鞋面：意大利牛反绒、羊毛混纺 内里：意大利牛皮里 大底：TPU 模具大底 size：39～46 P 65.0;0;;mxyz80e9uti03ia;;Для женщин;"[""https://xcimg.szwego.com/imgHD/c84b2751/20260501/cmp_i1777566439238_8567_0_0.jpg"", ""https://xcimg.szwego.com/imgHD/c84b2751/20260501/cmp_i1777566439237_640_0_1.jpg"", ""https://xcimg.szwego.com/imgHD/c84b2751/20260501/cmp_i1777566439238_8400_0_2.jpg"", ""https://xcimg.szwego.com/imgHD/c84b2751/20260501/cmp_i1777566457730_986_0_3.jpg"", ""https://xcimg.szwego.com/imgHD/c84b2751/20260501/cmp_i1777566457968_4278_0_4.jpg"", ""https://xcimg.szwego.com/imgHD/c84b2751/20260501/cmp_i1777566439237_1367_0_5.jpg"", ""https://xcimg.szwego.com/imgHD/c84b2751/20260501/cmp_i1777566439237_7697_0_6.jpg"", ""https://xcimg.szwego.com/imgHD/c84b2751/20260501/cmp_i1777566457747_3054_0_7.jpg"", ""https://xcimg.szwego.com/imgHD/c84b2751/20260501/cmp_i1777566457962_1569_0_8.jpg""]"
_ddRrSn7zrfPlqGwj2SN22T1kUbt6ZzAvh3UtvGA;;Loro Piana 最新 Soho 2.0 Walk男士运动鞋！这款Soho 2.0Walk运动鞋将舒适触感与运动风格精妙融合，采用粒纹绒面革制作而成，这种天鹅绒般柔软的皮革具有蜜桃般的柔软触感和细腻光泽。加长鞋带设计搭配鞋头和侧面的立体加固结构，兼具韧性与格调。同色系Wish® Flex羊毛混纺嵌饰带来轻柔弹性，便于穿脱，与轻盈的鞋底相得益彰。 鞋面：意大利牛反绒、羊毛混纺 内里：意大利牛皮里 大底：TPU 模具大底 size：39～46 P 65.0;0;;mxyz80e9uti03ia;;Для женщин;"[""https://xcimg.szwego.com/imgHD/c84b2751/20260325/cmp_i1774424902397_6243_0_0.jpg"", ""https://xcimg.szwego.com/imgHD/c84b2751/20260325/cmp_i1774424902628_2354_0_1.jpg"", ""https://xcimg.szwego.com/imgHD/c84b2751/20260325/cmp_i1774424870472_2556_0_2.jpg"", ""https://xcimg.szwego.com/imgHD/c84b2751/20260325/cmp_i1774424908932_7085_0_3.jpg"", ""https://xcimg.szwego.com/imgHD/c84b2751/20260325/cmp_i1774424870272_4523_0_4.jpg"", ""https://xcimg.szwego.com/imgHD/c84b2751/20260325/cmp_i1774424870458_4818_0_5.jpg"", ""https://xcimg.szwego.com/imgHD/c84b2751/20260325/cmp_i1774424870274_8175_0_6.jpg"", ""https://xcimg.szwego.com/imgHD/c84b2751/20260325/cmp_i1774424908570_6312_0_7.jpg"", ""https://xcimg.szwego.com/imgHD/c84b2751/20260325/cmp_i1774424870275_2986_0_8.jpg""]"
_d_VrSnNoHZripsVssif6jBC96bF6R8owQdXtTTg;;Loro Piana 最新 Soho 2.0 Walk男士运动鞋！这款Soho 2.0Walk运动鞋将舒适触感与运动风格精妙融合，采用粒纹绒面革制作而成，这种天鹅绒般柔软的皮革具有蜜桃般的柔软触感和细腻光泽。加长鞋带设计搭配鞋头和侧面的立体加固结构，兼具韧性与格调。同色系Wish® Flex羊毛混纺嵌饰带来轻柔弹性，便于穿脱，与轻盈的鞋底相得益彰。 鞋面：意大利牛反绒、羊毛混纺 内里：意大利牛皮里 大底：TPU 模具大底 size：39～46 P 65.0;0;;mxyz80e9uti03ia;;Для женщин;"[""https://xcimg.szwego.com/imgHD/c84b2751/20260325/cmp_i1774424406675_6459_0_0.jpg"", ""https://xcimg.szwego.com/imgHD/c84b2751/20260325/cmp_i1774424426394_2172_0_1.jpg"", ""https://xcimg.szwego.com/imgHD/c84b2751/20260325/cmp_i1774424406658_8672_0_2.jpg"", ""https://xcimg.szwego.com/imgHD/c84b2751/20260325/cmp_i1774424406880_3359_0_3.jpg"", ""https://xcimg.szwego.com/imgHD/c84b2751/20260325/cmp_i1774424406472_2509_0_4.jpg"", ""https://xcimg.szwego.com/imgHD/c84b2751/20260325/cmp_i1774424426176_5047_0_5.jpg"", ""https://xcimg.szwego.com/imgHD/c84b2751/20260325/cmp_i1774424426094_2607_0_6.jpg"", ""https://xcimg.szwego.com/imgHD/c84b2751/20260325/cmp_i1774424425908_5928_0_7.jpg"", ""https://xcimg.szwego.com/imgHD/c84b2751/20260325/cmp_i1774424406472_9146_0_8.jpg""]"
_dt7rST1U_-AX4wQgoyPTQ8UwvWWtUpnTqjMceTQ;;Loro Piana 最新 Soho 2.0 Walk男士运动鞋！这款Soho 2.0Walk运动鞋将舒适触感与运动风格精妙融合，采用粒纹绒面革制作而成，这种天鹅绒般柔软的皮革具有蜜桃般的柔软触感和细腻光泽。加长鞋带设计搭配鞋头和侧面的立体加固结构，兼具韧性与格调。同色系Wish® Flex羊毛混纺嵌饰带来轻柔弹性，便于穿脱，与轻盈的鞋底相得益彰。 鞋面：意大利牛反绒、羊毛混纺 内里：意大利牛皮里 大底：TPU 模具大底 size：39～46 P 65.0;0;;mxyz80e9uti03ia;;Для женщин;"[""https://xcimg.szwego.com/imgHD/c84b2751/20260325/cmp_i1774424108585_1157_0_0.jpg"", ""https://xcimg.szwego.com/imgHD/c84b2751/20260325/cmp_i1774424089529_4666_0_1.jpg"", ""https://xcimg.szwego.com/imgHD/c84b2751/20260325/cmp_i1774424089295_1515_0_2.jpg"", ""https://xcimg.szwego.com/imgHD/c84b2751/20260325/cmp_i1774424108592_8877_0_3.jpg"", ""https://xcimg.szwego.com/imgHD/c84b2751/20260325/cmp_i1774424089044_4530_0_4.jpg"", ""https://xcimg.szwego.com/imgHD/c84b2751/20260325/cmp_i1774424089313_1383_0_5.jpg"", ""https://xcimg.szwego.com/imgHD/c84b2751/20260325/cmp_i1774424089044_9089_0_6.jpg"", ""https://xcimg.szwego.com/imgHD/c84b2751/20260325/cmp_i1774424108446_7543_0_7.jpg"", ""https://xcimg.szwego.com/imgHD/c84b2751/20260325/cmp_i1774424108447_8938_0_8.jpg""]"
_dnyrSo4V50YarzyU3lKwGyfNznMNBQoQNu0U4yw;;Loro Piana 最新 Soho 2.0 Walk男士运动鞋！这款Soho 2.0Walk运动鞋将舒适触感与运动风格精妙融合，采用粒纹绒面革制作而成，这种天鹅绒般柔软的皮革具有蜜桃般的柔软触感和细腻光泽。加长鞋带设计搭配鞋头和侧面的立体加固结构，兼具韧性与格调。同色系Wish® Flex羊毛混纺嵌饰带来轻柔弹性，便于穿脱，与轻盈的鞋底相得益彰。 鞋面：意大利牛反绒、羊毛混纺 内里：意大利牛皮里 大底：TPU 模具大底 size：39～46 P 65.0;0;;mxyz80e9uti03ia;;Для женщин;"[""https://xcimg.szwego.com/imgHD/c84b2751/20260325/cmp_i1774423738879_2668_0_0.jpg"", ""https://xcimg.szwego.com/imgHD/c84b2751/20260325/cmp_i1774423721928_9803_0_1.jpg"", ""https://xcimg.szwego.com/imgHD/c84b2751/20260325/cmp_i1774423721872_4730_0_2.jpg"", ""https://xcimg.szwego.com/imgHD/c84b2751/20260325/cmp_i1774423739096_7078_0_3.jpg"", ""https://xcimg.szwego.com/imgHD/c84b2751/20260325/cmp_i1774423721749_2409_0_4.jpg"", ""https://xcimg.szwego.com/imgHD/c84b2751/20260325/cmp_i1774423721749_3010_0_5.jpg"", ""https://xcimg.szwego.com/imgHD/c84b2751/20260325/cmp_i1774423738890_3298_0_6.jpg"", ""https://xcimg.szwego.com/imgHD/c84b2751/20260325/cmp_i1774423721749_9774_0_7.jpg"", ""https://xcimg.szwego.com/imgHD/c84b2751/20260325/cmp_i1774423738661_6715_0_8.jpg""]"
_dixrSekX4m3Sy6HMsTeMlkIIUNANL1gGdtQxZPA;;Chanel 中古山茶花拖鞋！经典黑白配色，搭配山茶花标志设计，低调又精致！ 鞋面：意大利小羊皮 内里：进口混种羊皮 大底：意大利 A 级真皮底 size：35～40 P 35.0;0;;mxyz80e9uti03ia;;Для женщин;"[""https://xcimg.szwego.com/imgHD/c84b2751/20260430/cmp_i1777545796455_1664_0_0.jpg"", ""https://xcimg.szwego.com/imgHD/c84b2751/20260430/cmp_i1777545796183_6840_0_1.jpg"", ""https://xcimg.szwego.com/imgHD/c84b2751/20260430/cmp_i1777545796194_8790_0_2.jpg"", ""https://xcimg.szwego.com/imgHD/c84b2751/20260430/cmp_i1777545814733_9414_0_3.jpg"", ""https://xcimg.szwego.com/imgHD/c84b2751/20260430/cmp_i1777545796183_740_0_4.jpg"", ""https://xcimg.szwego.com/imgHD/c84b2751/20260430/cmp_i1777545814744_9055_0_5.jpg"", ""https://xcimg.szwego.com/imgHD/c84b2751/20260430/cmp_i1777545796183_8131_0_6.jpg"", ""https://xcimg.szwego.com/imgHD/c84b2751/20260430/cmp_i1777545814942_1536_0_7.jpg"", ""https://xcimg.szwego.com/imgHD/c84b2751/20260430/cmp_i1777545814938_5116_0_8.jpg""]"
_deArSX3vXykj7bGVVJP2KgBlmq2GqTKh0I1kWgQ;;Chanel 26S新款黑金拼色凉鞋！经典双 C 标志设计，搭配小方头，主要一个时髦单品！ 鞋面：双层荔枝纹高光贴膜羊皮/羊反绒 内里：全粒面贴膜羊皮里 大底：意大利 A 级真皮底 size：35～40 P 47.0;0;;mxyz80e9uti03ia;;Для женщин;"[""https://xcimg.szwego.com/imgHD/c84b2751/20260429/cmp_i1777455581528_4703_0_0.jpg"", ""https://xcimg.szwego.com/imgHD/c84b2751/20260429/cmp_i1777455560481_9511_0_1.jpg"", ""https://xcimg.szwego.com/imgHD/c84b2751/20260429/cmp_i1777455560484_2980_0_2.jpg"", ""https://xcimg.szwego.com/imgHD/c84b2751/20260429/cmp_i1777455581518_590_0_3.jpg"", ""https://xcimg.szwego.com/imgHD/c84b2751/20260429/cmp_i1777455560392_6666_0_4.jpg"", ""https://xcimg.szwego.com/imgHD/c84b2751/20260429/cmp_i1777455560393_7105_0_8.jpg"", ""https://xcimg.szwego.com/imgHD/c84b2751/20260429/cmp_i1777455560393_749_0_5.jpg"", ""https://xcimg.szwego.com/imgHD/c84b2751/20260429/cmp_i1777455581300_3254_0_6.jpg"", ""https://xcimg.szwego.com/imgHD/c84b2751/20260429/cmp_i1777455581306_4557_0_7.jpg""]"
_dEOrS0700dUfjtY9ItSGFc2HbMW06KggD0GzfJA;;Dior 最新款 Ribbon 运动鞋，以复古德训鞋为画布，用拼色与织带书写当代女性的自由与精致！ 鞋面：意大利牛反绒/牛皮 内里：意大利混种羊皮 大底：TPU 模具大底 size：35～40 P 42.0;0;;mxyz80e9uti03ia;;Для женщин;"[""https://xcimg.szwego.com/imgHD/c84b2751/20260429/cmp_i1777460012412_6699_0_0.jpg"", ""https://xcimg.szwego.com/imgHD/c84b2751/20260429/cmp_i1777460033457_7352_0_1.jpg"", ""https://xcimg.szwego.com/imgHD/c84b2751/20260429/cmp_i1777460033454_2931_0_2.jpg"", ""https://xcimg.szwego.com/imgHD/c84b2751/20260429/cmp_i1777460012199_8377_0_3.jpg"", ""https://xcimg.szwego.com/imgHD/c84b2751/20260429/cmp_i1777460012197_5426_0_4.jpg"", ""https://xcimg.szwego.com/imgHD/c84b2751/20260429/cmp_i1777460033261_4601_0_5.jpg"", ""https://xcimg.szwego.com/imgHD/c84b2751/20260429/cmp_i1777460012405_9187_0_6.jpg"", ""https://xcimg.szwego.com/imgHD/c84b2751/20260429/cmp_i1777460012203_4346_0_7.jpg"", ""https://xcimg.szwego.com/imgHD/c84b2751/20260429/cmp_i1777460033257_5655_0_8.jpg""]"
_dqZrS0PLsH97VYK8vRjPNPKCcBWccpiXkgdjO1A;;Dior 最新款 Ribbon 运动鞋，以复古德训鞋为画布，用拼色与织带书写当代女性的自由与精致！ 鞋面：意大利牛反绒/牛皮 内里：意大利混种羊皮 大底：TPU 模具大底 size：35～40 P 42.0;0;;mxyz80e9uti03ia;;Для женщин;"[""https://xcimg.szwego.com/imgHD/c84b2751/20260429/cmp_i1777459477373_2055_0_0.jpg"", ""https://xcimg.szwego.com/imgHD/c84b2751/20260429/cmp_i1777459498565_645_0_1.jpg"", ""https://xcimg.szwego.com/imgHD/c84b2751/20260429/cmp_i1777459477360_8715_0_2.jpg"", ""https://xcimg.szwego.com/imgHD/c84b2751/20260429/cmp_i1777459498385_956_0_3.jpg"", ""https://xcimg.szwego.com/imgHD/c84b2751/20260429/cmp_i1777459498391_1195_0_4.jpg"", ""https://xcimg.szwego.com/imgHD/c84b2751/20260429/cmp_i1777459498382_9355_0_5.jpg"", ""https://xcimg.szwego.com/imgHD/c84b2751/20260429/cmp_i1777459477244_1732_0_6.jpg"", ""https://xcimg.szwego.com/imgHD/c84b2751/20260429/cmp_i1777459477244_7397_0_7.jpg"", ""https://xcimg.szwego.com/imgHD/c84b2751/20260429/cmp_i1777459477244_5010_0_8.jpg""]"
_dinrSg66SYTs5shocGDTKt9_cffVv_P0Lpq8Zbg;;Lv trainer 低帮运动鞋！超火爆款！ 鞋面采用定制牛皮革，质感超好！内里垫脚聚米微料加透气英伦网布！TPU组合大底！ size：39～45 P 54.0;0;;mxyz80e9uti03ia;;Для женщин;"[""https://xcimg.szwego.com/imgHD/c84b2751/20260428/cmp_i1777326298299_2350_0_0.jpg"", ""https://xcimg.szwego.com/imgHD/c84b2751/20260428/cmp_i1777326286653_516_0_1.jpg"", ""https://xcimg.szwego.com/imgHD/c84b2751/20260428/cmp_i1777326286620_2545_0_2.jpg"", ""https://xcimg.szwego.com/imgHD/c84b2751/20260428/cmp_i1777326286623_4661_0_3.jpg"", ""https://xcimg.szwego.com/imgHD/c84b2751/20260428/cmp_i1777326302162_9593_0_4.jpg"", ""https://xcimg.szwego.com/imgHD/c84b2751/20260428/cmp_i1777326286622_4860_0_5.jpg"", ""https://xcimg.szwego.com/imgHD/c84b2751/20260428/cmp_i1777326286633_5730_0_6.jpg"", ""https://xcimg.szwego.com/imgHD/c84b2751/20260428/cmp_i1777326302163_4088_0_7.jpg"", ""https://xcimg.szwego.com/imgHD/c84b2751/20260428/cmp_i1777326298273_1723_0_8.jpg""]"
_dmGrSymTux0eivja8-1Mk4Dop3s36vBFrGGBb_g;;Lv trainer 低帮运动鞋！超火爆款！ 鞋面采用定制牛皮革，质感超好！内里垫脚聚米微料加透气英伦网布！TPU组合大底！ size：39～45 P 54.0;0;;mxyz80e9uti03ia;;Для женщин;"[""https://xcimg.szwego.com/imgHD/c84b2751/20260428/cmp_i1777325997213_2059_0_0.jpg"", ""https://xcimg.szwego.com/imgHD/c84b2751/20260428/cmp_i1777325997182_6138_0_1.jpg"", ""https://xcimg.szwego.com/imgHD/c84b2751/20260428/cmp_i1777325997247_597_0_2.jpg"", ""https://xcimg.szwego.com/imgHD/c84b2751/20260428/cmp_i1777325997172_398_0_8.jpg"", ""https://xcimg.szwego.com/imgHD/c84b2751/20260428/cmp_i1777326005910_3835_0_3.jpg"", ""https://xcimg.szwego.com/imgHD/c84b2751/20260428/cmp_i1777326006420_4789_0_4.jpg"", ""https://xcimg.szwego.com/imgHD/c84b2751/20260428/cmp_i1777325997207_4578_0_5.jpg"", ""https://xcimg.szwego.com/imgHD/c84b2751/20260428/cmp_i1777326006417_9896_0_6.jpg"", ""https://xcimg.szwego.com/imgHD/c84b2751/20260428/cmp_i1777326006411_328_0_7.jpg""]"
_dtyrSOnPMMjk9XLfeJHrDmnt-xNH0MtyeBBMF8Q;;CHANEL 26C春夏链条粗跟凉鞋，黑色漆皮搭配金属链条，简约又精致！包头后空设计，穿脱方便！ 鞋面：意大利进口牛皮 内里：混种羊皮里 大底：意大利 A 级真皮底 跟高：9cm 左右 size：35～41 P 49.0;0;;mxyz80e9uti03ia;;Для женщин;"[""https://xcimg.szwego.com/imgHD/c84b2751/20260428/cmp_i1777385947062_8012_0_0.jpg"", ""https://xcimg.szwego.com/imgHD/c84b2751/20260428/cmp_i1777385946919_5694_0_1.jpg"", ""https://xcimg.szwego.com/imgHD/c84b2751/20260428/cmp_i1777385946894_5420_0_2.jpg"", ""https://xcimg.szwego.com/imgHD/c84b2751/20260428/cmp_i1777385967613_8343_0_3.jpg"", ""https://xcimg.szwego.com/imgHD/c84b2751/20260428/cmp_i1777385967609_5189_0_4.jpg"", ""https://xcimg.szwego.com/imgHD/c84b2751/20260428/cmp_i1777385946893_4429_0_5.jpg"", ""https://xcimg.szwego.com/imgHD/c84b2751/20260428/cmp_i1777385967609_1701_0_6.jpg"", ""https://xcimg.szwego.com/imgHD/c84b2751/20260428/cmp_i1777385967609_2080_0_7.jpg"", ""https://xcimg.szwego.com/imgHD/c84b2751/20260428/cmp_i1777385946892_5227_0_8.jpg""]"
_dcYrS1X2iJvudv_mT1v2FdeEGcLOK6ONfmbODsQ;;CHANEL 26C春夏链条粗跟凉鞋，黑色漆皮搭配金属链条，简约又精致！包头后空设计，穿脱方便！ 鞋面：意大利进口牛皮 内里：混种羊皮里 大底：意大利 A 级真皮底 跟高：9cm 左右 size：35～41 P 49.0;0;;mxyz80e9uti03ia;;Для женщин;"[""https://xcimg.szwego.com/imgHD/c84b2751/20260428/cmp_i1777384625852_8198_0_0.jpg"", ""https://xcimg.szwego.com/imgHD/c84b2751/20260428/cmp_i1777384604618_4934_0_1.jpg"", ""https://xcimg.szwego.com/imgHD/c84b2751/20260428/cmp_i1777384625690_4672_0_2.jpg"", ""https://xcimg.szwego.com/imgHD/c84b2751/20260428/cmp_i1777384604618_1843_0_3.jpg"", ""https://xcimg.szwego.com/imgHD/c84b2751/20260428/cmp_i1777384604618_6275_0_4.jpg"", ""https://xcimg.szwego.com/imgHD/c84b2751/20260428/cmp_i1777384625698_2955_0_5.jpg"", ""https://xcimg.szwego.com/imgHD/c84b2751/20260428/cmp_i1777384604618_5058_0_6.jpg"", ""https://xcimg.szwego.com/imgHD/c84b2751/20260428/cmp_i1777384625700_8391_0_7.jpg"", ""https://xcimg.szwego.com/imgHD/c84b2751/20260428/cmp_i1777384604618_5661_0_8.jpg""]"
_dnjrSHJYaORI9Dv6v_K_ZZWTTZLwd7Lx-7fDHPg;;Miumiu 新款褶饰 Nappa 羊皮革渔夫凉鞋，这款凉鞋采用意大利植鞣水染绵羊皮，皮面质感细腻柔软！定制水染绵羊皮内里，舒适透气！TPU 模具大底！百搭又有调性，无比显瘦，质感满分！ size：35～40 P 40.0;0;;mxyz80e9uti03ia;;Для женщин;"[""https://xcimg.szwego.com/imgHD/c84b2751/20260428/cmp_i1777326708087_3593_0_0.jpg"", ""https://xcimg.szwego.com/imgHD/c84b2751/20260428/cmp_i1777326708126_7387_0_1.jpg"", ""https://xcimg.szwego.com/imgHD/c84b2751/20260428/cmp_i1777326708119_6021_0_2.jpg"", ""https://xcimg.szwego.com/imgHD/c84b2751/20260428/cmp_i1777326712164_5071_0_3.jpg"", ""https://xcimg.szwego.com/imgHD/c84b2751/20260428/cmp_i1777326708042_6514_0_4.jpg"", ""https://xcimg.szwego.com/imgHD/c84b2751/20260428/cmp_i1777326708061_3210_0_5.jpg"", ""https://xcimg.szwego.com/imgHD/c84b2751/20260428/cmp_i1777326711598_6229_0_6.jpg"", ""https://xcimg.szwego.com/imgHD/c84b2751/20260428/cmp_i1777326712178_2427_0_7.jpg"", ""https://xcimg.szwego.com/imgHD/c84b2751/20260428/cmp_i1777326712196_2864_0_8.jpg""]"
_dtXrS0THrUMmqhjIi6tJA7tjT7AS4u89mU9LVLw;;Miumiu 新款褶饰 Nappa 羊皮革渔夫凉鞋，这款凉鞋采用意大利植鞣水染绵羊皮，皮面质感细腻柔软！定制水染绵羊皮内里，舒适透气！TPU 模具大底！百搭又有调性，无比显瘦，质感满分！ size：35～40 P 40.0;0;;mxyz80e9uti03ia;;Для женщин;"[""https://xcimg.szwego.com/imgHD/c84b2751/20260428/cmp_i1777326547720_3480_0_0.jpg"", ""https://xcimg.szwego.com/imgHD/c84b2751/20260428/cmp_i1777326533627_8273_0_1.jpg"", ""https://xcimg.szwego.com/imgHD/c84b2751/20260428/cmp_i1777326547710_8684_0_2.jpg"", ""https://xcimg.szwego.com/imgHD/c84b2751/20260428/cmp_i1777326533196_6857_0_3.jpg"", ""https://xcimg.szwego.com/imgHD/c84b2751/20260428/cmp_i1777326547685_796_0_4.jpg"", ""https://xcimg.szwego.com/imgHD/c84b2751/20260428/cmp_i1777326532705_4135_0_5.jpg"", ""https://xcimg.szwego.com/imgHD/c84b2751/20260428/cmp_i1777326547412_1060_0_6.jpg"", ""https://xcimg.szwego.com/imgHD/c84b2751/20260428/cmp_i1777326532705_5557_0_7.jpg"", ""https://xcimg.szwego.com/imgHD/c84b2751/20260428/cmp_i1777326533132_9389_0_8.jpg""]"
_dkyrSEcmmBpCX3K-eAem9rt5XmAq3ejVDoS1cxQ;;Chanel 26S 最新款熊猫配色饼干鞋！春日氛围感天花板一眼沦陷的高级质感配色，搭配低调的黑色双C怎么搭都不出错！ 鞋面：进口麂皮/帆布面料 内里：进口莱卡网布 大底：TPU 模具大底 size：35～40 P 45.0;0;;mxyz80e9uti03ia;;Для женщин;"[""https://xcimg.szwego.com/imgHD/c84b2751/20260428/cmp_i1777325318714_7319_0_0.jpg"", ""https://xcimg.szwego.com/imgHD/c84b2751/20260428/cmp_i1777325318710_6480_0_1.jpg"", ""https://xcimg.szwego.com/imgHD/c84b2751/20260428/cmp_i1777325318708_3002_0_2.jpg"", ""https://xcimg.szwego.com/imgHD/c84b2751/20260428/cmp_i1777325338770_1536_0_3.jpg"", ""https://xcimg.szwego.com/imgHD/c84b2751/20260428/cmp_i1777325338770_1369_0_4.jpg"", ""https://xcimg.szwego.com/imgHD/c84b2751/20260428/cmp_i1777325338776_7607_0_5.jpg"", ""https://xcimg.szwego.com/imgHD/c84b2751/20260428/cmp_i1777325318707_5464_0_6.jpg"", ""https://xcimg.szwego.com/imgHD/c84b2751/20260428/cmp_i1777325318280_1905_0_7.jpg"", ""https://xcimg.szwego.com/imgHD/c84b2751/20260428/cmp_i1777325338762_6473_0_8.jpg""]"
_dsnrSoTHMt2q7fpLKI9cT1dCx8Cg-G8hrDcmm-A;;Chanel 26S 最新款熊猫配色饼干鞋！春日氛围感天花板一眼沦陷的高级质感配色，搭配低调的黑色双C怎么搭都不出错！ 鞋面：进口麂皮/帆布面料 内里：进口莱卡网布 大底：TPU 模具大底 size：35～40 P 45.0;0;;mxyz80e9uti03ia;;Для женщин;"[""https://xcimg.szwego.com/imgHD/c84b2751/20260428/cmp_i1777324695555_16_0_0.jpg"", ""https://xcimg.szwego.com/imgHD/c84b2751/20260428/cmp_i1777324695552_6489_0_6.jpg"", ""https://xcimg.szwego.com/imgHD/c84b2751/20260428/cmp_i1777324695543_9977_0_1.jpg"", ""https://xcimg.szwego.com/imgHD/c84b2751/20260428/cmp_i1777324695546_64_0_2.jpg"", ""https://xcimg.szwego.com/imgHD/c84b2751/20260428/cmp_i1777324695543_7620_0_3.jpg"", ""https://xcimg.szwego.com/imgHD/c84b2751/20260428/cmp_i1777324715416_3430_0_4.jpg"", ""https://xcimg.szwego.com/imgHD/c84b2751/20260428/cmp_i1777324715424_4160_0_5.jpg"", ""https://xcimg.szwego.com/imgHD/c84b2751/20260428/cmp_i1777324715423_3407_0_7.jpg"", ""https://xcimg.szwego.com/imgHD/c84b2751/20260428/cmp_i1777324715420_31_0_8.jpg""]"
_duHrS81wKgw7gTFIzs_c6yji9SaHlIHPOrWu6Qg;;CHANEL 26S春夏轻奢双C人字拖！金色款采用进口裂纹覆膜小牛皮，呈现高级金属光泽，贵气十足！ 鞋面：定制爆裂纹金属羊皮 五金：定做双C 扣（质感超好） 大底： TPU 模具底 size：35～41 P 39.0;0;;mxyz80e9uti03ia;;Для женщин;"[""https://xcimg.szwego.com/imgHD/c84b2751/20260427/cmp_i1777295133533_2407_0_0.jpg"", ""https://xcimg.szwego.com/imgHD/c84b2751/20260427/cmp_i1777295149742_2725_0_1.jpg"", ""https://xcimg.szwego.com/imgHD/c84b2751/20260427/cmp_i1777295149758_3233_0_2.jpg"", ""https://xcimg.szwego.com/imgHD/c84b2751/20260427/cmp_i1777295133281_955_0_3.jpg"", ""https://xcimg.szwego.com/imgHD/c84b2751/20260427/cmp_i1777295133282_3278_0_4.jpg"", ""https://xcimg.szwego.com/imgHD/c84b2751/20260427/cmp_i1777295133119_906_0_5.jpg"", ""https://xcimg.szwego.com/imgHD/c84b2751/20260427/cmp_i1777295133558_5093_0_6.jpg"", ""https://xcimg.szwego.com/imgHD/c84b2751/20260427/cmp_i1777295149961_9166_0_7.jpg"", ""https://xcimg.szwego.com/imgHD/c84b2751/20260427/cmp_i1777295149502_7171_0_8.jpg""]"
_djgrSXRQeaia_iTRxIEvWTxO00K1Ge2m8CrORSw;;Chanel 经典沙滩凉鞋！独家定制进口材料，意大利A级真皮的！超百搭款式，夏天选择它就没错啦！做工细节，所见即所得，随意对比市面版本！ size：35～41 P 46.0;0;;mxyz80e9uti03ia;;Для женщин;"[""https://xcimg.szwego.com/img/c84b2751/20250705/i1751652616509_4024_0_0.jpg"", ""https://xcimg.szwego.com/img/c84b2751/20250705/i1751652616458_3914_0_1.jpg"", ""https://xcimg.szwego.com/img/c84b2751/20250705/i1751652614529_8880_0_2.jpg"", ""https://xcimg.szwego.com/img/c84b2751/20250705/i1751652614529_6733_0_3.jpg"", ""https://xcimg.szwego.com/img/c84b2751/20250705/i1751652614529_4668_0_4.jpg"", ""https://xcimg.szwego.com/img/c84b2751/20250705/i1751652616499_2746_0_5.jpg"", ""https://xcimg.szwego.com/img/c84b2751/20250705/i1751652614529_7654_0_6.jpg"", ""https://xcimg.szwego.com/img/c84b2751/20250705/i1751652616016_2210_0_7.jpg"", ""https://xcimg.szwego.com/img/c84b2751/20250705/i1751652616496_2550_0_8.jpg""]"
_dp2rSGs6IRmdkdLwiuMF0xxmrq63qniD_qz1Tgg;;Chanel 25B 厚底魔术贴沙滩凉鞋！魔术贴一字带很修饰脚型，鞋帮收肉显瘦效果很好，双钻双C扣装饰时髦度拉满！原版材料定制鞋面，独家五金 logo 饰扣！zp开模超轻 EVA 大底！ size：35～40 P 46.0;0;;mxyz80e9uti03ia;;Для женщин;"[""https://xcimg.szwego.com/imgHD/c84b2751/20260116/cmp_i1768562534829_593_0_0.jpg"", ""https://xcimg.szwego.com/imgHD/c84b2751/20260116/cmp_i1768562527576_941_0_1.jpg"", ""https://xcimg.szwego.com/imgHD/c84b2751/20260116/cmp_i1768562534839_7344_0_2.jpg"", ""https://xcimg.szwego.com/imgHD/c84b2751/20260116/cmp_i1768562534832_8826_0_3.jpg"", ""https://xcimg.szwego.com/imgHD/c84b2751/20260116/cmp_i1768562534834_616_0_4.jpg"", ""https://xcimg.szwego.com/imgHD/c84b2751/20260116/cmp_i1768562527571_3616_0_5.jpg"", ""https://xcimg.szwego.com/imgHD/c84b2751/20260116/cmp_i1768562527571_1098_0_6.jpg"", ""https://xcimg.szwego.com/imgHD/c84b2751/20260116/cmp_i1768562527571_700_0_7.jpg"", ""https://xcimg.szwego.com/imgHD/c84b2751/20260116/cmp_i1768562527571_970_0_8.jpg""]"
_dqprSFGdbPbMVSeQX2u-7e8Ak3lslcC3OLCno_Q;;Chanel 25B 厚底魔术贴沙滩凉鞋！魔术贴一字带很修饰脚型，鞋帮收肉显瘦效果很好，双钻双C扣装饰时髦度拉满！原版材料定制鞋面，独家五金 logo 饰扣！zp开模超轻 EVA 大底！ size：35～40 P 46.0;0;;mxyz80e9uti03ia;;Для женщин;"[""https://xcimg.szwego.com/imgHD/c84b2751/20260116/cmp_i1768562298363_1682_0_0.jpg"", ""https://xcimg.szwego.com/imgHD/c84b2751/20260116/cmp_i1768562308526_444_0_1.jpg"", ""https://xcimg.szwego.com/imgHD/c84b2751/20260116/cmp_i1768562308371_4792_0_2.jpg"", ""https://xcimg.szwego.com/imgHD/c84b2751/20260116/cmp_i1768562298363_1544_0_3.jpg"", ""https://xcimg.szwego.com/imgHD/c84b2751/20260116/cmp_i1768562298363_1979_0_9.jpg"", ""https://xcimg.szwego.com/imgHD/c84b2751/20260116/cmp_i1768562308350_5632_0_4.jpg"", ""https://xcimg.szwego.com/imgHD/c84b2751/20260116/cmp_i1768562308367_7245_0_5.jpg"", ""https://xcimg.szwego.com/imgHD/c84b2751/20260116/cmp_i1768562308361_3063_0_6.jpg"", ""https://xcimg.szwego.com/imgHD/c84b2751/20260116/cmp_i1768562298362_6826_0_7.jpg""]"
_dsprSmvLF9kj3lWg5WxAZy5pQ9P2QgGOphDLl3A;;Chanel 经典沙滩凉鞋！独家定制进口材料，意大利A级真皮的！超百搭款式，夏天选择它就没错啦！做工细节，所见即所得，随意对比市面版本！ size：35～41 P 52.0;0;;mxyz80e9uti03ia;;Для женщин;"[""https://xcimg.szwego.com/img/c84b2751/20240504/i1714832055_6288_1.jpg"", ""https://xcimg.szwego.com/img/c84b2751/20240504/i1714832056_5051_7.jpg"", ""https://xcimg.szwego.com/img/c84b2751/20240504/i1714832056_1977_5.jpg"", ""https://xcimg.szwego.com/img/c84b2751/20240504/i1714832055_4163_0.jpg"", ""https://xcimg.szwego.com/img/c84b2751/20240504/i1714832056_6621_6.jpg"", ""https://xcimg.szwego.com/img/c84b2751/20240504/i1714832055_1457_2.jpg"", ""https://xcimg.szwego.com/img/c84b2751/20240504/i1714832056_7163_8.jpg"", ""https://xcimg.szwego.com/img/c84b2751/20240504/i1714832056_469_3.jpg"", ""https://xcimg.szwego.com/img/c84b2751/20240504/i1714832056_8339_4.jpg""]"
_dxNrSE-RHTSR1Qu3v7Oft56rKkjvM7PP-A2ruRQ;;Chanel 经典款沙滩拖鞋！独家定制进口油蜡皮材质，意大利进口 A级真皮的！超百搭款式，夏天选择它就没错啦！做工细节，所见即所得，随意对比市面版本！ size：35～41 P 50.0;0;;mxyz80e9uti03ia;;Для женщин;"[""https://xcimg.szwego.com/img/c84b2751/20240426/i1714127143_3224_3.jpg"", ""https://xcimg.szwego.com/img/c84b2751/20240426/i1714127143_982_6.jpg"", ""https://xcimg.szwego.com/img/c84b2751/20240426/i1714127143_8051_7.jpg"", ""https://xcimg.szwego.com/img/c84b2751/20240426/i1714127143_9809_5.jpg"", ""https://xcimg.szwego.com/img/c84b2751/20240426/i1714127143_9410_2.jpg"", ""https://xcimg.szwego.com/img/c84b2751/20240426/i1714127143_9272_1.jpg"", ""https://xcimg.szwego.com/img/c84b2751/20240426/i1714127143_716_4.jpg"", ""https://xcimg.szwego.com/img/c84b2751/20240426/i1714127143_6601_8.jpg"", ""https://xcimg.szwego.com/img/c84b2751/20240426/i1714127143_5304_0.jpg""]"
_d9prShZ0lYvbmV0VTHw2eUB8M2CDQJibSCNd-UA;;Chanel 经典款沙滩拖鞋！独家定制进口羊皮材质，意大利进口 A级真皮的！超百搭款式，夏天选择它就没错啦！做工细节，所见即所得，随意对比市面版本！ size：35～41 P 50.0;0;;mxyz80e9uti03ia;;Для женщин;"[""https://xcimg.szwego.com/img/c84b2751/20240426/i1714127087_4382_6.jpg"", ""https://xcimg.szwego.com/img/c84b2751/20240426/i1714127087_3978_3.jpg"", ""https://xcimg.szwego.com/img/c84b2751/20240426/i1714127087_4026_1.jpg"", ""https://xcimg.szwego.com/img/c84b2751/20240426/i1714127087_7316_5.jpg"", ""https://xcimg.szwego.com/img/c84b2751/20240426/i1714127087_6596_7.jpg"", ""https://xcimg.szwego.com/img/c84b2751/20240426/i1714127087_6825_8.jpg"", ""https://xcimg.szwego.com/img/c84b2751/20240426/i1714127087_6905_0.jpg"", ""https://xcimg.szwego.com/img/c84b2751/20240426/i1714127087_2399_4.jpg"", ""https://xcimg.szwego.com/img/c84b2751/20240426/i1714127087_5670_2.jpg""]"
_dl6rSxJz1KsW9hqehHy-0w8A74DzPyamBFkxVlw;;Chanel 经典款沙滩凉鞋！独家定制进口油蜡小牛皮材质，意大利进口A级真皮的！超百搭款式，夏天选择它就没错啦！做工细节，所见即所得，随意对比市面版本！ size：35～41 P 53.0;0;;mxyz80e9uti03ia;;Для женщин;"[""https://xcimg.szwego.com/img/c84b2751/20250406/i1743880397798_7506_0_0.jpg"", ""https://xcimg.szwego.com/img/c84b2751/20250406/i1743880397831_1999_0_1.jpg"", ""https://xcimg.szwego.com/img/c84b2751/20250406/i1743880397834_1158_0_2.jpg"", ""https://xcimg.szwego.com/img/c84b2751/20250406/i1743880400230_9490_0_3.jpg"", ""https://xcimg.szwego.com/img/c84b2751/20250406/i1743880400237_6148_0_4.jpg"", ""https://xcimg.szwego.com/img/c84b2751/20250406/i1743880400227_2936_0_5.jpg"", ""https://xcimg.szwego.com/img/c84b2751/20250406/i1743880397820_290_0_6.jpg"", ""https://xcimg.szwego.com/img/c84b2751/20250406/i1743880397846_9850_0_7.jpg"", ""https://xcimg.szwego.com/img/c84b2751/20250406/i1743880400210_7304_0_8.jpg""]"
_d9KrSJcbh8WQ5-ssdF5gw7twjrB6edC5Vn-emPQ;;Chanel 经典款沙滩凉鞋！独家定制进口油蜡小牛皮材质，意大利进口A级真皮的！超百搭款式，夏天选择它就没错啦！做工细节，所见即所得，随意对比市面版本！ size：35～41 P 53.0;0;;mxyz80e9uti03ia;;Для женщин;"[""https://xcimg.szwego.com/img/c84b2751/20250406/i1743879492080_3154_0_0.jpg"", ""https://xcimg.szwego.com/img/c84b2751/20250406/i1743879494164_5241_0_1.jpg"", ""https://xcimg.szwego.com/img/c84b2751/20250406/i1743879492086_5117_0_2.jpg"", ""https://xcimg.szwego.com/img/c84b2751/20250406/i1743879494152_2297_0_3.jpg"", ""https://xcimg.szwego.com/img/c84b2751/20250406/i1743879494145_7635_0_4.jpg"", ""https://xcimg.szwego.com/img/c84b2751/20250406/i1743879492073_5682_0_5.jpg"", ""https://xcimg.szwego.com/img/c84b2751/20250406/i1743879494151_277_0_6.jpg"", ""https://xcimg.szwego.com/img/c84b2751/20250406/i1743879492087_8524_0_7.jpg"", ""https://xcimg.szwego.com/img/c84b2751/20250406/i1743879492059_3922_0_8.jpg""]"
_dmVrSoHPW2W_9tSfsLxznVxdUC00ARPsQ2lXs3g;;Chanel 经典款沙滩拖鞋！独家定制进口油蜡小牛皮材质，意大利进口A级真皮的！超百搭款式，夏天选择它就没错啦！做工细节，所见即所得，随意对比市面版本！ size：35～41 P 51.0;0;;mxyz80e9uti03ia;;Для женщин;"[""https://xcimg.szwego.com/img/c84b2751/20250406/i1743878460852_8787_0_0.jpg"", ""https://xcimg.szwego.com/img/c84b2751/20250406/i1743878460852_8152_0_1.jpg"", ""https://xcimg.szwego.com/img/c84b2751/20250406/i1743878466552_4216_0_2.jpg"", ""https://xcimg.szwego.com/img/c84b2751/20250406/i1743878466552_6532_0_3.jpg"", ""https://xcimg.szwego.com/img/c84b2751/20250406/i1743878460852_6248_0_4.jpg"", ""https://xcimg.szwego.com/img/c84b2751/20250406/i1743878466556_5550_0_5.jpg"", ""https://xcimg.szwego.com/img/c84b2751/20250406/i1743878466536_3941_0_6.jpg"", ""https://xcimg.szwego.com/img/c84b2751/20250406/i1743878460852_9543_0_7.jpg"", ""https://xcimg.szwego.com/img/c84b2751/20250406/i1743878460852_5513_0_8.jpg""]"
_dxNrSE-RHTSV1Qu_v7e3q4KzPlz_N7PP-A2ruRQ;;Chanel 经典款沙滩拖鞋！独家定制进口油蜡小牛皮材质，意大利进口A级真皮的！超百搭款式，夏天选择它就没错啦！做工细节，所见即所得，随意对比市面版本！ size：35～41 P 51.0;0;;mxyz80e9uti03ia;;Для женщин;"[""https://xcimg.szwego.com/img/c84b2751/20250406/i1743879144427_7546_0_0.jpg"", ""https://xcimg.szwego.com/img/c84b2751/20250406/i1743879144418_8282_0_1.jpg"", ""https://xcimg.szwego.com/img/c84b2751/20250406/i1743879147193_9266_0_2.jpg"", ""https://xcimg.szwego.com/img/c84b2751/20250406/i1743879144456_831_0_3.jpg"", ""https://xcimg.szwego.com/img/c84b2751/20250406/i1743879144411_4692_0_4.jpg"", ""https://xcimg.szwego.com/img/c84b2751/20250406/i1743879147187_851_0_5.jpg"", ""https://xcimg.szwego.com/img/c84b2751/20250406/i1743879147186_5839_0_6.jpg"", ""https://xcimg.szwego.com/img/c84b2751/20250406/i1743879147161_3183_0_7.jpg"", ""https://xcimg.szwego.com/img/c84b2751/20250406/i1743879144405_3382_0_8.jpg""]"
_dcJrSv1LrKe1TOCgLY1AAoJQG_ytJem3l8uIKNQ;;Chanel 经典沙滩凉鞋！独家定制进口材料，意大利A级真皮的！超百搭款式，夏天选择它就没错啦！做工细节，所见即所得，随意对比市面版本！ size：35～41 P 56.0;0;;mxyz80e9uti03ia;;Для женщин;"[""https://xcimg.szwego.com/img/c84b2751/20240504/i1714832233_9232_1.jpg"", ""https://xcimg.szwego.com/img/c84b2751/20240504/i1714832233_721_2.jpg"", ""https://xcimg.szwego.com/img/c84b2751/20240504/i1714832233_7066_5.jpg"", ""https://xcimg.szwego.com/img/c84b2751/20240504/i1714832233_3732_3.jpg"", ""https://xcimg.szwego.com/img/c84b2751/20240504/i1714832233_2126_7.jpg"", ""https://xcimg.szwego.com/img/c84b2751/20240504/i1714832233_7160_0.jpg"", ""https://xcimg.szwego.com/img/c84b2751/20240504/i1714832233_4175_8.jpg"", ""https://xcimg.szwego.com/img/c84b2751/20240504/i1714832233_6301_6.jpg"", ""https://xcimg.szwego.com/img/c84b2751/20240504/i1714832233_9703_4.jpg""]"
_duErSrTvnGNBi7km4UyDZnD_Uo_E1SYpmfWe1XQ;;Chanel 经典沙滩凉鞋！独家定制进口材料，意大利A级真皮的！超百搭款式，夏天选择它就没错啦！做工细节，所见即所得，随意对比市面版本！ size：35～41 P 56.0;0;;mxyz80e9uti03ia;;Для женщин;"[""https://xcimg.szwego.com/img/c84b2751/20240504/i1714832311_8808_5.jpg"", ""https://xcimg.szwego.com/img/c84b2751/20240504/i1714832311_1284_8.jpg"", ""https://xcimg.szwego.com/img/c84b2751/20240504/i1714832311_6193_4.jpg"", ""https://xcimg.szwego.com/img/c84b2751/20240504/i1714832311_3435_7.jpg"", ""https://xcimg.szwego.com/img/c84b2751/20240504/i1714832311_6044_6.jpg"", ""https://xcimg.szwego.com/img/c84b2751/20240504/i1714832311_886_2.jpg"", ""https://xcimg.szwego.com/img/c84b2751/20240504/i1714832311_9652_3.jpg"", ""https://xcimg.szwego.com/img/c84b2751/20240504/i1714832311_3530_0.jpg"", ""https://xcimg.szwego.com/img/c84b2751/20240504/i1714832311_5940_1.jpg""]"
_duHrS81wKgw7gTFIys_Q_xT--SaXjIHPOrWu6Qg;;Maison Margiela MM6 最新款分趾单鞋！tabi玛丽珍，真的太舒服了！一眼就爱上的款式～ 鞋面：意大利柔软全粒面羊皮 内里：意大利小羊皮 大底：意大利真皮底 size：35～40 P 45.0;0;;mxyz80e9uti03ia;;Для женщин;"[""https://xcimg.szwego.com/imgHD/c84b2751/20260426/cmp_i1777215462925_4525_0_0.jpg"", ""https://xcimg.szwego.com/imgHD/c84b2751/20260426/cmp_i1777215445830_2855_0_1.jpg"", ""https://xcimg.szwego.com/imgHD/c84b2751/20260426/cmp_i1777215445808_5639_0_2.jpg"", ""https://xcimg.szwego.com/imgHD/c84b2751/20260426/cmp_i1777215462917_7577_0_3.jpg"", ""https://xcimg.szwego.com/imgHD/c84b2751/20260426/cmp_i1777215445449_1200_0_4.jpg"", ""https://xcimg.szwego.com/imgHD/c84b2751/20260426/cmp_i1777215445463_7716_0_5.jpg"", ""https://xcimg.szwego.com/imgHD/c84b2751/20260426/cmp_i1777215462665_6246_0_6.jpg"", ""https://xcimg.szwego.com/imgHD/c84b2751/20260426/cmp_i1777215445479_2884_0_7.jpg"", ""https://xcimg.szwego.com/imgHD/c84b2751/20260426/cmp_i1777215462648_6336_0_8.jpg""]"
_dhErSY54uwAXCEJKvpW9co50ho4SrhL6SP47iIQ;;Maison Margiela MM6 最新款分趾单鞋！tabi玛丽珍，真的太舒服了！一眼就爱上的款式～ 鞋面：意大利柔软全粒面羊皮 内里：意大利小羊皮 大底：意大利真皮底 size：35～40 P 35.0;0;;mxyz80e9uti03ia;;Для женщин;"[""https://xcimg.szwego.com/imgHD/c84b2751/20260426/cmp_i1777215199069_9147_0_0.jpg"", ""https://xcimg.szwego.com/imgHD/c84b2751/20260426/cmp_i1777215177455_4759_0_1.jpg"", ""https://xcimg.szwego.com/imgHD/c84b2751/20260426/cmp_i1777215199045_860_0_2.jpg"", ""https://xcimg.szwego.com/imgHD/c84b2751/20260426/cmp_i1777215199053_6667_0_3.jpg"", ""https://xcimg.szwego.com/imgHD/c84b2751/20260426/cmp_i1777215177113_2722_0_4.jpg"", ""https://xcimg.szwego.com/imgHD/c84b2751/20260426/cmp_i1777215177112_8782_0_5.jpg"", ""https://xcimg.szwego.com/imgHD/c84b2751/20260426/cmp_i1777215198515_1375_0_6.jpg"", ""https://xcimg.szwego.com/imgHD/c84b2751/20260426/cmp_i1777215177113_8230_0_7.jpg"", ""https://xcimg.szwego.com/imgHD/c84b2751/20260426/cmp_i1777215177193_9435_0_8.jpg""]"
_drXrSeDR975SanAuKxIP9IAHI8TrYsn3cefzBhw;;Dior 春夏季刺绣拖鞋系列！这个系列真的超好看！帆布复古Logo字母刺绣的元素，高密度刺绣工艺，羊皮垫脚，进口意大利真皮大底！ 跟高：1.5/4.5cm size：35～42（40、41、42 可定制不退换） P 32.0;0;;mxyz80e9uti03ia;;Для женщин;"[""https://xcimg.szwego.com/imgHD/c84b2751/20260426/cmp_i1777213180298_8827_0_0.jpg"", ""https://xcimg.szwego.com/imgHD/c84b2751/20260426/cmp_i1777213180322_5862_0_1.jpg"", ""https://xcimg.szwego.com/imgHD/c84b2751/20260426/cmp_i1777213180312_4339_0_2.jpg"", ""https://xcimg.szwego.com/imgHD/c84b2751/20260426/cmp_i1777213193967_5575_0_3.jpg"", ""https://xcimg.szwego.com/imgHD/c84b2751/20260426/cmp_i1777213193952_9872_0_4.jpg"", ""https://xcimg.szwego.com/imgHD/c84b2751/20260426/cmp_i1777213193974_8215_0_5.jpg"", ""https://xcimg.szwego.com/imgHD/c84b2751/20260426/cmp_i1777213193934_2497_0_6.jpg"", ""https://xcimg.szwego.com/imgHD/c84b2751/20260426/cmp_i1777213179884_371_0_7.jpg"", ""https://xcimg.szwego.com/imgHD/c84b2751/20260426/cmp_i1777213180233_4092_0_8.jpg""]"
_dovrSJpCJAnZS38GN3OHOyxe-v8BiEEwMdrNGgQ;;Dior 春夏季刺绣拖鞋系列！这个系列真的超好看！帆布复古Logo字母刺绣的元素，高密度刺绣工艺，羊皮垫脚，进口意大利真皮大底！ 跟高：1.5/4.5cm size：35～42（40、41、42 可定制不退换） P 32.0;0;;mxyz80e9uti03ia;;Для женщин;"[""https://xcimg.szwego.com/imgHD/c84b2751/20260426/cmp_i1777209259038_6657_0_0.jpg"", ""https://xcimg.szwego.com/imgHD/c84b2751/20260426/cmp_i1777209270524_8909_0_1.jpg"", ""https://xcimg.szwego.com/imgHD/c84b2751/20260426/cmp_i1777209259380_4821_0_2.jpg"", ""https://xcimg.szwego.com/imgHD/c84b2751/20260426/cmp_i1777209258817_9722_0_3.jpg"", ""https://xcimg.szwego.com/imgHD/c84b2751/20260426/cmp_i1777209258898_9723_0_4.jpg"", ""https://xcimg.szwego.com/imgHD/c84b2751/20260426/cmp_i1777209258859_8446_0_5.jpg"", ""https://xcimg.szwego.com/imgHD/c84b2751/20260426/cmp_i1777209270453_7413_0_6.jpg"", ""https://xcimg.szwego.com/imgHD/c84b2751/20260426/cmp_i1777209270479_8848_0_7.jpg"", ""https://xcimg.szwego.com/imgHD/c84b2751/20260426/cmp_i1777209270512_3530_0_8.jpg""]"
_dtmrSnTtkCyLxbhXZlZIhb1Pxdl9adYXR776naw;;Dior 春夏季刺绣拖鞋系列！这个系列真的超好看！帆布复古Logo字母刺绣的元素，高密度刺绣工艺，羊皮垫脚，进口意大利真皮大底！ 跟高：1.5/4.5cm size：35～42（40、41、42 可定制不退换） P 32.0;0;;mxyz80e9uti03ia;;Для женщин;"[""https://xcimg.szwego.com/imgHD/c84b2751/20260426/cmp_i1777208680706_9665_0_0.jpg"", ""https://xcimg.szwego.com/imgHD/c84b2751/20260426/cmp_i1777208698169_2943_0_1.jpg"", ""https://xcimg.szwego.com/imgHD/c84b2751/20260426/cmp_i1777208698161_8581_0_2.jpg"", ""https://xcimg.szwego.com/imgHD/c84b2751/20260426/cmp_i1777208680688_1993_0_3.jpg"", ""https://xcimg.szwego.com/imgHD/c84b2751/20260426/cmp_i1777208698136_1785_0_4.jpg"", ""https://xcimg.szwego.com/imgHD/c84b2751/20260426/cmp_i1777208698128_7409_0_5.jpg"", ""https://xcimg.szwego.com/imgHD/c84b2751/20260426/cmp_i1777208680381_4468_0_6.jpg"", ""https://xcimg.szwego.com/imgHD/c84b2751/20260426/cmp_i1777208679921_6660_0_7.jpg"", ""https://xcimg.szwego.com/imgHD/c84b2751/20260426/cmp_i1777208680376_9063_0_8.jpg""]"
_doRrSKqsCqT1P5SE5ZoysFuVxa1K13kxN4W70Qg;;Dior 春夏季刺绣拖鞋系列！这个系列真的超好看！帆布复古Logo字母刺绣的元素，高密度刺绣工艺，羊皮垫脚，进口意大利真皮大底！ 跟高：1.5/4.5cm size：35～42（40、41、42 可定制不退换） P 32.0;0;;mxyz80e9uti03ia;;Для женщин;"[""https://xcimg.szwego.com/imgHD/c84b2751/20260426/cmp_i1777208333162_8128_0_0.jpg"", ""https://xcimg.szwego.com/imgHD/c84b2751/20260426/cmp_i1777208333167_8673_0_1.jpg"", ""https://xcimg.szwego.com/imgHD/c84b2751/20260426/cmp_i1777208320647_33_0_2.jpg"", ""https://xcimg.szwego.com/imgHD/c84b2751/20260426/cmp_i1777208320621_7473_0_3.jpg"", ""https://xcimg.szwego.com/imgHD/c84b2751/20260426/cmp_i1777208320666_1211_0_4.jpg"", ""https://xcimg.szwego.com/imgHD/c84b2751/20260426/cmp_i1777208333146_6834_0_5.jpg"", ""https://xcimg.szwego.com/imgHD/c84b2751/20260426/cmp_i1777208332593_4661_0_6.jpg"", ""https://xcimg.szwego.com/imgHD/c84b2751/20260426/cmp_i1777208320251_6322_0_7.jpg"", ""https://xcimg.szwego.com/imgHD/c84b2751/20260426/cmp_i1777208320645_3336_0_8.jpg""]"
_dv7rSQRfC8XdAytbfJ_m6YhXuCZLgGYoad0qwwQ;;Dior 春夏季刺绣拖鞋系列！这个系列真的超好看！帆布复古Logo字母刺绣的元素，高密度刺绣工艺，羊皮垫脚，进口意大利真皮大底！ 跟高：1.5/4.5cm size：35～42（40、41、42 可定制不退换） P 32.0;0;;mxyz80e9uti03ia;;Для женщин;"[""https://xcimg.szwego.com/imgHD/c84b2751/20260426/cmp_i1777207912095_8983_0_0.jpg"", ""https://xcimg.szwego.com/imgHD/c84b2751/20260426/cmp_i1777207912120_3708_0_1.jpg"", ""https://xcimg.szwego.com/imgHD/c84b2751/20260426/cmp_i1777207912096_2923_0_2.jpg"", ""https://xcimg.szwego.com/imgHD/c84b2751/20260426/cmp_i1777207925220_3899_0_3.jpg"", ""https://xcimg.szwego.com/imgHD/c84b2751/20260426/cmp_i1777207924996_951_0_4.jpg"", ""https://xcimg.szwego.com/imgHD/c84b2751/20260426/cmp_i1777207912107_919_0_5.jpg"", ""https://xcimg.szwego.com/imgHD/c84b2751/20260426/cmp_i1777207924997_9445_0_6.jpg"", ""https://xcimg.szwego.com/imgHD/c84b2751/20260426/cmp_i1777207911674_4964_0_7.jpg"", ""https://xcimg.szwego.com/imgHD/c84b2751/20260426/cmp_i1777207925021_7969_0_8.jpg""]"
_dzorSv3OtJDKmxw4rIVh-z15_vC1VgKbry7RvWw;;Dior 春夏季刺绣拖鞋系列！这个系列真的超好看！帆布复古Logo字母刺绣的元素，高密度刺绣工艺，羊皮垫脚，进口意大利真皮大底！ 跟高：1.5/4.5cm size：35～42（40、41、42 可定制不退换） P 32.0;0;;mxyz80e9uti03ia;;Для женщин;"[""https://xcimg.szwego.com/imgHD/c84b2751/20260426/cmp_i1777207510948_3735_0_0.jpg"", ""https://xcimg.szwego.com/imgHD/c84b2751/20260426/cmp_i1777207510999_5583_0_1.jpg"", ""https://xcimg.szwego.com/imgHD/c84b2751/20260426/cmp_i1777207510989_6497_0_2.jpg"", ""https://xcimg.szwego.com/imgHD/c84b2751/20260426/cmp_i1777207523485_9189_0_3.jpg"", ""https://xcimg.szwego.com/imgHD/c84b2751/20260426/cmp_i1777207510961_9124_0_4.jpg"", ""https://xcimg.szwego.com/imgHD/c84b2751/20260426/cmp_i1777207523474_2221_0_5.jpg"", ""https://xcimg.szwego.com/imgHD/c84b2751/20260426/cmp_i1777207510133_2169_0_6.jpg"", ""https://xcimg.szwego.com/imgHD/c84b2751/20260426/cmp_i1777207523204_5085_0_7.jpg"", ""https://xcimg.szwego.com/imgHD/c84b2751/20260426/cmp_i1777207523495_2844_0_8.jpg""]"
_dcFrSPjgZfJHry_Du1nGPGcvMIreIo3ROgtUJQQ;;Dior 春夏季刺绣拖鞋系列！这个系列真的超好看！帆布复古Logo字母刺绣的元素，高密度刺绣工艺，羊皮垫脚，进口意大利真皮大底！ 跟高：1.5/4.5cm size：35～42（40、41、42 可定制不退换） P 32.0;0;;mxyz80e9uti03ia;;Для женщин;"[""https://xcimg.szwego.com/imgHD/c84b2751/20260426/cmp_i1777207201262_5821_0_0.jpg"", ""https://xcimg.szwego.com/imgHD/c84b2751/20260426/cmp_i1777207201260_3520_0_1.jpg"", ""https://xcimg.szwego.com/imgHD/c84b2751/20260426/cmp_i1777207213247_2851_0_2.jpg"", ""https://xcimg.szwego.com/imgHD/c84b2751/20260426/cmp_i1777207201225_4205_0_3.jpg"", ""https://xcimg.szwego.com/imgHD/c84b2751/20260426/cmp_i1777207201268_8133_0_4.jpg"", ""https://xcimg.szwego.com/imgHD/c84b2751/20260426/cmp_i1777207213244_2648_0_5.jpg"", ""https://xcimg.szwego.com/imgHD/c84b2751/20260426/cmp_i1777207200402_3149_0_6.jpg"", ""https://xcimg.szwego.com/imgHD/c84b2751/20260426/cmp_i1777207213240_3655_0_7.jpg"", ""https://xcimg.szwego.com/imgHD/c84b2751/20260426/cmp_i1777207213242_8027_0_8.jpg""]"
_dlQrSrouyrv85LmkXv2KRUrO60FOjZ16Hpt3ciA;;Dior 春夏季刺绣拖鞋系列！这个系列真的超好看！帆布复古Logo字母刺绣的元素，高密度刺绣工艺，羊皮垫脚，进口意大利真皮大底！ 跟高：1.5/4.5cm size：35～42（40、41、42 可定制不退换） P 32.0;0;;mxyz80e9uti03ia;;Для женщин;"[""https://xcimg.szwego.com/imgHD/c84b2751/20260426/cmp_i1777206578679_7839_0_0.jpg"", ""https://xcimg.szwego.com/imgHD/c84b2751/20260426/cmp_i1777206566049_6761_0_1.jpg"", ""https://xcimg.szwego.com/imgHD/c84b2751/20260426/cmp_i1777206566053_794_0_2.jpg"", ""https://xcimg.szwego.com/imgHD/c84b2751/20260426/cmp_i1777206566006_5254_0_3.jpg"", ""https://xcimg.szwego.com/imgHD/c84b2751/20260426/cmp_i1777206578688_6843_0_4.jpg"", ""https://xcimg.szwego.com/imgHD/c84b2751/20260426/cmp_i1777206565994_9954_0_5.jpg"", ""https://xcimg.szwego.com/imgHD/c84b2751/20260426/cmp_i1777206565615_4674_0_6.jpg"", ""https://xcimg.szwego.com/imgHD/c84b2751/20260426/cmp_i1777206578663_3743_0_7.jpg"", ""https://xcimg.szwego.com/imgHD/c84b2751/20260426/cmp_i1777206578682_1093_0_8.jpg""]"
_dhcrSNb3NgFYq_mEb2j3e-izb5KYYlFhAidn3HQ;;Balenciaga 巴黎世家 Triple S .2 米色真的太好看了吧！原ban面料，做工细节精细！无论怎么穿搭都是酷酷的，真的好好看...必入！整个鞋型到做工都经过严格把关！整个鞋面要经过无数个拼接技术组成！极为复杂！ size：35～46（偏大一码） P 55.0;0;;mxyz80e9uti03ia;;Для женщин;"[""https://xcimg.szwego.com/imgHD/c84b2751/20260426/cmp_i1777206051027_5293_0_0.jpg"", ""https://xcimg.szwego.com/imgHD/c84b2751/20260426/cmp_i1777206051021_7273_0_1.jpg"", ""https://xcimg.szwego.com/imgHD/c84b2751/20260426/cmp_i1777206028970_1412_0_2.jpg"", ""https://xcimg.szwego.com/imgHD/c84b2751/20260426/cmp_i1777206029014_5769_0_3.jpg"", ""https://xcimg.szwego.com/imgHD/c84b2751/20260426/cmp_i1777206028980_3079_0_4.jpg"", ""https://xcimg.szwego.com/imgHD/c84b2751/20260426/cmp_i1777206050750_8254_0_5.jpg"", ""https://xcimg.szwego.com/imgHD/c84b2751/20260426/cmp_i1777206050757_6700_0_6.jpg"", ""https://xcimg.szwego.com/imgHD/c84b2751/20260426/cmp_i1777206028678_5101_0_7.jpg"", ""https://xcimg.szwego.com/imgHD/c84b2751/20260426/cmp_i1777206028678_9617_0_8.jpg""]"
_dufrS4lFvEC2t4wbQWjo-2mb-_aAd8BrTObxx6g;;Balenciaga 巴黎世家 Triple S .2 绿色真的太好看了吧！原ban面料，做工细节精细！无论怎么穿搭都是酷酷的，真的好好看...必入！整个鞋型到做工都经过严格把关！整个鞋面要经过无数个拼接技术组成！极为复杂！ size：35～46（偏大一码） P 55.0;0;;mxyz80e9uti03ia;;Для женщин;"[""https://xcimg.szwego.com/imgHD/c84b2751/20260426/cmp_i1777200358754_7729_0_0.jpg"", ""https://xcimg.szwego.com/imgHD/c84b2751/20260426/cmp_i1777200373650_1080_0_1.jpg"", ""https://xcimg.szwego.com/imgHD/c84b2751/20260426/cmp_i1777200373646_7312_0_2.jpg"", ""https://xcimg.szwego.com/imgHD/c84b2751/20260426/cmp_i1777200358711_1482_0_3.jpg"", ""https://xcimg.szwego.com/imgHD/c84b2751/20260426/cmp_i1777200373377_1000_0_4.jpg"", ""https://xcimg.szwego.com/imgHD/c84b2751/20260426/cmp_i1777200358279_8387_0_5.jpg"", ""https://xcimg.szwego.com/imgHD/c84b2751/20260426/cmp_i1777200358296_2937_0_6.jpg"", ""https://xcimg.szwego.com/imgHD/c84b2751/20260426/cmp_i1777200373400_33_0_7.jpg"", ""https://xcimg.szwego.com/imgHD/c84b2751/20260426/cmp_i1777200358686_2104_0_8.jpg""]"
_d9ErSWyMzcvENW_HzWYC2-ailYAZVmy8AgSxfiA;;Balenciaga巴黎世家 Radar 黑白真的太好看了吧！原ban面料，做工细节精细！无论怎么穿搭都是酷酷的，真的好好看...必入！整个鞋型到做工都经过严格把关！整个鞋面要经过无数个拼接技术组成！极为复杂！ size：35-46（⚠️偏大一码） P 45.0;0;;mxyz80e9uti03ia;;Для женщин;"[""https://xcimg.szwego.com/imgHD/c84b2751/20260426/cmp_i1777205824772_503_0_0.jpg"", ""https://xcimg.szwego.com/imgHD/c84b2751/20260426/cmp_i1777205806176_5874_0_1.jpg"", ""https://xcimg.szwego.com/imgHD/c84b2751/20260426/cmp_i1777205824513_9308_0_2.jpg"", ""https://xcimg.szwego.com/imgHD/c84b2751/20260426/cmp_i1777205824720_3555_0_3.jpg"", ""https://xcimg.szwego.com/imgHD/c84b2751/20260426/cmp_i1777205805823_609_0_4.jpg"", ""https://xcimg.szwego.com/imgHD/c84b2751/20260426/cmp_i1777205805552_6737_0_5.jpg"", ""https://xcimg.szwego.com/imgHD/c84b2751/20260426/cmp_i1777205805821_1925_0_6.jpg"", ""https://xcimg.szwego.com/imgHD/c84b2751/20260426/cmp_i1777205824244_8388_0_7.jpg"", ""https://xcimg.szwego.com/imgHD/c84b2751/20260426/cmp_i1777205805553_8555_0_8.jpg""]"
_dvhrSacnPts89Jw6aRwWMdl5xMkSMa22EdfyAgA;;Balenciaga巴黎世家 Radar 黑白真的太好看了吧！原ban面料，做工细节精细！无论怎么穿搭都是酷酷的，真的好好看...必入！整个鞋型到做工都经过严格把关！整个鞋面要经过无数个拼接技术组成！极为复杂！ size：35-46（⚠️偏大一码） P 45.0;0;;mxyz80e9uti03ia;;Для женщин;"[""https://xcimg.szwego.com/imgHD/c84b2751/20260426/cmp_i1777199736898_1580_0_0.jpg"", ""https://xcimg.szwego.com/imgHD/c84b2751/20260426/cmp_i1777199736913_4087_0_1.jpg"", ""https://xcimg.szwego.com/imgHD/c84b2751/20260426/cmp_i1777199717166_7064_0_2.jpg"", ""https://xcimg.szwego.com/imgHD/c84b2751/20260426/cmp_i1777199717163_889_0_3.jpg"", ""https://xcimg.szwego.com/imgHD/c84b2751/20260426/cmp_i1777199716916_8714_0_4.jpg"", ""https://xcimg.szwego.com/imgHD/c84b2751/20260426/cmp_i1777199716916_7385_0_5.jpg"", ""https://xcimg.szwego.com/imgHD/c84b2751/20260426/cmp_i1777199736831_7536_0_6.jpg"", ""https://xcimg.szwego.com/imgHD/c84b2751/20260426/cmp_i1777199716915_2976_0_7.jpg"", ""https://xcimg.szwego.com/imgHD/c84b2751/20260426/cmp_i1777199736831_7703_0_8.jpg""]"
_dcKrSWAr8Z2EtXOxAw4cIuovslu6h48-lCNZq-Q;;Balenciaga 火爆款运动鞋3XL蜘蛛侠！增高且显腿细，真的好好看，必入款式！ 面料采用网布材料和聚氨酯，不含皮革！大底磨损效果，鞋头边缘和后帮Balenciag微标！做工细节，所见即所得！ size：35～43 P 55.0;0;;mxyz80e9uti03ia;;Для женщин;"[""https://xcimg.szwego.com/imgHD/c84b2751/20260426/cmp_i1777205410023_3002_0_0.jpg"", ""https://xcimg.szwego.com/imgHD/c84b2751/20260426/cmp_i1777205410011_1510_0_1.jpg"", ""https://xcimg.szwego.com/imgHD/c84b2751/20260426/cmp_i1777205385819_3295_0_2.jpg"", ""https://xcimg.szwego.com/imgHD/c84b2751/20260426/cmp_i1777205385819_430_0_3.jpg"", ""https://xcimg.szwego.com/imgHD/c84b2751/20260426/cmp_i1777205385819_9048_0_4.jpg"", ""https://xcimg.szwego.com/imgHD/c84b2751/20260426/cmp_i1777205409761_3709_0_5.jpg"", ""https://xcimg.szwego.com/imgHD/c84b2751/20260426/cmp_i1777205409764_7482_0_6.jpg"", ""https://xcimg.szwego.com/imgHD/c84b2751/20260426/cmp_i1777205385819_8923_0_7.jpg"", ""https://xcimg.szwego.com/imgHD/c84b2751/20260426/cmp_i1777205385819_4648_0_8.jpg""]"
_dHlrSeXL5rW4c_MN383TI5QvmrW7PJpAglRVIBQ;;Balenciaga 火爆款运动鞋3XL！增高且显腿细，真的好好看，必入款式！ 面料采用网布材料和聚氨酯，不含皮革！大底磨损效果，鞋头边缘和后帮Balenciag微标！做工细节，所见即所得！ size：35～46 P 50.0;0;;mxyz80e9uti03ia;;Для женщин;"[""https://xcimg.szwego.com/imgHD/c84b2751/20260426/cmp_i1777200669015_7115_0_8.jpg"", ""https://xcimg.szwego.com/imgHD/c84b2751/20260426/cmp_i1777200686203_1605_0_0.jpg"", ""https://xcimg.szwego.com/imgHD/c84b2751/20260426/cmp_i1777200686162_300_0_1.jpg"", ""https://xcimg.szwego.com/imgHD/c84b2751/20260426/cmp_i1777200668982_6825_0_2.jpg"", ""https://xcimg.szwego.com/imgHD/c84b2751/20260426/cmp_i1777200668592_794_0_3.jpg"", ""https://xcimg.szwego.com/imgHD/c84b2751/20260426/cmp_i1777200668567_803_0_4.jpg"", ""https://xcimg.szwego.com/imgHD/c84b2751/20260426/cmp_i1777200685918_5169_0_5.jpg"", ""https://xcimg.szwego.com/imgHD/c84b2751/20260426/cmp_i1777200685893_7473_0_6.jpg"", ""https://xcimg.szwego.com/imgHD/c84b2751/20260426/cmp_i1777200668592_4639_0_7.jpg""]"
_dnWrSaoVKpLF1i6GtqQq3sKzuMr7Z7Eq-PDKz0Q;;Chanel slingblack，无法超越的一个设计！ 渠道定制面料，皮质柔软细腻！意大利进口A级真皮底！特质感！细节做工随便你们拿去对比！ 跟高：6.5cm size：35～41（41 可定做，不退换） P 46.0;0;;mxyz80e9uti03ia;;Для женщин;"[""https://xcimg.szwego.com/imgHD/c84b2751/20260426/cmp_i1777141024461_2658_0_0.jpg"", ""https://xcimg.szwego.com/imgHD/c84b2751/20260426/cmp_i1777141024461_1224_0_1.jpg"", ""https://xcimg.szwego.com/imgHD/c84b2751/20260426/cmp_i1777141031235_2655_0_2.jpg"", ""https://xcimg.szwego.com/imgHD/c84b2751/20260426/cmp_i1777141031048_3097_0_3.jpg"", ""https://xcimg.szwego.com/imgHD/c84b2751/20260426/cmp_i1777141024249_8943_0_4.jpg"", ""https://xcimg.szwego.com/imgHD/c84b2751/20260426/cmp_i1777141031057_8588_0_5.jpg"", ""https://xcimg.szwego.com/imgHD/c84b2751/20260426/cmp_i1777141024248_2288_0_6.jpg"", ""https://xcimg.szwego.com/imgHD/c84b2751/20260426/cmp_i1777141024248_6244_0_7.jpg"", ""https://xcimg.szwego.com/imgHD/c84b2751/20260426/cmp_i1777141031055_5056_0_8.jpg""]"
_d4urSZJDYSvf3zuL-gfb5b0Ctiw6Zblht6FXRXw;;Chanel slingblack，无法超越的一个设计！ 渠道定制面料，皮质柔软细腻！意大利进口A级真皮底！特质感！细节做工随便你们拿去对比！ 跟高：2.5cm size：35～41（41 可定做，不退换） P 46.0;0;;mxyz80e9uti03ia;;Для женщин;"[""https://xcimg.szwego.com/imgHD/c84b2751/20260426/cmp_i1777139047514_5369_0_0.jpg"", ""https://xcimg.szwego.com/imgHD/c84b2751/20260426/cmp_i1777139052524_2925_0_1.jpg"", ""https://xcimg.szwego.com/imgHD/c84b2751/20260426/cmp_i1777139047522_3120_0_2.jpg"", ""https://xcimg.szwego.com/imgHD/c84b2751/20260426/cmp_i1777139047290_7811_0_3.jpg"", ""https://xcimg.szwego.com/imgHD/c84b2751/20260426/cmp_i1777139047290_1315_0_4.jpg"", ""https://xcimg.szwego.com/imgHD/c84b2751/20260426/cmp_i1777139047290_2083_0_5.jpg"", ""https://xcimg.szwego.com/imgHD/c84b2751/20260426/cmp_i1777139052361_7059_0_6.jpg"", ""https://xcimg.szwego.com/imgHD/c84b2751/20260426/cmp_i1777139052353_7384_0_7.jpg"", ""https://xcimg.szwego.com/imgHD/c84b2751/20260426/cmp_i1777139052359_3242_0_8.jpg""]"
_drsrSu20ivf_FGWWA9fi6qtq1tkofHJMhChMx8A;;Chanel 经典款蝴蝶结芭蕾舞鞋，永恒的经典！ 独家渠道定制面料！定制苯染羊皮垫脚，细腻舒适！意大利进口A级真皮底！这种越是经典款式就要做到完美！随意对比市面版！ size：35～40 P 45.0;0;;mxyz80e9uti03ia;;Для женщин;"[""https://xcimg.szwego.com/imgHD/c84b2751/20260426/cmp_i1777138453327_782_0_0.jpg"", ""https://xcimg.szwego.com/imgHD/c84b2751/20260426/cmp_i1777138453329_2693_0_1.jpg"", ""https://xcimg.szwego.com/imgHD/c84b2751/20260426/cmp_i1777138453302_9120_0_2.jpg"", ""https://xcimg.szwego.com/imgHD/c84b2751/20260426/cmp_i1777138479361_6923_0_3.jpg"", ""https://xcimg.szwego.com/imgHD/c84b2751/20260426/cmp_i1777138479354_9540_0_4.jpg"", ""https://xcimg.szwego.com/imgHD/c84b2751/20260426/cmp_i1777138453235_6770_0_5.jpg"", ""https://xcimg.szwego.com/imgHD/c84b2751/20260426/cmp_i1777138479350_4720_0_6.jpg"", ""https://xcimg.szwego.com/imgHD/c84b2751/20260426/cmp_i1777138453235_3162_0_7.jpg"", ""https://xcimg.szwego.com/imgHD/c84b2751/20260426/cmp_i1777138479359_9874_0_8.jpg""]"
_dkfrSV8uGQuwuXlrr9k_MTeoLRHNh9eMoh0-8BQ;;CHANEL 26早春新款高跟凉拖！闪钻显贵，异形跟巨稳！露趾+穆勒拖设计，增高显腿细还能藏住小肉脚！ 鞋面：定制进口施华洛奥钻/意大利牛漆皮 垫脚：意大利高丝光牛皮 大底： 意大利 A 级真皮大底 size：35～41 漆皮 P 48.0 满钻 P 52.0;0;;mxyz80e9uti03ia;;Для женщин;"[""https://xcimg.szwego.com/imgHD/c84b2751/20260425/cmp_i1777062419408_9346_0_0.jpg"", ""https://xcimg.szwego.com/imgHD/c84b2751/20260425/cmp_i1777062410948_3591_0_1.jpg"", ""https://xcimg.szwego.com/imgHD/c84b2751/20260425/cmp_i1777062419235_5354_0_2.jpg"", ""https://xcimg.szwego.com/imgHD/c84b2751/20260425/cmp_i1777062410950_2746_0_3.jpg"", ""https://xcimg.szwego.com/imgHD/c84b2751/20260425/cmp_i1777062419274_1000_0_4.jpg"", ""https://xcimg.szwego.com/imgHD/c84b2751/20260425/cmp_i1777062410948_9670_0_5.jpg"", ""https://xcimg.szwego.com/imgHD/c84b2751/20260425/cmp_i1777062419271_5035_0_8.jpg"", ""https://xcimg.szwego.com/imgHD/c84b2751/20260425/cmp_i1777062411142_108_0_6.jpg"", ""https://xcimg.szwego.com/imgHD/c84b2751/20260425/cmp_i1777062419271_8605_0_9.jpg""]"
_dvIrSX0HhV1EAqfGwShkIYlexlBemrSMVD7OV0g;;CHANEL 26早春新款高跟凉拖！闪钻显贵，异形跟巨稳！露趾+穆勒拖设计，增高显腿细还能藏住小肉脚！ 鞋面：定制进口施华洛奥钻/意大利牛漆皮 垫脚：意大利高丝光牛皮 大底： 意大利 A 级真皮大底 size：35～41 漆皮 P 48.0 满钻 P 52.0;0;;mxyz80e9uti03ia;;Для женщин;"[""https://xcimg.szwego.com/imgHD/c84b2751/20260425/cmp_i1777062177355_753_0_0.jpg"", ""https://xcimg.szwego.com/imgHD/c84b2751/20260425/cmp_i1777062161789_6610_0_1.jpg"", ""https://xcimg.szwego.com/imgHD/c84b2751/20260425/cmp_i1777062177183_618_0_2.jpg"", ""https://xcimg.szwego.com/imgHD/c84b2751/20260425/cmp_i1777062161789_419_0_3.jpg"", ""https://xcimg.szwego.com/imgHD/c84b2751/20260425/cmp_i1777062161789_7135_0_4.jpg"", ""https://xcimg.szwego.com/imgHD/c84b2751/20260425/cmp_i1777062177188_7771_0_5.jpg"", ""https://xcimg.szwego.com/imgHD/c84b2751/20260425/cmp_i1777062161789_3937_0_6.jpg"", ""https://xcimg.szwego.com/imgHD/c84b2751/20260425/cmp_i1777062177182_3337_0_7.jpg"", ""https://xcimg.szwego.com/imgHD/c84b2751/20260425/cmp_i1777062161789_4164_0_8.jpg""]"
_dhQrSqnTaZaecKzmarSyoKZqikkDDqA3WFdS8jA;;Dior 最新款厚底刺绣板鞋！属于超级耐看型，越看越大方！浮雕钩花技术让鞋面看起来一点也不单调，重点的是比匡威还要显腿长！厚底高度的设计，现在大部分MM都喜欢这样的增高效果！！！ size：35～40 P 45.0;0;;mxyz80e9uti03ia;;Для женщин;"[""https://xcimg.szwego.com/imgHD/c84b2751/20260424/cmp_i1777017151283_9081_0_0.jpg"", ""https://xcimg.szwego.com/imgHD/c84b2751/20260424/cmp_i1777017169972_2185_0_1.jpg"", ""https://xcimg.szwego.com/imgHD/c84b2751/20260424/cmp_i1777017151271_6207_0_2.jpg"", ""https://xcimg.szwego.com/imgHD/c84b2751/20260424/cmp_i1777017169938_4789_0_3.jpg"", ""https://xcimg.szwego.com/imgHD/c84b2751/20260424/cmp_i1777017151062_1004_0_4.jpg"", ""https://xcimg.szwego.com/imgHD/c84b2751/20260424/cmp_i1777017151062_5083_0_5.jpg"", ""https://xcimg.szwego.com/imgHD/c84b2751/20260424/cmp_i1777017168271_7015_0_6.jpg"", ""https://xcimg.szwego.com/imgHD/c84b2751/20260424/cmp_i1777017168258_4883_0_7.jpg"", ""https://xcimg.szwego.com/imgHD/c84b2751/20260424/cmp_i1777017151062_4356_0_8.jpg""]"
_ddzrSCeQyUYKIiM0xxcgfVZKn2ld2SQs2UI_Z8A;;Dior 最新款厚底刺绣板鞋！属于超级耐看型，越看越大方！浮雕钩花技术让鞋面看起来一点也不单调，重点的是比匡威还要显腿长！厚底高度的设计，现在大部分MM都喜欢这样的增高效果！！！ size：35～40 P 45.0;0;;mxyz80e9uti03ia;;Для женщин;"[""https://xcimg.szwego.com/imgHD/c84b2751/20260421/cmp_i1776766778907_8590_0_7.jpg"", ""https://xcimg.szwego.com/imgHD/c84b2751/20260421/cmp_i1776766778898_2430_0_0.jpg"", ""https://xcimg.szwego.com/imgHD/c84b2751/20260421/cmp_i1776766766924_423_0_1.jpg"", ""https://xcimg.szwego.com/imgHD/c84b2751/20260421/cmp_i1776766766944_1850_0_2.jpg"", ""https://xcimg.szwego.com/imgHD/c84b2751/20260421/cmp_i1776766766915_6799_0_3.jpg"", ""https://xcimg.szwego.com/imgHD/c84b2751/20260421/cmp_i1776766766893_6419_0_4.jpg"", ""https://xcimg.szwego.com/imgHD/c84b2751/20260421/cmp_i1776766778613_7583_0_5.jpg"", ""https://xcimg.szwego.com/imgHD/c84b2751/20260421/cmp_i1776766766268_1452_0_6.jpg"", ""https://xcimg.szwego.com/imgHD/c84b2751/20260421/cmp_i1776766778639_3124_0_8.jpg""]"
_daMrS7LxauNGwQlBKFL9y31JOd-NJ2PcyDNOvHA;;Dior最新款厚底刺绣板鞋！属于超级耐看型，越看越大方！浮雕钩花技术让鞋面看起来一点也不单调，重点的是比匡威还要显腿长！厚底高度的设计，现在大部分MM都喜欢这样的增高效果！！！ size：35～40 P 45.0;0;;mxyz80e9uti03ia;;Для женщин;"[""https://xcimg.szwego.com/imgHD/c84b2751/20260408/cmp_i1775597038675_5237_0_7.jpg"", ""https://xcimg.szwego.com/imgHD/c84b2751/20260408/cmp_i1775597038693_3876_0_0.jpg"", ""https://xcimg.szwego.com/imgHD/c84b2751/20260408/cmp_i1775597038682_3272_0_1.jpg"", ""https://xcimg.szwego.com/imgHD/c84b2751/20260408/cmp_i1775597021988_5937_0_2.jpg"", ""https://xcimg.szwego.com/imgHD/c84b2751/20260408/cmp_i1775597038654_4195_0_3.jpg"", ""https://xcimg.szwego.com/imgHD/c84b2751/20260408/cmp_i1775597021636_7926_0_4.jpg"", ""https://xcimg.szwego.com/imgHD/c84b2751/20260408/cmp_i1775597021321_1382_0_8.jpg"", ""https://xcimg.szwego.com/imgHD/c84b2751/20260408/cmp_i1775597021622_1882_0_6.jpg"", ""https://xcimg.szwego.com/imgHD/c84b2751/20260408/cmp_i1775597021964_2910_0_9.jpg""]"
_dYurSsiSZlKe8ic-R5-StbBze7QV9ePI1i09SVg;;Dior最新款厚底刺绣板鞋！属于超级耐看型，越看越大方！浮雕钩花技术让鞋面看起来一点也不单调，重点的是比匡威还要显腿长！厚底高度的设计，现在大部分MM都喜欢这样的增高效果！！！ size：35～40 P 45.0;0;;mxyz80e9uti03ia;;Для женщин;"[""https://xcimg.szwego.com/imgHD/c84b2751/20260325/cmp_i1774448282288_4150_0_0.jpg"", ""https://xcimg.szwego.com/imgHD/c84b2751/20260325/cmp_i1774448263939_198_0_1.jpg"", ""https://xcimg.szwego.com/imgHD/c84b2751/20260325/cmp_i1774448282292_4102_0_2.jpg"", ""https://xcimg.szwego.com/imgHD/c84b2751/20260325/cmp_i1774448263939_1869_0_3.jpg"", ""https://xcimg.szwego.com/imgHD/c84b2751/20260325/cmp_i1774448282289_5259_0_4.jpg"", ""https://xcimg.szwego.com/imgHD/c84b2751/20260325/cmp_i1774448282289_4190_0_5.jpg"", ""https://xcimg.szwego.com/imgHD/c84b2751/20260325/cmp_i1774448263936_9104_0_6.jpg"", ""https://xcimg.szwego.com/imgHD/c84b2751/20260325/cmp_i1774448263932_4341_0_7.jpg"", ""https://xcimg.szwego.com/imgHD/c84b2751/20260325/cmp_i1774448263933_817_0_8.jpg""]"
_dtjrSejGXrDw_6v5_KIXfYJzYIjRE7RvbhVvPuw;;Dior经典款板鞋！属于超级耐看型，越看越大方！浮雕钩花技术让鞋面看起来一点也不单调，重点的是比匡威还要显腿长！厚底高度的设计，现在大部分MM都喜欢这样的增高效果！！！ size：35～40 P 43.0;0;;mxyz80e9uti03ia;;Для женщин;"[""https://xcimg.szwego.com/imgHD/c84b2751/20260325/cmp_i1774447931244_7661_0_0.jpg"", ""https://xcimg.szwego.com/imgHD/c84b2751/20260325/cmp_i1774447911872_7437_0_1.jpg"", ""https://xcimg.szwego.com/imgHD/c84b2751/20260325/cmp_i1774447931250_253_0_2.jpg"", ""https://xcimg.szwego.com/imgHD/c84b2751/20260325/cmp_i1774447911872_5378_0_3.jpg"", ""https://xcimg.szwego.com/imgHD/c84b2751/20260325/cmp_i1774447911872_2187_0_4.jpg"", ""https://xcimg.szwego.com/imgHD/c84b2751/20260325/cmp_i1774447931247_9943_0_5.jpg"", ""https://xcimg.szwego.com/imgHD/c84b2751/20260325/cmp_i1774447931250_5695_0_6.jpg"", ""https://xcimg.szwego.com/imgHD/c84b2751/20260325/cmp_i1774447911872_6867_0_7.jpg"", ""https://xcimg.szwego.com/imgHD/c84b2751/20260325/cmp_i1774447911872_5291_0_8.jpg""]"
_dgFrSTTnmILMwZdg-B1tsjaW0UeYH62figGXvBg;;Chanel 26S 最新款熊猫配色运动鞋！春日氛围感天花板一眼沦陷的高级质感配色，搭配低调的黑色双C怎么搭都不出错！ 鞋面：意大利胎牛皮/麂皮 内里：进口莱卡网布 大底：TPU 组合大底 size：35～40 P 48.0;0;;mxyz80e9uti03ia;;Для женщин;"[""https://xcimg.szwego.com/imgHD/c84b2751/20260421/cmp_i1776769922866_9990_0_0.jpg"", ""https://xcimg.szwego.com/imgHD/c84b2751/20260421/cmp_i1776769901950_2363_0_1.jpg"", ""https://xcimg.szwego.com/imgHD/c84b2751/20260421/cmp_i1776769901972_159_0_2.jpg"", ""https://xcimg.szwego.com/imgHD/c84b2751/20260421/cmp_i1776769901950_3207_0_3.jpg"", ""https://xcimg.szwego.com/imgHD/c84b2751/20260421/cmp_i1776769922865_1940_0_4.jpg"", ""https://xcimg.szwego.com/imgHD/c84b2751/20260421/cmp_i1776769922871_6880_0_5.jpg"", ""https://xcimg.szwego.com/imgHD/c84b2751/20260421/cmp_i1776769901950_3200_0_6.jpg"", ""https://xcimg.szwego.com/imgHD/c84b2751/20260421/cmp_i1776769901950_9981_0_7.jpg"", ""https://xcimg.szwego.com/imgHD/c84b2751/20260421/cmp_i1776769922866_5610_0_8.jpg""]"
_dn8rSnWTKwXSOrrqhcEytkfC32uMU7IJkS6Q-rg;;Chanel 26C 最新款麂皮系带休闲鞋！高级满满的面料，更显档次更加细腻不易起痕迹，系带设计穿脱方便，随时随地穿出大方气质感。这种风格的鞋子搭配起来非常方便，这款随便怎么搭配都是简洁大方！ 鞋面：意大利进口麂皮面料 内里：意大利进口绵羊皮 大底：TPU 模具大底 size：35～41 P 43.0;0;;mxyz80e9uti03ia;;Для женщин;"[""https://xcimg.szwego.com/imgHD/c84b2751/20260110/cmp_i1768033219544_2718_0_0.jpg"", ""https://xcimg.szwego.com/imgHD/c84b2751/20260110/cmp_i1768033224643_9809_0_1.jpg"", ""https://xcimg.szwego.com/imgHD/c84b2751/20260110/cmp_i1768033219553_5366_0_2.jpg"", ""https://xcimg.szwego.com/imgHD/c84b2751/20260110/cmp_i1768033219339_8586_0_3.jpg"", ""https://xcimg.szwego.com/imgHD/c84b2751/20260110/cmp_i1768033219338_1834_0_4.jpg"", ""https://xcimg.szwego.com/imgHD/c84b2751/20260110/cmp_i1768033219339_5770_0_5.jpg"", ""https://xcimg.szwego.com/imgHD/c84b2751/20260110/cmp_i1768033224482_3395_0_6.jpg"", ""https://xcimg.szwego.com/imgHD/c84b2751/20260110/cmp_i1768033224484_4204_0_7.jpg"", ""https://xcimg.szwego.com/imgHD/c84b2751/20260110/cmp_i1768033224479_6627_0_8.jpg""]"
_doyrSjs63W_fyZu7CxE-IdfBXnhKukaZFH76l4w;;Chanel 26C 最新款麂皮系带休闲鞋！高级满满的面料，更显档次更加细腻不易起痕迹，系带设计穿脱方便，随时随地穿出大方气质感。这种风格的鞋子搭配起来非常方便，这款随便怎么搭配都是简洁大方！ 鞋面：意大利进口麂皮面料 内里：意大利进口绵羊皮 大底：TPU 模具大底 size：35～41 P 43.0;0;;mxyz80e9uti03ia;;Для женщин;"[""https://xcimg.szwego.com/imgHD/c84b2751/20260110/cmp_i1768032835083_3138_0_0.jpg"", ""https://xcimg.szwego.com/imgHD/c84b2751/20260110/cmp_i1768032805924_4189_0_1.jpg"", ""https://xcimg.szwego.com/imgHD/c84b2751/20260110/cmp_i1768032805787_8829_0_2.jpg"", ""https://xcimg.szwego.com/imgHD/c84b2751/20260110/cmp_i1768032805782_5992_0_3.jpg"", ""https://xcimg.szwego.com/imgHD/c84b2751/20260110/cmp_i1768032805784_4490_0_4.jpg"", ""https://xcimg.szwego.com/imgHD/c84b2751/20260110/cmp_i1768032834925_4552_0_5.jpg"", ""https://xcimg.szwego.com/imgHD/c84b2751/20260110/cmp_i1768032805781_1854_0_6.jpg"", ""https://xcimg.szwego.com/imgHD/c84b2751/20260110/cmp_i1768032718527_2077_0_7.jpg"", ""https://xcimg.szwego.com/imgHD/c84b2751/20260110/cmp_i1768032834929_4154_0_8.jpg""]"
_diKrSEYCJ7ksm3J91V3c9s_kaPoZ1AdK2E894qg;;Chanel 26C 早春度假系列运动鞋！银角大王升级款，渐变设计确实好看！ 鞋面：意大利进口牛皮 内里：意大利进口羊皮 大底：定制 IP➕TPU 组合底 size：35～40 P 52.0;0;;mxyz80e9uti03ia;;Для женщин;"[""https://xcimg.szwego.com/imgHD/c84b2751/20260125/cmp_i1769344889546_7703_0_7.jpg"", ""https://xcimg.szwego.com/imgHD/c84b2751/20260125/cmp_i1769344889546_3479_0_0.jpg"", ""https://xcimg.szwego.com/imgHD/c84b2751/20260125/cmp_i1769344904308_5733_0_1.jpg"", ""https://xcimg.szwego.com/imgHD/c84b2751/20260125/cmp_i1769344889546_643_0_2.jpg"", ""https://xcimg.szwego.com/imgHD/c84b2751/20260125/cmp_i1769344889546_8580_0_3.jpg"", ""https://xcimg.szwego.com/imgHD/c84b2751/20260125/cmp_i1769344889545_9464_0_4.jpg"", ""https://xcimg.szwego.com/imgHD/c84b2751/20260125/cmp_i1769344904305_8222_0_5.jpg"", ""https://xcimg.szwego.com/imgHD/c84b2751/20260125/cmp_i1769344904309_2236_0_6.jpg"", ""https://xcimg.szwego.com/imgHD/c84b2751/20260125/cmp_i1769344904304_1507_0_8.jpg""]"
_djVrSDQ24vvc4CCRzuseosdnDeDpDOhI0DQlSbA;;Chanel 26C 早春度假系列运动鞋！银角大王升级款，渐变设计确实好看！ 鞋面：意大利进口牛皮 内里：意大利进口羊皮 大底：定制 IP➕TPU 组合底 size：35～40 P 52.0;0;;mxyz80e9uti03ia;;Для женщин;"[""https://xcimg.szwego.com/imgHD/c84b2751/20260125/cmp_i1769345183403_9173_0_0.jpg"", ""https://xcimg.szwego.com/imgHD/c84b2751/20260125/cmp_i1769345200455_8980_0_1.jpg"", ""https://xcimg.szwego.com/imgHD/c84b2751/20260125/cmp_i1769345200245_3672_0_2.jpg"", ""https://xcimg.szwego.com/imgHD/c84b2751/20260125/cmp_i1769345183252_7253_0_3.jpg"", ""https://xcimg.szwego.com/imgHD/c84b2751/20260125/cmp_i1769345199965_677_0_6.jpg"", ""https://xcimg.szwego.com/imgHD/c84b2751/20260125/cmp_i1769345183252_5928_0_4.jpg"", ""https://xcimg.szwego.com/imgHD/c84b2751/20260125/cmp_i1769345183252_8709_0_5.jpg"", ""https://xcimg.szwego.com/imgHD/c84b2751/20260125/cmp_i1769345183250_3403_0_7.jpg"", ""https://xcimg.szwego.com/imgHD/c84b2751/20260125/cmp_i1769345199963_3729_0_8.jpg""]"
_df7rSI0TqBHTb1ZsubPuAQ8J2qrZUSNAQSCo5fA;;PUMA x Balenciaga 巴黎世家 Speedcat系列 德训鞋赛车鞋 圆头做旧磨损 质感满满 size：36～46 P 42.0;0;;mxyz80e9uti03ia;;Для женщин;"[""https://xcimg.szwego.com/imgHD/c84b2751/20260424/cmp_i1776983487874_7160_0_0.jpg"", ""https://xcimg.szwego.com/imgHD/c84b2751/20260424/cmp_i1776983473504_893_0_1.jpg"", ""https://xcimg.szwego.com/imgHD/c84b2751/20260424/cmp_i1776983487853_1522_0_2.jpg"", ""https://xcimg.szwego.com/imgHD/c84b2751/20260424/cmp_i1776983473446_3141_0_3.jpg"", ""https://xcimg.szwego.com/imgHD/c84b2751/20260424/cmp_i1776983473460_3244_0_4.jpg"", ""https://xcimg.szwego.com/imgHD/c84b2751/20260424/cmp_i1776983473056_5865_0_5.jpg"", ""https://xcimg.szwego.com/imgHD/c84b2751/20260424/cmp_i1776983487632_5089_0_6.jpg"", ""https://xcimg.szwego.com/imgHD/c84b2751/20260424/cmp_i1776983487414_3404_0_7.jpg"", ""https://xcimg.szwego.com/imgHD/c84b2751/20260424/cmp_i1776983473082_2176_0_8.jpg""]"
_dierSNRmDm27fwPMDJWLyDZCNRzIVKhN6ouPUzg;;PUMA x Balenciaga 巴黎世家 Speedcat系列 德训鞋赛车鞋 圆头做旧磨损 质感满满 size：36～46 P 42.0;0;;mxyz80e9uti03ia;;Для женщин;"[""https://xcimg.szwego.com/imgHD/c84b2751/20260424/cmp_i1776983040732_2717_0_1.jpg"", ""https://xcimg.szwego.com/imgHD/c84b2751/20260424/cmp_i1776983040727_5104_0_0.jpg"", ""https://xcimg.szwego.com/imgHD/c84b2751/20260424/cmp_i1776983057462_8284_0_2.jpg"", ""https://xcimg.szwego.com/imgHD/c84b2751/20260424/cmp_i1776983057474_1052_0_3.jpg"", ""https://xcimg.szwego.com/imgHD/c84b2751/20260424/cmp_i1776983057430_5267_0_4.jpg"", ""https://xcimg.szwego.com/imgHD/c84b2751/20260424/cmp_i1776983057181_4794_0_5.jpg"", ""https://xcimg.szwego.com/imgHD/c84b2751/20260424/cmp_i1776983040457_603_0_6.jpg"", ""https://xcimg.szwego.com/imgHD/c84b2751/20260424/cmp_i1776983040482_4013_0_7.jpg"", ""https://xcimg.szwego.com/imgHD/c84b2751/20260424/cmp_i1776983040463_5097_0_8.jpg""]"
_dnvrSq0fNKL6ZQ2NTfkzl7BUEY547xp9sBYz9Jw;;PUMA x Balenciaga 巴黎世家 Speedcat系列 德训鞋赛车鞋 圆头做旧磨损 质感满满 size：36～46 P 42.0;0;;mxyz80e9uti03ia;;Для женщин;"[""https://xcimg.szwego.com/imgHD/c84b2751/20260423/cmp_i1776952716354_7181_0_0.jpg"", ""https://xcimg.szwego.com/imgHD/c84b2751/20260423/cmp_i1776952701822_2744_0_1.jpg"", ""https://xcimg.szwego.com/imgHD/c84b2751/20260423/cmp_i1776952701775_5875_0_2.jpg"", ""https://xcimg.szwego.com/imgHD/c84b2751/20260423/cmp_i1776952701791_3918_0_3.jpg"", ""https://xcimg.szwego.com/imgHD/c84b2751/20260423/cmp_i1776952716092_6019_0_4.jpg"", ""https://xcimg.szwego.com/imgHD/c84b2751/20260423/cmp_i1776952701425_6938_0_6.jpg"", ""https://xcimg.szwego.com/imgHD/c84b2751/20260423/cmp_i1776952701424_9157_0_7.jpg"", ""https://xcimg.szwego.com/imgHD/c84b2751/20260423/cmp_i1776952716092_5713_0_5.jpg"", ""https://xcimg.szwego.com/imgHD/c84b2751/20260423/cmp_i1776952715891_2532_0_8.jpg""]"
_dA_rS6Dn9r7kX4FSKvtmMaDxftKAXAFlvz3QH3A;;PUMA x Balenciaga 巴黎世家 Speedcat系列 德训鞋赛车鞋 圆头做旧磨损 质感满满 size：36～42 P 42.0;0;;mxyz80e9uti03ia;;Для женщин;"[""https://xcimg.szwego.com/imgHD/c84b2751/20260423/cmp_i1776951566998_5709_0_0.jpg"", ""https://xcimg.szwego.com/imgHD/c84b2751/20260423/cmp_i1776951566942_9132_0_1.jpg"", ""https://xcimg.szwego.com/imgHD/c84b2751/20260423/cmp_i1776951546358_9481_0_2.jpg"", ""https://xcimg.szwego.com/imgHD/c84b2751/20260423/cmp_i1776951566865_3894_0_3.jpg"", ""https://xcimg.szwego.com/imgHD/c84b2751/20260423/cmp_i1776951546095_3993_0_4.jpg"", ""https://xcimg.szwego.com/imgHD/c84b2751/20260423/cmp_i1776951546072_9514_0_5.jpg"", ""https://xcimg.szwego.com/imgHD/c84b2751/20260423/cmp_i1776951546062_3428_0_6.jpg"", ""https://xcimg.szwego.com/imgHD/c84b2751/20260423/cmp_i1776951546056_2482_0_7.jpg"", ""https://xcimg.szwego.com/imgHD/c84b2751/20260423/cmp_i1776951565691_9484_0_8.jpg""]"
_d-erSYv3W9Uadze8V_nZCRZkUWLCXpsNEBxxUsw;;PUMA x Balenciaga 巴黎世家 Speedcat系列 德训鞋赛车鞋 圆头做旧磨损 质感满满 size：36～46 P 42.0;0;;mxyz80e9uti03ia;;Для женщин;"[""https://xcimg.szwego.com/imgHD/c84b2751/20260423/cmp_i1776951197144_6728_0_0.jpg"", ""https://xcimg.szwego.com/imgHD/c84b2751/20260423/cmp_i1776951197136_9802_0_1.jpg"", ""https://xcimg.szwego.com/imgHD/c84b2751/20260423/cmp_i1776951197065_6594_0_2.jpg"", ""https://xcimg.szwego.com/imgHD/c84b2751/20260423/cmp_i1776951209984_5277_0_3.jpg"", ""https://xcimg.szwego.com/imgHD/c84b2751/20260423/cmp_i1776951197120_8788_0_4.jpg"", ""https://xcimg.szwego.com/imgHD/c84b2751/20260423/cmp_i1776951209763_9256_0_5.jpg"", ""https://xcimg.szwego.com/imgHD/c84b2751/20260423/cmp_i1776951196812_6072_0_6.jpg"", ""https://xcimg.szwego.com/imgHD/c84b2751/20260423/cmp_i1776951209739_9651_0_7.jpg"", ""https://xcimg.szwego.com/imgHD/c84b2751/20260423/cmp_i1776951209763_5968_0_8.jpg""]"
_dh0rS5zx6LdJKZvHVLtUB_57wlavABkkXsPSt8A;;PUMA x Balenciaga 巴黎世家 Speedcat系列 德训鞋赛车鞋 圆头做旧磨损 质感满满 size：36～46 P 42.0;0;;mxyz80e9uti03ia;;Для женщин;"[""https://xcimg.szwego.com/imgHD/c84b2751/20260205/cmp_i1770299921342_2492_0_0.jpg"", ""https://xcimg.szwego.com/imgHD/c84b2751/20260205/cmp_i1770299908970_2826_0_1.jpg"", ""https://xcimg.szwego.com/imgHD/c84b2751/20260205/cmp_i1770299921328_3124_0_2.jpg"", ""https://xcimg.szwego.com/imgHD/c84b2751/20260205/cmp_i1770299908940_1840_0_3.jpg"", ""https://xcimg.szwego.com/imgHD/c84b2751/20260205/cmp_i1770299908200_2755_0_4.jpg"", ""https://xcimg.szwego.com/imgHD/c84b2751/20260205/cmp_i1770299908647_5888_0_5.jpg"", ""https://xcimg.szwego.com/imgHD/c84b2751/20260205/cmp_i1770299908594_5985_0_6.jpg"", ""https://xcimg.szwego.com/imgHD/c84b2751/20260205/cmp_i1770299920849_9188_0_7.jpg"", ""https://xcimg.szwego.com/imgHD/c84b2751/20260205/cmp_i1770299921125_5549_0_8.jpg""]"
_dbUrSmbZwtWm_3boEOwh6HWfjl3nwbfSSCfjNrg;;PUMA x Balenciaga 巴黎世家 Speedcat系列 德训鞋赛车鞋 圆头做旧磨损 质感满满 size：36～46 P 42.0;0;;mxyz80e9uti03ia;;Для женщин;"[""https://xcimg.szwego.com/imgHD/c84b2751/20260205/cmp_i1770299217110_1637_0_4.jpg"", ""https://xcimg.szwego.com/imgHD/c84b2751/20260205/cmp_i1770299224520_3815_0_0.jpg"", ""https://xcimg.szwego.com/imgHD/c84b2751/20260205/cmp_i1770299224493_7464_0_1.jpg"", ""https://xcimg.szwego.com/imgHD/c84b2751/20260205/cmp_i1770299217088_4926_0_2.jpg"", ""https://xcimg.szwego.com/imgHD/c84b2751/20260205/cmp_i1770299216768_7990_0_3.jpg"", ""https://xcimg.szwego.com/imgHD/c84b2751/20260205/cmp_i1770299216768_8385_0_6.jpg"", ""https://xcimg.szwego.com/imgHD/c84b2751/20260205/cmp_i1770299224267_5289_0_7.jpg"", ""https://xcimg.szwego.com/imgHD/c84b2751/20260205/cmp_i1770299216770_8610_0_5.jpg"", ""https://xcimg.szwego.com/imgHD/c84b2751/20260205/cmp_i1770299224276_4438_0_8.jpg""]"
_d3LrSfgMjPrpQzSdXOESagovRii9Hmq2UZSffjA;;Hermes Giulia系列平底拖～新款推荐！经典kelly扣，谁都无法拒绝这种极简又具有代表性的装饰！搭配任何风格的服饰都毫无问题！好穿！好搭！这个夏季就OK了～完全可以hold住！ 鞋面：意大利进口牛皮 内里：意大利进口苯染羊皮/垫脚羊皮 大底：意大利 A 级真皮底 size：35～40 P 49.0;0;;mxyz80e9uti03ia;;Для женщин;"[""https://xcimg.szwego.com/imgHD/c84b2751/20260423/cmp_i1776931700343_1233_0_0.jpg"", ""https://xcimg.szwego.com/imgHD/c84b2751/20260423/cmp_i1776931715364_9070_0_1.jpg"", ""https://xcimg.szwego.com/imgHD/c84b2751/20260423/cmp_i1776931700331_7148_0_2.jpg"", ""https://xcimg.szwego.com/imgHD/c84b2751/20260423/cmp_i1776931699784_7462_0_3.jpg"", ""https://xcimg.szwego.com/imgHD/c84b2751/20260423/cmp_i1776931699812_5681_0_4.jpg"", ""https://xcimg.szwego.com/imgHD/c84b2751/20260423/cmp_i1776931715141_7123_0_5.jpg"", ""https://xcimg.szwego.com/imgHD/c84b2751/20260423/cmp_i1776931699783_7405_0_6.jpg"", ""https://xcimg.szwego.com/imgHD/c84b2751/20260423/cmp_i1776931715117_8934_0_7.jpg"", ""https://xcimg.szwego.com/imgHD/c84b2751/20260423/cmp_i1776931715370_9144_0_8.jpg""]"
_dyErSP04xgRJeHlJAfuGu2iKTab-g8Hv3BElo3A;;Hermes Giulia系列平底拖～新款推荐！经典kelly扣，谁都无法拒绝这种极简又具有代表性的装饰！搭配任何风格的服饰都毫无问题！好穿！好搭！这个夏季就OK了～完全可以hold住！ 鞋面：意大利进口牛皮 内里：意大利进口苯染羊皮/垫脚羊皮 大底：意大利 A 级真皮底 size：35～40 P 49.0;0;;mxyz80e9uti03ia;;Для женщин;"[""https://xcimg.szwego.com/imgHD/c84b2751/20260423/cmp_i1776931309321_140_0_0.jpg"", ""https://xcimg.szwego.com/imgHD/c84b2751/20260423/cmp_i1776931309277_9086_0_1.jpg"", ""https://xcimg.szwego.com/imgHD/c84b2751/20260423/cmp_i1776931309292_981_0_2.jpg"", ""https://xcimg.szwego.com/imgHD/c84b2751/20260423/cmp_i1776931319911_3471_0_3.jpg"", ""https://xcimg.szwego.com/imgHD/c84b2751/20260423/cmp_i1776931320126_7413_0_4.jpg"", ""https://xcimg.szwego.com/imgHD/c84b2751/20260423/cmp_i1776931320343_5119_0_5.jpg"", ""https://xcimg.szwego.com/imgHD/c84b2751/20260423/cmp_i1776931308439_2200_0_6.jpg"", ""https://xcimg.szwego.com/imgHD/c84b2751/20260423/cmp_i1776931320322_3627_0_7.jpg"", ""https://xcimg.szwego.com/imgHD/c84b2751/20260423/cmp_i1776931309303_5237_0_8.jpg""]"
_d-mrSKH3GbukokQiOyUNEnet_NzGNdrDEQvP-Fw;;Hermes Giulia系列平底拖～新款推荐！经典kelly扣，谁都无法拒绝这种极简又具有代表性的装饰！搭配任何风格的服饰都毫无问题！好穿！好搭！这个夏季就OK了～完全可以hold住！ 鞋面：意大利进口牛皮 内里：意大利进口苯染羊皮/垫脚羊皮 大底：意大利 A 级真皮底 size：35～40 P 49.0;0;;mxyz80e9uti03ia;;Для женщин;"[""https://xcimg.szwego.com/imgHD/c84b2751/20260423/cmp_i1776930828306_4671_0_0.jpg"", ""https://xcimg.szwego.com/imgHD/c84b2751/20260423/cmp_i1776930828051_6707_0_1.jpg"", ""https://xcimg.szwego.com/imgHD/c84b2751/20260423/cmp_i1776930828301_6756_0_2.jpg"", ""https://xcimg.szwego.com/imgHD/c84b2751/20260423/cmp_i1776930828051_612_0_3.jpg"", ""https://xcimg.szwego.com/imgHD/c84b2751/20260423/cmp_i1776930844773_7088_0_4.jpg"", ""https://xcimg.szwego.com/imgHD/c84b2751/20260423/cmp_i1776930845309_4915_0_5.jpg"", ""https://xcimg.szwego.com/imgHD/c84b2751/20260423/cmp_i1776930828051_5714_0_6.jpg"", ""https://xcimg.szwego.com/imgHD/c84b2751/20260423/cmp_i1776930845312_4691_0_7.jpg"", ""https://xcimg.szwego.com/imgHD/c84b2751/20260423/cmp_i1776930845310_7812_0_8.jpg""]"
_dmorSK6J6F7KwJ0iPkVdlUImcs5FAH_ESnwBZ6Q;;MM6的Tabi系列，喜欢的宝儿是真喜欢，因为它非常百搭，又舒适！有一种文艺风！但是它也可以酷酷的！整个鞋子鞋面采用进口牛皮材质！不同材质显现的质感以及风格也不同！均有属于你的风格！ size：35～40 P 45.0;0;;mxyz80e9uti03ia;;Для женщин;"[""https://xcimg.szwego.com/imgHD/c84b2751/20260422/cmp_i1776793419183_843_0_7.jpg"", ""https://xcimg.szwego.com/imgHD/c84b2751/20260422/cmp_i1776793399304_8510_0_0.jpg"", ""https://xcimg.szwego.com/imgHD/c84b2751/20260422/cmp_i1776793399302_5047_0_1.jpg"", ""https://xcimg.szwego.com/imgHD/c84b2751/20260422/cmp_i1776793399309_4563_0_2.jpg"", ""https://xcimg.szwego.com/imgHD/c84b2751/20260422/cmp_i1776793412172_4136_0_3.jpg"", ""https://xcimg.szwego.com/imgHD/c84b2751/20260422/cmp_i1776793418944_3137_0_4.jpg"", ""https://xcimg.szwego.com/imgHD/c84b2751/20260422/cmp_i1776793398823_2933_0_5.jpg"", ""https://xcimg.szwego.com/imgHD/c84b2751/20260422/cmp_i1776793418722_3796_0_6.jpg"", ""https://xcimg.szwego.com/imgHD/c84b2751/20260422/cmp_i1776793418962_496_0_8.jpg""]"
_dkFrSzRfo5ItygR6saRDd2Smmh5EzD8xk1NlR2w;;MM6的Tabi系列，喜欢的宝儿是真喜欢，因为它非常百搭，又舒适！有一种文艺风！但是它也可以酷酷的！整个鞋子鞋面采用进口牛皮材质！不同材质显现的质感以及风格也不同！均有属于你的风格！ size：35～40 P 43.0;0;;mxyz80e9uti03ia;;Для женщин;"[""https://xcimg.szwego.com/imgHD/c84b2751/20260422/cmp_i1776790208456_3144_0_4.jpg"", ""https://xcimg.szwego.com/imgHD/c84b2751/20260422/cmp_i1776790164159_8822_0_0.jpg"", ""https://xcimg.szwego.com/imgHD/c84b2751/20260422/cmp_i1776790164185_4495_0_1.jpg"", ""https://xcimg.szwego.com/imgHD/c84b2751/20260422/cmp_i1776790164178_3485_0_2.jpg"", ""https://xcimg.szwego.com/imgHD/c84b2751/20260422/cmp_i1776790208060_2818_0_3.jpg"", ""https://xcimg.szwego.com/imgHD/c84b2751/20260422/cmp_i1776790208059_1674_0_5.jpg"", ""https://xcimg.szwego.com/imgHD/c84b2751/20260422/cmp_i1776790208057_4707_0_7.jpg"", ""https://xcimg.szwego.com/imgHD/c84b2751/20260422/cmp_i1776790163608_9461_0_6.jpg"", ""https://xcimg.szwego.com/imgHD/c84b2751/20260422/cmp_i1776790163608_4706_0_8.jpg""]"
_dl7rSENPTBP4AAjj6mzc1-JoQd8gtO-q6n6z0Ew;;Roger vivier 全新手工定制经典款玳瑁扣单鞋！这双无论是日常通勤还是约会或者婚礼晚宴都很适配！这种经典款，直接闭眼入～ 面料：意大利进口胎牛/麂皮/珐琅扣 内里：意大利进口混种羊皮 大底：意大利进口 A 级真皮底 跟高：2.5/4.5cm size：35～40（40 定做，不退不换） 麂皮/牛油皱皮 P 42.0 胎牛 P 46.0;0;;mxyz80e9uti03ia;;Для женщин;"[""https://xcimg.szwego.com/imgHD/c84b2751/20260420/cmp_i1776671289348_5026_0_0.jpg"", ""https://xcimg.szwego.com/imgHD/c84b2751/20260420/cmp_i1776671289350_6630_0_1.jpg"", ""https://xcimg.szwego.com/imgHD/c84b2751/20260420/cmp_i1776671289332_3969_0_2.jpg"", ""https://xcimg.szwego.com/imgHD/c84b2751/20260420/cmp_i1776671302180_9199_0_3.jpg"", ""https://xcimg.szwego.com/imgHD/c84b2751/20260420/cmp_i1776671302012_5933_0_4.jpg"", ""https://xcimg.szwego.com/imgHD/c84b2751/20260420/cmp_i1776671288912_8094_0_5.jpg"", ""https://xcimg.szwego.com/imgHD/c84b2751/20260420/cmp_i1776671302009_5440_0_6.jpg"", ""https://xcimg.szwego.com/imgHD/c84b2751/20260420/cmp_i1776671288405_6409_0_7.jpg"", ""https://xcimg.szwego.com/imgHD/c84b2751/20260420/cmp_i1776671302398_9802_0_8.jpg""]"
_dfSrSkkqCsoT6szi6awkrp5dJeyH9-XobqUnsag;;Roger vivier 全新手工定制经典款玳瑁扣单鞋！这双无论是日常通勤还是约会或者婚礼晚宴都很适配！这种经典款，直接闭眼入～ 面料：意大利进口胎牛/麂皮/珐琅扣 内里：意大利进口混种羊皮 大底：意大利进口 A 级真皮底 跟高：2.5/4.5cm size：35～40（40 定做，不退不换） 麂皮/牛油皱皮 P 42.0 胎牛 P 46.0;0;;mxyz80e9uti03ia;;Для женщин;"[""https://xcimg.szwego.com/imgHD/c84b2751/20260420/cmp_i1776670797449_7119_0_0.jpg"", ""https://xcimg.szwego.com/imgHD/c84b2751/20260420/cmp_i1776670797457_9222_0_1.jpg"", ""https://xcimg.szwego.com/imgHD/c84b2751/20260420/cmp_i1776670797448_8625_0_2.jpg"", ""https://xcimg.szwego.com/imgHD/c84b2751/20260420/cmp_i1776670797412_2804_0_3.jpg"", ""https://xcimg.szwego.com/imgHD/c84b2751/20260420/cmp_i1776670808176_5633_0_4.jpg"", ""https://xcimg.szwego.com/imgHD/c84b2751/20260420/cmp_i1776670807993_8852_0_5.jpg"", ""https://xcimg.szwego.com/imgHD/c84b2751/20260420/cmp_i1776670796868_5202_0_6.jpg"", ""https://xcimg.szwego.com/imgHD/c84b2751/20260420/cmp_i1776670807992_8929_0_7.jpg"", ""https://xcimg.szwego.com/imgHD/c84b2751/20260420/cmp_i1776670808393_1362_0_8.jpg""]"
_do9rSQE29ogfl8eDscJgdrr9DyQeEJ15V4-rG3Q;;Roger vivier 全新手工定制经典款玳瑁扣单鞋！这双无论是日常通勤还是约会或者婚礼晚宴都很适配！这种经典款，直接闭眼入～ 面料：意大利进口胎牛/麂皮/珐琅扣 内里：意大利进口混种羊皮 大底：意大利进口 A 级真皮底 跟高：2.5/4.5cm size：35～40（40 定做，不退不换） 麂皮 P 42.0 胎牛 P 46.0;0;;mxyz80e9uti03ia;;Для женщин;"[""https://xcimg.szwego.com/imgHD/c84b2751/20260420/cmp_i1776638075183_1012_0_0.jpg"", ""https://xcimg.szwego.com/imgHD/c84b2751/20260420/cmp_i1776638075682_4491_0_1.jpg"", ""https://xcimg.szwego.com/imgHD/c84b2751/20260420/cmp_i1776638075684_4293_0_2.jpg"", ""https://xcimg.szwego.com/imgHD/c84b2751/20260420/cmp_i1776638057581_9688_0_3.jpg"", ""https://xcimg.szwego.com/imgHD/c84b2751/20260420/cmp_i1776638057325_309_0_4.jpg"", ""https://xcimg.szwego.com/imgHD/c84b2751/20260420/cmp_i1776638057047_2391_0_5.jpg"", ""https://xcimg.szwego.com/imgHD/c84b2751/20260420/cmp_i1776638057079_4769_0_6.jpg"", ""https://xcimg.szwego.com/imgHD/c84b2751/20260420/cmp_i1776638075201_4635_0_7.jpg"", ""https://xcimg.szwego.com/imgHD/c84b2751/20260420/cmp_i1776638057048_9850_0_8.jpg""]"
_dabrSvFQwNi-6a7dQp6Vrz7X9QbwGTCxpgoLpjw;;Roger vivier 全新手工定制经典款玳瑁扣单鞋！这双无论是日常通勤还是约会或者婚礼晚宴都很适配！这种经典款，直接闭眼入～ 面料：意大利进口胎牛/麂皮/珐琅扣 内里：意大利进口混种羊皮 大底：意大利进口 A 级真皮底 跟高：2.5/4.5cm size：35～40（40 定做，不退不换） 麂皮/牛油皱皮 P 42.0 胎牛 P 46.0;0;;mxyz80e9uti03ia;;Для женщин;"[""https://xcimg.szwego.com/imgHD/c84b2751/20260420/cmp_i1776637489848_5146_0_0.jpg"", ""https://xcimg.szwego.com/imgHD/c84b2751/20260420/cmp_i1776637489240_5427_0_1.jpg"", ""https://xcimg.szwego.com/imgHD/c84b2751/20260420/cmp_i1776637505668_8825_0_2.jpg"", ""https://xcimg.szwego.com/imgHD/c84b2751/20260420/cmp_i1776637505660_4332_0_3.jpg"", ""https://xcimg.szwego.com/imgHD/c84b2751/20260420/cmp_i1776637489830_1308_0_4.jpg"", ""https://xcimg.szwego.com/imgHD/c84b2751/20260420/cmp_i1776637505252_7915_0_5.jpg"", ""https://xcimg.szwego.com/imgHD/c84b2751/20260420/cmp_i1776637489240_7630_0_6.jpg"", ""https://xcimg.szwego.com/imgHD/c84b2751/20260420/cmp_i1776637489275_8950_0_7.jpg"", ""https://xcimg.szwego.com/imgHD/c84b2751/20260420/cmp_i1776637505238_7199_0_8.jpg""]"
_dtqrSdA8apQiswVU0WBDvKtimX7zJcFbvtQeBTA;;Roger vivier 全新手工定制经典款玳瑁扣单鞋！这双无论是日常通勤还是约会或者婚礼晚宴都很适配！这种经典款，直接闭眼入～ 面料：意大利进口胎牛/麂皮/珐琅扣 内里：意大利进口混种羊皮 大底：意大利进口 A 级真皮底 跟高：2.5/4.5cm size：35～40（40 定做，不退不换） 麂皮/牛油皱皮 P 42.0 胎牛 P 46.0;0;;mxyz80e9uti03ia;;Для женщин;"[""https://xcimg.szwego.com/imgHD/c84b2751/20260421/cmp_i1776767473896_1785_0_0.jpg"", ""https://xcimg.szwego.com/imgHD/c84b2751/20260421/cmp_i1776767490596_227_0_1.jpg"", ""https://xcimg.szwego.com/imgHD/c84b2751/20260421/cmp_i1776767490581_7380_0_2.jpg"", ""https://xcimg.szwego.com/imgHD/c84b2751/20260421/cmp_i1776767490561_3351_0_3.jpg"", ""https://xcimg.szwego.com/imgHD/c84b2751/20260421/cmp_i1776767473838_6547_0_4.jpg"", ""https://xcimg.szwego.com/imgHD/c84b2751/20260421/cmp_i1776767490230_5260_0_7.jpg"", ""https://xcimg.szwego.com/imgHD/c84b2751/20260421/cmp_i1776767473262_2538_0_5.jpg"", ""https://xcimg.szwego.com/imgHD/c84b2751/20260421/cmp_i1776767473261_2562_0_6.jpg"", ""https://xcimg.szwego.com/imgHD/c84b2751/20260421/cmp_i1776767473589_3757_0_8.jpg""]"
_dnErSk-ynnk7gz7ZGKqacP6ApETl9QvtxfV6fhw;;Roger vivier 全新手工定制经典款玳瑁扣单鞋！这双无论是日常通勤还是约会或者婚礼晚宴都很适配！这种经典款，直接闭眼入～ 面料：意大利进口胎牛/麂皮/珐琅扣 内里：意大利进口混种羊皮 大底：意大利进口 A 级真皮底 跟高：2.5/4.5cm size：35～40（40 定做，不退不换） 麂皮/牛油皱皮 P 42.0 胎牛 P 46.0;0;;mxyz80e9uti03ia;;Для женщин;"[""https://xcimg.szwego.com/imgHD/c84b2751/20260420/cmp_i1776636541855_1503_0_0.jpg"", ""https://xcimg.szwego.com/imgHD/c84b2751/20260420/cmp_i1776636530548_7102_0_1.jpg"", ""https://xcimg.szwego.com/imgHD/c84b2751/20260420/cmp_i1776636530557_6073_0_2.jpg"", ""https://xcimg.szwego.com/imgHD/c84b2751/20260420/cmp_i1776636529963_8830_0_3.jpg"", ""https://xcimg.szwego.com/imgHD/c84b2751/20260420/cmp_i1776636541843_5806_0_4.jpg"", ""https://xcimg.szwego.com/imgHD/c84b2751/20260420/cmp_i1776636530535_3505_0_5.jpg"", ""https://xcimg.szwego.com/imgHD/c84b2751/20260420/cmp_i1776636541424_5386_0_6.jpg"", ""https://xcimg.szwego.com/imgHD/c84b2751/20260420/cmp_i1776636541426_3416_0_7.jpg"", ""https://xcimg.szwego.com/imgHD/c84b2751/20260420/cmp_i1776636530536_5203_0_8.jpg""]"
_dm4rSjNH_He0PHkx8KZbc1aHG8J8m9V_o9YlR-Q;;Roger vivier 全新手工定制经典款玳瑁扣单鞋！这双无论是日常通勤还是约会或者婚礼晚宴都很适配！这种经典款，直接闭眼入～ 面料：意大利进口胎牛/麂皮/珐琅扣 内里：意大利进口混种羊皮 大底：意大利进口 A 级真皮底 跟高：2.5/4.5cm size：35～40（40 定做，不退不换） 麂皮/牛油皱皮 P 42.0 胎牛 P 46.0;0;;mxyz80e9uti03ia;;Для женщин;"[""https://xcimg.szwego.com/imgHD/c84b2751/20260420/cmp_i1776624782985_1092_0_0.jpg"", ""https://xcimg.szwego.com/imgHD/c84b2751/20260420/cmp_i1776624780585_1956_0_1.jpg"", ""https://xcimg.szwego.com/imgHD/c84b2751/20260420/cmp_i1776624780594_2321_0_2.jpg"", ""https://xcimg.szwego.com/imgHD/c84b2751/20260420/cmp_i1776624780584_5799_0_3.jpg"", ""https://xcimg.szwego.com/imgHD/c84b2751/20260420/cmp_i1776624780562_4343_0_4.jpg"", ""https://xcimg.szwego.com/imgHD/c84b2751/20260420/cmp_i1776624779657_9284_0_5.jpg"", ""https://xcimg.szwego.com/imgHD/c84b2751/20260420/cmp_i1776624782565_1451_0_6.jpg"", ""https://xcimg.szwego.com/imgHD/c84b2751/20260420/cmp_i1776624782569_1878_0_7.jpg"", ""https://xcimg.szwego.com/imgHD/c84b2751/20260420/cmp_i1776624782976_2960_0_8.jpg""]"
_dp-rSmNjcXyU6KE6PyE5iyRmbATL4ck-ec8GGYw;;Roger vivier 全新手工定制经典款玳瑁扣单鞋！这双无论是日常通勤还是约会或者婚礼晚宴都很适配！这种经典款，直接闭眼入～ 面料：意大利进口胎牛/麂皮/珐琅扣 内里：意大利进口混种羊皮 大底：意大利进口 A 级真皮底 跟高：2.5/4.5cm size：35～40（40 定做，不退不换） 麂皮/牛油皱皮 P 42.0 胎牛 P 46.0;0;;mxyz80e9uti03ia;;Для женщин;"[""https://xcimg.szwego.com/imgHD/c84b2751/20260420/cmp_i1776624469457_6945_0_0.jpg"", ""https://xcimg.szwego.com/imgHD/c84b2751/20260420/cmp_i1776624469360_8029_0_1.jpg"", ""https://xcimg.szwego.com/imgHD/c84b2751/20260420/cmp_i1776624515853_7741_0_2.jpg"", ""https://xcimg.szwego.com/imgHD/c84b2751/20260420/cmp_i1776624469390_7177_0_3.jpg"", ""https://xcimg.szwego.com/imgHD/c84b2751/20260420/cmp_i1776624515830_2151_0_4.jpg"", ""https://xcimg.szwego.com/imgHD/c84b2751/20260420/cmp_i1776624515855_592_0_5.jpg"", ""https://xcimg.szwego.com/imgHD/c84b2751/20260420/cmp_i1776624468964_6002_0_6.jpg"", ""https://xcimg.szwego.com/imgHD/c84b2751/20260420/cmp_i1776624512006_8663_0_7.jpg"", ""https://xcimg.szwego.com/imgHD/c84b2751/20260420/cmp_i1776624515849_8681_0_8.jpg""]"
_dkZrSI_uMYGyXfdoOz01ni1Wkt1ZBvRt07BwUzA;;Roger vivier 全新手工定制经典钻扣圆头单鞋！这双无论是日常通勤还是约会或者婚礼晚宴都很适配！这种经典款，直接闭眼入～ 面料：意大利进口小牛皮 内里：意大利进口混种羊皮 饰扣：施华洛世奇水钻 大底：意大利进口 A 级真皮底 size：35～40（40 定做，不退不换） P 46.0;0;;mxyz80e9uti03ia;;Для женщин;"[""https://xcimg.szwego.com/imgHD/c84b2751/20260420/cmp_i1776689446536_2148_0_0.jpg"", ""https://xcimg.szwego.com/imgHD/c84b2751/20260420/cmp_i1776689446524_8966_0_1.jpg"", ""https://xcimg.szwego.com/imgHD/c84b2751/20260420/cmp_i1776689446533_7462_0_2.jpg"", ""https://xcimg.szwego.com/imgHD/c84b2751/20260420/cmp_i1776689524060_4206_0_3.jpg"", ""https://xcimg.szwego.com/imgHD/c84b2751/20260420/cmp_i1776689445845_784_0_5.jpg"", ""https://xcimg.szwego.com/imgHD/c84b2751/20260420/cmp_i1776689523609_9988_0_5.jpg"", ""https://xcimg.szwego.com/imgHD/c84b2751/20260420/cmp_i1776689445872_8777_0_4.jpg"", ""https://xcimg.szwego.com/imgHD/c84b2751/20260420/cmp_i1776689517745_7323_0_7.jpg"", ""https://xcimg.szwego.com/imgHD/c84b2751/20260420/cmp_i1776689518137_7145_0_8.jpg""]"
_dm6rSlqW0muWlOLtQM8Ai9v3tEZogS6aajhJMQQ;;Roger vivier 全新手工定制经典钻扣圆头单鞋！这双无论是日常通勤还是约会或者婚礼晚宴都很适配！这种经典款，直接闭眼入～ 面料：意大利进口小牛皮 内里：意大利进口混种羊皮 饰扣：施华洛世奇水钻 大底：意大利进口 A 级真皮底 size：35～40（40 定做，不退不换） P 46.0;0;;mxyz80e9uti03ia;;Для женщин;"[""https://xcimg.szwego.com/imgHD/c84b2751/20260420/cmp_i1776688820630_2197_0_0.jpg"", ""https://xcimg.szwego.com/imgHD/c84b2751/20260420/cmp_i1776688820667_7549_0_1.jpg"", ""https://xcimg.szwego.com/imgHD/c84b2751/20260420/cmp_i1776688832089_3865_0_2.jpg"", ""https://xcimg.szwego.com/imgHD/c84b2751/20260420/cmp_i1776688820572_2106_0_3.jpg"", ""https://xcimg.szwego.com/imgHD/c84b2751/20260420/cmp_i1776688832083_6417_0_4.jpg"", ""https://xcimg.szwego.com/imgHD/c84b2751/20260420/cmp_i1776688820565_8325_0_5.jpg"", ""https://xcimg.szwego.com/imgHD/c84b2751/20260420/cmp_i1776688831872_3134_0_6.jpg"", ""https://xcimg.szwego.com/imgHD/c84b2751/20260420/cmp_i1776688820101_9901_0_7.jpg"", ""https://xcimg.szwego.com/imgHD/c84b2751/20260420/cmp_i1776688831637_1243_0_8.jpg""]"
_dw9rSjb_AZjywA8szy68yVkLML7YS-LxFQBySxQ;;CHANEL 26P 新款系带拼色凉鞋！26P 太多好看的款式了，经典双C logo 点缀颜值超级在线！ 鞋面：意大利小羊皮 内里：意大利混种羊皮 大底：意大利 A 级真皮底 跟高：1/9cm size：35～41 平底 P 46.0 高跟 P 48.0;0;;mxyz80e9uti03ia;;Для женщин;"[""https://xcimg.szwego.com/imgHD/c84b2751/20260421/cmp_i1776709418155_7414_0_0.jpg"", ""https://xcimg.szwego.com/imgHD/c84b2751/20260421/cmp_i1776709418338_2283_0_1.jpg"", ""https://xcimg.szwego.com/imgHD/c84b2751/20260421/cmp_i1776709418158_7057_0_2.jpg"", ""https://xcimg.szwego.com/imgHD/c84b2751/20260421/cmp_i1776709414647_5126_0_3.jpg"", ""https://xcimg.szwego.com/imgHD/c84b2751/20260421/cmp_i1776709414647_4015_0_6.jpg"", ""https://xcimg.szwego.com/imgHD/c84b2751/20260421/cmp_i1776709414645_6116_0_4.jpg"", ""https://xcimg.szwego.com/imgHD/c84b2751/20260421/cmp_i1776709414649_3360_0_5.jpg"", ""https://xcimg.szwego.com/imgHD/c84b2751/20260421/cmp_i1776709418162_1295_0_7.jpg"", ""https://xcimg.szwego.com/imgHD/c84b2751/20260421/cmp_i1776709414644_564_0_8.jpg""]"
_dwwrSerqUtQyl5tx8VLAwsM89ACNDM8amhr36og;;CHANEL 26P 新款系带拼色凉鞋！26P 太多好看的款式了，经典双C logo 点缀颜值超级在线！ 鞋面：意大利小羊皮 内里：意大利混种羊皮 大底：意大利 A 级真皮底 跟高：1/9cm size：35～41 平底 P 46.0 高跟 P 48.0;0;;mxyz80e9uti03ia;;Для женщин;"[""https://xcimg.szwego.com/imgHD/c84b2751/20260421/cmp_i1776708916087_8799_0_0.jpg"", ""https://xcimg.szwego.com/imgHD/c84b2751/20260421/cmp_i1776708919159_3182_0_1.jpg"", ""https://xcimg.szwego.com/imgHD/c84b2751/20260421/cmp_i1776708919149_6909_0_2.jpg"", ""https://xcimg.szwego.com/imgHD/c84b2751/20260421/cmp_i1776708916091_3352_0_3.jpg"", ""https://xcimg.szwego.com/imgHD/c84b2751/20260421/cmp_i1776708916089_8967_0_4.jpg"", ""https://xcimg.szwego.com/imgHD/c84b2751/20260421/cmp_i1776708919153_822_0_5.jpg"", ""https://xcimg.szwego.com/imgHD/c84b2751/20260421/cmp_i1776708919160_4279_0_6.jpg"", ""https://xcimg.szwego.com/imgHD/c84b2751/20260421/cmp_i1776708916090_8095_0_7.jpg"", ""https://xcimg.szwego.com/imgHD/c84b2751/20260421/cmp_i1776708916089_691_0_8.jpg""]"
_d8yrS31yqV6iMEbmk5mMTWu0uDIYauoseYaHCdw;;CHANEL 26P 新款系带拼色凉鞋！26P 太多好看的款式了，经典双C logo 点缀颜值超级在线！ 鞋面：意大利小羊皮 内里：意大利混种羊皮 大底：意大利 A 级真皮底 跟高：1/9cm size：35～41 平底 P 46.0 高跟 P 48.0;0;;mxyz80e9uti03ia;;Для женщин;"[""https://xcimg.szwego.com/imgHD/c84b2751/20260421/cmp_i1776708301216_6166_0_0.jpg"", ""https://xcimg.szwego.com/imgHD/c84b2751/20260421/cmp_i1776708292206_527_0_1.jpg"", ""https://xcimg.szwego.com/imgHD/c84b2751/20260421/cmp_i1776708292209_6742_0_2.jpg"", ""https://xcimg.szwego.com/imgHD/c84b2751/20260421/cmp_i1776708301232_9864_0_3.jpg"", ""https://xcimg.szwego.com/imgHD/c84b2751/20260421/cmp_i1776708292209_8390_0_4.jpg"", ""https://xcimg.szwego.com/imgHD/c84b2751/20260421/cmp_i1776708292203_3561_0_5.jpg"", ""https://xcimg.szwego.com/imgHD/c84b2751/20260421/cmp_i1776708301229_3435_0_6.jpg"", ""https://xcimg.szwego.com/imgHD/c84b2751/20260421/cmp_i1776708301230_9312_0_7.jpg"", ""https://xcimg.szwego.com/imgHD/c84b2751/20260421/cmp_i1776708292208_6274_0_8.jpg""]"
_dekrSTLVotrDq2x2LTWBBXvsOImEXJnRODLBVXQ;;CHANEL 26P 新款系带拼色凉鞋！26P 太多好看的款式了，经典双C logo 点缀颜值超级在线！ 鞋面：意大利小羊皮 内里：意大利混种羊皮 大底：意大利 A 级真皮底 跟高：1/9cm size：35～41 平底 P 46.0 高跟 P 48.0;0;;mxyz80e9uti03ia;;Для женщин;"[""https://xcimg.szwego.com/imgHD/c84b2751/20260421/cmp_i1776707889404_4507_0_0.jpg"", ""https://xcimg.szwego.com/imgHD/c84b2751/20260421/cmp_i1776707889405_8382_0_1.jpg"", ""https://xcimg.szwego.com/imgHD/c84b2751/20260421/cmp_i1776707889404_9752_0_2.jpg"", ""https://xcimg.szwego.com/imgHD/c84b2751/20260421/cmp_i1776707889404_1821_0_3.jpg"", ""https://xcimg.szwego.com/imgHD/c84b2751/20260421/cmp_i1776707895764_6456_0_4.jpg"", ""https://xcimg.szwego.com/imgHD/c84b2751/20260421/cmp_i1776707895762_5585_0_7.jpg"", ""https://xcimg.szwego.com/imgHD/c84b2751/20260421/cmp_i1776707889404_134_0_5.jpg"", ""https://xcimg.szwego.com/imgHD/c84b2751/20260421/cmp_i1776707895939_8714_0_6.jpg"", ""https://xcimg.szwego.com/imgHD/c84b2751/20260421/cmp_i1776707895755_7160_0_8.jpg""]"
_dl8rSCHLkq2Q0ZN7gf2K7kmy81ZjK8f_8rBzPYw;;CHANEL 26P 新款黑色绒面厚水台高跟凉鞋！经典双C金属钻扣配粗跟，复古时髦，百搭显高。 鞋面：意大利羊麂皮面 饰扣：1:1 开模施华洛钻扣 大底：TPU 水台/意大利真皮底 跟高：11.5cm size：35～41 P 54.0;0;;mxyz80e9uti03ia;;Для женщин;"[""https://xcimg.szwego.com/imgHD/c84b2751/20260421/cmp_i1776707269935_6062_0_0.jpg"", ""https://xcimg.szwego.com/imgHD/c84b2751/20260421/cmp_i1776707260949_4531_0_1.jpg"", ""https://xcimg.szwego.com/imgHD/c84b2751/20260421/cmp_i1776707260949_8188_0_2.jpg"", ""https://xcimg.szwego.com/imgHD/c84b2751/20260421/cmp_i1776707260949_1368_0_3.jpg"", ""https://xcimg.szwego.com/imgHD/c84b2751/20260421/cmp_i1776707260949_5829_0_4.jpg"", ""https://xcimg.szwego.com/imgHD/c84b2751/20260421/cmp_i1776707260949_9132_0_5.jpg"", ""https://xcimg.szwego.com/imgHD/c84b2751/20260421/cmp_i1776707269945_3476_0_6.jpg"", ""https://xcimg.szwego.com/imgHD/c84b2751/20260421/cmp_i1776707269936_2257_0_7.jpg"", ""https://xcimg.szwego.com/imgHD/c84b2751/20260421/cmp_i1776707269940_6915_0_8.jpg""]"
_dwSrSvHqJt4Y0lwb2FkPh-LlWt_aRXFSQ2MUXdw;;Chanel 26C 早春系列魔术贴钻扣平底拖鞋！经典双C 水钻logo，质感绝绝子～ 鞋面：意大利进口羊反毛皮 内里：意大利进口羊皮 饰扣：施华洛世奇水钻/镀金双 C 扣 大底：意大利A 级真皮底 size：35～41 P 48.0;0;;mxyz80e9uti03ia;;Для женщин;"[""https://xcimg.szwego.com/imgHD/c84b2751/20260329/cmp_i1774775958531_4243_0_3.jpg"", ""https://xcimg.szwego.com/imgHD/c84b2751/20260329/cmp_i1774775939294_8656_0_1.jpg"", ""https://xcimg.szwego.com/imgHD/c84b2751/20260329/cmp_i1774775958539_7909_0_0.jpg"", ""https://xcimg.szwego.com/imgHD/c84b2751/20260329/cmp_i1774775958536_6987_0_5.jpg"", ""https://xcimg.szwego.com/imgHD/c84b2751/20260329/cmp_i1774775958541_9526_0_2.jpg"", ""https://xcimg.szwego.com/imgHD/c84b2751/20260329/cmp_i1774775939294_6203_0_4.jpg"", ""https://xcimg.szwego.com/imgHD/c84b2751/20260329/cmp_i1774775939294_7666_0_6.jpg"", ""https://xcimg.szwego.com/imgHD/c84b2751/20260329/cmp_i1774775939294_4498_0_7.jpg"", ""https://xcimg.szwego.com/imgHD/c84b2751/20260329/cmp_i1774775939294_7908_0_8.jpg""]"
_d_erSzApRX8XYHtczVxVNbtde3FK3vwsrM3NP5Q;;GGDB 最新款厚底小脏鞋！面料采用纯进口丝光牛皮，手感绝了！定制纯棉毛巾布里！鞋底采用的是Vibram 专属橡胶外底，耐磨又轻便！这种手感和质感都区别于那些市面百来块的东西！手工做旧处理，自带高级感！ size：35～40 正码 P 39.0;0;;mxyz80e9uti03ia;;Для женщин;"[""https://xcimg.szwego.com/imgHD/c84b2751/20260420/cmp_i1776694479119_2846_0_4.jpg"", ""https://xcimg.szwego.com/imgHD/c84b2751/20260420/cmp_i1776694494583_3591_0_9.jpg"", ""https://xcimg.szwego.com/imgHD/c84b2751/20260420/cmp_i1776694494537_2290_0_1.jpg"", ""https://xcimg.szwego.com/imgHD/c84b2751/20260420/cmp_i1776694479119_6963_0_2.jpg"", ""https://xcimg.szwego.com/imgHD/c84b2751/20260420/cmp_i1776694478545_5725_0_3.jpg"", ""https://xcimg.szwego.com/imgHD/c84b2751/20260420/cmp_i1776694494277_1717_0_5.jpg"", ""https://xcimg.szwego.com/imgHD/c84b2751/20260420/cmp_i1776694478738_848_0_6.jpg"", ""https://xcimg.szwego.com/imgHD/c84b2751/20260420/cmp_i1776694493942_2117_0_7.jpg"", ""https://xcimg.szwego.com/imgHD/c84b2751/20260420/cmp_i1776694478545_988_0_8.jpg""]"
_dSprSC_4sdy6Syz0-CD7LXyakXS3vSi39IddOkQ;;Miumiu 最新款网格运动鞋，经典的款式搭配网面材质，非常时髦，百搭休闲！ 鞋面：高丝光牛反绒/透气网布 内里：高丝光牛反绒 大底：TPU模具大底！ size：35～40 P 39.0;0;;mxyz80e9uti03ia;;Для женщин;"[""https://xcimg.szwego.com/imgHD/c84b2751/20260420/cmp_i1776691311725_9060_0_0.jpg"", ""https://xcimg.szwego.com/imgHD/c84b2751/20260420/cmp_i1776691311725_7313_0_1.jpg"", ""https://xcimg.szwego.com/imgHD/c84b2751/20260420/cmp_i1776691311753_1528_0_2.jpg"", ""https://xcimg.szwego.com/imgHD/c84b2751/20260420/cmp_i1776691333064_2512_0_3.jpg"", ""https://xcimg.szwego.com/imgHD/c84b2751/20260420/cmp_i1776691333072_9504_0_4.jpg"", ""https://xcimg.szwego.com/imgHD/c84b2751/20260420/cmp_i1776691311725_7684_0_5.jpg"", ""https://xcimg.szwego.com/imgHD/c84b2751/20260420/cmp_i1776691311725_5394_0_6.jpg"", ""https://xcimg.szwego.com/imgHD/c84b2751/20260420/cmp_i1776691333065_1653_0_7.jpg"", ""https://xcimg.szwego.com/imgHD/c84b2751/20260420/cmp_i1776691333069_8658_0_8.jpg""]"
_d7ErShPUpyG_32igcqyfLMtn4AncmHhU5IIH2aQ;;Miumiu 最新款网格运动鞋，经典的款式搭配网面材质，非常时髦，百搭休闲！ 鞋面：高丝光牛反绒/透气网布 内里：高丝光牛反绒 大底：TPU模具大底！ size：35～40 P 39.0;0;;mxyz80e9uti03ia;;Для женщин;"[""https://xcimg.szwego.com/imgHD/c84b2751/20260420/cmp_i1776690194547_6821_0_0.jpg"", ""https://xcimg.szwego.com/imgHD/c84b2751/20260420/cmp_i1776690216363_2713_0_1.jpg"", ""https://xcimg.szwego.com/imgHD/c84b2751/20260420/cmp_i1776690194532_3501_0_2.jpg"", ""https://xcimg.szwego.com/imgHD/c84b2751/20260420/cmp_i1776690194312_7274_0_3.jpg"", ""https://xcimg.szwego.com/imgHD/c84b2751/20260420/cmp_i1776690215564_8982_0_4.jpg"", ""https://xcimg.szwego.com/imgHD/c84b2751/20260420/cmp_i1776690215575_8746_0_5.jpg"", ""https://xcimg.szwego.com/imgHD/c84b2751/20260420/cmp_i1776690194533_578_0_6.jpg"", ""https://xcimg.szwego.com/imgHD/c84b2751/20260420/cmp_i1776690215551_9596_0_7.jpg"", ""https://xcimg.szwego.com/imgHD/c84b2751/20260420/cmp_i1776690194283_8750_0_8.jpg""]"
_drwrShHvRcRscfTh2uOiBRazzA2OAtS2jnHR9OA;;Balenciaga 火爆款运动鞋3XL 挂饰版！增高且显腿细，真的好好看，必入款式！ 面料采用网布材料和聚氨酯，不含皮革！大底磨损效果，鞋头边缘和后帮Balenciag微标！做工细节，所见即所得！ size：35～46 P 55.0;0;;mxyz80e9uti03ia;;Для женщин;"[""https://xcimg.szwego.com/imgHD/c84b2751/20260419/cmp_i1776591887313_7709_0_0.jpg"", ""https://xcimg.szwego.com/imgHD/c84b2751/20260419/cmp_i1776591887304_1334_0_1.jpg"", ""https://xcimg.szwego.com/imgHD/c84b2751/20260419/cmp_i1776591887067_1689_0_2.jpg"", ""https://xcimg.szwego.com/imgHD/c84b2751/20260419/cmp_i1776591866957_244_0_3.jpg"", ""https://xcimg.szwego.com/imgHD/c84b2751/20260419/cmp_i1776591887067_8898_0_4.jpg"", ""https://xcimg.szwego.com/imgHD/c84b2751/20260419/cmp_i1776591866908_4127_0_5.jpg"", ""https://xcimg.szwego.com/imgHD/c84b2751/20260419/cmp_i1776591866938_3927_0_6.jpg"", ""https://xcimg.szwego.com/imgHD/c84b2751/20260419/cmp_i1776591866958_5002_0_7.jpg"", ""https://xcimg.szwego.com/imgHD/c84b2751/20260419/cmp_i1776591866943_828_0_8.jpg""]"
_dklrSKuHWxGbLN2XVZLZsa3YpwX_JAYEsOPl_5g;;巴黎世家 track 1.0 经典老爹鞋！原ban面料，全新升级！无论怎么穿搭都是酷酷的，真的好好看...必入！整个鞋型到做工都经过严格把关！整个鞋面要经过无数个拼接技术组成！极为复杂！ size：35～46 P 60.0;0;;mxyz80e9uti03ia;;Для женщин;"[""https://xcimg.szwego.com/imgHD/c84b2751/20260419/cmp_i1776591506240_2088_0_0.jpg"", ""https://xcimg.szwego.com/imgHD/c84b2751/20260419/cmp_i1776591506249_5392_0_1.jpg"", ""https://xcimg.szwego.com/imgHD/c84b2751/20260419/cmp_i1776591485814_5110_0_2.jpg"", ""https://xcimg.szwego.com/imgHD/c84b2751/20260419/cmp_i1776591485796_429_0_3.jpg"", ""https://xcimg.szwego.com/imgHD/c84b2751/20260419/cmp_i1776591505992_7135_0_4.jpg"", ""https://xcimg.szwego.com/imgHD/c84b2751/20260419/cmp_i1776591485770_4288_0_5.jpg"", ""https://xcimg.szwego.com/imgHD/c84b2751/20260419/cmp_i1776591505768_9873_0_6.jpg"", ""https://xcimg.szwego.com/imgHD/c84b2751/20260419/cmp_i1776591485684_4251_0_7.jpg"", ""https://xcimg.szwego.com/imgHD/c84b2751/20260419/cmp_i1776591485767_5095_0_8.jpg""]"
_dsZrSiryjTAkiY-7UxQwos30lUOoGIZdzvZcT9w;;Balenciaga巴黎世家 Radar 黑白真的太好看了吧！原ban面料，做工细节精细！无论怎么穿搭都是酷酷的，真的好好看...必入！整个鞋型到做工都经过严格把关！整个鞋面要经过无数个拼接技术组成！极为复杂！ size：35-46（⚠️偏大一码） P 45.0;0;;mxyz80e9uti03ia;;Для женщин;"[""https://xcimg.szwego.com/imgHD/c84b2751/20260419/cmp_i1776552664472_5641_0_0.jpg"", ""https://xcimg.szwego.com/imgHD/c84b2751/20260419/cmp_i1776552680596_9136_0_1.jpg"", ""https://xcimg.szwego.com/imgHD/c84b2751/20260419/cmp_i1776552664137_1663_0_2.jpg"", ""https://xcimg.szwego.com/imgHD/c84b2751/20260419/cmp_i1776552664410_725_0_3.jpg"", ""https://xcimg.szwego.com/imgHD/c84b2751/20260419/cmp_i1776552664072_6783_0_4.jpg"", ""https://xcimg.szwego.com/imgHD/c84b2751/20260419/cmp_i1776552680205_5843_0_5.jpg"", ""https://xcimg.szwego.com/imgHD/c84b2751/20260419/cmp_i1776552663776_9089_0_6.jpg"", ""https://xcimg.szwego.com/imgHD/c84b2751/20260419/cmp_i1776552680380_2668_0_7.jpg"", ""https://xcimg.szwego.com/imgHD/c84b2751/20260419/cmp_i1776552680208_1576_0_8.jpg""]"
_dsSrSaAhGSXTT4otQo_s52fTpdioC9iD_qZeoZA;;Balenciaga巴黎世家 Radar 紫色真的太好看了吧！原ban面料，做工细节精细！无论怎么穿搭都是酷酷的，真的好好看...必入！整个鞋型到做工都经过严格把关！整个鞋面要经过无数个拼接技术组成！极为复杂！ size：35～42（⚠️偏大一码） P 45.0;0;;mxyz80e9uti03ia;;Для женщин;"[""https://xcimg.szwego.com/imgHD/c84b2751/20260419/cmp_i1776552413472_6232_0_0.jpg"", ""https://xcimg.szwego.com/imgHD/c84b2751/20260419/cmp_i1776552413443_5289_0_1.jpg"", ""https://xcimg.szwego.com/imgHD/c84b2751/20260419/cmp_i1776552398486_2728_0_2.jpg"", ""https://xcimg.szwego.com/imgHD/c84b2751/20260419/cmp_i1776552398509_2046_0_3.jpg"", ""https://xcimg.szwego.com/imgHD/c84b2751/20260419/cmp_i1776552413034_3678_0_4.jpg"", ""https://xcimg.szwego.com/imgHD/c84b2751/20260419/cmp_i1776552413051_6808_0_5.jpg"", ""https://xcimg.szwego.com/imgHD/c84b2751/20260419/cmp_i1776552398183_1286_0_6.jpg"", ""https://xcimg.szwego.com/imgHD/c84b2751/20260419/cmp_i1776552397877_4234_0_7.jpg"", ""https://xcimg.szwego.com/imgHD/c84b2751/20260419/cmp_i1776552398207_3866_0_8.jpg""]"
_dvqrSncK8DJGpNOJ4PObabJSbr-uXPv_AuLlwYA;;Balenciaga 巴黎世家 Triple S .2 粉色真的太好看了吧！原ban面料，做工细节精细！无论怎么穿搭都是酷酷的，真的好好看...必入！整个鞋型到做工都经过严格把关！整个鞋面要经过无数个拼接技术组成！极为复杂！ size：35～42（偏大一码） P 55.0;0;;mxyz80e9uti03ia;;Для женщин;"[""https://xcimg.szwego.com/imgHD/c84b2751/20260419/cmp_i1776551923439_4633_0_0.jpg"", ""https://xcimg.szwego.com/imgHD/c84b2751/20260419/cmp_i1776551923430_3524_0_1.jpg"", ""https://xcimg.szwego.com/imgHD/c84b2751/20260419/cmp_i1776551904063_8216_0_2.jpg"", ""https://xcimg.szwego.com/imgHD/c84b2751/20260419/cmp_i1776551903755_7905_0_3.jpg"", ""https://xcimg.szwego.com/imgHD/c84b2751/20260419/cmp_i1776551903615_9202_0_6.jpg"", ""https://xcimg.szwego.com/imgHD/c84b2751/20260419/cmp_i1776551903772_4848_0_4.jpg"", ""https://xcimg.szwego.com/imgHD/c84b2751/20260419/cmp_i1776551903615_6710_0_5.jpg"", ""https://xcimg.szwego.com/imgHD/c84b2751/20260419/cmp_i1776551922972_7679_0_7.jpg"", ""https://xcimg.szwego.com/imgHD/c84b2751/20260419/cmp_i1776551922974_2573_0_8.jpg""]"
_dkUrS2VSbvPWeM9eiejk7Fu2sHhd3Jy53118Cyw;;Alaia丨25 新品一字带浅口镂空网眼芭蕾舞鞋！不仅简约现代，还很百搭！女生鞋柜必备！鞋面采用定制进口网面！ZP定制全粒面羊皮里，舒适透气！定制 TPU 大底，防滑耐磨！ size：35～41（40、41 定制不退换） P 40.0;0;;mxyz80e9uti03ia;;Для женщин;"[""https://xcimg.szwego.com/imgHD/c84b2751/20260418/cmp_i1776501420102_2777_0_0.jpg"", ""https://xcimg.szwego.com/imgHD/c84b2751/20260418/cmp_i1776501401150_426_0_1.jpg"", ""https://xcimg.szwego.com/imgHD/c84b2751/20260418/cmp_i1776501419731_9378_0_2.jpg"", ""https://xcimg.szwego.com/imgHD/c84b2751/20260418/cmp_i1776501400834_9036_0_3.jpg"", ""https://xcimg.szwego.com/imgHD/c84b2751/20260418/cmp_i1776501419728_3204_0_4.jpg"", ""https://xcimg.szwego.com/imgHD/c84b2751/20260418/cmp_i1776501419730_6101_0_5.jpg"", ""https://xcimg.szwego.com/imgHD/c84b2751/20260418/cmp_i1776501400835_1444_0_6.jpg"", ""https://xcimg.szwego.com/imgHD/c84b2751/20260418/cmp_i1776501400682_4929_0_7.jpg"", ""https://xcimg.szwego.com/imgHD/c84b2751/20260418/cmp_i1776501400682_2189_0_8.jpg""]"
_dnOrSKQWi5ErCDxS17yYqgPYFC1mFg_du6EISjw;;Alaia丨25 新品一字带浅口镂空网眼芭蕾舞鞋！不仅简约现代，还很百搭！女生鞋柜必备！鞋面采用定制进口网面！ZP定制全粒面羊皮里，舒适透气！定制 TPU 大底，防滑耐磨！ size：35～41（40、41 定制不退换） P 40.0;0;;mxyz80e9uti03ia;;Для женщин;"[""https://xcimg.szwego.com/imgHD/c84b2751/20260417/cmp_i1776357586108_1659_0_0.jpg"", ""https://xcimg.szwego.com/imgHD/c84b2751/20260417/cmp_i1776357590140_8914_0_1.jpg"", ""https://xcimg.szwego.com/imgHD/c84b2751/20260417/cmp_i1776357590099_5790_0_2.jpg"", ""https://xcimg.szwego.com/imgHD/c84b2751/20260417/cmp_i1776357586093_2846_0_3.jpg"", ""https://xcimg.szwego.com/imgHD/c84b2751/20260417/cmp_i1776357589847_6271_0_4.jpg"", ""https://xcimg.szwego.com/imgHD/c84b2751/20260417/cmp_i1776357589665_8176_0_5.jpg"", ""https://xcimg.szwego.com/imgHD/c84b2751/20260417/cmp_i1776357585729_9270_0_6.jpg"", ""https://xcimg.szwego.com/imgHD/c84b2751/20260417/cmp_i1776357585445_5788_0_7.jpg"", ""https://xcimg.szwego.com/imgHD/c84b2751/20260417/cmp_i1776357586057_1855_0_8.jpg""]"
_dlUrSrOk14ai21hSmHPaqrent2zFfNAEYLQc5ow;;Alaia丨25 新品一字带浅口镂空网眼芭蕾舞鞋！不仅简约现代，还很百搭！女生鞋柜必备！鞋面采用定制进口网面！ZP定制全粒面羊皮里，舒适透气！定制 TPU 大底，防滑耐磨！ size：35～41（40、41 定制不退换） P 40.0;0;;mxyz80e9uti03ia;;Для женщин;"[""https://xcimg.szwego.com/imgHD/c84b2751/20260417/cmp_i1776357757075_8349_0_0.jpg"", ""https://xcimg.szwego.com/imgHD/c84b2751/20260417/cmp_i1776357757045_893_0_1.jpg"", ""https://xcimg.szwego.com/imgHD/c84b2751/20260417/cmp_i1776357760761_6344_0_2.jpg"", ""https://xcimg.szwego.com/imgHD/c84b2751/20260417/cmp_i1776357760761_5135_0_3.jpg"", ""https://xcimg.szwego.com/imgHD/c84b2751/20260417/cmp_i1776357760485_2237_0_4.jpg"", ""https://xcimg.szwego.com/imgHD/c84b2751/20260417/cmp_i1776357756428_9958_0_5.jpg"", ""https://xcimg.szwego.com/imgHD/c84b2751/20260417/cmp_i1776357756694_2764_0_6.jpg"", ""https://xcimg.szwego.com/imgHD/c84b2751/20260417/cmp_i1776357756427_8434_0_7.jpg"", ""https://xcimg.szwego.com/imgHD/c84b2751/20260417/cmp_i1776357760736_5033_0_8.jpg""]"
_dvnrSY3JA2I7p6zLQglLNd0C2FlDEdtDt6cXJPg;;Alaia 2025 最新品交叉带系列芭蕾舞鞋！不仅简约现代，还很百搭！女生鞋柜必备！鞋面采用黑色麂皮+金属铆钉材质！ZP定制水染羊皮里，舒适透气！定制 TPU 大底，防滑耐磨！ size：35～41（40、41 定制不退换） P 45.0;0;;mxyz80e9uti03ia;;Для женщин;"[""https://xcimg.szwego.com/imgHD/c84b2751/20251013/cmp_i1760365793839_5017_0_0.jpg"", ""https://xcimg.szwego.com/imgHD/c84b2751/20251013/cmp_i1760365801465_6120_0_1.jpg"", ""https://xcimg.szwego.com/imgHD/c84b2751/20251013/cmp_i1760365793840_4615_0_2.jpg"", ""https://xcimg.szwego.com/imgHD/c84b2751/20251013/cmp_i1760365793840_7313_0_3.jpg"", ""https://xcimg.szwego.com/imgHD/c84b2751/20251013/cmp_i1760365801467_5340_0_4.jpg"", ""https://xcimg.szwego.com/imgHD/c84b2751/20251013/cmp_i1760365793839_5602_0_5.jpg"", ""https://xcimg.szwego.com/imgHD/c84b2751/20251013/cmp_i1760365793839_8140_0_6.jpg"", ""https://xcimg.szwego.com/imgHD/c84b2751/20251013/cmp_i1760365801460_3067_0_7.jpg"", ""https://xcimg.szwego.com/imgHD/c84b2751/20251013/cmp_i1760365801455_5045_0_8.jpg""]"
_dh5rSnhk9tSBLXwuCt1q6GZ-oZlzh3kj984wCYg;;Alaia 2025 最新品交叉带系列芭蕾舞鞋！不仅简约现代，还很百搭！女生鞋柜必备！鞋面采用定制进口自然皱牛漆皮材质！ZP定制水染羊皮里，舒适透气！定制 TPU 大底，防滑耐磨！ size：35～41（40、41 定制不退换） P 42.0;0;;mxyz80e9uti03ia;;Для женщин;"[""https://xcimg.szwego.com/imgHD/c84b2751/20251013/cmp_i1760365443339_9548_0_0.jpg"", ""https://xcimg.szwego.com/imgHD/c84b2751/20251013/cmp_i1760365443338_6769_0_1.jpg"", ""https://xcimg.szwego.com/imgHD/c84b2751/20251013/cmp_i1760365430042_7689_0_2.jpg"", ""https://xcimg.szwego.com/imgHD/c84b2751/20251013/cmp_i1760365430042_688_0_3.jpg"", ""https://xcimg.szwego.com/imgHD/c84b2751/20251013/cmp_i1760365430042_233_0_4.jpg"", ""https://xcimg.szwego.com/imgHD/c84b2751/20251013/cmp_i1760365443333_132_0_5.jpg"", ""https://xcimg.szwego.com/imgHD/c84b2751/20251013/cmp_i1760365430042_1389_0_6.jpg"", ""https://xcimg.szwego.com/imgHD/c84b2751/20251013/cmp_i1760365422512_8042_0_7.jpg"", ""https://xcimg.szwego.com/imgHD/c84b2751/20251013/cmp_i1760365430042_1732_0_8.jpg""]"
_dnwrSfBWa488OPwdqQHZc3dnlZSqD5B6b9LpP0g;;Alaia 2025 最新品交叉带系列芭蕾舞鞋！不仅简约现代，还很百搭！女生鞋柜必备！鞋面采用定制进口天鹅绒面材质！ZP定制水染羊皮里，舒适透气！定制 TPU 大底，防滑耐磨！ size：35～41（40、41 定制不退换） P 42.0;0;;mxyz80e9uti03ia;;Для женщин;"[""https://xcimg.szwego.com/imgHD/c84b2751/20251013/cmp_i1760364879424_8950_0_0.jpg"", ""https://xcimg.szwego.com/imgHD/c84b2751/20251013/cmp_i1760364895198_3794_0_1.jpg"", ""https://xcimg.szwego.com/imgHD/c84b2751/20251013/cmp_i1760364879424_2781_0_2.jpg"", ""https://xcimg.szwego.com/imgHD/c84b2751/20251013/cmp_i1760364879422_568_0_3.jpg"", ""https://xcimg.szwego.com/imgHD/c84b2751/20251013/cmp_i1760364879422_3629_0_4.jpg"", ""https://xcimg.szwego.com/imgHD/c84b2751/20251013/cmp_i1760364879422_4799_0_5.jpg"", ""https://xcimg.szwego.com/imgHD/c84b2751/20251013/cmp_i1760364895191_9638_0_6.jpg"", ""https://xcimg.szwego.com/imgHD/c84b2751/20251013/cmp_i1760364895192_7456_0_7.jpg"", ""https://xcimg.szwego.com/imgHD/c84b2751/20251013/cmp_i1760364895200_5773_0_8.jpg""]"
_dsRrSwyhWu2Lyrrpq7aw_alv1WnYentkfRPs64w;;Alaia 2025 最新品交叉带系列芭蕾舞鞋！不仅简约现代，还很百搭！女生鞋柜必备！鞋面采用定制进口马毛材质！ZP定制水染羊皮里，舒适透气！定制 TPU 大底，防滑耐磨！ size：35～41（40、41 定制不退换） P 42.0;0;;mxyz80e9uti03ia;;Для женщин;"[""https://xcimg.szwego.com/imgHD/c84b2751/20251013/cmp_i1760364436163_7589_0_0.jpg"", ""https://xcimg.szwego.com/imgHD/c84b2751/20251013/cmp_i1760364443446_3308_0_1.jpg"", ""https://xcimg.szwego.com/imgHD/c84b2751/20251013/cmp_i1760364443449_2236_0_2.jpg"", ""https://xcimg.szwego.com/imgHD/c84b2751/20251013/cmp_i1760364443445_5355_0_3.jpg"", ""https://xcimg.szwego.com/imgHD/c84b2751/20251013/cmp_i1760364436162_2901_0_4.jpg"", ""https://xcimg.szwego.com/imgHD/c84b2751/20251013/cmp_i1760364436161_482_0_5.jpg"", ""https://xcimg.szwego.com/imgHD/c84b2751/20251013/cmp_i1760364443437_1202_0_6.jpg"", ""https://xcimg.szwego.com/imgHD/c84b2751/20251013/cmp_i1760364436162_769_0_7.jpg"", ""https://xcimg.szwego.com/imgHD/c84b2751/20251013/cmp_i1760364436157_495_0_8.jpg""]"
_dkDrSboqK6lU1moCPzOvvO_2QT6xGc2HjcHurzA;;Alaia 2025 最新品交叉带系列芭蕾舞鞋！不仅简约现代，还很百搭！女生鞋柜必备！鞋面采用定制进口马毛材质！ZP定制水染羊皮里，舒适透气！定制 TPU 大底，防滑耐磨！ size：35～41（40、41 定制不退换） P 42.0;0;;mxyz80e9uti03ia;;Для женщин;"[""https://xcimg.szwego.com/imgHD/c84b2751/20251013/cmp_i1760363831135_2606_0_0.jpg"", ""https://xcimg.szwego.com/imgHD/c84b2751/20251013/cmp_i1760363822426_4186_0_1.jpg"", ""https://xcimg.szwego.com/imgHD/c84b2751/20251013/cmp_i1760363822424_73_0_2.jpg"", ""https://xcimg.szwego.com/imgHD/c84b2751/20251013/cmp_i1760363822426_9493_0_3.jpg"", ""https://xcimg.szwego.com/imgHD/c84b2751/20251013/cmp_i1760363831132_3858_0_4.jpg"", ""https://xcimg.szwego.com/imgHD/c84b2751/20251013/cmp_i1760363831139_4712_0_5.jpg"", ""https://xcimg.szwego.com/imgHD/c84b2751/20251013/cmp_i1760363822421_9078_0_6.jpg"", ""https://xcimg.szwego.com/imgHD/c84b2751/20251013/cmp_i1760363831127_4421_0_7.jpg"", ""https://xcimg.szwego.com/imgHD/c84b2751/20251013/cmp_i1760363822425_4195_0_8.jpg""]"
_dierSNRmDm23exPAEJ2X1CpCKQzMZKhN6oeHVyA;;Alaia 2025 最新品交叉带系列芭蕾舞鞋！不仅简约现代，还很百搭！女生鞋柜必备！鞋面采用定制进口马毛材质！ZP定制水染羊皮里，舒适透气！定制 TPU 大底，防滑耐磨！ size：35～41（40、41 定制不退换） P 42.0;0;;mxyz80e9uti03ia;;Для женщин;"[""https://xcimg.szwego.com/imgHD/c84b2751/20251013/cmp_i1760363626976_6118_0_0.jpg"", ""https://xcimg.szwego.com/imgHD/c84b2751/20251013/cmp_i1760363528268_4291_0_1.jpg"", ""https://xcimg.szwego.com/imgHD/c84b2751/20251013/cmp_i1760363528266_4486_0_2.jpg"", ""https://xcimg.szwego.com/imgHD/c84b2751/20251013/cmp_i1760363528267_2547_0_3.jpg"", ""https://xcimg.szwego.com/imgHD/c84b2751/20251013/cmp_i1760363626957_7818_0_4.jpg"", ""https://xcimg.szwego.com/imgHD/c84b2751/20251013/cmp_i1760363528264_7639_0_5.jpg"", ""https://xcimg.szwego.com/imgHD/c84b2751/20251013/cmp_i1760363626960_1753_0_6.jpg"", ""https://xcimg.szwego.com/imgHD/c84b2751/20251013/cmp_i1760363528266_4203_0_7.jpg"", ""https://xcimg.szwego.com/imgHD/c84b2751/20251013/cmp_i1760363626971_9733_0_8.jpg""]"
_dewrSbHZJFf8KyPQ7TG15QN70b634oAYIJLh9Yg;;Alaia 2025 最新品交叉带系列芭蕾舞鞋！不仅简约现代，还很百搭！女生鞋柜必备！鞋面采用定制进口自然皱牛漆皮材质！ZP定制水染羊皮里，舒适透气！定制 TPU 大底，防滑耐磨！ size：35～41（40、41 定制不退换） P 42.0;0;;mxyz80e9uti03ia;;Для женщин;"[""https://xcimg.szwego.com/imgHD/c84b2751/20251013/cmp_i1760363224555_9719_0_0.jpg"", ""https://xcimg.szwego.com/imgHD/c84b2751/20251013/cmp_i1760363224555_4001_0_1.jpg"", ""https://xcimg.szwego.com/imgHD/c84b2751/20251013/cmp_i1760363104733_7354_0_2.jpg"", ""https://xcimg.szwego.com/imgHD/c84b2751/20251013/cmp_i1760363246980_3841_0_3.jpg"", ""https://xcimg.szwego.com/imgHD/c84b2751/20251013/cmp_i1760363104731_931_0_4.jpg"", ""https://xcimg.szwego.com/imgHD/c84b2751/20251013/cmp_i1760363224548_2436_0_5.jpg"", ""https://xcimg.szwego.com/imgHD/c84b2751/20251013/cmp_i1760363104732_3231_0_6.jpg"", ""https://xcimg.szwego.com/imgHD/c84b2751/20251013/cmp_i1760363104727_7825_0_7.jpg"", ""https://xcimg.szwego.com/imgHD/c84b2751/20251013/cmp_i1760363224558_5352_0_8.jpg""]"
_dqdrSlOHc6mrO58CDTQ4Jp5yeLR32wUCJFYXP-g;;Alaia 2025 最新品交叉带系列芭蕾舞鞋！不仅简约现代，还很百搭！女生鞋柜必备！鞋面采用定制进口自然皱牛漆皮材质！ZP定制水染羊皮里，舒适透气！定制 TPU 大底，防滑耐磨！ size：35～41（40、41 定制不退换） P 42.0;0;;mxyz80e9uti03ia;;Для женщин;"[""https://xcimg.szwego.com/imgHD/c84b2751/20251013/cmp_i1760362682366_8288_0_0.jpg"", ""https://xcimg.szwego.com/imgHD/c84b2751/20251013/cmp_i1760362685833_7803_0_1.jpg"", ""https://xcimg.szwego.com/imgHD/c84b2751/20251013/cmp_i1760362685829_8747_0_2.jpg"", ""https://xcimg.szwego.com/imgHD/c84b2751/20251013/cmp_i1760362685827_3079_0_3.jpg"", ""https://xcimg.szwego.com/imgHD/c84b2751/20251013/cmp_i1760362682363_9893_0_4.jpg"", ""https://xcimg.szwego.com/imgHD/c84b2751/20251013/cmp_i1760362682363_3690_0_5.jpg"", ""https://xcimg.szwego.com/imgHD/c84b2751/20251013/cmp_i1760362682361_8857_0_6.jpg"", ""https://xcimg.szwego.com/imgHD/c84b2751/20251013/cmp_i1760362685833_4630_0_7.jpg"", ""https://xcimg.szwego.com/imgHD/c84b2751/20251013/cmp_i1760362682366_1125_0_8.jpg""]"
_dirrSsB3a298c19MtBCSgblQBCNLKs2V5j_PQ8A;;Alaia 2025 最新品交叉带系列芭蕾舞鞋！不仅简约现代，还很百搭！女生鞋柜必备！鞋面采用定制进口牛漆皮材质！ZP定制水染羊皮里，舒适透气！定制 TPU 大底，防滑耐磨！ size：35～41（40、41 定制不退换） P 42.0;0;;mxyz80e9uti03ia;;Для женщин;"[""https://xcimg.szwego.com/imgHD/c84b2751/20251013/cmp_i1760362376572_7146_0_0.jpg"", ""https://xcimg.szwego.com/imgHD/c84b2751/20251013/cmp_i1760362371951_9880_0_1.jpg"", ""https://xcimg.szwego.com/imgHD/c84b2751/20251013/cmp_i1760362371951_9765_0_2.jpg"", ""https://xcimg.szwego.com/imgHD/c84b2751/20251013/cmp_i1760362371947_2637_0_3.jpg"", ""https://xcimg.szwego.com/imgHD/c84b2751/20251013/cmp_i1760362376565_1686_0_4.jpg"", ""https://xcimg.szwego.com/imgHD/c84b2751/20251013/cmp_i1760362371949_2677_0_5.jpg"", ""https://xcimg.szwego.com/imgHD/c84b2751/20251013/cmp_i1760362376567_2806_0_6.jpg"", ""https://xcimg.szwego.com/imgHD/c84b2751/20251013/cmp_i1760362371949_9906_0_7.jpg"", ""https://xcimg.szwego.com/imgHD/c84b2751/20251013/cmp_i1760362376570_8343_0_8.jpg""]"
_dmxrSrus9CAbZu_7F9qTfivZBshOHXIygYrwQ-g;;Alaia 2025 最新品交叉带系列芭蕾舞鞋！不仅简约现代，还很百搭！女生鞋柜必备！鞋面采用定制进口牛漆皮材质！ZP定制水染羊皮里，舒适透气！定制 TPU 大底，防滑耐磨！ size：35～41（40、41 定制不退换） P 42.0;0;;mxyz80e9uti03ia;;Для женщин;"[""https://xcimg.szwego.com/imgHD/c84b2751/20251013/cmp_i1760362065085_604_0_0.jpg"", ""https://xcimg.szwego.com/imgHD/c84b2751/20251013/cmp_i1760362100588_3386_0_1.jpg"", ""https://xcimg.szwego.com/imgHD/c84b2751/20251013/cmp_i1760362065087_1230_0_2.jpg"", ""https://xcimg.szwego.com/imgHD/c84b2751/20251013/cmp_i1760362100600_2651_0_3.jpg"", ""https://xcimg.szwego.com/imgHD/c84b2751/20251013/cmp_i1760362065086_4328_0_4.jpg"", ""https://xcimg.szwego.com/imgHD/c84b2751/20251013/cmp_i1760362063196_3875_0_5.jpg"", ""https://xcimg.szwego.com/imgHD/c84b2751/20251013/cmp_i1760362100584_8920_0_6.jpg"", ""https://xcimg.szwego.com/imgHD/c84b2751/20251013/cmp_i1760362065084_6854_0_7.jpg"", ""https://xcimg.szwego.com/imgHD/c84b2751/20251013/cmp_i1760362065087_4548_0_8.jpg""]"
_d9CrS3vuzPPxg_kSN0ZSKzTosJCtLy80FNwhShA;;Alaia丨新品一字带浅口镂空雕花芭蕾舞鞋！不仅简约现代，还很百搭！女生鞋柜必备！鞋面采用定制进口小牛皮材质！ZP定制水染羊皮里，舒适透气！定制 TPU 大底，防滑耐磨！ size：35～41（40、41 定制不退换） P 40.0;0;;mxyz80e9uti03ia;;Для женщин;"[""https://xcimg.szwego.com/img/c84b2751/20250628/i1751106397446_8939_0_0.jpg"", ""https://xcimg.szwego.com/img/c84b2751/20250628/i1751106399484_7886_0_1.jpg"", ""https://xcimg.szwego.com/img/c84b2751/20250628/i1751106399498_7934_0_2.jpg"", ""https://xcimg.szwego.com/img/c84b2751/20250628/i1751106397444_187_0_3.jpg"", ""https://xcimg.szwego.com/img/c84b2751/20250628/i1751106397430_7235_0_4.jpg"", ""https://xcimg.szwego.com/img/c84b2751/20250628/i1751106397430_8459_0_5.jpg"", ""https://xcimg.szwego.com/img/c84b2751/20250628/i1751106399495_5684_0_6.jpg"", ""https://xcimg.szwego.com/img/c84b2751/20250628/i1751106399497_8585_0_7.jpg"", ""https://xcimg.szwego.com/img/c84b2751/20250628/i1751106397449_6980_0_8.jpg""]"
_dfCrSODmkaLTGHfITWMfLkVOuDGmAjNtTSpI9Zw;;Alaia丨新品一字带浅口镂空雕花芭蕾舞鞋！不仅简约现代，还很百搭！女生鞋柜必备！鞋面采用定制进口小牛皮材质！ZP定制水染羊皮里，舒适透气！定制 TPU 大底，防滑耐磨！ size：35～41（40、41 定制不退换） P 40.0;0;;mxyz80e9uti03ia;;Для женщин;"[""https://xcimg.szwego.com/img/c84b2751/20250628/i1751106566161_1041_0_0.jpg"", ""https://xcimg.szwego.com/img/c84b2751/20250628/i1751106568803_7235_0_1.jpg"", ""https://xcimg.szwego.com/img/c84b2751/20250628/i1751106566174_9566_0_2.jpg"", ""https://xcimg.szwego.com/img/c84b2751/20250628/i1751106568846_9342_0_3.jpg"", ""https://xcimg.szwego.com/img/c84b2751/20250628/i1751106568824_1343_0_4.jpg"", ""https://xcimg.szwego.com/img/c84b2751/20250628/i1751106566170_8975_0_5.jpg"", ""https://xcimg.szwego.com/img/c84b2751/20250628/i1751106566156_8277_0_6.jpg"", ""https://xcimg.szwego.com/img/c84b2751/20250628/i1751106568806_561_0_7.jpg"", ""https://xcimg.szwego.com/img/c84b2751/20250628/i1751106566163_9100_0_8.jpg""]"
_dearSbW_AuRkI6tUM92S6e8prXKZPPTEYp9dSGg;;Alaia丨新品一字带浅口镂空雕花芭蕾舞鞋！不仅简约现代，还很百搭！女生鞋柜必备！鞋面采用定制进口小牛皮材质！ZP定制水染羊皮里，舒适透气！定制 TPU 大底，防滑耐磨！ size：35～41（40、41 定制不退换） P 42.0;0;;mxyz80e9uti03ia;;Для женщин;"[""https://xcimg.szwego.com/img/c84b2751/20250628/i1751105903945_7269_0_0.jpg"", ""https://xcimg.szwego.com/img/c84b2751/20250628/i1751105906455_1957_0_1.jpg"", ""https://xcimg.szwego.com/img/c84b2751/20250628/i1751105903981_4022_0_2.jpg"", ""https://xcimg.szwego.com/img/c84b2751/20250628/i1751105908985_4859_0_3.jpg"", ""https://xcimg.szwego.com/img/c84b2751/20250628/i1751105906496_2433_0_4.jpg"", ""https://xcimg.szwego.com/img/c84b2751/20250628/i1751105903956_9399_0_5.jpg"", ""https://xcimg.szwego.com/img/c84b2751/20250628/i1751105903966_5400_0_6.jpg"", ""https://xcimg.szwego.com/img/c84b2751/20250628/i1751105903962_8048_0_7.jpg"", ""https://xcimg.szwego.com/img/c84b2751/20250628/i1751105906490_7778_0_8.jpg""]"
_dgJrSabrhIUuYn0ixMl3-FqHRgoiAURBXKF4lkw;;Alaia丨新品一字带浅口镂空雕花芭蕾舞鞋！不仅简约现代，还很百搭！女生鞋柜必备！鞋面采用定制进口小牛皮材质！ZP定制水染羊皮里，舒适透气！定制 TPU 大底，防滑耐磨！ size：35～41（40、41 定制不退换） P 42.0;0;;mxyz80e9uti03ia;;Для женщин;"[""https://xcimg.szwego.com/img/c84b2751/20250628/i1751104806362_3376_0_0.jpg"", ""https://xcimg.szwego.com/img/c84b2751/20250628/i1751104806367_3674_0_1.jpg"", ""https://xcimg.szwego.com/img/c84b2751/20250628/i1751104806369_6052_0_2.jpg"", ""https://xcimg.szwego.com/img/c84b2751/20250628/i1751104809120_3976_0_3.jpg"", ""https://xcimg.szwego.com/img/c84b2751/20250628/i1751104809063_9085_0_4.jpg"", ""https://xcimg.szwego.com/img/c84b2751/20250628/i1751104806371_6311_0_5.jpg"", ""https://xcimg.szwego.com/img/c84b2751/20250628/i1751104809118_570_0_6.jpg"", ""https://xcimg.szwego.com/img/c84b2751/20250628/i1751104806326_2832_0_7.jpg"", ""https://xcimg.szwego.com/img/c84b2751/20250628/i1751104809090_6918_0_8.jpg""]"
_dufrS4lFvEC6t4gbQWjo-22P5-6cd8BrTO7Jx6A;;Alaia丨24新品一字带浅口镂空网眼芭蕾舞鞋！不仅简约现代，还很百搭！女生鞋柜必备！鞋面采用定制进口网纱拼接漆皮材质！ZP定制水染羊皮里，舒适透气！定制 TPU 大底，防滑耐磨！ size：35～41（40、41 定制不退换） P 37.0;0;;mxyz80e9uti03ia;;Для женщин;"[""https://xcimg.szwego.com/img/c84b2751/20250526/i1748256418697_2546_0_0.jpg"", ""https://xcimg.szwego.com/img/c84b2751/20250526/i1748256418696_3087_0_1.jpg"", ""https://xcimg.szwego.com/img/c84b2751/20250526/i1748256418697_6798_0_2.jpg"", ""https://xcimg.szwego.com/img/c84b2751/20250526/i1748256422729_649_0_3.jpg"", ""https://xcimg.szwego.com/img/c84b2751/20250526/i1748256418697_7530_0_4.jpg"", ""https://xcimg.szwego.com/img/c84b2751/20250526/i1748256422714_8664_0_5.jpg"", ""https://xcimg.szwego.com/img/c84b2751/20250526/i1748256422730_3331_0_6.jpg"", ""https://xcimg.szwego.com/img/c84b2751/20250526/i1748256422738_2536_0_7.jpg"", ""https://xcimg.szwego.com/img/c84b2751/20250526/i1748256418697_7597_0_8.jpg""]"
