external_id;name;description;price;brand;category;subcategory;gender;photos
_djprSKr4a6-MxvKlpYVuX4wlAPBKFMvLHeiNoiw;;新品 细节图！SML;0;;lrg3k8cd5bgw3jv;;Для женщин;"[""https://xcimg.szwego.com/imgHD/f0138068/20260428/cmp_i1777361376755_1638_0_0.jpg"", ""https://xcimg.szwego.com/imgHD/f0138068/20260428/cmp_i1777361376746_4319_0_1.jpg"", ""https://xcimg.szwego.com/imgHD/f0138068/20260428/cmp_i1777361376744_3841_0_2.jpg"", ""https://xcimg.szwego.com/imgHD/f0138068/20260428/cmp_i1777361376751_757_0_3.jpg"", ""https://xcimg.szwego.com/imgHD/f0138068/20260428/cmp_i1777361376747_3539_0_4.jpg"", ""https://xcimg.szwego.com/imgHD/f0138068/20260428/cmp_i1777361383464_5282_0_5.jpg""]"
_doirS5_3-MQJ8Ljcq2e4N_bqyepg1ajFNdlKStw;;新品 细节图！SML;0;;lrg3k8cd5bgw3jv;;Для женщин;"[""https://xcimg.szwego.com/imgHD/f0138068/20260428/cmp_i1777361341977_3514_0_0.jpg"", ""https://xcimg.szwego.com/imgHD/f0138068/20260428/cmp_i1777361334061_4980_0_1.jpg"", ""https://xcimg.szwego.com/imgHD/f0138068/20260428/cmp_i1777361334072_4674_0_2.jpg"", ""https://xcimg.szwego.com/imgHD/f0138068/20260428/cmp_i1777361334065_96_0_3.jpg"", ""https://xcimg.szwego.com/imgHD/f0138068/20260428/cmp_i1777361341979_468_0_4.jpg"", ""https://xcimg.szwego.com/imgHD/f0138068/20260428/cmp_i1777361334075_7687_0_5.jpg""]"
_dv3rS9UlCFXAIGGPO98RpgQJF6gsEGiUAb5dJyw;;新品 细节图！SML;0;;lrg3k8cd5bgw3jv;;Для женщин;"[""https://xcimg.szwego.com/imgHD/f0138068/20260428/cmp_i1777361280459_1154_0_0.jpg"", ""https://xcimg.szwego.com/imgHD/f0138068/20260428/cmp_i1777361287341_1346_0_1.jpg"", ""https://xcimg.szwego.com/imgHD/f0138068/20260428/cmp_i1777361280502_4177_0_2.jpg"", ""https://xcimg.szwego.com/imgHD/f0138068/20260428/cmp_i1777361279886_2467_0_3.jpg"", ""https://xcimg.szwego.com/imgHD/f0138068/20260428/cmp_i1777361286731_4935_0_4.jpg"", ""https://xcimg.szwego.com/imgHD/f0138068/20260428/cmp_i1777361279762_2771_0_5.jpg"", ""https://xcimg.szwego.com/imgHD/f0138068/20260428/cmp_i1777361279669_6921_0_6.jpg""]"
_dp5rST3pG5M2hjU6dwUCNWvrcwmgg_0yPIAZvNQ;;新品 细节图！SML;0;;lrg3k8cd5bgw3jv;;Для женщин;"[""https://xcimg.szwego.com/imgHD/f0138068/20260428/cmp_i1777361233276_6505_0_0.jpg"", ""https://xcimg.szwego.com/imgHD/f0138068/20260428/cmp_i1777361233274_5828_0_1.jpg"", ""https://xcimg.szwego.com/imgHD/f0138068/20260428/cmp_i1777361233284_6796_0_2.jpg"", ""https://xcimg.szwego.com/imgHD/f0138068/20260428/cmp_i1777361238806_2530_0_3.jpg"", ""https://xcimg.szwego.com/imgHD/f0138068/20260428/cmp_i1777361233280_9851_0_4.jpg"", ""https://xcimg.szwego.com/imgHD/f0138068/20260428/cmp_i1777361214990_2671_0_6.jpg""]"
_du6rS7SSaqb1c--oUmOQ9vcgyYuIZpmA7KFP3GQ;;新品 细节图！SML;0;;lrg3k8cd5bgw3jv;;Для женщин;"[""https://xcimg.szwego.com/imgHD/f0138068/20260428/cmp_i1777361214969_6441_0_0.jpg"", ""https://xcimg.szwego.com/imgHD/f0138068/20260428/cmp_i1777361219563_408_0_1.jpg"", ""https://xcimg.szwego.com/imgHD/f0138068/20260428/cmp_i1777361219560_217_0_2.jpg"", ""https://xcimg.szwego.com/imgHD/f0138068/20260428/cmp_i1777361214982_5180_0_3.jpg"", ""https://xcimg.szwego.com/imgHD/f0138068/20260428/cmp_i1777361214983_1991_0_4.jpg"", ""https://xcimg.szwego.com/imgHD/f0138068/20260428/cmp_i1777361214991_7734_0_5.jpg"", ""https://xcimg.szwego.com/imgHD/f0138068/20260428/cmp_i1777361214990_2671_0_6.jpg""]"
_duZrSuGxg5vs69yT8rWfiPln-AMYmhx20lEnqOQ;;新品 细节图！SML;0;;lrg3k8cd5bgw3jv;;Для женщин;"[""https://xcimg.szwego.com/imgHD/f0138068/20260428/cmp_i1777361137447_2582_0_0.jpg"", ""https://xcimg.szwego.com/imgHD/f0138068/20260428/cmp_i1777361131414_9657_0_1.jpg"", ""https://xcimg.szwego.com/imgHD/f0138068/20260428/cmp_i1777361131427_268_0_2.jpg"", ""https://xcimg.szwego.com/imgHD/f0138068/20260428/cmp_i1777361131414_5491_0_3.jpg"", ""https://xcimg.szwego.com/imgHD/f0138068/20260428/cmp_i1777361131423_3738_0_5.jpg"", ""https://xcimg.szwego.com/imgHD/f0138068/20260428/cmp_i1777361131421_616_0_4.jpg""]"
_dgurSfLG6Qpaz5_3G7iuoiEqdWBl4HiDc7Tr0oQ;;新品 细节图！SML;0;;lrg3k8cd5bgw3jv;;Для женщин;"[""https://xcimg.szwego.com/imgHD/f0138068/20260428/cmp_i1777360940099_1170_0_0.jpg"", ""https://xcimg.szwego.com/imgHD/f0138068/20260428/cmp_i1777360940067_5436_0_1.jpg"", ""https://xcimg.szwego.com/imgHD/f0138068/20260428/cmp_i1777360933109_5338_0_2.jpg"", ""https://xcimg.szwego.com/imgHD/f0138068/20260428/cmp_i1777360933042_1958_0_3.jpg"", ""https://xcimg.szwego.com/imgHD/f0138068/20260428/cmp_i1777360932311_9333_0_4.jpg"", ""https://xcimg.szwego.com/imgHD/f0138068/20260428/cmp_i1777360933078_8318_0_5.jpg"", ""https://xcimg.szwego.com/imgHD/f0138068/20260428/cmp_i1777360932390_1677_0_6.jpg""]"
_dq0rSK_2drSGnBrkJiFH-4koNVRunCihHB_Czcg;;新品 细节图！SML;0;;lrg3k8cd5bgw3jv;;Для женщин;"[""https://xcimg.szwego.com/imgHD/f0138068/20260428/cmp_i1777360622590_9877_0_0.jpg"", ""https://xcimg.szwego.com/imgHD/f0138068/20260428/cmp_i1777360622580_6399_0_1.jpg"", ""https://xcimg.szwego.com/imgHD/f0138068/20260428/cmp_i1777360664161_65_0_2.jpg"", ""https://xcimg.szwego.com/imgHD/f0138068/20260428/cmp_i1777360622580_8091_0_3.jpg"", ""https://xcimg.szwego.com/imgHD/f0138068/20260428/cmp_i1777360622587_9144_0_4.jpg"", ""https://xcimg.szwego.com/imgHD/f0138068/20260428/cmp_i1777360664156_6114_0_5.jpg"", ""https://xcimg.szwego.com/imgHD/f0138068/20260428/cmp_i1777360622585_2496_0_6.jpg""]"
_dxsrSK15_QtzZ6TOF4Hgs3bP-iyMa3EeQoRtxbQ;;新品 细节图！SML;0;;lrg3k8cd5bgw3jv;;Для женщин;"[""https://xcimg.szwego.com/imgHD/f0138068/20260428/cmp_i1777360596954_1852_0_0.jpg"", ""https://xcimg.szwego.com/imgHD/f0138068/20260428/cmp_i1777360596953_8213_0_1.jpg"", ""https://xcimg.szwego.com/imgHD/f0138068/20260428/cmp_i1777360583765_2440_0_2.jpg"", ""https://xcimg.szwego.com/imgHD/f0138068/20260428/cmp_i1777360583766_8076_0_3.jpg"", ""https://xcimg.szwego.com/imgHD/f0138068/20260428/cmp_i1777360583765_2365_0_4.jpg"", ""https://xcimg.szwego.com/imgHD/f0138068/20260428/cmp_i1777360583766_1542_0_5.jpg""]"
_dbfrSL04Jmp9M876WPMacPBR2KG2yc-tfgvQERA;;细节图！SML380¥ 背心;0;;lrg3k8cd5bgw3jv;;Для женщин;"[""https://xcimg.szwego.com/imgHD/f0138068/20260416/cmp_i1776347736143_8156_0_0.jpg"", ""https://xcimg.szwego.com/imgHD/f0138068/20260416/cmp_i1776347736149_4016_0_2.jpg"", ""https://xcimg.szwego.com/imgHD/f0138068/20260416/cmp_i1776347736152_9527_0_1.jpg"", ""https://xcimg.szwego.com/imgHD/f0138068/20260416/cmp_i1776347736204_8435_0_3.jpg"", ""https://xcimg.szwego.com/imgHD/f0138068/20260416/cmp_i1776347736925_2635_0_4.jpg"", ""https://xcimg.szwego.com/imgHD/f0138068/20260416/cmp_i1776347736202_2019_0_5.jpg""]"
_deyrSQR7aLW9b-r0Te9VUG_XoqJ-z7tcNDfXnLw;;细节图！SML390¥ 短裤;0;;lrg3k8cd5bgw3jv;;Для женщин;"[""https://xcimg.szwego.com/imgHD/f0138068/20260416/cmp_i1776347780880_7447_0_0.jpg"", ""https://xcimg.szwego.com/imgHD/f0138068/20260416/cmp_i1776347781532_1326_0_3.jpg"", ""https://xcimg.szwego.com/imgHD/f0138068/20260416/cmp_i1776347780885_1118_0_1.jpg"", ""https://xcimg.szwego.com/imgHD/f0138068/20260416/cmp_i1776347780892_3217_0_2.jpg"", ""https://xcimg.szwego.com/imgHD/f0138068/20260416/cmp_i1776347781529_2956_0_4.jpg"", ""https://xcimg.szwego.com/imgHD/f0138068/20260416/cmp_i1776347780883_1163_0_5.jpg"", ""https://xcimg.szwego.com/imgHD/f0138068/20260416/cmp_i1776347736202_2019_0_5.jpg"", ""https://xcimg.szwego.com/imgHD/f0138068/20260416/cmp_i1776347736204_8435_0_3.jpg""]"
_dy4rSMsPyLIKVF9xg0-3kZo5HiP-FAu5ebWga3w;;细节图！SML650¥ 长裤;0;;lrg3k8cd5bgw3jv;;Для женщин;"[""https://xcimg.szwego.com/imgHD/f0138068/20260428/cmp_i1777361006139_1745_0_0.jpg"", ""https://xcimg.szwego.com/imgHD/f0138068/20260428/cmp_i1777361006139_7002_0_1.jpg"", ""https://xcimg.szwego.com/imgHD/f0138068/20260428/cmp_i1777361006149_3183_0_2.jpg"", ""https://xcimg.szwego.com/imgHD/f0138068/20260428/cmp_i1777360997447_9768_0_3.jpg"", ""https://xcimg.szwego.com/imgHD/f0138068/20260428/cmp_i1777361006154_7649_0_4.jpg"", ""https://xcimg.szwego.com/imgHD/f0138068/20260428/cmp_i1777360997432_5579_0_5.jpg"", ""https://xcimg.szwego.com/imgHD/f0138068/20260428/cmp_i1777361006150_1744_0_6.jpg"", ""https://xcimg.szwego.com/imgHD/f0138068/20260428/cmp_i1777360997442_575_0_7.jpg"", ""https://xcimg.szwego.com/imgHD/f0138068/20260428/cmp_i1777360997432_977_0_8.jpg""]"
_dnTrSdXMY8UeH7auk8t8KPgbiMRKZFguIGdLXWg;;26C挂脖衬衫➕短裤套装，经典挂脖设计+翻领，简约优雅，浅米色面料轻薄透气，夏天穿超舒服！正面纽扣细节精致，剪裁贴合身形，凸显腰线，搭配高腰短裤或阔腿裤，法式休闲感满满～26C系列融合度假风与高级感，日常或度假都很适合，轻松打造时髦造型💃。 挂脖衬衣 SML380¥ 短裤 SML390¥;0;;lrg3k8cd5bgw3jv;;Для женщин;"[""https://xcimg.szwego.com/imgHD/f0138068/20260418/cmp_i1776478119367_4777_0_0.jpg"", ""https://xcimg.szwego.com/imgHD/f0138068/20260418/cmp_i1776478119978_6145_0_1.jpg"", ""https://xcimg.szwego.com/imgHD/f0138068/20260418/cmp_i1776478119367_9521_0_2.jpg"", ""https://xcimg.szwego.com/imgHD/f0138068/20260418/cmp_i1776478119371_8000_0_3.jpg"", ""https://xcimg.szwego.com/imgHD/f0138068/20260418/cmp_i1776478119397_3076_0_4.jpg"", ""https://xcimg.szwego.com/imgHD/f0138068/20260418/cmp_i1776478119398_6442_0_5.jpg""]"
_ddLrSvgSQl6ncfDJece_L9NnVi9bea66Ht3hD7g;;细节图！ 皮马甲SML650¥ 皮半裙SML680¥;0;;lrg3k8cd5bgw3jv;;Для женщин;"[""https://xcimg.szwego.com/imgHD/f0138068/20260428/cmp_i1777360907958_785_0_0.jpg"", ""https://xcimg.szwego.com/imgHD/f0138068/20260428/cmp_i1777360895777_3515_0_1.jpg"", ""https://xcimg.szwego.com/imgHD/f0138068/20260428/cmp_i1777360895843_1911_0_2.jpg"", ""https://xcimg.szwego.com/imgHD/f0138068/20260428/cmp_i1777360907295_2013_0_3.jpg"", ""https://xcimg.szwego.com/imgHD/f0138068/20260428/cmp_i1777360900480_1656_0_4.jpg"", ""https://xcimg.szwego.com/imgHD/f0138068/20260428/cmp_i1777360895853_4960_0_5.jpg"", ""https://xcimg.szwego.com/imgHD/f0138068/20260428/cmp_i1777360907961_2897_0_6.jpg"", ""https://xcimg.szwego.com/imgHD/f0138068/20260428/cmp_i1777360913425_1134_0_7.jpg"", ""https://xcimg.szwego.com/imgHD/f0138068/20260428/cmp_i1777360894567_3769_0_8.jpg""]"
_dkOrSjVtMqDxp7Bu9KakJexcxrpHyrgbKrJi7Pw;;✨26新款棕色麂皮小背心➕短裙，质感细腻柔软，金属纽扣点缀复古又时髦。高腰A字版型，修饰腰线，拉长腿部比例，甜酷风格轻松拿捏！无论搭配衬衫还是针织背心，都能展现优雅与个性，日常出街、音乐节都很适合，轻松打造高级感穿搭💃。 皮背心SML650¥ 皮半裙SML680¥;0;;lrg3k8cd5bgw3jv;;Для женщин;"[""https://xcimg.szwego.com/imgHD/f0138068/20260429/cmp_i1777428893461_7350_0_0.jpg"", ""https://xcimg.szwego.com/imgHD/f0138068/20260429/cmp_i1777428892904_8728_0_1.jpg"", ""https://xcimg.szwego.com/imgHD/f0138068/20260429/cmp_i1777428892904_327_0_2.jpg"", ""https://xcimg.szwego.com/imgHD/f0138068/20260429/cmp_i1777428893459_108_0_3.jpg"", ""https://xcimg.szwego.com/imgHD/f0138068/20260429/cmp_i1777428892904_8715_0_4.jpg"", ""https://xcimg.szwego.com/imgHD/f0138068/20260429/cmp_i1777428892904_7147_0_5.jpg"", ""https://xcimg.szwego.com/imgHD/f0138068/20260429/cmp_i1777428892904_8424_0_6.jpg""]"
_dsnrSoTHMt2q7fpLLItMS1NGz8CQ8G8hrDcmm-A;;细节图！SML300¥;0;;lrg3k8cd5bgw3jv;;Для женщин;"[""https://xcimg.szwego.com/imgHD/f0138068/20260428/cmp_i1777360841989_6347_0_0.jpg"", ""https://xcimg.szwego.com/imgHD/f0138068/20260428/cmp_i1777360841989_3238_0_1.jpg"", ""https://xcimg.szwego.com/imgHD/f0138068/20260428/cmp_i1777360850644_5613_0_2.jpg"", ""https://xcimg.szwego.com/imgHD/f0138068/20260428/cmp_i1777360841998_2258_0_3.jpg"", ""https://xcimg.szwego.com/imgHD/f0138068/20260428/cmp_i1777360850640_4128_0_4.jpg"", ""https://xcimg.szwego.com/imgHD/f0138068/20260428/cmp_i1777360842005_1455_0_5.jpg""]"
_dnXrSF3SKGBPSN2Wcz01X4aS6q3Bm4cQFWJZepQ;;细节图！SML200¥;0;;lrg3k8cd5bgw3jv;;Для женщин;"[""https://xcimg.szwego.com/imgHD/f0138068/20260428/cmp_i1777360729652_6208_0_0.jpg"", ""https://xcimg.szwego.com/imgHD/f0138068/20260428/cmp_i1777360724435_4682_0_2.jpg"", ""https://xcimg.szwego.com/imgHD/f0138068/20260428/cmp_i1777360724427_2725_0_1.jpg"", ""https://xcimg.szwego.com/imgHD/f0138068/20260428/cmp_i1777360724440_8442_0_3.jpg"", ""https://xcimg.szwego.com/imgHD/f0138068/20260428/cmp_i1777360724435_2696_0_4.jpg"", ""https://xcimg.szwego.com/imgHD/f0138068/20260428/cmp_i1777360724425_3994_0_5.jpg"", ""https://xcimg.szwego.com/imgHD/f0138068/20260428/cmp_i1777360729654_6023_0_6.jpg""]"
_d8KrS7EDkU71riokABuhASFdSdU70moKFH7rnIA;;细节图！SML680¥;0;;lrg3k8cd5bgw3jv;;Для женщин;"[""https://xcimg.szwego.com/imgHD/f0138068/20260428/cmp_i1777360701501_3749_0_0.jpg"", ""https://xcimg.szwego.com/imgHD/f0138068/20260428/cmp_i1777360633561_3595_0_1.jpg"", ""https://xcimg.szwego.com/imgHD/f0138068/20260428/cmp_i1777360674602_7488_0_2.jpg"", ""https://xcimg.szwego.com/imgHD/f0138068/20260428/cmp_i1777360674594_5459_0_3.jpg"", ""https://xcimg.szwego.com/imgHD/f0138068/20260428/cmp_i1777360674594_3954_0_4.jpg"", ""https://xcimg.szwego.com/imgHD/f0138068/20260428/cmp_i1777360674605_8130_0_6.jpg"", ""https://xcimg.szwego.com/imgHD/f0138068/20260428/cmp_i1777360633571_3520_0_7.jpg"", ""https://xcimg.szwego.com/imgHD/f0138068/20260428/cmp_i1777360633564_5288_0_9.jpg"", ""https://xcimg.szwego.com/imgHD/f0138068/20260428/cmp_i1777360674607_4116_0_8.jpg""]"
_djVrSDQ24vvc4DSR7us6qsNjNezlCOhI0DQlSbA;;✨26新款Monogram印花夹克，经典老花帆布+白色底色，粉蓝线条点缀，复古又现代！棕色灯芯绒翻领超有质感，内衬深棕Monogram印花，细节满分💼。拉链+口袋设计，实用又时髦，日常或轻商务都能轻松驾驭，优雅与个性兼具 SML680¥;0;;lrg3k8cd5bgw3jv;;Для женщин;"[""https://xcimg.szwego.com/imgHD/f0138068/20260429/cmp_i1777429442650_6097_0_0.jpg"", ""https://xcimg.szwego.com/imgHD/f0138068/20260429/cmp_i1777429442650_7619_0_1.jpg"", ""https://xcimg.szwego.com/imgHD/f0138068/20260429/cmp_i1777429443035_845_0_2.jpg"", ""https://xcimg.szwego.com/imgHD/f0138068/20260429/cmp_i1777429442650_4491_0_3.jpg"", ""https://xcimg.szwego.com/imgHD/f0138068/20260429/cmp_i1777429442650_3286_0_4.jpg"", ""https://xcimg.szwego.com/imgHD/f0138068/20260429/cmp_i1777429442650_6309_0_5.jpg"", ""https://xcimg.szwego.com/imgHD/f0138068/20260429/cmp_i1777429443073_4687_0_6.jpg""]"
_dwarSn3FMztsryENkeBDCBX6CNJTmDrrECArZnQ;;细节图！SML1280¥;0;;lrg3k8cd5bgw3jv;;Для женщин;"[""https://xcimg.szwego.com/imgHD/f0138068/20260424/cmp_i1777030559963_9717_0_0.jpg"", ""https://xcimg.szwego.com/imgHD/f0138068/20260424/cmp_i1777030539720_307_0_1.jpg"", ""https://xcimg.szwego.com/imgHD/f0138068/20260424/cmp_i1777030539712_7947_0_2.jpg"", ""https://xcimg.szwego.com/imgHD/f0138068/20260424/cmp_i1777030539681_7575_0_3.jpg"", ""https://xcimg.szwego.com/imgHD/f0138068/20260424/cmp_i1777030560272_4524_0_4.jpg"", ""https://xcimg.szwego.com/imgHD/f0138068/20260424/cmp_i1777030560828_3121_0_5.jpg"", ""https://xcimg.szwego.com/imgHD/f0138068/20260424/cmp_i1777030538965_1120_0_6.jpg"", ""https://xcimg.szwego.com/imgHD/f0138068/20260424/cmp_i1777030560275_9959_0_7.jpg"", ""https://xcimg.szwego.com/imgHD/f0138068/20260424/cmp_i1777030538965_9549_0_8.jpg""]"
_dlprS19Se0PI8HQAVkoizO5ky_tkO59e1MbehaA;;🖤26新款款黑色进口绵羊皮衣夹克，柔软有光泽，娃娃领可拆卸，轻松切换风格✨。正面拉链+几何缝线，细节满分！两侧口袋超实用，日常穿搭或街头风都很OK。版型宽松，搭裙装裤装都好看，叛逆又优雅，早春秋季必备单品！ SML1280¥ 性价比超高 跑量价;0;;lrg3k8cd5bgw3jv;;Для женщин;"[""https://xcimg.szwego.com/imgHD/f0138068/20260425/cmp_i1777082949153_3135_0_0.jpg"", ""https://xcimg.szwego.com/imgHD/f0138068/20260425/cmp_i1777082974791_293_0_1.jpg"", ""https://xcimg.szwego.com/imgHD/f0138068/20260425/cmp_i1777082974790_2383_0_3.jpg"", ""https://xcimg.szwego.com/imgHD/f0138068/20260425/cmp_i1777082974371_4657_0_4.jpg"", ""https://xcimg.szwego.com/imgHD/f0138068/20260425/cmp_i1777082974371_8479_0_5.jpg"", ""https://xcimg.szwego.com/imgHD/f0138068/20260425/cmp_i1777082974371_9323_0_6.jpg"", ""https://xcimg.szwego.com/imgHD/f0138068/20260425/cmp_i1777082974371_1593_0_8.jpg"", ""https://xcimg.szwego.com/imgHD/f0138068/20260425/cmp_i1777082974791_7889_0_9.jpg"", ""https://xcimg.szwego.com/imgHD/f0138068/20260425/cmp_i1777082974790_4060_0_10.jpg""]"
_d-2rS9ZvOlLLkvA3-5XdxEvCFyrg0FHhGmEQPBg;;细节图！SML340¥;0;;lrg3k8cd5bgw3jv;;Для женщин;"[""https://xcimg.szwego.com/imgHD/f0138068/20260414/cmp_i1776160806432_6904_0_0.jpg"", ""https://xcimg.szwego.com/imgHD/f0138068/20260414/cmp_i1776160806556_7580_0_1.jpg"", ""https://xcimg.szwego.com/imgHD/f0138068/20260414/cmp_i1776160806442_7628_0_2.jpg"", ""https://xcimg.szwego.com/imgHD/f0138068/20260414/cmp_i1776160818866_3188_0_3.jpg"", ""https://xcimg.szwego.com/imgHD/f0138068/20260414/cmp_i1776160819923_5817_0_5.jpg"", ""https://xcimg.szwego.com/imgHD/f0138068/20260414/cmp_i1776160806551_7318_0_6.jpg"", ""https://xcimg.szwego.com/imgHD/f0138068/20260414/cmp_i1776160818807_8145_0_4.jpg""]"
_djhrSUr0m932WeoDKSlf8xOl7hP6C5KEISpQN8g;;细节图！SML340¥;0;;lrg3k8cd5bgw3jv;;Для женщин;"[""https://xcimg.szwego.com/imgHD/f0138068/20260420/cmp_i1776671788579_4202_0_0.jpg"", ""https://xcimg.szwego.com/imgHD/f0138068/20260420/cmp_i1776671788587_2554_0_1.jpg"", ""https://xcimg.szwego.com/imgHD/f0138068/20260420/cmp_i1776671777428_9717_0_2.jpg"", ""https://xcimg.szwego.com/imgHD/f0138068/20260420/cmp_i1776671788594_7207_0_3.jpg"", ""https://xcimg.szwego.com/imgHD/f0138068/20260420/cmp_i1776671777422_5560_0_4.jpg"", ""https://xcimg.szwego.com/imgHD/f0138068/20260420/cmp_i1776671777429_4567_0_5.jpg"", ""https://xcimg.szwego.com/imgHD/f0138068/20260420/cmp_i1776671777418_7291_0_6.jpg""]"
_dlYrSlgXv-7bh2vOkaVovO5hMdu350RqIafvUVA;;细节图！SML390¥;0;;lrg3k8cd5bgw3jv;;Для женщин;"[""https://xcimg.szwego.com/imgHD/f0138068/20260428/cmp_i1777345507556_903_0_0.jpg"", ""https://xcimg.szwego.com/imgHD/f0138068/20260428/cmp_i1777345507551_5257_0_1.jpg"", ""https://xcimg.szwego.com/imgHD/f0138068/20260428/cmp_i1777345505300_6073_0_2.jpg"", ""https://xcimg.szwego.com/imgHD/f0138068/20260428/cmp_i1777345506039_2261_0_3.jpg"", ""https://xcimg.szwego.com/imgHD/f0138068/20260428/cmp_i1777345506095_4919_0_4.jpg"", ""https://xcimg.szwego.com/imgHD/f0138068/20260428/cmp_i1777345506070_3588_0_6.jpg"", ""https://xcimg.szwego.com/imgHD/f0138068/20260428/cmp_i1777345506984_5596_0_7.jpg""]"
_dgcrSvIlGfS9qdDQyBg_QD6aqm6rCLj1H9JC15w;;⚓26航海系列条纹针织开衫，蓝白条纹+镂空老花图案，金色纽扣点缀，细节满分✨。柔软针织面料，舒适又保暖，春夏穿搭超适合！灵感来自航海元素，蓝白配色+条纹设计，轻松打造度假or通勤风。单穿或搭配裙装、牛仔裤都很出彩，优雅又实用，是春夏衣橱必备百搭单品💙。SML390¥;0;;lrg3k8cd5bgw3jv;;Для женщин;"[""https://xcimg.szwego.com/imgHD/f0138068/20260428/cmp_i1777345307674_3602_0_0.jpg"", ""https://xcimg.szwego.com/imgHD/f0138068/20260428/cmp_i1777345307674_8400_0_1.jpg"", ""https://xcimg.szwego.com/imgHD/f0138068/20260428/cmp_i1777345307674_3499_0_2.jpg"", ""https://xcimg.szwego.com/imgHD/f0138068/20260428/cmp_i1777345307674_5345_0_3.jpg"", ""https://xcimg.szwego.com/imgHD/f0138068/20260428/cmp_i1777345308053_7298_0_4.jpg"", ""https://xcimg.szwego.com/imgHD/f0138068/20260428/cmp_i1777345307674_9156_0_5.jpg""]"
_dxIrSFl6xl59CVwv9YoQCOfiWOoUdC5psIBOXqA;;细节图！SML390¥;0;;lrg3k8cd5bgw3jv;;Для женщин;"[""https://xcimg.szwego.com/imgHD/f0138068/20260428/cmp_i1777344899600_6768_0_0.jpg"", ""https://xcimg.szwego.com/imgHD/f0138068/20260428/cmp_i1777344900538_7988_0_1.jpg"", ""https://xcimg.szwego.com/imgHD/f0138068/20260428/cmp_i1777344899579_2876_0_2.jpg"", ""https://xcimg.szwego.com/imgHD/f0138068/20260428/cmp_i1777344899593_2267_0_3.jpg"", ""https://xcimg.szwego.com/imgHD/f0138068/20260428/cmp_i1777344900544_813_0_4.jpg"", ""https://xcimg.szwego.com/imgHD/f0138068/20260428/cmp_i1777344899581_1709_0_5.jpg"", ""https://xcimg.szwego.com/imgHD/f0138068/20260428/cmp_i1777344900537_8601_0_6.jpg"", ""https://xcimg.szwego.com/imgHD/f0138068/20260428/cmp_i1777344899592_8711_0_7.jpg""]"
_dHmrSXiShyh5eIZHUvDjn_j3F64xtJjn_Sr5cAg;;26春夏新款浅蓝条纹针织短袖，高密度罗纹针织，柔软亲肤，透气性超赞，春夏穿超舒服！胸前Logo低调又有辨识度，条纹设计清新简约，圆领短袖百搭不挑人✨。无缝一体成型+双层锁边，耐穿不易变形，无论搭牛仔裤还是半裙，轻松get慵懒精致风～ SML320¥;0;;lrg3k8cd5bgw3jv;;Для женщин;"[""https://xcimg.szwego.com/imgHD/f0138068/20260428/cmp_i1777343619116_5341_0_0.jpg"", ""https://xcimg.szwego.com/imgHD/f0138068/20260428/cmp_i1777343619116_9661_0_1.jpg"", ""https://xcimg.szwego.com/imgHD/f0138068/20260428/cmp_i1777343619116_384_0_2.jpg"", ""https://xcimg.szwego.com/imgHD/f0138068/20260428/cmp_i1777343619116_8745_0_3.jpg"", ""https://xcimg.szwego.com/imgHD/f0138068/20260428/cmp_i1777343619468_5761_0_4.jpg"", ""https://xcimg.szwego.com/imgHD/f0138068/20260428/cmp_i1777343619469_1684_0_5.jpg"", ""https://xcimg.szwego.com/imgHD/f0138068/20260428/cmp_i1777343619116_6969_0_6.jpg""]"
_dl-rSzsgVDQIC9wgnljwonm2uzVgIi6m_H7DFug;;细节图！SML320¥;0;;lrg3k8cd5bgw3jv;;Для женщин;"[""https://xcimg.szwego.com/imgHD/f0138068/20260428/cmp_i1777342880030_1701_0_0.jpg"", ""https://xcimg.szwego.com/imgHD/f0138068/20260428/cmp_i1777342880036_4815_0_2.jpg"", ""https://xcimg.szwego.com/imgHD/f0138068/20260428/cmp_i1777342880034_5941_0_1.jpg"", ""https://xcimg.szwego.com/imgHD/f0138068/20260428/cmp_i1777342880031_8325_0_5.jpg"", ""https://xcimg.szwego.com/imgHD/f0138068/20260428/cmp_i1777342885775_4839_0_3.jpg"", ""https://xcimg.szwego.com/imgHD/f0138068/20260428/cmp_i1777342880022_9338_0_4.jpg""]"
_drErSn3-PRcmsnrXzwuE6P2zLFM0x7rmVQUTHPg;;🤍26春夏新款白色花边针织背心，坑条肌理+木耳边领口，少女感满满！修身剪裁勾勒身形，胸前品牌织标超有辨识度✨。无袖设计，春夏单穿或内搭都很OK，搭配高腰裙、牛仔裤都很出彩，轻松切换甜妹or休闲风～针织面料弹性好，穿着舒适，日常出街、约会都能轻松驾驭，是Miu系少女美学代表单品！ SML320¥;0;;lrg3k8cd5bgw3jv;;Для женщин;"[""https://xcimg.szwego.com/imgHD/f0138068/20260428/cmp_i1777342731708_3790_0_0.jpg"", ""https://xcimg.szwego.com/imgHD/f0138068/20260428/cmp_i1777342731200_2567_0_1.jpg"", ""https://xcimg.szwego.com/imgHD/f0138068/20260428/cmp_i1777342731709_8673_0_2.jpg"", ""https://xcimg.szwego.com/imgHD/f0138068/20260428/cmp_i1777342731200_7859_0_3.jpg"", ""https://xcimg.szwego.com/imgHD/f0138068/20260428/cmp_i1777342731200_6068_0_4.jpg"", ""https://xcimg.szwego.com/imgHD/f0138068/20260428/cmp_i1777342731200_4012_0_5.jpg"", ""https://xcimg.szwego.com/imgHD/f0138068/20260428/cmp_i1777342731200_3249_0_6.jpg"", ""https://xcimg.szwego.com/imgHD/f0138068/20260428/cmp_i1777342735622_516_0_8.jpg"", ""https://xcimg.szwego.com/imgHD/f0138068/20260428/cmp_i1777342731709_4106_0_7.jpg""]"
_djcrSY1I6dmgUYFTG41NtAMNxYvJJ5Ib1jndUKg;;细节图！SML490¥;0;;lrg3k8cd5bgw3jv;;Для женщин;"[""https://xcimg.szwego.com/imgHD/f0138068/20260420/cmp_i1776653135761_9520_0_0.jpg"", ""https://xcimg.szwego.com/imgHD/f0138068/20260420/cmp_i1776653135756_4879_0_1.jpg"", ""https://xcimg.szwego.com/imgHD/f0138068/20260420/cmp_i1776653136814_8723_0_2.jpg"", ""https://xcimg.szwego.com/imgHD/f0138068/20260420/cmp_i1776653136800_6835_0_3.jpg"", ""https://xcimg.szwego.com/imgHD/f0138068/20260420/cmp_i1776653135750_3855_0_4.jpg"", ""https://xcimg.szwego.com/imgHD/f0138068/20260420/cmp_i1776653135769_7765_0_5.jpg"", ""https://xcimg.szwego.com/imgHD/f0138068/20260420/cmp_i1776653136807_1381_0_6.jpg"", ""https://xcimg.szwego.com/imgHD/f0138068/20260420/cmp_i1776653135751_3188_0_7.jpg"", ""https://xcimg.szwego.com/imgHD/f0138068/20260420/cmp_i1776653136814_460_0_8.jpg""]"
_dsbrSiEobQCt9cfUgyjwwbFxVz7a2_pCkd0rOCw;;💙26S新品春夏蓝白条纹衬衫，经典蓝白配色，轻薄透气面料，春夏穿超舒服！短款剪裁+胸前双口袋，红色刺绣Logo超有辨识度✨。袖口和门襟细节精致，工艺感满满。日常通勤、休闲都能轻松驾驭，搭配高腰牛仔裤或阔腿裤，清爽利落，轻松get韩系松弛感穿搭风格！ SML490¥;0;;lrg3k8cd5bgw3jv;;Для женщин;"[""https://xcimg.szwego.com/imgHD/f0138068/20260420/cmp_i1776653259431_5629_0_0.jpg"", ""https://xcimg.szwego.com/imgHD/f0138068/20260420/cmp_i1776653259432_4354_0_1.jpg"", ""https://xcimg.szwego.com/imgHD/f0138068/20260420/cmp_i1776653259431_9249_0_2.jpg"", ""https://xcimg.szwego.com/imgHD/f0138068/20260420/cmp_i1776653259455_8520_0_3.jpg"", ""https://xcimg.szwego.com/imgHD/f0138068/20260420/cmp_i1776653347825_4080_0_4.jpg"", ""https://xcimg.szwego.com/imgHD/f0138068/20260420/cmp_i1776653347825_1632_0_5.jpg"", ""https://xcimg.szwego.com/imgHD/f0138068/20260420/cmp_i1776653347848_2116_0_6.jpg""]"
_dr9rS3Pu5QPujT0ryCsR3EUGSKWGu3MAo3Yq9LQ;;细节图！SML460¥;0;;lrg3k8cd5bgw3jv;;Для женщин;"[""https://xcimg.szwego.com/imgHD/f0138068/20260402/cmp_i1775101490337_1334_0_0.jpg"", ""https://xcimg.szwego.com/imgHD/f0138068/20260402/cmp_i1775101490331_6953_0_1.jpg"", ""https://xcimg.szwego.com/imgHD/f0138068/20260402/cmp_i1775101508218_9897_0_2.jpg"", ""https://xcimg.szwego.com/imgHD/f0138068/20260402/cmp_i1775101500927_62_0_3.jpg"", ""https://xcimg.szwego.com/imgHD/f0138068/20260402/cmp_i1775101490330_9763_0_4.jpg"", ""https://xcimg.szwego.com/imgHD/f0138068/20260402/cmp_i1775101508218_4155_0_5.jpg"", ""https://xcimg.szwego.com/imgHD/f0138068/20260402/cmp_i1775101490334_1481_0_6.jpg"", ""https://xcimg.szwego.com/imgHD/f0138068/20260402/cmp_i1775101490339_9038_0_7.jpg""]"
_dyhrSeEf0Q6NOH2nxHtC742y6J8lgGCbwygVsww;;💛M2026早春鹅黄色夹克，外层鹅黄，内衬蓝白格纹，学院风满满✨。面料挺括，宽松落肩剪裁，舒适又显气质。领口和袖口格纹包边，细节精致，层次感十足。鹅黄色显白，黄皮友好，搭配白衬衫或条纹内搭，轻松get甜酷风or通勤风，日常出街、活动都很适合！ SML460¥;0;;lrg3k8cd5bgw3jv;;Для женщин;"[""https://xcimg.szwego.com/imgHD/f0138068/20260402/cmp_i1775101398083_9053_0_0.jpg"", ""https://xcimg.szwego.com/imgHD/f0138068/20260402/cmp_i1775101396715_6018_0_1.jpg"", ""https://xcimg.szwego.com/imgHD/f0138068/20260402/cmp_i1775101398083_7854_0_2.jpg"", ""https://xcimg.szwego.com/imgHD/f0138068/20260402/cmp_i1775101396715_5041_0_3.jpg"", ""https://xcimg.szwego.com/imgHD/f0138068/20260402/cmp_i1775101396715_5573_0_4.jpg"", ""https://xcimg.szwego.com/imgHD/f0138068/20260402/cmp_i1775101396716_8066_0_5.jpg"", ""https://xcimg.szwego.com/imgHD/f0138068/20260402/cmp_i1775101396715_27_0_6.jpg"", ""https://xcimg.szwego.com/imgHD/f0138068/20260402/cmp_i1775101398083_9618_0_7.jpg"", ""https://xcimg.szwego.com/imgHD/f0138068/20260402/cmp_i1775101402449_732_0_8.jpg""]"
_dqarSsg1jAO91TImrSctNVE2miNhlo4DUIiMmSg;;细节图！SML260¥;0;;lrg3k8cd5bgw3jv;;Для женщин;"[""https://xcimg.szwego.com/imgHD/f0138068/20260420/cmp_i1776671428300_6196_0_0.jpg"", ""https://xcimg.szwego.com/imgHD/f0138068/20260420/cmp_i1776671447540_3584_0_3.jpg"", ""https://xcimg.szwego.com/imgHD/f0138068/20260420/cmp_i1776671447642_3925_0_1.jpg"", ""https://xcimg.szwego.com/imgHD/f0138068/20260420/cmp_i1776671427747_4459_0_2.jpg"", ""https://xcimg.szwego.com/imgHD/f0138068/20260420/cmp_i1776671427658_6371_0_5.jpg"", ""https://xcimg.szwego.com/imgHD/f0138068/20260420/cmp_i1776671446894_7562_0_4.jpg""]"
_dvFrStDESgThaQ5TdlxiU46dNbKnXSkTgXL0sRA;;💙26春夏新款深蓝、黄、白撞色条纹针织背心，修身剪裁+U领宽肩带，贴合身形又舒适不勒✨。胸前黑标Logo超有辨识度，复古美式风格，单穿or叠搭白T都很出彩！搭配牛仔短裙、工装裤、乐福鞋，轻松get学院感or甜酷风，日常出街、探店、休闲场合都超适合～ SML260¥;0;;lrg3k8cd5bgw3jv;;Для женщин;"[""https://xcimg.szwego.com/imgHD/f0138068/20260427/cmp_i1777258920791_9267_0_4.jpg"", ""https://xcimg.szwego.com/imgHD/f0138068/20260427/cmp_i1777258920791_989_0_5.jpg"", ""https://xcimg.szwego.com/imgHD/f0138068/20260427/cmp_i1777258920791_3024_0_7.jpg"", ""https://xcimg.szwego.com/imgHD/f0138068/20260427/cmp_i1777258920791_3360_0_6.jpg"", ""https://xcimg.szwego.com/imgHD/f0138068/20260427/cmp_i1777258811591_3014_0_0.jpg"", ""https://xcimg.szwego.com/imgHD/f0138068/20260427/cmp_i1777258811597_5900_0_1.jpg"", ""https://xcimg.szwego.com/imgHD/f0138068/20260427/cmp_i1777258811592_7337_0_2.jpg"", ""https://xcimg.szwego.com/imgHD/f0138068/20260427/cmp_i1777258920791_9598_0_3.jpg""]"
_dilrSk9vrnn04WpyJ3VqLuUSGs1Ti-g8B36RR2g;;细节图！SML290¥;0;;lrg3k8cd5bgw3jv;;Для женщин;"[""https://xcimg.szwego.com/imgHD/f0138068/20260427/cmp_i1777259604715_5671_0_0.jpg"", ""https://xcimg.szwego.com/imgHD/f0138068/20260427/cmp_i1777259604716_4320_0_1.jpg"", ""https://xcimg.szwego.com/imgHD/f0138068/20260427/cmp_i1777259605699_6842_0_2.jpg"", ""https://xcimg.szwego.com/imgHD/f0138068/20260427/cmp_i1777259604716_8493_0_3.jpg"", ""https://xcimg.szwego.com/imgHD/f0138068/20260427/cmp_i1777259604716_8546_0_4.jpg"", ""https://xcimg.szwego.com/imgHD/f0138068/20260427/cmp_i1777259604716_1258_0_5.jpg""]"
_dgJrSabrhIUiYnUi-MlT7FqDXjYuDURBXKF4lkw;;细节图！SML200¥;0;;lrg3k8cd5bgw3jv;;Для женщин;"[""https://xcimg.szwego.com/imgHD/f0138068/20260427/cmp_i1777260983298_6018_0_0.jpg"", ""https://xcimg.szwego.com/imgHD/f0138068/20260427/cmp_i1777260982441_4228_0_3.jpg"", ""https://xcimg.szwego.com/imgHD/f0138068/20260427/cmp_i1777260983294_9636_0_1.jpg"", ""https://xcimg.szwego.com/imgHD/f0138068/20260427/cmp_i1777260982432_8947_0_2.jpg"", ""https://xcimg.szwego.com/imgHD/f0138068/20260427/cmp_i1777260982435_1023_0_4.jpg"", ""https://xcimg.szwego.com/imgHD/f0138068/20260427/cmp_i1777260982435_810_0_6.jpg"", ""https://xcimg.szwego.com/imgHD/f0138068/20260427/cmp_i1777260982432_2081_0_5.jpg""]"
_dgTrSmh6dSL3L-DYS8mv8s_doiNEEctl779Ik1g;;26春夏新款Monogram印花短袖T恤，经典白色搭配灰色老花图案，低调又有辨识度✨。棉质面料柔软舒适，圆领设计简约百搭，日常通勤或休闲都能轻松驾驭。无论配牛仔裤还是短裤，都能展现优雅随性风格，是入门级单品，时尚实用两 SML200¥;0;;lrg3k8cd5bgw3jv;;Для женщин;"[""https://xcimg.szwego.com/imgHD/f0138068/20260427/cmp_i1777260828947_4284_0_0.jpg"", ""https://xcimg.szwego.com/imgHD/f0138068/20260427/cmp_i1777260828947_5313_0_1.jpg"", ""https://xcimg.szwego.com/imgHD/f0138068/20260427/cmp_i1777260828947_7569_0_2.jpg"", ""https://xcimg.szwego.com/imgHD/f0138068/20260427/cmp_i1777260828947_2019_0_3.jpg"", ""https://xcimg.szwego.com/imgHD/f0138068/20260427/cmp_i1777260829420_6120_0_4.jpg"", ""https://xcimg.szwego.com/imgHD/f0138068/20260427/cmp_i1777260828947_8133_0_5.jpg""]"
_dlFrSAdE4SHifWezrHCoWpez-ZDyELEte2LFfnw;;细节图！SML200¥;0;;lrg3k8cd5bgw3jv;;Для женщин;"[""https://xcimg.szwego.com/imgHD/f0138068/20260427/cmp_i1777261046852_9219_0_0.jpg"", ""https://xcimg.szwego.com/imgHD/f0138068/20260427/cmp_i1777261047567_1353_0_3.jpg"", ""https://xcimg.szwego.com/imgHD/f0138068/20260427/cmp_i1777261046862_9404_0_2.jpg"", ""https://xcimg.szwego.com/imgHD/f0138068/20260427/cmp_i1777261047563_1528_0_4.jpg"", ""https://xcimg.szwego.com/imgHD/f0138068/20260427/cmp_i1777261046867_2799_0_5.jpg"", ""https://xcimg.szwego.com/imgHD/f0138068/20260427/cmp_i1777261046857_4005_0_6.jpg""]"
_dwDrStUV2RJ4hhu68j9YKYdj2SR2YrMq0mzbdyw;;细节图！SML340¥;0;;lrg3k8cd5bgw3jv;;Для женщин;"[""https://xcimg.szwego.com/imgHD/f0138068/20260413/cmp_a1776061151710_2142.jpg"", ""https://xcimg.szwego.com/imgHD/f0138068/20260413/cmp_a1776061151666_8871.jpg"", ""https://xcimg.szwego.com/imgHD/f0138068/20260413/cmp_a1776061150668_0246.jpg"", ""https://xcimg.szwego.com/imgHD/f0138068/20260413/cmp_a1776061150669_2868.jpg"", ""https://xcimg.szwego.com/imgHD/f0138068/20260413/cmp_a1776061150655_0384.jpg"", ""https://xcimg.szwego.com/imgHD/f0138068/20260413/cmp_a1776061160108_4247.jpg""]"
_dlLrScltlPaGpqYNm9f8n1FOuCn3paCGjqRVQmA;;🌸26新款粉色针织Polo衫，选用柔软亲肤面料，穿着超舒适！经典翻领+胸前GG刺绣，低调又有辨识度✨。樱花粉色温柔显白，春夏穿超适合，减龄又优雅。短袖设计利落，搭半裙或牛仔裤都很OK，通勤、约会、日常出街都能轻松驾驭，是实用又时髦的百搭单品！ SML340💰;0;;lrg3k8cd5bgw3jv;;Для женщин;"[""https://xcimg.szwego.com/img/f0138068/20260422/a1776824906324_8477.jpg"", ""https://xcimg.szwego.com/imgHD/f0138068/20260421/cmp_i1776761299157_9743_0_0.jpg"", ""https://xcimg.szwego.com/img/f0138068/20260422/a1776824906402_7630.jpg"", ""https://xcimg.szwego.com/img/f0138068/20260422/a1776824906331_6604.jpg"", ""https://xcimg.szwego.com/img/f0138068/20260422/a1776825019714_7111.jpg"", ""https://xcimg.szwego.com/img/f0138068/20260422/a1776825019817_2580.jpg"", ""https://xcimg.szwego.com/imgHD/f0138068/20260421/cmp_i1776761292492_5357_0_5.jpg"", ""https://xcimg.szwego.com/imgHD/f0138068/20260421/cmp_i1776761292492_5355_0_7.jpg"", ""https://xcimg.szwego.com/imgHD/f0138068/20260421/cmp_i1776761299158_6767_0_8.jpg""]"
_duorSCRd8L76hMN1ipLOgN-hUNPTPwhM8QC-vGw;;细节图！SML360¥💰;0;;lrg3k8cd5bgw3jv;;Для женщин;"[""https://xcimg.szwego.com/imgHD/f0138068/20260413/cmp_a1776061513047_4066.jpg"", ""https://xcimg.szwego.com/imgHD/f0138068/20260413/cmp_a1776061512839_2273.jpg"", ""https://xcimg.szwego.com/imgHD/f0138068/20260413/cmp_a1776061513167_1160.jpg"", ""https://xcimg.szwego.com/imgHD/f0138068/20260413/cmp_a1776061512942_3257.jpg"", ""https://xcimg.szwego.com/imgHD/f0138068/20260413/cmp_a1776061512921_0860.jpg"", ""https://xcimg.szwego.com/imgHD/f0138068/20260413/cmp_a1776061543597_6516.jpg""]"
_dkFrSzRfo5ItygR2paBTb3yqthpQzD8xk09pR1w;;细节图！SML380¥;0;;lrg3k8cd5bgw3jv;;Для женщин;"[""https://xcimg.szwego.com/imgHD/f0138068/20260416/cmp_i1776345410783_8210_0_0.jpg"", ""https://xcimg.szwego.com/imgHD/f0138068/20260416/cmp_i1776345410718_3607_0_3.jpg"", ""https://xcimg.szwego.com/imgHD/f0138068/20260416/cmp_i1776345410644_6188_0_1.jpg"", ""https://xcimg.szwego.com/imgHD/f0138068/20260416/cmp_i1776345413463_9745_0_4.jpg"", ""https://xcimg.szwego.com/imgHD/f0138068/20260416/cmp_i1776345412971_5317_0_6.jpg"", ""https://xcimg.szwego.com/imgHD/f0138068/20260416/cmp_i1776345413479_3144_0_7.jpg"", ""https://xcimg.szwego.com/imgHD/f0138068/20260416/cmp_i1776345410022_2568_0_2.jpg""]"
_drGrSxBfjfSY3SMVhElGCbUazq8qzvUOK1tzpEg;;细节图！SML380¥;0;;lrg3k8cd5bgw3jv;;Для женщин;"[""https://xcimg.szwego.com/img/f0138068/20260416/a1776345179457_3526.jpg"", ""https://xcimg.szwego.com/img/f0138068/20260416/a1776345181601_8063.jpg"", ""https://xcimg.szwego.com/img/f0138068/20260416/a1776345179325_1368.jpg"", ""https://xcimg.szwego.com/img/f0138068/20260416/a1776345179452_8828.jpg"", ""https://xcimg.szwego.com/img/f0138068/20260416/a1776345179406_1800.jpg"", ""https://xcimg.szwego.com/img/f0138068/20260416/a1776345181446_7724.jpg"", ""https://xcimg.szwego.com/img/f0138068/20260416/a1776345178867_7873.jpg""]"
_dtyrSOnPMMjk9XLfXJ3jDnXp0zdP2MtyeBBMF8Q;;🌸26春夏新款粉色针织开衫，采用柔软亲肤面料，圆领+纽扣设计，穿脱超方便！精致刺绣细节，优雅又浪漫，春夏季节穿刚刚好～粉色温柔百搭，无论搭裙装还是牛仔裤都很出彩✨。宽松版型对身材超友好，通勤、约会、日常都能轻松驾驭，实用又时髦！ SML380¥;0;;lrg3k8cd5bgw3jv;;Для женщин;"[""https://xcimg.szwego.com/imgHD/f0138068/20260421/cmp_i1776737937206_7020_0_0.jpg"", ""https://xcimg.szwego.com/imgHD/f0138068/20260421/cmp_i1776737936558_3306_0_1.jpg"", ""https://xcimg.szwego.com/imgHD/f0138068/20260421/cmp_i1776737937207_5090_0_2.jpg"", ""https://xcimg.szwego.com/imgHD/f0138068/20260421/cmp_i1776737936557_7803_0_3.jpg"", ""https://xcimg.szwego.com/imgHD/f0138068/20260421/cmp_i1776737937206_4307_0_4.jpg"", ""https://xcimg.szwego.com/imgHD/f0138068/20260421/cmp_i1776737936559_734_0_6.jpg"", ""https://xcimg.szwego.com/imgHD/f0138068/20260421/cmp_i1776737936558_1145_0_7.jpg""]"
_deRrSVKQsy-xmyfH71_rBThOhmrmwn9uMVaeBEw;;细节图！SML340¥;0;;lrg3k8cd5bgw3jv;;Для женщин;"[""https://xcimg.szwego.com/imgHD/f0138068/20260413/cmp_i1776061973168_4880_0_0.jpg"", ""https://xcimg.szwego.com/imgHD/f0138068/20260413/cmp_i1776061982905_3055_0_1.jpg"", ""https://xcimg.szwego.com/imgHD/f0138068/20260413/cmp_i1776061973196_5187_0_2.jpg"", ""https://xcimg.szwego.com/imgHD/f0138068/20260413/cmp_i1776061982069_6041_0_3.jpg"", ""https://xcimg.szwego.com/imgHD/f0138068/20260413/cmp_i1776062201972_1331_0_4.jpg"", ""https://xcimg.szwego.com/imgHD/f0138068/20260413/cmp_i1776061982071_4898_0_5.jpg""]"
_dinrSg66SYTs5shoVGTPOtNvfdfVp_P0Lpq8Zbg;;细节图！SML320💰;0;;lrg3k8cd5bgw3jv;;Для женщин;"[""https://xcimg.szwego.com/img/f0138068/20260420/a1776671314518_7431.jpg"", ""https://xcimg.szwego.com/img/f0138068/20260420/a1776671314463_1712.jpg"", ""https://xcimg.szwego.com/img/f0138068/20260420/a1776671314313_8556.jpg"", ""https://xcimg.szwego.com/img/f0138068/20260420/a1776671314325_7361.jpg"", ""https://xcimg.szwego.com/img/f0138068/20260420/a1776671314316_5278.jpg"", ""https://xcimg.szwego.com/img/f0138068/20260420/a1776671275790_5083.jpg""]"
_d4krSAEyDqXBhuDUOJTEt57ikSYuyDkrhdhTDRA;;细节图！SML340💰;0;;lrg3k8cd5bgw3jv;;Для женщин;"[""https://xcimg.szwego.com/img/f0138068/20260420/a1776671277992_0285.jpg"", ""https://xcimg.szwego.com/img/f0138068/20260420/a1776671276001_8184.jpg"", ""https://xcimg.szwego.com/img/f0138068/20260420/a1776671276920_4405.jpg"", ""https://xcimg.szwego.com/img/f0138068/20260420/a1776671276083_5253.jpg"", ""https://xcimg.szwego.com/img/f0138068/20260420/a1776671276040_0263.jpg"", ""https://xcimg.szwego.com/img/f0138068/20260420/a1776671277925_4540.jpg"", ""https://xcimg.szwego.com/img/f0138068/20260420/a1776671275790_5083.jpg""]"
_dgarSZxWK6guF0sGIntsrGEVMXo2K1SS1ejmWeQ;;Miu少女浪漫🍧这套粉色直接嫩回18岁！ 浅粉色的荷叶边短袖衬;0;;lrg3k8cd5bgw3jv;;Для женщин;"[""https://xcimg.szwego.com/imgHD/f0138068/20260421/cmp_i1776741084659_982_0_0.jpg"", ""https://xcimg.szwego.com/imgHD/f0138068/20260421/cmp_i1776741084245_7495_0_1.jpg"", ""https://xcimg.szwego.com/imgHD/f0138068/20260421/cmp_i1776741084659_6357_0_2.jpg"", ""https://xcimg.szwego.com/imgHD/f0138068/20260421/cmp_i1776741084244_5080_0_3.jpg"", ""https://xcimg.szwego.com/imgHD/f0138068/20260421/cmp_i1776741084245_9595_0_4.jpg"", ""https://xcimg.szwego.com/imgHD/f0138068/20260421/cmp_i1776741084244_6995_0_5.jpg"", ""https://xcimg.szwego.com/imgHD/f0138068/20260421/cmp_i1776741084245_2329_0_6.jpg"", ""https://xcimg.szwego.com/imgHD/f0138068/20260421/cmp_i1776741084660_9706_0_7.jpg""]"
_dorrS1WGVFLUMLPSV2T0Jld9HsB1hCNUhMVM2DA;;细节图！SML340¥;0;;lrg3k8cd5bgw3jv;;Для женщин;"[""https://xcimg.szwego.com/img/f0138068/20260420/a1776671064332_1138.jpg"", ""https://xcimg.szwego.com/img/f0138068/20260420/a1776671066037_3218.jpg"", ""https://xcimg.szwego.com/img/f0138068/20260420/a1776671064142_0545.jpg"", ""https://xcimg.szwego.com/img/f0138068/20260420/a1776671064225_1058.jpg"", ""https://xcimg.szwego.com/img/f0138068/20260420/a1776671064086_3184.jpg"", ""https://xcimg.szwego.com/img/f0138068/20260420/a1776671064424_1053.jpg"", ""https://xcimg.szwego.com/img/f0138068/20260420/a1776671066038_0235.jpg"", ""https://xcimg.szwego.com/img/f0138068/20260420/a1776671033391_1262.jpg""]"
_ddOrSGmtIqs-ytiJqLoRITKrTyh1IagbDMr_j-Q;;细节图SML320¥;0;;lrg3k8cd5bgw3jv;;Для женщин;"[""https://xcimg.szwego.com/img/f0138068/20260420/a1776671033495_6222.jpg"", ""https://xcimg.szwego.com/img/f0138068/20260420/a1776671033595_2507.jpg"", ""https://xcimg.szwego.com/img/f0138068/20260420/a1776671033560_7060.jpg"", ""https://xcimg.szwego.com/img/f0138068/20260420/a1776671033740_1305.jpg"", ""https://xcimg.szwego.com/img/f0138068/20260420/a1776671035549_2867.jpg"", ""https://xcimg.szwego.com/img/f0138068/20260420/a1776671033391_1262.jpg""]"
_dlFrSAdE4SHifWeztHCkSpev-bj6LLEte2LFfnw;;💚M26新款橄榄绿木耳边套装，包含短袖衬衫+百褶短裙，春夏穿超舒服！木耳边+翻领设计，复古少女感满满✨，裙摆百褶灵动俏皮，宽松版型对身材超友好，显瘦又显高！日常出街、约会、拍照都很出片，搭配草编包或玛丽珍鞋，甜酷风轻松拿捏～ 衬衣SML340¥ 半裙SML320¥;0;;lrg3k8cd5bgw3jv;;Для женщин;"[""https://xcimg.szwego.com/imgHD/f0138068/20260421/cmp_i1776740694040_4652_0_0.jpg"", ""https://xcimg.szwego.com/imgHD/f0138068/20260421/cmp_i1776740694480_7753_0_1.jpg"", ""https://xcimg.szwego.com/imgHD/f0138068/20260421/cmp_i1776740694040_279_0_2.jpg"", ""https://xcimg.szwego.com/imgHD/f0138068/20260421/cmp_i1776740694040_4044_0_3.jpg"", ""https://xcimg.szwego.com/imgHD/f0138068/20260421/cmp_i1776740694068_4980_0_4.jpg"", ""https://xcimg.szwego.com/imgHD/f0138068/20260421/cmp_i1776740694480_7881_0_5.jpg"", ""https://xcimg.szwego.com/imgHD/f0138068/20260421/cmp_i1776740694040_791_0_6.jpg"", ""https://xcimg.szwego.com/imgHD/f0138068/20260421/cmp_i1776740694480_3850_0_7.jpg""]"
_doIrSPbrM_6nAGDxV3Zdri5iXsloBkh7EKbjzCg;;细节图！SML260¥;0;;lrg3k8cd5bgw3jv;;Для женщин;"[""https://xcimg.szwego.com/imgHD/f0138068/20260414/cmp_i1776160537682_9013_0_0.jpg"", ""https://xcimg.szwego.com/imgHD/f0138068/20260414/cmp_i1776160736578_4228_0_1.jpg"", ""https://xcimg.szwego.com/imgHD/f0138068/20260414/cmp_i1776160554576_4466_0_2.jpg"", ""https://xcimg.szwego.com/imgHD/f0138068/20260414/cmp_i1776160537680_7820_0_3.jpg"", ""https://xcimg.szwego.com/imgHD/f0138068/20260414/cmp_i1776160554589_6003_0_4.jpg"", ""https://xcimg.szwego.com/imgHD/f0138068/20260414/cmp_i1776160537695_9601_0_5.jpg""]"
_drXrSeDR975SanAiKx4H8IgDC8D_esn3cefzBhw;;💙26SS早春系列蓝色针织吊带背心，竖坑条针织面料，柔软有弹性，贴合身形，勾勒曲线✨。V领+细肩带设计，胸前品牌织带低调彰显身份。蓝色清新，春夏单穿或内搭都很出彩，搭配西装、针织衫层次感满分！日常通勤、休闲都能轻松驾驭，是早春衣橱必备百搭单品～ SML260¥;0;;lrg3k8cd5bgw3jv;;Для женщин;"[""https://xcimg.szwego.com/imgHD/f0138068/20260416/cmp_i1776306351767_1640_0_0.jpg"", ""https://xcimg.szwego.com/imgHD/f0138068/20260416/cmp_i1776306351767_2557_0_2.jpg"", ""https://xcimg.szwego.com/imgHD/f0138068/20260416/cmp_i1776306750592_5813_0_5.jpg"", ""https://xcimg.szwego.com/imgHD/f0138068/20260416/cmp_i1776306750592_5022_0_6.jpg"", ""https://xcimg.szwego.com/imgHD/f0138068/20260416/cmp_i1776306385499_9129_0_3.jpg"", ""https://xcimg.szwego.com/imgHD/f0138068/20260416/cmp_i1776306385499_8434_0_4.jpg"", ""https://xcimg.szwego.com/imgHD/f0138068/20260416/cmp_i1776306351769_5507_0_3.jpg""]"
_d8KrS7EDkU71riooMBuhDQVJVcEv2moKFH7rnIA;;细节图！SML430¥;0;;lrg3k8cd5bgw3jv;;Для женщин;"[""https://xcimg.szwego.com/imgHD/f0138068/20260414/cmp_i1776160397073_9093_0_0.jpg"", ""https://xcimg.szwego.com/imgHD/f0138068/20260414/cmp_i1776160306159_3287_0_1.jpg"", ""https://xcimg.szwego.com/imgHD/f0138068/20260414/cmp_i1776160306193_4612_0_2.jpg"", ""https://xcimg.szwego.com/imgHD/f0138068/20260414/cmp_i1776160397082_7456_0_3.jpg"", ""https://xcimg.szwego.com/imgHD/f0138068/20260414/cmp_i1776160286543_4785_0_4.jpg"", ""https://xcimg.szwego.com/imgHD/f0138068/20260414/cmp_i1776160306187_455_0_5.jpg"", ""https://xcimg.szwego.com/imgHD/f0138068/20260414/cmp_i1776160306188_3625_0_7.jpg"", ""https://xcimg.szwego.com/imgHD/f0138068/20260414/cmp_i1776160306193_6259_0_6.jpg""]"
_dEYrS8cLNBXz901tOazh-y0yKtRZ1Z45MzRTq2Q;;🤍26P白色吊带裙，简约优雅，V领+黑色边饰，法式气质满满！裙身竖条纹刺绣，细节精致，背后小Logo超有辨识度✨夏天穿超舒服，肩带可调节，露背设计时髦又实用。日常、度假都能轻松驾驭，清新自然感get✔️！ SML430¥;0;;lrg3k8cd5bgw3jv;;Для женщин;"[""https://xcimg.szwego.com/imgHD/f0138068/20260415/cmp_i1776220987653_9503_0_0.jpg"", ""https://xcimg.szwego.com/imgHD/f0138068/20260415/cmp_i1776220987655_2836_0_1.jpg"", ""https://xcimg.szwego.com/imgHD/f0138068/20260415/cmp_i1776220987659_1586_0_3.jpg"", ""https://xcimg.szwego.com/imgHD/f0138068/20260415/cmp_i1776220987657_6372_0_2.jpg"", ""https://xcimg.szwego.com/imgHD/f0138068/20260415/cmp_i1776220987656_1873_0_5.jpg"", ""https://xcimg.szwego.com/imgHD/f0138068/20260415/cmp_i1776220988131_8637_0_4.jpg""]"
_dgvrS6kkgDFs7nPugYRoQYqvvN4h5LfEVPpsorw;;细节图！SML340¥;0;;lrg3k8cd5bgw3jv;;Для женщин;"[""https://xcimg.szwego.com/imgHD/f0138068/20260413/cmp_i1776062012573_5119_0_0.jpg"", ""https://xcimg.szwego.com/imgHD/f0138068/20260413/cmp_i1776062012580_7215_0_1.jpg"", ""https://xcimg.szwego.com/imgHD/f0138068/20260413/cmp_i1776062348862_5216_0_2.jpg"", ""https://xcimg.szwego.com/imgHD/f0138068/20260413/cmp_i1776062012517_9206_0_3.jpg"", ""https://xcimg.szwego.com/imgHD/f0138068/20260413/cmp_i1776062309100_4684_0_4.jpg"", ""https://xcimg.szwego.com/imgHD/f0138068/20260413/cmp_i1776062012616_2851_0_5.jpg"", ""https://xcimg.szwego.com/imgHD/f0138068/20260413/cmp_i1776062011732_7308_0_6.jpg""]"
_d4frSsS6v0qQch1uaR3thGHO9ecf_Sm8c5403pw;;细节图！SML380¥;0;;lrg3k8cd5bgw3jv;;Для женщин;"[""https://xcimg.szwego.com/imgHD/f0138068/20260413/cmp_a1776061174693_4281.jpg"", ""https://xcimg.szwego.com/imgHD/f0138068/20260413/cmp_a1776061174725_5657.jpg"", ""https://xcimg.szwego.com/imgHD/f0138068/20260413/cmp_a1776061173546_1080.jpg"", ""https://xcimg.szwego.com/imgHD/f0138068/20260413/cmp_a1776061173546_8272.jpg"", ""https://xcimg.szwego.com/imgHD/f0138068/20260413/cmp_a1776061174609_5661.jpg"", ""https://xcimg.szwego.com/imgHD/f0138068/20260413/cmp_a1776061183025_8553.jpg"", ""https://xcimg.szwego.com/imgHD/f0138068/20260413/cmp_a1776061183831_4216.jpg""]"
_dnXrSF3SKGBPSN2aQz01U6KG9rXxi4cQFWJZepQ;;细节图！SML390¥;0;;lrg3k8cd5bgw3jv;;Для женщин;"[""https://xcimg.szwego.com/imgHD/f0138068/20260414/cmp_i1776160383872_3596_0_0.jpg"", ""https://xcimg.szwego.com/imgHD/f0138068/20260414/cmp_i1776160426043_6244_0_1.jpg"", ""https://xcimg.szwego.com/imgHD/f0138068/20260414/cmp_i1776160426042_4008_0_2.jpg"", ""https://xcimg.szwego.com/imgHD/f0138068/20260414/cmp_i1776160384016_4988_0_3.jpg"", ""https://xcimg.szwego.com/imgHD/f0138068/20260414/cmp_i1776160383904_9016_0_5.jpg"", ""https://xcimg.szwego.com/imgHD/f0138068/20260414/cmp_i1776160383948_2659_0_6.jpg"", ""https://xcimg.szwego.com/imgHD/f0138068/20260414/cmp_i1776160383920_2151_0_7.jpg"", ""https://xcimg.szwego.com/imgHD/f0138068/20260414/cmp_i1776160426051_7469_0_4.jpg""]"
_doorS5Gcsrb5ADDNFftd4eu0-JJRESTELfk85hg;;细节图！SML240¥;0;;lrg3k8cd5bgw3jv;;Для женщин;"[""https://xcimg.szwego.com/imgHD/f0138068/20260413/cmp_i1776062348757_1376_0_0.jpg"", ""https://xcimg.szwego.com/imgHD/f0138068/20260413/cmp_i1776062144636_945_0_1.jpg"", ""https://xcimg.szwego.com/imgHD/f0138068/20260413/cmp_i1776062348762_7857_0_2.jpg"", ""https://xcimg.szwego.com/imgHD/f0138068/20260413/cmp_i1776062101397_713_0_3.jpg"", ""https://xcimg.szwego.com/imgHD/f0138068/20260413/cmp_i1776062144639_3145_0_4.jpg"", ""https://xcimg.szwego.com/imgHD/f0138068/20260413/cmp_i1776062144639_6982_0_5.jpg"", ""https://xcimg.szwego.com/imgHD/f0138068/20260413/cmp_i1776062144643_8651_0_6.jpg""]"
_dxprSjRKUYDkDC639x2i_O7s0tOOE6lDMOu7S8A;;🤍26新款白色Polo衫，采用全棉针织，柔软贴身，春夏穿超舒服！胸前品牌刺绣超有辨识度，简约又高级✨。正肩短袖+翻领设计，学院风和现代感兼具，日常通勤、休闲都能轻松驾驭。搭配牛仔裤或半裙，优雅随性，轻松get 经典气质！ SML240¥;0;;lrg3k8cd5bgw3jv;;Для женщин;"[""https://xcimg.szwego.com/imgHD/f0138068/20260414/cmp_i1776137897782_6500_0_0.jpg"", ""https://xcimg.szwego.com/imgHD/f0138068/20260414/cmp_i1776137897782_9626_0_1.jpg"", ""https://xcimg.szwego.com/imgHD/f0138068/20260414/cmp_i1776137897782_8523_0_3.jpg"", ""https://xcimg.szwego.com/imgHD/f0138068/20260414/cmp_i1776137897781_2843_0_2.jpg"", ""https://xcimg.szwego.com/imgHD/f0138068/20260414/cmp_i1776137942315_3581_0_4.jpg"", ""https://xcimg.szwego.com/imgHD/f0138068/20260414/cmp_i1776137897782_1151_0_5.jpg""]"
_dhirStDuZi8nw5VNOTkRKc48n99yCUxYNscxezw;;细节图！SML340¥;0;;lrg3k8cd5bgw3jv;;Для женщин;"[""https://xcimg.szwego.com/imgHD/f0138068/20260413/cmp_a1776060944386_5270.jpg"", ""https://xcimg.szwego.com/imgHD/f0138068/20260413/cmp_a1776060961550_1807.jpg"", ""https://xcimg.szwego.com/imgHD/f0138068/20260413/cmp_a1776060945367_8354.jpg"", ""https://xcimg.szwego.com/imgHD/f0138068/20260413/cmp_a1776060944386_5875.jpg"", ""https://xcimg.szwego.com/imgHD/f0138068/20260413/cmp_a1776060944383_5421.jpg"", ""https://xcimg.szwego.com/imgHD/f0138068/20260413/cmp_a1776060967618_3455.jpg"", ""https://xcimg.szwego.com/imgHD/f0138068/20260413/cmp_a1776060944386_3635.jpg""]"
_dc8rSF6mXKTQFPJ29Lp2VnUqQjuP3kk-NLpv9vw;;细节图SML340¥;0;;lrg3k8cd5bgw3jv;;Для женщин;"[""https://xcimg.szwego.com/imgHD/f0138068/20260413/cmp_a1776060822419_8658.jpg"", ""https://xcimg.szwego.com/imgHD/f0138068/20260413/cmp_a1776060822300_0004.jpg"", ""https://xcimg.szwego.com/imgHD/f0138068/20260413/cmp_a1776060829119_3668.jpg"", ""https://xcimg.szwego.com/imgHD/f0138068/20260413/cmp_a1776060822399_1234.jpg"", ""https://xcimg.szwego.com/imgHD/f0138068/20260413/cmp_a1776060822202_6148.jpg"", ""https://xcimg.szwego.com/imgHD/f0138068/20260413/cmp_a1776060821726_6061.jpg"", ""https://xcimg.szwego.com/imgHD/f0138068/20260413/cmp_a1776060829054_6341.jpg""]"
_dwxrSQurLdCQExIZ9f40b5DaOX6SkbVf4coMwLA;;⚓ 2026春夏系列海军风条纹针织背心，采用进口桑蚕丝羊绒混纺，柔软有弹性，穿着超舒适！无袖+披肩系带设计，蓝白条纹点缀，法式优雅感满满✨。下摆收腰，修饰身形，搭配半裙或阔腿裤都很出彩。袖标LoGo刺绣低调又有辨识度，春夏过渡季节必备，实用又时髦！;0;;lrg3k8cd5bgw3jv;;Для женщин;"[""https://xcimg.szwego.com/imgHD/f0138068/20260414/cmp_i1776138287295_9095_0_0.jpg"", ""https://xcimg.szwego.com/imgHD/f0138068/20260414/cmp_i1776138287188_476_0_1.jpg"", ""https://xcimg.szwego.com/imgHD/f0138068/20260414/cmp_i1776138290438_1655_0_2.jpg"", ""https://xcimg.szwego.com/imgHD/f0138068/20260414/cmp_i1776138287189_3803_0_3.jpg"", ""https://xcimg.szwego.com/imgHD/f0138068/20260414/cmp_i1776138287189_2562_0_4.jpg"", ""https://xcimg.szwego.com/imgHD/f0138068/20260414/cmp_i1776138287235_5526_0_5.jpg""]"
_dsXrS5MA8TsTTPnRZwF1oicnS3MAeh-rn-NVYWA;;细节图！SML590¥;0;;lrg3k8cd5bgw3jv;;Для женщин;"[""https://xcimg.szwego.com/imgHD/f0138068/20260412/cmp_i1775996984464_4916_0_0.jpg"", ""https://xcimg.szwego.com/imgHD/f0138068/20260412/cmp_i1775996982092_1088_0_1.jpg"", ""https://xcimg.szwego.com/imgHD/f0138068/20260412/cmp_i1775996984476_6563_0_2.jpg"", ""https://xcimg.szwego.com/imgHD/f0138068/20260412/cmp_i1775996982984_1537_0_3.jpg"", ""https://xcimg.szwego.com/imgHD/f0138068/20260412/cmp_i1775996984372_4340_0_4.jpg"", ""https://xcimg.szwego.com/imgHD/f0138068/20260412/cmp_i1775996986343_6112_0_5.jpg""]"
_dukrSbBugfVbI-k7KESZTUPzdQZPvlMQA4pNZug;;白色细节图！SML360¥;0;;lrg3k8cd5bgw3jv;;Для женщин;"[""https://xcimg.szwego.com/imgHD/f0138068/20260413/cmp_i1776050034477_914_0_0.jpg"", ""https://xcimg.szwego.com/imgHD/f0138068/20260413/cmp_i1776050035485_8815_0_1.jpg"", ""https://xcimg.szwego.com/imgHD/f0138068/20260413/cmp_i1776050034477_676_0_2.jpg"", ""https://xcimg.szwego.com/imgHD/f0138068/20260413/cmp_i1776050034486_8734_0_3.jpg"", ""https://xcimg.szwego.com/imgHD/f0138068/20260413/cmp_i1776050034490_2697_0_4.jpg"", ""https://xcimg.szwego.com/imgHD/f0138068/20260413/cmp_i1776050034484_7733_0_5.jpg""]"
_dtxrSTLyD_6B6lVUdmsz_p71skNXoLXjOruVcpA;;细节图！SML360¥;0;;lrg3k8cd5bgw3jv;;Для женщин;"[""https://xcimg.szwego.com/imgHD/f0138068/20260408/cmp_i1775620064654_3191_0_0.jpg"", ""https://xcimg.szwego.com/imgHD/f0138068/20260408/cmp_i1775620064670_2213_0_1.jpg"", ""https://xcimg.szwego.com/imgHD/f0138068/20260408/cmp_i1775620064589_3312_0_2.jpg"", ""https://xcimg.szwego.com/imgHD/f0138068/20260408/cmp_i1775620064664_5782_0_3.jpg"", ""https://xcimg.szwego.com/imgHD/f0138068/20260408/cmp_i1775620063733_2768_0_4.jpg"", ""https://xcimg.szwego.com/imgHD/f0138068/20260408/cmp_i1775620077208_6931_0_5.jpg""]"
_duurSTVkJc1derEEW-7IFGCAYbR0_eMQtuqBuFA;;🖤26P黑色小吊带，经典黑白撞色设计，简约又高级！针织面料弹性好，贴身舒适，夏天快来了，吊带准备起来吧！ SML360¥;0;;lrg3k8cd5bgw3jv;;Для женщин;"[""https://xcimg.szwego.com/imgHD/f0138068/20260408/cmp_i1775619816950_801_0_0.jpg"", ""https://xcimg.szwego.com/imgHD/f0138068/20260408/cmp_i1775619816951_7497_0_1.jpg"", ""https://xcimg.szwego.com/imgHD/f0138068/20260408/cmp_i1775619818748_8728_0_2.jpg"", ""https://xcimg.szwego.com/imgHD/f0138068/20260408/cmp_i1775619818749_1818_0_3.jpg"", ""https://xcimg.szwego.com/imgHD/f0138068/20260408/cmp_i1775619816951_8381_0_4.jpg"", ""https://xcimg.szwego.com/imgHD/f0138068/20260408/cmp_i1775619816951_512_0_6.jpg""]"
_dpNrSOctuKNSWkgfD_8npCYl71K6T1Df6IdugsQ;;细节图！SML190¥;0;;lrg3k8cd5bgw3jv;;Для женщин;"[""https://xcimg.szwego.com/imgHD/f0138068/20260317/cmp_i1773713747343_3626_0_0.jpg"", ""https://xcimg.szwego.com/imgHD/f0138068/20260317/cmp_i1773713749268_778_0_3.jpg"", ""https://xcimg.szwego.com/imgHD/f0138068/20260317/cmp_i1773713747350_9340_0_1.jpg"", ""https://xcimg.szwego.com/imgHD/f0138068/20260317/cmp_i1773713747338_8674_0_2.jpg"", ""https://xcimg.szwego.com/imgHD/f0138068/20260317/cmp_i1773713747345_3958_0_4.jpg"", ""https://xcimg.szwego.com/imgHD/f0138068/20260317/cmp_i1773713747337_5661_0_5.jpg""]"
_dmPrSpq3SZuzcbhBpt6Z4JG5H8oGhC6mBXpNBDg;;🩵克罗心Blue背心裙，婴儿蓝配色超清新，柔软棉质面料，春夏穿超舒服！修身剪裁显身材曲线，单穿or内搭都很百搭✨。显白又吸睛，辣妹风、街头风都能轻松驾驭，是春夏必入的热门单品！ SML190¥;0;;lrg3k8cd5bgw3jv;;Для женщин;"[""https://xcimg.szwego.com/imgHD/f0138068/20260317/cmp_i1773713177929_9817_0_0.jpg"", ""https://xcimg.szwego.com/imgHD/f0138068/20260317/cmp_i1773713177187_7498_0_1.jpg"", ""https://xcimg.szwego.com/imgHD/f0138068/20260317/cmp_i1773713177186_154_0_2.jpg"", ""https://xcimg.szwego.com/imgHD/f0138068/20260317/cmp_i1773713177187_9555_0_3.jpg"", ""https://xcimg.szwego.com/imgHD/f0138068/20260317/cmp_i1773713177187_8448_0_4.jpg"", ""https://xcimg.szwego.com/imgHD/f0138068/20260317/cmp_i1773713177186_5005_0_5.jpg""]"
_doArSkwup9VAmR9HK_AFKN1H1MaSJOmDOBtGNrw;;细节图！SML320¥;0;;lrg3k8cd5bgw3jv;;Для женщин;"[""https://xcimg.szwego.com/imgHD/f0138068/20260414/cmp_i1776160115854_4182_0_0.jpg"", ""https://xcimg.szwego.com/imgHD/f0138068/20260414/cmp_i1776160076061_7546_0_1.jpg"", ""https://xcimg.szwego.com/imgHD/f0138068/20260414/cmp_i1776160076066_8181_0_2.jpg"", ""https://xcimg.szwego.com/imgHD/f0138068/20260414/cmp_i1776160076072_4306_0_3.jpg"", ""https://xcimg.szwego.com/imgHD/f0138068/20260414/cmp_i1776160076078_7078_0_4.jpg"", ""https://xcimg.szwego.com/imgHD/f0138068/20260414/cmp_i1776160115855_4504_0_5.jpg"", ""https://xcimg.szwego.com/imgHD/f0138068/20260414/cmp_i1776160076067_7025_0_6.jpg""]"
_dgJrSabrhIUiYnUu_MlX8EKLTjYuDURBXKF4lkw;;🖤26春夏新款黑色无袖背心，简约设计+高品质面料，柔软垂坠感超赞！胸前品牌刺绣低调有辨识度，工字领修饰肩颈线条，穿着舒适无束缚✨。黑色百搭，通勤、约会、日常都能轻松驾驭，单穿或内搭都很OK，是衣橱必备基础款！SML320¥;0;;lrg3k8cd5bgw3jv;;Для женщин;"[""https://xcimg.szwego.com/imgHD/f0138068/20260416/cmp_i1776305690747_8376_0_0.jpg"", ""https://xcimg.szwego.com/imgHD/f0138068/20260416/cmp_i1776305690747_5285_0_1.jpg"", ""https://xcimg.szwego.com/imgHD/f0138068/20260416/cmp_i1776305690747_6688_0_2.jpg"", ""https://xcimg.szwego.com/imgHD/f0138068/20260416/cmp_i1776305690747_2933_0_4.jpg"", ""https://xcimg.szwego.com/imgHD/f0138068/20260416/cmp_i1776305857572_8719_0_5.jpg"", ""https://xcimg.szwego.com/imgHD/f0138068/20260416/cmp_i1776305857572_7407_0_6.jpg"", ""https://xcimg.szwego.com/imgHD/f0138068/20260416/cmp_i1776305690748_9580_0_3.jpg""]"
_dewrSbHZJFfwLzPQ7TGx_RNz0Z6fzoAYIJLh9Yg;;细节图！SML490¥;0;;lrg3k8cd5bgw3jv;;Для женщин;"[""https://xcimg.szwego.com/imgHD/f0138068/20260413/cmp_i1776062729944_2255_0_0.jpg"", ""https://xcimg.szwego.com/imgHD/f0138068/20260413/cmp_i1776062725097_6361_0_1.jpg"", ""https://xcimg.szwego.com/imgHD/f0138068/20260413/cmp_i1776062725130_3282_0_2.jpg"", ""https://xcimg.szwego.com/imgHD/f0138068/20260413/cmp_i1776062725044_9677_0_3.jpg"", ""https://xcimg.szwego.com/imgHD/f0138068/20260413/cmp_i1776062724985_1176_0_4.jpg"", ""https://xcimg.szwego.com/imgHD/f0138068/20260413/cmp_i1776062724089_2436_0_5.jpg"", ""https://xcimg.szwego.com/imgHD/f0138068/20260413/cmp_i1776062729425_2726_0_6.jpg""]"
_df7rSI0TqBHTb1ZgpbfyGR8N5qb9fSNAQSCo5fA;;细节图！SML530¥;0;;lrg3k8cd5bgw3jv;;Для женщин;"[""https://xcimg.szwego.com/imgHD/f0138068/20260412/cmp_i1775996954464_5960_0_0.jpg"", ""https://xcimg.szwego.com/imgHD/f0138068/20260412/cmp_i1775996954476_1424_0_5.jpg"", ""https://xcimg.szwego.com/imgHD/f0138068/20260412/cmp_i1775996954357_5087_0_1.jpg"", ""https://xcimg.szwego.com/imgHD/f0138068/20260412/cmp_i1775996953011_3683_0_2.jpg"", ""https://xcimg.szwego.com/imgHD/f0138068/20260412/cmp_i1775996956455_9053_0_3.jpg"", ""https://xcimg.szwego.com/imgHD/f0138068/20260412/cmp_i1775996953011_5040_0_4.jpg""]"
_dvDrSvbTACIJaGGr_ac56MNuDrydF6tVjRFSUwQ;;🖤26P新款黑色Polo针织衫，采用高品质针织面料，柔软亲肤，竖坑条纹理+经典翻领，纽扣点缀，细节满分✨。修身版型显瘦又优雅，黑色百搭，通勤、聚会、日常都能轻松驾驭。纽扣上的双C Logo超有辨识度，标志性设计，实用又时髦，衣橱必备！ SML530¥;0;;lrg3k8cd5bgw3jv;;Для женщин;"[""https://xcimg.szwego.com/imgHD/f0138068/20260413/cmp_i1776049648087_6522_0_0.jpg"", ""https://xcimg.szwego.com/imgHD/f0138068/20260413/cmp_i1776049648089_9501_0_1.jpg"", ""https://xcimg.szwego.com/imgHD/f0138068/20260413/cmp_i1776049648534_9858_0_2.jpg"", ""https://xcimg.szwego.com/imgHD/f0138068/20260413/cmp_i1776049648089_7831_0_3.jpg"", ""https://xcimg.szwego.com/imgHD/f0138068/20260413/cmp_i1776049648087_4898_0_4.jpg"", ""https://xcimg.szwego.com/imgHD/f0138068/20260413/cmp_i1776049648087_3522_0_5.jpg""]"
_dxTrS0QR7Zho3kMPLKY5SKvEZLTvlNtDKu8rx-w;;细节图！SML390¥;0;;lrg3k8cd5bgw3jv;;Для женщин;"[""https://xcimg.szwego.com/imgHD/f0138068/20260423/cmp_i1776933285987_1200_0_0.jpg"", ""https://xcimg.szwego.com/imgHD/f0138068/20260423/cmp_i1776933285983_8613_0_7.jpg"", ""https://xcimg.szwego.com/imgHD/f0138068/20260423/cmp_i1776933281138_4820_0_1.jpg"", ""https://xcimg.szwego.com/imgHD/f0138068/20260423/cmp_i1776933281162_7635_0_2.jpg"", ""https://xcimg.szwego.com/imgHD/f0138068/20260423/cmp_i1776933285979_309_0_3.jpg"", ""https://xcimg.szwego.com/imgHD/f0138068/20260423/cmp_i1776933281150_54_0_4.jpg"", ""https://xcimg.szwego.com/imgHD/f0138068/20260423/cmp_i1776933281150_3014_0_5.jpg"", ""https://xcimg.szwego.com/imgHD/f0138068/20260423/cmp_i1776933285977_7177_0_6.jpg"", ""https://xcimg.szwego.com/imgHD/f0138068/20260423/cmp_i1776933281157_1961_0_8.jpg""]"
_dx1rSBMyYbu2iqnyKVVg3wezbCoBlwwhMcJFjpQ;;🌸G26新款白色短袖衬衫 采用刺绣娃娃领设计，棉质面料轻薄透气，夏天穿超舒服！领口镂空刺绣精致，学院风满满，清新又乖巧✨。简约翻领+短袖，修饰肩部线条，日常通勤、校园穿搭或拍照都很出片📸。搭配半裙或休闲裤，轻松get甜美or文艺风，实用又有设计感，是夏季衣橱必备百搭单品！SML390¥;0;;lrg3k8cd5bgw3jv;;Для женщин;"[""https://xcimg.szwego.com/imgHD/f0138068/20260425/cmp_i1777091702303_488_0_0.jpg"", ""https://xcimg.szwego.com/imgHD/f0138068/20260425/cmp_i1777091702304_861_0_1.jpg"", ""https://xcimg.szwego.com/imgHD/f0138068/20260425/cmp_i1777091703124_1327_0_2.jpg"", ""https://xcimg.szwego.com/imgHD/f0138068/20260425/cmp_i1777091702378_8168_0_3.jpg"", ""https://xcimg.szwego.com/imgHD/f0138068/20260425/cmp_i1777091703140_282_0_4.jpg"", ""https://xcimg.szwego.com/imgHD/f0138068/20260425/cmp_i1777091702303_8134_0_5.jpg"", ""https://xcimg.szwego.com/imgHD/f0138068/20260425/cmp_i1777091702303_2651_0_6.jpg""]"
_dhwrSCPPeSCnbaHam8KWdqE6QFtUrhzjmnu3eGg;;细节图！SML290¥;0;;lrg3k8cd5bgw3jv;;Для женщин;"[""https://xcimg.szwego.com/img/f0138068/20260420/a1776670401458_6342.jpg"", ""https://xcimg.szwego.com/img/f0138068/20260420/a1776670401526_5710.jpg"", ""https://xcimg.szwego.com/img/f0138068/20260420/a1776670401320_2647.jpg"", ""https://xcimg.szwego.com/img/f0138068/20260420/a1776670401260_1385.jpg"", ""https://xcimg.szwego.com/img/f0138068/20260420/a1776670401076_0454.jpg"", ""https://xcimg.szwego.com/img/f0138068/20260420/a1776670402962_0030.jpg""]"
_dgRrS8td5JCfnt9OOrTjVk8ab2kO49eY6piirtw;;细节图！SML390¥;0;;lrg3k8cd5bgw3jv;;Для женщин;"[""https://xcimg.szwego.com/imgHD/f0138068/20260423/cmp_i1776933426178_9418_0_0.jpg"", ""https://xcimg.szwego.com/imgHD/f0138068/20260423/cmp_i1776933422679_6834_0_5.jpg"", ""https://xcimg.szwego.com/imgHD/f0138068/20260423/cmp_i1776933422680_8504_0_1.jpg"", ""https://xcimg.szwego.com/imgHD/f0138068/20260423/cmp_i1776933426172_972_0_2.jpg"", ""https://xcimg.szwego.com/imgHD/f0138068/20260423/cmp_i1776933422691_6463_0_3.jpg"", ""https://xcimg.szwego.com/imgHD/f0138068/20260423/cmp_i1776933422685_5992_0_4.jpg"", ""https://xcimg.szwego.com/imgHD/f0138068/20260423/cmp_i1776933422691_8819_0_6.jpg""]"
_dJJrSGdiBRnFw4s5YnMtUbjqwI-YwxOcQx7QseQ;;🌸26早春系列短袖针织衫，米白羊绒材质，柔软亲肤，春夏穿超舒服！全身重工花卉刺绣，胸前“logo”字母点缀，法式浪漫氛围感拉满✨。宽松圆领设计，袖口和下摆罗纹收边，细节精致。花园派对、茶歇、艺术展都能轻松驾驭，搭配牛仔裤或风衣，优雅又随性，是实用与艺术感兼具的高端单品💐。 SML390¥;0;;lrg3k8cd5bgw3jv;;Для женщин;"[""https://xcimg.szwego.com/imgHD/f0138068/20260425/cmp_i1777084621423_8008_0_0.jpg"", ""https://xcimg.szwego.com/imgHD/f0138068/20260425/cmp_i1777084620964_7788_0_1.jpg"", ""https://xcimg.szwego.com/imgHD/f0138068/20260425/cmp_i1777084621424_6347_0_2.jpg"", ""https://xcimg.szwego.com/imgHD/f0138068/20260425/cmp_i1777084620964_308_0_3.jpg"", ""https://xcimg.szwego.com/imgHD/f0138068/20260425/cmp_i1777084621424_2386_0_4.jpg"", ""https://xcimg.szwego.com/imgHD/f0138068/20260425/cmp_i1777084621013_4545_0_5.jpg"", ""https://xcimg.szwego.com/imgHD/f0138068/20260425/cmp_i1777084620964_7144_0_6.jpg"", ""https://xcimg.szwego.com/imgHD/f0138068/20260425/cmp_i1777084620964_9157_0_7.jpg""]"
_dGfrStk6JfswKOnm84a11920Q-SBMINpeddK1cg;;细节图！SML300¥;0;;lrg3k8cd5bgw3jv;;Для женщин;"[""https://xcimg.szwego.com/imgHD/f0138068/20260423/cmp_i1776933504143_9348_0_0.jpg"", ""https://xcimg.szwego.com/imgHD/f0138068/20260423/cmp_i1776933504131_2269_0_4.jpg"", ""https://xcimg.szwego.com/imgHD/f0138068/20260423/cmp_i1776933504117_5024_0_1.jpg"", ""https://xcimg.szwego.com/imgHD/f0138068/20260423/cmp_i1776933504170_5262_0_2.jpg"", ""https://xcimg.szwego.com/imgHD/f0138068/20260423/cmp_i1776933504157_7946_0_3.jpg"", ""https://xcimg.szwego.com/imgHD/f0138068/20260423/cmp_i1776933509392_7610_0_5.jpg""]"
_djIrSlV3SIYWGuxsIJvHxF9sqhPwvBiwhoSEGSA;;细节图！SML340¥;0;;lrg3k8cd5bgw3jv;;Для женщин;"[""https://xcimg.szwego.com/imgHD/f0138068/20260425/cmp_i1777085494093_4907_0_0.jpg"", ""https://xcimg.szwego.com/imgHD/f0138068/20260425/cmp_i1777085494098_3152_0_1.jpg"", ""https://xcimg.szwego.com/imgHD/f0138068/20260425/cmp_i1777085494089_9377_0_2.jpg"", ""https://xcimg.szwego.com/imgHD/f0138068/20260425/cmp_i1777085494100_4809_0_3.jpg"", ""https://xcimg.szwego.com/imgHD/f0138068/20260425/cmp_i1777085495610_5770_0_4.jpg"", ""https://xcimg.szwego.com/imgHD/f0138068/20260425/cmp_i1777085495612_1061_0_5.jpg"", ""https://xcimg.szwego.com/imgHD/f0138068/20260425/cmp_i1777085494079_6037_0_6.jpg""]"
_dbRrSkhVOI0LrHDij7g8rf3H9IDAjjvbYHwqihw;;细节图！SML200¥;0;;lrg3k8cd5bgw3jv;;Для женщин;"[""https://xcimg.szwego.com/imgHD/f0138068/20260423/cmp_a1776932051313_1270.jpg"", ""https://xcimg.szwego.com/imgHD/f0138068/20260423/cmp_a1776932051433_1622.jpg"", ""https://xcimg.szwego.com/imgHD/f0138068/20260423/cmp_a1776932051464_4518.jpg"", ""https://xcimg.szwego.com/imgHD/f0138068/20260423/cmp_a1776932051425_1253.jpg"", ""https://xcimg.szwego.com/imgHD/f0138068/20260423/cmp_a1776932062994_0025.jpg"", ""https://xcimg.szwego.com/imgHD/f0138068/20260423/cmp_a1776932050103_4203.jpg""]"
_dhZrSIrJzMA8bO3FFh3Tl3_yr1MhfEbzKJtughw;;💙1996系列冰川蓝T恤，亚麻棉混纺，轻薄透气，春夏穿超舒服！正面“Acne Studios Stockholm 1996”字母，复古做旧工艺，细节感满满✨。宽松落肩设计，男女同款，随性慵懒氛围感轻松拿捏。冰川蓝清新显白，搭配浅色裤装或裙装，轻松get美式松弛风！ SML200¥;0;;lrg3k8cd5bgw3jv;;Для женщин;"[""https://xcimg.szwego.com/imgHD/f0138068/20260424/cmp_i1777000530162_8221_0_0.jpg"", ""https://xcimg.szwego.com/imgHD/f0138068/20260424/cmp_i1777000529760_7820_0_1.jpg"", ""https://xcimg.szwego.com/imgHD/f0138068/20260424/cmp_i1777000529760_4326_0_2.jpg"", ""https://xcimg.szwego.com/imgHD/f0138068/20260424/cmp_i1777000529760_8085_0_3.jpg"", ""https://xcimg.szwego.com/imgHD/f0138068/20260424/cmp_i1777000529716_5559_0_4.jpg"", ""https://xcimg.szwego.com/imgHD/f0138068/20260424/cmp_i1777000530142_3623_0_5.jpg"", ""https://xcimg.szwego.com/imgHD/f0138068/20260424/cmp_i1777000529716_5399_0_6.jpg""]"
_dbwrS3CWEKdX-lPxKtYYdaLxiazqymJp1VQbayA;;💙26春夏牛仔马甲，复古水洗蓝色，软硬适中，穿着舒适又有型。翻领+无袖衬衫剪裁，胸前撞色刺绣超有辨识度✨。侧边绑带可调节松紧，收腰or松弛随心切换。叠穿白T、吊带或连衣裙都很出彩，轻松打造甜酷复古风，日常通勤、约会都能轻松驾驭！ SML320💰;0;;lrg3k8cd5bgw3jv;;Для женщин;"[""https://xcimg.szwego.com/img/f0138068/20260424/a1776998221816_3245.jpg"", ""https://xcimg.szwego.com/img/f0138068/20260424/a1776998221815_7733.jpg"", ""https://xcimg.szwego.com/img/f0138068/20260424/a1776998222961_4800.jpg"", ""https://xcimg.szwego.com/img/f0138068/20260424/a1776998221815_1433.jpg"", ""https://xcimg.szwego.com/img/f0138068/20260424/a1776998221854_5757.jpg"", ""https://xcimg.szwego.com/img/f0138068/20260424/a1776998222002_5478.jpg"", ""https://xcimg.szwego.com/img/f0138068/20260424/a1776998222962_6358.jpg"", ""https://xcimg.szwego.com/img/f0138068/20260424/a1776998222964_8407.jpg""]"
_dJerSSs99HkI7ZAwnUklTrxLdEH7ichSo9U9aKg;;细节图！SML260¥;0;;lrg3k8cd5bgw3jv;;Для женщин;"[""https://xcimg.szwego.com/imgHD/f0138068/20260423/cmp_i1776933347688_5485_0_0.jpg"", ""https://xcimg.szwego.com/imgHD/f0138068/20260423/cmp_i1776933347686_2219_0_1.jpg"", ""https://xcimg.szwego.com/imgHD/f0138068/20260423/cmp_i1776933353379_4907_0_2.jpg"", ""https://xcimg.szwego.com/imgHD/f0138068/20260423/cmp_i1776933348286_7439_0_3.jpg"", ""https://xcimg.szwego.com/imgHD/f0138068/20260423/cmp_i1776933348937_7958_0_4.jpg"", ""https://xcimg.szwego.com/imgHD/f0138068/20260423/cmp_i1776933352777_3195_0_6.jpg""]"
_dmWrSX-R9_l9EMbxbfyP23hrz8UHJXnvWPVda2w;;✨26春夏新款棕色针织吊带背心，采用高品质针织面料，弹性好又贴合，穿着超舒适！深V领+细肩带设计，简约优雅，胸前镂空细节超有层次感🤎。下摆修身，轻松凸显身材曲线，单穿或内搭都很百搭，搭配高腰裤、裙装都很出彩，日常或轻正式场合都能轻松驾驭～ SML260💰;0;;lrg3k8cd5bgw3jv;;Для женщин;"[""https://xcimg.szwego.com/img/f0138068/20260424/a1776998596153_5645.jpg"", ""https://xcimg.szwego.com/img/f0138068/20260424/a1776998596152_1413.jpg"", ""https://xcimg.szwego.com/img/f0138068/20260424/a1776998596153_7265.jpg"", ""https://xcimg.szwego.com/img/f0138068/20260424/a1776998596154_3824.jpg"", ""https://xcimg.szwego.com/img/f0138068/20260424/a1776998597559_7748.jpg"", ""https://xcimg.szwego.com/img/f0138068/20260424/a1776998596358_8343.jpg""]"
_daMrS7LxauNGwQlJBFbx10lBOceBL2PcyDNOvHA;;细节图！SML380¥;0;;lrg3k8cd5bgw3jv;;Для женщин;"[""https://xcimg.szwego.com/imgHD/f0138068/20260423/cmp_i1776932199026_3945_0_0.jpg"", ""https://xcimg.szwego.com/imgHD/f0138068/20260423/cmp_i1776932199026_377_0_1.jpg"", ""https://xcimg.szwego.com/imgHD/f0138068/20260423/cmp_i1776932199026_3838_0_2.jpg"", ""https://xcimg.szwego.com/imgHD/f0138068/20260423/cmp_i1776932199026_1889_0_3.jpg"", ""https://xcimg.szwego.com/imgHD/f0138068/20260423/cmp_i1776932199026_2379_0_4.jpg"", ""https://xcimg.szwego.com/imgHD/f0138068/20260423/cmp_i1776932208781_905_0_5.jpg""]"
_dw2rSpbkWlPcRFOMjRmxye5dKpEWjnSiOVUqvYw;;🤍26 L'ete系列白色无袖连衣裙，采用棉质针织面料，胸口有品牌刺绣标识，三角形针织花边点缀，细节满分✨。宽松直筒版型，微透明无里衬，轻盈透气，夏天穿超舒服！日常出街、度假、拍照都很适合，搭配凉鞋或手袋，轻松get清新优雅夏日风🍃。 SML380💰;0;;lrg3k8cd5bgw3jv;;Для женщин;"[""https://xcimg.szwego.com/img/f0138068/20260424/a1776998955945_5871.jpg"", ""https://xcimg.szwego.com/img/f0138068/20260424/a1776998954677_3203.jpg"", ""https://xcimg.szwego.com/img/f0138068/20260424/a1776998955904_8750.jpg"", ""https://xcimg.szwego.com/img/f0138068/20260424/a1776998954617_5616.jpg"", ""https://xcimg.szwego.com/img/f0138068/20260424/a1776998954699_2554.jpg"", ""https://xcimg.szwego.com/img/f0138068/20260424/a1776998954682_8262.jpg"", ""https://xcimg.szwego.com/img/f0138068/20260424/a1776998955904_3676.jpg"", ""https://xcimg.szwego.com/img/f0138068/20260424/a1776998956018_7616.jpg""]"
_dsurS5BjndHXpXzJcmUYfSiF3N-pU54Oz1t1lYw;;细节图！SML200¥;0;;lrg3k8cd5bgw3jv;;Для женщин;"[""https://xcimg.szwego.com/img/f0138068/20260420/a1776670151157_1188.jpg"", ""https://xcimg.szwego.com/img/f0138068/20260420/a1776670153144_8580.jpg"", ""https://xcimg.szwego.com/img/f0138068/20260420/a1776670151045_3383.jpg"", ""https://xcimg.szwego.com/img/f0138068/20260420/a1776670151083_0814.jpg"", ""https://xcimg.szwego.com/img/f0138068/20260420/a1776670151114_4387.jpg"", ""https://xcimg.szwego.com/img/f0138068/20260420/a1776670153128_8578.jpg"", ""https://xcimg.szwego.com/img/f0138068/20260420/a1776670151046_7137.jpg""]"
_dr7rSxRqg5rzbX1Ria3SUcvMbU0ySvcmj6JrT2Q;;细节图！SML240¥;0;;lrg3k8cd5bgw3jv;;Для женщин;"[""https://xcimg.szwego.com/img/f0138068/20260420/a1776670231110_0312.jpg"", ""https://xcimg.szwego.com/img/f0138068/20260420/a1776670231104_6228.jpg"", ""https://xcimg.szwego.com/img/f0138068/20260420/a1776670232734_4518.jpg"", ""https://xcimg.szwego.com/img/f0138068/20260420/a1776670230955_4614.jpg"", ""https://xcimg.szwego.com/img/f0138068/20260420/a1776670231120_1104.jpg"", ""https://xcimg.szwego.com/img/f0138068/20260420/a1776670232717_7820.jpg"", ""https://xcimg.szwego.com/img/f0138068/20260420/a1776670230894_8208.jpg""]"
_dkerSSQ4IgET0icn4tOi3LCJ4gG8ljRv1ZHRLkA;;🌸26春夏新款碎花长袖T恤裙，白底配迷你黄色碎花，清新又甜美！针织面料柔软亲肤，微弹贴身，穿着超舒适～领口黑色微标织带，辨识度满分✨修身剪裁，日常通勤、约会、出街都能轻松驾驭，单穿或叠穿都很百搭，轻松打造氛围感穿搭！ SML240💰;0;;lrg3k8cd5bgw3jv;;Для женщин;"[""https://xcimg.szwego.com/img/f0138068/20260424/a1776997581393_7377.jpg"", ""https://xcimg.szwego.com/img/f0138068/20260424/a1776997581480_0305.jpg"", ""https://xcimg.szwego.com/img/f0138068/20260424/a1776997581395_4408.jpg"", ""https://xcimg.szwego.com/img/f0138068/20260424/a1776997581475_1702.jpg"", ""https://xcimg.szwego.com/img/f0138068/20260424/a1776997581492_4852.jpg"", ""https://xcimg.szwego.com/img/f0138068/20260424/a1776997583329_5085.jpg""]"
_dkerSSQ4IgET0icr7tOm3LiN1hmAljRv1Z3ZLkg;;细节图！SML350¥;0;;lrg3k8cd5bgw3jv;;Для женщин;"[""https://xcimg.szwego.com/imgHD/f0138068/20260416/cmp_i1776346070874_6536_0_0.jpg"", ""https://xcimg.szwego.com/imgHD/f0138068/20260416/cmp_i1776346071899_3197_0_1.jpg"", ""https://xcimg.szwego.com/imgHD/f0138068/20260416/cmp_i1776346070859_4707_0_3.jpg"", ""https://xcimg.szwego.com/imgHD/f0138068/20260416/cmp_i1776346070861_1310_0_2.jpg"", ""https://xcimg.szwego.com/imgHD/f0138068/20260416/cmp_i1776346070867_6863_0_5.jpg"", ""https://xcimg.szwego.com/imgHD/f0138068/20260416/cmp_i1776346070869_6369_0_4.jpg""]"
_dxErSz1tK3ZtlPvrkW6tC7Spppos4EL7eDsZZVw;;🌸F26春夏系列水貂毛花花T恤，白色纯棉材质，宽松版型，舒适又时髦。胸前可拆卸水貂毛花朵，粉蓝和红色搭配，俏皮又有层次感✨。花朵装饰可自由拆卸，轻松切换风格，搭配牛仔裤或百褶裙都很出彩，日常休闲或拍照都超适合，是早春穿搭亮点单品！ SML350¥;0;;lrg3k8cd5bgw3jv;;Для женщин;"[""https://xcimg.szwego.com/imgHD/f0138068/20260417/cmp_i1776391362646_1695_0_0.jpg"", ""https://xcimg.szwego.com/imgHD/f0138068/20260417/cmp_i1776391362646_3096_0_1.jpg"", ""https://xcimg.szwego.com/imgHD/f0138068/20260417/cmp_i1776391363238_6353_0_2.jpg"", ""https://xcimg.szwego.com/imgHD/f0138068/20260417/cmp_i1776391362646_1499_0_3.jpg"", ""https://xcimg.szwego.com/imgHD/f0138068/20260417/cmp_i1776391362646_8890_0_4.jpg"", ""https://xcimg.szwego.com/imgHD/f0138068/20260417/cmp_i1776391363238_2235_0_5.jpg"", ""https://xcimg.szwego.com/imgHD/f0138068/20260417/cmp_i1776391363238_6519_0_6.jpg"", ""https://xcimg.szwego.com/imgHD/f0138068/20260417/cmp_i1776391362647_2420_0_7.jpg"", ""https://xcimg.szwego.com/imgHD/f0138068/20260417/cmp_i1776391363259_883_0_8.jpg""]"
_dqUrSeQpSw8mWJ-HDDtejEi6iH59pMCz1ZLQajw;;🤍2026春夏系列白色浮雕logo T恤，采用100%纯棉，柔软透气，日常穿着超舒适！胸前立体浮雕logo，触感细腻，辨识度满分✨。宽松圆领设计，简约百搭，单穿或内搭都很OK，轻松驾驭多种风格。适合追求品质和时尚的你！SML200¥;0;;lrg3k8cd5bgw3jv;;Для женщин;"[""https://xcimg.szwego.com/imgHD/f0138068/20260417/cmp_i1776394242414_9653_0_0.jpg"", ""https://xcimg.szwego.com/imgHD/f0138068/20260417/cmp_i1776394242415_2012_0_1.jpg"", ""https://xcimg.szwego.com/imgHD/f0138068/20260417/cmp_i1776394242414_6248_0_2.jpg"", ""https://xcimg.szwego.com/imgHD/f0138068/20260417/cmp_i1776394242414_7899_0_3.jpg"", ""https://xcimg.szwego.com/imgHD/f0138068/20260417/cmp_i1776394242414_1930_0_4.jpg"", ""https://xcimg.szwego.com/imgHD/f0138068/20260417/cmp_i1776394243357_7925_0_5.jpg""]"
_drmrS7X86cwMu9bhC4Q-_NPjhR85Ft7XdvnSJCQ;;新品 细节图！SML200¥;0;;lrg3k8cd5bgw3jv;;Для женщин;"[""https://xcimg.szwego.com/imgHD/f0138068/20260416/cmp_i1776347594517_1181_0_0.jpg"", ""https://xcimg.szwego.com/imgHD/f0138068/20260416/cmp_i1776347594503_8707_0_1.jpg"", ""https://xcimg.szwego.com/imgHD/f0138068/20260416/cmp_i1776347594508_8816_0_2.jpg"", ""https://xcimg.szwego.com/imgHD/f0138068/20260416/cmp_i1776347594514_4989_0_3.jpg"", ""https://xcimg.szwego.com/imgHD/f0138068/20260416/cmp_i1776347594514_1438_0_4.jpg"", ""https://xcimg.szwego.com/imgHD/f0138068/20260416/cmp_i1776347595539_9527_0_5.jpg""]"
_dlIrSpuFgKSCWAVtxqMXOfIy8PMUyIqCwoVapYg;;细节图！SML390¥;0;;lrg3k8cd5bgw3jv;;Для женщин;"[""https://xcimg.szwego.com/imgHD/f0138068/20260414/cmp_i1776160770182_3531_0_0.jpg"", ""https://xcimg.szwego.com/imgHD/f0138068/20260414/cmp_i1776160790830_1112_0_2.jpg"", ""https://xcimg.szwego.com/imgHD/f0138068/20260414/cmp_i1776160790830_6515_0_8.jpg"", ""https://xcimg.szwego.com/imgHD/f0138068/20260414/cmp_i1776160745743_2562_0_1.jpg"", ""https://xcimg.szwego.com/imgHD/f0138068/20260414/cmp_i1776160790836_3963_0_3.jpg"", ""https://xcimg.szwego.com/imgHD/f0138068/20260414/cmp_i1776160770186_2889_0_4.jpg"", ""https://xcimg.szwego.com/imgHD/f0138068/20260414/cmp_i1776160770185_2932_0_5.jpg"", ""https://xcimg.szwego.com/imgHD/f0138068/20260414/cmp_i1776160770180_4178_0_7.jpg"", ""https://xcimg.szwego.com/imgHD/f0138068/20260414/cmp_i1776160790815_1490_0_6.jpg""]"
_d8SrSMNjqUE1BsFWiCQFyYgwvQWWsYLCIJl6bYA;;半裙细节图！SML300¥;0;;lrg3k8cd5bgw3jv;;Для женщин;"[""https://xcimg.szwego.com/imgHD/f0138068/20260416/cmp_i1776309521142_1451_0_0.jpg"", ""https://xcimg.szwego.com/imgHD/f0138068/20260416/cmp_i1776309520223_2551_0_1.jpg"", ""https://xcimg.szwego.com/imgHD/f0138068/20260416/cmp_i1776309520158_5579_0_2.jpg"", ""https://xcimg.szwego.com/imgHD/f0138068/20260416/cmp_i1776309520299_7428_0_3.jpg"", ""https://xcimg.szwego.com/imgHD/f0138068/20260416/cmp_i1776309520285_9099_0_4.jpg"", ""https://xcimg.szwego.com/imgHD/f0138068/20260416/cmp_i1776309519139_9688_0_5.jpg""]"
_diDrSrSXv8054i07_URpjIYDsfafrDBaUlOUryA;;细节图！SML320¥;0;;lrg3k8cd5bgw3jv;;Для женщин;"[""https://xcimg.szwego.com/imgHD/f0138068/20260411/cmp_i1775879109557_842_0_0.jpg"", ""https://xcimg.szwego.com/imgHD/f0138068/20260411/cmp_i1775879109565_2031_0_1.jpg"", ""https://xcimg.szwego.com/imgHD/f0138068/20260411/cmp_i1775879119207_9051_0_2.jpg"", ""https://xcimg.szwego.com/imgHD/f0138068/20260411/cmp_i1775879109570_4115_0_3.jpg"", ""https://xcimg.szwego.com/imgHD/f0138068/20260411/cmp_i1775879119211_2781_0_4.jpg"", ""https://xcimg.szwego.com/imgHD/f0138068/20260411/cmp_i1775879109557_4443_0_5.jpg"", ""https://xcimg.szwego.com/imgHD/f0138068/20260411/cmp_i1775879109923_2892_0_6.jpg""]"
_dqMrSidSlq8Dd2fLY6Cwa2x8-aixAHncsFSlUOQ;;二级市场7000大洋！;0;;lrg3k8cd5bgw3jv;;Для женщин;"[""https://xcimg.szwego.com/img/164149e9/20260312/i1773312329215_279_0_0.jpg"", ""https://xcimg.szwego.com/img/164149e9/20260312/i1773312330214_3233_0_1.jpg"", ""https://xcimg.szwego.com/img/164149e9/20260312/i1773312329214_1233_0_2.jpg"", ""https://xcimg.szwego.com/img/164149e9/20260312/i1773312330214_5135_0_3.jpg"", ""https://xcimg.szwego.com/img/164149e9/20260312/i1773312329214_1689_0_4.jpg"", ""https://xcimg.szwego.com/img/164149e9/20260312/i1773312330214_5273_0_5.jpg"", ""https://xcimg.szwego.com/img/164149e9/20260312/i1773312329214_4507_0_6.jpg"", ""https://xcimg.szwego.com/img/164149e9/20260312/i1773312329214_8014_0_7.jpg""]"
_daVrSMRxYtocADFFJVzMght7G1Y0A48ftvVWu5g;;多功能Vivienne公仔钥匙扣，金属烤漆公仔满满的质感，不仅仅可以当钥匙扣，可以挂在继续上、包包上当精美挂饰使用～;0;;lrg3k8cd5bgw3jv;;Для женщин;"[""https://xcimg.szwego.com/img/164149e9/20260312/i1773311882906_5805_0_0.jpg"", ""https://xcimg.szwego.com/img/164149e9/20260312/i1773311882962_1430_0_1.jpg"", ""https://xcimg.szwego.com/img/164149e9/20260312/i1773311882938_5247_0_2.jpg"", ""https://xcimg.szwego.com/img/164149e9/20260312/i1773311883856_3443_0_3.jpg"", ""https://xcimg.szwego.com/img/164149e9/20260312/i1773311882972_8341_0_4.jpg"", ""https://xcimg.szwego.com/img/164149e9/20260312/i1773311883836_420_0_5.jpg"", ""https://xcimg.szwego.com/img/164149e9/20260312/i1773311882969_704_0_6.jpg"", ""https://xcimg.szwego.com/img/164149e9/20260312/i1773311883895_3349_0_7.jpg""]"
_dsurS5BjndHXpXzFamUEZQyNxMepS54Oz1NNqaw;;💰190¥Vivienne 高端潮流公仔钥匙扣！这应该是近几年最惊艳的钥匙扣了，除了当钥匙扣还可以当包包挂饰来使用，不得不说挂上它之后整个包都变得洋气呢～ 全金属材质配真皮太阳花，满满的高级感，经典标志性Logo字母配饰 ，挂扣与钥匙环双向固定 ！316精钢打造，日本平面抛光机打磨 Logo脱氧烤漆工艺防刮蹭精工细活，上手有一定的分量感，全实心金属结构，能把钥匙扣做到这么奢华也只有V了～ 配礼盒包装发货，满满的仪式感～;0;;lrg3k8cd5bgw3jv;;Для женщин;"[""https://xcimg.szwego.com/img/164149e9/20260312/i1773308647283_2463_0_0.jpg"", ""https://xcimg.szwego.com/img/164149e9/20260312/i1773308651739_2109_0_1.jpg"", ""https://xcimg.szwego.com/img/164149e9/20260312/i1773308647435_8249_0_2.jpg"", ""https://xcimg.szwego.com/img/164149e9/20260312/i1773308647392_3988_0_3.jpg"", ""https://xcimg.szwego.com/img/164149e9/20260312/i1773308647389_3319_0_4.jpg"", ""https://xcimg.szwego.com/img/164149e9/20260312/i1773308647275_3942_0_5.jpg"", ""https://xcimg.szwego.com/img/164149e9/20260312/i1773308651737_5208_0_6.jpg"", ""https://xcimg.szwego.com/img/164149e9/20260312/i1773308651758_445_0_7.jpg"", ""https://xcimg.szwego.com/img/164149e9/20260312/i1773308651687_9696_0_8.jpg""]"
_digrSKkwg2W15MYpn3321x4NHDxRt8W0eteZ-9g;;细节图！SML340¥;0;;lrg3k8cd5bgw3jv;;Для женщин;"[""https://xcimg.szwego.com/imgHD/f0138068/20260402/cmp_i1775101202330_3167_0_0.jpg"", ""https://xcimg.szwego.com/imgHD/f0138068/20260402/cmp_i1775101214339_1391_0_3.jpg"", ""https://xcimg.szwego.com/imgHD/f0138068/20260402/cmp_i1775101214349_3585_0_1.jpg"", ""https://xcimg.szwego.com/imgHD/f0138068/20260402/cmp_i1775101202322_6541_0_2.jpg"", ""https://xcimg.szwego.com/imgHD/f0138068/20260402/cmp_i1775101202323_1451_0_4.jpg"", ""https://xcimg.szwego.com/imgHD/f0138068/20260402/cmp_i1775101202335_1212_0_5.jpg""]"
_dfCrSODmkaLfGH_AZWM3Km1OlBWSFjNtTSpI9Zw;;细节图！SML340¥;0;;lrg3k8cd5bgw3jv;;Для женщин;"[""https://xcimg.szwego.com/imgHD/f0138068/20260402/cmp_i1775101182842_8068_0_0.jpg"", ""https://xcimg.szwego.com/imgHD/f0138068/20260402/cmp_i1775101182854_4128_0_1.jpg"", ""https://xcimg.szwego.com/imgHD/f0138068/20260402/cmp_i1775101182848_8060_0_2.jpg"", ""https://xcimg.szwego.com/imgHD/f0138068/20260402/cmp_i1775101182842_3849_0_3.jpg"", ""https://xcimg.szwego.com/imgHD/f0138068/20260402/cmp_i1775101195169_9366_0_4.jpg"", ""https://xcimg.szwego.com/imgHD/f0138068/20260402/cmp_i1775101182850_6705_0_5.jpg""]"
_dl6rSxJz1Ksa9hqelHi62w8E75jnIyamBFU5UlQ;;🌸粉色条纹针织Polo衫，;0;;lrg3k8cd5bgw3jv;;Для женщин;"[""https://xcimg.szwego.com/imgHD/f0138068/20260402/cmp_i1775100991961_3530_0_7.jpg"", ""https://xcimg.szwego.com/imgHD/f0138068/20260402/cmp_i1775100987540_8211_0_0.jpg"", ""https://xcimg.szwego.com/imgHD/f0138068/20260402/cmp_i1775100987541_266_0_2.jpg"", ""https://xcimg.szwego.com/imgHD/f0138068/20260402/cmp_i1775100987542_3524_0_3.jpg"", ""https://xcimg.szwego.com/imgHD/f0138068/20260402/cmp_i1775100988916_2948_0_4.jpg"", ""https://xcimg.szwego.com/imgHD/f0138068/20260402/cmp_i1775100987541_550_0_5.jpg"", ""https://xcimg.szwego.com/imgHD/f0138068/20260402/cmp_i1775100987540_2616_0_6.jpg""]"
_dmUrSf51P4opmEqrJ6IBYReQ5U4O4UA_DEBhn6Q;;💛M26新款黄色条纹针织POLO衫，采用纯棉针织，柔软透气，春夏穿超舒服！经典POLO领+细白条纹，复古学院风满满✨。胸前小徽标刺绣，低调又有辨识度。短款修身版型，搭高腰裙裤显瘦显高，活力又减龄，通勤、约会、日常都能轻松驾驭，是Miu女孩必备百搭单品！ SML340¥;0;;lrg3k8cd5bgw3jv;;Для женщин;"[""https://xcimg.szwego.com/imgHD/f0138068/20260402/cmp_i1775100935991_4566_0_0.jpg"", ""https://xcimg.szwego.com/imgHD/f0138068/20260402/cmp_i1775100935991_2074_0_1.jpg"", ""https://xcimg.szwego.com/imgHD/f0138068/20260402/cmp_i1775100937959_3553_0_2.jpg"", ""https://xcimg.szwego.com/imgHD/f0138068/20260402/cmp_i1775100935991_4030_0_3.jpg"", ""https://xcimg.szwego.com/imgHD/f0138068/20260402/cmp_i1775100935991_2923_0_4.jpg"", ""https://xcimg.szwego.com/imgHD/f0138068/20260402/cmp_i1775100935991_9703_0_5.jpg"", ""https://xcimg.szwego.com/imgHD/f0138068/20260402/cmp_i1775100937958_4959_0_6.jpg"", ""https://xcimg.szwego.com/imgHD/f0138068/20260402/cmp_i1775100937958_7351_0_7.jpg""]"
_dusrSSAXEoaFbtFAulY8NtKaOsMbh2t5WycsBDg;;细节图！SML230¥;0;;lrg3k8cd5bgw3jv;;Для женщин;"[""https://xcimg.szwego.com/imgHD/f0138068/20260402/cmp_i1775099985408_2950_0_0.jpg"", ""https://xcimg.szwego.com/imgHD/f0138068/20260402/cmp_i1775099996089_8346_0_1.jpg"", ""https://xcimg.szwego.com/imgHD/f0138068/20260402/cmp_i1775099985416_6096_0_2.jpg"", ""https://xcimg.szwego.com/imgHD/f0138068/20260402/cmp_i1775099985414_6970_0_3.jpg"", ""https://xcimg.szwego.com/imgHD/f0138068/20260402/cmp_i1775099996097_2367_0_4.jpg"", ""https://xcimg.szwego.com/imgHD/f0138068/20260402/cmp_i1775099996098_9018_0_5.jpg""]"
_dbsrS0MzUqLPHvmMyFCNaF6OAiFENjymeddJ9gw;;🤍26Ac这款白色字母长袖T恤，采用100%纯棉，柔软亲肤，春秋穿超舒服！灰色标语设计简约又有个性，宽松版型遮肉显瘦，轻松打造慵懒随性风✨。搭配破洞牛仔裤或休闲裤，日常出街、通勤都很OK，舒适又时髦，是衣橱必备百搭单品！ SML230¥;0;;lrg3k8cd5bgw3jv;;Для женщин;"[""https://xcimg.szwego.com/imgHD/f0138068/20260402/cmp_i1775099858978_6768_0_2.jpg"", ""https://xcimg.szwego.com/imgHD/f0138068/20260402/cmp_i1775099856509_3382_0_3.jpg"", ""https://xcimg.szwego.com/imgHD/f0138068/20260402/cmp_i1775099856547_1872_0_4.jpg"", ""https://xcimg.szwego.com/imgHD/f0138068/20260402/cmp_i1775099853125_3679_0_5.jpg"", ""https://xcimg.szwego.com/imgHD/f0138068/20260402/cmp_i1775099853125_3787_0_6.jpg"", ""https://xcimg.szwego.com/imgHD/f0138068/20260402/cmp_i1775099900417_158_0_8.jpg"", ""https://xcimg.szwego.com/imgHD/f0138068/20260402/cmp_i1775099858980_4881_0_7.jpg""]"
_djIrSlV3SIYWGvBgOJvHxEd8qjfwtBiwhoSEGSA;;细节图！SML1380¥;0;;lrg3k8cd5bgw3jv;;Для женщин;"[""https://xcimg.szwego.com/imgHD/f0138068/20260313/cmp_i1773370088096_4147_0_0.jpg"", ""https://xcimg.szwego.com/imgHD/f0138068/20260313/cmp_i1773370085636_37_0_3.jpg"", ""https://xcimg.szwego.com/imgHD/f0138068/20260313/cmp_i1773370085552_4760_0_1.jpg"", ""https://xcimg.szwego.com/imgHD/f0138068/20260313/cmp_i1773370085007_3319_0_2.jpg"", ""https://xcimg.szwego.com/imgHD/f0138068/20260313/cmp_i1773370085060_7751_0_8.jpg"", ""https://xcimg.szwego.com/imgHD/f0138068/20260313/cmp_i1773370085079_5449_0_4.jpg"", ""https://xcimg.szwego.com/imgHD/f0138068/20260313/cmp_i1773370088097_9516_0_5.jpg"", ""https://xcimg.szwego.com/imgHD/f0138068/20260313/cmp_i1773370087494_1864_0_6.jpg"", ""https://xcimg.szwego.com/imgHD/f0138068/20260313/cmp_i1773370088168_6966_0_7.jpg""]"
_dqLrSHeazwlhXr_3ZylYa-o0rFViXof01vCL8YQ;;甜辣狙击⚡️miu系穿搭;0;;lrg3k8cd5bgw3jv;;Для женщин;"[""https://xcimg.szwego.com/imgHD/f0138068/20260313/cmp_i1773369882837_6846_0_0.jpg"", ""https://xcimg.szwego.com/imgHD/f0138068/20260313/cmp_i1773369882095_1554_0_1.jpg"", ""https://xcimg.szwego.com/imgHD/f0138068/20260313/cmp_i1773369882095_1572_0_2.jpg"", ""https://xcimg.szwego.com/imgHD/f0138068/20260313/cmp_i1773369882095_5559_0_3.jpg"", ""https://xcimg.szwego.com/imgHD/f0138068/20260313/cmp_i1773369882093_6575_0_4.jpg"", ""https://xcimg.szwego.com/imgHD/f0138068/20260313/cmp_i1773370008634_1956_0_6.jpg"", ""https://xcimg.szwego.com/imgHD/f0138068/20260313/cmp_i1773370008634_3132_0_7.jpg""]"
_djLrSiE7iHuHns0f9HLJbEtxuDbBdNEWjs4K1lA;;细节图！SML1480¥;0;;lrg3k8cd5bgw3jv;;Для женщин;"[""https://xcimg.szwego.com/imgHD/f0138068/20260321/cmp_i1774057514251_8998_0_0.jpg"", ""https://xcimg.szwego.com/imgHD/f0138068/20260321/cmp_i1774057514151_5149_0_3.jpg"", ""https://xcimg.szwego.com/imgHD/f0138068/20260321/cmp_i1774057516400_9842_0_5.jpg"", ""https://xcimg.szwego.com/imgHD/f0138068/20260321/cmp_i1774057514135_5697_0_1.jpg"", ""https://xcimg.szwego.com/imgHD/f0138068/20260321/cmp_i1774057514152_2716_0_2.jpg"", ""https://xcimg.szwego.com/imgHD/f0138068/20260321/cmp_i1774057513189_9060_0_6.jpg""]"
_d3qrSYcNNwfOD1Akhc7jMaFZsHc_Ki-QIhqdymQ;;细节图！SML890¥;0;;lrg3k8cd5bgw3jv;;Для женщин;"[""https://xcimg.szwego.com/imgHD/f0138068/20260319/cmp_i1773888793601_5654_0_0.jpg"", ""https://xcimg.szwego.com/imgHD/f0138068/20260319/cmp_i1773888793443_6579_0_3.jpg"", ""https://xcimg.szwego.com/imgHD/f0138068/20260319/cmp_i1773888793562_2998_0_1.jpg"", ""https://xcimg.szwego.com/imgHD/f0138068/20260319/cmp_i1773888793401_9950_0_2.jpg"", ""https://xcimg.szwego.com/imgHD/f0138068/20260319/cmp_i1773888792683_6305_0_4.jpg"", ""https://xcimg.szwego.com/imgHD/f0138068/20260319/cmp_i1773888794687_268_0_5.jpg""]"
_dsbrSiEobQCt9cfchyj4zbVpVzbO2_pCkdUTNAw;;细节图！SML390¥;0;;lrg3k8cd5bgw3jv;;Для женщин;"[""https://xcimg.szwego.com/imgHD/f0138068/20260401/cmp_i1775020444265_1815_0_0.jpg"", ""https://xcimg.szwego.com/imgHD/f0138068/20260401/cmp_i1775020444254_4513_0_1.jpg"", ""https://xcimg.szwego.com/imgHD/f0138068/20260401/cmp_i1775020481963_7436_0_5.jpg"", ""https://xcimg.szwego.com/imgHD/f0138068/20260401/cmp_i1775020444367_9364_0_2.jpg"", ""https://xcimg.szwego.com/imgHD/f0138068/20260401/cmp_i1775020482473_7707_0_3.jpg"", ""https://xcimg.szwego.com/imgHD/f0138068/20260401/cmp_i1775020444430_4119_0_4.jpg"", ""https://xcimg.szwego.com/imgHD/f0138068/20260401/cmp_i1775020481994_9207_0_6.jpg"", ""https://xcimg.szwego.com/imgHD/f0138068/20260401/cmp_i1775020481998_1472_0_7.jpg""]"
_dnkrSkRS4lin3w2_KXogxqLt9tvOWXuAyvTmj9w;;26凯旋门新款深蓝色拼接阔腿牛仔裤，高腰设计+宽松直筒版型，显瘦又修饰腿型，梨形身材友好！两侧拼接条纹超有设计感，复古又时髦✨搭配白T或衬衫，轻松get简约高级感，是百搭不挑人的实用单品 SML390¥;0;;lrg3k8cd5bgw3jv;;Для женщин;"[""https://xcimg.szwego.com/imgHD/f0138068/20260401/cmp_i1775020322372_7456_0_0.jpg"", ""https://xcimg.szwego.com/imgHD/f0138068/20260401/cmp_i1775020330038_5533_0_1.jpg"", ""https://xcimg.szwego.com/imgHD/f0138068/20260401/cmp_i1775020322373_245_0_2.jpg"", ""https://xcimg.szwego.com/imgHD/f0138068/20260401/cmp_i1775020322373_5761_0_3.jpg"", ""https://xcimg.szwego.com/imgHD/f0138068/20260401/cmp_i1775020322372_3432_0_4.jpg"", ""https://xcimg.szwego.com/imgHD/f0138068/20260401/cmp_i1775020322372_8338_0_5.jpg"", ""https://xcimg.szwego.com/imgHD/f0138068/20260401/cmp_i1775020330007_8835_0_6.jpg"", ""https://xcimg.szwego.com/imgHD/f0138068/20260401/cmp_i1775020330012_2211_0_7.jpg""]"
_di8rSRBJU2Srzwe43eh5qyM5GnRsp3pUNUV87nw;;细节图！SML1680¥;0;;lrg3k8cd5bgw3jv;;Для женщин;"[""https://xcimg.szwego.com/imgHD/f0138068/20260401/cmp_i1775016395332_3933_0_0.jpg"", ""https://xcimg.szwego.com/imgHD/f0138068/20260401/cmp_i1775016395313_5685_0_1.jpg"", ""https://xcimg.szwego.com/imgHD/f0138068/20260401/cmp_i1775016395252_7020_0_2.jpg"", ""https://xcimg.szwego.com/imgHD/f0138068/20260401/cmp_i1775016416359_3605_0_3.jpg"", ""https://xcimg.szwego.com/imgHD/f0138068/20260401/cmp_i1775016416942_5901_0_4.jpg"", ""https://xcimg.szwego.com/imgHD/f0138068/20260401/cmp_i1775016395379_874_0_5.jpg"", ""https://xcimg.szwego.com/imgHD/f0138068/20260401/cmp_i1775016394354_7995_0_6.jpg""]"
_dB2rSJkCkuHRVM_fyBZxQU6wOk0l5uXras5lyLg;;✨M26春夏系列麂皮拼接外套，主色土黄，搭配深棕皮革翻领和口袋，复古摩登感满满。宽松廓形+单排扣设计，穿脱方便，兼具实用与时尚感🧥。麂皮柔软，皮革拼接提升质感，春秋季节穿搭超合适！灵感源自“工作服的优雅”，致敬女性力量，日常或活动都能轻松驾驭，搭配碎花裙或工装靴，甜酷风格随心切换💃。 S ML1680¥;0;;lrg3k8cd5bgw3jv;;Для женщин;"[""https://xcimg.szwego.com/imgHD/f0138068/20260401/cmp_i1775016112408_8188_0_5.jpg"", ""https://xcimg.szwego.com/imgHD/f0138068/20260401/cmp_i1775016096784_5338_0_0.jpg"", ""https://xcimg.szwego.com/imgHD/f0138068/20260401/cmp_i1775016096784_4724_0_1.jpg"", ""https://xcimg.szwego.com/imgHD/f0138068/20260401/cmp_i1775016096784_1268_0_2.jpg"", ""https://xcimg.szwego.com/imgHD/f0138068/20260401/cmp_i1775016096784_4130_0_3.jpg"", ""https://xcimg.szwego.com/imgHD/f0138068/20260401/cmp_i1775016096784_4308_0_4.jpg""]"
_dgErS1Fp44iIlh2K8XzNlvLSBQFcvTHSQjemgvw;;细节图！SML360¥;0;;lrg3k8cd5bgw3jv;;Для женщин;"[""https://xcimg.szwego.com/imgHD/f0138068/20260306/cmp_i1772769350462_4642_0_0.jpg"", ""https://xcimg.szwego.com/imgHD/f0138068/20260306/cmp_i1772769348538_7783_0_1.jpg"", ""https://xcimg.szwego.com/imgHD/f0138068/20260306/cmp_i1772769348446_6823_0_2.jpg"", ""https://xcimg.szwego.com/imgHD/f0138068/20260306/cmp_i1772769348514_7692_0_3.jpg"", ""https://xcimg.szwego.com/imgHD/f0138068/20260306/cmp_i1772769347780_5955_0_4.jpg"", ""https://xcimg.szwego.com/imgHD/f0138068/20260306/cmp_i1772769347862_7943_0_5.jpg""]"
_dbqrS3oB85f5gZrvdKZ2MyZojJylZty8-v1xCtQ;;细节图！SML390¥;0;;lrg3k8cd5bgw3jv;;Для женщин;"[""https://xcimg.szwego.com/imgHD/f0138068/20260327/cmp_i1774579048510_7002_0_0.jpg"", ""https://xcimg.szwego.com/imgHD/f0138068/20260327/cmp_i1774579047513_677_0_1.jpg"", ""https://xcimg.szwego.com/imgHD/f0138068/20260327/cmp_i1774579047513_2794_0_2.jpg"", ""https://xcimg.szwego.com/imgHD/f0138068/20260327/cmp_i1774579047509_463_0_3.jpg"", ""https://xcimg.szwego.com/imgHD/f0138068/20260327/cmp_i1774579047509_6591_0_4.jpg"", ""https://xcimg.szwego.com/imgHD/f0138068/20260327/cmp_i1774579047516_5734_0_5.jpg""]"
_dbzrSD5sQuzyPF7Gd3rmISRHpq8YfTnDxXrG8pg;;细节图！SML340¥ 含腰带;0;;lrg3k8cd5bgw3jv;;Для женщин;"[""https://xcimg.szwego.com/imgHD/f0138068/20260326/cmp_i1774491962530_8188_0_0.jpg"", ""https://xcimg.szwego.com/imgHD/f0138068/20260326/cmp_i1774491962536_4665_0_5.jpg"", ""https://xcimg.szwego.com/imgHD/f0138068/20260326/cmp_i1774491962543_5004_0_1.jpg"", ""https://xcimg.szwego.com/imgHD/f0138068/20260326/cmp_i1774491964145_8818_0_2.jpg"", ""https://xcimg.szwego.com/imgHD/f0138068/20260326/cmp_i1774491962533_4776_0_3.jpg"", ""https://xcimg.szwego.com/imgHD/f0138068/20260326/cmp_i1774491962530_8625_0_4.jpg"", ""https://xcimg.szwego.com/imgHD/f0138068/20260326/cmp_i1774491964144_9341_0_6.jpg""]"
_d8MrSzFOdE2TJBp8s1IQDpYr2LtuRr6ghkk_Qww;;🌟26新品卡其色中裤，采用高品质棉质面料，柔软透气，春夏穿超舒服！宽松直筒+腰带设计，修饰腰线又很实用，复古学院风满满，随便搭条纹衫或针织开衫都很出彩✨。卡其色超百搭，通勤、休闲、户外都能轻松驾驭，是衣橱必备 SML340¥;0;;lrg3k8cd5bgw3jv;;Для женщин;"[""https://xcimg.szwego.com/imgHD/f0138068/20260326/cmp_i1774491800970_2673_0_0.jpg"", ""https://xcimg.szwego.com/imgHD/f0138068/20260326/cmp_i1774491800970_15_0_1.jpg"", ""https://xcimg.szwego.com/imgHD/f0138068/20260326/cmp_i1774491800970_5241_0_2.jpg"", ""https://xcimg.szwego.com/imgHD/f0138068/20260326/cmp_i1774491800969_2410_0_3.jpg"", ""https://xcimg.szwego.com/imgHD/f0138068/20260326/cmp_i1774491800970_7708_0_4.jpg"", ""https://xcimg.szwego.com/imgHD/f0138068/20260326/cmp_i1774491808288_6080_0_5.jpg"", ""https://xcimg.szwego.com/imgHD/f0138068/20260326/cmp_i1774491808288_4312_0_6.jpg"", ""https://xcimg.szwego.com/imgHD/f0138068/20260326/cmp_i1774491808288_9085_0_7.jpg"", ""https://xcimg.szwego.com/imgHD/f0138068/20260326/cmp_i1774491808287_0_0_8.jpg""]"
_dlfrSq6sXAfgH6OdyiBlMCljVgUbAgdlag8OGtA;;细节图！SML360¥;0;;lrg3k8cd5bgw3jv;;Для женщин;"[""https://xcimg.szwego.com/imgHD/f0138068/20260326/cmp_i1774489999451_4621_0_0.jpg"", ""https://xcimg.szwego.com/imgHD/f0138068/20260326/cmp_i1774490000130_3180_0_1.jpg"", ""https://xcimg.szwego.com/imgHD/f0138068/20260326/cmp_i1774490000174_9660_0_5.jpg"", ""https://xcimg.szwego.com/imgHD/f0138068/20260326/cmp_i1774490002007_7197_0_6.jpg"", ""https://xcimg.szwego.com/imgHD/f0138068/20260326/cmp_i1774489999451_2578_0_2.jpg"", ""https://xcimg.szwego.com/imgHD/f0138068/20260326/cmp_i1774490002009_9872_0_3.jpg"", ""https://xcimg.szwego.com/imgHD/f0138068/20260326/cmp_i1774489999457_4409_0_4.jpg""]"
_d_3rSs0qvmKYNe2TUe0wruJuxHF9YWedOGFT0mg;;M26春夏蓝白格纹Polo衫，桑蚕丝混纺，柔软亲肤超舒适✨。蓝白格纹+撞色翻领，复古学院风满满，胸前小徽标超有辨识度！短袖设计春夏穿超合适，单穿或叠穿都很出彩，搭配百褶裙or牛仔裤，轻松get甜酷or休闲风～ SML360¥;0;;lrg3k8cd5bgw3jv;;Для женщин;"[""https://xcimg.szwego.com/imgHD/f0138068/20260326/cmp_i1774489812300_2020_0_0.jpg"", ""https://xcimg.szwego.com/imgHD/f0138068/20260326/cmp_i1774489812300_6163_0_1.jpg"", ""https://xcimg.szwego.com/imgHD/f0138068/20260326/cmp_i1774489813105_5301_0_2.jpg"", ""https://xcimg.szwego.com/imgHD/f0138068/20260326/cmp_i1774489813106_249_0_3.jpg"", ""https://xcimg.szwego.com/imgHD/f0138068/20260326/cmp_i1774489812300_7186_0_4.jpg"", ""https://xcimg.szwego.com/imgHD/f0138068/20260326/cmp_i1774489813106_6238_0_5.jpg"", ""https://xcimg.szwego.com/imgHD/f0138068/20260326/cmp_i1774489812300_7126_0_6.jpg"", ""https://xcimg.szwego.com/imgHD/f0138068/20260326/cmp_i1774489813106_3390_0_8.jpg"", ""https://xcimg.szwego.com/imgHD/f0138068/20260326/cmp_i1774489812300_2965_0_7.jpg""]"
_dhArSGQ8KFYWNB58BVXHeyXJ2z_n8_MJLEB1Sxg;;细节图！SML200¥;0;;lrg3k8cd5bgw3jv;;Для женщин;"[""https://xcimg.szwego.com/imgHD/f0138068/20260324/cmp_i1774322943982_9050_0_0.jpg"", ""https://xcimg.szwego.com/imgHD/f0138068/20260324/cmp_i1774322943969_2764_0_2.jpg"", ""https://xcimg.szwego.com/imgHD/f0138068/20260324/cmp_i1774322943983_5105_0_1.jpg"", ""https://xcimg.szwego.com/imgHD/f0138068/20260324/cmp_i1774322943993_4321_0_3.jpg"", ""https://xcimg.szwego.com/imgHD/f0138068/20260324/cmp_i1774322943986_9944_0_4.jpg"", ""https://xcimg.szwego.com/imgHD/f0138068/20260324/cmp_i1774322947863_7458_0_5.jpg""]"
_dafrSlmkhDCr97ikQBPgHOB5ZLibefA6GpguWrg;;🩵冰川蓝短袖T恤 采用纯棉材质，做旧水洗工艺，柔软舒适，春夏穿超合适！正面“STOCKHOLM 1996”字样，简约又有辨识度✨。宽松版型，男女同款，轻松打造慵懒随性风，日常休闲或街头穿搭都很OK！SML200¥;0;;lrg3k8cd5bgw3jv;;Для женщин;"[""https://xcimg.szwego.com/imgHD/f0138068/20260324/cmp_i1774322809439_8447_0_3.jpg"", ""https://xcimg.szwego.com/imgHD/f0138068/20260324/cmp_i1774322809439_352_0_6.jpg"", ""https://xcimg.szwego.com/imgHD/f0138068/20260324/cmp_i1774322811221_9180_0_5.jpg"", ""https://xcimg.szwego.com/imgHD/f0138068/20260324/cmp_i1774322809439_9654_0_4.jpg"", ""https://xcimg.szwego.com/imgHD/f0138068/20260324/cmp_i1774322811233_6386_0_0.jpg"", ""https://xcimg.szwego.com/imgHD/f0138068/20260324/cmp_i1774322809472_4991_0_1.jpg"", ""https://xcimg.szwego.com/imgHD/f0138068/20260324/cmp_i1774322809467_3327_0_2.jpg""]"
_d8RrSA2pYrLER0WeacFsu2sVKmEB-qHbgo8mPgQ;;细节图！SML220¥;0;;lrg3k8cd5bgw3jv;;Для женщин;"[""https://xcimg.szwego.com/imgHD/f0138068/20260324/cmp_i1774322624831_610_0_0.jpg"", ""https://xcimg.szwego.com/imgHD/f0138068/20260324/cmp_i1774322624832_5892_0_4.jpg"", ""https://xcimg.szwego.com/imgHD/f0138068/20260324/cmp_i1774322621742_8138_0_1.jpg"", ""https://xcimg.szwego.com/imgHD/f0138068/20260324/cmp_i1774322621741_9271_0_2.jpg"", ""https://xcimg.szwego.com/imgHD/f0138068/20260324/cmp_i1774322621738_1437_0_3.jpg"", ""https://xcimg.szwego.com/imgHD/f0138068/20260324/cmp_i1774322621732_3518_0_5.jpg"", ""https://xcimg.szwego.com/imgHD/f0138068/20260324/cmp_i1774322624837_5142_0_6.jpg"", ""https://xcimg.szwego.com/imgHD/f0138068/20260324/cmp_i1774322621744_2131_0_7.jpg""]"
_dlZrS-oxdlyzoVgvwbZfPUzBSsMs7IeIFjmJNAg;;💜紫色好好好春天呀～ 谁懂解锁新色卡的开心～ 配色太浪漫了，春天的温柔色系， 又不会过于齁甜;0;;lrg3k8cd5bgw3jv;;Для женщин;"[""https://xcimg.szwego.com/imgHD/f0138068/20260324/cmp_i1774322402027_2199_0_0.jpg"", ""https://xcimg.szwego.com/imgHD/f0138068/20260324/cmp_i1774322403627_4022_0_1.jpg"", ""https://xcimg.szwego.com/imgHD/f0138068/20260324/cmp_i1774322402015_2282_0_2.jpg"", ""https://xcimg.szwego.com/imgHD/f0138068/20260324/cmp_i1774322401993_2978_0_3.jpg"", ""https://xcimg.szwego.com/imgHD/f0138068/20260324/cmp_i1774322401993_8028_0_4.jpg"", ""https://xcimg.szwego.com/imgHD/f0138068/20260324/cmp_i1774322401990_1238_0_5.jpg""]"
_dirrSsB3a29wd1NAqBySgb1QLDtfEs2V5j_PQ8A;;🩵AC1996系列冰川蓝长袖T恤，水洗做旧工艺，柔软棉质面料，复古感满满✨。胸前“Studios STOCKHOLM 1996”字母印花，简约又有辨识度。宽松版型，春夏单穿或叠搭都很OK，冰川蓝清新治愈，少年感or慵懒风轻松拿捏！日常通勤、休闲都能轻松驾驭，是Studios的经典热门款之一🔥。SML220¥;0;;lrg3k8cd5bgw3jv;;Для женщин;"[""https://xcimg.szwego.com/imgHD/f0138068/20260324/cmp_i1774321909603_1011_0_0.jpg"", ""https://xcimg.szwego.com/imgHD/f0138068/20260324/cmp_i1774321911241_5346_0_1.jpg"", ""https://xcimg.szwego.com/imgHD/f0138068/20260324/cmp_i1774321909603_7494_0_2.jpg"", ""https://xcimg.szwego.com/imgHD/f0138068/20260324/cmp_i1774321909603_1775_0_3.jpg"", ""https://xcimg.szwego.com/imgHD/f0138068/20260324/cmp_i1774321909603_3041_0_4.jpg"", ""https://xcimg.szwego.com/imgHD/f0138068/20260324/cmp_i1774321911345_472_0_5.jpg"", ""https://xcimg.szwego.com/imgHD/f0138068/20260324/cmp_i1774321911241_2636_0_6.jpg"", ""https://xcimg.szwego.com/imgHD/f0138068/20260324/cmp_i1774321909603_5063_0_7.jpg"", ""https://xcimg.szwego.com/imgHD/f0138068/20260324/cmp_i1774321911245_9279_0_8.jpg""]"
_du0rSMobCSwlww4YZHyVmUOrr9B_hhlPrNIVeSw;;细节图！SML290¥;0;;lrg3k8cd5bgw3jv;;Для женщин;"[""https://xcimg.szwego.com/img/f0138068/20260113/i1768271671130_4996_0_0.jpg"", ""https://xcimg.szwego.com/img/f0138068/20260113/i1768271671096_3177_0_1.jpg"", ""https://xcimg.szwego.com/img/f0138068/20260113/i1768271670367_7734_0_2.jpg"", ""https://xcimg.szwego.com/img/f0138068/20260113/i1768271670388_5996_0_3.jpg"", ""https://xcimg.szwego.com/img/f0138068/20260113/i1768271670363_9630_0_4.jpg"", ""https://xcimg.szwego.com/img/f0138068/20260113/i1768271670427_4089_0_5.jpg"", ""https://xcimg.szwego.com/img/f0138068/20260113/i1768271670403_5910_0_6.jpg""]"
_dnRrSrrhMv6GUywn8f7gVTdV2MRZZT3efxskFqw;;26早春系列白色工装半裙，采用挺括棉质府绸，A字廓形+多口袋设计，实用又有型！腰部抽绳可调节，适合各种身材，侧边迷你字母徽标超有辨识度✨。白色清新百搭，配丝绒卫衣或短款背心，轻松切换甜酷or辣妹风，早春出街必备！SML290💰;0;;lrg3k8cd5bgw3jv;;Для женщин;"[""https://xcimg.szwego.com/img/f0138068/20260113/a1768272222150_7470.jpg"", ""https://xcimg.szwego.com/img/f0138068/20260113/a1768272222113_3623.jpg"", ""https://xcimg.szwego.com/img/f0138068/20260113/a1768272222126_6815.jpg"", ""https://xcimg.szwego.com/img/f0138068/20260113/a1768272222112_2682.jpg"", ""https://xcimg.szwego.com/img/f0138068/20260113/a1768272222107_1475.jpg"", ""https://xcimg.szwego.com/img/f0138068/20260113/a1768272223160_0227.jpg"", ""https://xcimg.szwego.com/img/f0138068/20260113/a1768272223000_2303.jpg"", ""https://xcimg.szwego.com/img/f0138068/20260113/a1768272223253_2671.jpg""]"
_dyErSP04xgRJeGVFEfuet3SWeaLSi8Hv3BkFp1A;;细节图！SML220¥;0;;lrg3k8cd5bgw3jv;;Для женщин;"[""https://xcimg.szwego.com/imgHD/f0138068/20260317/cmp_i1773714735158_1191_0_0.jpg"", ""https://xcimg.szwego.com/imgHD/f0138068/20260317/cmp_i1773714737891_1027_0_1.jpg"", ""https://xcimg.szwego.com/imgHD/f0138068/20260317/cmp_i1773714735732_1130_0_3.jpg"", ""https://xcimg.szwego.com/imgHD/f0138068/20260317/cmp_i1773714735203_4352_0_2.jpg"", ""https://xcimg.szwego.com/imgHD/f0138068/20260317/cmp_i1773714738387_406_0_4.jpg"", ""https://xcimg.szwego.com/imgHD/f0138068/20260317/cmp_i1773714735136_6334_0_6.jpg""]"
_dwTrS1SHdUDl9Iz6MNZkl9EGXC27u3-wEVoV5Dg;;26春夏新款1921系列网纱T恤，黑色网纱+白色内衬，简约又有层次感。正面“1921 FIRENZE”字样，品牌感满满。网纱轻薄透气，春夏穿超舒服，宽松版型不挑身材，单穿叠穿都OK！日常通勤、约会、休闲都能轻松驾驭，搭牛仔裤或半裙都很出彩，时髦又实用～🖤 SML220¥;0;;lrg3k8cd5bgw3jv;;Для женщин;"[""https://xcimg.szwego.com/imgHD/f0138068/20260317/cmp_i1773714655128_5534_0_3.jpg"", ""https://xcimg.szwego.com/imgHD/f0138068/20260317/cmp_i1773714654751_2406_0_8.jpg"", ""https://xcimg.szwego.com/imgHD/f0138068/20260317/cmp_i1773714655128_598_0_4.jpg"", ""https://xcimg.szwego.com/imgHD/f0138068/20260317/cmp_i1773714654751_3992_0_0.jpg"", ""https://xcimg.szwego.com/imgHD/f0138068/20260317/cmp_i1773714655127_1979_0_1.jpg"", ""https://xcimg.szwego.com/imgHD/f0138068/20260317/cmp_i1773714654751_2801_0_2.jpg"", ""https://xcimg.szwego.com/imgHD/f0138068/20260317/cmp_i1773714654776_8432_0_5.jpg"", ""https://xcimg.szwego.com/imgHD/f0138068/20260317/cmp_i1773714655126_8500_0_6.jpg"", ""https://xcimg.szwego.com/imgHD/f0138068/20260317/cmp_i1773714654751_2266_0_7.jpg""]"
_dayrSSXeVAj6oMU1cNDWsT1Bg7ewTM5dnycSuaA;;细节图！SML200¥;0;;lrg3k8cd5bgw3jv;;Для женщин;"[""https://xcimg.szwego.com/imgHD/f0138068/20260317/cmp_i1773716619406_2028_0_0.jpg"", ""https://xcimg.szwego.com/imgHD/f0138068/20260317/cmp_i1773716619399_3776_0_3.jpg"", ""https://xcimg.szwego.com/imgHD/f0138068/20260317/cmp_i1773716619400_3852_0_1.jpg"", ""https://xcimg.szwego.com/imgHD/f0138068/20260317/cmp_i1773716619404_1358_0_2.jpg"", ""https://xcimg.szwego.com/imgHD/f0138068/20260317/cmp_i1773716620454_3056_0_4.jpg"", ""https://xcimg.szwego.com/imgHD/f0138068/20260317/cmp_i1773716619411_3815_0_5.jpg""]"
_dkarSWNBiSjTrSAEsxH7IqsBcuJ1UK_JhnZHybQ;;细节图！SML200¥;0;;lrg3k8cd5bgw3jv;;Для женщин;"[""https://xcimg.szwego.com/imgHD/f0138068/20260317/cmp_i1773716602241_4161_0_0.jpg"", ""https://xcimg.szwego.com/imgHD/f0138068/20260317/cmp_i1773716604228_6094_0_3.jpg"", ""https://xcimg.szwego.com/imgHD/f0138068/20260317/cmp_i1773716602325_7770_0_1.jpg"", ""https://xcimg.szwego.com/imgHD/f0138068/20260317/cmp_i1773716602326_1238_0_2.jpg"", ""https://xcimg.szwego.com/imgHD/f0138068/20260317/cmp_i1773716602293_1019_0_5.jpg"", ""https://xcimg.szwego.com/imgHD/f0138068/20260317/cmp_i1773716601423_5517_0_4.jpg""]"
_dCLrSjKQwyypUaJxA2OeDyI0ulZj7jRIsmuejBg;;细节图！SML200¥;0;;lrg3k8cd5bgw3jv;;Для женщин;"[""https://xcimg.szwego.com/imgHD/f0138068/20260317/cmp_i1773716580654_5995_0_0.jpg"", ""https://xcimg.szwego.com/imgHD/f0138068/20260317/cmp_i1773716580654_2010_0_3.jpg"", ""https://xcimg.szwego.com/imgHD/f0138068/20260317/cmp_i1773716580654_7335_0_1.jpg"", ""https://xcimg.szwego.com/imgHD/f0138068/20260317/cmp_i1773716580654_1715_0_2.jpg"", ""https://xcimg.szwego.com/imgHD/f0138068/20260317/cmp_i1773716582025_5911_0_5.jpg"", ""https://xcimg.szwego.com/imgHD/f0138068/20260317/cmp_i1773716580654_2380_0_4.jpg""]"
_dbVrSCWDRhuuTIGq47Io0rp7y78neg7tUNbdH6g;;真的太懂女生了！💃 短小紧的版型直接把腰线掐出来， 秒变纸片人～ 经典绿红绿织带+双G logo，复古感拉满，袖口的俏皮荷叶边又添了几分少女感，甜而不腻！ 搭牛仔裙是街头甜妹，换运动裙又秒变元气少女，三种颜色都想all in！;0;;lrg3k8cd5bgw3jv;;Для женщин;"[""https://xcimg.szwego.com/imgHD/f0138068/20260317/cmp_i1773714486774_4461_0_0.jpg"", ""https://xcimg.szwego.com/imgHD/f0138068/20260317/cmp_i1773714486370_378_0_1.jpg"", ""https://xcimg.szwego.com/imgHD/f0138068/20260317/cmp_i1773714486370_3332_0_2.jpg"", ""https://xcimg.szwego.com/imgHD/f0138068/20260317/cmp_i1773714486775_4908_0_3.jpg"", ""https://xcimg.szwego.com/imgHD/f0138068/20260317/cmp_i1773714486370_8947_0_4.jpg"", ""https://xcimg.szwego.com/imgHD/f0138068/20260317/cmp_i1773714486775_1091_0_5.jpg"", ""https://xcimg.szwego.com/imgHD/f0138068/20260317/cmp_i1773714349350_2069_0_0.jpg"", ""https://xcimg.szwego.com/imgHD/f0138068/20260317/cmp_i1773714349350_580_0_1.jpg"", ""https://xcimg.szwego.com/imgHD/f0138068/20260317/cmp_i1773714394862_4979_0_3.jpg""]"
_d-WrSVdP00BJFi63_t2Cs2WGMqfXWyIKKF_zrtA;;细节图！SML340¥;0;;lrg3k8cd5bgw3jv;;Для женщин;"[""https://xcimg.szwego.com/imgHD/f0138068/20260310/cmp_i1773111975217_2343_0_0.jpg"", ""https://xcimg.szwego.com/imgHD/f0138068/20260310/cmp_i1773111975226_5860_0_1.jpg"", ""https://xcimg.szwego.com/imgHD/f0138068/20260310/cmp_i1773111975231_7294_0_2.jpg"", ""https://xcimg.szwego.com/imgHD/f0138068/20260310/cmp_i1773111975232_2374_0_3.jpg"", ""https://xcimg.szwego.com/imgHD/f0138068/20260310/cmp_i1773111975238_7088_0_4.jpg"", ""https://xcimg.szwego.com/imgHD/f0138068/20260310/cmp_i1773111891955_2841_0_4.jpg""]"
_dvXrS5_fs5OQY36KBGGEqkZiiWAqVdPAkUGUy2Q;;细节图！SML340¥;0;;lrg3k8cd5bgw3jv;;Для женщин;"[""https://xcimg.szwego.com/imgHD/f0138068/20260310/cmp_i1773111891951_2655_0_0.jpg"", ""https://xcimg.szwego.com/imgHD/f0138068/20260310/cmp_i1773111891964_4030_0_1.jpg"", ""https://xcimg.szwego.com/imgHD/f0138068/20260310/cmp_i1773111891951_1077_0_2.jpg"", ""https://xcimg.szwego.com/imgHD/f0138068/20260310/cmp_i1773111893638_6376_0_3.jpg"", ""https://xcimg.szwego.com/imgHD/f0138068/20260310/cmp_i1773111891955_2841_0_4.jpg"", ""https://xcimg.szwego.com/imgHD/f0138068/20260310/cmp_i1773111891953_705_0_5.jpg""]"
_dr0rSSGAuNUGDNM25qUilveb8mcxmVJTj3Z-MQA;;💙26SS系列蓝色真丝针织短袖，真丝材质，柔软亲肤，透气性超赞✨。圆领+蝴蝶结设计，细节处有“C”“D”标识，品牌感满满。春夏穿超舒服！日常通勤、商务场合都能轻松驾驭，优雅又实用，是百搭单品首选～ SML340¥;0;;lrg3k8cd5bgw3jv;;Для женщин;"[""https://xcimg.szwego.com/imgHD/f0138068/20260310/cmp_i1773110730215_7396_0_0.jpg"", ""https://xcimg.szwego.com/imgHD/f0138068/20260310/cmp_i1773110730218_7538_0_1.jpg"", ""https://xcimg.szwego.com/imgHD/f0138068/20260310/cmp_i1773110730783_9210_0_2.jpg"", ""https://xcimg.szwego.com/imgHD/f0138068/20260310/cmp_i1773110730786_8911_0_3.jpg"", ""https://xcimg.szwego.com/imgHD/f0138068/20260310/cmp_i1773110730219_2878_0_4.jpg"", ""https://xcimg.szwego.com/imgHD/f0138068/20260310/cmp_i1773110730214_5983_0_5.jpg"", ""https://xcimg.szwego.com/imgHD/f0138068/20260310/cmp_i1773110730214_3497_0_6.jpg"", ""https://xcimg.szwego.com/imgHD/f0138068/20260310/cmp_i1773110730781_9995_0_7.jpg""]"
_dlmrS_1JZyxzBc4nSM2KlREzsTDrXNsQ3f664bA;;短袖Polo细节图！SML340¥;0;;lrg3k8cd5bgw3jv;;Для женщин;"[""https://xcimg.szwego.com/imgHD/f0138068/20260307/cmp_i1772849892868_9554_0_0.jpg"", ""https://xcimg.szwego.com/imgHD/f0138068/20260307/cmp_i1772849892864_6161_0_1.jpg"", ""https://xcimg.szwego.com/imgHD/f0138068/20260307/cmp_i1772849894036_9419_0_2.jpg"", ""https://xcimg.szwego.com/imgHD/f0138068/20260307/cmp_i1772849892871_1942_0_3.jpg"", ""https://xcimg.szwego.com/imgHD/f0138068/20260307/cmp_i1772849892867_8306_0_4.jpg"", ""https://xcimg.szwego.com/imgHD/f0138068/20260307/cmp_i1772849892859_5142_0_5.jpg""]"
_dGErSughNa9S0uNGxJAL9wbhNaHhZNm63067R2w;;开衫细节图！SML390¥;0;;lrg3k8cd5bgw3jv;;Для женщин;"[""https://xcimg.szwego.com/imgHD/f0138068/20260307/cmp_i1772849868789_6238_0_0.jpg"", ""https://xcimg.szwego.com/imgHD/f0138068/20260307/cmp_i1772849869656_9769_0_1.jpg"", ""https://xcimg.szwego.com/imgHD/f0138068/20260307/cmp_i1772849868792_9666_0_2.jpg"", ""https://xcimg.szwego.com/imgHD/f0138068/20260307/cmp_i1772849868799_1859_0_3.jpg"", ""https://xcimg.szwego.com/imgHD/f0138068/20260307/cmp_i1772849868793_3823_0_4.jpg"", ""https://xcimg.szwego.com/imgHD/f0138068/20260307/cmp_i1772849868789_5424_0_5.jpg""]"
_dkrrSw_r39BCIU3sHzWqmFO7XiANMcWmMQ9j5vA;;🌸26早春新品款樱花粉羊绒Polo衫➕开衫，选用A级山羊绒，双股26支纱线，细度15.5微米，比普通羊绒更细腻柔软，抗起球力强✨金属纽扣细节精致，质感满分！低饱和樱花粉温柔显白，通勤约会都能轻松驾驭。早春或空调房穿超合适，单穿叠搭都很百搭，是老钱风代表单品，实用又高级💼 短袖Polo SML340¥ 开衫 SML390¥;0;;lrg3k8cd5bgw3jv;;Для женщин;"[""https://xcimg.szwego.com/imgHD/f0138068/20260307/cmp_i1772849517396_5253_0_0.jpg"", ""https://xcimg.szwego.com/imgHD/f0138068/20260307/cmp_i1772849516708_9138_0_1.jpg"", ""https://xcimg.szwego.com/imgHD/f0138068/20260307/cmp_i1772849517396_1169_0_2.jpg"", ""https://xcimg.szwego.com/imgHD/f0138068/20260307/cmp_i1772849517399_2747_0_3.jpg"", ""https://xcimg.szwego.com/imgHD/f0138068/20260307/cmp_i1772849517794_3903_0_10.jpg"", ""https://xcimg.szwego.com/imgHD/f0138068/20260307/cmp_i1772849516708_3088_0_6.jpg"", ""https://xcimg.szwego.com/imgHD/f0138068/20260307/cmp_i1772849516707_4973_0_8.jpg"", ""https://xcimg.szwego.com/imgHD/f0138068/20260307/cmp_i1772849517397_2078_0_7.jpg"", ""https://xcimg.szwego.com/imgHD/f0138068/20260307/cmp_i1772849516756_54_0_4.jpg""]"
_djFrS6MO9aEcyjK-RiO8BX71LbQdwfPbIuz889Q;;细节图！SML490¥;0;;lrg3k8cd5bgw3jv;;Для женщин;"[""https://xcimg.szwego.com/imgHD/f0138068/20260315/cmp_i1773540569714_3505_0_0.jpg"", ""https://xcimg.szwego.com/imgHD/f0138068/20260315/cmp_i1773540567244_1056_0_1.jpg"", ""https://xcimg.szwego.com/imgHD/f0138068/20260315/cmp_i1773540569680_7339_0_2.jpg"", ""https://xcimg.szwego.com/imgHD/f0138068/20260315/cmp_i1773540566685_1650_0_3.jpg"", ""https://xcimg.szwego.com/imgHD/f0138068/20260315/cmp_i1773540566620_377_0_4.jpg"", ""https://xcimg.szwego.com/imgHD/f0138068/20260315/cmp_i1773540567202_2921_0_5.jpg"", ""https://xcimg.szwego.com/imgHD/f0138068/20260315/cmp_i1773540566607_5561_0_6.jpg"", ""https://xcimg.szwego.com/imgHD/f0138068/20260315/cmp_i1773540569719_7048_0_7.jpg"", ""https://xcimg.szwego.com/imgHD/f0138068/20260315/cmp_i1773540568928_6844_0_8.jpg""]"
_dturS1RmbVepQN7iuwTGEpaylU5S-Xcgn7r4d1Q;;新品 细节图！SML340¥;0;;lrg3k8cd5bgw3jv;;Для женщин;"[""https://xcimg.szwego.com/img/f0138068/20260420/a1776670820268_8273.jpg"", ""https://xcimg.szwego.com/img/f0138068/20260420/a1776670820283_2566.jpg"", ""https://xcimg.szwego.com/img/f0138068/20260420/a1776670820350_4587.jpg"", ""https://xcimg.szwego.com/img/f0138068/20260420/a1776670820054_0663.jpg"", ""https://xcimg.szwego.com/img/f0138068/20260420/a1776670820330_5846.jpg"", ""https://xcimg.szwego.com/img/f0138068/20260420/a1776670822184_2278.jpg"", ""https://xcimg.szwego.com/img/f0138068/20260420/a1776670822184_7828.jpg""]"
_dnsrSZYfM7IohkxJT0lYE0N9-RzJXeXbG3G_xMA;;新品 细节图！SML340¥;0;;lrg3k8cd5bgw3jv;;Для женщин;"[""https://xcimg.szwego.com/img/f0138068/20260420/a1776671002306_3124.jpg"", ""https://xcimg.szwego.com/img/f0138068/20260420/a1776671002270_8662.jpg"", ""https://xcimg.szwego.com/img/f0138068/20260420/a1776671001910_8344.jpg"", ""https://xcimg.szwego.com/img/f0138068/20260420/a1776671002307_4032.jpg"", ""https://xcimg.szwego.com/img/f0138068/20260420/a1776671001844_8681.jpg"", ""https://xcimg.szwego.com/img/f0138068/20260420/a1776671003967_4066.jpg""]"
_dgWrSr89NVPyj6C8VA0tXsoz0UE2ZM0mu9cVwQQ;;新品 细节图！SML360¥;0;;lrg3k8cd5bgw3jv;;Для женщин;"[""https://xcimg.szwego.com/imgHD/f0138068/20260420/cmp_i1776671382293_7575_0_0.jpg"", ""https://xcimg.szwego.com/imgHD/f0138068/20260420/cmp_i1776671416392_3289_0_3.jpg"", ""https://xcimg.szwego.com/imgHD/f0138068/20260420/cmp_i1776671381703_7857_0_1.jpg"", ""https://xcimg.szwego.com/imgHD/f0138068/20260420/cmp_i1776671381703_161_0_2.jpg"", ""https://xcimg.szwego.com/imgHD/f0138068/20260420/cmp_i1776671416308_3589_0_5.jpg"", ""https://xcimg.szwego.com/imgHD/f0138068/20260420/cmp_i1776671381703_5157_0_4.jpg""]"
_duSrSnNEEK0Z8Ur4JCwA56BCVy-yaLCBTpi4IbA;;新品 细节图！SML450¥;0;;lrg3k8cd5bgw3jv;;Для женщин;"[""https://xcimg.szwego.com/imgHD/f0138068/20260423/cmp_i1776933213453_4755_0_0.jpg"", ""https://xcimg.szwego.com/imgHD/f0138068/20260423/cmp_i1776933208682_7174_0_1.jpg"", ""https://xcimg.szwego.com/imgHD/f0138068/20260423/cmp_i1776933208690_6515_0_2.jpg"", ""https://xcimg.szwego.com/imgHD/f0138068/20260423/cmp_i1776933208689_4135_0_3.jpg"", ""https://xcimg.szwego.com/imgHD/f0138068/20260423/cmp_i1776933208681_8122_0_4.jpg"", ""https://xcimg.szwego.com/imgHD/f0138068/20260423/cmp_i1776933208699_1519_0_5.jpg""]"
_dqjrSgkd03gGXCR591kdOgXcq9KoGBgQtg-ypjw;;新品 细节图！SML450¥;0;;lrg3k8cd5bgw3jv;;Для женщин;"[""https://xcimg.szwego.com/imgHD/f0138068/20260423/cmp_i1776933164490_3228_0_0.jpg"", ""https://xcimg.szwego.com/imgHD/f0138068/20260423/cmp_i1776933169940_8141_0_1.jpg"", ""https://xcimg.szwego.com/imgHD/f0138068/20260423/cmp_i1776933164484_2984_0_2.jpg"", ""https://xcimg.szwego.com/imgHD/f0138068/20260423/cmp_i1776933164482_4653_0_3.jpg"", ""https://xcimg.szwego.com/imgHD/f0138068/20260423/cmp_i1776933164492_1851_0_4.jpg"", ""https://xcimg.szwego.com/imgHD/f0138068/20260423/cmp_i1776933164496_5482_0_5.jpg""]"
_djDrSlWKc88sGC1jiYVaYe21W-AvwhfngLYJ5AA;;新品 细节图！SML590¥;0;;lrg3k8cd5bgw3jv;;Для женщин;"[""https://xcimg.szwego.com/imgHD/f0138068/20260423/cmp_i1776933004088_6042_0_0.jpg"", ""https://xcimg.szwego.com/imgHD/f0138068/20260423/cmp_i1776933009107_9763_0_1.jpg"", ""https://xcimg.szwego.com/imgHD/f0138068/20260423/cmp_i1776933004130_1742_0_2.jpg"", ""https://xcimg.szwego.com/imgHD/f0138068/20260423/cmp_i1776933004103_2542_0_3.jpg"", ""https://xcimg.szwego.com/imgHD/f0138068/20260423/cmp_i1776933003309_6380_0_4.jpg"", ""https://xcimg.szwego.com/imgHD/f0138068/20260423/cmp_i1776933003277_6174_0_5.jpg"", ""https://xcimg.szwego.com/imgHD/f0138068/20260423/cmp_i1776933008514_3337_0_6.jpg""]"
_dvyrSCnTzr1ombfJjoB674k5GktYUSM8GeCMDUQ;;新品 细节图！SML590¥;0;;lrg3k8cd5bgw3jv;;Для женщин;"[""https://xcimg.szwego.com/imgHD/f0138068/20260423/cmp_i1776932986629_9835_0_0.jpg"", ""https://xcimg.szwego.com/imgHD/f0138068/20260423/cmp_i1776932990859_7321_0_1.jpg"", ""https://xcimg.szwego.com/imgHD/f0138068/20260423/cmp_i1776932985800_7916_0_2.jpg"", ""https://xcimg.szwego.com/imgHD/f0138068/20260423/cmp_i1776932986579_3186_0_3.jpg"", ""https://xcimg.szwego.com/imgHD/f0138068/20260423/cmp_i1776932990295_1299_0_4.jpg"", ""https://xcimg.szwego.com/imgHD/f0138068/20260423/cmp_i1776932986536_7183_0_5.jpg"", ""https://xcimg.szwego.com/imgHD/f0138068/20260423/cmp_i1776932985768_8536_0_6.jpg""]"
_dgGrStruTaaYmdisKbSiru64WHAqNAkg8jvKRTA;;新品 细节图！SML490¥;0;;lrg3k8cd5bgw3jv;;Для женщин;"[""https://xcimg.szwego.com/imgHD/f0138068/20260423/cmp_i1776932972038_3289_0_0.jpg"", ""https://xcimg.szwego.com/imgHD/f0138068/20260423/cmp_i1776932972017_1418_0_1.jpg"", ""https://xcimg.szwego.com/imgHD/f0138068/20260423/cmp_i1776932966174_3094_0_2.jpg"", ""https://xcimg.szwego.com/imgHD/f0138068/20260423/cmp_i1776932966775_8595_0_3.jpg"", ""https://xcimg.szwego.com/imgHD/f0138068/20260423/cmp_i1776932966750_8103_0_4.jpg"", ""https://xcimg.szwego.com/imgHD/f0138068/20260423/cmp_i1776932966275_8664_0_5.jpg"", ""https://xcimg.szwego.com/imgHD/f0138068/20260423/cmp_i1776932966201_7504_0_6.jpg""]"
_dnYrSo-NjmHaPTDV6A8s__3eR3uoqDS83g8SB4w;;新品 细节图！SML490¥;0;;lrg3k8cd5bgw3jv;;Для женщин;"[""https://xcimg.szwego.com/imgHD/f0138068/20260423/cmp_i1776932936988_2244_0_0.jpg"", ""https://xcimg.szwego.com/imgHD/f0138068/20260423/cmp_i1776932936977_3859_0_1.jpg"", ""https://xcimg.szwego.com/imgHD/f0138068/20260423/cmp_i1776932936976_345_0_2.jpg"", ""https://xcimg.szwego.com/imgHD/f0138068/20260423/cmp_i1776932936994_4176_0_3.jpg"", ""https://xcimg.szwego.com/imgHD/f0138068/20260423/cmp_i1776932943364_9314_0_4.jpg"", ""https://xcimg.szwego.com/imgHD/f0138068/20260423/cmp_i1776932936988_8717_0_5.jpg""]"
_dYHrSn8n9tZ_JvNXT99kDkQR0l6wI5vppIHWh_Q;;新品 细节图！SML590¥;0;;lrg3k8cd5bgw3jv;;Для женщин;"[""https://xcimg.szwego.com/imgHD/f0138068/20260423/cmp_i1776932908586_8136_0_0.jpg"", ""https://xcimg.szwego.com/imgHD/f0138068/20260423/cmp_i1776932908573_4899_0_2.jpg"", ""https://xcimg.szwego.com/imgHD/f0138068/20260423/cmp_i1776932908574_9511_0_1.jpg"", ""https://xcimg.szwego.com/imgHD/f0138068/20260423/cmp_i1776932908577_8319_0_3.jpg"", ""https://xcimg.szwego.com/imgHD/f0138068/20260423/cmp_i1776932912929_7412_0_5.jpg"", ""https://xcimg.szwego.com/imgHD/f0138068/20260423/cmp_i1776932908578_2365_0_4.jpg""]"
_dEqrSQVsyuTWqNX637pXhMF6hpkK1VSZATLeleg;;新品 细节图！SML430¥;0;;lrg3k8cd5bgw3jv;;Для женщин;"[""https://xcimg.szwego.com/imgHD/f0138068/20260423/cmp_i1776932819774_7180_0_0.jpg"", ""https://xcimg.szwego.com/imgHD/f0138068/20260423/cmp_i1776932819771_7149_0_3.jpg"", ""https://xcimg.szwego.com/imgHD/f0138068/20260423/cmp_i1776932824502_1518_0_1.jpg"", ""https://xcimg.szwego.com/imgHD/f0138068/20260423/cmp_i1776932819787_1382_0_2.jpg"", ""https://xcimg.szwego.com/imgHD/f0138068/20260423/cmp_i1776932819778_1978_0_4.jpg"", ""https://xcimg.szwego.com/imgHD/f0138068/20260423/cmp_i1776932819779_9186_0_5.jpg"", ""https://xcimg.szwego.com/imgHD/f0138068/20260423/cmp_i1776932761061_2949_0_4.jpg""]"
_dkTrST3ik3aIw-4u4ks_wA6NiPZZZDuwLkuH_bw;;细节图！SML590¥;0;;lrg3k8cd5bgw3jv;;Для женщин;"[""https://xcimg.szwego.com/imgHD/f0138068/20260423/cmp_i1776932761064_7982_0_0.jpg"", ""https://xcimg.szwego.com/imgHD/f0138068/20260423/cmp_i1776932755070_6069_0_1.jpg"", ""https://xcimg.szwego.com/imgHD/f0138068/20260423/cmp_i1776932755076_3122_0_2.jpg"", ""https://xcimg.szwego.com/imgHD/f0138068/20260423/cmp_i1776932755083_8850_0_3.jpg"", ""https://xcimg.szwego.com/imgHD/f0138068/20260423/cmp_i1776932761061_2949_0_4.jpg"", ""https://xcimg.szwego.com/imgHD/f0138068/20260423/cmp_i1776932755079_9959_0_5.jpg"", ""https://xcimg.szwego.com/imgHD/f0138068/20260423/cmp_i1776932755070_5423_0_6.jpg""]"
_dgfrSajeGOEjNdoOlgTdhhIStd5JkcDS-lfguBA;;新品 细节图！SML590¥;0;;lrg3k8cd5bgw3jv;;Для женщин;"[""https://xcimg.szwego.com/imgHD/f0138068/20260423/cmp_i1776932644615_6718_0_0.jpg"", ""https://xcimg.szwego.com/imgHD/f0138068/20260423/cmp_i1776932644623_9838_0_1.jpg"", ""https://xcimg.szwego.com/imgHD/f0138068/20260423/cmp_i1776932644613_3278_0_2.jpg"", ""https://xcimg.szwego.com/imgHD/f0138068/20260423/cmp_i1776932644620_6431_0_3.jpg"", ""https://xcimg.szwego.com/imgHD/f0138068/20260423/cmp_i1776932644626_8021_0_4.jpg"", ""https://xcimg.szwego.com/imgHD/f0138068/20260423/cmp_i1776932657647_6659_0_5.jpg""]"
_do-rSzXPijd_BgUNZup788ukfeI0c66CYiNfhuQ;;新品 细节图！SML590¥;0;;lrg3k8cd5bgw3jv;;Для женщин;"[""https://xcimg.szwego.com/imgHD/f0138068/20260423/cmp_i1776932560447_4327_0_0.jpg"", ""https://xcimg.szwego.com/imgHD/f0138068/20260423/cmp_i1776932580903_2049_0_1.jpg"", ""https://xcimg.szwego.com/imgHD/f0138068/20260423/cmp_i1776932580348_2866_0_2.jpg"", ""https://xcimg.szwego.com/imgHD/f0138068/20260423/cmp_i1776932580795_4809_0_3.jpg"", ""https://xcimg.szwego.com/imgHD/f0138068/20260423/cmp_i1776932580331_6082_0_5.jpg"", ""https://xcimg.szwego.com/imgHD/f0138068/20260423/cmp_i1776932580372_4166_0_4.jpg""]"
_dqQrSikgrkd_G8c2OreZp5lZaOb_Pe7cBgMlYrw;;新品 细节图！SML590¥;0;;lrg3k8cd5bgw3jv;;Для женщин;"[""https://xcimg.szwego.com/imgHD/f0138068/20260423/cmp_i1776932489556_4689_0_0.jpg"", ""https://xcimg.szwego.com/imgHD/f0138068/20260423/cmp_i1776932475471_2271_0_1.jpg"", ""https://xcimg.szwego.com/imgHD/f0138068/20260423/cmp_i1776932474775_4016_0_2.jpg"", ""https://xcimg.szwego.com/imgHD/f0138068/20260423/cmp_i1776932474873_6759_0_3.jpg"", ""https://xcimg.szwego.com/imgHD/f0138068/20260423/cmp_i1776932489536_1686_0_4.jpg"", ""https://xcimg.szwego.com/imgHD/f0138068/20260423/cmp_i1776932488897_6015_0_5.jpg"", ""https://xcimg.szwego.com/imgHD/f0138068/20260423/cmp_i1776932474897_2105_0_6.jpg""]"
_dburSRhiiqJksLKZGJUDaa3WrpuF4d_yZVyZBvg;;新品 细节图！SML590¥;0;;lrg3k8cd5bgw3jv;;Для женщин;"[""https://xcimg.szwego.com/imgHD/f0138068/20260423/cmp_i1776932437232_2729_0_0.jpg"", ""https://xcimg.szwego.com/imgHD/f0138068/20260423/cmp_i1776932448579_5252_0_1.jpg"", ""https://xcimg.szwego.com/imgHD/f0138068/20260423/cmp_i1776932437232_9031_0_2.jpg"", ""https://xcimg.szwego.com/imgHD/f0138068/20260423/cmp_i1776932448583_920_0_3.jpg"", ""https://xcimg.szwego.com/imgHD/f0138068/20260423/cmp_i1776932437240_3947_0_4.jpg"", ""https://xcimg.szwego.com/imgHD/f0138068/20260423/cmp_i1776932437246_2245_0_5.jpg"", ""https://xcimg.szwego.com/imgHD/f0138068/20260423/cmp_i1776932437242_6383_0_6.jpg""]"
_doDrShqxE1oztY8pmUD00FxplUOdKSm_JnIz87g;;新品 细节图！SML590¥;0;;lrg3k8cd5bgw3jv;;Для женщин;"[""https://xcimg.szwego.com/imgHD/f0138068/20260423/cmp_i1776932356685_873_0_0.jpg"", ""https://xcimg.szwego.com/imgHD/f0138068/20260423/cmp_i1776932369884_6258_0_1.jpg"", ""https://xcimg.szwego.com/imgHD/f0138068/20260423/cmp_i1776932356692_3468_0_2.jpg"", ""https://xcimg.szwego.com/imgHD/f0138068/20260423/cmp_i1776932356687_3092_0_3.jpg"", ""https://xcimg.szwego.com/imgHD/f0138068/20260423/cmp_i1776932369884_6631_0_4.jpg"", ""https://xcimg.szwego.com/imgHD/f0138068/20260423/cmp_i1776932356696_8732_0_5.jpg"", ""https://xcimg.szwego.com/imgHD/f0138068/20260423/cmp_i1776932356698_3649_0_7.jpg""]"
_dgYrSqxXDsnQn-BvpIBTaw9NXDJ3a_7-3KCS1eQ;;新品 细节图！SML590¥;0;;lrg3k8cd5bgw3jv;;Для женщин;"[""https://xcimg.szwego.com/imgHD/f0138068/20260423/cmp_i1776932291648_1255_0_0.jpg"", ""https://xcimg.szwego.com/imgHD/f0138068/20260423/cmp_i1776932281221_3945_0_1.jpg"", ""https://xcimg.szwego.com/imgHD/f0138068/20260423/cmp_i1776932281221_8285_0_2.jpg"", ""https://xcimg.szwego.com/imgHD/f0138068/20260423/cmp_i1776932281233_7833_0_3.jpg"", ""https://xcimg.szwego.com/imgHD/f0138068/20260423/cmp_i1776932291647_4886_0_4.jpg"", ""https://xcimg.szwego.com/imgHD/f0138068/20260423/cmp_i1776932281231_3036_0_6.jpg"", ""https://xcimg.szwego.com/imgHD/f0138068/20260423/cmp_i1776932291650_6501_0_7.jpg"", ""https://xcimg.szwego.com/imgHD/f0138068/20260423/cmp_i1776932281230_4462_0_5.jpg""]"
_dj3rSi70AuHyFk3jlYtIZdFcb0YOuIscEzv5ucA;;新品 细节图！SML190¥;0;;lrg3k8cd5bgw3jv;;Для женщин;"[""https://xcimg.szwego.com/img/f0138068/20260420/a1776670320822_2282.jpg"", ""https://xcimg.szwego.com/img/f0138068/20260420/a1776670320662_2671.jpg"", ""https://xcimg.szwego.com/img/f0138068/20260420/a1776670322825_5225.jpg"", ""https://xcimg.szwego.com/img/f0138068/20260420/a1776670320850_7363.jpg"", ""https://xcimg.szwego.com/img/f0138068/20260420/a1776670320850_7144.jpg"", ""https://xcimg.szwego.com/img/f0138068/20260420/a1776670320549_2621.jpg"", ""https://xcimg.szwego.com/img/f0138068/20260420/a1776670322683_1850.jpg""]"
_dpCrSoO7NZo4JNKAWsjbqOspXNlML9O_gR0L0hg;;新品 细节图！SML360¥;0;;lrg3k8cd5bgw3jv;;Для женщин;"[""https://xcimg.szwego.com/img/f0138068/20260420/a1776670478898_6106.jpg"", ""https://xcimg.szwego.com/img/f0138068/20260420/a1776670478101_8265.jpg"", ""https://xcimg.szwego.com/img/f0138068/20260420/a1776670478087_8806.jpg"", ""https://xcimg.szwego.com/img/f0138068/20260420/a1776670477886_1806.jpg"", ""https://xcimg.szwego.com/img/f0138068/20260420/a1776670477757_4406.jpg"", ""https://xcimg.szwego.com/img/f0138068/20260420/a1776670480254_6208.jpg"", ""https://xcimg.szwego.com/img/f0138068/20260420/a1776670479954_3617.jpg""]"
_davrSBvZEYF-XwfGps0r0kaI9av4G268DQeeR2A;;新品 细节图！SML430¥;0;;lrg3k8cd5bgw3jv;;Для женщин;"[""https://xcimg.szwego.com/imgHD/f0138068/20260420/cmp_i1776671913030_7463_0_0.jpg"", ""https://xcimg.szwego.com/imgHD/f0138068/20260420/cmp_i1776671904036_8406_0_1.jpg"", ""https://xcimg.szwego.com/imgHD/f0138068/20260420/cmp_i1776671913036_56_0_2.jpg"", ""https://xcimg.szwego.com/imgHD/f0138068/20260420/cmp_i1776671913030_7439_0_3.jpg"", ""https://xcimg.szwego.com/imgHD/f0138068/20260420/cmp_i1776671904048_634_0_4.jpg"", ""https://xcimg.szwego.com/imgHD/f0138068/20260420/cmp_i1776671904046_6585_0_5.jpg"", ""https://xcimg.szwego.com/imgHD/f0138068/20260420/cmp_i1776671913039_3028_0_6.jpg""]"
_dilrSk9vrnn04WpyN3VqLvkKGs1Dm-g8B36RR2g;;🖤26P黑色碎花针织Polo衫，羊毛混纺材质，柔软亲肤，黑色底配白色碎花，立体刺绣细节，低调又精致✨。经典翻领+三颗纽扣，法式优雅满分，通勤休闲都能轻松驾驭。碎花里还藏有双C暗纹，搭配牛仔裤或半裙，慵懒or温柔风随心切换，是春夏衣橱必备百搭单品🌸 S ML490¥;0;;lrg3k8cd5bgw3jv;;Для женщин;"[""https://xcimg.szwego.com/imgHD/f0138068/20260423/cmp_i1776914346005_2030_0_0.jpg"", ""https://xcimg.szwego.com/imgHD/f0138068/20260423/cmp_i1776914346006_7714_0_1.jpg"", ""https://xcimg.szwego.com/imgHD/f0138068/20260423/cmp_i1776914346006_2628_0_2.jpg"", ""https://xcimg.szwego.com/imgHD/f0138068/20260423/cmp_i1776914347279_2185_0_3.jpg"", ""https://xcimg.szwego.com/imgHD/f0138068/20260423/cmp_i1776914346006_7607_0_4.jpg"", ""https://xcimg.szwego.com/imgHD/f0138068/20260423/cmp_i1776914346006_2021_0_5.jpg""]"
_dqYrSHVxkuCvzWWRYAWTHmkwCEHiS_UasrR5t-A;;细节图！SML430¥;0;;lrg3k8cd5bgw3jv;;Для женщин;"[""https://xcimg.szwego.com/imgHD/f0138068/20260408/cmp_i1775619450783_4221_0_0.jpg"", ""https://xcimg.szwego.com/imgHD/f0138068/20260408/cmp_i1775619450837_9638_0_1.jpg"", ""https://xcimg.szwego.com/imgHD/f0138068/20260408/cmp_i1775619450674_9131_0_2.jpg"", ""https://xcimg.szwego.com/imgHD/f0138068/20260408/cmp_i1775619462691_9447_0_3.jpg"", ""https://xcimg.szwego.com/imgHD/f0138068/20260408/cmp_i1775619450733_2792_0_4.jpg"", ""https://xcimg.szwego.com/imgHD/f0138068/20260408/cmp_i1775619468152_1598_0_5.jpg"", ""https://xcimg.szwego.com/imgHD/f0138068/20260408/cmp_i1775619449718_5255_0_6.jpg""]"
_di8rSRBJU2Srzwe4-eh9vyMtDnxst3pUNVV84mw;;🖤26S经典V领针织马甲，黑色主色+白色撞边，简约又精致✨左下角双C Logo刺绣，单穿或者叠穿超合适～V领修饰颈部线条，搭配衬衫或T恤都很优雅，法式学院风轻松拿捏👗。日常通勤、休闲都能穿，实用又时髦，是衣橱必备百搭单品！ SML430¥;0;;lrg3k8cd5bgw3jv;;Для женщин;"[""https://xcimg.szwego.com/imgHD/f0138068/20260408/cmp_i1775619120760_6294_0_0.jpg"", ""https://xcimg.szwego.com/imgHD/f0138068/20260408/cmp_i1775619120760_4806_0_1.jpg"", ""https://xcimg.szwego.com/imgHD/f0138068/20260408/cmp_i1775619120760_7988_0_2.jpg"", ""https://xcimg.szwego.com/imgHD/f0138068/20260408/cmp_i1775619120760_3383_0_3.jpg"", ""https://xcimg.szwego.com/imgHD/f0138068/20260408/cmp_i1775619120760_935_0_4.jpg"", ""https://xcimg.szwego.com/imgHD/f0138068/20260408/cmp_i1775619124116_9634_0_5.jpg""]"
_dmWrSX-R9_l9EMbxcfyP22Rv9-UPKXnvWPVda2w;;细节图！SML430¥;0;;lrg3k8cd5bgw3jv;;Для женщин;"[""https://xcimg.szwego.com/imgHD/f0138068/20260423/cmp_i1776913209034_2597_0_0.jpg"", ""https://xcimg.szwego.com/imgHD/f0138068/20260423/cmp_i1776913207785_158_0_1.jpg"", ""https://xcimg.szwego.com/imgHD/f0138068/20260423/cmp_i1776913207780_6832_0_2.jpg"", ""https://xcimg.szwego.com/imgHD/f0138068/20260423/cmp_i1776913207782_837_0_3.jpg"", ""https://xcimg.szwego.com/imgHD/f0138068/20260423/cmp_i1776913207779_279_0_4.jpg"", ""https://xcimg.szwego.com/imgHD/f0138068/20260423/cmp_i1776913209034_6210_0_5.jpg"", ""https://xcimg.szwego.com/imgHD/f0138068/20260423/cmp_i1776913207789_7529_0_6.jpg""]"
_dn4rSL5y8GQ9_AMcdgQrXWRdO6VaKulwS-l5n4w;;✨26S春夏系列针织马甲，米白与黑色撞色设计，V领修饰颈部线条，双CLogo超有辨识度。材质柔软舒适，适合叠穿衬衫或T恤，轻松打造法式优雅或学院风look👗休闲都能轻松驾驭，实用又时髦🖤 SML430¥;0;;lrg3k8cd5bgw3jv;;Для женщин;"[""https://xcimg.szwego.com/imgHD/f0138068/20260423/cmp_i1776913037446_4324_0_0.jpg"", ""https://xcimg.szwego.com/imgHD/f0138068/20260423/cmp_i1776913038055_116_0_1.jpg"", ""https://xcimg.szwego.com/imgHD/f0138068/20260423/cmp_i1776913037446_9435_0_2.jpg"", ""https://xcimg.szwego.com/imgHD/f0138068/20260423/cmp_i1776913037448_2403_0_3.jpg"", ""https://xcimg.szwego.com/imgHD/f0138068/20260423/cmp_i1776913037446_6175_0_4.jpg"", ""https://xcimg.szwego.com/imgHD/f0138068/20260423/cmp_i1776913037446_278_0_5.jpg"", ""https://xcimg.szwego.com/imgHD/f0138068/20260423/cmp_i1776913038055_5230_0_6.jpg"", ""https://xcimg.szwego.com/imgHD/f0138068/20260423/cmp_i1776913038054_2258_0_7.jpg""]"
_diArS06Z6-M0SHzwbsPU7gYd-QgbUP6eOaDQAOA;;细节图！SML360¥;0;;lrg3k8cd5bgw3jv;;Для женщин;"[""https://xcimg.szwego.com/imgHD/f0138068/20260423/cmp_i1776911974276_9449_0_0.jpg"", ""https://xcimg.szwego.com/imgHD/f0138068/20260423/cmp_i1776911974236_326_0_1.jpg"", ""https://xcimg.szwego.com/imgHD/f0138068/20260423/cmp_i1776911975787_8565_0_2.jpg"", ""https://xcimg.szwego.com/imgHD/f0138068/20260423/cmp_i1776911974240_1826_0_3.jpg"", ""https://xcimg.szwego.com/imgHD/f0138068/20260423/cmp_i1776911973412_8902_0_4.jpg"", ""https://xcimg.szwego.com/imgHD/f0138068/20260423/cmp_i1776911973515_1729_0_5.jpg"", ""https://xcimg.szwego.com/imgHD/f0138068/20260423/cmp_i1776911975318_622_0_6.jpg""]"
_dqKrSorqEU_mo7pOaDER7ZtITx38IoLWvf0kDUw;;细节图！SML580¥;0;;lrg3k8cd5bgw3jv;;Для женщин;"[""https://xcimg.szwego.com/imgHD/f0138068/20260423/cmp_i1776910372347_1062_0_1.jpg"", ""https://xcimg.szwego.com/imgHD/f0138068/20260423/cmp_i1776910372348_6432_0_2.jpg"", ""https://xcimg.szwego.com/imgHD/f0138068/20260423/cmp_i1776910373095_3677_0_6.jpg"", ""https://xcimg.szwego.com/imgHD/f0138068/20260423/cmp_i1776910372355_2100_0_0.jpg"", ""https://xcimg.szwego.com/imgHD/f0138068/20260423/cmp_i1776910373093_4685_0_3.jpg"", ""https://xcimg.szwego.com/imgHD/f0138068/20260423/cmp_i1776910372363_794_0_4.jpg"", ""https://xcimg.szwego.com/imgHD/f0138068/20260423/cmp_i1776910372353_6781_0_5.jpg"", ""https://xcimg.szwego.com/imgHD/f0138068/20260423/cmp_i1776910373100_2205_0_7.jpg""]"
_dnsrSZYfM7IohkxJT0lAD2t56RjxReXbG3mnyPg;;细节图！SML360¥;0;;lrg3k8cd5bgw3jv;;Для женщин;"[""https://xcimg.szwego.com/imgHD/f0138068/20260423/cmp_i1776910352754_1174_0_0.jpg"", ""https://xcimg.szwego.com/imgHD/f0138068/20260423/cmp_i1776910352754_9265_0_1.jpg"", ""https://xcimg.szwego.com/imgHD/f0138068/20260423/cmp_i1776910352014_1054_0_2.jpg"", ""https://xcimg.szwego.com/imgHD/f0138068/20260423/cmp_i1776910351994_8703_0_4.jpg"", ""https://xcimg.szwego.com/imgHD/f0138068/20260423/cmp_i1776910352001_1310_0_5.jpg"", ""https://xcimg.szwego.com/imgHD/f0138068/20260423/cmp_i1776910352016_6855_0_3.jpg"", ""https://xcimg.szwego.com/imgHD/f0138068/20260423/cmp_i1776910329222_4747_0_8.jpg""]"
_dm_rSHQ6JbXSu5w8vwowBSXj7KH0wTfXe_fW1BQ;;细节图！SML580¥;0;;lrg3k8cd5bgw3jv;;Для женщин;"[""https://xcimg.szwego.com/imgHD/f0138068/20260423/cmp_i1776910330335_7372_0_0.jpg"", ""https://xcimg.szwego.com/imgHD/f0138068/20260423/cmp_i1776910330339_6180_0_4.jpg"", ""https://xcimg.szwego.com/imgHD/f0138068/20260423/cmp_i1776910329231_6097_0_2.jpg"", ""https://xcimg.szwego.com/imgHD/f0138068/20260423/cmp_i1776910329242_8171_0_3.jpg"", ""https://xcimg.szwego.com/imgHD/f0138068/20260423/cmp_i1776910329239_2463_0_6.jpg"", ""https://xcimg.szwego.com/imgHD/f0138068/20260423/cmp_i1776910329238_864_0_1.jpg"", ""https://xcimg.szwego.com/imgHD/f0138068/20260423/cmp_i1776910330344_1238_0_7.jpg"", ""https://xcimg.szwego.com/imgHD/f0138068/20260423/cmp_i1776910329222_4747_0_8.jpg""]"
_du5rSW9tsoak2lCKFiDY6xqSo2ZpehDSRqXEhJg;;26P系列酒红撞色真丝衬衫 背心 长裤三件套，奶白底色配酒红镶边，法式复古感满满！真丝材质轻盈透气，春夏穿超舒服✨。宽松版型+翻领设计，单穿或搭配同色系裤装都很出彩，通勤、度假、休闲都能轻松驾驭。酒红细节提升高级感，慵懒优雅风get！ 衬衣SML580¥ 背心SML360¥ 长裤SML580¥;0;;lrg3k8cd5bgw3jv;;Для женщин;"[""https://xcimg.szwego.com/imgHD/f0138068/20260423/cmp_i1776909808754_864_0_0.jpg"", ""https://xcimg.szwego.com/imgHD/f0138068/20260423/cmp_i1776909809312_8266_0_7.jpg"", ""https://xcimg.szwego.com/imgHD/f0138068/20260423/cmp_i1776909809311_786_0_1.jpg"", ""https://xcimg.szwego.com/imgHD/f0138068/20260423/cmp_i1776909808754_1893_0_2.jpg"", ""https://xcimg.szwego.com/imgHD/f0138068/20260423/cmp_i1776909808754_8195_0_4.jpg"", ""https://xcimg.szwego.com/imgHD/f0138068/20260423/cmp_i1776909809312_9098_0_5.jpg"", ""https://xcimg.szwego.com/imgHD/f0138068/20260423/cmp_i1776909808754_440_0_6.jpg""]"
_dscrSdLZegJ6omxvXC5yCvvbggzcAckaR34HftQ;;细节图！SML350¥;0;;lrg3k8cd5bgw3jv;;Для женщин;"[""https://xcimg.szwego.com/imgHD/f0138068/20260416/cmp_i1776348109723_1498_0_0.jpg"", ""https://xcimg.szwego.com/imgHD/f0138068/20260416/cmp_i1776348109718_914_0_1.jpg"", ""https://xcimg.szwego.com/imgHD/f0138068/20260416/cmp_i1776348109725_2981_0_2.jpg"", ""https://xcimg.szwego.com/imgHD/f0138068/20260416/cmp_i1776348109714_5079_0_3.jpg"", ""https://xcimg.szwego.com/imgHD/f0138068/20260416/cmp_i1776348109728_9797_0_4.jpg"", ""https://xcimg.szwego.com/imgHD/f0138068/20260416/cmp_i1776348119306_3008_0_5.jpg""]"
_dlKrSZDyTML1WsqfgozDylKJUpCcsNVf7CMEVuA;;细节图！SML240¥;0;;lrg3k8cd5bgw3jv;;Для женщин;"[""https://xcimg.szwego.com/imgHD/f0138068/20260416/cmp_i1776348156001_4201_0_0.jpg"", ""https://xcimg.szwego.com/imgHD/f0138068/20260416/cmp_i1776348155990_7458_0_1.jpg"", ""https://xcimg.szwego.com/imgHD/f0138068/20260416/cmp_i1776348156068_8905_0_2.jpg"", ""https://xcimg.szwego.com/imgHD/f0138068/20260416/cmp_i1776348162447_5180_0_3.jpg"", ""https://xcimg.szwego.com/imgHD/f0138068/20260416/cmp_i1776348164616_9595_0_4.jpg"", ""https://xcimg.szwego.com/imgHD/f0138068/20260416/cmp_i1776348163988_9614_0_5.jpg"", ""https://xcimg.szwego.com/imgHD/f0138068/20260416/cmp_i1776348155250_5244_0_6.jpg"", ""https://xcimg.szwego.com/imgHD/f0138068/20260416/cmp_i1776348155255_2738_0_7.jpg""]"
_djorSrctehBPVF0LkEtQSvKo3b-Do_bCAAbA1GQ;;细节图！SML240¥;0;;lrg3k8cd5bgw3jv;;Для женщин;"[""https://xcimg.szwego.com/imgHD/f0138068/20260416/cmp_i1776348133182_9272_0_0.jpg"", ""https://xcimg.szwego.com/imgHD/f0138068/20260416/cmp_i1776348133175_2682_0_4.jpg"", ""https://xcimg.szwego.com/imgHD/f0138068/20260416/cmp_i1776348126197_6314_0_7.jpg"", ""https://xcimg.szwego.com/imgHD/f0138068/20260416/cmp_i1776348133176_7496_0_1.jpg"", ""https://xcimg.szwego.com/imgHD/f0138068/20260416/cmp_i1776348126216_892_0_2.jpg"", ""https://xcimg.szwego.com/imgHD/f0138068/20260416/cmp_i1776348126205_434_0_3.jpg"", ""https://xcimg.szwego.com/imgHD/f0138068/20260416/cmp_i1776348126211_5668_0_5.jpg"", ""https://xcimg.szwego.com/imgHD/f0138068/20260416/cmp_i1776348126214_9965_0_6.jpg""]"
_daIrSzX6k75gvWfI1y_PJj8-d7Ydml7AIzIigOg;;细节图！SML680¥;0;;lrg3k8cd5bgw3jv;;Для женщин;"[""https://xcimg.szwego.com/imgHD/f0138068/20260420/cmp_i1776654248121_3725_0_0.jpg"", ""https://xcimg.szwego.com/imgHD/f0138068/20260420/cmp_i1776654248128_5007_0_1.jpg"", ""https://xcimg.szwego.com/imgHD/f0138068/20260420/cmp_i1776654248113_67_0_2.jpg"", ""https://xcimg.szwego.com/imgHD/f0138068/20260420/cmp_i1776654248125_934_0_3.jpg"", ""https://xcimg.szwego.com/imgHD/f0138068/20260420/cmp_i1776654249225_4011_0_4.jpg"", ""https://xcimg.szwego.com/imgHD/f0138068/20260420/cmp_i1776654248119_3314_0_5.jpg"", ""https://xcimg.szwego.com/imgHD/f0138068/20260420/cmp_i1776654249232_6276_0_6.jpg""]"
_dpprSDfLPrZTo9iwj84iwQBfXNIVaDwr0dahjIQ;;26春夏蜻蜓印花真丝连衣裙，选用桑蚕丝，触感顺滑亲肤，垂坠感满分✨。奶杏色底配彩色蜻蜓，灵动又浪漫，法式氛围感拉满！领口蝴蝶结系带可调节，收腰设计显身材，短袖版型超适合春夏，透气又舒适～日常通勤、约会、度假都能轻松驾驭 SML680¥;0;;lrg3k8cd5bgw3jv;;Для женщин;"[""https://xcimg.szwego.com/imgHD/f0138068/20260420/cmp_i1776654112479_1164_0_0.jpg"", ""https://xcimg.szwego.com/imgHD/f0138068/20260420/cmp_i1776654112489_3026_0_1.jpg"", ""https://xcimg.szwego.com/imgHD/f0138068/20260420/cmp_i1776654111619_3890_0_2.jpg"", ""https://xcimg.szwego.com/imgHD/f0138068/20260420/cmp_i1776654112480_3984_0_3.jpg"", ""https://xcimg.szwego.com/imgHD/f0138068/20260420/cmp_i1776654111600_9934_0_4.jpg"", ""https://xcimg.szwego.com/imgHD/f0138068/20260420/cmp_i1776654111600_3244_0_5.jpg"", ""https://xcimg.szwego.com/imgHD/f0138068/20260420/cmp_i1776654111600_3792_0_6.jpg"", ""https://xcimg.szwego.com/imgHD/f0138068/20260420/cmp_i1776654111600_671_0_7.jpg"", ""https://xcimg.szwego.com/imgHD/f0138068/20260420/cmp_i1776654112479_1096_0_8.jpg""]"
_do1rSfbA5ZOcVoT7R3bbYVUGWrAp0oajdSRAxug;;细节图！SML590¥;0;;lrg3k8cd5bgw3jv;;Для женщин;"[""https://xcimg.szwego.com/imgHD/f0138068/20260420/cmp_i1776652993677_231_0_0.jpg"", ""https://xcimg.szwego.com/imgHD/f0138068/20260420/cmp_i1776652994869_8872_0_1.jpg"", ""https://xcimg.szwego.com/imgHD/f0138068/20260420/cmp_i1776652993667_1982_0_2.jpg"", ""https://xcimg.szwego.com/imgHD/f0138068/20260420/cmp_i1776652993670_1050_0_3.jpg"", ""https://xcimg.szwego.com/imgHD/f0138068/20260420/cmp_i1776652993665_2988_0_4.jpg"", ""https://xcimg.szwego.com/imgHD/f0138068/20260420/cmp_i1776652994870_4363_0_5.jpg"", ""https://xcimg.szwego.com/imgHD/f0138068/20260420/cmp_i1776652993673_9192_0_6.jpg""]"
_dbErSgx4yIIo061_T5s7wFax9mPfOqymuFoqhRw;;细节图！SML790¥;0;;lrg3k8cd5bgw3jv;;Для женщин;"[""https://xcimg.szwego.com/imgHD/f0138068/20260420/cmp_i1776652929554_7671_0_0.jpg"", ""https://xcimg.szwego.com/imgHD/f0138068/20260420/cmp_i1776652929545_764_0_1.jpg"", ""https://xcimg.szwego.com/imgHD/f0138068/20260420/cmp_i1776652932050_3000_0_2.jpg"", ""https://xcimg.szwego.com/imgHD/f0138068/20260420/cmp_i1776652929609_2228_0_3.jpg"", ""https://xcimg.szwego.com/imgHD/f0138068/20260420/cmp_i1776652929662_9444_0_4.jpg"", ""https://xcimg.szwego.com/imgHD/f0138068/20260420/cmp_i1776652932030_2631_0_5.jpg"", ""https://xcimg.szwego.com/imgHD/f0138068/20260420/cmp_i1776652928912_8751_0_6.jpg""]"
_dtwrSXa-2TQmZdecN83OExSYcKWrLcGjvlraBXg;;短袖细节图！SML230¥;0;;lrg3k8cd5bgw3jv;;Для женщин;"[""https://xcimg.szwego.com/imgHD/f0138068/20260406/cmp_i1775452918822_1805_0_0.jpg"", ""https://xcimg.szwego.com/imgHD/f0138068/20260406/cmp_i1775452918737_1528_0_1.jpg"", ""https://xcimg.szwego.com/imgHD/f0138068/20260406/cmp_i1775452918737_6320_0_2.jpg"", ""https://xcimg.szwego.com/imgHD/f0138068/20260406/cmp_i1775452942780_8354_0_3.jpg"", ""https://xcimg.szwego.com/imgHD/f0138068/20260406/cmp_i1775452918309_9030_0_4.jpg"", ""https://xcimg.szwego.com/imgHD/f0138068/20260406/cmp_i1775452898712_8008_0_6.jpg""]"
_dodrS1-jrHuS58gJsmrsD2026-8tQ14bDmOz24w;;背心细节图！SML230¥;0;;lrg3k8cd5bgw3jv;;Для женщин;"[""https://xcimg.szwego.com/imgHD/f0138068/20260406/cmp_i1775452909480_3380_0_0.jpg"", ""https://xcimg.szwego.com/imgHD/f0138068/20260406/cmp_i1775452909464_5454_0_1.jpg"", ""https://xcimg.szwego.com/imgHD/f0138068/20260406/cmp_i1775452909453_6091_0_2.jpg"", ""https://xcimg.szwego.com/imgHD/f0138068/20260406/cmp_i1775452909467_3552_0_3.jpg"", ""https://xcimg.szwego.com/imgHD/f0138068/20260406/cmp_i1775452897842_9151_0_4.jpg"", ""https://xcimg.szwego.com/imgHD/f0138068/20260406/cmp_i1775452897815_9155_0_5.jpg"", ""https://xcimg.szwego.com/imgHD/f0138068/20260406/cmp_i1775452909519_9899_0_6.jpg""]"
_deMrSojskJNNk65lmhgqnY_glz9G1rVEPIIbALg;;短袖细节图！SML230¥;0;;lrg3k8cd5bgw3jv;;Для женщин;"[""https://xcimg.szwego.com/imgHD/f0138068/20260406/cmp_i1775452875108_2149_0_0.jpg"", ""https://xcimg.szwego.com/imgHD/f0138068/20260406/cmp_i1775452875064_4165_0_1.jpg"", ""https://xcimg.szwego.com/imgHD/f0138068/20260406/cmp_i1775452874868_4069_0_2.jpg"", ""https://xcimg.szwego.com/imgHD/f0138068/20260406/cmp_i1775452874043_6389_0_3.jpg"", ""https://xcimg.szwego.com/imgHD/f0138068/20260406/cmp_i1775452875086_7299_0_4.jpg"", ""https://xcimg.szwego.com/imgHD/f0138068/20260406/cmp_i1775452809959_982_0_5.jpg"", ""https://xcimg.szwego.com/imgHD/f0138068/20260406/cmp_i1775452914987_7545_0_6.jpg"", ""https://xcimg.szwego.com/imgHD/f0138068/20260406/cmp_i1775452915004_352_0_7.jpg""]"
_dwkrSDgq2YiNe6ioiH24MSYlGKrlYhPQpNI2NaA;;背心细节图！SML230¥;0;;lrg3k8cd5bgw3jv;;Для женщин;"[""https://xcimg.szwego.com/imgHD/f0138068/20260406/cmp_i1775452828460_2378_0_0.jpg"", ""https://xcimg.szwego.com/imgHD/f0138068/20260406/cmp_i1775452828378_3980_0_1.jpg"", ""https://xcimg.szwego.com/imgHD/f0138068/20260406/cmp_i1775452828439_675_0_2.jpg"", ""https://xcimg.szwego.com/imgHD/f0138068/20260406/cmp_i1775452836698_9551_0_3.jpg"", ""https://xcimg.szwego.com/imgHD/f0138068/20260406/cmp_i1775452827788_2606_0_4.jpg"", ""https://xcimg.szwego.com/imgHD/f0138068/20260406/cmp_i1775452809959_982_0_5.jpg""]"
_dcvrSkOkHmvZUyyxDqsWn5XJ2zX3vfa5K-vPb_Q;;半裙细节图！SML240¥;0;;lrg3k8cd5bgw3jv;;Для женщин;"[""https://xcimg.szwego.com/imgHD/f0138068/20260406/cmp_i1775452784874_277_0_0.jpg"", ""https://xcimg.szwego.com/imgHD/f0138068/20260406/cmp_i1775452784829_9195_0_3.jpg"", ""https://xcimg.szwego.com/imgHD/f0138068/20260406/cmp_i1775452784887_8421_0_1.jpg"", ""https://xcimg.szwego.com/imgHD/f0138068/20260406/cmp_i1775452783919_9071_0_2.jpg"", ""https://xcimg.szwego.com/imgHD/f0138068/20260406/cmp_i1775452784700_2114_0_4.jpg"", ""https://xcimg.szwego.com/imgHD/f0138068/20260406/cmp_i1775452809959_982_0_5.jpg""]"
_dgIrSNu9YPL2u_tnOPMD0ono8dIU6GgOhxm8iFQ;;🍫M26新款棕色花边短袖、背心 半裙 、针织面料柔软有弹性，修身短款设计超显腰线，木耳花边细节俏皮又精致✨ 短袖230 背心230 半裙240¥;0;;lrg3k8cd5bgw3jv;;Для женщин;"[""https://xcimg.szwego.com/imgHD/f0138068/20260406/cmp_i1775450484915_9268_0_0.jpg"", ""https://xcimg.szwego.com/imgHD/f0138068/20260406/cmp_i1775450487544_2906_0_1.jpg"", ""https://xcimg.szwego.com/imgHD/f0138068/20260406/cmp_i1775450484915_234_0_2.jpg"", ""https://xcimg.szwego.com/imgHD/f0138068/20260406/cmp_i1775450484914_385_0_3.jpg"", ""https://xcimg.szwego.com/imgHD/f0138068/20260406/cmp_i1775450484940_8412_0_4.jpg"", ""https://xcimg.szwego.com/imgHD/f0138068/20260406/cmp_i1775450487568_6372_0_5.jpg"", ""https://xcimg.szwego.com/imgHD/f0138068/20260406/cmp_i1775450487568_7837_0_6.jpg"", ""https://xcimg.szwego.com/imgHD/f0138068/20260406/cmp_i1775450487543_3853_0_7.jpg"", ""https://xcimg.szwego.com/imgHD/f0138068/20260406/cmp_i1775450484915_3426_0_8.jpg""]"
_djurSrqJjCkAj83_NW-cI61dzFbYqHIdkLD2EYA;;细节图！SML300¥;0;;lrg3k8cd5bgw3jv;;Для женщин;"[""https://xcimg.szwego.com/imgHD/f0138068/20260406/cmp_i1775449458869_1365_0_0.jpg"", ""https://xcimg.szwego.com/imgHD/f0138068/20260406/cmp_i1775449498667_8706_0_1.jpg"", ""https://xcimg.szwego.com/imgHD/f0138068/20260406/cmp_i1775449489044_3664_0_2.jpg"", ""https://xcimg.szwego.com/imgHD/f0138068/20260406/cmp_i1775449488962_6832_0_3.jpg"", ""https://xcimg.szwego.com/imgHD/f0138068/20260406/cmp_i1775449498709_9586_0_4.jpg"", ""https://xcimg.szwego.com/imgHD/f0138068/20260406/cmp_i1775449488456_1998_0_5.jpg"", ""https://xcimg.szwego.com/imgHD/f0138068/20260406/cmp_i1775449488268_524_0_6.jpg""]"
_dqWrS6kpASDMQWopgLHZZ4L-Rvn8McJCcprQ4qw;;💚M这款橄榄绿针织吊带裙，纯棉材质柔软亲肤，春夏穿超舒服！V领+蕾丝花边细节，复古又带点小性感✨。修身剪裁勾勒身材曲线，裙摆微宽松，走路轻盈灵动～橄榄绿显白，黄皮友好，叠穿白色吊带更有层次感，日常、约会、度假都能轻松驾驭！ SML300¥;0;;lrg3k8cd5bgw3jv;;Для женщин;"[""https://xcimg.szwego.com/imgHD/f0138068/20260406/cmp_i1775449288700_9898_0_0.jpg"", ""https://xcimg.szwego.com/imgHD/f0138068/20260406/cmp_i1775449288700_7043_0_1.jpg"", ""https://xcimg.szwego.com/imgHD/f0138068/20260406/cmp_i1775449288700_6137_0_2.jpg"", ""https://xcimg.szwego.com/imgHD/f0138068/20260406/cmp_i1775449295632_9455_0_3.jpg"", ""https://xcimg.szwego.com/imgHD/f0138068/20260406/cmp_i1775449295632_7043_0_4.jpg"", ""https://xcimg.szwego.com/imgHD/f0138068/20260406/cmp_i1775449295632_5822_0_5.jpg"", ""https://xcimg.szwego.com/imgHD/f0138068/20260406/cmp_i1775449288700_899_0_6.jpg"", ""https://xcimg.szwego.com/imgHD/f0138068/20260406/cmp_i1775449295632_9946_0_7.jpg"", ""https://xcimg.szwego.com/imgHD/f0138068/20260406/cmp_i1775449288700_1696_0_8.jpg""]"
_dpyrSiWEuu9kOoCCCNJk8rNjpkB-v_qV1EtoEHQ;;杏色开衫 细节图！SML390¥;0;;lrg3k8cd5bgw3jv;;Для женщин;"[""https://xcimg.szwego.com/imgHD/f0138068/20260312/cmp_i1773285692579_9076_0_0.jpg"", ""https://xcimg.szwego.com/imgHD/f0138068/20260312/cmp_i1773285693588_1580_0_1.jpg"", ""https://xcimg.szwego.com/imgHD/f0138068/20260312/cmp_i1773285692566_3692_0_2.jpg"", ""https://xcimg.szwego.com/imgHD/f0138068/20260312/cmp_i1773285692571_9043_0_3.jpg"", ""https://xcimg.szwego.com/imgHD/f0138068/20260312/cmp_i1773285692500_1826_0_4.jpg"", ""https://xcimg.szwego.com/imgHD/f0138068/20260312/cmp_i1773285692848_5199_0_5.jpg""]"
_dNTrS36QjChalzZaa0Iz4vIQgmSaqCp62vE9GfQ;;杏色圆领长袖 SML390¥;0;;lrg3k8cd5bgw3jv;;Для женщин;"[""https://xcimg.szwego.com/imgHD/f0138068/20260312/cmp_i1773285666892_4228_0_0.jpg"", ""https://xcimg.szwego.com/imgHD/f0138068/20260312/cmp_i1773285665870_8980_0_1.jpg"", ""https://xcimg.szwego.com/imgHD/f0138068/20260312/cmp_i1773285665846_6000_0_2.jpg"", ""https://xcimg.szwego.com/imgHD/f0138068/20260312/cmp_i1773285665673_859_0_3.jpg"", ""https://xcimg.szwego.com/imgHD/f0138068/20260312/cmp_i1773285665711_4033_0_4.jpg"", ""https://xcimg.szwego.com/imgHD/f0138068/20260312/cmp_i1773285665871_155_0_5.jpg""]"
_dqorSroyjvMAqdqiSpKoNRU2RiVnA1rJkygEoxA;;灰色圆领 细节图！SML390¥;0;;lrg3k8cd5bgw3jv;;Для женщин;"[""https://xcimg.szwego.com/imgHD/f0138068/20260312/cmp_i1773285622352_6291_0_0.jpg"", ""https://xcimg.szwego.com/imgHD/f0138068/20260312/cmp_i1773285626976_500_0_1.jpg"", ""https://xcimg.szwego.com/imgHD/f0138068/20260312/cmp_i1773285626387_697_0_2.jpg"", ""https://xcimg.szwego.com/imgHD/f0138068/20260312/cmp_i1773285622352_3505_0_3.jpg"", ""https://xcimg.szwego.com/imgHD/f0138068/20260312/cmp_i1773285621647_5101_0_4.jpg"", ""https://xcimg.szwego.com/imgHD/f0138068/20260312/cmp_i1773285626700_4278_0_5.jpg"", ""https://xcimg.szwego.com/imgHD/f0138068/20260312/cmp_i1773285621612_6965_0_6.jpg"", ""https://xcimg.szwego.com/imgHD/f0138068/20260312/cmp_i1773285622360_4066_0_7.jpg""]"
_dgjrSf6jtgJSjLcys_e0VA7nfk21SVXQpHE7W_w;;灰色开衫 细节图！SML390¥;0;;lrg3k8cd5bgw3jv;;Для женщин;"[""https://xcimg.szwego.com/imgHD/f0138068/20260312/cmp_i1773285604035_8907_0_0.jpg"", ""https://xcimg.szwego.com/imgHD/f0138068/20260312/cmp_i1773285604042_5600_0_1.jpg"", ""https://xcimg.szwego.com/imgHD/f0138068/20260312/cmp_i1773285605625_9302_0_2.jpg"", ""https://xcimg.szwego.com/imgHD/f0138068/20260312/cmp_i1773285603351_5803_0_3.jpg"", ""https://xcimg.szwego.com/imgHD/f0138068/20260312/cmp_i1773285603471_9080_0_4.jpg"", ""https://xcimg.szwego.com/imgHD/f0138068/20260312/cmp_i1773285603392_1103_0_5.jpg""]"
_djPrS9LTVhCceE_YKSHnE5NLc7Vvi08Wh1N5Bjw;;✨26P灰色针织开衫，绵羊毛材质，柔软亲肤，秋冬穿超舒服！圆领+金属纽扣，细节精致，左下角红色刺绣超有辨识度❤️。短款剪裁，搭高腰裤/裙，优雅又实用，通勤日常都能轻松驾驭，是秋冬衣橱必备百搭单 SML390¥;0;;lrg3k8cd5bgw3jv;;Для женщин;"[""https://xcimg.szwego.com/imgHD/f0138068/20260312/cmp_i1773284726693_185_0_0.jpg"", ""https://xcimg.szwego.com/imgHD/f0138068/20260312/cmp_i1773284726692_8432_0_1.jpg"", ""https://xcimg.szwego.com/imgHD/f0138068/20260312/cmp_i1773284726770_127_0_2.jpg"", ""https://xcimg.szwego.com/imgHD/f0138068/20260312/cmp_i1773285329364_3434_0_7.jpg"", ""https://xcimg.szwego.com/imgHD/f0138068/20260312/cmp_i1773284726772_3045_0_3.jpg"", ""https://xcimg.szwego.com/imgHD/f0138068/20260312/cmp_i1773285329364_408_0_6.jpg"", ""https://xcimg.szwego.com/imgHD/f0138068/20260312/cmp_i1773284727234_9471_0_4.jpg"", ""https://xcimg.szwego.com/imgHD/f0138068/20260312/cmp_i1773284726770_7894_0_5.jpg""]"
_dSMrS1tb1Vih2-7smn2tMUXFPXzKGD3UScLmAVQ;;背心细节图！SML280¥;0;;lrg3k8cd5bgw3jv;;Для женщин;"[""https://xcimg.szwego.com/imgHD/f0138068/20260331/cmp_i1774932947405_7799_0_7.jpg"", ""https://xcimg.szwego.com/imgHD/f0138068/20260331/cmp_i1774932947408_6472_0_0.jpg"", ""https://xcimg.szwego.com/imgHD/f0138068/20260331/cmp_i1774932947413_4626_0_1.jpg"", ""https://xcimg.szwego.com/imgHD/f0138068/20260331/cmp_i1774932947420_7551_0_2.jpg"", ""https://xcimg.szwego.com/imgHD/f0138068/20260331/cmp_i1774932959641_7597_0_3.jpg"", ""https://xcimg.szwego.com/imgHD/f0138068/20260331/cmp_i1774932947418_3225_0_4.jpg"", ""https://xcimg.szwego.com/imgHD/f0138068/20260331/cmp_i1774932959650_7246_0_5.jpg"", ""https://xcimg.szwego.com/imgHD/f0138068/20260331/cmp_i1774932959652_725_0_6.jpg""]"
_d-grSkM_8Qoocz633ljGnOwZuuDj9_jKj2-UYzg;;细节图！SML340¥;0;;lrg3k8cd5bgw3jv;;Для женщин;"[""https://xcimg.szwego.com/imgHD/f0138068/20260331/cmp_i1774932931813_8697_0_0.jpg"", ""https://xcimg.szwego.com/imgHD/f0138068/20260331/cmp_i1774932940477_5111_0_1.jpg"", ""https://xcimg.szwego.com/imgHD/f0138068/20260331/cmp_i1774932931818_5827_0_2.jpg"", ""https://xcimg.szwego.com/imgHD/f0138068/20260331/cmp_i1774932940484_9535_0_3.jpg"", ""https://xcimg.szwego.com/imgHD/f0138068/20260331/cmp_i1774932931815_2534_0_4.jpg"", ""https://xcimg.szwego.com/imgHD/f0138068/20260331/cmp_i1774932931813_9743_0_5.jpg"", ""https://xcimg.szwego.com/imgHD/f0138068/20260331/cmp_i1774932931822_452_0_6.jpg""]"
_dw2rSpbkWlPcRE-ImRm9zfJJBrECvnSiOVUqvYw;;细节图！SML560¥;0;;lrg3k8cd5bgw3jv;;Для женщин;"[""https://xcimg.szwego.com/imgHD/f0138068/20260331/cmp_i1774924593593_1227_0_1.jpg"", ""https://xcimg.szwego.com/imgHD/f0138068/20260331/cmp_i1774924598035_9071_0_2.jpg"", ""https://xcimg.szwego.com/imgHD/f0138068/20260331/cmp_i1774924598046_6155_0_3.jpg"", ""https://xcimg.szwego.com/imgHD/f0138068/20260331/cmp_i1774924530172_9020_0_4.jpg"", ""https://xcimg.szwego.com/imgHD/f0138068/20260331/cmp_i1774924530171_9302_0_5.jpg"", ""https://xcimg.szwego.com/imgHD/f0138068/20260331/cmp_i1774924598033_6457_0_6.jpg"", ""https://xcimg.szwego.com/imgHD/f0138068/20260331/cmp_i1774924530171_2817_0_7.jpg""]"
_djWrS2oGEobKb5pUSOFCn5en_HruYlVMTJS3uog;;💙ZM2026蛋糕裙，层叠式裙摆+蓝色金丝印花，法式复古浪漫氛围感拉满✨。轻盈丝棉材质，吊带露腰设计，修饰身形又优雅。裙摆层次丰富，飘逸灵动，超适合海岛度假拍照📸。明星同款，徐璐、张紫宁都穿过，轻奢高定，度假风穿搭必入！ SML560¥;0;;lrg3k8cd5bgw3jv;;Для женщин;"[""https://xcimg.szwego.com/imgHD/f0138068/20260331/cmp_i1774923768167_8074_0_0.jpg"", ""https://xcimg.szwego.com/imgHD/f0138068/20260331/cmp_i1774923776872_6328_0_1.jpg"", ""https://xcimg.szwego.com/imgHD/f0138068/20260331/cmp_i1774923776872_8667_0_2.jpg"", ""https://xcimg.szwego.com/imgHD/f0138068/20260331/cmp_i1774923776872_5487_0_3.jpg"", ""https://xcimg.szwego.com/imgHD/f0138068/20260331/cmp_i1774923776871_9752_0_4.jpg"", ""https://xcimg.szwego.com/imgHD/f0138068/20260331/cmp_i1774923776871_5639_0_5.jpg""]"
_dw_rSTgpwkv2xZ2kCgN9Nnf0G1rdVrxu9iDt3eA;;细节图！SML650¥;0;;lrg3k8cd5bgw3jv;;Для женщин;"[""https://xcimg.szwego.com/imgHD/f0138068/20260331/cmp_i1774920362133_482_0_0.jpg"", ""https://xcimg.szwego.com/imgHD/f0138068/20260331/cmp_i1774920366149_4030_0_1.jpg"", ""https://xcimg.szwego.com/imgHD/f0138068/20260331/cmp_i1774920362127_7594_0_2.jpg"", ""https://xcimg.szwego.com/imgHD/f0138068/20260331/cmp_i1774920362123_5400_0_3.jpg"", ""https://xcimg.szwego.com/imgHD/f0138068/20260331/cmp_i1774920366154_9162_0_4.jpg"", ""https://xcimg.szwego.com/imgHD/f0138068/20260331/cmp_i1774920366159_5179_0_5.jpg"", ""https://xcimg.szwego.com/imgHD/f0138068/20260331/cmp_i1774920362129_8190_0_6.jpg"", ""https://xcimg.szwego.com/imgHD/f0138068/20260331/cmp_i1774920362113_6535_0_7.jpg""]"
_dfNrSVG6DEVVoETn1FX5_H31xsDVTzDrd9M4oVg;;细节图！SML340¥;0;;lrg3k8cd5bgw3jv;;Для женщин;"[""https://xcimg.szwego.com/imgHD/f0138068/20260309/cmp_i1773024832428_7950_0_0.jpg"", ""https://xcimg.szwego.com/imgHD/f0138068/20260309/cmp_i1773024830556_3079_0_3.jpg"", ""https://xcimg.szwego.com/imgHD/f0138068/20260309/cmp_i1773024830567_7447_0_1.jpg"", ""https://xcimg.szwego.com/imgHD/f0138068/20260309/cmp_i1773024830554_2945_0_2.jpg"", ""https://xcimg.szwego.com/imgHD/f0138068/20260309/cmp_i1773024830568_4713_0_4.jpg"", ""https://xcimg.szwego.com/imgHD/f0138068/20260309/cmp_i1773024832422_2620_0_5.jpg"", ""https://xcimg.szwego.com/imgHD/f0138068/20260309/cmp_i1773024830564_5627_0_6.jpg"", ""https://xcimg.szwego.com/imgHD/f0138068/20260309/cmp_i1773024832431_8777_0_7.jpg""]"
_duArSrvN-JnlPdWLzSwMKt0kkCjhFi4Ci6vxFoQ;;细节图！SML200¥;0;;lrg3k8cd5bgw3jv;;Для женщин;"[""https://xcimg.szwego.com/img/f0138068/20260124/i1769222194641_7129_0_0.jpg"", ""https://xcimg.szwego.com/img/f0138068/20260124/i1769222194686_5996_0_3.jpg"", ""https://xcimg.szwego.com/img/f0138068/20260124/i1769222195514_5056_0_1.jpg"", ""https://xcimg.szwego.com/img/f0138068/20260124/i1769222194616_2636_0_2.jpg"", ""https://xcimg.szwego.com/img/f0138068/20260124/i1769222194652_7910_0_4.jpg"", ""https://xcimg.szwego.com/img/f0138068/20260124/i1769222194655_1201_0_5.jpg""]"
_dQcrSkI608DbVe8Jbph2hcBvexr5rfKQvrXqfNA;;细节图！SML320¥;0;;lrg3k8cd5bgw3jv;;Для женщин;"[""https://xcimg.szwego.com/imgHD/f0138068/20260403/cmp_i1775189519917_3747_0_0.jpg"", ""https://xcimg.szwego.com/imgHD/f0138068/20260403/cmp_i1775189509577_3355_0_1.jpg"", ""https://xcimg.szwego.com/imgHD/f0138068/20260403/cmp_i1775189519908_7804_0_2.jpg"", ""https://xcimg.szwego.com/imgHD/f0138068/20260403/cmp_i1775189509578_2559_0_3.jpg"", ""https://xcimg.szwego.com/imgHD/f0138068/20260403/cmp_i1775189509575_6167_0_4.jpg"", ""https://xcimg.szwego.com/imgHD/f0138068/20260403/cmp_i1775189509584_9110_0_5.jpg"", ""https://xcimg.szwego.com/imgHD/f0138068/20260403/cmp_i1775189509572_7411_0_6.jpg""]"
_dvbrSw_rLg-VLOb7r5gUqg3tFW0p20ALttXqSqA;;🩵26P蓝色吊带裙，冰蓝轻盈针织拼接流苏，精致镂空花纹超有质感✨。吊带设计简约优雅流苏灵动，春夏穿超适合！Jennie同款，清新又时髦，日常出街或看秀都能轻松驾驭，舒适又有辨识度～ SML320¥;0;;lrg3k8cd5bgw3jv;;Для женщин;"[""https://xcimg.szwego.com/imgHD/f0138068/20260403/cmp_i1775188935327_3669_0_0.jpg"", ""https://xcimg.szwego.com/imgHD/f0138068/20260403/cmp_i1775188933195_6639_0_1.jpg"", ""https://xcimg.szwego.com/imgHD/f0138068/20260403/cmp_i1775188933195_2384_0_2.jpg"", ""https://xcimg.szwego.com/imgHD/f0138068/20260403/cmp_i1775188933194_2394_0_3.jpg"", ""https://xcimg.szwego.com/imgHD/f0138068/20260403/cmp_i1775188933195_4995_0_4.jpg"", ""https://xcimg.szwego.com/imgHD/f0138068/20260403/cmp_i1775188933195_115_0_5.jpg""]"
_dqbrSPlLaoy3-YYeWZG4kHy1sQGG4-iOuff70lw;;细节图！SML200¥;0;;lrg3k8cd5bgw3jv;;Для женщин;"[""https://xcimg.szwego.com/imgHD/f0138068/20260402/cmp_i1775100253171_2426_0_0.jpg"", ""https://xcimg.szwego.com/imgHD/f0138068/20260402/cmp_i1775100228642_5731_0_1.jpg"", ""https://xcimg.szwego.com/imgHD/f0138068/20260402/cmp_i1775100228653_3475_0_2.jpg"", ""https://xcimg.szwego.com/imgHD/f0138068/20260402/cmp_i1775100228638_5445_0_3.jpg"", ""https://xcimg.szwego.com/imgHD/f0138068/20260402/cmp_i1775100219229_5655_0_4.jpg"", ""https://xcimg.szwego.com/imgHD/f0138068/20260402/cmp_i1775100228650_8389_0_5.jpg""]"
_dtirSMxkFlMafONIw9L2voloMYZK1x-C5ZyWe1g;;细节图！SML880¥;0;;lrg3k8cd5bgw3jv;;Для женщин;"[""https://xcimg.szwego.com/imgHD/f0138068/20260321/cmp_i1774061288545_3750_0_0.jpg"", ""https://xcimg.szwego.com/imgHD/f0138068/20260321/cmp_i1774061288521_7444_0_1.jpg"", ""https://xcimg.szwego.com/imgHD/f0138068/20260321/cmp_i1774061286848_3038_0_2.jpg"", ""https://xcimg.szwego.com/imgHD/f0138068/20260321/cmp_i1774061288588_4999_0_3.jpg"", ""https://xcimg.szwego.com/imgHD/f0138068/20260321/cmp_i1774061286306_8456_0_4.jpg"", ""https://xcimg.szwego.com/imgHD/f0138068/20260321/cmp_i1774061286343_7581_0_5.jpg"", ""https://xcimg.szwego.com/imgHD/f0138068/20260321/cmp_i1774061286926_1529_0_6.jpg"", ""https://xcimg.szwego.com/imgHD/f0138068/20260321/cmp_i1774061267065_4372_0_7.jpg""]"
_di4rSd1zF9ftL_Nz2M6nzbyqp0apj_enmsPq5Kg;;细节图！SML880¥;0;;lrg3k8cd5bgw3jv;;Для женщин;"[""https://xcimg.szwego.com/imgHD/f0138068/20260321/cmp_i1774061264473_169_0_1.jpg"", ""https://xcimg.szwego.com/imgHD/f0138068/20260321/cmp_i1774061267576_6034_0_3.jpg"", ""https://xcimg.szwego.com/imgHD/f0138068/20260321/cmp_i1774061264488_803_0_2.jpg"", ""https://xcimg.szwego.com/imgHD/f0138068/20260321/cmp_i1774061264447_5039_0_4.jpg"", ""https://xcimg.szwego.com/imgHD/f0138068/20260321/cmp_i1774061267107_1014_0_5.jpg"", ""https://xcimg.szwego.com/imgHD/f0138068/20260321/cmp_i1774061264403_3752_0_6.jpg"", ""https://xcimg.szwego.com/imgHD/f0138068/20260321/cmp_i1774061267065_4372_0_7.jpg""]"
_dporSNmZbMbB_uCfDoulgCbYbyLh4xMT2v0AESg;;皮裙魅力 YSL 秀款杀疯;0;;lrg3k8cd5bgw3jv;;Для женщин;"[""https://xcimg.szwego.com/imgHD/f0138068/20260321/cmp_i1774058383145_9644_0_0.jpg"", ""https://xcimg.szwego.com/imgHD/f0138068/20260321/cmp_i1774058383144_658_0_1.jpg"", ""https://xcimg.szwego.com/imgHD/f0138068/20260321/cmp_i1774058383145_2528_0_2.jpg"", ""https://xcimg.szwego.com/imgHD/f0138068/20260321/cmp_i1774058383143_7115_0_3.jpg"", ""https://xcimg.szwego.com/imgHD/f0138068/20260321/cmp_i1774058383638_3035_0_4.jpg"", ""https://xcimg.szwego.com/imgHD/f0138068/20260321/cmp_i1774060847311_4489_0_5.jpg"", ""https://xcimg.szwego.com/imgHD/f0138068/20260321/cmp_i1774060847310_3796_0_6.jpg"", ""https://xcimg.szwego.com/imgHD/f0138068/20260321/cmp_i1774060847310_6225_0_7.jpg""]"
_dk3rSuTXBZLtQSI4tvXcm8lhJCvtzNR3uOAWnPA;;🖤2026春夏黑色皮质半身裙，选用高品质皮革，光泽感满满，质感超赞✨。高腰+直筒剪裁，搭配金属扣腰带，修饰腰线，气场全开！裙长适中，优雅又实用，日常或正式场合都能轻松驾驭。皮革硬朗与蝴蝶结衬衫柔美对比，刚柔并济，超适合追求个性和高级感的女生！ SML880¥;0;;lrg3k8cd5bgw3jv;;Для женщин;"[""https://xcimg.szwego.com/imgHD/f0138068/20260321/cmp_i1774058424042_4826_0_0.jpg"", ""https://xcimg.szwego.com/imgHD/f0138068/20260321/cmp_i1774058424040_4586_0_1.jpg"", ""https://xcimg.szwego.com/imgHD/f0138068/20260321/cmp_i1774058424042_7449_0_4.jpg"", ""https://xcimg.szwego.com/imgHD/f0138068/20260321/cmp_i1774061226371_4541_0_5.jpg"", ""https://xcimg.szwego.com/imgHD/f0138068/20260321/cmp_i1774061226371_6557_0_6.jpg"", ""https://xcimg.szwego.com/imgHD/f0138068/20260321/cmp_i1774061226371_4210_0_7.jpg"", ""https://xcimg.szwego.com/imgHD/f0138068/20260321/cmp_i1774061226371_6958_0_8.jpg"", ""https://xcimg.szwego.com/imgHD/f0138068/20260321/cmp_i1774058424040_4199_0_2.jpg"", ""https://xcimg.szwego.com/imgHD/f0138068/20260321/cmp_i1774058424040_7323_0_3.jpg""]"
_doPrS6mZk4RYQwkBbQeOnL7jS4J9qisCqIfnPWw;;细节图！SML230¥;0;;lrg3k8cd5bgw3jv;;Для женщин;"[""https://xcimg.szwego.com/imgHD/f0138068/20260404/cmp_i1775276112757_4582_0_0.jpg"", ""https://xcimg.szwego.com/imgHD/f0138068/20260404/cmp_i1775276117563_1403_0_1.jpg"", ""https://xcimg.szwego.com/imgHD/f0138068/20260404/cmp_i1775276112748_3319_0_2.jpg"", ""https://xcimg.szwego.com/imgHD/f0138068/20260404/cmp_i1775276117567_6796_0_3.jpg"", ""https://xcimg.szwego.com/imgHD/f0138068/20260404/cmp_i1775276112748_103_0_4.jpg"", ""https://xcimg.szwego.com/imgHD/f0138068/20260404/cmp_i1775276112756_2308_0_5.jpg"", ""https://xcimg.szwego.com/imgHD/f0138068/20260404/cmp_i1775276112750_2418_0_6.jpg""]"
_daYrSjdWtxp3oHeEe4ywWrl22ECZxCTlvJNACxA;;🤍26新款丝光棉白色短袖T恤采、圆领简约，袖口手工微卷边，细节感满满✨。面料柔软透气，穿着舒适，春夏季节超适合！版型宽松，包容性强，是衣橱必备基础款！ SML230¥;0;;lrg3k8cd5bgw3jv;;Для женщин;"[""https://xcimg.szwego.com/imgHD/f0138068/20260404/cmp_i1775275835792_4881_0_3.jpg"", ""https://xcimg.szwego.com/imgHD/f0138068/20260404/cmp_i1775275842454_7497_0_0.jpg"", ""https://xcimg.szwego.com/imgHD/f0138068/20260404/cmp_i1775275835793_2633_0_1.jpg"", ""https://xcimg.szwego.com/imgHD/f0138068/20260404/cmp_i1775275835793_3599_0_2.jpg"", ""https://xcimg.szwego.com/imgHD/f0138068/20260404/cmp_i1775275835793_5729_0_4.jpg"", ""https://xcimg.szwego.com/imgHD/f0138068/20260404/cmp_i1775275835793_1306_0_5.jpg""]"
_dlsrSA8Lq4Mylodh86VYSnaFJHlTgw8W3Tfy7-A;;细节图！SML360¥;0;;lrg3k8cd5bgw3jv;;Для женщин;"[""https://xcimg.szwego.com/imgHD/f0138068/20260404/cmp_i1775272455669_4011_0_0.jpg"", ""https://xcimg.szwego.com/imgHD/f0138068/20260404/cmp_i1775272443591_2127_0_3.jpg"", ""https://xcimg.szwego.com/imgHD/f0138068/20260404/cmp_i1775272455677_7523_0_1.jpg"", ""https://xcimg.szwego.com/imgHD/f0138068/20260404/cmp_i1775272455679_4929_0_2.jpg"", ""https://xcimg.szwego.com/imgHD/f0138068/20260404/cmp_i1775272455684_6034_0_4.jpg"", ""https://xcimg.szwego.com/imgHD/f0138068/20260404/cmp_i1775272455685_2654_0_5.jpg""]"
_dgsrSGDuMSxPI7HhPBkfRNiNiAu9j_oWKSi5nYw;;ZP细节图！SML300¥;0;;lrg3k8cd5bgw3jv;;Для женщин;"[""https://xcimg.szwego.com/imgHD/f0138068/20260320/cmp_i1773971103000_7596_0_0.jpg"", ""https://xcimg.szwego.com/imgHD/f0138068/20260320/cmp_i1773971102979_6547_0_1.jpg"", ""https://xcimg.szwego.com/imgHD/f0138068/20260320/cmp_i1773971102959_4536_0_2.jpg"", ""https://xcimg.szwego.com/imgHD/f0138068/20260320/cmp_i1773971103037_2413_0_3.jpg"", ""https://xcimg.szwego.com/imgHD/f0138068/20260320/cmp_i1773971105343_6722_0_4.jpg"", ""https://xcimg.szwego.com/imgHD/f0138068/20260320/cmp_i1773971102578_8122_0_5.jpg""]"
_dafrSlmkhDCr96SsXBPsAOB5TLyXVfA6GpguWrg;;💙M早春系列蓝色拼色棒球服马甲，无袖宽松版型，拉链设计超方便，胸前品牌刺绣超有辨识度！叠穿白裙或衬衫，甜酷风轻松拿捏～日常通勤、休闲都能穿，舒适又时髦，是早春必入热门单品！ 马甲SML390¥ 半裙SML300¥;0;;lrg3k8cd5bgw3jv;;Для женщин;"[""https://xcimg.szwego.com/imgHD/f0138068/20260403/cmp_i1775189712840_8667_0_0.jpg"", ""https://xcimg.szwego.com/imgHD/f0138068/20260403/cmp_i1775189712835_1238_0_1.jpg"", ""https://xcimg.szwego.com/imgHD/f0138068/20260403/cmp_i1775189712836_2195_0_2.jpg"", ""https://xcimg.szwego.com/imgHD/f0138068/20260403/cmp_i1775189722328_6904_0_3.jpg"", ""https://xcimg.szwego.com/imgHD/f0138068/20260403/cmp_i1775189712836_4275_0_4.jpg"", ""https://xcimg.szwego.com/imgHD/f0138068/20260403/cmp_i1775189712835_6190_0_5.jpg""]"
_dFqrSG0l-NNVC4UgAsBRfSc40NPd-LQPI4gssKw;;细节图 马甲SML390¥ 半裙SML300¥;0;;lrg3k8cd5bgw3jv;;Для женщин;"[""https://xcimg.szwego.com/imgHD/f0138068/20260403/cmp_i1775189985763_3056_0_0.jpg"", ""https://xcimg.szwego.com/imgHD/f0138068/20260403/cmp_i1775189985706_5895_0_4.jpg"", ""https://xcimg.szwego.com/imgHD/f0138068/20260403/cmp_i1775189985795_6161_0_1.jpg"", ""https://xcimg.szwego.com/imgHD/f0138068/20260403/cmp_i1775189985712_4568_0_6.jpg"", ""https://xcimg.szwego.com/imgHD/f0138068/20260403/cmp_i1775189997108_9472_0_2.jpg"", ""https://xcimg.szwego.com/imgHD/f0138068/20260403/cmp_i1775189985749_3851_0_3.jpg"", ""https://xcimg.szwego.com/imgHD/f0138068/20260403/cmp_i1775189955860_1238_0_4.jpg""]"
_dw8rSmd90lxuMEKX2lc3EutugnEt7UJ1HMAN0hg;;细节图！SML390¥;0;;lrg3k8cd5bgw3jv;;Для женщин;"[""https://xcimg.szwego.com/imgHD/f0138068/20260306/cmp_i1772769761452_3504_0_0.jpg"", ""https://xcimg.szwego.com/imgHD/f0138068/20260306/cmp_i1772769764209_4825_0_1.jpg"", ""https://xcimg.szwego.com/imgHD/f0138068/20260306/cmp_i1772769759604_7373_0_3.jpg"", ""https://xcimg.szwego.com/imgHD/f0138068/20260306/cmp_i1772769760922_7350_0_5.jpg"", ""https://xcimg.szwego.com/imgHD/f0138068/20260306/cmp_i1772769759484_8512_0_6.jpg"", ""https://xcimg.szwego.com/imgHD/f0138068/20260306/cmp_i1772769760931_8243_0_8.jpg"", ""https://xcimg.szwego.com/imgHD/f0138068/20260306/cmp_i1772769760930_6162_0_10.jpg"", ""https://xcimg.szwego.com/imgHD/f0138068/20260306/cmp_i1772769760962_9547_0_9.jpg"", ""https://xcimg.szwego.com/imgHD/f0138068/20260306/cmp_i1772769759590_1169_0_11.jpg""]"
_deKrSYnHnZ2CRIR474qyocfC-2F-jIZS_u4oOmQ;;ZP细节图！SML280¥;0;;lrg3k8cd5bgw3jv;;Для женщин;"[""https://xcimg.szwego.com/img/f0138068/20260125/i1769338203207_3307_0_0.jpg"", ""https://xcimg.szwego.com/img/f0138068/20260125/i1769338203201_2590_0_2.jpg"", ""https://xcimg.szwego.com/img/f0138068/20260125/i1769338203209_8587_0_1.jpg"", ""https://xcimg.szwego.com/img/f0138068/20260125/i1769338200183_228_0_3.jpg"", ""https://xcimg.szwego.com/img/f0138068/20260125/i1769338200129_3074_0_6.jpg"", ""https://xcimg.szwego.com/img/f0138068/20260125/i1769338200252_1012_0_7.jpg"", ""https://xcimg.szwego.com/img/f0138068/20260125/i1769338200189_2125_0_5.jpg""]"
_dyGrS9IGo-JOnd4PbRfBm9wKd3LXEJjZE2XMqlQ;;细节图！SML340¥;0;;lrg3k8cd5bgw3jv;;Для женщин;"[""https://xcimg.szwego.com/imgHD/f0138068/20260320/cmp_i1773976713072_1493_0_0.jpg"", ""https://xcimg.szwego.com/imgHD/f0138068/20260320/cmp_i1773976714414_9778_0_3.jpg"", ""https://xcimg.szwego.com/imgHD/f0138068/20260320/cmp_i1773976713080_2596_0_4.jpg"", ""https://xcimg.szwego.com/imgHD/f0138068/20260320/cmp_i1773976713070_9014_0_1.jpg"", ""https://xcimg.szwego.com/imgHD/f0138068/20260320/cmp_i1773976713077_6112_0_2.jpg"", ""https://xcimg.szwego.com/imgHD/f0138068/20260320/cmp_i1773976713061_2769_0_5.jpg""]"
_d8JrSWhJsbbek024IVmwrS9dlcZd1_5lZhbzvPg;;💙26早春系列蓝色一字肩连衣裙，克莱因蓝配色超显白，棉质面料柔软透气，春夏穿超舒服！一字肩+泡泡袖设计，修饰手臂线条，锁骨超美✨宽松娃娃裙版型，藏肉又减龄，日常出街、约会、度假都能轻松驾驭。甜酷少女风轻松get！ SML340¥;0;;lrg3k8cd5bgw3jv;;Для женщин;"[""https://xcimg.szwego.com/imgHD/f0138068/20260320/cmp_i1773976423655_7329_0_0.jpg"", ""https://xcimg.szwego.com/imgHD/f0138068/20260320/cmp_i1773976423655_4123_0_1.jpg"", ""https://xcimg.szwego.com/imgHD/f0138068/20260320/cmp_i1773976423080_4761_0_2.jpg"", ""https://xcimg.szwego.com/imgHD/f0138068/20260320/cmp_i1773976423080_8275_0_3.jpg"", ""https://xcimg.szwego.com/imgHD/f0138068/20260320/cmp_i1773976423655_2098_0_4.jpg"", ""https://xcimg.szwego.com/imgHD/f0138068/20260320/cmp_i1773976423081_9618_0_5.jpg"", ""https://xcimg.szwego.com/imgHD/f0138068/20260320/cmp_i1773976423081_4086_0_6.jpg"", ""https://xcimg.szwego.com/imgHD/f0138068/20260320/cmp_i1773976423080_3070_0_7.jpg"", ""https://xcimg.szwego.com/imgHD/f0138068/20260320/cmp_i1773976423655_2340_0_8.jpg""]"
_dkYrSfH5kocR0Qy3FMZfu9qYG7_Jgprmddy1Y7g;;细节图！SML390¥;0;;lrg3k8cd5bgw3jv;;Для женщин;"[""https://xcimg.szwego.com/imgHD/f0138068/20260326/cmp_i1774492465976_7971_0_0.jpg"", ""https://xcimg.szwego.com/imgHD/f0138068/20260326/cmp_i1774492465988_666_0_1.jpg"", ""https://xcimg.szwego.com/imgHD/f0138068/20260326/cmp_i1774492465973_8362_0_2.jpg"", ""https://xcimg.szwego.com/imgHD/f0138068/20260326/cmp_i1774492467049_3077_0_3.jpg"", ""https://xcimg.szwego.com/imgHD/f0138068/20260326/cmp_i1774492465987_695_0_4.jpg"", ""https://xcimg.szwego.com/imgHD/f0138068/20260326/cmp_i1774492465990_8623_0_5.jpg""]"
_dbwrS3CWEKdX-k_xItYYdbbxiYT23mJp1VQbayA;;26春夏工装风吊带裙，卡其色棉质面料，轻便透气，夏天穿超舒服！自带可调节腰带，轻松勾勒腰线，甜酷风格满分😎。胸前品牌刺绣，细节感十足，裙摆宽松，日常或度假都能轻松驾驭。搭配运动鞋或凉鞋，休闲又有个性，时髦女孩必备！ SML390¥;0;;lrg3k8cd5bgw3jv;;Для женщин;"[""https://xcimg.szwego.com/imgHD/f0138068/20260326/cmp_i1774492285273_942_0_0.jpg"", ""https://xcimg.szwego.com/imgHD/f0138068/20260326/cmp_i1774492285728_6645_0_1.jpg"", ""https://xcimg.szwego.com/imgHD/f0138068/20260326/cmp_i1774492285274_3018_0_2.jpg"", ""https://xcimg.szwego.com/imgHD/f0138068/20260326/cmp_i1774492285274_4528_0_3.jpg"", ""https://xcimg.szwego.com/imgHD/f0138068/20260326/cmp_i1774492285274_4446_0_4.jpg"", ""https://xcimg.szwego.com/imgHD/f0138068/20260326/cmp_i1774492285274_7878_0_5.jpg""]"
_dnCrShwIYxz41qxE0UnVm0U3gsm3CKwItS29swA;;细节图！SML190¥;0;;lrg3k8cd5bgw3jv;;Для женщин;"[""https://xcimg.szwego.com/imgHD/f0138068/20260320/cmp_i1773973571001_8694_0_0.jpg"", ""https://xcimg.szwego.com/imgHD/f0138068/20260320/cmp_i1773973569901_7990_0_2.jpg"", ""https://xcimg.szwego.com/imgHD/f0138068/20260320/cmp_i1773973569917_712_0_1.jpg"", ""https://xcimg.szwego.com/imgHD/f0138068/20260320/cmp_i1773973569912_8829_0_3.jpg"", ""https://xcimg.szwego.com/imgHD/f0138068/20260320/cmp_i1773973569916_1257_0_4.jpg"", ""https://xcimg.szwego.com/imgHD/f0138068/20260320/cmp_i1773973569892_8791_0_5.jpg""]"
_duprSnWdZL9fUk5zZE3NzLOQRvf1wdM2BcUy6rg;;细节图！SML200¥;0;;lrg3k8cd5bgw3jv;;Для женщин;"[""https://xcimg.szwego.com/imgHD/f0138068/20260325/cmp_i1774408358134_2280_0_0.jpg"", ""https://xcimg.szwego.com/imgHD/f0138068/20260325/cmp_i1774408361799_1012_0_1.jpg"", ""https://xcimg.szwego.com/imgHD/f0138068/20260325/cmp_i1774408361798_9356_0_2.jpg"", ""https://xcimg.szwego.com/imgHD/f0138068/20260325/cmp_i1774408358145_2979_0_3.jpg"", ""https://xcimg.szwego.com/imgHD/f0138068/20260325/cmp_i1774408358139_4984_0_4.jpg"", ""https://xcimg.szwego.com/imgHD/f0138068/20260325/cmp_i1774408358146_8363_0_5.jpg"", ""https://xcimg.szwego.com/imgHD/f0138068/20260325/cmp_i1774408358134_8716_0_6.jpg""]"
_dkyrSEcmmBpCX3KyfAO--p9pQnAG2ejVDoi9cxw;;💙26新款撞色短袖T恤，浅蓝主色+深红领口袖口，简约又有辨识度！胸前三角徽标刺绣超有品牌感✨。面料轻薄透气，春夏穿超舒服，修身剪裁很显身材，搭配休闲裤或裙装都很OK，通勤休闲都能轻松驾驭 SM L200¥;0;;lrg3k8cd5bgw3jv;;Для женщин;"[""https://xcimg.szwego.com/imgHD/f0138068/20260325/cmp_i1774407825683_7149_0_0.jpg"", ""https://xcimg.szwego.com/imgHD/f0138068/20260325/cmp_i1774407825684_5620_0_5.jpg"", ""https://xcimg.szwego.com/imgHD/f0138068/20260325/cmp_i1774407825683_3268_0_1.jpg"", ""https://xcimg.szwego.com/imgHD/f0138068/20260325/cmp_i1774407825683_3597_0_2.jpg"", ""https://xcimg.szwego.com/imgHD/f0138068/20260325/cmp_i1774407825993_7640_0_3.jpg"", ""https://xcimg.szwego.com/imgHD/f0138068/20260325/cmp_i1774407825683_5417_0_4.jpg""]"
_dpnrS24yCL1aZe24JhQEbeMzeuPfRjGv0NSGvSQ;;细节图！SML480¥;0;;lrg3k8cd5bgw3jv;;Для женщин;"[""https://xcimg.szwego.com/imgHD/f0138068/20260325/cmp_i1774406839080_5676_0_0.jpg"", ""https://xcimg.szwego.com/imgHD/f0138068/20260325/cmp_i1774406839837_7517_0_1.jpg"", ""https://xcimg.szwego.com/imgHD/f0138068/20260325/cmp_i1774406839088_8824_0_2.jpg"", ""https://xcimg.szwego.com/imgHD/f0138068/20260325/cmp_i1774406839843_126_0_3.jpg"", ""https://xcimg.szwego.com/imgHD/f0138068/20260325/cmp_i1774406839095_5158_0_5.jpg"", ""https://xcimg.szwego.com/imgHD/f0138068/20260325/cmp_i1774406839087_6548_0_6.jpg"", ""https://xcimg.szwego.com/imgHD/f0138068/20260325/cmp_i1774406839083_6840_0_4.jpg""]"
_dmirSu2H4z47b-lUxsZ-OcsHcZiHfSnfI1RyALg;;26新款女士短款尼龙夹克，轻便防风，抽绳设计超实用，日常通勤或户外都能轻松驾驭!黑色简约百搭，胸前三角Logo低调又有辨识度 。短款剪裁优化身材比例，搭配高腰裤或裙装都很出彩，春秋季节穿着舒适又时髦，轻松打造都市休闲风~ 夹克SML480¥ 半裙SML300¥;0;;lrg3k8cd5bgw3jv;;Для женщин;"[""https://xcimg.szwego.com/imgHD/f0138068/20260325/cmp_i1774406577027_5883_0_0.jpg"", ""https://xcimg.szwego.com/imgHD/f0138068/20260325/cmp_i1774406577027_667_0_1.jpg"", ""https://xcimg.szwego.com/imgHD/f0138068/20260325/cmp_i1774406577023_8848_0_3.jpg"", ""https://xcimg.szwego.com/imgHD/f0138068/20260325/cmp_i1774406576434_8244_0_4.jpg"", ""https://xcimg.szwego.com/imgHD/f0138068/20260325/cmp_i1774406576434_563_0_5.jpg"", ""https://xcimg.szwego.com/imgHD/f0138068/20260325/cmp_i1774406576434_2204_0_6.jpg"", ""https://xcimg.szwego.com/imgHD/f0138068/20260325/cmp_i1774406576434_1863_0_7.jpg"", ""https://xcimg.szwego.com/imgHD/f0138068/20260325/cmp_i1774406576433_5725_0_8.jpg"", ""https://xcimg.szwego.com/imgHD/f0138068/20260325/cmp_i1774406577026_4549_0_9.jpg""]"
_dxSrSIaHI6f5KL6CowWUEGkOWWPbal7TWPPhiFQ;;细节图！SML350¥;0;;lrg3k8cd5bgw3jv;;Для женщин;"[""https://xcimg.szwego.com/imgHD/f0138068/20260128/cmp_i1769569320783_9387_0_0.jpg"", ""https://xcimg.szwego.com/imgHD/f0138068/20260128/cmp_i1769569320780_1665_0_3.jpg"", ""https://xcimg.szwego.com/imgHD/f0138068/20260128/cmp_i1769569323537_635_0_2.jpg"", ""https://xcimg.szwego.com/imgHD/f0138068/20260128/cmp_i1769569320784_2251_0_4.jpg"", ""https://xcimg.szwego.com/imgHD/f0138068/20260128/cmp_i1769569320788_8992_0_5.jpg"", ""https://xcimg.szwego.com/imgHD/f0138068/20260128/cmp_i1769569320787_5455_0_1.jpg""]"
_dwurSKT_YRgdxDYoDjCblQMWw6H4GsFKM78Mh0Q;;🧡26早春新款条纹针织背心，橙灰棕配色+V领无袖设计，复古又时髦！柔软针织面料，穿着超舒适，胸前品牌标识超有辨识度✨。宽松版型，单穿or叠搭衬衫、外套都很出彩，轻松打造美式复古or学院风 SML350¥;0;;lrg3k8cd5bgw3jv;;Для женщин;"[""https://xcimg.szwego.com/imgHD/f0138068/20260128/cmp_i1769569018428_6417_0_0.jpg"", ""https://xcimg.szwego.com/imgHD/f0138068/20260128/cmp_i1769569018829_4673_0_2.jpg"", ""https://xcimg.szwego.com/imgHD/f0138068/20260128/cmp_i1769569018829_6141_0_1.jpg"", ""https://xcimg.szwego.com/imgHD/f0138068/20260128/cmp_i1769569018428_1343_0_8.jpg"", ""https://xcimg.szwego.com/imgHD/f0138068/20260128/cmp_i1769569018428_950_0_6.jpg"", ""https://xcimg.szwego.com/imgHD/f0138068/20260128/cmp_i1769569018829_8783_0_3.jpg"", ""https://xcimg.szwego.com/imgHD/f0138068/20260128/cmp_i1769569018830_3327_0_4.jpg"", ""https://xcimg.szwego.com/imgHD/f0138068/20260128/cmp_i1769569018428_1098_0_7.jpg"", ""https://xcimg.szwego.com/imgHD/f0138068/20260128/cmp_i1769569018830_9836_0_9.jpg""]"
_dcCrSaUqNnjUO9kHd7WS11xctofwWgvXNn2Hd4A;;ZP细节图！SML300¥;0;;lrg3k8cd5bgw3jv;;Для женщин;"[""https://xcimg.szwego.com/img/f0138068/20260125/i1769338237218_8813_0_0.jpg"", ""https://xcimg.szwego.com/img/f0138068/20260125/i1769338237251_2318_0_1.jpg"", ""https://xcimg.szwego.com/img/f0138068/20260125/i1769338242821_7403_0_2.jpg"", ""https://xcimg.szwego.com/img/f0138068/20260125/i1769338237212_4988_0_3.jpg"", ""https://xcimg.szwego.com/img/f0138068/20260125/i1769338237316_6975_0_4.jpg"", ""https://xcimg.szwego.com/img/f0138068/20260125/i1769338242905_8556_0_5.jpg"", ""https://xcimg.szwego.com/img/f0138068/20260125/i1769338237323_8726_0_6.jpg"", ""https://xcimg.szwego.com/img/f0138068/20260125/i1769338242826_415_0_7.jpg""]"
_dfwrS445KszUfjcDoU1pkBeQCIXKABUyrDbjrpg;;细节图！SML200¥;0;;lrg3k8cd5bgw3jv;;Для женщин;"[""https://xcimg.szwego.com/imgHD/f0138068/20260317/cmp_i1773714085314_1130_0_0.jpg"", ""https://xcimg.szwego.com/imgHD/f0138068/20260317/cmp_i1773714083930_882_0_4.jpg"", ""https://xcimg.szwego.com/imgHD/f0138068/20260317/cmp_i1773714083936_9944_0_1.jpg"", ""https://xcimg.szwego.com/imgHD/f0138068/20260317/cmp_i1773714083924_3334_0_3.jpg"", ""https://xcimg.szwego.com/imgHD/f0138068/20260317/cmp_i1773714083925_3702_0_5.jpg"", ""https://xcimg.szwego.com/imgHD/f0138068/20260317/cmp_i1773714083929_1173_0_2.jpg""]"
_dtgrSz2J2jZiK2Yu1eWSOGg_EESJeQENF3-jPLg;;细节图！SML280¥;0;;lrg3k8cd5bgw3jv;;Для женщин;"[""https://xcimg.szwego.com/imgHD/f0138068/20260314/cmp_i1773455192019_296_0_0.jpg"", ""https://xcimg.szwego.com/imgHD/f0138068/20260314/cmp_i1773455192990_4851_0_1.jpg"", ""https://xcimg.szwego.com/imgHD/f0138068/20260314/cmp_i1773455191981_9921_0_2.jpg"", ""https://xcimg.szwego.com/imgHD/f0138068/20260314/cmp_i1773455191917_2084_0_3.jpg"", ""https://xcimg.szwego.com/imgHD/f0138068/20260314/cmp_i1773455191325_5576_0_4.jpg"", ""https://xcimg.szwego.com/imgHD/f0138068/20260314/cmp_i1773455191325_1658_0_5.jpg""]"
_dnirSxBlfQfuG9oldhnwG7ZT-jNnLMDF2fhmrTA;;细节图！SML200¥;0;;lrg3k8cd5bgw3jv;;Для женщин;"[""https://xcimg.szwego.com/imgHD/f0138068/20260310/cmp_i1773113581890_5116_0_0.jpg"", ""https://xcimg.szwego.com/imgHD/f0138068/20260310/cmp_i1773113581899_2320_0_1.jpg"", ""https://xcimg.szwego.com/imgHD/f0138068/20260310/cmp_i1773113581892_5195_0_2.jpg"", ""https://xcimg.szwego.com/imgHD/f0138068/20260310/cmp_i1773113581890_8316_0_3.jpg"", ""https://xcimg.szwego.com/imgHD/f0138068/20260310/cmp_i1773113584093_9193_0_4.jpg"", ""https://xcimg.szwego.com/imgHD/f0138068/20260310/cmp_i1773113581893_4070_0_5.jpg""]"
_dm5rSWX3hv-ulDA36yY1D2e_33SotIx2_Ls-gtQ;;🌟26早春灰色短袖T恤，采用100%纯棉，柔软亲肤，透气性超棒，春夏穿超舒服！胸前口袋有太阳花刺绣+红色心形，细节满分，辨识度超高✨。宽松版型，日常休闲或街头风都能轻松驾驭，搭配牛仔裤、休闲裤都很OK。灰色低调百搭，时尚又实用，早春系列的热门单品一！ SML200¥;0;;lrg3k8cd5bgw3jv;;Для женщин;"[""https://xcimg.szwego.com/imgHD/f0138068/20260310/cmp_i1773113348945_7607_0_0.jpg"", ""https://xcimg.szwego.com/imgHD/f0138068/20260310/cmp_i1773113348619_7184_0_1.jpg"", ""https://xcimg.szwego.com/imgHD/f0138068/20260310/cmp_i1773113348619_8988_0_2.jpg"", ""https://xcimg.szwego.com/imgHD/f0138068/20260310/cmp_i1773113348620_1969_0_3.jpg"", ""https://xcimg.szwego.com/imgHD/f0138068/20260310/cmp_i1773113348945_33_0_4.jpg"", ""https://xcimg.szwego.com/imgHD/f0138068/20260310/cmp_i1773113348619_9991_0_5.jpg"", ""https://xcimg.szwego.com/imgHD/f0138068/20260310/cmp_i1773113348619_3293_0_6.jpg""]"
_duXrS3xDfr20MJGAaPHtabkzN24VJdrsLNxfYDQ;;细节图！SML390¥;0;;lrg3k8cd5bgw3jv;;Для женщин;"[""https://xcimg.szwego.com/imgHD/f0138068/20260326/cmp_i1774490358278_6944_0_0.jpg"", ""https://xcimg.szwego.com/imgHD/f0138068/20260326/cmp_i1774490358279_5991_0_4.jpg"", ""https://xcimg.szwego.com/imgHD/f0138068/20260326/cmp_i1774490358284_5256_0_5.jpg"", ""https://xcimg.szwego.com/imgHD/f0138068/20260326/cmp_i1774490358282_3252_0_1.jpg"", ""https://xcimg.szwego.com/imgHD/f0138068/20260326/cmp_i1774490358291_9703_0_3.jpg"", ""https://xcimg.szwego.com/imgHD/f0138068/20260326/cmp_i1774490359457_5779_0_2.jpg""]"
_dGqrSHJfA3pIKqDEt1s5Qvh27FhSe4iYtD_GJ0A;;🌸26春夏新款花卉刺绣针织短袖，米白色羊绒材质，柔软舒适，春日氛围感满满。精致花鸟刺绣，细节丰富，艺术感十足✨。圆领短袖设计，通勤、约会、聚会都能轻松驾驭。搭配牛仔裤或半裙都很出彩，青春or轻熟风随心切换。刺绣工艺细腻！ SML390¥;0;;lrg3k8cd5bgw3jv;;Для женщин;"[""https://xcimg.szwego.com/imgHD/f0138068/20260326/cmp_i1774490139737_6594_0_0.jpg"", ""https://xcimg.szwego.com/imgHD/f0138068/20260326/cmp_i1774490139265_1404_0_1.jpg"", ""https://xcimg.szwego.com/imgHD/f0138068/20260326/cmp_i1774490139264_761_0_2.jpg"", ""https://xcimg.szwego.com/imgHD/f0138068/20260326/cmp_i1774490139266_1185_0_4.jpg"", ""https://xcimg.szwego.com/imgHD/f0138068/20260326/cmp_i1774490139264_3869_0_5.jpg"", ""https://xcimg.szwego.com/imgHD/f0138068/20260326/cmp_i1774490139734_7064_0_6.jpg"", ""https://xcimg.szwego.com/imgHD/f0138068/20260326/cmp_i1774490139737_9429_0_7.jpg"", ""https://xcimg.szwego.com/imgHD/f0138068/20260326/cmp_i1774490139267_4550_0_3.jpg""]"
_d9QrS9qfNWZp3JEoTEPjikWWmkrwMU5nqhpxeZg;;细节图！SML480¥;0;;lrg3k8cd5bgw3jv;;Для женщин;"[""https://xcimg.szwego.com/imgHD/f0138068/20260416/cmp_i1776348031119_8774_0_0.jpg"", ""https://xcimg.szwego.com/imgHD/f0138068/20260416/cmp_i1776348026021_5371_0_1.jpg"", ""https://xcimg.szwego.com/imgHD/f0138068/20260416/cmp_i1776348026015_4579_0_2.jpg"", ""https://xcimg.szwego.com/imgHD/f0138068/20260416/cmp_i1776348026025_4242_0_3.jpg"", ""https://xcimg.szwego.com/imgHD/f0138068/20260416/cmp_i1776348031121_7772_0_4.jpg"", ""https://xcimg.szwego.com/imgHD/f0138068/20260416/cmp_i1776348026027_9475_0_5.jpg"", ""https://xcimg.szwego.com/imgHD/f0138068/20260416/cmp_i1776348031130_1287_0_6.jpg"", ""https://xcimg.szwego.com/imgHD/f0138068/20260416/cmp_i1776348026032_3015_0_7.jpg"", ""https://xcimg.szwego.com/imgHD/f0138068/20260416/cmp_i1776348031114_7156_0_8.jpg""]"
_dlJrSIyhl74umoUVfBb8i0C6OCLcIDfodmoFccQ;;细节图！SML380¥;0;;lrg3k8cd5bgw3jv;;Для женщин;"[""https://xcimg.szwego.com/imgHD/f0138068/20260416/cmp_i1776347939085_3372_0_0.jpg"", ""https://xcimg.szwego.com/imgHD/f0138068/20260416/cmp_i1776347948256_408_0_1.jpg"", ""https://xcimg.szwego.com/imgHD/f0138068/20260416/cmp_i1776347948257_6831_0_2.jpg"", ""https://xcimg.szwego.com/imgHD/f0138068/20260416/cmp_i1776347948264_9706_0_3.jpg"", ""https://xcimg.szwego.com/imgHD/f0138068/20260416/cmp_i1776347939098_547_0_4.jpg"", ""https://xcimg.szwego.com/imgHD/f0138068/20260416/cmp_i1776347939099_5296_0_5.jpg"", ""https://xcimg.szwego.com/imgHD/f0138068/20260416/cmp_i1776347939082_9210_0_6.jpg"", ""https://xcimg.szwego.com/imgHD/f0138068/20260416/cmp_i1776347939100_9016_0_7.jpg""]"
_do0rSJ8NepCca-yksIKz1p8LcWaKbZqeDHF23tg;;26新款米色牛仔外套，柔软牛仔布+黄色FF Logo袖口，撞色设计超有辨识度！宽松剪裁，休闲又时髦，春夏穿超舒服～后背双贴袋实用又好看，叠穿针织衫或同色系单品，轻松打造层次感✨。 外套S ML480¥ 裤子SML380¥;0;;lrg3k8cd5bgw3jv;;Для женщин;"[""https://xcimg.szwego.com/imgHD/f0138068/20260418/cmp_i1776479476210_1458_0_6.jpg"", ""https://xcimg.szwego.com/imgHD/f0138068/20260418/cmp_i1776479476210_6922_0_7.jpg"", ""https://xcimg.szwego.com/imgHD/f0138068/20260418/cmp_i1776479476210_6039_0_8.jpg"", ""https://xcimg.szwego.com/imgHD/f0138068/20260418/cmp_i1776479077626_8133_0_0.jpg"", ""https://xcimg.szwego.com/imgHD/f0138068/20260418/cmp_i1776479078313_5045_0_5.jpg"", ""https://xcimg.szwego.com/imgHD/f0138068/20260418/cmp_i1776479077626_4474_0_1.jpg"", ""https://xcimg.szwego.com/imgHD/f0138068/20260418/cmp_i1776479077626_7033_0_2.jpg"", ""https://xcimg.szwego.com/imgHD/f0138068/20260418/cmp_i1776479077626_5357_0_3.jpg"", ""https://xcimg.szwego.com/imgHD/f0138068/20260418/cmp_i1776479077627_9356_0_4.jpg""]"
_dsXrS5MA8TsTTPnRdwFhuic7Z3MMYh-rn-NVYWA;;细节图！SML530¥;0;;lrg3k8cd5bgw3jv;;Для женщин;"[""https://xcimg.szwego.com/imgHD/f0138068/20260416/cmp_i1776345728772_5926_0_0.jpg"", ""https://xcimg.szwego.com/imgHD/f0138068/20260416/cmp_i1776345728708_713_0_2.jpg"", ""https://xcimg.szwego.com/imgHD/f0138068/20260416/cmp_i1776345728747_9121_0_5.jpg"", ""https://xcimg.szwego.com/imgHD/f0138068/20260416/cmp_i1776345728782_2212_0_1.jpg"", ""https://xcimg.szwego.com/imgHD/f0138068/20260416/cmp_i1776345730625_2674_0_3.jpg"", ""https://xcimg.szwego.com/imgHD/f0138068/20260416/cmp_i1776345727583_3184_0_4.jpg""]"
_dm-rSBh1O8nTIlyKTZswX8Gyau8Wdgx6rRHpVtQ;;裤子细节图！SML460¥;0;;lrg3k8cd5bgw3jv;;Для женщин;"[""https://xcimg.szwego.com/imgHD/f0138068/20260418/cmp_i1776476903094_9084_0_0.jpg"", ""https://xcimg.szwego.com/imgHD/f0138068/20260418/cmp_i1776476907135_3902_0_2.jpg"", ""https://xcimg.szwego.com/imgHD/f0138068/20260418/cmp_i1776476907123_3763_0_3.jpg"", ""https://xcimg.szwego.com/imgHD/f0138068/20260418/cmp_i1776476903136_4736_0_4.jpg"", ""https://xcimg.szwego.com/imgHD/f0138068/20260418/cmp_i1776476903124_2073_0_5.jpg"", ""https://xcimg.szwego.com/imgHD/f0138068/20260418/cmp_i1776476902508_6609_0_6.jpg"", ""https://xcimg.szwego.com/imgHD/f0138068/20260418/cmp_i1776476902509_1582_0_7.jpg""]"
_diorS0VAl6hP558K5K4bnpsnT1d-QM7LtppkGcg;;细节图！SML530¥;0;;lrg3k8cd5bgw3jv;;Для женщин;"[""https://xcimg.szwego.com/imgHD/f0138068/20260416/cmp_i1776345893031_5081_0_0.jpg"", ""https://xcimg.szwego.com/imgHD/f0138068/20260416/cmp_i1776345894164_7146_0_7.jpg"", ""https://xcimg.szwego.com/imgHD/f0138068/20260416/cmp_i1776345894165_1190_0_1.jpg"", ""https://xcimg.szwego.com/imgHD/f0138068/20260416/cmp_i1776345894174_8852_0_2.jpg"", ""https://xcimg.szwego.com/imgHD/f0138068/20260416/cmp_i1776345893037_2725_0_3.jpg"", ""https://xcimg.szwego.com/imgHD/f0138068/20260416/cmp_i1776345893033_8884_0_4.jpg"", ""https://xcimg.szwego.com/imgHD/f0138068/20260416/cmp_i1776345893022_8134_0_5.jpg"", ""https://xcimg.szwego.com/imgHD/f0138068/20260416/cmp_i1776345893025_6233_0_6.jpg""]"
_djTrSSbBblG3B75oQwO73-HsT146JbF6I9kRA7A;;细节图！SML460¥;0;;lrg3k8cd5bgw3jv;;Для женщин;"[""https://xcimg.szwego.com/imgHD/f0138068/20260416/cmp_i1776345914391_7242_0_0.jpg"", ""https://xcimg.szwego.com/imgHD/f0138068/20260416/cmp_i1776345912189_4096_0_1.jpg"", ""https://xcimg.szwego.com/imgHD/f0138068/20260416/cmp_i1776345912189_3213_0_3.jpg"", ""https://xcimg.szwego.com/imgHD/f0138068/20260416/cmp_i1776345912197_1142_0_2.jpg"", ""https://xcimg.szwego.com/imgHD/f0138068/20260416/cmp_i1776345912198_8374_0_4.jpg"", ""https://xcimg.szwego.com/imgHD/f0138068/20260416/cmp_i1776345893022_8134_0_5.jpg""]"
_dl9rSuC63tSsSshpMY-7Ofo00LrKPcUUKoO8hnw;;🖤26P黑色睡衣风套装、经典黑白配色+白色滚边，简约又有辨识度✨。柔软面料，穿着舒适，左胸Logo刺绣超有品牌感。宽松版型，居家or外穿都很OK，轻松打造慵懒高级风～26P系列延续极简风，适合喜欢低调奢华的姐妹们！;0;;lrg3k8cd5bgw3jv;;Для женщин;"[""https://xcimg.szwego.com/imgHD/f0138068/20260418/cmp_i1776477169597_873_0_0.jpg"", ""https://xcimg.szwego.com/imgHD/f0138068/20260418/cmp_i1776477169162_4863_0_1.jpg"", ""https://xcimg.szwego.com/imgHD/f0138068/20260418/cmp_i1776477169161_6034_0_2.jpg"", ""https://xcimg.szwego.com/imgHD/f0138068/20260418/cmp_i1776477169125_4387_0_3.jpg"", ""https://xcimg.szwego.com/imgHD/f0138068/20260418/cmp_i1776477169125_8715_0_4.jpg"", ""https://xcimg.szwego.com/imgHD/f0138068/20260418/cmp_i1776477169125_371_0_5.jpg""]"
_duSrSnNEEK0Z8Ur0NCwI_5xCQzuaQLCBTpi4IbA;;新品 细节图！SML;0;;lrg3k8cd5bgw3jv;;Для женщин;"[""https://xcimg.szwego.com/imgHD/f0138068/20260416/cmp_i1776347541904_860_0_0.jpg"", ""https://xcimg.szwego.com/imgHD/f0138068/20260416/cmp_i1776347540027_8849_0_5.jpg"", ""https://xcimg.szwego.com/imgHD/f0138068/20260416/cmp_i1776347540029_5040_0_1.jpg"", ""https://xcimg.szwego.com/imgHD/f0138068/20260416/cmp_i1776347540038_2773_0_2.jpg"", ""https://xcimg.szwego.com/imgHD/f0138068/20260416/cmp_i1776347541908_2691_0_4.jpg"", ""https://xcimg.szwego.com/imgHD/f0138068/20260416/cmp_i1776347540034_3220_0_6.jpg"", ""https://xcimg.szwego.com/imgHD/f0138068/20260416/cmp_i1776347540034_1250_0_3.jpg""]"
_d9grSQNU4-32-DJ-selab2qYoLPCQ99vu8bM89w;;新品 细节图！SML340¥;0;;lrg3k8cd5bgw3jv;;Для женщин;"[""https://xcimg.szwego.com/imgHD/f0138068/20260416/cmp_i1776346174852_8476_0_0.jpg"", ""https://xcimg.szwego.com/imgHD/f0138068/20260416/cmp_i1776346173577_7535_0_1.jpg"", ""https://xcimg.szwego.com/imgHD/f0138068/20260416/cmp_i1776346173585_4183_0_5.jpg"", ""https://xcimg.szwego.com/imgHD/f0138068/20260416/cmp_i1776346173585_4231_0_2.jpg"", ""https://xcimg.szwego.com/imgHD/f0138068/20260416/cmp_i1776346173580_6959_0_3.jpg"", ""https://xcimg.szwego.com/imgHD/f0138068/20260416/cmp_i1776346173590_1896_0_4.jpg""]"
_dl5rSAQe0gZ5DYTliH8g6fFzXMfe-RlBdmR5XMA;;新品 细节图！SML360¥;0;;lrg3k8cd5bgw3jv;;Для женщин;"[""https://xcimg.szwego.com/imgHD/f0138068/20260416/cmp_i1776345708565_3309_0_0.jpg"", ""https://xcimg.szwego.com/imgHD/f0138068/20260416/cmp_i1776345708551_5581_0_1.jpg"", ""https://xcimg.szwego.com/imgHD/f0138068/20260416/cmp_i1776345708572_8287_0_2.jpg"", ""https://xcimg.szwego.com/imgHD/f0138068/20260416/cmp_i1776345708582_8286_0_3.jpg"", ""https://xcimg.szwego.com/imgHD/f0138068/20260416/cmp_i1776345710417_4923_0_4.jpg"", ""https://xcimg.szwego.com/imgHD/f0138068/20260416/cmp_i1776345707570_9773_0_5.jpg""]"
_dn-rSaXp8oF5imypRr7E2onvD3i2Ho9UQSW3ekg;;新品 细节图！SML390¥;0;;lrg3k8cd5bgw3jv;;Для женщин;"[""https://xcimg.szwego.com/imgHD/f0138068/20260416/cmp_i1776345452288_7146_0_0.jpg"", ""https://xcimg.szwego.com/imgHD/f0138068/20260416/cmp_i1776345454124_8758_0_2.jpg"", ""https://xcimg.szwego.com/imgHD/f0138068/20260416/cmp_i1776345452375_2534_0_1.jpg"", ""https://xcimg.szwego.com/imgHD/f0138068/20260416/cmp_i1776345451577_3738_0_3.jpg"", ""https://xcimg.szwego.com/imgHD/f0138068/20260416/cmp_i1776345451666_7876_0_4.jpg"", ""https://xcimg.szwego.com/imgHD/f0138068/20260416/cmp_i1776345452360_3858_0_5.jpg"", ""https://xcimg.szwego.com/imgHD/f0138068/20260416/cmp_i1776345453624_5340_0_6.jpg""]"
_dg9rSrFi5iVsHMA9NAnGXD63jindjsUY58I3jiw;;细节图！SML390¥;0;;lrg3k8cd5bgw3jv;;Для женщин;"[""https://xcimg.szwego.com/imgHD/f0138068/20260413/cmp_i1776062635916_6071_0_1.jpg"", ""https://xcimg.szwego.com/imgHD/f0138068/20260413/cmp_i1776062635886_8191_0_7.jpg"", ""https://xcimg.szwego.com/imgHD/f0138068/20260413/cmp_i1776062631211_5639_0_2.jpg"", ""https://xcimg.szwego.com/imgHD/f0138068/20260413/cmp_i1776062631184_9120_0_3.jpg"", ""https://xcimg.szwego.com/imgHD/f0138068/20260413/cmp_i1776062630463_7092_0_5.jpg"", ""https://xcimg.szwego.com/imgHD/f0138068/20260413/cmp_i1776062635865_6927_0_6.jpg"", ""https://xcimg.szwego.com/imgHD/f0138068/20260413/cmp_i1776062630364_9982_0_4.jpg""]"
_dfIrSXvRPOhXaranyTjRyNWYLv5-XTf0HQF-3Og;;细节图！SML260¥;0;;lrg3k8cd5bgw3jv;;Для женщин;"[""https://xcimg.szwego.com/imgHD/f0138068/20260416/cmp_i1776346128147_6331_0_0.jpg"", ""https://xcimg.szwego.com/imgHD/f0138068/20260416/cmp_i1776346129307_728_0_4.jpg"", ""https://xcimg.szwego.com/imgHD/f0138068/20260416/cmp_i1776346128152_4995_0_1.jpg"", ""https://xcimg.szwego.com/imgHD/f0138068/20260416/cmp_i1776346128149_5283_0_2.jpg"", ""https://xcimg.szwego.com/imgHD/f0138068/20260416/cmp_i1776346128155_6351_0_3.jpg"", ""https://xcimg.szwego.com/imgHD/f0138068/20260416/cmp_i1776346128159_3563_0_5.jpg""]"
_dnvrSq0fNKL6ZQ2BXfUzk5hIJY5A6xp9sBYz9Jw;;🌟26LETE系列卡其色套装，包含无袖上衣+抽绳短裙，轻薄透气面料超适合春夏！上衣简约有品牌刺绣，短裙抽绳设计修饰腰线，裙摆宽松显腿长，对梨形身材超友好✨。整体学院风，减龄又时髦，日常通勤、约会、度假都能轻松驾驭，搭配中筒靴或小皮包，复古感满满👜。上衣SML260¥ 半裙SML260¥;0;;lrg3k8cd5bgw3jv;;Для женщин;"[""https://xcimg.szwego.com/imgHD/f0138068/20260417/cmp_i1776395979017_2170_0_2.jpg"", ""https://xcimg.szwego.com/imgHD/f0138068/20260417/cmp_i1776395977767_2874_0_0.jpg"", ""https://xcimg.szwego.com/imgHD/f0138068/20260417/cmp_i1776395977767_9786_0_1.jpg"", ""https://xcimg.szwego.com/imgHD/f0138068/20260417/cmp_i1776395977767_934_0_3.jpg"", ""https://xcimg.szwego.com/imgHD/f0138068/20260417/cmp_i1776395977767_1800_0_4.jpg"", ""https://xcimg.szwego.com/imgHD/f0138068/20260417/cmp_i1776395977767_2445_0_5.jpg""]"
_dqBrSLgoiKurmGi7Ou9bh6E7_eiRkcu-Dn_pNnQ;;🆕LP羊毛蚕丝微透防嗮袜 Hey宝贝们, 今天就给大家安利一款我的必备神器——羊毛蚕丝直角跟过膝防嗮袜 【奢华材质，温暖如春】 首先说说这材质，简直是奢华的代名词！羊毛与蚕丝的完美融合，融入了蚕丝的丝滑触感。穿上它，就像被云朵轻轻包裹，温暖而不闷热，仿佛置身于初春的温柔怀抱中。 【直角立体脚跟，不勒脚新体验】 设计上的小心机也是满满的哦！直角立体脚跟设计，完美贴合脚部轮廓，无论是走路还是久坐，都能感受到前所未有的舒适。告别传统连袜勒脚的尴尬，让你的每一步都轻松自在。♀ 【不下滑，优雅随行】 还有最让人头疼的下滑问题？这款连袜早就为你考虑周全了！采用高弹力收口设计，结合人体工学剪裁，无论你是何种身材，都能紧密贴合，不掉不下滑 💖总结来说，这款羊毛蚕丝直角跟连裤袜，是不可多得的时尚单品。是一种生活态度的展现，也能自信地秀出美腿 颜色：一盒两条同色 黑色+黑色 烟灰+烟灰 均码 适合：鞋码 36-41，身高155-178cm，体重 80-150斤 成分：47.0%粘纤，29.2%腈纶，11.5%锦纶，8.2%氨纶， 2.4%绵羊毛，1.7%桑蚕丝150💰;0;;lrg3k8cd5bgw3jv;;Для женщин;"[""https://xcimg.szwego.com/img/86ca0521/20260413/i1776070751663_5663_0_0.jpg"", ""https://xcimg.szwego.com/img/86ca0521/20260413/i1776070748857_6020_0_1.jpg"", ""https://xcimg.szwego.com/img/86ca0521/20260413/i1776070751701_1644_0_2.jpg"", ""https://xcimg.szwego.com/img/86ca0521/20260413/i1776070750401_3781_0_3.jpg"", ""https://xcimg.szwego.com/img/86ca0521/20260413/i1776070748794_2929_0_4.jpg"", ""https://xcimg.szwego.com/img/86ca0521/20260413/i1776070748813_8300_0_5.jpg"", ""https://xcimg.szwego.com/img/86ca0521/20260413/i1776070751736_4494_0_6.jpg"", ""https://xcimg.szwego.com/img/86ca0521/20260413/i1776070750390_8544_0_7.jpg"", ""https://xcimg.szwego.com/img/86ca0521/20260413/i1776070750393_6920_0_8.jpg""]"
_dn2rSYlK6yZATWCHU2L5C2IvJJf0MNdAIsLR69g;;细节图！SML360¥;0;;lrg3k8cd5bgw3jv;;Для женщин;"[""https://xcimg.szwego.com/imgHD/f0138068/20260414/cmp_i1776160170955_3560_0_0.jpg"", ""https://xcimg.szwego.com/imgHD/f0138068/20260414/cmp_i1776160187365_3342_0_5.jpg"", ""https://xcimg.szwego.com/imgHD/f0138068/20260414/cmp_i1776160170956_1318_0_1.jpg"", ""https://xcimg.szwego.com/imgHD/f0138068/20260414/cmp_i1776160170966_1437_0_2.jpg"", ""https://xcimg.szwego.com/imgHD/f0138068/20260414/cmp_i1776160187356_6194_0_3.jpg"", ""https://xcimg.szwego.com/imgHD/f0138068/20260414/cmp_i1776160170968_2966_0_4.jpg""]"
_dFrrSLW8NYVSLWVDRJ0DhVf3DDewmKl4YoqrYKw;;🌿26Lete系列背心裙，浅卡其色棉质面料，轻盈透气，夏天穿超舒服！无袖直筒剪裁+胸前抽绳系带，少女感满满，还能修饰身材比例✨。裙长适中，清爽显腿，日常出街或度假都很适合。搭配草编帽、复古手提包，轻松get慵懒俏皮夏日风，都市or海边都能穿出时髦感！ SML360¥;0;;lrg3k8cd5bgw3jv;;Для женщин;"[""https://xcimg.szwego.com/imgHD/f0138068/20260416/cmp_i1776312232292_6357_0_0.jpg"", ""https://xcimg.szwego.com/imgHD/f0138068/20260416/cmp_i1776312232292_6262_0_1.jpg"", ""https://xcimg.szwego.com/imgHD/f0138068/20260416/cmp_i1776312232292_8986_0_2.jpg"", ""https://xcimg.szwego.com/imgHD/f0138068/20260416/cmp_i1776312233062_5662_0_3.jpg"", ""https://xcimg.szwego.com/imgHD/f0138068/20260416/cmp_i1776312233063_2230_0_4.jpg"", ""https://xcimg.szwego.com/imgHD/f0138068/20260416/cmp_i1776312233092_5228_0_5.jpg"", ""https://xcimg.szwego.com/imgHD/f0138068/20260416/cmp_i1776312232292_6745_0_6.jpg"", ""https://xcimg.szwego.com/imgHD/f0138068/20260416/cmp_i1776312232292_2164_0_7.jpg""]"
_d8orS1Io7LXSq9UZpIKmHAKSXWgmZZ9YK3q1vFQ;;新品 细节图！SML340¥;0;;lrg3k8cd5bgw3jv;;Для женщин;"[""https://xcimg.szwego.com/imgHD/f0138068/20260413/cmp_i1776063207672_1220_0_0.jpg"", ""https://xcimg.szwego.com/imgHD/f0138068/20260413/cmp_i1776063207720_6661_0_5.jpg"", ""https://xcimg.szwego.com/imgHD/f0138068/20260413/cmp_i1776063193265_3240_0_1.jpg"", ""https://xcimg.szwego.com/imgHD/f0138068/20260413/cmp_i1776063207661_9317_0_2.jpg"", ""https://xcimg.szwego.com/imgHD/f0138068/20260413/cmp_i1776063192696_8961_0_3.jpg"", ""https://xcimg.szwego.com/imgHD/f0138068/20260413/cmp_i1776063192777_2426_0_4.jpg"", ""https://xcimg.szwego.com/imgHD/f0138068/20260413/cmp_i1776063192670_6045_0_6.jpg""]"
_dOirShXs3HZiFqmyJrY24Z_BBFvgl4x0HxZ5w0g;;新品 细节图！SML460¥;0;;lrg3k8cd5bgw3jv;;Для женщин;"[""https://xcimg.szwego.com/imgHD/f0138068/20260413/cmp_i1776063039746_3653_0_0.jpg"", ""https://xcimg.szwego.com/imgHD/f0138068/20260413/cmp_i1776063039751_1549_0_1.jpg"", ""https://xcimg.szwego.com/imgHD/f0138068/20260413/cmp_i1776063039759_2794_0_2.jpg"", ""https://xcimg.szwego.com/imgHD/f0138068/20260413/cmp_i1776063039744_6366_0_3.jpg"", ""https://xcimg.szwego.com/imgHD/f0138068/20260413/cmp_i1776063043288_415_0_4.jpg"", ""https://xcimg.szwego.com/imgHD/f0138068/20260413/cmp_i1776063043295_1899_0_5.jpg"", ""https://xcimg.szwego.com/imgHD/f0138068/20260413/cmp_i1776063043285_708_0_6.jpg"", ""https://xcimg.szwego.com/imgHD/f0138068/20260413/cmp_i1776063043296_3389_0_8.jpg""]"
_d_VrSnNoHZriptlgqivulBylxZV-Y8owQdXtTTg;;新品 细节图！SML190¥;0;;lrg3k8cd5bgw3jv;;Для женщин;"[""https://xcimg.szwego.com/imgHD/f0138068/20260413/cmp_i1776062931636_4348_0_0.jpg"", ""https://xcimg.szwego.com/imgHD/f0138068/20260413/cmp_i1776062935102_7623_0_1.jpg"", ""https://xcimg.szwego.com/imgHD/f0138068/20260413/cmp_i1776062931627_1015_0_2.jpg"", ""https://xcimg.szwego.com/imgHD/f0138068/20260413/cmp_i1776062931635_2383_0_3.jpg"", ""https://xcimg.szwego.com/imgHD/f0138068/20260413/cmp_i1776062935103_1091_0_4.jpg"", ""https://xcimg.szwego.com/imgHD/f0138068/20260413/cmp_i1776062931626_3678_0_5.jpg"", ""https://xcimg.szwego.com/imgHD/f0138068/20260413/cmp_i1776062931639_105_0_6.jpg""]"
_dE1rSQtJ_GD8_HL_titNCR-TifuTStjmEwtkfLw;;新品 细节图！SML360¥;0;;lrg3k8cd5bgw3jv;;Для женщин;"[""https://xcimg.szwego.com/imgHD/f0138068/20260413/cmp_i1776062692007_1430_0_0.jpg"", ""https://xcimg.szwego.com/imgHD/f0138068/20260413/cmp_i1776062697546_8847_0_1.jpg"", ""https://xcimg.szwego.com/imgHD/f0138068/20260413/cmp_i1776062691942_3860_0_2.jpg"", ""https://xcimg.szwego.com/imgHD/f0138068/20260413/cmp_i1776062696898_1845_0_3.jpg"", ""https://xcimg.szwego.com/imgHD/f0138068/20260413/cmp_i1776062697575_4289_0_4.jpg"", ""https://xcimg.szwego.com/imgHD/f0138068/20260413/cmp_i1776062691340_9130_0_5.jpg"", ""https://xcimg.szwego.com/imgHD/f0138068/20260413/cmp_i1776062691264_1671_0_7.jpg""]"
_djmrS6wkvPF35opjPGsY0LBi-ZeyL-mQpr8VaCg;;新品 细节图！SML320¥;0;;lrg3k8cd5bgw3jv;;Для женщин;"[""https://xcimg.szwego.com/imgHD/f0138068/20260413/cmp_i1776062673619_3654_0_0.jpg"", ""https://xcimg.szwego.com/imgHD/f0138068/20260413/cmp_i1776062668461_6629_0_1.jpg"", ""https://xcimg.szwego.com/imgHD/f0138068/20260413/cmp_i1776062668439_4820_0_2.jpg"", ""https://xcimg.szwego.com/imgHD/f0138068/20260413/cmp_i1776062667640_6689_0_3.jpg"", ""https://xcimg.szwego.com/imgHD/f0138068/20260413/cmp_i1776062667644_3198_0_4.jpg"", ""https://xcimg.szwego.com/imgHD/f0138068/20260413/cmp_i1776062668446_7392_0_5.jpg""]"
_diprSSc-9vvPRp0Iw5XuV2bIm7hR1B-aUJeTsAw;;新品 细节图！SML260¥;0;;lrg3k8cd5bgw3jv;;Для женщин;"[""https://xcimg.szwego.com/imgHD/f0138068/20260413/cmp_i1776062464393_9316_0_0.jpg"", ""https://xcimg.szwego.com/imgHD/f0138068/20260413/cmp_i1776062464367_847_0_1.jpg"", ""https://xcimg.szwego.com/imgHD/f0138068/20260413/cmp_i1776062490857_1885_0_2.jpg"", ""https://xcimg.szwego.com/imgHD/f0138068/20260413/cmp_i1776062464387_8375_0_3.jpg"", ""https://xcimg.szwego.com/imgHD/f0138068/20260413/cmp_i1776062490906_6116_0_4.jpg"", ""https://xcimg.szwego.com/imgHD/f0138068/20260413/cmp_i1776062463240_2858_0_5.jpg"", ""https://xcimg.szwego.com/imgHD/f0138068/20260413/cmp_i1776062490063_6487_0_6.jpg""]"
_dd-rS2VRGXLzLCJ8EaDoRqFcSbA5H-LQjZ6blmA;;新品 细节图！SML;0;;lrg3k8cd5bgw3jv;;Для женщин;"[""https://xcimg.szwego.com/imgHD/f0138068/20260413/cmp_a1776061746068_6308.jpg"", ""https://xcimg.szwego.com/imgHD/f0138068/20260413/cmp_a1776061746894_6155.jpg"", ""https://xcimg.szwego.com/imgHD/f0138068/20260413/cmp_a1776061756570_7208.jpg"", ""https://xcimg.szwego.com/imgHD/f0138068/20260413/cmp_a1776061746055_2054.jpg"", ""https://xcimg.szwego.com/imgHD/f0138068/20260413/cmp_a1776061746152_0371.jpg"", ""https://xcimg.szwego.com/imgHD/f0138068/20260413/cmp_a1776061746093_2651.jpg"", ""https://xcimg.szwego.com/imgHD/f0138068/20260413/cmp_a1776061755783_1062.jpg"", ""https://xcimg.szwego.com/imgHD/f0138068/20260413/cmp_a1776061756501_2623.jpg"", ""https://xcimg.szwego.com/imgHD/f0138068/20260413/cmp_a1776061756632_7423.jpg""]"
_dudrS6oJzLaLJyvZ82lh1h2j5xMTO1EeDZmZO3w;;新品 细节图！SML320¥;0;;lrg3k8cd5bgw3jv;;Для женщин;"[""https://xcimg.szwego.com/imgHD/f0138068/20260413/cmp_a1776061696443_5268.jpg"", ""https://xcimg.szwego.com/imgHD/f0138068/20260413/cmp_a1776061704633_7320.jpg"", ""https://xcimg.szwego.com/imgHD/f0138068/20260413/cmp_a1776061696287_5372.jpg"", ""https://xcimg.szwego.com/imgHD/f0138068/20260413/cmp_a1776061695636_2512.jpg"", ""https://xcimg.szwego.com/imgHD/f0138068/20260413/cmp_a1776061696206_3508.jpg"", ""https://xcimg.szwego.com/imgHD/f0138068/20260413/cmp_a1776061696288_3775.jpg"", ""https://xcimg.szwego.com/imgHD/f0138068/20260413/cmp_a1776061704546_1307.jpg""]"
_dvUrSRi1t-AHuJrjYlp1w6z3rhDu4WznSIG068A;;新品 细节图！SML590¥;0;;lrg3k8cd5bgw3jv;;Для женщин;"[""https://xcimg.szwego.com/imgHD/f0138068/20260413/cmp_a1776061035946_1014.jpg"", ""https://xcimg.szwego.com/imgHD/f0138068/20260413/cmp_a1776061052506_5705.jpg"", ""https://xcimg.szwego.com/imgHD/f0138068/20260413/cmp_a1776061035932_5875.jpg"", ""https://xcimg.szwego.com/imgHD/f0138068/20260413/cmp_a1776061035946_4135.jpg"", ""https://xcimg.szwego.com/imgHD/f0138068/20260413/cmp_a1776061035948_2515.jpg"", ""https://xcimg.szwego.com/imgHD/f0138068/20260413/cmp_a1776061036880_8862.jpg"", ""https://xcimg.szwego.com/imgHD/f0138068/20260413/cmp_a1776061051818_0206.jpg""]"
_duErSrTvnGNJi70i_UCPdkznYr_MwSYpmf2m2Ww;;细节图！SML380¥;0;;lrg3k8cd5bgw3jv;;Для женщин;"[""https://xcimg.szwego.com/imgHD/f0138068/20260412/cmp_i1775996932502_820_0_0.jpg"", ""https://xcimg.szwego.com/imgHD/f0138068/20260412/cmp_i1775996906354_8385_0_5.jpg"", ""https://xcimg.szwego.com/imgHD/f0138068/20260412/cmp_i1775996932396_5483_0_3.jpg"", ""https://xcimg.szwego.com/imgHD/f0138068/20260412/cmp_i1775996939932_5425_0_1.jpg"", ""https://xcimg.szwego.com/imgHD/f0138068/20260412/cmp_i1775996931253_6088_0_2.jpg"", ""https://xcimg.szwego.com/imgHD/f0138068/20260412/cmp_i1775996931174_8234_0_4.jpg""]"
_dnJrSbuyggWAX0UAYtRRCixRYCdtKLP1UtRoiew;;细节图SML380¥;0;;lrg3k8cd5bgw3jv;;Для женщин;"[""https://xcimg.szwego.com/imgHD/f0138068/20260412/cmp_i1775996903583_4703_0_0.jpg"", ""https://xcimg.szwego.com/imgHD/f0138068/20260412/cmp_i1775996903506_1204_0_1.jpg"", ""https://xcimg.szwego.com/imgHD/f0138068/20260412/cmp_i1775996902287_6859_0_2.jpg"", ""https://xcimg.szwego.com/imgHD/f0138068/20260412/cmp_i1775996903549_4146_0_3.jpg"", ""https://xcimg.szwego.com/imgHD/f0138068/20260412/cmp_i1775996902287_5967_0_4.jpg"", ""https://xcimg.szwego.com/imgHD/f0138068/20260412/cmp_i1775996906354_8385_0_5.jpg""]"
_djarS07cGUKt5K9nVMiBapVF9SXFYYFHmW10Y2A;;细节图！SML380¥;0;;lrg3k8cd5bgw3jv;;Для женщин;"[""https://xcimg.szwego.com/imgHD/f0138068/20260413/cmp_i1776048431905_3360_0_0.jpg"", ""https://xcimg.szwego.com/imgHD/f0138068/20260413/cmp_i1776048431910_4405_0_1.jpg"", ""https://xcimg.szwego.com/imgHD/f0138068/20260413/cmp_i1776048433407_1006_0_2.jpg"", ""https://xcimg.szwego.com/imgHD/f0138068/20260413/cmp_i1776048431910_4628_0_3.jpg"", ""https://xcimg.szwego.com/imgHD/f0138068/20260413/cmp_i1776048431898_6535_0_4.jpg"", ""https://xcimg.szwego.com/imgHD/f0138068/20260413/cmp_i1776048431913_3291_0_5.jpg""]"
_dnyrSo4V50YaryCczlKsHzfN3nchAQoQNu0U4yw;;细节图！SML380¥;0;;lrg3k8cd5bgw3jv;;Для женщин;"[""https://xcimg.szwego.com/imgHD/f0138068/20260401/cmp_i1775016956668_5644_0_0.jpg"", ""https://xcimg.szwego.com/imgHD/f0138068/20260401/cmp_i1775016983705_5488_0_1.jpg"", ""https://xcimg.szwego.com/imgHD/f0138068/20260401/cmp_i1775016956670_4879_0_2.jpg"", ""https://xcimg.szwego.com/imgHD/f0138068/20260401/cmp_i1775016983695_8255_0_3.jpg"", ""https://xcimg.szwego.com/imgHD/f0138068/20260401/cmp_i1775016956658_9662_0_4.jpg"", ""https://xcimg.szwego.com/imgHD/f0138068/20260401/cmp_i1775016983707_5485_0_5.jpg"", ""https://xcimg.szwego.com/imgHD/f0138068/20260401/cmp_i1775016983702_9510_0_7.jpg"", ""https://xcimg.szwego.com/imgHD/f0138068/20260401/cmp_i1775016956659_5711_0_6.jpg""]"
_doarSsr9KQX-ZNi1WAgRl15tqZAxOM2-_L3VQgg;;三条装 「晚风入怀，自在无界」 以缎面为笺，蕾丝为韵，裁一段晚风入衣。 不紧绷、不刻意，让身体在柔软里舒展， 松弛是生活的底色，优雅是不经意的锋芒， 穿它，把日子过成一首温柔的散文诗。 LP 鎏光软缎高级蕾丝家居短裤 一盒三条装 （黑➕白➕香槟） 三色三码 M适合85～110斤 L适合110～130斤 XL适合130～150斤 一盒150¥三条;0;;lrg3k8cd5bgw3jv;;Для женщин;"[""https://xcimg.szwego.com/img/1502a324/20260409/i1775720902756_8302_0_0.jpg"", ""https://xcimg.szwego.com/img/1502a324/20260409/i1775720901907_1543_0_1.jpg"", ""https://xcimg.szwego.com/img/1502a324/20260409/i1775720901907_1457_0_2.jpg"", ""https://xcimg.szwego.com/img/1502a324/20260409/i1775720903282_1878_0_3.jpg"", ""https://xcimg.szwego.com/img/1502a324/20260409/i1775720901857_3242_0_4.jpg"", ""https://xcimg.szwego.com/img/1502a324/20260409/i1775720902755_7605_0_5.jpg"", ""https://xcimg.szwego.com/img/1502a324/20260409/i1775720903425_9699_0_6.jpg"", ""https://xcimg.szwego.com/img/1502a324/20260409/i1775720903424_842_0_7.jpg"", ""https://xcimg.szwego.com/img/1502a324/20260409/i1775720902687_2544_0_8.jpg""]"
_de8rS__jN7FzxRrqHWykZPNrFia3IlsHX5QAi5w;;🆕LP夏季新款蕾丝宽边性感真丝蚕丝内裆内裤安全裤一体！夏天穿裙子还要再穿内裤和安全裤真的要命！！这件内裤和安全裤二合一，一件搞定解放啦！！零触感，无痕设计！加宽腰部不勒肚子！弯腰和下蹲都不会卷边，贸易公司特供面料，蕾丝很柔软很贴肤，宽边中高腰能有效做到收腹收腰效果！就算露出一点也不尴尬，透气性炒鸡好，夏天也要清清爽爽！！！一盒两条装，均码适合85-130斤！150¥💰;0;;lrg3k8cd5bgw3jv;;Для женщин;"[""https://xcimg.szwego.com/img/86ca0521/20260309/i1773042593465_6402_0_0.jpg"", ""https://xcimg.szwego.com/img/86ca0521/20260309/i1773042595721_4643_0_1.jpg"", ""https://xcimg.szwego.com/img/86ca0521/20260309/i1773042593465_138_0_2.jpg"", ""https://xcimg.szwego.com/img/86ca0521/20260309/i1773042593465_2110_0_3.jpg"", ""https://xcimg.szwego.com/img/86ca0521/20260309/i1773042595717_3773_0_4.jpg"", ""https://xcimg.szwego.com/img/86ca0521/20260309/i1773042595705_9135_0_5.jpg"", ""https://xcimg.szwego.com/img/86ca0521/20260309/i1773042595747_9679_0_6.jpg"", ""https://xcimg.szwego.com/img/86ca0521/20260309/i1773042593465_7335_0_7.jpg"", ""https://xcimg.szwego.com/img/86ca0521/20260309/i1773042593465_7620_0_8.jpg""]"
_dkyrSEcmmBpCX266WAO2-qd5dnwy1ejVDoS1cxQ;;细节图！SML200¥;0;;lrg3k8cd5bgw3jv;;Для женщин;"[""https://xcimg.szwego.com/imgHD/f0138068/20260330/cmp_i1774838802976_4990_0_0.jpg"", ""https://xcimg.szwego.com/imgHD/f0138068/20260330/cmp_i1774838802985_5866_0_1.jpg"", ""https://xcimg.szwego.com/imgHD/f0138068/20260330/cmp_i1774838803514_3894_0_2.jpg"", ""https://xcimg.szwego.com/imgHD/f0138068/20260330/cmp_i1774838802988_9396_0_4.jpg"", ""https://xcimg.szwego.com/imgHD/f0138068/20260330/cmp_i1774838802983_1281_0_5.jpg"", ""https://xcimg.szwego.com/imgHD/f0138068/20260330/cmp_i1774838805427_1251_0_3.jpg""]"
_dimrSud8KKgU4jdiKpm1VVIicWRI9Weq1_95Gtg;;💙PD26新款条纹海军风短袖T恤，经典蓝白条纹+红色领口袖口，撞色超吸睛！胸前三角珐琅Logo，辨识度满分✨。棉质面料微修身，穿着舒适又显身材，日常或轻正式场合都能轻松驾驭。搭配卡其裙or牛仔裤，简约又有细节感，时髦感直接拉满！ SML200¥;0;;lrg3k8cd5bgw3jv;;Для женщин;"[""https://xcimg.szwego.com/imgHD/f0138068/20260330/cmp_i1774838698881_8638_0_0.jpg"", ""https://xcimg.szwego.com/imgHD/f0138068/20260330/cmp_i1774838698882_6839_0_1.jpg"", ""https://xcimg.szwego.com/imgHD/f0138068/20260330/cmp_i1774838698881_7562_0_2.jpg"", ""https://xcimg.szwego.com/imgHD/f0138068/20260330/cmp_i1774838698882_326_0_3.jpg"", ""https://xcimg.szwego.com/imgHD/f0138068/20260330/cmp_i1774838698883_1448_0_4.jpg"", ""https://xcimg.szwego.com/imgHD/f0138068/20260330/cmp_i1774838699293_9144_0_5.jpg""]"
_dtdrSRWniAbnmAZeIQD2s4mbH3bYpV5HqFwlUJw;;细节图！SML350¥;0;;lrg3k8cd5bgw3jv;;Для женщин;"[""https://xcimg.szwego.com/imgHD/f0138068/20260327/cmp_i1774577605647_9878_0_0.jpg"", ""https://xcimg.szwego.com/imgHD/f0138068/20260327/cmp_i1774577605653_3827_0_4.jpg"", ""https://xcimg.szwego.com/imgHD/f0138068/20260327/cmp_i1774577607483_1404_0_1.jpg"", ""https://xcimg.szwego.com/imgHD/f0138068/20260327/cmp_i1774577607488_4948_0_2.jpg"", ""https://xcimg.szwego.com/imgHD/f0138068/20260327/cmp_i1774577605660_6543_0_3.jpg"", ""https://xcimg.szwego.com/imgHD/f0138068/20260327/cmp_i1774577605653_9219_0_6.jpg"", ""https://xcimg.szwego.com/imgHD/f0138068/20260327/cmp_i1774577605647_1733_0_5.jpg""]"
_dunrSwgq83EyqopwbaY02JqtyCV-6GI0XdOI8TA;;细节图！SML320¥;0;;lrg3k8cd5bgw3jv;;Для женщин;"[""https://xcimg.szwego.com/imgHD/f0138068/20260324/cmp_i1774324128717_9104_0_0.jpg"", ""https://xcimg.szwego.com/imgHD/f0138068/20260324/cmp_i1774324128725_9738_0_2.jpg"", ""https://xcimg.szwego.com/imgHD/f0138068/20260324/cmp_i1774324144173_5040_0_1.jpg"", ""https://xcimg.szwego.com/imgHD/f0138068/20260324/cmp_i1774324144790_223_0_3.jpg"", ""https://xcimg.szwego.com/imgHD/f0138068/20260324/cmp_i1774324144174_6091_0_5.jpg"", ""https://xcimg.szwego.com/imgHD/f0138068/20260324/cmp_i1774324128720_282_0_6.jpg"", ""https://xcimg.szwego.com/imgHD/f0138068/20260324/cmp_i1774324128710_6389_0_4.jpg""]"
_dbkrSRrQ55l50UqRA9uuLx3OLJ9nHu_G-IN0RXQ;;细节图！SML340¥;0;;lrg3k8cd5bgw3jv;;Для женщин;"[""https://xcimg.szwego.com/imgHD/f0138068/20260320/cmp_i1773973236143_5660_0_0.jpg"", ""https://xcimg.szwego.com/imgHD/f0138068/20260320/cmp_i1773973236157_1111_0_5.jpg"", ""https://xcimg.szwego.com/imgHD/f0138068/20260320/cmp_i1773973236648_784_0_1.jpg"", ""https://xcimg.szwego.com/imgHD/f0138068/20260320/cmp_i1773973237953_4088_0_2.jpg"", ""https://xcimg.szwego.com/imgHD/f0138068/20260320/cmp_i1773973237954_2613_0_3.jpg"", ""https://xcimg.szwego.com/imgHD/f0138068/20260320/cmp_i1773973236194_9581_0_4.jpg"", ""https://xcimg.szwego.com/imgHD/f0138068/20260320/cmp_i1773973236181_463_0_6.jpg""]"
_dLyrSwO_gYcIdW9ZEEkHzFrHMpvUSfF6W36l8kQ;;💙 26春夏系列短袖针织衫，灰蓝色针织面料，正面Les Fleurs du Mal刺绣，文学感满满！领口撞色设计，细节精致，优雅又有艺术气息✨。高品质针织，柔软舒适，春夏穿超合适。日常或轻正式场合都很百搭哦！ SML340¥;0;;lrg3k8cd5bgw3jv;;Для женщин;"[""https://xcimg.szwego.com/imgHD/f0138068/20260320/cmp_i1773973019460_8095_0_0.jpg"", ""https://xcimg.szwego.com/imgHD/f0138068/20260320/cmp_i1773973019459_169_0_1.jpg"", ""https://xcimg.szwego.com/imgHD/f0138068/20260320/cmp_i1773973020078_8026_0_2.jpg"", ""https://xcimg.szwego.com/imgHD/f0138068/20260320/cmp_i1773973019460_5710_0_3.jpg"", ""https://xcimg.szwego.com/imgHD/f0138068/20260320/cmp_i1773973019460_6247_0_4.jpg"", ""https://xcimg.szwego.com/imgHD/f0138068/20260320/cmp_i1773973020078_7131_0_5.jpg"", ""https://xcimg.szwego.com/imgHD/f0138068/20260320/cmp_i1773973019460_5764_0_6.jpg"", ""https://xcimg.szwego.com/imgHD/f0138068/20260320/cmp_i1773973020079_6707_0_7.jpg""]"
_dwerSbSAra71Wt8aPqzUfw0BttgzYSw1Ve8MHYg;;细节图！SML210¥;0;;lrg3k8cd5bgw3jv;;Для женщин;"[""https://xcimg.szwego.com/imgHD/f0138068/20260320/cmp_i1773977249973_3197_0_1.jpg"", ""https://xcimg.szwego.com/imgHD/f0138068/20260320/cmp_i1773977252093_211_0_4.jpg"", ""https://xcimg.szwego.com/imgHD/f0138068/20260320/cmp_i1773977252117_8092_0_2.jpg"", ""https://xcimg.szwego.com/imgHD/f0138068/20260320/cmp_i1773977249995_7424_0_3.jpg"", ""https://xcimg.szwego.com/imgHD/f0138068/20260320/cmp_i1773977252090_4791_0_5.jpg"", ""https://xcimg.szwego.com/imgHD/f0138068/20260320/cmp_i1773977249972_9916_0_6.jpg"", ""https://xcimg.szwego.com/imgHD/f0138068/20260320/cmp_i1773977249009_1880_0_7.jpg""]"
_d8arSqrlt22PswaH-JwFyZAXDV39SLlN6v1K0jg;;细节图！SML210¥;0;;lrg3k8cd5bgw3jv;;Для женщин;"[""https://xcimg.szwego.com/imgHD/f0138068/20260320/cmp_i1773977214635_2659_0_0.jpg"", ""https://xcimg.szwego.com/imgHD/f0138068/20260320/cmp_i1773977214635_4646_0_1.jpg"", ""https://xcimg.szwego.com/imgHD/f0138068/20260320/cmp_i1773977214642_2916_0_2.jpg"", ""https://xcimg.szwego.com/imgHD/f0138068/20260320/cmp_i1773977215600_1321_0_3.jpg"", ""https://xcimg.szwego.com/imgHD/f0138068/20260320/cmp_i1773977214645_7038_0_4.jpg"", ""https://xcimg.szwego.com/imgHD/f0138068/20260320/cmp_i1773977214648_7455_0_5.jpg"", ""https://xcimg.szwego.com/imgHD/f0138068/20260320/cmp_i1773977215554_2568_0_6.jpg""]"
_dJmrS6xAdH8SV20Tc4bmtFul8fdO4_s267x6LQQ;;细节图！SML200¥;0;;lrg3k8cd5bgw3jv;;Для женщин;"[""https://xcimg.szwego.com/imgHD/f0138068/20260318/cmp_i1773800423439_9257_0_0.jpg"", ""https://xcimg.szwego.com/imgHD/f0138068/20260318/cmp_i1773800423441_1872_0_6.jpg"", ""https://xcimg.szwego.com/imgHD/f0138068/20260318/cmp_i1773800422209_42_0_1.jpg"", ""https://xcimg.szwego.com/imgHD/f0138068/20260318/cmp_i1773800423435_7772_0_7.jpg"", ""https://xcimg.szwego.com/imgHD/f0138068/20260318/cmp_i1773800422219_7087_0_3.jpg"", ""https://xcimg.szwego.com/imgHD/f0138068/20260318/cmp_i1773800422213_1165_0_5.jpg"", ""https://xcimg.szwego.com/imgHD/f0138068/20260318/cmp_i1773800422217_6735_0_4.jpg""]"
_dlnrSmeSxbb-1uYT1PpA5U3neU1ycGalx8SqW2w;;细节图！SML350¥;0;;lrg3k8cd5bgw3jv;;Для женщин;"[""https://xcimg.szwego.com/imgHD/f0138068/20260318/cmp_i1773801478708_8781_0_0.jpg"", ""https://xcimg.szwego.com/imgHD/f0138068/20260318/cmp_i1773801478702_1621_0_3.jpg"", ""https://xcimg.szwego.com/imgHD/f0138068/20260318/cmp_i1773801478716_81_0_1.jpg"", ""https://xcimg.szwego.com/imgHD/f0138068/20260318/cmp_i1773801478705_596_0_5.jpg"", ""https://xcimg.szwego.com/imgHD/f0138068/20260318/cmp_i1773801479861_2136_0_2.jpg"", ""https://xcimg.szwego.com/imgHD/f0138068/20260318/cmp_i1773801478710_9456_0_6.jpg"", ""https://xcimg.szwego.com/imgHD/f0138068/20260318/cmp_i1773801479863_7352_0_4.jpg""]"
_dvbrSw_rLg-VLPr_g5gYtj3tEUEt80ALttXqSqA;;🩵26早春系列蓝白拼接娃娃领衬衫，棉质府绸材质，轻薄透气，春夏穿超舒服！浅蓝主色+白色娃娃领，蕾丝花边点缀，少女感满满✨。短袖设计简约实用，胸前品牌标识超有辨识度。学院风+韩系甜美，搭百褶裙或高腰裤都很出彩，通勤、约会、校园都能轻松驾驭，减龄又优雅！👗SML350¥;0;;lrg3k8cd5bgw3jv;;Для женщин;"[""https://xcimg.szwego.com/imgHD/f0138068/20260318/cmp_i1773801324179_4367_0_0.jpg"", ""https://xcimg.szwego.com/imgHD/f0138068/20260318/cmp_i1773801329602_3755_0_6.jpg"", ""https://xcimg.szwego.com/imgHD/f0138068/20260318/cmp_i1773801324179_9758_0_1.jpg"", ""https://xcimg.szwego.com/imgHD/f0138068/20260318/cmp_i1773801324179_4768_0_2.jpg"", ""https://xcimg.szwego.com/imgHD/f0138068/20260318/cmp_i1773801324179_2853_0_3.jpg"", ""https://xcimg.szwego.com/imgHD/f0138068/20260318/cmp_i1773801324483_6586_0_4.jpg"", ""https://xcimg.szwego.com/imgHD/f0138068/20260318/cmp_i1773801324179_7924_0_5.jpg""]"
_d8urSf-n8hC3vSLygmvPAW_eFhSMDboonICiWfQ;;🌟26春夏系列短袖针织衫，奶油色针织面料，正面“Madame Bovary”刺绣，文学感满满！领口撞色设计，细节精致，优雅又有艺术气息✨。高品质针织，柔软舒适，春夏穿超合适。日常或轻正式场合都很百搭哦！ SML340¥;0;;lrg3k8cd5bgw3jv;;Для женщин;"[""https://xcimg.szwego.com/imgHD/f0138068/20260315/cmp_i1773541749920_2121_0_0.jpg"", ""https://xcimg.szwego.com/imgHD/f0138068/20260315/cmp_i1773541749004_7823_0_1.jpg"", ""https://xcimg.szwego.com/imgHD/f0138068/20260315/cmp_i1773541749005_8497_0_2.jpg"", ""https://xcimg.szwego.com/imgHD/f0138068/20260315/cmp_i1773541749008_5872_0_3.jpg"", ""https://xcimg.szwego.com/imgHD/f0138068/20260315/cmp_i1773541749004_9608_0_4.jpg"", ""https://xcimg.szwego.com/imgHD/f0138068/20260315/cmp_i1773541749008_2220_0_5.jpg""]"
_do1rSfbA5ZOcVoT3Q3bXdVkGWqw53oajdSRAxug;;细节图！SML320¥;0;;lrg3k8cd5bgw3jv;;Для женщин;"[""https://xcimg.szwego.com/img/f0138068/20260411/a1775882543499_4258.jpg"", ""https://xcimg.szwego.com/img/f0138068/20260411/a1775882543547_3615.jpg"", ""https://xcimg.szwego.com/img/f0138068/20260411/a1775882543360_7022.jpg"", ""https://xcimg.szwego.com/img/f0138068/20260411/a1775882543548_8800.jpg"", ""https://xcimg.szwego.com/img/f0138068/20260411/a1775882543358_8635.jpg"", ""https://xcimg.szwego.com/img/f0138068/20260411/a1775882545646_0243.jpg""]"
_do7rSMqEL_cZJeWxNEpTjvzjWe6WFm1MN9openg;;🩵26新款浅蓝荷叶边短款衬衫，木耳边褶皱+小翻领设计，甜美又精致✨。短款版型超显腰线，搭配高腰裙或工装短裙，轻松优化身材比例！面料轻薄透气，夏天穿超舒服，日常出街、约会、度假都能轻松驾驭～ SML320¥;0;;lrg3k8cd5bgw3jv;;Для женщин;"[""https://xcimg.szwego.com/imgHD/f0138068/20260411/cmp_i1775882090156_4840_0_0.jpg"", ""https://xcimg.szwego.com/imgHD/f0138068/20260411/cmp_i1775882090157_5494_0_1.jpg"", ""https://xcimg.szwego.com/imgHD/f0138068/20260411/cmp_i1775882077579_9212_0_5.jpg"", ""https://xcimg.szwego.com/imgHD/f0138068/20260411/cmp_i1775882090156_1907_0_2.jpg"", ""https://xcimg.szwego.com/imgHD/f0138068/20260411/cmp_i1775882090158_6408_0_3.jpg"", ""https://xcimg.szwego.com/imgHD/f0138068/20260411/cmp_i1775882077579_2320_0_4.jpg"", ""https://xcimg.szwego.com/imgHD/f0138068/20260411/cmp_i1775882077579_9045_0_6.jpg"", ""https://xcimg.szwego.com/imgHD/f0138068/20260411/cmp_i1775882077579_1509_0_7.jpg"", ""https://xcimg.szwego.com/imgHD/f0138068/20260411/cmp_i1775882077579_805_0_8.jpg""]"
_dy4rSMsPyLIKVF99o0-3jZY9MjviCAu5ebWga3w;;细节图！SML420¥;0;;lrg3k8cd5bgw3jv;;Для женщин;"[""https://xcimg.szwego.com/imgHD/f0138068/20260411/cmp_i1775881516222_1603_0_0.jpg"", ""https://xcimg.szwego.com/imgHD/f0138068/20260411/cmp_i1775881499731_771_0_1.jpg"", ""https://xcimg.szwego.com/imgHD/f0138068/20260411/cmp_i1775881508979_2177_0_6.jpg"", ""https://xcimg.szwego.com/imgHD/f0138068/20260411/cmp_i1775881499739_4200_0_2.jpg"", ""https://xcimg.szwego.com/imgHD/f0138068/20260411/cmp_i1775881499743_3318_0_3.jpg"", ""https://xcimg.szwego.com/imgHD/f0138068/20260411/cmp_i1775881508970_989_0_8.jpg"", ""https://xcimg.szwego.com/imgHD/f0138068/20260411/cmp_i1775881499744_5117_0_4.jpg"", ""https://xcimg.szwego.com/imgHD/f0138068/20260411/cmp_i1775881499753_8694_0_5.jpg"", ""https://xcimg.szwego.com/imgHD/f0138068/20260411/cmp_i1775881508984_9246_0_7.jpg""]"
_dfOrSlzaBqZDVkYKjdtzrZtVbamD11QGDPxwBUA;;细节图！SML300¥;0;;lrg3k8cd5bgw3jv;;Для женщин;"[""https://xcimg.szwego.com/imgHD/f0138068/20260411/cmp_i1775880536924_62_0_0.jpg"", ""https://xcimg.szwego.com/imgHD/f0138068/20260411/cmp_i1775880229699_6693_0_1.jpg"", ""https://xcimg.szwego.com/imgHD/f0138068/20260411/cmp_i1775880542364_4170_0_2.jpg"", ""https://xcimg.szwego.com/imgHD/f0138068/20260411/cmp_i1775880229730_2548_0_3.jpg"", ""https://xcimg.szwego.com/imgHD/f0138068/20260411/cmp_i1775880229723_4085_0_4.jpg"", ""https://xcimg.szwego.com/imgHD/f0138068/20260411/cmp_i1775880229733_7007_0_5.jpg"", ""https://xcimg.szwego.com/imgHD/f0138068/20260411/cmp_i1775880229713_9990_0_6.jpg""]"
_diXrS8o5IcamdvHcFvtQ4c8nL9KgKLevs-aphGw;;细节图！SML300¥;0;;lrg3k8cd5bgw3jv;;Для женщин;"[""https://xcimg.szwego.com/imgHD/f0138068/20260411/cmp_i1775880124992_5410_0_0.jpg"", ""https://xcimg.szwego.com/imgHD/f0138068/20260411/cmp_i1775880159845_7092_0_1.jpg"", ""https://xcimg.szwego.com/imgHD/f0138068/20260411/cmp_i1775880124975_152_0_2.jpg"", ""https://xcimg.szwego.com/imgHD/f0138068/20260411/cmp_i1775880125046_6339_0_3.jpg"", ""https://xcimg.szwego.com/imgHD/f0138068/20260411/cmp_i1775880125049_4695_0_4.jpg"", ""https://xcimg.szwego.com/imgHD/f0138068/20260411/cmp_i1775880124017_2733_0_5.jpg""]"
_dpirS3m_fzxzOEq5nKO0_N35UTlf5E0rzM4o-oA;;🤍Chanel这款白色网球风半裙，采用轻薄透气面料，简约优雅，腰部黑白条纹针织+双C金属Logo，品牌感满满✨。A字裙摆设计，修饰腿型又舒适。 SML300¥;0;;lrg3k8cd5bgw3jv;;Для женщин;"[""https://xcimg.szwego.com/imgHD/f0138068/20260411/cmp_i1775879292875_943_0_0.jpg"", ""https://xcimg.szwego.com/imgHD/f0138068/20260411/cmp_i1775879292875_3302_0_1.jpg"", ""https://xcimg.szwego.com/imgHD/f0138068/20260411/cmp_i1775879292875_8055_0_2.jpg"", ""https://xcimg.szwego.com/imgHD/f0138068/20260411/cmp_i1775879321302_188_0_3.jpg"", ""https://xcimg.szwego.com/imgHD/f0138068/20260411/cmp_i1775879321303_6875_0_4.jpg"", ""https://xcimg.szwego.com/imgHD/f0138068/20260411/cmp_i1775879600223_4070_0_5.jpg""]"
_dmXrS8oEBVtn-8p5tk-hHei7G3CO_WHite-M5Ow;;细节图！SML390¥;0;;lrg3k8cd5bgw3jv;;Для женщин;"[""https://xcimg.szwego.com/imgHD/f0138068/20260322/cmp_i1774140999223_1982_0_0.jpg"", ""https://xcimg.szwego.com/imgHD/f0138068/20260322/cmp_i1774141016157_9453_0_4.jpg"", ""https://xcimg.szwego.com/imgHD/f0138068/20260322/cmp_i1774141016152_5342_0_1.jpg"", ""https://xcimg.szwego.com/imgHD/f0138068/20260322/cmp_i1774140999224_2647_0_2.jpg"", ""https://xcimg.szwego.com/imgHD/f0138068/20260322/cmp_i1774140999215_3434_0_3.jpg"", ""https://xcimg.szwego.com/imgHD/f0138068/20260322/cmp_i1774140999212_7588_0_5.jpg"", ""https://xcimg.szwego.com/imgHD/f0138068/20260322/cmp_i1774140999228_5456_0_7.jpg"", ""https://xcimg.szwego.com/imgHD/f0138068/20260322/cmp_i1774141016163_4107_0_6.jpg""]"
_dVbrSsqGPilOEM63kYOQ2AGqbSNI11P-eUq0Pcw;;🤍26P系列白色针织开衫，柔软羊绒混纺，触感细腻有厚度。经典衬衫领+黑色滚边，简约又有辨识度✨。金属纽扣点缀，细节满分。版型修身，单穿或叠搭都很OK，通勤、日常、轻熟风都能轻松驾驭，优雅实用，是这一季超受欢迎的单品！SML390¥;0;;lrg3k8cd5bgw3jv;;Для женщин;"[""https://xcimg.szwego.com/imgHD/f0138068/20260322/cmp_i1774140935094_2986_0_0.jpg"", ""https://xcimg.szwego.com/imgHD/f0138068/20260322/cmp_i1774140939870_5376_0_1.jpg"", ""https://xcimg.szwego.com/imgHD/f0138068/20260322/cmp_i1774140935094_8334_0_2.jpg"", ""https://xcimg.szwego.com/imgHD/f0138068/20260322/cmp_i1774140935094_9366_0_3.jpg"", ""https://xcimg.szwego.com/imgHD/f0138068/20260322/cmp_i1774140935094_1974_0_4.jpg"", ""https://xcimg.szwego.com/imgHD/f0138068/20260322/cmp_i1774140935094_1633_0_5.jpg""]"
_deirShM4YBITNzSKZYqfBpkDedC5tumqlMTWPvA;;细节图！SML380¥;0;;lrg3k8cd5bgw3jv;;Для женщин;"[""https://xcimg.szwego.com/imgHD/f0138068/20260314/cmp_i1773453908102_602_0_0.jpg"", ""https://xcimg.szwego.com/imgHD/f0138068/20260314/cmp_i1773453909506_9387_0_5.jpg"", ""https://xcimg.szwego.com/imgHD/f0138068/20260314/cmp_i1773453909506_162_0_2.jpg"", ""https://xcimg.szwego.com/imgHD/f0138068/20260314/cmp_i1773453908117_2176_0_1.jpg"", ""https://xcimg.szwego.com/imgHD/f0138068/20260314/cmp_i1773453908114_6110_0_3.jpg"", ""https://xcimg.szwego.com/imgHD/f0138068/20260314/cmp_i1773453908102_6098_0_4.jpg"", ""https://xcimg.szwego.com/imgHD/f0138068/20260314/cmp_i1773453908109_2000_0_6.jpg""]"
_dd5rSXf8hj22aoQbJf5ozuKj9-Q8HyluaLEmR6w;;💙D26春夏系列条纹Polo衫，蓝白配色清新简约，春日氛围感满满✨。高品质针织面料，柔软舒适，修身剪裁，优雅又显身材。胸前logo标志，品牌感十足。半拉链设计，穿脱方便，兼具实用与时尚感。日常休闲或轻正式场合都能轻松驾驭，搭配牛仔裤或休闲裤都很出彩，属于高端时尚单品。 SML380¥;0;;lrg3k8cd5bgw3jv;;Для женщин;"[""https://xcimg.szwego.com/imgHD/f0138068/20260314/cmp_i1773453785482_7520_0_0.jpg"", ""https://xcimg.szwego.com/imgHD/f0138068/20260314/cmp_i1773453784190_1730_0_1.jpg"", ""https://xcimg.szwego.com/imgHD/f0138068/20260314/cmp_i1773453785486_5839_0_2.jpg"", ""https://xcimg.szwego.com/imgHD/f0138068/20260314/cmp_i1773453785488_8839_0_3.jpg"", ""https://xcimg.szwego.com/imgHD/f0138068/20260314/cmp_i1773453784190_7379_0_4.jpg"", ""https://xcimg.szwego.com/imgHD/f0138068/20260314/cmp_i1773453784190_2552_0_5.jpg"", ""https://xcimg.szwego.com/imgHD/f0138068/20260314/cmp_i1773453784190_6031_0_6.jpg"", ""https://xcimg.szwego.com/imgHD/f0138068/20260314/cmp_i1773453784190_3533_0_7.jpg""]"
_dv2rS8NXmiF1xERkXyVWxzqakm-CJ6x64M05qOA;;细节图！SML680¥ 实物超重工;0;;lrg3k8cd5bgw3jv;;Для женщин;"[""https://xcimg.szwego.com/img/f0138068/20260122/i1769055674711_7706_0_0.jpg"", ""https://xcimg.szwego.com/img/f0138068/20260122/i1769055674731_3053_0_1.jpg"", ""https://xcimg.szwego.com/img/f0138068/20260122/i1769055678700_4879_0_2.jpg"", ""https://xcimg.szwego.com/img/f0138068/20260122/i1769055678674_2394_0_3.jpg"", ""https://xcimg.szwego.com/img/f0138068/20260122/i1769055674689_5681_0_4.jpg"", ""https://xcimg.szwego.com/img/f0138068/20260122/i1769055678665_9216_0_5.jpg"", ""https://xcimg.szwego.com/img/f0138068/20260122/i1769055674724_291_0_6.jpg"", ""https://xcimg.szwego.com/img/f0138068/20260122/i1769055678660_1750_0_7.jpg"", ""https://xcimg.szwego.com/img/f0138068/20260122/i1769055674674_986_0_8.jpg""]"
_do3rS2fG_5HL2hDHuEnIikkuk8CbW3tj4xtYiuQ;;细节图！SML880¥;0;;lrg3k8cd5bgw3jv;;Для женщин;"[""https://xcimg.szwego.com/imgHD/f0138068/20260304/cmp_i1772603539006_827_0_0.jpg"", ""https://xcimg.szwego.com/imgHD/f0138068/20260304/cmp_i1772603548818_5135_0_1.jpg"", ""https://xcimg.szwego.com/imgHD/f0138068/20260304/cmp_i1772603538996_279_0_2.jpg"", ""https://xcimg.szwego.com/imgHD/f0138068/20260304/cmp_i1772603539011_4455_0_3.jpg"", ""https://xcimg.szwego.com/imgHD/f0138068/20260304/cmp_i1772603552137_8594_0_4.jpg"", ""https://xcimg.szwego.com/imgHD/f0138068/20260304/cmp_i1772603539007_4769_0_5.jpg"", ""https://xcimg.szwego.com/imgHD/f0138068/20260304/cmp_i1772603538998_2503_0_6.jpg""]"
_dlHrSxiZHPzizcOGofmfU7i_-jcXvZng0yhLE6w;;🌸26早春新款粉色短袖衬衫，满身CC Logo印花，品牌感超强！真丝提花面料，春夏穿超舒服，金属纽扣+收腰设计，优雅又显身材✨。度假系列常见，低调奢华，搭配白色裤装或裙装都很出彩，日常或特殊场合都能轻松驾驭，时髦又实用！ SML880¥;0;;lrg3k8cd5bgw3jv;;Для женщин;"[""https://xcimg.szwego.com/imgHD/f0138068/20260304/cmp_i1772603118138_4605_0_3.jpg"", ""https://xcimg.szwego.com/imgHD/f0138068/20260304/cmp_i1772603115332_795_0_4.jpg"", ""https://xcimg.szwego.com/imgHD/f0138068/20260304/cmp_i1772603115332_3421_0_0.jpg"", ""https://xcimg.szwego.com/imgHD/f0138068/20260304/cmp_i1772603115332_432_0_1.jpg"", ""https://xcimg.szwego.com/imgHD/f0138068/20260304/cmp_i1772603118138_9582_0_2.jpg"", ""https://xcimg.szwego.com/imgHD/f0138068/20260304/cmp_i1772603115332_4205_0_5.jpg"", ""https://xcimg.szwego.com/imgHD/f0138068/20260304/cmp_i1772603115332_2818_0_6.jpg""]"
_ditrSl-ditctc1Bl1RrJ_Rm9jvH4N61Qew28B6A;;细节图！SML190¥;0;;lrg3k8cd5bgw3jv;;Для женщин;"[""https://xcimg.szwego.com/imgHD/f0138068/20260410/cmp_i1775795142753_1132_0_0.jpg"", ""https://xcimg.szwego.com/imgHD/f0138068/20260410/cmp_i1775795142753_298_0_1.jpg"", ""https://xcimg.szwego.com/imgHD/f0138068/20260410/cmp_i1775794755411_549_0_2.jpg"", ""https://xcimg.szwego.com/imgHD/f0138068/20260410/cmp_i1775794755413_2865_0_3.jpg"", ""https://xcimg.szwego.com/imgHD/f0138068/20260410/cmp_i1775794755397_1282_0_4.jpg"", ""https://xcimg.szwego.com/imgHD/f0138068/20260410/cmp_i1775795142753_3674_0_5.jpg"", ""https://xcimg.szwego.com/imgHD/f0138068/20260410/cmp_i1775795142753_496_0_6.jpg"", ""https://xcimg.szwego.com/imgHD/f0138068/20260410/cmp_i1775794755397_8837_0_7.jpg"", ""https://xcimg.szwego.com/imgHD/f0138068/20260410/cmp_i1775795142753_6805_0_8.jpg""]"
_dtirSMxkFlMafP9Ex9L-sqFgKY5W9x-C5ZSue1A;;💚新款棉质条纹抹胸，浅绿+白色配色，清新简约超适合夏天！无肩带设计，贴合身形，胸前品牌标识超有辨识度✨。棉质面料透气舒适，日常或度假都能轻松驾驭。搭配高腰裤/裙，轻松get夏日活力风，时髦又实用！ SML190¥;0;;lrg3k8cd5bgw3jv;;Для женщин;"[""https://xcimg.szwego.com/imgHD/f0138068/20260410/cmp_i1775794203895_4782_0_1.jpg"", ""https://xcimg.szwego.com/imgHD/f0138068/20260410/cmp_i1775794201490_3406_0_2.jpg"", ""https://xcimg.szwego.com/imgHD/f0138068/20260410/cmp_i1775794201490_2469_0_3.jpg"", ""https://xcimg.szwego.com/imgHD/f0138068/20260410/cmp_i1775794203895_8983_0_4.jpg"", ""https://xcimg.szwego.com/imgHD/f0138068/20260410/cmp_i1775794203895_9969_0_5.jpg"", ""https://xcimg.szwego.com/imgHD/f0138068/20260410/cmp_i1775794203896_3551_0_6.jpg""]"
_dscrSdLZegJ6omxvQC5uAuvfhhjkCckaR3Y_ftw;;细节图！SML350¥;0;;lrg3k8cd5bgw3jv;;Для женщин;"[""https://xcimg.szwego.com/imgHD/f0138068/20260410/cmp_i1775793861003_6627_0_0.jpg"", ""https://xcimg.szwego.com/imgHD/f0138068/20260410/cmp_i1775793855907_3046_0_1.jpg"", ""https://xcimg.szwego.com/imgHD/f0138068/20260410/cmp_i1775793837560_5749_0_2.jpg"", ""https://xcimg.szwego.com/imgHD/f0138068/20260410/cmp_i1775793837562_4150_0_3.jpg"", ""https://xcimg.szwego.com/imgHD/f0138068/20260410/cmp_i1775793861002_6735_0_4.jpg"", ""https://xcimg.szwego.com/imgHD/f0138068/20260410/cmp_i1775793855928_2439_0_5.jpg"", ""https://xcimg.szwego.com/imgHD/f0138068/20260410/cmp_i1775793837569_2005_0_6.jpg"", ""https://xcimg.szwego.com/imgHD/f0138068/20260410/cmp_i1775793837561_240_0_7.jpg""]"
_dmcrSj4Dx1Si4bZjQnx-8eADMy2l_zOJUiw4SPw;;浅蓝色百搭显瘦牛仔裤;0;;lrg3k8cd5bgw3jv;;Для женщин;"[""https://xcimg.szwego.com/imgHD/f0138068/20260410/cmp_i1775793674051_4443_0_0.jpg"", ""https://xcimg.szwego.com/imgHD/f0138068/20260410/cmp_i1775793670278_1505_0_1.jpg"", ""https://xcimg.szwego.com/imgHD/f0138068/20260410/cmp_i1775793670279_5019_0_2.jpg"", ""https://xcimg.szwego.com/imgHD/f0138068/20260410/cmp_i1775793670279_5612_0_3.jpg"", ""https://xcimg.szwego.com/imgHD/f0138068/20260410/cmp_i1775793670280_7995_0_4.jpg"", ""https://xcimg.szwego.com/imgHD/f0138068/20260410/cmp_i1775793670278_4247_0_5.jpg"", ""https://xcimg.szwego.com/imgHD/f0138068/20260410/cmp_i1775793674050_1245_0_6.jpg""]"
_du-rSj_KOB0v6ZW8YDsHujadAczkOII1SOdDGvA;;🩵Miu浅蓝色阔腿牛仔裤，高腰设计+宽松直筒版型，复古水洗浅蓝超显气质！后袋黄色刺绣logo超有辨识度✨。面料柔软透气，夏天穿也很舒服，对身材超友好，修饰腿型又自在。日常通勤、休闲都能轻松搭配，配简约上衣或凉鞋，轻松get慵懒时髦感～👖 SML350¥;0;;lrg3k8cd5bgw3jv;;Для женщин;"[""https://xcimg.szwego.com/imgHD/f0138068/20260410/cmp_i1775793410670_5138_0_8.jpg"", ""https://xcimg.szwego.com/imgHD/f0138068/20260410/cmp_i1775793379408_2538_0_1.jpg"", ""https://xcimg.szwego.com/imgHD/f0138068/20260410/cmp_i1775793376778_2033_0_2.jpg"", ""https://xcimg.szwego.com/imgHD/f0138068/20260410/cmp_i1775793379410_682_0_3.jpg"", ""https://xcimg.szwego.com/imgHD/f0138068/20260410/cmp_i1775793379408_8410_0_4.jpg"", ""https://xcimg.szwego.com/imgHD/f0138068/20260410/cmp_i1775793376778_6145_0_5.jpg"", ""https://xcimg.szwego.com/imgHD/f0138068/20260410/cmp_i1775793379409_7398_0_6.jpg"", ""https://xcimg.szwego.com/imgHD/f0138068/20260410/cmp_i1775793376778_6037_0_7.jpg"", ""https://xcimg.szwego.com/imgHD/f0138068/20260410/cmp_i1775793376779_2935_0_8.jpg""]"
_dwTrS1SHdUDl9JD6LNZon8kGQCW_s3-wEVoV5Dg;;细节图！SML560¥;0;;lrg3k8cd5bgw3jv;;Для женщин;"[""https://xcimg.szwego.com/imgHD/f0138068/20260410/cmp_i1775792817838_3252_0_0.jpg"", ""https://xcimg.szwego.com/imgHD/f0138068/20260410/cmp_i1775792817838_5488_0_1.jpg"", ""https://xcimg.szwego.com/imgHD/f0138068/20260410/cmp_i1775792799526_8455_0_2.jpg"", ""https://xcimg.szwego.com/imgHD/f0138068/20260410/cmp_i1775792799549_7193_0_3.jpg"", ""https://xcimg.szwego.com/imgHD/f0138068/20260410/cmp_i1775792817843_6752_0_4.jpg"", ""https://xcimg.szwego.com/imgHD/f0138068/20260410/cmp_i1775792799574_3786_0_5.jpg"", ""https://xcimg.szwego.com/imgHD/f0138068/20260410/cmp_i1775792799535_1967_0_6.jpg""]"
_dtNrSo1ZFjp3QbecfpQ6h-9WEC35lMJeQE8z1YQ;;🤍26早春新品白色羊绒针织短袖，采用100%羊绒，柔软亲肤，贴身穿着超舒适。立体浮雕老花刺绣，凹凸肌理感满满，细节精致✨。圆领短袖设计，春夏单穿或内搭都很OK，通勤、约会、度假都能轻松驾驭。奶白色调温柔显贵，搭配牛仔裤或裙装都很出彩，是实用又时髦的百搭单品！ SML560¥;0;;lrg3k8cd5bgw3jv;;Для женщин;"[""https://xcimg.szwego.com/imgHD/f0138068/20260410/cmp_i1775792433309_5542_0_0.jpg"", ""https://xcimg.szwego.com/imgHD/f0138068/20260410/cmp_i1775792438458_4836_0_5.jpg"", ""https://xcimg.szwego.com/imgHD/f0138068/20260410/cmp_i1775792433309_3540_0_1.jpg"", ""https://xcimg.szwego.com/imgHD/f0138068/20260410/cmp_i1775792438457_8303_0_2.jpg"", ""https://xcimg.szwego.com/imgHD/f0138068/20260410/cmp_i1775792433309_5746_0_3.jpg"", ""https://xcimg.szwego.com/imgHD/f0138068/20260410/cmp_i1775792433309_3305_0_4.jpg"", ""https://xcimg.szwego.com/imgHD/f0138068/20260410/cmp_i1775792433309_3398_0_6.jpg""]"
_d9WrS7Hwi_DJrE88b45Q80FQadGWbKrh-bOp9gA;;细节图！SML230¥;0;;lrg3k8cd5bgw3jv;;Для женщин;"[""https://xcimg.szwego.com/imgHD/f0138068/20260410/cmp_i1775792144223_7111_0_0.jpg"", ""https://xcimg.szwego.com/imgHD/f0138068/20260410/cmp_i1775792128933_1061_0_1.jpg"", ""https://xcimg.szwego.com/imgHD/f0138068/20260410/cmp_i1775792128936_4631_0_2.jpg"", ""https://xcimg.szwego.com/imgHD/f0138068/20260410/cmp_i1775792128932_4140_0_3.jpg"", ""https://xcimg.szwego.com/imgHD/f0138068/20260410/cmp_i1775792128926_1761_0_4.jpg"", ""https://xcimg.szwego.com/imgHD/f0138068/20260410/cmp_i1775792128926_6972_0_5.jpg""]"
_d9qrSrKuO-mzx__gh1cBuN8Fvtpa4sFm5lDFWvg;;💙Ac1996系列长袖T恤，水洗做旧工艺，蓝灰色调超有复古感！正面“Studios est.1996”字母印花，品牌辨识度满分✨。棉质面料轻薄透气，宽松版型，舒适又时髦，日常通勤、休闲都能轻松驾驭。搭配牛仔裤或阔腿裤，慵懒随性风get！ SML230¥;0;;lrg3k8cd5bgw3jv;;Для женщин;"[""https://xcimg.szwego.com/imgHD/f0138068/20260410/cmp_i1775789793700_84_0_0.jpg"", ""https://xcimg.szwego.com/imgHD/f0138068/20260410/cmp_i1775789793699_7179_0_1.jpg"", ""https://xcimg.szwego.com/imgHD/f0138068/20260410/cmp_i1775789795176_3294_0_2.jpg"", ""https://xcimg.szwego.com/imgHD/f0138068/20260410/cmp_i1775789793700_8290_0_3.jpg"", ""https://xcimg.szwego.com/imgHD/f0138068/20260410/cmp_i1775789793700_9530_0_4.jpg"", ""https://xcimg.szwego.com/imgHD/f0138068/20260410/cmp_i1775789795176_5389_0_5.jpg"", ""https://xcimg.szwego.com/imgHD/f0138068/20260410/cmp_i1775789793700_349_0_6.jpg"", ""https://xcimg.szwego.com/imgHD/f0138068/20260410/cmp_i1775789795177_7999_0_7.jpg""]"
_dpWrSEP0TGHlMURZxtXW9_9RetsPiGY_ErKZDlQ;;白色细节图！SML390¥ 大货;0;;lrg3k8cd5bgw3jv;;Для женщин;"[""https://xcimg.szwego.com/imgHD/f0138068/20260409/cmp_i1775718561656_8136_0_0.jpg"", ""https://xcimg.szwego.com/imgHD/f0138068/20260409/cmp_i1775718550607_1948_0_1.jpg"", ""https://xcimg.szwego.com/imgHD/f0138068/20260409/cmp_i1775718533925_2099_0_2.jpg"", ""https://xcimg.szwego.com/imgHD/f0138068/20260409/cmp_i1775718533925_631_0_3.jpg"", ""https://xcimg.szwego.com/imgHD/f0138068/20260409/cmp_i1775718534531_7488_0_5.jpg"", ""https://xcimg.szwego.com/imgHD/f0138068/20260409/cmp_i1775718534488_7831_0_6.jpg"", ""https://xcimg.szwego.com/imgHD/f0138068/20260409/cmp_i1775718533925_1212_0_7.jpg"", ""https://xcimg.szwego.com/imgHD/f0138068/20260409/cmp_i1775718550016_7314_0_8.jpg"", ""https://xcimg.szwego.com/imgHD/f0138068/20260409/cmp_i1775718561073_9638_0_9.jpg""]"
_dyVrSQjAyaURwUw-FH37tExmT27YRd0OegXT3ng;;ZP细节图！SML390¥;0;;lrg3k8cd5bgw3jv;;Для женщин;"[""https://xcimg.szwego.com/imgHD/f0138068/20260319/cmp_i1773906175840_5540_0_0.jpg"", ""https://xcimg.szwego.com/imgHD/f0138068/20260319/cmp_i1773906160296_2409_0_1.jpg"", ""https://xcimg.szwego.com/imgHD/f0138068/20260319/cmp_i1773906158220_8133_0_2.jpg"", ""https://xcimg.szwego.com/imgHD/f0138068/20260319/cmp_i1773906159399_2432_0_3.jpg"", ""https://xcimg.szwego.com/imgHD/f0138068/20260319/cmp_i1773906160229_5784_0_4.jpg"", ""https://xcimg.szwego.com/imgHD/f0138068/20260319/cmp_i1773906176215_4190_0_5.jpg"", ""https://xcimg.szwego.com/imgHD/f0138068/20260319/cmp_i1773906175895_8506_0_6.jpg"", ""https://xcimg.szwego.com/imgHD/f0138068/20260319/cmp_i1773906160361_9867_0_7.jpg""]"
_djWrS2oGEobKb4ZYXOFqk4ur8GLmYlVMTJS3uog;;蓝 白 黑 三色 26P爆款书包扣牛仔裤 百搭款;0;;lrg3k8cd5bgw3jv;;Для женщин;"[""https://xcimg.szwego.com/imgHD/f0138068/20260404/cmp_i1775286803268_1676_0_6.jpg"", ""https://xcimg.szwego.com/imgHD/f0138068/20260404/cmp_i1775286757191_2570_0_5.jpg"", ""https://xcimg.szwego.com/imgHD/f0138068/20260404/cmp_i1775286750210_8624_0_4.jpg"", ""https://xcimg.szwego.com/imgHD/f0138068/20260404/cmp_i1775286750210_7409_0_0.jpg"", ""https://xcimg.szwego.com/imgHD/f0138068/20260404/cmp_i1775286750210_1976_0_1.jpg"", ""https://xcimg.szwego.com/imgHD/f0138068/20260404/cmp_i1775286750210_6372_0_2.jpg"", ""https://xcimg.szwego.com/imgHD/f0138068/20260404/cmp_i1775286750210_6818_0_3.jpg""]"
_djgrSXRQeaiO_jjR_I0vTQRK51q5Le2m8CrORSw;;细节图！SML1250¥;0;;lrg3k8cd5bgw3jv;;Для женщин;"[""https://xcimg.szwego.com/imgHD/f0138068/20260409/cmp_i1775709256668_6999_0_0.jpg"", ""https://xcimg.szwego.com/imgHD/f0138068/20260409/cmp_i1775709268846_2984_0_1.jpg"", ""https://xcimg.szwego.com/imgHD/f0138068/20260409/cmp_i1775709256630_2462_0_2.jpg"", ""https://xcimg.szwego.com/imgHD/f0138068/20260409/cmp_i1775709268291_1776_0_3.jpg"", ""https://xcimg.szwego.com/imgHD/f0138068/20260409/cmp_i1775709256704_7834_0_4.jpg"", ""https://xcimg.szwego.com/imgHD/f0138068/20260409/cmp_i1775709268284_4480_0_5.jpg"", ""https://xcimg.szwego.com/imgHD/f0138068/20260409/cmp_i1775709256711_8741_0_6.jpg"", ""https://xcimg.szwego.com/imgHD/f0138068/20260409/cmp_i1775709323686_5008_0_7.jpg""]"
_dkRrS4uaRnFbmYaIVYDAA_y6zPueTVn-3mC_JMA;;🖤 黑色短款皮衣外套➕A字半裙套装，选用优质皮革，质感细腻有光泽，复古金属双G扣超有辨识度✨。短款剪裁+翻领设计，修身显高，春秋穿超合适！内搭蕾丝或针织，轻松切换酷飒or优雅风，通勤、聚会都能轻松驾驭，是衣橱必备百搭单品！ 皮衣SML1250¥ 半裙SML650¥;0;;lrg3k8cd5bgw3jv;;Для женщин;"[""https://xcimg.szwego.com/imgHD/f0138068/20260409/cmp_i1775706991138_2355_0_0.jpg"", ""https://xcimg.szwego.com/imgHD/f0138068/20260409/cmp_i1775706991138_6845_0_1.jpg"", ""https://xcimg.szwego.com/imgHD/f0138068/20260409/cmp_i1775706991138_1574_0_2.jpg"", ""https://xcimg.szwego.com/imgHD/f0138068/20260409/cmp_i1775706993061_3824_0_3.jpg"", ""https://xcimg.szwego.com/imgHD/f0138068/20260409/cmp_i1775706991138_4271_0_4.jpg"", ""https://xcimg.szwego.com/imgHD/f0138068/20260409/cmp_i1775706991138_3175_0_5.jpg""]"
_dwQrSnFq6QEFsAIK7DDmlzW_6FGvKpeRpjt2XhA;;细节图！SML580¥;0;;lrg3k8cd5bgw3jv;;Для женщин;"[""https://xcimg.szwego.com/imgHD/f0138068/20260409/cmp_i1775708771432_145_0_0.jpg"", ""https://xcimg.szwego.com/imgHD/f0138068/20260409/cmp_i1775708771351_9178_0_1.jpg"", ""https://xcimg.szwego.com/imgHD/f0138068/20260409/cmp_i1775708771423_6075_0_2.jpg"", ""https://xcimg.szwego.com/imgHD/f0138068/20260409/cmp_i1775708770701_5784_0_4.jpg"", ""https://xcimg.szwego.com/imgHD/f0138068/20260409/cmp_i1775708794436_9814_0_5.jpg"", ""https://xcimg.szwego.com/imgHD/f0138068/20260409/cmp_i1775708803260_5757_0_6.jpg"", ""https://xcimg.szwego.com/imgHD/f0138068/20260409/cmp_i1775708770754_9127_0_7.jpg"", ""https://xcimg.szwego.com/imgHD/f0138068/20260409/cmp_i1775708794412_4819_0_8.jpg"", ""https://xcimg.szwego.com/imgHD/f0138068/20260409/cmp_i1775708793782_8803_0_10.jpg""]"
_dylrSplovNjnUEzY4DgRkY0Qb3ix8H--NjaXDqQ;;风衣➕皮裙 一套都有;0;;lrg3k8cd5bgw3jv;;Для женщин;"[""https://xcimg.szwego.com/imgHD/f0138068/20260409/cmp_i1775706501416_6774_0_1.jpg"", ""https://xcimg.szwego.com/imgHD/f0138068/20260409/cmp_i1775706501416_1732_0_0.jpg"", ""https://xcimg.szwego.com/imgHD/f0138068/20260409/cmp_i1775706512106_1439_0_2.jpg"", ""https://xcimg.szwego.com/imgHD/f0138068/20260409/cmp_i1775706501416_5344_0_4.jpg"", ""https://xcimg.szwego.com/imgHD/f0138068/20260409/cmp_i1775706512106_2543_0_5.jpg"", ""https://xcimg.szwego.com/imgHD/f0138068/20260409/cmp_i1775706501416_9464_0_6.jpg"", ""https://xcimg.szwego.com/imgHD/f0138068/20260409/cmp_i1775709017235_7673_0_0.jpg"", ""https://xcimg.szwego.com/imgHD/f0138068/20260409/cmp_i1775709061540_5723_0_7.jpg""]"
_dwzrS_LBwtwDbNQm-Az0Sd7N-O1AnShVv8hdN2Q;;✨Y$L26早春系列撞色夹克，卡其色与深蓝拼接，复古运动风满满！轻薄尼龙面料，宽松短款剪裁，立领+拉链设计，胸前品牌刺绣超有辨识度，日常通勤、休闲出行都能轻松驾驭，叠穿或单穿都很出彩，是本季超火的时尚单品！🧥SML580¥;0;;lrg3k8cd5bgw3jv;;Для женщин;"[""https://xcimg.szwego.com/imgHD/f0138068/20260409/cmp_i1775706680559_5039_0_0.jpg"", ""https://xcimg.szwego.com/imgHD/f0138068/20260409/cmp_i1775706682893_1468_0_1.jpg"", ""https://xcimg.szwego.com/imgHD/f0138068/20260409/cmp_i1775706680560_2259_0_2.jpg"", ""https://xcimg.szwego.com/imgHD/f0138068/20260409/cmp_i1775706682893_991_0_3.jpg"", ""https://xcimg.szwego.com/imgHD/f0138068/20260409/cmp_i1775706680559_5563_0_4.jpg"", ""https://xcimg.szwego.com/imgHD/f0138068/20260409/cmp_i1775706682893_7361_0_5.jpg"", ""https://xcimg.szwego.com/imgHD/f0138068/20260409/cmp_i1775706680558_7715_0_6.jpg"", ""https://xcimg.szwego.com/imgHD/f0138068/20260409/cmp_i1775706682892_7059_0_7.jpg"", ""https://xcimg.szwego.com/imgHD/f0138068/20260409/cmp_i1775706680560_3846_0_8.jpg""]"
_dcprSx8yfssvfSmmzQ_AnRRsFh5YQP90WTur5hg;;细节图！SML590¥;0;;lrg3k8cd5bgw3jv;;Для женщин;"[""https://xcimg.szwego.com/imgHD/f0138068/20260409/cmp_i1775709657405_3217_0_0.jpg"", ""https://xcimg.szwego.com/imgHD/f0138068/20260409/cmp_i1775709365534_4658_0_3.jpg"", ""https://xcimg.szwego.com/imgHD/f0138068/20260409/cmp_i1775709365528_6654_0_1.jpg"", ""https://xcimg.szwego.com/imgHD/f0138068/20260409/cmp_i1775709365535_837_0_2.jpg"", ""https://xcimg.szwego.com/imgHD/f0138068/20260409/cmp_i1775709657415_157_0_4.jpg"", ""https://xcimg.szwego.com/imgHD/f0138068/20260409/cmp_i1775709342737_1997_0_5.jpg"", ""https://xcimg.szwego.com/imgHD/f0138068/20260409/cmp_i1775709365528_6115_0_6.jpg"", ""https://xcimg.szwego.com/imgHD/f0138068/20260409/cmp_i1775709657405_2975_0_7.jpg""]"
_dxqrSmX9QPpN70iBmzFP6TNfy6siCRbYuH75dbQ;;细节图！SML420¥;0;;lrg3k8cd5bgw3jv;;Для женщин;"[""https://xcimg.szwego.com/imgHD/f0138068/20260403/cmp_i1775188274583_4600_0_0.jpg"", ""https://xcimg.szwego.com/imgHD/f0138068/20260403/cmp_i1775188264513_3543_0_1.jpg"", ""https://xcimg.szwego.com/imgHD/f0138068/20260403/cmp_i1775188274599_4132_0_2.jpg"", ""https://xcimg.szwego.com/imgHD/f0138068/20260403/cmp_i1775188264478_2695_0_3.jpg"", ""https://xcimg.szwego.com/imgHD/f0138068/20260403/cmp_i1775188263806_8423_0_4.jpg"", ""https://xcimg.szwego.com/imgHD/f0138068/20260403/cmp_i1775188263774_455_0_5.jpg"", ""https://xcimg.szwego.com/imgHD/f0138068/20260403/cmp_i1775188263817_2276_0_6.jpg""]"
_dkJrS7YygtqPEqoZd5gf1UTgyByORAJVztPsoEg;;💙26P藏蓝色工装外套，经典工装风+宽松廓形，袖口格纹拼接超有层次感，胸前双C刺绣低调又高级✨。拉链设计方便穿脱，藏蓝色清冷氛围感，搭配半裙或牛仔裤都很出彩～春秋季节单穿或叠穿都很OK，实用又时髦！ SM L590¥ 性价比超高;0;;lrg3k8cd5bgw3jv;;Для женщин;"[""https://xcimg.szwego.com/imgHD/f0138068/20260403/cmp_a1775187485669_8240.jpg"", ""https://xcimg.szwego.com/imgHD/f0138068/20260403/cmp_a1775187485670_2484.jpg"", ""https://xcimg.szwego.com/imgHD/f0138068/20260403/cmp_a1775187485670_4687.jpg"", ""https://xcimg.szwego.com/imgHD/f0138068/20260409/cmp_i1775708484941_3284_0_6.jpg"", ""https://xcimg.szwego.com/imgHD/f0138068/20260403/cmp_a1775187485669_8024.jpg"", ""https://xcimg.szwego.com/imgHD/f0138068/20260409/cmp_i1775708609762_6124_0_7.jpg"", ""https://xcimg.szwego.com/imgHD/f0138068/20260403/cmp_i1775187394696_644_0_1.jpg"", ""https://xcimg.szwego.com/imgHD/f0138068/20260403/cmp_a1775187485677_6334.jpg""]"
_d8orS1Io7LXSq9UdiI6qBAaaTUg2ZZ9YK3q1vFQ;;细节图！SML490¥;0;;lrg3k8cd5bgw3jv;;Для женщин;"[""https://xcimg.szwego.com/imgHD/f0138068/20260408/cmp_i1775621613995_5515_0_0.jpg"", ""https://xcimg.szwego.com/imgHD/f0138068/20260408/cmp_i1775621613996_1614_0_1.jpg"", ""https://xcimg.szwego.com/imgHD/f0138068/20260408/cmp_i1775621613997_1686_0_2.jpg"", ""https://xcimg.szwego.com/imgHD/f0138068/20260408/cmp_i1775621614002_7083_0_3.jpg"", ""https://xcimg.szwego.com/imgHD/f0138068/20260408/cmp_i1775621627323_8792_0_5.jpg"", ""https://xcimg.szwego.com/imgHD/f0138068/20260408/cmp_i1775621627347_3328_0_6.jpg"", ""https://xcimg.szwego.com/imgHD/f0138068/20260408/cmp_i1775621614008_1628_0_4.jpg""]"
_deRrSVKQsy-xmyfDw1PnHTxGlkLOxn9uMVaeBEw;;💛26S奶黄色针织开衫，柔软针织材质，黑色滚边设计，简约又经典✨。双C金属纽扣+对称口袋，实用又有辨识度。奶黄色温柔百搭，黑色边饰增添层次感，短款版型优化身材比例，搭配高腰裤或半裙超显腿长 时髦精必入！ SML490¥;0;;lrg3k8cd5bgw3jv;;Для женщин;"[""https://xcimg.szwego.com/imgHD/f0138068/20260408/cmp_i1775621378768_3234_0_0.jpg"", ""https://xcimg.szwego.com/imgHD/f0138068/20260408/cmp_i1775621375472_9472_0_1.jpg"", ""https://xcimg.szwego.com/imgHD/f0138068/20260408/cmp_i1775621375472_1949_0_2.jpg"", ""https://xcimg.szwego.com/imgHD/f0138068/20260408/cmp_i1775621375474_1055_0_3.jpg"", ""https://xcimg.szwego.com/imgHD/f0138068/20260408/cmp_i1775621378768_9106_0_4.jpg"", ""https://xcimg.szwego.com/imgHD/f0138068/20260408/cmp_i1775621375472_695_0_5.jpg"", ""https://xcimg.szwego.com/imgHD/f0138068/20260408/cmp_i1775621375472_7475_0_6.jpg"", ""https://xcimg.szwego.com/imgHD/f0138068/20260408/cmp_i1775621378769_7022_0_7.jpg""]"
_dturS1RmbVepQN7qlwTSFra6lV5O7Xcgn7r4d1Q;;细节图！SML580¥;0;;lrg3k8cd5bgw3jv;;Для женщин;"[""https://xcimg.szwego.com/imgHD/f0138068/20260408/cmp_i1775620965948_249_0_0.jpg"", ""https://xcimg.szwego.com/imgHD/f0138068/20260408/cmp_i1775620952614_5146_0_1.jpg"", ""https://xcimg.szwego.com/imgHD/f0138068/20260408/cmp_i1775620965921_2621_0_2.jpg"", ""https://xcimg.szwego.com/imgHD/f0138068/20260408/cmp_i1775620951925_9030_0_3.jpg"", ""https://xcimg.szwego.com/imgHD/f0138068/20260408/cmp_i1775620952019_2549_0_4.jpg"", ""https://xcimg.szwego.com/imgHD/f0138068/20260408/cmp_i1775620952627_612_0_5.jpg"", ""https://xcimg.szwego.com/imgHD/f0138068/20260408/cmp_i1775620965221_637_0_6.jpg"", ""https://xcimg.szwego.com/imgHD/f0138068/20260408/cmp_i1775620952031_5282_0_7.jpg""]"
_dqrrScuIoYFGHY20TMDzTKOpHDqshuidrHTenuA;;🖤26P黑色针织开衫，经典圆领+双C纽扣，低调又有辨识度✨。羊毛混纺材质，柔软保暖，秋冬穿超合适！宽松版型，慵懒学院风，通勤休闲都能轻松驾驭～26P是Vivienne的收官系列，收藏价值满满，喜欢香家的姐妹别错过啦！SML580¥;0;;lrg3k8cd5bgw3jv;;Для женщин;"[""https://xcimg.szwego.com/imgHD/f0138068/20260408/cmp_i1775620901556_2755_0_0.jpg"", ""https://xcimg.szwego.com/imgHD/f0138068/20260408/cmp_i1775620901556_7067_0_1.jpg"", ""https://xcimg.szwego.com/imgHD/f0138068/20260408/cmp_i1775620905722_5400_0_2.jpg"", ""https://xcimg.szwego.com/imgHD/f0138068/20260408/cmp_i1775620901556_8598_0_3.jpg"", ""https://xcimg.szwego.com/imgHD/f0138068/20260408/cmp_i1775620905807_9486_0_4.jpg"", ""https://xcimg.szwego.com/imgHD/f0138068/20260408/cmp_i1775620901556_5843_0_5.jpg"", ""https://xcimg.szwego.com/imgHD/f0138068/20260408/cmp_i1775620901556_4832_0_6.jpg"", ""https://xcimg.szwego.com/imgHD/f0138068/20260408/cmp_i1775620905722_7128_0_7.jpg""]"
_dgkrSsLKsMN13Taa5e2CZc1yFVIVtklAIngjuvQ;;细节图！SML260¥;0;;lrg3k8cd5bgw3jv;;Для женщин;"[""https://xcimg.szwego.com/imgHD/f0138068/20260407/cmp_i1775533497267_2909_0_1.jpg"", ""https://xcimg.szwego.com/imgHD/f0138068/20260407/cmp_i1775533497288_8136_0_4.jpg"", ""https://xcimg.szwego.com/imgHD/f0138068/20260407/cmp_i1775533497275_5805_0_0.jpg"", ""https://xcimg.szwego.com/imgHD/f0138068/20260407/cmp_i1775533497281_1551_0_2.jpg"", ""https://xcimg.szwego.com/imgHD/f0138068/20260407/cmp_i1775533497282_5958_0_3.jpg"", ""https://xcimg.szwego.com/imgHD/f0138068/20260407/cmp_i1775533475435_9114_0_5.jpg""]"
_ds5rSJAGlC7OsZ4DfqMIwq3v6D49KVlziHRNhVA;;半裙细节图！SML260¥;0;;lrg3k8cd5bgw3jv;;Для женщин;"[""https://xcimg.szwego.com/imgHD/f0138068/20260407/cmp_i1775533475443_246_0_0.jpg"", ""https://xcimg.szwego.com/imgHD/f0138068/20260407/cmp_i1775533475432_3112_0_1.jpg"", ""https://xcimg.szwego.com/imgHD/f0138068/20260407/cmp_i1775533475432_753_0_2.jpg"", ""https://xcimg.szwego.com/imgHD/f0138068/20260407/cmp_i1775533488006_4351_0_3.jpg"", ""https://xcimg.szwego.com/imgHD/f0138068/20260407/cmp_i1775533475438_34_0_4.jpg"", ""https://xcimg.szwego.com/imgHD/f0138068/20260407/cmp_i1775533475435_9114_0_5.jpg""]"
_dvYrSl0LfSj_P1FZMBdbOCHKeZCgsdZTTq5xXNw;;细节图！SML390¥;0;;lrg3k8cd5bgw3jv;;Для женщин;"[""https://xcimg.szwego.com/imgHD/f0138068/20260407/cmp_i1775533030488_50_0_0.jpg"", ""https://xcimg.szwego.com/imgHD/f0138068/20260407/cmp_i1775533021733_3467_0_1.jpg"", ""https://xcimg.szwego.com/imgHD/f0138068/20260407/cmp_i1775533021746_9502_0_2.jpg"", ""https://xcimg.szwego.com/imgHD/f0138068/20260407/cmp_i1775533021733_9508_0_3.jpg"", ""https://xcimg.szwego.com/imgHD/f0138068/20260407/cmp_i1775533021741_9673_0_4.jpg"", ""https://xcimg.szwego.com/imgHD/f0138068/20260407/cmp_i1775533030537_2654_0_5.jpg"", ""https://xcimg.szwego.com/imgHD/f0138068/20260407/cmp_i1775533021741_3459_0_6.jpg"", ""https://xcimg.szwego.com/imgHD/f0138068/20260407/cmp_i1775536664933_8818_0_7.jpg""]"
_dodrS1-jrHuS58gJtmroD3Ei_9clR14bDmOz24w;;短裤细节图！SML300¥;0;;lrg3k8cd5bgw3jv;;Для женщин;"[""https://xcimg.szwego.com/imgHD/f0138068/20260407/cmp_i1775533047527_5680_0_0.jpg"", ""https://xcimg.szwego.com/imgHD/f0138068/20260407/cmp_i1775533035802_342_0_1.jpg"", ""https://xcimg.szwego.com/imgHD/f0138068/20260407/cmp_i1775533035812_6976_0_2.jpg"", ""https://xcimg.szwego.com/imgHD/f0138068/20260407/cmp_i1775533035809_1045_0_3.jpg"", ""https://xcimg.szwego.com/imgHD/f0138068/20260407/cmp_i1775533035802_3314_0_4.jpg"", ""https://xcimg.szwego.com/imgHD/f0138068/20260407/cmp_i1775533021741_3459_0_6.jpg""]"
_d1QrSiq-jqrXBxtbSRtu2EfMt3yd4R-PRT9EIUA;;细节图！SML380¥;0;;lrg3k8cd5bgw3jv;;Для женщин;"[""https://xcimg.szwego.com/imgHD/f0138068/20260407/cmp_i1775534907956_76_0_7.jpg"", ""https://xcimg.szwego.com/imgHD/f0138068/20260407/cmp_i1775534899015_5860_0_0.jpg"", ""https://xcimg.szwego.com/imgHD/f0138068/20260407/cmp_i1775534899083_838_0_1.jpg"", ""https://xcimg.szwego.com/imgHD/f0138068/20260407/cmp_i1775534899069_7487_0_2.jpg"", ""https://xcimg.szwego.com/imgHD/f0138068/20260407/cmp_i1775534907481_4431_0_3.jpg"", ""https://xcimg.szwego.com/imgHD/f0138068/20260407/cmp_i1775534898445_861_0_4.jpg"", ""https://xcimg.szwego.com/imgHD/f0138068/20260407/cmp_i1775534908052_1437_0_5.jpg"", ""https://xcimg.szwego.com/imgHD/f0138068/20260407/cmp_i1775534898268_509_0_6.jpg""]"
_dL2rSgSY1AGyE-z9j7rQ2-tCnoPhpRa0f0lLAOA;;细节图！SML380¥;0;;lrg3k8cd5bgw3jv;;Для женщин;"[""https://xcimg.szwego.com/imgHD/f0138068/20260407/cmp_i1775534944491_4773_0_0.jpg"", ""https://xcimg.szwego.com/imgHD/f0138068/20260407/cmp_i1775534944449_9438_0_2.jpg"", ""https://xcimg.szwego.com/imgHD/f0138068/20260407/cmp_i1775534944478_7258_0_1.jpg"", ""https://xcimg.szwego.com/imgHD/f0138068/20260407/cmp_i1775534960860_6989_0_3.jpg"", ""https://xcimg.szwego.com/imgHD/f0138068/20260407/cmp_i1775534960395_9118_0_4.jpg"", ""https://xcimg.szwego.com/imgHD/f0138068/20260407/cmp_i1775534943735_147_0_5.jpg"", ""https://xcimg.szwego.com/imgHD/f0138068/20260407/cmp_i1775534943717_9392_0_7.jpg"", ""https://xcimg.szwego.com/imgHD/f0138068/20260407/cmp_i1775534960372_5651_0_6.jpg""]"
_dltrShTwqWAIz6ZCu4qY4TQtatQgUmPbBiKTJHA;;26凯旋门灰色针织Polo衫，70%羊绒+30%桑蚕丝，柔软亲肤超舒适！修身剪裁+翻领多纽扣设计，简约又高级✨。灰色低调百搭，通勤、商务、日常都能轻松驾驭，单穿或叠穿都很出彩。针织纹理细腻，质感满分，是衣橱里的“常青树”！ SML;0;;lrg3k8cd5bgw3jv;;Для женщин;"[""https://xcimg.szwego.com/imgHD/f0138068/20260407/cmp_i1775534527414_1249_0_0.jpg"", ""https://xcimg.szwego.com/imgHD/f0138068/20260407/cmp_i1775534524961_9932_0_1.jpg"", ""https://xcimg.szwego.com/imgHD/f0138068/20260407/cmp_i1775534524961_5489_0_2.jpg"", ""https://xcimg.szwego.com/imgHD/f0138068/20260407/cmp_i1775534524961_8380_0_3.jpg"", ""https://xcimg.szwego.com/imgHD/f0138068/20260407/cmp_i1775534527414_3980_0_4.jpg"", ""https://xcimg.szwego.com/imgHD/f0138068/20260407/cmp_i1775534524961_666_0_5.jpg"", ""https://xcimg.szwego.com/imgHD/f0138068/20260407/cmp_i1775534524961_1692_0_6.jpg""]"
_dkwrSt5O1pjONKwY1o_cGGWK7xLrhrxzKtkmqcg;;细节图！SML280¥;0;;lrg3k8cd5bgw3jv;;Для женщин;"[""https://xcimg.szwego.com/imgHD/f0138068/20260407/cmp_i1775533785252_4029_0_0.jpg"", ""https://xcimg.szwego.com/imgHD/f0138068/20260407/cmp_i1775533774343_4559_0_1.jpg"", ""https://xcimg.szwego.com/imgHD/f0138068/20260407/cmp_i1775533785255_5772_0_2.jpg"", ""https://xcimg.szwego.com/imgHD/f0138068/20260407/cmp_i1775533774337_1902_0_3.jpg"", ""https://xcimg.szwego.com/imgHD/f0138068/20260407/cmp_i1775533785264_7164_0_4.jpg"", ""https://xcimg.szwego.com/imgHD/f0138068/20260407/cmp_i1775533785258_2758_0_5.jpg"", ""https://xcimg.szwego.com/imgHD/f0138068/20260407/cmp_i1775533785256_7837_0_6.jpg""]"
_dngrSKY4TMxWiVwc7h5TTlt1h2u8yrdcV5zszzA;;🆕TH* ROW 鲨鱼皮直筒裤 春夏新品，简约干练，四面高弹，轻薄裸感体验，垂感高级感十足，高腰收腹显瘦，显腿长，紧致翘臀，饱满臀线，身材曲线完美！清凉冰皮面料，轻松舒适，上身就不想脱的一款精品裤，可休闲、时尚、运动、健身！一裤多穿！黑色、奶咖、丈青色！M适合85-105斤 L适合105-120斤 XL适合120-140斤！150¥💰;0;;lrg3k8cd5bgw3jv;;Для женщин;"[""https://xcimg.szwego.com/img/86ca0521/20260402/i1775118781147_807_0_0.jpg"", ""https://xcimg.szwego.com/img/86ca0521/20260402/i1775118781100_8860_0_1.jpg"", ""https://xcimg.szwego.com/img/86ca0521/20260402/i1775118779032_3388_0_2.jpg"", ""https://xcimg.szwego.com/img/86ca0521/20260402/i1775118779167_8556_0_3.jpg"", ""https://xcimg.szwego.com/img/86ca0521/20260402/i1775118779170_3574_0_4.jpg"", ""https://xcimg.szwego.com/img/86ca0521/20260402/i1775118781272_3382_0_5.jpg"", ""https://xcimg.szwego.com/img/86ca0521/20260402/i1775118779150_6322_0_6.jpg"", ""https://xcimg.szwego.com/img/86ca0521/20260402/i1775118781308_9976_0_7.jpg"", ""https://xcimg.szwego.com/img/86ca0521/20260402/i1775118779015_3491_0_8.jpg"", ""https://xcimg.szwego.com/img/86ca0521/20260402/i1775118781271_8826_0_9.jpg""]"
_dhFrSACTdj5pc2BhVHbCqrjRjHrXPanlWXkILKg;;细节图！SML480¥一套;0;;lrg3k8cd5bgw3jv;;Для женщин;"[""https://xcimg.szwego.com/imgHD/f0138068/20260331/cmp_i1774931118976_8216_0_0.jpg"", ""https://xcimg.szwego.com/imgHD/f0138068/20260331/cmp_i1774931132665_3759_0_1.jpg"", ""https://xcimg.szwego.com/imgHD/f0138068/20260331/cmp_i1774931118988_1429_0_2.jpg"", ""https://xcimg.szwego.com/imgHD/f0138068/20260331/cmp_i1774931118976_3150_0_3.jpg"", ""https://xcimg.szwego.com/imgHD/f0138068/20260331/cmp_i1774931118987_5323_0_4.jpg"", ""https://xcimg.szwego.com/imgHD/f0138068/20260331/cmp_i1774931118985_4009_0_5.jpg""]"
_dwyrSfts8oJVWEmBLGrXjXq0hZq0M_5L4fi9CRg;;衬衣细节图！SML340¥;0;;lrg3k8cd5bgw3jv;;Для женщин;"[""https://xcimg.szwego.com/imgHD/f0138068/20260311/cmp_i1773200042877_6969_0_0.jpg"", ""https://xcimg.szwego.com/imgHD/f0138068/20260311/cmp_i1773200040637_5891_0_1.jpg"", ""https://xcimg.szwego.com/imgHD/f0138068/20260311/cmp_i1773200041392_9028_0_2.jpg"", ""https://xcimg.szwego.com/imgHD/f0138068/20260311/cmp_i1773200041332_8791_0_3.jpg"", ""https://xcimg.szwego.com/imgHD/f0138068/20260311/cmp_i1773200041244_5123_0_4.jpg"", ""https://xcimg.szwego.com/imgHD/f0138068/20260311/cmp_i1773199996670_4942_0_5.jpg""]"
_dJtrS43kI0RpqgcxIAYMkdLfmyieWVI1KiUhW4g;;裤子细节图！SML340¥;0;;lrg3k8cd5bgw3jv;;Для женщин;"[""https://xcimg.szwego.com/imgHD/f0138068/20260311/cmp_i1773199997355_3321_0_0.jpg"", ""https://xcimg.szwego.com/imgHD/f0138068/20260311/cmp_i1773199999416_8539_0_1.jpg"", ""https://xcimg.szwego.com/imgHD/f0138068/20260311/cmp_i1773199997422_5923_0_2.jpg"", ""https://xcimg.szwego.com/imgHD/f0138068/20260311/cmp_i1773199996732_1728_0_3.jpg"", ""https://xcimg.szwego.com/imgHD/f0138068/20260311/cmp_i1773199996793_1842_0_4.jpg"", ""https://xcimg.szwego.com/imgHD/f0138068/20260311/cmp_i1773199996670_4942_0_5.jpg""]"
_dk-rSnLmqRZMp_auPpWjbmsIY9iXyQE2HUn7G7g;;M26早春新款灰色短外套加高腰长裤套装 炭灰色调+做旧工艺，复古感满满！耐磨又舒适，日常穿搭超合适。是Miu女孩的秋日必备单品～ 上衣SML340¥ 裤子SML330¥;0;;lrg3k8cd5bgw3jv;;Для женщин;"[""https://xcimg.szwego.com/imgHD/f0138068/20260311/cmp_i1773199705093_4950_0_0.jpg"", ""https://xcimg.szwego.com/imgHD/f0138068/20260311/cmp_i1773199704788_6278_0_1.jpg"", ""https://xcimg.szwego.com/imgHD/f0138068/20260311/cmp_i1773199705093_1025_0_2.jpg"", ""https://xcimg.szwego.com/imgHD/f0138068/20260311/cmp_i1773199704788_6667_0_3.jpg"", ""https://xcimg.szwego.com/imgHD/f0138068/20260311/cmp_i1773199705091_7344_0_4.jpg"", ""https://xcimg.szwego.com/imgHD/f0138068/20260311/cmp_i1773199704788_6790_0_5.jpg"", ""https://xcimg.szwego.com/imgHD/f0138068/20260311/cmp_i1773199705110_3065_0_6.jpg"", ""https://xcimg.szwego.com/imgHD/f0138068/20260311/cmp_i1773199704817_5554_0_7.jpg"", ""https://xcimg.szwego.com/imgHD/f0138068/20260311/cmp_i1773199704818_9267_0_8.jpg""]"
_dmPrSpq3SZuzcbBBut6V6JGxA8oGuC6mBXpNBDg;;细节图！SML200¥;0;;lrg3k8cd5bgw3jv;;Для женщин;"[""https://xcimg.szwego.com/img/f0138068/20260110/i1768011757858_9940_0_0.jpg"", ""https://xcimg.szwego.com/img/f0138068/20260110/i1768011757872_9420_0_1.jpg"", ""https://xcimg.szwego.com/img/f0138068/20260110/i1768011757845_1738_0_2.jpg"", ""https://xcimg.szwego.com/img/f0138068/20260110/i1768011759112_1081_0_3.jpg"", ""https://xcimg.szwego.com/img/f0138068/20260110/i1768011759095_4622_0_4.jpg"", ""https://xcimg.szwego.com/img/f0138068/20260110/i1768011757871_7789_0_5.jpg"", ""https://xcimg.szwego.com/img/f0138068/20260110/i1768011757845_8839_0_6.jpg"", ""https://xcimg.szwego.com/img/f0138068/20260110/i1768011759081_4510_0_7.jpg""]"
_dsSrSaAhGSXTT5YlZovw92fHjcC8F9iD_qZeoZA;;细节图！SML200¥;0;;lrg3k8cd5bgw3jv;;Для женщин;"[""https://xcimg.szwego.com/imgHD/f0138068/20260330/cmp_i1774838493155_8683_0_0.jpg"", ""https://xcimg.szwego.com/imgHD/f0138068/20260330/cmp_i1774838493142_6441_0_1.jpg"", ""https://xcimg.szwego.com/imgHD/f0138068/20260330/cmp_i1774838494025_9408_0_2.jpg"", ""https://xcimg.szwego.com/imgHD/f0138068/20260330/cmp_i1774838493146_8916_0_3.jpg"", ""https://xcimg.szwego.com/imgHD/f0138068/20260330/cmp_i1774838493150_113_0_4.jpg"", ""https://xcimg.szwego.com/imgHD/f0138068/20260330/cmp_i1774838494027_7771_0_5.jpg"", ""https://xcimg.szwego.com/imgHD/f0138068/20260330/cmp_i1774838493150_6411_0_6.jpg""]"
_deYrSRr4fn27CcN3oMKA8_xtDcrXcrWKu5gt7NQ;;26夏款字母印花白T，采用柔软棉质面料，透气又亲肤，夏天穿超舒服！正面灰色品牌字母，简约又有辨识度，正肩设计修饰身形，搭配牛仔裤或休闲裤都很百搭✨。日常通勤、休闲都能轻松驾驭，是衣橱必备的经典单品！ SML200¥;0;;lrg3k8cd5bgw3jv;;Для женщин;"[""https://xcimg.szwego.com/imgHD/f0138068/20260330/cmp_i1774838392057_4078_0_3.jpg"", ""https://xcimg.szwego.com/imgHD/f0138068/20260330/cmp_i1774838392057_7550_0_0.jpg"", ""https://xcimg.szwego.com/imgHD/f0138068/20260330/cmp_i1774838392057_9790_0_1.jpg"", ""https://xcimg.szwego.com/imgHD/f0138068/20260330/cmp_i1774838392458_4334_0_2.jpg"", ""https://xcimg.szwego.com/imgHD/f0138068/20260330/cmp_i1774838392057_3743_0_4.jpg"", ""https://xcimg.szwego.com/imgHD/f0138068/20260330/cmp_i1774838392458_4578_0_5.jpg"", ""https://xcimg.szwego.com/imgHD/f0138068/20260330/cmp_i1774838396184_9757_0_7.jpg"", ""https://xcimg.szwego.com/imgHD/f0138068/20260330/cmp_i1774838392058_9193_0_6.jpg""]"
_dqVrSmJ16AWj4VhDBig3nAXaidjZ5jXej32WcTw;;细节图！SML590¥;0;;lrg3k8cd5bgw3jv;;Для женщин;"[""https://xcimg.szwego.com/imgHD/f0138068/20260404/cmp_i1775273634344_273_0_0.jpg"", ""https://xcimg.szwego.com/imgHD/f0138068/20260404/cmp_i1775273634332_6376_0_1.jpg"", ""https://xcimg.szwego.com/imgHD/f0138068/20260404/cmp_i1775273634349_6271_0_2.jpg"", ""https://xcimg.szwego.com/imgHD/f0138068/20260404/cmp_i1775273620604_3353_0_3.jpg"", ""https://xcimg.szwego.com/imgHD/f0138068/20260404/cmp_i1775273634330_8181_0_4.jpg"", ""https://xcimg.szwego.com/imgHD/f0138068/20260404/cmp_i1775273620616_9018_0_5.jpg"", ""https://xcimg.szwego.com/imgHD/f0138068/20260404/cmp_i1775273670008_5174_0_6.jpg""]"
_d9_rS6OrjLOlIZSIauDVxwUvSH-aBIo-1DfOE4w;;衬衣细节图！SML320¥;0;;lrg3k8cd5bgw3jv;;Для женщин;"[""https://xcimg.szwego.com/imgHD/f0138068/20260401/cmp_i1775014756541_6211_0_0.jpg"", ""https://xcimg.szwego.com/imgHD/f0138068/20260401/cmp_i1775014721581_4413_0_1.jpg"", ""https://xcimg.szwego.com/imgHD/f0138068/20260401/cmp_i1775014721581_1981_0_2.jpg"", ""https://xcimg.szwego.com/imgHD/f0138068/20260401/cmp_i1775014807359_2134_0_3.jpg"", ""https://xcimg.szwego.com/imgHD/f0138068/20260401/cmp_i1775014756530_3117_0_4.jpg"", ""https://xcimg.szwego.com/imgHD/f0138068/20260401/cmp_i1775014756544_9629_0_5.jpg"", ""https://xcimg.szwego.com/imgHD/f0138068/20260401/cmp_i1775014756543_3623_0_6.jpg""]"
_dx0rSqwYTQDuL2swtFWefpv2ltLobEpnXo92kkg;;半裙细节图！SML300¥;0;;lrg3k8cd5bgw3jv;;Для женщин;"[""https://xcimg.szwego.com/imgHD/f0138068/20260401/cmp_i1775014721581_4413_0_1.jpg"", ""https://xcimg.szwego.com/imgHD/f0138068/20260401/cmp_i1775014840546_8009_0_0.jpg"", ""https://xcimg.szwego.com/imgHD/f0138068/20260401/cmp_i1775014840555_8531_0_1.jpg"", ""https://xcimg.szwego.com/imgHD/f0138068/20260401/cmp_i1775014840549_4857_0_2.jpg"", ""https://xcimg.szwego.com/imgHD/f0138068/20260401/cmp_i1775014819304_7078_0_3.jpg"", ""https://xcimg.szwego.com/imgHD/f0138068/20260401/cmp_i1775014840546_7403_0_4.jpg""]"
_d_5rS4S5qrbuFGYuEy7--bqnZbhoj4J0rmV03UQ;;💙M26春夏蓝色格纹衬衫，浅蓝底配白色细格纹，清新学院风满满！领口和袖口有白色刺绣花边，胸前黑色logo标志，细节超精致✨。柔软棉质府绸，修身直筒版型，穿着舒适又显气质。搭配同系列格纹半身裙，轻松get青春少女感，日常通勤、约会、拍照都很出片📸，减龄又高级！ 衬衣SML320¥;0;;lrg3k8cd5bgw3jv;;Для женщин;"[""https://xcimg.szwego.com/imgHD/f0138068/20260401/cmp_i1775014534837_6515_0_4.jpg"", ""https://xcimg.szwego.com/imgHD/f0138068/20260401/cmp_i1775014461776_4619_0_0.jpg"", ""https://xcimg.szwego.com/imgHD/f0138068/20260401/cmp_i1775014461775_5442_0_1.jpg"", ""https://xcimg.szwego.com/imgHD/f0138068/20260401/cmp_i1775014461776_9129_0_2.jpg"", ""https://xcimg.szwego.com/imgHD/f0138068/20260401/cmp_i1775014533877_8152_0_3.jpg"", ""https://xcimg.szwego.com/imgHD/f0138068/20260401/cmp_i1775014542284_8362_0_5.jpg""]"
_dqDrS1zOG575Mjeu50M7b2DPHvnmdyz5bsGKQwQ;;细节图！SML340¥;0;;lrg3k8cd5bgw3jv;;Для женщин;"[""https://xcimg.szwego.com/imgHD/f0138068/20260309/cmp_i1773023466439_8218_0_0.jpg"", ""https://xcimg.szwego.com/imgHD/f0138068/20260309/cmp_i1773023466439_7851_0_1.jpg"", ""https://xcimg.szwego.com/imgHD/f0138068/20260309/cmp_i1773023466446_8114_0_2.jpg"", ""https://xcimg.szwego.com/imgHD/f0138068/20260309/cmp_i1773023466450_2096_0_3.jpg"", ""https://xcimg.szwego.com/imgHD/f0138068/20260309/cmp_i1773023467263_1478_0_4.jpg"", ""https://xcimg.szwego.com/imgHD/f0138068/20260309/cmp_i1773023466446_8140_0_5.jpg""]"
_dAWrSs65plMk9-jBquqtKMjjvFIiNX1rP8OQqFw;;细节图！SML200¥;0;;lrg3k8cd5bgw3jv;;Для женщин;"[""https://xcimg.szwego.com/imgHD/f0138068/20260307/cmp_i1772850487039_9745_0_0.jpg"", ""https://xcimg.szwego.com/imgHD/f0138068/20260307/cmp_i1772850488661_7148_0_1.jpg"", ""https://xcimg.szwego.com/imgHD/f0138068/20260307/cmp_i1772850487508_7393_0_2.jpg"", ""https://xcimg.szwego.com/imgHD/f0138068/20260307/cmp_i1772850487028_5856_0_3.jpg"", ""https://xcimg.szwego.com/imgHD/f0138068/20260307/cmp_i1772850488666_3549_0_4.jpg"", ""https://xcimg.szwego.com/imgHD/f0138068/20260307/cmp_i1772850488669_381_0_7.jpg"", ""https://xcimg.szwego.com/imgHD/f0138068/20260307/cmp_i1772850487034_9679_0_5.jpg"", ""https://xcimg.szwego.com/imgHD/f0138068/20260307/cmp_i1772850487028_6100_0_6.jpg""]"
_dwvrSFyhvjWWXrV4p3J7zosDsVbovAlUocPVclQ;;🌈26春夏新款莫兰迪条纹背心，紫蓝白配色，简约又有活力！透气针织面料，夏天穿超舒服，圆领无袖设计，活动自由度满分✨。日常休闲、搭配格纹裙或牛仔裤都很OK，轻松打造清新随性风实用又时髦，简约风女孩必入！ SML200¥;0;;lrg3k8cd5bgw3jv;;Для женщин;"[""https://xcimg.szwego.com/imgHD/f0138068/20260307/cmp_i1772850250933_2118_0_0.jpg"", ""https://xcimg.szwego.com/imgHD/f0138068/20260307/cmp_i1772850250933_8056_0_1.jpg"", ""https://xcimg.szwego.com/imgHD/f0138068/20260307/cmp_i1772850251218_788_0_2.jpg"", ""https://xcimg.szwego.com/imgHD/f0138068/20260307/cmp_i1772850250933_3485_0_3.jpg"", ""https://xcimg.szwego.com/imgHD/f0138068/20260307/cmp_i1772850250933_6280_0_4.jpg"", ""https://xcimg.szwego.com/imgHD/f0138068/20260307/cmp_i1772850250933_9563_0_5.jpg""]"
_deNrSsCepgqdUNDyGXG19-HQ-jp3plJMlqASyGQ;;细节图！SML200¥;0;;lrg3k8cd5bgw3jv;;Для женщин;"[""https://xcimg.szwego.com/imgHD/f0138068/20260307/cmp_i1772850839726_9140_0_0.jpg"", ""https://xcimg.szwego.com/imgHD/f0138068/20260307/cmp_i1772850838196_5933_0_1.jpg"", ""https://xcimg.szwego.com/imgHD/f0138068/20260307/cmp_i1772850839725_8311_0_2.jpg"", ""https://xcimg.szwego.com/imgHD/f0138068/20260307/cmp_i1772850838212_5770_0_3.jpg"", ""https://xcimg.szwego.com/imgHD/f0138068/20260307/cmp_i1772850838201_595_0_5.jpg"", ""https://xcimg.szwego.com/imgHD/f0138068/20260307/cmp_i1772850838203_3124_0_6.jpg"", ""https://xcimg.szwego.com/imgHD/f0138068/20260307/cmp_i1772850838193_40_0_4.jpg""]"
_dvHrSyFtlZfdrsoNbHp2aX-f_meX5CIDfwKzKQA;;细节图！SML220¥;0;;lrg3k8cd5bgw3jv;;Для женщин;"[""https://xcimg.szwego.com/img/f0138068/20260108/i1767837129833_3534_0_0.jpg"", ""https://xcimg.szwego.com/img/f0138068/20260108/i1767837129836_2904_0_1.jpg"", ""https://xcimg.szwego.com/img/f0138068/20260108/i1767837131368_4508_0_2.jpg"", ""https://xcimg.szwego.com/img/f0138068/20260108/i1767837129831_9518_0_3.jpg"", ""https://xcimg.szwego.com/img/f0138068/20260108/i1767837129818_9049_0_4.jpg"", ""https://xcimg.szwego.com/img/f0138068/20260108/i1767837129797_4822_0_5.jpg""]"
_dlKrSZDyTML1Wt6bvozXylaVUqSMqNVf7CMEVuA;;26早春新品蓝灰条纹Polo学院风短袖T恤 自带清爽感，贴身穿软乎乎的超舒服， 小logo点缀又不张扬，学院气拉满[色色R] 搭配的黑色百褶裙巨藏肉 SML220¥;0;;lrg3k8cd5bgw3jv;;Для женщин;"[""https://xcimg.szwego.com/img/f0138068/20260108/i1767836932220_8045_0_0.jpg"", ""https://xcimg.szwego.com/img/f0138068/20260108/i1767836931355_5905_0_1.jpg"", ""https://xcimg.szwego.com/img/f0138068/20260108/i1767836931353_1642_0_2.jpg"", ""https://xcimg.szwego.com/img/f0138068/20260108/i1767836931356_2648_0_3.jpg"", ""https://xcimg.szwego.com/img/f0138068/20260108/i1767836931379_7988_0_4.jpg"", ""https://xcimg.szwego.com/img/f0138068/20260108/i1767836931377_4468_0_5.jpg"", ""https://xcimg.szwego.com/img/f0138068/20260108/i1767836932237_3792_0_6.jpg"", ""https://xcimg.szwego.com/img/f0138068/20260108/i1767836954395_1840_0_7.jpg""]"
_d_hrSFm-4A6xVknq0GOd5rV-v3ufVQvbty-uNFQ;;细节图！SML300¥;0;;lrg3k8cd5bgw3jv;;Для женщин;"[""https://xcimg.szwego.com/imgHD/f0138068/20260313/cmp_i1773370986644_1383_0_0.jpg"", ""https://xcimg.szwego.com/imgHD/f0138068/20260313/cmp_i1773370986644_4131_0_1.jpg"", ""https://xcimg.szwego.com/imgHD/f0138068/20260313/cmp_i1773370988205_2133_0_2.jpg"", ""https://xcimg.szwego.com/imgHD/f0138068/20260313/cmp_i1773370986653_6615_0_3.jpg"", ""https://xcimg.szwego.com/imgHD/f0138068/20260313/cmp_i1773370986649_75_0_4.jpg"", ""https://xcimg.szwego.com/imgHD/f0138068/20260313/cmp_i1773370986648_4828_0_5.jpg""]"
_dzJrSBcI_KxOREb2VzagZUTy41Z--Hllx4DkWAw;;🖤P26春夏系列条纹针织短袖，蓝黑白条纹+胸前品牌徽标，辨识度超高！桑蚕丝针织面料，弹性好又贴身，穿着舒适修身✨。圆领+袖口蓝黑色边饰，细节满分，单穿或内搭都很OK。条纹元素经典百搭，通勤休闲都能轻松驾驭，搭配高腰裙或宽松裤，时髦感直接拉满！ SML300¥;0;;lrg3k8cd5bgw3jv;;Для женщин;"[""https://xcimg.szwego.com/imgHD/f0138068/20260313/cmp_i1773370545133_8335_0_0.jpg"", ""https://xcimg.szwego.com/imgHD/f0138068/20260313/cmp_i1773370545694_2129_0_6.jpg"", ""https://xcimg.szwego.com/imgHD/f0138068/20260313/cmp_i1773370545133_8473_0_7.jpg"", ""https://xcimg.szwego.com/imgHD/f0138068/20260313/cmp_i1773370545487_7570_0_2.jpg"", ""https://xcimg.szwego.com/imgHD/f0138068/20260313/cmp_i1773370545693_656_0_3.jpg"", ""https://xcimg.szwego.com/imgHD/f0138068/20260313/cmp_i1773370545488_3011_0_4.jpg"", ""https://xcimg.szwego.com/imgHD/f0138068/20260313/cmp_i1773370545486_7793_0_5.jpg"", ""https://xcimg.szwego.com/imgHD/f0138068/20260313/cmp_i1773370545133_6573_0_9.jpg"", ""https://xcimg.szwego.com/imgHD/f0138068/20260313/cmp_i1773370545486_184_0_11.jpg""]"
_ddArSCJO9BSD5TC1LbQFTfn3zfLRE5_3T9OkJww;;细节图！SML390¥;0;;lrg3k8cd5bgw3jv;;Для женщин;"[""https://xcimg.szwego.com/imgHD/f0138068/20260307/cmp_i1772855734828_6054_0_0.jpg"", ""https://xcimg.szwego.com/imgHD/f0138068/20260307/cmp_i1772855734740_9568_0_1.jpg"", ""https://xcimg.szwego.com/imgHD/f0138068/20260307/cmp_i1772855734809_6781_0_2.jpg"", ""https://xcimg.szwego.com/imgHD/f0138068/20260307/cmp_i1772855732206_3436_0_3.jpg"", ""https://xcimg.szwego.com/imgHD/f0138068/20260307/cmp_i1772855733970_8706_0_4.jpg"", ""https://xcimg.szwego.com/imgHD/f0138068/20260307/cmp_i1772855732232_1612_0_5.jpg"", ""https://xcimg.szwego.com/imgHD/f0138068/20260307/cmp_i1772855732675_1417_0_6.jpg"", ""https://xcimg.szwego.com/imgHD/f0138068/20260307/cmp_i1772855732210_9272_0_7.jpg"", ""https://xcimg.szwego.com/imgHD/f0138068/20260307/cmp_i1772855732212_2974_0_8.jpg""]"
_dqYrSHVxkuCvzXmRXAWXCmkgFGX-X_UasrR5t-A;;🧶26早春海军领针织衫，采用柔软羊毛，亲肤又舒适。领口不可拆卸飘带设计，蓝色轮廓点缀，简约又有细节感✨。奶白色调显白，适合多种肤色，单穿或内搭都很OK。飘带可系结或自然垂落，轻松切换风格。日常通勤、休闲都能穿，🧼。 SML390¥;0;;lrg3k8cd5bgw3jv;;Для женщин;"[""https://xcimg.szwego.com/imgHD/f0138068/20260307/cmp_i1772855449013_5964_0_1.jpg"", ""https://xcimg.szwego.com/imgHD/f0138068/20260307/cmp_i1772855449513_4724_0_2.jpg"", ""https://xcimg.szwego.com/imgHD/f0138068/20260307/cmp_i1772855449012_1663_0_3.jpg"", ""https://xcimg.szwego.com/imgHD/f0138068/20260307/cmp_i1772855449514_3013_0_4.jpg"", ""https://xcimg.szwego.com/imgHD/f0138068/20260307/cmp_i1772855449013_58_0_5.jpg"", ""https://xcimg.szwego.com/imgHD/f0138068/20260307/cmp_i1772855449014_4685_0_7.jpg"", ""https://xcimg.szwego.com/imgHD/f0138068/20260307/cmp_i1772855449812_2752_0_9.jpg"", ""https://xcimg.szwego.com/imgHD/f0138068/20260307/cmp_i1772855449812_8727_0_10.jpg"", ""https://xcimg.szwego.com/imgHD/f0138068/20260307/cmp_i1772855449513_9865_0_11.jpg""]"
_dxvrSPSEwxrgwSRGbOZqtDUXodnKJV-MBZRfJdQ;;细节图！SML490¥;0;;lrg3k8cd5bgw3jv;;Для женщин;"[""https://xcimg.szwego.com/imgHD/f0138068/20260305/cmp_i1772675276412_2196_0_0.jpg"", ""https://xcimg.szwego.com/imgHD/f0138068/20260305/cmp_i1772675272637_4542_0_1.jpg"", ""https://xcimg.szwego.com/imgHD/f0138068/20260305/cmp_i1772675276502_8444_0_2.jpg"", ""https://xcimg.szwego.com/imgHD/f0138068/20260305/cmp_i1772675272707_348_0_3.jpg"", ""https://xcimg.szwego.com/imgHD/f0138068/20260305/cmp_i1772675276512_5158_0_4.jpg"", ""https://xcimg.szwego.com/imgHD/f0138068/20260305/cmp_i1772675272094_8095_0_5.jpg"", ""https://xcimg.szwego.com/imgHD/f0138068/20260305/cmp_i1772675272036_7521_0_6.jpg"", ""https://xcimg.szwego.com/imgHD/f0138068/20260305/cmp_i1772675272120_7084_0_7.jpg"", ""https://xcimg.szwego.com/imgHD/f0138068/20260305/cmp_i1772675275749_9285_0_8.jpg""]"
_dvErShXsTz5zgcYgTy9_wlIlklEv6x5RvlbzgAw;;26P早春灰色半拉链立领针织衫，极简慵懒风、半拉链设计方便穿脱，通勤休闲都能hold住✨。灰色百搭，随便配牛仔裤、休闲裤都好看！SML490¥;0;;lrg3k8cd5bgw3jv;;Для женщин;"[""https://xcimg.szwego.com/imgHD/f0138068/20260305/cmp_i1772675128629_1781_0_0.jpg"", ""https://xcimg.szwego.com/imgHD/f0138068/20260305/cmp_i1772675127893_8673_0_1.jpg"", ""https://xcimg.szwego.com/imgHD/f0138068/20260305/cmp_i1772675127893_7076_0_2.jpg"", ""https://xcimg.szwego.com/imgHD/f0138068/20260305/cmp_i1772675128628_5031_0_3.jpg"", ""https://xcimg.szwego.com/imgHD/f0138068/20260305/cmp_i1772675128627_8698_0_4.jpg"", ""https://xcimg.szwego.com/imgHD/f0138068/20260305/cmp_i1772675127893_6575_0_5.jpg"", ""https://xcimg.szwego.com/imgHD/f0138068/20260305/cmp_i1772675127893_5965_0_6.jpg"", ""https://xcimg.szwego.com/imgHD/f0138068/20260305/cmp_i1772675127893_200_0_7.jpg""]"
_dKorSnLXl9MV5ImwB83rFZ7ztienL9kLlv0g5dA;;灰色细节图！SML490¥;0;;lrg3k8cd5bgw3jv;;Для женщин;"[""https://xcimg.szwego.com/imgHD/f0138068/20260305/cmp_i1772681728011_6058_0_0.jpg"", ""https://xcimg.szwego.com/imgHD/f0138068/20260305/cmp_i1772681727817_3104_0_1.jpg"", ""https://xcimg.szwego.com/imgHD/f0138068/20260305/cmp_i1772681728033_8266_0_2.jpg"", ""https://xcimg.szwego.com/imgHD/f0138068/20260305/cmp_i1772681727288_4995_0_3.jpg"", ""https://xcimg.szwego.com/imgHD/f0138068/20260305/cmp_i1772681728017_5191_0_4.jpg"", ""https://xcimg.szwego.com/imgHD/f0138068/20260305/cmp_i1772681752107_3761_0_5.jpg""]"
_dngrSKY4TMxWiUAc4h5XTktpm0u41rdcV5zszzA;;白色细节图！SML490¥;0;;lrg3k8cd5bgw3jv;;Для женщин;"[""https://xcimg.szwego.com/imgHD/f0138068/20260305/cmp_i1772676649119_3745_0_0.jpg"", ""https://xcimg.szwego.com/imgHD/f0138068/20260305/cmp_i1772676651710_9700_0_1.jpg"", ""https://xcimg.szwego.com/imgHD/f0138068/20260305/cmp_i1772676649120_5460_0_2.jpg"", ""https://xcimg.szwego.com/imgHD/f0138068/20260305/cmp_i1772676649125_967_0_3.jpg"", ""https://xcimg.szwego.com/imgHD/f0138068/20260305/cmp_i1772676649132_7716_0_4.jpg"", ""https://xcimg.szwego.com/imgHD/f0138068/20260305/cmp_i1772676651715_1359_0_5.jpg"", ""https://xcimg.szwego.com/imgHD/f0138068/20260305/cmp_i1772676651709_7449_0_7.jpg"", ""https://xcimg.szwego.com/imgHD/f0138068/20260305/cmp_i1772676649126_7556_0_6.jpg""]"
_dwYrSGccLmEkH3frBju-T0Wj4ywMJa1aYgYLptg;;26P经典单品 极简风格爱好者必入 简约大方设计，圆领+单排扣，灰色低调百搭，轻松搭配牛仔裤或裙装，通勤休闲都很适合。金属纽扣细节精致，实用又有质感 SML490¥;0;;lrg3k8cd5bgw3jv;;Для женщин;"[""https://xcimg.szwego.com/imgHD/f0138068/20260305/cmp_i1772675892036_7169_0_0.jpg"", ""https://xcimg.szwego.com/imgHD/f0138068/20260305/cmp_i1772675893016_8947_0_1.jpg"", ""https://xcimg.szwego.com/imgHD/f0138068/20260305/cmp_i1772675893021_627_0_4.jpg"", ""https://xcimg.szwego.com/imgHD/f0138068/20260305/cmp_i1772675892035_8226_0_6.jpg"", ""https://xcimg.szwego.com/imgHD/f0138068/20260305/cmp_i1772675892035_9643_0_7.jpg"", ""https://xcimg.szwego.com/imgHD/f0138068/20260305/cmp_i1772675927182_7402_0_7.jpg"", ""https://xcimg.szwego.com/imgHD/f0138068/20260305/cmp_i1772675893021_6950_0_8.jpg"", ""https://xcimg.szwego.com/imgHD/f0138068/20260305/cmp_i1772675892035_4643_0_5.jpg"", ""https://xcimg.szwego.com/imgHD/f0138068/20260305/cmp_i1772675892035_491_0_2.jpg""]"
_dmxrSrus9CAbZu_7A9aTejvROtBGGXIygYLoZ9A;;细节图！SML290¥;0;;lrg3k8cd5bgw3jv;;Для женщин;"[""https://xcimg.szwego.com/imgHD/f0138068/20251015/cmp_i1760540826520_6278_0_0.jpg"", ""https://xcimg.szwego.com/imgHD/f0138068/20251015/cmp_i1760540842345_3130_0_2.jpg"", ""https://xcimg.szwego.com/imgHD/f0138068/20251015/cmp_i1760540842400_5780_0_1.jpg"", ""https://xcimg.szwego.com/imgHD/f0138068/20251015/cmp_i1760540826275_7802_0_3.jpg"", ""https://xcimg.szwego.com/imgHD/f0138068/20251015/cmp_i1760540841735_2810_0_5.jpg"", ""https://xcimg.szwego.com/imgHD/f0138068/20251015/cmp_i1760540841684_2852_0_6.jpg""]"
_djQrSWQ3tF5HG9pnx-hbj6hntqNcnF5MtDkw6DA;;25新品灰色嵌花针织打底衫，柔软舒适又弹性十足。胸前徽标+三角形图案，低调有辨识度。圆领修身版型，贴合身形，单穿或内搭都很OK，秋冬季节必备!意大利进口工艺，螺纹针法细腻，穿着超舒适~ SML290¥;0;;lrg3k8cd5bgw3jv;;Для женщин;"[""https://xcimg.szwego.com/imgHD/f0138068/20251015/cmp_i1760540712978_3452_0_5.jpg"", ""https://xcimg.szwego.com/imgHD/f0138068/20251015/cmp_i1760540713285_4872_0_6.jpg"", ""https://xcimg.szwego.com/imgHD/f0138068/20251015/cmp_i1760540713285_7698_0_1.jpg"", ""https://xcimg.szwego.com/imgHD/f0138068/20251015/cmp_i1760540712979_3214_0_2.jpg"", ""https://xcimg.szwego.com/imgHD/f0138068/20251015/cmp_i1760540712978_2290_0_3.jpg"", ""https://xcimg.szwego.com/imgHD/f0138068/20251015/cmp_i1760540712978_2764_0_4.jpg""]"
_do2rSyXXQwxv7O2r2hiNK6KsbtXOaTtf5LFI71A;;细节图！SML300¥;0;;lrg3k8cd5bgw3jv;;Для женщин;"[""https://xcimg.szwego.com/img/f0138068/20260120/i1768875219812_9619_0_0.jpg"", ""https://xcimg.szwego.com/img/f0138068/20260120/i1768875219802_1043_0_1.jpg"", ""https://xcimg.szwego.com/img/f0138068/20260120/i1768875219914_9578_0_2.jpg"", ""https://xcimg.szwego.com/img/f0138068/20260120/i1768875221420_3401_0_3.jpg"", ""https://xcimg.szwego.com/img/f0138068/20260120/i1768875221316_2600_0_4.jpg"", ""https://xcimg.szwego.com/img/f0138068/20260120/i1768875219999_5612_0_5.jpg"", ""https://xcimg.szwego.com/img/f0138068/20260120/i1768875219948_7840_0_6.jpg""]"
_duUrSQzzC3p6-jpRPjP4vLr83McFQNBNtBTvksQ;;💙26早春新款褶皱牛仔裙，采用高品质牛仔布，搭配标志性皮革Logo，简约又有细节感✨。A字版型+前片褶皱，修饰腿型，活动时裙摆弧度超灵动～日常通勤、休闲都能轻松驾驭，单穿或搭配同系列外套都很出彩，青春又高级，时髦感 SML300¥;0;;lrg3k8cd5bgw3jv;;Для женщин;"[""https://xcimg.szwego.com/img/f0138068/20260120/i1768875126598_944_0_0.jpg"", ""https://xcimg.szwego.com/img/f0138068/20260120/i1768875127505_8234_0_1.jpg"", ""https://xcimg.szwego.com/img/f0138068/20260120/i1768875126455_8937_0_3.jpg"", ""https://xcimg.szwego.com/img/f0138068/20260120/i1768875126454_2747_0_5.jpg"", ""https://xcimg.szwego.com/img/f0138068/20260120/i1768875127503_6756_0_6.jpg"", ""https://xcimg.szwego.com/img/f0138068/20260120/i1768875127908_4388_0_7.jpg"", ""https://xcimg.szwego.com/img/f0138068/20260120/i1768875127909_4627_0_8.jpg"", ""https://xcimg.szwego.com/img/f0138068/20260120/i1768875127503_9258_0_9.jpg"", ""https://xcimg.szwego.com/img/f0138068/20260120/i1768875126492_4443_0_10.jpg""]"
_dw-rSHMywbWsPkokYXTI63IxVBJp381avaPvyHw;;ZP细节图！SML460¥;0;;lrg3k8cd5bgw3jv;;Для женщин;"[""https://xcimg.szwego.com/img/f0138068/20260102/i1767345064170_7164_0_0.jpg"", ""https://xcimg.szwego.com/img/f0138068/20260102/i1767345061929_8903_0_1.jpg"", ""https://xcimg.szwego.com/img/f0138068/20260102/i1767345056402_8241_0_2.jpg"", ""https://xcimg.szwego.com/img/f0138068/20260102/i1767345056402_2054_0_3.jpg"", ""https://xcimg.szwego.com/img/f0138068/20260102/i1767345056403_7926_0_4.jpg"", ""https://xcimg.szwego.com/img/f0138068/20260102/i1767345056403_3389_0_5.jpg"", ""https://xcimg.szwego.com/img/f0138068/20260102/i1767345056403_7165_0_6.jpg"", ""https://xcimg.szwego.com/img/f0138068/20260102/i1767345061955_786_0_7.jpg""]"
_dqHrSu7EgBspB4PXgaUWvCf3-Wdc-CFj4E54hkw;;细节图！SML200¥;0;;lrg3k8cd5bgw3jv;;Для женщин;"[""https://xcimg.szwego.com/imgHD/f0138068/20260129/cmp_i1769655254238_2094_0_0.jpg"", ""https://xcimg.szwego.com/imgHD/f0138068/20260129/cmp_i1769655254238_2613_0_1.jpg"", ""https://xcimg.szwego.com/imgHD/f0138068/20260129/cmp_i1769655254238_3582_0_2.jpg"", ""https://xcimg.szwego.com/imgHD/f0138068/20260129/cmp_i1769655255856_3141_0_3.jpg"", ""https://xcimg.szwego.com/imgHD/f0138068/20260129/cmp_i1769655254238_8589_0_4.jpg"", ""https://xcimg.szwego.com/imgHD/f0138068/20260129/cmp_i1769655254238_2598_0_5.jpg""]"
_deNrSsCepgqdUNj-BXG15-XQ5j5TslJMlrAuyHQ;;细节图！SML200¥;0;;lrg3k8cd5bgw3jv;;Для женщин;"[""https://xcimg.szwego.com/imgHD/f0138068/20260130/cmp_i1769745203740_196_0_0.jpg"", ""https://xcimg.szwego.com/imgHD/f0138068/20260130/cmp_i1769745212926_2341_0_1.jpg"", ""https://xcimg.szwego.com/imgHD/f0138068/20260130/cmp_i1769745210372_9888_0_2.jpg"", ""https://xcimg.szwego.com/imgHD/f0138068/20260130/cmp_i1769745203740_4342_0_3.jpg"", ""https://xcimg.szwego.com/imgHD/f0138068/20260130/cmp_i1769745203731_7224_0_4.jpg"", ""https://xcimg.szwego.com/imgHD/f0138068/20260130/cmp_i1769745203730_2457_0_5.jpg"", ""https://xcimg.szwego.com/imgHD/f0138068/20260130/cmp_i1769745203742_8957_0_6.jpg""]"
_dvWrSrwiYj9-3kWLqqfme-h9s0ODOfIhU0Wy9bg;;ZP细节图！SML200¥;0;;lrg3k8cd5bgw3jv;;Для женщин;"[""https://xcimg.szwego.com/img/f0138068/20260116/i1768555986645_1456_0_0.jpg"", ""https://xcimg.szwego.com/img/f0138068/20260116/i1768555986659_6803_0_1.jpg"", ""https://xcimg.szwego.com/img/f0138068/20260116/i1768555988019_3846_0_2.jpg"", ""https://xcimg.szwego.com/img/f0138068/20260116/i1768555986662_6365_0_3.jpg"", ""https://xcimg.szwego.com/img/f0138068/20260116/i1768555986647_9513_0_4.jpg"", ""https://xcimg.szwego.com/img/f0138068/20260116/i1768555986648_393_0_5.jpg""]"
_dmvrS_Jv_MoEEjEBkEZijX5KpFhb8vhSzVdQaeA;;细节图！SML190¥;0;;lrg3k8cd5bgw3jv;;Для женщин;"[""https://xcimg.szwego.com/img/f0138068/20260113/i1768272651510_2022_0_0.jpg"", ""https://xcimg.szwego.com/img/f0138068/20260113/i1768272651510_615_0_1.jpg"", ""https://xcimg.szwego.com/img/f0138068/20260113/i1768272652567_3522_0_2.jpg"", ""https://xcimg.szwego.com/img/f0138068/20260113/i1768272651510_1346_0_3.jpg"", ""https://xcimg.szwego.com/img/f0138068/20260113/i1768272651510_9374_0_4.jpg"", ""https://xcimg.szwego.com/img/f0138068/20260113/i1768272651510_9785_0_5.jpg""]"
_drJrSYfLz1HusP__gGVE_5IL2crhD0jyTx-bnqg;;🐎马年限定白色T恤 26早春系列，柔软棉质面料，穿着超舒适！正面奔马图案+红色手写字母，线条交织，艺术感满满✨。寓意“马到成功”，新年穿超有仪式感，也适合日常搭配。单穿或内搭都OK， SML190💰;0;;lrg3k8cd5bgw3jv;;Для женщин;"[""https://xcimg.szwego.com/img/f0138068/20260113/a1768272783964_8374.jpg"", ""https://xcimg.szwego.com/img/f0138068/20260113/a1768272783739_5454.jpg"", ""https://xcimg.szwego.com/img/f0138068/20260113/a1768272783778_2706.jpg"", ""https://xcimg.szwego.com/img/f0138068/20260113/a1768272783693_7862.jpg"", ""https://xcimg.szwego.com/img/f0138068/20260113/a1768272783870_2365.jpg"", ""https://xcimg.szwego.com/img/f0138068/20260113/a1768272784638_7268.jpg"", ""https://xcimg.szwego.com/img/f0138068/20260113/a1768272784664_7535.jpg""]"
_dl3rSM2GwJQkYMIgU64bsQ20ZhLqsaMVaaUqW_Q;;细节图！SML180¥;0;;lrg3k8cd5bgw3jv;;Для женщин;"[""https://xcimg.szwego.com/img/f0138068/20260109/i1767919952435_8937_0_0.jpg"", ""https://xcimg.szwego.com/img/f0138068/20260109/i1767919958268_8262_0_1.jpg"", ""https://xcimg.szwego.com/img/f0138068/20260109/i1767919952396_3174_0_2.jpg"", ""https://xcimg.szwego.com/img/f0138068/20260109/i1767919952428_2111_0_3.jpg"", ""https://xcimg.szwego.com/img/f0138068/20260109/i1767919958278_6623_0_4.jpg"", ""https://xcimg.szwego.com/img/f0138068/20260109/i1767919952442_1350_0_5.jpg"", ""https://xcimg.szwego.com/img/f0138068/20260109/i1767919952470_7501_0_6.jpg""]"
_do_rSPpUfmaCshhCMEtCEVYlLoGOkK3_yMyVm9w;;26早春新款经典Logo短袖T恤，白色棉质面料柔软舒适，正面黑色草写Logo超有辨识度，侧边条纹，简约又时髦，日常通勤，休闲都能轻松驾驭。百搭属性，牛仔裤，运动裤随意搭配，轻松切换风格，是衣橱必备的实用单品! SML180¥;0;;lrg3k8cd5bgw3jv;;Для женщин;"[""https://xcimg.szwego.com/img/f0138068/20260109/i1767921151853_3545_0_0.jpg"", ""https://xcimg.szwego.com/img/f0138068/20260109/i1767921151853_4908_0_1.jpg"", ""https://xcimg.szwego.com/img/f0138068/20260109/i1767921152990_2268_0_2.jpg"", ""https://xcimg.szwego.com/img/f0138068/20260109/i1767921151856_4093_0_3.jpg"", ""https://xcimg.szwego.com/img/f0138068/20260109/i1767921151853_773_0_4.jpg"", ""https://xcimg.szwego.com/img/f0138068/20260109/i1767921151882_1214_0_5.jpg""]"
_dxTrS0QR7Zho3l8DIKYlUI_IaJTXgNtDKucLy8w;;细节图！SML680¥;0;;lrg3k8cd5bgw3jv;;Для женщин;"[""https://xcimg.szwego.com/imgHD/f0138068/20260310/cmp_i1773113161397_51_0_0.jpg"", ""https://xcimg.szwego.com/imgHD/f0138068/20260310/cmp_i1773113160300_4933_0_1.jpg"", ""https://xcimg.szwego.com/imgHD/f0138068/20260310/cmp_i1773113159826_9127_0_2.jpg"", ""https://xcimg.szwego.com/imgHD/f0138068/20260310/cmp_i1773113159832_7988_0_3.jpg"", ""https://xcimg.szwego.com/imgHD/f0138068/20260310/cmp_i1773113159840_8391_0_4.jpg"", ""https://xcimg.szwego.com/imgHD/f0138068/20260310/cmp_i1773113159837_3381_0_5.jpg""]"
_dg8rSsqfQyxLlUKcJA8cIBzTePK5UkxuitD_SeQ;;细节图！SML340¥;0;;lrg3k8cd5bgw3jv;;Для женщин;"[""https://xcimg.szwego.com/imgHD/f0138068/20260330/cmp_i1774839171645_1821_0_0.jpg"", ""https://xcimg.szwego.com/imgHD/f0138068/20260330/cmp_i1774839171654_9698_0_6.jpg"", ""https://xcimg.szwego.com/imgHD/f0138068/20260330/cmp_i1774839174612_6378_0_1.jpg"", ""https://xcimg.szwego.com/imgHD/f0138068/20260330/cmp_i1774839171658_6218_0_2.jpg"", ""https://xcimg.szwego.com/imgHD/f0138068/20260330/cmp_i1774839171644_3503_0_4.jpg"", ""https://xcimg.szwego.com/imgHD/f0138068/20260330/cmp_i1774839171654_3541_0_5.jpg"", ""https://xcimg.szwego.com/imgHD/f0138068/20260330/cmp_i1774839174612_7514_0_3.jpg""]"
_dQerSycZarPWhHdk-fMVPRCPnfHpKOvICHeVDMQ;;💛M26新款黄蓝碎花吊带裙，明亮黄底配蓝色小花，夏日氛围感拉满！蝴蝶结肩带+打揽收腰，显瘦又有层次感✨。裙摆微蓬，花边下摆遮胯显腿长，小个子友好。面料轻薄透气，夏天穿超舒服～无论野餐、逛展还是度假都能轻松驾驭，元气少女感满分，黄皮姐妹也能白到发光🌼！ SML340¥;0;;lrg3k8cd5bgw3jv;;Для женщин;"[""https://xcimg.szwego.com/imgHD/f0138068/20260330/cmp_i1774839090949_5318_0_0.jpg"", ""https://xcimg.szwego.com/imgHD/f0138068/20260330/cmp_i1774839091711_1354_0_1.jpg"", ""https://xcimg.szwego.com/imgHD/f0138068/20260330/cmp_i1774839090948_6332_0_2.jpg"", ""https://xcimg.szwego.com/imgHD/f0138068/20260330/cmp_i1774839091711_391_0_3.jpg"", ""https://xcimg.szwego.com/imgHD/f0138068/20260330/cmp_i1774839091708_6896_0_4.jpg"", ""https://xcimg.szwego.com/imgHD/f0138068/20260330/cmp_i1774839090949_4632_0_5.jpg"", ""https://xcimg.szwego.com/imgHD/f0138068/20260330/cmp_i1774839091710_2252_0_6.jpg"", ""https://xcimg.szwego.com/imgHD/f0138068/20260330/cmp_i1774839090948_956_0_7.jpg"", ""https://xcimg.szwego.com/imgHD/f0138068/20260330/cmp_i1774839090948_34_0_8.jpg""]"
_dlHrSxiZHPzizcOKsfmPX4y_4iMfrZng0yRDL4w;;短袖细节图！SM L200¥;0;;lrg3k8cd5bgw3jv;;Для женщин;"[""https://xcimg.szwego.com/imgHD/f0138068/20260330/cmp_i1774835684669_132_0_0.jpg"", ""https://xcimg.szwego.com/imgHD/f0138068/20260330/cmp_i1774835684706_5600_0_3.jpg"", ""https://xcimg.szwego.com/imgHD/f0138068/20260330/cmp_i1774835684620_3748_0_1.jpg"", ""https://xcimg.szwego.com/imgHD/f0138068/20260330/cmp_i1774835686534_3818_0_2.jpg"", ""https://xcimg.szwego.com/imgHD/f0138068/20260330/cmp_i1774835684588_218_0_4.jpg"", ""https://xcimg.szwego.com/imgHD/f0138068/20260330/cmp_i1774835683842_4713_0_5.jpg""]"
_dr4rSfsDzf5aW4-fh4wDtjJ6bhRgiY2HGb7yjrg;;🤍26P新款白色刺绣镂空背心，采用柔软棉质面料，透气又舒适，夏天穿超合适！无袖圆领设计，简约大方，衣身点缀精致花卉刺绣，细节满分✨。剪裁贴合身形，单穿或内搭都很百搭，轻松搭配牛仔裤、半裙，日常出街或度假都能驾驭 SML180¥;0;;lrg3k8cd5bgw3jv;;Для женщин;"[""https://xcimg.szwego.com/imgHD/f0138068/20260318/cmp_i1773823784915_9242_0_0.jpg"", ""https://xcimg.szwego.com/imgHD/f0138068/20260318/cmp_i1773823784915_6134_0_1.jpg"", ""https://xcimg.szwego.com/imgHD/f0138068/20260318/cmp_i1773823784915_3381_0_2.jpg"", ""https://xcimg.szwego.com/imgHD/f0138068/20260318/cmp_i1773823784915_6499_0_3.jpg"", ""https://xcimg.szwego.com/imgHD/f0138068/20260318/cmp_i1773823784915_2278_0_4.jpg"", ""https://xcimg.szwego.com/imgHD/f0138068/20260318/cmp_i1773823787244_9763_0_5.jpg""]"
_daxrS5s0mB2tRkfQW2BpuWDScd6x4hkA-480e3A;;🌸26P系列白色短袖T恤，纯棉材质，柔软舒适，夏天穿超清爽！镂空刺绣花纹精致，细节满分✨，微宽松版型+收腰剪裁，显瘦又百搭，轻松搭配牛仔裤或半裙，日常出街、度假都很OK～性价比高，设计感与实用性兼具，是26P系列热门单品之一！ SML200¥;0;;lrg3k8cd5bgw3jv;;Для женщин;"[""https://xcimg.szwego.com/imgHD/f0138068/20260318/cmp_i1773823974298_2841_0_0.jpg"", ""https://xcimg.szwego.com/imgHD/f0138068/20260318/cmp_i1773823974297_7353_0_1.jpg"", ""https://xcimg.szwego.com/imgHD/f0138068/20260318/cmp_i1773823976822_7762_0_2.jpg"", ""https://xcimg.szwego.com/imgHD/f0138068/20260318/cmp_i1773823974296_7909_0_3.jpg"", ""https://xcimg.szwego.com/imgHD/f0138068/20260318/cmp_i1773823974297_7157_0_4.jpg"", ""https://xcimg.szwego.com/imgHD/f0138068/20260318/cmp_i1773823976819_6540_0_5.jpg"", ""https://xcimg.szwego.com/imgHD/f0138068/20260318/cmp_i1773823974297_4259_0_6.jpg"", ""https://xcimg.szwego.com/imgHD/f0138068/20260318/cmp_i1773823976885_6901_0_7.jpg""]"
_dexrSXIiHUJX-8RoCBBtaiFtPW520-yeaDWnsXA;;ZP细节图！SML180¥;0;;lrg3k8cd5bgw3jv;;Для женщин;"[""https://xcimg.szwego.com/imgHD/f0138068/20260130/cmp_i1769755944373_3119_0_0.jpg"", ""https://xcimg.szwego.com/imgHD/f0138068/20260130/cmp_i1769755944389_354_0_1.jpg"", ""https://xcimg.szwego.com/imgHD/f0138068/20260130/cmp_i1769755944380_2944_0_2.jpg"", ""https://xcimg.szwego.com/imgHD/f0138068/20260130/cmp_i1769755952926_2797_0_3.jpg"", ""https://xcimg.szwego.com/imgHD/f0138068/20260130/cmp_i1769755944381_2929_0_4.jpg"", ""https://xcimg.szwego.com/imgHD/f0138068/20260130/cmp_i1769755944376_5582_0_5.jpg"", ""https://xcimg.szwego.com/imgHD/f0138068/20260130/cmp_i1769755956415_5987_0_6.jpg"", ""https://xcimg.szwego.com/imgHD/f0138068/20260130/cmp_i1769755956415_4_0_7.jpg""]"
_dwFrSbjNrd3T1IFzvygVsmIg4bgiDWZ5_TifJRw;;ZP细节图！SML460¥;0;;lrg3k8cd5bgw3jv;;Для женщин;"[""https://xcimg.szwego.com/imgHD/f0138068/20250406/cmp_i1743953666420_2947_0_0.jpg"", ""https://xcimg.szwego.com/imgHD/f0138068/20250406/cmp_i1743953666494_4251_0_1.jpg"", ""https://xcimg.szwego.com/imgHD/f0138068/20250406/cmp_i1743953672336_2422_0_2.jpg"", ""https://xcimg.szwego.com/imgHD/f0138068/20250406/cmp_i1743953672336_5028_0_3.jpg"", ""https://xcimg.szwego.com/imgHD/f0138068/20250406/cmp_i1743953666428_2472_0_4.jpg"", ""https://xcimg.szwego.com/imgHD/f0138068/20250406/cmp_i1743953669826_5956_0_5.jpg"", ""https://xcimg.szwego.com/imgHD/f0138068/20250406/cmp_i1743953665842_9139_0_6.jpg"", ""https://xcimg.szwego.com/imgHD/f0138068/20250406/cmp_i1743953665842_3975_0_7.jpg""]"
_dgJrSabrhIUuYnUuxMlX8G6bYgIiAURBXKF4lkw;;🌊海航系列 丹宁女孩;0;;lrg3k8cd5bgw3jv;;Для женщин;"[""https://xcimg.szwego.com/imgHD/f0138068/20250418/cmp_i1744940820949_2480_0_0.jpg"", ""https://xcimg.szwego.com/imgHD/f0138068/20250418/cmp_i1744940820947_1941_0_1.jpg"", ""https://xcimg.szwego.com/imgHD/f0138068/20250418/cmp_i1744940820947_6315_0_2.jpg"", ""https://xcimg.szwego.com/imgHD/f0138068/20250418/cmp_i1744940820949_8900_0_3.jpg"", ""https://xcimg.szwego.com/imgHD/f0138068/20250418/cmp_i1744940820948_1814_0_4.jpg"", ""https://xcimg.szwego.com/imgHD/f0138068/20250418/cmp_i1744940825257_9248_0_5.jpg""]"
_d-2rS9ZvOlLHkvA7-5XVxHvCNy786FHhGmEQPBg;;时髦精穿搭 现货🀄️;0;;lrg3k8cd5bgw3jv;;Для женщин;"[""https://xcimg.szwego.com/imgHD/f0138068/20250418/cmp_i1744940758069_8143_0_8.jpg"", ""https://xcimg.szwego.com/imgHD/f0138068/20250418/cmp_i1744940758070_5805_0_0.jpg"", ""https://xcimg.szwego.com/imgHD/f0138068/20250418/cmp_i1744940758070_9751_0_1.jpg"", ""https://xcimg.szwego.com/imgHD/f0138068/20250418/cmp_i1744940758471_3672_0_2.jpg"", ""https://xcimg.szwego.com/imgHD/f0138068/20250418/cmp_i1744940758070_6506_0_3.jpg"", ""https://xcimg.szwego.com/imgHD/f0138068/20250418/cmp_i1744940758471_2285_0_4.jpg"", ""https://xcimg.szwego.com/imgHD/f0138068/20250418/cmp_i1744940758471_5381_0_5.jpg"", ""https://xcimg.szwego.com/imgHD/f0138068/20250418/cmp_i1744940758471_7384_0_6.jpg"", ""https://xcimg.szwego.com/imgHD/f0138068/20250418/cmp_i1744940758069_8595_0_7.jpg""]"
_djErSzdgwlqmDQLzxeddt1TXFi8WgoDNf99e8Lg;;25SS新品 航海系列 牛仔圆领长袖夹克外套 修身设计颜值非常高 浅色系上身很好搭配 舒适清新！ SML460¥;0;;lrg3k8cd5bgw3jv;;Для женщин;"[""https://xcimg.szwego.com/imgHD/f0138068/20250418/cmp_i1744940582997_5072_0_0.jpg"", ""https://xcimg.szwego.com/imgHD/f0138068/20250418/cmp_i1744940582997_6133_0_1.jpg"", ""https://xcimg.szwego.com/imgHD/f0138068/20250418/cmp_i1744940582997_4283_0_2.jpg"", ""https://xcimg.szwego.com/imgHD/f0138068/20250418/cmp_i1744940582997_2636_0_3.jpg"", ""https://xcimg.szwego.com/imgHD/f0138068/20250418/cmp_i1744940583657_7677_0_4.jpg"", ""https://xcimg.szwego.com/imgHD/f0138068/20250418/cmp_i1744940582997_7425_0_5.jpg""]"
_dl4rSDDQFVFehuqB__mfoD7s1Yun5tK_vw8iLrg;;细节图！SML580¥;0;;lrg3k8cd5bgw3jv;;Для женщин;"[""https://xcimg.szwego.com/imgHD/f0138068/20260315/cmp_i1773541583377_1691_0_2.jpg"", ""https://xcimg.szwego.com/imgHD/f0138068/20260315/cmp_i1773541583371_8465_0_0.jpg"", ""https://xcimg.szwego.com/imgHD/f0138068/20260315/cmp_i1773541582341_6515_0_3.jpg"", ""https://xcimg.szwego.com/imgHD/f0138068/20260315/cmp_i1773541583369_4316_0_1.jpg"", ""https://xcimg.szwego.com/imgHD/f0138068/20260315/cmp_i1773541582328_8208_0_6.jpg"", ""https://xcimg.szwego.com/imgHD/f0138068/20260315/cmp_i1773541582327_3079_0_8.jpg"", ""https://xcimg.szwego.com/imgHD/f0138068/20260315/cmp_i1773541583364_971_0_5.jpg"", ""https://xcimg.szwego.com/imgHD/f0138068/20260315/cmp_i1773541582332_9498_0_4.jpg"", ""https://xcimg.szwego.com/imgHD/f0138068/20260315/cmp_i1773541582331_790_0_7.jpg""]"
_dfMrS9nbpCvjO8qjr_vaxMXS0b07tS7XcVG6TVg;;🌸 26C春夏系列白色露肩真丝衬衫，轻薄提花面料，奶白色调+暗纹设计，低调优雅✨。露肩剪裁展现肩颈线条，珍珠纽扣点缀，细节满分！宽松版型舒适遮肉，日常或正式场合都能轻松驾驭，搭配粗花呢裙or高腰裤，氛围感直接拉满～ SML580¥;0;;lrg3k8cd5bgw3jv;;Для женщин;"[""https://xcimg.szwego.com/imgHD/f0138068/20260315/cmp_i1773541362783_7192_0_0.jpg"", ""https://xcimg.szwego.com/imgHD/f0138068/20260315/cmp_i1773541363560_8601_0_1.jpg"", ""https://xcimg.szwego.com/imgHD/f0138068/20260315/cmp_i1773541362783_9523_0_2.jpg"", ""https://xcimg.szwego.com/imgHD/f0138068/20260315/cmp_i1773541362783_9425_0_3.jpg"", ""https://xcimg.szwego.com/imgHD/f0138068/20260315/cmp_i1773541362984_6946_0_4.jpg"", ""https://xcimg.szwego.com/imgHD/f0138068/20260315/cmp_i1773541362783_5840_0_5.jpg"", ""https://xcimg.szwego.com/imgHD/f0138068/20260315/cmp_i1773541370806_1675_0_6.jpg""]"
_delrShXBV6L19G78-ix0tYEb6X6yPnEwmTkUOIA;;细节图！SML340¥;0;;lrg3k8cd5bgw3jv;;Для женщин;"[""https://xcimg.szwego.com/imgHD/f0138068/20260314/cmp_i1773456367964_8007_0_0.jpg"", ""https://xcimg.szwego.com/imgHD/f0138068/20260314/cmp_i1773456367956_7526_0_3.jpg"", ""https://xcimg.szwego.com/imgHD/f0138068/20260314/cmp_i1773456368042_5175_0_5.jpg"", ""https://xcimg.szwego.com/imgHD/f0138068/20260314/cmp_i1773456367980_2660_0_2.jpg"", ""https://xcimg.szwego.com/imgHD/f0138068/20260314/cmp_i1773456370119_4705_0_1.jpg"", ""https://xcimg.szwego.com/imgHD/f0138068/20260314/cmp_i1773456366995_3676_0_4.jpg""]"
_dterSj3vU5kJD_83HkzebxVQ1XUX-OUKGiDWyAg;;细节图！SML340¥;0;;lrg3k8cd5bgw3jv;;Для женщин;"[""https://xcimg.szwego.com/imgHD/f0138068/20260314/cmp_i1773456338496_2053_0_0.jpg"", ""https://xcimg.szwego.com/imgHD/f0138068/20260314/cmp_i1773456338505_2613_0_3.jpg"", ""https://xcimg.szwego.com/imgHD/f0138068/20260314/cmp_i1773456340821_3999_0_2.jpg"", ""https://xcimg.szwego.com/imgHD/f0138068/20260314/cmp_i1773456338595_5807_0_1.jpg"", ""https://xcimg.szwego.com/imgHD/f0138068/20260314/cmp_i1773456338579_9624_0_4.jpg"", ""https://xcimg.szwego.com/imgHD/f0138068/20260314/cmp_i1773456337441_7158_0_5.jpg""]"
_dK_rSRTB_E5VJS-xtoJdGe_8_Ci9QS6G_3J2aDg;;细节图！SML480¥;0;;lrg3k8cd5bgw3jv;;Для женщин;"[""https://xcimg.szwego.com/imgHD/f0138068/20260305/cmp_i1772674084665_3693_0_0.jpg"", ""https://xcimg.szwego.com/imgHD/f0138068/20260305/cmp_i1772674083291_5400_0_1.jpg"", ""https://xcimg.szwego.com/imgHD/f0138068/20260305/cmp_i1772674083297_6288_0_4.jpg"", ""https://xcimg.szwego.com/imgHD/f0138068/20260305/cmp_i1772674084665_9258_0_8.jpg"", ""https://xcimg.szwego.com/imgHD/f0138068/20260305/cmp_i1772674084675_7580_0_5.jpg"", ""https://xcimg.szwego.com/imgHD/f0138068/20260305/cmp_i1772674084673_8865_0_7.jpg"", ""https://xcimg.szwego.com/imgHD/f0138068/20260305/cmp_i1772674083291_2756_0_2.jpg"", ""https://xcimg.szwego.com/imgHD/f0138068/20260305/cmp_i1772674083301_7413_0_3.jpg"", ""https://xcimg.szwego.com/imgHD/f0138068/20260305/cmp_i1772674083305_3825_0_6.jpg""]"
_dxGrSghfO_EEt-FLMzxuukkK5IOQWy8wLYEmIxg;;细节图！SML380¥;0;;lrg3k8cd5bgw3jv;;Для женщин;"[""https://xcimg.szwego.com/imgHD/f0138068/20260305/cmp_i1772674065390_2161_0_0.jpg"", ""https://xcimg.szwego.com/imgHD/f0138068/20260305/cmp_i1772674065396_9112_0_1.jpg"", ""https://xcimg.szwego.com/imgHD/f0138068/20260305/cmp_i1772674065403_5197_0_2.jpg"", ""https://xcimg.szwego.com/imgHD/f0138068/20260305/cmp_i1772674065403_4489_0_3.jpg"", ""https://xcimg.szwego.com/imgHD/f0138068/20260305/cmp_i1772674067021_2949_0_4.jpg"", ""https://xcimg.szwego.com/imgHD/f0138068/20260305/cmp_i1772674065392_5788_0_5.jpg"", ""https://xcimg.szwego.com/imgHD/f0138068/20260305/cmp_i1772674067018_9166_0_6.jpg""]"
_dsvrSO7ZuY7tPqgRJyGWeSdfvHuSBxSBo965Q2g;;26P♣️极简风 收腰款 上身超显腿长 上衣SML480¥;0;;lrg3k8cd5bgw3jv;;Для женщин;"[""https://xcimg.szwego.com/imgHD/f0138068/20260305/cmp_i1772673852801_380_0_9.jpg"", ""https://xcimg.szwego.com/imgHD/f0138068/20260305/cmp_i1772673852798_5077_0_8.jpg"", ""https://xcimg.szwego.com/imgHD/f0138068/20260305/cmp_i1772673936123_7801_0_10.jpg"", ""https://xcimg.szwego.com/imgHD/f0138068/20260305/cmp_i1772673590202_9329_0_4.jpg"", ""https://xcimg.szwego.com/imgHD/f0138068/20260305/cmp_i1772673590202_278_0_0.jpg"", ""https://xcimg.szwego.com/imgHD/f0138068/20260305/cmp_i1772673590759_883_0_1.jpg"", ""https://xcimg.szwego.com/imgHD/f0138068/20260305/cmp_i1772673590203_2618_0_5.jpg"", ""https://xcimg.szwego.com/imgHD/f0138068/20260305/cmp_i1772673590202_2993_0_2.jpg"", ""https://xcimg.szwego.com/imgHD/f0138068/20260305/cmp_i1772673590234_8534_0_3.jpg"", ""https://xcimg.szwego.com/imgHD/f0138068/20260305/cmp_i1772673610836_648_0_6.jpg""]"
_d_DrS9NDmK7RdoBz7K1KBxvIDZ10Uh6ak965afA;;26P系列工装短裤，卡其色轻质面料，松紧腰+立体口袋设计，实用又有型！金属纽扣点缀，细节满分，工装风融合品牌优雅气质，日常休闲或度假都能轻松驾驭～搭配简约上衣或针织衫，时髦又舒适！ SML380¥;0;;lrg3k8cd5bgw3jv;;Для женщин;"[""https://xcimg.szwego.com/imgHD/f0138068/20260305/cmp_i1772673539198_5227_0_2.jpg"", ""https://xcimg.szwego.com/imgHD/f0138068/20260305/cmp_i1772673540204_4605_0_3.jpg"", ""https://xcimg.szwego.com/imgHD/f0138068/20260305/cmp_i1772673540158_3739_0_4.jpg"", ""https://xcimg.szwego.com/imgHD/f0138068/20260305/cmp_i1772673540161_9878_0_5.jpg"", ""https://xcimg.szwego.com/imgHD/f0138068/20260305/cmp_i1772673539198_8947_0_7.jpg"", ""https://xcimg.szwego.com/imgHD/f0138068/20260305/cmp_i1772673540157_8857_0_8.jpg"", ""https://xcimg.szwego.com/imgHD/f0138068/20260305/cmp_i1772673539198_3648_0_9.jpg"", ""https://xcimg.szwego.com/imgHD/f0138068/20260305/cmp_i1772673539202_1744_0_0.jpg"", ""https://xcimg.szwego.com/imgHD/f0138068/20260305/cmp_i1772673539198_8864_0_1.jpg""]"
_dcLrStJor_zpKY0kssNHodN_V5XdeIVWowznnNQ;;细节图！SML980¥;0;;lrg3k8cd5bgw3jv;;Для женщин;"[""https://xcimg.szwego.com/imgHD/f0138068/20260321/cmp_i1774058246009_2208_0_0.jpg"", ""https://xcimg.szwego.com/imgHD/f0138068/20260321/cmp_i1774058244326_6102_0_1.jpg"", ""https://xcimg.szwego.com/imgHD/f0138068/20260321/cmp_i1774058246037_5957_0_2.jpg"", ""https://xcimg.szwego.com/imgHD/f0138068/20260321/cmp_i1774058244347_3266_0_3.jpg"", ""https://xcimg.szwego.com/imgHD/f0138068/20260321/cmp_i1774058243710_3551_0_4.jpg"", ""https://xcimg.szwego.com/imgHD/f0138068/20260321/cmp_i1774058243706_4065_0_5.jpg"", ""https://xcimg.szwego.com/imgHD/f0138068/20260321/cmp_i1774058243794_331_0_6.jpg""]"
_dk4rSLJkXOnjIn48OzLiuBWUlKBB-8bDGIjablg;;🖤2026春夏系列黑色皮革夹克，由Jonathan Anderson设计，选用高品质羊皮革，表面光滑有质感，剪裁利落，摩登又优雅✨。拉链+翻盖口袋，实用又有设计感，胸前“CD”标志超有辨识度！日常或正式场合都能轻松驾驭，搭配白色长裤或裙装，酷飒又不失女性魅力，轻松打造SM L980¥;0;;lrg3k8cd5bgw3jv;;Для женщин;"[""https://xcimg.szwego.com/imgHD/f0138068/20260321/cmp_i1774058225055_2231_0_9.jpg"", ""https://xcimg.szwego.com/imgHD/f0138068/20260321/cmp_i1774057988241_987_0_0.jpg"", ""https://xcimg.szwego.com/imgHD/f0138068/20260321/cmp_i1774057987779_2803_0_1.jpg"", ""https://xcimg.szwego.com/imgHD/f0138068/20260321/cmp_i1774057987779_204_0_2.jpg"", ""https://xcimg.szwego.com/imgHD/f0138068/20260321/cmp_i1774057987779_5152_0_3.jpg"", ""https://xcimg.szwego.com/imgHD/f0138068/20260321/cmp_i1774057988249_8839_0_4.jpg"", ""https://xcimg.szwego.com/imgHD/f0138068/20260321/cmp_i1774057987779_8984_0_5.jpg"", ""https://xcimg.szwego.com/imgHD/f0138068/20260321/cmp_i1774057988248_2128_0_6.jpg"", ""https://xcimg.szwego.com/imgHD/f0138068/20260321/cmp_i1774057987779_1620_0_7.jpg""]"
_dpKrSqfV3NTiqkyIHkkN3PfM4MBYNpDvmwKNsPA;;细节图！SML2980¥;0;;lrg3k8cd5bgw3jv;;Для женщин;"[""https://xcimg.szwego.com/imgHD/f0138068/20260312/cmp_i1773314754302_2935_0_0.jpg"", ""https://xcimg.szwego.com/imgHD/f0138068/20260312/cmp_i1773314774864_1294_0_1.jpg"", ""https://xcimg.szwego.com/imgHD/f0138068/20260312/cmp_i1773314754314_812_0_2.jpg"", ""https://xcimg.szwego.com/imgHD/f0138068/20260312/cmp_i1773314754319_2656_0_5.jpg"", ""https://xcimg.szwego.com/imgHD/f0138068/20260312/cmp_i1773314781483_4403_0_7.jpg"", ""https://xcimg.szwego.com/imgHD/f0138068/20260312/cmp_i1773314754313_9890_0_8.jpg"", ""https://xcimg.szwego.com/imgHD/f0138068/20260312/cmp_i1773314754306_8919_0_4.jpg"", ""https://xcimg.szwego.com/imgHD/f0138068/20260312/cmp_i1773314781488_1352_0_6.jpg"", ""https://xcimg.szwego.com/imgHD/f0138068/20260312/cmp_i1773314781492_8949_0_9.jpg""]"
_dtVrSAjEgge20UQkzNMCiK--jYzOpVTJEt9WIlA;;17A大都会高定花朵外套 经久不衰 现在看还是好美 超级贵气 放到现在也绝对是衣柜里值得收藏的艺术评;0;;lrg3k8cd5bgw3jv;;Для женщин;"[""https://xcimg.szwego.com/imgHD/f0138068/20260312/cmp_i1773314962124_2996_0_0.jpg"", ""https://xcimg.szwego.com/imgHD/f0138068/20260312/cmp_i1773314962125_3776_0_1.jpg"", ""https://xcimg.szwego.com/imgHD/f0138068/20260312/cmp_i1773314962123_5596_0_2.jpg"", ""https://xcimg.szwego.com/imgHD/f0138068/20260312/cmp_i1773314964310_1997_0_3.jpg"", ""https://xcimg.szwego.com/imgHD/f0138068/20260312/cmp_i1773314962124_2156_0_4.jpg"", ""https://xcimg.szwego.com/imgHD/f0138068/20260312/cmp_i1773314964311_519_0_5.jpg"", ""https://xcimg.szwego.com/imgHD/f0138068/20260312/cmp_i1773314964312_4621_0_6.jpg"", ""https://xcimg.szwego.com/imgHD/f0138068/20260312/cmp_i1773314962123_5638_0_7.jpg""]"
_dEkrSF7v6iYolMtCObT8tww0YXK5cpXI6gxRVbw;;细节图！SML780¥;0;;lrg3k8cd5bgw3jv;;Для женщин;"[""https://xcimg.szwego.com/imgHD/f0138068/20260328/cmp_i1774663731931_9076_0_0.jpg"", ""https://xcimg.szwego.com/imgHD/f0138068/20260328/cmp_i1774663732040_9184_0_4.jpg"", ""https://xcimg.szwego.com/imgHD/f0138068/20260328/cmp_i1774663733551_3918_0_1.jpg"", ""https://xcimg.szwego.com/imgHD/f0138068/20260328/cmp_i1774663733570_1642_0_2.jpg"", ""https://xcimg.szwego.com/imgHD/f0138068/20260328/cmp_i1774663730621_243_0_3.jpg"", ""https://xcimg.szwego.com/imgHD/f0138068/20260328/cmp_i1774663731943_8664_0_5.jpg"", ""https://xcimg.szwego.com/imgHD/f0138068/20260328/cmp_i1774663733456_5885_0_6.jpg"", ""https://xcimg.szwego.com/imgHD/f0138068/20260328/cmp_i1774663730629_8025_0_7.jpg""]"
_dwmrSvSDFvVVm3iUpk5xGetjHL0n_wYCuvTEfuQ;;细节图！SML490¥;0;;lrg3k8cd5bgw3jv;;Для женщин;"[""https://xcimg.szwego.com/imgHD/f0138068/20260328/cmp_i1774663670642_5538_0_0.jpg"", ""https://xcimg.szwego.com/imgHD/f0138068/20260328/cmp_i1774663670691_5595_0_1.jpg"", ""https://xcimg.szwego.com/imgHD/f0138068/20260328/cmp_i1774663672294_1530_0_2.jpg"", ""https://xcimg.szwego.com/imgHD/f0138068/20260328/cmp_i1774663670588_585_0_3.jpg"", ""https://xcimg.szwego.com/imgHD/f0138068/20260328/cmp_i1774663670723_6708_0_4.jpg"", ""https://xcimg.szwego.com/imgHD/f0138068/20260328/cmp_i1774663668839_7297_0_5.jpg""]"
_d-1rS0Co6QGj0C2oen7pH1qBN6LX6xGnMRrqVrw;;26早春女装系列短款夹克➕半裙套装，灰色主色+酒红&深蓝拼接，几何感超强！高品质丝毛面料，舒适又挺括，抽绳设计可调节版型，搭配牛仔裤或运动裤，随性又高级，时髦感满分！ 外套SML780¥ 半裙SML490¥;0;;lrg3k8cd5bgw3jv;;Для женщин;"[""https://xcimg.szwego.com/imgHD/f0138068/20260328/cmp_i1774663364965_5856_0_3.jpg"", ""https://xcimg.szwego.com/imgHD/f0138068/20260328/cmp_i1774663365555_9098_0_0.jpg"", ""https://xcimg.szwego.com/imgHD/f0138068/20260328/cmp_i1774663364965_3768_0_6.jpg"", ""https://xcimg.szwego.com/imgHD/f0138068/20260328/cmp_i1774663365557_4924_0_5.jpg"", ""https://xcimg.szwego.com/imgHD/f0138068/20260328/cmp_i1774663364965_8523_0_4.jpg"", ""https://xcimg.szwego.com/imgHD/f0138068/20260328/cmp_i1774663364965_3183_0_2.jpg""]"
_doErSA3wueQm6Xra_ma6X7fBAdrwn6fKG-SWsjA;;细节图！SML360¥;0;;lrg3k8cd5bgw3jv;;Для женщин;"[""https://xcimg.szwego.com/imgHD/f0138068/20260328/cmp_i1774665912856_521_0_0.jpg"", ""https://xcimg.szwego.com/imgHD/f0138068/20260328/cmp_i1774665914415_6205_0_2.jpg"", ""https://xcimg.szwego.com/imgHD/f0138068/20260328/cmp_i1774665914419_876_0_1.jpg"", ""https://xcimg.szwego.com/imgHD/f0138068/20260328/cmp_i1774665912857_5147_0_4.jpg"", ""https://xcimg.szwego.com/imgHD/f0138068/20260328/cmp_i1774665912856_1907_0_5.jpg"", ""https://xcimg.szwego.com/imgHD/f0138068/20260328/cmp_i1774665912838_4508_0_6.jpg"", ""https://xcimg.szwego.com/imgHD/f0138068/20260328/cmp_i1774665912837_5370_0_3.jpg""]"
_dkNrSUPcRblB0Y8f3eYYd9AW1-ditToe7-HZryQ;;💙M26蓝色格纹连衣裙，柔软棉质面料，轻盈透气，春夏穿超舒服！一字肩+泡泡袖设计，复古又俏皮，收腰剪裁显身材，裙摆长度刚好，日常出街、度假、约会都能轻松驾驭✨。蓝色格纹清新显白， SML360¥;0;;lrg3k8cd5bgw3jv;;Для женщин;"[""https://xcimg.szwego.com/imgHD/f0138068/20260328/cmp_i1774665732131_9982_0_0.jpg"", ""https://xcimg.szwego.com/imgHD/f0138068/20260328/cmp_i1774665732131_6523_0_1.jpg"", ""https://xcimg.szwego.com/imgHD/f0138068/20260328/cmp_i1774665732162_1316_0_2.jpg"", ""https://xcimg.szwego.com/imgHD/f0138068/20260328/cmp_i1774665732526_1410_0_3.jpg"", ""https://xcimg.szwego.com/imgHD/f0138068/20260328/cmp_i1774665732130_2962_0_4.jpg"", ""https://xcimg.szwego.com/imgHD/f0138068/20260328/cmp_i1774665732527_1960_0_5.jpg"", ""https://xcimg.szwego.com/imgHD/f0138068/20260328/cmp_i1774665732131_9837_0_6.jpg"", ""https://xcimg.szwego.com/imgHD/f0138068/20260328/cmp_i1774665732526_6111_0_7.jpg""]"
_dlyrSwRX7y4vIihSJDrWxckTwkqX8kGW2St23Ag;;细节图！SML350¥;0;;lrg3k8cd5bgw3jv;;Для женщин;"[""https://xcimg.szwego.com/imgHD/f0138068/20260328/cmp_i1774665555571_7827_0_0.jpg"", ""https://xcimg.szwego.com/imgHD/f0138068/20260328/cmp_i1774665556522_6501_0_1.jpg"", ""https://xcimg.szwego.com/imgHD/f0138068/20260328/cmp_i1774665556518_851_0_2.jpg"", ""https://xcimg.szwego.com/imgHD/f0138068/20260328/cmp_i1774665555573_2383_0_4.jpg"", ""https://xcimg.szwego.com/imgHD/f0138068/20260328/cmp_i1774665555589_605_0_6.jpg"", ""https://xcimg.szwego.com/imgHD/f0138068/20260328/cmp_i1774665555576_3363_0_3.jpg"", ""https://xcimg.szwego.com/imgHD/f0138068/20260328/cmp_i1774665555571_4367_0_5.jpg""]"
_daBrShkkolRsNJ0Uasju2F2kOAglta5eDfxEBzQ;;🩵26春夏系列淡蓝色无袖连衣裙，衬衫式设计+腰部挖空绑带，灵动又时髦✨。轻薄面料，裙摆宽松，剪裁精致，超适合追求个性和时尚的姐妹们👗。 SML350¥;0;;lrg3k8cd5bgw3jv;;Для женщин;"[""https://xcimg.szwego.com/imgHD/f0138068/20260328/cmp_i1774664609964_1730_0_0.jpg"", ""https://xcimg.szwego.com/imgHD/f0138068/20260328/cmp_i1774664609964_8127_0_1.jpg"", ""https://xcimg.szwego.com/imgHD/f0138068/20260328/cmp_i1774664609964_3879_0_2.jpg"", ""https://xcimg.szwego.com/imgHD/f0138068/20260328/cmp_i1774664609964_6957_0_3.jpg"", ""https://xcimg.szwego.com/imgHD/f0138068/20260328/cmp_i1774664609964_9889_0_4.jpg"", ""https://xcimg.szwego.com/imgHD/f0138068/20260328/cmp_i1774665348877_3824_0_5.jpg"", ""https://xcimg.szwego.com/imgHD/f0138068/20260328/cmp_i1774665348876_8057_0_6.jpg"", ""https://xcimg.szwego.com/imgHD/f0138068/20260328/cmp_i1774665348877_8589_0_7.jpg""]"
_drorSTrM4UWcSQYUnKGmwwJq4Jk4YMP7hsw10fg;;细节图！SML XL 650¥;0;;lrg3k8cd5bgw3jv;;Для женщин;"[""https://xcimg.szwego.com/imgHD/f0138068/20260328/cmp_i1774666654760_1633_0_0.jpg"", ""https://xcimg.szwego.com/imgHD/f0138068/20260328/cmp_i1774666654724_4667_0_1.jpg"", ""https://xcimg.szwego.com/imgHD/f0138068/20260328/cmp_i1774666654778_7551_0_2.jpg"", ""https://xcimg.szwego.com/imgHD/f0138068/20260328/cmp_i1774666654926_3847_0_3.jpg"", ""https://xcimg.szwego.com/imgHD/f0138068/20260328/cmp_i1774666652964_9705_0_4.jpg"", ""https://xcimg.szwego.com/imgHD/f0138068/20260328/cmp_i1774666656828_2399_0_5.jpg""]"
_dlyrSwRX7y4vIihSJDrWxckTwlKv-kGW2St23Ag;;🖤B黑色皮质短裤，采用高品质皮革，光泽感满分，搭配金属腰扣，品牌辨识度超高✨。高腰设计修饰腰线，时尚感爆棚，皮质材质让整体造型更有质感。无论搭配T恤还是衬衫，都能轻松打造个性街头风或复古风，日常出街、派对都很适合，是衣橱必备的百搭单品！🔥 SML650¥;0;;lrg3k8cd5bgw3jv;;Для женщин;"[""https://xcimg.szwego.com/imgHD/f0138068/20260328/cmp_i1774666199070_1210_0_0.jpg"", ""https://xcimg.szwego.com/imgHD/f0138068/20260328/cmp_i1774666199070_5804_0_1.jpg"", ""https://xcimg.szwego.com/imgHD/f0138068/20260328/cmp_i1774666199070_5805_0_2.jpg"", ""https://xcimg.szwego.com/imgHD/f0138068/20260328/cmp_i1774666199436_5412_0_3.jpg"", ""https://xcimg.szwego.com/imgHD/f0138068/20260328/cmp_i1774666199070_9544_0_4.jpg"", ""https://xcimg.szwego.com/imgHD/f0138068/20260328/cmp_i1774666199436_104_0_5.jpg"", ""https://xcimg.szwego.com/imgHD/f0138068/20260328/cmp_i1774666199070_6575_0_6.jpg""]"
_d_arS_Zt5PS94HstL67gtKQgvJzSp9SCZvifvRQ;;细节图！SML360¥;0;;lrg3k8cd5bgw3jv;;Для женщин;"[""https://xcimg.szwego.com/imgHD/f0138068/20260327/cmp_i1774580294345_7531_0_0.jpg"", ""https://xcimg.szwego.com/imgHD/f0138068/20260327/cmp_i1774580294348_8291_0_4.jpg"", ""https://xcimg.szwego.com/imgHD/f0138068/20260327/cmp_i1774580294348_6092_0_1.jpg"", ""https://xcimg.szwego.com/imgHD/f0138068/20260327/cmp_i1774580296058_1663_0_2.jpg"", ""https://xcimg.szwego.com/imgHD/f0138068/20260327/cmp_i1774580294349_7429_0_5.jpg"", ""https://xcimg.szwego.com/imgHD/f0138068/20260327/cmp_i1774580294342_788_0_3.jpg""]"
_dHtrSEQcHrGlYOW3v8kVf8eZPxqUV8wiXZCxh-Q;;细节图！SML460¥;0;;lrg3k8cd5bgw3jv;;Для женщин;"[""https://xcimg.szwego.com/imgHD/f0138068/20260325/cmp_i1774406306064_5630_0_0.jpg"", ""https://xcimg.szwego.com/imgHD/f0138068/20260325/cmp_i1774406304512_1698_0_1.jpg"", ""https://xcimg.szwego.com/imgHD/f0138068/20260325/cmp_i1774406304518_7773_0_2.jpg"", ""https://xcimg.szwego.com/imgHD/f0138068/20260325/cmp_i1774406304519_539_0_3.jpg"", ""https://xcimg.szwego.com/imgHD/f0138068/20260325/cmp_i1774406304525_5944_0_4.jpg"", ""https://xcimg.szwego.com/imgHD/f0138068/20260325/cmp_i1774406306061_8372_0_6.jpg"", ""https://xcimg.szwego.com/imgHD/f0138068/20260325/cmp_i1774406304510_142_0_5.jpg""]"
_dgdrSURCvlqAiCx4of_FQiuDuc5Kj0yl0sJeh3A;;细节图！SML300¥;0;;lrg3k8cd5bgw3jv;;Для женщин;"[""https://xcimg.szwego.com/imgHD/f0138068/20260325/cmp_i1774406352400_233_0_0.jpg"", ""https://xcimg.szwego.com/imgHD/f0138068/20260325/cmp_i1774406352426_5786_0_1.jpg"", ""https://xcimg.szwego.com/imgHD/f0138068/20260325/cmp_i1774406352398_660_0_2.jpg"", ""https://xcimg.szwego.com/imgHD/f0138068/20260325/cmp_i1774406352434_2552_0_3.jpg"", ""https://xcimg.szwego.com/imgHD/f0138068/20260325/cmp_i1774406353724_7827_0_4.jpg"", ""https://xcimg.szwego.com/imgHD/f0138068/20260325/cmp_i1774406353814_714_0_5.jpg"", ""https://xcimg.szwego.com/imgHD/f0138068/20260325/cmp_i1774406352452_6216_0_6.jpg""]"
_dl2rSDB7ELWTB91AqYxRm9KUzr2bKwqW6plSC3Q;;✨运动风穿搭天花板！Miu系活力OOTD💥;0;;lrg3k8cd5bgw3jv;;Для женщин;"[""https://xcimg.szwego.com/imgHD/f0138068/20260325/cmp_i1774406095430_3098_0_0.jpg"", ""https://xcimg.szwego.com/imgHD/f0138068/20260325/cmp_i1774406095384_2120_0_1.jpg"", ""https://xcimg.szwego.com/imgHD/f0138068/20260325/cmp_i1774406095431_6613_0_2.jpg"", ""https://xcimg.szwego.com/imgHD/f0138068/20260325/cmp_i1774406095960_4272_0_3.jpg"", ""https://xcimg.szwego.com/imgHD/f0138068/20260325/cmp_i1774406095384_9119_0_4.jpg"", ""https://xcimg.szwego.com/imgHD/f0138068/20260325/cmp_i1774406095384_1891_0_5.jpg""]"
_dr2rSZkD6AvJH54LE8FnshU-IndvQ89U0vrprlA;;✨M26新款卡其色格子拼接夹克套装，复古工装风+翻领设计，袖口和领口格纹拼接超有层次感！面料轻薄透气，宽松版型显瘦又舒适，拉链开合方便穿脱，胸前品牌刺绣超有辨识度💼。日常通勤、休闲出街都能轻松驾驭，搭配牛仔裤或短裙，轻松get时髦氛围感！ 外套SML460¥ 半裙SML300¥;0;;lrg3k8cd5bgw3jv;;Для женщин;"[""https://xcimg.szwego.com/imgHD/f0138068/20260325/cmp_i1774405889256_1617_0_0.jpg"", ""https://xcimg.szwego.com/imgHD/f0138068/20260325/cmp_i1774405889256_7238_0_1.jpg"", ""https://xcimg.szwego.com/imgHD/f0138068/20260325/cmp_i1774405900232_1050_0_2.jpg"", ""https://xcimg.szwego.com/imgHD/f0138068/20260325/cmp_i1774405900233_4653_0_3.jpg"", ""https://xcimg.szwego.com/imgHD/f0138068/20260325/cmp_i1774405900233_3713_0_4.jpg"", ""https://xcimg.szwego.com/imgHD/f0138068/20260325/cmp_i1774405900233_5349_0_5.jpg"", ""https://xcimg.szwego.com/imgHD/f0138068/20260325/cmp_i1774405900621_4800_0_6.jpg"", ""https://xcimg.szwego.com/imgHD/f0138068/20260325/cmp_i1774405900232_7812_0_7.jpg"", ""https://xcimg.szwego.com/imgHD/f0138068/20260325/cmp_i1774405900621_3368_0_8.jpg""]"
_dmlrSnNq9x9-CnYF9VbuFvbccF_hZ0G0WBBfbyQ;;细节图！SML450¥;0;;lrg3k8cd5bgw3jv;;Для женщин;"[""https://xcimg.szwego.com/imgHD/f0138068/20260324/cmp_i1774323147547_2530_0_0.jpg"", ""https://xcimg.szwego.com/imgHD/f0138068/20260324/cmp_i1774323147456_4331_0_1.jpg"", ""https://xcimg.szwego.com/imgHD/f0138068/20260324/cmp_i1774323147546_9243_0_2.jpg"", ""https://xcimg.szwego.com/imgHD/f0138068/20260324/cmp_i1774323147552_3154_0_3.jpg"", ""https://xcimg.szwego.com/imgHD/f0138068/20260324/cmp_i1774323150188_7130_0_4.jpg"", ""https://xcimg.szwego.com/imgHD/f0138068/20260324/cmp_i1774323150585_2697_0_5.jpg"", ""https://xcimg.szwego.com/imgHD/f0138068/20260324/cmp_i1774323150128_230_0_6.jpg"", ""https://xcimg.szwego.com/imgHD/f0138068/20260324/cmp_i1774323150148_936_0_7.jpg"", ""https://xcimg.szwego.com/imgHD/f0138068/20260324/cmp_i1774323146479_7667_0_8.jpg""]"
_d_BrS194UWoWQkf1qtB26Dq4jK-QTDgD230BuwQ;;细节图！SML340¥;0;;lrg3k8cd5bgw3jv;;Для женщин;"[""https://xcimg.szwego.com/imgHD/f0138068/20260324/cmp_i1774323117558_4367_0_0.jpg"", ""https://xcimg.szwego.com/imgHD/f0138068/20260324/cmp_i1774323117670_6636_0_1.jpg"", ""https://xcimg.szwego.com/imgHD/f0138068/20260324/cmp_i1774323117692_860_0_2.jpg"", ""https://xcimg.szwego.com/imgHD/f0138068/20260324/cmp_i1774323117674_947_0_3.jpg"", ""https://xcimg.szwego.com/imgHD/f0138068/20260324/cmp_i1774323117681_4460_0_4.jpg"", ""https://xcimg.szwego.com/imgHD/f0138068/20260324/cmp_i1774323125500_1089_0_5.jpg""]"
_dywrSjSYklGrsaGur9K8r7r31cBaneI7C3GcPuw;;26春季格纹外套，浅卡其底配细密棕灰格纹，复古学院风满满。轻薄挺括面料，春季穿着超舒适🌸。立领+胸前刺绣徽标，细节精致，低调又有辨识度。版型宽松，男女都能轻松驾驭，搭配衬衫或针织背心，学院风or街头风随心切换，通勤、约会、日常都很适合哦！ SML450¥;0;;lrg3k8cd5bgw3jv;;Для женщин;"[""https://xcimg.szwego.com/imgHD/f0138068/20260324/cmp_i1774320787615_5077_0_0.jpg"", ""https://xcimg.szwego.com/imgHD/f0138068/20260324/cmp_i1774320787615_109_0_1.jpg"", ""https://xcimg.szwego.com/imgHD/f0138068/20260324/cmp_i1774320790022_6673_0_2.jpg"", ""https://xcimg.szwego.com/imgHD/f0138068/20260324/cmp_i1774320787615_5983_0_3.jpg"", ""https://xcimg.szwego.com/imgHD/f0138068/20260324/cmp_i1774320787616_9544_0_4.jpg"", ""https://xcimg.szwego.com/imgHD/f0138068/20260324/cmp_i1774320787615_5308_0_5.jpg""]"
_dp3rSpalR_RovVbbcmZeslOEgpyVQN-LvdfQaAQ;;细节图！SML280¥;0;;lrg3k8cd5bgw3jv;;Для женщин;"[""https://xcimg.szwego.com/imgHD/f0138068/20260323/cmp_i1774236445087_5608_0_0.jpg"", ""https://xcimg.szwego.com/imgHD/f0138068/20260323/cmp_i1774236432903_3775_0_1.jpg"", ""https://xcimg.szwego.com/imgHD/f0138068/20260323/cmp_i1774236445087_9835_0_2.jpg"", ""https://xcimg.szwego.com/imgHD/f0138068/20260323/cmp_i1774236445094_7946_0_3.jpg"", ""https://xcimg.szwego.com/imgHD/f0138068/20260323/cmp_i1774236445098_6884_0_4.jpg"", ""https://xcimg.szwego.com/imgHD/f0138068/20260323/cmp_i1774236445093_6144_0_5.jpg"", ""https://xcimg.szwego.com/imgHD/f0138068/20260323/cmp_i1774236432916_9318_0_6.jpg""]"
_d-TrSLj3UVUs2NOMGo0SUlAbTyC7yGVjOJVMi4w;;🤍M新款白色Polo领卫衣，柔软针织面料，穿着超舒适！蓝色翻领设计，学院风满满，宽松版型，包容性强，搭配牛仔裤、半裙都很出彩，轻松切换多种风格～面料亲肤，时尚又实用！SML280¥;0;;lrg3k8cd5bgw3jv;;Для женщин;"[""https://xcimg.szwego.com/imgHD/f0138068/20260323/cmp_i1774234314681_6129_0_0.jpg"", ""https://xcimg.szwego.com/imgHD/f0138068/20260323/cmp_i1774234306229_798_0_1.jpg"", ""https://xcimg.szwego.com/imgHD/f0138068/20260323/cmp_i1774234306229_9097_0_2.jpg"", ""https://xcimg.szwego.com/imgHD/f0138068/20260323/cmp_i1774234306229_646_0_3.jpg"", ""https://xcimg.szwego.com/imgHD/f0138068/20260323/cmp_i1774234306229_7847_0_4.jpg"", ""https://xcimg.szwego.com/imgHD/f0138068/20260323/cmp_i1774234306229_5137_0_5.jpg""]"
_dm0rSSPUCgSQGSjQk4yls-DoSPP39g1wDkCJdYg;;细节图SML260¥;0;;lrg3k8cd5bgw3jv;;Для женщин;"[""https://xcimg.szwego.com/imgHD/f0138068/20260323/cmp_i1774236366172_9429_0_0.jpg"", ""https://xcimg.szwego.com/imgHD/f0138068/20260323/cmp_i1774236211128_9105_0_4.jpg"", ""https://xcimg.szwego.com/imgHD/f0138068/20260323/cmp_i1774236366235_6895_0_1.jpg"", ""https://xcimg.szwego.com/imgHD/f0138068/20260323/cmp_i1774236197434_3047_0_2.jpg"", ""https://xcimg.szwego.com/imgHD/f0138068/20260323/cmp_i1774236353679_9428_0_3.jpg"", ""https://xcimg.szwego.com/imgHD/f0138068/20260323/cmp_i1774236211083_2584_0_5.jpg"", ""https://xcimg.szwego.com/imgHD/f0138068/20260323/cmp_i1774236353675_1866_0_6.jpg""]"
_dlLrScltlPaGproNn9f4n2FSqC3XvaCGjqRVQmA;;💙M26新款假两件Polo衫，深蓝主色+浅蓝格纹拼接，层次感满满！珠地棉材质透气舒适，夏天穿超合适🌞。宽松版型显瘦又百搭，学院风or通勤风都能轻松驾驭，搭配百褶裙、短裤都很出彩，是早春穿搭热门单 SML260¥;0;;lrg3k8cd5bgw3jv;;Для женщин;"[""https://xcimg.szwego.com/imgHD/f0138068/20260323/cmp_i1774233850626_5423_0_0.jpg"", ""https://xcimg.szwego.com/imgHD/f0138068/20260323/cmp_i1774233860734_8702_0_1.jpg"", ""https://xcimg.szwego.com/imgHD/f0138068/20260323/cmp_i1774233850626_6836_0_2.jpg"", ""https://xcimg.szwego.com/imgHD/f0138068/20260323/cmp_i1774233860735_536_0_3.jpg"", ""https://xcimg.szwego.com/imgHD/f0138068/20260323/cmp_i1774233860737_4218_0_4.jpg"", ""https://xcimg.szwego.com/imgHD/f0138068/20260323/cmp_i1774233850626_2697_0_5.jpg"", ""https://xcimg.szwego.com/imgHD/f0138068/20260323/cmp_i1774233860734_9724_0_6.jpg"", ""https://xcimg.szwego.com/imgHD/f0138068/20260323/cmp_i1774233860731_4488_0_8.jpg"", ""https://xcimg.szwego.com/imgHD/f0138068/20260323/cmp_i1774233850626_2938_0_9.jpg""]"
_dworSRH70hElUUgBNj8LE2D093mbQOzKXry3Gpw;;外套细节图！SML450¥;0;;lrg3k8cd5bgw3jv;;Для женщин;"[""https://xcimg.szwego.com/imgHD/f0138068/20260323/cmp_i1774236036487_8748_0_0.jpg"", ""https://xcimg.szwego.com/imgHD/f0138068/20260323/cmp_i1774236052611_7108_0_4.jpg"", ""https://xcimg.szwego.com/imgHD/f0138068/20260323/cmp_i1774236052621_8291_0_1.jpg"", ""https://xcimg.szwego.com/imgHD/f0138068/20260323/cmp_i1774236036487_5345_0_2.jpg"", ""https://xcimg.szwego.com/imgHD/f0138068/20260323/cmp_i1774236036490_9113_0_3.jpg"", ""https://xcimg.szwego.com/imgHD/f0138068/20260323/cmp_i1774236052628_6114_0_5.jpg""]"
_dm2rS0-IaCkgR0fnNuztDI-vr_-D_soKqG3UZgA;;💙M26早春系列蓝色宽松衬衫外套，棉质面料轻盈透气，春夏穿超舒服！落肩设计+宽松版型，单穿或外搭都很OK，层次感满分✨。胸前品牌徽标，辨识度高，低饱和蓝色显白又百搭，通勤休闲都能轻松驾驭。下摆松紧设计，舒适又时髦，是实用与设计感兼具的时尚单品！SML450¥;0;;lrg3k8cd5bgw3jv;;Для женщин;"[""https://xcimg.szwego.com/imgHD/f0138068/20260323/cmp_i1774234738891_3000_0_0.jpg"", ""https://xcimg.szwego.com/imgHD/f0138068/20260323/cmp_i1774234738890_9619_0_1.jpg"", ""https://xcimg.szwego.com/imgHD/f0138068/20260323/cmp_i1774234744037_6343_0_2.jpg"", ""https://xcimg.szwego.com/imgHD/f0138068/20260323/cmp_i1774234738891_3604_0_3.jpg"", ""https://xcimg.szwego.com/imgHD/f0138068/20260323/cmp_i1774234738891_1486_0_4.jpg"", ""https://xcimg.szwego.com/imgHD/f0138068/20260323/cmp_i1774234744038_5319_0_5.jpg"", ""https://xcimg.szwego.com/imgHD/f0138068/20260323/cmp_i1774234738890_8986_0_6.jpg""]"
_d96rSGdkXDwoXrQr_UvcKtFOGZtuXeVGlDJhFWA;;细节图！SML360¥;0;;lrg3k8cd5bgw3jv;;Для женщин;"[""https://xcimg.szwego.com/imgHD/f0138068/20260322/cmp_i1774148704555_7143_0_0.jpg"", ""https://xcimg.szwego.com/imgHD/f0138068/20260322/cmp_i1774148671715_66_0_5.jpg"", ""https://xcimg.szwego.com/imgHD/f0138068/20260322/cmp_i1774148652138_3810_0_2.jpg"", ""https://xcimg.szwego.com/imgHD/f0138068/20260322/cmp_i1774148671667_801_0_4.jpg"", ""https://xcimg.szwego.com/imgHD/f0138068/20260322/cmp_i1774148671754_870_0_6.jpg"", ""https://xcimg.szwego.com/imgHD/f0138068/20260322/cmp_i1774148671800_8120_0_1.jpg"", ""https://xcimg.szwego.com/imgHD/f0138068/20260322/cmp_i1774148670947_8646_0_3.jpg"", ""https://xcimg.szwego.com/imgHD/f0138068/20260322/cmp_i1774148651335_3704_0_7.jpg""]"
_dmTrSHHqEWfNIweHPbw8cfT7Y7shyhgU6pfITHw;;细节图！SML490¥;0;;lrg3k8cd5bgw3jv;;Для женщин;"[""https://xcimg.szwego.com/imgHD/f0138068/20260322/cmp_i1774141915566_6143_0_0.jpg"", ""https://xcimg.szwego.com/imgHD/f0138068/20260322/cmp_i1774141915568_5666_0_4.jpg"", ""https://xcimg.szwego.com/imgHD/f0138068/20260322/cmp_i1774141930923_4320_0_6.jpg"", ""https://xcimg.szwego.com/imgHD/f0138068/20260322/cmp_i1774141915572_3207_0_1.jpg"", ""https://xcimg.szwego.com/imgHD/f0138068/20260322/cmp_i1774141915549_3936_0_2.jpg"", ""https://xcimg.szwego.com/imgHD/f0138068/20260322/cmp_i1774141930323_5580_0_3.jpg"", ""https://xcimg.szwego.com/imgHD/f0138068/20260322/cmp_i1774141930848_3219_0_5.jpg"", ""https://xcimg.szwego.com/imgHD/f0138068/20260322/cmp_i1774141914547_723_0_7.jpg""]"
_dpyrSiWEuu9kOoCOCNJk4o9nolx2s_qV1EtoEHQ;;💙26P系列牛仔外套，水洗蓝色牛仔布，质地柔软穿着舒适，经典翻领+金属纽扣+双胸口袋，工装感满满，细节精致✨。宽松版型，叠穿或单穿都很OK，休闲又高级，日常通勤、休闲场合都能轻松驾驭。26P系列由新设计师主导，风格更中性简约，超适合喜欢个性穿搭的你！👖SML490¥;0;;lrg3k8cd5bgw3jv;;Для женщин;"[""https://xcimg.szwego.com/imgHD/f0138068/20260322/cmp_i1774141843206_2780_0_0.jpg"", ""https://xcimg.szwego.com/imgHD/f0138068/20260322/cmp_i1774141843206_9059_0_2.jpg"", ""https://xcimg.szwego.com/imgHD/f0138068/20260322/cmp_i1774141843206_9700_0_1.jpg"", ""https://xcimg.szwego.com/imgHD/f0138068/20260322/cmp_i1774141846563_1832_0_3.jpg"", ""https://xcimg.szwego.com/imgHD/f0138068/20260322/cmp_i1774141846584_3497_0_4.jpg"", ""https://xcimg.szwego.com/imgHD/f0138068/20260322/cmp_i1774141830103_8624_0_0.jpg"", ""https://xcimg.szwego.com/imgHD/f0138068/20260322/cmp_i1774141843236_4300_0_7.jpg"", ""https://xcimg.szwego.com/imgHD/f0138068/20260322/cmp_i1774141843236_5276_0_6.jpg""]"
_ddbrS6QKplYA52uqOdazfh3D_HQlHRTDtfAperA;;细节图！SML450¥;0;;lrg3k8cd5bgw3jv;;Для женщин;"[""https://xcimg.szwego.com/imgHD/f0138068/20260322/cmp_i1774141638558_4682_0_0.jpg"", ""https://xcimg.szwego.com/imgHD/f0138068/20260322/cmp_i1774141647106_358_0_4.jpg"", ""https://xcimg.szwego.com/imgHD/f0138068/20260322/cmp_i1774141647107_681_0_2.jpg"", ""https://xcimg.szwego.com/imgHD/f0138068/20260322/cmp_i1774141638557_5468_0_1.jpg"", ""https://xcimg.szwego.com/imgHD/f0138068/20260322/cmp_i1774141638560_8020_0_3.jpg"", ""https://xcimg.szwego.com/imgHD/f0138068/20260322/cmp_i1774141638547_7544_0_5.jpg"", ""https://xcimg.szwego.com/imgHD/f0138068/20260322/cmp_i1774141638568_7379_0_6.jpg""]"
_dH1rS24YfL9aUaWfAAIFxo2vj-PjXNCxKupnFWg;;🤍26P系列超火🔥白色工装牛仔裤，宽松廓形+中腰设计，舒适显腿长，日常或度假都能轻松驾驭✨。侧边双C刺绣超有辨识度，工装口袋实用又时髦，白色百搭，随便配T恤、衬衫、针织衫都很出 SML450¥;0;;lrg3k8cd5bgw3jv;;Для женщин;"[""https://xcimg.szwego.com/imgHD/f0138068/20260322/cmp_i1774141428364_6249_0_0.jpg"", ""https://xcimg.szwego.com/imgHD/f0138068/20260322/cmp_i1774141441854_9705_0_8.jpg"", ""https://xcimg.szwego.com/imgHD/f0138068/20260322/cmp_i1774141441827_6559_0_1.jpg"", ""https://xcimg.szwego.com/imgHD/f0138068/20260322/cmp_i1774141428340_8777_0_2.jpg"", ""https://xcimg.szwego.com/imgHD/f0138068/20260322/cmp_i1774141428341_7683_0_3.jpg"", ""https://xcimg.szwego.com/imgHD/f0138068/20260322/cmp_i1774141441826_9884_0_4.jpg"", ""https://xcimg.szwego.com/imgHD/f0138068/20260322/cmp_i1774141428342_9368_0_5.jpg"", ""https://xcimg.szwego.com/imgHD/f0138068/20260322/cmp_i1774141428368_580_0_7.jpg"", ""https://xcimg.szwego.com/imgHD/f0138068/20260322/cmp_i1774141441858_7685_0_6.jpg""]"
_dsVrSGvqKVQl43hATmBhkgrZW9_BNw-3nIGZPEw;;细节图！SML390¥;0;;lrg3k8cd5bgw3jv;;Для женщин;"[""https://xcimg.szwego.com/imgHD/f0138068/20260128/cmp_i1769591829796_7246_0_0.jpg"", ""https://xcimg.szwego.com/imgHD/f0138068/20260310/cmp_i1773131241324_9897_0_5.jpg"", ""https://xcimg.szwego.com/imgHD/f0138068/20260128/cmp_i1769591847252_7170_0_7.jpg"", ""https://xcimg.szwego.com/imgHD/f0138068/20260128/cmp_i1769591829795_5163_0_1.jpg"", ""https://xcimg.szwego.com/imgHD/f0138068/20260128/cmp_i1769591876818_7665_0_2.jpg"", ""https://xcimg.szwego.com/imgHD/f0138068/20260128/cmp_i1769591829017_1821_0_8.jpg""]"
_dbNrS03SR6o2dUOqCsNoUHYnzszAk8hwGK6JzIw;;26P这条牛仔裤，封神了✨ 开始出货啦 SML390¥;0;;lrg3k8cd5bgw3jv;;Для женщин;"[""https://xcimg.szwego.com/img/f47a4a41/20260127/a1769501121720_4364.jpg"", ""https://xcimg.szwego.com/imgHD/f0138068/20260128/cmp_i1769592602522_1963_0_6.jpg"", ""https://xcimg.szwego.com/imgHD/f0138068/20260128/cmp_i1769592602524_6549_0_7.jpg"", ""https://xcimg.szwego.com/imgHD/f0138068/20260128/cmp_i1769592602523_1770_0_8.jpg"", ""https://xcimg.szwego.com/imgHD/f0138068/20260128/cmp_i1769592602524_5491_0_5.jpg"", ""https://xcimg.szwego.com/imgHD/f0138068/20260128/cmp_i1769592602523_8242_0_9.jpg"", ""https://xcimg.szwego.com/img/f47a4a41/20260127/a1769501122190_8683.jpg"", ""https://xcimg.szwego.com/img/f47a4a41/20260127/a1769501122266_8668.jpg"", ""https://xcimg.szwego.com/img/f47a4a41/20260127/a1769501125274_3803.jpg""]"
_dMwrSD4x1ANpHVJdHleHaejyf2AegqfrvCFVPfQ;;外套细节图！SML450¥;0;;lrg3k8cd5bgw3jv;;Для женщин;"[""https://xcimg.szwego.com/imgHD/f0138068/20260319/cmp_i1773888280934_6746_0_1.jpg"", ""https://xcimg.szwego.com/imgHD/f0138068/20260319/cmp_i1773888279228_5402_0_3.jpg"", ""https://xcimg.szwego.com/imgHD/f0138068/20260319/cmp_i1773888279225_9857_0_2.jpg"", ""https://xcimg.szwego.com/imgHD/f0138068/20260319/cmp_i1773888280934_6692_0_4.jpg"", ""https://xcimg.szwego.com/imgHD/f0138068/20260319/cmp_i1773888279238_7678_0_5.jpg"", ""https://xcimg.szwego.com/imgHD/f0138068/20260319/cmp_i1773888279230_5145_0_6.jpg"", ""https://xcimg.szwego.com/imgHD/f0138068/20260319/cmp_i1773888280940_6724_0_7.jpg"", ""https://xcimg.szwego.com/imgHD/f0138068/20260319/cmp_i1773888279234_4122_0_8.jpg""]"
_dvcrSZ6PhCGd0PvPoVHrqYNHk8eDSTFGon8Uz3w;;裤裙细节图！SML300¥;0;;lrg3k8cd5bgw3jv;;Для женщин;"[""https://xcimg.szwego.com/imgHD/f0138068/20260319/cmp_i1773888251147_7383_0_0.jpg"", ""https://xcimg.szwego.com/imgHD/f0138068/20260319/cmp_i1773888250164_7165_0_1.jpg"", ""https://xcimg.szwego.com/imgHD/f0138068/20260319/cmp_i1773888250158_9200_0_2.jpg"", ""https://xcimg.szwego.com/imgHD/f0138068/20260319/cmp_i1773888250161_2570_0_3.jpg"", ""https://xcimg.szwego.com/imgHD/f0138068/20260319/cmp_i1773888250172_1676_0_4.jpg"", ""https://xcimg.szwego.com/imgHD/f0138068/20260319/cmp_i1773888250167_4365_0_5.jpg""]"
_dvcrSZ6PhCGd0PvPoVHrqYNHk8ezQTFGonc0w2Q;;✨26早春系列卡其色复古拉链夹克➕短裙套装，轻质面料+绿色条纹，运动感满满！立领设计实用又时髦，胸前品牌徽标超有辨识度💚。宽松版型，舒适又显高级，搭配同色短裙或运动裤，轻松get美式校园风or甜酷风，日常休闲、出游都很适合！ 外套SM L450¥ 短裙 SML300¥;0;;lrg3k8cd5bgw3jv;;Для женщин;"[""https://xcimg.szwego.com/imgHD/f0138068/20260319/cmp_i1773887901979_7999_0_0.jpg"", ""https://xcimg.szwego.com/imgHD/f0138068/20260319/cmp_i1773887901979_1064_0_1.jpg"", ""https://xcimg.szwego.com/imgHD/f0138068/20260319/cmp_i1773887901978_4869_0_2.jpg"", ""https://xcimg.szwego.com/imgHD/f0138068/20260319/cmp_i1773887901979_5218_0_3.jpg"", ""https://xcimg.szwego.com/imgHD/f0138068/20260319/cmp_i1773887903570_687_0_4.jpg"", ""https://xcimg.szwego.com/imgHD/f0138068/20260319/cmp_i1773887901979_9995_0_5.jpg"", ""https://xcimg.szwego.com/imgHD/f0138068/20260319/cmp_i1773887903597_1711_0_6.jpg""]"
_dpDrSl5tJNfK4vyVyRel4Q4z-yJKgNPcbK-bxVw;;细节图！SML350¥;0;;lrg3k8cd5bgw3jv;;Для женщин;"[""https://xcimg.szwego.com/imgHD/f0138068/20260319/cmp_i1773892089173_93_0_6.jpg"", ""https://xcimg.szwego.com/imgHD/f0138068/20260319/cmp_i1773892071698_4007_0_5.jpg"", ""https://xcimg.szwego.com/imgHD/f0138068/20260319/cmp_i1773892047536_3395_0_0.jpg"", ""https://xcimg.szwego.com/imgHD/f0138068/20260319/cmp_i1773892047509_8921_0_4.jpg"", ""https://xcimg.szwego.com/imgHD/f0138068/20260319/cmp_i1773892047541_6779_0_2.jpg"", ""https://xcimg.szwego.com/imgHD/f0138068/20260319/cmp_i1773892047483_6387_0_3.jpg"", ""https://xcimg.szwego.com/imgHD/f0138068/20260319/cmp_i1773892050220_4108_0_5.jpg""]"
_dlerSwIeudwGE7Ih0fkX30hrT3oun7FZL-g7myA;;细节图！SML350¥;0;;lrg3k8cd5bgw3jv;;Для женщин;"[""https://xcimg.szwego.com/imgHD/f0138068/20260319/cmp_i1773892101701_5824_0_6.jpg"", ""https://xcimg.szwego.com/imgHD/f0138068/20260319/cmp_i1773892101700_9668_0_7.jpg"", ""https://xcimg.szwego.com/imgHD/f0138068/20260319/cmp_i1773891991391_9275_0_0.jpg"", ""https://xcimg.szwego.com/imgHD/f0138068/20260319/cmp_i1773891991288_9508_0_3.jpg"", ""https://xcimg.szwego.com/imgHD/f0138068/20260319/cmp_i1773891992950_3425_0_5.jpg"", ""https://xcimg.szwego.com/imgHD/f0138068/20260319/cmp_i1773891991322_7031_0_1.jpg"", ""https://xcimg.szwego.com/imgHD/f0138068/20260319/cmp_i1773891990552_3290_0_2.jpg"", ""https://xcimg.szwego.com/imgHD/f0138068/20260319/cmp_i1773891990482_572_0_4.jpg""]"
_dyprS0L9EWYPdV5SEoxZF9fVEjUti8_yRQQWjCA;;Miu系叠穿 衬衫领+针织背心假两件，不用自己费心叠穿!侧边的绑带设计超显瘦，还能调节松紧，对微胖姐妹也很友好~;0;;lrg3k8cd5bgw3jv;;Для женщин;"[""https://xcimg.szwego.com/imgHD/f0138068/20260319/cmp_i1773891599592_9686_0_8.jpg"", ""https://xcimg.szwego.com/imgHD/f0138068/20260319/cmp_i1773891599592_2397_0_7.jpg"", ""https://xcimg.szwego.com/imgHD/f0138068/20260319/cmp_i1773891377945_6427_0_5.jpg"", ""https://xcimg.szwego.com/imgHD/f0138068/20260319/cmp_i1773891377947_5740_0_0.jpg"", ""https://xcimg.szwego.com/imgHD/f0138068/20260319/cmp_i1773891377948_7138_0_2.jpg"", ""https://xcimg.szwego.com/imgHD/f0138068/20260319/cmp_i1773891378255_753_0_3.jpg"", ""https://xcimg.szwego.com/imgHD/f0138068/20260319/cmp_i1773891378254_5015_0_4.jpg"", ""https://xcimg.szwego.com/imgHD/f0138068/20260319/cmp_i1773891377988_4185_0_6.jpg"", ""https://xcimg.szwego.com/imgHD/f0138068/20260319/cmp_i1773891377950_1303_0_1.jpg""]"
_dBkrSsb0x5Dk6BbxlfHwdgzYESHxbPWFflhKp0Q;;细节图！SML230¥;0;;lrg3k8cd5bgw3jv;;Для женщин;"[""https://xcimg.szwego.com/imgHD/f0138068/20260319/cmp_i1773891027111_1640_0_0.jpg"", ""https://xcimg.szwego.com/imgHD/f0138068/20260319/cmp_i1773891027111_2618_0_3.jpg"", ""https://xcimg.szwego.com/imgHD/f0138068/20260319/cmp_i1773891030845_8690_0_5.jpg"", ""https://xcimg.szwego.com/imgHD/f0138068/20260319/cmp_i1773891027118_8454_0_1.jpg"", ""https://xcimg.szwego.com/imgHD/f0138068/20260319/cmp_i1773891027121_9197_0_2.jpg"", ""https://xcimg.szwego.com/imgHD/f0138068/20260319/cmp_i1773891027115_510_0_4.jpg""]"
_dtWrSruF4dH5a1yjQaxzL3zat8wrupHrfiLe7RA;;衬衣细节图！SML340¥;0;;lrg3k8cd5bgw3jv;;Для женщин;"[""https://xcimg.szwego.com/imgHD/f0138068/20260319/cmp_i1773889176794_4548_0_0.jpg"", ""https://xcimg.szwego.com/imgHD/f0138068/20260319/cmp_i1773889176780_6060_0_1.jpg"", ""https://xcimg.szwego.com/imgHD/f0138068/20260319/cmp_i1773889176790_4937_0_2.jpg"", ""https://xcimg.szwego.com/imgHD/f0138068/20260319/cmp_i1773889176778_6164_0_3.jpg"", ""https://xcimg.szwego.com/imgHD/f0138068/20260319/cmp_i1773889177526_2418_0_4.jpg"", ""https://xcimg.szwego.com/imgHD/f0138068/20260319/cmp_i1773889176793_9820_0_5.jpg""]"
_dl_rSTzb7CPshbgOSV-AVh6tpUG_svhEYSNNp_g;;细节图！SML240¥;0;;lrg3k8cd5bgw3jv;;Для женщин;"[""https://xcimg.szwego.com/imgHD/f0138068/20260318/cmp_i1773800968550_6282_0_0.jpg"", ""https://xcimg.szwego.com/imgHD/f0138068/20260318/cmp_i1773800970753_7563_0_2.jpg"", ""https://xcimg.szwego.com/imgHD/f0138068/20260318/cmp_i1773800968561_3217_0_1.jpg"", ""https://xcimg.szwego.com/imgHD/f0138068/20260318/cmp_i1773800968552_7920_0_5.jpg"", ""https://xcimg.szwego.com/imgHD/f0138068/20260318/cmp_i1773800968558_9717_0_3.jpg"", ""https://xcimg.szwego.com/imgHD/f0138068/20260318/cmp_i1773800968564_6909_0_4.jpg""]"
_dagrS3_NUuqP7DhgmtTi0Y45eXilti1mDg6y-MQ;;🌸26春夏粉色条纹长袖Polo衫，粉白条纹设计，柔软棉质面料，穿着舒适透气。经典翻领+胸前小三角标，细节满分✨宽松版型，单穿或叠穿都很OK，轻松打造清新休闲风。低饱和粉色温柔显白，通勤、约会、度假都能轻松驾驭，是早春衣橱百搭耐看单品！ SML240¥;0;;lrg3k8cd5bgw3jv;;Для женщин;"[""https://xcimg.szwego.com/imgHD/f0138068/20260318/cmp_i1773800653842_1900_0_0.jpg"", ""https://xcimg.szwego.com/imgHD/f0138068/20260318/cmp_i1773800653842_9305_0_6.jpg"", ""https://xcimg.szwego.com/imgHD/f0138068/20260318/cmp_i1773800654262_5632_0_2.jpg"", ""https://xcimg.szwego.com/imgHD/f0138068/20260318/cmp_i1773800654236_4715_0_3.jpg"", ""https://xcimg.szwego.com/imgHD/f0138068/20260318/cmp_i1773800653842_6937_0_4.jpg"", ""https://xcimg.szwego.com/imgHD/f0138068/20260318/cmp_i1773800654233_4365_0_5.jpg"", ""https://xcimg.szwego.com/imgHD/f0138068/20260318/cmp_i1773800653842_8034_0_7.jpg"", ""https://xcimg.szwego.com/imgHD/f0138068/20260318/cmp_i1773800653842_7495_0_1.jpg""]"
_dobrSakiAKMOmzlaQU90eD3O0qeM1Od96_Bs9hA;;细节图！SML360¥;0;;lrg3k8cd5bgw3jv;;Для женщин;"[""https://xcimg.szwego.com/imgHD/f0138068/20260318/cmp_i1773803201963_5621_0_0.jpg"", ""https://xcimg.szwego.com/imgHD/f0138068/20260318/cmp_i1773803201938_6702_0_1.jpg"", ""https://xcimg.szwego.com/imgHD/f0138068/20260318/cmp_i1773803201975_500_0_2.jpg"", ""https://xcimg.szwego.com/imgHD/f0138068/20260318/cmp_i1773803203733_1007_0_4.jpg"", ""https://xcimg.szwego.com/imgHD/f0138068/20260318/cmp_i1773803201941_9146_0_3.jpg"", ""https://xcimg.szwego.com/imgHD/f0138068/20260318/cmp_i1773803201736_8646_0_5.jpg""]"
_df5rSvJD-w4n2Kz-zpV-CNdt8xpcn-qZuQbpM8g;;🌸26早春系列粉色针织衫，由Jonathan Anderson设计，柔软亲肤面料，樱花粉色调超显白，正面黑色方框字母刺绣，文学感满满✨。宽松版型+双层包边领口袖口，细节精致，舒适又时髦。单穿清新，叠穿更有层次，日常或轻奢场合都能轻松驾驭，是早春必入热门单品 SML;0;;lrg3k8cd5bgw3jv;;Для женщин;"[""https://xcimg.szwego.com/imgHD/f0138068/20260318/cmp_i1773801849397_1497_0_0.jpg"", ""https://xcimg.szwego.com/imgHD/f0138068/20260318/cmp_i1773801849756_1126_0_1.jpg"", ""https://xcimg.szwego.com/imgHD/f0138068/20260318/cmp_i1773801849397_8433_0_2.jpg"", ""https://xcimg.szwego.com/imgHD/f0138068/20260318/cmp_i1773801849756_6425_0_3.jpg"", ""https://xcimg.szwego.com/imgHD/f0138068/20260318/cmp_i1773801849397_8484_0_4.jpg"", ""https://xcimg.szwego.com/imgHD/f0138068/20260318/cmp_i1773801849397_5204_0_5.jpg"", ""https://xcimg.szwego.com/imgHD/f0138068/20260318/cmp_i1773801849424_2664_0_6.jpg"", ""https://xcimg.szwego.com/imgHD/f0138068/20260318/cmp_i1773801849756_4869_0_7.jpg""]"
_dvArScp_gQ-QiC5EyEfL5eUoHaLkWrJQOr-r4gQ;;细节图！SML580¥;0;;lrg3k8cd5bgw3jv;;Для женщин;"[""https://xcimg.szwego.com/img/f0138068/20251219/i1766157966547_4727_0_0.jpg"", ""https://xcimg.szwego.com/img/f0138068/20251219/i1766157967338_277_0_3.jpg"", ""https://xcimg.szwego.com/img/f0138068/20251219/i1766157966618_6838_0_2.jpg"", ""https://xcimg.szwego.com/img/f0138068/20251219/i1766157967315_7237_0_1.jpg"", ""https://xcimg.szwego.com/img/f0138068/20251219/i1766157966600_8521_0_4.jpg"", ""https://xcimg.szwego.com/img/f0138068/20251219/i1766157966642_9572_0_6.jpg"", ""https://xcimg.szwego.com/img/f0138068/20251219/i1766157967335_9944_0_7.jpg"", ""https://xcimg.szwego.com/img/f0138068/20251219/i1766157966598_8872_0_5.jpg""]"
_dg9rSrFi5iVgGNgxOAXCRC6zjinNtsUY58I3jiw;;细节图！SML580¥;0;;lrg3k8cd5bgw3jv;;Для женщин;"[""https://xcimg.szwego.com/img/f0138068/20251219/i1766157814644_2171_0_0.jpg"", ""https://xcimg.szwego.com/img/f0138068/20251219/i1766157813305_9200_0_6.jpg"", ""https://xcimg.szwego.com/img/f0138068/20251219/i1766157813305_9110_0_2.jpg"", ""https://xcimg.szwego.com/img/f0138068/20251219/i1766157813305_4101_0_1.jpg"", ""https://xcimg.szwego.com/img/f0138068/20251219/i1766157814696_1229_0_3.jpg"", ""https://xcimg.szwego.com/img/f0138068/20251219/i1766157814728_4492_0_4.jpg"", ""https://xcimg.szwego.com/img/f0138068/20251219/i1766157813304_2099_0_5.jpg"", ""https://xcimg.szwego.com/img/f0138068/20251219/i1766157814600_7351_0_7.jpg"", ""https://xcimg.szwego.com/img/f0138068/20251219/i1766157814680_6824_0_8.jpg""]"
_dxRrSKrh_M66K4bCS5za1yFRjFxObCnd15y_vvg;;26C早春系列针织开衫，高品质针织面料，纹理立体有层次感 ，金属Logo点缀，细节满分!两侧对称口袋，实用又美观又百搭 SML580💰;0;;lrg3k8cd5bgw3jv;;Для женщин;"[""https://xcimg.szwego.com/img/f0138068/20251220/a1766197118544_0641.jpg"", ""https://xcimg.szwego.com/img/f0138068/20251220/a1766197118627_2103.jpg"", ""https://xcimg.szwego.com/img/f0138068/20251220/a1766197118598_0077.jpg"", ""https://xcimg.szwego.com/img/f0138068/20251220/a1766197118544_2735.jpg"", ""https://xcimg.szwego.com/img/f0138068/20251220/a1766197118577_7663.jpg"", ""https://xcimg.szwego.com/img/f0138068/20251220/a1766197119707_1051.jpg"", ""https://xcimg.szwego.com/img/f0138068/20251220/a1766197119716_4512.jpg"", ""https://xcimg.szwego.com/img/f0138068/20251220/a1766197119684_8746.jpg"", ""https://xcimg.szwego.com/img/f0138068/20251220/a1766197119657_7324.jpg""]"
_daUrSskG5Zq4ze26hPkns8pPZTdR551Y9GbJLjw;;细节图！SML780¥;0;;lrg3k8cd5bgw3jv;;Для женщин;"[""https://xcimg.szwego.com/img/f0138068/20260116/i1768530170483_2271_0_0.jpg"", ""https://xcimg.szwego.com/img/f0138068/20260116/i1768530172359_829_0_1.jpg"", ""https://xcimg.szwego.com/img/f0138068/20260116/i1768530170483_5842_0_2.jpg"", ""https://xcimg.szwego.com/img/f0138068/20260116/i1768530172431_737_0_3.jpg"", ""https://xcimg.szwego.com/img/f0138068/20260116/i1768530170483_6453_0_4.jpg"", ""https://xcimg.szwego.com/img/f0138068/20260116/i1768530170483_9548_0_5.jpg"", ""https://xcimg.szwego.com/img/f0138068/20260116/i1768530170483_2360_0_7.jpg"", ""https://xcimg.szwego.com/img/f0138068/20260116/i1768530172392_4782_0_8.jpg"", ""https://xcimg.szwego.com/img/f0138068/20260116/i1768530178765_5479_0_9.jpg""]"
_dyRrS0oP6axGpV7yAx641x_N6KQXCzdQRxFxQJQ;;细节图！SML380¥;0;;lrg3k8cd5bgw3jv;;Для женщин;"[""https://xcimg.szwego.com/imgHD/f0138068/20250818/cmp_i1755489053200_123_0_0.jpg"", ""https://xcimg.szwego.com/imgHD/f0138068/20250818/cmp_i1755489057054_6334_0_1.jpg"", ""https://xcimg.szwego.com/imgHD/f0138068/20250818/cmp_i1755489053203_2721_0_2.jpg"", ""https://xcimg.szwego.com/imgHD/f0138068/20250818/cmp_i1755489053200_9560_0_3.jpg"", ""https://xcimg.szwego.com/imgHD/f0138068/20250818/cmp_i1755489057053_1617_0_4.jpg"", ""https://xcimg.szwego.com/imgHD/f0138068/20250818/cmp_i1755489053204_5675_0_5.jpg"", ""https://xcimg.szwego.com/imgHD/f0138068/20250818/cmp_i1755489053202_3400_0_6.jpg""]"
_d-irSPqhKpvRhAbcqhdvfePeWWlvUwqaO6sRDdg;;25早秋新款 撞色条纹粉蓝色胸前卡通圆领针织衫 少女穿搭💙谁懂这种清新感啊✨ SML380¥;0;;lrg3k8cd5bgw3jv;;Для женщин;"[""https://xcimg.szwego.com/imgHD/f0138068/20250818/cmp_i1755488842591_6425_0_4.jpg"", ""https://xcimg.szwego.com/imgHD/f0138068/20250818/cmp_i1755488866011_9019_0_5.jpg"", ""https://xcimg.szwego.com/imgHD/f0138068/20250818/cmp_i1755488605280_4634_0_0.jpg"", ""https://xcimg.szwego.com/imgHD/f0138068/20250818/cmp_i1755488777754_8206_0_3.jpg"", ""https://xcimg.szwego.com/imgHD/f0138068/20250818/cmp_i1755488605280_2500_0_1.jpg"", ""https://xcimg.szwego.com/imgHD/f0138068/20250818/cmp_i1755488605280_6779_0_2.jpg""]"
_detrScMQnB0OPVamxmQQr7pWB08t0Y-jQFnTVvA;;细节图！SML480¥;0;;lrg3k8cd5bgw3jv;;Для женщин;"[""https://xcimg.szwego.com/imgHD/f0138068/20251105/cmp_i1762310612162_3684_0_0.jpg"", ""https://xcimg.szwego.com/imgHD/f0138068/20251105/cmp_i1762310612162_9980_0_1.jpg"", ""https://xcimg.szwego.com/imgHD/f0138068/20251105/cmp_i1762310612945_7084_0_2.jpg"", ""https://xcimg.szwego.com/imgHD/f0138068/20251105/cmp_i1762310612953_8148_0_3.jpg"", ""https://xcimg.szwego.com/imgHD/f0138068/20251105/cmp_i1762310612954_2103_0_4.jpg"", ""https://xcimg.szwego.com/imgHD/f0138068/20251105/cmp_i1762310612162_3607_0_6.jpg"", ""https://xcimg.szwego.com/imgHD/f0138068/20251105/cmp_i1762310612946_886_0_7.jpg"", ""https://xcimg.szwego.com/imgHD/f0138068/20251105/cmp_i1762310612170_4069_0_5.jpg""]"
_dj3rSi70AuH-ElnrjYtUYelUU0ISpIscEzv5ucA;;25K白色四口袋衬衫，轻薄棉质面料，简约大方，珍珠纽扣+四口袋设计，实用又有细节感。可当外套或衬衫，搭配牛仔裤、短裙都很出彩，通勤休闲都能驾驭。舒适又时髦，轻松打造高级感穿搭SML480💰;0;;lrg3k8cd5bgw3jv;;Для женщин;"[""https://xcimg.szwego.com/imgHD/f0138068/20251105/cmp_a1762310930380_6557.jpg"", ""https://xcimg.szwego.com/imgHD/f0138068/20251105/cmp_a1762310931332_4218.jpg"", ""https://xcimg.szwego.com/imgHD/f0138068/20251105/cmp_a1762310931331_7887.jpg"", ""https://xcimg.szwego.com/imgHD/f0138068/20251105/cmp_a1762310930370_6826.jpg"", ""https://xcimg.szwego.com/imgHD/f0138068/20251105/cmp_a1762310930346_2513.jpg"", ""https://xcimg.szwego.com/imgHD/f0138068/20251105/cmp_a1762310930356_1328.jpg"", ""https://xcimg.szwego.com/imgHD/f0138068/20251105/cmp_a1762310931333_2777.jpg"", ""https://xcimg.szwego.com/imgHD/f0138068/20251105/cmp_a1762310930374_4650.jpg""]"
_doerSBZYB5UG9zi6nMD_0h1uRkvhOR1KIqUK4Lw;;细节图！SML880¥;0;;lrg3k8cd5bgw3jv;;Для женщин;"[""https://xcimg.szwego.com/img/f0138068/20260106/i1767703668781_7242_0_0.jpg"", ""https://xcimg.szwego.com/img/f0138068/20260106/i1767703670339_9404_0_1.jpg"", ""https://xcimg.szwego.com/img/f0138068/20260106/i1767703668815_7760_0_2.jpg"", ""https://xcimg.szwego.com/img/f0138068/20260106/i1767703670323_4369_0_3.jpg"", ""https://xcimg.szwego.com/img/f0138068/20260106/i1767703668717_5467_0_4.jpg"", ""https://xcimg.szwego.com/img/f0138068/20260106/i1767703668715_3493_0_5.jpg"", ""https://xcimg.szwego.com/img/f0138068/20260106/i1767703670318_4922_0_6.jpg"", ""https://xcimg.szwego.com/img/f0138068/20260106/i1767703668738_4786_0_7.jpg""]"
_dnZrSWed63WnTc0FLbk9KvkuM1vIBnMnKQv_RZw;;ZP细节图！SML880¥;0;;lrg3k8cd5bgw3jv;;Для женщин;"[""https://xcimg.szwego.com/img/f0138068/20260103/i1767407859158_9225_0_0.jpg"", ""https://xcimg.szwego.com/img/f0138068/20260103/i1767407859130_9440_0_1.jpg"", ""https://xcimg.szwego.com/img/f0138068/20260103/i1767407860074_18_0_2.jpg"", ""https://xcimg.szwego.com/img/f0138068/20260103/i1767407859211_9552_0_3.jpg"", ""https://xcimg.szwego.com/img/f0138068/20260103/i1767407859171_6790_0_4.jpg"", ""https://xcimg.szwego.com/img/f0138068/20260103/i1767407859182_5023_0_5.jpg"", ""https://xcimg.szwego.com/img/f0138068/20260103/i1767407860006_7756_0_6.jpg"", ""https://xcimg.szwego.com/img/f0138068/20260103/i1767407860036_9957_0_7.jpg"", ""https://xcimg.szwego.com/img/f0138068/20260103/i1767407859921_1392_0_8.jpg""]"
_dehrSnxn_beJJ3jy6ssXxlpAArThsGcKq3MLztA;;细节图！SML690¥;0;;lrg3k8cd5bgw3jv;;Для женщин;"[""https://xcimg.szwego.com/imgHD/f0138068/20260304/cmp_i1772604502072_628_0_0.jpg"", ""https://xcimg.szwego.com/imgHD/f0138068/20260304/cmp_i1772604502153_8198_0_1.jpg"", ""https://xcimg.szwego.com/imgHD/f0138068/20260304/cmp_i1772604479278_3048_0_2.jpg"", ""https://xcimg.szwego.com/imgHD/f0138068/20260304/cmp_i1772604479446_5355_0_3.jpg"", ""https://xcimg.szwego.com/imgHD/f0138068/20260304/cmp_i1772604479458_9189_0_8.jpg"", ""https://xcimg.szwego.com/imgHD/f0138068/20260304/cmp_i1772604499776_4790_0_4.jpg"", ""https://xcimg.szwego.com/imgHD/f0138068/20260304/cmp_i1772604477738_962_0_5.jpg"", ""https://xcimg.szwego.com/imgHD/f0138068/20260304/cmp_i1772604502305_6536_0_6.jpg"", ""https://xcimg.szwego.com/imgHD/f0138068/20260304/cmp_i1772604477792_6837_0_7.jpg""]"
_dd2rSd8GGafek0eISA58wfPYSh1URt8QpjFbrAQ;;🖤26早春度假系列短袖外套，蓝黑色调+金属纽扣，简约又有细节感✨。面料柔软舒适，立领设计增添正式感，短袖适合早春或室内穿搭。下摆松紧收口，贴合身形，搭配浅色裤装或裙装都很优雅干练～日常通勤、轻正式场合都能轻松驾驭！ SML690¥;0;;lrg3k8cd5bgw3jv;;Для женщин;"[""https://xcimg.szwego.com/imgHD/f0138068/20260304/cmp_i1772604253325_1530_0_0.jpg"", ""https://xcimg.szwego.com/imgHD/f0138068/20260304/cmp_i1772604261416_5069_0_1.jpg"", ""https://xcimg.szwego.com/imgHD/f0138068/20260304/cmp_i1772604261414_1194_0_2.jpg"", ""https://xcimg.szwego.com/imgHD/f0138068/20260304/cmp_i1772604253326_5831_0_3.jpg"", ""https://xcimg.szwego.com/imgHD/f0138068/20260304/cmp_i1772604253329_4296_0_4.jpg"", ""https://xcimg.szwego.com/imgHD/f0138068/20260304/cmp_i1772604253329_7660_0_8.jpg"", ""https://xcimg.szwego.com/imgHD/f0138068/20260304/cmp_i1772604261414_9857_0_5.jpg"", ""https://xcimg.szwego.com/imgHD/f0138068/20260304/cmp_i1772604261346_320_0_6.jpg"", ""https://xcimg.szwego.com/imgHD/f0138068/20260304/cmp_i1772604253329_1503_0_7.jpg""]"
_dcErSFQetGrvHbGbnbOh2bNI65yaOXGVCEkN_mA;;细节图！SML390¥;0;;lrg3k8cd5bgw3jv;;Для женщин;"[""https://xcimg.szwego.com/imgHD/f0138068/20260316/cmp_i1773629157785_4920_0_0.jpg"", ""https://xcimg.szwego.com/imgHD/f0138068/20260316/cmp_i1773629157790_1611_0_3.jpg"", ""https://xcimg.szwego.com/imgHD/f0138068/20260316/cmp_i1773629155467_3665_0_1.jpg"", ""https://xcimg.szwego.com/imgHD/f0138068/20260316/cmp_i1773629155086_6993_0_2.jpg"", ""https://xcimg.szwego.com/imgHD/f0138068/20260316/cmp_i1773629154942_8606_0_5.jpg"", ""https://xcimg.szwego.com/imgHD/f0138068/20260316/cmp_i1773629155017_3351_0_4.jpg""]"
_dqlrSqHw2pb05wa3mfaF5g9td4N4xP9fjs_MU1A;;细节图！SML340¥;0;;lrg3k8cd5bgw3jv;;Для женщин;"[""https://xcimg.szwego.com/imgHD/f0138068/20260316/cmp_i1773628392545_6562_0_0.jpg"", ""https://xcimg.szwego.com/imgHD/f0138068/20260316/cmp_i1773628391487_1931_0_2.jpg"", ""https://xcimg.szwego.com/imgHD/f0138068/20260316/cmp_i1773628391473_2491_0_5.jpg"", ""https://xcimg.szwego.com/imgHD/f0138068/20260316/cmp_i1773628391484_3136_0_1.jpg"", ""https://xcimg.szwego.com/imgHD/f0138068/20260316/cmp_i1773628391484_2454_0_3.jpg"", ""https://xcimg.szwego.com/imgHD/f0138068/20260316/cmp_i1773628391473_9004_0_4.jpg""]"
_dpirS3m_fzxzOFa5gKO46MHpfTlv9E0rzM4o-oA;;细节图！SML340¥;0;;lrg3k8cd5bgw3jv;;Для женщин;"[""https://xcimg.szwego.com/imgHD/f0138068/20260316/cmp_i1773628337454_941_0_0.jpg"", ""https://xcimg.szwego.com/imgHD/f0138068/20260316/cmp_i1773628339020_5054_0_3.jpg"", ""https://xcimg.szwego.com/imgHD/f0138068/20260316/cmp_i1773628337546_9478_0_2.jpg"", ""https://xcimg.szwego.com/imgHD/f0138068/20260316/cmp_i1773628336832_9190_0_5.jpg"", ""https://xcimg.szwego.com/imgHD/f0138068/20260316/cmp_i1773628337544_1320_0_1.jpg"", ""https://xcimg.szwego.com/imgHD/f0138068/20260316/cmp_i1773628336724_248_0_4.jpg""]"
_ddErSNk5zhKBx_v8r7hxmWnWoV7tPR1AmHempog;;细节图！SML390¥;0;;lrg3k8cd5bgw3jv;;Для женщин;"[""https://xcimg.szwego.com/imgHD/f0138068/20260316/cmp_i1773627785916_5160_0_0.jpg"", ""https://xcimg.szwego.com/imgHD/f0138068/20260316/cmp_i1773627785906_7011_0_2.jpg"", ""https://xcimg.szwego.com/imgHD/f0138068/20260316/cmp_i1773627787256_134_0_6.jpg"", ""https://xcimg.szwego.com/imgHD/f0138068/20260316/cmp_i1773627787256_3025_0_1.jpg"", ""https://xcimg.szwego.com/imgHD/f0138068/20260316/cmp_i1773627785913_4692_0_4.jpg"", ""https://xcimg.szwego.com/imgHD/f0138068/20260316/cmp_i1773627785919_1858_0_5.jpg"", ""https://xcimg.szwego.com/imgHD/f0138068/20260316/cmp_i1773627785916_83_0_3.jpg""]"
_djxrS_Uk82l8xU2FArdwvepn9MQCQBRk88BCCtA;;细节图！SML390¥;0;;lrg3k8cd5bgw3jv;;Для женщин;"[""https://xcimg.szwego.com/imgHD/f0138068/20260316/cmp_i1773627579778_7659_0_0.jpg"", ""https://xcimg.szwego.com/imgHD/f0138068/20260316/cmp_i1773627577852_782_0_3.jpg"", ""https://xcimg.szwego.com/imgHD/f0138068/20260316/cmp_i1773627577856_8972_0_6.jpg"", ""https://xcimg.szwego.com/imgHD/f0138068/20260316/cmp_i1773627577866_7654_0_2.jpg"", ""https://xcimg.szwego.com/imgHD/f0138068/20260316/cmp_i1773627579915_7847_0_5.jpg"", ""https://xcimg.szwego.com/imgHD/f0138068/20260316/cmp_i1773627579884_3139_0_4.jpg"", ""https://xcimg.szwego.com/imgHD/f0138068/20260316/cmp_i1773627577928_3559_0_1.jpg"", ""https://xcimg.szwego.com/imgHD/f0138068/20260316/cmp_i1773627576686_4154_0_7.jpg""]"
_dQjrSTAj78PYwq_8PSFrzwnQkSy3Nwq_6_-yXng;;极简老钱风，无多余装饰，纯色+利落线条，完美适配“老钱风”“Athflow风”，单穿是精致通勤装，叠穿大衣/风衣又很有层次。;0;;lrg3k8cd5bgw3jv;;Для женщин;"[""https://xcimg.szwego.com/imgHD/f0138068/20260316/cmp_i1773627466951_300_0_0.jpg"", ""https://xcimg.szwego.com/imgHD/f0138068/20260316/cmp_i1773627467217_597_0_1.jpg"", ""https://xcimg.szwego.com/imgHD/f0138068/20260316/cmp_i1773627467217_4648_0_3.jpg"", ""https://xcimg.szwego.com/imgHD/f0138068/20260316/cmp_i1773627466398_6336_0_13.jpg"", ""https://xcimg.szwego.com/imgHD/f0138068/20260316/cmp_i1773627466952_5588_0_4.jpg"", ""https://xcimg.szwego.com/imgHD/f0138068/20260316/cmp_i1773627467220_2081_0_5.jpg"", ""https://xcimg.szwego.com/imgHD/f0138068/20260316/cmp_i1773627466397_3405_0_7.jpg"", ""https://xcimg.szwego.com/imgHD/f0138068/20260316/cmp_i1773627466953_3980_0_8.jpg"", ""https://xcimg.szwego.com/imgHD/f0138068/20260316/cmp_i1773627502436_732_0_8.jpg""]"
_dxfrStOxqswXlV6Yrk1Hizz4eK48Qo7WCK3ZWiA;;钉珠款细节图！SML1490¥;0;;lrg3k8cd5bgw3jv;;Для женщин;"[""https://xcimg.szwego.com/imgHD/f0138068/20260312/cmp_i1773286781590_3581_0_0.jpg"", ""https://xcimg.szwego.com/imgHD/f0138068/20260312/cmp_i1773286780094_7388_0_1.jpg"", ""https://xcimg.szwego.com/imgHD/f0138068/20260312/cmp_i1773286780092_8946_0_2.jpg"", ""https://xcimg.szwego.com/imgHD/f0138068/20260312/cmp_i1773286781589_7050_0_3.jpg"", ""https://xcimg.szwego.com/imgHD/f0138068/20260312/cmp_i1773286780093_9361_0_4.jpg"", ""https://xcimg.szwego.com/imgHD/f0138068/20260312/cmp_i1773286780094_4206_0_5.jpg"", ""https://xcimg.szwego.com/imgHD/f0138068/20260312/cmp_i1773286780099_7384_0_6.jpg"", ""https://xcimg.szwego.com/imgHD/f0138068/20260312/cmp_i1773286848490_5095_0_7.jpg""]"
_do4rSndTPHOaHsJBwYm1Kt4EZBKdT2RZ9jeNpeg;;26C限定色“翡翠矿脉绿”➕金线编织工艺 粗花呢在灯光下变成流动的金沙;0;;lrg3k8cd5bgw3jv;;Для женщин;"[""https://xcimg.szwego.com/imgHD/f0138068/20260312/cmp_i1773286304079_2772_0_0.jpg"", ""https://xcimg.szwego.com/imgHD/f0138068/20260312/cmp_i1773286304082_7085_0_1.jpg"", ""https://xcimg.szwego.com/imgHD/f0138068/20260312/cmp_i1773286304081_1392_0_2.jpg"", ""https://xcimg.szwego.com/imgHD/f0138068/20260312/cmp_i1773286304460_6809_0_3.jpg"", ""https://xcimg.szwego.com/imgHD/f0138068/20260312/cmp_i1773286304082_705_0_4.jpg"", ""https://xcimg.szwego.com/imgHD/f0138068/20260312/cmp_i1773286304082_1574_0_5.jpg"", ""https://xcimg.szwego.com/imgHD/f0138068/20260312/cmp_i1773286378547_6941_0_6.jpg""]"
_dm5rSWX3hv-ulDA34yY1D3uzy2yYiIx2_LMmhuw;;织带款细节图！SML880¥;0;;lrg3k8cd5bgw3jv;;Для женщин;"[""https://xcimg.szwego.com/imgHD/f0138068/20260312/cmp_i1773286813769_2966_0_0.jpg"", ""https://xcimg.szwego.com/imgHD/f0138068/20260312/cmp_i1773286813742_4992_0_1.jpg"", ""https://xcimg.szwego.com/imgHD/f0138068/20260312/cmp_i1773286811890_7969_0_2.jpg"", ""https://xcimg.szwego.com/imgHD/f0138068/20260312/cmp_i1773286811902_9549_0_3.jpg"", ""https://xcimg.szwego.com/imgHD/f0138068/20260312/cmp_i1773286811890_8027_0_4.jpg"", ""https://xcimg.szwego.com/imgHD/f0138068/20260312/cmp_i1773286811907_6769_0_5.jpg"", ""https://xcimg.szwego.com/imgHD/f0138068/20260312/cmp_i1773286813767_2852_0_6.jpg"", ""https://xcimg.szwego.com/imgHD/f0138068/20260312/cmp_i1773286811902_9162_0_7.jpg"", ""https://xcimg.szwego.com/imgHD/f0138068/20260312/cmp_i1773286813738_8435_0_8.jpg""]"
_dKqrSEyynJkOE32oTXTeUacnLmkokH5k3V-stcQ;;细节图！SML390¥;0;;lrg3k8cd5bgw3jv;;Для женщин;"[""https://xcimg.szwego.com/imgHD/f0138068/20260309/cmp_i1773024553548_5231_0_0.jpg"", ""https://xcimg.szwego.com/imgHD/f0138068/20260309/cmp_i1773024553634_9305_0_1.jpg"", ""https://xcimg.szwego.com/imgHD/f0138068/20260309/cmp_i1773024553675_5196_0_2.jpg"", ""https://xcimg.szwego.com/imgHD/f0138068/20260309/cmp_i1773024553739_793_0_3.jpg"", ""https://xcimg.szwego.com/imgHD/f0138068/20260309/cmp_i1773024554634_5870_0_4.jpg"", ""https://xcimg.szwego.com/imgHD/f0138068/20260309/cmp_i1773024553737_1367_0_5.jpg""]"
_dpQrSmCBoUHKQkZC0Lz5UwKGh4U21de5O5t3DqA;;细节图！SML300¥;0;;lrg3k8cd5bgw3jv;;Для женщин;"[""https://xcimg.szwego.com/imgHD/f0138068/20260309/cmp_i1773025828026_4991_0_0.jpg"", ""https://xcimg.szwego.com/imgHD/f0138068/20260309/cmp_i1773025828041_5233_0_1.jpg"", ""https://xcimg.szwego.com/imgHD/f0138068/20260309/cmp_i1773025828803_5863_0_2.jpg"", ""https://xcimg.szwego.com/imgHD/f0138068/20260309/cmp_i1773025828039_5635_0_3.jpg"", ""https://xcimg.szwego.com/imgHD/f0138068/20260309/cmp_i1773025828034_5608_0_4.jpg"", ""https://xcimg.szwego.com/imgHD/f0138068/20260309/cmp_i1773025828040_6093_0_5.jpg"", ""https://xcimg.szwego.com/imgHD/f0138068/20260309/cmp_i1773025828807_2498_0_6.jpg""]"
_damrSoUwwG1BV7MF8lOQ7DS1Rk1w2h8-R83UdLQ;;🍀26春夏系列四叶草刺绣针织衫，由新任设计师Jonathan Anderson打造。高品质针织面料，柔软舒适，圆领短袖设计，简约大方✨。左胸绿色四叶草刺绣，象征幸运与优雅，细节精致，工艺感满满。日常通勤或休闲都能轻松驾驭，搭配牛仔裤或半身裙都很出彩，是春夏衣橱必备百搭单品！ SML300¥;0;;lrg3k8cd5bgw3jv;;Для женщин;"[""https://xcimg.szwego.com/imgHD/f0138068/20260309/cmp_i1773025715971_7530_0_0.jpg"", ""https://xcimg.szwego.com/imgHD/f0138068/20260309/cmp_i1773025716337_7435_0_1.jpg"", ""https://xcimg.szwego.com/imgHD/f0138068/20260309/cmp_i1773025715933_4827_0_2.jpg"", ""https://xcimg.szwego.com/imgHD/f0138068/20260309/cmp_i1773025716337_3744_0_3.jpg"", ""https://xcimg.szwego.com/imgHD/f0138068/20260309/cmp_i1773025715932_8505_0_4.jpg"", ""https://xcimg.szwego.com/imgHD/f0138068/20260309/cmp_i1773025715932_6029_0_5.jpg"", ""https://xcimg.szwego.com/imgHD/f0138068/20260309/cmp_i1773025716338_7503_0_6.jpg"", ""https://xcimg.szwego.com/imgHD/f0138068/20260309/cmp_i1773025715932_3704_0_7.jpg""]"
_dc8rSF6mXKTQFO5y2LZ-VnUiShuH2kk-NLpv9vw;;细节图！SML430¥;0;;lrg3k8cd5bgw3jv;;Для женщин;"[""https://xcimg.szwego.com/imgHD/f0138068/20260308/cmp_i1772939466889_3963_0_0.jpg"", ""https://xcimg.szwego.com/imgHD/f0138068/20260308/cmp_i1772939468496_2956_0_1.jpg"", ""https://xcimg.szwego.com/imgHD/f0138068/20260308/cmp_i1772939468096_899_0_2.jpg"", ""https://xcimg.szwego.com/imgHD/f0138068/20260308/cmp_i1772939465860_1492_0_3.jpg"", ""https://xcimg.szwego.com/imgHD/f0138068/20260308/cmp_i1772939466873_5657_0_4.jpg"", ""https://xcimg.szwego.com/imgHD/f0138068/20260308/cmp_i1772939466826_5706_0_5.jpg"", ""https://xcimg.szwego.com/imgHD/f0138068/20260308/cmp_i1772939466895_6584_0_6.jpg"", ""https://xcimg.szwego.com/imgHD/f0138068/20260308/cmp_i1772939467937_8794_0_7.jpg""]"
_d4crSlOdnh6hMwuzuhbKYlaDI-3InTKb-fQRxiw;;✨Miu系条纹Polo衫的低调显贵穿法;0;;lrg3k8cd5bgw3jv;;Для женщин;"[""https://xcimg.szwego.com/imgHD/f0138068/20260308/cmp_i1772939402029_9837_0_0.jpg"", ""https://xcimg.szwego.com/imgHD/f0138068/20260308/cmp_i1772939402029_3593_0_1.jpg"", ""https://xcimg.szwego.com/imgHD/f0138068/20260308/cmp_i1772939402028_6309_0_2.jpg"", ""https://xcimg.szwego.com/imgHD/f0138068/20260308/cmp_i1772939402027_5303_0_3.jpg"", ""https://xcimg.szwego.com/imgHD/f0138068/20260308/cmp_i1772939402471_4393_0_4.jpg"", ""https://xcimg.szwego.com/imgHD/f0138068/20260308/cmp_i1772939402029_8613_0_5.jpg""]"
_dp4rSeqa9HMm4qD2fz5GpnAKKmio-21cfAhpHVw;;✨M26春夏系列钉珠围裙裙，采用原色帆布，粗粝质感与精致钉珠形成强烈对比。领口点缀绿色宝石和水晶，复古又华丽💚，展现品牌矛盾美学。剪裁简约，裙身利落，日常或特殊场合都能轻松驾驭。实用与装饰兼具，是SS26系列超受欢迎单品，搭配短靴或简约配饰，轻松打造Miu 风格造型👗。 SML580¥;0;;lrg3k8cd5bgw3jv;;Для женщин;"[""https://xcimg.szwego.com/imgHD/f0138068/20260311/cmp_i1773198515989_7858_0_4.jpg"", ""https://xcimg.szwego.com/imgHD/f0138068/20260311/cmp_i1773198515351_2059_0_8.jpg"", ""https://xcimg.szwego.com/imgHD/f0138068/20260311/cmp_i1773198515351_1971_0_0.jpg"", ""https://xcimg.szwego.com/imgHD/f0138068/20260311/cmp_i1773198515990_1202_0_1.jpg"", ""https://xcimg.szwego.com/imgHD/f0138068/20260311/cmp_i1773198515351_8446_0_2.jpg"", ""https://xcimg.szwego.com/imgHD/f0138068/20260311/cmp_i1773198515990_7395_0_3.jpg"", ""https://xcimg.szwego.com/imgHD/f0138068/20260311/cmp_i1773198515989_4386_0_5.jpg"", ""https://xcimg.szwego.com/imgHD/f0138068/20260311/cmp_i1773198515351_6129_0_6.jpg"", ""https://xcimg.szwego.com/imgHD/f0138068/20260311/cmp_i1773198515351_2574_0_7.jpg""]"
_dGprS0iw8F9uJjLKxZ56VMzzurFPHwf-6UVbZUw;;短袖细节图！SML260¥;0;;lrg3k8cd5bgw3jv;;Для женщин;"[""https://xcimg.szwego.com/imgHD/f0138068/20260311/cmp_i1773200282341_3295_0_0.jpg"", ""https://xcimg.szwego.com/imgHD/f0138068/20260311/cmp_i1773200284606_9756_0_1.jpg"", ""https://xcimg.szwego.com/imgHD/f0138068/20260311/cmp_i1773200282347_4808_0_4.jpg"", ""https://xcimg.szwego.com/imgHD/f0138068/20260311/cmp_i1773200282278_1498_0_3.jpg"", ""https://xcimg.szwego.com/imgHD/f0138068/20260311/cmp_i1773200282375_4749_0_5.jpg"", ""https://xcimg.szwego.com/imgHD/f0138068/20260311/cmp_i1773200284653_5691_0_6.jpg"", ""https://xcimg.szwego.com/imgHD/f0138068/20260311/cmp_i1773200281369_4837_0_2.jpg""]"
_drrrSfCIhauCrFHh72DDnrhfEUcORjB42v56-Lw;;半裙细节图！SML260¥;0;;lrg3k8cd5bgw3jv;;Для женщин;"[""https://xcimg.szwego.com/imgHD/f0138068/20260311/cmp_i1773200248018_9859_0_0.jpg"", ""https://xcimg.szwego.com/imgHD/f0138068/20260311/cmp_i1773200248005_2848_0_2.jpg"", ""https://xcimg.szwego.com/imgHD/f0138068/20260311/cmp_i1773200249623_9845_0_1.jpg"", ""https://xcimg.szwego.com/imgHD/f0138068/20260311/cmp_i1773200247873_8824_0_3.jpg"", ""https://xcimg.szwego.com/imgHD/f0138068/20260311/cmp_i1773200247283_6865_0_6.jpg"", ""https://xcimg.szwego.com/imgHD/f0138068/20260311/cmp_i1773200247341_9032_0_7.jpg"", ""https://xcimg.szwego.com/imgHD/f0138068/20260311/cmp_i1773200249089_8266_0_4.jpg"", ""https://xcimg.szwego.com/imgHD/f0138068/20260311/cmp_i1773200249096_7637_0_5.jpg""]"
_d9nrSUOg8lNXMtJ8vWJQwTs6zy1vOz11LOYU-Kg;;💚M26早春新款这套墨绿色Polo短袖+抽绳短裙，学院风混搭运动感，超有青春活力！Polo衫柔软舒适，白色条纹点缀，细节满分✨。短裙松紧腰+抽绳设计，穿着自在又显腿长，日常出街、校园、休闲都OK！墨绿色显白不挑肤色，搭配白色内搭或同色配饰，轻松get复古文艺风～ 短袖SML260¥ 半裙SML260¥;0;;lrg3k8cd5bgw3jv;;Для женщин;"[""https://xcimg.szwego.com/imgHD/f0138068/20260311/cmp_i1773199079957_5443_0_0.jpg"", ""https://xcimg.szwego.com/imgHD/f0138068/20260311/cmp_i1773199079679_7769_0_1.jpg"", ""https://xcimg.szwego.com/imgHD/f0138068/20260311/cmp_i1773199079679_4921_0_2.jpg"", ""https://xcimg.szwego.com/imgHD/f0138068/20260311/cmp_i1773199079679_3132_0_3.jpg"", ""https://xcimg.szwego.com/imgHD/f0138068/20260311/cmp_i1773199079679_2638_0_4.jpg"", ""https://xcimg.szwego.com/imgHD/f0138068/20260311/cmp_i1773199079957_1555_0_5.jpg"", ""https://xcimg.szwego.com/imgHD/f0138068/20260311/cmp_i1773199079679_8619_0_6.jpg""]"
_dvGrSe2c0cECctTQTtFNmhS7aDkEDBX4e0Oh75g;;细节图！SML390¥;0;;lrg3k8cd5bgw3jv;;Для женщин;"[""https://xcimg.szwego.com/imgHD/f0138068/20260310/cmp_i1773110372828_7481_0_0.jpg"", ""https://xcimg.szwego.com/imgHD/f0138068/20260310/cmp_i1773110372827_2774_0_5.jpg"", ""https://xcimg.szwego.com/imgHD/f0138068/20260310/cmp_i1773110372827_7915_0_1.jpg"", ""https://xcimg.szwego.com/imgHD/f0138068/20260310/cmp_i1773110374151_1031_0_3.jpg"", ""https://xcimg.szwego.com/imgHD/f0138068/20260310/cmp_i1773110372831_3490_0_4.jpg"", ""https://xcimg.szwego.com/imgHD/f0138068/20260310/cmp_i1773110372827_4303_0_2.jpg""]"
_djNrSjr3Y6V5lyaC_IpAehOiYprJT2gFNpivHnA;;皮衣细节图！SML1250¥;0;;lrg3k8cd5bgw3jv;;Для женщин;"[""https://xcimg.szwego.com/imgHD/f0138068/20260308/cmp_i1772938754992_2450_0_0.jpg"", ""https://xcimg.szwego.com/imgHD/f0138068/20260308/cmp_i1772938757533_6861_0_1.jpg"", ""https://xcimg.szwego.com/imgHD/f0138068/20260308/cmp_i1772938754975_5030_0_2.jpg"", ""https://xcimg.szwego.com/imgHD/f0138068/20260308/cmp_i1772938757557_8926_0_3.jpg"", ""https://xcimg.szwego.com/imgHD/f0138068/20260308/cmp_i1772938754421_1428_0_4.jpg"", ""https://xcimg.szwego.com/imgHD/f0138068/20260308/cmp_i1772938754392_7741_0_5.jpg"", ""https://xcimg.szwego.com/imgHD/f0138068/20260308/cmp_i1772938754405_2773_0_6.jpg"", ""https://xcimg.szwego.com/imgHD/f0138068/20260308/cmp_i1772938757518_5009_0_8.jpg"", ""https://xcimg.szwego.com/imgHD/f0138068/20260308/cmp_i1772938757547_9422_0_9.jpg""]"
_duGrSomG1ZvscPVD540rDWinSXyQ1WF3YeYTtMw;;短裤细节图！SML680¥;0;;lrg3k8cd5bgw3jv;;Для женщин;"[""https://xcimg.szwego.com/imgHD/f0138068/20260308/cmp_i1772938736016_8666_0_0.jpg"", ""https://xcimg.szwego.com/imgHD/f0138068/20260308/cmp_i1772938738476_9248_0_1.jpg"", ""https://xcimg.szwego.com/imgHD/f0138068/20260308/cmp_i1772938736002_7409_0_2.jpg"", ""https://xcimg.szwego.com/imgHD/f0138068/20260308/cmp_i1772938738378_4145_0_3.jpg"", ""https://xcimg.szwego.com/imgHD/f0138068/20260308/cmp_i1772938736046_9123_0_4.jpg"", ""https://xcimg.szwego.com/imgHD/f0138068/20260308/cmp_i1772938735162_1551_0_5.jpg"", ""https://xcimg.szwego.com/imgHD/f0138068/20260308/cmp_i1772938735048_3550_0_6.jpg""]"
_dbqrS3oB85f5gZrnSKZ6OyJgmLi9ety8-v1xCtQ;;新款 Nappa皮衣夹克+短裤 🆕;0;;lrg3k8cd5bgw3jv;;Для женщин;"[""https://xcimg.szwego.com/imgHD/f0138068/20260308/cmp_i1772938619731_5763_0_0.jpg"", ""https://xcimg.szwego.com/imgHD/f0138068/20260308/cmp_i1772938619731_1512_0_1.jpg"", ""https://xcimg.szwego.com/imgHD/f0138068/20260308/cmp_i1772938619731_6967_0_2.jpg"", ""https://xcimg.szwego.com/imgHD/f0138068/20260308/cmp_i1772938619731_8649_0_3.jpg"", ""https://xcimg.szwego.com/imgHD/f0138068/20260308/cmp_i1772938619731_3505_0_4.jpg"", ""https://xcimg.szwego.com/imgHD/f0138068/20260308/cmp_i1772938620466_7436_0_5.jpg"", ""https://xcimg.szwego.com/imgHD/f0138068/20260308/cmp_i1772938620466_599_0_6.jpg""]"
_dtYrSkB7xHfnGuxlzaljj3hMaCoHm0zwMPtFhWA;;新款 Nappa皮衣夹克+短裤 🆕;0;;lrg3k8cd5bgw3jv;;Для женщин;"[""https://xcimg.szwego.com/imgHD/f0138068/20260306/cmp_i1772783671027_4172_0_0.jpg"", ""https://xcimg.szwego.com/imgHD/f0138068/20260306/cmp_i1772783671027_4909_0_1.jpg"", ""https://xcimg.szwego.com/imgHD/f0138068/20260306/cmp_i1772783671027_1734_0_2.jpg"", ""https://xcimg.szwego.com/imgHD/f0138068/20260306/cmp_i1772783671027_715_0_3.jpg"", ""https://xcimg.szwego.com/imgHD/f0138068/20260306/cmp_i1772783676076_954_0_4.jpg"", ""https://xcimg.szwego.com/imgHD/f0138068/20260306/cmp_i1772783676076_2608_0_5.jpg""]"
_dtwrSXa-2TQqYcOUC83KExSIZJ2vJcGjvlLiAXA;;细节图！SML1100¥;0;;lrg3k8cd5bgw3jv;;Для женщин;"[""https://xcimg.szwego.com/img/f0138068/20251129/i1764381238347_736_0_0.jpg"", ""https://xcimg.szwego.com/img/f0138068/20251129/i1764381238397_1627_0_3.jpg"", ""https://xcimg.szwego.com/img/f0138068/20251129/i1764381238393_6037_0_1.jpg"", ""https://xcimg.szwego.com/img/f0138068/20251129/i1764381238172_2620_0_2.jpg"", ""https://xcimg.szwego.com/img/f0138068/20251129/i1764381239297_7352_0_4.jpg"", ""https://xcimg.szwego.com/img/f0138068/20251129/i1764381239121_6479_0_5.jpg"", ""https://xcimg.szwego.com/img/f0138068/20251129/i1764381179174_9502_0_8.jpg"", ""https://xcimg.szwego.com/img/f0138068/20251129/i1764381239243_7973_0_7.jpg""]"
_dO7rScjcofD_v5h2-r5Iqk4l8OVzG1qTQhOZdKg;;细节图！SML880¥;0;;lrg3k8cd5bgw3jv;;Для женщин;"[""https://xcimg.szwego.com/img/f0138068/20251129/i1764381180419_2787_0_0.jpg"", ""https://xcimg.szwego.com/img/f0138068/20251129/i1764381180454_3744_0_1.jpg"", ""https://xcimg.szwego.com/img/f0138068/20251129/i1764381179247_8508_0_2.jpg"", ""https://xcimg.szwego.com/img/f0138068/20251129/i1764381179243_8867_0_3.jpg"", ""https://xcimg.szwego.com/img/f0138068/20251129/i1764381179250_9035_0_4.jpg"", ""https://xcimg.szwego.com/img/f0138068/20251129/i1764381180319_9670_0_5.jpg"", ""https://xcimg.szwego.com/img/f0138068/20251129/i1764381179312_1277_0_6.jpg"", ""https://xcimg.szwego.com/img/f0138068/20251129/i1764381180438_7680_0_7.jpg"", ""https://xcimg.szwego.com/img/f0138068/20251129/i1764381179174_9502_0_8.jpg""]"
_dqnrSYaJVduZXuWWj3HxtcKS97mdEZB6ROT_ITA;;25K秋冬粗花呢马甲连衣裙，长毛经典黑色粗花呢+白色编织镶边，优雅复古气质满分◆。正面竖排金属纽扣，细节精致，适合多种身材！SML880¥;0;;lrg3k8cd5bgw3jv;;Для женщин;"[""https://xcimg.szwego.com/img/f0138068/20251129/a1764383824365_4267.jpg"", ""https://xcimg.szwego.com/img/f0138068/20251129/a1764383824211_5700.jpg"", ""https://xcimg.szwego.com/img/f0138068/20251129/a1764383824393_0881.jpg"", ""https://xcimg.szwego.com/img/f0138068/20251129/a1764383824281_7073.jpg"", ""https://xcimg.szwego.com/img/f0138068/20251129/a1764383825074_5110.jpg"", ""https://xcimg.szwego.com/img/f0138068/20251129/a1764383824198_6361.jpg""]"
_dt8rS3NVQbwc5YV_Fh_9UMq3lhiGLBHTRgCm7_w;;25K斗篷外套，长毛黑色粗花呢+白色镶 边，金色纽扣点缀，奢华优雅感拉满。宽松直身版型，圆领设计，包容多种脸型，穿着舒适又有气场。秋冬季节超适合，搭配裙装或长靴，名媛风轻松拿捏。细节精致，经典元素融合现代剪裁，时尚与实用兼备!SML1100💰;0;;lrg3k8cd5bgw3jv;;Для женщин;"[""https://xcimg.szwego.com/img/f0138068/20251129/a1764384277370_3142.jpg"", ""https://xcimg.szwego.com/img/f0138068/20251129/a1764384277472_4231.jpg"", ""https://xcimg.szwego.com/img/f0138068/20251129/a1764384277511_0271.jpg"", ""https://xcimg.szwego.com/img/f0138068/20251129/a1764384278285_6512.jpg"", ""https://xcimg.szwego.com/img/f0138068/20251129/a1764384406568_2474.jpg"", ""https://xcimg.szwego.com/img/f0138068/20251129/a1764384278440_7162.jpg"", ""https://xcimg.szwego.com/img/f0138068/20251129/a1764384406408_7186.jpg"", ""https://xcimg.szwego.com/img/f0138068/20251129/a1764384406368_3514.jpg"", ""https://xcimg.szwego.com/img/f0138068/20251129/a1764384277579_4820.jpg""]"
_dzCrSN8xjJc2cFrnqcxglN85IObe5zbsu4Ke69A;;细节图！SML980¥;0;;lrg3k8cd5bgw3jv;;Для женщин;"[""https://xcimg.szwego.com/imgHD/f0138068/20250905/cmp_i1757044002777_1625_0_0.jpg"", ""https://xcimg.szwego.com/imgHD/f0138068/20250905/cmp_i1757043925435_9799_0_1.jpg"", ""https://xcimg.szwego.com/imgHD/f0138068/20250905/cmp_i1757043906122_7987_0_2.jpg"", ""https://xcimg.szwego.com/imgHD/f0138068/20250905/cmp_i1757043925471_3118_0_3.jpg"", ""https://xcimg.szwego.com/imgHD/f0138068/20250905/cmp_i1757043995890_5709_0_4.jpg"", ""https://xcimg.szwego.com/imgHD/f0138068/20250905/cmp_i1757043904973_283_0_5.jpg"", ""https://xcimg.szwego.com/imgHD/f0138068/20250905/cmp_i1757044002182_423_0_6.jpg"", ""https://xcimg.szwego.com/imgHD/f0138068/20250905/cmp_i1757044002430_6808_0_7.jpg"", ""https://xcimg.szwego.com/imgHD/f0138068/20250905/cmp_i1757044002192_8824_0_8.jpg""]"
_dtTrSkE1gPnWRi8k3KutUJE9kML3QKdNVi8k86g;;25B新款黑色中长款连帽编织四口袋外套 帽子可拆卸 SML980¥;0;;lrg3k8cd5bgw3jv;;Для женщин;"[""https://xcimg.szwego.com/imgHD/f0138068/20250905/cmp_i1757043658574_9165_0_0.jpg"", ""https://xcimg.szwego.com/imgHD/f0138068/20250905/cmp_i1757043658575_1086_0_1.jpg"", ""https://xcimg.szwego.com/imgHD/f0138068/20250905/cmp_i1757043658602_2513_0_2.jpg"", ""https://xcimg.szwego.com/imgHD/f0138068/20250905/cmp_i1757043658575_9995_0_3.jpg"", ""https://xcimg.szwego.com/imgHD/f0138068/20250905/cmp_i1757043808168_1774_0_4.jpg"", ""https://xcimg.szwego.com/imgHD/f0138068/20250905/cmp_i1757043808168_9258_0_6.jpg"", ""https://xcimg.szwego.com/imgHD/f0138068/20250905/cmp_i1757043808168_7362_0_5.jpg""]"
_dQ4rSck-NM9hpYmZbq9hkOVgBP1XTC11YWL5i8w;;细节图！ 开衫SML490¥ 裤子SM L390¥;0;;lrg3k8cd5bgw3jv;;Для женщин;"[""https://xcimg.szwego.com/img/f0138068/20260123/i1769136159923_6491_0_0.jpg"", ""https://xcimg.szwego.com/img/f0138068/20260123/i1769136159261_5633_0_1.jpg"", ""https://xcimg.szwego.com/img/f0138068/20260123/i1769136159916_9618_0_2.jpg"", ""https://xcimg.szwego.com/img/f0138068/20260123/i1769136159269_9728_0_3.jpg"", ""https://xcimg.szwego.com/img/f0138068/20260123/i1769136159284_3733_0_4.jpg"", ""https://xcimg.szwego.com/img/f0138068/20260123/i1769136159938_6947_0_5.jpg"", ""https://xcimg.szwego.com/img/f0138068/20260123/i1769136159218_3059_0_6.jpg"", ""https://xcimg.szwego.com/img/f0138068/20260123/i1769136159892_3338_0_7.jpg"", ""https://xcimg.szwego.com/img/f0138068/20260123/i1769136159231_3967_0_8.jpg""]"
_d8urSf-n8hC3vSr-mmvLBWveOhSUCboonICiWfQ;;细节图！ 开衫SML490¥ 裤子SM L390¥;0;;lrg3k8cd5bgw3jv;;Для женщин;"[""https://xcimg.szwego.com/img/f0138068/20260123/i1769136036013_7929_0_0.jpg"", ""https://xcimg.szwego.com/img/f0138068/20260123/i1769136036038_1874_0_1.jpg"", ""https://xcimg.szwego.com/img/f0138068/20260123/i1769136036673_4122_0_2.jpg"", ""https://xcimg.szwego.com/img/f0138068/20260123/i1769136036020_5953_0_3.jpg"", ""https://xcimg.szwego.com/img/f0138068/20260123/i1769136036026_8973_0_4.jpg"", ""https://xcimg.szwego.com/img/f0138068/20260123/i1769136036665_5379_0_5.jpg"", ""https://xcimg.szwego.com/img/f0138068/20260123/i1769136035982_3194_0_6.jpg"", ""https://xcimg.szwego.com/img/f0138068/20260123/i1769136036694_2102_0_7.jpg"", ""https://xcimg.szwego.com/img/f0138068/20260123/i1769136036682_7122_0_9.jpg""]"
_decrSOCdZR1wQF4Kgc8g-uBqlq_Yry19FDQO0Yw;;杏色开衫后面是没有刺绣图案的;0;;lrg3k8cd5bgw3jv;;Для женщин;"[""https://xcimg.szwego.com/img/f0138068/20260123/i1769135439817_8504_0_0.jpg"", ""https://xcimg.szwego.com/img/f0138068/20260123/i1769135439742_1544_0_1.jpg"", ""https://xcimg.szwego.com/img/f0138068/20260123/i1769135440106_7415_0_2.jpg"", ""https://xcimg.szwego.com/img/f0138068/20260123/i1769135439810_259_0_3.jpg"", ""https://xcimg.szwego.com/img/f0138068/20260123/i1769135439799_6075_0_4.jpg"", ""https://xcimg.szwego.com/img/f0138068/20260123/i1769135439820_6309_0_5.jpg""]"
_duyrSPScrhwDSlBPvZpmBR4foloxdsjJynIcDlg;;🦋26早春系列灰色羊绒连帽开衫➕长裤套装 后背蝴蝶刺绣超精致，细节满分✨。高品质羊绒，柔软亲肤，秋冬穿超舒服。连帽设计休闲又实用，搭配同色针织裤，慵懒氛围感拉满！灰色低调百搭，通勤、居家、日常都能轻松驾驭，高级老钱风穿搭 开衫SML490¥ 裤子SML390¥;0;;lrg3k8cd5bgw3jv;;Для женщин;"[""https://xcimg.szwego.com/img/f0138068/20260123/i1769135430075_3298_0_0.jpg"", ""https://xcimg.szwego.com/img/f0138068/20260123/i1769135430130_487_0_1.jpg"", ""https://xcimg.szwego.com/img/f0138068/20260123/i1769135430220_9450_0_2.jpg"", ""https://xcimg.szwego.com/img/f0138068/20260123/i1769135430242_2014_0_3.jpg"", ""https://xcimg.szwego.com/img/f0138068/20260123/i1769135430243_4670_0_4.jpg"", ""https://xcimg.szwego.com/img/f0138068/20260123/i1769135430515_4041_0_5.jpg""]"
_dnYrSo-NjmHaPSTV4A8w48nSS2eMpDS83g8SB4w;;细节图！SML580¥;0;;lrg3k8cd5bgw3jv;;Для женщин;"[""https://xcimg.szwego.com/img/f0138068/20260121/i1768963619214_4792_0_0.jpg"", ""https://xcimg.szwego.com/img/f0138068/20260121/i1768963620006_8825_0_2.jpg"", ""https://xcimg.szwego.com/img/f0138068/20260121/i1768963619156_3700_0_1.jpg"", ""https://xcimg.szwego.com/img/f0138068/20260121/i1768963619191_495_0_3.jpg"", ""https://xcimg.szwego.com/img/f0138068/20260121/i1768963619160_7661_0_4.jpg"", ""https://xcimg.szwego.com/img/f0138068/20260121/i1768963619964_9423_0_5.jpg"", ""https://xcimg.szwego.com/img/f0138068/20260121/i1768963619208_7344_0_6.jpg""]"
_dlsrSA8Lq4MylpNp56VYUkKdFHF_hw8W3Tfy7-A;;26早春系列牛仔夹克，采用Foggy Monogram提花工艺，经典老花与云雾感巧妙融合，辨识度超高✨。水洗做旧牛仔面料，复古又时髦，金属纽扣+翻领设计，细节满分！可搭配同系列滑板裤，轻松打造高级街头风，日常或潮流场合都很出彩🔥 SML580¥;0;;lrg3k8cd5bgw3jv;;Для женщин;"[""https://xcimg.szwego.com/img/f0138068/20260121/i1768963581414_5410_0_0.jpg"", ""https://xcimg.szwego.com/img/f0138068/20260121/i1768963581475_4665_0_1.jpg"", ""https://xcimg.szwego.com/img/f0138068/20260121/i1768963580850_4591_0_2.jpg"", ""https://xcimg.szwego.com/img/f0138068/20260121/i1768963581011_9856_0_3.jpg"", ""https://xcimg.szwego.com/img/f0138068/20260121/i1768963581015_8914_0_4.jpg"", ""https://xcimg.szwego.com/img/f0138068/20260121/i1768963580850_1885_0_5.jpg"", ""https://xcimg.szwego.com/img/f0138068/20260121/i1768963580850_7047_0_6.jpg""]"
_dbNrS03SR6o2dUOqLsN0THY3ysDoi8hwGK6JzIw;;细节图！SML200¥;0;;lrg3k8cd5bgw3jv;;Для женщин;"[""https://xcimg.szwego.com/img/f0138068/20260121/i1768963693260_4038_0_0.jpg"", ""https://xcimg.szwego.com/img/f0138068/20260121/i1768963693285_4844_0_3.jpg"", ""https://xcimg.szwego.com/img/f0138068/20260121/i1768963693274_7935_0_1.jpg"", ""https://xcimg.szwego.com/img/f0138068/20260121/i1768963692621_9419_0_2.jpg"", ""https://xcimg.szwego.com/img/f0138068/20260121/i1768963692639_5725_0_4.jpg"", ""https://xcimg.szwego.com/img/f0138068/20260121/i1768963692640_1722_0_6.jpg"", ""https://xcimg.szwego.com/img/f0138068/20260121/i1768963692673_7812_0_7.jpg"", ""https://xcimg.szwego.com/img/f0138068/20260121/i1768963692695_7598_0_8.jpg"", ""https://xcimg.szwego.com/img/f0138068/20260121/i1768963693263_1228_0_5.jpg""]"
_dngrSKY4TMxWiUgY0h5fSlNlh3eI7rdcV5zszzA;;ZP细节图！SML220¥;0;;lrg3k8cd5bgw3jv;;Для женщин;"[""https://xcimg.szwego.com/img/f0138068/20260102/i1767345104929_9969_0_0.jpg"", ""https://xcimg.szwego.com/img/f0138068/20260102/i1767345104913_7540_0_1.jpg"", ""https://xcimg.szwego.com/img/f0138068/20260102/i1767345104926_2721_0_2.jpg"", ""https://xcimg.szwego.com/img/f0138068/20260102/i1767345113708_8945_0_3.jpg"", ""https://xcimg.szwego.com/img/f0138068/20260102/i1767345113706_3203_0_4.jpg"", ""https://xcimg.szwego.com/img/f0138068/20260102/i1767345104993_6025_0_5.jpg"", ""https://xcimg.szwego.com/img/f0138068/20260102/i1767345105016_1175_0_6.jpg""]"
_dwIrSrNh2Lsk6BGDXaZ-Iiiu06Jl2sIQhJSOOWQ;;细节图！ 外套SML690¥ 半裙SML590¥;0;;lrg3k8cd5bgw3jv;;Для женщин;"[""https://xcimg.szwego.com/img/f0138068/20260108/i1767837647999_6165_0_0.jpg"", ""https://xcimg.szwego.com/img/f0138068/20260108/i1767837649088_4475_0_1.jpg"", ""https://xcimg.szwego.com/img/f0138068/20260108/i1767837649067_7614_0_2.jpg"", ""https://xcimg.szwego.com/img/f0138068/20260108/i1767837648033_9771_0_3.jpg"", ""https://xcimg.szwego.com/img/f0138068/20260108/i1767837648039_8623_0_4.jpg"", ""https://xcimg.szwego.com/img/f0138068/20260108/i1767837648024_9409_0_5.jpg"", ""https://xcimg.szwego.com/img/f0138068/20260108/i1767837649103_9390_0_6.jpg"", ""https://xcimg.szwego.com/img/f0138068/20260108/i1767837648019_8506_0_7.jpg"", ""https://xcimg.szwego.com/img/f0138068/20260108/i1767837653247_5512_0_9.jpg""]"
_dtwrSXa-2TQmZcOcD83GDxCYeJmTLcGjvlLiAXA;;🏝假日衣橱｜26C早春系列 浅蓝粗花呢套装，包含短款外套+高腰半裙，经典粗花呢材质，纹理细腻，浅蓝色调超优雅 。外套大翻领+金色纽扣，复古又精致，半裙同款纽扣呼应，整体协调感满分!日常通勤，聚会都能轻松驾驭，搭配高跟鞋或手拿包，法式名媛风轻松get 外套SML690¥ 半裙SML590¥;0;;lrg3k8cd5bgw3jv;;Для женщин;"[""https://xcimg.szwego.com/img/f0138068/20260108/i1767837539068_2852_0_4.jpg"", ""https://xcimg.szwego.com/img/f0138068/20260108/i1767837539068_132_0_5.jpg"", ""https://xcimg.szwego.com/img/f0138068/20260108/i1767837277558_9274_0_0.jpg"", ""https://xcimg.szwego.com/img/f0138068/20260108/i1767837277579_6393_0_1.jpg"", ""https://xcimg.szwego.com/img/f0138068/20260108/i1767837277462_6844_0_2.jpg"", ""https://xcimg.szwego.com/img/f0138068/20260108/i1767837366903_3624_0_3.jpg""]"
_dnurSti8_D3iFG4D10isNOKigWMJE349KFJB-YA;;细节图！SML260¥;0;;lrg3k8cd5bgw3jv;;Для женщин;"[""https://xcimg.szwego.com/img/f0138068/20260112/i1768188667516_4920_0_0.jpg"", ""https://xcimg.szwego.com/img/f0138068/20260112/i1768188667506_5625_0_1.jpg"", ""https://xcimg.szwego.com/img/f0138068/20260112/i1768188666804_8992_0_2.jpg"", ""https://xcimg.szwego.com/img/f0138068/20260112/i1768188666801_613_0_3.jpg"", ""https://xcimg.szwego.com/img/f0138068/20260112/i1768188666817_7149_0_4.jpg"", ""https://xcimg.szwego.com/img/f0138068/20260112/i1768188666807_1973_0_5.jpg"", ""https://xcimg.szwego.com/img/f0138068/20260112/i1768188666823_6933_0_6.jpg""]"
_dkZrSI_uMYGyXeNkMzExni1akt1xGvRt07BwUzA;;26早春新款白色长袖上衣，右肩印有经典棕色老花腰包图案，搭配链条和绿色花朵刺绣，辨识度超高✨。高品质棉料，穿着舒适，日常或时尚场合都能轻松驾驭。印花灵感来自腰包，品牌感满满，搭配牛仔裤或休闲裤都很出彩，轻松打造个性OOTD！ SML260💰;0;;lrg3k8cd5bgw3jv;;Для женщин;"[""https://xcimg.szwego.com/img/f0138068/20260112/a1768185861246_3256.jpg"", ""https://xcimg.szwego.com/img/f0138068/20260112/a1768185861266_8308.jpg"", ""https://xcimg.szwego.com/img/f0138068/20260112/a1768185861241_0465.jpg"", ""https://xcimg.szwego.com/img/f0138068/20260112/a1768185861244_8062.jpg"", ""https://xcimg.szwego.com/img/f0138068/20260112/a1768185868316_2214.jpg"", ""https://xcimg.szwego.com/img/f0138068/20260112/a1768185888866_3372.jpg""]"
_dprrSl4sYwpEDjIZ8lC2_XJ1RKDSEhAJR9SGeZg;;细节图！SML480¥;0;;lrg3k8cd5bgw3jv;;Для женщин;"[""https://xcimg.szwego.com/img/f0138068/20260109/i1767919811313_5678_0_0.jpg"", ""https://xcimg.szwego.com/img/f0138068/20260109/i1767919813838_2172_0_3.jpg"", ""https://xcimg.szwego.com/img/f0138068/20260109/i1767919811313_4843_0_1.jpg"", ""https://xcimg.szwego.com/img/f0138068/20260109/i1767919813833_2661_0_2.jpg"", ""https://xcimg.szwego.com/img/f0138068/20260109/i1767919811313_8338_0_4.jpg"", ""https://xcimg.szwego.com/img/f0138068/20260109/i1767919811313_9154_0_5.jpg"", ""https://xcimg.szwego.com/img/f0138068/20260109/i1767919813702_8134_0_7.jpg"", ""https://xcimg.szwego.com/img/f0138068/20260109/i1767919811313_9092_0_6.jpg""]"
_dsarSEFOj_rQ-TFc7-A_wA3ECv_3qC92cSblLOQ;;26新款女士短款尼龙夹克，轻便防风，抽绳设计超实用，日常通勤或户外都能轻松驾驭!黑色简约百搭，胸前三角Logo低调又有辨识度 。短款剪裁优化身材比例，搭配高腰裤或裙装都很出彩，春秋季节穿着舒适又时髦，轻松打造都市休闲风~ SML480¥;0;;lrg3k8cd5bgw3jv;;Для женщин;"[""https://xcimg.szwego.com/img/f0138068/20260109/i1767921421286_73_0_0.jpg"", ""https://xcimg.szwego.com/img/f0138068/20260109/i1767921421287_8682_0_1.jpg"", ""https://xcimg.szwego.com/img/f0138068/20260109/i1767921421287_7421_0_2.jpg"", ""https://xcimg.szwego.com/img/f0138068/20260109/i1767921481837_7609_0_3.jpg"", ""https://xcimg.szwego.com/img/f0138068/20260109/i1767921481834_7747_0_4.jpg"", ""https://xcimg.szwego.com/img/f0138068/20260109/i1767921481970_9617_0_5.jpg""]"
_drprS7tI3nmjc7DK20Y1rJtsQG05tJkAW9qFZrg;;细节图！SML220¥;0;;lrg3k8cd5bgw3jv;;Для женщин;"[""https://xcimg.szwego.com/img/f0138068/20260114/i1768354934168_6227_0_0.jpg"", ""https://xcimg.szwego.com/img/f0138068/20260114/i1768354933471_5497_0_3.jpg"", ""https://xcimg.szwego.com/img/f0138068/20260114/i1768354933522_8705_0_2.jpg"", ""https://xcimg.szwego.com/img/f0138068/20260114/i1768354934139_8442_0_4.jpg"", ""https://xcimg.szwego.com/img/f0138068/20260114/i1768354933511_3205_0_5.jpg"", ""https://xcimg.szwego.com/img/f0138068/20260114/i1768354933532_3482_0_6.jpg"", ""https://xcimg.szwego.com/img/f0138068/20260114/i1768354934160_4219_0_7.jpg""]"
_dkgrSXGaWT97iCzivb4-6R_1QSldMwBqcEwftbg;;💛26SS黄蓝条纹短袖T恤，经典撞色设计，100%棉针织面料，柔软亲肤，春夏穿超舒服！宽松版型+白色圆领，胸前小口袋配蓝色标签，细节满分✨。条纹比例精准，休闲又轻奢！SML220💰;0;;lrg3k8cd5bgw3jv;;Для женщин;"[""https://xcimg.szwego.com/img/f0138068/20260114/a1768355500564_0507.jpg"", ""https://xcimg.szwego.com/img/f0138068/20260114/a1768355500483_8635.jpg"", ""https://xcimg.szwego.com/img/f0138068/20260114/a1768355500522_7037.jpg"", ""https://xcimg.szwego.com/img/f0138068/20260114/a1768355501357_7088.jpg"", ""https://xcimg.szwego.com/img/f0138068/20260114/a1768355501443_1174.jpg"", ""https://xcimg.szwego.com/img/f0138068/20260114/a1768355501359_6480.jpg"", ""https://xcimg.szwego.com/img/f0138068/20260114/a1768355502089_7467.jpg"", ""https://xcimg.szwego.com/img/f0138068/20260114/a1768355502098_1371.jpg"", ""https://xcimg.szwego.com/img/f0138068/20260114/a1768355501524_6627.jpg""]"
_dh_rSS_I8aTze9tb-cl5DspH4AJh4FodorCjb-w;;裤子细节图！SML850¥;0;;lrg3k8cd5bgw3jv;;Для женщин;"[""https://xcimg.szwego.com/imgHD/f0138068/20251112/cmp_i1762910902395_5150_0_0.jpg"", ""https://xcimg.szwego.com/imgHD/f0138068/20251112/cmp_i1762910898967_7373_0_1.jpg"", ""https://xcimg.szwego.com/imgHD/f0138068/20251112/cmp_i1762910898961_2787_0_2.jpg"", ""https://xcimg.szwego.com/imgHD/f0138068/20251112/cmp_i1762910898967_1904_0_3.jpg"", ""https://xcimg.szwego.com/imgHD/f0138068/20251112/cmp_i1762910901905_8932_0_4.jpg"", ""https://xcimg.szwego.com/imgHD/f0138068/20251112/cmp_i1762910898956_7956_0_5.jpg"", ""https://xcimg.szwego.com/imgHD/f0138068/20251112/cmp_i1762910901921_3047_0_6.jpg"", ""https://xcimg.szwego.com/imgHD/f0138068/20251112/cmp_i1762910898970_1336_0_7.jpg"", ""https://xcimg.szwego.com/imgHD/f0138068/20251112/cmp_i1762910901914_3879_0_9.jpg""]"
_djRrSxDdjix5XmW2de9v2bzEby0pVJjXNlv_1Xw;;半裙细节图！SML790¥;0;;lrg3k8cd5bgw3jv;;Для женщин;"[""https://xcimg.szwego.com/imgHD/f0138068/20251112/cmp_i1762910853124_7227_0_0.jpg"", ""https://xcimg.szwego.com/imgHD/f0138068/20251112/cmp_i1762910851223_9445_0_1.jpg"", ""https://xcimg.szwego.com/imgHD/f0138068/20251112/cmp_i1762910851226_6547_0_2.jpg"", ""https://xcimg.szwego.com/imgHD/f0138068/20251112/cmp_i1762910853120_3797_0_3.jpg"", ""https://xcimg.szwego.com/imgHD/f0138068/20251112/cmp_i1762910851228_555_0_4.jpg"", ""https://xcimg.szwego.com/imgHD/f0138068/20251112/cmp_i1762910851223_6349_0_5.jpg"", ""https://xcimg.szwego.com/imgHD/f0138068/20251112/cmp_i1762910851793_7262_0_6.jpg"", ""https://xcimg.szwego.com/imgHD/f0138068/20251112/cmp_i1762910961276_9311_0_7.jpg""]"
_d-LrSbzVnwNqykKbNuy1NaPGgQOBOcNwhPstLJw;;细节图！SML880¥;0;;lrg3k8cd5bgw3jv;;Для женщин;"[""https://xcimg.szwego.com/img/f0138068/20260112/i1768183587792_8531_0_0.jpg"", ""https://xcimg.szwego.com/img/f0138068/20260112/i1768183586734_6223_0_1.jpg"", ""https://xcimg.szwego.com/img/f0138068/20260112/i1768183586734_392_0_2.jpg"", ""https://xcimg.szwego.com/img/f0138068/20260112/i1768183587741_3028_0_3.jpg"", ""https://xcimg.szwego.com/img/f0138068/20260112/i1768183586734_4469_0_4.jpg"", ""https://xcimg.szwego.com/img/f0138068/20260112/i1768183586734_2408_0_5.jpg"", ""https://xcimg.szwego.com/img/f0138068/20260112/i1768183586734_7076_0_6.jpg"", ""https://xcimg.szwego.com/img/f0138068/20260112/i1768183587753_6388_0_7.jpg""]"
_duyrSPScrhwDSlBDuZpmARIPrlINQsjJynIcDlg;;26新品早春度假系列斜纹软呢外套，经典粗花呢材质，米白+香槟金配色，金色纽扣+流苏边，细节超精致！V领设计修饰颈部线条，剪裁利落，优雅又实用，日常或度假都能轻松驾驭💛质感与工艺感满满，穿上就是高级氛围感！ SML880¥;0;;lrg3k8cd5bgw3jv;;Для женщин;"[""https://xcimg.szwego.com/img/f0138068/20260112/a1768184119984_1384.jpg"", ""https://xcimg.szwego.com/img/f0138068/20260112/i1768183820726_4585_0_0.jpg"", ""https://xcimg.szwego.com/img/f0138068/20260112/i1768183820751_5427_0_1.jpg"", ""https://xcimg.szwego.com/img/f0138068/20260112/i1768183820554_6727_0_2.jpg"", ""https://xcimg.szwego.com/img/f0138068/20260112/i1768183820550_9098_0_3.jpg"", ""https://xcimg.szwego.com/img/f0138068/20260112/i1768183820825_6065_0_4.jpg""]"
_dkYrSfH5kocd1Qi7FMZfp-6cH5PNkprmddC9f6A;;细节图！ 外套SML680¥ 短裤SML480¥;0;;lrg3k8cd5bgw3jv;;Для женщин;"[""https://xcimg.szwego.com/img/f0138068/20251216/i1765854434995_2814_0_0.jpg"", ""https://xcimg.szwego.com/img/f0138068/20251216/i1765854432713_9501_0_1.jpg"", ""https://xcimg.szwego.com/img/f0138068/20251216/i1765854432734_624_0_3.jpg"", ""https://xcimg.szwego.com/img/f0138068/20251216/i1765854432735_6386_0_4.jpg"", ""https://xcimg.szwego.com/img/f0138068/20251216/i1765854435046_8642_0_5.jpg"", ""https://xcimg.szwego.com/img/f0138068/20251216/i1765854434985_742_0_6.jpg"", ""https://xcimg.szwego.com/img/f0138068/20251216/i1765854435068_7118_0_7.jpg"", ""https://xcimg.szwego.com/img/f0138068/20251216/i1765854432754_2707_0_9.jpg"", ""https://xcimg.szwego.com/img/f0138068/20251216/i1765854443150_4846_0_9.jpg""]"
_dyKrShVeKT3s7kyZkJrKvTnlYw1hqsnNXX3fxLA;;细节图！SML790¥;0;;lrg3k8cd5bgw3jv;;Для женщин;"[""https://xcimg.szwego.com/img/f0138068/20260126/i1769396347899_9300_0_0.jpg"", ""https://xcimg.szwego.com/img/f0138068/20260126/i1769396348514_5806_0_1.jpg"", ""https://xcimg.szwego.com/img/f0138068/20260126/i1769396348546_6200_0_2.jpg"", ""https://xcimg.szwego.com/img/f0138068/20260126/i1769396321913_8617_0_6.jpg"", ""https://xcimg.szwego.com/img/f0138068/20260126/i1769396348480_753_0_4.jpg"", ""https://xcimg.szwego.com/img/f0138068/20260126/i1769396347910_7951_0_5.jpg"", ""https://xcimg.szwego.com/img/f0138068/20260126/i1769396347899_1498_0_6.jpg"", ""https://xcimg.szwego.com/img/f0138068/20260126/i1769396348534_9792_0_7.jpg"", ""https://xcimg.szwego.com/img/f0138068/20260126/i1769396347883_6689_0_8.jpg""]"
_dD8rS8ZPRf2I5UGUG3pnwYmzOBy5uECWgFohiJg;;细节图！SML690¥;0;;lrg3k8cd5bgw3jv;;Для женщин;"[""https://xcimg.szwego.com/img/f0138068/20260126/i1769396317563_7873_0_0.jpg"", ""https://xcimg.szwego.com/img/f0138068/20260126/i1769396316961_8005_0_1.jpg"", ""https://xcimg.szwego.com/img/f0138068/20260126/i1769396316950_1993_0_2.jpg"", ""https://xcimg.szwego.com/img/f0138068/20260126/i1769396316931_9961_0_3.jpg"", ""https://xcimg.szwego.com/img/f0138068/20260126/i1769396316944_5014_0_4.jpg"", ""https://xcimg.szwego.com/img/f0138068/20260126/i1769396316907_9102_0_5.jpg"", ""https://xcimg.szwego.com/img/f0138068/20260126/i1769396321913_8617_0_6.jpg""]"
_dr2rSZkD6AvJH5YLH8FjohEyMmtrQ89U0vrprlA;;26C早春系列粗花呢套装，浅粉色粗花呢材质，优雅又高级。短款外套+高腰阔腿裤，剪裁利落，修饰身形，轻松打造时尚气场💃 外套SML790¥ 裤子SM L690¥;0;;lrg3k8cd5bgw3jv;;Для женщин;"[""https://xcimg.szwego.com/img/f0138068/20260126/i1769396811831_1059_0_0.jpg"", ""https://xcimg.szwego.com/img/f0138068/20260126/i1769396812193_2689_0_1.jpg"", ""https://xcimg.szwego.com/img/f0138068/20260126/i1769396811832_3004_0_2.jpg"", ""https://xcimg.szwego.com/img/f0138068/20260126/i1769396811833_5275_0_3.jpg"", ""https://xcimg.szwego.com/img/f0138068/20260126/i1769396811832_1270_0_4.jpg"", ""https://xcimg.szwego.com/img/f0138068/20260126/i1769396811832_5474_0_5.jpg""]"
_dsvrSO7ZuY7hOqwZJyGSfT9XoE-qGxSBo965Q2g;;细节图！SM L890¥;0;;lrg3k8cd5bgw3jv;;Для женщин;"[""https://xcimg.szwego.com/img/f0138068/20251225/i1766638962293_4188_0_0.jpg"", ""https://xcimg.szwego.com/img/f0138068/20251225/i1766638962257_7209_0_4.jpg"", ""https://xcimg.szwego.com/img/f0138068/20251225/i1766638962280_7704_0_5.jpg"", ""https://xcimg.szwego.com/img/f0138068/20251225/i1766638973299_1290_0_1.jpg"", ""https://xcimg.szwego.com/img/f0138068/20251225/i1766638949112_147_0_2.jpg"", ""https://xcimg.szwego.com/img/f0138068/20251225/i1766638949112_9016_0_3.jpg"", ""https://xcimg.szwego.com/img/f0138068/20251225/i1766638949112_5070_0_6.jpg"", ""https://xcimg.szwego.com/img/f0138068/20251225/i1766638949112_8805_0_7.jpg"", ""https://xcimg.szwego.com/img/f0138068/20251225/i1766638949111_9284_0_9.jpg""]"
_dusrSSAXEoaJaslIplY4LsqWPt8ri2t5Wy8UADA;;26C早春系列奶油黄粗花呢外套，经典粗花呢材质，柔软又高级。圆领+单排扣设计，袖口和口袋有精致编织捆边，细节满分!奶油黄温柔百搭，配牛仔裤或裙装都超优雅，轻松打造法式名媛风。26C是VirginieViard收官系列，收藏价值高，适合喜欢经典与时尚的姐妹们! SML890💰;0;;lrg3k8cd5bgw3jv;;Для женщин;"[""https://xcimg.szwego.com/img/f0138068/20251225/a1766639226934_6406.jpg"", ""https://xcimg.szwego.com/img/f0138068/20251225/a1766639243336_2842.jpg"", ""https://xcimg.szwego.com/img/f0138068/20251225/a1766639253135_2803.jpg"", ""https://xcimg.szwego.com/img/f0138068/20251225/a1766639226936_3038.jpg"", ""https://xcimg.szwego.com/img/f0138068/20251225/a1766639226933_2008.jpg"", ""https://xcimg.szwego.com/img/f0138068/20251225/a1766639243393_1048.jpg"", ""https://xcimg.szwego.com/img/f0138068/20251225/a1766639243381_4780.jpg"", ""https://xcimg.szwego.com/img/f0138068/20251225/a1766639243451_1777.jpg"", ""https://xcimg.szwego.com/img/f0138068/20251225/a1766639243459_5211.jpg""]"
_drIrScUYYDbHvpQnAz0_wBVcKvknBaiqNhuQMvA;;细节图！SM L880¥;0;;lrg3k8cd5bgw3jv;;Для женщин;"[""https://xcimg.szwego.com/imgHD/f0138068/20251107/cmp_i1762519570338_5109_0_0.jpg"", ""https://xcimg.szwego.com/imgHD/f0138068/20251107/cmp_i1762519570329_5201_0_7.jpg"", ""https://xcimg.szwego.com/imgHD/f0138068/20251107/cmp_i1762519572336_9607_0_1.jpg"", ""https://xcimg.szwego.com/imgHD/f0138068/20251107/cmp_i1762519570331_5330_0_2.jpg"", ""https://xcimg.szwego.com/imgHD/f0138068/20251107/cmp_i1762519570346_3221_0_3.jpg"", ""https://xcimg.szwego.com/imgHD/f0138068/20251107/cmp_i1762519572345_5309_0_4.jpg"", ""https://xcimg.szwego.com/imgHD/f0138068/20251107/cmp_i1762519572347_6398_0_5.jpg"", ""https://xcimg.szwego.com/imgHD/f0138068/20251107/cmp_i1762519572336_4060_0_6.jpg"", ""https://xcimg.szwego.com/imgHD/f0138068/20251107/cmp_i1762519572346_8980_0_9.jpg""]"
_d99rS-sZ0IZ5BuzQOXb8zqhTTPGPxeDjOdZws6A;;25K系列红色粗花呢外套，经典高定级粗花呢材质，混纺米白、酒红纱线，层次感满满 。短款剪裁+白色滚边+金属纽扣，利落优雅。四口袋设计实用，袖口和衣摆手工锁边，细节超精致!搭配高腰裙或裤装都很出彩，节日氛围感拉满，秋冬穿超有气质，是衣橱必备经典单品 SML880💰;0;;lrg3k8cd5bgw3jv;;Для женщин;"[""https://xcimg.szwego.com/imgHD/f0138068/20251108/cmp_a1762566752212_4606.jpg"", ""https://xcimg.szwego.com/imgHD/f0138068/20251108/cmp_a1762566752179_7286.jpg"", ""https://xcimg.szwego.com/imgHD/f0138068/20251108/cmp_a1762566752204_3066.jpg"", ""https://xcimg.szwego.com/imgHD/f0138068/20251108/cmp_a1762566752180_0067.jpg"", ""https://xcimg.szwego.com/imgHD/f0138068/20251108/cmp_a1762566752195_4134.jpg"", ""https://xcimg.szwego.com/imgHD/f0138068/20251108/cmp_a1762566753616_8717.jpg""]"
_daHrS_xMlJ-BKCbhnTta6ehVnpr2GllPV2gNUPw;;细节图！SML490¥;0;;lrg3k8cd5bgw3jv;;Для женщин;"[""https://xcimg.szwego.com/img/f0138068/20251118/i1763425388727_9442_0_0.jpg"", ""https://xcimg.szwego.com/img/f0138068/20251118/i1763425388709_9129_0_5.jpg"", ""https://xcimg.szwego.com/img/f0138068/20251118/i1763425397327_8508_0_1.jpg"", ""https://xcimg.szwego.com/img/f0138068/20251118/i1763425388679_4561_0_2.jpg"", ""https://xcimg.szwego.com/img/f0138068/20251118/i1763425388677_9199_0_3.jpg"", ""https://xcimg.szwego.com/img/f0138068/20251118/i1763425397363_6413_0_4.jpg"", ""https://xcimg.szwego.com/img/f0138068/20251118/i1763425388694_1039_0_6.jpg"", ""https://xcimg.szwego.com/img/f0138068/20251118/i1763425397355_2450_0_7.jpg""]"
_dyJrSqHZDgvcWi3xUpd3PLSI_KRE9Hyf0UPsPfw;;ZP细节图！SML360💰;0;;lrg3k8cd5bgw3jv;;Для женщин;"[""https://xcimg.szwego.com/img/f0138068/20251205/i1764927301005_5772_0_0.jpg"", ""https://xcimg.szwego.com/img/f0138068/20251205/i1764927301140_7587_0_1.jpg"", ""https://xcimg.szwego.com/img/f0138068/20251205/i1764927301096_2040_0_3.jpg"", ""https://xcimg.szwego.com/img/f0138068/20251205/i1764927287607_5368_0_4.jpg"", ""https://xcimg.szwego.com/img/f0138068/20251205/i1764927309545_8534_0_5.jpg"", ""https://xcimg.szwego.com/img/f0138068/20251205/i1764927309568_8940_0_6.jpg"", ""https://xcimg.szwego.com/img/f0138068/20251205/i1764927300968_4544_0_7.jpg"", ""https://xcimg.szwego.com/img/f0138068/20251205/i1764927301064_3844_0_8.jpg"", ""https://xcimg.szwego.com/img/f0138068/20251205/i1764927287659_4370_0_9.jpg""]"
_dsHrSoXsr9m6VsDEPrVVCMFYjVjGA7TkCNhrJkg;;细节图！SML880¥;0;;lrg3k8cd5bgw3jv;;Для женщин;"[""https://xcimg.szwego.com/imgHD/f0138068/20260127/cmp_i1769481441010_4899_0_0.jpg"", ""https://xcimg.szwego.com/imgHD/f0138068/20260127/cmp_i1769481441015_5438_0_1.jpg"", ""https://xcimg.szwego.com/imgHD/f0138068/20260127/cmp_i1769481443947_5424_0_2.jpg"", ""https://xcimg.szwego.com/imgHD/f0138068/20260127/cmp_i1769481441010_8801_0_3.jpg"", ""https://xcimg.szwego.com/imgHD/f0138068/20260127/cmp_i1769481443948_4741_0_4.jpg"", ""https://xcimg.szwego.com/imgHD/f0138068/20260127/cmp_i1769481441022_6019_0_5.jpg"", ""https://xcimg.szwego.com/imgHD/f0138068/20260127/cmp_i1769481441015_2646_0_6.jpg""]"
_dDnrSnbs1KQdY4mJN62eujSuWjf5Bs1JGkEyoaQ;;💜26C系列紫色粗花呢外套，经典粗花呢材质，织入亮片，阳光下微微闪耀✨。短款设计+金属纽扣，优雅又实用，日常或正式场合都能轻松驾驭。紫色调显白，搭配同色系裙装或简约内搭，轻松get高级感穿搭！26C系列是Vivienne Westwood执掌时期的收官之作，收藏价值满满，时尚爱好者必 SML880¥;0;;lrg3k8cd5bgw3jv;;Для женщин;"[""https://xcimg.szwego.com/imgHD/f0138068/20260127/cmp_i1769481225167_7161_0_0.jpg"", ""https://xcimg.szwego.com/imgHD/f0138068/20260127/cmp_i1769481225168_5168_0_1.jpg"", ""https://xcimg.szwego.com/imgHD/f0138068/20260127/cmp_i1769481225208_7251_0_2.jpg"", ""https://xcimg.szwego.com/imgHD/f0138068/20260127/cmp_i1769481225167_8548_0_3.jpg"", ""https://xcimg.szwego.com/imgHD/f0138068/20260127/cmp_i1769481225203_9596_0_4.jpg"", ""https://xcimg.szwego.com/imgHD/f0138068/20260127/cmp_i1769481232149_4933_0_5.jpg"", ""https://xcimg.szwego.com/imgHD/f0138068/20260127/cmp_i1769481238303_7232_0_6.jpg""]"
_dTIrS7av78HETaeUd3kRurSib3hB0rkrtaOV5sA;;细节图！SML490¥;0;;lrg3k8cd5bgw3jv;;Для женщин;"[""https://xcimg.szwego.com/img/f0138068/20251218/i1766029664597_7713_0_0.jpg"", ""https://xcimg.szwego.com/img/f0138068/20251218/i1766029664597_8070_0_3.jpg"", ""https://xcimg.szwego.com/img/f0138068/20251218/i1766029667269_1346_0_1.jpg"", ""https://xcimg.szwego.com/img/f0138068/20251218/i1766029664617_8549_0_2.jpg"", ""https://xcimg.szwego.com/img/f0138068/20251218/i1766029664615_9016_0_4.jpg"", ""https://xcimg.szwego.com/img/f0138068/20251218/i1766029667265_4093_0_5.jpg"", ""https://xcimg.szwego.com/img/f0138068/20251218/i1766029667281_8542_0_7.jpg"", ""https://xcimg.szwego.com/img/f0138068/20251218/i1766029667314_9100_0_8.jpg"", ""https://xcimg.szwego.com/img/f0138068/20251218/i1766029664617_6220_0_6.jpg""]"
_drprS7tI3nmvd7zK60Y5vI9wUEU5gJkAW9qFZrg;;26C白色针织开衫，柔软亲肤，金色条边+双C纽扣超有辨识度。短款设计+两个口袋，实用又优雅，早春通勤，日常都能轻松驾驭。搭配半裙或高腰裤，轻松get法式精致感 SML490💰;0;;lrg3k8cd5bgw3jv;;Для женщин;"[""https://xcimg.szwego.com/img/f0138068/20251218/a1766031228607_3745.jpg"", ""https://xcimg.szwego.com/img/f0138068/20251218/a1766031228817_5845.jpg"", ""https://xcimg.szwego.com/img/f0138068/20251218/a1766031228684_7440.jpg"", ""https://xcimg.szwego.com/img/f0138068/20251218/a1766031228656_7780.jpg"", ""https://xcimg.szwego.com/img/f0138068/20251218/a1766031228452_0107.jpg"", ""https://xcimg.szwego.com/img/f0138068/20251218/a1766031235013_8734.jpg"", ""https://xcimg.szwego.com/img/f0138068/20251218/a1766031234989_0323.jpg"", ""https://xcimg.szwego.com/img/f0138068/20251218/a1766031234892_4364.jpg"", ""https://xcimg.szwego.com/img/f0138068/20251218/a1766031235097_8264.jpg""]"
_diIrStFzcrX3ft9VZIl33YS4yJKr3XXSmobYZ_w;;细节图！SML790¥;0;;lrg3k8cd5bgw3jv;;Для женщин;"[""https://xcimg.szwego.com/imgHD/f0138068/20251024/cmp_i1761274437229_5517_0_0.jpg"", ""https://xcimg.szwego.com/imgHD/f0138068/20251024/cmp_i1761274439910_5995_0_4.jpg"", ""https://xcimg.szwego.com/imgHD/f0138068/20251024/cmp_i1761274437230_3194_0_1.jpg"", ""https://xcimg.szwego.com/imgHD/f0138068/20251024/cmp_i1761274437232_1241_0_2.jpg"", ""https://xcimg.szwego.com/imgHD/f0138068/20251024/cmp_i1761274437242_227_0_3.jpg"", ""https://xcimg.szwego.com/imgHD/f0138068/20251024/cmp_i1761274439909_9788_0_6.jpg"", ""https://xcimg.szwego.com/imgHD/f0138068/20251024/cmp_i1761274437234_1482_0_5.jpg""]"
_dqarSsg1jAOx0SImsSc1NWEyhidxvo4DUIiMmSg;;25S系列混色格纹粗花呢连衣裙，米白+橘色纱线编织，网纱质感超精致!无袖收腰剪裁，优雅显比例，正面纽扣+捆边细节，层次感满满 。内衬桑蚕丝混纺，舒适又有质感。春夏单 穿、秋冬叠穿都OK，通勤、晚宴、看展都能轻松驾驭，是衣柜里的传家宝级单品!SML790¥;0;;lrg3k8cd5bgw3jv;;Для женщин;"[""https://xcimg.szwego.com/imgHD/f0138068/20251024/cmp_i1761274011263_8529_0_0.jpg"", ""https://xcimg.szwego.com/imgHD/f0138068/20251024/cmp_i1761274011292_3846_0_1.jpg"", ""https://xcimg.szwego.com/imgHD/f0138068/20251024/cmp_i1761274011262_2679_0_2.jpg"", ""https://xcimg.szwego.com/imgHD/f0138068/20251024/cmp_i1761274011515_7724_0_3.jpg"", ""https://xcimg.szwego.com/imgHD/f0138068/20251024/cmp_i1761274011262_8997_0_5.jpg"", ""https://xcimg.szwego.com/imgHD/f0138068/20251024/cmp_i1761274011260_1486_0_4.jpg""]"
_dvVrSMRpjltaUZh9Z2Loz9Z3lKcINcL5l9uQLbQ;;细节图！SML350¥;0;;lrg3k8cd5bgw3jv;;Для женщин;"[""https://xcimg.szwego.com/img/f0138068/20260110/i1768014519804_3623_0_0.jpg"", ""https://xcimg.szwego.com/img/f0138068/20260110/i1768014520779_1978_0_5.jpg"", ""https://xcimg.szwego.com/img/f0138068/20260110/i1768014519773_1091_0_1.jpg"", ""https://xcimg.szwego.com/img/f0138068/20260110/i1768014520807_9866_0_2.jpg"", ""https://xcimg.szwego.com/img/f0138068/20260110/i1768014519832_5971_0_3.jpg"", ""https://xcimg.szwego.com/img/f0138068/20260110/i1768014519847_8608_0_4.jpg"", ""https://xcimg.szwego.com/img/f0138068/20260110/i1768014520807_8901_0_6.jpg"", ""https://xcimg.szwego.com/img/f0138068/20260110/i1768014520779_2179_0_7.jpg"", ""https://xcimg.szwego.com/img/f0138068/20260110/i1768014519899_1582_0_8.jpg""]"
_deSrSCQ-yzwf0OL6OpQB1JHVbvMMPnNRCmUvgaA;;细节图！SML760¥;0;;lrg3k8cd5bgw3jv;;Для женщин;"[""https://xcimg.szwego.com/img/f0138068/20251222/i1766367131823_6323_0_0.jpg"", ""https://xcimg.szwego.com/img/f0138068/20251222/i1766367132810_1023_0_1.jpg"", ""https://xcimg.szwego.com/img/f0138068/20251222/i1766367131823_5085_0_2.jpg"", ""https://xcimg.szwego.com/img/f0138068/20251222/i1766367131823_9726_0_3.jpg"", ""https://xcimg.szwego.com/img/f0138068/20251222/i1766367132797_4781_0_4.jpg"", ""https://xcimg.szwego.com/img/f0138068/20251222/i1766367132791_3453_0_5.jpg"", ""https://xcimg.szwego.com/img/f0138068/20251222/i1766367131823_6409_0_6.jpg"", ""https://xcimg.szwego.com/img/f0138068/20251222/i1766367131823_1338_0_8.jpg"", ""https://xcimg.szwego.com/img/f0138068/20251222/i1766367132779_3773_0_7.jpg""]"
_dxZrSdmT8sQlMBtGBI3pN5mQD41SiE6AnvoeJBA;;开衫细节图！SML530¥;0;;lrg3k8cd5bgw3jv;;Для женщин;"[""https://xcimg.szwego.com/img/f0138068/20251225/i1766641155039_1987_0_0.jpg"", ""https://xcimg.szwego.com/img/f0138068/20251225/i1766641143326_6951_0_1.jpg"", ""https://xcimg.szwego.com/img/f0138068/20251225/i1766641154881_1583_0_2.jpg"", ""https://xcimg.szwego.com/img/f0138068/20251225/i1766641155070_1038_0_3.jpg"", ""https://xcimg.szwego.com/img/f0138068/20251225/i1766641154990_1644_0_4.jpg"", ""https://xcimg.szwego.com/img/f0138068/20251225/i1766641155071_7965_0_5.jpg"", ""https://xcimg.szwego.com/img/f0138068/20251225/i1766641143294_4410_0_6.jpg"", ""https://xcimg.szwego.com/img/f0138068/20251225/i1766641143299_3807_0_8.jpg"", ""https://xcimg.szwego.com/img/f0138068/20251225/i1766641143156_8959_0_7.jpg""]"
_dvsrSFYH7lZPkTpLxfkOZfrC2cah0NPOY8JI-lQ;;细节图！SML520¥;0;;lrg3k8cd5bgw3jv;;Для женщин;"[""https://xcimg.szwego.com/img/f0138068/20260103/i1767407971788_6530_0_0.jpg"", ""https://xcimg.szwego.com/img/f0138068/20260103/i1767407971800_2929_0_6.jpg"", ""https://xcimg.szwego.com/img/f0138068/20260103/i1767407971813_9430_0_1.jpg"", ""https://xcimg.szwego.com/img/f0138068/20260103/i1767407972394_1399_0_2.jpg"", ""https://xcimg.szwego.com/img/f0138068/20260103/i1767407971724_6180_0_3.jpg"", ""https://xcimg.szwego.com/img/f0138068/20260103/i1767407972397_7332_0_4.jpg"", ""https://xcimg.szwego.com/img/f0138068/20260103/i1767407972453_8742_0_5.jpg"", ""https://xcimg.szwego.com/img/f0138068/20260103/i1767407971811_7320_0_7.jpg""]"
_dp8rSLkrLf00mVIJVZqGwK9N5UiZDyWIhIdw2tA;;细节图！SML520¥;0;;lrg3k8cd5bgw3jv;;Для женщин;"[""https://xcimg.szwego.com/img/f0138068/20260103/i1767407947997_9405_0_0.jpg"", ""https://xcimg.szwego.com/img/f0138068/20260103/i1767407948545_8756_0_1.jpg"", ""https://xcimg.szwego.com/img/f0138068/20260103/i1767407948526_4818_0_2.jpg"", ""https://xcimg.szwego.com/img/f0138068/20260103/i1767407947979_4844_0_3.jpg"", ""https://xcimg.szwego.com/img/f0138068/20260103/i1767407948004_8683_0_4.jpg"", ""https://xcimg.szwego.com/img/f0138068/20260103/i1767407947954_7805_0_5.jpg"", ""https://xcimg.szwego.com/img/f0138068/20260103/i1767407948011_1130_0_6.jpg""]"
_dl6rSxJz1KsW8gKWnHi2xwsA-7DPAyamBFU5UlQ;;细节图！SML620¥;0;;lrg3k8cd5bgw3jv;;Для женщин;"[""https://xcimg.szwego.com/img/f0138068/20251219/i1766158339131_6887_0_0.jpg"", ""https://xcimg.szwego.com/img/f0138068/20251219/i1766158339108_8151_0_3.jpg"", ""https://xcimg.szwego.com/img/f0138068/20251219/i1766158339910_3228_0_2.jpg"", ""https://xcimg.szwego.com/img/f0138068/20251219/i1766158339366_285_0_4.jpg"", ""https://xcimg.szwego.com/img/f0138068/20251219/i1766158339323_7109_0_5.jpg"", ""https://xcimg.szwego.com/img/f0138068/20251219/i1766158339131_1471_0_6.jpg"", ""https://xcimg.szwego.com/img/f0138068/20251219/i1766158320713_6037_0_6.jpg""]"
_dh5rSnhk9tSBLXQiBtFm8GpmgYlvi3kj984wCYg;;细节图！SML530¥;0;;lrg3k8cd5bgw3jv;;Для женщин;"[""https://xcimg.szwego.com/img/f0138068/20251219/i1766158320042_5767_0_0.jpg"", ""https://xcimg.szwego.com/img/f0138068/20251219/i1766158320061_7524_0_2.jpg"", ""https://xcimg.szwego.com/img/f0138068/20251219/i1766158320024_7952_0_1.jpg"", ""https://xcimg.szwego.com/img/f0138068/20251219/i1766158320719_1817_0_3.jpg"", ""https://xcimg.szwego.com/img/f0138068/20251219/i1766158320023_632_0_4.jpg"", ""https://xcimg.szwego.com/img/f0138068/20251219/i1766158319931_7874_0_5.jpg"", ""https://xcimg.szwego.com/img/f0138068/20251219/i1766158320713_6037_0_6.jpg""]"
_dwrrSN8jVBpygTZ-8ldbxzdYJ_5IlqjaRwk7PPw;;细节图！SML620¥;0;;lrg3k8cd5bgw3jv;;Для женщин;"[""https://xcimg.szwego.com/img/f0138068/20251219/i1766158216350_2164_0_1.jpg"", ""https://xcimg.szwego.com/img/f0138068/20251219/i1766158216349_7353_0_2.jpg"", ""https://xcimg.szwego.com/img/f0138068/20251219/i1766158215720_5064_0_3.jpg"", ""https://xcimg.szwego.com/img/f0138068/20251219/i1766158215713_680_0_4.jpg"", ""https://xcimg.szwego.com/img/f0138068/20251219/i1766158215738_6969_0_5.jpg"", ""https://xcimg.szwego.com/img/f0138068/20251219/i1766158216362_9663_0_6.jpg"", ""https://xcimg.szwego.com/img/f0138068/20251219/i1766158215760_4700_0_8.jpg"", ""https://xcimg.szwego.com/img/f0138068/20251219/i1766158215757_9093_0_0.jpg"", ""https://xcimg.szwego.com/img/f0138068/20251219/i1766158216310_3143_0_7.jpg""]"
_dfNrSVG6DEVZpEDv8FX5_EX93vjNSzDrd9M4oVg;;细节图！SML530¥;0;;lrg3k8cd5bgw3jv;;Для женщин;"[""https://xcimg.szwego.com/img/f0138068/20251219/i1766158171859_449_0_0.jpg"", ""https://xcimg.szwego.com/img/f0138068/20251219/i1766158171195_2598_0_8.jpg"", ""https://xcimg.szwego.com/img/f0138068/20251219/i1766158171867_2812_0_3.jpg"", ""https://xcimg.szwego.com/img/f0138068/20251219/i1766158171188_8268_0_1.jpg"", ""https://xcimg.szwego.com/img/f0138068/20251219/i1766158171795_1481_0_2.jpg"", ""https://xcimg.szwego.com/img/f0138068/20251219/i1766158171174_4542_0_5.jpg"", ""https://xcimg.szwego.com/img/f0138068/20251219/i1766158171875_1830_0_6.jpg"", ""https://xcimg.szwego.com/img/f0138068/20251219/i1766158171196_8821_0_7.jpg""]"
_dmgrSooJrpSYfh71YOUtkfIJMyLJVW6ol8uazFQ;;26C早春度假系列镂空针织套装，包含上衣和长裤，白色镂空针织材质，轻盈透气，度假氛围感满满 。上衣娃娃领+腰带设计，优雅又显身材，长裤宽松舒适，日常或度假都很适合。镂空工艺精致，柔软亲肤，穿着体验超赞!26C系列是换设计师前的最后一季，收藏价值高！ 上衣SML620💰 长裤SML530💰;0;;lrg3k8cd5bgw3jv;;Для женщин;"[""https://xcimg.szwego.com/img/f0138068/20251220/a1766198425700_1373.jpg"", ""https://xcimg.szwego.com/img/f0138068/20251220/a1766198425784_7101.jpg"", ""https://xcimg.szwego.com/img/f0138068/20251220/a1766198425740_4526.jpg"", ""https://xcimg.szwego.com/img/f0138068/20251220/a1766198425544_5070.jpg"", ""https://xcimg.szwego.com/img/f0138068/20251220/a1766198426554_5636.jpg"", ""https://xcimg.szwego.com/img/f0138068/20251220/a1766198426516_4878.jpg"", ""https://xcimg.szwego.com/img/f0138068/20251220/a1766198425800_2321.jpg""]"
_d9HrSktjsMf3q4Ae-8l0JX-qdqsY8DNPkf44iZQ;;细节图！SML980¥;0;;lrg3k8cd5bgw3jv;;Для женщин;"[""https://xcimg.szwego.com/imgHD/f0138068/20260131/cmp_i1769826857274_4596_0_0.jpg"", ""https://xcimg.szwego.com/imgHD/f0138068/20260131/cmp_i1769826857274_5272_0_1.jpg"", ""https://xcimg.szwego.com/imgHD/f0138068/20260131/cmp_i1769826857270_4999_0_2.jpg"", ""https://xcimg.szwego.com/imgHD/f0138068/20260131/cmp_i1769826857271_6473_0_3.jpg"", ""https://xcimg.szwego.com/imgHD/f0138068/20260131/cmp_i1769826857281_3175_0_4.jpg"", ""https://xcimg.szwego.com/imgHD/f0138068/20260131/cmp_i1769826859276_8127_0_5.jpg"", ""https://xcimg.szwego.com/imgHD/f0138068/20260131/cmp_i1769826859264_4504_0_6.jpg"", ""https://xcimg.szwego.com/imgHD/f0138068/20260131/cmp_i1769826859261_9900_0_7.jpg"", ""https://xcimg.szwego.com/imgHD/f0138068/20260131/cmp_i1769826859275_434_0_8.jpg""]"
_dwgrSjBFkijNnipdGQ0irdE6WIcu1GOx_Mqngmg;;珠光宝气💎 贵气焊在身上 谁懂啊～穿上直接化身豪门晚宴女主角！;0;;lrg3k8cd5bgw3jv;;Для женщин;"[""https://xcimg.szwego.com/img/f0138068/20260131/a1769827248686_3286.jpg"", ""https://xcimg.szwego.com/img/f0138068/20260131/a1769827248619_7186.jpg"", ""https://xcimg.szwego.com/img/f0138068/20260131/a1769827248629_8385.jpg"", ""https://xcimg.szwego.com/img/f0138068/20260131/a1769827316264_4771.jpg"", ""https://xcimg.szwego.com/img/f0138068/20260131/a1769827248759_5246.jpg"", ""https://xcimg.szwego.com/img/f0138068/20260131/a1769827248859_0126.jpg"", ""https://xcimg.szwego.com/img/f0138068/20260131/a1769827249645_0808.jpg""]"
_djvrSegwEwihiN95FdLYsdGpS7Mwh9C_1TW3ABQ;;细节图！SML340¥;0;;lrg3k8cd5bgw3jv;;Для женщин;"[""https://xcimg.szwego.com/img/f0138068/20260104/i1767524191735_9163_0_0.jpg"", ""https://xcimg.szwego.com/img/f0138068/20260104/i1767524191735_5086_0_1.jpg"", ""https://xcimg.szwego.com/img/f0138068/20260104/i1767524191735_8706_0_2.jpg"", ""https://xcimg.szwego.com/img/f0138068/20260104/i1767524195912_2333_0_3.jpg"", ""https://xcimg.szwego.com/img/f0138068/20260104/i1767524191735_8696_0_4.jpg"", ""https://xcimg.szwego.com/img/f0138068/20260104/i1767524191735_9419_0_5.jpg""]"
_dyFrSKkdYXMdW9v7Fia2bEEpsOsOVwzcX066GPw;;💙26早春新品灰蓝色羊绒针织衫，亨利领+三颗纽扣设计，简约又精致✨灰蓝色低调百搭，通勤日常都能轻松驾驭。 SML340💰;0;;lrg3k8cd5bgw3jv;;Для женщин;"[""https://xcimg.szwego.com/img/f0138068/20260105/a1767585109812_4728.jpg"", ""https://xcimg.szwego.com/img/f0138068/20260105/a1767585109709_4205.jpg"", ""https://xcimg.szwego.com/img/f0138068/20260113/a1768288294643_2051.jpg"", ""https://xcimg.szwego.com/img/f0138068/20260113/a1768288284132_8038.jpg"", ""https://xcimg.szwego.com/img/f0138068/20260113/a1768288284135_1831.jpg"", ""https://xcimg.szwego.com/img/f0138068/20260105/a1767585109807_2700.jpg""]"
_dnTrSdXMY8UeH6Kuv8t8KOQboMBCdFguIG9XUUg;;细节图！ 外套SML450¥ 短裤SML290¥;0;;lrg3k8cd5bgw3jv;;Для женщин;"[""https://xcimg.szwego.com/img/f0138068/20260113/i1768271433058_4999_0_0.jpg"", ""https://xcimg.szwego.com/img/f0138068/20260113/i1768271432261_8099_0_4.jpg"", ""https://xcimg.szwego.com/img/f0138068/20260113/i1768271433023_348_0_1.jpg"", ""https://xcimg.szwego.com/img/f0138068/20260113/i1768271432241_3648_0_2.jpg"", ""https://xcimg.szwego.com/img/f0138068/20260113/i1768271433067_1322_0_3.jpg"", ""https://xcimg.szwego.com/img/f0138068/20260113/i1768271432240_6122_0_5.jpg"", ""https://xcimg.szwego.com/img/f0138068/20260113/i1768271432259_5271_0_6.jpg"", ""https://xcimg.szwego.com/img/f0138068/20260113/i1768271432264_7989_0_7.jpg"", ""https://xcimg.szwego.com/img/f0138068/20260113/i1768271433077_9669_0_8.jpg""]"
_dw4rSWLFxww9Lmj-JusI5ygchmM0qx-gSVwnh9g;;26早春新款豆绿色连帽卫衣+抽绳短裤，柔软棉质超舒服，日常穿搭无压力！卫衣拉链设计+胸前品牌刺绣，细节满分，抽绳是编织材质，复古感拉满🧶。短裤同色系，抽绳可调节，宽松版型超显慵懒氛围～整体低饱和棕色，百搭又显白，叠穿或单穿都很出彩，轻松get时髦休 外套SML450💰 短裤SML290💰;0;;lrg3k8cd5bgw3jv;;Для женщин;"[""https://xcimg.szwego.com/img/f0138068/20260113/a1768272377057_3071.jpg"", ""https://xcimg.szwego.com/img/f0138068/20260113/a1768272377108_8222.jpg"", ""https://xcimg.szwego.com/img/f0138068/20260113/a1768272377097_8834.jpg"", ""https://xcimg.szwego.com/img/f0138068/20260113/a1768272377126_7610.jpg"", ""https://xcimg.szwego.com/img/f0138068/20260113/a1768272377086_7312.jpg"", ""https://xcimg.szwego.com/img/f0138068/20260113/a1768272377916_2223.jpg"", ""https://xcimg.szwego.com/img/f0138068/20260113/a1768272378124_6130.jpg"", ""https://xcimg.szwego.com/img/f0138068/20260113/a1768272378210_1040.jpg""]"
_doerSBZYB5UG9zi-nMD_3gFuYkflIR1KIq0S5IQ;;ZP细节图！SML200¥;0;;lrg3k8cd5bgw3jv;;Для женщин;"[""https://xcimg.szwego.com/img/f0138068/20260116/i1768556024262_3850_0_0.jpg"", ""https://xcimg.szwego.com/img/f0138068/20260116/i1768556024277_8915_0_1.jpg"", ""https://xcimg.szwego.com/img/f0138068/20260116/i1768556024274_1703_0_2.jpg"", ""https://xcimg.szwego.com/img/f0138068/20260116/i1768556024253_7493_0_3.jpg"", ""https://xcimg.szwego.com/img/f0138068/20260116/i1768556024289_3726_0_4.jpg"", ""https://xcimg.szwego.com/img/f0138068/20260116/i1768556025443_8904_0_5.jpg""]"
_dyRrS0oP6axKpXryPx60zzPN2LQXAzdQRxFxQJQ;;细节图！SML340¥;0;;lrg3k8cd5bgw3jv;;Для женщин;"[""https://xcimg.szwego.com/img/f0138068/20260117/i1768618177641_8897_0_0.jpg"", ""https://xcimg.szwego.com/img/f0138068/20260117/i1768618177654_1632_0_1.jpg"", ""https://xcimg.szwego.com/img/f0138068/20260117/i1768618177655_3140_0_2.jpg"", ""https://xcimg.szwego.com/img/f0138068/20260117/i1768618182220_6327_0_4.jpg"", ""https://xcimg.szwego.com/img/f0138068/20260117/i1768618177675_8192_0_5.jpg"", ""https://xcimg.szwego.com/img/f0138068/20260117/i1768618177677_7500_0_6.jpg"", ""https://xcimg.szwego.com/img/f0138068/20260117/i1768618182225_9927_0_3.jpg""]"
_dvBrS5TGkb5_uKr5hBdgY0O_SuzUWxiH_kPdY2w;;💙26早春系列克莱因蓝衬衣，府绸材质柔软有型，贴身穿超舒适！多口袋设计超实用，胸前黑色刺绣Logo辨识度满分✨。克莱因蓝高饱和度，显肤色又吸睛，男女都能轻松驾驭，工装风+少年感，搭配牛仔裤或短裤都很出彩，日常休闲、街头风都能hold住！ SML340¥;0;;lrg3k8cd5bgw3jv;;Для женщин;"[""https://xcimg.szwego.com/img/f0138068/20260117/i1768618073523_4465_0_0.jpg"", ""https://xcimg.szwego.com/img/f0138068/20260117/i1768618073523_5705_0_1.jpg"", ""https://xcimg.szwego.com/img/f0138068/20260117/i1768618074959_8918_0_2.jpg"", ""https://xcimg.szwego.com/img/f0138068/20260117/i1768618073524_1291_0_3.jpg"", ""https://xcimg.szwego.com/img/f0138068/20260117/i1768618073526_9701_0_4.jpg"", ""https://xcimg.szwego.com/img/f0138068/20260117/i1768618073527_5175_0_5.jpg""]"
_d-2rS9ZvOlLHksA7-5Xd2FPSBybQ7FHhGmEQPBg;;细节图！SM L1100¥;0;;lrg3k8cd5bgw3jv;;Для женщин;"[""https://xcimg.szwego.com/imgHD/f0138068/20250817/cmp_i1755439384159_317_0_0.jpg"", ""https://xcimg.szwego.com/imgHD/f0138068/20250817/cmp_i1755439385143_9400_0_1.jpg"", ""https://xcimg.szwego.com/imgHD/f0138068/20250817/cmp_i1755439474934_4125_0_2.jpg"", ""https://xcimg.szwego.com/imgHD/f0138068/20250817/cmp_i1755439466677_927_0_3.jpg"", ""https://xcimg.szwego.com/imgHD/f0138068/20250817/cmp_i1755439384672_2446_0_4.jpg"", ""https://xcimg.szwego.com/imgHD/f0138068/20250817/cmp_i1755439410497_1594_0_5.jpg"", ""https://xcimg.szwego.com/imgHD/f0138068/20250817/cmp_i1755439465581_8843_0_6.jpg"", ""https://xcimg.szwego.com/imgHD/f0138068/20250817/cmp_i1755439384616_7315_0_7.jpg"", ""https://xcimg.szwego.com/imgHD/f0138068/20250817/cmp_i1755439384688_5268_0_8.jpg""]"
_ddWrSJYM6nrrSTW9yWBANh30fkAG-2g0LMReklw;;细节图！SM L980¥;0;;lrg3k8cd5bgw3jv;;Для женщин;"[""https://xcimg.szwego.com/imgHD/f0138068/20251107/cmp_i1762519536242_7859_0_0.jpg"", ""https://xcimg.szwego.com/imgHD/f0138068/20251107/cmp_i1762519533428_8099_0_3.jpg"", ""https://xcimg.szwego.com/imgHD/f0138068/20251107/cmp_i1762519536250_8714_0_1.jpg"", ""https://xcimg.szwego.com/imgHD/f0138068/20251107/cmp_i1762519533428_1681_0_2.jpg"", ""https://xcimg.szwego.com/imgHD/f0138068/20251107/cmp_i1762519533428_2706_0_4.jpg"", ""https://xcimg.szwego.com/imgHD/f0138068/20251107/cmp_i1762519533428_4379_0_5.jpg"", ""https://xcimg.szwego.com/imgHD/f0138068/20251107/cmp_i1762519536253_1290_0_7.jpg"", ""https://xcimg.szwego.com/imgHD/f0138068/20251107/cmp_i1762519536240_7375_0_8.jpg"", ""https://xcimg.szwego.com/imgHD/f0138068/20251107/cmp_i1762519533428_2374_0_6.jpg""]"
_dgqrSufD9DA-Fx-c0aIh2ax1lSCtxISGaiELIFA;;25K黑色格纹立领外套，经典粗花呢，低调奢华。立领+缎带蝴蝶结，细节满分，优雅又酷飒!收腰版型，秋冬叠穿或单穿都很出彩，通勤、聚会都能轻松驾驭。袖口和后背缎带呼应，有层次感，是本季热门单品，时髦精必入! SML980💰;0;;lrg3k8cd5bgw3jv;;Для женщин;"[""https://xcimg.szwego.com/imgHD/f0138068/20251108/a1762564108913_5187.jpg"", ""https://xcimg.szwego.com/imgHD/f0138068/20251108/a1762564110118_4087.jpg"", ""https://xcimg.szwego.com/imgHD/f0138068/20251108/a1762564108924_8740.jpg"", ""https://xcimg.szwego.com/imgHD/f0138068/20251108/cmp_a1762564501802_1470.jpg"", ""https://xcimg.szwego.com/imgHD/f0138068/20251108/cmp_a1762564501801_3655.jpg"", ""https://xcimg.szwego.com/imgHD/f0138068/20251108/cmp_a1762564501805_2028.jpg"", ""https://xcimg.szwego.com/imgHD/f0138068/20251108/a1762564108908_6468.jpg""]"
_dqPrS7tfPsBNCvocfizfvuef4m_OAJgX1ax7AyQ;;细节图！SML490¥;0;;lrg3k8cd5bgw3jv;;Для женщин;"[""https://xcimg.szwego.com/img/f0138068/20251227/i1766802645254_2826_0_0.jpg"", ""https://xcimg.szwego.com/img/f0138068/20251227/i1766802644583_8777_0_1.jpg"", ""https://xcimg.szwego.com/img/f0138068/20251227/i1766802644614_4397_0_2.jpg"", ""https://xcimg.szwego.com/img/f0138068/20251227/i1766802644601_5291_0_3.jpg"", ""https://xcimg.szwego.com/img/f0138068/20251227/i1766802644607_1278_0_4.jpg"", ""https://xcimg.szwego.com/img/f0138068/20251227/i1766802644566_4554_0_5.jpg"", ""https://xcimg.szwego.com/img/f0138068/20251227/i1766802645234_8055_0_6.jpg""]"
_dgarSZxWK6giE1MGOntsvGkNLW4iM1SS1fjiWfw;;26C早春系列黑白花边毛巾开衫，柔软毛巾料，黑白拼色+花边设计，简约优雅落肩七分袖，波浪领口，珍珠纽扣点缀，细节满分!日常通勤，度假都能轻松驾驭！SML490💰;0;;lrg3k8cd5bgw3jv;;Для женщин;"[""https://xcimg.szwego.com/img/f0138068/20251227/a1766803550461_7553.jpg"", ""https://xcimg.szwego.com/img/f0138068/20251227/a1766803550488_0456.jpg"", ""https://xcimg.szwego.com/img/f0138068/20251227/a1766803550354_1800.jpg"", ""https://xcimg.szwego.com/img/f0138068/20251227/a1766803550385_2128.jpg"", ""https://xcimg.szwego.com/img/f0138068/20251227/a1766803550606_2542.jpg"", ""https://xcimg.szwego.com/img/f0138068/20251227/a1766803551393_6427.jpg"", ""https://xcimg.szwego.com/img/f0138068/20251227/a1766803551394_2561.jpg""]"
_dtCrSxmqay1QDLKkupmVNH_HEKMXDsfSRTl_fhQ;;细节图！SML490¥;0;;lrg3k8cd5bgw3jv;;Для женщин;"[""https://xcimg.szwego.com/img/f0138068/20251231/i1767152581790_6392_0_0.jpg"", ""https://xcimg.szwego.com/img/f0138068/20251231/i1767152580965_6270_0_1.jpg"", ""https://xcimg.szwego.com/img/f0138068/20251231/i1767152581787_4160_0_2.jpg"", ""https://xcimg.szwego.com/img/f0138068/20251231/i1767152580770_329_0_3.jpg"", ""https://xcimg.szwego.com/img/f0138068/20251231/i1767152580956_4068_0_4.jpg"", ""https://xcimg.szwego.com/img/f0138068/20251231/i1767152581790_154_0_5.jpg"", ""https://xcimg.szwego.com/img/f0138068/20251231/i1767152580971_2722_0_6.jpg"", ""https://xcimg.szwego.com/img/f0138068/20251231/i1767152581004_286_0_7.jpg""]"
_dx0rSqwYTQDiK3M8tFWSZrPmlu7kaEpnXo92kkg;;26C高级手工坊系列 撞色花边领蓝色针织开衫 S ML490¥;0;;lrg3k8cd5bgw3jv;;Для женщин;"[""https://xcimg.szwego.com/img/f0138068/20251231/i1767152420434_7562_0_0.jpg"", ""https://xcimg.szwego.com/img/f0138068/20251231/i1767152420020_1947_0_1.jpg"", ""https://xcimg.szwego.com/img/f0138068/20251231/i1767152420020_7534_0_2.jpg"", ""https://xcimg.szwego.com/img/f0138068/20251231/i1767152420169_5727_0_3.jpg"", ""https://xcimg.szwego.com/img/f0138068/20251231/i1767152420432_6322_0_4.jpg"", ""https://xcimg.szwego.com/img/f0138068/20251231/i1767152420020_99_0_5.jpg"", ""https://xcimg.szwego.com/img/f0138068/20251231/i1767152420020_1505_0_6.jpg""]"
_dpUrSRKyXQqN9P6-JrbKFQQF7VBpp2mENzCSGjg;;开衫细节图！SML530¥;0;;lrg3k8cd5bgw3jv;;Для женщин;"[""https://xcimg.szwego.com/img/f0138068/20251225/i1766640801503_3612_0_0.jpg"", ""https://xcimg.szwego.com/img/f0138068/20251225/i1766640798605_8728_0_1.jpg"", ""https://xcimg.szwego.com/img/f0138068/20251225/i1766640798600_6397_0_2.jpg"", ""https://xcimg.szwego.com/img/f0138068/20251225/i1766640798581_5852_0_3.jpg"", ""https://xcimg.szwego.com/img/f0138068/20251225/i1766640798564_7058_0_4.jpg"", ""https://xcimg.szwego.com/img/f0138068/20251225/i1766640801522_1829_0_5.jpg"", ""https://xcimg.szwego.com/img/f0138068/20251225/i1766640801498_5623_0_6.jpg"", ""https://xcimg.szwego.com/img/f0138068/20251225/i1766640798602_6932_0_8.jpg"", ""https://xcimg.szwego.com/img/f0138068/20251225/i1766640801480_4476_0_7.jpg""]"
_dmMrSq4pq6PRqM4r3Mj4IKNvqR54yYy5vBf_Rwg;;25凯旋门白色垂巾领衬衫 将法式优雅体现的淋漓尽致 超大垂巾领衬衫随性且不失优 外套可搭配西装或大衣🧥 街拍示范模版搭配[斜眼R] 再加注入法式时尚灵魂时的凯旋门👛 这不就是巴黎街头最特别的一抹风景 SML530💰;0;;lrg3k8cd5bgw3jv;;Для женщин;"[""https://xcimg.szwego.com/img/f0138068/20251215/a1765771649638_7381.jpg"", ""https://xcimg.szwego.com/img/f0138068/20251215/a1765771649711_5125.jpg"", ""https://xcimg.szwego.com/img/f0138068/20251215/a1765771649727_8710.jpg"", ""https://xcimg.szwego.com/img/f0138068/20251215/a1765771649731_4331.jpg"", ""https://xcimg.szwego.com/img/f0138068/20251215/a1765771649730_1457.jpg"", ""https://xcimg.szwego.com/img/f0138068/20251215/a1765771660715_4734.jpg"", ""https://xcimg.szwego.com/img/f0138068/20251215/a1765771660800_3880.jpg""]"
_dnArSJVGCfiF1l8NjFjFEkRbzaVZTA-VuxW_yNQ;;米白细节图！SML490¥;0;;lrg3k8cd5bgw3jv;;Для женщин;"[""https://xcimg.szwego.com/imgHD/f0138068/20251014/cmp_i1760410153439_8472_0_0.jpg"", ""https://xcimg.szwego.com/imgHD/f0138068/20251014/cmp_i1760410171527_1176_0_1.jpg"", ""https://xcimg.szwego.com/imgHD/f0138068/20251014/cmp_i1760410153076_129_0_2.jpg"", ""https://xcimg.szwego.com/imgHD/f0138068/20251014/cmp_i1760410156410_3505_0_3.jpg"", ""https://xcimg.szwego.com/imgHD/f0138068/20251014/cmp_i1760410153036_3680_0_4.jpg"", ""https://xcimg.szwego.com/imgHD/f0138068/20251014/cmp_i1760410153048_6623_0_5.jpg"", ""https://xcimg.szwego.com/imgHD/f0138068/20251014/cmp_i1760410153429_9976_0_6.jpg"", ""https://xcimg.szwego.com/imgHD/f0138068/20251014/cmp_i1760410156221_8405_0_7.jpg""]"
_deBrSeAeB2bwN7LP0A3s-xYctjJ-oAqiim8xTLQ;;黑色细节图！SML490¥;0;;lrg3k8cd5bgw3jv;;Для женщин;"[""https://xcimg.szwego.com/imgHD/f0138068/20251014/cmp_i1760409249509_6320_0_0.jpg"", ""https://xcimg.szwego.com/imgHD/f0138068/20251014/cmp_i1760409249497_8906_0_1.jpg"", ""https://xcimg.szwego.com/imgHD/f0138068/20251014/cmp_i1760409256451_6957_0_2.jpg"", ""https://xcimg.szwego.com/imgHD/f0138068/20251014/cmp_i1760409248739_2284_0_3.jpg"", ""https://xcimg.szwego.com/imgHD/f0138068/20251014/cmp_i1760409248876_1063_0_4.jpg"", ""https://xcimg.szwego.com/imgHD/f0138068/20251014/cmp_i1760409256056_3930_0_5.jpg"", ""https://xcimg.szwego.com/imgHD/f0138068/20251014/cmp_i1760409249512_1665_0_6.jpg""]"
_ds-rSaAMaWM9RT17tfxmjAQH82KOZCAxH7mXRVA;;25K系列蝴蝶结针织开衫，黑色羊绒材质，柔软又保暖，秋冬穿超合适!袖口蝴蝶结+珍珠纽扣，法式优雅感拉满。七分袖设计，日常通勤或正式场合都能轻松驾驭25K系列主打蝴蝶结元素，少女感与经典气质兼具，是本季热门单品之一黑色 白色 SML490¥;0;;lrg3k8cd5bgw3jv;;Для женщин;"[""https://xcimg.szwego.com/imgHD/f0138068/20251014/cmp_i1760408849954_6312_0_0.jpg"", ""https://xcimg.szwego.com/imgHD/f0138068/20251014/cmp_i1760408850625_2457_0_1.jpg"", ""https://xcimg.szwego.com/imgHD/f0138068/20251014/cmp_i1760408849954_1051_0_2.jpg"", ""https://xcimg.szwego.com/imgHD/f0138068/20251014/cmp_i1760408850625_3098_0_3.jpg"", ""https://xcimg.szwego.com/imgHD/f0138068/20251014/cmp_i1760408849953_9263_0_4.jpg"", ""https://xcimg.szwego.com/imgHD/f0138068/20251014/cmp_i1760408849954_3182_0_5.jpg"", ""https://xcimg.szwego.com/imgHD/f0138068/20251014/cmp_i1760408850625_8739_0_6.jpg"", ""https://xcimg.szwego.com/imgHD/f0138068/20251014/cmp_i1760408849954_487_0_7.jpg"", ""https://xcimg.szwego.com/imgHD/f0138068/20251014/cmp_i1760408850624_8945_0_8.jpg""]"
_dvRrSL0oEMCU_DuD6goWd01y_YVZ_ki94pxeAEw;;25新款破洞Logo假两件长袖T恤，深蓝色主调+胸前大Logo，辨识度超高!棉质面料柔软舒适，宽松版型超显松弛感，随便搭牛仔裤or休闲裤都很有型。破洞设计超有个性，适合追求独特风格的姐妹们 SML230💰;0;;lrg3k8cd5bgw3jv;;Для женщин;"[""https://xcimg.szwego.com/img/f0138068/20251206/a1764987876809_7247.jpg"", ""https://xcimg.szwego.com/img/f0138068/20251206/a1764987876793_5870.jpg"", ""https://xcimg.szwego.com/img/f0138068/20251206/a1764987876867_1506.jpg"", ""https://xcimg.szwego.com/img/f0138068/20251206/a1764987876842_1361.jpg"", ""https://xcimg.szwego.com/img/f0138068/20251206/a1764987876793_5420.jpg"", ""https://xcimg.szwego.com/img/f0138068/20251206/a1764987879744_4316.jpg"", ""https://xcimg.szwego.com/img/f0138068/20251206/a1764987879691_4830.jpg""]"
_dgDrSJFJvzQxEE8Yr0qwVLJy5YCunCTUrJCWMlw;;ZP细节图！SML360¥;0;;lrg3k8cd5bgw3jv;;Для женщин;"[""https://xcimg.szwego.com/img/f0138068/20251123/i1763910871900_2767_0_0.jpg"", ""https://xcimg.szwego.com/img/f0138068/20251123/i1763910873136_3825_0_1.jpg"", ""https://xcimg.szwego.com/img/f0138068/20251123/i1763910873240_3484_0_2.jpg"", ""https://xcimg.szwego.com/img/f0138068/20251123/i1763910871815_4923_0_3.jpg"", ""https://xcimg.szwego.com/img/f0138068/20251123/i1763910871833_2587_0_4.jpg"", ""https://xcimg.szwego.com/img/f0138068/20251123/i1763910871903_8879_0_5.jpg"", ""https://xcimg.szwego.com/img/f0138068/20251123/i1763910871814_2773_0_6.jpg"", ""https://xcimg.szwego.com/img/f0138068/20251123/i1763910873021_6232_0_7.jpg"", ""https://xcimg.szwego.com/img/f0138068/20251123/i1763910873053_2172_0_8.jpg""]"
_djZrSYrW3-Xme_OH6bbdiHuncAG2Tzfr7RqwQPQ;;25新款拼接V形Logo牛仔裤，采用深蓝丹宁布+Monogram老花帆布，巧妙拼接出V形Logo，辨识度超高。高腰直筒版型，显瘦又修饰腿型，轻松打造大长腿!无论搭配T恤还是西装外套，都能切换街头or高级感，明星博主都在穿 ，通 勤休闲都OK，时髦又百搭! SML360💰;0;;lrg3k8cd5bgw3jv;;Для женщин;"[""https://xcimg.szwego.com/img/f0138068/20251128/a1764296094343_6832.jpg"", ""https://xcimg.szwego.com/img/f0138068/20251128/a1764296094278_4407.jpg"", ""https://xcimg.szwego.com/img/f0138068/20251128/a1764296094541_3745.jpg"", ""https://xcimg.szwego.com/img/f0138068/20251128/a1764296094317_1615.jpg"", ""https://xcimg.szwego.com/img/f0138068/20251128/a1764296094385_3418.jpg"", ""https://xcimg.szwego.com/img/f0138068/20251128/a1764296095093_7286.jpg"", ""https://xcimg.szwego.com/img/f0138068/20251128/a1764296095171_3457.jpg"", ""https://xcimg.szwego.com/img/f0138068/20251128/a1764296095203_6162.jpg""]"
_dosrSbPCpIl_ukDnM8cm3K9LHRmKGEHoJGD0q5w;;细节图！SML880¥;0;;lrg3k8cd5bgw3jv;;Для женщин;"[""https://xcimg.szwego.com/img/f0138068/20251206/i1765011094394_2105_0_0.jpg"", ""https://xcimg.szwego.com/img/f0138068/20251206/i1765011094562_1050_0_1.jpg"", ""https://xcimg.szwego.com/img/f0138068/20251206/i1765011077639_7133_0_2.jpg"", ""https://xcimg.szwego.com/img/f0138068/20251206/i1765011077637_6412_0_3.jpg"", ""https://xcimg.szwego.com/img/f0138068/20251206/i1765011077629_3109_0_4.jpg"", ""https://xcimg.szwego.com/img/f0138068/20251206/i1765011077625_9016_0_5.jpg"", ""https://xcimg.szwego.com/img/f0138068/20251206/i1765011094535_2566_0_6.jpg"", ""https://xcimg.szwego.com/img/f0138068/20251206/i1765011066706_550_0_7.jpg""]"
_dpKrSqfV3NTurkiMCkUNzPvU5PB0EpDvmwKNsPA;;细节图！SML880¥;0;;lrg3k8cd5bgw3jv;;Для женщин;"[""https://xcimg.szwego.com/img/f0138068/20251206/i1765010965092_1605_0_0.jpg"", ""https://xcimg.szwego.com/img/f0138068/20251206/i1765010965075_3153_0_7.jpg"", ""https://xcimg.szwego.com/img/f0138068/20251206/i1765010965110_3949_0_1.jpg"", ""https://xcimg.szwego.com/img/f0138068/20251206/i1765010933350_7489_0_2.jpg"", ""https://xcimg.szwego.com/img/f0138068/20251206/i1765010920287_341_0_3.jpg"", ""https://xcimg.szwego.com/img/f0138068/20251206/i1765010933376_9994_0_4.jpg"", ""https://xcimg.szwego.com/img/f0138068/20251206/i1765011056311_4984_0_5.jpg"", ""https://xcimg.szwego.com/img/f0138068/20251206/i1765010933409_6929_0_6.jpg"", ""https://xcimg.szwego.com/img/f0138068/20251206/i1765010933357_7883_0_8.jpg""]"
_dp7rSwqY8VUD65uydtCTqWexux8z-UX4Pu_uLmw;;细节图！SML880¥;0;;lrg3k8cd5bgw3jv;;Для женщин;"[""https://xcimg.szwego.com/img/f0138068/20251206/i1765011302214_134_0_0.jpg"", ""https://xcimg.szwego.com/img/f0138068/20251206/i1765011317120_8113_0_1.jpg"", ""https://xcimg.szwego.com/img/f0138068/20251206/i1765011317134_1127_0_2.jpg"", ""https://xcimg.szwego.com/img/f0138068/20251206/i1765011311937_9792_0_3.jpg"", ""https://xcimg.szwego.com/img/f0138068/20251206/i1765011302267_8775_0_4.jpg"", ""https://xcimg.szwego.com/img/f0138068/20251206/i1765011302254_6901_0_5.jpg"", ""https://xcimg.szwego.com/img/f0138068/20251206/i1765011302229_1558_0_6.jpg"", ""https://xcimg.szwego.com/img/f0138068/20251206/i1765011317122_7391_0_7.jpg"", ""https://xcimg.szwego.com/img/f0138068/20251206/i1765011302245_7881_0_8.jpg""]"
_dfCrSODmkaLTHGfAdW8_JnlKvA2WCjNtTSpI9Zw;;25N系列粗花呢外套 绿色 玫红色 灰色三色 立领设计保暖又时髦， 袖口和下摆毛边处理， 增添俏皮感。秋冬季节超适合，搭配简约内搭或同系列配饰，轻松get高级感造型 SML880💰;0;;lrg3k8cd5bgw3jv;;Для женщин;"[""https://xcimg.szwego.com/img/f0138068/20251206/a1765012039853_0030.jpg"", ""https://xcimg.szwego.com/img/f0138068/20251206/a1765012039696_3451.jpg"", ""https://xcimg.szwego.com/img/f0138068/20251206/a1765012602658_0741.jpg"", ""https://xcimg.szwego.com/img/f0138068/20251206/a1765012039833_8516.jpg"", ""https://xcimg.szwego.com/img/f0138068/20251206/a1765012039710_6810.jpg"", ""https://xcimg.szwego.com/img/f0138068/20251206/a1765012764273_6445.jpg"", ""https://xcimg.szwego.com/img/f0138068/20251206/a1765012800306_3117.jpg"", ""https://xcimg.szwego.com/img/f0138068/20251206/a1765012770235_2161.jpg"", ""https://xcimg.szwego.com/img/f0138068/20251206/a1765012770156_8377.jpg""]"
_dmUrSf51P4opmF6jM6IBYQuUyU4a5UA_DEBhn6Q;;细节图！SML360¥;0;;lrg3k8cd5bgw3jv;;Для женщин;"[""https://xcimg.szwego.com/imgHD/f0138068/20260127/cmp_i1769481938643_7292_0_0.jpg"", ""https://xcimg.szwego.com/imgHD/f0138068/20260127/cmp_i1769481938648_6693_0_7.jpg"", ""https://xcimg.szwego.com/imgHD/f0138068/20260127/cmp_i1769481938646_273_0_1.jpg"", ""https://xcimg.szwego.com/imgHD/f0138068/20260127/cmp_i1769481937701_3204_0_2.jpg"", ""https://xcimg.szwego.com/imgHD/f0138068/20260127/cmp_i1769481937701_7917_0_3.jpg"", ""https://xcimg.szwego.com/imgHD/f0138068/20260127/cmp_i1769481937702_9759_0_4.jpg"", ""https://xcimg.szwego.com/imgHD/f0138068/20260127/cmp_i1769481937709_2891_0_6.jpg"", ""https://xcimg.szwego.com/imgHD/f0138068/20260127/cmp_i1769481937701_6922_0_5.jpg""]"
_dkfrSV8uGQuwuW1rp90nNTuoFRXBp9eMohE28Bw;;细节图！SML360¥;0;;lrg3k8cd5bgw3jv;;Для женщин;"[""https://xcimg.szwego.com/imgHD/f0138068/20260127/cmp_i1769481860521_5430_0_0.jpg"", ""https://xcimg.szwego.com/imgHD/f0138068/20260127/cmp_i1769481860521_639_0_1.jpg"", ""https://xcimg.szwego.com/imgHD/f0138068/20260127/cmp_i1769481858583_1819_0_2.jpg"", ""https://xcimg.szwego.com/imgHD/f0138068/20260127/cmp_i1769481858495_5233_0_3.jpg"", ""https://xcimg.szwego.com/imgHD/f0138068/20260127/cmp_i1769481857810_5059_0_4.jpg"", ""https://xcimg.szwego.com/imgHD/f0138068/20260127/cmp_i1769481858543_8117_0_5.jpg""]"
_dhKrSm_2zC_zIDnHR_LKnMvlSSM7HN9x11L8GqA;;细节图！SML1200¥;0;;lrg3k8cd5bgw3jv;;Для женщин;"[""https://xcimg.szwego.com/img/f0138068/20260115/i1768442543826_5793_0_0.jpg"", ""https://xcimg.szwego.com/img/f0138068/20260115/i1768442543862_8171_0_2.jpg"", ""https://xcimg.szwego.com/img/f0138068/20260115/i1768442543042_8146_0_3.jpg"", ""https://xcimg.szwego.com/img/f0138068/20260115/i1768442542955_1831_0_1.jpg"", ""https://xcimg.szwego.com/img/f0138068/20260115/i1768442543832_3704_0_4.jpg"", ""https://xcimg.szwego.com/img/f0138068/20260115/i1768442543151_8719_0_5.jpg"", ""https://xcimg.szwego.com/img/f0138068/20260115/i1768442543030_7985_0_6.jpg"", ""https://xcimg.szwego.com/img/f0138068/20260115/i1768442543161_8273_0_7.jpg""]"
_dtyrSOnPMMjk9WbTTJ3nEm3h6ytP7MtyeBBMF8Q;;细节图！SML1200¥;0;;lrg3k8cd5bgw3jv;;Для женщин;"[""https://xcimg.szwego.com/img/f0138068/20260115/i1768442515260_710_0_0.jpg"", ""https://xcimg.szwego.com/img/f0138068/20260115/i1768442515260_9536_0_4.jpg"", ""https://xcimg.szwego.com/img/f0138068/20260115/i1768442515260_8733_0_2.jpg"", ""https://xcimg.szwego.com/img/f0138068/20260115/i1768442516439_5085_0_1.jpg"", ""https://xcimg.szwego.com/img/f0138068/20260115/i1768442515260_3090_0_3.jpg"", ""https://xcimg.szwego.com/img/f0138068/20260115/i1768442515260_2985_0_5.jpg"", ""https://xcimg.szwego.com/img/f0138068/20260115/i1768442527663_7463_0_6.jpg""]"
_db2rSLfcTe6YmOUlVWcZCR_7hLVfGhTTI9JMBdA;;穿PD的女王🔴 杨幂;0;;lrg3k8cd5bgw3jv;;Для женщин;"[""https://xcimg.szwego.com/img/f0138068/20260115/a1768446749789_2072.jpg"", ""https://xcimg.szwego.com/img/f0138068/20260115/a1768446749820_7788.jpg"", ""https://xcimg.szwego.com/img/f0138068/20260115/a1768446749868_6775.jpg"", ""https://xcimg.szwego.com/img/f0138068/20260115/a1768446749865_0378.jpg"", ""https://xcimg.szwego.com/img/f0138068/20260115/a1768446749851_6277.jpg"", ""https://xcimg.szwego.com/img/f0138068/20260115/a1768446753470_8634.jpg"", ""https://xcimg.szwego.com/img/f0138068/20260115/a1768446882507_2566.jpg"", ""https://xcimg.szwego.com/img/f0138068/20260115/a1768446882493_7148.jpg"", ""https://xcimg.szwego.com/img/f0138068/20260115/a1768446882416_2878.jpg""]"
_derrSXx4dnjwZTbaEqR-mCPjznJ9POdOo3olFPg;;细节图！SML360¥;0;;lrg3k8cd5bgw3jv;;Для женщин;"[""https://xcimg.szwego.com/img/f0138068/20260114/i1768355064823_3666_0_0.jpg"", ""https://xcimg.szwego.com/img/f0138068/20260114/i1768355064818_4778_0_2.jpg"", ""https://xcimg.szwego.com/img/f0138068/20260114/i1768355064734_1880_0_1.jpg"", ""https://xcimg.szwego.com/img/f0138068/20260114/i1768355064988_3547_0_4.jpg"", ""https://xcimg.szwego.com/img/f0138068/20260114/i1768355068915_7097_0_5.jpg"", ""https://xcimg.szwego.com/img/f0138068/20260114/i1768355064923_5471_0_3.jpg""]"
_dmRrSjl3vEgNNgloZz6atzyVBlVsNz1zrs9HyBQ;;细节图！SML360¥;0;;lrg3k8cd5bgw3jv;;Для женщин;"[""https://xcimg.szwego.com/img/f0138068/20260114/i1768355032811_546_0_0.jpg"", ""https://xcimg.szwego.com/img/f0138068/20260114/i1768355032286_8232_0_4.jpg"", ""https://xcimg.szwego.com/img/f0138068/20260114/i1768355032312_8208_0_2.jpg"", ""https://xcimg.szwego.com/img/f0138068/20260114/i1768355032302_7446_0_1.jpg"", ""https://xcimg.szwego.com/img/f0138068/20260114/i1768355032283_8176_0_3.jpg"", ""https://xcimg.szwego.com/img/f0138068/20260114/i1768355032295_577_0_5.jpg""]"
_dgrrSuusGkeHQfZwWmO1HiEgZMh8CQbz0JzRorQ;;细节图！SML200¥;0;;lrg3k8cd5bgw3jv;;Для женщин;"[""https://xcimg.szwego.com/img/f0138068/20260114/i1768354726749_3505_0_0.jpg"", ""https://xcimg.szwego.com/img/f0138068/20260114/i1768354726749_2423_0_2.jpg"", ""https://xcimg.szwego.com/img/f0138068/20260114/i1768354727519_5601_0_1.jpg"", ""https://xcimg.szwego.com/img/f0138068/20260114/i1768354726750_6302_0_3.jpg"", ""https://xcimg.szwego.com/img/f0138068/20260114/i1768354726749_8425_0_4.jpg"", ""https://xcimg.szwego.com/img/f0138068/20260114/i1768354726750_4502_0_5.jpg""]"
_dvirSriXFGO-Vk9OzDisUQFala8Jw9IwepDgJog;;细节图！SML590¥;0;;lrg3k8cd5bgw3jv;;Для женщин;"[""https://xcimg.szwego.com/img/f0138068/20260114/i1768358042821_8112_0_0.jpg"", ""https://xcimg.szwego.com/img/f0138068/20260114/i1768358043360_6850_0_4.jpg"", ""https://xcimg.szwego.com/img/f0138068/20260114/i1768358042823_4322_0_1.jpg"", ""https://xcimg.szwego.com/img/f0138068/20260114/i1768358042831_5922_0_2.jpg"", ""https://xcimg.szwego.com/img/f0138068/20260114/i1768358042791_9563_0_3.jpg"", ""https://xcimg.szwego.com/img/f0138068/20260114/i1768358042767_2635_0_5.jpg""]"
_dtgrSz2J2jZiK24uzeWWPHw_FECJbQENF3-jPLg;;细节图！SML780¥;0;;lrg3k8cd5bgw3jv;;Для женщин;"[""https://xcimg.szwego.com/img/f0138068/20260112/i1768184642149_6429_0_0.jpg"", ""https://xcimg.szwego.com/img/f0138068/20260112/i1768184641928_6459_0_8.jpg"", ""https://xcimg.szwego.com/img/f0138068/20260112/i1768184642950_7961_0_1.jpg"", ""https://xcimg.szwego.com/img/f0138068/20260112/i1768184642060_2273_0_2.jpg"", ""https://xcimg.szwego.com/img/f0138068/20260112/i1768184642944_4458_0_3.jpg"", ""https://xcimg.szwego.com/img/f0138068/20260112/i1768184642948_1333_0_4.jpg"", ""https://xcimg.szwego.com/img/f0138068/20260112/i1768184642120_813_0_5.jpg"", ""https://xcimg.szwego.com/img/f0138068/20260112/i1768184642154_9855_0_6.jpg"", ""https://xcimg.szwego.com/img/f0138068/20260112/i1768184642930_7277_0_7.jpg""]"
_dgcrSvIlGfS9qcTc4Bg_WDaWum6zFLj1H9JC15w;;LP新品立领格纹外套，采用53%羊毛、32%羊驼毛和15%锦纶混纺，柔软又轻盈。经典威尔士亲王格纹，拉绒处理后质感超细腻✨。立领+短款棒球服版型，内衬100%真丝，穿着舒适不粘身。焦糖棕色超有秋冬氛围，通勤或正式场合都能轻松驾驭，低调优雅，老钱风必备！ SML780💰;0;;lrg3k8cd5bgw3jv;;Для женщин;"[""https://xcimg.szwego.com/img/f0138068/20260112/a1768185049728_8280.jpg"", ""https://xcimg.szwego.com/img/f0138068/20260112/a1768185049584_1868.jpg"", ""https://xcimg.szwego.com/img/f0138068/20260112/a1768185049557_7002.jpg"", ""https://xcimg.szwego.com/img/f0138068/20260112/a1768185049396_6517.jpg"", ""https://xcimg.szwego.com/img/f0138068/20260112/a1768185095119_2521.jpg"", ""https://xcimg.szwego.com/img/f0138068/20260112/a1768185095278_8264.jpg"", ""https://xcimg.szwego.com/img/f0138068/20260112/a1768185095156_3826.jpg""]"
_djqrSLGKS8w5NfpLLYRArxjsJL3zhfP_hfrUMBA;;细节图！SML350¥;0;;lrg3k8cd5bgw3jv;;Для женщин;"[""https://xcimg.szwego.com/img/f0138068/20260119/i1768791139479_6092_0_0.jpg"", ""https://xcimg.szwego.com/img/f0138068/20260119/i1768791141348_1957_0_3.jpg"", ""https://xcimg.szwego.com/img/f0138068/20260119/i1768791139477_4175_0_1.jpg"", ""https://xcimg.szwego.com/img/f0138068/20260119/i1768791139487_9361_0_2.jpg"", ""https://xcimg.szwego.com/img/f0138068/20260119/i1768791141369_3059_0_5.jpg"", ""https://xcimg.szwego.com/img/f0138068/20260119/i1768791139478_5456_0_4.jpg"", ""https://xcimg.szwego.com/img/f0138068/20260119/i1768791139492_9987_0_6.jpg""]"
_df2rSqgJFFUN-ntKKvotGD0Hmj2qAYS0c4DTyGA;;细节图！SML490¥;0;;lrg3k8cd5bgw3jv;;Для женщин;"[""https://xcimg.szwego.com/img/f0138068/20251217/i1765940347240_2436_0_0.jpg"", ""https://xcimg.szwego.com/img/f0138068/20251217/i1765940379597_4797_0_1.jpg"", ""https://xcimg.szwego.com/img/f0138068/20251217/i1765940379522_1607_0_2.jpg"", ""https://xcimg.szwego.com/img/f0138068/20251217/i1765940347177_4424_0_3.jpg"", ""https://xcimg.szwego.com/img/f0138068/20251217/i1765940340569_8789_0_4.jpg"", ""https://xcimg.szwego.com/img/f0138068/20251217/i1765940347109_5380_0_5.jpg"", ""https://xcimg.szwego.com/img/f0138068/20251217/i1765940379600_7396_0_6.jpg"", ""https://xcimg.szwego.com/img/f0138068/20251217/i1765940347216_7395_0_7.jpg"", ""https://xcimg.szwego.com/img/f0138068/20251217/i1765940347209_1766_0_8.jpg""]"
_dcbrSJ_gX33TWq5ZtqEdrhKkPjGF8LGTUPRXN1g;;26C早春系列学院风针织开衫，藏蓝主色+黄红撞色滚边，复古又活力满满.V领设计配金属纽扣，左胸山茶花刺绣徽章超精致，细节控必入!羊毛混纺材质，柔软保暖，秋冬穿超舒服~无论搭半裙还是牛仔裤，都能轻松切换优雅 or休闲风，是实用又有收藏价值的时尚单品! SML490💰;0;;lrg3k8cd5bgw3jv;;Для женщин;"[""https://xcimg.szwego.com/img/f0138068/20251217/a1765940914529_7532.jpg"", ""https://xcimg.szwego.com/img/f0138068/20251217/a1765940914451_5512.jpg"", ""https://xcimg.szwego.com/img/f0138068/20251217/a1765940914455_1631.jpg"", ""https://xcimg.szwego.com/img/f0138068/20251217/a1765940914474_5676.jpg"", ""https://xcimg.szwego.com/img/f0138068/20251217/a1765940914324_4752.jpg"", ""https://xcimg.szwego.com/img/f0138068/20251217/a1765941006361_2532.jpg"", ""https://xcimg.szwego.com/img/f0138068/20251217/a1765941006548_3732.jpg"", ""https://xcimg.szwego.com/img/f0138068/20251217/a1765941006691_5728.jpg"", ""https://xcimg.szwego.com/img/f0138068/20251217/a1765941006529_5360.jpg""]"
_dlPrSoJuAXBIVPELV0B6Ie2O-Mfrbl8nPH3G89w;;细节图！SML280¥;0;;lrg3k8cd5bgw3jv;;Для женщин;"[""https://xcimg.szwego.com/img/f0138068/20251230/i1767066799194_1507_0_0.jpg"", ""https://xcimg.szwego.com/img/f0138068/20251230/i1767066799177_8423_0_1.jpg"", ""https://xcimg.szwego.com/img/f0138068/20251230/i1767066796269_7527_0_2.jpg"", ""https://xcimg.szwego.com/img/f0138068/20251230/i1767066799178_6828_0_3.jpg"", ""https://xcimg.szwego.com/img/f0138068/20251230/i1767066796266_8292_0_4.jpg"", ""https://xcimg.szwego.com/img/f0138068/20251230/i1767066796256_3897_0_5.jpg"", ""https://xcimg.szwego.com/img/f0138068/20251230/i1767066796209_7914_0_6.jpg"", ""https://xcimg.szwego.com/img/f0138068/20251230/i1767066796274_4601_0_7.jpg""]"
_drJrSYfLz1HitPP3jGVM46of3ertL0jyTx-bnqg;;细节图！SML280¥;0;;lrg3k8cd5bgw3jv;;Для женщин;"[""https://xcimg.szwego.com/img/f0138068/20251230/i1767066781315_227_0_0.jpg"", ""https://xcimg.szwego.com/img/f0138068/20251230/i1767066781287_3476_0_1.jpg"", ""https://xcimg.szwego.com/img/f0138068/20251230/i1767066781291_771_0_2.jpg"", ""https://xcimg.szwego.com/img/f0138068/20251230/i1767066781298_2551_0_3.jpg"", ""https://xcimg.szwego.com/img/f0138068/20251230/i1767066785936_1040_0_4.jpg"", ""https://xcimg.szwego.com/img/f0138068/20251230/i1767066781283_651_0_5.jpg""]"
_duUrSQzzC3p2_jZVPjPwpJL41M8FRNBNtBzXluQ;;开衫➕小吊带 实物很美;0;;lrg3k8cd5bgw3jv;;Для женщин;"[""https://xcimg.szwego.com/img/f0138068/20251230/i1767069580399_7970_0_0.jpg"", ""https://xcimg.szwego.com/img/f0138068/20251230/i1767069573462_8752_0_2.jpg"", ""https://xcimg.szwego.com/img/f0138068/20251230/i1767069573143_9160_0_1.jpg"", ""https://xcimg.szwego.com/img/f0138068/20251230/i1767069573382_2540_0_3.jpg"", ""https://xcimg.szwego.com/img/f0138068/20251230/i1767069573387_7018_0_4.jpg"", ""https://xcimg.szwego.com/img/f0138068/20251230/i1767069580304_3719_0_5.jpg"", ""https://xcimg.szwego.com/img/f0138068/20251230/i1767069573158_7905_0_6.jpg""]"
_dw_rSTgpwkv6wZmoFgNxMmv4G3rVVrxu9iDt3eA;;细节图！SML190¥;0;;lrg3k8cd5bgw3jv;;Для женщин;"[""https://xcimg.szwego.com/img/f0138068/20251205/i1764944074055_6595_0_0.jpg"", ""https://xcimg.szwego.com/img/f0138068/20251205/i1764944074055_2448_0_1.jpg"", ""https://xcimg.szwego.com/img/f0138068/20251205/i1764944074055_6995_0_2.jpg"", ""https://xcimg.szwego.com/img/f0138068/20251205/i1764944074055_1026_0_3.jpg"", ""https://xcimg.szwego.com/img/f0138068/20251205/i1764944075034_4740_0_5.jpg"", ""https://xcimg.szwego.com/img/f0138068/20251205/i1764944074055_4059_0_4.jpg""]"
_dqLrSHeazwltWrvzcylcd-4opFVCUof01vCL8YQ;;细节图！SML190¥;0;;lrg3k8cd5bgw3jv;;Для женщин;"[""https://xcimg.szwego.com/img/f0138068/20251205/i1764944099142_8690_0_0.jpg"", ""https://xcimg.szwego.com/img/f0138068/20251205/i1764944098379_2589_0_1.jpg"", ""https://xcimg.szwego.com/img/f0138068/20251205/i1764944098287_7650_0_2.jpg"", ""https://xcimg.szwego.com/img/f0138068/20251205/i1764944098211_9901_0_3.jpg"", ""https://xcimg.szwego.com/img/f0138068/20251205/i1764944098240_9993_0_4.jpg"", ""https://xcimg.szwego.com/img/f0138068/20251205/i1764944098248_1515_0_5.jpg""]"
_dq5rSdfbYNXhLWeUYKPh7QzFrnN2uRMf8QcS2-A;;26早春系列联名粉色猫咪T恤，采用柔软纯棉，穿着超舒适!正面是Louis Wain手绘猫 咪+花朵刺绣，童趣满满又有艺术感 宽松 oversize版型，男女都能轻松驾驭，粉色温柔百搭，随手搭牛仔裤or休闲裤都很出彩~日常出街、居家都OK SML190💰;0;;lrg3k8cd5bgw3jv;;Для женщин;"[""https://xcimg.szwego.com/img/f0138068/20251206/a1764988348927_5052.jpg"", ""https://xcimg.szwego.com/img/f0138068/20251206/a1764988348887_1632.jpg"", ""https://xcimg.szwego.com/img/f0138068/20251206/a1764988348905_7470.jpg"", ""https://xcimg.szwego.com/img/f0138068/20251206/a1764988349001_3533.jpg"", ""https://xcimg.szwego.com/img/f0138068/20251206/a1764988351380_3340.jpg"", ""https://xcimg.szwego.com/img/f0138068/20251206/a1764988351441_6525.jpg"", ""https://xcimg.szwego.com/img/f0138068/20251206/a1764988348747_2802.jpg""]"
_duYrSXAml4Ql4G__gqX0XxEZNI-5Q5Rf3fDGNuA;;细节图！SML490¥;0;;lrg3k8cd5bgw3jv;;Для женщин;"[""https://xcimg.szwego.com/img/f0138068/20251217/i1765940527079_1652_0_0.jpg"", ""https://xcimg.szwego.com/img/f0138068/20251217/i1765940527050_2358_0_1.jpg"", ""https://xcimg.szwego.com/img/f0138068/20251217/i1765940526912_9441_0_2.jpg"", ""https://xcimg.szwego.com/img/f0138068/20251217/i1765940530773_83_0_3.jpg"", ""https://xcimg.szwego.com/img/f0138068/20251217/i1765940527089_6082_0_4.jpg"", ""https://xcimg.szwego.com/img/f0138068/20251217/i1765940527057_861_0_5.jpg"", ""https://xcimg.szwego.com/img/f0138068/20251217/i1765940530778_2830_0_6.jpg""]"
_doSrS1RJOXr5LlK38UpfBJ_344xL9a0zPQ4a1VQ;;"LP25新品撞色羊绒Polo衫，羊绒羊毛混纺，触感软糯亲肤，保暖又有型。杏色衣身配深棕翻领和门襟，低调优雅，花纱混织让色彩过渡自然，细节满分。半开门襟设计，穿法灵活，秋冬单穿或内搭都很OK，轻松打造""老钱风""高智感穿搭，通勤日常都能轻松驾驭! SML490💰";0;;lrg3k8cd5bgw3jv;;Для женщин;"[""https://xcimg.szwego.com/img/f0138068/20251217/a1765942846127_8265.jpg"", ""https://xcimg.szwego.com/img/f0138068/20251217/a1765942846074_0587.jpg"", ""https://xcimg.szwego.com/img/f0138068/20251217/a1765942846138_0748.jpg"", ""https://xcimg.szwego.com/img/f0138068/20251217/a1765942846024_3436.jpg"", ""https://xcimg.szwego.com/img/f0138068/20251217/a1765942846103_5878.jpg"", ""https://xcimg.szwego.com/img/f0138068/20251217/a1765942863839_1786.jpg"", ""https://xcimg.szwego.com/img/f0138068/20251217/a1765942863845_5033.jpg"", ""https://xcimg.szwego.com/img/f0138068/20251217/a1765942863939_0012.jpg"", ""https://xcimg.szwego.com/img/f0138068/20251217/a1765942863928_8606.jpg""]"
_dUkrSe96blNBMhGqMOzJpd9NaUwpSswK33MS9zQ;;细节图！SML210¥;0;;lrg3k8cd5bgw3jv;;Для женщин;"[""https://xcimg.szwego.com/img/f0138068/20251229/i1766975811937_9455_0_0.jpg"", ""https://xcimg.szwego.com/img/f0138068/20251229/i1766975811245_8224_0_1.jpg"", ""https://xcimg.szwego.com/img/f0138068/20251229/i1766975811254_8258_0_2.jpg"", ""https://xcimg.szwego.com/img/f0138068/20251229/i1766975811244_457_0_3.jpg"", ""https://xcimg.szwego.com/img/f0138068/20251229/i1766975811263_4261_0_4.jpg"", ""https://xcimg.szwego.com/img/f0138068/20251229/i1766975811243_7036_0_5.jpg"", ""https://xcimg.szwego.com/img/f0138068/20251229/i1766975811957_8059_0_6.jpg"", ""https://xcimg.szwego.com/img/f0138068/20251229/i1766975811936_6017_0_7.jpg""]"
_drDrSPRmUu_wokNNoW68Nm79ItuzC_OMtQRq7Ww;;细节图！SML360¥;0;;lrg3k8cd5bgw3jv;;Для женщин;"[""https://xcimg.szwego.com/img/f0138068/20260110/i1768016052580_4050_0_0.jpg"", ""https://xcimg.szwego.com/img/f0138068/20260110/i1768016052590_4173_0_1.jpg"", ""https://xcimg.szwego.com/img/f0138068/20260110/i1768016052641_2615_0_2.jpg"", ""https://xcimg.szwego.com/img/f0138068/20260110/i1768016053199_958_0_3.jpg"", ""https://xcimg.szwego.com/img/f0138068/20260110/i1768016053221_4193_0_4.jpg"", ""https://xcimg.szwego.com/img/f0138068/20260110/i1768016052600_5084_0_5.jpg"", ""https://xcimg.szwego.com/img/f0138068/20260110/i1768016052589_1671_0_6.jpg""]"
_djKrS6B9IKhyNglDpHfwzcJrCLRa-hKYrSLtHkA;;细节图！SML360¥;0;;lrg3k8cd5bgw3jv;;Для женщин;"[""https://xcimg.szwego.com/img/f0138068/20260110/i1768015994417_7779_0_0.jpg"", ""https://xcimg.szwego.com/img/f0138068/20260110/i1768015994421_7979_0_1.jpg"", ""https://xcimg.szwego.com/img/f0138068/20260110/i1768015995281_5384_0_2.jpg"", ""https://xcimg.szwego.com/img/f0138068/20260110/i1768015995336_4370_0_3.jpg"", ""https://xcimg.szwego.com/img/f0138068/20260110/i1768015994301_8766_0_4.jpg"", ""https://xcimg.szwego.com/img/f0138068/20260110/i1768015994419_6629_0_5.jpg"", ""https://xcimg.szwego.com/img/f0138068/20260110/i1768015994412_8779_0_6.jpg""]"
_dfwrS445KszUfj8DvU1lmBeYFJniOBUyrDbjrpg;;26C早春新款，竖条纹镂空设计+胸前山茶花 Logo刺绣，简约优雅超有辨识度✨贴身舒适，春夏单穿或内搭都很OK！无袖设计修饰肩线，搭配外套、开衫轻松切风格！ SML360¥;0;;lrg3k8cd5bgw3jv;;Для женщин;"[""https://xcimg.szwego.com/img/f0138068/20260110/i1768015470974_6398_0_0.jpg"", ""https://xcimg.szwego.com/img/f0138068/20260110/a1768015806991_6473.jpg"", ""https://xcimg.szwego.com/img/f0138068/20260110/i1768015470975_9825_0_1.jpg"", ""https://xcimg.szwego.com/img/f0138068/20260110/i1768015470974_8676_0_2.jpg"", ""https://xcimg.szwego.com/img/f0138068/20260110/i1768015470974_7579_0_3.jpg"", ""https://xcimg.szwego.com/img/f0138068/20260110/i1768015470975_6965_0_4.jpg"", ""https://xcimg.szwego.com/img/f0138068/20260110/a1768015806974_8780.jpg""]"
_d8BrSLve4bkLSElGeoHccVs8d0gwIJLwpEQZfIg;;细节图！SML380¥;0;;lrg3k8cd5bgw3jv;;Для женщин;"[""https://xcimg.szwego.com/img/f0138068/20260106/i1767670385953_1642_0_0.jpg"", ""https://xcimg.szwego.com/img/f0138068/20260106/i1767670382918_5276_0_1.jpg"", ""https://xcimg.szwego.com/img/f0138068/20260106/i1767670382929_2456_0_2.jpg"", ""https://xcimg.szwego.com/img/f0138068/20260106/i1767670385967_4277_0_3.jpg"", ""https://xcimg.szwego.com/img/f0138068/20260106/i1767670382935_954_0_4.jpg"", ""https://xcimg.szwego.com/img/f0138068/20260106/i1767670382900_9673_0_5.jpg"", ""https://xcimg.szwego.com/img/f0138068/20260106/i1767670382910_5402_0_6.jpg""]"
_dFIrSUBEIUML2By71ZtEFhMK9_xCFzSqy3rtRyA;;细节图！SML360¥;0;;lrg3k8cd5bgw3jv;;Для женщин;"[""https://xcimg.szwego.com/img/f0138068/20260104/i1767524408059_8126_0_0.jpg"", ""https://xcimg.szwego.com/img/f0138068/20260104/i1767524408072_9982_0_3.jpg"", ""https://xcimg.szwego.com/img/f0138068/20260104/i1767524411858_6584_0_1.jpg"", ""https://xcimg.szwego.com/img/f0138068/20260104/i1767524408065_5387_0_2.jpg"", ""https://xcimg.szwego.com/img/f0138068/20260104/i1767524411874_9127_0_4.jpg"", ""https://xcimg.szwego.com/img/f0138068/20260104/i1767524408060_456_0_5.jpg"", ""https://xcimg.szwego.com/img/f0138068/20260104/i1767524408065_552_0_6.jpg"", ""https://xcimg.szwego.com/img/f0138068/20260104/i1767524411799_9391_0_7.jpg""]"
_dmOrSZIImk3ESLVyZdDiutOxBPzdS2YqWFLY2Ww;;细节图！SML360¥;0;;lrg3k8cd5bgw3jv;;Для женщин;"[""https://xcimg.szwego.com/img/f0138068/20260104/i1767524452072_3111_0_0.jpg"", ""https://xcimg.szwego.com/img/f0138068/20260104/i1767524452072_3046_0_1.jpg"", ""https://xcimg.szwego.com/img/f0138068/20260104/i1767524456207_8140_0_2.jpg"", ""https://xcimg.szwego.com/img/f0138068/20260104/i1767524456181_7374_0_3.jpg"", ""https://xcimg.szwego.com/img/f0138068/20260104/i1767524451940_7145_0_4.jpg"", ""https://xcimg.szwego.com/img/f0138068/20260104/i1767524452138_6445_0_5.jpg""]"
_dd0rSDbKdnQ3euj5FkOqcVHDoie1bT5EVHa_8Jw;;细节图！SML430¥;0;;lrg3k8cd5bgw3jv;;Для женщин;"[""https://xcimg.szwego.com/imgHD/f0138068/20251104/cmp_i1762225170268_3808_0_0.jpg"", ""https://xcimg.szwego.com/imgHD/f0138068/20251104/cmp_i1762225170991_1213_0_3.jpg"", ""https://xcimg.szwego.com/imgHD/f0138068/20251104/cmp_i1762225170268_5599_0_1.jpg"", ""https://xcimg.szwego.com/imgHD/f0138068/20251104/cmp_i1762225170999_2528_0_2.jpg"", ""https://xcimg.szwego.com/imgHD/f0138068/20251104/cmp_i1762225170268_1290_0_4.jpg"", ""https://xcimg.szwego.com/imgHD/f0138068/20251104/cmp_i1762225170996_4384_0_5.jpg"", ""https://xcimg.szwego.com/imgHD/f0138068/20251104/cmp_i1762225170268_7483_0_7.jpg"", ""https://xcimg.szwego.com/imgHD/f0138068/20251104/cmp_i1762225170268_9972_0_6.jpg""]"
_dO1rS1f_jVtcqRqu1pm7dV96JnGaMHI4q1xmKzg;;细节图！SML430¥;0;;lrg3k8cd5bgw3jv;;Для женщин;"[""https://xcimg.szwego.com/imgHD/f0138068/20251104/cmp_i1762225095248_3620_0_0.jpg"", ""https://xcimg.szwego.com/imgHD/f0138068/20251104/cmp_i1762225097286_5923_0_6.jpg"", ""https://xcimg.szwego.com/imgHD/f0138068/20251104/cmp_i1762225095330_8919_0_1.jpg"", ""https://xcimg.szwego.com/imgHD/f0138068/20251104/cmp_i1762225096832_7231_0_2.jpg"", ""https://xcimg.szwego.com/imgHD/f0138068/20251104/cmp_i1762225095230_7897_0_3.jpg"", ""https://xcimg.szwego.com/imgHD/f0138068/20251104/cmp_i1762225096793_5084_0_4.jpg"", ""https://xcimg.szwego.com/imgHD/f0138068/20251104/cmp_i1762225095213_1078_0_5.jpg"", ""https://xcimg.szwego.com/imgHD/f0138068/20251104/cmp_i1762225096858_1372_0_8.jpg"", ""https://xcimg.szwego.com/imgHD/f0138068/20251104/cmp_i1762225094457_3249_0_7.jpg""]"
_drLrSL6UtvtHwBEW4yQrEcCOzLRVukiSnKIFvQw;;25新品黑色蝴蝶结针织衫，柔软材质超贴身，秋冬穿很舒服!高领+蝴蝶结设计，优雅又精致，细节满分。针织衫偏修身，建议选合适尺码，搭配外套或单穿都很有气质，轻松get高级感穿搭!SML430💰;0;;lrg3k8cd5bgw3jv;;Для женщин;"[""https://xcimg.szwego.com/imgHD/f0138068/20251104/cmp_a1762224794090_1857.jpg"", ""https://xcimg.szwego.com/imgHD/f0138068/20251104/cmp_i1762224503944_6805_0_1.jpg"", ""https://xcimg.szwego.com/imgHD/f0138068/20251104/cmp_i1762224503944_4073_0_2.jpg"", ""https://xcimg.szwego.com/imgHD/f0138068/20251104/cmp_i1762224503944_7056_0_3.jpg"", ""https://xcimg.szwego.com/imgHD/f0138068/20251104/cmp_i1762224503944_215_0_0.jpg"", ""https://xcimg.szwego.com/imgHD/f0138068/20251104/cmp_a1762224794105_0275.jpg"", ""https://xcimg.szwego.com/imgHD/f0138068/20251104/cmp_i1762225072024_2835_0_6.jpg""]"
_dObrSI9JgdK6pdIi5WDTiOPzXuid1TZoPCjbToQ;;细节图！Xxs Xs S 200¥;0;;lrg3k8cd5bgw3jv;;Для женщин;"[""https://xcimg.szwego.com/img/f0138068/20251231/i1767147505871_548_0_0.jpg"", ""https://xcimg.szwego.com/img/f0138068/20251231/i1767147506107_7988_0_1.jpg"", ""https://xcimg.szwego.com/img/f0138068/20251231/i1767147506102_5697_0_2.jpg"", ""https://xcimg.szwego.com/img/f0138068/20251231/i1767147506790_4494_0_3.jpg"", ""https://xcimg.szwego.com/img/f0138068/20251231/i1767147506064_4852_0_4.jpg"", ""https://xcimg.szwego.com/img/f0138068/20251231/i1767147506787_16_0_5.jpg"", ""https://xcimg.szwego.com/img/f0138068/20251231/i1767147506032_8037_0_6.jpg""]"
_dpKrSqfV3NTurkiAFkkFxPPYxMR4OpDvmwKNsPA;;细节图！Xxs Xs S 200¥;0;;lrg3k8cd5bgw3jv;;Для женщин;"[""https://xcimg.szwego.com/img/f0138068/20251231/i1767147458904_404_0_0.jpg"", ""https://xcimg.szwego.com/img/f0138068/20251231/i1767147459866_2767_0_1.jpg"", ""https://xcimg.szwego.com/img/f0138068/20251231/i1767147459860_4245_0_2.jpg"", ""https://xcimg.szwego.com/img/f0138068/20251231/i1767147458904_282_0_3.jpg"", ""https://xcimg.szwego.com/img/f0138068/20251231/i1767147458904_962_0_4.jpg"", ""https://xcimg.szwego.com/img/f0138068/20251231/i1767147458904_1760_0_5.jpg"", ""https://xcimg.szwego.com/img/f0138068/20251231/i1767147458904_6310_0_6.jpg""]"
_dt6rSfZKt-3zAB5Rp6N2p5uNkBqhnGAZLRyi8fg;;26早春系列马年限定白色字母印花T恤 白色 黑色 XXS XS S 200💰;0;;lrg3k8cd5bgw3jv;;Для женщин;"[""https://xcimg.szwego.com/img/f0138068/20251231/i1767150589733_3034_0_0.jpg"", ""https://xcimg.szwego.com/img/f0138068/20251231/i1767150589732_4880_0_1.jpg"", ""https://xcimg.szwego.com/img/f0138068/20251231/i1767150589732_6129_0_2.jpg"", ""https://xcimg.szwego.com/img/f0138068/20251231/i1767150589732_7616_0_3.jpg"", ""https://xcimg.szwego.com/img/f0138068/20251231/i1767150590077_2140_0_4.jpg"", ""https://xcimg.szwego.com/img/f0138068/20251231/i1767150589732_9498_0_5.jpg"", ""https://xcimg.szwego.com/img/f0138068/20251231/a1767150809723_5510.jpg""]"
_d_grSRDwBYt1DL7_G_vuRCm7IwWfPGGPYtDbf2w;;细节图！SML390¥;0;;lrg3k8cd5bgw3jv;;Для женщин;"[""https://xcimg.szwego.com/img/f0138068/20260120/i1768874748541_7739_0_0.jpg"", ""https://xcimg.szwego.com/img/f0138068/20260120/i1768874750714_4792_0_5.jpg"", ""https://xcimg.szwego.com/img/f0138068/20260120/i1768874748512_9452_0_3.jpg"", ""https://xcimg.szwego.com/img/f0138068/20260120/i1768874750725_6252_0_1.jpg"", ""https://xcimg.szwego.com/img/f0138068/20260120/i1768874750659_8816_0_2.jpg"", ""https://xcimg.szwego.com/img/f0138068/20260120/i1768874748548_8410_0_4.jpg"", ""https://xcimg.szwego.com/img/f0138068/20260120/i1768874748410_5392_0_6.jpg"", ""https://xcimg.szwego.com/img/f0138068/20260120/i1768874748483_2117_0_7.jpg""]"
_dpSrSH5zPz2OmQQc9VZD-2dQxKSrpmpROB7Tirw;;💙26S早春新款半拉链卫衣，藏蓝做旧水洗设计，复古低调超有质感！高品质棉料，柔软舒适，日常穿搭无压力✨。半拉链立领可自由调节，胸前品牌压印细节满分，辨识度超高！短款版型优化身材比例，搭配高腰裤或牛仔裤，质感与设计感兼具，时髦精 SML390¥;0;;lrg3k8cd5bgw3jv;;Для женщин;"[""https://xcimg.szwego.com/img/f0138068/20260120/i1768874645950_771_0_0.jpg"", ""https://xcimg.szwego.com/img/f0138068/20260120/i1768874647591_8723_0_1.jpg"", ""https://xcimg.szwego.com/img/f0138068/20260120/i1768874647592_1279_0_3.jpg"", ""https://xcimg.szwego.com/img/f0138068/20260120/i1768874647693_5969_0_4.jpg"", ""https://xcimg.szwego.com/img/f0138068/20260120/i1768874645950_6921_0_5.jpg"", ""https://xcimg.szwego.com/img/f0138068/20260120/i1768874645950_4854_0_6.jpg"", ""https://xcimg.szwego.com/img/f0138068/20260120/i1768874646033_2974_0_7.jpg"", ""https://xcimg.szwego.com/img/f0138068/20260120/i1768874647714_2787_0_8.jpg"", ""https://xcimg.szwego.com/img/f0138068/20260120/i1768874646078_9875_0_9.jpg""]"
_dshrS26NVEGn4VhYHBl8thKps5M8WSqt1h-ma3w;;细节图！SML590¥;0;;lrg3k8cd5bgw3jv;;Для женщин;"[""https://xcimg.szwego.com/imgHD/f0138068/20251112/cmp_i1762912221840_7230_0_0.jpg"", ""https://xcimg.szwego.com/imgHD/f0138068/20251112/cmp_i1762912221911_6247_0_4.jpg"", ""https://xcimg.szwego.com/imgHD/f0138068/20251112/cmp_i1762912224529_419_0_1.jpg"", ""https://xcimg.szwego.com/imgHD/f0138068/20251112/cmp_i1762912221941_1446_0_2.jpg"", ""https://xcimg.szwego.com/imgHD/f0138068/20251112/cmp_i1762912224066_2715_0_3.jpg"", ""https://xcimg.szwego.com/imgHD/f0138068/20251112/cmp_i1762912221897_7236_0_5.jpg"", ""https://xcimg.szwego.com/imgHD/f0138068/20251112/cmp_i1762912221108_6274_0_7.jpg"", ""https://xcimg.szwego.com/imgHD/f0138068/20251112/cmp_i1762912224123_9843_0_8.jpg"", ""https://xcimg.szwego.com/imgHD/f0138068/20251112/cmp_i1762912224021_4556_0_6.jpg""]"
_dlJrSIyhl74inpEVaBbol3imECLoIDfodmYNccw;;细节图！SML590¥;0;;lrg3k8cd5bgw3jv;;Для женщин;"[""https://xcimg.szwego.com/imgHD/f0138068/20251112/cmp_i1762912197957_9607_0_0.jpg"", ""https://xcimg.szwego.com/imgHD/f0138068/20251112/cmp_i1762912197965_831_0_1.jpg"", ""https://xcimg.szwego.com/imgHD/f0138068/20251112/cmp_i1762912197962_6203_0_2.jpg"", ""https://xcimg.szwego.com/imgHD/f0138068/20251112/cmp_i1762912199388_6980_0_3.jpg"", ""https://xcimg.szwego.com/imgHD/f0138068/20251112/cmp_i1762912197962_239_0_4.jpg"", ""https://xcimg.szwego.com/imgHD/f0138068/20251112/cmp_i1762912197955_6046_0_5.jpg"", ""https://xcimg.szwego.com/imgHD/f0138068/20251112/cmp_i1762912199381_9052_0_6.jpg"", ""https://xcimg.szwego.com/imgHD/f0138068/20251112/cmp_i1762912199382_2982_0_7.jpg""]"
_de_rSazMDyuJHJtbjNWEAlXo-BfqK52q4eOTrIA;;25K系列蝴蝶结针织开衫，山羊绒材质柔软细腻，秋冬穿超舒服!珍珠钻扣+蕾丝边+蝴蝶结，少女感满满又优雅。搭高腰裤或裙都很出彩，翻领+口袋细节，实用又好看。25K系列主打温柔贵气，通勤或轻奢场合都能轻松驾驭，是秋冬必入的时髦单品! SML590💰;0;;lrg3k8cd5bgw3jv;;Для женщин;"[""https://xcimg.szwego.com/imgHD/f0138068/20251112/cmp_i1762911740092_9824_0_0.jpg"", ""https://xcimg.szwego.com/imgHD/f0138068/20251112/cmp_i1762911740092_8399_0_1.jpg"", ""https://xcimg.szwego.com/imgHD/f0138068/20251112/cmp_a1762911881886_7225.jpg"", ""https://xcimg.szwego.com/imgHD/f0138068/20251112/cmp_a1762911881886_0173.jpg"", ""https://xcimg.szwego.com/imgHD/f0138068/20251112/cmp_a1762911883168_0844.jpg"", ""https://xcimg.szwego.com/imgHD/f0138068/20251112/cmp_a1762911948905_6007.jpg""]"
_dvlrSwesYg8zPO0yhobC5icF6vXe2nBjDvU-h1A;;细节图！SML530¥;0;;lrg3k8cd5bgw3jv;;Для женщин;"[""https://xcimg.szwego.com/img/f0138068/20260116/i1768532989111_2697_0_0.jpg"", ""https://xcimg.szwego.com/img/f0138068/20260116/i1768532981154_7780_0_5.jpg"", ""https://xcimg.szwego.com/img/f0138068/20260116/i1768532989105_1894_0_7.jpg"", ""https://xcimg.szwego.com/img/f0138068/20260116/i1768532981203_5310_0_2.jpg"", ""https://xcimg.szwego.com/img/f0138068/20260116/i1768532981212_7766_0_3.jpg"", ""https://xcimg.szwego.com/img/f0138068/20260116/i1768532981153_7068_0_4.jpg"", ""https://xcimg.szwego.com/img/f0138068/20260116/i1768532989070_3060_0_6.jpg"", ""https://xcimg.szwego.com/img/f0138068/20260116/i1768532981208_1197_0_1.jpg""]"
_df9rSzQV3nyfiJ2yru9khrpckX6myEXLfSH09tQ;;细节图！SML530¥;0;;lrg3k8cd5bgw3jv;;Для женщин;"[""https://xcimg.szwego.com/img/f0138068/20260116/i1768532963396_5125_0_0.jpg"", ""https://xcimg.szwego.com/img/f0138068/20260116/i1768532963419_3709_0_2.jpg"", ""https://xcimg.szwego.com/img/f0138068/20260116/i1768532963413_3375_0_3.jpg"", ""https://xcimg.szwego.com/img/f0138068/20260116/i1768532964529_7925_0_4.jpg"", ""https://xcimg.szwego.com/img/f0138068/20260116/i1768532963420_5324_0_5.jpg"", ""https://xcimg.szwego.com/img/f0138068/20260116/i1768532964558_3572_0_6.jpg"", ""https://xcimg.szwego.com/img/f0138068/20260116/i1768532963434_1847_0_1.jpg""]"
_dlDrS3dRv64HWAQ8OOlQmhyEIZERetnKRYjgSSQ;;26早春Mode系列双面外套，真丝材质超轻盈，穿着舒适又时髦！一面是经典Monogram老花，另一面是条纹+手绘猫猫图案，趣味又优雅😻。拉链+翻领设计，实用又有型，秋冬日常或旅行都能轻松驾驭。双面穿法超百搭，真的很推荐！SML530¥;0;;lrg3k8cd5bgw3jv;;Для женщин;"[""https://xcimg.szwego.com/img/f0138068/20260116/i1768532270116_5546_0_0.jpg"", ""https://xcimg.szwego.com/img/f0138068/20260116/i1768532271118_5545_0_1.jpg"", ""https://xcimg.szwego.com/img/f0138068/20260116/i1768532271117_7868_0_2.jpg"", ""https://xcimg.szwego.com/img/f0138068/20260116/i1768532271269_516_0_3.jpg"", ""https://xcimg.szwego.com/img/f0138068/20260116/i1768532270267_1691_0_4.jpg"", ""https://xcimg.szwego.com/img/f0138068/20260116/i1768532270116_7749_0_5.jpg"", ""https://xcimg.szwego.com/img/f0138068/20260116/i1768532270116_3035_0_6.jpg"", ""https://xcimg.szwego.com/img/f0138068/20260116/i1768532270117_6716_0_7.jpg""]"
_dnHrSKWGGUSDLrhJG8rJhqlTyw0yhh25lV9aQ0w;;26早春新款条纹针织衫，黑白条纹+藏青拼色领部，简约又有辨识度!高品质羊毛混纺，柔软亲肤还保暖，秋冬穿超合适 。圆领+肩部纽扣细节，时髦感满分，修身版型，单穿or内搭都OK, 通勤休闲都能轻松驾驭 。经典条纹设计，百搭 不挑人，衣橱必备! SML350¥;0;;lrg3k8cd5bgw3jv;;Для женщин;"[""https://xcimg.szwego.com/img/f0138068/20260110/i1768014301461_3074_0_0.jpg"", ""https://xcimg.szwego.com/img/f0138068/20260110/i1768014301460_844_0_1.jpg"", ""https://xcimg.szwego.com/img/f0138068/20260110/i1768014301460_9668_0_2.jpg"", ""https://xcimg.szwego.com/img/f0138068/20260110/i1768014301460_2903_0_3.jpg"", ""https://xcimg.szwego.com/img/f0138068/20260110/i1768014384283_4328_0_4.jpg"", ""https://xcimg.szwego.com/img/f0138068/20260110/i1768014384283_6168_0_5.jpg""]"
_dABrSZphRXToTvqHcbpocxyDsXk7k15EdwXu7qg;;细节图！SML590¥;0;;lrg3k8cd5bgw3jv;;Для женщин;"[""https://xcimg.szwego.com/img/f0138068/20260108/i1767837948506_6017_0_0.jpg"", ""https://xcimg.szwego.com/img/f0138068/20260108/i1767837947437_9110_0_1.jpg"", ""https://xcimg.szwego.com/img/f0138068/20260108/i1767837947423_6385_0_2.jpg"", ""https://xcimg.szwego.com/img/f0138068/20260108/i1767837947418_6874_0_3.jpg"", ""https://xcimg.szwego.com/img/f0138068/20260108/i1767837947419_6045_0_4.jpg"", ""https://xcimg.szwego.com/img/f0138068/20260108/i1767837947423_578_0_5.jpg""]"
_dYIrSRVav5XO-cOb0mXAukTsTYAmDlqOzZXoxow;;ZP细节图！SML660💰;0;;lrg3k8cd5bgw3jv;;Для женщин;"[""https://xcimg.szwego.com/imgHD/f0138068/20251112/cmp_i1762946081236_4249_0_0.jpg"", ""https://xcimg.szwego.com/imgHD/f0138068/20251112/cmp_i1762946081305_5521_0_1.jpg"", ""https://xcimg.szwego.com/imgHD/f0138068/20251112/cmp_i1762946081198_1145_0_2.jpg"", ""https://xcimg.szwego.com/imgHD/f0138068/20251112/cmp_i1762946081129_2917_0_3.jpg"", ""https://xcimg.szwego.com/imgHD/f0138068/20251112/cmp_i1762946081213_6300_0_4.jpg"", ""https://xcimg.szwego.com/imgHD/f0138068/20251112/cmp_i1762946107637_8222_0_5.jpg"", ""https://xcimg.szwego.com/imgHD/f0138068/20251112/cmp_i1762946070258_2131_0_6.jpg"", ""https://xcimg.szwego.com/imgHD/f0138068/20251112/cmp_i1762946071026_4380_0_7.jpg"", ""https://xcimg.szwego.com/imgHD/f0138068/20251112/cmp_i1762946108182_2382_0_8.jpg""]"
_diurS33yBTdIqmjIKX7P3LHFJwvgp769CgMqHng;;26C早春度假系列蓝白条纹外套，棉质混纺+毛圈面料，柔软舒适，藏青白横条纹配金色纽扣，海军风满满 。圆领长袖设计，剪裁利落，日常或度假都能轻松驾驭。搭配阔腿裤，牛仔裤都很出彩，轻松打造时髦造型!细节精致，是香奈儿热门单品之一，时髦精们必入! SML660💰;0;;lrg3k8cd5bgw3jv;;Для женщин;"[""https://xcimg.szwego.com/img/f0138068/20251224/a1766548535594_5040.jpg"", ""https://xcimg.szwego.com/img/f0138068/20251224/a1766548535641_2535.jpg"", ""https://xcimg.szwego.com/img/f0138068/20251224/a1766548535744_4545.jpg"", ""https://xcimg.szwego.com/img/f0138068/20251224/a1766548544341_6574.jpg"", ""https://xcimg.szwego.com/img/f0138068/20251224/a1766548535624_6247.jpg"", ""https://xcimg.szwego.com/img/f0138068/20251224/a1766548540214_6663.jpg"", ""https://xcimg.szwego.com/img/f0138068/20251224/a1766548540228_2852.jpg"", ""https://xcimg.szwego.com/img/f0138068/20251224/a1766548540245_6768.jpg""]"
_dqyrS_nbOzbA3ePhisA3JJfxIPaG4uWL6OqcSlg;;细节图！SML260¥;0;;lrg3k8cd5bgw3jv;;Для женщин;"[""https://xcimg.szwego.com/img/f0138068/20251215/i1765768968220_6693_0_0.jpg"", ""https://xcimg.szwego.com/img/f0138068/20251215/i1765768965113_5327_0_1.jpg"", ""https://xcimg.szwego.com/img/f0138068/20251215/i1765768965070_5690_0_2.jpg"", ""https://xcimg.szwego.com/img/f0138068/20251215/i1765768968242_6897_0_3.jpg"", ""https://xcimg.szwego.com/img/f0138068/20251215/i1765768965110_5822_0_4.jpg"", ""https://xcimg.szwego.com/img/f0138068/20251215/i1765768965106_3385_0_5.jpg"", ""https://xcimg.szwego.com/img/f0138068/20251215/i1765768965109_6317_0_6.jpg""]"
_dSlrSeufe8d7w15HKiuam7PUGUbzGFeMtIxaPbw;;细节图！SML390¥;0;;lrg3k8cd5bgw3jv;;Для женщин;"[""https://xcimg.szwego.com/img/f0138068/20251231/i1767147703420_3987_0_0.jpg"", ""https://xcimg.szwego.com/img/f0138068/20251231/i1767147703408_7059_0_1.jpg"", ""https://xcimg.szwego.com/img/f0138068/20251231/i1767147704154_7719_0_2.jpg"", ""https://xcimg.szwego.com/img/f0138068/20251231/i1767147703383_329_0_3.jpg"", ""https://xcimg.szwego.com/img/f0138068/20251231/i1767147704155_203_0_4.jpg"", ""https://xcimg.szwego.com/img/f0138068/20251231/i1767147704157_1956_0_5.jpg"", ""https://xcimg.szwego.com/img/f0138068/20251231/i1767147703401_833_0_6.jpg"", ""https://xcimg.szwego.com/img/f0138068/20251231/i1767147704149_9406_0_8.jpg"", ""https://xcimg.szwego.com/img/f0138068/20251231/i1767147703342_4243_0_7.jpg""]"
_dfjrSIAVKgwGc7sH1iWJZ3C-oQANTH8F_5hAbmQ;;细节图！SML430¥;0;;lrg3k8cd5bgw3jv;;Для женщин;"[""https://xcimg.szwego.com/img/f0138068/20251231/i1767147684630_6999_0_0.jpg"", ""https://xcimg.szwego.com/img/f0138068/20251231/i1767147683974_7657_0_1.jpg"", ""https://xcimg.szwego.com/img/f0138068/20251231/i1767147683981_1317_0_2.jpg"", ""https://xcimg.szwego.com/img/f0138068/20251231/i1767147683960_7466_0_3.jpg"", ""https://xcimg.szwego.com/img/f0138068/20251231/i1767147683977_8946_0_4.jpg"", ""https://xcimg.szwego.com/img/f0138068/20251231/i1767147684633_4802_0_5.jpg"", ""https://xcimg.szwego.com/img/f0138068/20251231/i1767147683951_4973_0_6.jpg""]"
_digrSKkwg2W54N4lk3321x4NHChZq8W0etuR_9A;;26C早春度假系列条纹Polo衫＋长裤套装 长袖上衣SML390💰 裤子SML430💰;0;;lrg3k8cd5bgw3jv;;Для женщин;"[""https://xcimg.szwego.com/img/f0138068/20251231/a1767150146048_7231.jpg"", ""https://xcimg.szwego.com/img/f0138068/20251231/a1767150146140_0054.jpg"", ""https://xcimg.szwego.com/img/f0138068/20251231/a1767150146119_2332.jpg"", ""https://xcimg.szwego.com/img/f0138068/20251231/a1767150146277_6464.jpg"", ""https://xcimg.szwego.com/img/f0138068/20251231/a1767150146179_8406.jpg"", ""https://xcimg.szwego.com/img/f0138068/20251231/a1767150147078_6161.jpg"", ""https://xcimg.szwego.com/img/f0138068/20251231/a1767150147092_1782.jpg""]"
_dkmrSEMl5_tJqQL7X_P4-rgQ9Z5gvMmZdLKb9OA;;细节图！SML380¥;0;;lrg3k8cd5bgw3jv;;Для женщин;"[""https://xcimg.szwego.com/img/f0138068/20251231/i1767153044459_8260_0_0.jpg"", ""https://xcimg.szwego.com/img/f0138068/20251231/i1767153044456_3880_0_4.jpg"", ""https://xcimg.szwego.com/img/f0138068/20251231/i1767153044415_7652_0_1.jpg"", ""https://xcimg.szwego.com/img/f0138068/20251231/i1767153045033_4154_0_2.jpg"", ""https://xcimg.szwego.com/img/f0138068/20251231/i1767153044452_4999_0_3.jpg"", ""https://xcimg.szwego.com/img/f0138068/20251231/i1767153044450_104_0_5.jpg""]"
_dpLrSJdSu2n7rldPpQrzJwAZtaLvpZb0Oj77-OQ;;细节图！SML450¥;0;;lrg3k8cd5bgw3jv;;Для женщин;"[""https://xcimg.szwego.com/img/f0138068/20251118/i1763424763737_7592_0_0.jpg"", ""https://xcimg.szwego.com/img/f0138068/20251118/i1763424765616_1742_0_3.jpg"", ""https://xcimg.szwego.com/img/f0138068/20251118/i1763424763737_8477_0_1.jpg"", ""https://xcimg.szwego.com/img/f0138068/20251118/i1763424763736_4431_0_2.jpg"", ""https://xcimg.szwego.com/img/f0138068/20251118/i1763424765567_8454_0_4.jpg"", ""https://xcimg.szwego.com/img/f0138068/20251118/i1763424763737_6789_0_6.jpg"", ""https://xcimg.szwego.com/img/f0138068/20251118/i1763424763737_3235_0_5.jpg""]"
_dudrS6oJzLaHIz_Z32Vl1gWn-xcTI1EeDZmZO3w;;细节图！SML450¥;0;;lrg3k8cd5bgw3jv;;Для женщин;"[""https://xcimg.szwego.com/img/f0138068/20251118/i1763425114497_251_0_0.jpg"", ""https://xcimg.szwego.com/img/f0138068/20251118/i1763425113352_5436_0_1.jpg"", ""https://xcimg.szwego.com/img/f0138068/20251118/i1763425113276_5232_0_2.jpg"", ""https://xcimg.szwego.com/img/f0138068/20251118/i1763425114517_4618_0_3.jpg"", ""https://xcimg.szwego.com/img/f0138068/20251118/i1763425113284_2888_0_4.jpg"", ""https://xcimg.szwego.com/img/f0138068/20251118/i1763425114465_64_0_5.jpg"", ""https://xcimg.szwego.com/img/f0138068/20251118/i1763425113229_1274_0_7.jpg"", ""https://xcimg.szwego.com/img/f0138068/20251118/i1763425113244_4072_0_6.jpg""]"
_du2rS0EqQNRpKiNs6K7mCBb_HOENR0FOq7UZCoA;;细节图！SML200¥;0;;lrg3k8cd5bgw3jv;;Для женщин;"[""https://xcimg.szwego.com/img/f0138068/20251230/i1767066741487_2814_0_0.jpg"", ""https://xcimg.szwego.com/img/f0138068/20251230/i1767066741485_3533_0_1.jpg"", ""https://xcimg.szwego.com/img/f0138068/20251230/i1767066744419_2076_0_2.jpg"", ""https://xcimg.szwego.com/img/f0138068/20251230/i1767066741518_8641_0_3.jpg"", ""https://xcimg.szwego.com/img/f0138068/20251230/i1767066741528_840_0_4.jpg"", ""https://xcimg.szwego.com/img/f0138068/20251230/i1767066741492_8047_0_5.jpg"", ""https://xcimg.szwego.com/img/f0138068/20251230/i1767066744417_4431_0_6.jpg""]"
_dpjrSlxGB8TrfBaoOu5iUPsN0CLa3_SPAWhmC7A;;细节图！SML200¥;0;;lrg3k8cd5bgw3jv;;Для женщин;"[""https://xcimg.szwego.com/img/f0138068/20251230/i1767066724732_868_0_0.jpg"", ""https://xcimg.szwego.com/img/f0138068/20251230/i1767066724708_3444_0_1.jpg"", ""https://xcimg.szwego.com/img/f0138068/20251230/i1767066736853_2381_0_2.jpg"", ""https://xcimg.szwego.com/img/f0138068/20251230/i1767066724749_5719_0_3.jpg"", ""https://xcimg.szwego.com/img/f0138068/20251230/i1767066724746_8775_0_4.jpg"", ""https://xcimg.szwego.com/img/f0138068/20251230/i1767066724725_1059_0_5.jpg""]"
_dwcrS_Qj7_hEixJ8wRoGmgEUC8-rMmfhM4SnzZA;;细节图！SML200¥;0;;lrg3k8cd5bgw3jv;;Для женщин;"[""https://xcimg.szwego.com/img/f0138068/20251230/i1767066710471_8952_0_0.jpg"", ""https://xcimg.szwego.com/img/f0138068/20251230/i1767066714221_2422_0_1.jpg"", ""https://xcimg.szwego.com/img/f0138068/20251230/i1767066710472_1211_0_2.jpg"", ""https://xcimg.szwego.com/img/f0138068/20251230/i1767066710471_2788_0_3.jpg"", ""https://xcimg.szwego.com/img/f0138068/20251230/i1767066710471_2754_0_4.jpg"", ""https://xcimg.szwego.com/img/f0138068/20251230/i1767066710472_7739_0_5.jpg""]"
_dpmrSPvAZ6O7mBa4wGWOWvT8hlDpy1prN6Mukhg;;细节图！SML380¥;0;;lrg3k8cd5bgw3jv;;Для женщин;"[""https://xcimg.szwego.com/img/f0138068/20260110/i1768015383661_1471_0_0.jpg"", ""https://xcimg.szwego.com/img/f0138068/20260110/i1768015383704_4889_0_1.jpg"", ""https://xcimg.szwego.com/img/f0138068/20260110/i1768015383007_8384_0_2.jpg"", ""https://xcimg.szwego.com/img/f0138068/20260110/i1768015383060_7285_0_3.jpg"", ""https://xcimg.szwego.com/img/f0138068/20260110/i1768015383055_765_0_4.jpg"", ""https://xcimg.szwego.com/img/f0138068/20260110/i1768015383011_809_0_5.jpg"", ""https://xcimg.szwego.com/img/f0138068/20260110/i1768015383675_2355_0_6.jpg"", ""https://xcimg.szwego.com/img/f0138068/20260110/i1768015383013_2109_0_7.jpg""]"
_dpprSDfLPrZTo8y8j84qwRBPSM4BdDwr0dahjIQ;;细节图！SML380¥;0;;lrg3k8cd5bgw3jv;;Для женщин;"[""https://xcimg.szwego.com/img/f0138068/20260110/i1768015368540_7657_0_0.jpg"", ""https://xcimg.szwego.com/img/f0138068/20260110/i1768015368558_227_0_1.jpg"", ""https://xcimg.szwego.com/img/f0138068/20260110/i1768015368546_1725_0_2.jpg"", ""https://xcimg.szwego.com/img/f0138068/20260110/i1768015368559_66_0_3.jpg"", ""https://xcimg.szwego.com/img/f0138068/20260110/i1768015369504_7903_0_4.jpg"", ""https://xcimg.szwego.com/img/f0138068/20260110/i1768015369505_9359_0_5.jpg"", ""https://xcimg.szwego.com/img/f0138068/20260110/i1768015368506_3954_0_6.jpg""]"
_d_brS_X8OI8_xpyNgFHWMPwXIdJiBJe_9e43QGw;;细节图！SML390¥;0;;lrg3k8cd5bgw3jv;;Для женщин;"[""https://xcimg.szwego.com/img/f0138068/20260106/i1767703567745_636_0_0.jpg"", ""https://xcimg.szwego.com/img/f0138068/20260106/i1767703566634_9889_0_1.jpg"", ""https://xcimg.szwego.com/img/f0138068/20260106/i1767703566636_1733_0_2.jpg"", ""https://xcimg.szwego.com/img/f0138068/20260106/i1767703566644_5125_0_3.jpg"", ""https://xcimg.szwego.com/img/f0138068/20260106/i1767703566625_9938_0_4.jpg"", ""https://xcimg.szwego.com/img/f0138068/20260106/i1767703567739_7205_0_6.jpg"", ""https://xcimg.szwego.com/img/f0138068/20260106/i1767703567708_2974_0_7.jpg"", ""https://xcimg.szwego.com/img/f0138068/20260106/i1767703566654_436_0_5.jpg""]"
_dmorSK6J6F7KwIkqKkFdjVYqetJFPH_ESnQZY4Q;;26PD早春新款白色拉链连帽卫衣，采用柔软棉质面料，穿着舒适又保暖。正面有品牌刺绣徽标，袖口和下摆撞色条纹设计，简约又有细节感✨。拉链开合方便，连帽设计实用，休闲运动风，日常穿搭或轻运动都很合适。宽松版型，包容多种身材，轻松打造随性时尚look😎。SML390💰;0;;lrg3k8cd5bgw3jv;;Для женщин;"[""https://xcimg.szwego.com/img/f0138068/20260107/a1767751399190_2831.jpg"", ""https://xcimg.szwego.com/img/f0138068/20260107/a1767751399266_5224.jpg"", ""https://xcimg.szwego.com/img/f0138068/20260107/a1767751399209_5032.jpg"", ""https://xcimg.szwego.com/img/f0138068/20260107/a1767751399375_3416.jpg"", ""https://xcimg.szwego.com/img/f0138068/20260107/a1767751399418_3524.jpg"", ""https://xcimg.szwego.com/img/f0138068/20260107/a1767751400060_1417.jpg"", ""https://xcimg.szwego.com/img/f0138068/20260107/a1767751399986_2676.jpg"", ""https://xcimg.szwego.com/img/f0138068/20260107/a1767751400053_6433.jpg""]"
_dp2rSGs6IRmdkdL0juMl0xRioqqztniD_qT9QjA;;细节图！SML660¥;0;;lrg3k8cd5bgw3jv;;Для женщин;"[""https://xcimg.szwego.com/img/f0138068/20260106/i1767703498539_5297_0_0.jpg"", ""https://xcimg.szwego.com/img/f0138068/20260106/i1767703498474_8587_0_1.jpg"", ""https://xcimg.szwego.com/img/f0138068/20260106/i1767703499636_9873_0_2.jpg"", ""https://xcimg.szwego.com/img/f0138068/20260106/i1767703498524_2390_0_3.jpg"", ""https://xcimg.szwego.com/img/f0138068/20260106/i1767703498554_4834_0_4.jpg"", ""https://xcimg.szwego.com/img/f0138068/20260106/i1767703498491_5318_0_5.jpg"", ""https://xcimg.szwego.com/img/f0138068/20260106/i1767703499653_9993_0_6.jpg"", ""https://xcimg.szwego.com/img/f0138068/20260106/i1767703499669_2380_0_7.jpg""]"
_doPrS6mZk4RYQx0BYQeCgJr7W55ZrisCqI__AUw;;💙26早春连帽牛仔外套，水洗牛仔布+做旧工艺，复古感满满！正面拉链+抽绳连帽，实用又有型，胸前和口袋的logo刺绣超有辨识度✨。宽松版型，男女都能轻松驾驭！ SML660💰;0;;lrg3k8cd5bgw3jv;;Для женщин;"[""https://xcimg.szwego.com/img/f0138068/20260107/a1767751219657_8380.jpg"", ""https://xcimg.szwego.com/img/f0138068/20260107/a1767751219654_3634.jpg"", ""https://xcimg.szwego.com/img/f0138068/20260107/a1767751219729_5510.jpg"", ""https://xcimg.szwego.com/img/f0138068/20260107/a1767751219715_2177.jpg"", ""https://xcimg.szwego.com/img/f0138068/20260107/a1767751221584_7454.jpg"", ""https://xcimg.szwego.com/img/f0138068/20260107/a1767751221567_0244.jpg"", ""https://xcimg.szwego.com/img/f0138068/20260107/a1767751221693_2421.jpg""]"
_dv7rSQRfC8XRBzNbaJPu6YxHsApLoGYoacUOwxw;;细节图！SML480¥;0;;lrg3k8cd5bgw3jv;;Для женщин;"[""https://xcimg.szwego.com/img/f0138068/20251223/i1766459501933_3901_0_0.jpg"", ""https://xcimg.szwego.com/img/f0138068/20251223/i1766459496936_6473_0_3.jpg"", ""https://xcimg.szwego.com/img/f0138068/20251223/i1766459496943_2903_0_1.jpg"", ""https://xcimg.szwego.com/img/f0138068/20251223/i1766459501937_7463_0_2.jpg"", ""https://xcimg.szwego.com/img/f0138068/20251223/i1766459496926_1631_0_4.jpg"", ""https://xcimg.szwego.com/img/f0138068/20251223/i1766459496898_8604_0_6.jpg"", ""https://xcimg.szwego.com/img/f0138068/20251223/i1766459496939_6134_0_5.jpg""]"
_diArS06Z6-M4TGTwbsPY8hoJwQAXVP6eOaDQAOA;;细节图！SML450¥;0;;lrg3k8cd5bgw3jv;;Для женщин;"[""https://xcimg.szwego.com/img/f0138068/20251223/i1766463921363_5387_0_0.jpg"", ""https://xcimg.szwego.com/img/f0138068/20251223/i1766463921363_3293_0_1.jpg"", ""https://xcimg.szwego.com/img/f0138068/20251223/i1766463921363_6350_0_2.jpg"", ""https://xcimg.szwego.com/img/f0138068/20251223/i1766463931706_4353_0_3.jpg"", ""https://xcimg.szwego.com/img/f0138068/20251223/i1766463921363_6264_0_4.jpg"", ""https://xcimg.szwego.com/img/f0138068/20251223/i1766463931732_2338_0_5.jpg"", ""https://xcimg.szwego.com/img/f0138068/20251223/i1766463931685_4759_0_6.jpg""]"
_dnFrSlkgO55RkYMqt9u0ZVoPle2LmkQyVup72fA;;25秋冬滑雪系列费尔岛提花毛衣，巧克力棕底色+蓝灰白几何花纹，复古感满满!羊毛混纺材质，柔软又保暖，秋冬穿超合适 。领口 和肩部提花细节超精致，后领还藏有Monogram标签。搭配牛仔裤或半裙都很出彩，日常或正式场合都能轻松驾驭，是秋冬衣橱必备百搭单品! SML480💰;0;;lrg3k8cd5bgw3jv;;Для женщин;"[""https://xcimg.szwego.com/img/f0138068/20251223/i1766461054681_9006_0_0.jpg"", ""https://xcimg.szwego.com/img/f0138068/20251223/i1766461056292_9158_0_1.jpg"", ""https://xcimg.szwego.com/img/f0138068/20251223/i1766461056291_840_0_2.jpg"", ""https://xcimg.szwego.com/img/f0138068/20251223/i1766461056292_9139_0_4.jpg"", ""https://xcimg.szwego.com/img/f0138068/20251223/i1766461054681_9405_0_5.jpg"", ""https://xcimg.szwego.com/img/f0138068/20251223/i1766461054683_5080_0_6.jpg"", ""https://xcimg.szwego.com/img/f0138068/20251223/i1766461056302_6070_0_7.jpg""]"
_dPNrShE8Tt1UFZvvFiXJxbqhElMt_a1eIszsIwQ;;细节图！SML390¥;0;;lrg3k8cd5bgw3jv;;Для женщин;"[""https://xcimg.szwego.com/img/f0138068/20251223/i1766459414088_9585_0_0.jpg"", ""https://xcimg.szwego.com/img/f0138068/20251223/i1766459414112_9814_0_1.jpg"", ""https://xcimg.szwego.com/img/f0138068/20251223/i1766459414126_9877_0_2.jpg"", ""https://xcimg.szwego.com/img/f0138068/20251223/i1766459419153_138_0_3.jpg"", ""https://xcimg.szwego.com/img/f0138068/20251223/i1766459419127_8483_0_4.jpg"", ""https://xcimg.szwego.com/img/f0138068/20251223/i1766459414101_1722_0_5.jpg"", ""https://xcimg.szwego.com/img/f0138068/20251223/i1766459414130_4877_0_6.jpg"", ""https://xcimg.szwego.com/img/f0138068/20251223/i1766459419131_2471_0_7.jpg"", ""https://xcimg.szwego.com/img/f0138068/20251223/i1766459419163_3971_0_8.jpg""]"
_d8CrS0K-90pF3uLugvZEnGAb7Ya4V_A1aU_P2Eg;;ZP细节图！SML340¥;0;;lrg3k8cd5bgw3jv;;Для женщин;"[""https://xcimg.szwego.com/img/f0138068/20251127/i1764211583558_4120_0_0.jpg"", ""https://xcimg.szwego.com/img/f0138068/20251127/i1764211582924_7322_0_5.jpg"", ""https://xcimg.szwego.com/img/f0138068/20251127/i1764211582917_2670_0_1.jpg"", ""https://xcimg.szwego.com/img/f0138068/20251127/i1764211583556_9467_0_2.jpg"", ""https://xcimg.szwego.com/img/f0138068/20251127/i1764211583514_361_0_3.jpg"", ""https://xcimg.szwego.com/img/f0138068/20251127/i1764211582933_5273_0_6.jpg"", ""https://xcimg.szwego.com/img/f0138068/20251127/i1764211582881_2885_0_7.jpg"", ""https://xcimg.szwego.com/img/f0138068/20251127/i1764211582913_5748_0_4.jpg""]"
_dlhrSqHriXWj4xpZUWDtEjzC1ekkoMPiQ7mmJWw;;25新品💙克莱因蓝polo螺纹短袖针织衫 SML340¥;0;;lrg3k8cd5bgw3jv;;Для женщин;"[""https://xcimg.szwego.com/img/f0138068/20251127/i1764211499957_8793_0_0.jpg"", ""https://xcimg.szwego.com/img/f0138068/20251127/i1764211500584_2751_0_1.jpg"", ""https://xcimg.szwego.com/img/f0138068/20251127/i1764211500086_7428_0_2.jpg"", ""https://xcimg.szwego.com/img/f0138068/20251127/i1764211499957_5348_0_3.jpg"", ""https://xcimg.szwego.com/img/f0138068/20251127/i1764211500380_2182_0_4.jpg"", ""https://xcimg.szwego.com/img/f0138068/20251127/i1764211499957_5763_0_5.jpg"", ""https://xcimg.szwego.com/img/f0138068/20251127/i1764211499986_2524_0_6.jpg""]"
_df9rSzQV3nyTjJG6su9ojpZQkXqm0EXLfSH09tQ;;细节图！SML320¥;0;;lrg3k8cd5bgw3jv;;Для женщин;"[""https://xcimg.szwego.com/img/f0138068/20251231/i1767147532866_4279_0_0.jpg"", ""https://xcimg.szwego.com/img/f0138068/20251231/i1767147533690_2711_0_1.jpg"", ""https://xcimg.szwego.com/img/f0138068/20251231/i1767147532982_9868_0_2.jpg"", ""https://xcimg.szwego.com/img/f0138068/20251231/i1767147532865_8414_0_3.jpg"", ""https://xcimg.szwego.com/img/f0138068/20251231/i1767147533713_9215_0_4.jpg"", ""https://xcimg.szwego.com/img/f0138068/20251231/i1767147533699_765_0_5.jpg"", ""https://xcimg.szwego.com/img/f0138068/20251231/i1767147533006_5396_0_6.jpg"", ""https://xcimg.szwego.com/img/f0138068/20251231/i1767147532860_9466_0_7.jpg""]"
_dyErSP04xgRJeG1BHfuas3ySaaruv8Hv3BkFp1A;;细节图！SML290¥ 衬衣;0;;lrg3k8cd5bgw3jv;;Для женщин;"[""https://xcimg.szwego.com/img/f0138068/20260104/i1767494200117_257_0_0.jpg"", ""https://xcimg.szwego.com/img/f0138068/20260104/i1767494199103_9525_0_1.jpg"", ""https://xcimg.szwego.com/img/f0138068/20260104/i1767494199103_3275_0_2.jpg"", ""https://xcimg.szwego.com/img/f0138068/20260104/i1767494200120_6534_0_3.jpg"", ""https://xcimg.szwego.com/img/f0138068/20260104/i1767494199103_2519_0_5.jpg"", ""https://xcimg.szwego.com/img/f0138068/20260104/i1767494199103_1153_0_6.jpg"", ""https://xcimg.szwego.com/img/f0138068/20260104/i1767494199103_434_0_4.jpg""]"
_dkBrScrlmtW-vV9A42WCgZ1RgyhddwQ0rw2tiGA;;细节图！SML300¥ 半裙;0;;lrg3k8cd5bgw3jv;;Для женщин;"[""https://xcimg.szwego.com/img/f0138068/20260104/i1767494270217_413_0_0.jpg"", ""https://xcimg.szwego.com/img/f0138068/20260104/i1767494270179_6035_0_1.jpg"", ""https://xcimg.szwego.com/img/f0138068/20260104/i1767494270096_487_0_2.jpg"", ""https://xcimg.szwego.com/img/f0138068/20260104/i1767494270119_8369_0_3.jpg"", ""https://xcimg.szwego.com/img/f0138068/20260104/i1767494270192_1518_0_4.jpg"", ""https://xcimg.szwego.com/img/f0138068/20260104/i1767494271120_3920_0_6.jpg"", ""https://xcimg.szwego.com/img/f0138068/20260104/i1767494271146_2297_0_5.jpg""]"
_dnhrS3KXowbNXYdsy-w7ALhvhpp9sCuzLc-DRUg;;26SS早春新款 经典尼龙腰带黑色半裙 SML300¥;0;;lrg3k8cd5bgw3jv;;Для женщин;"[""https://xcimg.szwego.com/img/f0138068/20260104/a1767495202297_0171.jpg"", ""https://xcimg.szwego.com/img/f0138068/20260104/a1767495202338_1540.jpg"", ""https://xcimg.szwego.com/img/f0138068/20260104/a1767495202080_5816.jpg"", ""https://xcimg.szwego.com/img/f0138068/20260104/a1767495202285_0455.jpg"", ""https://xcimg.szwego.com/img/f0138068/20260104/a1767495236090_5047.jpg"", ""https://xcimg.szwego.com/img/f0138068/20260104/a1767495236103_5686.jpg""]"
_dbzrSD5sQuz-OFrKZ3rqPThDjr8YaTnDxXrG8pg;;细节图！SML180¥;0;;lrg3k8cd5bgw3jv;;Для женщин;"[""https://xcimg.szwego.com/img/f0138068/20251212/i1765511036025_6550_0_0.jpg"", ""https://xcimg.szwego.com/img/f0138068/20251212/i1765511054816_8957_0_1.jpg"", ""https://xcimg.szwego.com/img/f0138068/20251212/i1765511054796_6601_0_2.jpg"", ""https://xcimg.szwego.com/img/f0138068/20251212/i1765511036025_5664_0_3.jpg"", ""https://xcimg.szwego.com/img/f0138068/20251212/i1765511036026_8179_0_4.jpg"", ""https://xcimg.szwego.com/img/f0138068/20251212/i1765511036024_9528_0_5.jpg"", ""https://xcimg.szwego.com/img/f0138068/20251212/i1765511036026_5399_0_6.jpg""]"
_dj3rSi70AuH-ElXvkYtYZfVQf14KmIscEzfxhdg;;"26早春新品联名T恤，选用高品质纯棉，柔软透气，日常穿着超舒适!正面印有""THE LUCKY AUTISTIC CAT...""趣味文字，艺术家猫咪插画风格，童趣满满又有艺术感。麻灰色百搭耐看，圆领短袖设计，休闲或街头风都能轻松驾驭，潮流爱好者必入!SML180💰";0;;lrg3k8cd5bgw3jv;;Для женщин;"[""https://xcimg.szwego.com/img/f0138068/20251212/a1765513562240_6533.jpg"", ""https://xcimg.szwego.com/img/f0138068/20251212/a1765513562276_8181.jpg"", ""https://xcimg.szwego.com/img/f0138068/20251212/a1765513562417_3800.jpg"", ""https://xcimg.szwego.com/img/f0138068/20251212/a1765513562357_5237.jpg"", ""https://xcimg.szwego.com/img/f0138068/20251212/a1765513562268_1355.jpg"", ""https://xcimg.szwego.com/img/f0138068/20251212/a1765513566179_2373.jpg"", ""https://xcimg.szwego.com/img/f0138068/20251212/a1765513566156_8765.jpg"", ""https://xcimg.szwego.com/img/f0138068/20251212/a1765513566135_8264.jpg"", ""https://xcimg.szwego.com/img/f0138068/20251212/a1765513566219_0477.jpg""]"
_dh8rS-sCv3PXW326DTKeXyKXdOU-ECEQG9oVlgg;;细节图！SML180¥;0;;lrg3k8cd5bgw3jv;;Для женщин;"[""https://xcimg.szwego.com/img/f0138068/20251212/i1765511181878_6498_0_0.jpg"", ""https://xcimg.szwego.com/img/f0138068/20251212/i1765511181954_2307_0_1.jpg"", ""https://xcimg.szwego.com/img/f0138068/20251212/i1765511181917_2728_0_2.jpg"", ""https://xcimg.szwego.com/img/f0138068/20251212/i1765511184269_4633_0_3.jpg"", ""https://xcimg.szwego.com/img/f0138068/20251212/i1765511181925_2993_0_4.jpg"", ""https://xcimg.szwego.com/img/f0138068/20251212/i1765511181901_8456_0_5.jpg""]"
_dh6rST0pyObdKuDOT-BI3VLEcwOeaMLJ8lwJOnQ;;26新品联名早春系列T恤，黑色主色调+胸前猫咪刺绣，趣味又有艺术感!高品质棉料，柔软透气，日常穿着超舒适。宽松版型，男女同款，搭配休闲裤或裙装都很OK，轻松打造潮流造型。猫咪图案活泼俏皮，动物控必入! SML180💰;0;;lrg3k8cd5bgw3jv;;Для женщин;"[""https://xcimg.szwego.com/img/f0138068/20251212/a1765513789662_6354.jpg"", ""https://xcimg.szwego.com/img/f0138068/20251212/a1765513789493_5277.jpg"", ""https://xcimg.szwego.com/img/f0138068/20251212/a1765513789711_1718.jpg"", ""https://xcimg.szwego.com/img/f0138068/20251212/a1765513789690_7626.jpg"", ""https://xcimg.szwego.com/img/f0138068/20251212/a1765513789336_0853.jpg"", ""https://xcimg.szwego.com/img/f0138068/20251212/a1765513792512_6408.jpg"", ""https://xcimg.szwego.com/img/f0138068/20251212/a1765513792506_0256.jpg"", ""https://xcimg.szwego.com/img/f0138068/20251212/a1765513792344_4885.jpg""]"
_dl1rS8guENcqpiQk5dNTvYHHqgwgvooamaqeH9Q;;细节图！SML320¥;0;;lrg3k8cd5bgw3jv;;Для женщин;"[""https://xcimg.szwego.com/imgHD/f0138068/20251113/cmp_i1763001367654_2469_0_0.jpg"", ""https://xcimg.szwego.com/imgHD/f0138068/20251113/cmp_i1763001367607_7458_0_3.jpg"", ""https://xcimg.szwego.com/imgHD/f0138068/20251113/cmp_i1763001370505_5762_0_1.jpg"", ""https://xcimg.szwego.com/imgHD/f0138068/20251113/cmp_i1763001367626_2075_0_2.jpg"", ""https://xcimg.szwego.com/imgHD/f0138068/20251113/cmp_i1763001367670_3181_0_4.jpg"", ""https://xcimg.szwego.com/imgHD/f0138068/20251113/cmp_i1763001367131_2704_0_5.jpg""]"
_de_rSazMDyuJHJdfnNmAFmn4_CvyL52q4eOTrIA;;细节图！SML880¥;0;;lrg3k8cd5bgw3jv;;Для женщин;"[""https://xcimg.szwego.com/img/f0138068/20251206/i1765011261191_5969_0_0.jpg"", ""https://xcimg.szwego.com/img/f0138068/20251206/i1765011261195_1064_0_1.jpg"", ""https://xcimg.szwego.com/img/f0138068/20251206/i1765011261177_9689_0_2.jpg"", ""https://xcimg.szwego.com/img/f0138068/20251206/i1765011255628_2027_0_3.jpg"", ""https://xcimg.szwego.com/img/f0138068/20251206/i1765011255640_7136_0_4.jpg"", ""https://xcimg.szwego.com/img/f0138068/20251206/i1765011255638_9521_0_5.jpg"", ""https://xcimg.szwego.com/img/f0138068/20251206/i1765011261181_2337_0_6.jpg"", ""https://xcimg.szwego.com/img/f0138068/20251206/i1765011255606_1858_0_7.jpg"", ""https://xcimg.szwego.com/img/f0138068/20251206/i1765011255578_833_0_8.jpg""]"
_djorSrctehBDUEUHhEtEQvakwY-Xv_bCAArI8Fw;;26C早春系列金丝米白马甲，粗花呢混纺米白纱线+金色细闪，低调奢华感满满!V领无袖设计，四口袋超实用，金色花瓣纽扣+细钻点缀，精致又优雅。 SML760💰;0;;lrg3k8cd5bgw3jv;;Для женщин;"[""https://xcimg.szwego.com/img/f0138068/20251222/i1766367171762_574_0_0.jpg"", ""https://xcimg.szwego.com/img/f0138068/20251222/i1766367171274_4996_0_1.jpg"", ""https://xcimg.szwego.com/img/f0138068/20251222/i1766367171273_7562_0_2.jpg"", ""https://xcimg.szwego.com/img/f0138068/20251222/i1766367171275_7172_0_3.jpg"", ""https://xcimg.szwego.com/img/f0138068/20251222/i1766367171305_4868_0_4.jpg"", ""https://xcimg.szwego.com/img/f0138068/20251222/i1766367171304_1254_0_5.jpg"", ""https://xcimg.szwego.com/img/f0138068/20251222/i1766367171764_7350_0_6.jpg"", ""https://xcimg.szwego.com/img/f0138068/20251222/a1766367676924_4443.jpg"", ""https://xcimg.szwego.com/img/f0138068/20251222/i1766367245647_7749_0_7.jpg""]"
_dmBrS3SSM7VxdTAKh7vkBiF7Pmtw-w0FEXfYoEw;;细节图！SML590¥;0;;lrg3k8cd5bgw3jv;;Для женщин;"[""https://xcimg.szwego.com/img/f0138068/20251204/i1764813745150_3294_0_0.jpg"", ""https://xcimg.szwego.com/img/f0138068/20251204/i1764813745154_6827_0_1.jpg"", ""https://xcimg.szwego.com/img/f0138068/20251204/i1764813745104_6938_0_2.jpg"", ""https://xcimg.szwego.com/img/f0138068/20251204/i1764813746574_1939_0_3.jpg"", ""https://xcimg.szwego.com/img/f0138068/20251204/i1764813746568_2379_0_4.jpg"", ""https://xcimg.szwego.com/img/f0138068/20251204/i1764813745152_950_0_5.jpg"", ""https://xcimg.szwego.com/img/f0138068/20251204/i1764813745088_2492_0_6.jpg""]"
_doSrS1RJOXr5LlKz_UpTFJ_z84hX3a0zPQYC0Uw;;细节图！SML590¥;0;;lrg3k8cd5bgw3jv;;Для женщин;"[""https://xcimg.szwego.com/img/f0138068/20251204/i1764813725533_7048_0_0.jpg"", ""https://xcimg.szwego.com/img/f0138068/20251204/i1764813724737_9932_0_1.jpg"", ""https://xcimg.szwego.com/img/f0138068/20251204/i1764813724773_1517_0_2.jpg"", ""https://xcimg.szwego.com/img/f0138068/20251204/i1764813724756_3678_0_3.jpg"", ""https://xcimg.szwego.com/img/f0138068/20251204/i1764813725510_1560_0_4.jpg"", ""https://xcimg.szwego.com/img/f0138068/20251204/i1764813724696_2506_0_5.jpg"", ""https://xcimg.szwego.com/img/f0138068/20251204/i1764813724746_1589_0_6.jpg""]"
_dmWrSX-R9_lxFN75bfyPx2B36903JXnvWPVda2w;;25新品 Monogram提花针织开衫，浅灰色调+经典老花图案，低调又奢华!羊毛混纺，柔软保暖，秋冬穿超舒服。金属纽扣点缀，细节满分，圆领短款设计，单穿或叠穿都很百搭，轻松切换多种风格 。精致工艺，时尚实用，经典单品必 入!SML590💰;0;;lrg3k8cd5bgw3jv;;Для женщин;"[""https://xcimg.szwego.com/img/f0138068/20251204/a1764817445986_5082.jpg"", ""https://xcimg.szwego.com/img/f0138068/20251204/a1764817442921_2136.jpg"", ""https://xcimg.szwego.com/img/f0138068/20251204/a1764817443050_3128.jpg"", ""https://xcimg.szwego.com/img/f0138068/20251204/a1764817442938_8587.jpg"", ""https://xcimg.szwego.com/img/f0138068/20251204/a1764817442702_0446.jpg"", ""https://xcimg.szwego.com/img/f0138068/20251204/a1764817443130_8758.jpg""]"
_dvCrSO96KCCgC8qki2mcL8kOUJ4ANQKLGJFU5Dw;;细节图！SML480¥;0;;lrg3k8cd5bgw3jv;;Для женщин;"[""https://xcimg.szwego.com/img/f0138068/20260103/i1767407992734_6141_0_0.jpg"", ""https://xcimg.szwego.com/img/f0138068/20260103/i1767407993244_6435_0_3.jpg"", ""https://xcimg.szwego.com/img/f0138068/20260103/i1767407992753_5598_0_1.jpg"", ""https://xcimg.szwego.com/img/f0138068/20260103/i1767407992700_1650_0_2.jpg"", ""https://xcimg.szwego.com/img/f0138068/20260103/i1767407992705_1495_0_4.jpg"", ""https://xcimg.szwego.com/img/f0138068/20260103/i1767407993228_382_0_5.jpg"", ""https://xcimg.szwego.com/img/f0138068/20260103/i1767407992683_1337_0_6.jpg""]"
_duGrSomG1ZvgdPFHy40zAWy3UXCcxWF3Ye4ruMQ;;细节图！SML980¥;0;;lrg3k8cd5bgw3jv;;Для женщин;"[""https://xcimg.szwego.com/img/f0138068/20251213/i1765600473242_9414_0_0.jpg"", ""https://xcimg.szwego.com/img/f0138068/20251213/i1765600469287_4371_0_2.jpg"", ""https://xcimg.szwego.com/img/f0138068/20251213/i1765600473158_5447_0_1.jpg"", ""https://xcimg.szwego.com/img/f0138068/20251213/i1765600469284_2259_0_3.jpg"", ""https://xcimg.szwego.com/img/f0138068/20251213/i1765600469296_2145_0_4.jpg"", ""https://xcimg.szwego.com/img/f0138068/20251213/i1765600473246_3717_0_5.jpg"", ""https://xcimg.szwego.com/img/f0138068/20251213/i1765600473245_2060_0_6.jpg"", ""https://xcimg.szwego.com/img/f0138068/20251213/i1765600469172_7300_0_8.jpg"", ""https://xcimg.szwego.com/img/f0138068/20251213/i1765600469248_5339_0_7.jpg""]"
_deGrSVyfAVEPyHjoGwGsCTg4V5gSCxBlYqpLPNA;;细节图！SML1100¥;0;;lrg3k8cd5bgw3jv;;Для женщин;"[""https://xcimg.szwego.com/imgHD/f0138068/20251021/cmp_i1761009167308_8662_0_0.jpg"", ""https://xcimg.szwego.com/imgHD/f0138068/20251021/cmp_i1761009158865_2192_0_3.jpg"", ""https://xcimg.szwego.com/imgHD/f0138068/20251021/cmp_i1761009167295_998_0_5.jpg"", ""https://xcimg.szwego.com/imgHD/f0138068/20251021/cmp_i1761009158856_3957_0_4.jpg"", ""https://xcimg.szwego.com/imgHD/f0138068/20251021/cmp_i1761009167321_4679_0_2.jpg"", ""https://xcimg.szwego.com/imgHD/f0138068/20251021/cmp_i1761009167302_7564_0_6.jpg"", ""https://xcimg.szwego.com/imgHD/f0138068/20251021/cmp_i1761009158876_6698_0_8.jpg"", ""https://xcimg.szwego.com/imgHD/f0138068/20251021/cmp_i1761009167297_2180_0_1.jpg"", ""https://xcimg.szwego.com/imgHD/f0138068/20251021/cmp_i1761009158862_8265_0_9.jpg""]"
_dbcrSQhKXPwErkWoFrSA9gXcFlmBNBw7yh3WVYw;;细节图！SML1100¥;0;;lrg3k8cd5bgw3jv;;Для женщин;"[""https://xcimg.szwego.com/img/f0138068/20260103/i1767407746437_5532_0_0.jpg"", ""https://xcimg.szwego.com/img/f0138068/20260103/i1767407747619_5248_0_1.jpg"", ""https://xcimg.szwego.com/img/f0138068/20260103/i1767407746437_8235_0_2.jpg"", ""https://xcimg.szwego.com/img/f0138068/20260103/i1767407746436_3040_0_3.jpg"", ""https://xcimg.szwego.com/img/f0138068/20260103/i1767407747600_6694_0_4.jpg"", ""https://xcimg.szwego.com/img/f0138068/20260103/i1767407746437_6302_0_5.jpg"", ""https://xcimg.szwego.com/img/f0138068/20260103/i1767407746437_8470_0_6.jpg"", ""https://xcimg.szwego.com/img/f0138068/20260103/i1767407747607_9416_0_7.jpg"", ""https://xcimg.szwego.com/img/f0138068/20260103/i1767407747609_4735_0_8.jpg""]"
_dHUrSXImJo8jGq8D2TKzISnCJPJ-cfOU5J9qUDw;;26早春高级手工坊系列花瓣领粗花呢外套。领口立体荷叶边纱质花瓣，仙气满满，水钻纽扣+金属饰边，细节超精致!四口袋设计，实用又经典。粗花呢保暖，春秋单穿，冬季内搭都很 OK，搭配短裤，半裙或牛仔裤，轻松切换甜辣or名媛风，日常出街，聚会都能轻松驾驭 SML1100💰;0;;lrg3k8cd5bgw3jv;;Для женщин;"[""https://xcimg.szwego.com/img/f0138068/20260103/a1767410190397_0533.jpg"", ""https://xcimg.szwego.com/img/f0138068/20260103/a1767410190399_8311.jpg"", ""https://xcimg.szwego.com/img/f0138068/20260103/a1767410190394_7820.jpg"", ""https://xcimg.szwego.com/img/f0138068/20260103/a1767410191310_7746.jpg"", ""https://xcimg.szwego.com/img/f0138068/20260103/a1767410190585_1822.jpg"", ""https://xcimg.szwego.com/img/f0138068/20260103/a1767410191313_4427.jpg"", ""https://xcimg.szwego.com/img/f0138068/20260103/a1767410190392_4485.jpg"", ""https://xcimg.szwego.com/img/f0138068/20260103/a1767410191313_3020.jpg"", ""https://xcimg.szwego.com/img/f0138068/20260103/a1767410191310_1271.jpg""]"
_daQrS7s6yY6hbiRmoGoUMxP7hFUMcxxem2FmmVw;;细节图！SML460¥;0;;lrg3k8cd5bgw3jv;;Для женщин;"[""https://xcimg.szwego.com/img/f0138068/20260104/i1767496369455_6868_0_0.jpg"", ""https://xcimg.szwego.com/img/f0138068/20260104/i1767496368457_9016_0_1.jpg"", ""https://xcimg.szwego.com/img/f0138068/20260104/i1767496369539_9197_0_2.jpg"", ""https://xcimg.szwego.com/img/f0138068/20260104/i1767496368424_930_0_3.jpg"", ""https://xcimg.szwego.com/img/f0138068/20260104/i1767496368415_3520_0_4.jpg"", ""https://xcimg.szwego.com/img/f0138068/20260104/i1767496368412_9890_0_5.jpg"", ""https://xcimg.szwego.com/img/f0138068/20260104/i1767496368456_2613_0_6.jpg"", ""https://xcimg.szwego.com/img/f0138068/20260104/i1767496369488_4295_0_7.jpg"", ""https://xcimg.szwego.com/img/f0138068/20260104/i1767496369537_8042_0_8.jpg""]"
_deYrSRr4fn23Dcd_pMKM68RxMfrPXrWKu5gt7NQ;;细节图！SML220💰;0;;lrg3k8cd5bgw3jv;;Для женщин;"[""https://xcimg.szwego.com/img/f0138068/20251211/i1765419783094_4083_0_0.jpg"", ""https://xcimg.szwego.com/img/f0138068/20251211/i1765419782398_2929_0_1.jpg"", ""https://xcimg.szwego.com/img/f0138068/20251211/i1765419783097_8579_0_2.jpg"", ""https://xcimg.szwego.com/img/f0138068/20251211/i1765419782309_5575_0_3.jpg"", ""https://xcimg.szwego.com/img/f0138068/20251211/i1765419782440_4612_0_4.jpg"", ""https://xcimg.szwego.com/img/f0138068/20251211/i1765419782390_8949_0_5.jpg"", ""https://xcimg.szwego.com/img/f0138068/20251211/i1765419782465_2388_0_6.jpg""]"
_duFrSMb6bg1s7YW_34UysO10grtvs0sSJgTUqHA;;26新款凯旋门高领短袖T恤，采用柔软纯棉面料，穿着舒适透气。胸前凯旋门刺绣+品牌标 识，法式优雅满分 。宽松版型，白色百搭，随手搭牛仔裤或休闲裤都很OK!春夏季节必备单品，轻松打造简约高级感~SML200💰;0;;lrg3k8cd5bgw3jv;;Для женщин;"[""https://xcimg.szwego.com/img/f0138068/20251215/a1765770566422_1686.jpg"", ""https://xcimg.szwego.com/img/f0138068/20251215/a1765770566435_1006.jpg"", ""https://xcimg.szwego.com/img/f0138068/20251215/a1765770566351_8642.jpg"", ""https://xcimg.szwego.com/img/f0138068/20251215/a1765770566485_8668.jpg"", ""https://xcimg.szwego.com/img/f0138068/20251215/a1765770566395_0237.jpg"", ""https://xcimg.szwego.com/img/f0138068/20251215/a1765770570885_5240.jpg"", ""https://xcimg.szwego.com/img/f0138068/20251215/a1765770570764_6352.jpg""]"
_djnrSlAfXkDhHvEI-fNdyeYK0OPY1JvpItheiIw;;细节图！SML860¥;0;;lrg3k8cd5bgw3jv;;Для женщин;"[""https://xcimg.szwego.com/img/f0138068/20251205/i1764900760479_7135_0_0.jpg"", ""https://xcimg.szwego.com/img/f0138068/20251205/i1764900760052_1482_0_1.jpg"", ""https://xcimg.szwego.com/img/f0138068/20251205/i1764900759715_2884_0_2.jpg"", ""https://xcimg.szwego.com/img/f0138068/20251205/i1764900759739_3334_0_3.jpg"", ""https://xcimg.szwego.com/img/f0138068/20251205/i1764900760456_3662_0_5.jpg"", ""https://xcimg.szwego.com/img/f0138068/20251205/i1764900760491_7053_0_6.jpg"", ""https://xcimg.szwego.com/img/f0138068/20251205/i1764900759672_1760_0_7.jpg"", ""https://xcimg.szwego.com/img/f0138068/20251205/i1764900759701_1255_0_8.jpg"", ""https://xcimg.szwego.com/img/f0138068/20251205/i1764900760481_1893_0_4.jpg""]"
_dstrSrL8DgLJu-s7brIOqnypokdZSs7R_naZsMQ;;25N系列连帽羊羔毛厚开衫外套，奶白色主调，柔软舒适，秋冬穿超暖!背部黑色菱格纹+双CLogo刺绣，辨识度满分。连帽设计休闲随性，宽松版型包容性强，均码适合多种身材。搭配紧身打底或宽松裤装都很出彩，轻松打造慵懒高级感穿搭 SML860¥;0;;lrg3k8cd5bgw3jv;;Для женщин;"[""https://xcimg.szwego.com/img/f0138068/20251205/a1764904092274_5070.jpg"", ""https://xcimg.szwego.com/img/f0138068/20251118/a1763434377430_8773.jpg"", ""https://xcimg.szwego.com/img/f0138068/20251205/a1764904092202_3475.jpg"", ""https://xcimg.szwego.com/img/f0138068/20251205/a1764904092194_8755.jpg"", ""https://xcimg.szwego.com/img/f0138068/20251205/a1764904092300_5612.jpg"", ""https://xcimg.szwego.com/img/f0138068/20251118/a1763434376306_6530.jpg""]"
_dMIrSv9lZYThQ6CWc8EhCAnOLxX9ZfpAkwFlHxA;;细节图！SML780¥;0;;lrg3k8cd5bgw3jv;;Для женщин;"[""https://xcimg.szwego.com/img/f0138068/20251216/i1765854060759_4878_0_0.jpg"", ""https://xcimg.szwego.com/img/f0138068/20251216/i1765854062885_9116_0_1.jpg"", ""https://xcimg.szwego.com/img/f0138068/20251216/i1765854060768_4404_0_2.jpg"", ""https://xcimg.szwego.com/img/f0138068/20251216/i1765854058850_9548_0_3.jpg"", ""https://xcimg.szwego.com/img/f0138068/20251216/i1765854058893_7353_0_5.jpg"", ""https://xcimg.szwego.com/img/f0138068/20251216/i1765854060762_7550_0_6.jpg"", ""https://xcimg.szwego.com/img/f0138068/20251216/i1765854033745_3899_0_6.jpg"", ""https://xcimg.szwego.com/img/f0138068/20251216/i1765854060724_6082_0_8.jpg"", ""https://xcimg.szwego.com/img/f0138068/20251216/i1765854058898_5082_0_10.jpg""]"
_da_rS3x-wcRKdDgjlBD5SpwKR3NXBP892vYICIA;;细节图！SML480¥;0;;lrg3k8cd5bgw3jv;;Для женщин;"[""https://xcimg.szwego.com/img/f0138068/20251216/i1765854033781_7884_0_0.jpg"", ""https://xcimg.szwego.com/img/f0138068/20251216/i1765854033771_1819_0_2.jpg"", ""https://xcimg.szwego.com/img/f0138068/20251216/i1765854033764_8700_0_1.jpg"", ""https://xcimg.szwego.com/img/f0138068/20251216/i1765854033768_4806_0_3.jpg"", ""https://xcimg.szwego.com/img/f0138068/20251216/i1765854035380_3984_0_4.jpg"", ""https://xcimg.szwego.com/img/f0138068/20251216/i1765854035382_3970_0_5.jpg"", ""https://xcimg.szwego.com/img/f0138068/20251216/i1765854033745_3899_0_6.jpg""]"
_dq-rSzzReDEa9ehs7J2VMuVqvTNRDCa7d_vE7xA;;细节图！SML780¥;0;;lrg3k8cd5bgw3jv;;Для женщин;"[""https://xcimg.szwego.com/img/f0138068/20251216/i1765854009272_1210_0_0.jpg"", ""https://xcimg.szwego.com/img/f0138068/20251216/i1765854007193_556_0_1.jpg"", ""https://xcimg.szwego.com/img/f0138068/20251216/i1765854007161_4021_0_2.jpg"", ""https://xcimg.szwego.com/img/f0138068/20251216/i1765854007175_6826_0_3.jpg"", ""https://xcimg.szwego.com/img/f0138068/20251216/i1765854007224_3491_0_4.jpg"", ""https://xcimg.szwego.com/img/f0138068/20251216/i1765854009257_9577_0_5.jpg"", ""https://xcimg.szwego.com/img/f0138068/20251216/i1765854009263_5546_0_6.jpg"", ""https://xcimg.szwego.com/img/f0138068/20251216/i1765854007194_6141_0_7.jpg"", ""https://xcimg.szwego.com/img/f0138068/20251216/i1765854009285_2977_0_8.jpg""]"
_dakrSaelK-156GkfiJ9Wwv8uPlQwPVYiw10MHZw;;细节图！SML480¥;0;;lrg3k8cd5bgw3jv;;Для женщин;"[""https://xcimg.szwego.com/img/f0138068/20251216/i1765853973105_6999_0_0.jpg"", ""https://xcimg.szwego.com/img/f0138068/20251216/i1765853973105_1205_0_1.jpg"", ""https://xcimg.szwego.com/img/f0138068/20251216/i1765853975855_8141_0_5.jpg"", ""https://xcimg.szwego.com/img/f0138068/20251216/i1765853975886_6021_0_2.jpg"", ""https://xcimg.szwego.com/img/f0138068/20251216/i1765853973104_5024_0_3.jpg"", ""https://xcimg.szwego.com/img/f0138068/20251216/i1765853975871_4869_0_4.jpg"", ""https://xcimg.szwego.com/img/f0138068/20251216/i1765853973105_4085_0_6.jpg"", ""https://xcimg.szwego.com/img/f0138068/20251216/i1765853975881_8143_0_7.jpg"", ""https://xcimg.szwego.com/img/f0138068/20251216/i1765853973105_458_0_8.jpg""]"
_dpgrSQYWdMVc-g4XTeHkfAtv5NbHkS7j_MbKH7w;;25N滑雪系列毛毛外套＋半裙套装，马海毛混纺材质，柔软又保暖，秋冬穿超合适!双排扣+白色滚边，优雅复古感满满，圆领设计简约大方低调百搭，轻松搭配各种内搭和裙装，温暖又时髦。滑雪场景或日常穿搭都能轻松驾驭，是冬季衣橱必备单品! 外套SML780💰 半裙SML480💰;0;;lrg3k8cd5bgw3jv;;Для женщин;"[""https://xcimg.szwego.com/img/f0138068/20251216/a1765855229952_4866.jpg"", ""https://xcimg.szwego.com/img/f0138068/20251216/a1765855230095_5420.jpg"", ""https://xcimg.szwego.com/img/f0138068/20251216/a1765855230092_6444.jpg"", ""https://xcimg.szwego.com/img/f0138068/20251216/a1765855230125_8430.jpg"", ""https://xcimg.szwego.com/img/f0138068/20251216/a1765855230153_6383.jpg"", ""https://xcimg.szwego.com/img/f0138068/20251216/a1765855233353_7135.jpg"", ""https://xcimg.szwego.com/img/f0138068/20251216/a1765855233304_8032.jpg"", ""https://xcimg.szwego.com/img/f0138068/20251216/a1765855233352_0381.jpg""]"
_dqgrSIQa8Zpyy5EISqYAlQu_8L6lkco19-OhHBQ;;细节图！SML650¥;0;;lrg3k8cd5bgw3jv;;Для женщин;"[""https://xcimg.szwego.com/img/f0138068/20251208/i1765161722935_5434_0_0.jpg"", ""https://xcimg.szwego.com/img/f0138068/20251208/i1765161722923_1334_0_1.jpg"", ""https://xcimg.szwego.com/img/f0138068/20251208/i1765161727254_3281_0_2.jpg"", ""https://xcimg.szwego.com/img/f0138068/20251208/i1765161722903_7288_0_3.jpg"", ""https://xcimg.szwego.com/img/f0138068/20251208/i1765161722894_4955_0_4.jpg"", ""https://xcimg.szwego.com/img/f0138068/20251208/i1765161722872_9865_0_5.jpg"", ""https://xcimg.szwego.com/img/f0138068/20251208/i1765161727246_5250_0_6.jpg"", ""https://xcimg.szwego.com/img/f0138068/20251208/i1765161727242_1725_0_7.jpg"", ""https://xcimg.szwego.com/img/f0138068/20251208/i1765161727202_9173_0_8.jpg""]"
_d-grSkM_8Qoocza7xljKgMgFtvzz__jKj2-UYzg;;细节图！SML430¥;0;;lrg3k8cd5bgw3jv;;Для женщин;"[""https://xcimg.szwego.com/img/f0138068/20260106/i1767702550737_3825_0_0.jpg"", ""https://xcimg.szwego.com/img/f0138068/20260106/i1767702548708_499_0_4.jpg"", ""https://xcimg.szwego.com/img/f0138068/20260106/i1767702550758_8379_0_1.jpg"", ""https://xcimg.szwego.com/img/f0138068/20260106/i1767702548708_2932_0_2.jpg"", ""https://xcimg.szwego.com/img/f0138068/20260106/i1767702548708_2416_0_3.jpg"", ""https://xcimg.szwego.com/img/f0138068/20260106/i1767702548708_5707_0_5.jpg"", ""https://xcimg.szwego.com/img/f0138068/20260106/i1767702548708_7303_0_7.jpg""]"
_dxFrSMQJ4rVgrTimQTG3JHLEmP9BIQm6Nr2yNlg;;26早春系列荷叶边针织开衫，采用亚麻混纺罗纹针织，轻盈透气，修身版型超显气质、米白色调温柔百搭，配牛仔裤或裙装都很优雅，通勤日常都能轻松驾驭，精致感满满！ SML430💰;0;;lrg3k8cd5bgw3jv;;Для женщин;"[""https://xcimg.szwego.com/img/f0138068/20260106/i1767702608883_7155_0_0.jpg"", ""https://xcimg.szwego.com/img/f0138068/20260106/i1767702608885_7172_0_1.jpg"", ""https://xcimg.szwego.com/img/f0138068/20260106/i1767702608883_6295_0_2.jpg"", ""https://xcimg.szwego.com/img/f0138068/20260106/i1767702608883_5172_0_3.jpg"", ""https://xcimg.szwego.com/img/f0138068/20260106/i1767702608884_8223_0_4.jpg"", ""https://xcimg.szwego.com/img/f0138068/20260107/a1767750755533_1151.jpg""]"
_dd2rSd8GGafek0-MVA5ozdvQeh1IUt8QpjFbrAQ;;细节图！SML230¥;0;;lrg3k8cd5bgw3jv;;Для женщин;"[""https://xcimg.szwego.com/img/f0138068/20260113/i1768271193619_9656_0_0.jpg"", ""https://xcimg.szwego.com/img/f0138068/20260113/i1768271193672_2516_0_3.jpg"", ""https://xcimg.szwego.com/img/f0138068/20260113/i1768271194316_7113_0_1.jpg"", ""https://xcimg.szwego.com/img/f0138068/20260113/i1768271194288_6568_0_2.jpg"", ""https://xcimg.szwego.com/img/f0138068/20260113/i1768271193661_3795_0_4.jpg"", ""https://xcimg.szwego.com/img/f0138068/20260113/i1768271193676_9078_0_5.jpg"", ""https://xcimg.szwego.com/img/f0138068/20260113/i1768271193626_2916_0_6.jpg""]"
_ds-rSaAMaWMxQTl7qfxilAAPx2qaYCAxH7mXRVA;;26早春系列红灰条纹Polo衫，100%棉材质，纱线细腻，柔软亲肤，穿着超舒适！红灰撞色条纹，复古又时髦，节日氛围感满满🎉。Oversize宽松版型，打破传统Polo刻板印象，甜酷风格轻松拿捏。灰色翻领+胸前品牌标识，细节满分✨。搭配牛仔裤或休闲裤，日常出街、节日穿搭都很出彩！ SML230💰;0;;lrg3k8cd5bgw3jv;;Для женщин;"[""https://xcimg.szwego.com/img/f0138068/20260113/a1768272108129_5502.jpg"", ""https://xcimg.szwego.com/img/f0138068/20260113/a1768272108168_6508.jpg"", ""https://xcimg.szwego.com/img/f0138068/20260113/a1768272108089_4508.jpg"", ""https://xcimg.szwego.com/img/f0138068/20260113/a1768272108081_1655.jpg"", ""https://xcimg.szwego.com/img/f0138068/20260113/a1768272109062_0500.jpg"", ""https://xcimg.szwego.com/img/f0138068/20260113/a1768272108143_8504.jpg""]"
_dnWrSaoVKpLF1jqKpqAmztanpOrfW7Eq-PjSy1w;;细节图！SML560¥;0;;lrg3k8cd5bgw3jv;;Для женщин;"[""https://xcimg.szwego.com/img/f0138068/20260112/i1768184468335_9500_0_0.jpg"", ""https://xcimg.szwego.com/img/f0138068/20260112/i1768184468359_4000_0_1.jpg"", ""https://xcimg.szwego.com/img/f0138068/20260112/i1768184468305_2614_0_2.jpg"", ""https://xcimg.szwego.com/img/f0138068/20260112/i1768184468330_6852_0_3.jpg"", ""https://xcimg.szwego.com/img/f0138068/20260112/i1768184468931_3751_0_4.jpg"", ""https://xcimg.szwego.com/img/f0138068/20260112/i1768184468339_2256_0_5.jpg""]"
_djVrSDQ24vvc4CCdwus6vut3LfzxDOhI0DgtTbg;;新年当然要穿红色呀❣️ 新春限定红色毛衣，马海毛混纺，柔软又保暖，秋冬穿超舒服！正红色+白色浮雕字母，艺术感满满，辨识度超高✨。圆领设计经典百搭，牛仔裤or半裙都能轻松驾驭，节日氛围感直接拉满！新春、本命年穿它，好运值爆棚，时髦又有仪式感，新春系列超火单品之一🔥 SML560💰;0;;lrg3k8cd5bgw3jv;;Для женщин;"[""https://xcimg.szwego.com/img/f0138068/20260112/i1768184493671_6908_0_0.jpg"", ""https://xcimg.szwego.com/img/f0138068/20260112/i1768184493693_3717_0_1.jpg"", ""https://xcimg.szwego.com/img/f0138068/20260112/i1768184493671_5909_0_2.jpg"", ""https://xcimg.szwego.com/img/f0138068/20260112/i1768184493941_5296_0_3.jpg"", ""https://xcimg.szwego.com/img/f0138068/20260112/i1768184493670_6364_0_4.jpg"", ""https://xcimg.szwego.com/img/f0138068/20260112/i1768184494062_8521_0_5.jpg"", ""https://xcimg.szwego.com/img/f0138068/20260112/i1768184493672_2118_0_6.jpg"", ""https://xcimg.szwego.com/img/f0138068/20260112/i1768184493941_833_0_7.jpg""]"
_duWrS-FXfFPu6IcNpPKY1grzleWGH66A_FhCP3w;;细节图！SML390¥;0;;lrg3k8cd5bgw3jv;;Для женщин;"[""https://xcimg.szwego.com/img/f0138068/20260119/i1768793853261_402_0_0.jpg"", ""https://xcimg.szwego.com/img/f0138068/20260119/i1768793857779_3859_0_9.jpg"", ""https://xcimg.szwego.com/img/f0138068/20260119/i1768793853414_8350_0_4.jpg"", ""https://xcimg.szwego.com/img/f0138068/20260119/i1768793854938_7666_0_1.jpg"", ""https://xcimg.szwego.com/img/f0138068/20260119/i1768793853459_4057_0_2.jpg"", ""https://xcimg.szwego.com/img/f0138068/20260119/i1768793854955_7504_0_3.jpg"", ""https://xcimg.szwego.com/img/f0138068/20260119/i1768793854960_9596_0_6.jpg"", ""https://xcimg.szwego.com/img/f0138068/20260119/i1768793853419_8983_0_8.jpg"", ""https://xcimg.szwego.com/img/f0138068/20260119/i1768793854951_9018_0_7.jpg""]"
_dkdrSzQiZ0sN_UWo4P59hISdH-eLQHG15GNxdnA;;26早春新品酒红色连帽外套➕短裤套装、轻薄尼龙材质，防风又舒适，抽绳连帽+短款宽松版型，休闲又时髦，拉链设计方便穿脱，细节满满✨。搭配同色短裤轻松get甜酷风or运动风，日常出街、户外活动都很OK！ 上衣SML390¥ 短裤SML300¥;0;;lrg3k8cd5bgw3jv;;Для женщин;"[""https://xcimg.szwego.com/img/f0138068/20260119/i1768793470309_4394_0_0.jpg"", ""https://xcimg.szwego.com/img/f0138068/20260119/i1768793470309_3166_0_1.jpg"", ""https://xcimg.szwego.com/img/f0138068/20260119/i1768793470309_7210_0_2.jpg"", ""https://xcimg.szwego.com/img/f0138068/20260119/i1768793470309_8672_0_3.jpg"", ""https://xcimg.szwego.com/img/f0138068/20260119/i1768793470309_7195_0_4.jpg"", ""https://xcimg.szwego.com/img/f0138068/20260119/i1768793473875_9374_0_5.jpg""]"
_deLrSn2oTuRa43APeqMrA3tUbRWvPxlkv-CwGLQ;;细节图！SML490¥;0;;lrg3k8cd5bgw3jv;;Для женщин;"[""https://xcimg.szwego.com/img/f0138068/20260117/i1768615973626_985_0_0.jpg"", ""https://xcimg.szwego.com/img/f0138068/20260117/i1768615971408_7043_0_1.jpg"", ""https://xcimg.szwego.com/img/f0138068/20260117/i1768615971406_2145_0_2.jpg"", ""https://xcimg.szwego.com/img/f0138068/20260117/i1768615971356_7933_0_3.jpg"", ""https://xcimg.szwego.com/img/f0138068/20260117/i1768615971441_728_0_4.jpg"", ""https://xcimg.szwego.com/img/f0138068/20260117/i1768615973602_2213_0_5.jpg"", ""https://xcimg.szwego.com/img/f0138068/20260117/i1768615971424_2909_0_6.jpg"", ""https://xcimg.szwego.com/img/f0138068/20260117/i1768615973596_8094_0_7.jpg""]"
_dnYrSo-NjmHWOSjZ_A8478HeS0-ItDS83g8SB4w;;上衣细节图！SML680¥;0;;lrg3k8cd5bgw3jv;;Для женщин;"[""https://xcimg.szwego.com/img/f0138068/20251216/i1765859833353_8779_0_0.jpg"", ""https://xcimg.szwego.com/img/f0138068/20251216/i1765859829675_4832_0_1.jpg"", ""https://xcimg.szwego.com/img/f0138068/20251216/i1765859829668_5716_0_2.jpg"", ""https://xcimg.szwego.com/img/f0138068/20251216/i1765859833372_7212_0_3.jpg"", ""https://xcimg.szwego.com/img/f0138068/20251216/i1765859829637_5264_0_4.jpg"", ""https://xcimg.szwego.com/img/f0138068/20251216/i1765859833362_2697_0_5.jpg"", ""https://xcimg.szwego.com/img/f0138068/20251216/i1765859833354_6510_0_6.jpg"", ""https://xcimg.szwego.com/img/f0138068/20251216/i1765859808312_5009_0_7.jpg"", ""https://xcimg.szwego.com/img/f0138068/20251216/i1765859829675_3473_0_8.jpg""]"
_diSrSbtce7-3ID1Vuo96b2RM7uVUTDRSWzdl5PA;;半裙细节图！SML680¥;0;;lrg3k8cd5bgw3jv;;Для женщин;"[""https://xcimg.szwego.com/img/f0138068/20251216/i1765859805270_5674_0_0.jpg"", ""https://xcimg.szwego.com/img/f0138068/20251216/i1765859805266_212_0_1.jpg"", ""https://xcimg.szwego.com/img/f0138068/20251216/i1765859805266_712_0_2.jpg"", ""https://xcimg.szwego.com/img/f0138068/20251216/i1765859808344_1286_0_3.jpg"", ""https://xcimg.szwego.com/img/f0138068/20251216/i1765859808330_9448_0_4.jpg"", ""https://xcimg.szwego.com/img/f0138068/20251216/i1765859805218_4833_0_5.jpg"", ""https://xcimg.szwego.com/img/f0138068/20251216/i1765859805251_4605_0_6.jpg"", ""https://xcimg.szwego.com/img/f0138068/20251216/i1765859808312_5009_0_7.jpg""]"
_dr8rSdFPySLUgc8o7Zna3gkpeOlzUnq2Hdht8cQ;;围巾细节图🧣 360¥;0;;lrg3k8cd5bgw3jv;;Для женщин;"[""https://xcimg.szwego.com/img/f0138068/20251219/i1766114913287_1684_0_0.jpg"", ""https://xcimg.szwego.com/img/f0138068/20251219/i1766119389152_2660_0_7.jpg"", ""https://xcimg.szwego.com/img/f0138068/20251219/i1766114889601_7845_0_0.jpg"", ""https://xcimg.szwego.com/img/f0138068/20251219/i1766114917862_7649_0_2.jpg"", ""https://xcimg.szwego.com/img/f0138068/20251219/i1766114889549_9563_0_5.jpg"", ""https://xcimg.szwego.com/img/f0138068/20251219/i1766114913248_2328_0_4.jpg"", ""https://xcimg.szwego.com/img/f0138068/20251219/i1766114917860_662_0_5.jpg"", ""https://xcimg.szwego.com/img/f0138068/20251219/i1766114889570_9686_0_6.jpg""]"
_dIlrSzH9a-zXNdA7EPUXzyFR2igMWUGZ1ldh5UQ;;帽子细节图！ 260¥ 黑色 白色;0;;lrg3k8cd5bgw3jv;;Для женщин;"[""https://xcimg.szwego.com/img/f0138068/20251219/i1766115042709_8255_0_7.jpg"", ""https://xcimg.szwego.com/img/f0138068/20251219/i1766114889545_5991_0_1.jpg"", ""https://xcimg.szwego.com/img/f0138068/20251219/i1766114889525_3567_0_2.jpg"", ""https://xcimg.szwego.com/img/f0138068/20251219/i1766114905202_4169_0_3.jpg"", ""https://xcimg.szwego.com/img/f0138068/20251219/i1766114899714_5129_0_4.jpg"", ""https://xcimg.szwego.com/img/f0138068/20251219/i1766115042714_826_0_8.jpg"", ""https://xcimg.szwego.com/img/f0138068/20251219/i1766115047649_6647_0_9.jpg"", ""https://xcimg.szwego.com/img/f0138068/20251219/i1766115042733_4623_0_11.jpg"", ""https://xcimg.szwego.com/img/f0138068/20251219/i1766115042789_2392_0_12.jpg""]"
_dvErShXsTz5_hcIkfy970n49llEj2x5RvlbzgAw;;⚫秋冬必备的经典单品;0;;lrg3k8cd5bgw3jv;;Для женщин;"[""https://xcimg.szwego.com/img/f0138068/20251219/a1766120471611_7662.jpg"", ""https://xcimg.szwego.com/img/f0138068/20251219/a1766120471576_0243.jpg"", ""https://xcimg.szwego.com/img/f0138068/20251219/a1766120471593_1264.jpg"", ""https://xcimg.szwego.com/img/f0138068/20251219/a1766120471476_6802.jpg"", ""https://xcimg.szwego.com/img/f0138068/20251219/a1766120471540_5082.jpg"", ""https://xcimg.szwego.com/img/f0138068/20251219/a1766120479361_5138.jpg"", ""https://xcimg.szwego.com/img/f0138068/20251219/a1766120479559_4045.jpg""]"
_ddorSwfnZiyc2kKrtlmVxFqRYRNmhScq_I26rhQ;;25N羊绒围巾加＋羊绒冷帽 长度适中，围法多变，实用又时髦，是秋冬必备单品！;0;;lrg3k8cd5bgw3jv;;Для женщин;"[""https://xcimg.szwego.com/img/f0138068/20251219/i1766119489270_2013_0_0.jpg"", ""https://xcimg.szwego.com/img/f0138068/20251219/i1766119481128_8981_0_1.jpg"", ""https://xcimg.szwego.com/img/f0138068/20251219/i1766119489252_350_0_3.jpg"", ""https://xcimg.szwego.com/img/f0138068/20251219/i1766119489237_8938_0_4.jpg"", ""https://xcimg.szwego.com/img/f0138068/20251219/i1766119481128_9491_0_7.jpg"", ""https://xcimg.szwego.com/img/f0138068/20251219/i1766119481128_2664_0_8.jpg""]"
_dsjrSILJf8MVrKWRqhpWh4QyHlMzl32g3tH-KfQ;;细节图！SML630¥;0;;lrg3k8cd5bgw3jv;;Для женщин;"[""https://xcimg.szwego.com/img/f0138068/20251205/i1764900782892_1309_0_0.jpg"", ""https://xcimg.szwego.com/img/f0138068/20251205/i1764900782262_6812_0_4.jpg"", ""https://xcimg.szwego.com/img/f0138068/20251205/i1764900782910_3693_0_1.jpg"", ""https://xcimg.szwego.com/img/f0138068/20251205/i1764900782207_854_0_2.jpg"", ""https://xcimg.szwego.com/img/f0138068/20251205/i1764900782888_3224_0_3.jpg"", ""https://xcimg.szwego.com/img/f0138068/20251205/i1764900782286_6217_0_5.jpg"", ""https://xcimg.szwego.com/img/f0138068/20251205/i1764900782225_3526_0_6.jpg"", ""https://xcimg.szwego.com/img/f0138068/20251205/i1764900782216_8994_0_7.jpg""]"
_dxIrSFl6xl5xDUQnwYoQFPvuQO4McC5psIBOXqA;;25N新款滑雪季小鹿毛衣，经典费尔岛提花设计，羊绒羊毛混纺，柔软又保暖。米白底配棕灰小鹿、雪花、灯笼，圣诞氛围感拉满!圆领+罗纹收口，修身显瘦，优雅又俏皮，节日聚会或日常穿搭都超适合SML630💰;0;;lrg3k8cd5bgw3jv;;Для женщин;"[""https://xcimg.szwego.com/img/f0138068/20251205/a1764903285524_7207.jpg"", ""https://xcimg.szwego.com/img/f0138068/20251205/a1764903285768_3311.jpg"", ""https://xcimg.szwego.com/img/f0138068/20251205/a1764903285686_1766.jpg"", ""https://xcimg.szwego.com/img/f0138068/20251205/a1764903285577_8773.jpg"", ""https://xcimg.szwego.com/img/f0138068/20251205/a1764903285496_2181.jpg"", ""https://xcimg.szwego.com/img/f0138068/20251205/a1764903289803_5657.jpg"", ""https://xcimg.szwego.com/img/f0138068/20251205/a1764903289640_5818.jpg"", ""https://xcimg.szwego.com/img/f0138068/20251205/a1764903289836_7108.jpg"", ""https://xcimg.szwego.com/img/f0138068/20251205/a1764903541708_6802.jpg""]"
_d-NrS8rvH-e24Wa4WHU5Bb8kAZ3T4ufqiEjEATQ;;细节图！SML630¥;0;;lrg3k8cd5bgw3jv;;Для женщин;"[""https://xcimg.szwego.com/img/f0138068/20251213/i1765598232468_3247_0_0.jpg"", ""https://xcimg.szwego.com/img/f0138068/20251213/i1765598254588_3639_0_3.jpg"", ""https://xcimg.szwego.com/img/f0138068/20251213/i1765598232468_5856_0_1.jpg"", ""https://xcimg.szwego.com/img/f0138068/20251213/i1765598232468_2934_0_2.jpg"", ""https://xcimg.szwego.com/img/f0138068/20251213/i1765598254598_6660_0_4.jpg"", ""https://xcimg.szwego.com/img/f0138068/20251213/i1765598232468_5953_0_5.jpg"", ""https://xcimg.szwego.com/img/f0138068/20251213/i1765598232468_5701_0_7.jpg"", ""https://xcimg.szwego.com/img/f0138068/20251213/i1765598248664_5566_0_6.jpg""]"
_da-rSJ-ZR-WBg34Zqm_cAkeVJcQeoDyxq1q2c1g;;25N滑雪系列圣诞小鹿羊绒毛衣，深棕色为主，点缀麋鹿，雪花，圣诞树等费尔岛提花，节日氛围感拉满。高品质羊绒，柔软保暖，圆领设计简约大方，袖口和下摆罗纹收口，舒适又实用。无论搭配牛仔裤还是半裙，都能轻 松打造复古俏皮冬日造型 SML630💰;0;;lrg3k8cd5bgw3jv;;Для женщин;"[""https://xcimg.szwego.com/img/f0138068/20251213/a1765598604432_2122.jpg"", ""https://xcimg.szwego.com/img/f0138068/20251213/a1765598604495_0362.jpg"", ""https://xcimg.szwego.com/img/f0138068/20251213/a1765598604440_7753.jpg"", ""https://xcimg.szwego.com/img/f0138068/20251213/a1765598604458_7722.jpg"", ""https://xcimg.szwego.com/img/f0138068/20251213/a1765598604394_7707.jpg"", ""https://xcimg.szwego.com/img/f0138068/20251213/a1765598617474_3557.jpg"", ""https://xcimg.szwego.com/img/f0138068/20251213/a1765598617470_7348.jpg"", ""https://xcimg.szwego.com/img/f0138068/20251213/a1765598617467_3567.jpg"", ""https://xcimg.szwego.com/img/f0138068/20251213/a1765598617539_6881.jpg""]"
_d8drSLNUbqMAo0MCG5fYv3EeUe4eI1smt4ijUQA;;细节图！SML390¥;0;;lrg3k8cd5bgw3jv;;Для женщин;"[""https://xcimg.szwego.com/img/f0138068/20260115/i1768442577869_9040_0_0.jpg"", ""https://xcimg.szwego.com/img/f0138068/20260115/i1768442577818_113_0_5.jpg"", ""https://xcimg.szwego.com/img/f0138068/20260115/i1768442577861_6370_0_3.jpg"", ""https://xcimg.szwego.com/img/f0138068/20260115/i1768442579220_7104_0_1.jpg"", ""https://xcimg.szwego.com/img/f0138068/20260115/i1768442579310_2249_0_4.jpg"", ""https://xcimg.szwego.com/img/f0138068/20260115/i1768442577920_1859_0_6.jpg"", ""https://xcimg.szwego.com/img/f0138068/20260115/i1768442579179_6178_0_2.jpg"", ""https://xcimg.szwego.com/img/f0138068/20260115/i1768442577956_4648_0_7.jpg"", ""https://xcimg.szwego.com/img/f0138068/20260115/i1768442579323_1222_0_8.jpg""]"
_doFrSQzbsQJpZZg8sjyboK2pb8nIfDxN0f6ND7g;;MM新年限定红色摇粒绒外套，柔软抓绒材质，保暖又舒适，秋冬穿超合适！立领+黑色拉链，复古甜酷风满分✨。胸前刺绣徽标低调精致，宽松版型对身材超友好，梨形/苹果型都能轻松驾驭。两侧拉链口袋实用又时髦，日常出街或节日穿搭都很OK🎉。新年氛围感拉满，搭配牛仔裤或短裙，轻松切换慵懒or甜酷风 SML390💰;0;;lrg3k8cd5bgw3jv;;Для женщин;"[""https://xcimg.szwego.com/img/f0138068/20260115/a1768447318954_2266.jpg"", ""https://xcimg.szwego.com/img/f0138068/20260115/a1768447319139_5888.jpg"", ""https://xcimg.szwego.com/img/f0138068/20260115/a1768447319101_3166.jpg"", ""https://xcimg.szwego.com/img/f0138068/20260115/a1768447319100_0482.jpg"", ""https://xcimg.szwego.com/img/f0138068/20260115/a1768447319135_0442.jpg"", ""https://xcimg.szwego.com/img/f0138068/20260115/a1768447326216_1478.jpg""]"
_dwLrSOpJmxhcb4IEA5_LPSCC4u4hsrbNDfTWsgA;;细节图！SML 降价了;0;;lrg3k8cd5bgw3jv;;Для женщин;"[""https://xcimg.szwego.com/img/f0138068/20251213/i1765600432371_4452_0_0.jpg"", ""https://xcimg.szwego.com/img/f0138068/20251213/i1765600432371_2539_0_1.jpg"", ""https://xcimg.szwego.com/img/f0138068/20251213/i1765600441625_6783_0_2.jpg"", ""https://xcimg.szwego.com/img/f0138068/20251213/i1765600432371_2473_0_3.jpg"", ""https://xcimg.szwego.com/img/f0138068/20251213/i1765600432371_9766_0_5.jpg"", ""https://xcimg.szwego.com/img/f0138068/20251213/i1765600441641_4349_0_6.jpg"", ""https://xcimg.szwego.com/img/f0138068/20251213/i1765600441619_7185_0_7.jpg"", ""https://xcimg.szwego.com/img/f0138068/20251213/i1765600432371_9699_0_4.jpg""]"
_dlyrSwRX7y4jJixeCDrCyc0DwlKf-kGW2St23Ag;;降价了 25秋冬滑雪系列Monogram丹宁羽绒服，水洗蓝色调+经典Monogram提花，辨识度超高!尼龙面料仿牛仔质感，轻盈不臃肿，填充高品质 羽绒，保暖力满分 。连帽设计+拉链口袋，实 用又时髦，日常或户外都能轻松驾驭，奢华与运动风完美融合 SML;0;;lrg3k8cd5bgw3jv;;Для женщин;"[""https://xcimg.szwego.com/img/f0138068/20251213/a1765601496110_7654.jpg"", ""https://xcimg.szwego.com/img/f0138068/20251213/a1765601496130_1825.jpg"", ""https://xcimg.szwego.com/img/f0138068/20251213/a1765601496172_4223.jpg"", ""https://xcimg.szwego.com/img/f0138068/20251213/a1765601496272_6220.jpg"", ""https://xcimg.szwego.com/img/f0138068/20251213/a1765601496138_0220.jpg"", ""https://xcimg.szwego.com/img/f0138068/20251213/a1765601503338_3534.jpg"", ""https://xcimg.szwego.com/img/f0138068/20251213/a1765601503410_7513.jpg"", ""https://xcimg.szwego.com/img/f0138068/20251213/a1765601503303_8383.jpg"", ""https://xcimg.szwego.com/img/f0138068/20251213/a1765601503379_4403.jpg""]"
_d9TrS7IOuk4enYRwy492mAp5oP92lWR_oXAI0WQ;;细节图！SML560¥;0;;lrg3k8cd5bgw3jv;;Для женщин;"[""https://xcimg.szwego.com/img/f0138068/20251129/i1764382727607_4267_0_0.jpg"", ""https://xcimg.szwego.com/img/f0138068/20251129/i1764382727609_3538_0_1.jpg"", ""https://xcimg.szwego.com/img/f0138068/20251129/i1764382726964_4648_0_2.jpg"", ""https://xcimg.szwego.com/img/f0138068/20251129/i1764382726923_1677_0_3.jpg"", ""https://xcimg.szwego.com/img/f0138068/20251129/i1764382726986_6950_0_4.jpg"", ""https://xcimg.szwego.com/img/f0138068/20251129/i1764382726973_4503_0_5.jpg"", ""https://xcimg.szwego.com/img/f0138068/20251129/i1764382727612_5156_0_6.jpg"", ""https://xcimg.szwego.com/img/f0138068/20251129/i1764382726930_9204_0_7.jpg""]"
_dadrSeI0D_bPbmebntXeIhe9iZoP7Tu23lP3tdA;;25新款泰迪老花连帽马甲，经典Monogram图案+柔软毛绒材质，保暖又时髦!驼色主调，秋冬氛围感拉满，。连帽设计+拉链开合，穿脱超方便，束腰抽绳细节让身形更显精致+◆。休闲百搭，随手搭衬衫或针织衫都很出彩，轻松get温暖时尚造型!SML560💰;0;;lrg3k8cd5bgw3jv;;Для женщин;"[""https://xcimg.szwego.com/img/f0138068/20251129/a1764382483873_3047.jpg"", ""https://xcimg.szwego.com/img/f0138068/20251129/a1764382483824_6505.jpg"", ""https://xcimg.szwego.com/img/f0138068/20251129/a1764382483795_7353.jpg"", ""https://xcimg.szwego.com/img/f0138068/20251129/a1764382483430_8704.jpg"", ""https://xcimg.szwego.com/img/f0138068/20251129/a1764382483464_7462.jpg"", ""https://xcimg.szwego.com/img/f0138068/20251129/a1764382484569_6166.jpg"", ""https://xcimg.szwego.com/img/f0138068/20251129/a1764382484439_1601.jpg"", ""https://xcimg.szwego.com/img/f0138068/20251129/a1764382484461_8623.jpg"", ""https://xcimg.szwego.com/img/f0138068/20251129/a1764382484425_0115.jpg""]"
_da2rSrk0H_C6ObRx1vUnwZo49Cg1dZKVlkqK6fA;;细节图！SML590¥;0;;lrg3k8cd5bgw3jv;;Для женщин;"[""https://xcimg.szwego.com/img/f0138068/20251129/i1764381106326_4943_0_0.jpg"", ""https://xcimg.szwego.com/img/f0138068/20251129/i1764381105581_6278_0_1.jpg"", ""https://xcimg.szwego.com/img/f0138068/20251129/i1764381105653_1032_0_2.jpg"", ""https://xcimg.szwego.com/img/f0138068/20251129/i1764381105624_5134_0_3.jpg"", ""https://xcimg.szwego.com/img/f0138068/20251129/i1764381105575_2048_0_4.jpg"", ""https://xcimg.szwego.com/img/f0138068/20251129/i1764381105638_5425_0_5.jpg"", ""https://xcimg.szwego.com/img/f0138068/20251129/i1764381106342_7140_0_6.jpg"", ""https://xcimg.szwego.com/img/f0138068/20251129/i1764381106358_5354_0_7.jpg""]"
_d_ZrSex6DBaQMvpaZdu9oCP0qmeEcWyDjSOwImQ;;25Ski系列绵羊毛马甲，白色绵羊毛+黑色连帽内衬，简约又奢华!金色拉链点缀，细节满分 。内衬柔软，保暖力强，秋冬穿搭超合适。无袖设计叠穿衬衫或毛衣都很出彩，休闲or运动风都能轻松驾驭。时尚与功能兼具，滑雪爱好者必入!SML590💰;0;;lrg3k8cd5bgw3jv;;Для женщин;"[""https://xcimg.szwego.com/img/f0138068/20251129/a1764381872082_4167.jpg"", ""https://xcimg.szwego.com/img/f0138068/20251129/a1764381872077_7866.jpg"", ""https://xcimg.szwego.com/img/f0138068/20251129/a1764381872143_2433.jpg"", ""https://xcimg.szwego.com/img/f0138068/20251129/a1764381872306_8701.jpg"", ""https://xcimg.szwego.com/img/f0138068/20251129/a1764381874788_3401.jpg"", ""https://xcimg.szwego.com/img/f0138068/20251129/a1764381872160_0365.jpg""]"
_dmorSK6J6F7GxIkqKkFdkUYqft59DH_ESnQZY4Q;;细节图！SML450¥;0;;lrg3k8cd5bgw3jv;;Для женщин;"[""https://xcimg.szwego.com/imgHD/f0138068/20251107/cmp_i1762484846180_2473_0_0.jpg"", ""https://xcimg.szwego.com/imgHD/f0138068/20251107/cmp_i1762484844755_5630_0_1.jpg"", ""https://xcimg.szwego.com/imgHD/f0138068/20251107/cmp_i1762484846177_4779_0_2.jpg"", ""https://xcimg.szwego.com/imgHD/f0138068/20251107/cmp_i1762484844755_3282_0_3.jpg"", ""https://xcimg.szwego.com/imgHD/f0138068/20251107/cmp_i1762484844755_9498_0_4.jpg"", ""https://xcimg.szwego.com/imgHD/f0138068/20251107/cmp_i1762484846185_7786_0_5.jpg"", ""https://xcimg.szwego.com/imgHD/f0138068/20251107/cmp_i1762484844755_6224_0_6.jpg"", ""https://xcimg.szwego.com/imgHD/f0138068/20251107/cmp_i1762484844755_3360_0_7.jpg""]"
_dgsrSGDuMSxDJ7npIBkfRNiFlAuNo_oWKSi5nYw;;25秋冬SKI系列提花半拉链毛衣，奶杏色羊毛纱线织造，柔软舒适，秋冬穿超暖!翻领+半开襟拉链设计，穿脱方便，胸前四叶草字母徽标+袖部条纹，学院风满满，适配多种身材，通勤休闲都能穿，是滑雪系列代表单品，兼具功能与时尚感，冬季衣橱必备 SML450💰;0;;lrg3k8cd5bgw3jv;;Для женщин;"[""https://xcimg.szwego.com/imgHD/f0138068/20251107/cmp_i1762483905699_2270_0_3.jpg"", ""https://xcimg.szwego.com/imgHD/f0138068/20251107/cmp_i1762483905698_2216_0_0.jpg"", ""https://xcimg.szwego.com/imgHD/f0138068/20251107/cmp_i1762483906098_7490_0_1.jpg"", ""https://xcimg.szwego.com/imgHD/f0138068/20251107/cmp_i1762483905698_4869_0_5.jpg"", ""https://xcimg.szwego.com/imgHD/f0138068/20251107/cmp_i1762483905698_1091_0_6.jpg"", ""https://xcimg.szwego.com/imgHD/f0138068/20251107/cmp_i1762483905698_9211_0_7.jpg"", ""https://xcimg.szwego.com/imgHD/f0138068/20251107/cmp_a1762484645539_7237.jpg"", ""https://xcimg.szwego.com/imgHD/f0138068/20251107/cmp_a1762484644382_8453.jpg"", ""https://xcimg.szwego.com/imgHD/f0138068/20251107/cmp_a1762484644384_3227.jpg""]"
_duarSgBahjOHy1UtudrTjIjBY2AhAP_ZUIsjY9w;;细节图！SM L960¥;0;;lrg3k8cd5bgw3jv;;Для женщин;"[""https://xcimg.szwego.com/img/f0138068/20251205/i1764900401358_8681_0_0.jpg"", ""https://xcimg.szwego.com/img/f0138068/20251205/i1764900402461_4448_0_8.jpg"", ""https://xcimg.szwego.com/img/f0138068/20251205/i1764900402462_7070_0_1.jpg"", ""https://xcimg.szwego.com/img/f0138068/20251205/i1764900401358_3456_0_2.jpg"", ""https://xcimg.szwego.com/img/f0138068/20251205/i1764900401358_1171_0_3.jpg"", ""https://xcimg.szwego.com/img/f0138068/20251205/i1764900402479_8615_0_4.jpg"", ""https://xcimg.szwego.com/img/f0138068/20251205/i1764900401358_1727_0_5.jpg"", ""https://xcimg.szwego.com/img/f0138068/20251205/i1764900402497_971_0_7.jpg"", ""https://xcimg.szwego.com/img/f0138068/20251205/i1764900402470_4566_0_9.jpg""]"
_diprSSc-9vvDQoUM25nqT37An5RR8B-aUJubrBQ;;25K新品奶白色真丝双C斗篷，真丝材质+双层荷叶边，优雅复古气质满分!双C暗纹超有辨 识度，黑色蝴蝶结点缀，精致又吸睛 。适合正式场合或高端聚会穿搭，稀有款！SML960💰;0;;lrg3k8cd5bgw3jv;;Для женщин;"[""https://xcimg.szwego.com/img/f0138068/20251205/a1764901401016_2365.jpg"", ""https://xcimg.szwego.com/img/f0138068/20251205/a1764901401044_7886.jpg"", ""https://xcimg.szwego.com/img/f0138068/20251205/a1764901400980_1230.jpg"", ""https://xcimg.szwego.com/img/f0138068/20251205/a1764901401016_5776.jpg"", ""https://xcimg.szwego.com/img/f0138068/20251205/a1764901401049_0252.jpg"", ""https://xcimg.szwego.com/img/f0138068/20251205/a1764901406103_7520.jpg""]"
_dlqrSwBlOopzYPp7AKAEf3RVnUEdVioXQxIyc0w;;细节图！SML450¥;0;;lrg3k8cd5bgw3jv;;Для женщин;"[""https://xcimg.szwego.com/imgHD/f0138068/20251101/cmp_i1761972456888_7782_0_0.jpg"", ""https://xcimg.szwego.com/imgHD/f0138068/20251101/cmp_i1761972387739_5473_0_1.jpg"", ""https://xcimg.szwego.com/imgHD/f0138068/20251101/cmp_i1761972387682_2322_0_2.jpg"", ""https://xcimg.szwego.com/imgHD/f0138068/20251101/cmp_i1761972387530_6439_0_3.jpg"", ""https://xcimg.szwego.com/imgHD/f0138068/20251101/cmp_i1761972386946_2033_0_4.jpg"", ""https://xcimg.szwego.com/imgHD/f0138068/20251101/cmp_i1761972452127_945_0_5.jpg"", ""https://xcimg.szwego.com/imgHD/f0138068/20251101/cmp_i1761972364039_6267_0_6.jpg""]"
_d9_rS6OrjLOlIYCAZuDZ0yUrTG-CIIo-1DfOE4w;;26早春新款驼色翻领羊绒毛衣采用100%山羊绒，柔软细腻，保暖性超赞！半拉链设计+大翻领，休闲复古风，袖口拼接牛皮革元素，细节满分🧡。宽松版型，秋冬穿搭超舒适，驼色低调百搭，通勤、户外、日常都能轻松驾驭，搭配裤装或裙装都很出彩，轻松打造慵懒随性氛围感🍂。 SML780¥;0;;lrg3k8cd5bgw3jv;;Для женщин;"[""https://xcimg.szwego.com/img/f0138068/20260122/i1769054050011_3172_0_0.jpg"", ""https://xcimg.szwego.com/img/f0138068/20260122/i1769054048295_7178_0_1.jpg"", ""https://xcimg.szwego.com/img/f0138068/20260122/i1769054054176_3122_0_2.jpg"", ""https://xcimg.szwego.com/img/f0138068/20260122/i1769054050012_581_0_3.jpg"", ""https://xcimg.szwego.com/img/f0138068/20260122/i1769054050011_2784_0_4.jpg"", ""https://xcimg.szwego.com/img/f0138068/20260122/i1769054050165_5389_0_5.jpg""]"
_dwVrSEt70dP5xtR0S-5WgSHCxibcFuOMFwS8R7w;;细节图！S ML240¥;0;;lrg3k8cd5bgw3jv;;Для женщин;"[""https://xcimg.szwego.com/img/f0138068/20260116/i1768533884427_8671_0_0.jpg"", ""https://xcimg.szwego.com/img/f0138068/20260116/i1768533884430_2289_0_3.jpg"", ""https://xcimg.szwego.com/img/f0138068/20260116/i1768533884457_702_0_2.jpg"", ""https://xcimg.szwego.com/img/f0138068/20260116/i1768533884425_4895_0_1.jpg"", ""https://xcimg.szwego.com/img/f0138068/20260116/i1768533884409_4881_0_4.jpg"", ""https://xcimg.szwego.com/img/f0138068/20260116/i1768533885935_1236_0_5.jpg"", ""https://xcimg.szwego.com/img/f0138068/20260116/i1768533885943_4384_0_6.jpg"", ""https://xcimg.szwego.com/img/f0138068/20260116/i1768533885906_2310_0_7.jpg""]"
_d_ErSAZlI26JkPKZTbF5XaEHbDFkjyR5G_L5OLQ;;26早春新品绿灰条纹长袖T恤，采用双层100%棉材质，亲肤透气，墨绿+浅灰条纹，细黄边点缀，甜酷复古风满满✨。Oversize版型超显瘦，圆领设计叠穿衬衫或项链都很出彩，袖口罗纹收口更显手臂线条。日常通勤、休闲都能轻松驾驭，搭配牛仔裤或百褶裙，随性又时 SML240¥;0;;lrg3k8cd5bgw3jv;;Для женщин;"[""https://xcimg.szwego.com/img/f0138068/20260116/i1768533725301_3417_0_0.jpg"", ""https://xcimg.szwego.com/img/f0138068/20260116/i1768533726535_5283_0_1.jpg"", ""https://xcimg.szwego.com/img/f0138068/20260116/i1768533725302_9325_0_2.jpg"", ""https://xcimg.szwego.com/img/f0138068/20260116/i1768533725302_3227_0_3.jpg"", ""https://xcimg.szwego.com/img/f0138068/20260116/i1768533726535_6594_0_4.jpg"", ""https://xcimg.szwego.com/img/f0138068/20260116/i1768533726535_8146_0_5.jpg"", ""https://xcimg.szwego.com/img/f0138068/20260116/i1768533726535_9315_0_6.jpg"", ""https://xcimg.szwego.com/img/f0138068/20260116/i1768533725302_2395_0_7.jpg"", ""https://xcimg.szwego.com/img/f0138068/20260116/i1768533725302_1744_0_8.jpg""]"
_dmgrSooJrpSUehL5fOUhnfYZKxLBUW6ol8OCzFw;;细节图！SML390¥;0;;lrg3k8cd5bgw3jv;;Для женщин;"[""https://xcimg.szwego.com/img/f0138068/20260117/i1768621348095_8166_0_0.jpg"", ""https://xcimg.szwego.com/img/f0138068/20260117/i1768621348105_8175_0_1.jpg"", ""https://xcimg.szwego.com/img/f0138068/20260117/i1768621350210_3350_0_2.jpg"", ""https://xcimg.szwego.com/img/f0138068/20260117/i1768621348105_2968_0_3.jpg"", ""https://xcimg.szwego.com/img/f0138068/20260117/i1768621350228_2516_0_4.jpg"", ""https://xcimg.szwego.com/img/f0138068/20260117/i1768621348149_5216_0_5.jpg"", ""https://xcimg.szwego.com/img/f0138068/20260117/i1768621350203_1084_0_6.jpg"", ""https://xcimg.szwego.com/img/f0138068/20260117/i1768621348093_6050_0_7.jpg""]"
_dfrrSGTewNfVYRqmqP8sDopQ6c6UWu7uDbbn6mg;;细节图！SML 420¥;0;;lrg3k8cd5bgw3jv;;Для женщин;"[""https://xcimg.szwego.com/img/f0138068/20260104/i1767524298601_5802_0_0.jpg"", ""https://xcimg.szwego.com/img/f0138068/20260104/i1767524298621_7865_0_1.jpg"", ""https://xcimg.szwego.com/img/f0138068/20260104/i1767524295673_403_0_2.jpg"", ""https://xcimg.szwego.com/img/f0138068/20260104/i1767524291469_5607_0_3.jpg"", ""https://xcimg.szwego.com/img/f0138068/20260104/i1767524291464_4253_0_4.jpg"", ""https://xcimg.szwego.com/img/f0138068/20260104/i1767524291507_2071_0_5.jpg"", ""https://xcimg.szwego.com/img/f0138068/20260104/i1767524291485_8777_0_6.jpg"", ""https://xcimg.szwego.com/img/f0138068/20260104/i1767524295679_3440_0_7.jpg"", ""https://xcimg.szwego.com/img/f0138068/20260104/i1767524291505_9870_0_8.jpg""]"
_dgSrSNvnP9cQATzyY4gMkVuHTlhqUMgWZrVswoQ;;细节图SML300¥;0;;lrg3k8cd5bgw3jv;;Для женщин;"[""https://xcimg.szwego.com/img/f0138068/20260104/i1767524277130_1791_0_0.jpg"", ""https://xcimg.szwego.com/img/f0138068/20260104/i1767524277175_2897_0_1.jpg"", ""https://xcimg.szwego.com/img/f0138068/20260104/i1767524277180_2337_0_2.jpg"", ""https://xcimg.szwego.com/img/f0138068/20260104/i1767524277196_3469_0_3.jpg"", ""https://xcimg.szwego.com/img/f0138068/20260104/i1767524283196_758_0_4.jpg"", ""https://xcimg.szwego.com/img/f0138068/20260104/i1767524277155_3214_0_5.jpg"", ""https://xcimg.szwego.com/img/f0138068/20260104/i1767524283182_5761_0_6.jpg""]"
_dxcrSrogPCeJpHxWFpVvMADj4s_mQgqAMTuny1Q;;26早春新品黑色咖条外套＋半裙套装 外套SML420💰 半裙SML300💰;0;;lrg3k8cd5bgw3jv;;Для женщин;"[""https://xcimg.szwego.com/img/f0138068/20260105/a1767584213219_0362.jpg"", ""https://xcimg.szwego.com/img/f0138068/20260105/a1767584213208_0271.jpg"", ""https://xcimg.szwego.com/img/f0138068/20260105/a1767584228327_1865.jpg"", ""https://xcimg.szwego.com/img/f0138068/20260105/a1767584213138_4133.jpg"", ""https://xcimg.szwego.com/img/f0138068/20260105/a1767584213176_4886.jpg"", ""https://xcimg.szwego.com/img/f0138068/20260105/a1767584213112_1816.jpg""]"
_dvvrSzNwDfaawXqk24sNhy_R6I4RvFjSU7Kqaqw;;细节图！SML340¥;0;;lrg3k8cd5bgw3jv;;Для женщин;"[""https://xcimg.szwego.com/imgHD/f0138068/20260131/cmp_i1769824952976_1171_0_0.jpg"", ""https://xcimg.szwego.com/imgHD/f0138068/20260131/cmp_i1769824952930_1686_0_3.jpg"", ""https://xcimg.szwego.com/imgHD/f0138068/20260131/cmp_i1769824952896_7554_0_1.jpg"", ""https://xcimg.szwego.com/imgHD/f0138068/20260131/cmp_i1769824952891_7382_0_2.jpg"", ""https://xcimg.szwego.com/imgHD/f0138068/20260131/cmp_i1769824954653_1083_0_5.jpg"", ""https://xcimg.szwego.com/imgHD/f0138068/20260131/cmp_i1769824952082_8254_0_4.jpg""]"
_dq9rS1OLvrAuG5paJiy7Ihke_6xmzwdUlC6PohA;;细节图！SML340¥;0;;lrg3k8cd5bgw3jv;;Для женщин;"[""https://xcimg.szwego.com/imgHD/f0138068/20260131/cmp_i1769824927560_9207_0_0.jpg"", ""https://xcimg.szwego.com/imgHD/f0138068/20260131/cmp_i1769824930130_7746_0_3.jpg"", ""https://xcimg.szwego.com/imgHD/f0138068/20260131/cmp_i1769824927635_9568_0_1.jpg"", ""https://xcimg.szwego.com/imgHD/f0138068/20260131/cmp_i1769824927509_6443_0_2.jpg"", ""https://xcimg.szwego.com/imgHD/f0138068/20260131/cmp_i1769824930103_909_0_4.jpg"", ""https://xcimg.szwego.com/imgHD/f0138068/20260131/cmp_i1769824930181_2048_0_6.jpg"", ""https://xcimg.szwego.com/imgHD/f0138068/20260131/cmp_i1769824926852_9399_0_5.jpg""]"
_dggrSv3ek5nZPz_FtU_NuSDk70vGUe2zf7dbf1w;;26早春新款徽标刺绣针织短袖，胸前刺绣超有辨识度✨。短款设计+宽松版型，搭高腰牛仔裤或裙装都很出彩，轻松打造简约高级感 SML340¥;0;;lrg3k8cd5bgw3jv;;Для женщин;"[""https://xcimg.szwego.com/img/f0138068/20260131/a1769825923769_2488.jpg"", ""https://xcimg.szwego.com/img/f0138068/20260131/a1769825923524_8824.jpg"", ""https://xcimg.szwego.com/img/f0138068/20260131/a1769825923789_2086.jpg"", ""https://xcimg.szwego.com/img/f0138068/20260131/a1769825923525_5260.jpg"", ""https://xcimg.szwego.com/img/f0138068/20260131/a1769825923524_2203.jpg"", ""https://xcimg.szwego.com/img/f0138068/20260131/a1769825924601_5618.jpg""]"
_dosrSbPCpIlzvkzvC8suyLdHGQ2KPEHoJGj8q5Q;;细节图！SML390¥;0;;lrg3k8cd5bgw3jv;;Для женщин;"[""https://xcimg.szwego.com/imgHD/f0138068/20260128/cmp_i1769568627364_547_0_0.jpg"", ""https://xcimg.szwego.com/imgHD/f0138068/20260128/cmp_i1769568625551_436_0_1.jpg"", ""https://xcimg.szwego.com/imgHD/f0138068/20260128/cmp_i1769568625569_6405_0_2.jpg"", ""https://xcimg.szwego.com/imgHD/f0138068/20260128/cmp_i1769568626848_5239_0_3.jpg"", ""https://xcimg.szwego.com/imgHD/f0138068/20260128/cmp_i1769568624865_1877_0_4.jpg"", ""https://xcimg.szwego.com/imgHD/f0138068/20260128/cmp_i1769568625525_3786_0_5.jpg"", ""https://xcimg.szwego.com/imgHD/f0138068/20260128/cmp_i1769568625516_8351_0_6.jpg""]"
_dq5rSdfbYNXtKWucWKPt9RDNpmdahRMf8QcS2-A;;🖤26早春新品黑色针织开衫，羊毛混纺材质，复古金属扣+链条装饰，细节满分✨，法式优雅氛围感拉满。圆领+对称口袋，实用又好看，通勤日常都能轻松驾驭。搭配半裙或高腰裤，慵懒精致风get！真的太懂高级感穿搭啦～ SML390¥;0;;lrg3k8cd5bgw3jv;;Для женщин;"[""https://xcimg.szwego.com/imgHD/f0138068/20260128/cmp_i1769568148811_5213_0_0.jpg"", ""https://xcimg.szwego.com/imgHD/f0138068/20260128/cmp_i1769568380644_7635_0_5.jpg"", ""https://xcimg.szwego.com/imgHD/f0138068/20260128/cmp_i1769568148811_4975_0_1.jpg"", ""https://xcimg.szwego.com/imgHD/f0138068/20260128/cmp_i1769568148811_8005_0_2.jpg"", ""https://xcimg.szwego.com/imgHD/f0138068/20260128/cmp_i1769568148811_8722_0_3.jpg"", ""https://xcimg.szwego.com/imgHD/f0138068/20260128/cmp_i1769568148811_3656_0_4.jpg""]"
_doUrSJ3n4iGsbWml4y8yqHPTDWmn64o5rWTYyJA;;细节图！SML300¥;0;;lrg3k8cd5bgw3jv;;Для женщин;"[""https://xcimg.szwego.com/imgHD/f0138068/20260128/cmp_i1769569989406_3009_0_0.jpg"", ""https://xcimg.szwego.com/imgHD/f0138068/20260128/cmp_i1769569989418_2577_0_1.jpg"", ""https://xcimg.szwego.com/imgHD/f0138068/20260128/cmp_i1769569989414_6724_0_2.jpg"", ""https://xcimg.szwego.com/imgHD/f0138068/20260128/cmp_i1769569990796_4952_0_3.jpg"", ""https://xcimg.szwego.com/imgHD/f0138068/20260128/cmp_i1769569989406_3468_0_4.jpg"", ""https://xcimg.szwego.com/imgHD/f0138068/20260128/cmp_i1769569990794_5736_0_5.jpg"", ""https://xcimg.szwego.com/imgHD/f0138068/20260128/cmp_i1769569989420_3278_0_6.jpg""]"
_do8rScjKRiNZxIUeGEIwW0-axjzpSBFzodwok9w;;25早春新品白色半裙 衣橱里的百搭神器，经典耐看， 还能轻松搭出不同风格 SML300¥;0;;lrg3k8cd5bgw3jv;;Для женщин;"[""https://xcimg.szwego.com/imgHD/f0138068/20260128/cmp_i1769569884157_6412_0_0.jpg"", ""https://xcimg.szwego.com/imgHD/f0138068/20260128/cmp_i1769569884157_8318_0_1.jpg"", ""https://xcimg.szwego.com/imgHD/f0138068/20260128/cmp_i1769569884547_2610_0_7.jpg"", ""https://xcimg.szwego.com/imgHD/f0138068/20260128/cmp_i1769569884546_639_0_2.jpg"", ""https://xcimg.szwego.com/imgHD/f0138068/20260128/cmp_i1769569884181_897_0_8.jpg"", ""https://xcimg.szwego.com/imgHD/f0138068/20260128/cmp_i1769569884547_6647_0_3.jpg"", ""https://xcimg.szwego.com/imgHD/f0138068/20260128/cmp_i1769569884525_4879_0_4.jpg"", ""https://xcimg.szwego.com/imgHD/f0138068/20260128/cmp_i1769569884157_975_0_5.jpg"", ""https://xcimg.szwego.com/imgHD/f0138068/20260128/cmp_i1769569884157_7148_0_6.jpg""]"
_d89rSPKOxW8bZ2vCQOqOYehD4D7CPe2esmJJQtg;;细节图！SML480¥;0;;lrg3k8cd5bgw3jv;;Для женщин;"[""https://xcimg.szwego.com/img/f0138068/20260121/i1768964620247_265_0_0.jpg"", ""https://xcimg.szwego.com/img/f0138068/20260121/i1768964620255_4014_0_2.jpg"", ""https://xcimg.szwego.com/img/f0138068/20260121/i1768964620827_9835_0_3.jpg"", ""https://xcimg.szwego.com/img/f0138068/20260121/i1768964620233_2612_0_1.jpg"", ""https://xcimg.szwego.com/img/f0138068/20260121/i1768964620257_7488_0_4.jpg"", ""https://xcimg.szwego.com/img/f0138068/20260121/i1768964620252_441_0_5.jpg""]"
_dtTrSkE1gPnaRg8szKuhSLE5nMr_UKdNVi8k86g;;26早春新款双头拉链羊绒开衫，采用高品质羊绒，柔软又保暖，秋冬穿超舒服！坑条纹理设计，层次感满满，双头拉链超实用，穿脱方便还能随心调节领口风格～奶茶色调温柔百搭，短款版型显腰线，搭高腰裤或裙都很赞！品牌一贯的高端质感和细节，通勤休闲都能轻松驾驭，是秋冬衣橱必备经典单品🍂 SML480¥;0;;lrg3k8cd5bgw3jv;;Для женщин;"[""https://xcimg.szwego.com/img/f0138068/20260121/i1768964245521_7989_0_0.jpg"", ""https://xcimg.szwego.com/img/f0138068/20260121/i1768964245521_9189_0_1.jpg"", ""https://xcimg.szwego.com/img/f0138068/20260121/i1768964245521_9049_0_2.jpg"", ""https://xcimg.szwego.com/img/f0138068/20260121/i1768964444801_7840_0_3.jpg"", ""https://xcimg.szwego.com/img/f0138068/20260121/i1768964444791_8928_0_4.jpg"", ""https://xcimg.szwego.com/img/f0138068/20260121/i1768964444851_4642_0_5.jpg"", ""https://xcimg.szwego.com/img/f0138068/20260121/i1768964444671_1322_0_6.jpg""]"
_dLkrS3cS8HlR9J0bIJyIUVI7Eq7ZjSAjWBufqIg;;细节图！SML230¥;0;;lrg3k8cd5bgw3jv;;Для женщин;"[""https://xcimg.szwego.com/img/f0138068/20260108/i1767836726442_8063_0_0.jpg"", ""https://xcimg.szwego.com/img/f0138068/20260108/i1767836723780_893_0_3.jpg"", ""https://xcimg.szwego.com/img/f0138068/20260108/i1767836723775_6859_0_1.jpg"", ""https://xcimg.szwego.com/img/f0138068/20260108/i1767836723739_1006_0_2.jpg"", ""https://xcimg.szwego.com/img/f0138068/20260108/i1767836723815_7492_0_4.jpg"", ""https://xcimg.szwego.com/img/f0138068/20260108/i1767836723831_300_0_6.jpg"", ""https://xcimg.szwego.com/img/f0138068/20260108/i1767836726480_621_0_7.jpg"", ""https://xcimg.szwego.com/img/f0138068/20260108/i1767836726444_9683_0_5.jpg""]"
_dgvrS6kkgDFg6mPirYhoRY6juN4t4LfEVPpsorw;;细节图！SML430¥;0;;lrg3k8cd5bgw3jv;;Для женщин;"[""https://xcimg.szwego.com/imgHD/f0138068/20251027/cmp_i1761577403625_9045_0_0.jpg"", ""https://xcimg.szwego.com/imgHD/f0138068/20251027/cmp_i1761577403625_5187_0_1.jpg"", ""https://xcimg.szwego.com/imgHD/f0138068/20251027/cmp_i1761577403612_417_0_2.jpg"", ""https://xcimg.szwego.com/imgHD/f0138068/20251027/cmp_i1761577406834_7530_0_3.jpg"", ""https://xcimg.szwego.com/imgHD/f0138068/20251027/cmp_i1761577403614_8475_0_4.jpg"", ""https://xcimg.szwego.com/imgHD/f0138068/20251027/cmp_i1761577406842_7603_0_5.jpg"", ""https://xcimg.szwego.com/imgHD/f0138068/20251027/cmp_i1761577406837_4708_0_6.jpg"", ""https://xcimg.szwego.com/imgHD/f0138068/20251027/cmp_i1761577403622_6605_0_7.jpg"", ""https://xcimg.szwego.com/imgHD/f0138068/20251027/cmp_i1761577415546_3565_0_8.jpg""]"
_dlxrSPO5GPNyd9Vn75qOeTyYQGIN68e3LoYyMkA;;细节图！SML360¥;0;;lrg3k8cd5bgw3jv;;Для женщин;"[""https://xcimg.szwego.com/imgHD/f0138068/20251027/cmp_i1761577441714_8647_0_0.jpg"", ""https://xcimg.szwego.com/imgHD/f0138068/20251027/cmp_i1761577439314_5665_0_4.jpg"", ""https://xcimg.szwego.com/imgHD/f0138068/20251027/cmp_i1761577441716_6756_0_1.jpg"", ""https://xcimg.szwego.com/imgHD/f0138068/20251027/cmp_i1761577441723_3080_0_2.jpg"", ""https://xcimg.szwego.com/imgHD/f0138068/20251027/cmp_i1761577439313_2563_0_3.jpg"", ""https://xcimg.szwego.com/imgHD/f0138068/20251027/cmp_i1761577441729_3924_0_5.jpg"", ""https://xcimg.szwego.com/imgHD/f0138068/20251027/cmp_i1761577439318_6463_0_6.jpg"", ""https://xcimg.szwego.com/imgHD/f0138068/20251027/cmp_i1761577439329_311_0_7.jpg"", ""https://xcimg.szwego.com/imgHD/f0138068/20251027/cmp_i1761577415546_3565_0_8.jpg""]"
_dHnrSCRA4Tuk_pRZ9DJuGAZZ92iAPwxM-lS2UFA;;细节图！SML260¥;0;;lrg3k8cd5bgw3jv;;Для женщин;"[""https://xcimg.szwego.com/imgHD/f0138068/20250829/cmp_i1756434923387_112_0_0.jpg"", ""https://xcimg.szwego.com/imgHD/f0138068/20250829/cmp_i1756434923396_8542_0_1.jpg"", ""https://xcimg.szwego.com/imgHD/f0138068/20250829/cmp_i1756434948928_6515_0_2.jpg"", ""https://xcimg.szwego.com/imgHD/f0138068/20250829/cmp_i1756434923391_397_0_3.jpg"", ""https://xcimg.szwego.com/imgHD/f0138068/20250829/cmp_i1756434923399_613_0_4.jpg"", ""https://xcimg.szwego.com/imgHD/f0138068/20250829/cmp_i1756434923387_700_0_5.jpg"", ""https://xcimg.szwego.com/imgHD/f0138068/20250829/cmp_i1756434948936_4400_0_6.jpg""]"
_dyTrS2Q05arEHXp-qBL7wB8k-Q-6X-Byyzw0amg;;背心 开衫 半裙 三件套;0;;lrg3k8cd5bgw3jv;;Для женщин;"[""https://xcimg.szwego.com/imgHD/f0138068/20251027/cmp_i1761577259567_3466_0_4.jpg"", ""https://xcimg.szwego.com/imgHD/f0138068/20251027/cmp_i1761577259701_4710_0_6.jpg"", ""https://xcimg.szwego.com/imgHD/f0138068/20251027/cmp_i1761577259567_9641_0_5.jpg"", ""https://xcimg.szwego.com/imgHD/f0138068/20251027/cmp_a1761577073356_6751.jpg"", ""https://xcimg.szwego.com/imgHD/f0138068/20251027/cmp_a1761577073358_8808.jpg"", ""https://xcimg.szwego.com/imgHD/f0138068/20251027/cmp_a1761577073365_5858.jpg"", ""https://xcimg.szwego.com/imgHD/f0138068/20251027/cmp_a1761577073357_4731.jpg""]"
_dNbrSUjaWgdSiURfyl2CUnN84jVbP7LHZq4u1-g;;25新品燕麦色针织开衫➕半裙，羊毛混纺材质，柔软有质感，秋冬穿超舒服!法式慵懒氛围感拉满~日常通勤、休闲都能轻松驾驭，是秋冬衣橱必备单品! 上衣SML430¥ 半裙SML360¥;0;;lrg3k8cd5bgw3jv;;Для женщин;"[""https://xcimg.szwego.com/imgHD/f0138068/20251027/cmp_i1761576881594_526_0_0.jpg"", ""https://xcimg.szwego.com/imgHD/f0138068/20251027/cmp_i1761576888541_876_0_1.jpg"", ""https://xcimg.szwego.com/imgHD/f0138068/20251027/cmp_i1761576888541_4641_0_2.jpg"", ""https://xcimg.szwego.com/imgHD/f0138068/20251027/cmp_i1761576888541_2519_0_3.jpg"", ""https://xcimg.szwego.com/imgHD/f0138068/20251027/cmp_i1761576888541_3484_0_4.jpg"", ""https://xcimg.szwego.com/imgHD/f0138068/20251027/cmp_i1761576888541_971_0_5.jpg""]"
_dy4rSMsPyLIKVEtxq0-7iZo5Gi_6BAu5ebWga3w;;细节图！SML200¥;0;;lrg3k8cd5bgw3jv;;Для женщин;"[""https://xcimg.szwego.com/img/f0138068/20260123/i1769136566558_2062_0_0.jpg"", ""https://xcimg.szwego.com/img/f0138068/20260123/i1769136565900_3451_0_1.jpg"", ""https://xcimg.szwego.com/img/f0138068/20260123/i1769136565864_3688_0_2.jpg"", ""https://xcimg.szwego.com/img/f0138068/20260123/i1769136565934_1103_0_3.jpg"", ""https://xcimg.szwego.com/img/f0138068/20260123/i1769136566600_1195_0_4.jpg"", ""https://xcimg.szwego.com/img/f0138068/20260123/i1769136565922_5571_0_5.jpg"", ""https://xcimg.szwego.com/img/f0138068/20260123/i1769136565872_7733_0_6.jpg""]"
_dwPrSACbcEfToKsTgWF3ejU0y11Iu5Vzl1sARHA;;26早春系列花卉刺绣爱心短袖T恤 SML200💰;0;;lrg3k8cd5bgw3jv;;Для женщин;"[""https://xcimg.szwego.com/img/f0138068/20260123/i1769136297403_7054_0_0.jpg"", ""https://xcimg.szwego.com/img/f0138068/20260123/i1769136296997_1156_0_1.jpg"", ""https://xcimg.szwego.com/img/f0138068/20260123/i1769136297000_6057_0_2.jpg"", ""https://xcimg.szwego.com/img/f0138068/20260123/i1769136296994_4777_0_3.jpg"", ""https://xcimg.szwego.com/img/f0138068/20260123/i1769136296976_7925_0_4.jpg"", ""https://xcimg.szwego.com/img/f0138068/20260123/i1769136296775_2570_0_5.jpg""]"
_dkmrSEMl5_tFrQ73f_P0_qwAwYZouMmZdLKb9OA;;26春夏系列安哥拉红撞色短袖T恤，高品质棉质面料，柔软舒适，品牌感十足。正肩宽松版型，包容性强，单穿或内搭都很OK，学院风，休闲风轻松切换，裙装裤装随心搭配，轻松get时髦造型! S ML200¥;0;;lrg3k8cd5bgw3jv;;Для женщин;"[""https://xcimg.szwego.com/img/f0138068/20260109/i1767920067431_2689_0_7.jpg"", ""https://xcimg.szwego.com/img/f0138068/20260109/i1767920067581_3992_0_0.jpg"", ""https://xcimg.szwego.com/img/f0138068/20260109/i1767920067650_3125_0_1.jpg"", ""https://xcimg.szwego.com/img/f0138068/20260109/i1767920071419_1259_0_3.jpg"", ""https://xcimg.szwego.com/img/f0138068/20260109/i1767920071362_8337_0_4.jpg"", ""https://xcimg.szwego.com/img/f0138068/20260109/i1767920777606_603_0_5.jpg""]"
_dcurS26yPpeM9tfvQwDGmHvp3BR1KanZgR-PApg;;细节图！SML200¥;0;;lrg3k8cd5bgw3jv;;Для женщин;"[""https://xcimg.szwego.com/img/f0138068/20260109/i1767920037384_6834_0_0.jpg"", ""https://xcimg.szwego.com/img/f0138068/20260109/i1767920037390_8370_0_1.jpg"", ""https://xcimg.szwego.com/img/f0138068/20260109/i1767920037378_4552_0_2.jpg"", ""https://xcimg.szwego.com/img/f0138068/20260109/i1767920039026_3792_0_3.jpg"", ""https://xcimg.szwego.com/img/f0138068/20260109/i1767920037399_9949_0_4.jpg"", ""https://xcimg.szwego.com/img/f0138068/20260109/i1767920037407_8591_0_5.jpg""]"
_djkrSwMkLQoMdyXVufq_7QEx-Y9_xKAJ9M-lRyg;;细节图！SML480¥;0;;lrg3k8cd5bgw3jv;;Для женщин;"[""https://xcimg.szwego.com/img/f0138068/20260109/i1767919880260_3003_0_0.jpg"", ""https://xcimg.szwego.com/img/f0138068/20260109/i1767919880284_2000_0_1.jpg"", ""https://xcimg.szwego.com/img/f0138068/20260109/i1767919881908_1193_0_2.jpg"", ""https://xcimg.szwego.com/img/f0138068/20260109/i1767919880269_5632_0_3.jpg"", ""https://xcimg.szwego.com/img/f0138068/20260109/i1767919881929_6292_0_4.jpg"", ""https://xcimg.szwego.com/img/f0138068/20260109/i1767919880271_7113_0_5.jpg"", ""https://xcimg.szwego.com/img/f0138068/20260109/i1767919880250_4214_0_6.jpg""]"
_deprSsxBdc2E7tma9S90m8BfERI3VSh_bm_zYng;;细节图！SML230¥;0;;lrg3k8cd5bgw3jv;;Для женщин;"[""https://xcimg.szwego.com/img/f0138068/20260117/i1768620010976_9239_0_0.jpg"", ""https://xcimg.szwego.com/img/f0138068/20260117/i1768620006988_1466_0_1.jpg"", ""https://xcimg.szwego.com/img/f0138068/20260117/i1768620006887_9324_0_2.jpg"", ""https://xcimg.szwego.com/img/f0138068/20260117/i1768620006826_4177_0_3.jpg"", ""https://xcimg.szwego.com/img/f0138068/20260117/i1768620011060_223_0_4.jpg"", ""https://xcimg.szwego.com/img/f0138068/20260117/i1768620006966_5081_0_5.jpg"", ""https://xcimg.szwego.com/img/f0138068/20260117/i1768620011060_7197_0_6.jpg"", ""https://xcimg.szwego.com/img/f0138068/20260117/i1768620006879_2501_0_7.jpg""]"
_dlNrS3hByPUsrs2KhSOE1Zo0_sBSveaMU80Fg0A;;细节图！SML240¥;0;;lrg3k8cd5bgw3jv;;Для женщин;"[""https://xcimg.szwego.com/img/f0138068/20260124/i1769223171543_7952_0_0.jpg"", ""https://xcimg.szwego.com/img/f0138068/20260124/i1769223170863_1421_0_1.jpg"", ""https://xcimg.szwego.com/img/f0138068/20260124/i1769223170855_5527_0_2.jpg"", ""https://xcimg.szwego.com/img/f0138068/20260124/i1769223170837_6757_0_3.jpg"", ""https://xcimg.szwego.com/img/f0138068/20260124/i1769223170853_3679_0_4.jpg"", ""https://xcimg.szwego.com/img/f0138068/20260124/i1769223171543_745_0_5.jpg"", ""https://xcimg.szwego.com/img/f0138068/20260124/i1769223170847_7538_0_6.jpg""]"
_dg7rS9_A-sRdQ0O5wvqY3BXjlH2hnY_MMisHtig;;实拍上身图 一套都有;0;;lrg3k8cd5bgw3jv;;Для женщин;"[""https://xcimg.szwego.com/img/f0138068/20260124/i1769222980711_9045_0_0.jpg"", ""https://xcimg.szwego.com/img/f0138068/20260124/i1769222981298_3051_0_1.jpg"", ""https://xcimg.szwego.com/img/f0138068/20260124/i1769222981314_5261_0_2.jpg"", ""https://xcimg.szwego.com/img/f0138068/20260124/i1769222980691_3631_0_3.jpg"", ""https://xcimg.szwego.com/img/f0138068/20260124/i1769222981308_1964_0_4.jpg"", ""https://xcimg.szwego.com/img/f0138068/20260124/i1769222981313_9864_0_5.jpg"", ""https://xcimg.szwego.com/img/f0138068/20260124/i1769222981330_9027_0_6.jpg"", ""https://xcimg.szwego.com/img/f0138068/20260124/i1769222980681_6595_0_7.jpg"", ""https://xcimg.szwego.com/img/f0138068/20260124/i1769222980662_3591_0_9.jpg""]"
_djerSolk4r7kY_yJgtzani39CiSrbYveeU1zYxQ;;26春季新款粉棕条纹Polo衫，100%棉+60支双股丝光工艺，柔软亲肤又垂坠✨。粉棕撞色条纹+白色翻领，胸前红色小标超有辨识度！宽松版型，抽绳下摆可调节，休闲通勤都能轻松驾驭，搭配牛仔裤或阔腿裤，慵懒时髦感满分 SML240¥;0;;lrg3k8cd5bgw3jv;;Для женщин;"[""https://xcimg.szwego.com/img/f0138068/20260124/i1769223088230_2667_0_0.jpg"", ""https://xcimg.szwego.com/img/f0138068/20260124/i1769223088230_7856_0_1.jpg"", ""https://xcimg.szwego.com/img/f0138068/20260124/i1769223088230_1149_0_2.jpg"", ""https://xcimg.szwego.com/img/f0138068/20260124/i1769223088230_4775_0_3.jpg"", ""https://xcimg.szwego.com/img/f0138068/20260124/i1769223088416_7851_0_4.jpg"", ""https://xcimg.szwego.com/img/f0138068/20260124/i1769223088583_7146_0_5.jpg""]"
_dhvrSFl-QQ00XES2NXL2cqxkeGuAMWnue0kUCjA;;细节图！SML200¥;0;;lrg3k8cd5bgw3jv;;Для женщин;"[""https://xcimg.szwego.com/img/f0138068/20260124/i1769222869930_5246_0_0.jpg"", ""https://xcimg.szwego.com/img/f0138068/20260124/i1769222869930_7794_0_2.jpg"", ""https://xcimg.szwego.com/img/f0138068/20260124/i1769222869883_3167_0_1.jpg"", ""https://xcimg.szwego.com/img/f0138068/20260124/i1769222869922_195_0_3.jpg"", ""https://xcimg.szwego.com/img/f0138068/20260124/i1769222870537_2264_0_5.jpg"", ""https://xcimg.szwego.com/img/f0138068/20260124/i1769222869972_7153_0_4.jpg""]"
_dwOrSTrjEKRUhII6jYQRPN54Z9PqGT7bO2VJskQ;;细节图！SML360¥;0;;lrg3k8cd5bgw3jv;;Для женщин;"[""https://xcimg.szwego.com/img/f0138068/20260123/i1769135395424_7560_0_0.jpg"", ""https://xcimg.szwego.com/img/f0138068/20260123/i1769135395435_8918_0_1.jpg"", ""https://xcimg.szwego.com/img/f0138068/20260123/i1769135395468_7297_0_2.jpg"", ""https://xcimg.szwego.com/img/f0138068/20260123/i1769135395298_8790_0_3.jpg"", ""https://xcimg.szwego.com/img/f0138068/20260123/i1769135396114_5807_0_4.jpg"", ""https://xcimg.szwego.com/img/f0138068/20260123/i1769135395461_9421_0_5.jpg"", ""https://xcimg.szwego.com/img/f0138068/20260123/i1769135396077_8269_0_6.jpg""]"
_doFrSQzbsQJpZZgwqjybpKW9c-HAcDxN0faVC5g;;细节图！SML1300¥;0;;lrg3k8cd5bgw3jv;;Для женщин;"[""https://xcimg.szwego.com/img/f0138068/20260123/i1769134908510_2504_0_0.jpg"", ""https://xcimg.szwego.com/img/f0138068/20260123/i1769134907620_8991_0_3.jpg"", ""https://xcimg.szwego.com/img/f0138068/20260123/i1769134907711_6736_0_1.jpg"", ""https://xcimg.szwego.com/img/f0138068/20260123/i1769134907720_5695_0_2.jpg"", ""https://xcimg.szwego.com/img/f0138068/20260123/i1769134908995_6736_0_5.jpg"", ""https://xcimg.szwego.com/img/f0138068/20260123/i1769134908529_2574_0_6.jpg"", ""https://xcimg.szwego.com/img/f0138068/20260123/i1769134907600_7783_0_7.jpg"", ""https://xcimg.szwego.com/img/f0138068/20260123/i1769134907752_8075_0_8.jpg"", ""https://xcimg.szwego.com/img/f0138068/20260123/i1769134908497_2598_0_10.jpg""]"
_djNrSjr3Y6V5ly6K0IpMYhOybrbxU2gFNpivHnA;;26早春新款棕色羊皮夹克，选用高品质小羊皮，柔软又耐用，深棕色调超有质感！拉链+翻领设计，胸前品牌刺绣低调又有辨识度。袖口和下摆松紧收口，穿着舒适又保暖，秋冬季节必备🍂。宽松版型，搭配牛仔裤或百褶裙都很出彩，轻松打造甜酷或复古风，日常出街、聚会都能轻松驾驭！ SML1300¥;0;;lrg3k8cd5bgw3jv;;Для женщин;"[""https://xcimg.szwego.com/img/f0138068/20260123/i1769134859819_2513_0_0.jpg"", ""https://xcimg.szwego.com/img/f0138068/20260123/i1769134860532_4732_0_1.jpg"", ""https://xcimg.szwego.com/img/f0138068/20260123/i1769134859820_415_0_2.jpg"", ""https://xcimg.szwego.com/img/f0138068/20260123/i1769134860531_6980_0_3.jpg"", ""https://xcimg.szwego.com/img/f0138068/20260123/i1769134859820_2362_0_4.jpg"", ""https://xcimg.szwego.com/img/f0138068/20260123/i1769134860532_7545_0_5.jpg"", ""https://xcimg.szwego.com/img/f0138068/20260123/i1769134860531_5147_0_6.jpg"", ""https://xcimg.szwego.com/img/f0138068/20260123/i1769134859820_9485_0_7.jpg"", ""https://xcimg.szwego.com/img/f0138068/20260123/i1769134859820_6423_0_8.jpg""]"
_dqZrS0PLsH97VZa8kRjnJO6WRBmgapiXkgdjO1A;;细节图！SML340¥;0;;lrg3k8cd5bgw3jv;;Для женщин;"[""https://xcimg.szwego.com/img/f0138068/20260122/i1769053538165_9283_0_0.jpg"", ""https://xcimg.szwego.com/img/f0138068/20260122/i1769053538187_3773_0_4.jpg"", ""https://xcimg.szwego.com/img/f0138068/20260122/i1769053538173_6386_0_1.jpg"", ""https://xcimg.szwego.com/img/f0138068/20260122/i1769053538184_6530_0_3.jpg"", ""https://xcimg.szwego.com/img/f0138068/20260122/i1769053538101_4236_0_2.jpg"", ""https://xcimg.szwego.com/img/f0138068/20260122/i1769053540033_7684_0_5.jpg""]"
_da4rSPn6kQnJ11yUa3v6qymFZ_gioTx6tl5Wx8A;;26早春新款红色针织Polo衫，采用镂空花纹设计，轻盈透气，春夏穿超舒服！经典Polo领+短袖，休闲又优雅，修身剪裁超显身材曲线✨。红色超亮眼，搭配浅色下装或牛仔裤都很出彩，日常出街、聚会都能轻松驾驭～针织面料弹性好，穿着舒适，时髦又实用 SML340¥;0;;lrg3k8cd5bgw3jv;;Для женщин;"[""https://xcimg.szwego.com/img/f0138068/20260122/i1769053362649_9656_0_0.jpg"", ""https://xcimg.szwego.com/img/f0138068/20260122/i1769053362649_5723_0_1.jpg"", ""https://xcimg.szwego.com/img/f0138068/20260122/i1769053362649_8369_0_2.jpg"", ""https://xcimg.szwego.com/img/f0138068/20260122/i1769053362649_3355_0_3.jpg"", ""https://xcimg.szwego.com/img/f0138068/20260122/i1769053363778_9174_0_4.jpg"", ""https://xcimg.szwego.com/img/f0138068/20260122/i1769053362650_79_0_5.jpg""]"
_dx7rS9Em33d2lwXf9nT-vEkNfmDy4GBOhbo5Chw;;ZP细节图！SML220¥;0;;lrg3k8cd5bgw3jv;;Для женщин;"[""https://xcimg.szwego.com/imgHD/f0138068/20260130/cmp_i1769763971878_1685_0_0.jpg"", ""https://xcimg.szwego.com/imgHD/f0138068/20260130/cmp_i1769763971878_8016_0_1.jpg"", ""https://xcimg.szwego.com/imgHD/f0138068/20260130/cmp_i1769763979922_3591_0_2.jpg"", ""https://xcimg.szwego.com/imgHD/f0138068/20260130/cmp_i1769763979913_1836_0_3.jpg"", ""https://xcimg.szwego.com/imgHD/f0138068/20260130/cmp_i1769763971878_105_0_4.jpg"", ""https://xcimg.szwego.com/imgHD/f0138068/20260130/cmp_i1769763979925_2205_0_5.jpg"", ""https://xcimg.szwego.com/imgHD/f0138068/20260130/cmp_i1769763979930_8155_0_6.jpg"", ""https://xcimg.szwego.com/imgHD/f0138068/20260130/cmp_i1769763971878_9317_0_7.jpg"", ""https://xcimg.szwego.com/imgHD/f0138068/20260130/cmp_i1769763971877_774_0_8.jpg""]"
_dwzrS_LBwtwDbMAq3Az0TebN3O1IqShVv8hdN2Q;;细节图！SML1080¥;0;;lrg3k8cd5bgw3jv;;Для женщин;"[""https://xcimg.szwego.com/imgHD/f0138068/20260130/cmp_i1769747146595_753_0_0.jpg"", ""https://xcimg.szwego.com/imgHD/f0138068/20260130/cmp_i1769747137509_5076_0_3.jpg"", ""https://xcimg.szwego.com/imgHD/f0138068/20260130/cmp_i1769747146668_1104_0_1.jpg"", ""https://xcimg.szwego.com/imgHD/f0138068/20260130/cmp_i1769747137433_9383_0_2.jpg"", ""https://xcimg.szwego.com/imgHD/f0138068/20260130/cmp_i1769747136809_7399_0_4.jpg"", ""https://xcimg.szwego.com/imgHD/f0138068/20260130/cmp_i1769747137558_7934_0_5.jpg"", ""https://xcimg.szwego.com/imgHD/f0138068/20260130/cmp_i1769747136952_9786_0_6.jpg""]"
_duvrScscDNyZXqNX8Z0qyCstCI_h0PjGIeAE8Lg;;🖤26早春系列黑色丝绒连衣裙，天鹅绒材质柔软有光泽，裙摆拼接羽毛，优雅灵动✨。领口和胸前水晶蝴蝶结点缀，精致奢华，短袖设计简约大方，适合晚宴、派对等正式场合。丝绒与羽毛的质感对比，搭配水晶细节，尽显高级感与女性魅力 SML1080¥;0;;lrg3k8cd5bgw3jv;;Для женщин;"[""https://xcimg.szwego.com/imgHD/f0138068/20260130/cmp_i1769746983122_8966_0_0.jpg"", ""https://xcimg.szwego.com/imgHD/f0138068/20260130/cmp_i1769746983122_1976_0_1.jpg"", ""https://xcimg.szwego.com/imgHD/f0138068/20260130/cmp_i1769746983122_9975_0_2.jpg"", ""https://xcimg.szwego.com/imgHD/f0138068/20260130/cmp_i1769746983122_2527_0_3.jpg"", ""https://xcimg.szwego.com/imgHD/f0138068/20260130/cmp_i1769746983122_6911_0_4.jpg"", ""https://xcimg.szwego.com/imgHD/f0138068/20260130/cmp_i1769747088357_417_0_5.jpg""]"
_dxArSrgzlE4SyQw4t1satVQPRpwAMwcaIdZlRDQ;;外套细节图！SML530¥ 真皮革;0;;lrg3k8cd5bgw3jv;;Для женщин;"[""https://xcimg.szwego.com/imgHD/f0138068/20260130/cmp_i1769744542404_9876_0_0.jpg"", ""https://xcimg.szwego.com/imgHD/f0138068/20260130/cmp_i1769744552414_3877_0_1.jpg"", ""https://xcimg.szwego.com/imgHD/f0138068/20260130/cmp_i1769744552414_6063_0_2.jpg"", ""https://xcimg.szwego.com/imgHD/f0138068/20260130/cmp_i1769744552404_2787_0_3.jpg"", ""https://xcimg.szwego.com/imgHD/f0138068/20260130/cmp_i1769744552404_7060_0_4.jpg"", ""https://xcimg.szwego.com/imgHD/f0138068/20260130/cmp_i1769744542404_6122_0_5.jpg"", ""https://xcimg.szwego.com/imgHD/f0138068/20260130/cmp_i1769744552417_7015_0_6.jpg"", ""https://xcimg.szwego.com/imgHD/f0138068/20260130/cmp_i1769744542416_8813_0_8.jpg"", ""https://xcimg.szwego.com/imgHD/f0138068/20260130/cmp_i1769744542414_3476_0_9.jpg""]"
_dgMrSJ8A3IM_7jJmEZyO2rjrT_lVL3-oWBWHejg;;半裙细节图！SML390¥ 真皮革;0;;lrg3k8cd5bgw3jv;;Для женщин;"[""https://xcimg.szwego.com/imgHD/f0138068/20260130/cmp_i1769744509017_2651_0_1.jpg"", ""https://xcimg.szwego.com/imgHD/f0138068/20260130/cmp_i1769744509009_7957_0_0.jpg"", ""https://xcimg.szwego.com/imgHD/f0138068/20260130/cmp_i1769744516355_1007_0_2.jpg"", ""https://xcimg.szwego.com/imgHD/f0138068/20260130/cmp_i1769744509006_6524_0_3.jpg"", ""https://xcimg.szwego.com/imgHD/f0138068/20260130/cmp_i1769744509006_3234_0_4.jpg"", ""https://xcimg.szwego.com/imgHD/f0138068/20260130/cmp_i1769744509009_9612_0_5.jpg"", ""https://xcimg.szwego.com/imgHD/f0138068/20260130/cmp_i1769744516355_6469_0_6.jpg""]"
_d88rS-gWSrtErcNpqYSw-u22yqtusA2aWmLv1zg;;一眼爱上的风衣 26年新款风衣采用的立领设计，领口和拉链处都有皮革细节设计，风衣后背的设计非常有层次感，今年这件风衣真的一眼爱上，这款风衣的颜色也超级雅，浅卡其色温柔又质感! SML530¥;0;;lrg3k8cd5bgw3jv;;Для женщин;"[""https://xcimg.szwego.com/imgHD/f0138068/20260130/cmp_i1769744282144_3596_0_7.jpg"", ""https://xcimg.szwego.com/imgHD/f0138068/20260130/cmp_i1769743917316_7717_0_0.jpg"", ""https://xcimg.szwego.com/imgHD/f0138068/20260130/cmp_i1769743917316_8595_0_1.jpg"", ""https://xcimg.szwego.com/imgHD/f0138068/20260130/cmp_i1769743917316_4313_0_2.jpg"", ""https://xcimg.szwego.com/imgHD/f0138068/20260130/cmp_i1769744282144_8036_0_4.jpg"", ""https://xcimg.szwego.com/imgHD/f0138068/20260130/cmp_i1769744282144_9883_0_5.jpg"", ""https://xcimg.szwego.com/imgHD/f0138068/20260130/cmp_i1769744282144_6763_0_6.jpg""]"
_dgyrS-qdx8kEWjJ8VJZPWPNkOE95sPh2O7a3sjQ;;26春夏新品 这条不对称半裙过分美丽👗 卡其色不对称半裙好好看呀 腰带沿着后腰到左侧，非常修饰胯部也显瘦，腹部的褶皱设计一秒遮住我的小肚子～ 搭配新品的不对称衬衫，这条通勤或日常都可以，适用于很多场景 SML390¥;0;;lrg3k8cd5bgw3jv;;Для женщин;"[""https://xcimg.szwego.com/imgHD/f0138068/20260130/cmp_i1769743627858_7312_0_2.jpg"", ""https://xcimg.szwego.com/imgHD/f0138068/20260130/cmp_i1769743625866_3090_0_3.jpg"", ""https://xcimg.szwego.com/imgHD/f0138068/20260130/cmp_i1769743625866_8506_0_0.jpg"", ""https://xcimg.szwego.com/imgHD/f0138068/20260130/cmp_i1769743625866_2803_0_1.jpg"", ""https://xcimg.szwego.com/imgHD/f0138068/20260130/cmp_i1769743627856_1054_0_4.jpg"", ""https://xcimg.szwego.com/imgHD/f0138068/20260130/cmp_i1769743625865_5508_0_5.jpg"", ""https://xcimg.szwego.com/imgHD/f0138068/20260130/cmp_i1769743625866_4515_0_6.jpg""]"
_dt4rSk7XyMMMJVv8wCkrUsH2hooXFrWSVk02BMQ;;钉珠半裙出货 SML690¥;0;;lrg3k8cd5bgw3jv;;Для женщин;"[""https://xcimg.szwego.com/imgHD/f0138068/20260129/cmp_i1769655797138_7932_0_0.jpg"", ""https://xcimg.szwego.com/imgHD/f0138068/20260129/cmp_i1769655797140_3040_0_1.jpg"", ""https://xcimg.szwego.com/imgHD/f0138068/20260129/cmp_i1769655797137_3566_0_2.jpg"", ""https://xcimg.szwego.com/imgHD/f0138068/20260129/cmp_i1769655797147_1247_0_3.jpg"", ""https://xcimg.szwego.com/imgHD/f0138068/20260129/cmp_i1769655799105_3257_0_4.jpg"", ""https://xcimg.szwego.com/imgHD/f0138068/20260129/cmp_i1769655799100_6498_0_5.jpg"", ""https://xcimg.szwego.com/imgHD/f0138068/20260129/cmp_i1769655797141_5154_0_6.jpg""]"
_dlWrSXO6qbyuDZfL1252dYel-GS0HWr5S4BbtTQ;;细节图！SML650¥ 定制版;0;;lrg3k8cd5bgw3jv;;Для женщин;"[""https://xcimg.szwego.com/img/f0138068/20260126/i1769395157380_258_0_0.jpg"", ""https://xcimg.szwego.com/img/f0138068/20260126/i1769395158204_2836_0_1.jpg"", ""https://xcimg.szwego.com/img/f0138068/20260126/i1769395158203_3257_0_2.jpg"", ""https://xcimg.szwego.com/img/f0138068/20260126/i1769395158193_4705_0_3.jpg"", ""https://xcimg.szwego.com/img/f0138068/20260126/i1769395157383_6690_0_4.jpg"", ""https://xcimg.szwego.com/img/f0138068/20260126/i1769395157381_7393_0_5.jpg"", ""https://xcimg.szwego.com/img/f0138068/20260126/i1769395157371_667_0_6.jpg"", ""https://xcimg.szwego.com/img/f0138068/20260126/i1769395157372_5585_0_7.jpg""]"
_djirSLE2Qq7gxAHJta_enFkygYtNV0lW8iVfVSg;;细节图！SML490¥;0;;lrg3k8cd5bgw3jv;;Для женщин;"[""https://xcimg.szwego.com/img/f0138068/20260126/i1769395179790_6074_0_0.jpg"", ""https://xcimg.szwego.com/img/f0138068/20260126/i1769395179835_8972_0_1.jpg"", ""https://xcimg.szwego.com/img/f0138068/20260126/i1769395180298_7087_0_2.jpg"", ""https://xcimg.szwego.com/img/f0138068/20260126/i1769395179820_9686_0_3.jpg"", ""https://xcimg.szwego.com/img/f0138068/20260126/i1769395179755_449_0_4.jpg"", ""https://xcimg.szwego.com/img/f0138068/20260126/i1769395180305_5902_0_5.jpg"", ""https://xcimg.szwego.com/img/f0138068/20260126/i1769395179805_9437_0_6.jpg""]"
_diUrSbaL5UQupaK0hqvGdOcHhoYyp_WgMfdCWUg;;细节图！SML220¥;0;;lrg3k8cd5bgw3jv;;Для женщин;"[""https://xcimg.szwego.com/imgHD/f0138068/20260129/cmp_i1769656043934_1168_0_0.jpg"", ""https://xcimg.szwego.com/imgHD/f0138068/20260129/cmp_i1769656043943_60_0_1.jpg"", ""https://xcimg.szwego.com/imgHD/f0138068/20260129/cmp_i1769656043933_5179_0_2.jpg"", ""https://xcimg.szwego.com/imgHD/f0138068/20260129/cmp_i1769656043943_7110_0_3.jpg"", ""https://xcimg.szwego.com/imgHD/f0138068/20260129/cmp_i1769656045097_518_0_4.jpg"", ""https://xcimg.szwego.com/imgHD/f0138068/20260129/cmp_i1769656043951_7745_0_5.jpg"", ""https://xcimg.szwego.com/imgHD/f0138068/20260129/cmp_i1769656045097_1058_0_6.jpg""]"
_diXrS8o5IcamduXQCvtU8ec3D9KUELevs-aphGw;;🈚️无钉珠版本 性价比超高 SML490¥;0;;lrg3k8cd5bgw3jv;;Для женщин;"[""https://xcimg.szwego.com/img/f0138068/20260126/i1769395910928_6427_0_0.jpg"", ""https://xcimg.szwego.com/img/f0138068/20260126/i1769395910731_5347_0_1.jpg"", ""https://xcimg.szwego.com/img/f0138068/20260126/i1769395910950_6400_0_2.jpg"", ""https://xcimg.szwego.com/img/f0138068/20260126/i1769395910574_1719_0_3.jpg"", ""https://xcimg.szwego.com/img/f0138068/20260126/i1769395910574_6189_0_4.jpg"", ""https://xcimg.szwego.com/img/f0138068/20260126/i1769395910697_3247_0_5.jpg"", ""https://xcimg.szwego.com/img/f0138068/20260126/i1769395910604_7177_0_6.jpg"", ""https://xcimg.szwego.com/img/f0138068/20260126/i1769395910929_4429_0_7.jpg""]"
_dxZrSdmT8sQpNBdGMI3tM52UA5V2jE6AnvI-IBg;;细节图！SML480¥;0;;lrg3k8cd5bgw3jv;;Для женщин;"[""https://xcimg.szwego.com/imgHD/f0138068/20260128/cmp_i1769570410862_7043_0_0.jpg"", ""https://xcimg.szwego.com/imgHD/f0138068/20260128/cmp_i1769570410853_5353_0_1.jpg"", ""https://xcimg.szwego.com/imgHD/f0138068/20260128/cmp_i1769570410853_9228_0_2.jpg"", ""https://xcimg.szwego.com/imgHD/f0138068/20260128/cmp_i1769570411580_4157_0_3.jpg"", ""https://xcimg.szwego.com/imgHD/f0138068/20260128/cmp_i1769570410868_5643_0_4.jpg"", ""https://xcimg.szwego.com/imgHD/f0138068/20260128/cmp_i1769570410862_3712_0_5.jpg""]"
_dODrSinDByQqLNve3V8o407eEpB0RnDLwrf969g;;🌸26春夏系列绣花白衬衫，采用100%纯棉，柔软透气，春夏穿超舒服！单排扣+长袖设计，简约大方，花朵刺绣点缀，艺术感满满✨。 SML480¥;0;;lrg3k8cd5bgw3jv;;Для женщин;"[""https://xcimg.szwego.com/imgHD/f0138068/20260128/cmp_i1769570193652_6216_0_0.jpg"", ""https://xcimg.szwego.com/imgHD/f0138068/20260128/cmp_i1769570194097_1019_0_1.jpg"", ""https://xcimg.szwego.com/imgHD/f0138068/20260128/cmp_i1769570193651_8032_0_3.jpg"", ""https://xcimg.szwego.com/imgHD/f0138068/20260128/cmp_i1769570194094_9366_0_4.jpg"", ""https://xcimg.szwego.com/imgHD/f0138068/20260128/cmp_i1769570193651_3214_0_5.jpg"", ""https://xcimg.szwego.com/imgHD/f0138068/20260128/cmp_i1769570194280_8374_0_6.jpg"", ""https://xcimg.szwego.com/imgHD/f0138068/20260128/cmp_i1769570194095_790_0_7.jpg"", ""https://xcimg.szwego.com/imgHD/f0138068/20260128/cmp_i1769570194096_901_0_8.jpg"", ""https://xcimg.szwego.com/imgHD/f0138068/20260128/cmp_i1769570193655_6195_0_10.jpg""]"
_delrShXBV6L19Gbw9ix8qYkH7VK2KnEwmTkUOIA;;细节图！SML200¥;0;;lrg3k8cd5bgw3jv;;Для женщин;"[""https://xcimg.szwego.com/imgHD/f0138068/20260127/cmp_i1769482465465_1917_0_0.jpg"", ""https://xcimg.szwego.com/imgHD/f0138068/20260127/cmp_i1769482467143_1968_0_1.jpg"", ""https://xcimg.szwego.com/imgHD/f0138068/20260127/cmp_i1769482467145_8503_0_2.jpg"", ""https://xcimg.szwego.com/imgHD/f0138068/20260127/cmp_i1769482465468_4193_0_3.jpg"", ""https://xcimg.szwego.com/imgHD/f0138068/20260127/cmp_i1769482465463_4554_0_4.jpg"", ""https://xcimg.szwego.com/imgHD/f0138068/20260127/cmp_i1769482465465_9823_0_5.jpg"", ""https://xcimg.szwego.com/imgHD/f0138068/20260127/cmp_i1769482465463_123_0_6.jpg""]"
_do9rSQE29ogfl9ODqcZ0foL1FzASBJ15V4-rG3Q;;细节图！SML490¥;0;;lrg3k8cd5bgw3jv;;Для женщин;"[""https://xcimg.szwego.com/img/f0138068/20260126/i1769395013840_9669_0_0.jpg"", ""https://xcimg.szwego.com/img/f0138068/20260126/i1769395013819_8911_0_1.jpg"", ""https://xcimg.szwego.com/img/f0138068/20260126/i1769395014520_5895_0_2.jpg"", ""https://xcimg.szwego.com/img/f0138068/20260126/i1769395013819_3211_0_3.jpg"", ""https://xcimg.szwego.com/img/f0138068/20260126/i1769395013809_2780_0_4.jpg"", ""https://xcimg.szwego.com/img/f0138068/20260126/i1769395013775_466_0_5.jpg"", ""https://xcimg.szwego.com/img/f0138068/20260126/i1769395014487_3311_0_7.jpg"", ""https://xcimg.szwego.com/img/f0138068/20260126/i1769395014509_9262_0_6.jpg""]"
_dy6rSfFBRrUrgqUfp0c9cOw1Y1qG2mQk56cgjIw;;细节图！SML490¥;0;;lrg3k8cd5bgw3jv;;Для женщин;"[""https://xcimg.szwego.com/img/f0138068/20260126/i1769394994750_7907_0_0.jpg"", ""https://xcimg.szwego.com/img/f0138068/20260126/i1769394994750_5732_0_2.jpg"", ""https://xcimg.szwego.com/img/f0138068/20260126/i1769394994750_3052_0_1.jpg"", ""https://xcimg.szwego.com/img/f0138068/20260126/i1769394994750_3606_0_3.jpg"", ""https://xcimg.szwego.com/img/f0138068/20260126/i1769394996047_2390_0_4.jpg"", ""https://xcimg.szwego.com/img/f0138068/20260126/i1769394994750_3367_0_5.jpg"", ""https://xcimg.szwego.com/img/f0138068/20260126/i1769394996080_9853_0_6.jpg""]"
_dq8rS0OQHFYTcGY8AfouQzH6HRWtiwbT7KwUxag;;细节图！SML450¥;0;;lrg3k8cd5bgw3jv;;Для женщин;"[""https://xcimg.szwego.com/imgHD/f0138068/20251101/cmp_i1761972364365_1180_0_0.jpg"", ""https://xcimg.szwego.com/imgHD/f0138068/20251101/cmp_i1761972364357_6954_0_3.jpg"", ""https://xcimg.szwego.com/imgHD/f0138068/20251101/cmp_i1761972329040_4067_0_1.jpg"", ""https://xcimg.szwego.com/imgHD/f0138068/20251101/cmp_i1761972329034_3221_0_2.jpg"", ""https://xcimg.szwego.com/imgHD/f0138068/20251101/cmp_i1761972329050_8081_0_4.jpg"", ""https://xcimg.szwego.com/imgHD/f0138068/20251101/cmp_i1761972364351_9408_0_6.jpg"", ""https://xcimg.szwego.com/imgHD/f0138068/20251101/cmp_i1761972350786_7175_0_7.jpg"", ""https://xcimg.szwego.com/imgHD/f0138068/20251101/cmp_i1761972350796_3416_0_8.jpg"", ""https://xcimg.szwego.com/imgHD/f0138068/20251101/cmp_i1761972350776_4466_0_9.jpg""]"
_dknrSfvGSffChSNbInA01lYfskutv4i7OUr4sYQ;;细节图！SML980💰;0;;lrg3k8cd5bgw3jv;;Для женщин;"[""https://xcimg.szwego.com/imgHD/f0138068/20251030/cmp_i1761835300972_8511_0_8.jpg"", ""https://xcimg.szwego.com/imgHD/f0138068/20251030/cmp_i1761835309980_9574_0_0.jpg"", ""https://xcimg.szwego.com/imgHD/f0138068/20251030/cmp_i1761835300963_908_0_1.jpg"", ""https://xcimg.szwego.com/imgHD/f0138068/20251030/cmp_i1761835292959_344_0_2.jpg"", ""https://xcimg.szwego.com/imgHD/f0138068/20251030/cmp_i1761835292977_2908_0_3.jpg"", ""https://xcimg.szwego.com/imgHD/f0138068/20251030/cmp_i1761835292961_7548_0_4.jpg"", ""https://xcimg.szwego.com/imgHD/f0138068/20251030/cmp_i1761835300969_7751_0_5.jpg"", ""https://xcimg.szwego.com/imgHD/f0138068/20251030/cmp_i1761835300960_8557_0_6.jpg"", ""https://xcimg.szwego.com/imgHD/f0138068/20251030/cmp_i1761835292966_9803_0_7.jpg""]"
_dhQrSqnTaZaSdLTqerSivKJiulEPAqA3WFdS8jA;;25FW秋冬新款 深棕色短款拉链徽标羽绒马甲 百搭时尚款 SML;0;;lrg3k8cd5bgw3jv;;Для женщин;"[""https://xcimg.szwego.com/img/f0138068/20251210/i1765335443129_1738_0_0.jpg"", ""https://xcimg.szwego.com/img/f0138068/20251210/i1765335443453_9373_0_1.jpg"", ""https://xcimg.szwego.com/img/f0138068/20251210/i1765335443452_5391_0_4.jpg"", ""https://xcimg.szwego.com/img/f0138068/20251210/i1765335443454_2366_0_5.jpg"", ""https://xcimg.szwego.com/img/f0138068/20251210/i1765335724454_345_0_7.jpg"", ""https://xcimg.szwego.com/img/f0138068/20251210/i1765335724454_9161_0_8.jpg"", ""https://xcimg.szwego.com/img/f0138068/20251210/i1765335724454_221_0_9.jpg"", ""https://xcimg.szwego.com/img/f0138068/20251210/i1765335724454_7830_0_10.jpg"", ""https://xcimg.szwego.com/img/f0138068/20251210/i1765335443127_6022_0_3.jpg""]"
_dbTrS-Ko4VrttMRL1FlGqfE74krdHpN919VXR1g;;细节图！SML630¥ 羊绒;0;;lrg3k8cd5bgw3jv;;Для женщин;"[""https://xcimg.szwego.com/imgHD/f0138068/20251106/cmp_i1762397633828_4260_0_0.jpg"", ""https://xcimg.szwego.com/imgHD/f0138068/20251106/cmp_i1762397633850_5177_0_3.jpg"", ""https://xcimg.szwego.com/imgHD/f0138068/20251106/cmp_i1762397631966_9962_0_1.jpg"", ""https://xcimg.szwego.com/imgHD/f0138068/20251106/cmp_i1762397631968_133_0_2.jpg"", ""https://xcimg.szwego.com/imgHD/f0138068/20251106/cmp_i1762397633827_7377_0_4.jpg"", ""https://xcimg.szwego.com/imgHD/f0138068/20251106/cmp_i1762397631959_577_0_5.jpg"", ""https://xcimg.szwego.com/imgHD/f0138068/20251106/cmp_i1762397631961_6958_0_6.jpg"", ""https://xcimg.szwego.com/imgHD/f0138068/20251106/cmp_i1762397631959_6339_0_7.jpg""]"
_diFrS_huGLpfWkRlnY7OkAAHDfyBgS9boefHFww;;细节图！SML1580¥;0;;lrg3k8cd5bgw3jv;;Для женщин;"[""https://xcimg.szwego.com/img/f0138068/20251204/i1764813565179_2013_0_0.jpg"", ""https://xcimg.szwego.com/img/f0138068/20251204/i1764813566471_560_0_3.jpg"", ""https://xcimg.szwego.com/img/f0138068/20251204/i1764813565148_9111_0_1.jpg"", ""https://xcimg.szwego.com/img/f0138068/20251204/i1764813565108_2173_0_2.jpg"", ""https://xcimg.szwego.com/img/f0138068/20251204/i1764813566430_5815_0_4.jpg"", ""https://xcimg.szwego.com/img/f0138068/20251204/i1764813565174_9858_0_6.jpg"", ""https://xcimg.szwego.com/img/f0138068/20251204/i1764813566332_1406_0_7.jpg"", ""https://xcimg.szwego.com/img/f0138068/20251204/i1764813565110_6641_0_5.jpg""]"
_dsQrSlJlpDWNwMHdC-wvtQsDCjiEUpQkUbyA3wg;;25新款焦糖色麂皮立领皮衣外套，柔软有质感，复古运动风满满!飞行员领+撞色罗纹 边，细节控必入。短款设计超显腿长，搭高腰裤或裙都很出彩~胸前低调刺绣徽标，精致又有辨识度。两个翻盖口袋实用又好看，秋冬穿超有氛围感 SML1580💰;0;;lrg3k8cd5bgw3jv;;Для женщин;"[""https://xcimg.szwego.com/img/f0138068/20251204/a1764816911259_2524.jpg"", ""https://xcimg.szwego.com/img/f0138068/20251204/a1764816911281_8725.jpg"", ""https://xcimg.szwego.com/img/f0138068/20251204/a1764816911243_1628.jpg"", ""https://xcimg.szwego.com/img/f0138068/20251204/a1764816911272_5511.jpg"", ""https://xcimg.szwego.com/img/f0138068/20251204/a1764816911378_3308.jpg"", ""https://xcimg.szwego.com/img/f0138068/20251204/a1764816914058_5475.jpg""]"
_dtCrSxmqay1QDLKorpmZLGfLMJ8LBsfSRTl_fhQ;;细节图！SML240¥;0;;lrg3k8cd5bgw3jv;;Для женщин;"[""https://xcimg.szwego.com/img/f0138068/20251204/i1764813847958_2554_0_0.jpg"", ""https://xcimg.szwego.com/img/f0138068/20251204/i1764813847293_2673_0_3.jpg"", ""https://xcimg.szwego.com/img/f0138068/20251204/i1764813847291_3092_0_1.jpg"", ""https://xcimg.szwego.com/img/f0138068/20251204/i1764813847981_5165_0_2.jpg"", ""https://xcimg.szwego.com/img/f0138068/20251204/i1764813847310_4365_0_4.jpg"", ""https://xcimg.szwego.com/img/f0138068/20251204/i1764813847315_5207_0_5.jpg"", ""https://xcimg.szwego.com/img/f0138068/20251204/i1764813847247_1504_0_6.jpg""]"
_deArSX3vXykv6amdYJPuLhhlhoWurTKh0I1kWgQ;;25PD新款红黑条纹长袖T恤，经典撞色设计，视觉冲击力满分!全棉针织面料，柔软舒适，四季可穿超合适。宽松Oversize版型+胸前小口袋，细节感拉满，辨识度超高。红黑条纹灵感来自海军风，复古又时髦，无论单穿还是叠穿都很出彩，通勤休闲都能轻松驾驭!SML240💰;0;;lrg3k8cd5bgw3jv;;Для женщин;"[""https://xcimg.szwego.com/img/f0138068/20251204/a1764817908860_2266.jpg"", ""https://xcimg.szwego.com/img/f0138068/20251204/a1764817909068_0351.jpg"", ""https://xcimg.szwego.com/img/f0138068/20251204/a1764817908961_5160.jpg"", ""https://xcimg.szwego.com/img/f0138068/20251204/a1764817908611_4204.jpg"", ""https://xcimg.szwego.com/img/f0138068/20251204/a1764817909020_3577.jpg"", ""https://xcimg.szwego.com/img/f0138068/20251204/a1764817911517_1012.jpg"", ""https://xcimg.szwego.com/img/f0138068/20251204/a1764817911515_7818.jpg"", ""https://xcimg.szwego.com/img/f0138068/20251204/a1764817911480_8264.jpg"", ""https://xcimg.szwego.com/img/f0138068/20251204/a1764817912915_1285.jpg""]"
_db3rSwbTH-g_uEDL62uGcjyWi2B86MJXqJZHoGA;;💛配包装 新款羊毛刺绣中长款堆堆袜袜子！一盒五双， 专柜同步筒款袜子，💛大牌出街，潮人必备🔥超好搭 💤一盒5双 80¥一盒;0;;lrg3k8cd5bgw3jv;;Для женщин;"[""https://xcimg.szwego.com/imgHD/4a0e9cde/20250920/cmp_i1758306368527_7445_0_0.jpg"", ""https://xcimg.szwego.com/imgHD/4a0e9cde/20250920/cmp_i1758306368520_5377_0_1.jpg"", ""https://xcimg.szwego.com/imgHD/4a0e9cde/20250920/cmp_i1758306368518_1622_0_2.jpg"", ""https://xcimg.szwego.com/imgHD/4a0e9cde/20250920/cmp_i1758306366359_1067_0_3.jpg"", ""https://xcimg.szwego.com/imgHD/4a0e9cde/20250920/cmp_i1758306366365_343_0_4.jpg"", ""https://xcimg.szwego.com/imgHD/4a0e9cde/20250920/cmp_i1758306366362_5043_0_5.jpg"", ""https://xcimg.szwego.com/imgHD/4a0e9cde/20250920/cmp_i1758306366369_7568_0_6.jpg"", ""https://xcimg.szwego.com/imgHD/4a0e9cde/20250920/cmp_i1758306366368_5837_0_7.jpg"", ""https://xcimg.szwego.com/imgHD/4a0e9cde/20250920/cmp_i1758306368525_6293_0_8.jpg""]"
_dtXrS0THrUMqrgzAs69JE4d_b7wS-u89mU9LVLw;;💓LP女款秋冬羊毛中筒袜💓 没有一个辣妹能拒绝这款羊毛袜！！美拉德色系，好看的不要不要的！ 长在了审美上，都是人间公主既视感，主打厚实保暖。 中筒羊毛袜在秋冬搭配中真的是必不可少的。它不仅能让我们女生的穿搭看起来更有层次感，而且还巨显腿瘦，腿部线条看起来更加流畅，简直就是“妈生好腿”的即视感！！ 亲肤不扎的秘密，来自优质天然绵羊毛，进口机器制作，高密针织工艺，平整缝头，贴合脚型，细腻舒适，松紧适当；7A抑菌，不臭脚；颜值始于足下，走轻松路，需要一双羊毛袜； 一盒四双，均码（适合36～40） 一盒90¥;0;;lrg3k8cd5bgw3jv;;Для женщин;"[""https://xcimg.szwego.com/img/86ca0521/20251013/i1760325722168_4940_0_0.jpg"", ""https://xcimg.szwego.com/img/86ca0521/20251013/i1760325722416_9572_0_1.jpg"", ""https://xcimg.szwego.com/img/86ca0521/20251013/i1760325722453_4916_0_2.jpg"", ""https://xcimg.szwego.com/img/86ca0521/20251013/i1760325724687_6810_0_3.jpg"", ""https://xcimg.szwego.com/img/86ca0521/20251013/i1760325724688_3874_0_4.jpg"", ""https://xcimg.szwego.com/img/86ca0521/20251013/i1760325724643_9213_0_5.jpg"", ""https://xcimg.szwego.com/img/86ca0521/20251013/i1760325724719_8840_0_6.jpg"", ""https://xcimg.szwego.com/img/86ca0521/20251013/i1760325722455_9045_0_7.jpg"", ""https://xcimg.szwego.com/img/86ca0521/20251013/i1760325722388_4030_0_8.jpg""]"
_dpErSXQ0LwKML4ry8NRZHFBnWVf4WSIF75T5fPQ;;秋冬系列出新……羊🐑绒面料～高端系列、穿着舒适透气～时尚大气、 ⚠️一盒5双入 一盒89¥;0;;lrg3k8cd5bgw3jv;;Для женщин;"[""https://xcimg.szwego.com/img/148facdf/20250827/a1756311395556_0630.jpg"", ""https://xcimg.szwego.com/img/148facdf/20250827/a1756311395186_1457.jpg"", ""https://xcimg.szwego.com/img/148facdf/20250827/a1756311396516_2530.jpg"", ""https://xcimg.szwego.com/img/148facdf/20250827/a1756311396130_7160.jpg"", ""https://xcimg.szwego.com/img/148facdf/20250827/a1756311396284_7045.jpg"", ""https://xcimg.szwego.com/img/148facdf/20250827/a1756311398520_1113.jpg""]"
_dpxrS6lfRbQWe5dMAJsicyWYo4NXLftmBegZ3Qw;;秋冬系列出新…羊🐑绒面料～高端系列、穿着舒适透气～时尚大气、 一盒5双入 一盒80¥;0;;lrg3k8cd5bgw3jv;;Для женщин;"[""https://xcimg.szwego.com/img/148facdf/20250827/a1756311465827_7070.jpg"", ""https://xcimg.szwego.com/img/148facdf/20250827/a1756311465653_5016.jpg"", ""https://xcimg.szwego.com/img/148facdf/20250827/a1756311466690_1422.jpg"", ""https://xcimg.szwego.com/img/148facdf/20250827/a1756311466606_7847.jpg"", ""https://xcimg.szwego.com/img/148facdf/20250827/a1756311466881_4747.jpg"", ""https://xcimg.szwego.com/img/148facdf/20250827/a1756311468951_6633.jpg""]"
_donrSYyj4rE2qPceRpead3zE1838tVpCTvTnRow;;细节图！SML650¥ 棕色;0;;lrg3k8cd5bgw3jv;;Для женщин;"[""https://xcimg.szwego.com/imgHD/f0138068/20251107/cmp_i1762481796698_247_0_0.jpg"", ""https://xcimg.szwego.com/imgHD/f0138068/20251107/cmp_i1762481796725_7555_0_1.jpg"", ""https://xcimg.szwego.com/imgHD/f0138068/20251107/cmp_i1762481797704_374_0_2.jpg"", ""https://xcimg.szwego.com/imgHD/f0138068/20251107/cmp_i1762481796129_3359_0_3.jpg"", ""https://xcimg.szwego.com/imgHD/f0138068/20251107/cmp_i1762481798191_6063_0_4.jpg"", ""https://xcimg.szwego.com/imgHD/f0138068/20251107/cmp_i1762481798176_3841_0_5.jpg"", ""https://xcimg.szwego.com/imgHD/f0138068/20251107/cmp_i1762481798168_2811_0_7.jpg"", ""https://xcimg.szwego.com/imgHD/f0138068/20251107/cmp_i1762481795478_4891_0_8.jpg"", ""https://xcimg.szwego.com/imgHD/f0138068/20251107/cmp_i1762481797654_2693_0_9.jpg""]"
_duPrSJkolfKIEO_tD5jS84nehCfzTwCqCkOVxig;;细节图！SML650¥ 黑色;0;;lrg3k8cd5bgw3jv;;Для женщин;"[""https://xcimg.szwego.com/imgHD/f0138068/20251107/cmp_i1762481758915_4335_0_0.jpg"", ""https://xcimg.szwego.com/imgHD/f0138068/20251107/cmp_i1762481758969_1241_0_7.jpg"", ""https://xcimg.szwego.com/imgHD/f0138068/20251107/cmp_i1762481760844_1621_0_1.jpg"", ""https://xcimg.szwego.com/imgHD/f0138068/20251107/cmp_i1762481760077_7278_0_2.jpg"", ""https://xcimg.szwego.com/imgHD/f0138068/20251107/cmp_i1762481760748_9666_0_3.jpg"", ""https://xcimg.szwego.com/imgHD/f0138068/20251107/cmp_i1762481760796_7118_0_4.jpg"", ""https://xcimg.szwego.com/imgHD/f0138068/20251107/cmp_i1762481758419_1590_0_5.jpg"", ""https://xcimg.szwego.com/imgHD/f0138068/20251107/cmp_i1762481760866_4242_0_6.jpg"", ""https://xcimg.szwego.com/imgHD/f0138068/20251107/cmp_i1762481758465_3307_0_8.jpg""]"
_danrS5GB2pguhn7QSEM7rnXXeN9dhcLee8GT94Q;;25新品棉服深棕和黑色两色、Monogram印花内衬，低调又有细节感。高品质棉料，填充保暖，秋冬穿超合适!短款宽松版型，拉链开合，袖口可调节，实用又时髦。灵感来自旅行主题，日常通勤或休闲都能轻松驾驭，搭配牛仔裤、休闲裤都很出彩，舒适又有型~SML650¥;0;;lrg3k8cd5bgw3jv;;Для женщин;"[""https://xcimg.szwego.com/imgHD/f0138068/20251107/cmp_i1762481155047_2220_0_1.jpg"", ""https://xcimg.szwego.com/imgHD/f0138068/20251107/cmp_i1762481155047_2152_0_2.jpg"", ""https://xcimg.szwego.com/imgHD/f0138068/20251107/cmp_i1762481155046_4773_0_0.jpg"", ""https://xcimg.szwego.com/imgHD/f0138068/20251107/cmp_i1762481698753_3628_0_3.jpg"", ""https://xcimg.szwego.com/imgHD/f0138068/20251107/cmp_i1762481698752_8771_0_4.jpg"", ""https://xcimg.szwego.com/imgHD/f0138068/20251107/cmp_i1762481698752_1408_0_5.jpg"", ""https://xcimg.szwego.com/imgHD/f0138068/20251107/cmp_i1762481698752_2760_0_6.jpg""]"
_dourSvV7Rwj2mO_G3OpYxJiknX19t2tyTo9umDA;;细节图！SML590¥;0;;lrg3k8cd5bgw3jv;;Для женщин;"[""https://xcimg.szwego.com/img/f0138068/20251210/i1765334926457_2487_0_0.jpg"", ""https://xcimg.szwego.com/img/f0138068/20251210/i1765334926447_1765_0_1.jpg"", ""https://xcimg.szwego.com/img/f0138068/20251210/i1765334927064_7189_0_2.jpg"", ""https://xcimg.szwego.com/img/f0138068/20251210/i1765334926442_6107_0_3.jpg"", ""https://xcimg.szwego.com/img/f0138068/20251210/i1765334926417_1939_0_4.jpg"", ""https://xcimg.szwego.com/img/f0138068/20251210/i1765334926405_3987_0_5.jpg""]"
_dDGrSn2VTNZV9XutGloOpkqzw4VqfQJMSLbURqQ;;25新款森林绿迷彩毛衣直接封神！ 一眼沦陷的森林绿提花迷彩✨ 远看是沉稳浓郁的墨绿气场 近看才发现迷彩纹理里藏着路易威登老花暗纹 这种“悄悄惊艳”的细节真的太会了！ SML590¥;0;;lrg3k8cd5bgw3jv;;Для женщин;"[""https://xcimg.szwego.com/img/f0138068/20251210/i1765334669121_8603_0_0.jpg"", ""https://xcimg.szwego.com/img/f0138068/20251210/i1765334669576_5839_0_1.jpg"", ""https://xcimg.szwego.com/img/f0138068/20251210/i1765334669122_2425_0_2.jpg"", ""https://xcimg.szwego.com/img/f0138068/20251210/i1765334669121_4755_0_3.jpg"", ""https://xcimg.szwego.com/img/f0138068/20251210/i1765334669121_5230_0_4.jpg"", ""https://xcimg.szwego.com/img/f0138068/20251210/i1765334669121_3558_0_5.jpg"", ""https://xcimg.szwego.com/img/f0138068/20251210/i1765334669738_6684_0_6.jpg""]"
_dkFrSzRfo5IhyjRyraBDc3iyvhp04D8xk09pR1w;;皮衣细节图！SML1490¥;0;;lrg3k8cd5bgw3jv;;Для женщин;"[""https://xcimg.szwego.com/imgHD/f0138068/20250804/cmp_i1754323719406_6368_0_5.jpg"", ""https://xcimg.szwego.com/imgHD/f0138068/20250804/cmp_i1754323722875_1337_0_2.jpg"", ""https://xcimg.szwego.com/imgHD/f0138068/20250804/cmp_i1754323722886_3727_0_0.jpg"", ""https://xcimg.szwego.com/imgHD/f0138068/20250804/cmp_i1754323722885_8292_0_1.jpg"", ""https://xcimg.szwego.com/imgHD/f0138068/20250804/cmp_i1754323722891_4314_0_3.jpg"", ""https://xcimg.szwego.com/imgHD/f0138068/20250804/cmp_i1754323719388_9181_0_4.jpg"", ""https://xcimg.szwego.com/imgHD/f0138068/20250804/cmp_i1754323722875_3236_0_6.jpg"", ""https://xcimg.szwego.com/imgHD/f0138068/20250804/cmp_i1754323719388_2632_0_8.jpg"", ""https://xcimg.szwego.com/imgHD/f0138068/20250804/cmp_i1754323672122_8128_0_6.jpg""]"
_dvErShXsTz5_geogTy93wkY9glEj-x5RvlbzgAw;;半裙细节图！SML590¥;0;;lrg3k8cd5bgw3jv;;Для женщин;"[""https://xcimg.szwego.com/imgHD/f0138068/20250804/cmp_i1754323595048_5894_0_0.jpg"", ""https://xcimg.szwego.com/imgHD/f0138068/20250804/cmp_i1754323595038_4982_0_1.jpg"", ""https://xcimg.szwego.com/imgHD/f0138068/20250804/cmp_i1754323595046_850_0_2.jpg"", ""https://xcimg.szwego.com/imgHD/f0138068/20250804/cmp_i1754323672124_3168_0_3.jpg"", ""https://xcimg.szwego.com/imgHD/f0138068/20250804/cmp_i1754323595038_2393_0_4.jpg"", ""https://xcimg.szwego.com/imgHD/f0138068/20250804/cmp_i1754323595051_9165_0_5.jpg"", ""https://xcimg.szwego.com/imgHD/f0138068/20250804/cmp_i1754323672122_8128_0_6.jpg""]"
_dcwrSfWWWvfzH_2jmqM5BtnU0hDdW55tuiCZSGA;;张元英nice封神穿搭;0;;lrg3k8cd5bgw3jv;;Для женщин;"[""https://xcimg.szwego.com/imgHD/f0138068/20250804/cmp_i1754322631795_4982_0_0.jpg"", ""https://xcimg.szwego.com/imgHD/f0138068/20250804/cmp_i1754322631795_6403_0_1.jpg"", ""https://xcimg.szwego.com/imgHD/f0138068/20250804/cmp_i1754322631795_9772_0_2.jpg"", ""https://xcimg.szwego.com/imgHD/f0138068/20250804/cmp_i1754322641318_1694_0_3.jpg"", ""https://xcimg.szwego.com/imgHD/f0138068/20250804/cmp_i1754322641318_5045_0_4.jpg"", ""https://xcimg.szwego.com/imgHD/f0138068/20250804/cmp_i1754322641318_5182_0_5.jpg"", ""https://xcimg.szwego.com/imgHD/f0138068/20250804/cmp_i1754322631795_3798_0_6.jpg"", ""https://xcimg.szwego.com/imgHD/f0138068/20250804/cmp_i1754322631793_4903_0_7.jpg""]"
_dsWrSOCPXweT8HCnPnK544RSo1VHv6L3KzG9pEQ;;打造高级秋冬氛围感 感受美拉德化学反应～;0;;lrg3k8cd5bgw3jv;;Для женщин;"[""https://xcimg.szwego.com/imgHD/f0138068/20250804/cmp_i1754323185028_5923_0_0.jpg"", ""https://xcimg.szwego.com/imgHD/f0138068/20250804/cmp_i1754323199020_651_0_1.jpg"", ""https://xcimg.szwego.com/imgHD/f0138068/20250804/cmp_i1754323199136_7263_0_2.jpg"", ""https://xcimg.szwego.com/imgHD/f0138068/20250804/cmp_i1754323185027_2782_0_5.jpg"", ""https://xcimg.szwego.com/imgHD/f0138068/20250804/cmp_i1754323185028_2198_0_7.jpg"", ""https://xcimg.szwego.com/imgHD/f0138068/20250804/cmp_i1754323199019_6290_0_8.jpg"", ""https://xcimg.szwego.com/imgHD/f0138068/20250804/cmp_i1754323185027_5184_0_3.jpg"", ""https://xcimg.szwego.com/imgHD/f0138068/20250804/cmp_i1754323199019_9311_0_9.jpg"", ""https://xcimg.szwego.com/imgHD/f0138068/20250804/cmp_i1754323199019_1752_0_10.jpg""]"
_dsqrSSuaEzyaeRhm1BK-7y47cliS4DVzd2rwAyQ;;25秋冬新品美拉德配色 皮衣 半裙 抹胸 三件套 麂皮绒面工艺 复古金棕色 秋冬必留系列 皮衣 SML1490¥ 皮半裙SML590¥ 抹胸SML390¥;0;;lrg3k8cd5bgw3jv;;Для женщин;"[""https://xcimg.szwego.com/imgHD/f0138068/20250804/cmp_i1754322767874_767_0_0.jpg"", ""https://xcimg.szwego.com/imgHD/f0138068/20250804/cmp_i1754322776659_9780_0_1.jpg"", ""https://xcimg.szwego.com/imgHD/f0138068/20250804/cmp_i1754322767873_4116_0_2.jpg"", ""https://xcimg.szwego.com/imgHD/f0138068/20250804/cmp_i1754322767874_5505_0_3.jpg"", ""https://xcimg.szwego.com/imgHD/f0138068/20250804/cmp_i1754322767874_8688_0_4.jpg"", ""https://xcimg.szwego.com/imgHD/f0138068/20250804/cmp_i1754322776659_7505_0_5.jpg"", ""https://xcimg.szwego.com/imgHD/f0138068/20250804/cmp_i1754322767874_4496_0_6.jpg"", ""https://xcimg.szwego.com/imgHD/f0138068/20250804/cmp_i1754322776659_7713_0_7.jpg"", ""https://xcimg.szwego.com/imgHD/f0138068/20250804/cmp_i1754322776659_8577_0_8.jpg""]"
_djlrSkhrrJ9ZIHPTxg0xmXFYHM7n_XMAEPRtjMQ;;💚26早春新款暗绿色波点钉珠开衫，柔软针织材质，点缀精致钉珠，复古又时髦✨。暗绿色显白，秋冬穿超有氛围感，波点+钉珠细节超吸睛！日常通勤、节日都能轻松驾驭，搭配半裙或高腰裤，优雅气质拿捏住～ SML680¥;0;;lrg3k8cd5bgw3jv;;Для женщин;"[""https://xcimg.szwego.com/img/f0138068/20260122/i1769053670728_6182_0_0.jpg"", ""https://xcimg.szwego.com/img/f0138068/20260122/i1769053670728_495_0_1.jpg"", ""https://xcimg.szwego.com/img/f0138068/20260122/i1769053672269_3048_0_2.jpg"", ""https://xcimg.szwego.com/img/f0138068/20260122/i1769053672267_5287_0_3.jpg"", ""https://xcimg.szwego.com/img/f0138068/20260122/i1769053672268_9785_0_4.jpg"", ""https://xcimg.szwego.com/img/f0138068/20260122/i1769053672265_2980_0_5.jpg"", ""https://xcimg.szwego.com/img/f0138068/20260122/i1769053672268_4548_0_6.jpg"", ""https://xcimg.szwego.com/img/f0138068/20260122/i1769053673381_9906_0_7.jpg"", ""https://xcimg.szwego.com/img/f0138068/20260122/i1769053670728_6627_0_10.jpg""]"
_de8rS__jN7FzxQ7mHWy4ZNd3Ij6vOlsHX5QAi5w;;外套细节图！SML580¥;0;;lrg3k8cd5bgw3jv;;Для женщин;"[""https://xcimg.szwego.com/img/f0138068/20260122/i1769053117148_4214_0_0.jpg"", ""https://xcimg.szwego.com/img/f0138068/20260122/i1769053117226_6981_0_1.jpg"", ""https://xcimg.szwego.com/img/f0138068/20260122/i1769053117228_2666_0_3.jpg"", ""https://xcimg.szwego.com/img/f0138068/20260122/i1769053122080_3851_0_4.jpg"", ""https://xcimg.szwego.com/img/f0138068/20260122/i1769053121974_3741_0_5.jpg"", ""https://xcimg.szwego.com/img/f0138068/20260122/i1769053117216_7202_0_2.jpg"", ""https://xcimg.szwego.com/img/f0138068/20260122/i1769053117089_7636_0_6.jpg""]"
_drwrShHvRcRsceDt9uO2FQqr-AGKAtS2jnHR9OA;;半裙细节图！SML390¥;0;;lrg3k8cd5bgw3jv;;Для женщин;"[""https://xcimg.szwego.com/img/f0138068/20260122/i1769053133384_3133_0_0.jpg"", ""https://xcimg.szwego.com/img/f0138068/20260122/i1769053133400_2549_0_3.jpg"", ""https://xcimg.szwego.com/img/f0138068/20260122/i1769053133404_6874_0_1.jpg"", ""https://xcimg.szwego.com/img/f0138068/20260122/i1769053133469_7335_0_2.jpg"", ""https://xcimg.szwego.com/img/f0138068/20260122/i1769053133417_7745_0_4.jpg"", ""https://xcimg.szwego.com/img/f0138068/20260122/i1769053117089_7636_0_6.jpg""]"
_dsmrS8r-Vf1bP3dwOoLoOExgtJwuY78Uu8Yyv1Q;;26早春新款藏蓝套装，包含短款外套+同色半裙，简约优雅，法式复古气质满满✨。外套圆领无领设计，金属纽扣点缀，细节精致；半裙长度适中，通勤、聚会都能轻松驾驭。面料质感高级，剪裁利落，修饰身形，藏蓝色显白又百搭，搭配浅色内搭或亮色配饰更出彩！ 外套SML580¥ 半裙SML390¥;0;;lrg3k8cd5bgw3jv;;Для женщин;"[""https://xcimg.szwego.com/img/f0138068/20260122/i1769052927139_2699_0_0.jpg"", ""https://xcimg.szwego.com/img/f0138068/20260122/i1769052927139_4454_0_1.jpg"", ""https://xcimg.szwego.com/img/f0138068/20260122/i1769052927139_2399_0_2.jpg"", ""https://xcimg.szwego.com/img/f0138068/20260122/i1769052927139_6775_0_3.jpg"", ""https://xcimg.szwego.com/img/f0138068/20260122/i1769052927139_7920_0_4.jpg"", ""https://xcimg.szwego.com/img/f0138068/20260122/i1769052932999_1549_0_5.jpg"", ""https://xcimg.szwego.com/img/f0138068/20260122/i1769052932940_571_0_6.jpg""]"
_dn1rSn8ghFITv0qZtyywLiRfLy5HMb_VPnuJR1w;;细节图！SML530¥;0;;lrg3k8cd5bgw3jv;;Для женщин;"[""https://xcimg.szwego.com/img/f0138068/20260115/i1768449038593_7447_0_0.jpg"", ""https://xcimg.szwego.com/img/f0138068/20260115/i1768449038593_5400_0_1.jpg"", ""https://xcimg.szwego.com/img/f0138068/20260115/i1768449032755_6565_0_8.jpg"", ""https://xcimg.szwego.com/img/f0138068/20260115/i1768449032755_6368_0_2.jpg"", ""https://xcimg.szwego.com/img/f0138068/20260115/i1768449038630_6222_0_4.jpg"", ""https://xcimg.szwego.com/img/f0138068/20260115/i1768449038599_9970_0_5.jpg"", ""https://xcimg.szwego.com/img/f0138068/20260115/i1768449032755_3701_0_6.jpg"", ""https://xcimg.szwego.com/img/f0138068/20260115/i1768449032755_5866_0_7.jpg"", ""https://xcimg.szwego.com/img/f0138068/20260115/i1768449032754_9404_0_3.jpg""]"
_ddMrSC9yy1QWp3_a_nqogpKoBmhxH1Vu4ye2rAg;;25新品LP Holiday系列针织套装，包含提花毛衣+半裙，采用羊绒混纺羊毛，手感软糯超舒适!白色镂空提花设计，几何图案精致有层次，秋冬氛围感满分。半裙与毛衣呼应，优雅又实用，通勤，节日都能轻松驾驭。搭配同色系包包和靴子，轻松get高级感穿搭! 上衣SML680¥ 半裙SML680¥;0;;lrg3k8cd5bgw3jv;;Для женщин;"[""https://xcimg.szwego.com/img/f0138068/20251216/i1765859516096_3674_0_0.jpg"", ""https://xcimg.szwego.com/img/f0138068/20251216/i1765859518615_8558_0_1.jpg"", ""https://xcimg.szwego.com/img/f0138068/20251216/i1765859516096_718_0_2.jpg"", ""https://xcimg.szwego.com/img/f0138068/20251216/i1765859518626_1778_0_3.jpg"", ""https://xcimg.szwego.com/img/f0138068/20251216/i1765859516096_7507_0_4.jpg"", ""https://xcimg.szwego.com/img/f0138068/20251216/a1765859611270_1610.jpg"", ""https://xcimg.szwego.com/img/f0138068/20251216/a1765859611097_6325.jpg"", ""https://xcimg.szwego.com/img/f0138068/20251216/a1765859611439_6312.jpg"", ""https://xcimg.szwego.com/img/f0138068/20251216/a1765859611293_2713.jpg""]"
_dtVrSAjEgge61UAgzNMCjIOuhajKvVTJEtduJlg;;细节图！SML390¥;0;;lrg3k8cd5bgw3jv;;Для женщин;"[""https://xcimg.szwego.com/img/f0138068/20251203/i1764723654685_3815_0_0.jpg"", ""https://xcimg.szwego.com/img/f0138068/20251203/i1764723654661_8021_0_1.jpg"", ""https://xcimg.szwego.com/img/f0138068/20251203/i1764723654672_2247_0_2.jpg"", ""https://xcimg.szwego.com/img/f0138068/20251203/i1764723655266_117_0_3.jpg"", ""https://xcimg.szwego.com/img/f0138068/20251203/i1764723655283_7034_0_5.jpg"", ""https://xcimg.szwego.com/img/f0138068/20251203/i1764723654632_7466_0_6.jpg"", ""https://xcimg.szwego.com/img/f0138068/20251203/i1764723654670_1620_0_4.jpg""]"
_dwfrS3zDZMcP_eo-WWB31ptiM7w0o2fySkY3T6Q;;25N滑雪系列半裙，米白色针织材质，柔软舒适，超适合冬天穿!撞色条纹+宝石纽扣点缀，精致又有辨识度+。裙摆经典黑白条纹，运动感满满，优雅休闲兼具。搭配同系列毛衣或开衫，轻松get滑雪风造型 时髦又保暖!SML390💰;0;;lrg3k8cd5bgw3jv;;Для женщин;"[""https://xcimg.szwego.com/img/f0138068/20251203/a1764728605068_1588.jpg"", ""https://xcimg.szwego.com/img/f0138068/20251203/a1764728605066_5614.jpg"", ""https://xcimg.szwego.com/img/f0138068/20251203/a1764728605127_7867.jpg"", ""https://xcimg.szwego.com/img/f0138068/20251203/a1764728607786_6227.jpg"", ""https://xcimg.szwego.com/img/f0138068/20251203/a1764728607714_2375.jpg"", ""https://xcimg.szwego.com/img/f0138068/20251203/a1764728607687_5122.jpg"", ""https://xcimg.szwego.com/img/f0138068/20251203/a1764728607740_2807.jpg"", ""https://xcimg.szwego.com/img/f0138068/20251203/a1764728609930_3222.jpg"", ""https://xcimg.szwego.com/img/f0138068/20251203/a1764728605090_3825.jpg""]"
_djJrSu4DB54-G3RSa6lNsFj5clRd7JKQp1yCG_Q;;细节图！SML580¥;0;;lrg3k8cd5bgw3jv;;Для женщин;"[""https://xcimg.szwego.com/img/f0138068/20251203/i1764723605606_6301_0_0.jpg"", ""https://xcimg.szwego.com/img/f0138068/20251203/i1764723606676_5012_0_1.jpg"", ""https://xcimg.szwego.com/img/f0138068/20251203/i1764723606704_813_0_2.jpg"", ""https://xcimg.szwego.com/img/f0138068/20251203/i1764723606655_7717_0_3.jpg"", ""https://xcimg.szwego.com/img/f0138068/20251203/i1764723605614_1123_0_4.jpg"", ""https://xcimg.szwego.com/img/f0138068/20251203/i1764723605629_3204_0_5.jpg"", ""https://xcimg.szwego.com/img/f0138068/20251203/i1764723605638_207_0_6.jpg"", ""https://xcimg.szwego.com/img/f0138068/20251203/i1764723606657_95_0_7.jpg"", ""https://xcimg.szwego.com/img/f0138068/20251203/i1764723605589_9097_0_8.jpg""]"
_dv-rSFsxAtnPj5o1ntoqIdsAvkPRV6Efh08mMvQ;;25N滑雪系列半拉链毛衣，采用奶白色羊毛圈圈纱，柔软又保暖，秋冬穿超舒服!半拉链+翻领设计，黑白条纹点缀，学院风满满袖口和下摆撞色条纹，细节精致，两个口袋超实用。宽松版型，单穿或内搭都很OK，优雅实用兼具，是滑雪系列的经典单品，时髦精必入!SML580💰;0;;lrg3k8cd5bgw3jv;;Для женщин;"[""https://xcimg.szwego.com/img/f0138068/20251203/a1764728148864_6702.jpg"", ""https://xcimg.szwego.com/img/f0138068/20251203/a1764728148878_8354.jpg"", ""https://xcimg.szwego.com/img/f0138068/20251203/a1764728148952_4760.jpg"", ""https://xcimg.szwego.com/img/f0138068/20251203/a1764728148862_6565.jpg"", ""https://xcimg.szwego.com/img/f0138068/20251203/a1764728148549_1574.jpg"", ""https://xcimg.szwego.com/img/f0138068/20251203/a1764728151961_7828.jpg"", ""https://xcimg.szwego.com/img/f0138068/20251203/a1764728151875_6280.jpg"", ""https://xcimg.szwego.com/img/f0138068/20251203/a1764728151907_0805.jpg"", ""https://xcimg.szwego.com/img/f0138068/20251203/a1764728151819_8728.jpg""]"
_djqrSLGKS8w1MfZPBYRAqxzoKL3rsfP_hfbcFDA;;细节图！SML580¥;0;;lrg3k8cd5bgw3jv;;Для женщин;"[""https://xcimg.szwego.com/img/f0138068/20251203/i1764723682544_1220_0_0.jpg"", ""https://xcimg.szwego.com/img/f0138068/20251203/i1764723682499_6134_0_3.jpg"", ""https://xcimg.szwego.com/img/f0138068/20251203/i1764723682516_7326_0_1.jpg"", ""https://xcimg.szwego.com/img/f0138068/20251203/i1764723681748_220_0_2.jpg"", ""https://xcimg.szwego.com/img/f0138068/20251203/i1764723681767_1281_0_4.jpg"", ""https://xcimg.szwego.com/img/f0138068/20251203/i1764723681813_7380_0_6.jpg"", ""https://xcimg.szwego.com/img/f0138068/20251203/i1764723682482_6421_0_8.jpg"", ""https://xcimg.szwego.com/img/f0138068/20251203/i1764723682506_1030_0_7.jpg"", ""https://xcimg.szwego.com/img/f0138068/20251203/i1764723681774_518_0_9.jpg""]"
_d8YrSty9T7mLCnVn-evULEVy-6ibWCpboSF_NuQ;;25N滑雪系列白色针织开衫，采用柔软羊毛材质，保暖又舒适。黑色条纹点缀袖口和下摆，设计感满满，正面有两个口袋，金属纽扣方便穿脱。整体简约优雅，秋冬通勤或休闲都很适合。搭配半裙或牛仔裤，轻松打造精致造型 SML580💰;0;;lrg3k8cd5bgw3jv;;Для женщин;"[""https://xcimg.szwego.com/img/f0138068/20251203/a1764728383772_6746.jpg"", ""https://xcimg.szwego.com/img/f0138068/20251203/a1764728383765_8250.jpg"", ""https://xcimg.szwego.com/img/f0138068/20251203/a1764728383770_0230.jpg"", ""https://xcimg.szwego.com/img/f0138068/20251203/a1764728383777_4685.jpg"", ""https://xcimg.szwego.com/img/f0138068/20251203/a1764728383990_1545.jpg"", ""https://xcimg.szwego.com/img/f0138068/20251203/a1764728387418_4773.jpg"", ""https://xcimg.szwego.com/img/f0138068/20251203/a1764728387417_8851.jpg""]"
_djsrSYvw8aerWjL7RjBkS0THF3-SnOqRzEKN7_w;;细节图！SML390¥;0;;lrg3k8cd5bgw3jv;;Для женщин;"[""https://xcimg.szwego.com/img/f0138068/20251215/i1765770217147_6735_0_0.jpg"", ""https://xcimg.szwego.com/img/f0138068/20251215/i1765770215269_3667_0_1.jpg"", ""https://xcimg.szwego.com/img/f0138068/20251215/i1765770215273_4027_0_2.jpg"", ""https://xcimg.szwego.com/img/f0138068/20251215/i1765770217163_630_0_3.jpg"", ""https://xcimg.szwego.com/img/f0138068/20251215/i1765770217161_6753_0_4.jpg"", ""https://xcimg.szwego.com/img/f0138068/20251215/i1765770215271_2035_0_6.jpg"", ""https://xcimg.szwego.com/img/f0138068/20251215/i1765770215298_4357_0_7.jpg"", ""https://xcimg.szwego.com/img/f0138068/20251215/i1765770217111_7713_0_8.jpg"", ""https://xcimg.szwego.com/img/f0138068/20251215/i1765770217096_1218_0_9.jpg""]"
_dp8rSLkrLf04nV4JfZqCxKtVwViBFyWIhIdw2tA;;细节图！SML360¥;0;;lrg3k8cd5bgw3jv;;Для женщин;"[""https://xcimg.szwego.com/img/f0138068/20251209/i1765241350427_8048_0_0.jpg"", ""https://xcimg.szwego.com/img/f0138068/20251209/i1765241342642_3676_0_1.jpg"", ""https://xcimg.szwego.com/img/f0138068/20251209/i1765241350416_7838_0_2.jpg"", ""https://xcimg.szwego.com/img/f0138068/20251209/i1765241350466_2455_0_3.jpg"", ""https://xcimg.szwego.com/img/f0138068/20251209/i1765241350449_6950_0_4.jpg"", ""https://xcimg.szwego.com/img/f0138068/20251209/i1765241350481_1180_0_5.jpg"", ""https://xcimg.szwego.com/img/f0138068/20251209/i1765241342642_5549_0_6.jpg""]"
_d8brSr8RKlNS_cksvDTYolphaYNzsPDmnbQ03-w;;26早春新品 彩色短袖条纹针织衫 SML360¥;0;;lrg3k8cd5bgw3jv;;Для женщин;"[""https://xcimg.szwego.com/img/f0138068/20251209/i1765241713329_2658_0_0.jpg"", ""https://xcimg.szwego.com/img/f0138068/20251209/i1765241709442_1702_0_1.jpg"", ""https://xcimg.szwego.com/img/f0138068/20251209/i1765241709443_737_0_2.jpg"", ""https://xcimg.szwego.com/img/f0138068/20251209/i1765241713330_3808_0_3.jpg"", ""https://xcimg.szwego.com/img/f0138068/20251209/i1765241709442_838_0_4.jpg"", ""https://xcimg.szwego.com/img/f0138068/20251209/i1765241709441_458_0_5.jpg"", ""https://xcimg.szwego.com/img/f0138068/20251209/i1765241709442_5670_0_6.jpg""]"
_dw5rStKEDU3vSbTFGEkj6JLZm9780vSdBCIUB8g;;细节图！340¥ 围巾;0;;lrg3k8cd5bgw3jv;;Для женщин;"[""https://xcimg.szwego.com/imgHD/f0138068/20251114/cmp_i1763090651825_7514_0_0.jpg"", ""https://xcimg.szwego.com/imgHD/f0138068/20251114/cmp_i1763090674314_4817_0_1.jpg"", ""https://xcimg.szwego.com/imgHD/f0138068/20251114/cmp_i1763090677269_4353_0_2.jpg"", ""https://xcimg.szwego.com/imgHD/f0138068/20251114/cmp_i1763090673964_8654_0_3.jpg"", ""https://xcimg.szwego.com/imgHD/f0138068/20251114/cmp_i1763090674019_1130_0_4.jpg"", ""https://xcimg.szwego.com/imgHD/f0138068/20251114/cmp_i1763090674312_8046_0_5.jpg"", ""https://xcimg.szwego.com/imgHD/f0138068/20251114/cmp_i1763090673992_1505_0_6.jpg"", ""https://xcimg.szwego.com/imgHD/f0138068/20251114/cmp_i1763090677032_2598_0_7.jpg""]"
_drVrSy__4d1APIRC4F23Lt42Lqg5jcbXzcf8ZdQ;;细节图！SML380¥;0;;lrg3k8cd5bgw3jv;;Для женщин;"[""https://xcimg.szwego.com/img/f0138068/20260114/i1768357505214_847_0_0.jpg"", ""https://xcimg.szwego.com/img/f0138068/20260114/i1768357504421_5750_0_6.jpg"", ""https://xcimg.szwego.com/img/f0138068/20260114/i1768357505290_5138_0_2.jpg"", ""https://xcimg.szwego.com/img/f0138068/20260114/i1768357504492_237_0_3.jpg"", ""https://xcimg.szwego.com/img/f0138068/20260114/i1768357504527_6203_0_4.jpg"", ""https://xcimg.szwego.com/img/f0138068/20260114/i1768357505236_4881_0_5.jpg"", ""https://xcimg.szwego.com/img/f0138068/20260114/i1768357504412_1386_0_8.jpg"", ""https://xcimg.szwego.com/img/f0138068/20260114/i1768357509387_3383_0_9.jpg"", ""https://xcimg.szwego.com/img/f0138068/20260114/i1768357504546_8920_0_7.jpg""]"
_dsqrSSuaEzyWeTxi0BK6_yIvZmCe7DVzd2rwAyQ;;26S早春新款尼龙口袋伞裙，采用再生尼龙面料，防风防水，兼具实用与设计感。伞裙廓形+腰带收腰，轻松打造利落比例，口袋设计超有工装风，日常通勤或休闲都很适合👜。低饱和灰棕色，秋冬穿搭百搭，配针织衫或羽绒服都很出彩，轻松演绎Prada式优雅与酷感风格💼。SML380💰;0;;lrg3k8cd5bgw3jv;;Для женщин;"[""https://xcimg.szwego.com/img/f0138068/20260114/i1768356933581_3882_0_0.jpg"", ""https://xcimg.szwego.com/img/f0138068/20260114/i1768356933581_623_0_1.jpg"", ""https://xcimg.szwego.com/img/f0138068/20260114/i1768356933989_5890_0_2.jpg"", ""https://xcimg.szwego.com/img/f0138068/20260114/i1768356933608_2428_0_3.jpg"", ""https://xcimg.szwego.com/img/f0138068/20260114/i1768356933581_6283_0_4.jpg"", ""https://xcimg.szwego.com/img/f0138068/20260114/i1768356933989_358_0_5.jpg"", ""https://xcimg.szwego.com/img/f0138068/20260114/i1768356933582_5014_0_6.jpg"", ""https://xcimg.szwego.com/img/f0138068/20260114/i1768356933991_3987_0_7.jpg"", ""https://xcimg.szwego.com/img/f0138068/20260114/a1768357417985_1727.jpg""]"
_dtorSeeCTC-YtNE-yl8xozjmEIPdC0qZ2Ac7cAg;;细节图！SML630¥;0;;lrg3k8cd5bgw3jv;;Для женщин;"[""https://xcimg.szwego.com/imgHD/f0138068/20251112/cmp_i1762913827281_2112_0_0.jpg"", ""https://xcimg.szwego.com/imgHD/f0138068/20251112/cmp_i1762913827274_1664_0_4.jpg"", ""https://xcimg.szwego.com/imgHD/f0138068/20251112/cmp_i1762913824901_3843_0_1.jpg"", ""https://xcimg.szwego.com/imgHD/f0138068/20251112/cmp_i1762913824898_7993_0_2.jpg"", ""https://xcimg.szwego.com/imgHD/f0138068/20251112/cmp_i1762913824910_8950_0_5.jpg"", ""https://xcimg.szwego.com/imgHD/f0138068/20251112/cmp_i1762913827273_2010_0_6.jpg"", ""https://xcimg.szwego.com/imgHD/f0138068/20251112/cmp_i1762913824901_5621_0_7.jpg"", ""https://xcimg.szwego.com/imgHD/f0138068/20251112/cmp_i1762913824910_903_0_3.jpg""]"
_dx9rS8ODog-2Mqu6NsIG0C7-yUCc1o5YqqIJTQA;;细节图！SML490¥;0;;lrg3k8cd5bgw3jv;;Для женщин;"[""https://xcimg.szwego.com/imgHD/f0138068/20251109/cmp_i1762699179925_2330_0_0.jpg"", ""https://xcimg.szwego.com/imgHD/f0138068/20251109/cmp_i1762699179918_994_0_1.jpg"", ""https://xcimg.szwego.com/imgHD/f0138068/20251109/cmp_i1762699180840_2717_0_2.jpg"", ""https://xcimg.szwego.com/imgHD/f0138068/20251109/cmp_i1762699179920_6095_0_3.jpg"", ""https://xcimg.szwego.com/imgHD/f0138068/20251109/cmp_i1762699179924_2003_0_4.jpg"", ""https://xcimg.szwego.com/imgHD/f0138068/20251109/cmp_i1762699180850_6946_0_6.jpg"", ""https://xcimg.szwego.com/imgHD/f0138068/20251109/cmp_i1762699179930_4329_0_7.jpg"", ""https://xcimg.szwego.com/imgHD/f0138068/20251109/cmp_i1762699180841_9615_0_8.jpg"", ""https://xcimg.szwego.com/imgHD/f0138068/20251109/cmp_i1762699180844_7628_0_5.jpg""]"
_ddMrSC9yy1QWp3Pa5nqglqawClx9N1Vu4ye2rAg;;25N滑雪系列小鹿毛衣，羊毛羊绒材质，柔软亲肤，秋冬穿超舒服!黑白撞色+小鹿提花，细节有双C水钻，精致感满满，搭牛仔裤或短裤都很显比例，日常休闲都能穿。经典配色百搭，低调又时髦，是滑雪系列必入单品，实用又有收藏价值!SML490💰;0;;lrg3k8cd5bgw3jv;;Для женщин;"[""https://xcimg.szwego.com/imgHD/f0138068/20251110/cmp_a1762742338509_6213.jpg"", ""https://xcimg.szwego.com/imgHD/f0138068/20251110/cmp_a1762742338510_2331.jpg"", ""https://xcimg.szwego.com/imgHD/f0138068/20251110/cmp_a1762742338512_0746.jpg"", ""https://xcimg.szwego.com/imgHD/f0138068/20251110/cmp_a1762742338516_4311.jpg"", ""https://xcimg.szwego.com/imgHD/f0138068/20251110/cmp_a1762742338511_8075.jpg"", ""https://xcimg.szwego.com/imgHD/f0138068/20251110/cmp_a1762742682769_0666.jpg"", ""https://xcimg.szwego.com/imgHD/f0138068/20251110/cmp_a1762742396288_8512.jpg""]"
_ddGrSmXKLGNd0zGVuxeMtMDn0E3Qy058E_rI7pA;;细节图！SML460¥;0;;lrg3k8cd5bgw3jv;;Для женщин;"[""https://xcimg.szwego.com/imgHD/f0138068/20251028/cmp_i1761662553977_1196_0_0.jpg"", ""https://xcimg.szwego.com/imgHD/f0138068/20251028/cmp_i1761662553983_5452_0_5.jpg"", ""https://xcimg.szwego.com/imgHD/f0138068/20251028/cmp_i1761662557524_6136_0_1.jpg"", ""https://xcimg.szwego.com/imgHD/f0138068/20251028/cmp_i1761662553757_5778_0_3.jpg"", ""https://xcimg.szwego.com/imgHD/f0138068/20251028/cmp_i1761662557520_79_0_4.jpg"", ""https://xcimg.szwego.com/imgHD/f0138068/20251028/cmp_i1761662553102_9127_0_6.jpg"", ""https://xcimg.szwego.com/imgHD/f0138068/20251028/cmp_i1761662557506_2273_0_7.jpg"", ""https://xcimg.szwego.com/imgHD/f0138068/20251028/cmp_i1761662556709_8778_0_8.jpg"", ""https://xcimg.szwego.com/imgHD/f0138068/20251028/cmp_i1761662556673_7607_0_9.jpg""]"
_d-UrSl9K13mt0JYja0pmI_PeUtWWMc6gkn812cQ;;细节图！SML1180¥;0;;lrg3k8cd5bgw3jv;;Для женщин;"[""https://xcimg.szwego.com/imgHD/f0138068/20251009/cmp_i1759973135593_1922_0_0.jpg"", ""https://xcimg.szwego.com/imgHD/f0138068/20251009/cmp_i1759973139739_6939_0_1.jpg"", ""https://xcimg.szwego.com/imgHD/f0138068/20251009/cmp_i1759973139221_4046_0_2.jpg"", ""https://xcimg.szwego.com/imgHD/f0138068/20251009/cmp_i1759973134713_5594_0_3.jpg"", ""https://xcimg.szwego.com/imgHD/f0138068/20251009/cmp_i1759973135512_8141_0_4.jpg"", ""https://xcimg.szwego.com/imgHD/f0138068/20251009/cmp_i1759973139245_4429_0_5.jpg"", ""https://xcimg.szwego.com/imgHD/f0138068/20251009/cmp_i1759973135611_2043_0_6.jpg"", ""https://xcimg.szwego.com/imgHD/f0138068/20251009/cmp_i1759973135575_4284_0_7.jpg""]"
_dgzrSmdJYHJBvG98ok9g6TsP2N-BnXWFgJjx2DQ;;25A系列真丝复古棉衣，黑色主调+经典双C Logo提花，低调又高级 。真丝提花面料+真丝内 衬，保暖又有质感。立领+盘扣+白色袖口，中式复古氛围感拉满!金属纽扣点缀，细节超精致。秋冬穿搭超百搭，配牛仔裤或裙装都很出彩，通勤休闲都能轻松驾驭~ SML1180¥;0;;lrg3k8cd5bgw3jv;;Для женщин;"[""https://xcimg.szwego.com/imgHD/f0138068/20251009/cmp_i1759972612348_4704_0_0.jpg"", ""https://xcimg.szwego.com/imgHD/f0138068/20251009/cmp_i1759972612348_753_0_1.jpg"", ""https://xcimg.szwego.com/imgHD/f0138068/20251009/cmp_i1759972611737_8407_0_2.jpg"", ""https://xcimg.szwego.com/imgHD/f0138068/20251009/cmp_i1759972611737_9683_0_3.jpg"", ""https://xcimg.szwego.com/imgHD/f0138068/20251009/cmp_i1759972611737_9854_0_4.jpg"", ""https://xcimg.szwego.com/imgHD/f0138068/20251009/cmp_i1759972611737_7922_0_6.jpg""]"
_drxrScZxYcZ8F5HUpAGgQDfg9HJG0BvPQMAzAhw;;细节图！SML880¥;0;;lrg3k8cd5bgw3jv;;Для женщин;"[""https://xcimg.szwego.com/imgHD/f0138068/20250822/cmp_i1755829047130_224_0_0.jpg"", ""https://xcimg.szwego.com/imgHD/f0138068/20250822/cmp_i1755829028139_3178_0_1.jpg"", ""https://xcimg.szwego.com/imgHD/f0138068/20250822/cmp_i1755829028131_2356_0_2.jpg"", ""https://xcimg.szwego.com/imgHD/f0138068/20250822/cmp_i1755829028136_9974_0_3.jpg"", ""https://xcimg.szwego.com/imgHD/f0138068/20250822/cmp_i1755829047135_2765_0_4.jpg"", ""https://xcimg.szwego.com/imgHD/f0138068/20250822/cmp_i1755829047131_9523_0_5.jpg"", ""https://xcimg.szwego.com/imgHD/f0138068/20250822/cmp_i1755829028143_2294_0_6.jpg"", ""https://xcimg.szwego.com/imgHD/f0138068/20250822/cmp_i1755829038498_326_0_7.jpg"", ""https://xcimg.szwego.com/imgHD/f0138068/20250822/cmp_i1755828985358_4657_0_5.jpg""]"
_dxarSMKMesI3L6aaZxjUlt12p1gmMQUTWY7KiMA;;细节图！SML490¥;0;;lrg3k8cd5bgw3jv;;Для женщин;"[""https://xcimg.szwego.com/imgHD/f0138068/20250822/cmp_i1755828985367_7021_0_0.jpg"", ""https://xcimg.szwego.com/imgHD/f0138068/20250822/cmp_i1755828985361_6823_0_1.jpg"", ""https://xcimg.szwego.com/imgHD/f0138068/20250822/cmp_i1755829001250_4707_0_2.jpg"", ""https://xcimg.szwego.com/imgHD/f0138068/20250822/cmp_i1755828985356_6646_0_3.jpg"", ""https://xcimg.szwego.com/imgHD/f0138068/20250822/cmp_i1755828985356_3396_0_4.jpg"", ""https://xcimg.szwego.com/imgHD/f0138068/20250822/cmp_i1755828985358_4657_0_5.jpg""]"
_doMrSQFnIHe4-jHd5Ee18zhFc-Q4iKMkk2xdyNQ;;中国风盘扣 白月光套装;0;;lrg3k8cd5bgw3jv;;Для женщин;"[""https://xcimg.szwego.com/imgHD/f0138068/20250822/cmp_i1755828457279_4146_0_0.jpg"", ""https://xcimg.szwego.com/imgHD/f0138068/20250822/cmp_i1755828457279_4993_0_2.jpg"", ""https://xcimg.szwego.com/imgHD/f0138068/20250822/cmp_i1755828457279_1609_0_3.jpg"", ""https://xcimg.szwego.com/imgHD/f0138068/20250822/cmp_i1755828459832_6611_0_4.jpg"", ""https://xcimg.szwego.com/imgHD/f0138068/20250822/cmp_i1755828459830_3328_0_5.jpg"", ""https://xcimg.szwego.com/imgHD/f0138068/20250822/cmp_i1755828457279_4507_0_6.jpg"", ""https://xcimg.szwego.com/imgHD/f0138068/20250822/cmp_i1755828457279_4313_0_7.jpg"", ""https://xcimg.szwego.com/imgHD/f0138068/20250822/cmp_i1755828459832_2530_0_8.jpg"", ""https://xcimg.szwego.com/imgHD/f0138068/20250822/cmp_i1755828459833_369_0_9.jpg""]"
_d_OrS9aKkOj53hR6KL5qvzY1TLJq5TwF3YswXLg;;Kylie闪耀亮相巴黎时装周;0;;lrg3k8cd5bgw3jv;;Для женщин;"[""https://xcimg.szwego.com/imgHD/f0138068/20250822/cmp_i1755825263772_236_0_0.jpg"", ""https://xcimg.szwego.com/imgHD/f0138068/20250822/cmp_i1755825263772_5587_0_1.jpg"", ""https://xcimg.szwego.com/imgHD/f0138068/20250822/cmp_i1755825263772_293_0_2.jpg"", ""https://xcimg.szwego.com/imgHD/f0138068/20250822/cmp_i1755825263772_8035_0_3.jpg"", ""https://xcimg.szwego.com/imgHD/f0138068/20250822/cmp_i1755825263772_6306_0_4.jpg"", ""https://xcimg.szwego.com/imgHD/f0138068/20250822/cmp_i1755825653741_3121_0_5.jpg"", ""https://xcimg.szwego.com/imgHD/f0138068/20250822/cmp_i1755825653741_9693_0_6.jpg"", ""https://xcimg.szwego.com/imgHD/f0138068/20250822/cmp_i1755825653741_9782_0_7.jpg""]"
_dtwrSXa-2TQqZeeUJ83CFxCEVI2jJcGjukLGAWA;;25早秋新款手工坊系列 手工盘扣格子套装 外套SML880¥ 半裙SML490¥;0;;lrg3k8cd5bgw3jv;;Для женщин;"[""https://xcimg.szwego.com/imgHD/f0138068/20250822/cmp_i1755827598546_3492_0_5.jpg"", ""https://xcimg.szwego.com/imgHD/f0138068/20250822/cmp_i1755827598546_5110_0_4.jpg"", ""https://xcimg.szwego.com/imgHD/f0138068/20250822/cmp_i1755827821912_4596_0_0.jpg"", ""https://xcimg.szwego.com/imgHD/f0138068/20250822/cmp_i1755825703003_9493_0_2.jpg"", ""https://xcimg.szwego.com/imgHD/f0138068/20250822/cmp_i1755825673558_5216_0_3.jpg"", ""https://xcimg.szwego.com/imgHD/f0138068/20250822/cmp_i1755825673688_7607_0_4.jpg""]"
_dcYrS1X2iJvidsvuY1fyEc-QJeLyP6ONfmbODsQ;;ZP细节图！SML480¥;0;;lrg3k8cd5bgw3jv;;Для женщин;"[""https://xcimg.szwego.com/imgHD/f0138068/20250902/cmp_i1756812310241_5934_0_0.jpg"", ""https://xcimg.szwego.com/imgHD/f0138068/20250902/cmp_i1756812310241_7048_0_1.jpg"", ""https://xcimg.szwego.com/imgHD/f0138068/20250902/cmp_i1756812324588_2859_0_2.jpg"", ""https://xcimg.szwego.com/imgHD/f0138068/20250902/cmp_i1756824832859_3398_0_3.jpg"", ""https://xcimg.szwego.com/imgHD/f0138068/20250902/cmp_i1756812324763_1636_0_4.jpg"", ""https://xcimg.szwego.com/imgHD/f0138068/20250902/cmp_i1756812324745_8546_0_5.jpg"", ""https://xcimg.szwego.com/imgHD/f0138068/20250902/cmp_i1756812310241_9292_0_6.jpg"", ""https://xcimg.szwego.com/imgHD/f0138068/20250902/cmp_i1756812310241_7818_0_7.jpg""]"
_dl7rSENPTBP0ADzv_mzM18ZgQdMIsO-q6nK71EQ;;半裙细节图！SML520¥;0;;lrg3k8cd5bgw3jv;;Для женщин;"[""https://xcimg.szwego.com/imgHD/f0138068/20250914/cmp_i1757858712749_2823_0_0.jpg"", ""https://xcimg.szwego.com/imgHD/f0138068/20250914/cmp_i1757858814857_5314_0_1.jpg"", ""https://xcimg.szwego.com/imgHD/f0138068/20250914/cmp_i1757858814857_6378_0_2.jpg"", ""https://xcimg.szwego.com/imgHD/f0138068/20250914/cmp_i1757858712749_4403_0_3.jpg"", ""https://xcimg.szwego.com/imgHD/f0138068/20250914/cmp_i1757858712749_9453_0_4.jpg"", ""https://xcimg.szwego.com/imgHD/f0138068/20250914/cmp_i1757858828636_1783_0_5.jpg"", ""https://xcimg.szwego.com/imgHD/f0138068/20250914/cmp_i1757858712749_7970_0_6.jpg"", ""https://xcimg.szwego.com/imgHD/f0138068/20250914/cmp_i1757858828637_9788_0_7.jpg"", ""https://xcimg.szwego.com/imgHD/f0138068/20250914/cmp_i1757858712749_8672_0_8.jpg""]"
_dqWrS6kpASDAQV4plLHRY7r-QvXQEcJCcprQ4qw;;细节图！SML880¥;0;;lrg3k8cd5bgw3jv;;Для женщин;"[""https://xcimg.szwego.com/imgHD/f0138068/20250903/cmp_i1756871569605_8439_0_0.jpg"", ""https://xcimg.szwego.com/imgHD/f0138068/20250903/cmp_i1756871553999_2548_0_1.jpg"", ""https://xcimg.szwego.com/imgHD/f0138068/20250903/cmp_i1756871553999_4960_0_2.jpg"", ""https://xcimg.szwego.com/imgHD/f0138068/20250903/cmp_i1756871565674_2281_0_3.jpg"", ""https://xcimg.szwego.com/imgHD/f0138068/20250903/cmp_i1756871553999_2445_0_4.jpg"", ""https://xcimg.szwego.com/imgHD/f0138068/20250903/cmp_i1756871553999_5372_0_5.jpg"", ""https://xcimg.szwego.com/imgHD/f0138068/20250903/cmp_i1756871569604_4349_0_6.jpg"", ""https://xcimg.szwego.com/imgHD/f0138068/20250903/cmp_i1756871553999_6394_0_7.jpg""]"
_duTrSGvSDw62EKrvJkVCAv755sYh4_pheWbHTqQ;;25B高级手工坊系列新款 羊毛尼水蓝色翻领外套 外套SML880¥;0;;lrg3k8cd5bgw3jv;;Для женщин;"[""https://xcimg.szwego.com/imgHD/f0138068/20250903/cmp_i1756870016413_3047_0_2.jpg"", ""https://xcimg.szwego.com/imgHD/f0138068/20250903/cmp_i1756870012169_2574_0_0.jpg"", ""https://xcimg.szwego.com/imgHD/f0138068/20250903/cmp_i1756870012167_7263_0_1.jpg"", ""https://xcimg.szwego.com/imgHD/f0138068/20250903/cmp_i1756870016412_3649_0_3.jpg"", ""https://xcimg.szwego.com/imgHD/f0138068/20250903/cmp_i1756870012168_5380_0_4.jpg"", ""https://xcimg.szwego.com/imgHD/f0138068/20250903/cmp_i1756870012169_2356_0_5.jpg"", ""https://xcimg.szwego.com/imgHD/f0138068/20250903/cmp_i1756870012168_3106_0_6.jpg"", ""https://xcimg.szwego.com/imgHD/f0138068/20250903/cmp_i1756870016412_8776_0_7.jpg"", ""https://xcimg.szwego.com/imgHD/f0138068/20250903/cmp_i1756870016413_2352_0_8.jpg""]"
_dK_rSRTB_E5ZISexsoJRGf_w_AStXS6G_3J2aDg;;细节图！S M L490¥;0;;lrg3k8cd5bgw3jv;;Для женщин;"[""https://xcimg.szwego.com/imgHD/f0138068/20251104/cmp_i1762216571409_4497_0_0.jpg"", ""https://xcimg.szwego.com/imgHD/f0138068/20251104/cmp_i1762216572101_2702_0_4.jpg"", ""https://xcimg.szwego.com/imgHD/f0138068/20251104/cmp_i1762216571401_7291_0_1.jpg"", ""https://xcimg.szwego.com/imgHD/f0138068/20251104/cmp_i1762216571402_730_0_2.jpg"", ""https://xcimg.szwego.com/imgHD/f0138068/20251104/cmp_i1762216571413_2320_0_3.jpg"", ""https://xcimg.szwego.com/imgHD/f0138068/20251104/cmp_i1762216571410_3369_0_5.jpg""]"
_di4rSd1zF9fhK_t7zM6n1YSuk0a1i_enmsPq5Kg;;25N滑雪系列蝴蝶结毛衣，黑白配色+双CLogo，高品质针织羊毛，柔软舒适，秋冬穿超合适!蝴蝶结细节超有辨识度，袖口和下摆罗纹设计，保暖又修身。搭配牛仔裤或半裙都很出彩，通勤休闲都能穿，是滑雪系列经典单品之一，实用又有收藏价值 SML490¥;0;;lrg3k8cd5bgw3jv;;Для женщин;"[""https://xcimg.szwego.com/imgHD/f0138068/20251104/cmp_a1762218972125_8742.jpg"", ""https://xcimg.szwego.com/imgHD/f0138068/20251104/cmp_a1762218972130_2502.jpg"", ""https://xcimg.szwego.com/imgHD/f0138068/20251104/cmp_a1762218972127_1837.jpg"", ""https://xcimg.szwego.com/imgHD/f0138068/20251104/cmp_a1762218972104_1377.jpg"", ""https://xcimg.szwego.com/imgHD/f0138068/20251104/cmp_a1762218973026_3727.jpg"", ""https://xcimg.szwego.com/imgHD/f0138068/20251104/cmp_a1762218973046_8387.jpg"", ""https://xcimg.szwego.com/imgHD/f0138068/20251104/cmp_a1762218973045_7637.jpg"", ""https://xcimg.szwego.com/imgHD/f0138068/20251104/cmp_a1762218973029_3454.jpg"", ""https://xcimg.szwego.com/imgHD/f0138068/20251104/cmp_a1762218973052_0387.jpg""]"
_dpUrSRKyXQqN9PKyLrbOAQQZ6Uhpq2mENzCSGjg;;细节图！SML450¥;0;;lrg3k8cd5bgw3jv;;Для женщин;"[""https://xcimg.szwego.com/imgHD/f0138068/20251116/cmp_i1763305115273_6346_0_0.jpg"", ""https://xcimg.szwego.com/imgHD/f0138068/20251116/cmp_i1763305117104_9601_0_3.jpg"", ""https://xcimg.szwego.com/imgHD/f0138068/20251116/cmp_i1763305117105_5678_0_1.jpg"", ""https://xcimg.szwego.com/imgHD/f0138068/20251116/cmp_i1763305115273_6771_0_2.jpg"", ""https://xcimg.szwego.com/imgHD/f0138068/20251116/cmp_i1763305117107_2328_0_4.jpg"", ""https://xcimg.szwego.com/imgHD/f0138068/20251116/cmp_i1763305115273_2379_0_5.jpg"", ""https://xcimg.szwego.com/imgHD/f0138068/20251116/cmp_i1763305115273_9515_0_6.jpg"", ""https://xcimg.szwego.com/imgHD/f0138068/20251116/cmp_i1763305117112_3612_0_7.jpg"", ""https://xcimg.szwego.com/imgHD/f0138068/20251116/cmp_i1763305115273_9736_0_8.jpg""]"
_dCfrSEBkjkyke0rw6DFwQlehLNG6mZUYSWINdyQ;;26早春度假系列立体蝴蝶针织衫，采用羊驼毛与羊绒混纺，柔软亲肤，白色纱线点缀彩色立体蝴蝶刺绣，手工制作，细节满分，慵懒随性，浪漫氛围拉满!无论搭裙装还是裤装都很出彩，日常穿搭也能轻松驾驭 SML450💰;0;;lrg3k8cd5bgw3jv;;Для женщин;"[""https://xcimg.szwego.com/imgHD/f0138068/20251117/cmp_a1763344661086_3172.jpg"", ""https://xcimg.szwego.com/imgHD/f0138068/20251117/cmp_a1763344661080_3107.jpg"", ""https://xcimg.szwego.com/imgHD/f0138068/20251117/cmp_a1763344661091_8341.jpg"", ""https://xcimg.szwego.com/imgHD/f0138068/20251117/cmp_a1763344661075_8356.jpg"", ""https://xcimg.szwego.com/imgHD/f0138068/20251117/cmp_a1763344662378_6766.jpg"", ""https://xcimg.szwego.com/imgHD/f0138068/20251117/cmp_a1763344662376_6363.jpg"", ""https://xcimg.szwego.com/imgHD/f0138068/20251117/cmp_a1763344662372_7781.jpg"", ""https://xcimg.szwego.com/imgHD/f0138068/20251117/cmp_a1763344663535_0340.jpg"", ""https://xcimg.szwego.com/imgHD/f0138068/20251117/cmp_a1763344662380_4366.jpg""]"
_duVrShBFCxc1fuMbXFEEBEBhsXTQhKvnGVdxNgw;;细节图！SML490¥;0;;lrg3k8cd5bgw3jv;;Для женщин;"[""https://xcimg.szwego.com/img/f0138068/20251211/i1765419760620_8317_0_0.jpg"", ""https://xcimg.szwego.com/img/f0138068/20251211/i1765419759850_3914_0_1.jpg"", ""https://xcimg.szwego.com/img/f0138068/20251211/i1765419759925_46_0_2.jpg"", ""https://xcimg.szwego.com/img/f0138068/20251211/i1765419760013_9442_0_3.jpg"", ""https://xcimg.szwego.com/img/f0138068/20251211/i1765419760046_5708_0_5.jpg"", ""https://xcimg.szwego.com/img/f0138068/20251211/i1765419759879_262_0_4.jpg""]"
_dELrS1qIRHybIUARi9_BL5DDvV-K0vxa6XEQ3AA;;26早春系列单品开衫外套、黑色主色调+左胸白色logo刺绣，简约又有辨识度。高品质羊毛混纺，触感柔软保暖，宽松版型男女都能轻松驾驭，秋冬季节超适合!可单穿也能叠搭，休闲or学院风都能hold住 SML/490💰;0;;lrg3k8cd5bgw3jv;;Для женщин;"[""https://xcimg.szwego.com/img/f0138068/20251211/a1765420424093_4132.jpg"", ""https://xcimg.szwego.com/img/f0138068/20251211/a1765420424293_7345.jpg"", ""https://xcimg.szwego.com/img/f0138068/20251211/a1765420424107_8645.jpg"", ""https://xcimg.szwego.com/img/f0138068/20251211/a1765420424510_8763.jpg"", ""https://xcimg.szwego.com/img/f0138068/20251211/a1765420424424_7436.jpg"", ""https://xcimg.szwego.com/img/f0138068/20251211/a1765420425090_2233.jpg"", ""https://xcimg.szwego.com/img/f0138068/20251211/a1765420427446_7158.jpg"", ""https://xcimg.szwego.com/img/f0138068/20251211/a1765420549646_2476.jpg""]"
_dJbrSNJOlBJaKRaayKqN4jgg-VeYcVbgzZsOXgw;;细节图！SML750¥;0;;lrg3k8cd5bgw3jv;;Для женщин;"[""https://xcimg.szwego.com/img/f0138068/20251210/i1765332332699_1185_0_0.jpg"", ""https://xcimg.szwego.com/img/f0138068/20251210/i1765332332801_8258_0_1.jpg"", ""https://xcimg.szwego.com/img/f0138068/20251210/i1765332332762_1878_0_2.jpg"", ""https://xcimg.szwego.com/img/f0138068/20251210/i1765332333376_3819_0_3.jpg"", ""https://xcimg.szwego.com/img/f0138068/20251210/i1765332332766_5453_0_4.jpg"", ""https://xcimg.szwego.com/img/f0138068/20251210/i1765332332750_3599_0_5.jpg"", ""https://xcimg.szwego.com/img/f0138068/20251210/i1765332333334_9678_0_6.jpg"", ""https://xcimg.szwego.com/img/f0138068/20251210/i1765332288167_1401_0_4.jpg""]"
_dLirSGWkoXOejpdSPCKwcHiqrw0v6A-39uo7FYw;;LP25新品立领羊毛外套、纹理精致、质感高级、简约又有腔调！ＳＭＬ750¥;0;;lrg3k8cd5bgw3jv;;Для женщин;"[""https://xcimg.szwego.com/img/f0138068/20251210/i1765331926343_6252_0_0.jpg"", ""https://xcimg.szwego.com/img/f0138068/20251210/i1765331926210_639_0_1.jpg"", ""https://xcimg.szwego.com/img/f0138068/20251210/i1765331925447_7006_0_3.jpg"", ""https://xcimg.szwego.com/img/f0138068/20251210/i1765331925448_5616_0_4.jpg"", ""https://xcimg.szwego.com/img/f0138068/20251210/i1765331926749_8101_0_5.jpg"", ""https://xcimg.szwego.com/img/f0138068/20251210/i1765331925447_1496_0_7.jpg"", ""https://xcimg.szwego.com/img/f0138068/20251210/i1765331926751_768_0_9.jpg"", ""https://xcimg.szwego.com/img/f0138068/20251210/i1765331925484_2539_0_12.jpg"", ""https://xcimg.szwego.com/img/f0138068/20251210/i1765331978101_495_0_8.jpg""]"
_dcGrSTQ-N_KkQm_4pQ2mE27pe9auzZChBv0YaFw;;🔥今年最好看的COCO羽绒服来了 25N滑雪系列羽绒服，灵感源自高山滑雪运动，尼龙面料+高品质羽绒填充，保暖又防水。黑白拼接设计，金色纽扣+双CLogo刺 绣，奢华感满满◆。宽松版型，雪地、都市都能轻松驾驭，搭配同系列针织衫或手套，冬日氛围感直接拉满。滑雪爱好者和时尚达人都超爱!SML980💰;0;;lrg3k8cd5bgw3jv;;Для женщин;"[""https://xcimg.szwego.com/img/f0138068/20251201/a1764561592777_7138.jpg"", ""https://xcimg.szwego.com/img/f0138068/20251201/a1764561593058_2763.jpg"", ""https://xcimg.szwego.com/img/f0138068/20251201/a1764561592988_6375.jpg"", ""https://xcimg.szwego.com/img/f0138068/20251201/a1764561593123_3478.jpg"", ""https://xcimg.szwego.com/img/f0138068/20251201/a1764561599310_3624.jpg"", ""https://xcimg.szwego.com/img/f0138068/20251201/a1764561599350_7320.jpg"", ""https://xcimg.szwego.com/img/f0138068/20251201/a1764561592786_0733.jpg"", ""https://xcimg.szwego.com/img/f0138068/20251201/a1764561599043_1220.jpg""]"
_doRrSKqsCqT5O4CM3ZY-vF-N5bFaz3kxN42j0QA;;细节图！SML790¥;0;;lrg3k8cd5bgw3jv;;Для женщин;"[""https://xcimg.szwego.com/imgHD/f0138068/20251107/cmp_i1762520437993_4866_0_0.jpg"", ""https://xcimg.szwego.com/imgHD/f0138068/20251107/cmp_i1762520434596_819_0_4.jpg"", ""https://xcimg.szwego.com/imgHD/f0138068/20251107/cmp_i1762520434580_881_0_1.jpg"", ""https://xcimg.szwego.com/imgHD/f0138068/20251107/cmp_i1762520434528_1226_0_2.jpg"", ""https://xcimg.szwego.com/imgHD/f0138068/20251107/cmp_i1762520433839_6501_0_3.jpg"", ""https://xcimg.szwego.com/imgHD/f0138068/20251107/cmp_i1762520437806_5821_0_6.jpg"", ""https://xcimg.szwego.com/imgHD/f0138068/20251107/cmp_i1762520437277_6884_0_8.jpg"", ""https://xcimg.szwego.com/imgHD/f0138068/20251107/cmp_i1762520437277_2104_0_7.jpg""]"
_dPPrSqxf4aDW-TPO3YNU8uKGvEGsaBwvB1Lw0Bg;;细节图！SML980¥;0;;lrg3k8cd5bgw3jv;;Для женщин;"[""https://xcimg.szwego.com/img/f0138068/20251204/i1764815063508_7287_0_0.jpg"", ""https://xcimg.szwego.com/img/f0138068/20251204/i1764815062524_749_0_1.jpg"", ""https://xcimg.szwego.com/img/f0138068/20251204/i1764815063535_5691_0_2.jpg"", ""https://xcimg.szwego.com/img/f0138068/20251204/i1764815062531_504_0_3.jpg"", ""https://xcimg.szwego.com/img/f0138068/20251204/i1764815063515_8003_0_4.jpg"", ""https://xcimg.szwego.com/img/f0138068/20251204/i1764815062537_6636_0_7.jpg"", ""https://xcimg.szwego.com/img/f0138068/20251204/i1764815062589_8348_0_8.jpg"", ""https://xcimg.szwego.com/img/f0138068/20251204/i1764815062564_2001_0_9.jpg"", ""https://xcimg.szwego.com/img/f0138068/20251204/i1764815063527_4562_0_6.jpg""]"
_dgdrSURCvlqMjChwpf_JQh-Drd5On0yl0sJeh3A;;M25新品极光粉羽绒服，属于Grenoble滑雪系列，外层尼龙防撕裂面料，内填高品质鹅绒，保暖力满分 。短款连帽设计，袖口和拉链细节超 精致，兼具功能性与时尚感。极光粉配色在不同光线下超美，冬日穿搭必备亮点 限量发售， 滑雪爱好者和时尚达人都在抢! SML980💰;0;;lrg3k8cd5bgw3jv;;Для женщин;"[""https://xcimg.szwego.com/img/f0138068/20251204/a1764816382559_0828.jpg"", ""https://xcimg.szwego.com/img/f0138068/20251204/a1764816382658_8020.jpg"", ""https://xcimg.szwego.com/img/f0138068/20251204/a1764816382617_6126.jpg"", ""https://xcimg.szwego.com/img/f0138068/20251204/a1764816382673_6564.jpg"", ""https://xcimg.szwego.com/img/f0138068/20251204/a1764816386030_5035.jpg"", ""https://xcimg.szwego.com/img/f0138068/20251204/a1764816386026_5073.jpg"", ""https://xcimg.szwego.com/img/f0138068/20251204/a1764816386026_3488.jpg"", ""https://xcimg.szwego.com/img/f0138068/20251204/a1764816386051_2746.jpg""]"
_dIsrSMrIgbeh-bTvoPNQYjtWmMc_UUBuFTWidgA;;细节图！SML350¥;0;;lrg3k8cd5bgw3jv;;Для женщин;"[""https://xcimg.szwego.com/imgHD/f0138068/20251027/cmp_i1761533609434_7504_0_0.jpg"", ""https://xcimg.szwego.com/imgHD/f0138068/20251027/cmp_i1761533618147_5269_0_1.jpg"", ""https://xcimg.szwego.com/imgHD/f0138068/20251027/cmp_i1761533618155_4525_0_2.jpg"", ""https://xcimg.szwego.com/imgHD/f0138068/20251027/cmp_i1761533609439_9388_0_3.jpg"", ""https://xcimg.szwego.com/imgHD/f0138068/20251027/cmp_i1761533609446_564_0_4.jpg"", ""https://xcimg.szwego.com/imgHD/f0138068/20251027/cmp_i1761533618147_635_0_5.jpg"", ""https://xcimg.szwego.com/imgHD/f0138068/20251027/cmp_i1761533618160_1093_0_6.jpg"", ""https://xcimg.szwego.com/imgHD/f0138068/20251027/cmp_i1761533618157_7397_0_7.jpg""]"
_djTrSSbBblG7A65kQwOrx-XgQ2YuIbF6I9kRA7A;;细节图！SML350¥;0;;lrg3k8cd5bgw3jv;;Для женщин;"[""https://xcimg.szwego.com/imgHD/f0138068/20251027/cmp_i1761533379933_1584_0_0.jpg"", ""https://xcimg.szwego.com/imgHD/f0138068/20251027/cmp_i1761533379929_7284_0_2.jpg"", ""https://xcimg.szwego.com/imgHD/f0138068/20251027/cmp_i1761533380056_7257_0_1.jpg"", ""https://xcimg.szwego.com/imgHD/f0138068/20251027/cmp_i1761533379324_2852_0_3.jpg"", ""https://xcimg.szwego.com/imgHD/f0138068/20251027/cmp_i1761533384004_9627_0_4.jpg"", ""https://xcimg.szwego.com/imgHD/f0138068/20251027/cmp_i1761533379948_6219_0_5.jpg"", ""https://xcimg.szwego.com/imgHD/f0138068/20251027/cmp_i1761533383480_6621_0_6.jpg"", ""https://xcimg.szwego.com/imgHD/f0138068/20251027/cmp_i1761533383413_811_0_7.jpg""]"
_dnlrStLEKNQWClIOGzZb4LrTheFjrWszu_PHAzw;;25新品AW新款烫钻弯刀牛仔裤好爱啊 预计又是一条爆品裤子 版型超绝 巨显瘦 SML350¥;0;;lrg3k8cd5bgw3jv;;Для женщин;"[""https://xcimg.szwego.com/imgHD/f0138068/20251027/cmp_i1761533014932_516_0_0.jpg"", ""https://xcimg.szwego.com/imgHD/f0138068/20251027/cmp_i1761533015257_9250_0_1.jpg"", ""https://xcimg.szwego.com/imgHD/f0138068/20251027/cmp_i1761533014932_5829_0_2.jpg"", ""https://xcimg.szwego.com/imgHD/f0138068/20251027/cmp_i1761533014932_3117_0_3.jpg"", ""https://xcimg.szwego.com/imgHD/f0138068/20251027/cmp_i1761533014957_9035_0_4.jpg"", ""https://xcimg.szwego.com/imgHD/f0138068/20251027/cmp_i1761533014958_1178_0_5.jpg"", ""https://xcimg.szwego.com/imgHD/f0138068/20251027/cmp_i1761533015255_5928_0_6.jpg""]"
_dp0rSDkSF7WISyZNBAr_CFTAwydTzDb1ylJ7_Aw;;细节图！SML690¥;0;;lrg3k8cd5bgw3jv;;Для женщин;"[""https://xcimg.szwego.com/img/f0138068/20251124/i1763950877632_9604_0_0.jpg"", ""https://xcimg.szwego.com/img/f0138068/20251124/i1763950879311_2803_0_1.jpg"", ""https://xcimg.szwego.com/img/f0138068/20251124/i1763950879285_8868_0_2.jpg"", ""https://xcimg.szwego.com/img/f0138068/20251124/i1763950877653_1235_0_4.jpg"", ""https://xcimg.szwego.com/img/f0138068/20251124/i1763950879271_9965_0_5.jpg"", ""https://xcimg.szwego.com/img/f0138068/20251124/i1763950877632_3971_0_6.jpg"", ""https://xcimg.szwego.com/img/f0138068/20251124/i1763950879018_1754_0_8.jpg"", ""https://xcimg.szwego.com/img/f0138068/20251124/i1763950877632_2667_0_9.jpg"", ""https://xcimg.szwego.com/img/f0138068/20251124/i1763950877632_5094_0_7.jpg""]"
_dlfrSq6sXAfsG6eVxiBlKCVnXikLBgdlag8OGtA;;细节图！SML780¥;0;;lrg3k8cd5bgw3jv;;Для женщин;"[""https://xcimg.szwego.com/img/f0138068/20251205/i1764900514690_3955_0_0.jpg"", ""https://xcimg.szwego.com/img/f0138068/20251205/i1764900514721_1593_0_1.jpg"", ""https://xcimg.szwego.com/img/f0138068/20251205/i1764900515635_8593_0_2.jpg"", ""https://xcimg.szwego.com/img/f0138068/20251205/i1764900514561_3408_0_3.jpg"", ""https://xcimg.szwego.com/img/f0138068/20251205/i1764900514678_6924_0_4.jpg"", ""https://xcimg.szwego.com/img/f0138068/20251205/i1764900515686_4336_0_5.jpg"", ""https://xcimg.szwego.com/img/f0138068/20251205/i1764900514655_4110_0_7.jpg"", ""https://xcimg.szwego.com/img/f0138068/20251205/i1764900515663_1133_0_6.jpg""]"
_diRrSx0zYyw0HVv03y3xiF-K8Kfk5yLChQ7ZdIw;;细节图！SML780¥;0;;lrg3k8cd5bgw3jv;;Для женщин;"[""https://xcimg.szwego.com/img/f0138068/20251205/i1764900478242_8511_0_0.jpg"", ""https://xcimg.szwego.com/img/f0138068/20251205/i1764900478254_8191_0_5.jpg"", ""https://xcimg.szwego.com/img/f0138068/20251205/i1764900478913_9392_0_1.jpg"", ""https://xcimg.szwego.com/img/f0138068/20251205/i1764900478209_5043_0_3.jpg"", ""https://xcimg.szwego.com/img/f0138068/20251205/i1764900478961_1765_0_4.jpg"", ""https://xcimg.szwego.com/img/f0138068/20251205/i1764900478176_429_0_6.jpg"", ""https://xcimg.szwego.com/img/f0138068/20251205/i1764900478923_8438_0_7.jpg"", ""https://xcimg.szwego.com/img/f0138068/20251205/i1764900478904_8134_0_9.jpg"", ""https://xcimg.szwego.com/img/f0138068/20251205/i1764900478922_825_0_8.jpg""]"
_d-trSrll-Htz1sf5lKvh05MtVocDLy4112I5XVA;;翻领款⚪ 25N滑雪系列亮片毛绒外套，短绒面料+双Clogo细密亮片，星空感满满。经典菱格纹设计，立体又保暖，宽松版型+大翻领，优雅休闲两不误。袖口和下摆有精致收边，细节超赞!秋冬穿搭必备，搭牛仔裤或裙装都很出彩，轻松打造冬日高级感look SML780💰;0;;lrg3k8cd5bgw3jv;;Для женщин;"[""https://xcimg.szwego.com/img/f0138068/20251205/a1764902421013_4706.jpg"", ""https://xcimg.szwego.com/img/f0138068/20251205/a1764902421036_3063.jpg"", ""https://xcimg.szwego.com/img/f0138068/20251205/a1764902420976_2158.jpg"", ""https://xcimg.szwego.com/img/f0138068/20251205/a1764902421001_7476.jpg"", ""https://xcimg.szwego.com/img/f0138068/20251205/a1764902421248_3537.jpg"", ""https://xcimg.szwego.com/img/f0138068/20251205/a1764902427210_3184.jpg"", ""https://xcimg.szwego.com/img/f0138068/20251205/a1764902427060_4382.jpg""]"
_ddgrS4V7JL5XQvGH9XhhSo7UDVKVlNn0nc6MfJQ;;细节图！SML780¥;0;;lrg3k8cd5bgw3jv;;Для женщин;"[""https://xcimg.szwego.com/img/f0138068/20251205/i1764900624111_7545_0_0.jpg"", ""https://xcimg.szwego.com/img/f0138068/20251205/i1764900623224_499_0_1.jpg"", ""https://xcimg.szwego.com/img/f0138068/20251205/i1764900623189_5435_0_2.jpg"", ""https://xcimg.szwego.com/img/f0138068/20251205/i1764900624084_9044_0_3.jpg"", ""https://xcimg.szwego.com/img/f0138068/20251205/i1764900623074_602_0_4.jpg"", ""https://xcimg.szwego.com/img/f0138068/20251205/i1764900623091_3145_0_5.jpg"", ""https://xcimg.szwego.com/img/f0138068/20251205/i1764900623156_1319_0_7.jpg"", ""https://xcimg.szwego.com/img/f0138068/20251205/i1764900624014_9859_0_6.jpg""]"
_d_9rS9RVo_zvYPk2MAJj53IUL2XO916YcovJrrw;;细节图！SML780¥;0;;lrg3k8cd5bgw3jv;;Для женщин;"[""https://xcimg.szwego.com/img/f0138068/20251205/i1764900569202_7294_0_0.jpg"", ""https://xcimg.szwego.com/img/f0138068/20251205/i1764900568572_9975_0_3.jpg"", ""https://xcimg.szwego.com/img/f0138068/20251205/i1764900568483_1913_0_1.jpg"", ""https://xcimg.szwego.com/img/f0138068/20251205/i1764900568585_9541_0_2.jpg"", ""https://xcimg.szwego.com/img/f0138068/20251205/i1764900568580_8599_0_4.jpg"", ""https://xcimg.szwego.com/img/f0138068/20251205/i1764900568530_4281_0_5.jpg""]"
_dkVrSdYtDmHJSwBQMZVxrhuXqdWJKxwSlpwHWdQ;;立领款⚪ 25N滑雪系列亮片毛绒外套，短绒面料+双Clogo细密亮片，菱格纹理超有层次感!立领拉链设计，保暖又时髦，白色款清新优雅，黑色款低调奢华 ，日常或滑雪都能轻松驾 驭，时尚与功能兼备，冬日穿搭必备单品!SML780💰;0;;lrg3k8cd5bgw3jv;;Для женщин;"[""https://xcimg.szwego.com/img/f0138068/20251205/a1764902679023_0453.jpg"", ""https://xcimg.szwego.com/img/f0138068/20251205/a1764902678943_4535.jpg"", ""https://xcimg.szwego.com/img/f0138068/20251205/a1764902679094_5067.jpg"", ""https://xcimg.szwego.com/img/f0138068/20251205/a1764902679164_4835.jpg"", ""https://xcimg.szwego.com/img/f0138068/20251205/a1764902679077_6137.jpg"", ""https://xcimg.szwego.com/img/f0138068/20251205/a1764902682702_0667.jpg"", ""https://xcimg.szwego.com/img/f0138068/20251205/a1764902682759_0783.jpg"", ""https://xcimg.szwego.com/img/f0138068/20251205/a1764902682800_6561.jpg"", ""https://xcimg.szwego.com/img/f0138068/20251205/a1764902682691_5311.jpg""]"
_dsWrSOCPXweT9FinJnK547hGo3FTj6L3KzG9pEQ;;细节图！SML390¥;0;;lrg3k8cd5bgw3jv;;Для женщин;"[""https://xcimg.szwego.com/img/f0138068/20251203/i1764723629904_9499_0_0.jpg"", ""https://xcimg.szwego.com/img/f0138068/20251203/i1764723629924_5521_0_1.jpg"", ""https://xcimg.szwego.com/img/f0138068/20251203/i1764723629850_5872_0_2.jpg"", ""https://xcimg.szwego.com/img/f0138068/20251203/i1764723629915_5722_0_3.jpg"", ""https://xcimg.szwego.com/img/f0138068/20251203/i1764723630573_5350_0_4.jpg"", ""https://xcimg.szwego.com/img/f0138068/20251203/i1764723630588_5141_0_5.jpg"", ""https://xcimg.szwego.com/img/f0138068/20251203/i1764723630534_3192_0_6.jpg"", ""https://xcimg.szwego.com/img/f0138068/20251203/i1764723629907_6933_0_7.jpg""]"
_dBUrSyntKROp9muYi54IHYPpTRBjlHjd5adsFSA;;细节图！SML390¥;0;;lrg3k8cd5bgw3jv;;Для женщин;"[""https://xcimg.szwego.com/img/f0138068/20251203/i1764723708071_2265_0_0.jpg"", ""https://xcimg.szwego.com/img/f0138068/20251203/i1764723708089_8489_0_1.jpg"", ""https://xcimg.szwego.com/img/f0138068/20251203/i1764723708101_2459_0_2.jpg"", ""https://xcimg.szwego.com/img/f0138068/20251203/i1764723708668_9917_0_3.jpg"", ""https://xcimg.szwego.com/img/f0138068/20251203/i1764723708091_2055_0_4.jpg"", ""https://xcimg.szwego.com/img/f0138068/20251203/i1764723708029_3909_0_5.jpg"", ""https://xcimg.szwego.com/img/f0138068/20251203/i1764723708674_2496_0_6.jpg"", ""https://xcimg.szwego.com/img/f0138068/20251203/i1764723708677_3671_0_7.jpg""]"
_dcYrS1X2iJvicufuY1fyEe-QBeLOI6ONfmbODsQ;;25N滑雪季系列蝴蝶结米白色针织衫，柔软羊毛混纺，穿着舒适又保暖。撞色娃娃领+胸前蝴蝶结，细节满满，优雅俏皮。短袖设计，秋冬叠穿超方便，搭配牛仔裤或半裙都很出彩，精致女孩必入！SML390💰;0;;lrg3k8cd5bgw3jv;;Для женщин;"[""https://xcimg.szwego.com/img/f0138068/20251203/a1764729316684_5774.jpg"", ""https://xcimg.szwego.com/img/f0138068/20251203/a1764729316654_6537.jpg"", ""https://xcimg.szwego.com/img/f0138068/20251203/a1764729316716_5701.jpg"", ""https://xcimg.szwego.com/img/f0138068/20251203/a1764729316582_2558.jpg"", ""https://xcimg.szwego.com/img/f0138068/20251203/a1764729316588_6151.jpg"", ""https://xcimg.szwego.com/img/f0138068/20251203/a1764729319407_7048.jpg"", ""https://xcimg.szwego.com/img/f0138068/20251203/a1764729108869_0350.jpg""]"
_duKrSdmQMd0zbeJCKOUY7R5x0PebVRPLbidJqaA;;细节图！SML340¥;0;;lrg3k8cd5bgw3jv;;Для женщин;"[""https://xcimg.szwego.com/img/f0138068/20251202/i1764636476508_2062_0_0.jpg"", ""https://xcimg.szwego.com/img/f0138068/20251202/i1764636475141_5473_0_1.jpg"", ""https://xcimg.szwego.com/img/f0138068/20251202/i1764636475142_4125_0_2.jpg"", ""https://xcimg.szwego.com/img/f0138068/20251202/i1764636475145_898_0_3.jpg"", ""https://xcimg.szwego.com/img/f0138068/20251202/i1764636476462_8537_0_4.jpg"", ""https://xcimg.szwego.com/img/f0138068/20251202/i1764636475135_2533_0_5.jpg"", ""https://xcimg.szwego.com/img/f0138068/20251202/i1764636475135_3583_0_6.jpg""]"
_duIrSB_QLvR4UQoK2LbmSFbtGpeW8ZEcVFOhs-A;;细节图！SML630¥;0;;lrg3k8cd5bgw3jv;;Для женщин;"[""https://xcimg.szwego.com/img/f0138068/20251219/i1766114079193_8710_0_0.jpg"", ""https://xcimg.szwego.com/img/f0138068/20251219/i1766114075545_2912_0_1.jpg"", ""https://xcimg.szwego.com/img/f0138068/20251219/i1766114075520_7327_0_2.jpg"", ""https://xcimg.szwego.com/img/f0138068/20251219/i1766114079216_3989_0_3.jpg"", ""https://xcimg.szwego.com/img/f0138068/20251219/i1766114075529_779_0_4.jpg"", ""https://xcimg.szwego.com/img/f0138068/20251219/i1766114075474_2078_0_6.jpg"", ""https://xcimg.szwego.com/img/f0138068/20251219/i1766114079236_3373_0_7.jpg"", ""https://xcimg.szwego.com/img/f0138068/20251219/i1766114079210_5423_0_8.jpg""]"
_ddHrS5IWBWS5FfGWt7gMcPWr83k1hhnKjhz1y2Q;;细节图！SML630¥;0;;lrg3k8cd5bgw3jv;;Для женщин;"[""https://xcimg.szwego.com/img/f0138068/20251219/i1766113950967_6587_0_6.jpg"", ""https://xcimg.szwego.com/img/f0138068/20251219/i1766113937476_1401_0_0.jpg"", ""https://xcimg.szwego.com/img/f0138068/20251219/i1766113937476_4665_0_1.jpg"", ""https://xcimg.szwego.com/img/f0138068/20251219/i1766113937476_7476_0_2.jpg"", ""https://xcimg.szwego.com/img/f0138068/20251219/i1766113960890_8877_0_7.jpg"", ""https://xcimg.szwego.com/img/f0138068/20251219/i1766113937476_4851_0_3.jpg"", ""https://xcimg.szwego.com/img/f0138068/20251219/i1766113937475_9999_0_4.jpg"", ""https://xcimg.szwego.com/img/f0138068/20251219/i1766113940533_8858_0_5.jpg""]"
_dv-rSFsxAtnPj5Y9stouIdsAskf5W6Efh0cGNtQ;;细节图！SML1430¥;0;;lrg3k8cd5bgw3jv;;Для женщин;"[""https://xcimg.szwego.com/img/f0138068/20251128/i1764292930839_1171_0_0.jpg"", ""https://xcimg.szwego.com/img/f0138068/20251128/i1764292929937_4022_0_1.jpg"", ""https://xcimg.szwego.com/img/f0138068/20251128/i1764292929894_849_0_2.jpg"", ""https://xcimg.szwego.com/img/f0138068/20251128/i1764292929903_127_0_3.jpg"", ""https://xcimg.szwego.com/img/f0138068/20251128/i1764292930867_7725_0_4.jpg"", ""https://xcimg.szwego.com/img/f0138068/20251128/i1764292930755_6558_0_5.jpg"", ""https://xcimg.szwego.com/img/f0138068/20251128/i1764292929867_7786_0_6.jpg"", ""https://xcimg.szwego.com/img/f0138068/20251128/i1764292929816_3337_0_7.jpg""]"
_dtTrSkE1gPnWQg8s7KutUI0tjMbfdKdNVi8k86g;;细节图！SML460💰;0;;lrg3k8cd5bgw3jv;;Для женщин;"[""https://xcimg.szwego.com/img/f0138068/20251129/i1764381126599_9131_0_0.jpg"", ""https://xcimg.szwego.com/img/f0138068/20251129/i1764381127360_4816_0_1.jpg"", ""https://xcimg.szwego.com/img/f0138068/20251129/i1764381126508_2332_0_2.jpg"", ""https://xcimg.szwego.com/img/f0138068/20251129/i1764381126516_7802_0_3.jpg"", ""https://xcimg.szwego.com/img/f0138068/20251129/i1764381127283_4515_0_4.jpg"", ""https://xcimg.szwego.com/img/f0138068/20251129/i1764381126631_229_0_5.jpg"", ""https://xcimg.szwego.com/img/f0138068/20251129/i1764381126449_8286_0_6.jpg""]"
_di5rS-PuyiUsfyk03iEkp_ZVrB9V81Ud3WANxFg;;25新款大王连帽针织开衫，采用高品质羊毛，柔软又保暖，秋冬穿超舒服!黑色简约设计+品牌刺绣，低调又有辨识度拉链设计，穿脱方便，连帽休闲感满分~修身剪裁，轻松打造时髦随性风，无论单穿还是叠穿都很OK! SML460💰;0;;lrg3k8cd5bgw3jv;;Для женщин;"[""https://xcimg.szwego.com/img/f0138068/20251129/a1764383174357_7024.jpg"", ""https://xcimg.szwego.com/img/f0138068/20251129/a1764383174290_5373.jpg"", ""https://xcimg.szwego.com/img/f0138068/20251129/a1764383174393_6870.jpg"", ""https://xcimg.szwego.com/img/f0138068/20251129/a1764383174391_8452.jpg"", ""https://xcimg.szwego.com/img/f0138068/20251129/a1764383174483_4350.jpg"", ""https://xcimg.szwego.com/img/f0138068/20251129/i1764383361483_5696_0_5.jpg""]"
_dsLrSsVpu2bM6hf0dWKW0C6f5B8iG9mSCsen0tw;;细节图！SML490¥;0;;lrg3k8cd5bgw3jv;;Для женщин;"[""https://xcimg.szwego.com/imgHD/f0138068/20251116/cmp_i1763305345769_1264_0_0.jpg"", ""https://xcimg.szwego.com/imgHD/f0138068/20251116/cmp_i1763305345770_7287_0_2.jpg"", ""https://xcimg.szwego.com/imgHD/f0138068/20251116/cmp_i1763305345769_4381_0_1.jpg"", ""https://xcimg.szwego.com/imgHD/f0138068/20251116/cmp_i1763305345770_3166_0_3.jpg"", ""https://xcimg.szwego.com/imgHD/f0138068/20251116/cmp_i1763305345751_8972_0_4.jpg"", ""https://xcimg.szwego.com/imgHD/f0138068/20251116/cmp_i1763305348054_4465_0_5.jpg"", ""https://xcimg.szwego.com/imgHD/f0138068/20251116/cmp_i1763305348044_7434_0_7.jpg"", ""https://xcimg.szwego.com/imgHD/f0138068/20251116/cmp_i1763305348054_5310_0_6.jpg""]"
_d88rS-gWSrtIqc9tiYSk4tG2zqtmtA2aWmLv1zg;;羊绒～出新[色][庆祝][庆祝]新年好运袜子来啰[色][色]高品质、双针、纯棉质量、穿着舒适透气性强[666]强烈推荐[庆祝][庆祝]一盒5双入[礼物];0;;lrg3k8cd5bgw3jv;;Для женщин;"[""https://xcimg.szwego.com/img/148facdf/20251223/a1766500314741_6127.jpg"", ""https://xcimg.szwego.com/img/148facdf/20251223/a1766500315775_1432.jpg"", ""https://xcimg.szwego.com/img/148facdf/20251223/a1766500315607_6601.jpg"", ""https://xcimg.szwego.com/img/148facdf/20251223/a1766500315686_3164.jpg"", ""https://xcimg.szwego.com/img/148facdf/20251223/a1766500315663_6058.jpg"", ""https://xcimg.szwego.com/img/148facdf/20251223/a1766500317610_1647.jpg""]"
_dbYrSXzfviiyVQ8_93Id7zqwibeg1vZu0gIp-fw;;90一盒 羊绒～出新[色][庆祝][庆祝]新年好运袜子来啰[色][色]高品质、双针、纯棉质量、穿着舒适透气性强[666]强烈推荐[庆祝][庆祝]一盒5双入[礼物];0;;lrg3k8cd5bgw3jv;;Для женщин;"[""https://xcimg.szwego.com/img/148facdf/20251223/a1766500350758_7105.jpg"", ""https://xcimg.szwego.com/img/148facdf/20251223/a1766500349864_0408.jpg"", ""https://xcimg.szwego.com/img/148facdf/20251223/a1766500350597_0247.jpg"", ""https://xcimg.szwego.com/img/148facdf/20251223/a1766500350925_8430.jpg"", ""https://xcimg.szwego.com/img/148facdf/20251223/a1766500350487_4345.jpg"", ""https://xcimg.szwego.com/img/148facdf/20251223/a1766500315775_1432.jpg""]"
_dmsrSW_uEeoSViD25WKT1dqwrRgHpTolwB_c9DA;;90一盒 羊绒～出新[色][庆祝][庆祝]新年好运袜子来啰[色][色]高品质、双针、纯棉质量、穿着舒适透气性强[666]强烈推荐[庆祝][庆祝]一盒5双入[礼物];0;;lrg3k8cd5bgw3jv;;Для женщин;"[""https://xcimg.szwego.com/img/148facdf/20251223/a1766500365405_0685.jpg"", ""https://xcimg.szwego.com/img/148facdf/20251223/a1766500364454_1220.jpg"", ""https://xcimg.szwego.com/img/148facdf/20251223/a1766500363644_3155.jpg"", ""https://xcimg.szwego.com/img/148facdf/20251223/a1766500365403_4312.jpg"", ""https://xcimg.szwego.com/img/148facdf/20251223/a1766500315607_6601.jpg"", ""https://xcimg.szwego.com/img/148facdf/20251223/a1766500368255_2257.jpg""]"
_doqrSrnWDghUlusMxdA8wSVz4hSlAtCjlrffJHA;;90一盒 羊绒～出新[色][庆祝][庆祝]新年好运袜子来啰[色][色]高品质、双针、纯棉质量、穿着舒适透气性强[666]强烈推荐[庆祝][庆祝]一盒5双入[礼物];0;;lrg3k8cd5bgw3jv;;Для женщин;"[""https://xcimg.szwego.com/img/148facdf/20251223/a1766500378808_8311.jpg"", ""https://xcimg.szwego.com/img/148facdf/20251223/a1766500378610_2656.jpg"", ""https://xcimg.szwego.com/img/148facdf/20251223/a1766500378448_4635.jpg"", ""https://xcimg.szwego.com/img/148facdf/20251223/a1766500379354_2301.jpg"", ""https://xcimg.szwego.com/img/148facdf/20251223/a1766500378276_8451.jpg"", ""https://xcimg.szwego.com/img/148facdf/20251223/a1766500315686_3164.jpg""]"
_dMLrS6zpAqu0SYzp4zd9-7CYBIm091NIugFtxJA;;90一盒 羊绒～出新[色][庆祝][庆祝]新年好运袜子来啰[色][色]高品质、双针、纯棉质量、穿着舒适透气性强[666]强烈推荐[庆祝][庆祝]一盒5双入[礼物];0;;lrg3k8cd5bgw3jv;;Для женщин;"[""https://xcimg.szwego.com/img/148facdf/20251223/a1766500404203_8637.jpg"", ""https://xcimg.szwego.com/img/148facdf/20251223/a1766500403557_4022.jpg"", ""https://xcimg.szwego.com/img/148facdf/20251223/a1766500404548_4804.jpg"", ""https://xcimg.szwego.com/img/148facdf/20251223/a1766500404636_8205.jpg"", ""https://xcimg.szwego.com/img/148facdf/20251223/a1766500404266_0332.jpg"", ""https://xcimg.szwego.com/img/148facdf/20251223/a1766500317610_1647.jpg""]"
_d_jrSxeqMjqk0AQyUp5MPuwgzZT1hqTWziQZdAA;;90一盒 羊绒～出新[色][庆祝][庆祝]新年好运袜子来啰[色][色]高品质、双针、纯棉质量、穿着舒适透气性强[666]强烈推荐[庆祝][庆祝]一盒5双入[礼物];0;;lrg3k8cd5bgw3jv;;Для женщин;"[""https://xcimg.szwego.com/img/148facdf/20251223/a1766500414434_0701.jpg"", ""https://xcimg.szwego.com/img/148facdf/20251223/a1766500416110_3101.jpg"", ""https://xcimg.szwego.com/img/148facdf/20251223/a1766500415523_6058.jpg"", ""https://xcimg.szwego.com/img/148facdf/20251223/a1766500415524_3542.jpg"", ""https://xcimg.szwego.com/img/148facdf/20251223/a1766500415221_2048.jpg"", ""https://xcimg.szwego.com/img/148facdf/20251223/a1766500315663_6058.jpg""]"
_drxrScZxYcZ8E7HUuAGEQBP8_EJG3BvPQMAzAhw;;特💛配包装 Miu（缪缪）新款刺绣经典中长筒袜堆堆袜袜子！一盒五双， 专柜同步筒袜袜子，💛大牌出街，潮人必备🔥超好搭。90💰一盒;0;;lrg3k8cd5bgw3jv;;Для женщин;"[""https://xcimg.szwego.com/imgHD/4a0e9cde/20251105/cmp_i1762276376906_5352_0_0.jpg"", ""https://xcimg.szwego.com/imgHD/4a0e9cde/20251105/cmp_i1762276377749_2057_0_1.jpg"", ""https://xcimg.szwego.com/imgHD/4a0e9cde/20251105/cmp_i1762276376908_5333_0_2.jpg"", ""https://xcimg.szwego.com/imgHD/4a0e9cde/20251105/cmp_i1762276377751_9860_0_3.jpg"", ""https://xcimg.szwego.com/imgHD/4a0e9cde/20251105/cmp_i1762276377753_959_0_4.jpg"", ""https://xcimg.szwego.com/imgHD/4a0e9cde/20251105/cmp_i1762276376906_1993_0_5.jpg"", ""https://xcimg.szwego.com/imgHD/4a0e9cde/20251105/cmp_i1762276376909_6363_0_6.jpg"", ""https://xcimg.szwego.com/imgHD/4a0e9cde/20251105/cmp_i1762276376910_6384_0_7.jpg"", ""https://xcimg.szwego.com/imgHD/4a0e9cde/20251105/cmp_i1762276377748_415_0_8.jpg""]"
_dtQrSDaSXtf1253vCkFR_w9guq8nmIsccwsE5aQ;;90💰 miumiu专柜最新设计版[哇][哇]双针纯棉质量！穿着舒适透气！时尚潮流[吃瓜]一盒5双入;0;;lrg3k8cd5bgw3jv;;Для женщин;"[""https://xcimg.szwego.com/img/148facdf/20251204/a1764861943014_1765.jpg"", ""https://xcimg.szwego.com/img/148facdf/20251204/a1764861943691_6842.jpg"", ""https://xcimg.szwego.com/img/148facdf/20251204/a1764861944860_8338.jpg"", ""https://xcimg.szwego.com/img/148facdf/20251204/a1764861944697_7741.jpg"", ""https://xcimg.szwego.com/img/148facdf/20251204/a1764861944638_0128.jpg"", ""https://xcimg.szwego.com/img/148facdf/20251204/a1764861947375_3035.jpg""]"
_diarS7V_62_Pfg0xRy8s2lvbZy3F6MqjeIMNeaQ;;90💰💛配包装 Chanel（香奈儿）新款经典中长款饰品袜堆堆袜袜子！一盒4双， 专柜同步筒款袜子，💛大牌出街，潮人必备🔥超好搭。;0;;lrg3k8cd5bgw3jv;;Для женщин;"[""https://xcimg.szwego.com/img/7f1cdfdb/20251203/i1764735860960_3029_0_0.jpg"", ""https://xcimg.szwego.com/img/7f1cdfdb/20251203/i1764735860944_7959_0_1.jpg"", ""https://xcimg.szwego.com/img/7f1cdfdb/20251203/i1764735861929_9911_0_2.jpg"", ""https://xcimg.szwego.com/img/7f1cdfdb/20251203/i1764735860962_1017_0_3.jpg"", ""https://xcimg.szwego.com/img/7f1cdfdb/20251203/i1764735860950_9369_0_4.jpg"", ""https://xcimg.szwego.com/img/7f1cdfdb/20251203/i1764735860960_7649_0_5.jpg""]"
_duIrSB_QLvR4UQoK2LbyWE7pNruS5ZEcVFuZv9g;;90💰 羊绒出新：LORO PIANA（LP）简单设计款[强][强]、穿着舒适透气[强]一盒5双入🎁🎁;0;;lrg3k8cd5bgw3jv;;Для женщин;"[""https://xcimg.szwego.com/img/148facdf/20251204/a1764862545657_2515.jpg"", ""https://xcimg.szwego.com/img/148facdf/20251204/a1764862547184_6377.jpg"", ""https://xcimg.szwego.com/img/148facdf/20251204/a1764862547564_6335.jpg"", ""https://xcimg.szwego.com/img/148facdf/20251204/a1764862545500_0768.jpg"", ""https://xcimg.szwego.com/img/148facdf/20251204/a1764862546086_4340.jpg"", ""https://xcimg.szwego.com/img/148facdf/20251204/a1764862549993_7316.jpg""]"
_dp7rSwqY8VUD65u2StyPrU-thxsP_UX4Pu_uLmw;;90💰 PRADA（普拉达）专柜最新设计版[哇][哇]双针纯棉质量！穿着舒适透气！时尚潮流[吃瓜]一盒5双入🎁;0;;lrg3k8cd5bgw3jv;;Для женщин;"[""https://xcimg.szwego.com/img/148facdf/20251204/a1764862586112_4530.jpg"", ""https://xcimg.szwego.com/img/148facdf/20251204/a1764862587642_8668.jpg"", ""https://xcimg.szwego.com/img/148facdf/20251204/a1764862587831_7634.jpg"", ""https://xcimg.szwego.com/img/148facdf/20251204/a1764862587736_6002.jpg"", ""https://xcimg.szwego.com/img/148facdf/20251204/a1764862588265_2270.jpg"", ""https://xcimg.szwego.com/img/148facdf/20251204/a1764862592704_4586.jpg"", ""https://xcimg.szwego.com/img/148facdf/20251204/a1764862592752_3380.jpg"", ""https://xcimg.szwego.com/img/148facdf/20251204/a1764862590967_8754.jpg"", ""https://xcimg.szwego.com/img/148facdf/20251204/a1764862591019_6634.jpg""]"
_de1rSHt3t5NIo1FjVA1pvjKOu1KzWkwrAUu4Ogw;;90💰 MONCLER（蒙口）专柜最新设计版[哇][哇]双针纯棉质量！穿着舒适透气！时尚潮流[吃瓜]一盒5双入🎁;0;;lrg3k8cd5bgw3jv;;Для женщин;"[""https://xcimg.szwego.com/img/148facdf/20251204/a1764862610873_8115.jpg"", ""https://xcimg.szwego.com/img/148facdf/20251204/a1764862612503_7078.jpg"", ""https://xcimg.szwego.com/img/148facdf/20251204/a1764862612690_0735.jpg"", ""https://xcimg.szwego.com/img/148facdf/20251204/a1764862612766_1100.jpg"", ""https://xcimg.szwego.com/img/148facdf/20251204/a1764862612521_6854.jpg"", ""https://xcimg.szwego.com/img/148facdf/20251204/a1764862613685_6150.jpg"", ""https://xcimg.szwego.com/img/148facdf/20251204/a1764862616498_6236.jpg"", ""https://xcimg.szwego.com/img/148facdf/20251204/a1764862614225_0101.jpg"", ""https://xcimg.szwego.com/img/148facdf/20251204/a1764862616598_1757.jpg""]"
_dg2rS5E0EVxihjQ7nM8XAqOVBSLGPsG1n_3dDsw;;90💰 THOM BROWNE（TB）官网同款、各大专柜畅销款[色][色]TB品牌经典设计代表作品[色][色]时尚潮流🎁纯棉质量、穿着舒适透气😝😝一盒5双入🎁;0;;lrg3k8cd5bgw3jv;;Для женщин;"[""https://xcimg.szwego.com/img/148facdf/20251204/a1764862873375_2376.jpg"", ""https://xcimg.szwego.com/img/148facdf/20251204/a1764862873401_7867.jpg"", ""https://xcimg.szwego.com/img/148facdf/20251204/a1764862873080_2365.jpg"", ""https://xcimg.szwego.com/img/148facdf/20251204/a1764862873481_1011.jpg"", ""https://xcimg.szwego.com/img/148facdf/20251204/a1764862874249_4013.jpg"", ""https://xcimg.szwego.com/img/148facdf/20251204/a1764862877956_0084.jpg""]"
_dh1rS70FFQ7czf-9O4wvVqaRbEQ3RUOUV45B7hg;;150💰 小香风中古风永恒的经典手感柔软上脚舒适透气好不闷脚随意搭配 这套小香中筒袜适合各种场合送礼自用有礼有面⚡️这才是女孩的百搭神器 袜子中的爱马仕高极感拉满爱了爱了✨强烈推荐人手必备🔥🔥🔥;0;;lrg3k8cd5bgw3jv;;Для женщин;"[""https://xcimg.szwego.com/20220921/i1663744926_1703_0.jpg"", ""https://xcimg.szwego.com/20220921/i1663744926_4680_1.jpg"", ""https://xcimg.szwego.com/20220921/i1663744926_1341_2.jpg"", ""https://xcimg.szwego.com/20220921/i1663744926_9460_3.jpg"", ""https://xcimg.szwego.com/20220921/i1663744926_4115_4.jpg"", ""https://xcimg.szwego.com/20220921/i1663744926_939_5.jpg""]"
_drqrSYE8OgV9EUBCdtU6lrx9rw_aez2ea3iRTgA;;90💰💛配专柜包装 Prada（普拉达）新款中长款堆堆袜袜子！一盒五双，专柜同步筒袜袜子，💛大牌出街，潮人必备🔥超好搭90¥;0;;lrg3k8cd5bgw3jv;;Для женщин;"[""https://xcimg.szwego.com/imgHD/4a0e9cde/20251108/cmp_i1762536462327_3999_0_0.jpg"", ""https://xcimg.szwego.com/imgHD/4a0e9cde/20251108/cmp_i1762536462326_8086_0_1.jpg"", ""https://xcimg.szwego.com/imgHD/4a0e9cde/20251108/cmp_i1762536462328_5865_0_2.jpg"", ""https://xcimg.szwego.com/imgHD/4a0e9cde/20251108/cmp_i1762536462327_7339_0_3.jpg"", ""https://xcimg.szwego.com/imgHD/4a0e9cde/20251108/cmp_i1762536462992_5736_0_4.jpg"", ""https://xcimg.szwego.com/imgHD/4a0e9cde/20251108/cmp_i1762536462992_2233_0_5.jpg"", ""https://xcimg.szwego.com/imgHD/4a0e9cde/20251108/cmp_i1762536462992_4702_0_6.jpg"", ""https://xcimg.szwego.com/imgHD/4a0e9cde/20251108/cmp_i1762536462992_9025_0_7.jpg"", ""https://xcimg.szwego.com/imgHD/4a0e9cde/20251108/cmp_i1762536462326_7206_0_8.jpg""]"
_dnwrSfBWa488OPQdrQ3Bf0dnnYyeJ5B6b9LpP0g;;90💰💛配包装 Celine（赛琳）新款经典中长筒袜堆堆袜袜子！一盒五双， 专柜同步筒袜袜子，💛大牌出街，潮人必备🔥超好搭。90¥;0;;lrg3k8cd5bgw3jv;;Для женщин;"[""https://xcimg.szwego.com/imgHD/4a0e9cde/20251106/cmp_i1762364463306_7100_0_0.jpg"", ""https://xcimg.szwego.com/imgHD/4a0e9cde/20251106/cmp_i1762364464112_1093_0_1.jpg"", ""https://xcimg.szwego.com/imgHD/4a0e9cde/20251106/cmp_i1762364464105_6445_0_2.jpg"", ""https://xcimg.szwego.com/imgHD/4a0e9cde/20251106/cmp_i1762364464111_2464_0_3.jpg"", ""https://xcimg.szwego.com/imgHD/4a0e9cde/20251106/cmp_i1762364463308_8774_0_4.jpg"", ""https://xcimg.szwego.com/imgHD/4a0e9cde/20251106/cmp_i1762364463310_9580_0_5.jpg"", ""https://xcimg.szwego.com/imgHD/4a0e9cde/20251106/cmp_i1762364463305_6910_0_6.jpg"", ""https://xcimg.szwego.com/imgHD/4a0e9cde/20251106/cmp_i1762364463306_1150_0_7.jpg"", ""https://xcimg.szwego.com/imgHD/4a0e9cde/20251106/cmp_i1762364464111_5418_0_8.jpg""]"
_duNrS0Lu6aRWTzj6XcmDwKWXbvXYkrz2K_Btysg;;90💰配包装 VERSACE范思哲 欧美大牌双针刺绣长筒袜🔥🌟潮人必不能少的专柜代购品质长筒袜子 ，超级百搭款90¥;0;;lrg3k8cd5bgw3jv;;Для женщин;"[""https://xcimg.szwego.com/img/5dc72bf2/20251115/i1763215987709_9685_0_0.jpg"", ""https://xcimg.szwego.com/img/5dc72bf2/20251115/i1763215987709_8950_0_1.jpg"", ""https://xcimg.szwego.com/img/5dc72bf2/20251115/i1763215987709_5325_0_2.jpg"", ""https://xcimg.szwego.com/img/5dc72bf2/20251115/i1763215987709_1239_0_3.jpg"", ""https://xcimg.szwego.com/img/5dc72bf2/20251115/i1763215989108_5737_0_4.jpg"", ""https://xcimg.szwego.com/img/5dc72bf2/20251115/i1763215987709_6402_0_5.jpg"", ""https://xcimg.szwego.com/img/5dc72bf2/20251115/i1763215989114_9992_0_6.jpg"", ""https://xcimg.szwego.com/img/5dc72bf2/20251115/i1763215989102_1562_0_7.jpg"", ""https://xcimg.szwego.com/img/5dc72bf2/20251115/i1763215989080_151_0_8.jpg""]"
_dr4rSfsDzf5WX4ufr4wPuhJ-agxsuY2HGb7yjrg;;90💰💛配专柜包装 DIOR（迪奥）新款双针刺绣中长款堆堆袜袜子！一盒五双，专柜同步筒袜袜子，💛大牌出街，潮人必备🔥超好搭。90¥;0;;lrg3k8cd5bgw3jv;;Для женщин;"[""https://xcimg.szwego.com/imgHD/4a0e9cde/20251114/cmp_i1763057608926_6142_0_0.jpg"", ""https://xcimg.szwego.com/imgHD/4a0e9cde/20251114/cmp_i1763057606763_8849_0_1.jpg"", ""https://xcimg.szwego.com/imgHD/4a0e9cde/20251114/cmp_i1763057608926_6027_0_2.jpg"", ""https://xcimg.szwego.com/imgHD/4a0e9cde/20251114/cmp_i1763057608937_4494_0_3.jpg"", ""https://xcimg.szwego.com/imgHD/4a0e9cde/20251114/cmp_i1763057606765_4638_0_4.jpg"", ""https://xcimg.szwego.com/imgHD/4a0e9cde/20251114/cmp_i1763057606766_8002_0_5.jpg"", ""https://xcimg.szwego.com/imgHD/4a0e9cde/20251114/cmp_i1763057606767_7613_0_6.jpg"", ""https://xcimg.szwego.com/imgHD/4a0e9cde/20251114/cmp_i1763057608933_4192_0_7.jpg"", ""https://xcimg.szwego.com/imgHD/4a0e9cde/20251114/cmp_i1763057606771_6369_0_8.jpg""]"
_dq9rS1OLvrAiH5ZSKiyvOi0e-6RqwwdUlC6PohA;;90💰特 💛配专柜包装 LV（路易威登）新款中长款堆堆袜袜子！一盒五双，专柜同步筒袜袜子，大牌出街，潮人必备🔥超好搭90¥;0;;lrg3k8cd5bgw3jv;;Для женщин;"[""https://xcimg.szwego.com/imgHD/4a0e9cde/20250107/cmp_a1736187497278_3010.jpg"", ""https://xcimg.szwego.com/imgHD/4a0e9cde/20250107/cmp_a1736187497283_0327.jpg"", ""https://xcimg.szwego.com/imgHD/4a0e9cde/20250107/cmp_a1736187497280_8452.jpg"", ""https://xcimg.szwego.com/imgHD/4a0e9cde/20250107/cmp_a1736187497284_7331.jpg"", ""https://xcimg.szwego.com/imgHD/4a0e9cde/20250107/cmp_a1736187497275_3675.jpg"", ""https://xcimg.szwego.com/imgHD/4a0e9cde/20250107/cmp_a1736187497285_7743.jpg"", ""https://xcimg.szwego.com/imgHD/4a0e9cde/20250107/cmp_a1736187498222_2240.jpg"", ""https://xcimg.szwego.com/imgHD/4a0e9cde/20250107/cmp_a1736187498226_2407.jpg"", ""https://xcimg.szwego.com/imgHD/4a0e9cde/20250107/cmp_a1736187498228_2836.jpg""]"
_dktrS5b5aVw6VrBTSdCepqdB3eY7Iw9Ex-dvhcQ;;细节图！SML390¥;0;;lrg3k8cd5bgw3jv;;Для женщин;"[""https://xcimg.szwego.com/img/f0138068/20260106/i1767670471348_3167_0_0.jpg"", ""https://xcimg.szwego.com/img/f0138068/20260106/i1767670471119_8214_0_1.jpg"", ""https://xcimg.szwego.com/img/f0138068/20260106/i1767670475975_4314_0_2.jpg"", ""https://xcimg.szwego.com/img/f0138068/20260106/i1767670471256_8374_0_3.jpg"", ""https://xcimg.szwego.com/img/f0138068/20260106/i1767670471286_1645_0_4.jpg"", ""https://xcimg.szwego.com/img/f0138068/20260106/i1767670471352_1802_0_5.jpg"", ""https://xcimg.szwego.com/img/f0138068/20260106/i1767670475973_1141_0_6.jpg""]"
_dGArSvys2Mr9Tzdvcbt1p3RdKlZZo6QKe83Q6hg;;细节图！SML490¥;0;;lrg3k8cd5bgw3jv;;Для женщин;"[""https://xcimg.szwego.com/img/f0138068/20260106/i1767670428681_1981_0_0.jpg"", ""https://xcimg.szwego.com/img/f0138068/20260106/i1767670428672_6211_0_1.jpg"", ""https://xcimg.szwego.com/img/f0138068/20260106/i1767670428673_8510_0_2.jpg"", ""https://xcimg.szwego.com/img/f0138068/20260106/i1767670434376_1715_0_3.jpg"", ""https://xcimg.szwego.com/img/f0138068/20260106/i1767670428636_3183_0_4.jpg"", ""https://xcimg.szwego.com/img/f0138068/20260106/i1767670428664_6835_0_5.jpg""]"
_dj6rSmNs3DaY_ntl-iKAqefE9oNYqn7-f-yy1Cg;;LE英国插画师Louis Wain联名熊猫毛衣，100%羊毛材质，柔软亲肤，秋冬穿超舒服！胸前拟人熊猫+Anagram刺绣，艺术感满满✨。宽松版型，男女都能轻松驾驭，慵懒随性风格get！日常搭配牛仔裤或休闲裤都很出彩，舒适又有设计感，是秋冬必入的时尚单品！SML490💰;0;;lrg3k8cd5bgw3jv;;Для женщин;"[""https://xcimg.szwego.com/img/f0138068/20260106/a1767672336624_3228.jpg"", ""https://xcimg.szwego.com/img/f0138068/20260106/a1767672336487_0877.jpg"", ""https://xcimg.szwego.com/img/f0138068/20260106/a1767672336467_2261.jpg"", ""https://xcimg.szwego.com/img/f0138068/20260106/a1767672336612_1466.jpg"", ""https://xcimg.szwego.com/img/f0138068/20260106/a1767672356492_6178.jpg"", ""https://xcimg.szwego.com/img/f0138068/20260106/a1767672356626_7648.jpg"", ""https://xcimg.szwego.com/img/f0138068/20260106/a1767672356493_7051.jpg""]"
_dlNrS3hByPUsrs2CjSOIyYY4-vRqqeaMU8ENh0g;;细节图！SML300¥;0;;lrg3k8cd5bgw3jv;;Для женщин;"[""https://xcimg.szwego.com/img/f0138068/20260106/i1767670294612_7105_0_1.jpg"", ""https://xcimg.szwego.com/img/f0138068/20260106/i1767670294612_6294_0_4.jpg"", ""https://xcimg.szwego.com/img/f0138068/20260106/i1767670298009_6066_0_2.jpg"", ""https://xcimg.szwego.com/img/f0138068/20260106/i1767670294612_1777_0_3.jpg"", ""https://xcimg.szwego.com/img/f0138068/20260106/i1767670294612_6420_0_5.jpg"", ""https://xcimg.szwego.com/img/f0138068/20260106/i1767670297984_248_0_6.jpg"", ""https://xcimg.szwego.com/img/f0138068/20260106/i1767670294612_8186_0_7.jpg""]"
_dn6rSVqKPk_Xv_B5iOYVo_lfinq1Nnpon17SnRg;;🍷26早春马年限定酒红卫衣，100%棉材质，380克重，柔软又保暖。Polo领+半拉链设计，胸前双G刺绣融合马年元素，细节超精致✨。宽松版型，舒适又时髦，节日氛围感拉满，本命年或新年穿超有仪式感！搭配同色系短裤或老花包，轻松get慵懒贵气风，通勤逛街都很适合～SML300💰;0;;lrg3k8cd5bgw3jv;;Для женщин;"[""https://xcimg.szwego.com/img/f0138068/20260106/a1767670697568_5451.jpg"", ""https://xcimg.szwego.com/img/f0138068/20260106/a1767670697503_6822.jpg"", ""https://xcimg.szwego.com/img/f0138068/20260106/a1767670697575_3334.jpg"", ""https://xcimg.szwego.com/img/f0138068/20260106/a1767670697525_6702.jpg"", ""https://xcimg.szwego.com/img/f0138068/20260106/a1767670697523_7702.jpg"", ""https://xcimg.szwego.com/img/f0138068/20260106/a1767670701169_8648.jpg""]"
_dQLrSYGKu7t1A4y5J6rWBi7dzkV9axr3kPUZ3ng;;细节图！SML490¥;0;;lrg3k8cd5bgw3jv;;Для женщин;"[""https://xcimg.szwego.com/img/f0138068/20251211/i1765421832254_8073_0_0.jpg"", ""https://xcimg.szwego.com/img/f0138068/20251211/i1765421832254_9086_0_1.jpg"", ""https://xcimg.szwego.com/img/f0138068/20251211/i1765421832253_8490_0_2.jpg"", ""https://xcimg.szwego.com/img/f0138068/20251211/i1765421833345_3410_0_3.jpg"", ""https://xcimg.szwego.com/img/f0138068/20251211/i1765421832253_4294_0_4.jpg"", ""https://xcimg.szwego.com/img/f0138068/20251211/i1765421832253_4856_0_6.jpg"", ""https://xcimg.szwego.com/img/f0138068/20251211/i1765421833320_9625_0_5.jpg""]"
_dWLrSMxxxKOtocIU3BWyPz-JOPqxwZfYBr9-k7Q;;26早春新品Monogram提花针织开衫，采用柔软羊毛，米白色搭配黑灰Monogram花纹，简约又有辨识度 。宽松版型，男女都能轻松驾驭，前襟纽扣+口袋设计，实用又时髦。无论日常休闲还是户外活动都能轻松驾驭！SML490💰;0;;lrg3k8cd5bgw3jv;;Для женщин;"[""https://xcimg.szwego.com/img/f0138068/20251211/a1765422528480_5375.jpg"", ""https://xcimg.szwego.com/img/f0138068/20251211/a1765422528498_7840.jpg"", ""https://xcimg.szwego.com/img/f0138068/20251211/a1765422528440_5772.jpg"", ""https://xcimg.szwego.com/img/f0138068/20251211/a1765422528533_0273.jpg"", ""https://xcimg.szwego.com/img/f0138068/20251211/a1765422528215_2532.jpg"", ""https://xcimg.szwego.com/img/f0138068/20251211/a1765422528966_5047.jpg"", ""https://xcimg.szwego.com/img/f0138068/20251211/a1765422529147_4400.jpg""]"
_dHBrSIQj2SEGWsaLbH5sm0ipHMK0ZoR5DlBWhow;;细节图！SML480¥;0;;lrg3k8cd5bgw3jv;;Для женщин;"[""https://xcimg.szwego.com/img/f0138068/20251211/i1765419743371_620_0_0.jpg"", ""https://xcimg.szwego.com/img/f0138068/20251211/i1765419742039_7811_0_1.jpg"", ""https://xcimg.szwego.com/img/f0138068/20251211/i1765419742039_3966_0_2.jpg"", ""https://xcimg.szwego.com/img/f0138068/20251211/i1765419742039_3110_0_3.jpg"", ""https://xcimg.szwego.com/img/f0138068/20251211/i1765419742039_3990_0_4.jpg"", ""https://xcimg.szwego.com/img/f0138068/20251211/i1765419742039_9857_0_6.jpg"", ""https://xcimg.szwego.com/img/f0138068/20251211/i1765419743318_2260_0_5.jpg""]"
_djzrSY5d0A3LU2rwMdg7ByVk6KTJX0C5AhQ1ZLg;;26早春新品泰迪毛衣选用高品质羊毛，柔软蓬松，穿着超舒适!经典LOGO徽标提花设计，辨识度满分。深蓝色百搭又耐看，男女都能轻松驾驭，宽松版型，随性慵懒风get 。秋冬季节必备，保暖又时髦，搭配牛仔裤或休闲裤都很出彩!SML480💰;0;;lrg3k8cd5bgw3jv;;Для женщин;"[""https://xcimg.szwego.com/img/f0138068/20251211/a1765420799477_2470.jpg"", ""https://xcimg.szwego.com/img/f0138068/20251211/a1765420799473_2383.jpg"", ""https://xcimg.szwego.com/img/f0138068/20251211/a1765420799458_3347.jpg"", ""https://xcimg.szwego.com/img/f0138068/20251211/a1765420799455_0323.jpg"", ""https://xcimg.szwego.com/img/f0138068/20251211/a1765420799582_4322.jpg"", ""https://xcimg.szwego.com/img/f0138068/20251211/a1765420800248_7578.jpg""]"
_d8urSf-n8hC3vSr2hmvLHXPGNgyUCboonICiWfQ;;细节图！SML860¥;0;;lrg3k8cd5bgw3jv;;Для женщин;"[""https://xcimg.szwego.com/img/f0138068/20260104/i1767495501746_5118_0_2.jpg"", ""https://xcimg.szwego.com/img/f0138068/20260104/i1767495500984_5531_0_3.jpg"", ""https://xcimg.szwego.com/img/f0138068/20260104/i1767495501838_3901_0_0.jpg"", ""https://xcimg.szwego.com/img/f0138068/20260104/i1767495501742_2081_0_1.jpg"", ""https://xcimg.szwego.com/img/f0138068/20260104/i1767495500886_3716_0_4.jpg"", ""https://xcimg.szwego.com/img/f0138068/20260104/i1767495501059_3146_0_6.jpg"", ""https://xcimg.szwego.com/img/f0138068/20260104/i1767495501016_4116_0_7.jpg"", ""https://xcimg.szwego.com/img/f0138068/20260104/i1767495500886_1962_0_8.jpg"", ""https://xcimg.szwego.com/img/f0138068/20260104/i1767495501894_2666_0_5.jpg""]"
_d5OrSYNBJDqulrkFcY6BbroU89ylIFYb28oFp3w;;新品老钱风LP Eyre系列羊绒开衫，采用100%小山羊绒，柔软细腻，保暖性超赞!立体绞花编织+翻领拉链设计，复古又实用，秋冬穿超有氛围感。燕麦灰色低调百搭，宽松版型舒适不挑身材，单穿或外搭都很出彩，轻松打造慵懒高级感，是秋冬衣橱必备经典单品! SML860💰;0;;lrg3k8cd5bgw3jv;;Для женщин;"[""https://xcimg.szwego.com/img/f0138068/20260104/a1767496045451_6441.jpg"", ""https://xcimg.szwego.com/img/f0138068/20260104/a1767496045362_5134.jpg"", ""https://xcimg.szwego.com/img/f0138068/20260104/a1767496045379_6178.jpg"", ""https://xcimg.szwego.com/img/f0138068/20260104/a1767496045116_1532.jpg"", ""https://xcimg.szwego.com/img/f0138068/20260104/a1767496045118_6816.jpg"", ""https://xcimg.szwego.com/img/f0138068/20260104/a1767496046370_0308.jpg"", ""https://xcimg.szwego.com/img/f0138068/20260104/a1767496046347_0000.jpg"", ""https://xcimg.szwego.com/img/f0138068/20260104/a1767496046473_5403.jpg"", ""https://xcimg.szwego.com/img/f0138068/20260104/a1767496046470_2385.jpg""]"
_dqkrSYbOzYyJMXhI_2rIW8cFwPGjAML0UR7vAew;;细节图！SML1580¥;0;;lrg3k8cd5bgw3jv;;Для женщин;"[""https://xcimg.szwego.com/img/f0138068/20260103/i1767439530357_9948_0_0.jpg"", ""https://xcimg.szwego.com/img/f0138068/20260103/i1767439534817_7661_0_1.jpg"", ""https://xcimg.szwego.com/img/f0138068/20260103/i1767439530357_4193_0_2.jpg"", ""https://xcimg.szwego.com/img/f0138068/20260103/i1767439534751_9728_0_3.jpg"", ""https://xcimg.szwego.com/img/f0138068/20260103/i1767439530357_86_0_5.jpg"", ""https://xcimg.szwego.com/img/f0138068/20260103/i1767439530357_8341_0_6.jpg"", ""https://xcimg.szwego.com/img/f0138068/20260103/i1767439534815_127_0_7.jpg"", ""https://xcimg.szwego.com/img/f0138068/20260103/i1767439534784_7768_0_8.jpg"", ""https://xcimg.szwego.com/img/f0138068/20260103/i1767439530356_5906_0_4.jpg""]"
_dssrSj8L6GMAbDBuoRepOAu4ft-SucVMxK-MrUw;;细节图！SML530¥;0;;lrg3k8cd5bgw3jv;;Для женщин;"[""https://xcimg.szwego.com/img/f0138068/20251121/i1763738278277_1906_0_0.jpg"", ""https://xcimg.szwego.com/img/f0138068/20251121/i1763738278230_6353_0_1.jpg"", ""https://xcimg.szwego.com/img/f0138068/20251121/i1763738277477_263_0_2.jpg"", ""https://xcimg.szwego.com/img/f0138068/20251121/i1763738277563_5201_0_3.jpg"", ""https://xcimg.szwego.com/img/f0138068/20251121/i1763738278254_8134_0_4.jpg"", ""https://xcimg.szwego.com/img/f0138068/20251121/i1763738277526_7575_0_5.jpg"", ""https://xcimg.szwego.com/img/f0138068/20251121/i1763738277534_2398_0_6.jpg"", ""https://xcimg.szwego.com/img/f0138068/20251121/i1763738277519_2448_0_7.jpg""]"
_dtQrSDaSXtf125HjJkFF7xtkirMjmIsccwsE5aQ;;25秋冬滑雪系列菱格针织毛衣，柔软羊绒材质，保暖又舒适!粉蓝+棕色菱格搭配经典 Monogram刺绣，奢华感满满。V领设计修饰颈部线条，袖口和下摆罗纹收口，层次感十足。日常穿搭或户外活动都很适合，随便搭牛仔裤就能轻松get富家千金氛围感 SML530💰;0;;lrg3k8cd5bgw3jv;;Для женщин;"[""https://xcimg.szwego.com/img/f0138068/20251122/a1763776976664_7628.jpg"", ""https://xcimg.szwego.com/img/f0138068/20251122/a1763776976741_5548.jpg"", ""https://xcimg.szwego.com/img/f0138068/20251122/a1763776976813_8441.jpg"", ""https://xcimg.szwego.com/img/f0138068/20251122/a1763776976857_4156.jpg"", ""https://xcimg.szwego.com/img/f0138068/20251122/a1763776976879_3232.jpg"", ""https://xcimg.szwego.com/img/f0138068/20251122/a1763776978415_0366.jpg"", ""https://xcimg.szwego.com/img/f0138068/20251122/a1763776978337_0327.jpg"", ""https://xcimg.szwego.com/img/f0138068/20251122/a1763776978562_8084.jpg"", ""https://xcimg.szwego.com/img/f0138068/20251122/a1763776991902_5630.jpg""]"
_dqdrSlOHc6mrO5cCCTg0Prp-ULBj5wUCJFYXP-g;;细节图！SML390¥;0;;lrg3k8cd5bgw3jv;;Для женщин;"[""https://xcimg.szwego.com/img/f0138068/20251212/i1765511199550_2443_0_0.jpg"", ""https://xcimg.szwego.com/img/f0138068/20251212/i1765511197971_9815_0_1.jpg"", ""https://xcimg.szwego.com/img/f0138068/20251212/i1765511197980_296_0_2.jpg"", ""https://xcimg.szwego.com/img/f0138068/20251212/i1765511198014_348_0_3.jpg"", ""https://xcimg.szwego.com/img/f0138068/20251212/i1765511198039_4468_0_4.jpg"", ""https://xcimg.szwego.com/img/f0138068/20251212/i1765511199557_5650_0_5.jpg"", ""https://xcimg.szwego.com/img/f0138068/20251212/i1765511198027_979_0_6.jpg""]"
_dqDrS1zOG571NjOqy0M3d3jPBvnSbyz5bsmCZww;;25新品凯旋门Logo灰色毛衣，柔软又保暖，秋冬穿超舒服!正面蓝色凯旋门Logo,低调又有辨识度。宽松版型+罗纹收口，舒适不挑身材，随便搭衬衫或牛仔裤都很有层次感！ SML390💰;0;;lrg3k8cd5bgw3jv;;Для женщин;"[""https://xcimg.szwego.com/img/f0138068/20251212/i1765512375009_3734_0_0.jpg"", ""https://xcimg.szwego.com/img/f0138068/20251212/i1765512380914_796_0_1.jpg"", ""https://xcimg.szwego.com/img/f0138068/20251212/i1765512375008_420_0_2.jpg"", ""https://xcimg.szwego.com/img/f0138068/20251212/i1765512375009_32_0_3.jpg"", ""https://xcimg.szwego.com/img/f0138068/20251212/i1765512379750_2318_0_4.jpg"", ""https://xcimg.szwego.com/img/f0138068/20251212/i1765512381091_5453_0_5.jpg"", ""https://xcimg.szwego.com/img/f0138068/20251212/i1765512379818_5059_0_6.jpg"", ""https://xcimg.szwego.com/img/f0138068/20251212/i1765512381107_5307_0_7.jpg""]"
_dmUrSf51P4olnFqrC6INYQOczVYK7UA_DEBhn6Q;;细节图！SML790¥;0;;lrg3k8cd5bgw3jv;;Для женщин;"[""https://xcimg.szwego.com/imgHD/f0138068/20251008/cmp_i1759937813127_1676_0_0.jpg"", ""https://xcimg.szwego.com/imgHD/f0138068/20251008/cmp_i1759937818743_3179_0_2.jpg"", ""https://xcimg.szwego.com/imgHD/f0138068/20251008/cmp_i1759937813047_1388_0_1.jpg"", ""https://xcimg.szwego.com/imgHD/f0138068/20251008/cmp_i1759937813062_1126_0_3.jpg"", ""https://xcimg.szwego.com/imgHD/f0138068/20251008/cmp_i1759937813012_1516_0_5.jpg"", ""https://xcimg.szwego.com/imgHD/f0138068/20251008/cmp_i1759937818244_2285_0_6.jpg"", ""https://xcimg.szwego.com/imgHD/f0138068/20251008/cmp_i1759937812329_6722_0_7.jpg"", ""https://xcimg.szwego.com/imgHD/f0138068/20251008/cmp_i1759937818189_8545_0_8.jpg"", ""https://xcimg.szwego.com/imgHD/f0138068/20251008/cmp_i1759937818196_893_0_4.jpg""]"
_dxfrStOxqswbkVKcgk1HkzT8VLogUo7WCKX5Xjg;;25B系列黑色粗花呢外套，经典编织材质+蝴蝶结细节，优雅又有辨识度计。内衬100%真丝，穿着舒适，短款剪裁显瘦，秋冬搭配连衣裙或高腰裤都很出彩!粗花呢耐用不易变形，日常或正式场合都能轻松驾驭！SML790¥ 。;0;;lrg3k8cd5bgw3jv;;Для женщин;"[""https://xcimg.szwego.com/imgHD/f0138068/20251008/cmp_i1759937423524_9174_0_0.jpg"", ""https://xcimg.szwego.com/imgHD/f0138068/20251008/cmp_i1759937678485_3530_0_3.jpg"", ""https://xcimg.szwego.com/imgHD/f0138068/20251008/cmp_i1759937423524_1451_0_1.jpg"", ""https://xcimg.szwego.com/imgHD/f0138068/20251008/cmp_i1759937423525_6976_0_2.jpg"", ""https://xcimg.szwego.com/imgHD/f0138068/20251008/cmp_i1759937786557_6273_0_5.jpg"", ""https://xcimg.szwego.com/imgHD/f0138068/20251008/cmp_i1759937786557_1547_0_6.jpg"", ""https://xcimg.szwego.com/imgHD/f0138068/20251008/cmp_i1759937786557_5147_0_7.jpg"", ""https://xcimg.szwego.com/imgHD/f0138068/20251008/cmp_i1759937691062_6867_0_4.jpg""]"
_d-UrSl9K13mt0J4nW0pqP8_SeumaLc6gkn812cQ;;细节图！SML200¥;0;;lrg3k8cd5bgw3jv;;Для женщин;"[""https://xcimg.szwego.com/img/f0138068/20251215/i1765769011248_5573_0_0.jpg"", ""https://xcimg.szwego.com/img/f0138068/20251215/i1765769013377_2704_0_1.jpg"", ""https://xcimg.szwego.com/img/f0138068/20251215/i1765769011240_1882_0_2.jpg"", ""https://xcimg.szwego.com/img/f0138068/20251215/i1765769011240_8977_0_3.jpg"", ""https://xcimg.szwego.com/img/f0138068/20251215/i1765769013498_8240_0_4.jpg"", ""https://xcimg.szwego.com/img/f0138068/20251215/i1765769011253_4954_0_5.jpg"", ""https://xcimg.szwego.com/img/f0138068/20251215/i1765769013583_2100_0_6.jpg"", ""https://xcimg.szwego.com/img/f0138068/20251215/i1765769011256_4337_0_7.jpg""]"
_d8HrSgemqyt137fF2eYWsfnqNSPpMBREMMyEwLQ;;细节图！SML180¥;0;;lrg3k8cd5bgw3jv;;Для женщин;"[""https://xcimg.szwego.com/img/f0138068/20251218/i1766029794420_4510_0_0.jpg"", ""https://xcimg.szwego.com/img/f0138068/20251218/i1766029802846_4789_0_1.jpg"", ""https://xcimg.szwego.com/img/f0138068/20251218/i1766029802913_7934_0_2.jpg"", ""https://xcimg.szwego.com/img/f0138068/20251218/i1766029794305_1496_0_3.jpg"", ""https://xcimg.szwego.com/img/f0138068/20251218/i1766029794371_3278_0_4.jpg"", ""https://xcimg.szwego.com/img/f0138068/20251218/i1766029794322_5284_0_5.jpg"", ""https://xcimg.szwego.com/img/f0138068/20251218/i1766029802914_7599_0_6.jpg"", ""https://xcimg.szwego.com/img/f0138068/20251218/i1766029794314_1244_0_7.jpg""]"
_doArSkwup9VMnQdHE_AJKPFL0OaWMOmDOBtGNrw;;细节图！SML180¥;0;;lrg3k8cd5bgw3jv;;Для женщин;"[""https://xcimg.szwego.com/img/f0138068/20251218/i1766029768274_501_0_0.jpg"", ""https://xcimg.szwego.com/img/f0138068/20251218/i1766029768256_8914_0_1.jpg"", ""https://xcimg.szwego.com/img/f0138068/20251218/i1766029768258_6187_0_2.jpg"", ""https://xcimg.szwego.com/img/f0138068/20251218/i1766029775702_443_0_3.jpg"", ""https://xcimg.szwego.com/img/f0138068/20251218/i1766029775737_556_0_4.jpg"", ""https://xcimg.szwego.com/img/f0138068/20251218/i1766029768220_8335_0_5.jpg"", ""https://xcimg.szwego.com/img/f0138068/20251218/i1766029768235_7406_0_6.jpg""]"
_d87rSXrbVxvFGyRa3UFWsl4kg29oHLeSsDly-dg;;26Ss🐱猫咪系列新款 精美刺绣图案短袖简约T恤 SML180💰;0;;lrg3k8cd5bgw3jv;;Для женщин;"[""https://xcimg.szwego.com/img/f0138068/20251218/a1766033612050_2557.jpg"", ""https://xcimg.szwego.com/img/f0138068/20251218/a1766033611988_3042.jpg"", ""https://xcimg.szwego.com/img/f0138068/20251218/a1766033612245_3363.jpg"", ""https://xcimg.szwego.com/img/f0138068/20251218/a1766033615054_3057.jpg"", ""https://xcimg.szwego.com/img/f0138068/20251218/a1766033612042_3160.jpg"", ""https://xcimg.szwego.com/img/f0138068/20251218/a1766033612012_3730.jpg"", ""https://xcimg.szwego.com/img/f0138068/20251218/a1766033614952_0065.jpg"", ""https://xcimg.szwego.com/img/f0138068/20251218/a1766033615008_8751.jpg""]"
_drkrS1RE5K70qMoH4OgnRgizMTLsWDrI7Ugqo2Q;;细节图！SML380¥;0;;lrg3k8cd5bgw3jv;;Для женщин;"[""https://xcimg.szwego.com/img/f0138068/20251218/i1766029894081_1263_0_0.jpg"", ""https://xcimg.szwego.com/img/f0138068/20251218/i1766029894107_1366_0_4.jpg"", ""https://xcimg.szwego.com/img/f0138068/20251218/i1766029894081_4031_0_1.jpg"", ""https://xcimg.szwego.com/img/f0138068/20251218/i1766029894064_78_0_3.jpg"", ""https://xcimg.szwego.com/img/f0138068/20251218/i1766029894079_4356_0_5.jpg"", ""https://xcimg.szwego.com/img/f0138068/20251218/i1766029898796_4917_0_6.jpg""]"
_dSXrSwgg17in7c3ZQeVKK-DzzNnFqw87hp0M_Gw;;细节图！SML380¥;0;;lrg3k8cd5bgw3jv;;Для женщин;"[""https://xcimg.szwego.com/img/f0138068/20251218/i1766029846642_4674_0_0.jpg"", ""https://xcimg.szwego.com/img/f0138068/20251218/i1766029852229_4477_0_3.jpg"", ""https://xcimg.szwego.com/img/f0138068/20251218/i1766029846649_2438_0_1.jpg"", ""https://xcimg.szwego.com/img/f0138068/20251218/i1766029846605_7348_0_2.jpg"", ""https://xcimg.szwego.com/img/f0138068/20251218/i1766029846580_8554_0_4.jpg"", ""https://xcimg.szwego.com/img/f0138068/20251218/i1766029852140_9620_0_5.jpg"", ""https://xcimg.szwego.com/img/f0138068/20251218/i1766029846642_5094_0_6.jpg""]"
_dcVrSyEepkxi3BwtSFjyuLUl3T5O30PASHkyjzA;;26C早春系列针织短袖，胸口山茶花标志+精致刺绣，品牌感满满!柔软针织面料，竖条纹设计，修身显瘦，圆领短袖超百搭，春夏穿超舒服。单穿或内搭都很 OK，轻松搭配半裙，牛仔裤，优雅休闲随心切换 SML380💰;0;;lrg3k8cd5bgw3jv;;Для женщин;"[""https://xcimg.szwego.com/img/f0138068/20251218/a1766032377545_0675.jpg"", ""https://xcimg.szwego.com/img/f0138068/20251218/a1766032377667_8873.jpg"", ""https://xcimg.szwego.com/img/f0138068/20251218/a1766032377581_3074.jpg"", ""https://xcimg.szwego.com/img/f0138068/20251218/a1766032377657_8533.jpg"", ""https://xcimg.szwego.com/img/f0138068/20251218/a1766032377504_8562.jpg"", ""https://xcimg.szwego.com/img/f0138068/20251218/a1766032383503_6301.jpg"", ""https://xcimg.szwego.com/img/f0138068/20251218/a1766032520822_2106.jpg""]"
_dmirSu2H4z43a-1Y8sZ6Pe8PXZi3ZSnfI1RyALg;;细节图！SML360¥;0;;lrg3k8cd5bgw3jv;;Для женщин;"[""https://xcimg.szwego.com/img/f0138068/20251218/i1766023579397_1184_0_0.jpg"", ""https://xcimg.szwego.com/img/f0138068/20251218/i1766023579397_1405_0_1.jpg"", ""https://xcimg.szwego.com/img/f0138068/20251218/i1766023579397_8959_0_2.jpg"", ""https://xcimg.szwego.com/img/f0138068/20251218/i1766023580487_1080_0_3.jpg"", ""https://xcimg.szwego.com/img/f0138068/20251218/i1766023579397_7242_0_4.jpg"", ""https://xcimg.szwego.com/img/f0138068/20251218/i1766023579397_5988_0_5.jpg""]"
_dodrS1-jrHue49ANimroG20u4-8lR14bDmur34Q;;细节图！SML650¥;0;;lrg3k8cd5bgw3jv;;Для женщин;"[""https://xcimg.szwego.com/img/f0138068/20251218/i1766023601328_8845_0_0.jpg"", ""https://xcimg.szwego.com/img/f0138068/20251218/i1766023600715_2125_0_1.jpg"", ""https://xcimg.szwego.com/img/f0138068/20251218/i1766023600709_4708_0_2.jpg"", ""https://xcimg.szwego.com/img/f0138068/20251218/i1766023601305_814_0_3.jpg"", ""https://xcimg.szwego.com/img/f0138068/20251218/i1766023601297_9811_0_4.jpg"", ""https://xcimg.szwego.com/img/f0138068/20251218/i1766023600655_9607_0_5.jpg"", ""https://xcimg.szwego.com/img/f0138068/20251218/i1766023600662_6003_0_6.jpg"", ""https://xcimg.szwego.com/img/f0138068/20251218/i1766023601318_5512_0_7.jpg"", ""https://xcimg.szwego.com/img/f0138068/20251218/i1766023600733_2534_0_8.jpg""]"
_dBtrSOFqQfMwluXq5nmF4I9rRp49XLymMPqqC_w;;26早春系列格纹套装，羊毛混纺材质，橄榄绿，浅棕，蓝色格纹，复古学院风满满。外套棒球领+拉链设计，半裙开叉细节，甜酷又带点小性感。整体比例缩短夸张，打破传统校服规则，展现青春叛逆与女性气质。秋冬穿搭超适合，搭配羊绒针织或亮面靴子，轻松get高级松弛感;0;;lrg3k8cd5bgw3jv;;Для женщин;"[""https://xcimg.szwego.com/img/f0138068/20251218/a1766030507117_3368.jpg"", ""https://xcimg.szwego.com/img/f0138068/20251218/a1766030507144_7487.jpg"", ""https://xcimg.szwego.com/img/f0138068/20251218/a1766030507116_7164.jpg"", ""https://xcimg.szwego.com/img/f0138068/20251218/a1766030507074_5226.jpg"", ""https://xcimg.szwego.com/img/f0138068/20251218/a1766030507141_6645.jpg"", ""https://xcimg.szwego.com/img/f0138068/20251218/a1766030509738_7258.jpg"", ""https://xcimg.szwego.com/img/f0138068/20251218/a1766030509646_6117.jpg"", ""https://xcimg.szwego.com/img/f0138068/20251218/a1766030509738_1732.jpg"", ""https://xcimg.szwego.com/img/f0138068/20251206/a1764989257535_4805.jpg""]"
_dLirSGWkoXOejptSKCK8fHympwkX3A-38uIfLYQ;;细节图！SML690¥;0;;lrg3k8cd5bgw3jv;;Для женщин;"[""https://xcimg.szwego.com/imgHD/f0138068/20251114/cmp_i1763124654454_3294_0_0.jpg"", ""https://xcimg.szwego.com/imgHD/f0138068/20251114/cmp_i1763124657300_706_0_1.jpg"", ""https://xcimg.szwego.com/imgHD/f0138068/20251114/cmp_i1763124657300_530_0_2.jpg"", ""https://xcimg.szwego.com/imgHD/f0138068/20251114/cmp_i1763124654454_3331_0_3.jpg"", ""https://xcimg.szwego.com/imgHD/f0138068/20251114/cmp_i1763124654454_7160_0_4.jpg"", ""https://xcimg.szwego.com/imgHD/f0138068/20251114/cmp_i1763124654454_8234_0_5.jpg"", ""https://xcimg.szwego.com/imgHD/f0138068/20251114/cmp_i1763124654454_9167_0_6.jpg"", ""https://xcimg.szwego.com/imgHD/f0138068/20251114/cmp_i1763124657304_670_0_7.jpg""]"
_da9rSS6MBgmxe2nohsTGOqLZBq2Bwj7rSOL83CQ;;25K系列粗花呢马甲，经典设计，奶白色主色调搭配黑白格纹，优雅精致。V领剪裁+金色纽扣，细节满分 。正面双口袋实用又好看。秋冬叠穿超适合。oversize版型，包容多种身材，搭配牛仔裤或连衣裙都很出彩，轻松打造贵气千金风 SML690💰;0;;lrg3k8cd5bgw3jv;;Для женщин;"[""https://xcimg.szwego.com/imgHD/f0138068/20251114/a1763131939799_2865.jpg"", ""https://xcimg.szwego.com/imgHD/f0138068/20251114/a1763131937978_3227.jpg"", ""https://xcimg.szwego.com/imgHD/f0138068/20251114/a1763131937981_8462.jpg"", ""https://xcimg.szwego.com/imgHD/f0138068/20251114/a1763131937964_3277.jpg"", ""https://xcimg.szwego.com/imgHD/f0138068/20251114/a1763131937969_4642.jpg"", ""https://xcimg.szwego.com/imgHD/f0138068/20251114/a1763131937951_5713.jpg"", ""https://xcimg.szwego.com/imgHD/f0138068/20251114/a1763131939826_2261.jpg"", ""https://xcimg.szwego.com/imgHD/f0138068/20251114/a1763131939819_4584.jpg"", ""https://xcimg.szwego.com/imgHD/f0138068/20251114/cmp_a1763132001629_4507.jpg""]"
_d_frSA18oVKmM-ftytZB1122zV23re2oYYKWxUQ;;细节图！SML490¥;0;;lrg3k8cd5bgw3jv;;Для женщин;"[""https://xcimg.szwego.com/imgHD/f0138068/20251114/cmp_i1763124838662_922_0_0.jpg"", ""https://xcimg.szwego.com/imgHD/f0138068/20251114/cmp_i1763124838671_2633_0_3.jpg"", ""https://xcimg.szwego.com/imgHD/f0138068/20251114/cmp_i1763124838674_4517_0_1.jpg"", ""https://xcimg.szwego.com/imgHD/f0138068/20251114/cmp_i1763124838660_6064_0_2.jpg"", ""https://xcimg.szwego.com/imgHD/f0138068/20251114/cmp_i1763124838666_6378_0_4.jpg"", ""https://xcimg.szwego.com/imgHD/f0138068/20251114/cmp_i1763124840353_8982_0_5.jpg""]"
_dGkrSLPCO-XA9zQJTgcqdL5e8Qzwxd9Gf6bA4Dw;;细节图！SML790¥;0;;lrg3k8cd5bgw3jv;;Для женщин;"[""https://xcimg.szwego.com/imgHD/f0138068/20251114/cmp_i1763124790783_8222_0_0.jpg"", ""https://xcimg.szwego.com/imgHD/f0138068/20251114/cmp_i1763124786085_4725_0_5.jpg"", ""https://xcimg.szwego.com/imgHD/f0138068/20251114/cmp_i1763124786090_4353_0_1.jpg"", ""https://xcimg.szwego.com/imgHD/f0138068/20251114/cmp_i1763124790782_152_0_2.jpg"", ""https://xcimg.szwego.com/imgHD/f0138068/20251114/cmp_i1763124786106_4550_0_4.jpg"", ""https://xcimg.szwego.com/imgHD/f0138068/20251114/cmp_i1763124786083_129_0_6.jpg"", ""https://xcimg.szwego.com/imgHD/f0138068/20251114/cmp_i1763124790802_3157_0_8.jpg"", ""https://xcimg.szwego.com/imgHD/f0138068/20251114/cmp_i1763124795787_2682_0_8.jpg"", ""https://xcimg.szwego.com/imgHD/f0138068/20251114/cmp_i1763124786088_5444_0_7.jpg""]"
_dhWrSCDeBicMRe5m7nMkoADTQeKwHUCpwiRPrUA;;25K米黄色粗花呢外套＋半裙套装，经典圆领设计，珍珠纽扣点缀，低调优雅。搭配同系列半裙、浅色清爽百搭，是经典系列代表单品！ 外套SML790¥ 半裙SML490¥;0;;lrg3k8cd5bgw3jv;;Для женщин;"[""https://xcimg.szwego.com/imgHD/f0138068/20251114/cmp_a1763134786818_3581.jpg"", ""https://xcimg.szwego.com/imgHD/f0138068/20251114/cmp_a1763134832419_3761.jpg"", ""https://xcimg.szwego.com/imgHD/f0138068/20251114/cmp_a1763134831062_2475.jpg"", ""https://xcimg.szwego.com/imgHD/f0138068/20251114/cmp_a1763134831048_2564.jpg"", ""https://xcimg.szwego.com/imgHD/f0138068/20251114/cmp_a1763134831055_6025.jpg"", ""https://xcimg.szwego.com/imgHD/f0138068/20251114/cmp_a1763134832421_7851.jpg"", ""https://xcimg.szwego.com/imgHD/f0138068/20251114/cmp_a1763134830989_6888.jpg"", ""https://xcimg.szwego.com/imgHD/f0138068/20251114/cmp_a1763134831037_3271.jpg""]"
_dcirSz0WdHCGzSxbyGJ2b_b_qf3wYibk3rfPcHQ;;ZP细节图！SML880¥;0;;lrg3k8cd5bgw3jv;;Для женщин;"[""https://xcimg.szwego.com/imgHD/f0138068/20250916/cmp_i1758013480278_9165_0_0.jpg"", ""https://xcimg.szwego.com/imgHD/f0138068/20250916/cmp_i1758013486800_6393_0_1.jpg"", ""https://xcimg.szwego.com/imgHD/f0138068/20250916/cmp_i1758013473511_2113_0_2.jpg"", ""https://xcimg.szwego.com/imgHD/f0138068/20250916/cmp_i1758013472969_1945_0_3.jpg"", ""https://xcimg.szwego.com/imgHD/f0138068/20250916/cmp_i1758013480253_8441_0_4.jpg"", ""https://xcimg.szwego.com/imgHD/f0138068/20250916/cmp_i1758013473534_8505_0_6.jpg"", ""https://xcimg.szwego.com/imgHD/f0138068/20250916/cmp_i1758013472929_1148_0_8.jpg"", ""https://xcimg.szwego.com/imgHD/f0138068/20250916/cmp_i1758013486382_9052_0_10.jpg"", ""https://xcimg.szwego.com/imgHD/f0138068/20250916/cmp_i1758013473579_82_0_11.jpg""]"
_dtNrSo1ZFjp7RaeQapQ-g-NKDDHNmMJeQE8z1YQ;;ZP细节图！SML580¥;0;;lrg3k8cd5bgw3jv;;Для женщин;"[""https://xcimg.szwego.com/imgHD/f0138068/20251024/cmp_i1761293951474_4975_0_0.jpg"", ""https://xcimg.szwego.com/imgHD/f0138068/20251024/cmp_i1761293941469_1481_0_1.jpg"", ""https://xcimg.szwego.com/imgHD/f0138068/20251024/cmp_i1761293951393_5999_0_3.jpg"", ""https://xcimg.szwego.com/imgHD/f0138068/20251024/cmp_i1761293951431_7657_0_4.jpg"", ""https://xcimg.szwego.com/imgHD/f0138068/20251024/cmp_i1761293935105_3391_0_5.jpg"", ""https://xcimg.szwego.com/imgHD/f0138068/20251024/cmp_i1761293934717_8597_0_6.jpg"", ""https://xcimg.szwego.com/imgHD/f0138068/20251024/cmp_i1761293950688_7966_0_7.jpg"", ""https://xcimg.szwego.com/imgHD/f0138068/20251024/cmp_i1761293935086_2755_0_8.jpg"", ""https://xcimg.szwego.com/imgHD/f0138068/20251024/cmp_i1761293936249_8780_0_9.jpg""]"
_ddarSQ5CgiHZj-dVUR9b55_rBUqJP1TM5F90I4g;;咖色细节图！SML530¥;0;;lrg3k8cd5bgw3jv;;Для женщин;"[""https://xcimg.szwego.com/imgHD/f0138068/20251013/cmp_i1760320493157_2243_0_0.jpg"", ""https://xcimg.szwego.com/imgHD/f0138068/20251013/cmp_i1760320489959_7291_0_1.jpg"", ""https://xcimg.szwego.com/imgHD/f0138068/20251013/cmp_i1760320489965_1132_0_2.jpg"", ""https://xcimg.szwego.com/imgHD/f0138068/20251013/cmp_i1760320489952_3396_0_3.jpg"", ""https://xcimg.szwego.com/imgHD/f0138068/20251013/cmp_i1760320489950_9934_0_4.jpg"", ""https://xcimg.szwego.com/imgHD/f0138068/20251013/cmp_i1760320489961_5829_0_5.jpg"", ""https://xcimg.szwego.com/imgHD/f0138068/20251013/cmp_i1760320493162_370_0_6.jpg"", ""https://xcimg.szwego.com/imgHD/f0138068/20251013/cmp_i1760320493157_8345_0_7.jpg""]"
_dlFrSAdE4SHueXe_vHCoXoO77aTqGLEte27NQkQ;;灰色细节图！S ML530¥;0;;lrg3k8cd5bgw3jv;;Для женщин;"[""https://xcimg.szwego.com/imgHD/f0138068/20251013/cmp_i1760320455167_5154_0_0.jpg"", ""https://xcimg.szwego.com/imgHD/f0138068/20251013/cmp_i1760320452029_6833_0_1.jpg"", ""https://xcimg.szwego.com/imgHD/f0138068/20251013/cmp_i1760320452035_186_0_2.jpg"", ""https://xcimg.szwego.com/imgHD/f0138068/20251013/cmp_i1760320452041_7205_0_3.jpg"", ""https://xcimg.szwego.com/imgHD/f0138068/20251013/cmp_i1760320455166_6068_0_4.jpg"", ""https://xcimg.szwego.com/imgHD/f0138068/20251013/cmp_i1760320452028_6136_0_5.jpg"", ""https://xcimg.szwego.com/imgHD/f0138068/20251013/cmp_i1760320452037_3798_0_6.jpg""]"
_dqJrS2T-bxBbuW6eAajCVuGrXn9s9YYPs-4h-aA;;25秋冬新款老花拉绒针织开衫，灰黑色调+经典 Monogram图案，低调又高级!金属纽扣点缀，细节满分计。马海毛材质柔软轻盈，秋冬穿超舒服，保暖又不厚重。短款设计利落，搭配高腰裤或裙都很出彩，优雅or休闲随心切换~日常通勤、休闲场合都能轻松驾驭，是秋冬衣橱必备百搭单品!SML530¥;0;;lrg3k8cd5bgw3jv;;Для женщин;"[""https://xcimg.szwego.com/imgHD/f0138068/20251013/cmp_i1760320199298_3512_0_0.jpg"", ""https://xcimg.szwego.com/imgHD/f0138068/20251013/cmp_i1760320199858_8860_0_1.jpg"", ""https://xcimg.szwego.com/imgHD/f0138068/20251013/cmp_i1760320199858_9904_0_2.jpg"", ""https://xcimg.szwego.com/imgHD/f0138068/20251013/cmp_i1760320199298_633_0_3.jpg"", ""https://xcimg.szwego.com/imgHD/f0138068/20251013/cmp_i1760320199298_7289_0_4.jpg"", ""https://xcimg.szwego.com/imgHD/f0138068/20251013/cmp_i1760320199858_6652_0_5.jpg"", ""https://xcimg.szwego.com/imgHD/f0138068/20251013/cmp_i1760320199298_5389_0_6.jpg"", ""https://xcimg.szwego.com/imgHD/f0138068/20251013/cmp_i1760320199298_2654_0_7.jpg"", ""https://xcimg.szwego.com/imgHD/f0138068/20251013/cmp_i1760320199877_2594_0_8.jpg""]"
_dyZrSx9fRRiYb1FGIoXKtNg66KOsNAlMZdYK08w;;ZP细节图！SML480¥;0;;lrg3k8cd5bgw3jv;;Для женщин;"[""https://xcimg.szwego.com/imgHD/f0138068/20251024/cmp_i1761293969879_2449_0_0.jpg"", ""https://xcimg.szwego.com/imgHD/f0138068/20251024/cmp_i1761293976206_2437_0_1.jpg"", ""https://xcimg.szwego.com/imgHD/f0138068/20251024/cmp_i1761293965604_3243_0_2.jpg"", ""https://xcimg.szwego.com/imgHD/f0138068/20251024/cmp_i1761293973568_9664_0_3.jpg"", ""https://xcimg.szwego.com/imgHD/f0138068/20251024/cmp_i1761293969823_8857_0_4.jpg"", ""https://xcimg.szwego.com/imgHD/f0138068/20251024/cmp_i1761294008262_5688_0_5.jpg"", ""https://xcimg.szwego.com/imgHD/f0138068/20251024/cmp_i1761293970499_7758_0_6.jpg"", ""https://xcimg.szwego.com/imgHD/f0138068/20251024/cmp_i1761294005062_9125_0_7.jpg"", ""https://xcimg.szwego.com/imgHD/f0138068/20251024/cmp_i1761293989279_5860_0_8.jpg""]"
_divrS-w-oPnsN7iulXPyvThh71YngJ8zlDuP2hA;;细节图！SML230¥;0;;lrg3k8cd5bgw3jv;;Для женщин;"[""https://xcimg.szwego.com/img/f0138068/20251206/i1764986704540_2984_0_0.jpg"", ""https://xcimg.szwego.com/img/f0138068/20251206/i1764986704576_591_0_1.jpg"", ""https://xcimg.szwego.com/img/f0138068/20251206/i1764986704583_2760_0_2.jpg"", ""https://xcimg.szwego.com/img/f0138068/20251206/i1764986704612_7055_0_3.jpg"", ""https://xcimg.szwego.com/img/f0138068/20251206/i1764986704359_2080_0_4.jpg"", ""https://xcimg.szwego.com/img/f0138068/20251206/i1764986705505_8465_0_5.jpg""]"
_dx8rSlFnJ4_MyYUqv-IdeezgmI66fibQRfz1nVg;;细节图！SML230¥;0;;lrg3k8cd5bgw3jv;;Для женщин;"[""https://xcimg.szwego.com/img/f0138068/20251206/i1764986675195_2634_0_0.jpg"", ""https://xcimg.szwego.com/img/f0138068/20251206/i1764986675203_7562_0_3.jpg"", ""https://xcimg.szwego.com/img/f0138068/20251206/i1764986676583_5061_0_1.jpg"", ""https://xcimg.szwego.com/img/f0138068/20251206/i1764986675203_499_0_4.jpg"", ""https://xcimg.szwego.com/img/f0138068/20251206/i1764986675203_9541_0_5.jpg"", ""https://xcimg.szwego.com/img/f0138068/20251206/i1764986675203_1440_0_2.jpg""]"
_doQrSh9LScrayeG3CofciKhIHxAQsEafZ-9xJMg;;25新款凯旋门徽标高领长袖T恤，柔软亲肤，秋冬保暖首选。高领设计修饰颈部线条，版型修身，勾勒身形轮廓。左胸凯旋门刺绣徽标，低调展现品牌身份，无论单穿还是内搭都很有质感 SML230💰;0;;lrg3k8cd5bgw3jv;;Для женщин;"[""https://xcimg.szwego.com/img/f0138068/20251206/a1764988736376_7433.jpg"", ""https://xcimg.szwego.com/img/f0138068/20251206/a1764988736380_6605.jpg"", ""https://xcimg.szwego.com/img/f0138068/20251206/a1764988736418_5706.jpg"", ""https://xcimg.szwego.com/img/f0138068/20251206/a1764988736372_1167.jpg"", ""https://xcimg.szwego.com/img/f0138068/20251206/a1764988736432_4264.jpg"", ""https://xcimg.szwego.com/img/f0138068/20251206/a1764988738850_2818.jpg"", ""https://xcimg.szwego.com/img/f0138068/20251206/a1764988738850_1817.jpg"", ""https://xcimg.szwego.com/img/f0138068/20251206/a1764988738868_0635.jpg""]"
_ddUrSpeV8oPAjzonGxAa-84isF08pLFzy-PpFqA;;细节图！SML580¥;0;;lrg3k8cd5bgw3jv;;Для женщин;"[""https://xcimg.szwego.com/img/f0138068/20251118/i1763425188795_8341_0_0.jpg"", ""https://xcimg.szwego.com/img/f0138068/20251118/i1763425189987_6275_0_3.jpg"", ""https://xcimg.szwego.com/img/f0138068/20251118/i1763425188812_8442_0_1.jpg"", ""https://xcimg.szwego.com/img/f0138068/20251118/i1763425189966_9276_0_2.jpg"", ""https://xcimg.szwego.com/img/f0138068/20251118/i1763425188726_3825_0_4.jpg"", ""https://xcimg.szwego.com/img/f0138068/20251118/i1763425188785_3757_0_6.jpg"", ""https://xcimg.szwego.com/img/f0138068/20251118/i1763425188787_4898_0_5.jpg""]"
_dlhrSqHriXWj4xpVbWDtFjjOzeUYrMPiQ7mmJWw;;细节图！SML580¥;0;;lrg3k8cd5bgw3jv;;Для женщин;"[""https://xcimg.szwego.com/img/f0138068/20251118/i1763425317631_4125_0_0.jpg"", ""https://xcimg.szwego.com/img/f0138068/20251118/i1763425316171_9761_0_1.jpg"", ""https://xcimg.szwego.com/img/f0138068/20251118/i1763425316163_5426_0_2.jpg"", ""https://xcimg.szwego.com/img/f0138068/20251118/i1763425315992_9072_0_3.jpg"", ""https://xcimg.szwego.com/img/f0138068/20251118/i1763425316218_6805_0_4.jpg"", ""https://xcimg.szwego.com/img/f0138068/20251118/i1763425317547_3347_0_5.jpg"", ""https://xcimg.szwego.com/img/f0138068/20251118/i1763425316021_8007_0_6.jpg""]"
_dmnrS2V9ZmYYAcPOh6yDGwiuQ8k4-Lo-Jnhi0kg;;25K秋冬系列黑白泰迪针织开衫，柔软羊毛材质，穿着超舒适又保暖!经典黑白撞色，搭配高腰裤或裙都很出彩，轻松切换多种风格。宽松剪裁，休闲又不失高级感，是秋冬衣橱必备百搭单品! SML580💰;0;;lrg3k8cd5bgw3jv;;Для женщин;"[""https://xcimg.szwego.com/img/f0138068/20251118/a1763435934221_4835.jpg"", ""https://xcimg.szwego.com/img/f0138068/20251118/a1763435934012_4531.jpg"", ""https://xcimg.szwego.com/img/f0138068/20251118/a1763435934072_4383.jpg"", ""https://xcimg.szwego.com/img/f0138068/20251118/a1763435934052_4210.jpg"", ""https://xcimg.szwego.com/img/f0138068/20251118/a1763435934100_5252.jpg"", ""https://xcimg.szwego.com/img/f0138068/20251118/a1763435935265_2531.jpg""]"
_dzBrSsG01fP41aRwk37unyCH4tbGh-La5UX9ELQ;;细节图！SML1080¥;0;;lrg3k8cd5bgw3jv;;Для женщин;"[""https://xcimg.szwego.com/img/f0138068/20251125/i1764081487383_5930_0_0.jpg"", ""https://xcimg.szwego.com/img/f0138068/20251125/i1764081470001_9825_0_1.jpg"", ""https://xcimg.szwego.com/img/f0138068/20251125/i1764081487514_6029_0_2.jpg"", ""https://xcimg.szwego.com/img/f0138068/20251125/i1764081470159_4765_0_3.jpg"", ""https://xcimg.szwego.com/img/f0138068/20251125/i1764081470051_7554_0_4.jpg"", ""https://xcimg.szwego.com/img/f0138068/20251125/i1764081487397_5049_0_5.jpg"", ""https://xcimg.szwego.com/img/f0138068/20251125/i1764081470114_3053_0_7.jpg"", ""https://xcimg.szwego.com/img/f0138068/20251125/i1764081487476_2731_0_6.jpg""]"
_djgrSXRQeaiC-izZwI0jXTRG3069Ee2m8CrORSw;;细节图！SML1080¥;0;;lrg3k8cd5bgw3jv;;Для женщин;"[""https://xcimg.szwego.com/img/f0138068/20251125/i1764082267739_3536_0_0.jpg"", ""https://xcimg.szwego.com/img/f0138068/20251125/i1764082258364_1840_0_1.jpg"", ""https://xcimg.szwego.com/img/f0138068/20251125/i1764082258319_6740_0_5.jpg"", ""https://xcimg.szwego.com/img/f0138068/20251125/i1764082258286_9382_0_2.jpg"", ""https://xcimg.szwego.com/img/f0138068/20251125/i1764082267645_1649_0_4.jpg"", ""https://xcimg.szwego.com/img/f0138068/20251125/i1764082258326_1108_0_6.jpg"", ""https://xcimg.szwego.com/img/f0138068/20251125/i1764082267746_4101_0_7.jpg"", ""https://xcimg.szwego.com/img/f0138068/20251125/i1764082267676_9375_0_8.jpg"", ""https://xcimg.szwego.com/img/f0138068/20251125/i1764082258065_6059_0_3.jpg""]"
_dbNrS03SR6o6cUOqMsN0RH4zytjAl8hwGK6JzIw;;25K黑色粗花呢大衣外套，经典斜纹软呢材质，细闪设计超有质感。黑金配色+金属纽扣+链条装饰，奢华又优雅，四口袋设计实用又好看!秋冬穿超合适，通勤或正式场合都能轻松驾驭。粗花呢耐用不易变形，搭配裙装或裤装都很出彩，是香奈儿系列的经典之选，时髦精必入! SML1080¥;0;;lrg3k8cd5bgw3jv;;Для женщин;"[""https://xcimg.szwego.com/img/f0138068/20251125/i1764082191227_5059_0_0.jpg"", ""https://xcimg.szwego.com/img/f0138068/20251125/i1764082178912_1358_0_1.jpg"", ""https://xcimg.szwego.com/img/f0138068/20251125/i1764082178929_1116_0_2.jpg"", ""https://xcimg.szwego.com/img/f0138068/20251125/i1764082191226_2977_0_3.jpg"", ""https://xcimg.szwego.com/img/f0138068/20251125/i1764082178746_6131_0_4.jpg"", ""https://xcimg.szwego.com/img/f0138068/20251125/i1764082178997_6597_0_6.jpg""]"
_dygrStlgWkGn71_AZEnE23R6sxJ4TPmnULTaI9Q;;细节图！SML380¥;0;;lrg3k8cd5bgw3jv;;Для женщин;"[""https://xcimg.szwego.com/imgHD/f0138068/20251107/cmp_i1762483190933_7456_0_0.jpg"", ""https://xcimg.szwego.com/imgHD/f0138068/20251107/cmp_i1762483189115_3431_0_1.jpg"", ""https://xcimg.szwego.com/imgHD/f0138068/20251107/cmp_i1762483188423_9236_0_2.jpg"", ""https://xcimg.szwego.com/imgHD/f0138068/20251107/cmp_i1762483188425_8081_0_3.jpg"", ""https://xcimg.szwego.com/imgHD/f0138068/20251107/cmp_i1762483190933_2954_0_4.jpg"", ""https://xcimg.szwego.com/imgHD/f0138068/20251107/cmp_i1762483190942_2550_0_6.jpg"", ""https://xcimg.szwego.com/imgHD/f0138068/20251107/cmp_i1762483190943_5018_0_7.jpg"", ""https://xcimg.szwego.com/imgHD/f0138068/20251107/cmp_i1762483188403_3349_0_5.jpg"", ""https://xcimg.szwego.com/imgHD/f0138068/20251107/cmp_i1762483188411_7075_0_8.jpg""]"
_dtdrSRWniAbrnA5WIQD2p52fA0L4gV5HqFwlUJw;;25新款亮片牛仔裤，经典牛仔布＋Monogram亮片，奢华感满满。阔腿喇叭裤型，修饰腿型，显高显瘦!面料柔软舒适，搭配针织毛衣、羽绒服都 OK，秋冬穿搭超百，已成爆款， 时髦精必入!SML380💰;0;;lrg3k8cd5bgw3jv;;Для женщин;"[""https://xcimg.szwego.com/imgHD/f0138068/20251107/cmp_i1762483118615_2977_0_0.jpg"", ""https://xcimg.szwego.com/imgHD/f0138068/20251107/cmp_i1762483118615_2728_0_1.jpg"", ""https://xcimg.szwego.com/imgHD/f0138068/20251107/cmp_i1762483118989_7034_0_2.jpg"", ""https://xcimg.szwego.com/imgHD/f0138068/20251107/cmp_i1762483118624_6143_0_3.jpg"", ""https://xcimg.szwego.com/imgHD/f0138068/20251107/cmp_i1762483118606_7153_0_4.jpg"", ""https://xcimg.szwego.com/imgHD/f0138068/20251107/cmp_i1762483118606_5750_0_5.jpg"", ""https://xcimg.szwego.com/imgHD/f0138068/20251107/cmp_i1762483118977_2498_0_6.jpg""]"
_dlFrSAdE4SHueXOzrHCgWqOz9aDyBLEte27NQkQ;;细节图！SML1560¥;0;;lrg3k8cd5bgw3jv;;Для женщин;"[""https://xcimg.szwego.com/img/f0138068/20251127/i1764220746199_989_0_0.jpg"", ""https://xcimg.szwego.com/img/f0138068/20251127/i1764220757461_6468_0_1.jpg"", ""https://xcimg.szwego.com/img/f0138068/20251127/i1764220746226_8874_0_2.jpg"", ""https://xcimg.szwego.com/img/f0138068/20251127/i1764220757390_3292_0_3.jpg"", ""https://xcimg.szwego.com/img/f0138068/20251127/i1764220746305_659_0_4.jpg"", ""https://xcimg.szwego.com/img/f0138068/20251127/i1764220746148_941_0_5.jpg"", ""https://xcimg.szwego.com/img/f0138068/20251127/i1764220746224_1204_0_6.jpg""]"
_dsRrSwyhWu2LyrLlq7qw6YV_6XHQRntkfRPs64w;;细节图！SML430¥;0;;lrg3k8cd5bgw3jv;;Для женщин;"[""https://xcimg.szwego.com/img/f0138068/20251223/i1766459363067_7623_0_0.jpg"", ""https://xcimg.szwego.com/img/f0138068/20251223/i1766459363067_4477_0_5.jpg"", ""https://xcimg.szwego.com/img/f0138068/20251223/i1766459363067_5449_0_1.jpg"", ""https://xcimg.szwego.com/img/f0138068/20251223/i1766459363067_4928_0_2.jpg"", ""https://xcimg.szwego.com/img/f0138068/20251223/i1766459368669_8686_0_3.jpg"", ""https://xcimg.szwego.com/img/f0138068/20251223/i1766459363067_6343_0_4.jpg"", ""https://xcimg.szwego.com/img/f0138068/20251223/i1766459368705_4248_0_6.jpg"", ""https://xcimg.szwego.com/img/f0138068/20251223/i1766459368661_9917_0_7.jpg""]"
_dwzrS_LBwtwPaMwu1Az0XerRwNVMqShVv8hdN2Q;;细节图！SML430¥;0;;lrg3k8cd5bgw3jv;;Для женщин;"[""https://xcimg.szwego.com/img/f0138068/20251222/i1766375054632_3633_0_0.jpg"", ""https://xcimg.szwego.com/img/f0138068/20251222/i1766375054647_7513_0_4.jpg"", ""https://xcimg.szwego.com/img/f0138068/20251222/i1766375054665_9350_0_1.jpg"", ""https://xcimg.szwego.com/img/f0138068/20251222/i1766375064669_295_0_2.jpg"", ""https://xcimg.szwego.com/img/f0138068/20251222/i1766375054646_2379_0_3.jpg"", ""https://xcimg.szwego.com/img/f0138068/20251222/i1766375054652_7780_0_5.jpg"", ""https://xcimg.szwego.com/img/f0138068/20251222/i1766375064685_6300_0_6.jpg""]"
_dqerSOKAcINU9-YeLIbvtG75r-huj71neXjdowA;;细节图！SML860¥ 皮毛一体领子;0;;lrg3k8cd5bgw3jv;;Для женщин;"[""https://xcimg.szwego.com/img/f0138068/20251222/i1766375087081_7718_0_0.jpg"", ""https://xcimg.szwego.com/img/f0138068/20251222/i1766375087053_3960_0_1.jpg"", ""https://xcimg.szwego.com/img/f0138068/20251222/i1766375096222_1469_0_2.jpg"", ""https://xcimg.szwego.com/img/f0138068/20251222/i1766375096247_8693_0_4.jpg"", ""https://xcimg.szwego.com/img/f0138068/20251222/i1766375087090_7364_0_5.jpg"", ""https://xcimg.szwego.com/img/f0138068/20251222/i1766375096225_4328_0_6.jpg"", ""https://xcimg.szwego.com/img/f0138068/20251222/i1766375096250_1376_0_7.jpg"", ""https://xcimg.szwego.com/img/f0138068/20251222/i1766375087099_4158_0_8.jpg"", ""https://xcimg.szwego.com/img/f0138068/20251222/i1766375096244_1464_0_9.jpg""]"
_dh_rSS_I8aTze9dX-cl1Gv5b9AZ1wFodorCjb-w;;25新款羊羔毛领针织开衫，金棕色绞花设计，羊毛羊绒混纺，柔软又保暖。可拆卸羊羔毛领，秋冬氛围感满分，拉链开合超方便。复古优雅风格，搭配针织内搭或半裙，轻松打造层次感穿搭。日常通勤，休闲都很适合，甜酷又温柔，轻松get高级感 SML860¥;0;;lrg3k8cd5bgw3jv;;Для женщин;"[""https://xcimg.szwego.com/img/f0138068/20251222/a1766375522567_3134.jpg"", ""https://xcimg.szwego.com/img/f0138068/20251222/a1766375517084_2208.jpg"", ""https://xcimg.szwego.com/img/f0138068/20251222/a1766375517098_5044.jpg"", ""https://xcimg.szwego.com/img/f0138068/20251222/a1766375517157_5055.jpg"", ""https://xcimg.szwego.com/img/f0138068/20251222/a1766375517026_2833.jpg"", ""https://xcimg.szwego.com/img/f0138068/20251222/a1766375517070_6748.jpg"", ""https://xcimg.szwego.com/img/f0138068/20251222/a1766375522736_6358.jpg"", ""https://xcimg.szwego.com/img/f0138068/20251222/a1766375522616_3533.jpg"", ""https://xcimg.szwego.com/img/f0138068/20251222/a1766375522600_2860.jpg""]"
_dchrS2E5J6VvPXw7Gxppx26EVBUh-8qS_poPnOQ;;细节图！SML360¥;0;;lrg3k8cd5bgw3jv;;Для женщин;"[""https://xcimg.szwego.com/img/f0138068/20251224/i1766550685886_4260_0_0.jpg"", ""https://xcimg.szwego.com/img/f0138068/20251224/i1766550688665_6101_0_1.jpg"", ""https://xcimg.szwego.com/img/f0138068/20251224/i1766550685905_3529_0_2.jpg"", ""https://xcimg.szwego.com/img/f0138068/20251224/i1766550685906_3235_0_3.jpg"", ""https://xcimg.szwego.com/img/f0138068/20251224/i1766550685874_7849_0_4.jpg"", ""https://xcimg.szwego.com/img/f0138068/20251224/i1766550688625_2570_0_5.jpg"", ""https://xcimg.szwego.com/img/f0138068/20251224/i1766550688651_8133_0_6.jpg"", ""https://xcimg.szwego.com/img/f0138068/20251224/i1766550685875_1576_0_7.jpg""]"
_dnerSb38vPLCvlpQ3jzmIrxIW9ZkO1Hrc3VxHWA;;ZP细节图！SML480¥;0;;lrg3k8cd5bgw3jv;;Для женщин;"[""https://xcimg.szwego.com/img/f0138068/20251205/i1764927051762_7648_0_0.jpg"", ""https://xcimg.szwego.com/img/f0138068/20251205/i1764927095652_7916_0_1.jpg"", ""https://xcimg.szwego.com/img/f0138068/20251205/i1764927051792_1738_0_2.jpg"", ""https://xcimg.szwego.com/img/f0138068/20251205/i1764927051702_6598_0_3.jpg"", ""https://xcimg.szwego.com/img/f0138068/20251205/i1764927051677_3034_0_4.jpg"", ""https://xcimg.szwego.com/img/f0138068/20251205/i1764927051760_4436_0_5.jpg"", ""https://xcimg.szwego.com/img/f0138068/20251205/i1764927095609_6102_0_6.jpg""]"
_dlmrS_1JZyx_AcovRM2KnRUzlTDfcNsQ3f664bA;;26早春新款格纹羊毛背心连衣裙，蓝灰格纹设计，100%羊毛材质，柔软又保暖，秋冬穿超合适!无袖背心+修身A字版型，显瘦又优雅，通勤日常都能轻松驾驭。胸前品牌刺绣超有辨识度，两侧口袋实用又好看，复古气质满满，搭配靴子或高跟鞋，甜酷or优雅风随心切换! SML480💰;0;;lrg3k8cd5bgw3jv;;Для женщин;"[""https://xcimg.szwego.com/img/f0138068/20251224/a1766549449858_5257.jpg"", ""https://xcimg.szwego.com/img/f0138068/20251224/a1766549449911_0566.jpg"", ""https://xcimg.szwego.com/img/f0138068/20251224/a1766549449868_8221.jpg"", ""https://xcimg.szwego.com/img/f0138068/20251224/a1766549449948_3618.jpg"", ""https://xcimg.szwego.com/img/f0138068/20251224/a1766549455711_8305.jpg"", ""https://xcimg.szwego.com/img/f0138068/20251224/a1766549455713_5257.jpg"", ""https://xcimg.szwego.com/img/f0138068/20251224/a1766549455710_1253.jpg"", ""https://xcimg.szwego.com/img/f0138068/20251224/a1766549455611_0814.jpg"", ""https://xcimg.szwego.com/img/f0138068/20251224/a1766549455609_1868.jpg""]"
_dEwrSfF-nk_rzTVNccC1qtSMNDlmMLmtDcxxJAw;;外套细节图！SML480¥;0;;lrg3k8cd5bgw3jv;;Для женщин;"[""https://xcimg.szwego.com/img/f0138068/20251224/i1766547196573_3795_0_0.jpg"", ""https://xcimg.szwego.com/img/f0138068/20251224/i1766547197767_483_0_1.jpg"", ""https://xcimg.szwego.com/img/f0138068/20251224/i1766547196551_9542_0_2.jpg"", ""https://xcimg.szwego.com/img/f0138068/20251224/i1766547196564_5516_0_3.jpg"", ""https://xcimg.szwego.com/img/f0138068/20251224/i1766547196543_5138_0_4.jpg"", ""https://xcimg.szwego.com/img/f0138068/20251224/i1766547197797_482_0_5.jpg"", ""https://xcimg.szwego.com/img/f0138068/20251224/i1766547173318_5784_0_5.jpg"", ""https://xcimg.szwego.com/img/f0138068/20251224/i1766547197790_1830_0_7.jpg""]"
_de4rSkwJG11RmTeGhSyaucyErvKkyU1mm-CujJA;;裤子细节图！SML390¥;0;;lrg3k8cd5bgw3jv;;Для женщин;"[""https://xcimg.szwego.com/img/f0138068/20251224/i1766547174422_7791_0_0.jpg"", ""https://xcimg.szwego.com/img/f0138068/20251224/i1766547173322_4223_0_1.jpg"", ""https://xcimg.szwego.com/img/f0138068/20251224/i1766547173325_5502_0_2.jpg"", ""https://xcimg.szwego.com/img/f0138068/20251224/i1766547173307_7850_0_3.jpg"", ""https://xcimg.szwego.com/img/f0138068/20251224/i1766547173351_7823_0_4.jpg"", ""https://xcimg.szwego.com/img/f0138068/20251224/i1766547173318_5784_0_5.jpg""]"
_dlSrSVq3wRd42IDkGAjZgSY3-6vSMXPK3R0orpA;;外套细节图！SML480¥;0;;lrg3k8cd5bgw3jv;;Для женщин;"[""https://xcimg.szwego.com/img/f0138068/20251224/i1766547148195_3323_0_0.jpg"", ""https://xcimg.szwego.com/img/f0138068/20251224/i1766547148190_8272_0_2.jpg"", ""https://xcimg.szwego.com/img/f0138068/20251224/i1766547146856_1480_0_3.jpg"", ""https://xcimg.szwego.com/img/f0138068/20251224/i1766547146879_4219_0_4.jpg"", ""https://xcimg.szwego.com/img/f0138068/20251224/i1766547148154_4255_0_5.jpg"", ""https://xcimg.szwego.com/img/f0138068/20251224/i1766547146851_5683_0_6.jpg"", ""https://xcimg.szwego.com/img/f0138068/20251224/i1766547123831_776_0_5.jpg"", ""https://xcimg.szwego.com/img/f0138068/20251224/i1766547146858_5055_0_8.jpg"", ""https://xcimg.szwego.com/img/f0138068/20251224/i1766547148190_7193_0_9.jpg""]"
_dwrrSN8jVBpygTZ-4ldX1xNcJ_5MsqjaRxE_POw;;裤子细节图！SML390¥;0;;lrg3k8cd5bgw3jv;;Для женщин;"[""https://xcimg.szwego.com/img/f0138068/20251224/i1766547123869_7226_0_0.jpg"", ""https://xcimg.szwego.com/img/f0138068/20251224/i1766547125087_4747_0_1.jpg"", ""https://xcimg.szwego.com/img/f0138068/20251224/i1766547123907_1204_0_2.jpg"", ""https://xcimg.szwego.com/img/f0138068/20251224/i1766547123885_9879_0_3.jpg"", ""https://xcimg.szwego.com/img/f0138068/20251224/i1766547123861_6787_0_4.jpg"", ""https://xcimg.szwego.com/img/f0138068/20251224/i1766547123831_776_0_5.jpg""]"
_d-ErSpnUgmOua4t7WXK5IUA64yuYr7QUXufXO9Q;;细节图！SML580¥;0;;lrg3k8cd5bgw3jv;;Для женщин;"[""https://xcimg.szwego.com/img/f0138068/20251223/i1766459581227_5128_0_0.jpg"", ""https://xcimg.szwego.com/img/f0138068/20251223/i1766459583412_7438_0_1.jpg"", ""https://xcimg.szwego.com/img/f0138068/20251223/i1766459583423_2269_0_2.jpg"", ""https://xcimg.szwego.com/img/f0138068/20251223/i1766459581237_6202_0_3.jpg"", ""https://xcimg.szwego.com/img/f0138068/20251223/i1766459581269_1227_0_4.jpg"", ""https://xcimg.szwego.com/img/f0138068/20251223/i1766459581284_5885_0_5.jpg"", ""https://xcimg.szwego.com/img/f0138068/20251223/i1766459581227_2814_0_6.jpg""]"
_dunrSwgq83E-roJwaaY8zJK9_CVi_GI0XdOI8TA;;细节图！SML350¥;0;;lrg3k8cd5bgw3jv;;Для женщин;"[""https://xcimg.szwego.com/img/f0138068/20251125/i1764036615588_8025_0_0.jpg"", ""https://xcimg.szwego.com/img/f0138068/20251125/i1764036615531_7154_0_1.jpg"", ""https://xcimg.szwego.com/img/f0138068/20251125/i1764036616873_2619_0_2.jpg"", ""https://xcimg.szwego.com/img/f0138068/20251125/i1764036615546_7164_0_3.jpg"", ""https://xcimg.szwego.com/img/f0138068/20251125/i1764036616876_4462_0_4.jpg"", ""https://xcimg.szwego.com/img/f0138068/20251125/i1764036615586_8224_0_5.jpg"", ""https://xcimg.szwego.com/img/f0138068/20251125/i1764036615650_5046_0_6.jpg""]"
_dbwrS3CWEKdb_kfxLtYcaa7lvajm3mJp1VQbayA;;25新品凯旋门徽章拉链连帽卫衣，米色简约设计，柔软针织面料超舒服!正面有品牌徽章刺绣，拉链+连帽设计，休闲又实用，宽松版型包容性强，随性慵懒风轻松拿捏~日常通勤、街头穿搭都很OK，搭牛仔裤或运动裤都超好看! Sml350¥;0;;lrg3k8cd5bgw3jv;;Для женщин;"[""https://xcimg.szwego.com/img/f0138068/20251125/i1764036294395_5960_0_2.jpg"", ""https://xcimg.szwego.com/img/f0138068/20251125/i1764036300120_3278_0_0.jpg"", ""https://xcimg.szwego.com/img/f0138068/20251125/i1764036300120_8462_0_1.jpg"", ""https://xcimg.szwego.com/img/f0138068/20251125/i1764036294441_105_0_4.jpg"", ""https://xcimg.szwego.com/img/f0138068/20251125/i1764036294442_6137_0_5.jpg"", ""https://xcimg.szwego.com/img/f0138068/20251125/i1764036294395_3771_0_6.jpg"", ""https://xcimg.szwego.com/img/f0138068/20251125/i1764036294752_3807_0_3.jpg""]"
_d9prShZ0lYvfnU0RUHgyfVBwK3CHdJibSCNd-UA;;细节图！SML790¥;0;;lrg3k8cd5bgw3jv;;Для женщин;"[""https://xcimg.szwego.com/imgHD/f0138068/20251030/cmp_i1761793895267_5602_0_0.jpg"", ""https://xcimg.szwego.com/imgHD/f0138068/20251030/cmp_i1761835059289_6720_0_1.jpg"", ""https://xcimg.szwego.com/imgHD/f0138068/20251030/cmp_i1761793895143_2526_0_1.jpg"", ""https://xcimg.szwego.com/imgHD/f0138068/20251030/cmp_i1761835058853_7025_0_3.jpg"", ""https://xcimg.szwego.com/imgHD/f0138068/20251030/cmp_i1761793895077_5075_0_5.jpg"", ""https://xcimg.szwego.com/imgHD/f0138068/20251030/cmp_i1761835056916_5264_0_5.jpg"", ""https://xcimg.szwego.com/imgHD/f0138068/20251030/cmp_i1761793895010_1133_0_7.jpg"", ""https://xcimg.szwego.com/imgHD/f0138068/20251030/cmp_i1761793894093_5949_0_6.jpg""]"
_djRrSxDdjix5XmG-fe9vxYTcbzUhTJjXNlv_1Xw;;ZP细节图！SML790¥;0;;lrg3k8cd5bgw3jv;;Для женщин;"[""https://xcimg.szwego.com/imgHD/f0138068/20250902/cmp_i1756797122609_7513_0_0.jpg"", ""https://xcimg.szwego.com/imgHD/f0138068/20250902/cmp_i1756824832914_9136_0_1.jpg"", ""https://xcimg.szwego.com/imgHD/f0138068/20250902/cmp_i1756812324509_5396_0_2.jpg"", ""https://xcimg.szwego.com/imgHD/f0138068/20250902/cmp_i1756803774700_2580_0_3.jpg"", ""https://xcimg.szwego.com/imgHD/f0138068/20250902/cmp_i1756797122001_1860_0_4.jpg"", ""https://xcimg.szwego.com/imgHD/f0138068/20250902/cmp_i1756797144108_711_0_5.jpg"", ""https://xcimg.szwego.com/imgHD/f0138068/20250902/cmp_i1756803774700_1951_0_6.jpg"", ""https://xcimg.szwego.com/imgHD/f0138068/20250902/cmp_i1756824833069_8108_0_7.jpg"", ""https://xcimg.szwego.com/imgHD/f0138068/20250902/cmp_i1756797122708_3226_0_8.jpg""]"
_dvDrSvbTACIFbHGj8ac58MNqMqiNK6tVjRlWXww;;25新品Juvigny系列羊毛羽绒夹克，花呢羊丰+鹅绒填充，保暖又时髦!高腰短款设计，拉链开合，袖口和下摆金属纽扣点缀，细节满分黑色主色+金色拉链，低调奢华，秋冬穿搭超有范儿~日常通勤或户外都能轻松驾驭，实用又提升气质，是冬季衣橱必备单品! SML790¥;0;;lrg3k8cd5bgw3jv;;Для женщин;"[""https://xcimg.szwego.com/imgHD/f0138068/20251029/cmp_i1761752793769_6855_0_2.jpg"", ""https://xcimg.szwego.com/imgHD/f0138068/20251029/cmp_i1761752793771_156_0_3.jpg"", ""https://xcimg.szwego.com/imgHD/f0138068/20251029/cmp_i1761752793752_4403_0_0.jpg"", ""https://xcimg.szwego.com/imgHD/f0138068/20251029/cmp_i1761752793751_876_0_1.jpg"", ""https://xcimg.szwego.com/imgHD/f0138068/20251029/cmp_i1761752794540_4618_0_5.jpg"", ""https://xcimg.szwego.com/imgHD/f0138068/20251029/cmp_i1761752793752_4142_0_4.jpg""]"
_dIarSKqZIyUzA-MfiJRTi368OT5ualNCrI_Sq5g;;细节图！SML360¥;0;;lrg3k8cd5bgw3jv;;Для женщин;"[""https://xcimg.szwego.com/imgHD/f0138068/20251013/cmp_i1760323678946_9323_0_0.jpg"", ""https://xcimg.szwego.com/imgHD/f0138068/20251013/cmp_i1760323678959_8118_0_4.jpg"", ""https://xcimg.szwego.com/imgHD/f0138068/20251013/cmp_i1760323678974_5139_0_1.jpg"", ""https://xcimg.szwego.com/imgHD/f0138068/20251013/cmp_i1760323682854_9708_0_3.jpg"", ""https://xcimg.szwego.com/imgHD/f0138068/20251013/cmp_i1760323678197_1868_0_5.jpg"", ""https://xcimg.szwego.com/imgHD/f0138068/20251013/cmp_i1760323678190_5390_0_2.jpg""]"
_dljrSSsRV1NKOMvK1kx8MF_C5_-2f3qX7cLtvtA;;2025秋冬费尔岛提花羊毛针织毛衣，酒红、棕褐、米白、墨绿、明黄配色，复古几何图案超有艺术感。羊毛混纺材质厚实挺括，宽松圆领设计，叠穿或单穿都很出彩，秋冬通勤休闲都能驾驭计。手工匠造质感，裴秀智同款，时尚圈热议，搭配皮裙或高腰裤，轻松get法式复古氛围感 SML360¥;0;;lrg3k8cd5bgw3jv;;Для женщин;"[""https://xcimg.szwego.com/imgHD/f0138068/20251013/cmp_i1760323516228_6842_0_0.jpg"", ""https://xcimg.szwego.com/imgHD/f0138068/20251013/cmp_i1760323516229_3675_0_1.jpg"", ""https://xcimg.szwego.com/imgHD/f0138068/20251013/cmp_i1760323516228_3777_0_2.jpg"", ""https://xcimg.szwego.com/imgHD/f0138068/20251013/cmp_i1760323516228_6001_0_3.jpg"", ""https://xcimg.szwego.com/imgHD/f0138068/20251013/cmp_i1760323612756_1465_0_4.jpg"", ""https://xcimg.szwego.com/imgHD/f0138068/20251013/cmp_i1760323612788_9970_0_5.jpg""]"
_dwYrSGccLmEoG3PrCjuyV0Wj5wQAJa1aYgYLptg;;细节图！SML320¥;0;;lrg3k8cd5bgw3jv;;Для женщин;"[""https://xcimg.szwego.com/img/f0138068/20251206/i1764986888932_7125_0_1.jpg"", ""https://xcimg.szwego.com/img/f0138068/20251206/i1764986888863_6812_0_2.jpg"", ""https://xcimg.szwego.com/img/f0138068/20251206/i1764986888876_5014_0_3.jpg"", ""https://xcimg.szwego.com/img/f0138068/20251206/i1764986888925_6455_0_4.jpg"", ""https://xcimg.szwego.com/img/f0138068/20251206/i1764986888942_4706_0_6.jpg"", ""https://xcimg.szwego.com/img/f0138068/20251206/i1764986889535_2926_0_5.jpg""]"
_d9trSb2z5rXJYzZcVqWldhvCUpjAgECCMnk-NDA;;25秋冬灰色卷边针织Polo衫，柔软舒适，卷边设计在口袋、袖口和下摆，俏皮又有松弛感。经典Polo领，胸前黑色刺绣徽标，低调展现品牌细节。灰色百搭，随手搭缎面半裙或牛仔裤都很出彩，轻松切换优雅or休闲风格 SML320💰;0;;lrg3k8cd5bgw3jv;;Для женщин;"[""https://xcimg.szwego.com/img/f0138068/20251206/a1764989257728_4482.jpg"", ""https://xcimg.szwego.com/img/f0138068/20251206/a1764989257706_6208.jpg"", ""https://xcimg.szwego.com/img/f0138068/20251206/a1764989257535_4805.jpg"", ""https://xcimg.szwego.com/img/f0138068/20251206/a1764989257568_4736.jpg"", ""https://xcimg.szwego.com/img/f0138068/20251206/a1764989257702_6148.jpg"", ""https://xcimg.szwego.com/img/f0138068/20251206/a1764989260773_3401.jpg"", ""https://xcimg.szwego.com/img/f0138068/20251206/a1764989260893_6074.jpg"", ""https://xcimg.szwego.com/img/f0138068/20251206/a1764989260878_1038.jpg""]"
_dqjrSgkd03gKWDB5-1kBOj3At9qgBBgQtg-ypjw;;细节图！SML580¥;0;;lrg3k8cd5bgw3jv;;Для женщин;"[""https://xcimg.szwego.com/img/f0138068/20251119/i1763544147957_5848_0_0.jpg"", ""https://xcimg.szwego.com/img/f0138068/20251119/i1763544147957_805_0_1.jpg"", ""https://xcimg.szwego.com/img/f0138068/20251119/i1763544147957_8871_0_2.jpg"", ""https://xcimg.szwego.com/img/f0138068/20251119/i1763544147957_1042_0_3.jpg"", ""https://xcimg.szwego.com/img/f0138068/20251119/i1763544151787_6920_0_4.jpg"", ""https://xcimg.szwego.com/img/f0138068/20251119/i1763544151830_6532_0_5.jpg"", ""https://xcimg.szwego.com/img/f0138068/20251119/i1763544147957_8809_0_6.jpg"", ""https://xcimg.szwego.com/img/f0138068/20251119/i1763544151836_54_0_7.jpg""]"
_di3rSeh_pbcZ4GApdsdg-PFKVAJoiw29ussSLsw;;细节图！SML580¥;0;;lrg3k8cd5bgw3jv;;Для женщин;"[""https://xcimg.szwego.com/img/f0138068/20251119/i1763544214926_8764_0_0.jpg"", ""https://xcimg.szwego.com/img/f0138068/20251119/i1763544214902_285_0_1.jpg"", ""https://xcimg.szwego.com/img/f0138068/20251119/i1763544217189_6746_0_2.jpg"", ""https://xcimg.szwego.com/img/f0138068/20251119/i1763544214906_6431_0_3.jpg"", ""https://xcimg.szwego.com/img/f0138068/20251119/i1763544214878_711_0_4.jpg"", ""https://xcimg.szwego.com/img/f0138068/20251119/i1763544214859_6618_0_5.jpg"", ""https://xcimg.szwego.com/img/f0138068/20251119/i1763544217214_2760_0_6.jpg""]"
_dUBrSdJ_4ezPHh6w_mzAq4K04e9VTRFEEsNhp8A;;25N滑雪系列连帽开衫，羊毛混纺柔软又保暖，秋冬穿超合适!拉链设计+连帽，休闲又实用，两个口袋配金属纽扣，精致感拉满无论通勤还是户外都能轻松驾驭，随手搭牛仔裤或半裙都很时髦!SML580💰;0;;lrg3k8cd5bgw3jv;;Для женщин;"[""https://xcimg.szwego.com/img/f0138068/20251120/a1763602946194_5774.jpg"", ""https://xcimg.szwego.com/img/f0138068/20251120/a1763602946094_2753.jpg"", ""https://xcimg.szwego.com/img/f0138068/20251120/a1763602946038_5436.jpg"", ""https://xcimg.szwego.com/img/f0138068/20251120/a1763602947180_0276.jpg"", ""https://xcimg.szwego.com/img/f0138068/20251120/a1763602946065_7018.jpg"", ""https://xcimg.szwego.com/img/f0138068/20251120/a1763602946852_4541.jpg"", ""https://xcimg.szwego.com/img/f0138068/20251120/a1763602946778_8245.jpg""]"
_dlHrSxiZHPzuyceKsfmDQ7yr7g8HuZng0yhLE6w;;细节图！SML680¥;0;;lrg3k8cd5bgw3jv;;Для женщин;"[""https://xcimg.szwego.com/img/f0138068/20251230/i1767067009803_8519_0_0.jpg"", ""https://xcimg.szwego.com/img/f0138068/20251230/i1767067012606_1176_0_1.jpg"", ""https://xcimg.szwego.com/img/f0138068/20251230/i1767067012644_5244_0_2.jpg"", ""https://xcimg.szwego.com/img/f0138068/20251230/i1767067009873_1150_0_3.jpg"", ""https://xcimg.szwego.com/img/f0138068/20251230/i1767067009736_9311_0_4.jpg"", ""https://xcimg.szwego.com/img/f0138068/20251230/i1767067009722_1734_0_5.jpg"", ""https://xcimg.szwego.com/img/f0138068/20251230/i1767067012586_3057_0_6.jpg"", ""https://xcimg.szwego.com/img/f0138068/20251230/i1767067009870_3204_0_8.jpg"", ""https://xcimg.szwego.com/img/f0138068/20251230/i1767067012581_6682_0_7.jpg""]"
_dgVrSLXgbOUJHYwu99wP26ORKy_banQzOggprAw;;26早春系列可拆卸围巾领黑色短大衣， 100%羊毛材质，亲肤又保暖、 黑色主调+金色纽扣，简约高级感满满。 围巾可拆卸，穿搭更灵活， 短款微宽松版型，通勤日常都能轻松驾驭， 时髦又实用，百搭单品! SML680¥;0;;lrg3k8cd5bgw3jv;;Для женщин;"[""https://xcimg.szwego.com/img/f0138068/20251230/a1767067268771_4346.jpg"", ""https://xcimg.szwego.com/img/f0138068/20251230/a1767067268465_5861.jpg"", ""https://xcimg.szwego.com/img/f0138068/20251230/a1767067268465_1753.jpg"", ""https://xcimg.szwego.com/img/f0138068/20251230/a1767067268731_4631.jpg"", ""https://xcimg.szwego.com/img/f0138068/20251230/a1767067268636_2663.jpg"", ""https://xcimg.szwego.com/img/f0138068/20251230/a1767067326957_5774.jpg"", ""https://xcimg.szwego.com/img/f0138068/20251230/a1767067328098_3255.jpg"", ""https://xcimg.szwego.com/img/f0138068/20251230/a1767067328255_0132.jpg"", ""https://xcimg.szwego.com/img/f0138068/20251230/a1767067328313_3181.jpg""]"
_dqCrS6GcXYB62zT7ap69_nN30mm1y2MfckanIxw;;细节图！SML390¥;0;;lrg3k8cd5bgw3jv;;Для женщин;"[""https://xcimg.szwego.com/img/f0138068/20251230/i1767066928900_6565_0_0.jpg"", ""https://xcimg.szwego.com/img/f0138068/20251230/i1767066928905_1051_0_1.jpg"", ""https://xcimg.szwego.com/img/f0138068/20251230/i1767066936479_5167_0_2.jpg"", ""https://xcimg.szwego.com/img/f0138068/20251230/i1767066928917_2009_0_3.jpg"", ""https://xcimg.szwego.com/img/f0138068/20251230/i1767066928910_9012_0_4.jpg"", ""https://xcimg.szwego.com/img/f0138068/20251230/i1767066928876_8942_0_5.jpg"", ""https://xcimg.szwego.com/img/f0138068/20251230/i1767066936451_3034_0_6.jpg"", ""https://xcimg.szwego.com/img/f0138068/20251230/i1767066936439_5814_0_7.jpg""]"
_drrrSfCIhauOqFXtz2DPlrhLFUcGYjB42v56-Lw;;细节图！SML880¥;0;;lrg3k8cd5bgw3jv;;Для женщин;"[""https://xcimg.szwego.com/img/f0138068/20251229/i1766975739368_2147_0_0.jpg"", ""https://xcimg.szwego.com/img/f0138068/20251229/i1766975739362_1425_0_1.jpg"", ""https://xcimg.szwego.com/img/f0138068/20251229/i1766975738673_4678_0_2.jpg"", ""https://xcimg.szwego.com/img/f0138068/20251229/i1766975738694_3473_0_3.jpg"", ""https://xcimg.szwego.com/img/f0138068/20251229/i1766975738677_3257_0_4.jpg"", ""https://xcimg.szwego.com/img/f0138068/20251229/i1766975739351_3079_0_5.jpg"", ""https://xcimg.szwego.com/img/f0138068/20251229/i1766975738659_8558_0_6.jpg"", ""https://xcimg.szwego.com/img/f0138068/20251229/i1766975738651_8470_0_7.jpg"", ""https://xcimg.szwego.com/img/f0138068/20251229/i1766975739254_1917_0_8.jpg""]"
_ddsrS_nX5and61HC7TY1QQVWexsD4ll1wElbGmw;;细节图！SML580¥;0;;lrg3k8cd5bgw3jv;;Для женщин;"[""https://xcimg.szwego.com/img/f0138068/20251229/i1766975723192_3533_0_0.jpg"", ""https://xcimg.szwego.com/img/f0138068/20251229/i1766975722202_9533_0_1.jpg"", ""https://xcimg.szwego.com/img/f0138068/20251229/i1766975722201_1412_0_2.jpg"", ""https://xcimg.szwego.com/img/f0138068/20251229/i1766975722201_7792_0_3.jpg"", ""https://xcimg.szwego.com/img/f0138068/20251229/i1766975722201_6445_0_4.jpg"", ""https://xcimg.szwego.com/img/f0138068/20251229/i1766975722201_4595_0_5.jpg""]"
_doVrSh8o3S_8SCsws0o1sqOZx-kYS1fWTJYPUWw;;25秋冬高级成衣系列斜纹软呢套装，经典粗花呢材质，黑金底色配亮金捆边，复古优雅气质满分! 外套SML880💰 半裙SML580💰;0;;lrg3k8cd5bgw3jv;;Для женщин;"[""https://xcimg.szwego.com/img/f0138068/20251229/i1766980732883_7043_0_2.jpg"", ""https://xcimg.szwego.com/img/f0138068/20251229/i1766980732883_200_0_3.jpg"", ""https://xcimg.szwego.com/img/f0138068/20251229/i1766980732883_3396_0_0.jpg"", ""https://xcimg.szwego.com/img/f0138068/20251229/i1766980732883_9941_0_1.jpg"", ""https://xcimg.szwego.com/img/f0138068/20251229/a1766980910520_6242.jpg"", ""https://xcimg.szwego.com/img/f0138068/20251229/a1766980910534_3740.jpg"", ""https://xcimg.szwego.com/img/f0138068/20251229/a1766981063437_5845.jpg"", ""https://xcimg.szwego.com/img/f0138068/20251229/a1766981063337_4226.jpg"", ""https://xcimg.szwego.com/img/f0138068/20251229/a1766980910665_6287.jpg""]"
_dx2rSvjA5BxwkbGDcg_AoMMvUlNwc5Kfsy-jO8Q;;细节图！SML490¥;0;;lrg3k8cd5bgw3jv;;Для женщин;"[""https://xcimg.szwego.com/img/f0138068/20251229/i1766976050028_5007_0_0.jpg"", ""https://xcimg.szwego.com/img/f0138068/20251229/i1766976050106_3122_0_1.jpg"", ""https://xcimg.szwego.com/img/f0138068/20251229/i1766976050707_9921_0_2.jpg"", ""https://xcimg.szwego.com/img/f0138068/20251229/i1766976050073_2722_0_3.jpg"", ""https://xcimg.szwego.com/img/f0138068/20251229/i1766976050708_3433_0_4.jpg"", ""https://xcimg.szwego.com/img/f0138068/20251229/i1766976050072_4458_0_5.jpg"", ""https://xcimg.szwego.com/img/f0138068/20251229/i1766976050687_2666_0_6.jpg"", ""https://xcimg.szwego.com/img/f0138068/20251229/i1766976056249_2817_0_8.jpg"", ""https://xcimg.szwego.com/img/f0138068/20251229/i1766976050060_8807_0_7.jpg""]"
_dsDrS-_DowXyGIqJ2Dje8Yve_Gkw-VBUHN3gAww;;26早春黑色针织开衫，搭配白色荷叶边娃娃领，优雅又甜美!羊毛材质柔软保暖又舒服，菱形纹理设计超有层次感。短款版型，搭高腰裤或裙装都很出彩~荷叶边领增添俏皮气息，是衣橱必备百搭单品! SML390💰;0;;lrg3k8cd5bgw3jv;;Для женщин;"[""https://xcimg.szwego.com/img/f0138068/20251229/a1766976954324_5350.jpg"", ""https://xcimg.szwego.com/img/f0138068/20251229/a1766976954230_8382.jpg"", ""https://xcimg.szwego.com/img/f0138068/20251229/a1766976955740_3207.jpg"", ""https://xcimg.szwego.com/img/f0138068/20251229/a1766976954172_8328.jpg"", ""https://xcimg.szwego.com/img/f0138068/20251229/a1766976954210_2544.jpg"", ""https://xcimg.szwego.com/img/f0138068/20251229/a1766976955239_5118.jpg""]"
_dr5rSq0MkTuF6bEmf8BKzHxnoW5fm9dUqBMut_Q;;细节图！SML390💰;0;;lrg3k8cd5bgw3jv;;Для женщин;"[""https://xcimg.szwego.com/img/f0138068/20251229/i1766976183569_2390_0_0.jpg"", ""https://xcimg.szwego.com/img/f0138068/20251229/i1766976184140_737_0_1.jpg"", ""https://xcimg.szwego.com/img/f0138068/20251229/i1766976184156_5638_0_2.jpg"", ""https://xcimg.szwego.com/img/f0138068/20251229/i1766976183593_1496_0_3.jpg"", ""https://xcimg.szwego.com/img/f0138068/20251229/i1766976183588_7060_0_4.jpg"", ""https://xcimg.szwego.com/img/f0138068/20251229/i1766976184139_1557_0_5.jpg"", ""https://xcimg.szwego.com/img/f0138068/20251229/i1766976183624_4368_0_6.jpg"", ""https://xcimg.szwego.com/img/f0138068/20251229/i1766976183577_185_0_7.jpg""]"
