external_id;name;description;price;brand;category;subcategory;gender;photos;ai_processed
_dxnrSKt-WsdY_oz4SLSe5uOLAd-eitWtajXSlwQ;Dior Штаны;Стильные повседневные брюки темно-серого цвета. Модель дополнена удобным эластичным поясом на кулиске для комфортной посадки.;21000;ivacgwvpdne0t35;lrg3k8cd5bgw3jv;bls7s6kan7cc3lz;;"[""https://static.yeezyunique.ru/batches/59ce4107-c0d3-4ecb-b9ad-7246f5c4ae39/_dxnrSKt-WsdY_oz4SLSe5uOLAd-eitWtajXSlwQ_0.jpg"",""https://static.yeezyunique.ru/batches/59ce4107-c0d3-4ecb-b9ad-7246f5c4ae39/_dxnrSKt-WsdY_oz4SLSe5uOLAd-eitWtajXSlwQ_1.jpg"",""https://static.yeezyunique.ru/batches/59ce4107-c0d3-4ecb-b9ad-7246f5c4ae39/_dxnrSKt-WsdY_oz4SLSe5uOLAd-eitWtajXSlwQ_2.jpg"",""https://static.yeezyunique.ru/batches/59ce4107-c0d3-4ecb-b9ad-7246f5c4ae39/_dxnrSKt-WsdY_oz4SLSe5uOLAd-eitWtajXSlwQ_3.jpg"",""https://static.yeezyunique.ru/batches/59ce4107-c0d3-4ecb-b9ad-7246f5c4ae39/_dxnrSKt-WsdY_oz4SLSe5uOLAd-eitWtajXSlwQ_4.jpg"",""https://static.yeezyunique.ru/batches/59ce4107-c0d3-4ecb-b9ad-7246f5c4ae39/_dxnrSKt-WsdY_oz4SLSe5uOLAd-eitWtajXSlwQ_5.jpg"",""https://static.yeezyunique.ru/batches/59ce4107-c0d3-4ecb-b9ad-7246f5c4ae39/_dxnrSKt-WsdY_oz4SLSe5uOLAd-eitWtajXSlwQ_6.jpg"",""https://static.yeezyunique.ru/batches/59ce4107-c0d3-4ecb-b9ad-7246f5c4ae39/_dxnrSKt-WsdY_oz4SLSe5uOLAd-eitWtajXSlwQ_7.jpg"",""https://static.yeezyunique.ru/batches/59ce4107-c0d3-4ecb-b9ad-7246f5c4ae39/_dxnrSKt-WsdY_oz4SLSe5uOLAd-eitWtajXSlwQ_8.jpg""]";true
_dTOrSMYH5nILDbD5mXt2xhMzqL-Vq0_okykO8cg;Dior Худи;Стильное худи на молнии в глубоком сером цвете. Модель дополнена фирменной вышивкой CD на груди.;22000;ivacgwvpdne0t35;lrg3k8cd5bgw3jv;zg2as2jt1xbh72y;;"[""https://static.yeezyunique.ru/batches/59ce4107-c0d3-4ecb-b9ad-7246f5c4ae39/_dTOrSMYH5nILDbD5mXt2xhMzqL-Vq0_okykO8cg_0.jpg"",""https://static.yeezyunique.ru/batches/59ce4107-c0d3-4ecb-b9ad-7246f5c4ae39/_dTOrSMYH5nILDbD5mXt2xhMzqL-Vq0_okykO8cg_1.jpg"",""https://static.yeezyunique.ru/batches/59ce4107-c0d3-4ecb-b9ad-7246f5c4ae39/_dTOrSMYH5nILDbD5mXt2xhMzqL-Vq0_okykO8cg_2.jpg"",""https://static.yeezyunique.ru/batches/59ce4107-c0d3-4ecb-b9ad-7246f5c4ae39/_dTOrSMYH5nILDbD5mXt2xhMzqL-Vq0_okykO8cg_3.jpg"",""https://static.yeezyunique.ru/batches/59ce4107-c0d3-4ecb-b9ad-7246f5c4ae39/_dTOrSMYH5nILDbD5mXt2xhMzqL-Vq0_okykO8cg_4.jpg"",""https://static.yeezyunique.ru/batches/59ce4107-c0d3-4ecb-b9ad-7246f5c4ae39/_dTOrSMYH5nILDbD5mXt2xhMzqL-Vq0_okykO8cg_5.jpg"",""https://static.yeezyunique.ru/batches/59ce4107-c0d3-4ecb-b9ad-7246f5c4ae39/_dTOrSMYH5nILDbD5mXt2xhMzqL-Vq0_okykO8cg_6.jpg"",""https://static.yeezyunique.ru/batches/59ce4107-c0d3-4ecb-b9ad-7246f5c4ae39/_dTOrSMYH5nILDbD5mXt2xhMzqL-Vq0_okykO8cg_7.jpg"",""https://static.yeezyunique.ru/batches/59ce4107-c0d3-4ecb-b9ad-7246f5c4ae39/_dTOrSMYH5nILDbD5mXt2xhMzqL-Vq0_okykO8cg_8.jpg""]";true
_dx8rSlFnJ4_MyY0qr-YdYfz8gIaiVibQRfTVoVA;Louis Vuitton Футболка;Белая футболка с ярким флуоресцентным логотипом бренда. Модель выполнена из качественного хлопка и имеет классический крой.;19000;977uh954t91spxq;lrg3k8cd5bgw3jv;997r6125hxovl3q;;"[""https://static.yeezyunique.ru/batches/59ce4107-c0d3-4ecb-b9ad-7246f5c4ae39/_dx8rSlFnJ4_MyY0qr-YdYfz8gIaiVibQRfTVoVA_0.jpg"",""https://static.yeezyunique.ru/batches/59ce4107-c0d3-4ecb-b9ad-7246f5c4ae39/_dx8rSlFnJ4_MyY0qr-YdYfz8gIaiVibQRfTVoVA_1.jpg"",""https://static.yeezyunique.ru/batches/59ce4107-c0d3-4ecb-b9ad-7246f5c4ae39/_dx8rSlFnJ4_MyY0qr-YdYfz8gIaiVibQRfTVoVA_2.jpg"",""https://static.yeezyunique.ru/batches/59ce4107-c0d3-4ecb-b9ad-7246f5c4ae39/_dx8rSlFnJ4_MyY0qr-YdYfz8gIaiVibQRfTVoVA_3.jpg"",""https://static.yeezyunique.ru/batches/59ce4107-c0d3-4ecb-b9ad-7246f5c4ae39/_dx8rSlFnJ4_MyY0qr-YdYfz8gIaiVibQRfTVoVA_4.jpg"",""https://static.yeezyunique.ru/batches/59ce4107-c0d3-4ecb-b9ad-7246f5c4ae39/_dx8rSlFnJ4_MyY0qr-YdYfz8gIaiVibQRfTVoVA_5.jpg"",""https://static.yeezyunique.ru/batches/59ce4107-c0d3-4ecb-b9ad-7246f5c4ae39/_dx8rSlFnJ4_MyY0qr-YdYfz8gIaiVibQRfTVoVA_6.jpg"",""https://static.yeezyunique.ru/batches/59ce4107-c0d3-4ecb-b9ad-7246f5c4ae39/_dx8rSlFnJ4_MyY0qr-YdYfz8gIaiVibQRfTVoVA_7.jpg"",""https://static.yeezyunique.ru/batches/59ce4107-c0d3-4ecb-b9ad-7246f5c4ae39/_dx8rSlFnJ4_MyY0qr-YdYfz8gIaiVibQRfTVoVA_8.jpg""]";true
_dKQrSTKU-_LkJWctq2UIDu47xd6KN19jKGT7ryQ;Louis Vuitton Футболка;Черная футболка свободного кроя из мягкого хлопка. Модель декорирована контрастным неоновым принтом с логотипом бренда на груди.;19000;977uh954t91spxq;lrg3k8cd5bgw3jv;997r6125hxovl3q;;"[""https://static.yeezyunique.ru/batches/59ce4107-c0d3-4ecb-b9ad-7246f5c4ae39/_dKQrSTKU-_LkJWctq2UIDu47xd6KN19jKGT7ryQ_0.jpg"",""https://static.yeezyunique.ru/batches/59ce4107-c0d3-4ecb-b9ad-7246f5c4ae39/_dKQrSTKU-_LkJWctq2UIDu47xd6KN19jKGT7ryQ_1.jpg"",""https://static.yeezyunique.ru/batches/59ce4107-c0d3-4ecb-b9ad-7246f5c4ae39/_dKQrSTKU-_LkJWctq2UIDu47xd6KN19jKGT7ryQ_2.jpg"",""https://static.yeezyunique.ru/batches/59ce4107-c0d3-4ecb-b9ad-7246f5c4ae39/_dKQrSTKU-_LkJWctq2UIDu47xd6KN19jKGT7ryQ_3.jpg"",""https://static.yeezyunique.ru/batches/59ce4107-c0d3-4ecb-b9ad-7246f5c4ae39/_dKQrSTKU-_LkJWctq2UIDu47xd6KN19jKGT7ryQ_4.jpg"",""https://static.yeezyunique.ru/batches/59ce4107-c0d3-4ecb-b9ad-7246f5c4ae39/_dKQrSTKU-_LkJWctq2UIDu47xd6KN19jKGT7ryQ_5.jpg"",""https://static.yeezyunique.ru/batches/59ce4107-c0d3-4ecb-b9ad-7246f5c4ae39/_dKQrSTKU-_LkJWctq2UIDu47xd6KN19jKGT7ryQ_6.jpg"",""https://static.yeezyunique.ru/batches/59ce4107-c0d3-4ecb-b9ad-7246f5c4ae39/_dKQrSTKU-_LkJWctq2UIDu47xd6KN19jKGT7ryQ_7.jpg"",""https://static.yeezyunique.ru/batches/59ce4107-c0d3-4ecb-b9ad-7246f5c4ae39/_dKQrSTKU-_LkJWctq2UIDu47xd6KN19jKGT7ryQ_8.jpg""]";true
_de2rS3QMSSMwEq5udA07MeV7zl4iidRUwrZlVtw;Acne Studios Джинсы;Стильные джинсы с эффектом потертости и декоративными прорезями. Модель выполнена из плотного денима в классическом крое.;21000;ywtm8whmvoz75gh;lrg3k8cd5bgw3jv;htpbqikag6cv19a;;"[""https://static.yeezyunique.ru/batches/59ce4107-c0d3-4ecb-b9ad-7246f5c4ae39/_de2rS3QMSSMwEq5udA07MeV7zl4iidRUwrZlVtw_0.jpg"",""https://static.yeezyunique.ru/batches/59ce4107-c0d3-4ecb-b9ad-7246f5c4ae39/_de2rS3QMSSMwEq5udA07MeV7zl4iidRUwrZlVtw_1.jpg"",""https://static.yeezyunique.ru/batches/59ce4107-c0d3-4ecb-b9ad-7246f5c4ae39/_de2rS3QMSSMwEq5udA07MeV7zl4iidRUwrZlVtw_2.jpg"",""https://static.yeezyunique.ru/batches/59ce4107-c0d3-4ecb-b9ad-7246f5c4ae39/_de2rS3QMSSMwEq5udA07MeV7zl4iidRUwrZlVtw_3.jpg"",""https://static.yeezyunique.ru/batches/59ce4107-c0d3-4ecb-b9ad-7246f5c4ae39/_de2rS3QMSSMwEq5udA07MeV7zl4iidRUwrZlVtw_4.jpg"",""https://static.yeezyunique.ru/batches/59ce4107-c0d3-4ecb-b9ad-7246f5c4ae39/_de2rS3QMSSMwEq5udA07MeV7zl4iidRUwrZlVtw_5.jpg"",""https://static.yeezyunique.ru/batches/59ce4107-c0d3-4ecb-b9ad-7246f5c4ae39/_de2rS3QMSSMwEq5udA07MeV7zl4iidRUwrZlVtw_6.jpg"",""https://static.yeezyunique.ru/batches/59ce4107-c0d3-4ecb-b9ad-7246f5c4ae39/_de2rS3QMSSMwEq5udA07MeV7zl4iidRUwrZlVtw_7.jpg"",""https://static.yeezyunique.ru/batches/59ce4107-c0d3-4ecb-b9ad-7246f5c4ae39/_de2rS3QMSSMwEq5udA07MeV7zl4iidRUwrZlVtw_8.jpg""]";true
_dearSbW_AuRoI6NUF9G27eshnVqJFPTEYp9dSGg;Miu Miu Рубашка;Белая рубашка с вышитым логотипом бренда. Модель выполнена в классическом стиле с аккуратным воротником и застежкой на пуговицы.;0;cn386fag2q87srw;lrg3k8cd5bgw3jv;orlmrjnla0dg9ej;;"[""https://static.yeezyunique.ru/batches/59ce4107-c0d3-4ecb-b9ad-7246f5c4ae39/_dearSbW_AuRoI6NUF9G27eshnVqJFPTEYp9dSGg_0.jpg"",""https://static.yeezyunique.ru/batches/59ce4107-c0d3-4ecb-b9ad-7246f5c4ae39/_dearSbW_AuRoI6NUF9G27eshnVqJFPTEYp9dSGg_1.jpg"",""https://static.yeezyunique.ru/batches/59ce4107-c0d3-4ecb-b9ad-7246f5c4ae39/_dearSbW_AuRoI6NUF9G27eshnVqJFPTEYp9dSGg_2.jpg"",""https://static.yeezyunique.ru/batches/59ce4107-c0d3-4ecb-b9ad-7246f5c4ae39/_dearSbW_AuRoI6NUF9G27eshnVqJFPTEYp9dSGg_3.jpg"",""https://static.yeezyunique.ru/batches/59ce4107-c0d3-4ecb-b9ad-7246f5c4ae39/_dearSbW_AuRoI6NUF9G27eshnVqJFPTEYp9dSGg_4.jpg"",""https://static.yeezyunique.ru/batches/59ce4107-c0d3-4ecb-b9ad-7246f5c4ae39/_dearSbW_AuRoI6NUF9G27eshnVqJFPTEYp9dSGg_5.jpg"",""https://static.yeezyunique.ru/batches/59ce4107-c0d3-4ecb-b9ad-7246f5c4ae39/_dearSbW_AuRoI6NUF9G27eshnVqJFPTEYp9dSGg_6.jpg"",""https://static.yeezyunique.ru/batches/59ce4107-c0d3-4ecb-b9ad-7246f5c4ae39/_dearSbW_AuRoI6NUF9G27eshnVqJFPTEYp9dSGg_7.jpg"",""https://static.yeezyunique.ru/batches/59ce4107-c0d3-4ecb-b9ad-7246f5c4ae39/_dearSbW_AuRoI6NUF9G27eshnVqJFPTEYp9dSGg_8.jpg""]";true
_d8trSL38QjHdDDGLlaVys_v1Uz9r56angrvux_g;Miu Miu Рубашка;Стильная рубашка с длинным рукавом в сине-коричневую клетку. Модель выполнена в классическом крое, идеально подходящем для повседневного гардероба.;0;cn386fag2q87srw;lrg3k8cd5bgw3jv;orlmrjnla0dg9ej;;"[""https://static.yeezyunique.ru/batches/59ce4107-c0d3-4ecb-b9ad-7246f5c4ae39/_d8trSL38QjHdDDGLlaVys_v1Uz9r56angrvux_g_0.jpg"",""https://static.yeezyunique.ru/batches/59ce4107-c0d3-4ecb-b9ad-7246f5c4ae39/_d8trSL38QjHdDDGLlaVys_v1Uz9r56angrvux_g_1.jpg"",""https://static.yeezyunique.ru/batches/59ce4107-c0d3-4ecb-b9ad-7246f5c4ae39/_d8trSL38QjHdDDGLlaVys_v1Uz9r56angrvux_g_2.jpg"",""https://static.yeezyunique.ru/batches/59ce4107-c0d3-4ecb-b9ad-7246f5c4ae39/_d8trSL38QjHdDDGLlaVys_v1Uz9r56angrvux_g_3.jpg"",""https://static.yeezyunique.ru/batches/59ce4107-c0d3-4ecb-b9ad-7246f5c4ae39/_d8trSL38QjHdDDGLlaVys_v1Uz9r56angrvux_g_4.jpg"",""https://static.yeezyunique.ru/batches/59ce4107-c0d3-4ecb-b9ad-7246f5c4ae39/_d8trSL38QjHdDDGLlaVys_v1Uz9r56angrvux_g_5.jpg"",""https://static.yeezyunique.ru/batches/59ce4107-c0d3-4ecb-b9ad-7246f5c4ae39/_d8trSL38QjHdDDGLlaVys_v1Uz9r56angrvux_g_6.jpg"",""https://static.yeezyunique.ru/batches/59ce4107-c0d3-4ecb-b9ad-7246f5c4ae39/_d8trSL38QjHdDDGLlaVys_v1Uz9r56angrvux_g_7.jpg"",""https://static.yeezyunique.ru/batches/59ce4107-c0d3-4ecb-b9ad-7246f5c4ae39/_d8trSL38QjHdDDGLlaVys_v1Uz9r56angrvux_g_8.jpg""]";true
_dqVrSmJ16AWv5UhDHiw3nDnOgfTB-jXej32WcTw;Miu Miu Рубашка;Стильная женская рубашка в синюю клетку. Модель выполнена из качественного материала и дополнена классическим воротником.;0;cn386fag2q87srw;lrg3k8cd5bgw3jv;orlmrjnla0dg9ej;;"[""https://static.yeezyunique.ru/batches/59ce4107-c0d3-4ecb-b9ad-7246f5c4ae39/_dqVrSmJ16AWv5UhDHiw3nDnOgfTB-jXej32WcTw_0.jpg"",""https://static.yeezyunique.ru/batches/59ce4107-c0d3-4ecb-b9ad-7246f5c4ae39/_dqVrSmJ16AWv5UhDHiw3nDnOgfTB-jXej32WcTw_1.jpg"",""https://static.yeezyunique.ru/batches/59ce4107-c0d3-4ecb-b9ad-7246f5c4ae39/_dqVrSmJ16AWv5UhDHiw3nDnOgfTB-jXej32WcTw_2.jpg"",""https://static.yeezyunique.ru/batches/59ce4107-c0d3-4ecb-b9ad-7246f5c4ae39/_dqVrSmJ16AWv5UhDHiw3nDnOgfTB-jXej32WcTw_3.jpg"",""https://static.yeezyunique.ru/batches/59ce4107-c0d3-4ecb-b9ad-7246f5c4ae39/_dqVrSmJ16AWv5UhDHiw3nDnOgfTB-jXej32WcTw_4.jpg"",""https://static.yeezyunique.ru/batches/59ce4107-c0d3-4ecb-b9ad-7246f5c4ae39/_dqVrSmJ16AWv5UhDHiw3nDnOgfTB-jXej32WcTw_5.jpg"",""https://static.yeezyunique.ru/batches/59ce4107-c0d3-4ecb-b9ad-7246f5c4ae39/_dqVrSmJ16AWv5UhDHiw3nDnOgfTB-jXej32WcTw_6.jpg"",""https://static.yeezyunique.ru/batches/59ce4107-c0d3-4ecb-b9ad-7246f5c4ae39/_dqVrSmJ16AWv5UhDHiw3nDnOgfTB-jXej32WcTw_7.jpg"",""https://static.yeezyunique.ru/batches/59ce4107-c0d3-4ecb-b9ad-7246f5c4ae39/_dqVrSmJ16AWv5UhDHiw3nDnOgfTB-jXej32WcTw_8.jpg""]";true
_d_nrSgzGQgl2_hE8WOb1XlZXPTSGWpaQ8q-DRbA;Miu Miu Рубашка;Стильная рубашка в светло-голубую клетку. Модель выполнена в классическом крое с отложным воротником и застежкой на пуговицы.;0;cn386fag2q87srw;lrg3k8cd5bgw3jv;orlmrjnla0dg9ej;;"[""https://static.yeezyunique.ru/batches/59ce4107-c0d3-4ecb-b9ad-7246f5c4ae39/_d_nrSgzGQgl2_hE8WOb1XlZXPTSGWpaQ8q-DRbA_0.jpg"",""https://static.yeezyunique.ru/batches/59ce4107-c0d3-4ecb-b9ad-7246f5c4ae39/_d_nrSgzGQgl2_hE8WOb1XlZXPTSGWpaQ8q-DRbA_1.jpg"",""https://static.yeezyunique.ru/batches/59ce4107-c0d3-4ecb-b9ad-7246f5c4ae39/_d_nrSgzGQgl2_hE8WOb1XlZXPTSGWpaQ8q-DRbA_2.jpg"",""https://static.yeezyunique.ru/batches/59ce4107-c0d3-4ecb-b9ad-7246f5c4ae39/_d_nrSgzGQgl2_hE8WOb1XlZXPTSGWpaQ8q-DRbA_3.jpg"",""https://static.yeezyunique.ru/batches/59ce4107-c0d3-4ecb-b9ad-7246f5c4ae39/_d_nrSgzGQgl2_hE8WOb1XlZXPTSGWpaQ8q-DRbA_4.jpg"",""https://static.yeezyunique.ru/batches/59ce4107-c0d3-4ecb-b9ad-7246f5c4ae39/_d_nrSgzGQgl2_hE8WOb1XlZXPTSGWpaQ8q-DRbA_5.jpg"",""https://static.yeezyunique.ru/batches/59ce4107-c0d3-4ecb-b9ad-7246f5c4ae39/_d_nrSgzGQgl2_hE8WOb1XlZXPTSGWpaQ8q-DRbA_6.jpg"",""https://static.yeezyunique.ru/batches/59ce4107-c0d3-4ecb-b9ad-7246f5c4ae39/_d_nrSgzGQgl2_hE8WOb1XlZXPTSGWpaQ8q-DRbA_7.jpg"",""https://static.yeezyunique.ru/batches/59ce4107-c0d3-4ecb-b9ad-7246f5c4ae39/_d_nrSgzGQgl2_hE8WOb1XlZXPTSGWpaQ8q-DRbA_8.jpg""]";true
_dt3rSSO15Vsu5Nre0StezquwgYnU8upGsmgWTbA;Miu Miu Рубашка;Стильная женская рубашка синего цвета с накладными карманами. Модель выполнена из качественного материала и дополнена классическим воротником.;0;cn386fag2q87srw;lrg3k8cd5bgw3jv;orlmrjnla0dg9ej;;"[""https://static.yeezyunique.ru/batches/59ce4107-c0d3-4ecb-b9ad-7246f5c4ae39/_dt3rSSO15Vsu5Nre0StezquwgYnU8upGsmgWTbA_0.jpg"",""https://static.yeezyunique.ru/batches/59ce4107-c0d3-4ecb-b9ad-7246f5c4ae39/_dt3rSSO15Vsu5Nre0StezquwgYnU8upGsmgWTbA_1.jpg"",""https://static.yeezyunique.ru/batches/59ce4107-c0d3-4ecb-b9ad-7246f5c4ae39/_dt3rSSO15Vsu5Nre0StezquwgYnU8upGsmgWTbA_2.jpg"",""https://static.yeezyunique.ru/batches/59ce4107-c0d3-4ecb-b9ad-7246f5c4ae39/_dt3rSSO15Vsu5Nre0StezquwgYnU8upGsmgWTbA_3.jpg"",""https://static.yeezyunique.ru/batches/59ce4107-c0d3-4ecb-b9ad-7246f5c4ae39/_dt3rSSO15Vsu5Nre0StezquwgYnU8upGsmgWTbA_4.jpg"",""https://static.yeezyunique.ru/batches/59ce4107-c0d3-4ecb-b9ad-7246f5c4ae39/_dt3rSSO15Vsu5Nre0StezquwgYnU8upGsmgWTbA_5.jpg"",""https://static.yeezyunique.ru/batches/59ce4107-c0d3-4ecb-b9ad-7246f5c4ae39/_dt3rSSO15Vsu5Nre0StezquwgYnU8upGsmgWTbA_6.jpg"",""https://static.yeezyunique.ru/batches/59ce4107-c0d3-4ecb-b9ad-7246f5c4ae39/_dt3rSSO15Vsu5Nre0StezquwgYnU8upGsmgWTbA_7.jpg"",""https://static.yeezyunique.ru/batches/59ce4107-c0d3-4ecb-b9ad-7246f5c4ae39/_dt3rSSO15Vsu5Nre0StezquwgYnU8upGsmgWTbA_8.jpg""]";true
_dBnrS8JHA7KpacFP5RjT-ldFyOEudXBvrQ765jw;Miu Miu Рубашка;Белая рубашка с тремя накладными карманами. Модель выполнена в классическом стиле с акцентными деталями.;0;cn386fag2q87srw;lrg3k8cd5bgw3jv;orlmrjnla0dg9ej;;"[""https://static.yeezyunique.ru/batches/59ce4107-c0d3-4ecb-b9ad-7246f5c4ae39/_dBnrS8JHA7KpacFP5RjT-ldFyOEudXBvrQ765jw_0.jpg"",""https://static.yeezyunique.ru/batches/59ce4107-c0d3-4ecb-b9ad-7246f5c4ae39/_dBnrS8JHA7KpacFP5RjT-ldFyOEudXBvrQ765jw_1.jpg"",""https://static.yeezyunique.ru/batches/59ce4107-c0d3-4ecb-b9ad-7246f5c4ae39/_dBnrS8JHA7KpacFP5RjT-ldFyOEudXBvrQ765jw_2.jpg"",""https://static.yeezyunique.ru/batches/59ce4107-c0d3-4ecb-b9ad-7246f5c4ae39/_dBnrS8JHA7KpacFP5RjT-ldFyOEudXBvrQ765jw_3.jpg"",""https://static.yeezyunique.ru/batches/59ce4107-c0d3-4ecb-b9ad-7246f5c4ae39/_dBnrS8JHA7KpacFP5RjT-ldFyOEudXBvrQ765jw_4.jpg"",""https://static.yeezyunique.ru/batches/59ce4107-c0d3-4ecb-b9ad-7246f5c4ae39/_dBnrS8JHA7KpacFP5RjT-ldFyOEudXBvrQ765jw_5.jpg"",""https://static.yeezyunique.ru/batches/59ce4107-c0d3-4ecb-b9ad-7246f5c4ae39/_dBnrS8JHA7KpacFP5RjT-ldFyOEudXBvrQ765jw_6.jpg"",""https://static.yeezyunique.ru/batches/59ce4107-c0d3-4ecb-b9ad-7246f5c4ae39/_dBnrS8JHA7KpacFP5RjT-ldFyOEudXBvrQ765jw_7.jpg"",""https://static.yeezyunique.ru/batches/59ce4107-c0d3-4ecb-b9ad-7246f5c4ae39/_dBnrS8JHA7KpacFP5RjT-ldFyOEudXBvrQ765jw_8.jpg""]";true
_dmGrSymTux0eivjW8-l8j6Tsj3Mn-vBFrGGBb_g;Louis Vuitton Лонгслив;Лонгслив в черно-белой цветовой гамме с длинными рукавами. Модель выполнена в контрастном дизайне с узнаваемым стилем бренда.;22000;977uh954t91spxq;lrg3k8cd5bgw3jv;f2n2sffza3y3dp8;;"[""https://static.yeezyunique.ru/batches/59ce4107-c0d3-4ecb-b9ad-7246f5c4ae39/_dmGrSymTux0eivjW8-l8j6Tsj3Mn-vBFrGGBb_g_0.jpg"",""https://static.yeezyunique.ru/batches/59ce4107-c0d3-4ecb-b9ad-7246f5c4ae39/_dmGrSymTux0eivjW8-l8j6Tsj3Mn-vBFrGGBb_g_1.jpg"",""https://static.yeezyunique.ru/batches/59ce4107-c0d3-4ecb-b9ad-7246f5c4ae39/_dmGrSymTux0eivjW8-l8j6Tsj3Mn-vBFrGGBb_g_2.jpg"",""https://static.yeezyunique.ru/batches/59ce4107-c0d3-4ecb-b9ad-7246f5c4ae39/_dmGrSymTux0eivjW8-l8j6Tsj3Mn-vBFrGGBb_g_3.jpg"",""https://static.yeezyunique.ru/batches/59ce4107-c0d3-4ecb-b9ad-7246f5c4ae39/_dmGrSymTux0eivjW8-l8j6Tsj3Mn-vBFrGGBb_g_4.jpg"",""https://static.yeezyunique.ru/batches/59ce4107-c0d3-4ecb-b9ad-7246f5c4ae39/_dmGrSymTux0eivjW8-l8j6Tsj3Mn-vBFrGGBb_g_5.jpg"",""https://static.yeezyunique.ru/batches/59ce4107-c0d3-4ecb-b9ad-7246f5c4ae39/_dmGrSymTux0eivjW8-l8j6Tsj3Mn-vBFrGGBb_g_6.jpg"",""https://static.yeezyunique.ru/batches/59ce4107-c0d3-4ecb-b9ad-7246f5c4ae39/_dmGrSymTux0eivjW8-l8j6Tsj3Mn-vBFrGGBb_g_7.jpg"",""https://static.yeezyunique.ru/batches/59ce4107-c0d3-4ecb-b9ad-7246f5c4ae39/_dmGrSymTux0eivjW8-l8j6Tsj3Mn-vBFrGGBb_g_8.jpg""]";true
_dwqrS3peZjFUAgvJnUpNAqCZfhfUMF_v3Cy72LQ;Louis Vuitton Футболка;Черная трикотажная футболка с коротким рукавом. Модель дополнена фирменным логотипом на рукаве.;19000;977uh954t91spxq;lrg3k8cd5bgw3jv;997r6125hxovl3q;;"[""https://static.yeezyunique.ru/batches/59ce4107-c0d3-4ecb-b9ad-7246f5c4ae39/_dwqrS3peZjFUAgvJnUpNAqCZfhfUMF_v3Cy72LQ_0.jpg"",""https://static.yeezyunique.ru/batches/59ce4107-c0d3-4ecb-b9ad-7246f5c4ae39/_dwqrS3peZjFUAgvJnUpNAqCZfhfUMF_v3Cy72LQ_1.jpg"",""https://static.yeezyunique.ru/batches/59ce4107-c0d3-4ecb-b9ad-7246f5c4ae39/_dwqrS3peZjFUAgvJnUpNAqCZfhfUMF_v3Cy72LQ_2.jpg"",""https://static.yeezyunique.ru/batches/59ce4107-c0d3-4ecb-b9ad-7246f5c4ae39/_dwqrS3peZjFUAgvJnUpNAqCZfhfUMF_v3Cy72LQ_3.jpg"",""https://static.yeezyunique.ru/batches/59ce4107-c0d3-4ecb-b9ad-7246f5c4ae39/_dwqrS3peZjFUAgvJnUpNAqCZfhfUMF_v3Cy72LQ_4.jpg"",""https://static.yeezyunique.ru/batches/59ce4107-c0d3-4ecb-b9ad-7246f5c4ae39/_dwqrS3peZjFUAgvJnUpNAqCZfhfUMF_v3Cy72LQ_5.jpg"",""https://static.yeezyunique.ru/batches/59ce4107-c0d3-4ecb-b9ad-7246f5c4ae39/_dwqrS3peZjFUAgvJnUpNAqCZfhfUMF_v3Cy72LQ_6.jpg"",""https://static.yeezyunique.ru/batches/59ce4107-c0d3-4ecb-b9ad-7246f5c4ae39/_dwqrS3peZjFUAgvJnUpNAqCZfhfUMF_v3Cy72LQ_7.jpg"",""https://static.yeezyunique.ru/batches/59ce4107-c0d3-4ecb-b9ad-7246f5c4ae39/_dwqrS3peZjFUAgvJnUpNAqCZfhfUMF_v3Cy72LQ_8.jpg""]";true
_dskrSE8nl9A9EyuRhjG7XBEYIk_czeS6ikt6BfA;Louis Vuitton Футболка;Белая трикотажная футболка с коротким рукавом. Модель украшена фирменным логотипом бренда на груди.;19000;977uh954t91spxq;lrg3k8cd5bgw3jv;997r6125hxovl3q;;"[""https://static.yeezyunique.ru/batches/59ce4107-c0d3-4ecb-b9ad-7246f5c4ae39/_dskrSE8nl9A9EyuRhjG7XBEYIk_czeS6ikt6BfA_0.jpg"",""https://static.yeezyunique.ru/batches/59ce4107-c0d3-4ecb-b9ad-7246f5c4ae39/_dskrSE8nl9A9EyuRhjG7XBEYIk_czeS6ikt6BfA_1.jpg"",""https://static.yeezyunique.ru/batches/59ce4107-c0d3-4ecb-b9ad-7246f5c4ae39/_dskrSE8nl9A9EyuRhjG7XBEYIk_czeS6ikt6BfA_2.jpg"",""https://static.yeezyunique.ru/batches/59ce4107-c0d3-4ecb-b9ad-7246f5c4ae39/_dskrSE8nl9A9EyuRhjG7XBEYIk_czeS6ikt6BfA_3.jpg"",""https://static.yeezyunique.ru/batches/59ce4107-c0d3-4ecb-b9ad-7246f5c4ae39/_dskrSE8nl9A9EyuRhjG7XBEYIk_czeS6ikt6BfA_4.jpg"",""https://static.yeezyunique.ru/batches/59ce4107-c0d3-4ecb-b9ad-7246f5c4ae39/_dskrSE8nl9A9EyuRhjG7XBEYIk_czeS6ikt6BfA_5.jpg"",""https://static.yeezyunique.ru/batches/59ce4107-c0d3-4ecb-b9ad-7246f5c4ae39/_dskrSE8nl9A9EyuRhjG7XBEYIk_czeS6ikt6BfA_6.jpg"",""https://static.yeezyunique.ru/batches/59ce4107-c0d3-4ecb-b9ad-7246f5c4ae39/_dskrSE8nl9A9EyuRhjG7XBEYIk_czeS6ikt6BfA_7.jpg"",""https://static.yeezyunique.ru/batches/59ce4107-c0d3-4ecb-b9ad-7246f5c4ae39/_dskrSE8nl9A9EyuRhjG7XBEYIk_czeS6ikt6BfA_8.jpg""]";true
_di-rS3xRVfrzzDorZMdDGV0uxY_vPOd6I-j616Q;Louis Vuitton Футболка;Белая трикотажная футболка с коротким рукавом. Модель декорирована стильными элементами в виде булавок.;19000;977uh954t91spxq;lrg3k8cd5bgw3jv;997r6125hxovl3q;;"[""https://static.yeezyunique.ru/batches/59ce4107-c0d3-4ecb-b9ad-7246f5c4ae39/_di-rS3xRVfrzzDorZMdDGV0uxY_vPOd6I-j616Q_0.jpg"",""https://static.yeezyunique.ru/batches/59ce4107-c0d3-4ecb-b9ad-7246f5c4ae39/_di-rS3xRVfrzzDorZMdDGV0uxY_vPOd6I-j616Q_1.jpg"",""https://static.yeezyunique.ru/batches/59ce4107-c0d3-4ecb-b9ad-7246f5c4ae39/_di-rS3xRVfrzzDorZMdDGV0uxY_vPOd6I-j616Q_2.jpg"",""https://static.yeezyunique.ru/batches/59ce4107-c0d3-4ecb-b9ad-7246f5c4ae39/_di-rS3xRVfrzzDorZMdDGV0uxY_vPOd6I-j616Q_3.jpg"",""https://static.yeezyunique.ru/batches/59ce4107-c0d3-4ecb-b9ad-7246f5c4ae39/_di-rS3xRVfrzzDorZMdDGV0uxY_vPOd6I-j616Q_4.jpg"",""https://static.yeezyunique.ru/batches/59ce4107-c0d3-4ecb-b9ad-7246f5c4ae39/_di-rS3xRVfrzzDorZMdDGV0uxY_vPOd6I-j616Q_5.jpg"",""https://static.yeezyunique.ru/batches/59ce4107-c0d3-4ecb-b9ad-7246f5c4ae39/_di-rS3xRVfrzzDorZMdDGV0uxY_vPOd6I-j616Q_6.jpg"",""https://static.yeezyunique.ru/batches/59ce4107-c0d3-4ecb-b9ad-7246f5c4ae39/_di-rS3xRVfrzzDorZMdDGV0uxY_vPOd6I-j616Q_7.jpg"",""https://static.yeezyunique.ru/batches/59ce4107-c0d3-4ecb-b9ad-7246f5c4ae39/_di-rS3xRVfrzzDorZMdDGV0uxY_vPOd6I-j616Q_8.jpg""]";true
_dEzrSYffiq430LmHymvM8akPwa47EgQWMM95yyQ;Louis Vuitton Футболка;Черная трикотажная футболка с декоративными элементами в виде булавок. Модель выполнена из качественного материала и дополнена фирменной фурнитурой.;19000;977uh954t91spxq;lrg3k8cd5bgw3jv;997r6125hxovl3q;;"[""https://static.yeezyunique.ru/batches/59ce4107-c0d3-4ecb-b9ad-7246f5c4ae39/_dEzrSYffiq430LmHymvM8akPwa47EgQWMM95yyQ_0.jpg"",""https://static.yeezyunique.ru/batches/59ce4107-c0d3-4ecb-b9ad-7246f5c4ae39/_dEzrSYffiq430LmHymvM8akPwa47EgQWMM95yyQ_1.jpg"",""https://static.yeezyunique.ru/batches/59ce4107-c0d3-4ecb-b9ad-7246f5c4ae39/_dEzrSYffiq430LmHymvM8akPwa47EgQWMM95yyQ_2.jpg"",""https://static.yeezyunique.ru/batches/59ce4107-c0d3-4ecb-b9ad-7246f5c4ae39/_dEzrSYffiq430LmHymvM8akPwa47EgQWMM95yyQ_3.jpg"",""https://static.yeezyunique.ru/batches/59ce4107-c0d3-4ecb-b9ad-7246f5c4ae39/_dEzrSYffiq430LmHymvM8akPwa47EgQWMM95yyQ_4.jpg"",""https://static.yeezyunique.ru/batches/59ce4107-c0d3-4ecb-b9ad-7246f5c4ae39/_dEzrSYffiq430LmHymvM8akPwa47EgQWMM95yyQ_5.jpg"",""https://static.yeezyunique.ru/batches/59ce4107-c0d3-4ecb-b9ad-7246f5c4ae39/_dEzrSYffiq430LmHymvM8akPwa47EgQWMM95yyQ_6.jpg"",""https://static.yeezyunique.ru/batches/59ce4107-c0d3-4ecb-b9ad-7246f5c4ae39/_dEzrSYffiq430LmHymvM8akPwa47EgQWMM95yyQ_7.jpg"",""https://static.yeezyunique.ru/batches/59ce4107-c0d3-4ecb-b9ad-7246f5c4ae39/_dEzrSYffiq430LmHymvM8akPwa47EgQWMM95yyQ_8.jpg""]";true
_diWrSG4Q9H_kXx4uQXJq96z7Gi6JOWv_KYh4JsQ;Miu Miu Юбка;Стильная юбка темно-синего цвета, выполненная из плотной ткани пике. Модель отличается лаконичным кроем и высоким качеством исполнения.;0;cn386fag2q87srw;lrg3k8cd5bgw3jv;cu30cai7pfqvs7b;;"[""https://static.yeezyunique.ru/batches/59ce4107-c0d3-4ecb-b9ad-7246f5c4ae39/_diWrSG4Q9H_kXx4uQXJq96z7Gi6JOWv_KYh4JsQ_0.jpg"",""https://static.yeezyunique.ru/batches/59ce4107-c0d3-4ecb-b9ad-7246f5c4ae39/_diWrSG4Q9H_kXx4uQXJq96z7Gi6JOWv_KYh4JsQ_1.jpg"",""https://static.yeezyunique.ru/batches/59ce4107-c0d3-4ecb-b9ad-7246f5c4ae39/_diWrSG4Q9H_kXx4uQXJq96z7Gi6JOWv_KYh4JsQ_2.jpg"",""https://static.yeezyunique.ru/batches/59ce4107-c0d3-4ecb-b9ad-7246f5c4ae39/_diWrSG4Q9H_kXx4uQXJq96z7Gi6JOWv_KYh4JsQ_3.jpg"",""https://static.yeezyunique.ru/batches/59ce4107-c0d3-4ecb-b9ad-7246f5c4ae39/_diWrSG4Q9H_kXx4uQXJq96z7Gi6JOWv_KYh4JsQ_4.jpg"",""https://static.yeezyunique.ru/batches/59ce4107-c0d3-4ecb-b9ad-7246f5c4ae39/_diWrSG4Q9H_kXx4uQXJq96z7Gi6JOWv_KYh4JsQ_5.jpg"",""https://static.yeezyunique.ru/batches/59ce4107-c0d3-4ecb-b9ad-7246f5c4ae39/_diWrSG4Q9H_kXx4uQXJq96z7Gi6JOWv_KYh4JsQ_6.jpg"",""https://static.yeezyunique.ru/batches/59ce4107-c0d3-4ecb-b9ad-7246f5c4ae39/_diWrSG4Q9H_kXx4uQXJq96z7Gi6JOWv_KYh4JsQ_7.jpg"",""https://static.yeezyunique.ru/batches/59ce4107-c0d3-4ecb-b9ad-7246f5c4ae39/_diWrSG4Q9H_kXx4uQXJq96z7Gi6JOWv_KYh4JsQ_8.jpg""]";true
_dGorS3MwnpVE910DNhXA9ewK2x4Fn5JWUOOw2wA;Miu Miu Поло;Стильная футболка-поло темно-синего цвета. Модель дополнена фирменным логотипом бренда на груди.;19000;cn386fag2q87srw;lrg3k8cd5bgw3jv;997r6125hxovl3q;;"[""https://static.yeezyunique.ru/batches/59ce4107-c0d3-4ecb-b9ad-7246f5c4ae39/_dGorS3MwnpVE910DNhXA9ewK2x4Fn5JWUOOw2wA_0.jpg"",""https://static.yeezyunique.ru/batches/59ce4107-c0d3-4ecb-b9ad-7246f5c4ae39/_dGorS3MwnpVE910DNhXA9ewK2x4Fn5JWUOOw2wA_1.jpg"",""https://static.yeezyunique.ru/batches/59ce4107-c0d3-4ecb-b9ad-7246f5c4ae39/_dGorS3MwnpVE910DNhXA9ewK2x4Fn5JWUOOw2wA_2.jpg"",""https://static.yeezyunique.ru/batches/59ce4107-c0d3-4ecb-b9ad-7246f5c4ae39/_dGorS3MwnpVE910DNhXA9ewK2x4Fn5JWUOOw2wA_3.jpg"",""https://static.yeezyunique.ru/batches/59ce4107-c0d3-4ecb-b9ad-7246f5c4ae39/_dGorS3MwnpVE910DNhXA9ewK2x4Fn5JWUOOw2wA_4.jpg"",""https://static.yeezyunique.ru/batches/59ce4107-c0d3-4ecb-b9ad-7246f5c4ae39/_dGorS3MwnpVE910DNhXA9ewK2x4Fn5JWUOOw2wA_5.jpg"",""https://static.yeezyunique.ru/batches/59ce4107-c0d3-4ecb-b9ad-7246f5c4ae39/_dGorS3MwnpVE910DNhXA9ewK2x4Fn5JWUOOw2wA_6.jpg"",""https://static.yeezyunique.ru/batches/59ce4107-c0d3-4ecb-b9ad-7246f5c4ae39/_dGorS3MwnpVE910DNhXA9ewK2x4Fn5JWUOOw2wA_7.jpg"",""https://static.yeezyunique.ru/batches/59ce4107-c0d3-4ecb-b9ad-7246f5c4ae39/_dGorS3MwnpVE910DNhXA9ewK2x4Fn5JWUOOw2wA_8.jpg""]";true
_d9nrSUOg8lNXMs58sWJIxTs68zlrNz11LOYU-Kg;Miu Miu Рубашка;Стильная рубашка в зеленую клетку от Miu Miu. Модель выполнена в классическом крое с отложным воротником и застежкой на пуговицы.;0;cn386fag2q87srw;lrg3k8cd5bgw3jv;orlmrjnla0dg9ej;;"[""https://static.yeezyunique.ru/batches/59ce4107-c0d3-4ecb-b9ad-7246f5c4ae39/_d9nrSUOg8lNXMs58sWJIxTs68zlrNz11LOYU-Kg_0.jpg"",""https://static.yeezyunique.ru/batches/59ce4107-c0d3-4ecb-b9ad-7246f5c4ae39/_d9nrSUOg8lNXMs58sWJIxTs68zlrNz11LOYU-Kg_1.jpg"",""https://static.yeezyunique.ru/batches/59ce4107-c0d3-4ecb-b9ad-7246f5c4ae39/_d9nrSUOg8lNXMs58sWJIxTs68zlrNz11LOYU-Kg_2.jpg"",""https://static.yeezyunique.ru/batches/59ce4107-c0d3-4ecb-b9ad-7246f5c4ae39/_d9nrSUOg8lNXMs58sWJIxTs68zlrNz11LOYU-Kg_3.jpg"",""https://static.yeezyunique.ru/batches/59ce4107-c0d3-4ecb-b9ad-7246f5c4ae39/_d9nrSUOg8lNXMs58sWJIxTs68zlrNz11LOYU-Kg_4.jpg"",""https://static.yeezyunique.ru/batches/59ce4107-c0d3-4ecb-b9ad-7246f5c4ae39/_d9nrSUOg8lNXMs58sWJIxTs68zlrNz11LOYU-Kg_5.jpg"",""https://static.yeezyunique.ru/batches/59ce4107-c0d3-4ecb-b9ad-7246f5c4ae39/_d9nrSUOg8lNXMs58sWJIxTs68zlrNz11LOYU-Kg_6.jpg"",""https://static.yeezyunique.ru/batches/59ce4107-c0d3-4ecb-b9ad-7246f5c4ae39/_d9nrSUOg8lNXMs58sWJIxTs68zlrNz11LOYU-Kg_7.jpg"",""https://static.yeezyunique.ru/batches/59ce4107-c0d3-4ecb-b9ad-7246f5c4ae39/_d9nrSUOg8lNXMs58sWJIxTs68zlrNz11LOYU-Kg_8.jpg""]";true
_dkyrSEcmmBpOW2K2UAe26qdpUmw-2ejVDoS1cxQ;Maison Margiela Футболка;Белая футболка свободного кроя из мягкого хлопка. Модель декорирована фирменным квадратным логотипом бренда на груди.;19000;j2146e3hgo0c6z7;lrg3k8cd5bgw3jv;997r6125hxovl3q;;"[""https://static.yeezyunique.ru/batches/59ce4107-c0d3-4ecb-b9ad-7246f5c4ae39/_dkyrSEcmmBpOW2K2UAe26qdpUmw-2ejVDoS1cxQ_0.jpg"",""https://static.yeezyunique.ru/batches/59ce4107-c0d3-4ecb-b9ad-7246f5c4ae39/_dkyrSEcmmBpOW2K2UAe26qdpUmw-2ejVDoS1cxQ_1.jpg"",""https://static.yeezyunique.ru/batches/59ce4107-c0d3-4ecb-b9ad-7246f5c4ae39/_dkyrSEcmmBpOW2K2UAe26qdpUmw-2ejVDoS1cxQ_2.jpg"",""https://static.yeezyunique.ru/batches/59ce4107-c0d3-4ecb-b9ad-7246f5c4ae39/_dkyrSEcmmBpOW2K2UAe26qdpUmw-2ejVDoS1cxQ_3.jpg"",""https://static.yeezyunique.ru/batches/59ce4107-c0d3-4ecb-b9ad-7246f5c4ae39/_dkyrSEcmmBpOW2K2UAe26qdpUmw-2ejVDoS1cxQ_4.jpg"",""https://static.yeezyunique.ru/batches/59ce4107-c0d3-4ecb-b9ad-7246f5c4ae39/_dkyrSEcmmBpOW2K2UAe26qdpUmw-2ejVDoS1cxQ_5.jpg"",""https://static.yeezyunique.ru/batches/59ce4107-c0d3-4ecb-b9ad-7246f5c4ae39/_dkyrSEcmmBpOW2K2UAe26qdpUmw-2ejVDoS1cxQ_6.jpg"",""https://static.yeezyunique.ru/batches/59ce4107-c0d3-4ecb-b9ad-7246f5c4ae39/_dkyrSEcmmBpOW2K2UAe26qdpUmw-2ejVDoS1cxQ_7.jpg"",""https://static.yeezyunique.ru/batches/59ce4107-c0d3-4ecb-b9ad-7246f5c4ae39/_dkyrSEcmmBpOW2K2UAe26qdpUmw-2ejVDoS1cxQ_8.jpg""]";true
_dqbrSPlLaoy7_ZYeWZW0jGi5rRGm3-iOuf_z0lQ;Maison Margiela Футболка;Белая футболка из лимитированной коллекции 520. Модель выполнена из качественного хлопка и дополнена лаконичным принтом.;19000;j2146e3hgo0c6z7;lrg3k8cd5bgw3jv;997r6125hxovl3q;;"[""https://static.yeezyunique.ru/batches/59ce4107-c0d3-4ecb-b9ad-7246f5c4ae39/_dqbrSPlLaoy7_ZYeWZW0jGi5rRGm3-iOuf_z0lQ_0.jpg"",""https://static.yeezyunique.ru/batches/59ce4107-c0d3-4ecb-b9ad-7246f5c4ae39/_dqbrSPlLaoy7_ZYeWZW0jGi5rRGm3-iOuf_z0lQ_1.jpg"",""https://static.yeezyunique.ru/batches/59ce4107-c0d3-4ecb-b9ad-7246f5c4ae39/_dqbrSPlLaoy7_ZYeWZW0jGi5rRGm3-iOuf_z0lQ_2.jpg"",""https://static.yeezyunique.ru/batches/59ce4107-c0d3-4ecb-b9ad-7246f5c4ae39/_dqbrSPlLaoy7_ZYeWZW0jGi5rRGm3-iOuf_z0lQ_3.jpg"",""https://static.yeezyunique.ru/batches/59ce4107-c0d3-4ecb-b9ad-7246f5c4ae39/_dqbrSPlLaoy7_ZYeWZW0jGi5rRGm3-iOuf_z0lQ_4.jpg"",""https://static.yeezyunique.ru/batches/59ce4107-c0d3-4ecb-b9ad-7246f5c4ae39/_dqbrSPlLaoy7_ZYeWZW0jGi5rRGm3-iOuf_z0lQ_5.jpg"",""https://static.yeezyunique.ru/batches/59ce4107-c0d3-4ecb-b9ad-7246f5c4ae39/_dqbrSPlLaoy7_ZYeWZW0jGi5rRGm3-iOuf_z0lQ_6.jpg"",""https://static.yeezyunique.ru/batches/59ce4107-c0d3-4ecb-b9ad-7246f5c4ae39/_dqbrSPlLaoy7_ZYeWZW0jGi5rRGm3-iOuf_z0lQ_7.jpg"",""https://xcimg.szwego.com/img/8ef1d910/20240712/i1720770921_5335_3.jpg""]";true
_dVurS6AICzRAuxm6dONA7HtQjGM-BKt67pYRzsQ;Maison Margiela Футболка;Черная футболка свободного кроя с фирменным принтом в виде прямоугольника. Модель выполнена из мягкого хлопка и дополнена узнаваемыми деталями бренда.;19000;j2146e3hgo0c6z7;lrg3k8cd5bgw3jv;997r6125hxovl3q;;"[""https://static.yeezyunique.ru/batches/59ce4107-c0d3-4ecb-b9ad-7246f5c4ae39/_dVurS6AICzRAuxm6dONA7HtQjGM-BKt67pYRzsQ_0.jpg"",""https://static.yeezyunique.ru/batches/59ce4107-c0d3-4ecb-b9ad-7246f5c4ae39/_dVurS6AICzRAuxm6dONA7HtQjGM-BKt67pYRzsQ_1.jpg"",""https://static.yeezyunique.ru/batches/59ce4107-c0d3-4ecb-b9ad-7246f5c4ae39/_dVurS6AICzRAuxm6dONA7HtQjGM-BKt67pYRzsQ_2.jpg"",""https://static.yeezyunique.ru/batches/59ce4107-c0d3-4ecb-b9ad-7246f5c4ae39/_dVurS6AICzRAuxm6dONA7HtQjGM-BKt67pYRzsQ_3.jpg"",""https://static.yeezyunique.ru/batches/59ce4107-c0d3-4ecb-b9ad-7246f5c4ae39/_dVurS6AICzRAuxm6dONA7HtQjGM-BKt67pYRzsQ_4.jpg"",""https://static.yeezyunique.ru/batches/59ce4107-c0d3-4ecb-b9ad-7246f5c4ae39/_dVurS6AICzRAuxm6dONA7HtQjGM-BKt67pYRzsQ_5.jpg"",""https://static.yeezyunique.ru/batches/59ce4107-c0d3-4ecb-b9ad-7246f5c4ae39/_dVurS6AICzRAuxm6dONA7HtQjGM-BKt67pYRzsQ_6.jpg"",""https://static.yeezyunique.ru/batches/59ce4107-c0d3-4ecb-b9ad-7246f5c4ae39/_dVurS6AICzRAuxm6dONA7HtQjGM-BKt67pYRzsQ_7.jpg"",""https://static.yeezyunique.ru/batches/59ce4107-c0d3-4ecb-b9ad-7246f5c4ae39/_dVurS6AICzRAuxm6dONA7HtQjGM-BKt67pYRzsQ_8.jpg""]";true
_dzErS26pNddjxGqsGsxlX-TZ_EoN2qccmItH6Xw;Maison Margiela Футболка;Белая хлопковая футболка с принтом кота. Модель прямого кроя с короткими рукавами и круглым вырезом.;19000;j2146e3hgo0c6z7;lrg3k8cd5bgw3jv;997r6125hxovl3q;;"[""https://static.yeezyunique.ru/batches/59ce4107-c0d3-4ecb-b9ad-7246f5c4ae39/_dzErS26pNddjxGqsGsxlX-TZ_EoN2qccmItH6Xw_0.jpg"",""https://static.yeezyunique.ru/batches/59ce4107-c0d3-4ecb-b9ad-7246f5c4ae39/_dzErS26pNddjxGqsGsxlX-TZ_EoN2qccmItH6Xw_1.jpg"",""https://static.yeezyunique.ru/batches/59ce4107-c0d3-4ecb-b9ad-7246f5c4ae39/_dzErS26pNddjxGqsGsxlX-TZ_EoN2qccmItH6Xw_2.jpg"",""https://static.yeezyunique.ru/batches/59ce4107-c0d3-4ecb-b9ad-7246f5c4ae39/_dzErS26pNddjxGqsGsxlX-TZ_EoN2qccmItH6Xw_3.jpg"",""https://static.yeezyunique.ru/batches/59ce4107-c0d3-4ecb-b9ad-7246f5c4ae39/_dzErS26pNddjxGqsGsxlX-TZ_EoN2qccmItH6Xw_4.jpg"",""https://static.yeezyunique.ru/batches/59ce4107-c0d3-4ecb-b9ad-7246f5c4ae39/_dzErS26pNddjxGqsGsxlX-TZ_EoN2qccmItH6Xw_5.jpg"",""https://static.yeezyunique.ru/batches/59ce4107-c0d3-4ecb-b9ad-7246f5c4ae39/_dzErS26pNddjxGqsGsxlX-TZ_EoN2qccmItH6Xw_6.jpg"",""https://static.yeezyunique.ru/batches/59ce4107-c0d3-4ecb-b9ad-7246f5c4ae39/_dzErS26pNddjxGqsGsxlX-TZ_EoN2qccmItH6Xw_7.jpg"",""https://static.yeezyunique.ru/batches/59ce4107-c0d3-4ecb-b9ad-7246f5c4ae39/_dzErS26pNddjxGqsGsxlX-TZ_EoN2qccmItH6Xw_8.jpg""]";true
_dBOrS7nnNBWW9LFXrKG4H5f7n4xNjvxZbIKfE7w;Maison Margiela Футболка;Белая футболка с принтом кота. Модель выполнена из мягкого хлопка и имеет классический крой.;19000;j2146e3hgo0c6z7;lrg3k8cd5bgw3jv;997r6125hxovl3q;;"[""https://static.yeezyunique.ru/batches/59ce4107-c0d3-4ecb-b9ad-7246f5c4ae39/_dBOrS7nnNBWW9LFXrKG4H5f7n4xNjvxZbIKfE7w_0.jpg"",""https://static.yeezyunique.ru/batches/59ce4107-c0d3-4ecb-b9ad-7246f5c4ae39/_dBOrS7nnNBWW9LFXrKG4H5f7n4xNjvxZbIKfE7w_1.jpg"",""https://static.yeezyunique.ru/batches/59ce4107-c0d3-4ecb-b9ad-7246f5c4ae39/_dBOrS7nnNBWW9LFXrKG4H5f7n4xNjvxZbIKfE7w_2.jpg"",""https://static.yeezyunique.ru/batches/59ce4107-c0d3-4ecb-b9ad-7246f5c4ae39/_dBOrS7nnNBWW9LFXrKG4H5f7n4xNjvxZbIKfE7w_3.jpg"",""https://static.yeezyunique.ru/batches/59ce4107-c0d3-4ecb-b9ad-7246f5c4ae39/_dBOrS7nnNBWW9LFXrKG4H5f7n4xNjvxZbIKfE7w_4.jpg"",""https://static.yeezyunique.ru/batches/59ce4107-c0d3-4ecb-b9ad-7246f5c4ae39/_dBOrS7nnNBWW9LFXrKG4H5f7n4xNjvxZbIKfE7w_5.jpg"",""https://static.yeezyunique.ru/batches/59ce4107-c0d3-4ecb-b9ad-7246f5c4ae39/_dBOrS7nnNBWW9LFXrKG4H5f7n4xNjvxZbIKfE7w_6.jpg"",""https://static.yeezyunique.ru/batches/59ce4107-c0d3-4ecb-b9ad-7246f5c4ae39/_dBOrS7nnNBWW9LFXrKG4H5f7n4xNjvxZbIKfE7w_7.jpg"",""https://static.yeezyunique.ru/batches/59ce4107-c0d3-4ecb-b9ad-7246f5c4ae39/_dBOrS7nnNBWW9LFXrKG4H5f7n4xNjvxZbIKfE7w_8.jpg""]";true
_doxrShwpzRzEmIJ8MwlxgdmEJOD__qymPRlXWNA;Maison Margiela Футболка;Черная футболка с коротким рукавом от Maison Margiela. Модель украшена принтом с изображением кота и фирменными цифрами бренда.;19000;j2146e3hgo0c6z7;lrg3k8cd5bgw3jv;997r6125hxovl3q;;"[""https://static.yeezyunique.ru/batches/59ce4107-c0d3-4ecb-b9ad-7246f5c4ae39/_doxrShwpzRzEmIJ8MwlxgdmEJOD__qymPRlXWNA_0.jpg"",""https://static.yeezyunique.ru/batches/59ce4107-c0d3-4ecb-b9ad-7246f5c4ae39/_doxrShwpzRzEmIJ8MwlxgdmEJOD__qymPRlXWNA_1.jpg"",""https://static.yeezyunique.ru/batches/59ce4107-c0d3-4ecb-b9ad-7246f5c4ae39/_doxrShwpzRzEmIJ8MwlxgdmEJOD__qymPRlXWNA_2.jpg"",""https://static.yeezyunique.ru/batches/59ce4107-c0d3-4ecb-b9ad-7246f5c4ae39/_doxrShwpzRzEmIJ8MwlxgdmEJOD__qymPRlXWNA_3.jpg"",""https://static.yeezyunique.ru/batches/59ce4107-c0d3-4ecb-b9ad-7246f5c4ae39/_doxrShwpzRzEmIJ8MwlxgdmEJOD__qymPRlXWNA_4.jpg"",""https://static.yeezyunique.ru/batches/59ce4107-c0d3-4ecb-b9ad-7246f5c4ae39/_doxrShwpzRzEmIJ8MwlxgdmEJOD__qymPRlXWNA_5.jpg"",""https://static.yeezyunique.ru/batches/59ce4107-c0d3-4ecb-b9ad-7246f5c4ae39/_doxrShwpzRzEmIJ8MwlxgdmEJOD__qymPRlXWNA_6.jpg"",""https://static.yeezyunique.ru/batches/59ce4107-c0d3-4ecb-b9ad-7246f5c4ae39/_doxrShwpzRzEmIJ8MwlxgdmEJOD__qymPRlXWNA_7.jpg"",""https://static.yeezyunique.ru/batches/59ce4107-c0d3-4ecb-b9ad-7246f5c4ae39/_doxrShwpzRzEmIJ8MwlxgdmEJOD__qymPRlXWNA_8.jpg""]";true
_d8QrSXwu7gzjCRkJ8XQ9S30pirGknzXEM8cXkmw;Maison Margiela Футболка;Белая футболка свободного кроя из мягкого хлопка. Модель дополнена контрастной вышивкой с перевернутым логотипом бренда на груди.;19000;j2146e3hgo0c6z7;lrg3k8cd5bgw3jv;997r6125hxovl3q;;"[""https://static.yeezyunique.ru/batches/59ce4107-c0d3-4ecb-b9ad-7246f5c4ae39/_d8QrSXwu7gzjCRkJ8XQ9S30pirGknzXEM8cXkmw_0.jpg"",""https://static.yeezyunique.ru/batches/59ce4107-c0d3-4ecb-b9ad-7246f5c4ae39/_d8QrSXwu7gzjCRkJ8XQ9S30pirGknzXEM8cXkmw_1.jpg"",""https://static.yeezyunique.ru/batches/59ce4107-c0d3-4ecb-b9ad-7246f5c4ae39/_d8QrSXwu7gzjCRkJ8XQ9S30pirGknzXEM8cXkmw_2.jpg"",""https://static.yeezyunique.ru/batches/59ce4107-c0d3-4ecb-b9ad-7246f5c4ae39/_d8QrSXwu7gzjCRkJ8XQ9S30pirGknzXEM8cXkmw_3.jpg"",""https://static.yeezyunique.ru/batches/59ce4107-c0d3-4ecb-b9ad-7246f5c4ae39/_d8QrSXwu7gzjCRkJ8XQ9S30pirGknzXEM8cXkmw_4.jpg"",""https://static.yeezyunique.ru/batches/59ce4107-c0d3-4ecb-b9ad-7246f5c4ae39/_d8QrSXwu7gzjCRkJ8XQ9S30pirGknzXEM8cXkmw_5.jpg"",""https://static.yeezyunique.ru/batches/59ce4107-c0d3-4ecb-b9ad-7246f5c4ae39/_d8QrSXwu7gzjCRkJ8XQ9S30pirGknzXEM8cXkmw_6.jpg"",""https://static.yeezyunique.ru/batches/59ce4107-c0d3-4ecb-b9ad-7246f5c4ae39/_d8QrSXwu7gzjCRkJ8XQ9S30pirGknzXEM8cXkmw_7.jpg"",""https://static.yeezyunique.ru/batches/59ce4107-c0d3-4ecb-b9ad-7246f5c4ae39/_d8QrSXwu7gzjCRkJ8XQ9S30pirGknzXEM8cXkmw_8.jpg""]";true
_d4vrSaZcFjpRfy5svmDG_yPp7RKqE2AFONwVcrg;Maison Margiela Футболка;Черная футболка свободного кроя из мягкого хлопка. Модель декорирована контрастной вышивкой с перевернутым логотипом бренда на груди.;19000;j2146e3hgo0c6z7;lrg3k8cd5bgw3jv;997r6125hxovl3q;;"[""https://static.yeezyunique.ru/batches/59ce4107-c0d3-4ecb-b9ad-7246f5c4ae39/_d4vrSaZcFjpRfy5svmDG_yPp7RKqE2AFONwVcrg_0.jpg"",""https://static.yeezyunique.ru/batches/59ce4107-c0d3-4ecb-b9ad-7246f5c4ae39/_d4vrSaZcFjpRfy5svmDG_yPp7RKqE2AFONwVcrg_1.jpg"",""https://static.yeezyunique.ru/batches/59ce4107-c0d3-4ecb-b9ad-7246f5c4ae39/_d4vrSaZcFjpRfy5svmDG_yPp7RKqE2AFONwVcrg_2.jpg"",""https://static.yeezyunique.ru/batches/59ce4107-c0d3-4ecb-b9ad-7246f5c4ae39/_d4vrSaZcFjpRfy5svmDG_yPp7RKqE2AFONwVcrg_3.jpg"",""https://static.yeezyunique.ru/batches/59ce4107-c0d3-4ecb-b9ad-7246f5c4ae39/_d4vrSaZcFjpRfy5svmDG_yPp7RKqE2AFONwVcrg_4.jpg"",""https://static.yeezyunique.ru/batches/59ce4107-c0d3-4ecb-b9ad-7246f5c4ae39/_d4vrSaZcFjpRfy5svmDG_yPp7RKqE2AFONwVcrg_5.jpg"",""https://static.yeezyunique.ru/batches/59ce4107-c0d3-4ecb-b9ad-7246f5c4ae39/_d4vrSaZcFjpRfy5svmDG_yPp7RKqE2AFONwVcrg_6.jpg"",""https://static.yeezyunique.ru/batches/59ce4107-c0d3-4ecb-b9ad-7246f5c4ae39/_d4vrSaZcFjpRfy5svmDG_yPp7RKqE2AFONwVcrg_7.jpg"",""https://static.yeezyunique.ru/batches/59ce4107-c0d3-4ecb-b9ad-7246f5c4ae39/_d4vrSaZcFjpRfy5svmDG_yPp7RKqE2AFONwVcrg_8.jpg""]";true
_deGrSVyfAVEDzGjgCw2gBSA0S4w2FxBlYqpLPNA;Celine Лонгслив;Лонгслив в черно-белую полоску с узнаваемым принтом Триумф. Модель выполнена из мягкого трикотажа с длинными рукавами и круглым вырезом.;22000;e89n7qtko2kop8t;lrg3k8cd5bgw3jv;f2n2sffza3y3dp8;;"[""https://static.yeezyunique.ru/batches/59ce4107-c0d3-4ecb-b9ad-7246f5c4ae39/_deGrSVyfAVEDzGjgCw2gBSA0S4w2FxBlYqpLPNA_0.jpg"",""https://static.yeezyunique.ru/batches/59ce4107-c0d3-4ecb-b9ad-7246f5c4ae39/_deGrSVyfAVEDzGjgCw2gBSA0S4w2FxBlYqpLPNA_1.jpg"",""https://static.yeezyunique.ru/batches/59ce4107-c0d3-4ecb-b9ad-7246f5c4ae39/_deGrSVyfAVEDzGjgCw2gBSA0S4w2FxBlYqpLPNA_2.jpg"",""https://static.yeezyunique.ru/batches/59ce4107-c0d3-4ecb-b9ad-7246f5c4ae39/_deGrSVyfAVEDzGjgCw2gBSA0S4w2FxBlYqpLPNA_3.jpg"",""https://static.yeezyunique.ru/batches/59ce4107-c0d3-4ecb-b9ad-7246f5c4ae39/_deGrSVyfAVEDzGjgCw2gBSA0S4w2FxBlYqpLPNA_4.jpg"",""https://static.yeezyunique.ru/batches/59ce4107-c0d3-4ecb-b9ad-7246f5c4ae39/_deGrSVyfAVEDzGjgCw2gBSA0S4w2FxBlYqpLPNA_5.jpg"",""https://static.yeezyunique.ru/batches/59ce4107-c0d3-4ecb-b9ad-7246f5c4ae39/_deGrSVyfAVEDzGjgCw2gBSA0S4w2FxBlYqpLPNA_6.jpg"",""https://static.yeezyunique.ru/batches/59ce4107-c0d3-4ecb-b9ad-7246f5c4ae39/_deGrSVyfAVEDzGjgCw2gBSA0S4w2FxBlYqpLPNA_7.jpg"",""https://static.yeezyunique.ru/batches/59ce4107-c0d3-4ecb-b9ad-7246f5c4ae39/_deGrSVyfAVEDzGjgCw2gBSA0S4w2FxBlYqpLPNA_8.jpg""]";true
_dLerShooLuIbReiu8YSs0qvjTTIYTxy0TFc1z3Q;Prada Куртка;Черная куртка-ветровка с капюшоном. Модель дополнена фирменным треугольным логотипом бренда.;48000;xf3tgcf0uj7yrqf;lrg3k8cd5bgw3jv;f2gdh71ajulp1ti;;"[""https://static.yeezyunique.ru/batches/59ce4107-c0d3-4ecb-b9ad-7246f5c4ae39/_dLerShooLuIbReiu8YSs0qvjTTIYTxy0TFc1z3Q_0.jpg"",""https://static.yeezyunique.ru/batches/59ce4107-c0d3-4ecb-b9ad-7246f5c4ae39/_dLerShooLuIbReiu8YSs0qvjTTIYTxy0TFc1z3Q_1.jpg"",""https://static.yeezyunique.ru/batches/59ce4107-c0d3-4ecb-b9ad-7246f5c4ae39/_dLerShooLuIbReiu8YSs0qvjTTIYTxy0TFc1z3Q_2.jpg"",""https://static.yeezyunique.ru/batches/59ce4107-c0d3-4ecb-b9ad-7246f5c4ae39/_dLerShooLuIbReiu8YSs0qvjTTIYTxy0TFc1z3Q_3.jpg"",""https://static.yeezyunique.ru/batches/59ce4107-c0d3-4ecb-b9ad-7246f5c4ae39/_dLerShooLuIbReiu8YSs0qvjTTIYTxy0TFc1z3Q_4.jpg"",""https://static.yeezyunique.ru/batches/59ce4107-c0d3-4ecb-b9ad-7246f5c4ae39/_dLerShooLuIbReiu8YSs0qvjTTIYTxy0TFc1z3Q_5.jpg"",""https://static.yeezyunique.ru/batches/59ce4107-c0d3-4ecb-b9ad-7246f5c4ae39/_dLerShooLuIbReiu8YSs0qvjTTIYTxy0TFc1z3Q_6.jpg"",""https://static.yeezyunique.ru/batches/59ce4107-c0d3-4ecb-b9ad-7246f5c4ae39/_dLerShooLuIbReiu8YSs0qvjTTIYTxy0TFc1z3Q_7.jpg"",""https://static.yeezyunique.ru/batches/59ce4107-c0d3-4ecb-b9ad-7246f5c4ae39/_dLerShooLuIbReiu8YSs0qvjTTIYTxy0TFc1z3Q_8.jpg""]";true
_dtLrS8hYnrqgjZWQIxIcKsjWE5kH0m7VpaFw_cQ;Prada Футболка;Черная футболка прямого кроя от Prada. Модель дополнена фирменным треугольным логотипом бренда на груди.;19000;xf3tgcf0uj7yrqf;lrg3k8cd5bgw3jv;997r6125hxovl3q;;"[""https://static.yeezyunique.ru/batches/59ce4107-c0d3-4ecb-b9ad-7246f5c4ae39/_dtLrS8hYnrqgjZWQIxIcKsjWE5kH0m7VpaFw_cQ_0.jpg"",""https://static.yeezyunique.ru/batches/59ce4107-c0d3-4ecb-b9ad-7246f5c4ae39/_dtLrS8hYnrqgjZWQIxIcKsjWE5kH0m7VpaFw_cQ_1.jpg"",""https://static.yeezyunique.ru/batches/59ce4107-c0d3-4ecb-b9ad-7246f5c4ae39/_dtLrS8hYnrqgjZWQIxIcKsjWE5kH0m7VpaFw_cQ_2.jpg"",""https://static.yeezyunique.ru/batches/59ce4107-c0d3-4ecb-b9ad-7246f5c4ae39/_dtLrS8hYnrqgjZWQIxIcKsjWE5kH0m7VpaFw_cQ_3.jpg"",""https://static.yeezyunique.ru/batches/59ce4107-c0d3-4ecb-b9ad-7246f5c4ae39/_dtLrS8hYnrqgjZWQIxIcKsjWE5kH0m7VpaFw_cQ_4.jpg"",""https://static.yeezyunique.ru/batches/59ce4107-c0d3-4ecb-b9ad-7246f5c4ae39/_dtLrS8hYnrqgjZWQIxIcKsjWE5kH0m7VpaFw_cQ_5.jpg"",""https://static.yeezyunique.ru/batches/59ce4107-c0d3-4ecb-b9ad-7246f5c4ae39/_dtLrS8hYnrqgjZWQIxIcKsjWE5kH0m7VpaFw_cQ_6.jpg"",""https://static.yeezyunique.ru/batches/59ce4107-c0d3-4ecb-b9ad-7246f5c4ae39/_dtLrS8hYnrqgjZWQIxIcKsjWE5kH0m7VpaFw_cQ_7.jpg"",""https://static.yeezyunique.ru/batches/59ce4107-c0d3-4ecb-b9ad-7246f5c4ae39/_dtLrS8hYnrqgjZWQIxIcKsjWE5kH0m7VpaFw_cQ_8.jpg""]";true
_dacrScp4cK2Uq6xJS37bg3Gbx5qKr3266QNS0Uw;Prada Куртка;Черная куртка с отложным воротником и фирменным треугольным логотипом бренда. Модель выполнена в лаконичном стиле, подчеркивающем премиальное качество материалов.;48000;xf3tgcf0uj7yrqf;lrg3k8cd5bgw3jv;f2gdh71ajulp1ti;;"[""https://static.yeezyunique.ru/batches/59ce4107-c0d3-4ecb-b9ad-7246f5c4ae39/_dacrScp4cK2Uq6xJS37bg3Gbx5qKr3266QNS0Uw_0.jpg"",""https://static.yeezyunique.ru/batches/59ce4107-c0d3-4ecb-b9ad-7246f5c4ae39/_dacrScp4cK2Uq6xJS37bg3Gbx5qKr3266QNS0Uw_1.jpg"",""https://static.yeezyunique.ru/batches/59ce4107-c0d3-4ecb-b9ad-7246f5c4ae39/_dacrScp4cK2Uq6xJS37bg3Gbx5qKr3266QNS0Uw_2.jpg"",""https://static.yeezyunique.ru/batches/59ce4107-c0d3-4ecb-b9ad-7246f5c4ae39/_dacrScp4cK2Uq6xJS37bg3Gbx5qKr3266QNS0Uw_3.jpg"",""https://static.yeezyunique.ru/batches/59ce4107-c0d3-4ecb-b9ad-7246f5c4ae39/_dacrScp4cK2Uq6xJS37bg3Gbx5qKr3266QNS0Uw_4.jpg"",""https://static.yeezyunique.ru/batches/59ce4107-c0d3-4ecb-b9ad-7246f5c4ae39/_dacrScp4cK2Uq6xJS37bg3Gbx5qKr3266QNS0Uw_5.jpg"",""https://static.yeezyunique.ru/batches/59ce4107-c0d3-4ecb-b9ad-7246f5c4ae39/_dacrScp4cK2Uq6xJS37bg3Gbx5qKr3266QNS0Uw_6.jpg"",""https://static.yeezyunique.ru/batches/59ce4107-c0d3-4ecb-b9ad-7246f5c4ae39/_dacrScp4cK2Uq6xJS37bg3Gbx5qKr3266QNS0Uw_7.jpg"",""https://static.yeezyunique.ru/batches/59ce4107-c0d3-4ecb-b9ad-7246f5c4ae39/_dacrScp4cK2Uq6xJS37bg3Gbx5qKr3266QNS0Uw_8.jpg""]";true
_dwxrSQurLdCcFwod_fI0f4DaAXaapbVf4coMwLA;Louis Vuitton Джинсы;Стильные джинсы с эффектом выцветшего денима. Модель выполнена в классическом крое с фирменными деталями бренда.;21000;977uh954t91spxq;lrg3k8cd5bgw3jv;htpbqikag6cv19a;;"[""https://static.yeezyunique.ru/batches/59ce4107-c0d3-4ecb-b9ad-7246f5c4ae39/_dwxrSQurLdCcFwod_fI0f4DaAXaapbVf4coMwLA_0.jpg"",""https://static.yeezyunique.ru/batches/59ce4107-c0d3-4ecb-b9ad-7246f5c4ae39/_dwxrSQurLdCcFwod_fI0f4DaAXaapbVf4coMwLA_1.jpg"",""https://static.yeezyunique.ru/batches/59ce4107-c0d3-4ecb-b9ad-7246f5c4ae39/_dwxrSQurLdCcFwod_fI0f4DaAXaapbVf4coMwLA_2.jpg"",""https://static.yeezyunique.ru/batches/59ce4107-c0d3-4ecb-b9ad-7246f5c4ae39/_dwxrSQurLdCcFwod_fI0f4DaAXaapbVf4coMwLA_3.jpg"",""https://static.yeezyunique.ru/batches/59ce4107-c0d3-4ecb-b9ad-7246f5c4ae39/_dwxrSQurLdCcFwod_fI0f4DaAXaapbVf4coMwLA_4.jpg"",""https://static.yeezyunique.ru/batches/59ce4107-c0d3-4ecb-b9ad-7246f5c4ae39/_dwxrSQurLdCcFwod_fI0f4DaAXaapbVf4coMwLA_5.jpg"",""https://static.yeezyunique.ru/batches/59ce4107-c0d3-4ecb-b9ad-7246f5c4ae39/_dwxrSQurLdCcFwod_fI0f4DaAXaapbVf4coMwLA_6.jpg"",""https://static.yeezyunique.ru/batches/59ce4107-c0d3-4ecb-b9ad-7246f5c4ae39/_dwxrSQurLdCcFwod_fI0f4DaAXaapbVf4coMwLA_7.jpg"",""https://static.yeezyunique.ru/batches/59ce4107-c0d3-4ecb-b9ad-7246f5c4ae39/_dwxrSQurLdCcFwod_fI0f4DaAXaapbVf4coMwLA_8.jpg""]";true
_dmCrSe1btliJc9vPZ5VNNCgYo2zVXYRy_4D3RDQ;Louis Vuitton Куртка;Стильная куртка от Louis Vuitton с оригинальным принтом в виде акварельных полос. Модель выполнена из качественных материалов и дополнена фирменной фурнитурой бренда.;48000;977uh954t91spxq;lrg3k8cd5bgw3jv;f2gdh71ajulp1ti;;"[""https://static.yeezyunique.ru/batches/59ce4107-c0d3-4ecb-b9ad-7246f5c4ae39/_dmCrSe1btliJc9vPZ5VNNCgYo2zVXYRy_4D3RDQ_0.jpg"",""https://static.yeezyunique.ru/batches/59ce4107-c0d3-4ecb-b9ad-7246f5c4ae39/_dmCrSe1btliJc9vPZ5VNNCgYo2zVXYRy_4D3RDQ_1.jpg"",""https://static.yeezyunique.ru/batches/59ce4107-c0d3-4ecb-b9ad-7246f5c4ae39/_dmCrSe1btliJc9vPZ5VNNCgYo2zVXYRy_4D3RDQ_2.jpg"",""https://static.yeezyunique.ru/batches/59ce4107-c0d3-4ecb-b9ad-7246f5c4ae39/_dmCrSe1btliJc9vPZ5VNNCgYo2zVXYRy_4D3RDQ_3.jpg"",""https://static.yeezyunique.ru/batches/59ce4107-c0d3-4ecb-b9ad-7246f5c4ae39/_dmCrSe1btliJc9vPZ5VNNCgYo2zVXYRy_4D3RDQ_4.jpg"",""https://static.yeezyunique.ru/batches/59ce4107-c0d3-4ecb-b9ad-7246f5c4ae39/_dmCrSe1btliJc9vPZ5VNNCgYo2zVXYRy_4D3RDQ_5.jpg"",""https://static.yeezyunique.ru/batches/59ce4107-c0d3-4ecb-b9ad-7246f5c4ae39/_dmCrSe1btliJc9vPZ5VNNCgYo2zVXYRy_4D3RDQ_6.jpg"",""https://static.yeezyunique.ru/batches/59ce4107-c0d3-4ecb-b9ad-7246f5c4ae39/_dmCrSe1btliJc9vPZ5VNNCgYo2zVXYRy_4D3RDQ_7.jpg"",""https://static.yeezyunique.ru/batches/59ce4107-c0d3-4ecb-b9ad-7246f5c4ae39/_dmCrSe1btliJc9vPZ5VNNCgYo2zVXYRy_4D3RDQ_8.jpg""]";true
_dwhrSTYaq4D2WF3IBI8o-sLNndaUyMDsiL66lag;Prada Свитер;Свитер в цвете овсянки с узнаваемым треугольным логотипом бренда. Модель выполнена из мягкого трикотажа и отличается лаконичным кроем.;22000;xf3tgcf0uj7yrqf;lrg3k8cd5bgw3jv;ym3l5fcfyge7uph;;"[""https://static.yeezyunique.ru/batches/59ce4107-c0d3-4ecb-b9ad-7246f5c4ae39/_dwhrSTYaq4D2WF3IBI8o-sLNndaUyMDsiL66lag_0.jpg"",""https://static.yeezyunique.ru/batches/59ce4107-c0d3-4ecb-b9ad-7246f5c4ae39/_dwhrSTYaq4D2WF3IBI8o-sLNndaUyMDsiL66lag_1.jpg"",""https://static.yeezyunique.ru/batches/59ce4107-c0d3-4ecb-b9ad-7246f5c4ae39/_dwhrSTYaq4D2WF3IBI8o-sLNndaUyMDsiL66lag_2.jpg"",""https://static.yeezyunique.ru/batches/59ce4107-c0d3-4ecb-b9ad-7246f5c4ae39/_dwhrSTYaq4D2WF3IBI8o-sLNndaUyMDsiL66lag_3.jpg"",""https://static.yeezyunique.ru/batches/59ce4107-c0d3-4ecb-b9ad-7246f5c4ae39/_dwhrSTYaq4D2WF3IBI8o-sLNndaUyMDsiL66lag_4.jpg"",""https://static.yeezyunique.ru/batches/59ce4107-c0d3-4ecb-b9ad-7246f5c4ae39/_dwhrSTYaq4D2WF3IBI8o-sLNndaUyMDsiL66lag_5.jpg"",""https://static.yeezyunique.ru/batches/59ce4107-c0d3-4ecb-b9ad-7246f5c4ae39/_dwhrSTYaq4D2WF3IBI8o-sLNndaUyMDsiL66lag_6.jpg"",""https://static.yeezyunique.ru/batches/59ce4107-c0d3-4ecb-b9ad-7246f5c4ae39/_dwhrSTYaq4D2WF3IBI8o-sLNndaUyMDsiL66lag_7.jpg"",""https://static.yeezyunique.ru/batches/59ce4107-c0d3-4ecb-b9ad-7246f5c4ae39/_dwhrSTYaq4D2WF3IBI8o-sLNndaUyMDsiL66lag_8.jpg""]";true
_dxQrSmGUxLVfTfHPpbZ9qJ2z15wUth8sEG6mBKA;Loewe Куртка;Стильная куртка глубокого синего цвета, выполненная из фактурного материала типа махровой ткани. Модель отличается лаконичным кроем и комфортной посадкой, идеально подходящей для повседневного образа.;48000;v0xek8wss4meybg;lrg3k8cd5bgw3jv;f2gdh71ajulp1ti;;"[""https://static.yeezyunique.ru/batches/59ce4107-c0d3-4ecb-b9ad-7246f5c4ae39/_dxQrSmGUxLVfTfHPpbZ9qJ2z15wUth8sEG6mBKA_0.jpg"",""https://static.yeezyunique.ru/batches/59ce4107-c0d3-4ecb-b9ad-7246f5c4ae39/_dxQrSmGUxLVfTfHPpbZ9qJ2z15wUth8sEG6mBKA_1.jpg"",""https://static.yeezyunique.ru/batches/59ce4107-c0d3-4ecb-b9ad-7246f5c4ae39/_dxQrSmGUxLVfTfHPpbZ9qJ2z15wUth8sEG6mBKA_2.jpg"",""https://static.yeezyunique.ru/batches/59ce4107-c0d3-4ecb-b9ad-7246f5c4ae39/_dxQrSmGUxLVfTfHPpbZ9qJ2z15wUth8sEG6mBKA_3.jpg"",""https://static.yeezyunique.ru/batches/59ce4107-c0d3-4ecb-b9ad-7246f5c4ae39/_dxQrSmGUxLVfTfHPpbZ9qJ2z15wUth8sEG6mBKA_4.jpg"",""https://static.yeezyunique.ru/batches/59ce4107-c0d3-4ecb-b9ad-7246f5c4ae39/_dxQrSmGUxLVfTfHPpbZ9qJ2z15wUth8sEG6mBKA_5.jpg"",""https://static.yeezyunique.ru/batches/59ce4107-c0d3-4ecb-b9ad-7246f5c4ae39/_dxQrSmGUxLVfTfHPpbZ9qJ2z15wUth8sEG6mBKA_6.jpg"",""https://static.yeezyunique.ru/batches/59ce4107-c0d3-4ecb-b9ad-7246f5c4ae39/_dxQrSmGUxLVfTfHPpbZ9qJ2z15wUth8sEG6mBKA_7.jpg"",""https://static.yeezyunique.ru/batches/59ce4107-c0d3-4ecb-b9ad-7246f5c4ae39/_dxQrSmGUxLVfTfHPpbZ9qJ2z15wUth8sEG6mBKA_8.jpg""]";true
_dr1rSRLtCJaf9uWk0O1XVDLCrlJBTUOANDq9z7w;Brunello Cucinelli Поло;Классическая мужская футболка поло черного цвета. Модель дополнена небольшим фирменным логотипом бренда на груди.;19000;ll73bx30faqq27r;lrg3k8cd5bgw3jv;997r6125hxovl3q;;"[""https://static.yeezyunique.ru/batches/59ce4107-c0d3-4ecb-b9ad-7246f5c4ae39/_dr1rSRLtCJaf9uWk0O1XVDLCrlJBTUOANDq9z7w_0.jpg"",""https://static.yeezyunique.ru/batches/59ce4107-c0d3-4ecb-b9ad-7246f5c4ae39/_dr1rSRLtCJaf9uWk0O1XVDLCrlJBTUOANDq9z7w_1.jpg"",""https://static.yeezyunique.ru/batches/59ce4107-c0d3-4ecb-b9ad-7246f5c4ae39/_dr1rSRLtCJaf9uWk0O1XVDLCrlJBTUOANDq9z7w_2.jpg"",""https://static.yeezyunique.ru/batches/59ce4107-c0d3-4ecb-b9ad-7246f5c4ae39/_dr1rSRLtCJaf9uWk0O1XVDLCrlJBTUOANDq9z7w_3.jpg"",""https://static.yeezyunique.ru/batches/59ce4107-c0d3-4ecb-b9ad-7246f5c4ae39/_dr1rSRLtCJaf9uWk0O1XVDLCrlJBTUOANDq9z7w_4.jpg"",""https://static.yeezyunique.ru/batches/59ce4107-c0d3-4ecb-b9ad-7246f5c4ae39/_dr1rSRLtCJaf9uWk0O1XVDLCrlJBTUOANDq9z7w_5.jpg"",""https://static.yeezyunique.ru/batches/59ce4107-c0d3-4ecb-b9ad-7246f5c4ae39/_dr1rSRLtCJaf9uWk0O1XVDLCrlJBTUOANDq9z7w_6.jpg"",""https://static.yeezyunique.ru/batches/59ce4107-c0d3-4ecb-b9ad-7246f5c4ae39/_dr1rSRLtCJaf9uWk0O1XVDLCrlJBTUOANDq9z7w_7.jpg"",""https://static.yeezyunique.ru/batches/59ce4107-c0d3-4ecb-b9ad-7246f5c4ae39/_dr1rSRLtCJaf9uWk0O1XVDLCrlJBTUOANDq9z7w_8.jpg""]";true
_dlyrSwRX7y4jJiRaDD7W3dEH3l6P-kGW2St23Ag;Brunello Cucinelli Поло;Белая футболка поло от Brunello Cucinelli. Модель дополнена небольшим фирменным логотипом бренда.;19000;ll73bx30faqq27r;lrg3k8cd5bgw3jv;997r6125hxovl3q;;"[""https://static.yeezyunique.ru/batches/59ce4107-c0d3-4ecb-b9ad-7246f5c4ae39/_dlyrSwRX7y4jJiRaDD7W3dEH3l6P-kGW2St23Ag_0.jpg"",""https://static.yeezyunique.ru/batches/59ce4107-c0d3-4ecb-b9ad-7246f5c4ae39/_dlyrSwRX7y4jJiRaDD7W3dEH3l6P-kGW2St23Ag_1.jpg"",""https://static.yeezyunique.ru/batches/59ce4107-c0d3-4ecb-b9ad-7246f5c4ae39/_dlyrSwRX7y4jJiRaDD7W3dEH3l6P-kGW2St23Ag_2.jpg"",""https://static.yeezyunique.ru/batches/59ce4107-c0d3-4ecb-b9ad-7246f5c4ae39/_dlyrSwRX7y4jJiRaDD7W3dEH3l6P-kGW2St23Ag_3.jpg"",""https://static.yeezyunique.ru/batches/59ce4107-c0d3-4ecb-b9ad-7246f5c4ae39/_dlyrSwRX7y4jJiRaDD7W3dEH3l6P-kGW2St23Ag_4.jpg"",""https://static.yeezyunique.ru/batches/59ce4107-c0d3-4ecb-b9ad-7246f5c4ae39/_dlyrSwRX7y4jJiRaDD7W3dEH3l6P-kGW2St23Ag_5.jpg"",""https://static.yeezyunique.ru/batches/59ce4107-c0d3-4ecb-b9ad-7246f5c4ae39/_dlyrSwRX7y4jJiRaDD7W3dEH3l6P-kGW2St23Ag_6.jpg"",""https://static.yeezyunique.ru/batches/59ce4107-c0d3-4ecb-b9ad-7246f5c4ae39/_dlyrSwRX7y4jJiRaDD7W3dEH3l6P-kGW2St23Ag_7.jpg"",""https://static.yeezyunique.ru/batches/59ce4107-c0d3-4ecb-b9ad-7246f5c4ae39/_dlyrSwRX7y4jJiRaDD7W3dEH3l6P-kGW2St23Ag_8.jpg""]";true
_d-UrSl9K13mt0JYjR05mP_fKes2KIc6gkm8p2dw;Brunello Cucinelli Футболка;Белая футболка из мягкого хлопка с короткими рукавами. Модель дополнена небольшим фирменным логотипом бренда на груди.;19000;ll73bx30faqq27r;lrg3k8cd5bgw3jv;997r6125hxovl3q;;"[""https://static.yeezyunique.ru/batches/59ce4107-c0d3-4ecb-b9ad-7246f5c4ae39/_d-UrSl9K13mt0JYjR05mP_fKes2KIc6gkm8p2dw_0.jpg"",""https://static.yeezyunique.ru/batches/59ce4107-c0d3-4ecb-b9ad-7246f5c4ae39/_d-UrSl9K13mt0JYjR05mP_fKes2KIc6gkm8p2dw_1.jpg"",""https://static.yeezyunique.ru/batches/59ce4107-c0d3-4ecb-b9ad-7246f5c4ae39/_d-UrSl9K13mt0JYjR05mP_fKes2KIc6gkm8p2dw_2.jpg"",""https://static.yeezyunique.ru/batches/59ce4107-c0d3-4ecb-b9ad-7246f5c4ae39/_d-UrSl9K13mt0JYjR05mP_fKes2KIc6gkm8p2dw_3.jpg"",""https://static.yeezyunique.ru/batches/59ce4107-c0d3-4ecb-b9ad-7246f5c4ae39/_d-UrSl9K13mt0JYjR05mP_fKes2KIc6gkm8p2dw_4.jpg"",""https://static.yeezyunique.ru/batches/59ce4107-c0d3-4ecb-b9ad-7246f5c4ae39/_d-UrSl9K13mt0JYjR05mP_fKes2KIc6gkm8p2dw_5.jpg"",""https://static.yeezyunique.ru/batches/59ce4107-c0d3-4ecb-b9ad-7246f5c4ae39/_d-UrSl9K13mt0JYjR05mP_fKes2KIc6gkm8p2dw_6.jpg"",""https://static.yeezyunique.ru/batches/59ce4107-c0d3-4ecb-b9ad-7246f5c4ae39/_d-UrSl9K13mt0JYjR05mP_fKes2KIc6gkm8p2dw_7.jpg"",""https://static.yeezyunique.ru/batches/59ce4107-c0d3-4ecb-b9ad-7246f5c4ae39/_d-UrSl9K13mt0JYjR05mP_fKes2KIc6gkm8p2dw_8.jpg""]";true
_dwQrSnFq6QEJtBIKwDTqlw2j7FWnCpeRpjNWegg;Brunello Cucinelli Футболка;Футболка глубокого синего цвета выполнена из качественного материала. Модель дополнена небольшим фирменным логотипом бренда на груди.;19000;ll73bx30faqq27r;lrg3k8cd5bgw3jv;997r6125hxovl3q;;"[""https://static.yeezyunique.ru/batches/59ce4107-c0d3-4ecb-b9ad-7246f5c4ae39/_dwQrSnFq6QEJtBIKwDTqlw2j7FWnCpeRpjNWegg_0.jpg"",""https://static.yeezyunique.ru/batches/59ce4107-c0d3-4ecb-b9ad-7246f5c4ae39/_dwQrSnFq6QEJtBIKwDTqlw2j7FWnCpeRpjNWegg_1.jpg"",""https://static.yeezyunique.ru/batches/59ce4107-c0d3-4ecb-b9ad-7246f5c4ae39/_dwQrSnFq6QEJtBIKwDTqlw2j7FWnCpeRpjNWegg_2.jpg"",""https://static.yeezyunique.ru/batches/59ce4107-c0d3-4ecb-b9ad-7246f5c4ae39/_dwQrSnFq6QEJtBIKwDTqlw2j7FWnCpeRpjNWegg_3.jpg"",""https://static.yeezyunique.ru/batches/59ce4107-c0d3-4ecb-b9ad-7246f5c4ae39/_dwQrSnFq6QEJtBIKwDTqlw2j7FWnCpeRpjNWegg_4.jpg"",""https://static.yeezyunique.ru/batches/59ce4107-c0d3-4ecb-b9ad-7246f5c4ae39/_dwQrSnFq6QEJtBIKwDTqlw2j7FWnCpeRpjNWegg_5.jpg"",""https://static.yeezyunique.ru/batches/59ce4107-c0d3-4ecb-b9ad-7246f5c4ae39/_dwQrSnFq6QEJtBIKwDTqlw2j7FWnCpeRpjNWegg_6.jpg"",""https://static.yeezyunique.ru/batches/59ce4107-c0d3-4ecb-b9ad-7246f5c4ae39/_dwQrSnFq6QEJtBIKwDTqlw2j7FWnCpeRpjNWegg_7.jpg"",""https://static.yeezyunique.ru/batches/59ce4107-c0d3-4ecb-b9ad-7246f5c4ae39/_dwQrSnFq6QEJtBIKwDTqlw2j7FWnCpeRpjNWegg_8.jpg""]";true
_di9rSQ2LEg7YUM2tLSmbAWu_UG-Z868hkCqZD-g;Miu Miu Лонгслив;Серый лонгслив с длинными рукавами и фирменным логотипом бренда. Модель выполнена из мягкого материала, обеспечивающего комфортную посадку.;22000;cn386fag2q87srw;lrg3k8cd5bgw3jv;f2n2sffza3y3dp8;;"[""https://static.yeezyunique.ru/batches/59ce4107-c0d3-4ecb-b9ad-7246f5c4ae39/_di9rSQ2LEg7YUM2tLSmbAWu_UG-Z868hkCqZD-g_0.jpg"",""https://static.yeezyunique.ru/batches/59ce4107-c0d3-4ecb-b9ad-7246f5c4ae39/_di9rSQ2LEg7YUM2tLSmbAWu_UG-Z868hkCqZD-g_1.jpg"",""https://static.yeezyunique.ru/batches/59ce4107-c0d3-4ecb-b9ad-7246f5c4ae39/_di9rSQ2LEg7YUM2tLSmbAWu_UG-Z868hkCqZD-g_2.jpg"",""https://static.yeezyunique.ru/batches/59ce4107-c0d3-4ecb-b9ad-7246f5c4ae39/_di9rSQ2LEg7YUM2tLSmbAWu_UG-Z868hkCqZD-g_3.jpg"",""https://static.yeezyunique.ru/batches/59ce4107-c0d3-4ecb-b9ad-7246f5c4ae39/_di9rSQ2LEg7YUM2tLSmbAWu_UG-Z868hkCqZD-g_4.jpg"",""https://static.yeezyunique.ru/batches/59ce4107-c0d3-4ecb-b9ad-7246f5c4ae39/_di9rSQ2LEg7YUM2tLSmbAWu_UG-Z868hkCqZD-g_5.jpg"",""https://static.yeezyunique.ru/batches/59ce4107-c0d3-4ecb-b9ad-7246f5c4ae39/_di9rSQ2LEg7YUM2tLSmbAWu_UG-Z868hkCqZD-g_6.jpg"",""https://static.yeezyunique.ru/batches/59ce4107-c0d3-4ecb-b9ad-7246f5c4ae39/_di9rSQ2LEg7YUM2tLSmbAWu_UG-Z868hkCqZD-g_7.jpg"",""https://static.yeezyunique.ru/batches/59ce4107-c0d3-4ecb-b9ad-7246f5c4ae39/_di9rSQ2LEg7YUM2tLSmbAWu_UG-Z868hkCqZD-g_8.jpg""]";true
_d9qrSrKuO-m_w-fgo1sFrMcFttpq4sFm5lDFWvg;Miu Miu Лонгслив;Черный лонгслив с фирменным логотипом бренда. Модель выполнена из качественного материала с длинными рукавами и классическим кроем.;22000;cn386fag2q87srw;lrg3k8cd5bgw3jv;f2n2sffza3y3dp8;;"[""https://static.yeezyunique.ru/batches/59ce4107-c0d3-4ecb-b9ad-7246f5c4ae39/_d9qrSrKuO-m_w-fgo1sFrMcFttpq4sFm5lDFWvg_0.jpg"",""https://static.yeezyunique.ru/batches/59ce4107-c0d3-4ecb-b9ad-7246f5c4ae39/_d9qrSrKuO-m_w-fgo1sFrMcFttpq4sFm5lDFWvg_1.jpg"",""https://static.yeezyunique.ru/batches/59ce4107-c0d3-4ecb-b9ad-7246f5c4ae39/_d9qrSrKuO-m_w-fgo1sFrMcFttpq4sFm5lDFWvg_2.jpg"",""https://static.yeezyunique.ru/batches/59ce4107-c0d3-4ecb-b9ad-7246f5c4ae39/_d9qrSrKuO-m_w-fgo1sFrMcFttpq4sFm5lDFWvg_3.jpg"",""https://static.yeezyunique.ru/batches/59ce4107-c0d3-4ecb-b9ad-7246f5c4ae39/_d9qrSrKuO-m_w-fgo1sFrMcFttpq4sFm5lDFWvg_4.jpg"",""https://static.yeezyunique.ru/batches/59ce4107-c0d3-4ecb-b9ad-7246f5c4ae39/_d9qrSrKuO-m_w-fgo1sFrMcFttpq4sFm5lDFWvg_5.jpg"",""https://static.yeezyunique.ru/batches/59ce4107-c0d3-4ecb-b9ad-7246f5c4ae39/_d9qrSrKuO-m_w-fgo1sFrMcFttpq4sFm5lDFWvg_6.jpg"",""https://static.yeezyunique.ru/batches/59ce4107-c0d3-4ecb-b9ad-7246f5c4ae39/_d9qrSrKuO-m_w-fgo1sFrMcFttpq4sFm5lDFWvg_7.jpg"",""https://static.yeezyunique.ru/batches/59ce4107-c0d3-4ecb-b9ad-7246f5c4ae39/_d9qrSrKuO-m_w-fgo1sFrMcFttpq4sFm5lDFWvg_8.jpg""]";true
_dRgrSS5rDxNnpKfqTEjs016i7zP8cmBTPcjZXvg;Miu Miu Лонгслив;Белый лонгслив из трикотажа в рубчик. Модель с длинными рукавами выполнена в лаконичном стиле без лишних деталей.;22000;cn386fag2q87srw;lrg3k8cd5bgw3jv;f2n2sffza3y3dp8;;"[""https://static.yeezyunique.ru/batches/59ce4107-c0d3-4ecb-b9ad-7246f5c4ae39/_dRgrSS5rDxNnpKfqTEjs016i7zP8cmBTPcjZXvg_0.jpg"",""https://static.yeezyunique.ru/batches/59ce4107-c0d3-4ecb-b9ad-7246f5c4ae39/_dRgrSS5rDxNnpKfqTEjs016i7zP8cmBTPcjZXvg_1.jpg"",""https://static.yeezyunique.ru/batches/59ce4107-c0d3-4ecb-b9ad-7246f5c4ae39/_dRgrSS5rDxNnpKfqTEjs016i7zP8cmBTPcjZXvg_2.jpg"",""https://static.yeezyunique.ru/batches/59ce4107-c0d3-4ecb-b9ad-7246f5c4ae39/_dRgrSS5rDxNnpKfqTEjs016i7zP8cmBTPcjZXvg_3.jpg"",""https://static.yeezyunique.ru/batches/59ce4107-c0d3-4ecb-b9ad-7246f5c4ae39/_dRgrSS5rDxNnpKfqTEjs016i7zP8cmBTPcjZXvg_4.jpg"",""https://static.yeezyunique.ru/batches/59ce4107-c0d3-4ecb-b9ad-7246f5c4ae39/_dRgrSS5rDxNnpKfqTEjs016i7zP8cmBTPcjZXvg_5.jpg"",""https://static.yeezyunique.ru/batches/59ce4107-c0d3-4ecb-b9ad-7246f5c4ae39/_dRgrSS5rDxNnpKfqTEjs016i7zP8cmBTPcjZXvg_6.jpg"",""https://static.yeezyunique.ru/batches/59ce4107-c0d3-4ecb-b9ad-7246f5c4ae39/_dRgrSS5rDxNnpKfqTEjs016i7zP8cmBTPcjZXvg_7.jpg"",""https://static.yeezyunique.ru/batches/59ce4107-c0d3-4ecb-b9ad-7246f5c4ae39/_dRgrSS5rDxNnpKfqTEjs016i7zP8cmBTPcjZXvg_8.jpg""]";true
_dN-rSh-Za-KeAA8vsDv0GoQNvL2U0AqKzhISoYA;Loewe Футболка;Классическая белая футболка с фирменной вышивкой бренда. Модель выполнена из качественного хлопка и имеет лаконичный крой.;19000;v0xek8wss4meybg;lrg3k8cd5bgw3jv;997r6125hxovl3q;;"[""https://static.yeezyunique.ru/batches/59ce4107-c0d3-4ecb-b9ad-7246f5c4ae39/_dN-rSh-Za-KeAA8vsDv0GoQNvL2U0AqKzhISoYA_0.jpg"",""https://static.yeezyunique.ru/batches/59ce4107-c0d3-4ecb-b9ad-7246f5c4ae39/_dN-rSh-Za-KeAA8vsDv0GoQNvL2U0AqKzhISoYA_1.jpg"",""https://static.yeezyunique.ru/batches/59ce4107-c0d3-4ecb-b9ad-7246f5c4ae39/_dN-rSh-Za-KeAA8vsDv0GoQNvL2U0AqKzhISoYA_2.jpg"",""https://static.yeezyunique.ru/batches/59ce4107-c0d3-4ecb-b9ad-7246f5c4ae39/_dN-rSh-Za-KeAA8vsDv0GoQNvL2U0AqKzhISoYA_3.jpg"",""https://static.yeezyunique.ru/batches/59ce4107-c0d3-4ecb-b9ad-7246f5c4ae39/_dN-rSh-Za-KeAA8vsDv0GoQNvL2U0AqKzhISoYA_4.jpg"",""https://static.yeezyunique.ru/batches/59ce4107-c0d3-4ecb-b9ad-7246f5c4ae39/_dN-rSh-Za-KeAA8vsDv0GoQNvL2U0AqKzhISoYA_5.jpg"",""https://static.yeezyunique.ru/batches/59ce4107-c0d3-4ecb-b9ad-7246f5c4ae39/_dN-rSh-Za-KeAA8vsDv0GoQNvL2U0AqKzhISoYA_6.jpg"",""https://static.yeezyunique.ru/batches/59ce4107-c0d3-4ecb-b9ad-7246f5c4ae39/_dN-rSh-Za-KeAA8vsDv0GoQNvL2U0AqKzhISoYA_7.jpg"",""https://static.yeezyunique.ru/batches/59ce4107-c0d3-4ecb-b9ad-7246f5c4ae39/_dN-rSh-Za-KeAA8vsDv0GoQNvL2U0AqKzhISoYA_8.jpg""]";true
_dmerSNLhkBqzXLa7VknIhaO1TlP4ObtNHOk4Q8Q;Loewe Футболка;Классическая женская футболка черного цвета. Модель дополнена фирменной вышивкой бренда на груди.;19000;v0xek8wss4meybg;lrg3k8cd5bgw3jv;997r6125hxovl3q;;"[""https://static.yeezyunique.ru/batches/59ce4107-c0d3-4ecb-b9ad-7246f5c4ae39/_dmerSNLhkBqzXLa7VknIhaO1TlP4ObtNHOk4Q8Q_0.jpg"",""https://static.yeezyunique.ru/batches/59ce4107-c0d3-4ecb-b9ad-7246f5c4ae39/_dmerSNLhkBqzXLa7VknIhaO1TlP4ObtNHOk4Q8Q_1.jpg"",""https://static.yeezyunique.ru/batches/59ce4107-c0d3-4ecb-b9ad-7246f5c4ae39/_dmerSNLhkBqzXLa7VknIhaO1TlP4ObtNHOk4Q8Q_2.jpg"",""https://static.yeezyunique.ru/batches/59ce4107-c0d3-4ecb-b9ad-7246f5c4ae39/_dmerSNLhkBqzXLa7VknIhaO1TlP4ObtNHOk4Q8Q_3.jpg"",""https://static.yeezyunique.ru/batches/59ce4107-c0d3-4ecb-b9ad-7246f5c4ae39/_dmerSNLhkBqzXLa7VknIhaO1TlP4ObtNHOk4Q8Q_4.jpg"",""https://static.yeezyunique.ru/batches/59ce4107-c0d3-4ecb-b9ad-7246f5c4ae39/_dmerSNLhkBqzXLa7VknIhaO1TlP4ObtNHOk4Q8Q_5.jpg"",""https://static.yeezyunique.ru/batches/59ce4107-c0d3-4ecb-b9ad-7246f5c4ae39/_dmerSNLhkBqzXLa7VknIhaO1TlP4ObtNHOk4Q8Q_6.jpg"",""https://static.yeezyunique.ru/batches/59ce4107-c0d3-4ecb-b9ad-7246f5c4ae39/_dmerSNLhkBqzXLa7VknIhaO1TlP4ObtNHOk4Q8Q_7.jpg"",""https://static.yeezyunique.ru/batches/59ce4107-c0d3-4ecb-b9ad-7246f5c4ae39/_dmerSNLhkBqzXLa7VknIhaO1TlP4ObtNHOk4Q8Q_8.jpg""]";true
_diQrS1T8111n6e8QbYvGhwyrq8TS3gHPO9ejUCA;Loewe Футболка;Белая футболка от Loewe с контрастным черным воротником. Модель дополнена фирменной вышивкой на груди.;19000;v0xek8wss4meybg;lrg3k8cd5bgw3jv;997r6125hxovl3q;;"[""https://static.yeezyunique.ru/batches/59ce4107-c0d3-4ecb-b9ad-7246f5c4ae39/_diQrS1T8111n6e8QbYvGhwyrq8TS3gHPO9ejUCA_0.jpg"",""https://static.yeezyunique.ru/batches/59ce4107-c0d3-4ecb-b9ad-7246f5c4ae39/_diQrS1T8111n6e8QbYvGhwyrq8TS3gHPO9ejUCA_1.jpg"",""https://static.yeezyunique.ru/batches/59ce4107-c0d3-4ecb-b9ad-7246f5c4ae39/_diQrS1T8111n6e8QbYvGhwyrq8TS3gHPO9ejUCA_2.jpg"",""https://static.yeezyunique.ru/batches/59ce4107-c0d3-4ecb-b9ad-7246f5c4ae39/_diQrS1T8111n6e8QbYvGhwyrq8TS3gHPO9ejUCA_3.jpg"",""https://static.yeezyunique.ru/batches/59ce4107-c0d3-4ecb-b9ad-7246f5c4ae39/_diQrS1T8111n6e8QbYvGhwyrq8TS3gHPO9ejUCA_4.jpg"",""https://static.yeezyunique.ru/batches/59ce4107-c0d3-4ecb-b9ad-7246f5c4ae39/_diQrS1T8111n6e8QbYvGhwyrq8TS3gHPO9ejUCA_5.jpg"",""https://static.yeezyunique.ru/batches/59ce4107-c0d3-4ecb-b9ad-7246f5c4ae39/_diQrS1T8111n6e8QbYvGhwyrq8TS3gHPO9ejUCA_6.jpg"",""https://static.yeezyunique.ru/batches/59ce4107-c0d3-4ecb-b9ad-7246f5c4ae39/_diQrS1T8111n6e8QbYvGhwyrq8TS3gHPO9ejUCA_7.jpg"",""https://static.yeezyunique.ru/batches/59ce4107-c0d3-4ecb-b9ad-7246f5c4ae39/_diQrS1T8111n6e8QbYvGhwyrq8TS3gHPO9ejUCA_8.jpg""]";true
_dqQrSikgrkdzH9c-PrOFo6VFfM7rOe7cBgstZpw;Loewe Футболка;Синяя футболка с коротким рукавом и накладным карманом на груди. Модель дополнена фирменной вышивкой бренда.;19000;v0xek8wss4meybg;lrg3k8cd5bgw3jv;997r6125hxovl3q;;"[""https://static.yeezyunique.ru/batches/59ce4107-c0d3-4ecb-b9ad-7246f5c4ae39/_dqQrSikgrkdzH9c-PrOFo6VFfM7rOe7cBgstZpw_0.jpg"",""https://static.yeezyunique.ru/batches/59ce4107-c0d3-4ecb-b9ad-7246f5c4ae39/_dqQrSikgrkdzH9c-PrOFo6VFfM7rOe7cBgstZpw_1.jpg"",""https://static.yeezyunique.ru/batches/59ce4107-c0d3-4ecb-b9ad-7246f5c4ae39/_dqQrSikgrkdzH9c-PrOFo6VFfM7rOe7cBgstZpw_2.jpg"",""https://static.yeezyunique.ru/batches/59ce4107-c0d3-4ecb-b9ad-7246f5c4ae39/_dqQrSikgrkdzH9c-PrOFo6VFfM7rOe7cBgstZpw_3.jpg"",""https://static.yeezyunique.ru/batches/59ce4107-c0d3-4ecb-b9ad-7246f5c4ae39/_dqQrSikgrkdzH9c-PrOFo6VFfM7rOe7cBgstZpw_4.jpg"",""https://static.yeezyunique.ru/batches/59ce4107-c0d3-4ecb-b9ad-7246f5c4ae39/_dqQrSikgrkdzH9c-PrOFo6VFfM7rOe7cBgstZpw_5.jpg"",""https://static.yeezyunique.ru/batches/59ce4107-c0d3-4ecb-b9ad-7246f5c4ae39/_dqQrSikgrkdzH9c-PrOFo6VFfM7rOe7cBgstZpw_6.jpg"",""https://static.yeezyunique.ru/batches/59ce4107-c0d3-4ecb-b9ad-7246f5c4ae39/_dqQrSikgrkdzH9c-PrOFo6VFfM7rOe7cBgstZpw_7.jpg"",""https://static.yeezyunique.ru/batches/59ce4107-c0d3-4ecb-b9ad-7246f5c4ae39/_dqQrSikgrkdzH9c-PrOFo6VFfM7rOe7cBgstZpw_8.jpg""]";true
_dQfrSIY4VwV-Rd378WEZ52x08ZODRC7xo07iGYg;Miu Miu Пиджак;Стильный серый пиджак от Miu Miu с декоративной нашивкой в виде логотипа. Модель выполнена в классическом крое, что делает ее универсальным элементом гардероба.;0;cn386fag2q87srw;lrg3k8cd5bgw3jv;cf7bclxyiy0g2ug;;"[""https://static.yeezyunique.ru/batches/59ce4107-c0d3-4ecb-b9ad-7246f5c4ae39/_dQfrSIY4VwV-Rd378WEZ52x08ZODRC7xo07iGYg_0.jpg"",""https://static.yeezyunique.ru/batches/59ce4107-c0d3-4ecb-b9ad-7246f5c4ae39/_dQfrSIY4VwV-Rd378WEZ52x08ZODRC7xo07iGYg_1.jpg"",""https://static.yeezyunique.ru/batches/59ce4107-c0d3-4ecb-b9ad-7246f5c4ae39/_dQfrSIY4VwV-Rd378WEZ52x08ZODRC7xo07iGYg_2.jpg"",""https://static.yeezyunique.ru/batches/59ce4107-c0d3-4ecb-b9ad-7246f5c4ae39/_dQfrSIY4VwV-Rd378WEZ52x08ZODRC7xo07iGYg_3.jpg"",""https://static.yeezyunique.ru/batches/59ce4107-c0d3-4ecb-b9ad-7246f5c4ae39/_dQfrSIY4VwV-Rd378WEZ52x08ZODRC7xo07iGYg_4.jpg"",""https://static.yeezyunique.ru/batches/59ce4107-c0d3-4ecb-b9ad-7246f5c4ae39/_dQfrSIY4VwV-Rd378WEZ52x08ZODRC7xo07iGYg_5.jpg"",""https://static.yeezyunique.ru/batches/59ce4107-c0d3-4ecb-b9ad-7246f5c4ae39/_dQfrSIY4VwV-Rd378WEZ52x08ZODRC7xo07iGYg_6.jpg"",""https://static.yeezyunique.ru/batches/59ce4107-c0d3-4ecb-b9ad-7246f5c4ae39/_dQfrSIY4VwV-Rd378WEZ52x08ZODRC7xo07iGYg_7.jpg"",""https://static.yeezyunique.ru/batches/59ce4107-c0d3-4ecb-b9ad-7246f5c4ae39/_dQfrSIY4VwV-Rd378WEZ52x08ZODRC7xo07iGYg_8.jpg""]";true
_d9urSPo0-tbHH6D0BUQJKoWBcApBjidPGcQAG3Q;Miu Miu Свитшот;Серый свитшот от Miu Miu с фирменной нашивкой-логотипом. Модель выполнена из мягкого материала и дополнена эластичными манжетами.;22000;cn386fag2q87srw;lrg3k8cd5bgw3jv;f2n2sffza3y3dp8;;"[""https://static.yeezyunique.ru/batches/59ce4107-c0d3-4ecb-b9ad-7246f5c4ae39/_d9urSPo0-tbHH6D0BUQJKoWBcApBjidPGcQAG3Q_0.jpg"",""https://static.yeezyunique.ru/batches/59ce4107-c0d3-4ecb-b9ad-7246f5c4ae39/_d9urSPo0-tbHH6D0BUQJKoWBcApBjidPGcQAG3Q_1.jpg"",""https://static.yeezyunique.ru/batches/59ce4107-c0d3-4ecb-b9ad-7246f5c4ae39/_d9urSPo0-tbHH6D0BUQJKoWBcApBjidPGcQAG3Q_2.jpg"",""https://static.yeezyunique.ru/batches/59ce4107-c0d3-4ecb-b9ad-7246f5c4ae39/_d9urSPo0-tbHH6D0BUQJKoWBcApBjidPGcQAG3Q_3.jpg"",""https://static.yeezyunique.ru/batches/59ce4107-c0d3-4ecb-b9ad-7246f5c4ae39/_d9urSPo0-tbHH6D0BUQJKoWBcApBjidPGcQAG3Q_4.jpg"",""https://static.yeezyunique.ru/batches/59ce4107-c0d3-4ecb-b9ad-7246f5c4ae39/_d9urSPo0-tbHH6D0BUQJKoWBcApBjidPGcQAG3Q_5.jpg"",""https://static.yeezyunique.ru/batches/59ce4107-c0d3-4ecb-b9ad-7246f5c4ae39/_d9urSPo0-tbHH6D0BUQJKoWBcApBjidPGcQAG3Q_6.jpg"",""https://static.yeezyunique.ru/batches/59ce4107-c0d3-4ecb-b9ad-7246f5c4ae39/_d9urSPo0-tbHH6D0BUQJKoWBcApBjidPGcQAG3Q_7.jpg"",""https://static.yeezyunique.ru/batches/59ce4107-c0d3-4ecb-b9ad-7246f5c4ae39/_d9urSPo0-tbHH6D0BUQJKoWBcApBjidPGcQAG3Q_8.jpg""]";true
_duxrSEj4VN0C_ldmErJCzQojLQGcJG5sX0Vpgcg;Miu Miu Кардиган;Черный кардиган на молнии от Miu Miu. Модель дополнена фирменным патчем и выполнена из качественного трикотажа.;32000;cn386fag2q87srw;lrg3k8cd5bgw3jv;ax58t1dsv5ibq7v;;"[""https://static.yeezyunique.ru/batches/59ce4107-c0d3-4ecb-b9ad-7246f5c4ae39/_duxrSEj4VN0C_ldmErJCzQojLQGcJG5sX0Vpgcg_0.jpg"",""https://static.yeezyunique.ru/batches/59ce4107-c0d3-4ecb-b9ad-7246f5c4ae39/_duxrSEj4VN0C_ldmErJCzQojLQGcJG5sX0Vpgcg_1.jpg"",""https://static.yeezyunique.ru/batches/59ce4107-c0d3-4ecb-b9ad-7246f5c4ae39/_duxrSEj4VN0C_ldmErJCzQojLQGcJG5sX0Vpgcg_2.jpg"",""https://static.yeezyunique.ru/batches/59ce4107-c0d3-4ecb-b9ad-7246f5c4ae39/_duxrSEj4VN0C_ldmErJCzQojLQGcJG5sX0Vpgcg_3.jpg"",""https://static.yeezyunique.ru/batches/59ce4107-c0d3-4ecb-b9ad-7246f5c4ae39/_duxrSEj4VN0C_ldmErJCzQojLQGcJG5sX0Vpgcg_4.jpg"",""https://static.yeezyunique.ru/batches/59ce4107-c0d3-4ecb-b9ad-7246f5c4ae39/_duxrSEj4VN0C_ldmErJCzQojLQGcJG5sX0Vpgcg_5.jpg"",""https://static.yeezyunique.ru/batches/59ce4107-c0d3-4ecb-b9ad-7246f5c4ae39/_duxrSEj4VN0C_ldmErJCzQojLQGcJG5sX0Vpgcg_6.jpg"",""https://static.yeezyunique.ru/batches/59ce4107-c0d3-4ecb-b9ad-7246f5c4ae39/_duxrSEj4VN0C_ldmErJCzQojLQGcJG5sX0Vpgcg_7.jpg"",""https://static.yeezyunique.ru/batches/59ce4107-c0d3-4ecb-b9ad-7246f5c4ae39/_duxrSEj4VN0C_ldmErJCzQojLQGcJG5sX0Vpgcg_8.jpg""]";true
_dqDrS1zOG571Njuq40c_a1zHDuXGQyz5bsGKQwQ;Loewe Лонгслив;Черный лонгслив от Loewe выполнен из мягкого материала. Модель имеет классический крой с длинными рукавами и идеально подходит для создания базовых образов.;22000;v0xek8wss4meybg;lrg3k8cd5bgw3jv;f2n2sffza3y3dp8;;"[""https://static.yeezyunique.ru/batches/59ce4107-c0d3-4ecb-b9ad-7246f5c4ae39/_dqDrS1zOG571Njuq40c_a1zHDuXGQyz5bsGKQwQ_0.jpg"",""https://static.yeezyunique.ru/batches/59ce4107-c0d3-4ecb-b9ad-7246f5c4ae39/_dqDrS1zOG571Njuq40c_a1zHDuXGQyz5bsGKQwQ_1.jpg"",""https://static.yeezyunique.ru/batches/59ce4107-c0d3-4ecb-b9ad-7246f5c4ae39/_dqDrS1zOG571Njuq40c_a1zHDuXGQyz5bsGKQwQ_2.jpg"",""https://static.yeezyunique.ru/batches/59ce4107-c0d3-4ecb-b9ad-7246f5c4ae39/_dqDrS1zOG571Njuq40c_a1zHDuXGQyz5bsGKQwQ_3.jpg"",""https://static.yeezyunique.ru/batches/59ce4107-c0d3-4ecb-b9ad-7246f5c4ae39/_dqDrS1zOG571Njuq40c_a1zHDuXGQyz5bsGKQwQ_4.jpg"",""https://static.yeezyunique.ru/batches/59ce4107-c0d3-4ecb-b9ad-7246f5c4ae39/_dqDrS1zOG571Njuq40c_a1zHDuXGQyz5bsGKQwQ_5.jpg"",""https://static.yeezyunique.ru/batches/59ce4107-c0d3-4ecb-b9ad-7246f5c4ae39/_dqDrS1zOG571Njuq40c_a1zHDuXGQyz5bsGKQwQ_6.jpg"",""https://static.yeezyunique.ru/batches/59ce4107-c0d3-4ecb-b9ad-7246f5c4ae39/_dqDrS1zOG571Njuq40c_a1zHDuXGQyz5bsGKQwQ_7.jpg"",""https://static.yeezyunique.ru/batches/59ce4107-c0d3-4ecb-b9ad-7246f5c4ae39/_dqDrS1zOG571Njuq40c_a1zHDuXGQyz5bsGKQwQ_8.jpg""]";true
_dPmrSxXgtQxX4dGjx6T--75O3MWWrob1-tZNa8A;Loewe Лонгслив;Белый лонгслив от Loewe выполнен из мягкого материала. Модель базового кроя с длинными рукавами идеально подходит для создания повседневных образов.;22000;v0xek8wss4meybg;lrg3k8cd5bgw3jv;f2n2sffza3y3dp8;;"[""https://static.yeezyunique.ru/batches/59ce4107-c0d3-4ecb-b9ad-7246f5c4ae39/_dPmrSxXgtQxX4dGjx6T--75O3MWWrob1-tZNa8A_0.jpg"",""https://static.yeezyunique.ru/batches/59ce4107-c0d3-4ecb-b9ad-7246f5c4ae39/_dPmrSxXgtQxX4dGjx6T--75O3MWWrob1-tZNa8A_1.jpg"",""https://static.yeezyunique.ru/batches/59ce4107-c0d3-4ecb-b9ad-7246f5c4ae39/_dPmrSxXgtQxX4dGjx6T--75O3MWWrob1-tZNa8A_2.jpg"",""https://static.yeezyunique.ru/batches/59ce4107-c0d3-4ecb-b9ad-7246f5c4ae39/_dPmrSxXgtQxX4dGjx6T--75O3MWWrob1-tZNa8A_3.jpg"",""https://static.yeezyunique.ru/batches/59ce4107-c0d3-4ecb-b9ad-7246f5c4ae39/_dPmrSxXgtQxX4dGjx6T--75O3MWWrob1-tZNa8A_4.jpg"",""https://static.yeezyunique.ru/batches/59ce4107-c0d3-4ecb-b9ad-7246f5c4ae39/_dPmrSxXgtQxX4dGjx6T--75O3MWWrob1-tZNa8A_5.jpg"",""https://static.yeezyunique.ru/batches/59ce4107-c0d3-4ecb-b9ad-7246f5c4ae39/_dPmrSxXgtQxX4dGjx6T--75O3MWWrob1-tZNa8A_6.jpg"",""https://static.yeezyunique.ru/batches/59ce4107-c0d3-4ecb-b9ad-7246f5c4ae39/_dPmrSxXgtQxX4dGjx6T--75O3MWWrob1-tZNa8A_7.jpg"",""https://static.yeezyunique.ru/batches/59ce4107-c0d3-4ecb-b9ad-7246f5c4ae39/_dPmrSxXgtQxX4dGjx6T--75O3MWWrob1-tZNa8A_8.jpg""]";true
_dikrSjPiCHJyLAAtkVnwdiQx7cWHqMtK9CB2R_w;Loewe Лонгслив;Базовый лонгслив серого цвета с длинными рукавами. Модель выполнена из мягкого материала, обеспечивающего комфортную посадку по фигуре.;22000;v0xek8wss4meybg;lrg3k8cd5bgw3jv;f2n2sffza3y3dp8;;"[""https://static.yeezyunique.ru/batches/59ce4107-c0d3-4ecb-b9ad-7246f5c4ae39/_dikrSjPiCHJyLAAtkVnwdiQx7cWHqMtK9CB2R_w_0.jpg"",""https://static.yeezyunique.ru/batches/59ce4107-c0d3-4ecb-b9ad-7246f5c4ae39/_dikrSjPiCHJyLAAtkVnwdiQx7cWHqMtK9CB2R_w_1.jpg"",""https://static.yeezyunique.ru/batches/59ce4107-c0d3-4ecb-b9ad-7246f5c4ae39/_dikrSjPiCHJyLAAtkVnwdiQx7cWHqMtK9CB2R_w_2.jpg"",""https://static.yeezyunique.ru/batches/59ce4107-c0d3-4ecb-b9ad-7246f5c4ae39/_dikrSjPiCHJyLAAtkVnwdiQx7cWHqMtK9CB2R_w_3.jpg"",""https://static.yeezyunique.ru/batches/59ce4107-c0d3-4ecb-b9ad-7246f5c4ae39/_dikrSjPiCHJyLAAtkVnwdiQx7cWHqMtK9CB2R_w_4.jpg"",""https://static.yeezyunique.ru/batches/59ce4107-c0d3-4ecb-b9ad-7246f5c4ae39/_dikrSjPiCHJyLAAtkVnwdiQx7cWHqMtK9CB2R_w_5.jpg"",""https://static.yeezyunique.ru/batches/59ce4107-c0d3-4ecb-b9ad-7246f5c4ae39/_dikrSjPiCHJyLAAtkVnwdiQx7cWHqMtK9CB2R_w_6.jpg"",""https://static.yeezyunique.ru/batches/59ce4107-c0d3-4ecb-b9ad-7246f5c4ae39/_dikrSjPiCHJyLAAtkVnwdiQx7cWHqMtK9CB2R_w_7.jpg"",""https://static.yeezyunique.ru/batches/59ce4107-c0d3-4ecb-b9ad-7246f5c4ae39/_dikrSjPiCHJyLAAtkVnwdiQx7cWHqMtK9CB2R_w_8.jpg""]";true
_dnnrS4kY8UQc43xtKxvyt6UX1s6K0mJjO9PnyjQ;Loewe Кардиган;Белый кардиган из мягкого мохера. Модель выполнена в лаконичном дизайне с акцентом на фактурную вязку.;32000;v0xek8wss4meybg;lrg3k8cd5bgw3jv;ax58t1dsv5ibq7v;;"[""https://static.yeezyunique.ru/batches/59ce4107-c0d3-4ecb-b9ad-7246f5c4ae39/_dnnrS4kY8UQc43xtKxvyt6UX1s6K0mJjO9PnyjQ_0.jpg"",""https://static.yeezyunique.ru/batches/59ce4107-c0d3-4ecb-b9ad-7246f5c4ae39/_dnnrS4kY8UQc43xtKxvyt6UX1s6K0mJjO9PnyjQ_1.jpg"",""https://static.yeezyunique.ru/batches/59ce4107-c0d3-4ecb-b9ad-7246f5c4ae39/_dnnrS4kY8UQc43xtKxvyt6UX1s6K0mJjO9PnyjQ_2.jpg"",""https://static.yeezyunique.ru/batches/59ce4107-c0d3-4ecb-b9ad-7246f5c4ae39/_dnnrS4kY8UQc43xtKxvyt6UX1s6K0mJjO9PnyjQ_3.jpg"",""https://static.yeezyunique.ru/batches/59ce4107-c0d3-4ecb-b9ad-7246f5c4ae39/_dnnrS4kY8UQc43xtKxvyt6UX1s6K0mJjO9PnyjQ_4.jpg"",""https://static.yeezyunique.ru/batches/59ce4107-c0d3-4ecb-b9ad-7246f5c4ae39/_dnnrS4kY8UQc43xtKxvyt6UX1s6K0mJjO9PnyjQ_5.jpg"",""https://static.yeezyunique.ru/batches/59ce4107-c0d3-4ecb-b9ad-7246f5c4ae39/_dnnrS4kY8UQc43xtKxvyt6UX1s6K0mJjO9PnyjQ_6.jpg"",""https://static.yeezyunique.ru/batches/59ce4107-c0d3-4ecb-b9ad-7246f5c4ae39/_dnnrS4kY8UQc43xtKxvyt6UX1s6K0mJjO9PnyjQ_7.jpg"",""https://static.yeezyunique.ru/batches/59ce4107-c0d3-4ecb-b9ad-7246f5c4ae39/_dnnrS4kY8UQc43xtKxvyt6UX1s6K0mJjO9PnyjQ_8.jpg""]";true
_dwcrS_Qj7_hIjxZ00RoumiUIH-unDmfhM4SnzZA;Loewe Кардиган;Стильный кардиган молочного цвета от Loewe. Модель дополнена фирменным логотипом на спинке и выполнена из мягкого материала.;32000;v0xek8wss4meybg;lrg3k8cd5bgw3jv;ax58t1dsv5ibq7v;;"[""https://static.yeezyunique.ru/batches/59ce4107-c0d3-4ecb-b9ad-7246f5c4ae39/_dwcrS_Qj7_hIjxZ00RoumiUIH-unDmfhM4SnzZA_0.jpg"",""https://static.yeezyunique.ru/batches/59ce4107-c0d3-4ecb-b9ad-7246f5c4ae39/_dwcrS_Qj7_hIjxZ00RoumiUIH-unDmfhM4SnzZA_1.jpg"",""https://static.yeezyunique.ru/batches/59ce4107-c0d3-4ecb-b9ad-7246f5c4ae39/_dwcrS_Qj7_hIjxZ00RoumiUIH-unDmfhM4SnzZA_2.jpg"",""https://static.yeezyunique.ru/batches/59ce4107-c0d3-4ecb-b9ad-7246f5c4ae39/_dwcrS_Qj7_hIjxZ00RoumiUIH-unDmfhM4SnzZA_3.jpg"",""https://static.yeezyunique.ru/batches/59ce4107-c0d3-4ecb-b9ad-7246f5c4ae39/_dwcrS_Qj7_hIjxZ00RoumiUIH-unDmfhM4SnzZA_4.jpg"",""https://static.yeezyunique.ru/batches/59ce4107-c0d3-4ecb-b9ad-7246f5c4ae39/_dwcrS_Qj7_hIjxZ00RoumiUIH-unDmfhM4SnzZA_5.jpg"",""https://static.yeezyunique.ru/batches/59ce4107-c0d3-4ecb-b9ad-7246f5c4ae39/_dwcrS_Qj7_hIjxZ00RoumiUIH-unDmfhM4SnzZA_6.jpg"",""https://static.yeezyunique.ru/batches/59ce4107-c0d3-4ecb-b9ad-7246f5c4ae39/_dwcrS_Qj7_hIjxZ00RoumiUIH-unDmfhM4SnzZA_7.jpg"",""https://static.yeezyunique.ru/batches/59ce4107-c0d3-4ecb-b9ad-7246f5c4ae39/_dwcrS_Qj7_hIjxZ00RoumiUIH-unDmfhM4SnzZA_8.jpg""]";true
_dnLrS9Dmk0OdD0nvBgt5JQKo-GFhJdD9X6XGIsA;Miu Miu Поло;Стильное поло серого цвета с длинными рукавами. Модель дополнена вышитым логотипом бренда на груди.;22000;cn386fag2q87srw;lrg3k8cd5bgw3jv;f2n2sffza3y3dp8;;"[""https://static.yeezyunique.ru/batches/59ce4107-c0d3-4ecb-b9ad-7246f5c4ae39/_dnLrS9Dmk0OdD0nvBgt5JQKo-GFhJdD9X6XGIsA_0.jpg"",""https://static.yeezyunique.ru/batches/59ce4107-c0d3-4ecb-b9ad-7246f5c4ae39/_dnLrS9Dmk0OdD0nvBgt5JQKo-GFhJdD9X6XGIsA_1.jpg"",""https://static.yeezyunique.ru/batches/59ce4107-c0d3-4ecb-b9ad-7246f5c4ae39/_dnLrS9Dmk0OdD0nvBgt5JQKo-GFhJdD9X6XGIsA_2.jpg"",""https://static.yeezyunique.ru/batches/59ce4107-c0d3-4ecb-b9ad-7246f5c4ae39/_dnLrS9Dmk0OdD0nvBgt5JQKo-GFhJdD9X6XGIsA_3.jpg"",""https://static.yeezyunique.ru/batches/59ce4107-c0d3-4ecb-b9ad-7246f5c4ae39/_dnLrS9Dmk0OdD0nvBgt5JQKo-GFhJdD9X6XGIsA_4.jpg"",""https://static.yeezyunique.ru/batches/59ce4107-c0d3-4ecb-b9ad-7246f5c4ae39/_dnLrS9Dmk0OdD0nvBgt5JQKo-GFhJdD9X6XGIsA_5.jpg"",""https://static.yeezyunique.ru/batches/59ce4107-c0d3-4ecb-b9ad-7246f5c4ae39/_dnLrS9Dmk0OdD0nvBgt5JQKo-GFhJdD9X6XGIsA_6.jpg"",""https://static.yeezyunique.ru/batches/59ce4107-c0d3-4ecb-b9ad-7246f5c4ae39/_dnLrS9Dmk0OdD0nvBgt5JQKo-GFhJdD9X6XGIsA_7.jpg"",""https://static.yeezyunique.ru/batches/59ce4107-c0d3-4ecb-b9ad-7246f5c4ae39/_dnLrS9Dmk0OdD0nvBgt5JQKo-GFhJdD9X6XGIsA_8.jpg""]";true
_dpdrSkrufp6xL2eP95S5lSuDzPukS8AFWQkIiLw;Acne Studios Лонгслив;Черный лонгслив от Acne Studios, декорированный сверкающими стразами. Модель выполнена из мягкого материала и имеет классический крой с длинными рукавами.;22000;ywtm8whmvoz75gh;lrg3k8cd5bgw3jv;f2n2sffza3y3dp8;;"[""https://static.yeezyunique.ru/batches/59ce4107-c0d3-4ecb-b9ad-7246f5c4ae39/_dpdrSkrufp6xL2eP95S5lSuDzPukS8AFWQkIiLw_0.jpg"",""https://static.yeezyunique.ru/batches/59ce4107-c0d3-4ecb-b9ad-7246f5c4ae39/_dpdrSkrufp6xL2eP95S5lSuDzPukS8AFWQkIiLw_1.jpg"",""https://static.yeezyunique.ru/batches/59ce4107-c0d3-4ecb-b9ad-7246f5c4ae39/_dpdrSkrufp6xL2eP95S5lSuDzPukS8AFWQkIiLw_2.jpg"",""https://static.yeezyunique.ru/batches/59ce4107-c0d3-4ecb-b9ad-7246f5c4ae39/_dpdrSkrufp6xL2eP95S5lSuDzPukS8AFWQkIiLw_3.jpg"",""https://static.yeezyunique.ru/batches/59ce4107-c0d3-4ecb-b9ad-7246f5c4ae39/_dpdrSkrufp6xL2eP95S5lSuDzPukS8AFWQkIiLw_4.jpg"",""https://static.yeezyunique.ru/batches/59ce4107-c0d3-4ecb-b9ad-7246f5c4ae39/_dpdrSkrufp6xL2eP95S5lSuDzPukS8AFWQkIiLw_5.jpg"",""https://static.yeezyunique.ru/batches/59ce4107-c0d3-4ecb-b9ad-7246f5c4ae39/_dpdrSkrufp6xL2eP95S5lSuDzPukS8AFWQkIiLw_6.jpg"",""https://static.yeezyunique.ru/batches/59ce4107-c0d3-4ecb-b9ad-7246f5c4ae39/_dpdrSkrufp6xL2eP95S5lSuDzPukS8AFWQkIiLw_7.jpg"",""https://static.yeezyunique.ru/batches/59ce4107-c0d3-4ecb-b9ad-7246f5c4ae39/_dpdrSkrufp6xL2eP95S5lSuDzPukS8AFWQkIiLw_8.jpg""]";true
_dmqrSrfw6Bs_NUd0Wue_spK1CYMoiwgQkSYz3uw;Acne Studios Лонгслив;Белый лонгслив от Acne Studios, декорированный стразами. Модель выполнена из качественного материала с длинными рукавами.;22000;ywtm8whmvoz75gh;lrg3k8cd5bgw3jv;f2n2sffza3y3dp8;;"[""https://static.yeezyunique.ru/batches/59ce4107-c0d3-4ecb-b9ad-7246f5c4ae39/_dmqrSrfw6Bs_NUd0Wue_spK1CYMoiwgQkSYz3uw_0.jpg"",""https://static.yeezyunique.ru/batches/59ce4107-c0d3-4ecb-b9ad-7246f5c4ae39/_dmqrSrfw6Bs_NUd0Wue_spK1CYMoiwgQkSYz3uw_1.jpg"",""https://static.yeezyunique.ru/batches/59ce4107-c0d3-4ecb-b9ad-7246f5c4ae39/_dmqrSrfw6Bs_NUd0Wue_spK1CYMoiwgQkSYz3uw_2.jpg"",""https://static.yeezyunique.ru/batches/59ce4107-c0d3-4ecb-b9ad-7246f5c4ae39/_dmqrSrfw6Bs_NUd0Wue_spK1CYMoiwgQkSYz3uw_3.jpg"",""https://static.yeezyunique.ru/batches/59ce4107-c0d3-4ecb-b9ad-7246f5c4ae39/_dmqrSrfw6Bs_NUd0Wue_spK1CYMoiwgQkSYz3uw_4.jpg"",""https://static.yeezyunique.ru/batches/59ce4107-c0d3-4ecb-b9ad-7246f5c4ae39/_dmqrSrfw6Bs_NUd0Wue_spK1CYMoiwgQkSYz3uw_5.jpg"",""https://static.yeezyunique.ru/batches/59ce4107-c0d3-4ecb-b9ad-7246f5c4ae39/_dmqrSrfw6Bs_NUd0Wue_spK1CYMoiwgQkSYz3uw_6.jpg"",""https://static.yeezyunique.ru/batches/59ce4107-c0d3-4ecb-b9ad-7246f5c4ae39/_dmqrSrfw6Bs_NUd0Wue_spK1CYMoiwgQkSYz3uw_7.jpg"",""https://static.yeezyunique.ru/batches/59ce4107-c0d3-4ecb-b9ad-7246f5c4ae39/_dmqrSrfw6Bs_NUd0Wue_spK1CYMoiwgQkSYz3uw_8.jpg""]";true
_dpErSXQ0LwKAK4r27NRpDFxjeU_MRSIF75T5fPQ;Miu Miu Куртка;Укороченная куртка из мягкого флиса серого цвета. Модель выполнена в лаконичном дизайне с акцентом на фактурный материал.;48000;cn386fag2q87srw;lrg3k8cd5bgw3jv;f2gdh71ajulp1ti;;"[""https://static.yeezyunique.ru/batches/59ce4107-c0d3-4ecb-b9ad-7246f5c4ae39/_dpErSXQ0LwKAK4r27NRpDFxjeU_MRSIF75T5fPQ_0.jpg"",""https://static.yeezyunique.ru/batches/59ce4107-c0d3-4ecb-b9ad-7246f5c4ae39/_dpErSXQ0LwKAK4r27NRpDFxjeU_MRSIF75T5fPQ_1.jpg"",""https://static.yeezyunique.ru/batches/59ce4107-c0d3-4ecb-b9ad-7246f5c4ae39/_dpErSXQ0LwKAK4r27NRpDFxjeU_MRSIF75T5fPQ_2.jpg"",""https://static.yeezyunique.ru/batches/59ce4107-c0d3-4ecb-b9ad-7246f5c4ae39/_dpErSXQ0LwKAK4r27NRpDFxjeU_MRSIF75T5fPQ_3.jpg"",""https://static.yeezyunique.ru/batches/59ce4107-c0d3-4ecb-b9ad-7246f5c4ae39/_dpErSXQ0LwKAK4r27NRpDFxjeU_MRSIF75T5fPQ_4.jpg"",""https://static.yeezyunique.ru/batches/59ce4107-c0d3-4ecb-b9ad-7246f5c4ae39/_dpErSXQ0LwKAK4r27NRpDFxjeU_MRSIF75T5fPQ_5.jpg"",""https://static.yeezyunique.ru/batches/59ce4107-c0d3-4ecb-b9ad-7246f5c4ae39/_dpErSXQ0LwKAK4r27NRpDFxjeU_MRSIF75T5fPQ_6.jpg"",""https://static.yeezyunique.ru/batches/59ce4107-c0d3-4ecb-b9ad-7246f5c4ae39/_dpErSXQ0LwKAK4r27NRpDFxjeU_MRSIF75T5fPQ_7.jpg"",""https://static.yeezyunique.ru/batches/59ce4107-c0d3-4ecb-b9ad-7246f5c4ae39/_dpErSXQ0LwKAK4r27NRpDFxjeU_MRSIF75T5fPQ_8.jpg""]";true
_dlErSnIZMZd2eXRmYS9KstsZe2ZydBADF8qKgYg;Miu Miu Куртка;Стильная куртка из мягкого серого флиса. Модель выполнена в лаконичном дизайне, обеспечивающем комфорт и тепло в прохладную погоду.;48000;cn386fag2q87srw;lrg3k8cd5bgw3jv;f2gdh71ajulp1ti;;"[""https://static.yeezyunique.ru/batches/59ce4107-c0d3-4ecb-b9ad-7246f5c4ae39/_dlErSnIZMZd2eXRmYS9KstsZe2ZydBADF8qKgYg_0.jpg"",""https://static.yeezyunique.ru/batches/59ce4107-c0d3-4ecb-b9ad-7246f5c4ae39/_dlErSnIZMZd2eXRmYS9KstsZe2ZydBADF8qKgYg_1.jpg"",""https://static.yeezyunique.ru/batches/59ce4107-c0d3-4ecb-b9ad-7246f5c4ae39/_dlErSnIZMZd2eXRmYS9KstsZe2ZydBADF8qKgYg_2.jpg"",""https://static.yeezyunique.ru/batches/59ce4107-c0d3-4ecb-b9ad-7246f5c4ae39/_dlErSnIZMZd2eXRmYS9KstsZe2ZydBADF8qKgYg_3.jpg"",""https://static.yeezyunique.ru/batches/59ce4107-c0d3-4ecb-b9ad-7246f5c4ae39/_dlErSnIZMZd2eXRmYS9KstsZe2ZydBADF8qKgYg_4.jpg"",""https://static.yeezyunique.ru/batches/59ce4107-c0d3-4ecb-b9ad-7246f5c4ae39/_dlErSnIZMZd2eXRmYS9KstsZe2ZydBADF8qKgYg_5.jpg"",""https://static.yeezyunique.ru/batches/59ce4107-c0d3-4ecb-b9ad-7246f5c4ae39/_dlErSnIZMZd2eXRmYS9KstsZe2ZydBADF8qKgYg_6.jpg"",""https://static.yeezyunique.ru/batches/59ce4107-c0d3-4ecb-b9ad-7246f5c4ae39/_dlErSnIZMZd2eXRmYS9KstsZe2ZydBADF8qKgYg_7.jpg"",""https://static.yeezyunique.ru/batches/59ce4107-c0d3-4ecb-b9ad-7246f5c4ae39/_dlErSnIZMZd2eXRmYS9KstsZe2ZydBADF8qKgYg_8.jpg""]";true
_djbrSQvUGqPRoZfiGFPoXqZGUg394uvEfyK_-7g;Miu Miu Куртка;Стильная куртка из мягкого коричневого флиса. Модель выполнена в лаконичном дизайне, обеспечивающем комфорт и тепло в прохладную погоду.;48000;cn386fag2q87srw;lrg3k8cd5bgw3jv;f2gdh71ajulp1ti;;"[""https://static.yeezyunique.ru/batches/59ce4107-c0d3-4ecb-b9ad-7246f5c4ae39/_djbrSQvUGqPRoZfiGFPoXqZGUg394uvEfyK_-7g_0.jpg"",""https://static.yeezyunique.ru/batches/59ce4107-c0d3-4ecb-b9ad-7246f5c4ae39/_djbrSQvUGqPRoZfiGFPoXqZGUg394uvEfyK_-7g_1.jpg"",""https://static.yeezyunique.ru/batches/59ce4107-c0d3-4ecb-b9ad-7246f5c4ae39/_djbrSQvUGqPRoZfiGFPoXqZGUg394uvEfyK_-7g_2.jpg"",""https://static.yeezyunique.ru/batches/59ce4107-c0d3-4ecb-b9ad-7246f5c4ae39/_djbrSQvUGqPRoZfiGFPoXqZGUg394uvEfyK_-7g_3.jpg"",""https://static.yeezyunique.ru/batches/59ce4107-c0d3-4ecb-b9ad-7246f5c4ae39/_djbrSQvUGqPRoZfiGFPoXqZGUg394uvEfyK_-7g_4.jpg"",""https://static.yeezyunique.ru/batches/59ce4107-c0d3-4ecb-b9ad-7246f5c4ae39/_djbrSQvUGqPRoZfiGFPoXqZGUg394uvEfyK_-7g_5.jpg"",""https://static.yeezyunique.ru/batches/59ce4107-c0d3-4ecb-b9ad-7246f5c4ae39/_djbrSQvUGqPRoZfiGFPoXqZGUg394uvEfyK_-7g_6.jpg"",""https://static.yeezyunique.ru/batches/59ce4107-c0d3-4ecb-b9ad-7246f5c4ae39/_djbrSQvUGqPRoZfiGFPoXqZGUg394uvEfyK_-7g_7.jpg"",""https://static.yeezyunique.ru/batches/59ce4107-c0d3-4ecb-b9ad-7246f5c4ae39/_djbrSQvUGqPRoZfiGFPoXqZGUg394uvEfyK_-7g_8.jpg""]";true
_dbArSMv5E1Fz4SzvpVcqpNnpR5qsMh9q6PR4-iw;Prada Свитшот;Серый свитшот с фирменным принтом. Модель выполнена из мягкого хлопкового материала, обеспечивающего комфорт в повседневной носке.;22000;xf3tgcf0uj7yrqf;lrg3k8cd5bgw3jv;f2n2sffza3y3dp8;;"[""https://static.yeezyunique.ru/batches/59ce4107-c0d3-4ecb-b9ad-7246f5c4ae39/_dbArSMv5E1Fz4SzvpVcqpNnpR5qsMh9q6PR4-iw_0.jpg"",""https://static.yeezyunique.ru/batches/59ce4107-c0d3-4ecb-b9ad-7246f5c4ae39/_dbArSMv5E1Fz4SzvpVcqpNnpR5qsMh9q6PR4-iw_1.jpg"",""https://static.yeezyunique.ru/batches/59ce4107-c0d3-4ecb-b9ad-7246f5c4ae39/_dbArSMv5E1Fz4SzvpVcqpNnpR5qsMh9q6PR4-iw_2.jpg"",""https://static.yeezyunique.ru/batches/59ce4107-c0d3-4ecb-b9ad-7246f5c4ae39/_dbArSMv5E1Fz4SzvpVcqpNnpR5qsMh9q6PR4-iw_3.jpg"",""https://static.yeezyunique.ru/batches/59ce4107-c0d3-4ecb-b9ad-7246f5c4ae39/_dbArSMv5E1Fz4SzvpVcqpNnpR5qsMh9q6PR4-iw_4.jpg"",""https://static.yeezyunique.ru/batches/59ce4107-c0d3-4ecb-b9ad-7246f5c4ae39/_dbArSMv5E1Fz4SzvpVcqpNnpR5qsMh9q6PR4-iw_5.jpg"",""https://static.yeezyunique.ru/batches/59ce4107-c0d3-4ecb-b9ad-7246f5c4ae39/_dbArSMv5E1Fz4SzvpVcqpNnpR5qsMh9q6PR4-iw_6.jpg"",""https://static.yeezyunique.ru/batches/59ce4107-c0d3-4ecb-b9ad-7246f5c4ae39/_dbArSMv5E1Fz4SzvpVcqpNnpR5qsMh9q6PR4-iw_7.jpg"",""https://static.yeezyunique.ru/batches/59ce4107-c0d3-4ecb-b9ad-7246f5c4ae39/_dbArSMv5E1Fz4SzvpVcqpNnpR5qsMh9q6PR4-iw_8.jpg""]";true
_duVrShBFCxc5euMXeFEQBFhprXDYvKvnGVdxNgw;Miu Miu Куртка;Двусторонняя куртка в темно-сером цвете. Модель выполнена в лаконичном дизайне, подходящем для повседневного образа.;48000;cn386fag2q87srw;lrg3k8cd5bgw3jv;f2gdh71ajulp1ti;;"[""https://static.yeezyunique.ru/batches/59ce4107-c0d3-4ecb-b9ad-7246f5c4ae39/_duVrShBFCxc5euMXeFEQBFhprXDYvKvnGVdxNgw_0.jpg"",""https://static.yeezyunique.ru/batches/59ce4107-c0d3-4ecb-b9ad-7246f5c4ae39/_duVrShBFCxc5euMXeFEQBFhprXDYvKvnGVdxNgw_1.jpg"",""https://static.yeezyunique.ru/batches/59ce4107-c0d3-4ecb-b9ad-7246f5c4ae39/_duVrShBFCxc5euMXeFEQBFhprXDYvKvnGVdxNgw_2.jpg"",""https://static.yeezyunique.ru/batches/59ce4107-c0d3-4ecb-b9ad-7246f5c4ae39/_duVrShBFCxc5euMXeFEQBFhprXDYvKvnGVdxNgw_3.jpg"",""https://static.yeezyunique.ru/batches/59ce4107-c0d3-4ecb-b9ad-7246f5c4ae39/_duVrShBFCxc5euMXeFEQBFhprXDYvKvnGVdxNgw_4.jpg"",""https://static.yeezyunique.ru/batches/59ce4107-c0d3-4ecb-b9ad-7246f5c4ae39/_duVrShBFCxc5euMXeFEQBFhprXDYvKvnGVdxNgw_5.jpg"",""https://static.yeezyunique.ru/batches/59ce4107-c0d3-4ecb-b9ad-7246f5c4ae39/_duVrShBFCxc5euMXeFEQBFhprXDYvKvnGVdxNgw_6.jpg"",""https://static.yeezyunique.ru/batches/59ce4107-c0d3-4ecb-b9ad-7246f5c4ae39/_duVrShBFCxc5euMXeFEQBFhprXDYvKvnGVdxNgw_7.jpg"",""https://static.yeezyunique.ru/batches/59ce4107-c0d3-4ecb-b9ad-7246f5c4ae39/_duVrShBFCxc5euMXeFEQBFhprXDYvKvnGVdxNgw_8.jpg""]";true
_d--rSJ7-VADrDxH4S7x8r8iKBOb2FKnM4VDj2Rw;Miu Miu Кардиган;Элегантный кардиган глубокого коричневого цвета выполнен из мягкого кашемира. Модель отличается классическим кроем и приятной на ощупь фактурой материала.;32000;cn386fag2q87srw;lrg3k8cd5bgw3jv;ax58t1dsv5ibq7v;;"[""https://static.yeezyunique.ru/batches/59ce4107-c0d3-4ecb-b9ad-7246f5c4ae39/_d--rSJ7-VADrDxH4S7x8r8iKBOb2FKnM4VDj2Rw_0.jpg"",""https://static.yeezyunique.ru/batches/59ce4107-c0d3-4ecb-b9ad-7246f5c4ae39/_d--rSJ7-VADrDxH4S7x8r8iKBOb2FKnM4VDj2Rw_1.jpg"",""https://static.yeezyunique.ru/batches/59ce4107-c0d3-4ecb-b9ad-7246f5c4ae39/_d--rSJ7-VADrDxH4S7x8r8iKBOb2FKnM4VDj2Rw_2.jpg"",""https://static.yeezyunique.ru/batches/59ce4107-c0d3-4ecb-b9ad-7246f5c4ae39/_d--rSJ7-VADrDxH4S7x8r8iKBOb2FKnM4VDj2Rw_3.jpg"",""https://static.yeezyunique.ru/batches/59ce4107-c0d3-4ecb-b9ad-7246f5c4ae39/_d--rSJ7-VADrDxH4S7x8r8iKBOb2FKnM4VDj2Rw_4.jpg"",""https://static.yeezyunique.ru/batches/59ce4107-c0d3-4ecb-b9ad-7246f5c4ae39/_d--rSJ7-VADrDxH4S7x8r8iKBOb2FKnM4VDj2Rw_5.jpg"",""https://static.yeezyunique.ru/batches/59ce4107-c0d3-4ecb-b9ad-7246f5c4ae39/_d--rSJ7-VADrDxH4S7x8r8iKBOb2FKnM4VDj2Rw_6.jpg"",""https://static.yeezyunique.ru/batches/59ce4107-c0d3-4ecb-b9ad-7246f5c4ae39/_d--rSJ7-VADrDxH4S7x8r8iKBOb2FKnM4VDj2Rw_7.jpg"",""https://static.yeezyunique.ru/batches/59ce4107-c0d3-4ecb-b9ad-7246f5c4ae39/_d--rSJ7-VADrDxH4S7x8r8iKBOb2FKnM4VDj2Rw_8.jpg""]";true
_doVrSh8o3S_8SCM4n045ooOB8-kIW1fWTJYPUWw;Miu Miu Кардиган;Классический серый кардиган из мягкого кашемира. Модель выполнена в лаконичном стиле с застежкой на пуговицы.;32000;cn386fag2q87srw;lrg3k8cd5bgw3jv;ax58t1dsv5ibq7v;;"[""https://static.yeezyunique.ru/batches/59ce4107-c0d3-4ecb-b9ad-7246f5c4ae39/_doVrSh8o3S_8SCM4n045ooOB8-kIW1fWTJYPUWw_0.jpg"",""https://static.yeezyunique.ru/batches/59ce4107-c0d3-4ecb-b9ad-7246f5c4ae39/_doVrSh8o3S_8SCM4n045ooOB8-kIW1fWTJYPUWw_1.jpg"",""https://static.yeezyunique.ru/batches/59ce4107-c0d3-4ecb-b9ad-7246f5c4ae39/_doVrSh8o3S_8SCM4n045ooOB8-kIW1fWTJYPUWw_2.jpg"",""https://static.yeezyunique.ru/batches/59ce4107-c0d3-4ecb-b9ad-7246f5c4ae39/_doVrSh8o3S_8SCM4n045ooOB8-kIW1fWTJYPUWw_3.jpg"",""https://static.yeezyunique.ru/batches/59ce4107-c0d3-4ecb-b9ad-7246f5c4ae39/_doVrSh8o3S_8SCM4n045ooOB8-kIW1fWTJYPUWw_4.jpg"",""https://static.yeezyunique.ru/batches/59ce4107-c0d3-4ecb-b9ad-7246f5c4ae39/_doVrSh8o3S_8SCM4n045ooOB8-kIW1fWTJYPUWw_5.jpg"",""https://static.yeezyunique.ru/batches/59ce4107-c0d3-4ecb-b9ad-7246f5c4ae39/_doVrSh8o3S_8SCM4n045ooOB8-kIW1fWTJYPUWw_6.jpg"",""https://static.yeezyunique.ru/batches/59ce4107-c0d3-4ecb-b9ad-7246f5c4ae39/_doVrSh8o3S_8SCM4n045ooOB8-kIW1fWTJYPUWw_7.jpg"",""https://static.yeezyunique.ru/batches/59ce4107-c0d3-4ecb-b9ad-7246f5c4ae39/_doVrSh8o3S_8SCM4n045ooOB8-kIW1fWTJYPUWw_8.jpg""]";true
_d2jrSmiOVGeNxx3mf98voLnpqpDPxSx_20nU5yw;Miu Miu Кардиган;Классический кардиган желтого цвета, выполненный из мягкого кашемира. Модель дополнена фирменными пуговицами и отличается лаконичным кроем.;32000;cn386fag2q87srw;lrg3k8cd5bgw3jv;ax58t1dsv5ibq7v;;"[""https://static.yeezyunique.ru/batches/59ce4107-c0d3-4ecb-b9ad-7246f5c4ae39/_d2jrSmiOVGeNxx3mf98voLnpqpDPxSx_20nU5yw_0.jpg"",""https://static.yeezyunique.ru/batches/59ce4107-c0d3-4ecb-b9ad-7246f5c4ae39/_d2jrSmiOVGeNxx3mf98voLnpqpDPxSx_20nU5yw_1.jpg"",""https://static.yeezyunique.ru/batches/59ce4107-c0d3-4ecb-b9ad-7246f5c4ae39/_d2jrSmiOVGeNxx3mf98voLnpqpDPxSx_20nU5yw_2.jpg"",""https://static.yeezyunique.ru/batches/59ce4107-c0d3-4ecb-b9ad-7246f5c4ae39/_d2jrSmiOVGeNxx3mf98voLnpqpDPxSx_20nU5yw_3.jpg"",""https://static.yeezyunique.ru/batches/59ce4107-c0d3-4ecb-b9ad-7246f5c4ae39/_d2jrSmiOVGeNxx3mf98voLnpqpDPxSx_20nU5yw_4.jpg"",""https://static.yeezyunique.ru/batches/59ce4107-c0d3-4ecb-b9ad-7246f5c4ae39/_d2jrSmiOVGeNxx3mf98voLnpqpDPxSx_20nU5yw_5.jpg"",""https://static.yeezyunique.ru/batches/59ce4107-c0d3-4ecb-b9ad-7246f5c4ae39/_d2jrSmiOVGeNxx3mf98voLnpqpDPxSx_20nU5yw_6.jpg"",""https://static.yeezyunique.ru/batches/59ce4107-c0d3-4ecb-b9ad-7246f5c4ae39/_d2jrSmiOVGeNxx3mf98voLnpqpDPxSx_20nU5yw_7.jpg"",""https://static.yeezyunique.ru/batches/59ce4107-c0d3-4ecb-b9ad-7246f5c4ae39/_d2jrSmiOVGeNxx3mf98voLnpqpDPxSx_20nU5yw_8.jpg""]";true
_dP6rSi_uNX1g-KEOwlUZEcqd063KNoSVsMuzg9w;Miu Miu Куртка;Стильная куртка темно-синего цвета с контрастными красными шнурками. Модель выполнена в лаконичном дизайне, подчеркивающем фирменный стиль бренда.;48000;cn386fag2q87srw;lrg3k8cd5bgw3jv;f2gdh71ajulp1ti;;"[""https://static.yeezyunique.ru/batches/59ce4107-c0d3-4ecb-b9ad-7246f5c4ae39/_dP6rSi_uNX1g-KEOwlUZEcqd063KNoSVsMuzg9w_0.jpg"",""https://static.yeezyunique.ru/batches/59ce4107-c0d3-4ecb-b9ad-7246f5c4ae39/_dP6rSi_uNX1g-KEOwlUZEcqd063KNoSVsMuzg9w_1.jpg"",""https://static.yeezyunique.ru/batches/59ce4107-c0d3-4ecb-b9ad-7246f5c4ae39/_dP6rSi_uNX1g-KEOwlUZEcqd063KNoSVsMuzg9w_2.jpg"",""https://static.yeezyunique.ru/batches/59ce4107-c0d3-4ecb-b9ad-7246f5c4ae39/_dP6rSi_uNX1g-KEOwlUZEcqd063KNoSVsMuzg9w_3.jpg"",""https://static.yeezyunique.ru/batches/59ce4107-c0d3-4ecb-b9ad-7246f5c4ae39/_dP6rSi_uNX1g-KEOwlUZEcqd063KNoSVsMuzg9w_4.jpg"",""https://static.yeezyunique.ru/batches/59ce4107-c0d3-4ecb-b9ad-7246f5c4ae39/_dP6rSi_uNX1g-KEOwlUZEcqd063KNoSVsMuzg9w_5.jpg"",""https://static.yeezyunique.ru/batches/59ce4107-c0d3-4ecb-b9ad-7246f5c4ae39/_dP6rSi_uNX1g-KEOwlUZEcqd063KNoSVsMuzg9w_6.jpg"",""https://static.yeezyunique.ru/batches/59ce4107-c0d3-4ecb-b9ad-7246f5c4ae39/_dP6rSi_uNX1g-KEOwlUZEcqd063KNoSVsMuzg9w_7.jpg"",""https://static.yeezyunique.ru/batches/59ce4107-c0d3-4ecb-b9ad-7246f5c4ae39/_dP6rSi_uNX1g-KEOwlUZEcqd063KNoSVsMuzg9w_8.jpg""]";true
_dbNrS03SR6o6cUemDsdwTHY71sToi8hwGK6JzIw;Burberry Куртка;Черная ветровка от Burberry с фирменным логотипом в виде рыцаря. Модель выполнена из высококачественного материала, обеспечивающего защиту от ветра и влаги.;48000;9610bhle5fdutm0;lrg3k8cd5bgw3jv;f2gdh71ajulp1ti;;"[""https://static.yeezyunique.ru/batches/59ce4107-c0d3-4ecb-b9ad-7246f5c4ae39/_dbNrS03SR6o6cUemDsdwTHY71sToi8hwGK6JzIw_0.jpg"",""https://static.yeezyunique.ru/batches/59ce4107-c0d3-4ecb-b9ad-7246f5c4ae39/_dbNrS03SR6o6cUemDsdwTHY71sToi8hwGK6JzIw_1.jpg"",""https://static.yeezyunique.ru/batches/59ce4107-c0d3-4ecb-b9ad-7246f5c4ae39/_dbNrS03SR6o6cUemDsdwTHY71sToi8hwGK6JzIw_2.jpg"",""https://static.yeezyunique.ru/batches/59ce4107-c0d3-4ecb-b9ad-7246f5c4ae39/_dbNrS03SR6o6cUemDsdwTHY71sToi8hwGK6JzIw_3.jpg"",""https://static.yeezyunique.ru/batches/59ce4107-c0d3-4ecb-b9ad-7246f5c4ae39/_dbNrS03SR6o6cUemDsdwTHY71sToi8hwGK6JzIw_4.jpg"",""https://static.yeezyunique.ru/batches/59ce4107-c0d3-4ecb-b9ad-7246f5c4ae39/_dbNrS03SR6o6cUemDsdwTHY71sToi8hwGK6JzIw_5.jpg"",""https://static.yeezyunique.ru/batches/59ce4107-c0d3-4ecb-b9ad-7246f5c4ae39/_dbNrS03SR6o6cUemDsdwTHY71sToi8hwGK6JzIw_6.jpg"",""https://static.yeezyunique.ru/batches/59ce4107-c0d3-4ecb-b9ad-7246f5c4ae39/_dbNrS03SR6o6cUemDsdwTHY71sToi8hwGK6JzIw_7.jpg"",""https://static.yeezyunique.ru/batches/59ce4107-c0d3-4ecb-b9ad-7246f5c4ae39/_dbNrS03SR6o6cUemDsdwTHY71sToi8hwGK6JzIw_8.jpg""]";true
_d_frSA18oVKmM-Pp_tJJ012y1WGDje2oYYKWxUQ;Prada Куртка;Спортивная куртка темно-синего цвета с контрастными белыми полосками. Модель выполнена из технологичного материала, обеспечивающего защиту от ветра и влаги.;48000;xf3tgcf0uj7yrqf;lrg3k8cd5bgw3jv;f2gdh71ajulp1ti;;"[""https://static.yeezyunique.ru/batches/59ce4107-c0d3-4ecb-b9ad-7246f5c4ae39/_d_frSA18oVKmM-Pp_tJJ012y1WGDje2oYYKWxUQ_0.jpg"",""https://static.yeezyunique.ru/batches/59ce4107-c0d3-4ecb-b9ad-7246f5c4ae39/_d_frSA18oVKmM-Pp_tJJ012y1WGDje2oYYKWxUQ_1.jpg"",""https://static.yeezyunique.ru/batches/59ce4107-c0d3-4ecb-b9ad-7246f5c4ae39/_d_frSA18oVKmM-Pp_tJJ012y1WGDje2oYYKWxUQ_2.jpg"",""https://static.yeezyunique.ru/batches/59ce4107-c0d3-4ecb-b9ad-7246f5c4ae39/_d_frSA18oVKmM-Pp_tJJ012y1WGDje2oYYKWxUQ_3.jpg"",""https://static.yeezyunique.ru/batches/59ce4107-c0d3-4ecb-b9ad-7246f5c4ae39/_d_frSA18oVKmM-Pp_tJJ012y1WGDje2oYYKWxUQ_4.jpg"",""https://static.yeezyunique.ru/batches/59ce4107-c0d3-4ecb-b9ad-7246f5c4ae39/_d_frSA18oVKmM-Pp_tJJ012y1WGDje2oYYKWxUQ_5.jpg"",""https://static.yeezyunique.ru/batches/59ce4107-c0d3-4ecb-b9ad-7246f5c4ae39/_d_frSA18oVKmM-Pp_tJJ012y1WGDje2oYYKWxUQ_6.jpg"",""https://static.yeezyunique.ru/batches/59ce4107-c0d3-4ecb-b9ad-7246f5c4ae39/_d_frSA18oVKmM-Pp_tJJ012y1WGDje2oYYKWxUQ_7.jpg"",""https://static.yeezyunique.ru/batches/59ce4107-c0d3-4ecb-b9ad-7246f5c4ae39/_d_frSA18oVKmM-Pp_tJJ012y1WGDje2oYYKWxUQ_8.jpg""]";true
_dv_rSBJjlOOIQjdSHsyCU7ZPMqvpuJuL1h1vS0w;Celine Куртка;Черная ветровка Celine с фирменным логотипом. Модель выполнена в спортивном стиле с функциональной застежкой и удобным кроем.;48000;e89n7qtko2kop8t;lrg3k8cd5bgw3jv;f2gdh71ajulp1ti;;"[""https://static.yeezyunique.ru/batches/59ce4107-c0d3-4ecb-b9ad-7246f5c4ae39/_dv_rSBJjlOOIQjdSHsyCU7ZPMqvpuJuL1h1vS0w_0.jpg"",""https://static.yeezyunique.ru/batches/59ce4107-c0d3-4ecb-b9ad-7246f5c4ae39/_dv_rSBJjlOOIQjdSHsyCU7ZPMqvpuJuL1h1vS0w_1.jpg"",""https://static.yeezyunique.ru/batches/59ce4107-c0d3-4ecb-b9ad-7246f5c4ae39/_dv_rSBJjlOOIQjdSHsyCU7ZPMqvpuJuL1h1vS0w_2.jpg"",""https://static.yeezyunique.ru/batches/59ce4107-c0d3-4ecb-b9ad-7246f5c4ae39/_dv_rSBJjlOOIQjdSHsyCU7ZPMqvpuJuL1h1vS0w_3.jpg"",""https://static.yeezyunique.ru/batches/59ce4107-c0d3-4ecb-b9ad-7246f5c4ae39/_dv_rSBJjlOOIQjdSHsyCU7ZPMqvpuJuL1h1vS0w_4.jpg"",""https://static.yeezyunique.ru/batches/59ce4107-c0d3-4ecb-b9ad-7246f5c4ae39/_dv_rSBJjlOOIQjdSHsyCU7ZPMqvpuJuL1h1vS0w_5.jpg"",""https://static.yeezyunique.ru/batches/59ce4107-c0d3-4ecb-b9ad-7246f5c4ae39/_dv_rSBJjlOOIQjdSHsyCU7ZPMqvpuJuL1h1vS0w_6.jpg"",""https://static.yeezyunique.ru/batches/59ce4107-c0d3-4ecb-b9ad-7246f5c4ae39/_dv_rSBJjlOOIQjdSHsyCU7ZPMqvpuJuL1h1vS0w_7.jpg"",""https://static.yeezyunique.ru/batches/59ce4107-c0d3-4ecb-b9ad-7246f5c4ae39/_dv_rSBJjlOOIQjdSHsyCU7ZPMqvpuJuL1h1vS0w_8.jpg""]";true
_dpZrSmw2bvdfpL8Dfb-BOnQcJpAWpjfEaFbGhYg;Celine Куртка;Черная куртка Celine с фирменным логотипом C. Модель выполнена в лаконичном стиле с качественной фурнитурой.;48000;e89n7qtko2kop8t;lrg3k8cd5bgw3jv;f2gdh71ajulp1ti;;"[""https://static.yeezyunique.ru/batches/59ce4107-c0d3-4ecb-b9ad-7246f5c4ae39/_dpZrSmw2bvdfpL8Dfb-BOnQcJpAWpjfEaFbGhYg_0.jpg"",""https://static.yeezyunique.ru/batches/59ce4107-c0d3-4ecb-b9ad-7246f5c4ae39/_dpZrSmw2bvdfpL8Dfb-BOnQcJpAWpjfEaFbGhYg_1.jpg"",""https://static.yeezyunique.ru/batches/59ce4107-c0d3-4ecb-b9ad-7246f5c4ae39/_dpZrSmw2bvdfpL8Dfb-BOnQcJpAWpjfEaFbGhYg_2.jpg"",""https://static.yeezyunique.ru/batches/59ce4107-c0d3-4ecb-b9ad-7246f5c4ae39/_dpZrSmw2bvdfpL8Dfb-BOnQcJpAWpjfEaFbGhYg_3.jpg"",""https://static.yeezyunique.ru/batches/59ce4107-c0d3-4ecb-b9ad-7246f5c4ae39/_dpZrSmw2bvdfpL8Dfb-BOnQcJpAWpjfEaFbGhYg_4.jpg"",""https://static.yeezyunique.ru/batches/59ce4107-c0d3-4ecb-b9ad-7246f5c4ae39/_dpZrSmw2bvdfpL8Dfb-BOnQcJpAWpjfEaFbGhYg_5.jpg"",""https://static.yeezyunique.ru/batches/59ce4107-c0d3-4ecb-b9ad-7246f5c4ae39/_dpZrSmw2bvdfpL8Dfb-BOnQcJpAWpjfEaFbGhYg_6.jpg"",""https://static.yeezyunique.ru/batches/59ce4107-c0d3-4ecb-b9ad-7246f5c4ae39/_dpZrSmw2bvdfpL8Dfb-BOnQcJpAWpjfEaFbGhYg_7.jpg"",""https://static.yeezyunique.ru/batches/59ce4107-c0d3-4ecb-b9ad-7246f5c4ae39/_dpZrSmw2bvdfpL8Dfb-BOnQcJpAWpjfEaFbGhYg_8.jpg""]";true
_dfRrSQVmiT-fnOaHd3-d2htcOEUMaNi7iS343kw;Gucci Куртка;Стильная куртка-ветровка от Gucci в нежном бежевом оттенке. Модель выполнена из качественного материала с вниманием к деталям и фурнитуре.;48000;6bjd11fcyypitno;lrg3k8cd5bgw3jv;f2gdh71ajulp1ti;;"[""https://static.yeezyunique.ru/batches/59ce4107-c0d3-4ecb-b9ad-7246f5c4ae39/_dfRrSQVmiT-fnOaHd3-d2htcOEUMaNi7iS343kw_0.jpg"",""https://static.yeezyunique.ru/batches/59ce4107-c0d3-4ecb-b9ad-7246f5c4ae39/_dfRrSQVmiT-fnOaHd3-d2htcOEUMaNi7iS343kw_1.jpg"",""https://static.yeezyunique.ru/batches/59ce4107-c0d3-4ecb-b9ad-7246f5c4ae39/_dfRrSQVmiT-fnOaHd3-d2htcOEUMaNi7iS343kw_2.jpg"",""https://static.yeezyunique.ru/batches/59ce4107-c0d3-4ecb-b9ad-7246f5c4ae39/_dfRrSQVmiT-fnOaHd3-d2htcOEUMaNi7iS343kw_3.jpg"",""https://static.yeezyunique.ru/batches/59ce4107-c0d3-4ecb-b9ad-7246f5c4ae39/_dfRrSQVmiT-fnOaHd3-d2htcOEUMaNi7iS343kw_4.jpg"",""https://static.yeezyunique.ru/batches/59ce4107-c0d3-4ecb-b9ad-7246f5c4ae39/_dfRrSQVmiT-fnOaHd3-d2htcOEUMaNi7iS343kw_5.jpg"",""https://static.yeezyunique.ru/batches/59ce4107-c0d3-4ecb-b9ad-7246f5c4ae39/_dfRrSQVmiT-fnOaHd3-d2htcOEUMaNi7iS343kw_6.jpg"",""https://static.yeezyunique.ru/batches/59ce4107-c0d3-4ecb-b9ad-7246f5c4ae39/_dfRrSQVmiT-fnOaHd3-d2htcOEUMaNi7iS343kw_7.jpg"",""https://static.yeezyunique.ru/batches/59ce4107-c0d3-4ecb-b9ad-7246f5c4ae39/_dfRrSQVmiT-fnOaHd3-d2htcOEUMaNi7iS343kw_8.jpg""]";true
_dcGrSTQ-N_KkQmf4qQmqD2rtT8KC7ZChBv0YaFw;Gucci Куртка;Черная ветровка Gucci с контрастными цветными шнурками. Модель выполнена в спортивном стиле и дополнена функциональной фурнитурой.;48000;6bjd11fcyypitno;lrg3k8cd5bgw3jv;f2gdh71ajulp1ti;;"[""https://static.yeezyunique.ru/batches/59ce4107-c0d3-4ecb-b9ad-7246f5c4ae39/_dcGrSTQ-N_KkQmf4qQmqD2rtT8KC7ZChBv0YaFw_0.jpg"",""https://static.yeezyunique.ru/batches/59ce4107-c0d3-4ecb-b9ad-7246f5c4ae39/_dcGrSTQ-N_KkQmf4qQmqD2rtT8KC7ZChBv0YaFw_1.jpg"",""https://static.yeezyunique.ru/batches/59ce4107-c0d3-4ecb-b9ad-7246f5c4ae39/_dcGrSTQ-N_KkQmf4qQmqD2rtT8KC7ZChBv0YaFw_2.jpg"",""https://static.yeezyunique.ru/batches/59ce4107-c0d3-4ecb-b9ad-7246f5c4ae39/_dcGrSTQ-N_KkQmf4qQmqD2rtT8KC7ZChBv0YaFw_3.jpg"",""https://static.yeezyunique.ru/batches/59ce4107-c0d3-4ecb-b9ad-7246f5c4ae39/_dcGrSTQ-N_KkQmf4qQmqD2rtT8KC7ZChBv0YaFw_4.jpg"",""https://static.yeezyunique.ru/batches/59ce4107-c0d3-4ecb-b9ad-7246f5c4ae39/_dcGrSTQ-N_KkQmf4qQmqD2rtT8KC7ZChBv0YaFw_5.jpg"",""https://static.yeezyunique.ru/batches/59ce4107-c0d3-4ecb-b9ad-7246f5c4ae39/_dcGrSTQ-N_KkQmf4qQmqD2rtT8KC7ZChBv0YaFw_6.jpg"",""https://static.yeezyunique.ru/batches/59ce4107-c0d3-4ecb-b9ad-7246f5c4ae39/_dcGrSTQ-N_KkQmf4qQmqD2rtT8KC7ZChBv0YaFw_7.jpg"",""https://static.yeezyunique.ru/batches/59ce4107-c0d3-4ecb-b9ad-7246f5c4ae39/_dcGrSTQ-N_KkQmf4qQmqD2rtT8KC7ZChBv0YaFw_8.jpg""]";true
_d_6rShvlwy9YwTg6bdGGj_gWBl1J2dfSEUjVPgg;Loewe Свитер;Черный свитер от Loewe с акцентным карманом и логотипом бренда. Модель выполнена из мягкого трикотажа, обеспечивающего комфорт и тепло в прохладную погоду.;22000;v0xek8wss4meybg;lrg3k8cd5bgw3jv;ym3l5fcfyge7uph;;"[""https://static.yeezyunique.ru/batches/59ce4107-c0d3-4ecb-b9ad-7246f5c4ae39/_d_6rShvlwy9YwTg6bdGGj_gWBl1J2dfSEUjVPgg_0.jpg"",""https://static.yeezyunique.ru/batches/59ce4107-c0d3-4ecb-b9ad-7246f5c4ae39/_d_6rShvlwy9YwTg6bdGGj_gWBl1J2dfSEUjVPgg_1.jpg"",""https://static.yeezyunique.ru/batches/59ce4107-c0d3-4ecb-b9ad-7246f5c4ae39/_d_6rShvlwy9YwTg6bdGGj_gWBl1J2dfSEUjVPgg_2.jpg"",""https://static.yeezyunique.ru/batches/59ce4107-c0d3-4ecb-b9ad-7246f5c4ae39/_d_6rShvlwy9YwTg6bdGGj_gWBl1J2dfSEUjVPgg_3.jpg"",""https://static.yeezyunique.ru/batches/59ce4107-c0d3-4ecb-b9ad-7246f5c4ae39/_d_6rShvlwy9YwTg6bdGGj_gWBl1J2dfSEUjVPgg_4.jpg"",""https://static.yeezyunique.ru/batches/59ce4107-c0d3-4ecb-b9ad-7246f5c4ae39/_d_6rShvlwy9YwTg6bdGGj_gWBl1J2dfSEUjVPgg_5.jpg"",""https://static.yeezyunique.ru/batches/59ce4107-c0d3-4ecb-b9ad-7246f5c4ae39/_d_6rShvlwy9YwTg6bdGGj_gWBl1J2dfSEUjVPgg_6.jpg"",""https://static.yeezyunique.ru/batches/59ce4107-c0d3-4ecb-b9ad-7246f5c4ae39/_d_6rShvlwy9YwTg6bdGGj_gWBl1J2dfSEUjVPgg_7.jpg"",""https://static.yeezyunique.ru/batches/59ce4107-c0d3-4ecb-b9ad-7246f5c4ae39/_d_6rShvlwy9YwTg6bdGGj_gWBl1J2dfSEUjVPgg_8.jpg""]";true
_dbWrSDyD84M8ubSqPwaYUqwiY6_UAr7TlRpo8LQ;Gucci Куртка;Черная куртка с фирменным темным узором и воротником-стойкой. Модель выполнена в лаконичном стиле с качественной фурнитурой.;48000;6bjd11fcyypitno;lrg3k8cd5bgw3jv;f2gdh71ajulp1ti;;"[""https://static.yeezyunique.ru/batches/59ce4107-c0d3-4ecb-b9ad-7246f5c4ae39/_dbWrSDyD84M8ubSqPwaYUqwiY6_UAr7TlRpo8LQ_0.jpg"",""https://static.yeezyunique.ru/batches/59ce4107-c0d3-4ecb-b9ad-7246f5c4ae39/_dbWrSDyD84M8ubSqPwaYUqwiY6_UAr7TlRpo8LQ_1.jpg"",""https://static.yeezyunique.ru/batches/59ce4107-c0d3-4ecb-b9ad-7246f5c4ae39/_dbWrSDyD84M8ubSqPwaYUqwiY6_UAr7TlRpo8LQ_2.jpg"",""https://static.yeezyunique.ru/batches/59ce4107-c0d3-4ecb-b9ad-7246f5c4ae39/_dbWrSDyD84M8ubSqPwaYUqwiY6_UAr7TlRpo8LQ_3.jpg"",""https://static.yeezyunique.ru/batches/59ce4107-c0d3-4ecb-b9ad-7246f5c4ae39/_dbWrSDyD84M8ubSqPwaYUqwiY6_UAr7TlRpo8LQ_4.jpg"",""https://static.yeezyunique.ru/batches/59ce4107-c0d3-4ecb-b9ad-7246f5c4ae39/_dbWrSDyD84M8ubSqPwaYUqwiY6_UAr7TlRpo8LQ_5.jpg"",""https://static.yeezyunique.ru/batches/59ce4107-c0d3-4ecb-b9ad-7246f5c4ae39/_dbWrSDyD84M8ubSqPwaYUqwiY6_UAr7TlRpo8LQ_6.jpg"",""https://static.yeezyunique.ru/batches/59ce4107-c0d3-4ecb-b9ad-7246f5c4ae39/_dbWrSDyD84M8ubSqPwaYUqwiY6_UAr7TlRpo8LQ_7.jpg"",""https://static.yeezyunique.ru/batches/59ce4107-c0d3-4ecb-b9ad-7246f5c4ae39/_dbWrSDyD84M8ubSqPwaYUqwiY6_UAr7TlRpo8LQ_8.jpg""]";true
_dasrSt_xNk9_zWo9HLXnSVgQdPONBSvz8BPLMYg;Gucci Куртка;Стильная куртка от Gucci, дополненная фирменной красно-зеленой лентой на карманах. Модель выполнена в классическом крое с качественной фурнитурой.;48000;6bjd11fcyypitno;lrg3k8cd5bgw3jv;f2gdh71ajulp1ti;;"[""https://static.yeezyunique.ru/batches/59ce4107-c0d3-4ecb-b9ad-7246f5c4ae39/_dasrSt_xNk9_zWo9HLXnSVgQdPONBSvz8BPLMYg_0.jpg"",""https://static.yeezyunique.ru/batches/59ce4107-c0d3-4ecb-b9ad-7246f5c4ae39/_dasrSt_xNk9_zWo9HLXnSVgQdPONBSvz8BPLMYg_1.jpg"",""https://static.yeezyunique.ru/batches/59ce4107-c0d3-4ecb-b9ad-7246f5c4ae39/_dasrSt_xNk9_zWo9HLXnSVgQdPONBSvz8BPLMYg_2.jpg"",""https://static.yeezyunique.ru/batches/59ce4107-c0d3-4ecb-b9ad-7246f5c4ae39/_dasrSt_xNk9_zWo9HLXnSVgQdPONBSvz8BPLMYg_3.jpg"",""https://static.yeezyunique.ru/batches/59ce4107-c0d3-4ecb-b9ad-7246f5c4ae39/_dasrSt_xNk9_zWo9HLXnSVgQdPONBSvz8BPLMYg_4.jpg"",""https://static.yeezyunique.ru/batches/59ce4107-c0d3-4ecb-b9ad-7246f5c4ae39/_dasrSt_xNk9_zWo9HLXnSVgQdPONBSvz8BPLMYg_5.jpg"",""https://static.yeezyunique.ru/batches/59ce4107-c0d3-4ecb-b9ad-7246f5c4ae39/_dasrSt_xNk9_zWo9HLXnSVgQdPONBSvz8BPLMYg_6.jpg"",""https://static.yeezyunique.ru/batches/59ce4107-c0d3-4ecb-b9ad-7246f5c4ae39/_dasrSt_xNk9_zWo9HLXnSVgQdPONBSvz8BPLMYg_7.jpg"",""https://static.yeezyunique.ru/batches/59ce4107-c0d3-4ecb-b9ad-7246f5c4ae39/_dasrSt_xNk9_zWo9HLXnSVgQdPONBSvz8BPLMYg_8.jpg""]";true
_dutrSHceqlttvbHro-4ZNNvw-vbSWn9muyRertg;Gucci Куртка;Стильная двусторонняя куртка от Gucci с лаконичным кроем. Модель дополнена фирменным логотипом на рукаве и отличается функциональным дизайном, позволяющим носить изделие на обе стороны.;48000;6bjd11fcyypitno;lrg3k8cd5bgw3jv;f2gdh71ajulp1ti;;"[""https://static.yeezyunique.ru/batches/59ce4107-c0d3-4ecb-b9ad-7246f5c4ae39/_dutrSHceqlttvbHro-4ZNNvw-vbSWn9muyRertg_0.jpg"",""https://static.yeezyunique.ru/batches/59ce4107-c0d3-4ecb-b9ad-7246f5c4ae39/_dutrSHceqlttvbHro-4ZNNvw-vbSWn9muyRertg_1.jpg"",""https://static.yeezyunique.ru/batches/59ce4107-c0d3-4ecb-b9ad-7246f5c4ae39/_dutrSHceqlttvbHro-4ZNNvw-vbSWn9muyRertg_2.jpg"",""https://static.yeezyunique.ru/batches/59ce4107-c0d3-4ecb-b9ad-7246f5c4ae39/_dutrSHceqlttvbHro-4ZNNvw-vbSWn9muyRertg_3.jpg"",""https://static.yeezyunique.ru/batches/59ce4107-c0d3-4ecb-b9ad-7246f5c4ae39/_dutrSHceqlttvbHro-4ZNNvw-vbSWn9muyRertg_4.jpg"",""https://static.yeezyunique.ru/batches/59ce4107-c0d3-4ecb-b9ad-7246f5c4ae39/_dutrSHceqlttvbHro-4ZNNvw-vbSWn9muyRertg_5.jpg"",""https://static.yeezyunique.ru/batches/59ce4107-c0d3-4ecb-b9ad-7246f5c4ae39/_dutrSHceqlttvbHro-4ZNNvw-vbSWn9muyRertg_6.jpg"",""https://static.yeezyunique.ru/batches/59ce4107-c0d3-4ecb-b9ad-7246f5c4ae39/_dutrSHceqlttvbHro-4ZNNvw-vbSWn9muyRertg_7.jpg"",""https://static.yeezyunique.ru/batches/59ce4107-c0d3-4ecb-b9ad-7246f5c4ae39/_dutrSHceqlttvbHro-4ZNNvw-vbSWn9muyRertg_8.jpg""]";true
_dL2rSgSY1AG-F_z9m77c2-dShr_hlRa0f3lPBPA;Gucci Куртка;Двусторонняя куртка черного цвета от Gucci. Модель дополнена фирменной текстильной лентой и качественной фурнитурой.;48000;6bjd11fcyypitno;lrg3k8cd5bgw3jv;f2gdh71ajulp1ti;;"[""https://static.yeezyunique.ru/batches/59ce4107-c0d3-4ecb-b9ad-7246f5c4ae39/_dL2rSgSY1AG-F_z9m77c2-dShr_hlRa0f3lPBPA_0.jpg"",""https://static.yeezyunique.ru/batches/59ce4107-c0d3-4ecb-b9ad-7246f5c4ae39/_dL2rSgSY1AG-F_z9m77c2-dShr_hlRa0f3lPBPA_1.jpg"",""https://static.yeezyunique.ru/batches/59ce4107-c0d3-4ecb-b9ad-7246f5c4ae39/_dL2rSgSY1AG-F_z9m77c2-dShr_hlRa0f3lPBPA_2.jpg"",""https://static.yeezyunique.ru/batches/59ce4107-c0d3-4ecb-b9ad-7246f5c4ae39/_dL2rSgSY1AG-F_z9m77c2-dShr_hlRa0f3lPBPA_3.jpg"",""https://static.yeezyunique.ru/batches/59ce4107-c0d3-4ecb-b9ad-7246f5c4ae39/_dL2rSgSY1AG-F_z9m77c2-dShr_hlRa0f3lPBPA_4.jpg"",""https://static.yeezyunique.ru/batches/59ce4107-c0d3-4ecb-b9ad-7246f5c4ae39/_dL2rSgSY1AG-F_z9m77c2-dShr_hlRa0f3lPBPA_5.jpg"",""https://static.yeezyunique.ru/batches/59ce4107-c0d3-4ecb-b9ad-7246f5c4ae39/_dL2rSgSY1AG-F_z9m77c2-dShr_hlRa0f3lPBPA_6.jpg"",""https://static.yeezyunique.ru/batches/59ce4107-c0d3-4ecb-b9ad-7246f5c4ae39/_dL2rSgSY1AG-F_z9m77c2-dShr_hlRa0f3lPBPA_7.jpg"",""https://static.yeezyunique.ru/batches/59ce4107-c0d3-4ecb-b9ad-7246f5c4ae39/_dL2rSgSY1AG-F_z9m77c2-dShr_hlRa0f3lPBPA_8.jpg""]";true
_djqrSLGKS8w1Mf5PAYBEqzT8OKX3sfP_herQMCA;Gucci Кардиган;Серый кардиган из фактурного жаккардового трикотажа. Модель выполнена в классическом крое с застежкой на пуговицы.;32000;6bjd11fcyypitno;lrg3k8cd5bgw3jv;ax58t1dsv5ibq7v;;"[""https://static.yeezyunique.ru/batches/59ce4107-c0d3-4ecb-b9ad-7246f5c4ae39/_djqrSLGKS8w1Mf5PAYBEqzT8OKX3sfP_herQMCA_0.jpg"",""https://static.yeezyunique.ru/batches/59ce4107-c0d3-4ecb-b9ad-7246f5c4ae39/_djqrSLGKS8w1Mf5PAYBEqzT8OKX3sfP_herQMCA_1.jpg"",""https://static.yeezyunique.ru/batches/59ce4107-c0d3-4ecb-b9ad-7246f5c4ae39/_djqrSLGKS8w1Mf5PAYBEqzT8OKX3sfP_herQMCA_2.jpg"",""https://static.yeezyunique.ru/batches/59ce4107-c0d3-4ecb-b9ad-7246f5c4ae39/_djqrSLGKS8w1Mf5PAYBEqzT8OKX3sfP_herQMCA_3.jpg"",""https://static.yeezyunique.ru/batches/59ce4107-c0d3-4ecb-b9ad-7246f5c4ae39/_djqrSLGKS8w1Mf5PAYBEqzT8OKX3sfP_herQMCA_4.jpg"",""https://static.yeezyunique.ru/batches/59ce4107-c0d3-4ecb-b9ad-7246f5c4ae39/_djqrSLGKS8w1Mf5PAYBEqzT8OKX3sfP_herQMCA_5.jpg"",""https://static.yeezyunique.ru/batches/59ce4107-c0d3-4ecb-b9ad-7246f5c4ae39/_djqrSLGKS8w1Mf5PAYBEqzT8OKX3sfP_herQMCA_6.jpg"",""https://static.yeezyunique.ru/batches/59ce4107-c0d3-4ecb-b9ad-7246f5c4ae39/_djqrSLGKS8w1Mf5PAYBEqzT8OKX3sfP_herQMCA_7.jpg"",""https://static.yeezyunique.ru/batches/59ce4107-c0d3-4ecb-b9ad-7246f5c4ae39/_djqrSLGKS8w1Mf5PAYBEqzT8OKX3sfP_herQMCA_8.jpg""]";true
_dxXrS0znRej2FSkLgypEDXMxgCYNKkHx0yI5w9w;Gucci Свитер;Свитер темно-синего цвета с контрастной белой отделкой по краям. Модель украшена фирменным узором GG.;22000;6bjd11fcyypitno;lrg3k8cd5bgw3jv;ym3l5fcfyge7uph;;"[""https://static.yeezyunique.ru/batches/59ce4107-c0d3-4ecb-b9ad-7246f5c4ae39/_dxXrS0znRej2FSkLgypEDXMxgCYNKkHx0yI5w9w_0.jpg"",""https://static.yeezyunique.ru/batches/59ce4107-c0d3-4ecb-b9ad-7246f5c4ae39/_dxXrS0znRej2FSkLgypEDXMxgCYNKkHx0yI5w9w_1.jpg"",""https://static.yeezyunique.ru/batches/59ce4107-c0d3-4ecb-b9ad-7246f5c4ae39/_dxXrS0znRej2FSkLgypEDXMxgCYNKkHx0yI5w9w_2.jpg"",""https://static.yeezyunique.ru/batches/59ce4107-c0d3-4ecb-b9ad-7246f5c4ae39/_dxXrS0znRej2FSkLgypEDXMxgCYNKkHx0yI5w9w_3.jpg"",""https://static.yeezyunique.ru/batches/59ce4107-c0d3-4ecb-b9ad-7246f5c4ae39/_dxXrS0znRej2FSkLgypEDXMxgCYNKkHx0yI5w9w_4.jpg"",""https://static.yeezyunique.ru/batches/59ce4107-c0d3-4ecb-b9ad-7246f5c4ae39/_dxXrS0znRej2FSkLgypEDXMxgCYNKkHx0yI5w9w_5.jpg"",""https://static.yeezyunique.ru/batches/59ce4107-c0d3-4ecb-b9ad-7246f5c4ae39/_dxXrS0znRej2FSkLgypEDXMxgCYNKkHx0yI5w9w_6.jpg"",""https://static.yeezyunique.ru/batches/59ce4107-c0d3-4ecb-b9ad-7246f5c4ae39/_dxXrS0znRej2FSkLgypEDXMxgCYNKkHx0yI5w9w_7.jpg"",""https://static.yeezyunique.ru/batches/59ce4107-c0d3-4ecb-b9ad-7246f5c4ae39/_dxXrS0znRej2FSkLgypEDXMxgCYNKkHx0yI5w9w_8.jpg""]";true
_drPrSJvT-Wt6Tgb9eXkSqrShq6JT7WKwdct-uiA;Prada Кофта;Черная кофта от Prada выполнена в лаконичном дизайне. Модель дополнена фирменным треугольным логотипом бренда на груди.;22000;xf3tgcf0uj7yrqf;lrg3k8cd5bgw3jv;f2n2sffza3y3dp8;;"[""https://static.yeezyunique.ru/batches/59ce4107-c0d3-4ecb-b9ad-7246f5c4ae39/_drPrSJvT-Wt6Tgb9eXkSqrShq6JT7WKwdct-uiA_0.jpg"",""https://static.yeezyunique.ru/batches/59ce4107-c0d3-4ecb-b9ad-7246f5c4ae39/_drPrSJvT-Wt6Tgb9eXkSqrShq6JT7WKwdct-uiA_1.jpg"",""https://static.yeezyunique.ru/batches/59ce4107-c0d3-4ecb-b9ad-7246f5c4ae39/_drPrSJvT-Wt6Tgb9eXkSqrShq6JT7WKwdct-uiA_2.jpg"",""https://static.yeezyunique.ru/batches/59ce4107-c0d3-4ecb-b9ad-7246f5c4ae39/_drPrSJvT-Wt6Tgb9eXkSqrShq6JT7WKwdct-uiA_3.jpg"",""https://static.yeezyunique.ru/batches/59ce4107-c0d3-4ecb-b9ad-7246f5c4ae39/_drPrSJvT-Wt6Tgb9eXkSqrShq6JT7WKwdct-uiA_4.jpg"",""https://static.yeezyunique.ru/batches/59ce4107-c0d3-4ecb-b9ad-7246f5c4ae39/_drPrSJvT-Wt6Tgb9eXkSqrShq6JT7WKwdct-uiA_5.jpg"",""https://static.yeezyunique.ru/batches/59ce4107-c0d3-4ecb-b9ad-7246f5c4ae39/_drPrSJvT-Wt6Tgb9eXkSqrShq6JT7WKwdct-uiA_6.jpg"",""https://static.yeezyunique.ru/batches/59ce4107-c0d3-4ecb-b9ad-7246f5c4ae39/_drPrSJvT-Wt6Tgb9eXkSqrShq6JT7WKwdct-uiA_7.jpg"",""https://static.yeezyunique.ru/batches/59ce4107-c0d3-4ecb-b9ad-7246f5c4ae39/_drPrSJvT-Wt6Tgb9eXkSqrShq6JT7WKwdct-uiA_8.jpg""]";true
_dmdrSOI8mxrYvAnDDR3ZOoD9ngvthhA5cbkHjAw;Dior Худи;Двустороннее худи из шерсти глубокого серого цвета. Модель выполнена из качественного кашемира и отличается лаконичным кроем.;22000;ivacgwvpdne0t35;lrg3k8cd5bgw3jv;zg2as2jt1xbh72y;;"[""https://static.yeezyunique.ru/batches/59ce4107-c0d3-4ecb-b9ad-7246f5c4ae39/_dmdrSOI8mxrYvAnDDR3ZOoD9ngvthhA5cbkHjAw_0.jpg"",""https://static.yeezyunique.ru/batches/59ce4107-c0d3-4ecb-b9ad-7246f5c4ae39/_dmdrSOI8mxrYvAnDDR3ZOoD9ngvthhA5cbkHjAw_1.jpg"",""https://static.yeezyunique.ru/batches/59ce4107-c0d3-4ecb-b9ad-7246f5c4ae39/_dmdrSOI8mxrYvAnDDR3ZOoD9ngvthhA5cbkHjAw_2.jpg"",""https://static.yeezyunique.ru/batches/59ce4107-c0d3-4ecb-b9ad-7246f5c4ae39/_dmdrSOI8mxrYvAnDDR3ZOoD9ngvthhA5cbkHjAw_3.jpg"",""https://static.yeezyunique.ru/batches/59ce4107-c0d3-4ecb-b9ad-7246f5c4ae39/_dmdrSOI8mxrYvAnDDR3ZOoD9ngvthhA5cbkHjAw_4.jpg"",""https://static.yeezyunique.ru/batches/59ce4107-c0d3-4ecb-b9ad-7246f5c4ae39/_dmdrSOI8mxrYvAnDDR3ZOoD9ngvthhA5cbkHjAw_5.jpg"",""https://static.yeezyunique.ru/batches/59ce4107-c0d3-4ecb-b9ad-7246f5c4ae39/_dmdrSOI8mxrYvAnDDR3ZOoD9ngvthhA5cbkHjAw_6.jpg"",""https://static.yeezyunique.ru/batches/59ce4107-c0d3-4ecb-b9ad-7246f5c4ae39/_dmdrSOI8mxrYvAnDDR3ZOoD9ngvthhA5cbkHjAw_7.jpg"",""https://static.yeezyunique.ru/batches/59ce4107-c0d3-4ecb-b9ad-7246f5c4ae39/_dmdrSOI8mxrYvAnDDR3ZOoD9ngvthhA5cbkHjAw_8.jpg""]";true
_dcOrSbfu-KiuztizUKzvZXI0DcL43T0jjEG-49w;Dior Худи;Двустороннее худи из шерсти глубокого синего цвета. Модель выполнена из качественного кашемира и отличается лаконичным кроем.;22000;ivacgwvpdne0t35;lrg3k8cd5bgw3jv;zg2as2jt1xbh72y;;"[""https://static.yeezyunique.ru/batches/59ce4107-c0d3-4ecb-b9ad-7246f5c4ae39/_dcOrSbfu-KiuztizUKzvZXI0DcL43T0jjEG-49w_0.jpg"",""https://static.yeezyunique.ru/batches/59ce4107-c0d3-4ecb-b9ad-7246f5c4ae39/_dcOrSbfu-KiuztizUKzvZXI0DcL43T0jjEG-49w_1.jpg"",""https://static.yeezyunique.ru/batches/59ce4107-c0d3-4ecb-b9ad-7246f5c4ae39/_dcOrSbfu-KiuztizUKzvZXI0DcL43T0jjEG-49w_2.jpg"",""https://static.yeezyunique.ru/batches/59ce4107-c0d3-4ecb-b9ad-7246f5c4ae39/_dcOrSbfu-KiuztizUKzvZXI0DcL43T0jjEG-49w_3.jpg"",""https://static.yeezyunique.ru/batches/59ce4107-c0d3-4ecb-b9ad-7246f5c4ae39/_dcOrSbfu-KiuztizUKzvZXI0DcL43T0jjEG-49w_4.jpg"",""https://static.yeezyunique.ru/batches/59ce4107-c0d3-4ecb-b9ad-7246f5c4ae39/_dcOrSbfu-KiuztizUKzvZXI0DcL43T0jjEG-49w_5.jpg"",""https://static.yeezyunique.ru/batches/59ce4107-c0d3-4ecb-b9ad-7246f5c4ae39/_dcOrSbfu-KiuztizUKzvZXI0DcL43T0jjEG-49w_6.jpg"",""https://static.yeezyunique.ru/batches/59ce4107-c0d3-4ecb-b9ad-7246f5c4ae39/_dcOrSbfu-KiuztizUKzvZXI0DcL43T0jjEG-49w_7.jpg"",""https://static.yeezyunique.ru/batches/59ce4107-c0d3-4ecb-b9ad-7246f5c4ae39/_dcOrSbfu-KiuztizUKzvZXI0DcL43T0jjEG-49w_8.jpg""]";true
_dukrSbBugfVXJ_k_LECZTV_vQT5TtlMQA4J1QtA;Miu Miu Куртка;Стильная куртка серого цвета от Miu Miu. Модель дополнена фирменным логотипом в виде нашивки.;48000;cn386fag2q87srw;lrg3k8cd5bgw3jv;f2gdh71ajulp1ti;;"[""https://static.yeezyunique.ru/batches/59ce4107-c0d3-4ecb-b9ad-7246f5c4ae39/_dukrSbBugfVXJ_k_LECZTV_vQT5TtlMQA4J1QtA_0.jpg"",""https://static.yeezyunique.ru/batches/59ce4107-c0d3-4ecb-b9ad-7246f5c4ae39/_dukrSbBugfVXJ_k_LECZTV_vQT5TtlMQA4J1QtA_1.jpg"",""https://static.yeezyunique.ru/batches/59ce4107-c0d3-4ecb-b9ad-7246f5c4ae39/_dukrSbBugfVXJ_k_LECZTV_vQT5TtlMQA4J1QtA_2.jpg"",""https://static.yeezyunique.ru/batches/59ce4107-c0d3-4ecb-b9ad-7246f5c4ae39/_dukrSbBugfVXJ_k_LECZTV_vQT5TtlMQA4J1QtA_3.jpg"",""https://static.yeezyunique.ru/batches/59ce4107-c0d3-4ecb-b9ad-7246f5c4ae39/_dukrSbBugfVXJ_k_LECZTV_vQT5TtlMQA4J1QtA_4.jpg"",""https://static.yeezyunique.ru/batches/59ce4107-c0d3-4ecb-b9ad-7246f5c4ae39/_dukrSbBugfVXJ_k_LECZTV_vQT5TtlMQA4J1QtA_5.jpg"",""https://static.yeezyunique.ru/batches/59ce4107-c0d3-4ecb-b9ad-7246f5c4ae39/_dukrSbBugfVXJ_k_LECZTV_vQT5TtlMQA4J1QtA_6.jpg"",""https://static.yeezyunique.ru/batches/59ce4107-c0d3-4ecb-b9ad-7246f5c4ae39/_dukrSbBugfVXJ_k_LECZTV_vQT5TtlMQA4J1QtA_7.jpg"",""https://static.yeezyunique.ru/batches/59ce4107-c0d3-4ecb-b9ad-7246f5c4ae39/_dukrSbBugfVXJ_k_LECZTV_vQT5TtlMQA4J1QtA_8.jpg""]";true
_dgcrSvIlGfSxrcDY4Bw_XCKCumqPELj1H8JG87Q;Chrome Hearts Лонгслив;Черный лонгслив с фирменным принтом в виде крестов. Модель выполнена из качественного хлопка с декоративными вырезами.;22000;qbunqx3arwquz1j;lrg3k8cd5bgw3jv;f2n2sffza3y3dp8;;"[""https://static.yeezyunique.ru/batches/59ce4107-c0d3-4ecb-b9ad-7246f5c4ae39/_dgcrSvIlGfSxrcDY4Bw_XCKCumqPELj1H8JG87Q_0.jpg"",""https://static.yeezyunique.ru/batches/59ce4107-c0d3-4ecb-b9ad-7246f5c4ae39/_dgcrSvIlGfSxrcDY4Bw_XCKCumqPELj1H8JG87Q_1.jpg"",""https://static.yeezyunique.ru/batches/59ce4107-c0d3-4ecb-b9ad-7246f5c4ae39/_dgcrSvIlGfSxrcDY4Bw_XCKCumqPELj1H8JG87Q_2.jpg"",""https://static.yeezyunique.ru/batches/59ce4107-c0d3-4ecb-b9ad-7246f5c4ae39/_dgcrSvIlGfSxrcDY4Bw_XCKCumqPELj1H8JG87Q_3.jpg"",""https://static.yeezyunique.ru/batches/59ce4107-c0d3-4ecb-b9ad-7246f5c4ae39/_dgcrSvIlGfSxrcDY4Bw_XCKCumqPELj1H8JG87Q_4.jpg"",""https://static.yeezyunique.ru/batches/59ce4107-c0d3-4ecb-b9ad-7246f5c4ae39/_dgcrSvIlGfSxrcDY4Bw_XCKCumqPELj1H8JG87Q_5.jpg"",""https://static.yeezyunique.ru/batches/59ce4107-c0d3-4ecb-b9ad-7246f5c4ae39/_dgcrSvIlGfSxrcDY4Bw_XCKCumqPELj1H8JG87Q_6.jpg"",""https://static.yeezyunique.ru/batches/59ce4107-c0d3-4ecb-b9ad-7246f5c4ae39/_dgcrSvIlGfSxrcDY4Bw_XCKCumqPELj1H8JG87Q_7.jpg"",""https://static.yeezyunique.ru/batches/59ce4107-c0d3-4ecb-b9ad-7246f5c4ae39/_dgcrSvIlGfSxrcDY4Bw_XCKCumqPELj1H8JG87Q_8.jpg""]";true
_dryrSoH0BMpVkZoSCDGpled0K9g-H-wLl4h-ogA;Chrome Hearts Лонгслив;Черный лонгслив с камуфляжным принтом и фирменным логотипом в виде подковы. Модель выполнена из качественного хлопка с длинными рукавами.;22000;qbunqx3arwquz1j;lrg3k8cd5bgw3jv;f2n2sffza3y3dp8;;"[""https://static.yeezyunique.ru/batches/59ce4107-c0d3-4ecb-b9ad-7246f5c4ae39/_dryrSoH0BMpVkZoSCDGpled0K9g-H-wLl4h-ogA_0.jpg"",""https://static.yeezyunique.ru/batches/59ce4107-c0d3-4ecb-b9ad-7246f5c4ae39/_dryrSoH0BMpVkZoSCDGpled0K9g-H-wLl4h-ogA_1.jpg"",""https://static.yeezyunique.ru/batches/59ce4107-c0d3-4ecb-b9ad-7246f5c4ae39/_dryrSoH0BMpVkZoSCDGpled0K9g-H-wLl4h-ogA_2.jpg"",""https://static.yeezyunique.ru/batches/59ce4107-c0d3-4ecb-b9ad-7246f5c4ae39/_dryrSoH0BMpVkZoSCDGpled0K9g-H-wLl4h-ogA_3.jpg"",""https://static.yeezyunique.ru/batches/59ce4107-c0d3-4ecb-b9ad-7246f5c4ae39/_dryrSoH0BMpVkZoSCDGpled0K9g-H-wLl4h-ogA_4.jpg"",""https://static.yeezyunique.ru/batches/59ce4107-c0d3-4ecb-b9ad-7246f5c4ae39/_dryrSoH0BMpVkZoSCDGpled0K9g-H-wLl4h-ogA_5.jpg"",""https://static.yeezyunique.ru/batches/59ce4107-c0d3-4ecb-b9ad-7246f5c4ae39/_dryrSoH0BMpVkZoSCDGpled0K9g-H-wLl4h-ogA_6.jpg"",""https://static.yeezyunique.ru/batches/59ce4107-c0d3-4ecb-b9ad-7246f5c4ae39/_dryrSoH0BMpVkZoSCDGpled0K9g-H-wLl4h-ogA_7.jpg"",""https://static.yeezyunique.ru/batches/59ce4107-c0d3-4ecb-b9ad-7246f5c4ae39/_dryrSoH0BMpVkZoSCDGpled0K9g-H-wLl4h-ogA_8.jpg""]";true
_dyKrShVeKT3g6kiRgJ7CqTnxezV5nsnNXXXbyLg;Chrome Hearts Лонгслив;Черный лонгслив с фирменным принтом в виде синего креста. Модель выполнена из качественного хлопка и дополнена узнаваемой графикой бренда.;22000;qbunqx3arwquz1j;lrg3k8cd5bgw3jv;f2n2sffza3y3dp8;;"[""https://static.yeezyunique.ru/batches/59ce4107-c0d3-4ecb-b9ad-7246f5c4ae39/_dyKrShVeKT3g6kiRgJ7CqTnxezV5nsnNXXXbyLg_0.jpg"",""https://static.yeezyunique.ru/batches/59ce4107-c0d3-4ecb-b9ad-7246f5c4ae39/_dyKrShVeKT3g6kiRgJ7CqTnxezV5nsnNXXXbyLg_1.jpg"",""https://static.yeezyunique.ru/batches/59ce4107-c0d3-4ecb-b9ad-7246f5c4ae39/_dyKrShVeKT3g6kiRgJ7CqTnxezV5nsnNXXXbyLg_2.jpg"",""https://static.yeezyunique.ru/batches/59ce4107-c0d3-4ecb-b9ad-7246f5c4ae39/_dyKrShVeKT3g6kiRgJ7CqTnxezV5nsnNXXXbyLg_3.jpg"",""https://static.yeezyunique.ru/batches/59ce4107-c0d3-4ecb-b9ad-7246f5c4ae39/_dyKrShVeKT3g6kiRgJ7CqTnxezV5nsnNXXXbyLg_4.jpg"",""https://static.yeezyunique.ru/batches/59ce4107-c0d3-4ecb-b9ad-7246f5c4ae39/_dyKrShVeKT3g6kiRgJ7CqTnxezV5nsnNXXXbyLg_5.jpg"",""https://static.yeezyunique.ru/batches/59ce4107-c0d3-4ecb-b9ad-7246f5c4ae39/_dyKrShVeKT3g6kiRgJ7CqTnxezV5nsnNXXXbyLg_6.jpg"",""https://static.yeezyunique.ru/batches/59ce4107-c0d3-4ecb-b9ad-7246f5c4ae39/_dyKrShVeKT3g6kiRgJ7CqTnxezV5nsnNXXXbyLg_7.jpg"",""https://static.yeezyunique.ru/batches/59ce4107-c0d3-4ecb-b9ad-7246f5c4ae39/_dyKrShVeKT3g6kiRgJ7CqTnxezV5nsnNXXXbyLg_8.jpg""]";true
_dN_rStzTmj5yQ-jA3RhbmRZZ--c15WxIuPwWp0Q;Chrome Hearts Лонгслив;Черный лонгслив с длинными рукавами и фирменным принтом в виде подковы. Модель выполнена из качественного хлопка с характерным графическим оформлением бренда.;22000;qbunqx3arwquz1j;lrg3k8cd5bgw3jv;f2n2sffza3y3dp8;;"[""https://static.yeezyunique.ru/batches/59ce4107-c0d3-4ecb-b9ad-7246f5c4ae39/_dN_rStzTmj5yQ-jA3RhbmRZZ--c15WxIuPwWp0Q_0.jpg"",""https://static.yeezyunique.ru/batches/59ce4107-c0d3-4ecb-b9ad-7246f5c4ae39/_dN_rStzTmj5yQ-jA3RhbmRZZ--c15WxIuPwWp0Q_1.jpg"",""https://static.yeezyunique.ru/batches/59ce4107-c0d3-4ecb-b9ad-7246f5c4ae39/_dN_rStzTmj5yQ-jA3RhbmRZZ--c15WxIuPwWp0Q_2.jpg"",""https://static.yeezyunique.ru/batches/59ce4107-c0d3-4ecb-b9ad-7246f5c4ae39/_dN_rStzTmj5yQ-jA3RhbmRZZ--c15WxIuPwWp0Q_3.jpg"",""https://static.yeezyunique.ru/batches/59ce4107-c0d3-4ecb-b9ad-7246f5c4ae39/_dN_rStzTmj5yQ-jA3RhbmRZZ--c15WxIuPwWp0Q_4.jpg"",""https://static.yeezyunique.ru/batches/59ce4107-c0d3-4ecb-b9ad-7246f5c4ae39/_dN_rStzTmj5yQ-jA3RhbmRZZ--c15WxIuPwWp0Q_5.jpg"",""https://static.yeezyunique.ru/batches/59ce4107-c0d3-4ecb-b9ad-7246f5c4ae39/_dN_rStzTmj5yQ-jA3RhbmRZZ--c15WxIuPwWp0Q_6.jpg"",""https://static.yeezyunique.ru/batches/59ce4107-c0d3-4ecb-b9ad-7246f5c4ae39/_dN_rStzTmj5yQ-jA3RhbmRZZ--c15WxIuPwWp0Q_7.jpg"",""https://static.yeezyunique.ru/batches/59ce4107-c0d3-4ecb-b9ad-7246f5c4ae39/_dN_rStzTmj5yQ-jA3RhbmRZZ--c15WxIuPwWp0Q_8.jpg""]";true
_dF9rSA-ZlSiApeB123gwJ8Ve28LedX_Z2DAZCIA;Celine Куртка;Черная бейсбольная куртка от Celine. Модель дополнена вышивкой и выполнена в классическом спортивном стиле.;48000;e89n7qtko2kop8t;lrg3k8cd5bgw3jv;f2gdh71ajulp1ti;;"[""https://static.yeezyunique.ru/batches/59ce4107-c0d3-4ecb-b9ad-7246f5c4ae39/_dF9rSA-ZlSiApeB123gwJ8Ve28LedX_Z2DAZCIA_0.jpg"",""https://static.yeezyunique.ru/batches/59ce4107-c0d3-4ecb-b9ad-7246f5c4ae39/_dF9rSA-ZlSiApeB123gwJ8Ve28LedX_Z2DAZCIA_1.jpg"",""https://static.yeezyunique.ru/batches/59ce4107-c0d3-4ecb-b9ad-7246f5c4ae39/_dF9rSA-ZlSiApeB123gwJ8Ve28LedX_Z2DAZCIA_2.jpg"",""https://static.yeezyunique.ru/batches/59ce4107-c0d3-4ecb-b9ad-7246f5c4ae39/_dF9rSA-ZlSiApeB123gwJ8Ve28LedX_Z2DAZCIA_3.jpg"",""https://static.yeezyunique.ru/batches/59ce4107-c0d3-4ecb-b9ad-7246f5c4ae39/_dF9rSA-ZlSiApeB123gwJ8Ve28LedX_Z2DAZCIA_4.jpg"",""https://static.yeezyunique.ru/batches/59ce4107-c0d3-4ecb-b9ad-7246f5c4ae39/_dF9rSA-ZlSiApeB123gwJ8Ve28LedX_Z2DAZCIA_5.jpg"",""https://static.yeezyunique.ru/batches/59ce4107-c0d3-4ecb-b9ad-7246f5c4ae39/_dF9rSA-ZlSiApeB123gwJ8Ve28LedX_Z2DAZCIA_6.jpg"",""https://static.yeezyunique.ru/batches/59ce4107-c0d3-4ecb-b9ad-7246f5c4ae39/_dF9rSA-ZlSiApeB123gwJ8Ve28LedX_Z2DAZCIA_7.jpg"",""https://static.yeezyunique.ru/batches/59ce4107-c0d3-4ecb-b9ad-7246f5c4ae39/_dF9rSA-ZlSiApeB123gwJ8Ve28LedX_Z2DAZCIA_8.jpg""]";true
_d2grS2hOzNbvMNikuEE4A4e4rNcgJ8C7EemCsyg;Gucci Кардиган;Двусторонний кардиган из мягкого коричневого мохера. Модель выполнена в классическом стиле с акцентом на премиальные материалы и фирменную эстетику бренда.;32000;6bjd11fcyypitno;lrg3k8cd5bgw3jv;ax58t1dsv5ibq7v;;"[""https://static.yeezyunique.ru/batches/59ce4107-c0d3-4ecb-b9ad-7246f5c4ae39/_d2grS2hOzNbvMNikuEE4A4e4rNcgJ8C7EemCsyg_0.jpg"",""https://static.yeezyunique.ru/batches/59ce4107-c0d3-4ecb-b9ad-7246f5c4ae39/_d2grS2hOzNbvMNikuEE4A4e4rNcgJ8C7EemCsyg_1.jpg"",""https://static.yeezyunique.ru/batches/59ce4107-c0d3-4ecb-b9ad-7246f5c4ae39/_d2grS2hOzNbvMNikuEE4A4e4rNcgJ8C7EemCsyg_2.jpg"",""https://static.yeezyunique.ru/batches/59ce4107-c0d3-4ecb-b9ad-7246f5c4ae39/_d2grS2hOzNbvMNikuEE4A4e4rNcgJ8C7EemCsyg_3.jpg"",""https://static.yeezyunique.ru/batches/59ce4107-c0d3-4ecb-b9ad-7246f5c4ae39/_d2grS2hOzNbvMNikuEE4A4e4rNcgJ8C7EemCsyg_4.jpg"",""https://static.yeezyunique.ru/batches/59ce4107-c0d3-4ecb-b9ad-7246f5c4ae39/_d2grS2hOzNbvMNikuEE4A4e4rNcgJ8C7EemCsyg_5.jpg"",""https://static.yeezyunique.ru/batches/59ce4107-c0d3-4ecb-b9ad-7246f5c4ae39/_d2grS2hOzNbvMNikuEE4A4e4rNcgJ8C7EemCsyg_6.jpg"",""https://static.yeezyunique.ru/batches/59ce4107-c0d3-4ecb-b9ad-7246f5c4ae39/_d2grS2hOzNbvMNikuEE4A4e4rNcgJ8C7EemCsyg_7.jpg"",""https://static.yeezyunique.ru/batches/59ce4107-c0d3-4ecb-b9ad-7246f5c4ae39/_d2grS2hOzNbvMNikuEE4A4e4rNcgJ8C7EemCsyg_8.jpg""]";true
_d_SrSixbkgFBOh04djJhc9ggr5BvZAIGLSG6ogg;Gucci Свитер;Белый свитер от Gucci с узнаваемым фирменным логотипом по всей поверхности изделия. Модель выполнена из мягкого материала, обеспечивающего комфорт и тепло.;22000;6bjd11fcyypitno;lrg3k8cd5bgw3jv;ym3l5fcfyge7uph;;"[""https://static.yeezyunique.ru/batches/59ce4107-c0d3-4ecb-b9ad-7246f5c4ae39/_d_SrSixbkgFBOh04djJhc9ggr5BvZAIGLSG6ogg_0.jpg"",""https://static.yeezyunique.ru/batches/59ce4107-c0d3-4ecb-b9ad-7246f5c4ae39/_d_SrSixbkgFBOh04djJhc9ggr5BvZAIGLSG6ogg_1.jpg"",""https://static.yeezyunique.ru/batches/59ce4107-c0d3-4ecb-b9ad-7246f5c4ae39/_d_SrSixbkgFBOh04djJhc9ggr5BvZAIGLSG6ogg_2.jpg"",""https://static.yeezyunique.ru/batches/59ce4107-c0d3-4ecb-b9ad-7246f5c4ae39/_d_SrSixbkgFBOh04djJhc9ggr5BvZAIGLSG6ogg_3.jpg"",""https://static.yeezyunique.ru/batches/59ce4107-c0d3-4ecb-b9ad-7246f5c4ae39/_d_SrSixbkgFBOh04djJhc9ggr5BvZAIGLSG6ogg_4.jpg"",""https://static.yeezyunique.ru/batches/59ce4107-c0d3-4ecb-b9ad-7246f5c4ae39/_d_SrSixbkgFBOh04djJhc9ggr5BvZAIGLSG6ogg_5.jpg"",""https://static.yeezyunique.ru/batches/59ce4107-c0d3-4ecb-b9ad-7246f5c4ae39/_d_SrSixbkgFBOh04djJhc9ggr5BvZAIGLSG6ogg_6.jpg"",""https://static.yeezyunique.ru/batches/59ce4107-c0d3-4ecb-b9ad-7246f5c4ae39/_d_SrSixbkgFBOh04djJhc9ggr5BvZAIGLSG6ogg_7.jpg"",""https://static.yeezyunique.ru/batches/59ce4107-c0d3-4ecb-b9ad-7246f5c4ae39/_d_SrSixbkgFBOh04djJhc9ggr5BvZAIGLSG6ogg_8.jpg""]";true
_dhQrSqnTaZaSdLzucrCipKZyikUfCqA3WFdS8jA;Gucci Кардиган;Серый кардиган с фирменным принтом в виде пчелы. Модель выполнена из мягкого трикотажа и дополнена классической застежкой на пуговицы.;32000;6bjd11fcyypitno;lrg3k8cd5bgw3jv;ax58t1dsv5ibq7v;;"[""https://static.yeezyunique.ru/batches/59ce4107-c0d3-4ecb-b9ad-7246f5c4ae39/_dhQrSqnTaZaSdLzucrCipKZyikUfCqA3WFdS8jA_0.jpg"",""https://static.yeezyunique.ru/batches/59ce4107-c0d3-4ecb-b9ad-7246f5c4ae39/_dhQrSqnTaZaSdLzucrCipKZyikUfCqA3WFdS8jA_1.jpg"",""https://static.yeezyunique.ru/batches/59ce4107-c0d3-4ecb-b9ad-7246f5c4ae39/_dhQrSqnTaZaSdLzucrCipKZyikUfCqA3WFdS8jA_2.jpg"",""https://static.yeezyunique.ru/batches/59ce4107-c0d3-4ecb-b9ad-7246f5c4ae39/_dhQrSqnTaZaSdLzucrCipKZyikUfCqA3WFdS8jA_3.jpg"",""https://static.yeezyunique.ru/batches/59ce4107-c0d3-4ecb-b9ad-7246f5c4ae39/_dhQrSqnTaZaSdLzucrCipKZyikUfCqA3WFdS8jA_4.jpg"",""https://static.yeezyunique.ru/batches/59ce4107-c0d3-4ecb-b9ad-7246f5c4ae39/_dhQrSqnTaZaSdLzucrCipKZyikUfCqA3WFdS8jA_5.jpg"",""https://static.yeezyunique.ru/batches/59ce4107-c0d3-4ecb-b9ad-7246f5c4ae39/_dhQrSqnTaZaSdLzucrCipKZyikUfCqA3WFdS8jA_6.jpg"",""https://static.yeezyunique.ru/batches/59ce4107-c0d3-4ecb-b9ad-7246f5c4ae39/_dhQrSqnTaZaSdLzucrCipKZyikUfCqA3WFdS8jA_7.jpg"",""https://static.yeezyunique.ru/batches/59ce4107-c0d3-4ecb-b9ad-7246f5c4ae39/_dhQrSqnTaZaSdLzucrCipKZyikUfCqA3WFdS8jA_8.jpg""]";true
_dpPrSUiZfu1tdKXEVnwEDgwqkpZ--CzwGI1qqqw;Gucci Кардиган;Черный кардиган с фирменным принтом в виде пчелы. Модель выполнена из мягкого трикотажа и дополнена классической застежкой на пуговицы.;32000;6bjd11fcyypitno;lrg3k8cd5bgw3jv;ax58t1dsv5ibq7v;;"[""https://static.yeezyunique.ru/batches/59ce4107-c0d3-4ecb-b9ad-7246f5c4ae39/_dpPrSUiZfu1tdKXEVnwEDgwqkpZ--CzwGI1qqqw_0.jpg"",""https://static.yeezyunique.ru/batches/59ce4107-c0d3-4ecb-b9ad-7246f5c4ae39/_dpPrSUiZfu1tdKXEVnwEDgwqkpZ--CzwGI1qqqw_1.jpg"",""https://static.yeezyunique.ru/batches/59ce4107-c0d3-4ecb-b9ad-7246f5c4ae39/_dpPrSUiZfu1tdKXEVnwEDgwqkpZ--CzwGI1qqqw_2.jpg"",""https://static.yeezyunique.ru/batches/59ce4107-c0d3-4ecb-b9ad-7246f5c4ae39/_dpPrSUiZfu1tdKXEVnwEDgwqkpZ--CzwGI1qqqw_3.jpg"",""https://static.yeezyunique.ru/batches/59ce4107-c0d3-4ecb-b9ad-7246f5c4ae39/_dpPrSUiZfu1tdKXEVnwEDgwqkpZ--CzwGI1qqqw_4.jpg"",""https://static.yeezyunique.ru/batches/59ce4107-c0d3-4ecb-b9ad-7246f5c4ae39/_dpPrSUiZfu1tdKXEVnwEDgwqkpZ--CzwGI1qqqw_5.jpg"",""https://static.yeezyunique.ru/batches/59ce4107-c0d3-4ecb-b9ad-7246f5c4ae39/_dpPrSUiZfu1tdKXEVnwEDgwqkpZ--CzwGI1qqqw_6.jpg"",""https://static.yeezyunique.ru/batches/59ce4107-c0d3-4ecb-b9ad-7246f5c4ae39/_dpPrSUiZfu1tdKXEVnwEDgwqkpZ--CzwGI1qqqw_7.jpg"",""https://static.yeezyunique.ru/batches/59ce4107-c0d3-4ecb-b9ad-7246f5c4ae39/_dpPrSUiZfu1tdKXEVnwEDgwqkpZ--CzwGI1qqqw_8.jpg""]";true
_dzSrSHQs2nye_IzecOS9MzVqda266ADx1eEEKHA;Acne Studios Лонгслив;Белый лонгслив с эффектом состаривания. Модель выполнена из качественного хлопка и дополнена длинными рукавами.;22000;ywtm8whmvoz75gh;lrg3k8cd5bgw3jv;f2n2sffza3y3dp8;;"[""https://static.yeezyunique.ru/batches/59ce4107-c0d3-4ecb-b9ad-7246f5c4ae39/_dzSrSHQs2nye_IzecOS9MzVqda266ADx1eEEKHA_0.jpg"",""https://static.yeezyunique.ru/batches/59ce4107-c0d3-4ecb-b9ad-7246f5c4ae39/_dzSrSHQs2nye_IzecOS9MzVqda266ADx1eEEKHA_1.jpg"",""https://static.yeezyunique.ru/batches/59ce4107-c0d3-4ecb-b9ad-7246f5c4ae39/_dzSrSHQs2nye_IzecOS9MzVqda266ADx1eEEKHA_2.jpg"",""https://static.yeezyunique.ru/batches/59ce4107-c0d3-4ecb-b9ad-7246f5c4ae39/_dzSrSHQs2nye_IzecOS9MzVqda266ADx1eEEKHA_3.jpg"",""https://static.yeezyunique.ru/batches/59ce4107-c0d3-4ecb-b9ad-7246f5c4ae39/_dzSrSHQs2nye_IzecOS9MzVqda266ADx1eEEKHA_4.jpg"",""https://static.yeezyunique.ru/batches/59ce4107-c0d3-4ecb-b9ad-7246f5c4ae39/_dzSrSHQs2nye_IzecOS9MzVqda266ADx1eEEKHA_5.jpg"",""https://static.yeezyunique.ru/batches/59ce4107-c0d3-4ecb-b9ad-7246f5c4ae39/_dzSrSHQs2nye_IzecOS9MzVqda266ADx1eEEKHA_6.jpg"",""https://static.yeezyunique.ru/batches/59ce4107-c0d3-4ecb-b9ad-7246f5c4ae39/_dzSrSHQs2nye_IzecOS9MzVqda266ADx1eEEKHA_7.jpg"",""https://static.yeezyunique.ru/batches/59ce4107-c0d3-4ecb-b9ad-7246f5c4ae39/_dzSrSHQs2nye_IzecOS9MzVqda266ADx1eEEKHA_8.jpg""]";true
_dctrSqCehTELRjnfsPQVHY5iIUz6kKhV3ULrgdw;Miu Miu Куртка;Стильная куртка из мягкого материала с фактурой тедди в коричневом цвете. Модель дополнена фирменным логотипом бренда.;48000;cn386fag2q87srw;lrg3k8cd5bgw3jv;f2gdh71ajulp1ti;;"[""https://static.yeezyunique.ru/batches/59ce4107-c0d3-4ecb-b9ad-7246f5c4ae39/_dctrSqCehTELRjnfsPQVHY5iIUz6kKhV3ULrgdw_0.jpg"",""https://static.yeezyunique.ru/batches/59ce4107-c0d3-4ecb-b9ad-7246f5c4ae39/_dctrSqCehTELRjnfsPQVHY5iIUz6kKhV3ULrgdw_1.jpg"",""https://static.yeezyunique.ru/batches/59ce4107-c0d3-4ecb-b9ad-7246f5c4ae39/_dctrSqCehTELRjnfsPQVHY5iIUz6kKhV3ULrgdw_2.jpg"",""https://static.yeezyunique.ru/batches/59ce4107-c0d3-4ecb-b9ad-7246f5c4ae39/_dctrSqCehTELRjnfsPQVHY5iIUz6kKhV3ULrgdw_3.jpg"",""https://static.yeezyunique.ru/batches/59ce4107-c0d3-4ecb-b9ad-7246f5c4ae39/_dctrSqCehTELRjnfsPQVHY5iIUz6kKhV3ULrgdw_4.jpg"",""https://static.yeezyunique.ru/batches/59ce4107-c0d3-4ecb-b9ad-7246f5c4ae39/_dctrSqCehTELRjnfsPQVHY5iIUz6kKhV3ULrgdw_5.jpg"",""https://static.yeezyunique.ru/batches/59ce4107-c0d3-4ecb-b9ad-7246f5c4ae39/_dctrSqCehTELRjnfsPQVHY5iIUz6kKhV3ULrgdw_6.jpg"",""https://static.yeezyunique.ru/batches/59ce4107-c0d3-4ecb-b9ad-7246f5c4ae39/_dctrSqCehTELRjnfsPQVHY5iIUz6kKhV3ULrgdw_7.jpg"",""https://static.yeezyunique.ru/batches/59ce4107-c0d3-4ecb-b9ad-7246f5c4ae39/_dctrSqCehTELRjnfsPQVHY5iIUz6kKhV3ULrgdw_8.jpg""]";true
_d1BrS1azHPX8GIEXAjzu05t4eEEbQIkEqg6w1JA;Miu Miu Жакет;Стильный жакет в коричневую клетку от Miu Miu. Модель выполнена в классическом крое, идеально подходящем для создания элегантных повседневных образов.;0;cn386fag2q87srw;lrg3k8cd5bgw3jv;cf2rqy0d3l6e0t3;;"[""https://static.yeezyunique.ru/batches/59ce4107-c0d3-4ecb-b9ad-7246f5c4ae39/_d1BrS1azHPX8GIEXAjzu05t4eEEbQIkEqg6w1JA_0.jpg"",""https://static.yeezyunique.ru/batches/59ce4107-c0d3-4ecb-b9ad-7246f5c4ae39/_d1BrS1azHPX8GIEXAjzu05t4eEEbQIkEqg6w1JA_1.jpg"",""https://static.yeezyunique.ru/batches/59ce4107-c0d3-4ecb-b9ad-7246f5c4ae39/_d1BrS1azHPX8GIEXAjzu05t4eEEbQIkEqg6w1JA_2.jpg"",""https://static.yeezyunique.ru/batches/59ce4107-c0d3-4ecb-b9ad-7246f5c4ae39/_d1BrS1azHPX8GIEXAjzu05t4eEEbQIkEqg6w1JA_3.jpg"",""https://static.yeezyunique.ru/batches/59ce4107-c0d3-4ecb-b9ad-7246f5c4ae39/_d1BrS1azHPX8GIEXAjzu05t4eEEbQIkEqg6w1JA_4.jpg"",""https://static.yeezyunique.ru/batches/59ce4107-c0d3-4ecb-b9ad-7246f5c4ae39/_d1BrS1azHPX8GIEXAjzu05t4eEEbQIkEqg6w1JA_5.jpg"",""https://static.yeezyunique.ru/batches/59ce4107-c0d3-4ecb-b9ad-7246f5c4ae39/_d1BrS1azHPX8GIEXAjzu05t4eEEbQIkEqg6w1JA_6.jpg"",""https://static.yeezyunique.ru/batches/59ce4107-c0d3-4ecb-b9ad-7246f5c4ae39/_d1BrS1azHPX8GIEXAjzu05t4eEEbQIkEqg6w1JA_7.jpg"",""https://static.yeezyunique.ru/batches/59ce4107-c0d3-4ecb-b9ad-7246f5c4ae39/_d1BrS1azHPX8GIEXAjzu05t4eEEbQIkEqg6w1JA_8.jpg""]";true
_di8rSRBJU2SnyxOwzehpoz89AmhMp3pUNVV84mw;Miu Miu Кардиган;Стильный кардиган темно-синего цвета с контрастными белыми рукавами. Модель выполнена в классическом крое с застежкой на пуговицы.;32000;cn386fag2q87srw;lrg3k8cd5bgw3jv;ax58t1dsv5ibq7v;;"[""https://static.yeezyunique.ru/batches/59ce4107-c0d3-4ecb-b9ad-7246f5c4ae39/_di8rSRBJU2SnyxOwzehpoz89AmhMp3pUNVV84mw_0.jpg"",""https://static.yeezyunique.ru/batches/59ce4107-c0d3-4ecb-b9ad-7246f5c4ae39/_di8rSRBJU2SnyxOwzehpoz89AmhMp3pUNVV84mw_1.jpg"",""https://static.yeezyunique.ru/batches/59ce4107-c0d3-4ecb-b9ad-7246f5c4ae39/_di8rSRBJU2SnyxOwzehpoz89AmhMp3pUNVV84mw_2.jpg"",""https://static.yeezyunique.ru/batches/59ce4107-c0d3-4ecb-b9ad-7246f5c4ae39/_di8rSRBJU2SnyxOwzehpoz89AmhMp3pUNVV84mw_3.jpg"",""https://static.yeezyunique.ru/batches/59ce4107-c0d3-4ecb-b9ad-7246f5c4ae39/_di8rSRBJU2SnyxOwzehpoz89AmhMp3pUNVV84mw_4.jpg"",""https://static.yeezyunique.ru/batches/59ce4107-c0d3-4ecb-b9ad-7246f5c4ae39/_di8rSRBJU2SnyxOwzehpoz89AmhMp3pUNVV84mw_5.jpg"",""https://static.yeezyunique.ru/batches/59ce4107-c0d3-4ecb-b9ad-7246f5c4ae39/_di8rSRBJU2SnyxOwzehpoz89AmhMp3pUNVV84mw_6.jpg"",""https://static.yeezyunique.ru/batches/59ce4107-c0d3-4ecb-b9ad-7246f5c4ae39/_di8rSRBJU2SnyxOwzehpoz89AmhMp3pUNVV84mw_7.jpg"",""https://static.yeezyunique.ru/batches/59ce4107-c0d3-4ecb-b9ad-7246f5c4ae39/_di8rSRBJU2SnyxOwzehpoz89AmhMp3pUNVV84mw_8.jpg""]";true
_dHlrSeXL5rW0d-MFz8n3J5AvhrG_JJpAhkRNJDw;Miu Miu Куртка;Стеганая куртка нежного абрикосового оттенка. Модель выполнена из мягкого материала с характерным ромбовидным узором.;48000;cn386fag2q87srw;lrg3k8cd5bgw3jv;f2gdh71ajulp1ti;;"[""https://static.yeezyunique.ru/batches/59ce4107-c0d3-4ecb-b9ad-7246f5c4ae39/_dHlrSeXL5rW0d-MFz8n3J5AvhrG_JJpAhkRNJDw_0.jpg"",""https://static.yeezyunique.ru/batches/59ce4107-c0d3-4ecb-b9ad-7246f5c4ae39/_dHlrSeXL5rW0d-MFz8n3J5AvhrG_JJpAhkRNJDw_1.jpg"",""https://static.yeezyunique.ru/batches/59ce4107-c0d3-4ecb-b9ad-7246f5c4ae39/_dHlrSeXL5rW0d-MFz8n3J5AvhrG_JJpAhkRNJDw_2.jpg"",""https://static.yeezyunique.ru/batches/59ce4107-c0d3-4ecb-b9ad-7246f5c4ae39/_dHlrSeXL5rW0d-MFz8n3J5AvhrG_JJpAhkRNJDw_3.jpg"",""https://static.yeezyunique.ru/batches/59ce4107-c0d3-4ecb-b9ad-7246f5c4ae39/_dHlrSeXL5rW0d-MFz8n3J5AvhrG_JJpAhkRNJDw_4.jpg"",""https://static.yeezyunique.ru/batches/59ce4107-c0d3-4ecb-b9ad-7246f5c4ae39/_dHlrSeXL5rW0d-MFz8n3J5AvhrG_JJpAhkRNJDw_5.jpg"",""https://static.yeezyunique.ru/batches/59ce4107-c0d3-4ecb-b9ad-7246f5c4ae39/_dHlrSeXL5rW0d-MFz8n3J5AvhrG_JJpAhkRNJDw_6.jpg"",""https://static.yeezyunique.ru/batches/59ce4107-c0d3-4ecb-b9ad-7246f5c4ae39/_dHlrSeXL5rW0d-MFz8n3J5AvhrG_JJpAhkRNJDw_7.jpg"",""https://static.yeezyunique.ru/batches/59ce4107-c0d3-4ecb-b9ad-7246f5c4ae39/_dHlrSeXL5rW0d-MFz8n3J5AvhrG_JJpAhkRNJDw_8.jpg""]";true