external_id;name;description;price;brand;category;subcategory;gender;photos
_dd7rSdkFgTWDxXpNhe6fgeVnEI5esZg9dcwPBOw;;BV葆蝶家经典编织立领轻奢皮衣 ——————— 采用意大利进口头层反绒羊皮为核心面料，以品牌标志性Intrecciato编织工艺纯手工打造，每一块皮料都经过严苛的选材、精准裁切与手工编织，最终呈现出立体饱满、错落有致的菱格纹理，触感柔软细腻如云朵，兼具奢华质感与极佳的透气性、亲肤性，上身毫无束缚感，尽显高端皮革的温润质感；立领设计搭配同色系罗纹收边，利落挺括，既能修饰颈部线条，又能有效防风保暖，打造利落干练的造型感，可立可翻的穿法适配多种穿搭风格；衣身两侧对称式嵌线口袋，走线工整严密，袋口贴合衣身，既不破坏整体编织纹理的完整性，又兼具实用性与设计感，方便随身物品的收纳；银色金属拉链贯穿门襟，选用品牌定制的高品质五金，开合顺滑耐用，拉头细节精致考究，低调彰显品牌身份，每一处金属件都经过抛光打磨，光泽感高级不突兀；罗纹袖口与下摆设计，采用高弹亲肤的罗纹面料，贴合身形不紧绷，有效锁温的同时，让整体版型更显利落修身，完美修饰身形比例，适配多种身材；内里采用100%纯棉衬里，亲肤透气，穿着舒适不闷汗，即使长时间穿着也能保持干爽，每一处缝线都工整对齐，彰显意大利手工制衣的精湛工艺；整体剪裁遵循品牌极简美学。 ————————88420088 材质: 反绒羊皮 版型：宽松 颜色：卡其色/军绿色 尺码：48/50/52/54;0;;lrg3k8cd5bgw3jv;;Для мужчин;"[""https://xcimg.szwego.com/imgHD/6c7a535f/20260401/cmp_i1775055352902_5464_0_0.jpg"", ""https://xcimg.szwego.com/imgHD/6c7a535f/20260401/cmp_i1775055357232_9876_0_1.jpg"", ""https://xcimg.szwego.com/imgHD/6c7a535f/20260401/cmp_i1775055357977_2113_0_2.jpg"", ""https://xcimg.szwego.com/imgHD/6c7a535f/20260401/cmp_i1775055353699_2622_0_3.jpg"", ""https://xcimg.szwego.com/imgHD/6c7a535f/20260401/cmp_i1775055357968_7267_0_4.jpg"", ""https://xcimg.szwego.com/imgHD/6c7a535f/20260401/cmp_i1775055353641_9036_0_5.jpg"", ""https://xcimg.szwego.com/imgHD/6c7a535f/20260401/cmp_i1775055357933_5339_0_6.jpg"", ""https://xcimg.szwego.com/imgHD/6c7a535f/20260401/cmp_i1775055353570_4491_0_7.jpg"", ""https://xcimg.szwego.com/imgHD/6c7a535f/20260401/cmp_i1775055354069_5611_0_8.jpg""]"
_dnqrSWynQmgalMYytqacywslCTXJO9JGKqqBnbw;;LV路易威登蛇纹拼接翻领皮衣 ——————— 采用100%进口头层羊皮为核心面料，以顶级工艺打造逼真蛇纹压花效果，纹理立体细腻、触感软糯亲肤，自带高级哑光质感，每一寸皮料都经过严苛筛选，兼具奢华质感与极佳的透气性、耐用性，上身毫无束缚感，尽显高端皮革的温润格调；撞色灯芯绒翻领设计，质感厚实挺括，既能修饰颈部线条，又能有效防风保暖，打造利落干练的造型感，为整体穿搭增添复古层次；门襟采用定制金色金属按扣，开合便捷顺滑，五金光泽高级不刺眼，每一颗按扣都经过精细抛光，低调彰显品牌身份，细节处尽显奢华；衣身对称式多口袋设计，上侧两个胸袋搭配下侧两个大尺寸工装袋，走线工整严密，金属铆钉点缀袋口，既不破坏整体蛇纹纹理的完整性，又兼具超强实用性与设计感，方便随身物品收纳；右下摆专属品牌皮标压印logo，工艺精湛考究，无声彰显品牌辨识度，是懂行人士一眼识货的身份象征。 ————————88330088 材质: 羊皮 版型：宽松 颜色：棕色 尺码：48/50/52/54;0;;lrg3k8cd5bgw3jv;;Для мужчин;"[""https://xcimg.szwego.com/imgHD/6c7a535f/20260401/cmp_i1775055381209_4390_0_0.jpg"", ""https://xcimg.szwego.com/imgHD/6c7a535f/20260401/cmp_i1775055384622_1715_0_1.jpg"", ""https://xcimg.szwego.com/imgHD/6c7a535f/20260401/cmp_i1775055381234_2285_0_2.jpg"", ""https://xcimg.szwego.com/imgHD/6c7a535f/20260401/cmp_i1775055381313_2939_0_3.jpg"", ""https://xcimg.szwego.com/imgHD/6c7a535f/20260401/cmp_i1775055385356_5339_0_4.jpg"", ""https://xcimg.szwego.com/imgHD/6c7a535f/20260401/cmp_i1775055385739_1636_0_5.jpg"", ""https://xcimg.szwego.com/imgHD/6c7a535f/20260401/cmp_i1775055381206_6500_0_6.jpg"", ""https://xcimg.szwego.com/imgHD/6c7a535f/20260401/cmp_i1775055385743_6735_0_7.jpg"", ""https://xcimg.szwego.com/imgHD/6c7a535f/20260401/cmp_i1775055380306_7991_0_8.jpg""]"
_dlorSLbAs8vPcUmA-DHe-D2IrphUEjxV0t0vQRA;;LV路易威登刺绣菱格毛领皮衣 ——————— 采用进口头层真皮为核心面料，以顶级工艺打造自然纹理质感，触感软糯细腻、柔韧有筋骨，兼具奢华质感与极佳的透气性、耐用性，上身毫无束缚感，尽显高端皮革的温润格调；衣身采用经典菱格绗缝工艺，白色明线工整贯穿，走线精准严密，每一格都饱满立体，既打破纯色单调感，又增添了丰富的视觉层次与结构感，工艺细腻到极致；领口甄选高品质羊羔毛领，蓬松柔软、保暖性拉满，触感亲肤不扎，既能有效防风保暖，又能瞬间提升穿搭的奢华感与复古氛围，立领造型利落挺括，修饰颈部线条，打造干练有型的造型感；门襟采用定制金色金属拉链，开合顺滑不卡顿，五金光泽高级不刺眼，拉头细节精致考究，低调彰显品牌身份；衣身两侧对称式大口袋设计，实用性拉满，方便随身物品收纳，右侧口袋点缀品牌专属LV刺绣贴标，复古金标工艺精湛，辨识度拉满，是懂行人士一眼识货的身份象征；口袋与衣身多处点缀定制蓝色金属铆钉，撞色设计亮眼吸睛，打破沉闷，为整体造型注入活力与细节感；罗纹下摆设计，贴合身形不紧绷，有效锁温的同时，让整体版型更显利落修身，完美修饰身形比例。 ————————88560088 材质: 真皮 版型：宽松 颜色：焦糖色 尺码：48/50/52/54;0;;lrg3k8cd5bgw3jv;;Для мужчин;"[""https://xcimg.szwego.com/imgHD/6c7a535f/20260401/cmp_i1775055404270_8488_0_0.jpg"", ""https://xcimg.szwego.com/imgHD/6c7a535f/20260401/cmp_i1775055404272_1471_0_1.jpg"", ""https://xcimg.szwego.com/imgHD/6c7a535f/20260401/cmp_i1775055404931_1095_0_2.jpg"", ""https://xcimg.szwego.com/imgHD/6c7a535f/20260401/cmp_i1775055404973_5158_0_3.jpg"", ""https://xcimg.szwego.com/imgHD/6c7a535f/20260401/cmp_i1775055404929_3119_0_4.jpg"", ""https://xcimg.szwego.com/imgHD/6c7a535f/20260401/cmp_i1775055409303_5719_0_5.jpg"", ""https://xcimg.szwego.com/imgHD/6c7a535f/20260401/cmp_i1775055409338_4975_0_6.jpg"", ""https://xcimg.szwego.com/imgHD/6c7a535f/20260401/cmp_i1775055409258_3559_0_7.jpg"", ""https://xcimg.szwego.com/imgHD/6c7a535f/20260401/cmp_i1775055409178_7879_0_8.jpg""]"
_dqMrSidSlq8Dd2fPe6Ckd3R45ayhHHncsFytVOw;;TOM FORD汤姆福特口袋翻领工装皮衣 ——————— 采用进口头层反绒羊皮为核心面料，经过多道精细鞣制工艺处理，绒面细腻蓬松、触感软糯如云，兼具极佳的透气性、亲肤性与耐用性，上身毫无束缚感，尽显高端皮革的温润质感与奢华格调；翻领设计挺括有型，贴合颈部线条，既能有效防风保暖，又能修饰头肩比例，打造利落干练的造型感，适配多种穿搭风格；门襟采用隐藏式暗扣设计，开合便捷，走线严丝合缝，完美契合整体极简高级的设计理念，细节处彰显品牌顶级工艺；衣身对称式多口袋设计，上侧两个大尺寸胸袋搭配下侧两个竖插口袋，走线工整严密，袋型立体饱满，既不破坏整体绒面的完整性，又兼具超强实用性与设计感，方便随身物品收纳；袖口与下摆采用同色系罗纹收边设计，高弹亲肤，贴合身形不紧绷，有效锁温的同时，让整体版型更显利落修身，完美修饰身形比例；内里采用纯棉衬里，亲肤透气，穿着舒适不闷汗，每一处缝线都工整对齐，完美诠释葡萄牙手工制衣的精湛工艺。 ————————8888 材质: 反绒羊皮 版型：宽松 颜色：宝蓝色/正红色 尺码：48/50/52/54;0;;lrg3k8cd5bgw3jv;;Для мужчин;"[""https://xcimg.szwego.com/imgHD/6c7a535f/20260401/cmp_i1775055852224_8507_0_0.jpg"", ""https://xcimg.szwego.com/imgHD/6c7a535f/20260401/cmp_i1775055852218_600_0_1.jpg"", ""https://xcimg.szwego.com/imgHD/6c7a535f/20260401/cmp_i1775055861627_1242_0_2.jpg"", ""https://xcimg.szwego.com/imgHD/6c7a535f/20260401/cmp_i1775055861587_2445_0_3.jpg"", ""https://xcimg.szwego.com/imgHD/6c7a535f/20260401/cmp_i1775055852815_7241_0_4.jpg"", ""https://xcimg.szwego.com/imgHD/6c7a535f/20260401/cmp_i1775055859039_8214_0_5.jpg"", ""https://xcimg.szwego.com/imgHD/6c7a535f/20260401/cmp_i1775055852805_9568_0_6.jpg"", ""https://xcimg.szwego.com/imgHD/6c7a535f/20260401/cmp_i1775055859028_8024_0_7.jpg"", ""https://xcimg.szwego.com/imgHD/6c7a535f/20260401/cmp_i1775055852816_5788_0_8.jpg""]"
_dxFrSMQJ4rVgrSymUTGjPGrMgONFDQm6Nr2yNlg;;TOM FORD汤姆福特口袋翻领工装皮衣 ——————— 采用进口头层反绒羊皮为核心面料，经过多道精细鞣制工艺处理，绒面细腻蓬松、触感软糯如云，兼具极佳的透气性、亲肤性与耐用性，上身毫无束缚感，尽显高端皮革的温润质感与奢华格调；翻领设计挺括有型，贴合颈部线条，既能有效防风保暖，又能修饰头肩比例，打造利落干练的造型感，适配多种穿搭风格；门襟采用隐藏式暗扣设计，开合便捷，走线严丝合缝，完美契合整体极简高级的设计理念，细节处彰显品牌顶级工艺；衣身对称式多口袋设计，上侧两个大尺寸胸袋搭配下侧两个竖插口袋，走线工整严密，袋型立体饱满，既不破坏整体绒面的完整性，又兼具超强实用性与设计感，方便随身物品收纳；袖口与下摆采用同色系罗纹收边设计，高弹亲肤，贴合身形不紧绷，有效锁温的同时，让整体版型更显利落修身，完美修饰身形比例；内里采用纯棉衬里，亲肤透气，穿着舒适不闷汗，每一处缝线都工整对齐，完美诠释葡萄牙手工制衣的精湛工艺。 ————————8888 材质: 反绒羊皮 版型：宽松 颜色：宝蓝色/正红色 尺码：48/50/52/54;0;;lrg3k8cd5bgw3jv;;Для мужчин;"[""https://xcimg.szwego.com/imgHD/6c7a535f/20260401/cmp_i1775055868908_2399_0_0.jpg"", ""https://xcimg.szwego.com/imgHD/6c7a535f/20260401/cmp_i1775055876964_6811_0_1.jpg"", ""https://xcimg.szwego.com/imgHD/6c7a535f/20260401/cmp_i1775055869539_3710_0_2.jpg"", ""https://xcimg.szwego.com/imgHD/6c7a535f/20260401/cmp_i1775055875357_9772_0_3.jpg"", ""https://xcimg.szwego.com/imgHD/6c7a535f/20260401/cmp_i1775055869547_4356_0_4.jpg"", ""https://xcimg.szwego.com/imgHD/6c7a535f/20260401/cmp_i1775055877589_5141_0_5.jpg"", ""https://xcimg.szwego.com/imgHD/6c7a535f/20260401/cmp_i1775055869595_2236_0_6.jpg"", ""https://xcimg.szwego.com/imgHD/6c7a535f/20260401/cmp_i1775055869581_4085_0_7.jpg"", ""https://xcimg.szwego.com/imgHD/6c7a535f/20260401/cmp_i1775055875298_5242_0_8.jpg""]"
_dLarS_gn1hfvRxdvMsklEW8Dv5m9bhnHP-WXFug;;🌟独家款 优势强推 主推让利 TOM FORD汤姆福特口袋翻领工装皮衣 ——————— 采用进口头层反绒羊皮为核心面料，经过多道精细鞣制工艺处理，绒面细腻蓬松、触感软糯如云，兼具极佳的透气性、亲肤性与耐用性，上身毫无束缚感，尽显高端皮革的温润质感与奢华格调；翻领设计挺括有型，贴合颈部线条，既能有效防风保暖，又能修饰头肩比例，打造利落干练的造型感，适配多种穿搭风格；门襟采用隐藏式暗扣设计，开合便捷，走线严丝合缝，完美契合整体极简高级的设计理念，细节处彰显品牌顶级工艺；衣身对称式多口袋设计，上侧两个大尺寸胸袋搭配下侧两个竖插口袋，走线工整严密，袋型立体饱满，既不破坏整体绒面的完整性，又兼具超强实用性与设计感，方便随身物品收纳；袖口与下摆采用同色系罗纹收边设计，高弹亲肤，贴合身形不紧绷，有效锁温的同时，让整体版型更显利落修身，完美修饰身形比例；内里采用纯棉衬里，亲肤透气，穿着舒适不闷汗，每一处缝线都工整对齐，完美诠释葡萄牙手工制衣的精湛工艺。 ————————8888 材质: 反绒羊皮 版型：宽松 颜色：宝蓝色/正红色/绿色 尺码：48/50/52/54;0;;lrg3k8cd5bgw3jv;;Для мужчин;"[""https://xcimg.szwego.com/imgHD/6c7a535f/20260402/cmp_i1775136621526_8655_0_0.jpg"", ""https://xcimg.szwego.com/imgHD/6c7a535f/20260402/cmp_i1775136621518_4242_0_1.jpg"", ""https://xcimg.szwego.com/imgHD/6c7a535f/20260402/cmp_i1775136622127_9966_0_2.jpg"", ""https://xcimg.szwego.com/imgHD/6c7a535f/20260402/cmp_i1775136626740_1495_0_3.jpg"", ""https://xcimg.szwego.com/imgHD/6c7a535f/20260402/cmp_i1775136622150_2351_0_4.jpg"", ""https://xcimg.szwego.com/imgHD/6c7a535f/20260402/cmp_i1775136626707_6043_0_5.jpg"", ""https://xcimg.szwego.com/imgHD/6c7a535f/20260402/cmp_i1775136626667_8221_0_6.jpg"", ""https://xcimg.szwego.com/imgHD/6c7a535f/20260402/cmp_i1775136626715_9949_0_7.jpg"", ""https://xcimg.szwego.com/imgHD/6c7a535f/20260402/cmp_i1775136622587_8886_0_8.jpg""]"
_dnwrSfBWa48wPOwdsQ3RY2d3ibiaJ5B6b9rxP0A;;🌟独家款 优势强推 主推让利 BV葆蝶家编织立领拉链轻奢皮衣 ——————— 采用进口头层绵羊皮面料，皮质细腻柔韧，触感软糯亲肤，兼具优异的垂坠感与挺括度，完美平衡了穿着舒适度与造型质感，尽显高端奢品的用料水准；领口采用品牌标志性Intrecciato编织工艺，手工编织纹理精致立体，既强化了品牌辨识度，又为简约衣身注入奢华细节，立领设计利落有型，可修饰颈部线条，兼具防风实用性与造型感；衣身采用明线装饰工艺，走线工整细腻，精准勾勒衣身轮廓，打破纯黑单调感，凸显精湛制衣工艺；正面采用金属拉链开合，拉链顺滑耐用，质感高级，开合便捷；两侧对称设计斜插式口袋，实用美观，既方便放置随身物品，又丰富了衣身结构层次。 ————————8888 材质: 羊皮 版型：宽松 颜色：黑色 尺码：S/M/L/XL;0;;lrg3k8cd5bgw3jv;;Для мужчин;"[""https://xcimg.szwego.com/imgHD/6c7a535f/20260406/cmp_i1775481545827_647_0_0.jpg"", ""https://xcimg.szwego.com/imgHD/6c7a535f/20260406/cmp_i1775481545817_4485_0_1.jpg"", ""https://xcimg.szwego.com/imgHD/6c7a535f/20260406/cmp_i1775481541131_3666_0_2.jpg"", ""https://xcimg.szwego.com/imgHD/6c7a535f/20260406/cmp_i1775481546415_7359_0_3.jpg"", ""https://xcimg.szwego.com/imgHD/6c7a535f/20260406/cmp_i1775481546407_5075_0_4.jpg"", ""https://xcimg.szwego.com/imgHD/6c7a535f/20260406/cmp_i1775481541161_4796_0_5.jpg"", ""https://xcimg.szwego.com/imgHD/6c7a535f/20260406/cmp_i1775481541126_2357_0_6.jpg"", ""https://xcimg.szwego.com/imgHD/6c7a535f/20260406/cmp_i1775481541158_4864_0_7.jpg"", ""https://xcimg.szwego.com/imgHD/6c7a535f/20260406/cmp_i1775481541231_4195_0_8.jpg""]"
_dA1rSZEYv0oFpC3VHsvoSsFTuCVR1A_YuX1490g;;🌟独家款 优势强推 主推让利 BC布鲁内洛立领飞行员夹克皮衣 ——————— 采用进口头层绵羊皮面料，皮质细腻柔韧，触感软糯亲肤，兼具优异的垂坠感与挺括度，完美平衡了穿着舒适度与造型质感，尽显顶奢品牌的高端用料水准；领口采用经典立领设计，利落有型，可修饰颈部线条，兼具防风实用性与造型感，领口内侧酒红色撞色里布，细节处彰显低调奢华；正面采用金属拉链开合，搭配顶部按扣设计，拉链顺滑耐用，质感高级，开合便捷，双重防护更显精致；衣身采用弧形明线装饰工艺，走线工整细腻，精准勾勒衣身轮廓，打破纯黑单调感，凸显精湛制衣工艺，打造流畅立体的视觉效果；两侧对称设计斜插式口袋，实用美观，既方便放置随身物品，又丰富了衣身结构层次；下摆与袖口采用罗纹收边设计，贴合身形防风保暖。 ————————8888 材质: 羊皮 版型：宽松 颜色：黑色 尺码：S/M/L/XL;0;;lrg3k8cd5bgw3jv;;Для мужчин;"[""https://xcimg.szwego.com/imgHD/6c7a535f/20260406/cmp_i1775481572788_1989_0_0.jpg"", ""https://xcimg.szwego.com/imgHD/6c7a535f/20260406/cmp_i1775481576289_7925_0_1.jpg"", ""https://xcimg.szwego.com/imgHD/6c7a535f/20260406/cmp_i1775481573581_9962_0_2.jpg"", ""https://xcimg.szwego.com/imgHD/6c7a535f/20260406/cmp_i1775481577059_4317_0_3.jpg"", ""https://xcimg.szwego.com/imgHD/6c7a535f/20260406/cmp_i1775481576977_7231_0_4.jpg"", ""https://xcimg.szwego.com/imgHD/6c7a535f/20260406/cmp_i1775481577024_5697_0_5.jpg"", ""https://xcimg.szwego.com/imgHD/6c7a535f/20260406/cmp_i1775481573656_5961_0_6.jpg"", ""https://xcimg.szwego.com/imgHD/6c7a535f/20260406/cmp_i1775481573937_8522_0_7.jpg"", ""https://xcimg.szwego.com/imgHD/6c7a535f/20260406/cmp_i1775481573723_1964_0_8.jpg""]"
_doHrSzYEUbzRCw2o8GFaHIjeBXFsEZL5xJCgbEQ;;🌟独家款 优势强推 主推让利 BC布鲁内洛翻领拉链羊皮夹克皮衣 ——————— 采用进口头层绵羊皮面料，皮质细腻柔韧，触感软糯亲肤，兼具优异的垂坠感与挺括度，完美平衡了穿着舒适度与造型质感，尽显顶奢品牌的高端用料水准；领口采用经典翻领设计，利落有型，可修饰颈部线条，兼具防风实用性与造型感，领口内侧酒红色撞色里布，细节处彰显低调奢华；正面采用金属拉链开合，拉链顺滑耐用，质感高级，开合便捷，双拉链头设计更显精致；衣身采用明线装饰工艺，走线工整细腻，精准勾勒衣身轮廓，打破纯黑单调感，凸显精湛制衣工艺；两侧对称设计拉链斜插口袋，实用美观，既方便放置随身物品，又丰富了衣身结构层次，拉链头点缀品牌细节，高级感拉满；下摆采用松紧抽褶设计，贴合身形，防风保暖，同时强化复古夹克的经典版型。 ————————8888 材质: 羊皮 版型：宽松 颜色：黑色 尺码：S/M/L/XL;0;;lrg3k8cd5bgw3jv;;Для мужчин;"[""https://xcimg.szwego.com/imgHD/6c7a535f/20260406/cmp_i1775481735472_2019_0_0.jpg"", ""https://xcimg.szwego.com/imgHD/6c7a535f/20260406/cmp_i1775481738736_3343_0_1.jpg"", ""https://xcimg.szwego.com/imgHD/6c7a535f/20260406/cmp_i1775481736204_2857_0_2.jpg"", ""https://xcimg.szwego.com/imgHD/6c7a535f/20260406/cmp_i1775481739341_1035_0_3.jpg"", ""https://xcimg.szwego.com/imgHD/6c7a535f/20260406/cmp_i1775481736213_589_0_4.jpg"", ""https://xcimg.szwego.com/imgHD/6c7a535f/20260406/cmp_i1775481736121_750_0_5.jpg"", ""https://xcimg.szwego.com/imgHD/6c7a535f/20260406/cmp_i1775481739289_8089_0_6.jpg"", ""https://xcimg.szwego.com/imgHD/6c7a535f/20260406/cmp_i1775481736266_7228_0_7.jpg"", ""https://xcimg.szwego.com/imgHD/6c7a535f/20260406/cmp_i1775481710978_1797_1_5.jpg""]"
_dx7rS9Em33d2lxHX5nT6uF0FTmjq5GBOhbo5Chw;;LP诺悠翩雅翻领麂皮排扣皮衣 ——————— 采用进口头层羊反绒麂皮面料，皮质绒面细腻蓬松，触感软糯亲肤，兼具优异的垂坠感与复古质感，完美平衡了穿着舒适度与造型格调，尽显顶奢品牌的高端用料水准；领口采用经典翻领设计，搭配罗纹包边与抽绳调节，利落有型，可修饰颈部线条，兼具防风实用性与造型感，随性调整打造专属穿搭风格；正面采用黑色树脂纽扣开合，纽扣质感高级，开合便捷，每一颗都彰显精致工艺；衣身采用明线装饰工艺，走线工整细腻，精准勾勒衣身轮廓与口袋结构，打破纯色单调感，凸显精湛制衣工艺；两侧对称设计斜插式口袋，实用美观，既方便放置随身物品，下摆与袖口采用罗纹收边设计，贴合身形防风保暖。 ————————8888 材质: 麂皮 版型：宽松 颜色：军绿 尺码：S/M/L/XL;0;;lrg3k8cd5bgw3jv;;Для мужчин;"[""https://xcimg.szwego.com/imgHD/6c7a535f/20260406/cmp_i1775481910080_8395_0_0.jpg"", ""https://xcimg.szwego.com/imgHD/6c7a535f/20260406/cmp_i1775481913821_3576_0_1.jpg"", ""https://xcimg.szwego.com/imgHD/6c7a535f/20260406/cmp_i1775481914588_17_0_2.jpg"", ""https://xcimg.szwego.com/imgHD/6c7a535f/20260406/cmp_i1775481910806_3541_0_3.jpg"", ""https://xcimg.szwego.com/imgHD/6c7a535f/20260406/cmp_i1775481914720_4244_0_4.jpg"", ""https://xcimg.szwego.com/imgHD/6c7a535f/20260406/cmp_i1775481914627_2006_0_5.jpg"", ""https://xcimg.szwego.com/imgHD/6c7a535f/20260406/cmp_i1775481914640_5251_0_6.jpg"", ""https://xcimg.szwego.com/imgHD/6c7a535f/20260406/cmp_i1775481910788_3928_0_7.jpg"", ""https://xcimg.szwego.com/imgHD/6c7a535f/20260406/cmp_i1775481910882_9596_0_8.jpg""]"
_deprSsxBdc2E7s2a_S98j8hfOQYrZSh_bm_zYng;;🌟独家款 优势强推 主推让利 TF汤姆.福特口袋拉链翻领皮衣 ——————— 采用进口头层绵羊皮面料，皮质细腻柔韧，触感软糯亲肤，兼具优异的垂坠感与挺括度，完美平衡了穿着舒适度与造型质感，尽显高端奢牌的用料水准；领口采用经典翻领设计，利落有型，可修饰颈部线条，兼具防风实用性与造型感，轻松适配多种穿搭风格；正面采用双向金属拉链开合，拉链顺滑耐用，质感高级，开合便捷，拉链头点缀品牌细节，高级感拉满；衣身采用明线装饰工艺，走线工整细腻，精准勾勒衣身轮廓，打破纯黑单调感，凸显精湛制衣工艺；两侧对称设计斜插式口袋，实用美观，既方便放置随身物品，又丰富了衣身结构层次；左臂增设拉链装饰口袋，细节感拉满，强化工装风格，彰显个性设计；下摆与袖口采用罗纹收边设计，贴合身形尽显低调奢华的高级感。 ————————8888 材质: 羊皮 版型：宽松 颜色：黑色 尺码：S/M/L/XL;0;;lrg3k8cd5bgw3jv;;Для мужчин;"[""https://xcimg.szwego.com/imgHD/6c7a535f/20260406/cmp_i1775481930788_1426_0_0.jpg"", ""https://xcimg.szwego.com/imgHD/6c7a535f/20260406/cmp_i1775481934909_4452_0_1.jpg"", ""https://xcimg.szwego.com/imgHD/6c7a535f/20260406/cmp_i1775481931544_7450_0_2.jpg"", ""https://xcimg.szwego.com/imgHD/6c7a535f/20260406/cmp_i1775481935886_3119_0_3.jpg"", ""https://xcimg.szwego.com/imgHD/6c7a535f/20260406/cmp_i1775481935668_5016_0_4.jpg"", ""https://xcimg.szwego.com/imgHD/6c7a535f/20260406/cmp_i1775481931506_380_0_5.jpg"", ""https://xcimg.szwego.com/imgHD/6c7a535f/20260406/cmp_i1775481931477_3271_0_6.jpg"", ""https://xcimg.szwego.com/imgHD/6c7a535f/20260406/cmp_i1775481931534_1107_0_7.jpg"", ""https://xcimg.szwego.com/imgHD/6c7a535f/20260406/cmp_i1775481935958_3308_0_8.jpg""]"
_dyFrSKkdYXMdW8__Fia-fEEhlP8CSwzcX066GPw;;ZEGNA杰尼亚口袋排扣麂皮皮衣 ——————— 采用进口头层羊反绒麂皮面料，皮质绒面细腻蓬松，触感软糯亲肤，兼具优异的垂坠感与复古质感，完美平衡了穿着舒适度与造型格调，尽显高端奢牌的顶级用料水准；领口采用经典翻领设计，利落有型，可修饰颈部线条，兼具防风实用性与造型感，轻松适配多种穿搭风格；正面采用黑色树脂纽扣开合，纽扣质感高级，开合便捷，每一颗都彰显精致工艺；衣身采用明线装饰工艺，走线工整细腻，精准勾勒衣身轮廓与口袋结构，打破纯色单调感，凸显精湛制衣工艺；胸前对称设计双大口袋，实用美观，既方便放置随身物品，又丰富了衣身结构层次，口袋细节设计感拉满；袖口采用平整收边设计，利落有型，可自由搭配腕表等配饰；下摆采用平整收边设计，强化复古夹克的经典版型。 ————————8888 材质: 麂皮 版型：宽松 颜色：焦糖色 尺码：S/M/L/XL;0;;lrg3k8cd5bgw3jv;;Для мужчин;"[""https://xcimg.szwego.com/imgHD/6c7a535f/20260406/cmp_i1775481976173_5606_0_0.jpg"", ""https://xcimg.szwego.com/imgHD/6c7a535f/20260406/cmp_i1775481972702_2002_0_1.jpg"", ""https://xcimg.szwego.com/imgHD/6c7a535f/20260406/cmp_i1775481973460_1640_0_2.jpg"", ""https://xcimg.szwego.com/imgHD/6c7a535f/20260406/cmp_i1775481973491_1358_0_3.jpg"", ""https://xcimg.szwego.com/imgHD/6c7a535f/20260406/cmp_i1775481973401_2641_0_4.jpg"", ""https://xcimg.szwego.com/imgHD/6c7a535f/20260406/cmp_i1775481976872_6165_0_5.jpg"", ""https://xcimg.szwego.com/imgHD/6c7a535f/20260406/cmp_i1775481976927_836_0_6.jpg"", ""https://xcimg.szwego.com/imgHD/6c7a535f/20260406/cmp_i1775481976917_4342_0_7.jpg"", ""https://xcimg.szwego.com/imgHD/6c7a535f/20260406/cmp_i1775481973460_5279_0_8.jpg""]"
_do_rSPpUfmaCsgxGAEtGDUo1NrWGnK3_yMyVm9w;;THE ROW立领抽绳可隐藏帽皮衣 ——————— 采用进口头层绵羊皮面料，皮质细腻柔韧，触感软糯亲肤，兼具优异的垂坠感与挺括度，完美平衡了穿着舒适度与造型质感，尽显极简奢牌的高端用料水准；领口采用连帽设计，搭配抽绳调节，随性有型，既能为头部提供防风防护，又能自由调整造型，增添穿搭层次感；正面采用金属拉链开合，拉链顺滑耐用，质感高级，开合便捷，拉链头细节精致，彰显品牌低调工艺；衣身采用明线装饰工艺，走线工整细腻，精准勾勒衣身轮廓，打破纯黑单调感，凸显精湛制衣工艺；两侧对称设计拉链斜插口袋，实用美观，既方便放置随身物品，又丰富了衣身结构层次；袖口与下摆采用松紧抽褶设计，贴合身形，防风保暖，同时强化休闲夹克的松弛版型。 ————————8888 材质: 羊皮 版型：宽松 颜色：黑色 尺码：S/M/L/XL;0;;lrg3k8cd5bgw3jv;;Для мужчин;"[""https://xcimg.szwego.com/imgHD/6c7a535f/20260406/cmp_i1775482003542_1808_0_0.jpg"", ""https://xcimg.szwego.com/imgHD/6c7a535f/20260406/cmp_i1775482003548_2231_0_1.jpg"", ""https://xcimg.szwego.com/imgHD/6c7a535f/20260406/cmp_i1775482004149_9517_0_2.jpg"", ""https://xcimg.szwego.com/imgHD/6c7a535f/20260406/cmp_i1775482008255_9491_0_3.jpg"", ""https://xcimg.szwego.com/imgHD/6c7a535f/20260406/cmp_i1775482004217_4581_0_4.jpg"", ""https://xcimg.szwego.com/imgHD/6c7a535f/20260406/cmp_i1775482008275_997_0_5.jpg"", ""https://xcimg.szwego.com/imgHD/6c7a535f/20260406/cmp_i1775482008253_185_0_6.jpg"", ""https://xcimg.szwego.com/imgHD/6c7a535f/20260406/cmp_i1775482008229_8726_0_7.jpg"", ""https://xcimg.szwego.com/imgHD/6c7a535f/20260406/cmp_i1775482004117_7888_0_8.jpg""]"
_daJrSZVCCerfZYW4kSe4zJJDqOaWEFZ-2E_AeRQ;;LP诺悠翩雅多口袋麂皮工装轻奢皮衣 ——————— 采用意大利进口顶级山羊绒麂皮面料，质地细腻软糯，触感温润亲肤，兼具出色的透气性与保暖性，上身挺括有型，尽显奢华质感，完美适配秋冬日常通勤与休闲出行；立领设计搭配可调节金属按扣，可自由切换造型，既能防风保暖，又能打造利落干练的穿搭氛围，领口细节处点缀品牌专属标识，低调彰显品牌身份；衣身采用多口袋工装设计，上下双层立体口袋，采用明线包边工艺加固，线条利落立体，既强化了工装风格的硬朗感，又提升了储物实用性；门襟采用隐形拉链+按扣双重闭合设计，开合顺畅，防风性拉满，细节处彰显品牌精湛工艺；整体剪裁遵循人体工学，宽松直筒版型不挑身材，轻松修饰身形，适配各种穿搭风格。 ————————88536088 材质: 山羊绒麂皮 版型：宽松 颜色：驼色 尺码：48/50/52/54;0;;lrg3k8cd5bgw3jv;;Для мужчин;"[""https://xcimg.szwego.com/imgHD/6c7a535f/20260409/cmp_i1775742553155_4529_0_0.jpg"", ""https://xcimg.szwego.com/imgHD/6c7a535f/20260409/cmp_i1775742553144_1774_0_1.jpg"", ""https://xcimg.szwego.com/imgHD/6c7a535f/20260409/cmp_i1775742553909_6632_0_2.jpg"", ""https://xcimg.szwego.com/imgHD/6c7a535f/20260409/cmp_i1775742695366_3423_0_3.jpg"", ""https://xcimg.szwego.com/imgHD/6c7a535f/20260409/cmp_i1775742553836_9653_0_4.jpg"", ""https://xcimg.szwego.com/imgHD/6c7a535f/20260409/cmp_i1775742749831_9231_0_5.jpg"", ""https://xcimg.szwego.com/imgHD/6c7a535f/20260409/cmp_i1775742554202_2763_0_6.jpg"", ""https://xcimg.szwego.com/imgHD/6c7a535f/20260409/cmp_i1775742778585_6006_0_7.jpg"", ""https://xcimg.szwego.com/imgHD/6c7a535f/20260409/cmp_i1775742678843_2100_0_8.jpg""]"
_dkBrScrlmtW-vUtE52WGnYFNmxxlewQ0rwGljEA;;LP诺悠翩雅麂皮翻领口袋排扣皮衣 ——————— 采用意大利进口顶级山羊绒麂皮面料，质地细腻软糯，触感温润亲肤，兼具出色的透气性与保暖性，上身挺括有型，尽显奢华质感，完美适配春秋日常通勤与休闲出行；门襟采用定制天然贝壳纽扣，质感温润通透，开合顺畅，每一颗纽扣都镌刻品牌细节，尽显高端工艺；衣身采用多口袋立体剪裁设计，左胸单袋+下摆双侧大口袋，采用明线包边工艺加固，线条利落立体，既强化了工装风格的硬朗感，又提升了储物实用性；内里采用品牌经典格纹高支纯棉衬里，顺滑亲肤，穿脱便捷，提升穿着舒适度，格纹设计暗藏品牌巧思；整体剪裁遵循人体工学，宽松直筒版型不挑身材，轻松修饰身形，适配各种穿搭风格；袖口与下摆做平整锁边处理，走线工整细腻针脚均匀。 ————————88376088 材质: 山羊绒麂皮 版型：宽松 颜色：焦糖棕 尺码：48/50/52/54/56;0;;lrg3k8cd5bgw3jv;;Для мужчин;"[""https://xcimg.szwego.com/imgHD/6c7a535f/20260409/cmp_i1775742594036_81_0_0.jpg"", ""https://xcimg.szwego.com/imgHD/6c7a535f/20260409/cmp_i1775742757793_6214_0_1.jpg"", ""https://xcimg.szwego.com/imgHD/6c7a535f/20260409/cmp_i1775742594711_2620_0_2.jpg"", ""https://xcimg.szwego.com/imgHD/6c7a535f/20260409/cmp_i1775742594682_917_0_3.jpg"", ""https://xcimg.szwego.com/imgHD/6c7a535f/20260409/cmp_i1775742594630_8233_0_4.jpg"", ""https://xcimg.szwego.com/imgHD/6c7a535f/20260409/cmp_i1775742720953_8443_0_5.jpg"", ""https://xcimg.szwego.com/imgHD/6c7a535f/20260409/cmp_i1775742594682_6076_0_6.jpg"", ""https://xcimg.szwego.com/imgHD/6c7a535f/20260409/cmp_i1775742758553_9564_0_7.jpg"", ""https://xcimg.szwego.com/imgHD/6c7a535f/20260409/cmp_i1775742757791_3368_0_8.jpg""]"
_doMrSQFnIHe0-gXd4Ee16xxZY9A8kKMkk2xdyNQ;;🌟独家款 优势强推 主推让利 ZEGNA杰尼亚单排扣休闲西装皮衣 ——————— 采用意大利进口纯棉灯芯绒面料，质地厚实软糯，绒条饱满立体，触感柔软亲肤，兼具出色的保暖性与抗皱性，上身舒适有型，完美适配秋冬多场景穿搭；领口采用经典平驳领设计，经过定型工艺处理，久穿不易塌软，利落修饰颈部线条，轻松打造干练造型；门襟采用单排双扣设计，搭配品牌定制金属纽扣，质感高级，开合便捷，每一颗纽扣都经过精细打磨，光泽感十足；衣身设计多口袋结构，左胸嵌线袋+两侧双嵌线袋，采用同料车缝工艺，既丰富了衣身结构层次，又兼具实用收纳功能；内里采用品牌定制里布，顺滑亲肤，穿脱便捷，有效减少面料磨损，延长服饰使用寿命。 ————————88376088 材质: 灯芯绒 版型：宽松 颜色：焦糖棕 尺码：S/M/L/XL;0;;lrg3k8cd5bgw3jv;;Для мужчин;"[""https://xcimg.szwego.com/imgHD/6c7a535f/20260413/cmp_i1776087896669_571_0_0.jpg"", ""https://xcimg.szwego.com/imgHD/6c7a535f/20260413/cmp_i1776087900322_5787_0_1.jpg"", ""https://xcimg.szwego.com/imgHD/6c7a535f/20260413/cmp_i1776087897504_3646_0_2.jpg"", ""https://xcimg.szwego.com/imgHD/6c7a535f/20260413/cmp_i1776087901094_8370_0_3.jpg"", ""https://xcimg.szwego.com/imgHD/6c7a535f/20260413/cmp_i1776087901026_1447_0_4.jpg"", ""https://xcimg.szwego.com/imgHD/6c7a535f/20260413/cmp_i1776087901010_6588_0_5.jpg"", ""https://xcimg.szwego.com/imgHD/6c7a535f/20260413/cmp_i1776087897474_6631_0_6.jpg"", ""https://xcimg.szwego.com/imgHD/6c7a535f/20260413/cmp_i1776087897410_5657_0_7.jpg"", ""https://xcimg.szwego.com/imgHD/6c7a535f/20260413/cmp_i1776087897392_5699_0_8.jpg""]"
_dfdrSlUCc4Hl6PvCRS_UnQysNCcrnFA54yPHg5A;;🌟独家款 优势强推 主推让利 DIOR迪奥彩点花呢单排扣休闲西装皮衣 ——————— 采用意大利进口纯山羊绒彩点花呢面料，质地细腻软糯，触感轻盈蓬松，兼具极致的保暖性与亲肤感，彩点混纺工艺让面料自带复古肌理感，上身高级感拉满，完美适配秋冬多场景穿搭；领口采用经典平驳领设计，经过定型工艺处理，久穿不易塌软，利落修饰颈部线条，轻松打造干练造型；门襟采用单排双扣设计，搭配品牌定制黑色树脂纽扣，质感高级，开合便捷，每一颗纽扣都经过精细打磨，光泽感十足；衣身两侧对称设计嵌线贴袋，采用同料车缝工艺，既丰富了衣身结构层次，又兼具实用收纳功能；袖口采用四粒装饰扣设计，延续品牌经典西装工艺，细节处彰显品牌辨识度；内里采用品牌定制顺滑里布，穿脱便捷，有效减少面料磨损，线条流畅利落，不挑身形，适配多种穿搭风格，兼顾造型感与实穿性；面料经过精细洗水与定型工艺处理，有效避免日常穿着后的起球变形打理便捷。 ————————88376088 材质: 山羊绒 版型：宽松 颜色：咖色彩点 尺码：S/M/L/XL;0;;lrg3k8cd5bgw3jv;;Для мужчин;"[""https://xcimg.szwego.com/imgHD/6c7a535f/20260413/cmp_i1776087922489_4874_0_0.jpg"", ""https://xcimg.szwego.com/imgHD/6c7a535f/20260413/cmp_i1776087922493_7186_0_1.jpg"", ""https://xcimg.szwego.com/imgHD/6c7a535f/20260413/cmp_i1776087919145_6814_0_2.jpg"", ""https://xcimg.szwego.com/imgHD/6c7a535f/20260413/cmp_i1776087919185_2713_0_3.jpg"", ""https://xcimg.szwego.com/imgHD/6c7a535f/20260413/cmp_i1776087927730_9733_0_4.jpg"", ""https://xcimg.szwego.com/imgHD/6c7a535f/20260413/cmp_i1776087919176_4318_0_5.jpg"", ""https://xcimg.szwego.com/imgHD/6c7a535f/20260413/cmp_i1776087919264_2364_0_6.jpg"", ""https://xcimg.szwego.com/imgHD/6c7a535f/20260413/cmp_i1776087923457_4059_0_7.jpg"", ""https://xcimg.szwego.com/imgHD/6c7a535f/20260413/cmp_i1776087918381_3796_0_8.jpg""]"
_dgzrSmdJYHJNuH94kk9k8SMD9O-1hXWFgJjx2DQ;;🌟独家款 优势强推 主推让利 PRADA普拉达双排扣v领长款大衣 ——————— 采用意大利进口高支羊毛羊绒混纺面料，质地细腻软糯，触感蓬松丰盈，兼具极致的保暖性与垂坠感，上身挺括有型，完全无厚重感，完美适配秋冬多场景穿搭；领口采用经典戗驳领设计，经过定型工艺处理，久穿不易塌软，利落修饰颈部线条，轻松打造大气干练造型；门襟采用双排六扣设计，搭配品牌定制金属纽扣，质感高级，开合便捷，每一颗纽扣都经过精细打磨，光泽感十足，醒目彰显细节质感；衣身设计多口袋结构，左胸嵌线袋+两侧贴袋，采用同料车缝工艺，既丰富了衣身结构层次，又兼具实用收纳功能；袖口采用四粒装饰扣设计，延续品牌经典西装工艺，细节处彰显品牌辨识度；面料经过精细预缩水处理与抗皱定型处理，有效避免日常穿着后的缩水变形与褶皱。 ————————88440088 材质: 羊绒 版型：宽松 颜色：驼色 尺码：S/M/L/XL;0;;lrg3k8cd5bgw3jv;;Для мужчин;"[""https://xcimg.szwego.com/imgHD/6c7a535f/20260413/cmp_i1776088404088_8335_0_0.jpg"", ""https://xcimg.szwego.com/imgHD/6c7a535f/20260413/cmp_i1776088398014_7774_0_1.jpg"", ""https://xcimg.szwego.com/imgHD/6c7a535f/20260413/cmp_i1776088398800_2288_0_2.jpg"", ""https://xcimg.szwego.com/imgHD/6c7a535f/20260413/cmp_i1776088398812_5371_0_3.jpg"", ""https://xcimg.szwego.com/imgHD/6c7a535f/20260413/cmp_i1776088404760_2634_0_4.jpg"", ""https://xcimg.szwego.com/imgHD/6c7a535f/20260413/cmp_i1776088398733_8706_0_5.jpg"", ""https://xcimg.szwego.com/imgHD/6c7a535f/20260413/cmp_i1776088398837_7345_0_6.jpg"", ""https://xcimg.szwego.com/imgHD/6c7a535f/20260413/cmp_i1776088404724_2448_0_7.jpg"", ""https://xcimg.szwego.com/imgHD/6c7a535f/20260413/cmp_i1776088404737_3643_0_8.jpg""]"
_dtxrSTLyD_6B6lVQQms_-p79iltntLXjOruVcpA;;LV路易威登老花刺绣翻领高定皮衣 ——————— 采用进口顶级头层牛反绒麂皮面料，质地细腻软糯，触感丝滑丰盈，兼具出色的保暖性与透气性，上身轻盈无压，完美适配秋冬多场景穿搭；领口采用经典翻领设计，经过定型工艺处理，久穿不易塌软，利落修饰颈部线条，轻松打造干练造型；门襟采用全开襟设计，搭配品牌定制金属按扣，每一颗按扣都镶嵌品牌标志性饰石，开合便捷且质感高级，细节处彰显品牌辨识度；衣身通体采用品牌经典Monogram老花刺绣工艺，高密立体绣线，针脚细密饱满，图案清晰立体，醒目呈现品牌标志性元素，低调彰显奢华质感；内里采用品牌定制老花提花里布，顺滑亲肤，穿脱便捷，有效减少面料磨损，延长服饰使用寿命。 ————————8888 材质: 反绒麂皮 版型：宽松 颜色：深棕色 尺码：S/M/L/XL;0;;lrg3k8cd5bgw3jv;;Для мужчин;"[""https://xcimg.szwego.com/imgHD/6c7a535f/20260413/cmp_i1776088026196_5511_0_0.jpg"", ""https://xcimg.szwego.com/imgHD/6c7a535f/20260413/cmp_i1776088026207_717_0_1.jpg"", ""https://xcimg.szwego.com/imgHD/6c7a535f/20260413/cmp_i1776088026788_4548_0_2.jpg"", ""https://xcimg.szwego.com/imgHD/6c7a535f/20260413/cmp_i1776088022771_3790_0_3.jpg"", ""https://xcimg.szwego.com/imgHD/6c7a535f/20260413/cmp_i1776088022812_8330_0_4.jpg"", ""https://xcimg.szwego.com/imgHD/6c7a535f/20260413/cmp_i1776088022722_6714_0_5.jpg"", ""https://xcimg.szwego.com/imgHD/6c7a535f/20260413/cmp_i1776088022818_1545_0_6.jpg"", ""https://xcimg.szwego.com/imgHD/6c7a535f/20260413/cmp_i1776088022739_8707_0_7.jpg"", ""https://xcimg.szwego.com/imgHD/6c7a535f/20260413/cmp_i1776088026813_445_0_8.jpg""]"
_dpxrS6lfRbQaf4NIDJs2Zz2Aq59XDftmBegZ3Qw;;LV路易威登满印压纹老花翻领高奢皮衣 ——————— 采用进口高端压纹棉感皮革面料，质地挺括有型，触感细腻顺滑，兼具出色的抗皱性与耐磨性，上身舒适无束缚，完美适配多季节穿搭；领口采用经典翻领设计，经过定型工艺处理，久穿不易塌软，利落修饰颈部线条，轻松打造干练造型；门襟采用全开襟设计，搭配品牌定制金属按扣，每一颗按扣都印有品牌标识，开合便捷且质感高级，细节处彰显品牌辨识度；衣身通体采用品牌经典Monogram老花满印压纹工艺，纹理清晰立体，触感饱满，醒目呈现品牌标志性元素，低调彰显奢华质感；衣身对称设计双胸袋，袋盖采用同料车缝工艺，搭配金属按扣闭合，既丰富了衣身结构层次，又兼具实用收纳功能；内里采用品牌定制老花提花里布，顺滑亲肤穿脱便捷，有效减少面料磨损。 ————————8888 材质: 皮革 版型：宽松 颜色：黑色 尺码：S/M/L/XL;0;;lrg3k8cd5bgw3jv;;Для мужчин;"[""https://xcimg.szwego.com/imgHD/6c7a535f/20260413/cmp_i1776088166624_1044_0_0.jpg"", ""https://xcimg.szwego.com/imgHD/6c7a535f/20260413/cmp_i1776088162874_8454_0_1.jpg"", ""https://xcimg.szwego.com/imgHD/6c7a535f/20260413/cmp_i1776088163764_6429_0_2.jpg"", ""https://xcimg.szwego.com/imgHD/6c7a535f/20260413/cmp_i1776088167221_7353_0_3.jpg"", ""https://xcimg.szwego.com/imgHD/6c7a535f/20260413/cmp_i1776088167198_8180_0_4.jpg"", ""https://xcimg.szwego.com/imgHD/6c7a535f/20260413/cmp_i1776088163814_7333_0_5.jpg"", ""https://xcimg.szwego.com/imgHD/6c7a535f/20260413/cmp_i1776088167283_1051_0_6.jpg"", ""https://xcimg.szwego.com/imgHD/6c7a535f/20260413/cmp_i1776088163829_8743_0_7.jpg"", ""https://xcimg.szwego.com/imgHD/6c7a535f/20260413/cmp_i1776088163672_2311_0_8.jpg""]"
_dhErSY54uwAXCEJGspm1cp54prYCvhL6SP47iIQ;;🌟独家款 优势强推 主推让利 LV路易威登麂皮拼皮棋盘格抽绳连帽夹克皮衣 ——————— 采用进口顶级头层牛反绒麂皮与头层牛皮拼接打造，麂皮部分质地细腻软糯，触感丝滑丰盈，牛皮部分挺括有型，兼具出色的保暖性与耐磨性，上身轻盈无压，完美适配秋冬多场景穿搭；领口采用连帽设计，配有品牌定制抽绳调节，抽绳尾端镶嵌金属饰件，随性有型，既能为头部提供防护又增添造型层次；门襟采用全开襟拉链设计，搭配品牌定制金属拉链头，印有LV标识，开合顺滑且质感高级，细节处彰显品牌辨识度；衣身两侧设计大尺寸贴袋，袋身采用品牌经典棋盘格压纹工艺，纹理清晰立体，触感饱满，醒目呈现品牌标志性元素，低调彰显奢华质感；袖口与下摆采用同色系罗纹收边，弹力适中，贴合身形，有效防风锁温，同时提升穿着舒适度；面料经过精细鞣制与防污处理，有效避免日常穿着后的起球变形，打理便捷；走线工整严密，从领口到下摆，从肩线到侧缝，每一处细节都严格遵循顶级工艺标准。 ————————8888 材质: 麂皮+牛皮 版型：宽松 颜色：黑色 尺码：S/M/L/XL;0;;lrg3k8cd5bgw3jv;;Для мужчин;"[""https://xcimg.szwego.com/imgHD/6c7a535f/20260413/cmp_i1776088184725_9980_0_0.jpg"", ""https://xcimg.szwego.com/imgHD/6c7a535f/20260413/cmp_i1776088187678_2269_0_1.jpg"", ""https://xcimg.szwego.com/imgHD/6c7a535f/20260413/cmp_i1776088185432_1685_0_2.jpg"", ""https://xcimg.szwego.com/imgHD/6c7a535f/20260413/cmp_i1776088188386_2047_0_3.jpg"", ""https://xcimg.szwego.com/imgHD/6c7a535f/20260413/cmp_i1776088188328_1342_0_4.jpg"", ""https://xcimg.szwego.com/imgHD/6c7a535f/20260413/cmp_i1776088185501_3214_0_5.jpg"", ""https://xcimg.szwego.com/imgHD/6c7a535f/20260413/cmp_i1776088185465_9323_0_6.jpg"", ""https://xcimg.szwego.com/imgHD/6c7a535f/20260413/cmp_i1776088188217_6703_0_7.jpg"", ""https://xcimg.szwego.com/imgHD/6c7a535f/20260413/cmp_i1776088185931_5909_0_8.jpg""]"
_durrSZ78QN2YaBK9hFlHfs4aFpSJhox88QvtvAw;;GUCCI古驰双G压纹立领麂皮质感皮衣 ——————— 采用进口顶级头层牛反绒麂皮面料，质地细腻软糯，触感丝滑丰盈，兼具出色的保暖性与透气性，上身轻盈无压，完美适配秋冬多场景穿搭；领口采用经典立领设计，搭配两颗品牌定制金属按扣，可自由调节开合度，既能防风保暖，又能利落修饰颈部线条，打造干练造型；门襟采用全开襟拉链设计，搭配品牌定制金属拉链头，开合顺滑且质感高级，细节处彰显品牌辨识度；衣身通体采用品牌经典双G满印压纹工艺，纹理清晰立体，触感饱满，醒目呈现品牌标志性元素，低调彰显奢华质感；衣身两侧对称设计斜插贴袋，袋盖搭配品牌定制金属按扣，既丰富了衣身结构层次，又兼具实用收纳功能；袖口与下摆采用同色系罗纹收边，弹力适中，贴合身形，有效防风锁温，同时提升穿着舒适度。 ————————8888 材质: 反绒麂皮 版型: 宽松 颜色: 焦糖棕 尺码: S/M/L/XL;0;;lrg3k8cd5bgw3jv;;Для мужчин;"[""https://xcimg.szwego.com/imgHD/6c7a535f/20260413/cmp_i1776088052519_6752_0_0.jpg"", ""https://xcimg.szwego.com/imgHD/6c7a535f/20260413/cmp_i1776088057862_8356_0_1.jpg"", ""https://xcimg.szwego.com/imgHD/6c7a535f/20260413/cmp_i1776088053292_4810_0_2.jpg"", ""https://xcimg.szwego.com/imgHD/6c7a535f/20260413/cmp_i1776088053407_7634_0_3.jpg"", ""https://xcimg.szwego.com/imgHD/6c7a535f/20260413/cmp_i1776088058582_6873_0_4.jpg"", ""https://xcimg.szwego.com/imgHD/6c7a535f/20260413/cmp_i1776088058572_8786_0_5.jpg"", ""https://xcimg.szwego.com/imgHD/6c7a535f/20260413/cmp_i1776088053363_8452_0_6.jpg"", ""https://xcimg.szwego.com/imgHD/6c7a535f/20260413/cmp_i1776088058584_6399_0_7.jpg"", ""https://xcimg.szwego.com/imgHD/6c7a535f/20260413/cmp_i1776088053701_9905_0_8.jpg""]"
_drzrSCCpBIsjr1RqdDjGeXNp9tqzOXQ3tft53UA;;🌟独家款 优势强推 主推让利 TOM FORD汤姆福特翻领多口袋麂皮工装皮衣 ——————— 采用进口顶级头层牛反绒麂皮面料，质地细腻软糯，触感丝滑丰盈，兼具出色的保暖性与透气性，上身轻盈无压，完美适配秋冬多场景穿搭；领口采用经典翻领设计，经过定型工艺处理，久穿不易塌软，利落修饰颈部线条，轻松打造干练造型；门襟采用全开襟拉链设计，搭配品牌定制金属拉链头，开合顺滑且质感高级，细节处彰显品牌辨识度；门襟右侧搭配品牌定制金属按扣袢带，既丰富了衣身结构层次，又提升了穿脱便利性；衣身对称设计双胸袋，采用拉链开合设计，兼具实用性与装饰性，袋型挺括有型，彰显工装风格；衣身左侧设计斜插拉链口袋，袖口搭配拉链调节设计，可自由调节松紧度，兼顾实用性与造型感；内里采用品牌定制顺滑里布穿脱便捷，面料经过精细鞣制与防污处理，有效避免日常穿着后的起球变形打理便捷。 ————————8888 材质: 麂皮绒面 版型: 宽松 颜色: 黑色 尺码: S/M/L/XL;0;;lrg3k8cd5bgw3jv;;Для мужчин;"[""https://xcimg.szwego.com/imgHD/6c7a535f/20260413/cmp_i1776088294854_4004_0_0.jpg"", ""https://xcimg.szwego.com/imgHD/6c7a535f/20260413/cmp_i1776088291630_1296_0_1.jpg"", ""https://xcimg.szwego.com/imgHD/6c7a535f/20260413/cmp_i1776088292390_5010_0_2.jpg"", ""https://xcimg.szwego.com/imgHD/6c7a535f/20260413/cmp_i1776088295463_601_0_3.jpg"", ""https://xcimg.szwego.com/imgHD/6c7a535f/20260413/cmp_i1776088292375_5349_0_4.jpg"", ""https://xcimg.szwego.com/imgHD/6c7a535f/20260413/cmp_i1776088292435_8349_0_5.jpg"", ""https://xcimg.szwego.com/imgHD/6c7a535f/20260413/cmp_i1776088292457_3419_0_6.jpg"", ""https://xcimg.szwego.com/imgHD/6c7a535f/20260413/cmp_i1776088295480_1687_0_7.jpg"", ""https://xcimg.szwego.com/imgHD/6c7a535f/20260413/cmp_i1776088295552_3504_0_8.jpg""]"
_dlYrSlgXv-7bh2vCpaVspO5tKfu740RqIavndWg;;HERMES爱马仕经典款棒球领真皮皮衣 ——————— 采用进口顶级头层小羊皮面料，质地细腻软糯，触感丝滑丰盈，兼具出色的保暖性与透气性，上身轻盈无压，完美适配秋冬多场景穿搭；领口采用经典棒球领设计，搭配高弹罗纹包边，久穿不易塌软，利落修饰颈部线条，打造干练利落造型；门襟采用全开襟拉链设计，搭配品牌定制金属拉链头，开合顺滑且质感高级，细节处彰显品牌辨识度；衣身对称设计双斜插拉链口袋，兼具实用性与装饰性，袋型挺括有型，方便随身物品收纳；袖口与下摆采用同色系高弹罗纹收边，弹力适中，贴合身形，有效防风锁温，同时提升穿着舒适度；从领口到下摆，从肩线到侧缝，每一处细节都严格遵循品牌顶级工艺标准，是衣橱中永不过时的传世级高端奢品单品。 ————————8888 材质: 头层小羊皮 版型: 宽松 颜色: 黑色 尺码: S/M/L/XL;0;;lrg3k8cd5bgw3jv;;Для мужчин;"[""https://xcimg.szwego.com/imgHD/6c7a535f/20260413/cmp_i1776088349840_2959_0_0.jpg"", ""https://xcimg.szwego.com/imgHD/6c7a535f/20260413/cmp_i1776088345887_343_0_1.jpg"", ""https://xcimg.szwego.com/imgHD/6c7a535f/20260413/cmp_i1776088350394_4891_0_2.jpg"", ""https://xcimg.szwego.com/imgHD/6c7a535f/20260413/cmp_i1776088346631_7165_0_3.jpg"", ""https://xcimg.szwego.com/imgHD/6c7a535f/20260413/cmp_i1776088354991_5904_0_4.jpg"", ""https://xcimg.szwego.com/imgHD/6c7a535f/20260413/cmp_i1776088346651_6684_0_5.jpg"", ""https://xcimg.szwego.com/imgHD/6c7a535f/20260413/cmp_i1776088346600_4807_0_6.jpg"", ""https://xcimg.szwego.com/imgHD/6c7a535f/20260413/cmp_i1776088346669_8087_0_7.jpg"", ""https://xcimg.szwego.com/imgHD/6c7a535f/20260413/cmp_i1776088350348_8298_0_8.jpg""]"
_dBJrSA8ATMFPYms54Kmxs858cV7-bZNl3XJYPtg;;YSL圣罗兰经典机车款真皮皮衣 ——————— 甄选进口头层绵羊皮面料，皮质细腻柔韧，触感温润且自带自然光泽，兼具极佳的亲肤性与挺括版型，上身利落有型，同时保证了穿着的舒适感与耐用性；经典翻领机车夹克版型，搭配肩章金属按扣设计，还原复古机车风格精髓，硬朗气场拉满；主拉链采用定制银色金属拉链，顺滑耐用，开合顺畅，提升整体精致度；衣身两侧对称设置斜向拉链口袋，袖口处搭配纵向拉链设计，兼具实用性与造型感，可自由调节开合度，适配不同穿搭风格；下摆处设置金属按扣与调节袢，可根据身形自由调整松紧，打造贴合身形的利落线条；口袋细节处融入按扣翻盖设计，工艺考究，细节满满；明线走线工整均匀，针脚细密，完美勾勒衣身轮廓，强化结构感与设计感，内里采用定制亲肤衬里。 ————————8888 材质: 头层羊皮 版型：宽松 颜色：黑色 尺码：S/M/L/XL/XXL;0;;lrg3k8cd5bgw3jv;;Для мужчин;"[""https://xcimg.szwego.com/imgHD/6c7a535f/20260414/cmp_i1776174938066_4601_0_0.jpg"", ""https://xcimg.szwego.com/imgHD/6c7a535f/20260414/cmp_i1776174934288_247_0_1.jpg"", ""https://xcimg.szwego.com/imgHD/6c7a535f/20260414/cmp_i1776174938710_5406_0_2.jpg"", ""https://xcimg.szwego.com/imgHD/6c7a535f/20260414/cmp_i1776174934889_2057_0_3.jpg"", ""https://xcimg.szwego.com/imgHD/6c7a535f/20260414/cmp_i1776174934899_1477_0_4.jpg"", ""https://xcimg.szwego.com/imgHD/6c7a535f/20260414/cmp_i1776174934889_1180_0_5.jpg"", ""https://xcimg.szwego.com/imgHD/6c7a535f/20260414/cmp_i1776174938767_3446_0_6.jpg"", ""https://xcimg.szwego.com/imgHD/6c7a535f/20260414/cmp_i1776174938750_3537_0_7.jpg"", ""https://xcimg.szwego.com/imgHD/6c7a535f/20260414/cmp_i1776174934289_7061_0_8.jpg""]"
_drurSDkQD-G2F_vMHI9kXJRei6SW3hedSig0TkA;;BV葆蝶家经典编织翻领轻奢皮衣 ——————— 采用意大利进口头层小羊皮面料，皮质细腻柔韧，触感温润亲肤，自带高级哑光质感，兼具极佳的挺括度与透气性，上身舒适无压，同时保证了外套的顶级质感与耐用性；衣身通体采用葆蝶家标志性Intrecciato手工编织工艺，由经验丰富的匠人以传统技法手工编织而成，每一处编织纹路都均匀工整，纹理立体饱满，完美还原品牌标志性设计语言，低调中尽显奢华质感；经典翻领设计，线条利落大气，修饰颈部线条，打造干练利落的穿搭造型，适配多种穿搭风格；门襟采用定制黑色树脂纽扣，质感细腻，开合顺畅，与衣身编织纹理完美呼应，强化整体设计的统一性；两侧设置对称式嵌线口袋，工艺考究，既方便收纳随身物品，又不破坏衣身整体的编织美感，实用性与设计感兼具内里采用定制亲肤衬里，顺滑不磨肤，提升穿着体验，每一处细节都彰显品牌顶级工艺水准；明线走线工整均匀，针脚细密，完美勾勒衣身轮廓。 ————————8888 材质: 头层小羊皮 版型：宽松 颜色：黑色 尺码：S/M/L/XL/XXL;0;;lrg3k8cd5bgw3jv;;Для мужчин;"[""https://xcimg.szwego.com/imgHD/6c7a535f/20260414/cmp_i1776174994341_6881_0_0.jpg"", ""https://xcimg.szwego.com/imgHD/6c7a535f/20260414/cmp_i1776174990378_5182_0_1.jpg"", ""https://xcimg.szwego.com/imgHD/6c7a535f/20260414/cmp_i1776174991175_4509_0_2.jpg"", ""https://xcimg.szwego.com/imgHD/6c7a535f/20260414/cmp_i1776174994992_612_0_3.jpg"", ""https://xcimg.szwego.com/imgHD/6c7a535f/20260414/cmp_i1776174995017_3764_0_4.jpg"", ""https://xcimg.szwego.com/imgHD/6c7a535f/20260414/cmp_i1776174991222_2084_0_5.jpg"", ""https://xcimg.szwego.com/imgHD/6c7a535f/20260414/cmp_i1776174995049_5802_0_6.jpg"", ""https://xcimg.szwego.com/imgHD/6c7a535f/20260414/cmp_i1776174991163_8998_0_7.jpg"", ""https://xcimg.szwego.com/imgHD/6c7a535f/20260414/cmp_i1776174991206_2706_0_8.jpg""]"
_dg6rS9JGNZOceR9iZCjK8sBIi_uStuc7KwhezrA;;BV葆蝶家经典编织中长款皮革大衣 ———————— 甄选品牌专属进口高定头层绵羊皮打造，皮面细腻柔润自带哑光高级光泽，触感软糯且韧性十足，经多道鞣制软化工序处理，兼顾柔韧肌理与挺括版型，穿着亲肤舒适同时不易变形；衣身采用品牌标志性Intrecciato手工菱格编织工艺，工匠精细把控每一处编织纹路的间距与走向，纵横交错的立体编织结构均匀规整，既强化面料防风保暖属性，又塑造独有的肌理层次感，尽显低调奢华的意式匠造美学；简约翻领设计利落大气，修饰颈部线条，提升穿搭精致度；门襟采用同色系圆形纽扣闭合，扣合牢固顺滑，与衣身编织肌理自然融合，简约不张扬；两侧内嵌式插袋走线工整缜密，兼顾实用收纳功能与整体版型流畅度；宽松直筒中长版型包容性极强，不挑身形上身松弛显瘦。 ————————8888 材质：头层绵羊皮 版型：宽松 颜色：黑色 尺码：S/M/L/XL;0;;lrg3k8cd5bgw3jv;;Для мужчин;"[""https://xcimg.szwego.com/imgHD/6c7a535f/20260414/cmp_i1776175027447_8696_0_0.jpg"", ""https://xcimg.szwego.com/imgHD/6c7a535f/20260414/cmp_i1776175027455_5427_0_1.jpg"", ""https://xcimg.szwego.com/imgHD/6c7a535f/20260414/cmp_i1776175028174_4604_0_2.jpg"", ""https://xcimg.szwego.com/imgHD/6c7a535f/20260414/cmp_i1776175031787_3346_0_3.jpg"", ""https://xcimg.szwego.com/imgHD/6c7a535f/20260414/cmp_i1776175031788_9824_0_4.jpg"", ""https://xcimg.szwego.com/imgHD/6c7a535f/20260414/cmp_i1776175028211_854_0_5.jpg"", ""https://xcimg.szwego.com/imgHD/6c7a535f/20260414/cmp_i1776175031846_5947_0_6.jpg"", ""https://xcimg.szwego.com/imgHD/6c7a535f/20260414/cmp_i1776175031909_8108_0_7.jpg"", ""https://xcimg.szwego.com/imgHD/6c7a535f/20260414/cmp_i1776175028159_709_0_8.jpg""]"
_dgurSfLG6Qpaz5_7K7iytgkmaWRx_HiDc7Tr0oQ;;PRADA普拉达珐琅三角标双面穿连帽夹克皮衣 ———————— 采用品牌定制进口高定软羊革与机能锦纶双面料打造，一面甄选细腻哑光软羊革，皮质柔韧亲肤、触感顺滑软糯，自带高级哑光质感，耐磨抗皱且久穿不易变形；另一面选用定制机能锦纶面料，质地轻盈挺括，兼具出色防风防水性能，透气不闷汗，穿着无束缚感；采用品牌专属双面穿无痕锁边工艺，两层面料边缘对齐精密包边缝合，所有缝线隐藏于夹层之中，内外两面均无毛边外露，杜绝穿着时面料错位滑动，工艺缜密考究，轻松实现一衣两穿，解锁两种穿搭风格；经典连帽结构搭配金属调节抽绳，可自由收紧帽口适配不同身形，随性利落的造型兼具防护性与时尚层次；左胸处标志性三角金属徽标采用高温压铸工艺固定，位置对称工整，细节精致凸显品牌辨识度；前襟配备定制金属拉链，拉动顺滑无阻，闭合严实牢固；袖口采用弹力松紧收口设计，贴合手腕防风保暖，利落不臃肿；两侧拉链口袋走线工整精密，兼具实用收纳功能与整体版型流畅度。 ————————8888 材质：皮革 版型：宽松 颜色：黑色 尺码：S/M/L/XL;0;;lrg3k8cd5bgw3jv;;Для мужчин;"[""https://xcimg.szwego.com/imgHD/6c7a535f/20260414/cmp_i1776175069216_5086_0_0.jpg"", ""https://xcimg.szwego.com/imgHD/6c7a535f/20260414/cmp_i1776175069201_3160_0_1.jpg"", ""https://xcimg.szwego.com/imgHD/6c7a535f/20260414/cmp_i1776175072693_1417_0_2.jpg"", ""https://xcimg.szwego.com/imgHD/6c7a535f/20260414/cmp_i1776175069218_29_0_3.jpg"", ""https://xcimg.szwego.com/imgHD/6c7a535f/20260414/cmp_i1776175073322_6700_0_4.jpg"", ""https://xcimg.szwego.com/imgHD/6c7a535f/20260414/cmp_i1776175073381_4983_0_5.jpg"", ""https://xcimg.szwego.com/imgHD/6c7a535f/20260414/cmp_i1776175073307_5981_0_6.jpg"", ""https://xcimg.szwego.com/imgHD/6c7a535f/20260414/cmp_i1776175069846_721_0_7.jpg"", ""https://xcimg.szwego.com/imgHD/6c7a535f/20260414/cmp_i1776175073350_3199_0_8.jpg"", ""https://xcimg.szwego.com/imgHD/6c7a535f/20260414/cmp_i1776175052183_8557_1_0.jpg"", ""https://xcimg.szwego.com/imgHD/6c7a535f/20260414/cmp_i1776175069787_6530_0_10.jpg"", ""https://xcimg.szwego.com/imgHD/6c7a535f/20260414/cmp_i1776175077368_7272_0_11.jpg""]"
_ds3rSja0vaxNSB9vFj830T_gCy_jGZHgyECbwLA;;CH克罗心重工十字架刺绣皮裤 ———————— 甄选进口高定粒面头层牛皮打造，皮质紧实柔韧，触感细腻顺滑，自带哑光高级质感，经过专业鞣制软化处理，兼具优秀的垂坠感与抗拉伸性能，久穿不易变形开裂，保证长期穿着的质感与舒适度；整体采用立体微喇裤型剪裁，中高腰设计贴合腰线不压身，裤管从上至下自然微放，修饰腿型线条，藏肉显瘦，轻松打造修长利落的穿搭比例；裤身采用品牌标志性重工十字架浮雕刺绣工艺，经过多道精细压褶与立体缝制工序，图案凹凸立体、纹路清晰饱满，针脚细密均匀，前侧不对称十字图腾与匕首造型纹样，搭配后腰口袋对称十字雕花设计，暗黑街头美学拉满；腰头配备定制复古雕花金属纽扣，搭配加固五金铆钉，质感厚重牢固，门襟走线工整精密，口袋边缘采用包边加固工艺，耐磨耐用；裤侧拼接处采用无痕包缝工艺，线条流畅平整，无多余线头外露，细节尽显顶级匠造水准。 ————————8888 材质：牛皮 版型：宽松 颜色：黑色 尺码：29/30/31/32/33/34;0;;lrg3k8cd5bgw3jv;;Для мужчин;"[""https://xcimg.szwego.com/imgHD/6c7a535f/20260414/cmp_i1776175108695_596_0_0.jpg"", ""https://xcimg.szwego.com/imgHD/6c7a535f/20260414/cmp_i1776175108700_7871_0_1.jpg"", ""https://xcimg.szwego.com/imgHD/6c7a535f/20260414/cmp_i1776175111909_3085_0_2.jpg"", ""https://xcimg.szwego.com/imgHD/6c7a535f/20260414/cmp_i1776175111922_8477_0_3.jpg"", ""https://xcimg.szwego.com/imgHD/6c7a535f/20260414/cmp_i1776175111895_5738_0_4.jpg"", ""https://xcimg.szwego.com/imgHD/6c7a535f/20260414/cmp_i1776175095331_3556_1_12.jpg"", ""https://xcimg.szwego.com/imgHD/6c7a535f/20260414/cmp_i1776175088872_2505_1_11.jpg"", ""https://xcimg.szwego.com/imgHD/6c7a535f/20260414/cmp_i1776175108687_8297_0_7.jpg"", ""https://xcimg.szwego.com/imgHD/6c7a535f/20260414/cmp_i1776175112323_5325_0_8.jpg""]"
_dkfrSV8uGQuwuXljt90_KTekKRHFq9eMohE28Bw;;LV路易威登烫金拉链立领轻奢皮衣 ——————— 甄选进口头层荔枝纹牛皮面料，皮质细腻柔韧，触感饱满丰盈，兼具出色的挺括感与亲肤性，上身尽显高级质感与奢华格调；经典立领设计搭配插肩袖剪裁，利落修饰肩线，打造利落干练的穿搭轮廓，适配多元穿搭场景；通体采用酒红色定染工艺，色泽浓郁饱满，复古高级，轻松点亮整体造型；正面定制金色LV五金拉链，质感拉满，开合顺滑，彰显品牌标志性细节；左右对称拉链口袋设计，搭配同色系金色五金，兼具实用性与装饰性，细节处尽显匠心；左胸烫金LOUIS VUITTON PARIS品牌标识，低调彰显品牌身份，提升辨识度；下摆与袖口采用同色系罗纹收边，弹性十足，贴合身形，有效防风锁温，同时强化整体造型的利落感。 ————————88420088 材质: 头层牛皮 版型：宽松 颜色：酒红 尺码：S/M/L/XL;0;;lrg3k8cd5bgw3jv;;Для мужчин;"[""https://xcimg.szwego.com/imgHD/6c7a535f/20260401/cmp_i1775055892868_5709_0_0.jpg"", ""https://xcimg.szwego.com/imgHD/6c7a535f/20260401/cmp_i1775055888626_122_0_1.jpg"", ""https://xcimg.szwego.com/imgHD/6c7a535f/20260401/cmp_i1775055893641_3230_0_2.jpg"", ""https://xcimg.szwego.com/imgHD/6c7a535f/20260401/cmp_i1775055897150_4790_0_3.jpg"", ""https://xcimg.szwego.com/imgHD/6c7a535f/20260401/cmp_i1775055889416_4684_0_4.jpg"", ""https://xcimg.szwego.com/imgHD/6c7a535f/20260401/cmp_i1775055889394_9036_0_5.jpg"", ""https://xcimg.szwego.com/imgHD/6c7a535f/20260401/cmp_i1775055889455_9348_0_6.jpg"", ""https://xcimg.szwego.com/imgHD/6c7a535f/20260401/cmp_i1775055889371_9144_0_7.jpg"", ""https://xcimg.szwego.com/imgHD/6c7a535f/20260401/cmp_i1775055893684_7705_0_8.jpg""]"
_delrShXBV6L19HL45ixktYUL0UquNnEwmSkoBKg;;BV葆蝶家经典编织立领轻奢皮衣 ——————— 采用意大利进口头层反绒羊皮为核心面料，以品牌标志性Intrecciato编织工艺纯手工打造，每一块皮料都经过严苛的选材、精准裁切与手工编织，最终呈现出立体饱满、错落有致的菱格纹理，触感柔软细腻如云朵，兼具奢华质感与极佳的透气性、亲肤性，上身毫无束缚感，尽显高端皮革的温润质感；立领设计搭配同色系罗纹收边，利落挺括，既能修饰颈部线条，又能有效防风保暖，打造利落干练的造型感，可立可翻的穿法适配多种穿搭风格；衣身两侧对称式嵌线口袋，走线工整严密，袋口贴合衣身，既不破坏整体编织纹理的完整性，又兼具实用性与设计感，方便随身物品的收纳；银色金属拉链贯穿门襟，选用品牌定制的高品质五金，开合顺滑耐用，拉头细节精致考究，低调彰显品牌身份，每一处金属件都经过抛光打磨，光泽感高级不突兀；罗纹袖口与下摆设计，采用高弹亲肤的罗纹面料，贴合身形不紧绷，有效锁温的同时，让整体版型更显利落修身，完美修饰身形比例，适配多种身材；内里采用100%纯棉衬里，亲肤透气，穿着舒适不闷汗，即使长时间穿着也能保持干爽，每一处缝线都工整对齐，彰显意大利手工制衣的精湛工艺；整体剪裁遵循品牌极简美学。 ————————8888 材质: 反绒羊皮 版型：宽松 颜色：卡其色/军绿色 尺码：48/50/52/54;0;;lrg3k8cd5bgw3jv;;Для мужчин;"[""https://xcimg.szwego.com/imgHD/6c7a535f/20260401/cmp_i1775055326523_6151_0_0.jpg"", ""https://xcimg.szwego.com/imgHD/6c7a535f/20260401/cmp_i1775055326523_1185_0_1.jpg"", ""https://xcimg.szwego.com/imgHD/6c7a535f/20260401/cmp_i1775055327186_2398_0_2.jpg"", ""https://xcimg.szwego.com/imgHD/6c7a535f/20260401/cmp_i1775055327611_2635_0_3.jpg"", ""https://xcimg.szwego.com/imgHD/6c7a535f/20260401/cmp_i1775055331962_5252_0_4.jpg"", ""https://xcimg.szwego.com/imgHD/6c7a535f/20260401/cmp_i1775055332051_8163_0_5.jpg"", ""https://xcimg.szwego.com/imgHD/6c7a535f/20260401/cmp_i1775055332410_8579_0_6.jpg"", ""https://xcimg.szwego.com/imgHD/6c7a535f/20260401/cmp_i1775055331985_3499_0_7.jpg"", ""https://xcimg.szwego.com/imgHD/6c7a535f/20260401/cmp_i1775055327158_5204_0_8.jpg""]"
_dAkrSf81oaazBtOHWsnCsfm_Ls3ac8JDdCXoc3A;;AMI复古反绒皮翻领衬衫排扣皮衣 —————————— 采用进口特供头层反绒牛皮面料，质地软糯厚实且绒感丰盈细腻，触感顺滑亲肤如丝绸，同时具备极佳的透气性与抗皱耐磨属性，长期穿着不仅不易变形，更能养出独属于你的专属复古包浆光泽；领口采用经典简约翻领设计，线条利落挺括，自然舒展不刻板，搭配圆润质感的金属纽扣开合，穿脱便捷且质感高级，保证了外套的品质与实穿度；衣身设有立体贴袋设计，袋口边缘采用细腻车缝工艺，工艺精细不破坏整体简约感，既提升了造型的工装细节感，又保证了实用储物功能，增添了低调奢华的设计细节；整体采用宽松落肩衬衫版型设计，不挑身形且修饰肩宽，下摆微阔剪裁优化身材比例，无论是内搭T恤打造日常休闲风，还是作为外套叠穿西装，都能轻松驾驭多场景穿搭；内里采用顺滑亲肤的同色系里料，穿脱舒适不粘衣，意大利精工缝制。 ————————8888 材质: 牛皮 版型：宽松 颜色：黄色 尺码：S/M/L/XL;0;;lrg3k8cd5bgw3jv;;Для мужчин;"[""https://xcimg.szwego.com/imgHD/6c7a535f/20260331/cmp_i1774966917904_2942_0_0.jpg"", ""https://xcimg.szwego.com/imgHD/6c7a535f/20260331/cmp_i1774966942270_2626_0_1.jpg"", ""https://xcimg.szwego.com/imgHD/6c7a535f/20260331/cmp_i1774966910297_3490_0_2.jpg"", ""https://xcimg.szwego.com/imgHD/6c7a535f/20260331/cmp_i1774966910617_3513_0_3.jpg"", ""https://xcimg.szwego.com/imgHD/6c7a535f/20260331/cmp_i1774966918704_7281_0_4.jpg"", ""https://xcimg.szwego.com/imgHD/6c7a535f/20260331/cmp_i1774966918689_3683_0_5.jpg"", ""https://xcimg.szwego.com/imgHD/6c7a535f/20260331/cmp_i1774966948538_7930_0_6.jpg"", ""https://xcimg.szwego.com/imgHD/6c7a535f/20260331/cmp_i1774966918649_7120_0_7.jpg"", ""https://xcimg.szwego.com/imgHD/6c7a535f/20260331/cmp_i1774966942259_9377_0_8.jpg""]"
_dmUrSf51P4opmEqrI6IZfQeY9UI6_UA_DEh5k5w;;MIUMIU缪缪标识可拆卸毛领短款皮衣 —————————— 采用进口特供100%真皮面料，甄选优质纳帕牛皮原材，皮质柔韧细腻且光泽感高级，触感顺滑亲肤，具备极佳的透气性与抗皱耐磨属性，久穿不易变形起球，长期养护更能养出温润自然的包浆质感，保证了外套的顶级品质与耐穿度；领口搭载可拆卸奶白色仿羊羔毛领，毛领绒感丰盈蓬松，拆卸后可切换甜酷两种风格，装上毛领尽显复古温柔感，卸下毛领则利落干练；胸前采用品牌经典miu miu刺绣logo工艺，立体清晰且低调奢华，打破纯色皮衣的单调感，增添了标志性的时尚设计细节；衣身设有对称翻盖口袋，搭配银色金属铆钉装饰，工艺精细醒目，既提升了造型的复古工装感，又保证了实用储物功能；下摆采用弹性收腰设计，能够自由调节廓形松紧度，轻松优化身材比例，袖口采用简约直筒剪裁，利落不臃肿，内里搭配顺滑亲肤的同色系里料，穿脱舒适不粘衣，意大利精工缝制，每一处针脚都细密工整。 ————————88256088 材质: 真皮 版型：短款 颜色：焦糖色 尺码：S/M/L/XL;0;;lrg3k8cd5bgw3jv;;Для мужчин;"[""https://xcimg.szwego.com/imgHD/6c7a535f/20260331/cmp_i1774966889531_3019_0_0.jpg"", ""https://xcimg.szwego.com/imgHD/6c7a535f/20260331/cmp_i1774966889538_9543_0_1.jpg"", ""https://xcimg.szwego.com/imgHD/6c7a535f/20260331/cmp_i1774966897614_8919_0_2.jpg"", ""https://xcimg.szwego.com/imgHD/6c7a535f/20260331/cmp_i1774966890180_6026_0_3.jpg"", ""https://xcimg.szwego.com/imgHD/6c7a535f/20260331/cmp_i1774966890162_1345_0_4.jpg"", ""https://xcimg.szwego.com/imgHD/6c7a535f/20260331/cmp_i1774966902321_7220_0_5.jpg"", ""https://xcimg.szwego.com/imgHD/6c7a535f/20260331/cmp_i1774966902303_9465_0_6.jpg"", ""https://xcimg.szwego.com/imgHD/6c7a535f/20260331/cmp_i1774966897753_8494_0_7.jpg"", ""https://xcimg.szwego.com/imgHD/6c7a535f/20260331/cmp_i1774966890219_9790_0_8.jpg""]"
_dcrrSsppEjO1TZ3wZe2yBkGHG7LGIvsXsxO52kw;;CH克罗心暗黑图腾翻毛皮西装皮衣 —————————— 采用进口特供100%头层牛皮面料，经高端翻毛工艺精工打磨，质地软糯厚实且绒感丰盈细腻，触感亲肤如云朵包裹，同时具备极佳的透气性与抗皱耐磨属性，长期穿着不仅不易变形，更能养出独属于你的专属复古包浆光泽；领口采用经典西装翻领设计，线条利落挺括，搭配品牌标志性银色十字金属扣，开合顺畅且质感沉甸甸，每一颗扣子都清晰立体，尽显奢华细节；衣身多处采用重工十字架贴布刺绣工艺，立体饱满且牢固不脱落，与哑光牛皮形成强烈视觉反差，打破常规西装的沉闷感，增添了街头潮流与暗黑奢华的双重设计细节；两侧设有隐形贴袋设计，工艺精细不破坏整体造型，兼顾实用性与版型平衡；内里采用纯棉亲肤里料，透气舒适不粘衣，全身满印品牌经典暗纹提花，细节处彰显匠心工艺，西装版型利落干练。 ————————88440088 材质: 牛皮 版型：宽松 颜色：黑色 尺码：M/L/XL/2XL;0;;lrg3k8cd5bgw3jv;;Для мужчин;"[""https://xcimg.szwego.com/imgHD/6c7a535f/20260331/cmp_i1774966873034_2310_0_0.jpg"", ""https://xcimg.szwego.com/imgHD/6c7a535f/20260331/cmp_i1774966873029_9540_0_1.jpg"", ""https://xcimg.szwego.com/imgHD/6c7a535f/20260331/cmp_i1774966883669_3043_0_2.jpg"", ""https://xcimg.szwego.com/imgHD/6c7a535f/20260331/cmp_i1774966883725_4294_0_3.jpg"", ""https://xcimg.szwego.com/imgHD/6c7a535f/20260331/cmp_i1774966883677_5034_0_4.jpg"", ""https://xcimg.szwego.com/imgHD/6c7a535f/20260331/cmp_i1774966883700_2452_0_5.jpg"", ""https://xcimg.szwego.com/imgHD/6c7a535f/20260331/cmp_i1774966873616_617_0_6.jpg"", ""https://xcimg.szwego.com/imgHD/6c7a535f/20260331/cmp_i1774966883679_2611_0_7.jpg"", ""https://xcimg.szwego.com/imgHD/6c7a535f/20260331/cmp_i1774966907483_8153_0_8.jpg""]"
_dxZrSdmT8sQpNANOHI31M5GQB4luhE6AnvoeJBA;;CH克罗心复古鎏金鸢尾花皮衣 —————————— 采用进口特供头层牛皮面料，经高端翻毛做旧工艺精心处理，质地软糯厚实且绒感丰盈，触感细腻如婴儿肌肤般亲肤，同时具备极佳的透气性与抗皱耐磨属性，久穿不仅不易变形，更能随着时间推移养出独一无二的复古包浆光泽；领口采用经典不对称翻领设计，搭配定制银色鸢尾花金属扣与重型双向拉链，开合顺畅且质感沉甸甸，每一颗铆钉都清晰立体，尽显品牌奢华细节；衣身侧边设有隐形拉链口袋，工艺精细不破坏整体造型，后背采用重工刺绣工艺呈现经典鸢尾花图腾，搭配精致金属配饰，刺绣针脚细密工整，立体感十足，低调中尽显奢华辨识度与美式复古格调；内里采用纯棉亲肤里料，透气舒适不粘衣，全身满印品牌标志性暗纹提花，细节处彰显匠心工艺，经典机车版型利落干练，完美修饰身形比例。 ————————88396088 材质: 牛皮 版型：宽松 颜色：深咖色 尺码：M/L/XL/2XL/3XL;0;;lrg3k8cd5bgw3jv;;Для мужчин;"[""https://xcimg.szwego.com/imgHD/6c7a535f/20260331/cmp_i1774966852737_9419_0_0.jpg"", ""https://xcimg.szwego.com/imgHD/6c7a535f/20260331/cmp_i1774966852749_9849_0_1.jpg"", ""https://xcimg.szwego.com/imgHD/6c7a535f/20260331/cmp_i1774966853324_7076_0_2.jpg"", ""https://xcimg.szwego.com/imgHD/6c7a535f/20260331/cmp_i1774966853321_1257_0_3.jpg"", ""https://xcimg.szwego.com/imgHD/6c7a535f/20260331/cmp_i1774966853294_3849_0_4.jpg"", ""https://xcimg.szwego.com/imgHD/6c7a535f/20260331/cmp_i1774966861746_9272_0_5.jpg"", ""https://xcimg.szwego.com/imgHD/6c7a535f/20260331/cmp_i1774966866717_1700_0_6.jpg"", ""https://xcimg.szwego.com/imgHD/6c7a535f/20260331/cmp_i1774966861712_3231_0_7.jpg"", ""https://xcimg.szwego.com/imgHD/6c7a535f/20260331/cmp_i1774966861670_8236_0_8.jpg""]"
_dpCrSoO7NZo4JNKIWsjTrNclWN1wK9O_gR0L0hg;;CH克罗心袖梵文连帽暗黑风皮衣 —————————— 采用进口特供头层小牛皮面料，甄选细腻荔枝纹牛皮原材，皮质柔韧挺括，触感温润且具备极佳的抗皱耐磨属性，外层辅以哑光涂层工艺，兼顾质感与耐脏性；经典连帽版型搭配罗纹收口下摆，抽绳连帽设计可自由调节造型，随性中自带先锋气场，罗纹袖口与下摆则有效锁温，同时强化穿搭的利落感；衣身双侧设有立体贴袋，袋口边缘采用手工包边工艺，走线细腻紧致，兼顾实用性与视觉平衡；胸前与后背融入品牌标志性哥特字母印花，印花采用进口植绒工艺，立体饱满且牢固不易脱落，与黑色皮革形成强烈视觉反差，尽显品牌经典的暗黑奢华风格；整件外套的五金配件均采用定制加厚拉链与金属四合扣，质感厚重且顺滑耐用。 ————————88420088 材质: 小牛皮 版型：宽松 颜色：黑色 尺码：S/M/L/XL;0;;lrg3k8cd5bgw3jv;;Для мужчин;"[""https://xcimg.szwego.com/imgHD/6c7a535f/20260331/cmp_i1774966842850_1361_0_0.jpg"", ""https://xcimg.szwego.com/imgHD/6c7a535f/20260331/cmp_i1774966837574_259_0_1.jpg"", ""https://xcimg.szwego.com/imgHD/6c7a535f/20260331/cmp_i1774966846061_9837_0_2.jpg"", ""https://xcimg.szwego.com/imgHD/6c7a535f/20260331/cmp_i1774966838242_5606_0_3.jpg"", ""https://xcimg.szwego.com/imgHD/6c7a535f/20260331/cmp_i1774966843467_8165_0_4.jpg"", ""https://xcimg.szwego.com/imgHD/6c7a535f/20260331/cmp_i1774966838226_8531_0_5.jpg"", ""https://xcimg.szwego.com/imgHD/6c7a535f/20260331/cmp_i1774966838251_5668_0_6.jpg"", ""https://xcimg.szwego.com/imgHD/6c7a535f/20260331/cmp_i1774966843394_7573_0_7.jpg"", ""https://xcimg.szwego.com/imgHD/6c7a535f/20260331/cmp_i1774966838180_7835_0_8.jpg""]"
_dn0rS08UEhQKl7dk3JISWuEvTY8p60s-RMdlkXA;;BV葆蝶家编织立领高奢拉链皮衣 —————————— 采用进口特供羊皮面料，经手工编织工艺精雕细琢，纹理细腻且质感丰盈，穿着舒适且具良好的透气性与软糯亲肤的触感，保证了外套的品质与收藏价值；领口采用利落立领设计，搭配顺滑金属拉链开合，穿脱便捷又不失干练气场，罗纹收口与下摆紧密贴合，防风同时优化身材比例；衣身采用经典菱形编织纹路，工艺繁复且立体感十足，打破常规皮质外套的单调感，增添了高级设计细节，两侧立体贴袋设计兼顾实用性与造型平衡感；袖口与下摆的精细罗纹拼接，确保长期穿着不易变形，从面料甄选到手工编织。 ————————8888 材质: 羊皮 版型：宽松 颜色：咖棕色 尺码：S/M/L/XL;0;;lrg3k8cd5bgw3jv;;Для мужчин;"[""https://xcimg.szwego.com/imgHD/6c7a535f/20260331/cmp_i1774966340662_4152_0_0.jpg"", ""https://xcimg.szwego.com/imgHD/6c7a535f/20260331/cmp_i1774966429362_1065_0_1.jpg"", ""https://xcimg.szwego.com/imgHD/6c7a535f/20260331/cmp_i1774966341443_7087_0_2.jpg"", ""https://xcimg.szwego.com/imgHD/6c7a535f/20260331/cmp_i1774966341443_6973_0_3.jpg"", ""https://xcimg.szwego.com/imgHD/6c7a535f/20260331/cmp_i1774966430084_8723_0_4.jpg"", ""https://xcimg.szwego.com/imgHD/6c7a535f/20260331/cmp_i1774966341420_4826_0_5.jpg"", ""https://xcimg.szwego.com/imgHD/6c7a535f/20260331/cmp_i1774966430064_9638_0_6.jpg"", ""https://xcimg.szwego.com/imgHD/6c7a535f/20260331/cmp_i1774966469346_1362_0_7.jpg"", ""https://xcimg.szwego.com/imgHD/6c7a535f/20260331/cmp_i1774966341461_3381_0_8.jpg""]"
_dqxrSSHSf4Ul7xPesd6PtlwluePuVqdV510G3eQ;;DIOR迪奥轻奢麂皮排扣翻领皮衣 ————————— 采用法国进口100%绵羊皮（SHEEPSKIN）为核心原料，经专业鞣制与做色工艺反复打磨，造就细腻绒面质感与软糯亲肤的上身体感，良好的透气性适配多季穿搭需求，同时皮革自带的挺括度确保版型不易变形；经典翻领搭配同色系定制按扣开合，门襟处竖向暗纹LOGO低调呈现奢华标识，利落线条勾勒出微宽松衬衫版型，既能单穿打造随性优雅的法式格调，亦可内搭打造层次感穿搭；衣身设有方形贴袋设计，兼具实用性与造型平衡感，袖口与下摆的精细锁边工艺，保证长期穿着不开线、不变形。 ————————88336088 材质: 绵羊皮 版型：宽松 颜色：卡其 尺码：50/52/54/56;0;;lrg3k8cd5bgw3jv;;Для мужчин;"[""https://xcimg.szwego.com/imgHD/6c7a535f/20260331/cmp_i1774966208113_2559_0_0.jpg"", ""https://xcimg.szwego.com/imgHD/6c7a535f/20260331/cmp_i1774966201300_2445_0_1.jpg"", ""https://xcimg.szwego.com/imgHD/6c7a535f/20260331/cmp_i1774966201613_884_0_2.jpg"", ""https://xcimg.szwego.com/imgHD/6c7a535f/20260331/cmp_i1774966201598_5160_0_3.jpg"", ""https://xcimg.szwego.com/imgHD/6c7a535f/20260331/cmp_i1774966201604_8690_0_4.jpg"", ""https://xcimg.szwego.com/imgHD/6c7a535f/20260331/cmp_i1774966208832_2472_0_5.jpg"", ""https://xcimg.szwego.com/imgHD/6c7a535f/20260331/cmp_i1774966311469_5537_0_6.jpg"", ""https://xcimg.szwego.com/imgHD/6c7a535f/20260331/cmp_i1774966208810_9470_0_7.jpg"", ""https://xcimg.szwego.com/imgHD/6c7a535f/20260331/cmp_i1774966311459_4763_0_8.jpg""]"
_dagrS3_NUuqP7CRkttT20YY9dWixhi1mDg6y-MQ;;LP诺悠翩雅麂皮绒立领皮衣 ——————— 采用意大利进口100%羊反绒面料，经过多道手工鞣制与打磨工序，质地柔软细腻、绒面丰盈饱满，触感温润亲肤，兼具良好的挺括感与保暖性，完美诠释高端成衣的奢华质感与穿着体验；领口采用立领设计，搭配定制纽扣与皮质拉链坠饰，走线精密工整，既贴合颈部提供温暖防护，又增添利落复古的造型层次；衣身采用插肩袖剪裁，搭配明线装饰工艺，针脚均匀细腻，强化了肩部线条的流畅感，同时打破纯色麂皮的单调感，凸显工艺细节；下摆与袖口采用同色系罗纹收边，弹性适中，既保证版型挺括不易走形，又能在活动时维持舒适贴合感；内里采用100%人造丝面料，顺滑亲肤且透气排汗，提升穿着舒适度的同时，增强了衣物的垂坠感与耐用性；整件夹克由意大利工坊手工缝制。 ————————8888 材质: 羊反绒 版型：宽松 颜色：焦糖棕 尺码：S/M/L/XL;0;;lrg3k8cd5bgw3jv;;Для мужчин;"[""https://xcimg.szwego.com/imgHD/6c7a535f/20260329/cmp_i1774793213231_7427_0_0.jpg"", ""https://xcimg.szwego.com/imgHD/6c7a535f/20260329/cmp_i1774793213226_4983_0_1.jpg"", ""https://xcimg.szwego.com/imgHD/6c7a535f/20260329/cmp_i1774793226282_6949_0_2.jpg"", ""https://xcimg.szwego.com/imgHD/6c7a535f/20260329/cmp_i1774793213902_4996_0_3.jpg"", ""https://xcimg.szwego.com/imgHD/6c7a535f/20260329/cmp_i1774793221401_393_0_4.jpg"", ""https://xcimg.szwego.com/imgHD/6c7a535f/20260329/cmp_i1774793214002_1223_0_5.jpg"", ""https://xcimg.szwego.com/imgHD/6c7a535f/20260329/cmp_i1774793214028_5851_0_6.jpg"", ""https://xcimg.szwego.com/imgHD/6c7a535f/20260329/cmp_i1774793232352_3055_0_7.jpg"", ""https://xcimg.szwego.com/imgHD/6c7a535f/20260329/cmp_i1774793232294_8550_0_8.jpg""]"
_dj-rSh5SRVvTF5YrU5LvB_j6uE9XDqykZ72vIAg;;LOUIS VUITTON 像素格纹牛皮夹克 表料采用100%牛皮革，经数控压纹与印花机完成像素化格纹图案织造，色牢度与纹理一致性严格把控；内衬为68%铜氨纤维与32%棉混纺，经精密织机织造，兼具质感与透气性。通过3D智能裁剪机处理牛皮革裁片，领口、袖缝等拼接部位误差控制在±0.15mm内，为皮革精密拼接奠定基础，确保版型挺括。胸前品牌花体字标识由电脑绣花机以精细针距完成立体刺绣，图案边缘平整度误差≤0.05mm；后背品牌补丁标识经手工对位后，由单针缝纫机精密缝合，标识清晰牢固。定制金属纽扣经压铸机成型，表面镌刻品牌标识，拉力测试达高负荷无脱落；口袋与衣身拼接处采用双针平缝机缝合，线迹平整、皮革边缘无翘边，细节彰显工艺水准。经成品检验机多维度检测，从皮革纹理一致性、刺绣精度到五金牢固度均严格把控；皮革经专业定型工艺处理，长期穿着仍保持版型挺括。 ❗️颜色：灰绿 ❗️标准尺码：;0;;lrg3k8cd5bgw3jv;;Для мужчин;"[""https://xcimg.szwego.com/img/65702085/20251128/i1764292521761_8701_0_0.jpg"", ""https://xcimg.szwego.com/img/65702085/20251128/i1764292521591_3032_0_1.jpg"", ""https://xcimg.szwego.com/img/65702085/20251128/i1764292520070_6165_0_2.jpg"", ""https://xcimg.szwego.com/img/65702085/20251128/i1764292520154_1835_0_3.jpg"", ""https://xcimg.szwego.com/img/65702085/20251128/i1764292520086_3567_0_4.jpg"", ""https://xcimg.szwego.com/img/65702085/20251128/i1764292521674_1613_0_5.jpg"", ""https://xcimg.szwego.com/img/65702085/20251128/i1764292521680_1677_0_7.jpg"", ""https://xcimg.szwego.com/img/65702085/20251128/i1764292520154_2053_0_8.jpg"", ""https://xcimg.szwego.com/img/65702085/20251128/i1764292520069_4702_0_9.jpg""]"
_du1rSGErVvBrhDykNK0Vpk8AKXDLMRIs-ReFpyw;;Louis Vuitton｜路易威登压花羊毛皮领拉链保暖夹克 —奢华与温暖的交织— 在时尚的璀璨舞台上，Louis Vuitton路易威登LV男装压花羊毛皮领拉链保暖夹克1AAUZZ，宛如一位优雅的绅士，悄然登场，尽显独特魅力。 以深邃的黑色为基调，似夜幕般神秘而迷人。100%经过LWG认证的羊毛皮，与同色调皮革外观精妙融合，质感上乘且温暖舒适，仿佛为穿着者披上一层来自时尚宇宙的温柔铠甲。标志性的通体交织字母图案，似神秘的时尚符文，错落有致地布满衣身，以鲜明风格提升整体格调，彰显着路易威登的百年底蕴与奢华质感。 大贴袋的设计别具匠心，与夹克廓形的基本线条形成时尚反差，犹如在经典画卷上添上灵动一笔，注入原创工作服的随性魅力。隐藏式拉链的细节处理，更是巧妙至极，在不经意间强调着简约而不简单的设计美学。 这件夹克，不只是御寒之物，更是时尚与功能完美结合的艺术品，无论是穿梭于繁华都市的喧嚣，还是置身于时尚秀场的镁光灯下，都能展现出穿着者的非凡品味与优雅态度。 ⚠️发货规格全套包装 ❗️标准尺码：48-56 ❗️可接量身定制;0;;lrg3k8cd5bgw3jv;;Для мужчин;"[""https://xcimg.szwego.com/img/65702085/20250809/i1754708005_9568_6.jpg"", ""https://xcimg.szwego.com/img/65702085/20250809/i1754708004_5866_0.jpg"", ""https://xcimg.szwego.com/img/65702085/20250809/i1754708004_410_1.jpg"", ""https://xcimg.szwego.com/img/65702085/20250809/i1754708005_4101_8.jpg"", ""https://xcimg.szwego.com/img/65702085/20250809/i1754708005_2737_3.jpg"", ""https://xcimg.szwego.com/img/65702085/20250809/i1754708005_9273_7.jpg"", ""https://xcimg.szwego.com/img/65702085/20250809/i1754708005_354_5.jpg"", ""https://xcimg.szwego.com/img/65702085/20250809/i1754708005_9549_4.jpg"", ""https://xcimg.szwego.com/img/65702085/20250809/i1754708004_6068_2.jpg""]"
_dlMrSKswos88kbfRhKm3QBVyLpFr5qh_XfKVSXw;;Louis Vuitton | 路易威登新款立体刺绣牛皮棒球夹克 —潮酷融合，奢雅新释— 路易威登这款立体刺绣牛皮棒球夹克，将街头潮酷与品牌奢华基因巧妙融合，以精湛工艺打造出兼具个性与质感的时尚单品。牛皮革衣袖融入立体刺绣Monogram绗缝图案，每一处刺绣都精细入微，立体感十足，彰显品牌经典元素的同时，更添艺术氛围；珠光纽扣搭配胸口刺绣标识，细节处尽显重工高档，为整体造型注入精致感与辨识度。 微廓版型设计，上身休闲帅气又不失精致高级，轻松适配不同身形与风格。日常搭配简约T恤与牛仔裤，是随性自在的街头潮人；与精致内搭和休闲裤组合，又能化身都市时尚先锋。无论是打卡潮流地标，还是参与时尚聚会，这件夹克都能凭借其独特的设计、优质的牛皮材质与精湛工艺，助你在潮流浪潮中脱颖而出，诠释路易威登突破常规的时尚态度，展现独属于你的潮奢型格。 ⚠️发货规格全套包装 ❗️标准尺码：48-56 ❗️可接量身定制;0;;lrg3k8cd5bgw3jv;;Для мужчин;"[""https://xcimg.szwego.com/img/65702085/20250908/i1757335568_9900_2.jpg"", ""https://xcimg.szwego.com/img/65702085/20250908/i1757335568_2107_1.jpg"", ""https://xcimg.szwego.com/img/65702085/20250908/i1757335568_9368_10.jpg"", ""https://xcimg.szwego.com/img/65702085/20250908/i1757335568_2337_7.jpg"", ""https://xcimg.szwego.com/img/65702085/20250908/i1757335568_9032_9.jpg"", ""https://xcimg.szwego.com/img/65702085/20250908/i1757335568_2788_0.jpg"", ""https://xcimg.szwego.com/img/65702085/20250908/i1757335568_1459_8.jpg"", ""https://xcimg.szwego.com/img/65702085/20250908/i1757335568_3704_3.jpg"", ""https://xcimg.szwego.com/img/65702085/20250908/i1757335568_8008_4.jpg""]"
_dj4rSC43AvmuUJq9iOHTOjtiIIra8L8T-480fRg;;Louis Vuitton x Supreme| 17SS联名红色皮衣夹克 —潮流共振，红焰耀目— 在2017春夏的时尚记忆里，Louis Vuitton与Supreme的联名红色皮衣夹克，无疑是一颗璀璨的时尚流星，划破常规界限，掀起街头与奢牌融合的热潮。 热情似火的红色作为主色调，如燃烧的时尚火焰，极具视觉冲击力，瞬间抓住众人目光。整件夹克布满Louis Vuitton标志性的Monogram图案，经典元素在红色底色上焕发出全新活力，将品牌底蕴与街头潮流完美交织。 采用高品质皮革材质，质感上乘，不仅挺括有型，还带来舒适的穿着体验。经典的棒球夹克版型，搭配拉链开合，简洁利落，彰显随性不羁的街头风格。袖口与下摆处的红白条纹罗纹设计，增添了几分运动感与复古韵味，同时也贴合身形，让穿着更加自在。 此次联名是Louis Vuitton对街头文化的大胆拥抱，也是Supreme向高端时尚的自信迈进，这件红色皮衣夹克更是成为了潮流爱好者心中的圣物， 无论是在时尚秀场的镁光灯下，还是在都市街头的喧嚣中，它都代表着一种无畏的时尚态度和打破常规的创新精神。 ⚠️发货规格全套包装 ❗️标准尺码：48-56 ❗️可接量身定制;0;;lrg3k8cd5bgw3jv;;Для мужчин;"[""https://xcimg.szwego.com/img/65702085/20250806/i1754463728_4274_1.jpg"", ""https://xcimg.szwego.com/img/65702085/20250806/i1754463728_2169_0.jpg"", ""https://xcimg.szwego.com/img/65702085/20250805/i1754378560_2661_5.jpg"", ""https://xcimg.szwego.com/img/65702085/20250805/i1754378560_5030_1.jpg"", ""https://xcimg.szwego.com/img/65702085/20250805/i1754378560_3281_0.jpg"", ""https://xcimg.szwego.com/img/65702085/20250805/i1754378560_247_8.jpg"", ""https://xcimg.szwego.com/img/65702085/20250805/i1754378560_3563_2.jpg"", ""https://xcimg.szwego.com/img/65702085/20250805/i1754378560_5811_6.jpg"", ""https://xcimg.szwego.com/img/65702085/20250805/i1754378560_1479_7.jpg""]"
_d-2rS9ZvOlLHksA_x5XBxF_aCx7w9FHhGmEQPBg;;Louis Vuitton | 路易威登男士深棕色Monogram拼接皮革夹克 —复古华韵，型格宣言— 路易威登以百年精湛工艺与先锋设计理念，呈现这款男士深棕色Monogram拼接皮革夹克。甄选上乘真皮材质，手感细腻且富有质感，赋予穿着者沉稳而不失锋芒的气场。肩部与袖口的经典Monogram帆布拼接，宛如品牌的标志性印记，将优雅与硬朗巧妙融合。胸前精致的金色巴黎刺绣字样，低调中流露华贵气息；背部大面积“LOUIS VUITTON MALLETIER”字样与LV标志性Logo装饰，如同时尚宣言，将品牌的历史底蕴与当代街头风格完美糅合。黄铜色金属纽扣与细腻车线相映成趣，在细节中彰显奢华格调。短款夹克版型与挺括剪裁勾勒出利落线条，无论搭配牛仔裤彰显街头酷感，还是配以修身长裤打造绅士造型，都能游刃有余。产自意大利，全衬里设计提升穿着舒适度与保暖性。 ⚠️ 发货规格：全套包装 ❗ 标准尺码：48-56 ❗ 支持量身定制;0;;lrg3k8cd5bgw3jv;;Для мужчин;"[""https://xcimg.szwego.com/img/65702085/20250807/i1754551885_2028_1.jpg"", ""https://xcimg.szwego.com/img/65702085/20250807/i1754551885_9293_4.jpg"", ""https://xcimg.szwego.com/img/65702085/20250807/i1754551886_1276_7.jpg"", ""https://xcimg.szwego.com/img/65702085/20250807/i1754551885_2222_2.jpg"", ""https://xcimg.szwego.com/img/65702085/20250807/i1754551886_852_6.jpg"", ""https://xcimg.szwego.com/img/65702085/20250807/i1754551886_5558_8.jpg"", ""https://xcimg.szwego.com/img/65702085/20250807/i1754551885_1157_5.jpg"", ""https://xcimg.szwego.com/img/65702085/20250807/i1754551885_8705_0.jpg"", ""https://xcimg.szwego.com/img/65702085/20250807/i1754551885_5402_3.jpg""]"
_dprrSl4sYwpIDhIZ9lyy-X5lWIDqBhAJR9SGeZg;;Louis Vuitton | 路易威登鳄鱼纹皮革西装外套 —奢雅交融，型格新章— 路易威登从奢华皮具工艺中汲取灵感，打造出这款鳄鱼纹皮革西装外套，将品牌经典的奢华质感与现代时尚型格巧妙融合。整体以深邃黑色为主调，鳄鱼纹皮革自带的独特纹理，细腻且富有光泽，低调中尽显奢华气场，仿佛是时间沉淀下的艺术杰作。甄选优质鳄鱼纹皮革，触感独特且极具质感，每一道纹路都自然流畅，凝聚着品牌对高端材质的严苛追求；无领设计简约大气，为硬朗的皮革西装版型注入一丝随性与优雅，不同风格元素的碰撞尽显巧思。精致的口袋与纽扣细节，既具实用功能，又为整体造型增添了装饰性，利落线条塑造出立体轮廓，版型适配多元身形，内搭衬衫能打造出精致考究的商务范儿，搭配高领衫则瞬间切换成轻奢休闲的都市风格，轻松适配多种场景。无论是在商务场合展现专业品味，还是在休闲时刻彰显时尚态度，这件外套都能凭借其奢雅质感与品牌匠心，让你在人群中尽显独特格调，传递路易威登前沿的时尚态度，演绎独属于你的型格新章。 ⚠️发货规格全套包装 ❗️标准尺码：48-56 ❗️可接量身定制;0;;lrg3k8cd5bgw3jv;;Для мужчин;"[""https://xcimg.szwego.com/img/65702085/20250908/i1757334858_1692_0.jpg"", ""https://xcimg.szwego.com/img/65702085/20250908/i1757334858_6955_1.jpg"", ""https://xcimg.szwego.com/img/65702085/20250908/i1757334883_8520_6.jpg"", ""https://xcimg.szwego.com/img/65702085/20250908/i1757334883_1393_1.jpg"", ""https://xcimg.szwego.com/img/65702085/20250908/i1757334883_5596_2.jpg"", ""https://xcimg.szwego.com/img/65702085/20250908/i1757334883_7671_5.jpg"", ""https://xcimg.szwego.com/img/65702085/20250908/i1757334883_8269_3.jpg"", ""https://xcimg.szwego.com/img/65702085/20250908/i1757334884_382_7.jpg"", ""https://xcimg.szwego.com/img/65702085/20250908/i1757334883_3438_4.jpg""]"
_defrSbyHR7_h28CvGVDpNjXd2tCp9ER6luKwRZQ;;Louis Vuitton | 路易威登新款秀场高定压纹羊皮夹克 —秀场风范，奢雅新章— 路易威登这款秀场高定压纹羊皮夹克，将品牌经典与先锋设计融合，以进口绒面羊皮为载体，定制开模压印logo，在奢华质感与潮流表达间找寻完美契合点，为时尚爱好者打造出兼具高级感与个性的穿搭单品。选用百分百真皮进口绒面羊皮皮料，触感柔软丝滑，纹理细腻且富有光泽，定制的特定原版粉色皮料，色调柔和又极具辨识度，自带吸睛属性；内领口与下摆螺纹均采用真皮材质，摒弃市场常见的针织螺纹，从细节处彰显品质与独特匠心，让整体质感更上一层楼。 夹克版型利落有型，上身高级时尚，轻松营造出奢雅氛围。黑色沉稳大气，粉色浪漫吸睛，两个颜色各有风格，适配多元穿搭场景与个性表达。日常搭配简约内搭与休闲裤，是街头潮酷典范；与精致单品组合，又能化身都市时尚焦点。无论是奔赴时尚派对，还是漫步城市街头，这件夹克都能凭借其秀场高定的设计、顶级的皮料与精湛工艺，助你轻松脱颖而出，诠释路易威登一贯的奢华时尚态度，展现独属于你的潮流型格。 ⚠️发货规格全套包装 ❗️标准尺码：48-56 ❗️可接量身定制;0;;lrg3k8cd5bgw3jv;;Для мужчин;"[""https://xcimg.szwego.com/img/65702085/20250908/i1757335894_639_0.jpg"", ""https://xcimg.szwego.com/img/65702085/20250908/i1757335874_7113_1.jpg"", ""https://xcimg.szwego.com/img/65702085/20250908/i1757335874_3536_7.jpg"", ""https://xcimg.szwego.com/img/65702085/20250908/i1757335874_5129_6.jpg"", ""https://xcimg.szwego.com/img/65702085/20250908/i1757335874_783_0.jpg"", ""https://xcimg.szwego.com/img/65702085/20250908/i1757335874_5194_3.jpg"", ""https://xcimg.szwego.com/img/65702085/20250908/i1757335874_834_4.jpg"", ""https://xcimg.szwego.com/img/65702085/20250908/i1757335874_2393_8.jpg"", ""https://xcimg.szwego.com/img/65702085/20250908/i1757335874_7747_5.jpg""]"
_do0rSJ8NepCQa9igsI63yosHcVqOUZqeDHF23tg;;Louis Vuitton | 路易威登新款秀场高定压纹羊皮夹克 —秀场风范，奢雅新章— 路易威登这款秀场高定压纹羊皮夹克，将品牌经典与先锋设计融合，以进口绒面羊皮为载体，定制开模压印logo，在奢华质感与潮流表达间找寻完美契合点，为时尚爱好者打造出兼具高级感与个性的穿搭单品。选用百分百真皮进口绒面羊皮皮料，触感柔软丝滑，纹理细腻且富有光泽，定制的特定原版粉色皮料，色调柔和又极具辨识度，自带吸睛属性；内领口与下摆螺纹均采用真皮材质，摒弃市场常见的针织螺纹，从细节处彰显品质与独特匠心，让整体质感更上一层楼。 夹克版型利落有型，上身高级时尚，轻松营造出奢雅氛围。黑色沉稳大气，粉色浪漫吸睛，两个颜色各有风格，适配多元穿搭场景与个性表达。日常搭配简约内搭与休闲裤，是街头潮酷典范；与精致单品组合，又能化身都市时尚焦点。无论是奔赴时尚派对，还是漫步城市街头，这件夹克都能凭借其秀场高定的设计、顶级的皮料与精湛工艺，助你轻松脱颖而出，诠释路易威登一贯的奢华时尚态度，展现独属于你的潮流型格。 ⚠️发货规格全套包装 ❗️标准尺码：48-56 ❗️可接量身定制;0;;lrg3k8cd5bgw3jv;;Для мужчин;"[""https://xcimg.szwego.com/img/65702085/20250908/i1757335423_9818_1.jpg"", ""https://xcimg.szwego.com/img/65702085/20250908/i1757335423_1121_0.jpg"", ""https://xcimg.szwego.com/img/65702085/20250908/i1757335424_4623_9.jpg"", ""https://xcimg.szwego.com/img/65702085/20250908/i1757335423_1261_5.jpg"", ""https://xcimg.szwego.com/img/65702085/20250908/i1757335423_6809_4.jpg"", ""https://xcimg.szwego.com/img/65702085/20250908/i1757335423_9466_3.jpg"", ""https://xcimg.szwego.com/img/65702085/20250908/i1757335424_8923_11.jpg"", ""https://xcimg.szwego.com/img/65702085/20250908/i1757335424_2787_10.jpg"", ""https://xcimg.szwego.com/img/65702085/20250908/i1757335424_3411_8.jpg""]"
_dgarSZxWK6giF38OBndkoGkNDWIqM1SS1fjiWfw;;LEMAIRE | 经典皮夹克 — 极简风尚，质感之选 — LEMAIRE 秉持其一贯的极简主义设计理念，精心打造了这款经典黑色皮夹克，完美诠释低调奢华与卓越质感的融合。深沉纯粹的黑色皮革，散发着内敛而迷人的气质，经典的大翻领设计，在复古韵味中融入现代时尚感，彰显独特品味。此款皮夹克选用顶级优质皮革，触感细腻且富有光泽，随着时间推移，皮革会逐渐产生自然的色泽变化，愈发彰显独特魅力。衣服正面设有两个大容量口袋，兼具实用性与装饰性，满足日常收纳需求的同时，增添了整体造型的层次感 。下摆处独特的褶皱收紧设计，不仅能够有效抵御风寒，还塑造出利落且富有立体感的版型，适配不同身形。经典且简约的版型，搭配精湛的剪裁工艺，让这件皮夹克能够轻松驾驭多种风格。内搭简约纯色衬衫，可展现出干练的都市精英风；搭配休闲T恤，则呈现随性自在的街头潮流感。无论是穿梭于繁华都市街头，还是置身于高端时尚场合，这件 LEMAIRE 黑色皮夹克都能让你凭借其极简却不失精致的风格，成为众人瞩目的焦点，演绎属于自己的时尚态度，彰显低调而不张扬的奢华质感。 ⚠️发货规格全套包装 ❗️标准尺码：48-56 ❗️可接量身定制;0;;lrg3k8cd5bgw3jv;;Для мужчин;"[""https://xcimg.szwego.com/img/65702085/20250908/i1757335006_2713_9.jpg"", ""https://xcimg.szwego.com/img/65702085/20250908/i1757335006_5338_6.jpg"", ""https://xcimg.szwego.com/img/65702085/20250908/i1757335006_39_5.jpg"", ""https://xcimg.szwego.com/img/65702085/20250908/i1757335006_3047_2.jpg"", ""https://xcimg.szwego.com/img/65702085/20250908/i1757335006_1810_3.jpg"", ""https://xcimg.szwego.com/img/65702085/20250908/i1757335006_1500_11.jpg"", ""https://xcimg.szwego.com/img/65702085/20250908/i1757335006_7776_7.jpg"", ""https://xcimg.szwego.com/img/65702085/20250908/i1757335006_7687_8.jpg"", ""https://xcimg.szwego.com/img/65702085/20250908/i1757335045_8185_0.jpg""]"
_dvDrSvbTACIFaFWv6asx-Nd6NqyJE6tVjRFSUwQ;;Louis Vuitton|路易威登满印皮革拉链夹克 —经典焕新，质感满溢— 在2025时装秀中震撼亮相，路易威登推出的这件满印皮革拉链夹克，将品牌经典元素与现代时尚感精妙融合，展现出别样的奢华风采。精心选用优质皮革打造，皮革表面满布标志性的LV图案，细腻且富有光泽，每一处纹理都仿佛在诉说着品牌的悠久历史与时尚底蕴。整体以经典黑色为主调，简约大气又不失高级感，利落的短款版型，彰显出干练与活力。顺滑的拉链开合设计，搭配精致的拉链头，操作便捷的同时，也为夹克增添了一份利落感。胸前的口袋设计，实用且富有层次感，是对功能性与时尚感的完美兼顾。翻领的款式，经典又能修饰颈部线条，让整体造型更显精神。产自意大利，凭借精湛的工艺，让这件夹克从材质到做工都无可挑剔，品质卓越。无论是出席时尚活动，还是日常搭配出街，它都能轻松驾驭，助你成为人群中的焦点，充分展现出路易威登的品牌魅力与独特时尚态度。 ⚠️发货规格全套包装 ❗️标准尺码：48-56 ❗️可接量身定制;0;;lrg3k8cd5bgw3jv;;Для мужчин;"[""https://xcimg.szwego.com/img/65702085/20250906/i1757171455_5444_5.jpg"", ""https://xcimg.szwego.com/img/65702085/20250906/i1757171456_4830_12.jpg"", ""https://xcimg.szwego.com/img/65702085/20250906/i1757171456_9021_6.jpg"", ""https://xcimg.szwego.com/img/65702085/20250906/i1757171455_6586_1.jpg"", ""https://xcimg.szwego.com/img/65702085/20250906/i1757171456_5286_10.jpg"", ""https://xcimg.szwego.com/img/65702085/20250906/i1757171456_3392_11.jpg"", ""https://xcimg.szwego.com/img/65702085/20250906/i1757171455_1547_0.jpg"", ""https://xcimg.szwego.com/img/65702085/20250906/i1757171455_4004_2.jpg"", ""https://xcimg.szwego.com/img/65702085/20250906/i1757171455_9435_3.jpg""]"
_dqcrScp1OiCeXi1qpYtOy4zluviJvwQ97cbQQlA;;The Row 棕色麂皮质感夹克 —质感邂逅，型格天成— 在时尚潮流的画卷中，The Row 这款棕色麂皮质感夹克，宛如一位优雅且极具品味的时尚使者，凭借其独特魅力，打破风格桎梏，开启奢华与简约融合的全新时尚篇章。浓郁醇厚的棕色为主色调，似午后暖阳下的焦糖，自带温暖且高级的质感，瞬间攫取众人目光。整件夹克采用优质麂皮材质，触感细腻柔软，将品牌对材质的极致追求与现代简约时尚审美精妙融合，每一寸都散发着品牌深厚的设计底蕴与卓越的工艺水准。甄选上乘的麂皮面料，不仅有着出色的垂坠感与挺括度，能完美塑造穿着者的身形，更带来极致舒适的穿着体验。经典的翻领设计，搭配顺滑的拉链开合，利落大方，尽显优雅与干练气质。两侧的口袋设计，既增添了实用性，又在不经意间丰富了夹克的层次感。袖口与下摆处的精致收边处理，如同神来之笔，增添了几分精致与考究，同时让穿着更贴合身形，自在随性。这款 The Row 棕色麂皮质感夹克，是品牌对时尚的精准诠释，也是对品质的执着坚守。它不只是一件服饰，更是一种生活品味的象征，一种对时尚生活的热忱态度。无论是在时尚秀场的聚光灯下，还是在都市街头的人潮中，它都代表着一种经典且不失个性的时尚态度和对高品质生活的不懈追求。 ⚠️发货规格全套包装 ❗️标准尺码：48-56 ❗️可接量身定制;0;;lrg3k8cd5bgw3jv;;Для мужчин;"[""https://xcimg.szwego.com/img/65702085/20250909/i1757409148_9147_8.jpg"", ""https://xcimg.szwego.com/img/65702085/20250909/i1757409147_1785_6.jpg"", ""https://xcimg.szwego.com/img/65702085/20250909/i1757409148_7780_9.jpg"", ""https://xcimg.szwego.com/img/65702085/20250909/i1757409147_8813_2.jpg"", ""https://xcimg.szwego.com/img/65702085/20250909/i1757409148_937_10.jpg"", ""https://xcimg.szwego.com/img/65702085/20250909/i1757409147_3608_0.jpg"", ""https://xcimg.szwego.com/img/65702085/20250909/i1757409147_8968_1.jpg"", ""https://xcimg.szwego.com/img/65702085/20250909/i1757409147_8184_3.jpg"", ""https://xcimg.szwego.com/img/65702085/20250909/i1757409147_5160_5.jpg""]"
_du1rSGErVvBrhDikNK0JtlsEOWTHKRIs-ReFpyw;;The Row 浅灰色麂皮夹克 —质感交织，雅韵流芳— 在时尚的浩瀚长卷中，The Row 这款浅灰色麂皮夹克，宛如一位温润尔雅的时尚智者，凭借独特魅力，打破风格桎梏，开启奢华与简约融合的风尚新章。柔和雅致的浅灰色为主色调，似清晨初绽的薄雾，自带高级且静谧的质感，瞬间吸引众人视线。整件夹克采用优质麂皮材质，触感细腻柔滑，将 The Row 对材质的极致追求与现代简约时尚审美精妙融合，每一处都散发着品牌深厚的设计底蕴与卓越的工艺水准。甄选上乘麂皮面料，不仅有出色的垂坠感与挺括度，能完美勾勒穿着者身形，更带来极致舒适的穿着体验。经典翻领设计，搭配顺滑拉链开合，利落大方，尽显优雅干练气质。两侧口袋设计，既增添实用性，又不经意间丰富了夹克层次感。袖口与下摆处的精致收边处理，如点睛之笔，增添精致考究感，同时让穿着更贴合身形，自在随性。这款 The Row 浅灰色麂皮夹克，是品牌对时尚的精准诠释，也是对品质的执着坚守。它不只是一件服饰，更是生活品味的象征，是对时尚生活的热忱态度体现。无论是在时尚秀场聚光灯下，还是都市街头人潮中，它都代表着经典且不失个性的时尚态度与对高品质生活的不懈追求。 ⚠️发货规格全套包装 ❗️标准尺码：48-56 ❗️可接量身定制;0;;lrg3k8cd5bgw3jv;;Для мужчин;"[""https://xcimg.szwego.com/img/65702085/20250909/i1757409372_3434_10.jpg"", ""https://xcimg.szwego.com/img/65702085/20250909/i1757409372_7611_4.jpg"", ""https://xcimg.szwego.com/img/65702085/20250909/i1757409372_6970_2.jpg"", ""https://xcimg.szwego.com/img/65702085/20250909/i1757409372_8406_5.jpg"", ""https://xcimg.szwego.com/img/65702085/20250909/i1757409372_2648_8.jpg"", ""https://xcimg.szwego.com/img/65702085/20250909/i1757409372_8995_0.jpg"", ""https://xcimg.szwego.com/img/65702085/20250909/i1757409372_5024_1.jpg"", ""https://xcimg.szwego.com/img/65702085/20250909/i1757409372_3670_3.jpg"", ""https://xcimg.szwego.com/img/65702085/20250909/i1757409372_2113_9.jpg""]"
_dlwrSaNNNKd_gpTxmAA1i3bYt17Nkuwle_Fe67A;;The Row 麂皮夹克 —质感交织，雅韵流芳— 在时尚的浩瀚长卷中，The Row 这款宛如一位温润尔雅的时尚智者，凭借独特魅力，打破风格桎梏，开启奢华与简约融合的风尚新章，自带高级且静谧的质感，瞬间吸引众人视线。整件夹克采用优质麂皮材质，触感细腻柔滑，将 The Row 对材质的极致追求与现代简约时尚审美精妙融合，每一处都散发着品牌深厚的设计底蕴与卓越的工艺水准。甄选上乘麂皮面料，不仅有出色的垂坠感与挺括度，能完美勾勒穿着者身形，更带来极致舒适的穿着体验。经典翻领设计，搭配顺滑拉链开合，利落大方，尽显优雅干练气质。两侧口袋设计，既增添实用性，又不经意间丰富了夹克层次感。袖口与下摆处的精致收边处理，如点睛之笔，增添精致考究感，同时让穿着更贴合身形，自在随性。这款 The Row麂皮夹克，是品牌对时尚的精准诠释，也是对品质的执着坚守。它不只是一件服饰，更是生活品味的象征，是对时尚生活的热忱态度体现。无论是在时尚秀场聚光灯下，还是都市街头人潮中，它都代表着经典且不失个性的时尚态度与对高品质生活的不懈追求。 ⚠️发货规格全套包装 ❗️标准尺码：48-56 ❗️可接量身定制;0;;lrg3k8cd5bgw3jv;;Для мужчин;"[""https://xcimg.szwego.com/img/65702085/20250909/i1757409249_6647_6.jpg"", ""https://xcimg.szwego.com/img/65702085/20250909/i1757409248_5459_1.jpg"", ""https://xcimg.szwego.com/img/65702085/20250909/i1757409248_2155_0.jpg"", ""https://xcimg.szwego.com/img/65702085/20250909/i1757409249_9307_7.jpg"", ""https://xcimg.szwego.com/img/65702085/20250909/i1757409249_5783_2.jpg"", ""https://xcimg.szwego.com/img/65702085/20250909/i1757409249_818_3.jpg"", ""https://xcimg.szwego.com/img/65702085/20250909/i1757409249_1130_8.jpg"", ""https://xcimg.szwego.com/img/65702085/20250909/i1757409249_6920_4.jpg"", ""https://xcimg.szwego.com/img/65702085/20250909/i1757409249_7621_5.jpg""]"
_dvvrSzNwDfaWwVqo-4sVkx_d4JIdqFjSU6qOarw;;Dior 迪奥质感灰调皮衣夹克 —奢华格调，低调耀世— 在时尚的漫漫星河中，这件Dior的灰色皮衣夹克，宛如一颗内敛却又光芒难掩的恒星，以其独特的魅力，重新定义奢华与格调的边界，成为时尚达人们衣橱中梦寐以求的臻品。优雅深邃的灰色作为主色调，没有张扬的艳丽，却如一杯陈年佳酿，越品越有味道。它低调沉稳，却又在不经意间释放出无与伦比的高级感，无论是搭配简约的白色衬衫穿梭于商务场合，还是与个性的潮流单品同框于街头，都能轻松驾驭，展现出与众不同的时尚品味。整件夹克的表面质感细腻，Dior经典的细节元素若隐若现，将品牌的高贵血统与现代时尚的审美完美融合，每一处都彰显着品牌深厚的文化底蕴与卓越的设计理念。选用顶级的皮革材质，从触摸的那一刻起，就能感受到它的柔软与坚韧。不仅有着出色的挺括感，能完美勾勒出穿着者的身形，更带来极致舒适的穿着体验。经典的翻领设计，搭配简洁的纽扣开合，利落大方，尽显绅士与优雅气质。两侧精心设计的口袋，不仅增加了实用性，更在不经意间丰富了夹克的层次感。袖口与下摆处的精致缝线，宛如点睛之笔，增添了几分精致与考究，同时也让穿着更加贴合身形，自在随性。这件Dior灰色皮衣夹克，是品牌对时尚的深刻解读，也是对品质的不懈追求。它不仅仅是一件衣物，更是一种身份的象征，一种对生活品质的执着态度。无论是在时尚秀场的T台上，还是在繁华都市的街头巷尾，它都能代表着一种内敛而不失锋芒的时尚态度和对精致生活的无限向往。 ⚠️发货规格全套包装 ❗️标准尺码：48-56 ❗️可接量身定制;0;;lrg3k8cd5bgw3jv;;Для мужчин;"[""https://xcimg.szwego.com/img/65702085/20250909/i1757409479_9555_4.jpg"", ""https://xcimg.szwego.com/img/65702085/20250909/i1757409479_2995_2.jpg"", ""https://xcimg.szwego.com/img/65702085/20250909/i1757409479_9019_0.jpg"", ""https://xcimg.szwego.com/img/65702085/20250909/i1757409513_9587_0.jpg"", ""https://xcimg.szwego.com/img/65702085/20250909/i1757409479_9552_1.jpg"", ""https://xcimg.szwego.com/img/65702085/20250909/i1757409479_6952_5.jpg"", ""https://xcimg.szwego.com/img/65702085/20250909/i1757409479_5442_3.jpg"", ""https://xcimg.szwego.com/img/65702085/20250909/i1757409480_3848_11.jpg"", ""https://xcimg.szwego.com/img/65702085/20250909/i1757409479_5365_6.jpg""]"
_daMrS7LxauNKwT1BLFb1x21JJdedM2PcyDNOvHA;;Dior 迪奥黑色麂皮质感夹克 —经典重塑，型格尽显— 在时尚潮流的版图里，这件Dior黑色麂皮质感夹克，恰似一位低调却实力斐然的潮流 icon，以其独特魅力，打破风格壁垒，开启奢华与休闲融合的全新风尚。神秘深邃的黑色为主色调，如夜空中的黑曜石，自带吸睛属性，瞬间聚焦视线。整件夹克采用优质麂皮材质，触感细腻柔滑，将品牌的高端质感与现代时尚审美精妙融合，每一寸都散发着品牌深厚的艺术底蕴与卓越的工艺追求。选用上乘的麂皮面料，不仅有着出色的垂坠感与挺括度，能完美塑造穿着者的身形，更带来极致舒适的穿着体验。经典的翻领设计，搭配简约的纽扣开合，利落大方，尽显优雅与干练气质。两侧的口袋设计，既增加了实用性，又在不经意间丰富了夹克的层次感。袖口与下摆处的精致处理，如同神来之笔，增添了几分精致与考究，同时让穿着更贴合身形，自在随性。这件Dior黑色麂皮质感夹克，是品牌对时尚的精准诠释，也是对品质的执着坚守。它不只是一件服饰，更是一种品味的象征，一种对时尚生活的热忱态度。无论是在时尚秀场的聚光灯下，还是在都市街头的人潮中，它都代表着一种经典且不失个性的时尚态度和对高品质生活的不懈追求。 ⚠️发货规格全套包装 ❗️标准尺码：48-56 ❗️可接量身定制;0;;lrg3k8cd5bgw3jv;;Для мужчин;"[""https://xcimg.szwego.com/img/65702085/20250909/i1757409036_3087_9.jpg"", ""https://xcimg.szwego.com/img/65702085/20250909/i1757409035_3710_0.jpg"", ""https://xcimg.szwego.com/img/65702085/20250909/i1757409036_6320_8.jpg"", ""https://xcimg.szwego.com/img/65702085/20250909/i1757409036_8960_7.jpg"", ""https://xcimg.szwego.com/img/65702085/20250909/i1757409036_5256_6.jpg"", ""https://xcimg.szwego.com/img/65702085/20250909/i1757409036_4757_10.jpg"", ""https://xcimg.szwego.com/img/65702085/20250909/i1757409035_5742_2.jpg"", ""https://xcimg.szwego.com/img/65702085/20250909/i1757409035_5513_3.jpg"", ""https://xcimg.szwego.com/img/65702085/20250909/i1757409036_2776_4.jpg""]"
_dc1rSc6Vu5xTogNbvEmCj1tpTxIrLyYuQaaxPDw;;Louis Vuitton｜路易威登Monogram压纹Utility牛皮夹克 —风尚交响，经典新章— 于时尚的漫漫星河中，Louis Vuitton男装Monogram压纹Utility牛皮夹克1A5ZTK，宛如一颗散发着独特魅力的恒星，照亮潮流的新方向，奏响经典与创新交织的风尚乐章。 深邃的黑色，如夜幕般神秘而富有张力，为这件夹克赋予了与生俱来的酷帅气场。品牌标志性的Monogram压纹，似古老文明镌刻下的神秘符文，错落有致地布满衣身，在黑色皮革的映衬下，低调中彰显着奢华与高贵，将路易威登百年的精湛工艺与深厚底蕴娓娓道来。 100%公牛皮精心打造，皮质细腻且坚韧，带来极佳的质感与挺括的版型。Virgil Abloh标志性的3D口袋设计，灵感汲取自路易威登经典的皮具，如同从品牌传奇的箱包世界中跃然而出，不仅兼具实用性，更增添了独特的视觉层次感，是对传统与创新的完美诠释。标准剪裁贴合男性身形，背部圆环处的钯金标牌，恰似画龙点睛之笔，不经意间闪耀出奢华的光芒。 这件Monogram压纹Utility牛皮夹克，是路易威登对时尚的又一次深度探索，它既承载着品牌的经典基因，又融入了先锋的设计理念，无论是穿梭于时尚秀场的镁光灯下，还是漫步在繁华都市的街头巷尾，都能展现出穿着者独特的品味与无畏的时尚态度，成为永恒的潮流经典。 ⚠️发货规格全套包装 ❗️标准尺码：48-56 ❗️可接量身定制;0;;lrg3k8cd5bgw3jv;;Для мужчин;"[""https://xcimg.szwego.com/img/65702085/20250806/i1754489706_8350_2.jpg"", ""https://xcimg.szwego.com/img/65702085/20250806/i1754489706_896_6.jpg"", ""https://xcimg.szwego.com/img/65702085/20250806/i1754489707_9798_7.jpg"", ""https://xcimg.szwego.com/img/65702085/20250806/i1754489706_780_3.jpg"", ""https://xcimg.szwego.com/img/65702085/20250806/i1754489706_9379_1.jpg"", ""https://xcimg.szwego.com/img/65702085/20250806/i1754489706_8557_4.jpg"", ""https://xcimg.szwego.com/img/65702085/20250806/i1754489706_7677_5.jpg"", ""https://xcimg.szwego.com/img/65702085/20250806/i1754489706_5317_0.jpg"", ""https://xcimg.szwego.com/img/65702085/20250806/i1754489707_9484_8.jpg""]"
_dzUrSzSdhGmqKJ525K7t9ZUS3bhQUSX_uT4ZPaQ;;Bottega Veneta 葆蝶家奢级编织皮领羽绒夹克 — 奢雅典藏 · 标志性编织皮艺与羽绒工艺的秋冬杰作 — 这款编织皮领羽绒夹克，是Bottega Veneta将标志性编织皮艺基因与专业羽绒工艺的精妙融合，为追求极简奢雅与精湛工艺的品位人士打造吸睛战袍。严选高密防风羽绒面料，填充高蓬松白鹅绒锁温保暖性能优异，搭配品牌标志性手工编织真皮领，经精湛工艺塑造出极简又高级的廓形；细节处尽显奢牌血统：可拆卸编织皮领采用BV经典手工编织工艺，每一寸皮料的交织都透着“意大利匠造”的奢华底气，是奢雅身份的低调彰显；翻领版型利落大气，兼顾造型与御寒需求，细节控的心头挚爱；定制金属拉链与编织皮领的衔接工艺严丝合缝，每一处都释放BV式的极简奢雅魅力。从羽绒的强效抗寒性能到编织皮领的工艺辨识度，再到廓形的极简高级设计，都为整体造型注入奢雅层次与独特性，轻松驾驭都市通勤、轻商务社交、休闲出街等多元场景。 ❗️颜色：棕灰 ❗ 标准尺码：;0;;lrg3k8cd5bgw3jv;;Для мужчин;"[""https://xcimg.szwego.com/img/65702085/20251028/i1761581308_3330_6.jpg"", ""https://xcimg.szwego.com/img/65702085/20251028/i1761581307_9709_4.jpg"", ""https://xcimg.szwego.com/img/65702085/20251028/i1761581307_7003_2.jpg"", ""https://xcimg.szwego.com/img/65702085/20251028/i1761581307_5364_0.jpg"", ""https://xcimg.szwego.com/img/65702085/20251028/i1761581308_9902_8.jpg"", ""https://xcimg.szwego.com/img/65702085/20251028/i1761581345_6774_0.jpg"", ""https://xcimg.szwego.com/img/65702085/20251028/i1761581307_5062_1.jpg"", ""https://xcimg.szwego.com/img/65702085/20251028/i1761581307_485_5.jpg"", ""https://xcimg.szwego.com/img/65702085/20251028/i1761581308_7185_7.jpg""]"
_dbQrSqnCpDH82bgve-y0-gHAJKWShO9BDmTf-BQ;;Louis Vuitton|路易威登男士老花皮质夹克 一席老花革章，奢韵满格以经典为戟，冲破时尚的桎梏 材质甄选100%牛盘牛皮，将LV老花的传奇底蕴镌刻于身，多袋设计与个性肩带藏着机能巧思，诠释“繁非冗杂，是把经典揉进设计的慧”。立体剪裁塑造摩登廓形，每一寸皮革的拼接都彰显法式工坊的精湛——老花的辨识度与皮装的硬朗达成完美共鸣，着衣者似时尚先锋，在潮流之巅迸发型格魅力。无需刻意张扬，仅以品牌标识的底蕴发声：触摸时是牛皮的细腻，观之是老花的经典。它暗喻“奢非浮夸，是藏在质感里的雅”，无论是搭配西裤的绅士格调，还是牛仔裤的潮酷随性，都能在不同场合中自在切换，重新书写高端男士的穿搭法则。 ⚠️发货规格全套包装 ❗️标准尺码：48-56 ❗️可接量身定制;0;;lrg3k8cd5bgw3jv;;Для мужчин;"[""https://xcimg.szwego.com/img/65702085/20251108/i1762534048_1400_4.jpg"", ""https://xcimg.szwego.com/img/65702085/20251108/i1762534048_8548_0.jpg"", ""https://xcimg.szwego.com/img/65702085/20251108/i1762534048_4318_5.jpg"", ""https://xcimg.szwego.com/img/65702085/20251108/i1762534048_5642_10.jpg"", ""https://xcimg.szwego.com/img/65702085/20251108/i1762534048_7246_1.jpg"", ""https://xcimg.szwego.com/img/65702085/20251108/i1762534048_4130_3.jpg"", ""https://xcimg.szwego.com/img/65702085/20251108/i1762534048_5577_9.jpg"", ""https://xcimg.szwego.com/img/65702085/20251108/i1762534048_8701_2.jpg"", ""https://xcimg.szwego.com/img/65702085/20251108/i1762534048_2778_8.jpg""]"
_drVrSy__4d1MPKBG4F2nJtI-BqwljcbXzc_0Wew;;Givenchy|纪梵希男士白色真皮拉链夹克 —纯白绮梦，奢雅新章— 以100%羔羊真皮为笺，绘就都市型男的时尚笔触，于纯白底色之上，开启一场奢雅与潮流的对话。 经典衣领设计，如同一笔简洁有力的线条，勾勒出绅士的利落轮廓。修身剪裁贴合身形，长袖舒展间，尽显男士的优雅身姿。拉链开合似穿梭时尚隧道的开关，流畅之间，切换不同风格姿态。 胸部与袖子上的标志，是品牌荣耀的勋章，熠熠生辉。而品牌的象征性图案，似隐于时光里的密码，以精致线条满布衣身，宛如星辰散落银河，在每一处细节里诉说着Givenchy独有的时尚态度。100%铜氨衬里，似温柔的耳语，贴肤间带来细腻舒适的穿着体验。当这件白色夹克上身，行走于都市街头，它便成了移动的时尚坐标，是低调奢华，亦是潮流所向。 ⚠️发货规格全套包装 ❗️标准尺码：48-56 ❗️可接量身定制;0;;lrg3k8cd5bgw3jv;;Для мужчин;"[""https://xcimg.szwego.com/img/65702085/20250806/i1754465491_113_1.jpg"", ""https://xcimg.szwego.com/img/65702085/20250806/i1754465490_1774_0.jpg"", ""https://xcimg.szwego.com/img/65702085/20250804/i1754292236_4543_9.jpg"", ""https://xcimg.szwego.com/img/65702085/20250804/i1754292236_1268_2.jpg"", ""https://xcimg.szwego.com/img/65702085/20250804/i1754292236_530_3.jpg"", ""https://xcimg.szwego.com/img/65702085/20250804/i1754292236_3331_8.jpg"", ""https://xcimg.szwego.com/img/65702085/20250804/i1754292236_5379_10.jpg"", ""https://xcimg.szwego.com/img/65702085/20250804/i1754292236_4846_5.jpg"", ""https://xcimg.szwego.com/img/65702085/20250804/i1754292236_3376_6.jpg""]"
_d8orS1Io7LXer8EdiIqmGCKSTWgudZ9YK3q1vFQ;;Bottega Veneta|葆蝶家男士羽绒夹克 一纱白裹暖，编织流光以鹅绒为茧，冲破平庸的冬日 材质甄选高阶面料，以米白澄澈沉淀雅致奢感，90白鹅绒填充锁温御寒，编织绵羊皮翻领藏着品牌巧思，暗合“简非单调，是将工艺熔铸成骨的智”。利落廓形勾勒绅士质感，每一处拼接都透着意式工坊的严苛——羽绒的蓬松与编织皮领的精致达成精妙平衡，穿者如优雅雅士，于冷暖之间释放型格张力。无冗余浮夸，仅以材质与工艺的碰撞说话：触摸时是面料的柔和与皮领的细腻，观之是米白的高级。它暗喻“暖非臃肿，是藏在细节下的雅”。 ❗️颜色：白色 ❗️标准尺码：48-56;0;;lrg3k8cd5bgw3jv;;Для мужчин;"[""https://xcimg.szwego.com/img/65702085/20251108/i1762533555_8283_7.jpg"", ""https://xcimg.szwego.com/img/65702085/20251108/i1762533555_9076_1.jpg"", ""https://xcimg.szwego.com/img/65702085/20251108/i1762533555_254_6.jpg"", ""https://xcimg.szwego.com/img/65702085/20251108/i1762533555_6806_8.jpg"", ""https://xcimg.szwego.com/img/65702085/20251108/i1762533555_5932_9.jpg"", ""https://xcimg.szwego.com/img/65702085/20251108/i1762533555_4258_5.jpg"", ""https://xcimg.szwego.com/img/65702085/20251108/i1762533555_545_0.jpg"", ""https://xcimg.szwego.com/img/65702085/20251108/i1762533555_9584_2.jpg"", ""https://xcimg.szwego.com/img/65702085/20251108/i1762533555_782_4.jpg""]"
_dnnrS4kY8UQQ53BtGxfyr7Ef2sqG_mJjO9PnyjQ;;LOUIS VUITTON路易威登奢级拼色皮革夹克 — 奢潮型格 · 皮革工艺与艺术设计的高阶碰撞 — 这款拼色皮革夹克，将优质皮革材质与艺术化拼色设计完美融合，是秋冬彰显硬核奢潮品味与个性表达的吸睛之选。严选高端真皮面料，皮面细腻挺括、质感高级且极具辨识度，经精湛工艺打造出硬朗廓形，同时艺术化的红黑白拼色设计充满视觉张力；衣身立体拼接、定制金属拉链等细节精致考究，胸前巨型品牌标识与满幅艺术花纹彰显对设计的极致追求，将街头潮酷风格与奢牌工艺的奢华精妙糅合。拉链版型利落大气，穿脱便捷尽显型格；细节处的匠心处理，从皮革的拼接工艺到五金件的质感，都为整体造型增添艺术奢潮层次与硬核品质感，轻松驾驭街头出街、潮流派对等多种风格场景。 ⚠️ 发货规格：全套包装 ❗️颜色：黑红白拼色 ❗ 标准尺码： ❗ 支持量身定制;0;;lrg3k8cd5bgw3jv;;Для мужчин;"[""https://xcimg.szwego.com/img/65702085/20251019/i1760844185_8017_5.jpg"", ""https://xcimg.szwego.com/img/65702085/20251019/i1760844185_6727_3.jpg"", ""https://xcimg.szwego.com/img/65702085/20251019/i1760844185_1498_1.jpg"", ""https://xcimg.szwego.com/img/65702085/20251019/i1760844185_5904_2.jpg"", ""https://xcimg.szwego.com/img/65702085/20251019/i1760844185_5742_0.jpg"", ""https://xcimg.szwego.com/img/65702085/20251019/i1760844185_5249_6.jpg"", ""https://xcimg.szwego.com/img/65702085/20251019/i1760844185_6661_4.jpg"", ""https://xcimg.szwego.com/img/65702085/20251019/i1760844185_6344_7.jpg"", ""https://xcimg.szwego.com/img/65702085/20251019/i1760844185_4789_8.jpg""]"
_dr2rSZkD6AvFG5IHH8Vvsgk-BmNnY89U0vrprlA;;CHROME HEARTS 克罗心黑色机车风真皮夹克 — 潮奢型格 · 亮面皮革与马蹄图腾的硬核共鸣 — Chrome Hearts 这款黑色机车风真皮夹克，是潮奢领域风格与工艺的标杆之作，将品牌标志性的马蹄图腾美学与机车皮衣的酷飒基因深度融合。严选高品质亮面黑色真皮面料，经精湛工艺呈现出细腻光泽的质感，触感高级且富有韧性，极具辨识度；衣身采用经典机车风剪裁，斜拉链设计+品牌专属十字五金件点缀，前胸的马蹄图腾刺绣极具品牌辨识度，袖口的十字压纹细节暗藏巧思，既延续 Chrome Hearts 对先锋潮奢的探索，又以黑色皮衣为载体诠释个性态度，每一颗五金铆钉都似潮奢品味的注解，让皮衣单品进阶为造型焦点；后背的巨型马蹄图腾刺绣+花体字标识，从正面的利落机车线条到背面的视觉冲击细节，再到内衬的品牌暗纹，都为造型增添潮流层次与高端质感，无论是街头炸街还是轻奢社交，都能展现你的潮奢格调与不羁态度。 ⚠️ 发货规格：全套包装 ❗️颜色：黑色 ❗ 标准尺码： ❗ 支持量身定制;0;;lrg3k8cd5bgw3jv;;Для мужчин;"[""https://xcimg.szwego.com/img/65702085/20251016/i1760547069_9076_7.jpg"", ""https://xcimg.szwego.com/img/65702085/20251016/i1760547069_2442_3.jpg"", ""https://xcimg.szwego.com/img/65702085/20251016/i1760547069_4434_0.jpg"", ""https://xcimg.szwego.com/img/65702085/20251016/i1760547070_9418_10.jpg"", ""https://xcimg.szwego.com/img/65702085/20251016/i1760547070_7157_8.jpg"", ""https://xcimg.szwego.com/img/65702085/20251016/i1760547069_7476_4.jpg"", ""https://xcimg.szwego.com/img/65702085/20251016/i1760547070_5630_11.jpg"", ""https://xcimg.szwego.com/img/65702085/20251016/i1760547069_1509_6.jpg"", ""https://xcimg.szwego.com/img/65702085/20251016/i1760547069_8904_5.jpg""]"
_dTUrSEwzG63wwWON6EAxtQS6QwNHg_2zL2h4nBQ;;Chrome Hearts | 克罗心 男士黑白拼色棒球夹克 —叛逆锋芒，细节为王— 源自美国洛杉矶的高街殿堂品牌 Chrome Hearts，将摇滚精神与精湛工艺相结合。这款男士黑白拼色棒球夹克，于本季焕发全新姿态，以标志性元素诠释不拘一格的时尚态度。主面料甄选优质羊毛混纺，触感温润且保暖性出众；袖部采用真皮材质，细腻光泽中流露硬朗质感。经典的黑白拼色布局，营造出鲜明的视觉反差。左胸以 Gothic 字体呈现 “CH” 缩写，低调而富有辨识度；左袖数字“33”与下方立体皮革十字刺绣，延续品牌标志性符号。背面霸气老鹰刺绣搭配环绕的 “CHROME HEARTS” 字样，张扬不羁个性，释放强烈视觉冲击。螺纹领口、袖口及下摆延续复古运动夹克的经典廓形，贴合身形又不失舒适度。标准版型适配多种穿搭，无论是与牛仔裤打造街头造型，还是叠穿卫衣、帽衫增加层次感，都能瞬间成为全场焦点。 ⚠️ 发货规格：全套包装 ❗ 标准尺码：S–XL ❗ 可接量身定制;0;;lrg3k8cd5bgw3jv;;Для мужчин;"[""https://xcimg.szwego.com/img/65702085/20250813/i1755097642_2637_0.jpg"", ""https://xcimg.szwego.com/img/65702085/20250813/i1755097178_4936_1.jpg"", ""https://xcimg.szwego.com/img/65702085/20250813/i1755097283_374_1.jpg"", ""https://xcimg.szwego.com/img/65702085/20250813/i1755097262_2586_4.jpg"", ""https://xcimg.szwego.com/img/65702085/20250813/i1755097262_4885_3.jpg"", ""https://xcimg.szwego.com/img/65702085/20250813/i1755097262_1517_0.jpg"", ""https://xcimg.szwego.com/img/65702085/20250813/i1755097262_7728_1.jpg"", ""https://xcimg.szwego.com/img/65702085/20250813/i1755097283_6389_2.jpg"", ""https://xcimg.szwego.com/img/65702085/20250813/i1755097283_5735_0.jpg""]"
_dz8rSs_ZfwQ_DusFtP5-Gt1m_8BVHlfCP6FX8BA;;Brunello Cucinelli布鲁内洛·库奇内利羊猄皮连帽夹克 面料采用100%羊猄皮（羊皮磨面工艺），皮质绒毛细腻均匀、触感软糯高级，经意大利传统鞣制与做旧工艺处理，呈现出独特的复古质感，耐磨性与风格表现力俱佳；里料选用100%聚酯纤维，光泽挺括，为穿着体验赋能。裁片环节凭借精湛手工技艺，将连帽领口、肩缝、袖口等部位裁片的拼接误差控制到近乎零界，为整体结构的精密缝合筑牢根基。帽檐金属扣具采用品牌定制工艺，质感厚重且调节顺畅，耐用性经测试表现出色。皮革拼接工艺极具巧思，连帽与衣身的拼接处针脚细密均匀、严丝合缝，既保障了结构的牢固性，又呈现出利落的视觉效果；羊猄皮与针织罗纹的拼接处工艺考究，针迹密度与平整度均达高等级标准，穿着舒适且过渡自然。五金工艺尽显品质，定制金属拉链齿咬合紧密，拉链头造型简约且质感高级，经多次拉合测试仍顺滑无阻；拉链与羊猄皮的衔接处缝制精细，无丝毫毛躁。缝制工艺上，全身线迹平整致密，羊猄皮边缘包边处理干净利落；多处细节的缝制工艺经严格把控，线迹平整度等指标均达高等级标准，彰显布鲁内洛·库奇内利品牌对工艺的极致追求。连帽结构经专业定型工艺塑形，穿着挺括且贴合头部；下摆针织罗纹经精密设备加工，弹性与耐用性经测试达标；从面料到细节，全方位展现布鲁内洛·库奇内利顶级羊猄皮工艺的精湛魅力。 ❗️颜色：藏蓝色 ❗️标准尺码：;0;;lrg3k8cd5bgw3jv;;Для мужчин;"[""https://xcimg.szwego.com/img/65702085/20251222/i1766411523936_1305_0_0.jpg"", ""https://xcimg.szwego.com/img/65702085/20251222/i1766411527215_3311_0_1.jpg"", ""https://xcimg.szwego.com/img/65702085/20251222/i1766411527188_1399_0_2.jpg"", ""https://xcimg.szwego.com/img/65702085/20251222/i1766411527267_4427_0_3.jpg"", ""https://xcimg.szwego.com/img/65702085/20251222/i1766411527186_3881_0_4.jpg"", ""https://xcimg.szwego.com/img/65702085/20251222/i1766411523852_421_0_5.jpg"", ""https://xcimg.szwego.com/img/65702085/20251222/i1766411523928_1022_0_6.jpg"", ""https://xcimg.szwego.com/img/65702085/20251222/i1766411523744_2697_0_7.jpg"", ""https://xcimg.szwego.com/img/65702085/20251222/i1766411523809_7691_0_8.jpg""]"
_dAcrSyK77DdmJDa56ERhXxwgk9Ybi5153PQTJ3A;;Zegna杰尼亚羊皮革棒球夹克 面料采用100%羊皮革，皮质粒面饱满、触感细腻且韧性十足，经杰尼亚专属鞣制工艺处理，耐磨性与质感表现优异；里料选用100%聚酯纤维，顺滑挺括，裁片环节依托品牌精湛手工技艺，将领口、肩缝、口袋等拼接部位的裁片误差控制到近乎零界，为整体结构的精密缝合筑牢根基。背部细节拼接造型工艺考究，针脚细密均匀、严丝合缝，既强化了结构稳定性，又塑造出品牌辨识度亮点。皮革拼接工艺尽显匠心，衣身各裁片拼接处线迹流畅平整，将羊皮革的挺括与棒球夹克版型的休闲感完美融合；羊皮革与针织罗纹的拼接处工艺严格把控，针迹密度与平整度均达高等级标准，穿着舒适且过渡自然。五金工艺尤为出色，定制金属拉链齿咬合紧密，拉链头造型精致且质感厚重，经多次拉合测试仍顺滑无阻；拉链与羊皮革的衔接处缝制精细，无丝毫毛躁。缝制工艺上，全身线迹平整致密，皮革边缘包边处理干净利落；口袋等细节部位的缝制工艺严格把控，线迹密度与平整度均达高等级标准，彰显杰尼亚品牌对工艺的极致追求。领口结构经专业工艺塑形，穿着挺括且贴合颈部；多处细节的缝制工艺经严格把控，线迹平整度等指标均达高等级标准，从内到外全方位展现杰尼亚顶级皮革工艺的魅力。 ❗️颜色：黑色 ❗️标准尺码：;0;;lrg3k8cd5bgw3jv;;Для мужчин;"[""https://xcimg.szwego.com/img/65702085/20251222/i1766411590895_9868_0_0.jpg"", ""https://xcimg.szwego.com/img/65702085/20251222/i1766411586972_7173_0_1.jpg"", ""https://xcimg.szwego.com/img/65702085/20251222/i1766411593852_1244_0_2.jpg"", ""https://xcimg.szwego.com/img/65702085/20251222/i1766411593926_7537_0_3.jpg"", ""https://xcimg.szwego.com/img/65702085/20251222/i1766411587044_620_0_4.jpg"", ""https://xcimg.szwego.com/img/65702085/20251222/i1766411587027_2759_0_5.jpg"", ""https://xcimg.szwego.com/img/65702085/20251222/i1766411586951_481_0_6.jpg"", ""https://xcimg.szwego.com/img/65702085/20251222/i1766411590986_6194_0_7.jpg"", ""https://xcimg.szwego.com/img/65702085/20251222/i1766411591009_6128_0_9.jpg""]"
_dxHrSWyEivDBhd6wHzorSodtD5SJIJKLo7FVtHQ;;TOM FORD 黑色羊皮皮衣 面料采用100%羊皮，经意大利专业皮革处理工艺打造，皮质细腻度与光泽度经多道工序打磨，为整体质感奠定基础。裁片环节通过精准手工剪裁配合人体工学版型数据，将衣身、领部、袖笼等拼接部位的裁片误差控制在极小范围，为版型的挺括度与穿着舒适度提供保障。缝制工艺中，采用专业皮革缝纫机以精细针距完成各部位缝合，口袋、袖口等细节处的缝线规整度达到高水准；金属按扣与拉链头经精密模具成型加工，按扣开合次数及拉链耐用性经测试表现优异，其中拉链头的“TF”标识细节尽显品牌工艺把控力。里料采用高密顺滑材质，与羊皮面料的缝合工艺严谨，确保穿着时的内部顺滑体验。意大利原产的身份，从面料选择、裁片精度到缝制细节，每一处都彰显TOM FORD在高端男装工艺领域的精湛技艺与对极致品质的追求，是皮革服饰工艺与奢华风格融合的典范。 ⚠️发货规格全套包装 ❗️颜色：黑色 ❗️标准尺码：48-56 ❗️可接量身定制;0;;lrg3k8cd5bgw3jv;;Для мужчин;"[""https://xcimg.szwego.com/img/adebff46/20251123/i1763831798300_6151_0_0.jpg"", ""https://xcimg.szwego.com/img/adebff46/20251123/i1763831798312_7635_0_1.jpg"", ""https://xcimg.szwego.com/img/adebff46/20251123/i1763831799837_5263_0_2.jpg"", ""https://xcimg.szwego.com/img/adebff46/20251123/i1763831798344_543_0_3.jpg"", ""https://xcimg.szwego.com/img/adebff46/20251123/i1763831798333_4756_0_4.jpg"", ""https://xcimg.szwego.com/img/adebff46/20251123/i1763831799806_2569_0_5.jpg"", ""https://xcimg.szwego.com/img/adebff46/20251123/i1763831798259_8043_0_6.jpg"", ""https://xcimg.szwego.com/img/adebff46/20251123/i1763831799840_5838_0_7.jpg"", ""https://xcimg.szwego.com/img/adebff46/20251123/i1763831799726_1400_0_8.jpg""]"
_dcqrSli4CzpPC1eJDFlUi8T1t_X8nWZZa8nAGmA;;PRADA 普拉达真皮飞行员夹克 面料采用100%意大利进口小牛皮，经数控鞣制机完成做旧染色工艺，深棕与焦糖色的色牢度偏差≤1级；裁片环节通过3D智能皮革裁剪机配合飞行员版型的人体工学数据，将领口、袖笼等拼接部位的裁片误差控制在±0.15mm内，为真皮结构的精密缝合提供基础。高密哑光聚酯纤维内衬按预设克重复合至皮革内层，复合舱保持恒温环境，压力传感器实时调节复合强度，使内衬与皮革贴合度均匀一致，同时通过高清内窥检测排除内层气泡风险。电脑皮革缝纫机以精准针距完成主体缝合，同步车对真皮拼接处进行密缝处理；领口的金属纽扣采用精密金属成型机加工，纽扣开合次数经疲劳测试达10000次无松动；拉链部位的PRADA定制拉链头经数控压铸机成型，拉链顺滑度经测试达5000次拉合无卡顿；后背的三角标识通过数控压印机加工，标识边缘平整度误差≤0.05mm，兼顾耐用性与标识性。袖口的罗纹针织工艺采用双针针织机完成，弹性回复度经测试达80%以上；下摆的罗纹结构经蒸汽定型机塑形，内置记忆纤维衬片，通过弯折疲劳测试仪验证7000次弯折后仍保持挺括形态；口袋的纽扣系统由数控扣具压制机加工，扣具开合次数经测试达10000次无松动。 ⚠️发货规格全套包装 ❗️颜色：棕色 ❗️标准尺码：48-56 ❗️可接量身定制;0;;lrg3k8cd5bgw3jv;;Для мужчин;"[""https://xcimg.szwego.com/img/6c7a535f/20251121/i1763739763363_5490_0_0.jpg"", ""https://xcimg.szwego.com/img/6c7a535f/20251121/i1763739762194_2592_0_1.jpg"", ""https://xcimg.szwego.com/img/6c7a535f/20251121/i1763739762194_3634_0_2.jpg"", ""https://xcimg.szwego.com/img/6c7a535f/20251121/i1763739762194_5590_0_3.jpg"", ""https://xcimg.szwego.com/img/6c7a535f/20251121/i1763739763386_3228_0_4.jpg"", ""https://xcimg.szwego.com/img/6c7a535f/20251121/i1763739762194_8610_0_5.jpg"", ""https://xcimg.szwego.com/img/6c7a535f/20251121/i1763739762194_1937_0_6.jpg"", ""https://xcimg.szwego.com/img/6c7a535f/20251121/i1763739763465_8667_0_7.jpg"", ""https://xcimg.szwego.com/img/6c7a535f/20251121/i1763739767876_9626_0_8.jpg""]"
_dkarSWNBiSjfqSgIoxX7JrsRVuZNSK_JhnZHybQ;;GUCCI 压纹羊皮皮衣 面料采用优质羊皮，经压纹工艺打造标志性双G图案，每一处压纹的深度与精度都经严格把控，为整体品牌辨识度与质感奠定基础。裁片环节通过手工精准剪裁配合皮衣版型的人体工学数据，将领部、衣身、袖笼等拼接部位的裁片误差控制在极小范围，为版型的挺括度与穿着舒适度提供保障。缝制工艺中，采用专业皮革缝纫机以精细针距完成各部位缝合，口袋、袖口等细节处的缝线规整度达到高水准；金属拉链与纽扣经精密模具成型加工，拉链的顺滑度与纽扣的耐用性经测试表现优异，拉链头的GUCCI标识细节尽显品牌工艺把控力。毛绒领采用优质材质，与皮衣面料的拼接工艺严谨，确保穿着时的保暖性与造型感。里料采用菱格绗缝工艺的高密面料，与羊皮面料的缝合工艺精湛，确保穿着时的内部顺滑与保暖体验。意大利原产的身份，从面料压纹、裁片精度到缝制细节，每一处都彰显GUCCI在高端皮革服饰工艺领域的精湛技艺与对极致品质的追求，是皮革工艺与品牌经典元素融合的典范。 ⚠️发货规格全套包装 ❗️颜色：绿色 ❗️标准尺码：48-56 ❗️可接量身定制;0;;lrg3k8cd5bgw3jv;;Для мужчин;"[""https://xcimg.szwego.com/img/adebff46/20251123/i1763832765009_8246_0_0.jpg"", ""https://xcimg.szwego.com/img/adebff46/20251123/i1763832763503_9079_0_1.jpg"", ""https://xcimg.szwego.com/img/adebff46/20251123/i1763832763494_7831_0_2.jpg"", ""https://xcimg.szwego.com/img/adebff46/20251123/i1763832765032_9632_0_4.jpg"", ""https://xcimg.szwego.com/img/adebff46/20251123/i1763832765006_4698_0_5.jpg"", ""https://xcimg.szwego.com/img/adebff46/20251123/i1763832763568_2626_0_6.jpg"", ""https://xcimg.szwego.com/img/adebff46/20251123/i1763832764894_6316_0_7.jpg"", ""https://xcimg.szwego.com/img/adebff46/20251123/i1763832763097_562_0_8.jpg"", ""https://xcimg.szwego.com/img/adebff46/20251123/i1763832763615_9840_0_9.jpg""]"
_dqjrSgkd03gKWDx1-1kFIiHUs86YDBgQtge6uhw;;LOUIS VUITTON 路易威登麂皮羊羔毛夹克 外层采用高端麂皮面料，经数控压印设备将品牌经典Monogram花纹立体压印于面料表面，每一处图案的深度、弧度均通过精密模具与压力控制系统调试，使花纹兼具立体感与面料的柔软触感；内里羊羔毛面料经恒温梳理机处理，确保绒毛蓬松均匀，亲肤性与保暖性双优。金属拉链头由定制模具压铸成型，表面经多层电镀工艺处理，镌刻品牌“LV”标识，拉合时的顺滑度与耐用性经数万次开合测试；金属纽扣采用数控冲压机加工，表面浮雕品牌标识，边缘经抛光处理，细节精致度误差≤0.1mm。缝制环节中，电脑平缝机以2.4mm针距完成主体拼接，针对麂皮面料的特性，采用专用防脱线工艺，针迹平整牢固；羊羔毛领口与衣身的拼接处，通过手工与机器配合的包边工艺，确保边缘服帖无毛刺。成衣经蒸汽定型机在120℃环境下塑形，使整体版型挺括且符合人体工学；每一件均通过多道质检流程，从面料压印的完整性、五金的光泽度到缝制的针迹密度，逐一检测，确保工艺细节无瑕疵，最终呈现出兼具奢华质感与实用价值的高端单品。 ❗️颜色：棕褐色 ❗️标准尺码：;0;;lrg3k8cd5bgw3jv;;Для мужчин;"[""https://xcimg.szwego.com/img/adebff46/20251210/i1765333826539_3016_0_0.jpg"", ""https://xcimg.szwego.com/img/adebff46/20251210/i1765333825008_8166_0_7.jpg"", ""https://xcimg.szwego.com/img/adebff46/20251210/i1765333826491_2960_0_1.jpg"", ""https://xcimg.szwego.com/img/adebff46/20251210/i1765333825026_4209_0_2.jpg"", ""https://xcimg.szwego.com/img/adebff46/20251210/i1765333824951_8186_0_3.jpg"", ""https://xcimg.szwego.com/img/adebff46/20251210/i1765333826387_3948_0_4.jpg"", ""https://xcimg.szwego.com/img/adebff46/20251210/i1765333826463_5028_0_5.jpg"", ""https://xcimg.szwego.com/img/adebff46/20251210/i1765333824990_256_0_6.jpg"", ""https://xcimg.szwego.com/img/adebff46/20251210/i1765333824957_3023_0_9.jpg""]"
_dq3rS0-gSDLdnT5Z3XNbBPUXGafqdZyBbgfxnvw;;GUCCI 古驰压纹飞行员夹克 面料采用100%羊皮（LAMB SKIN），经精密压纹工艺呈现标志性双G图案，纹理清晰度误差≤0.1mm，每寸面料的压纹深度与间距均通过数控压纹机精准控制；裁片环节运用3D立体裁剪系统，结合人体工学数据，将衣身、口袋等拼接部位的裁片误差控制在±0.2mm内，为皮革拼接的精密缝合奠定基础。缝制阶段，电脑皮革缝纫机以2.0mm针距完成主体缝合，双针锁边机对袖口、下摆等部位进行加固处理；口袋的纽扣结构采用定制金属纽扣成型机加工，纽扣开合次数经疲劳测试达8000次无松动；领口的立领结构经蒸汽定型机在120℃环境下塑形，内置弹力衬片，经弯折疲劳测试仪验证5000次弯折后仍保持挺括形态。内里采用聚酯纤维（POLYESTER）面料，与羊皮外层通过数控绗缝机以1.8mm针距完成复合缝合，线迹平整度经视觉检测达A级标准；拉链系统选用定制金属拉链成型机加工，拉链拉合次数经测试达10000次无卡顿；衣身内部的品牌标识标签通过高温压烫机成型，标签边缘平整度误差≤0.05mm，兼顾质感与标识性。整体工艺中，皮革边缘的打磨工序采用数控磨边机处理，边缘光滑度经触感检测达优质级；成衣后经整体质检，确保每一处压纹、缝合、五金件均符合GUCCI严苛标准，从材质到工艺尽显奢华质感与精湛技艺。 ❗️颜色：深棕 ❗️标准尺码：;0;;lrg3k8cd5bgw3jv;;Для мужчин;"[""https://xcimg.szwego.com/img/65702085/20251202/i1764640798020_252_0_0.jpg"", ""https://xcimg.szwego.com/img/65702085/20251202/i1764640795784_9551_0_1.jpg"", ""https://xcimg.szwego.com/img/65702085/20251202/i1764640797965_3232_0_2.jpg"", ""https://xcimg.szwego.com/img/65702085/20251202/i1764640795770_6313_0_3.jpg"", ""https://xcimg.szwego.com/img/65702085/20251202/i1764640797925_9336_0_4.jpg"", ""https://xcimg.szwego.com/img/65702085/20251202/i1764640795770_5878_0_5.jpg"", ""https://xcimg.szwego.com/img/65702085/20251202/i1764640797972_4230_0_6.jpg"", ""https://xcimg.szwego.com/img/65702085/20251202/i1764640795770_994_0_8.jpg"", ""https://xcimg.szwego.com/img/65702085/20251202/i1764640795770_705_0_7.jpg""]"
_d_irS6B28rWms1w8DgRQwnnF6oOKrVnoeR51M1Q;;SAINT LAURENT 圣罗兰麂皮风衣 面料采用100%优质麂皮，经专业皮革处理工艺，呈现细腻柔滑的质感，同时具备良好的透气性与耐磨性，色牢度经多次专业测试表现稳定；裁片环节依托手工与智能结合的裁剪系统，结合风衣版型的人体工学数据，将肩缝、袖笼、腰带等拼接部位的裁片误差控制在±0.2mm内，为整体结构的精密缝合奠定坚实基础。缝制工艺里，资深工匠以均匀精准的针距完成主体缝制，采用双道密缝工艺处理拼接处，确保牢固耐用；纽扣经高精度压铸机加工，表面品牌标识纹路清晰，耐用性经万次开合测试无磨损；内衬采用带有品牌标志性YSL提花的高密面料，通过精密织造工艺呈现，兼具质感与品牌辨识度。风衣结构经专业定型工艺塑形，肩线、腰线等部位线条挺括；袖口与腰部的皮革扣带经手工打磨，边缘平整度极高，耐用性经测试表现出色；多处细节的缝制工艺经三道质检工序严格把控，线迹平整度、皮革边缘处理等指标均达奢侈品高等级标准。 ❗️颜色：棕褐色 ❗️标准尺码：;0;;lrg3k8cd5bgw3jv;;Для мужчин;"[""https://xcimg.szwego.com/img/6c7a535f/20251219/i1766077737514_8379_0_0.jpg"", ""https://xcimg.szwego.com/img/6c7a535f/20251219/i1766077739190_3734_0_1.jpg"", ""https://xcimg.szwego.com/img/6c7a535f/20251219/i1766077737576_5939_0_2.jpg"", ""https://xcimg.szwego.com/img/6c7a535f/20251219/i1766077737594_1556_0_3.jpg"", ""https://xcimg.szwego.com/img/6c7a535f/20251219/i1766077737527_7810_0_4.jpg"", ""https://xcimg.szwego.com/img/6c7a535f/20251219/i1766077739085_6210_0_5.jpg"", ""https://xcimg.szwego.com/img/6c7a535f/20251219/i1766077739079_4392_0_6.jpg"", ""https://xcimg.szwego.com/img/6c7a535f/20251219/i1766077737473_2385_0_7.jpg"", ""https://xcimg.szwego.com/img/6c7a535f/20251219/i1766077739140_3420_0_8.jpg""]"
_dvsrSFYH7lZDlTZP1f0qYf7e0dKt6NPOY8JI-lQ;;GIVENCHY 纪梵希拼皮草机车夹克 主体采用黑白斑点皮草，毛质柔软且纹理自然，经专业鞣制工艺处理后保暖性与质感俱佳；袖身与领口选用顶级黑色牛皮革，皮质细腻且韧性卓越，耐磨与色牢度表现优异，皮草与皮革的拼接形成强烈视觉冲击与材质对比。依托品牌先进裁片技术，将皮草与皮革拼接部位的裁片误差控制在极小范围，肩部、袖口等拼接处平整服帖，为整体结构的精密缝合筑牢根基，每一处接缝都体现工匠对细节的严苛把控。拉链为品牌定制金属拉链，拉链头设计精致且刻有品牌细节，拉合顺畅；金属配件经抛光工艺处理，光泽感强且耐用性经测试表现出色。整体缝制采用高精度工艺，皮草与皮革拼接处缝线牢固且隐蔽；口袋等细节部位的缝制工艺经严格把控，线迹平整度与牢固度均达高等级标准。内部衬里选用顺滑面料，品牌标识标签工艺精细，体现品牌对品质的极致追求；从皮草选料到皮革裁剪，每一道工序都彰显GIVENCHY在奢华服饰领域的精湛技艺，是个性与工艺的完美融合。 ❗️颜色：黑白拼接 ❗️标准尺码：;0;;lrg3k8cd5bgw3jv;;Для мужчин;"[""https://xcimg.szwego.com/img/6c7a535f/20251217/i1765933060739_5091_0_0.jpg"", ""https://xcimg.szwego.com/img/6c7a535f/20251217/i1765933062500_6635_0_1.jpg"", ""https://xcimg.szwego.com/img/6c7a535f/20251217/i1765933060739_7197_0_2.jpg"", ""https://xcimg.szwego.com/img/6c7a535f/20251217/i1765933062387_9597_0_3.jpg"", ""https://xcimg.szwego.com/img/6c7a535f/20251217/i1765933062536_3169_0_4.jpg"", ""https://xcimg.szwego.com/img/6c7a535f/20251217/i1765933060739_7040_0_5.jpg"", ""https://xcimg.szwego.com/img/6c7a535f/20251217/i1765933062529_350_0_6.jpg"", ""https://xcimg.szwego.com/img/6c7a535f/20251217/i1765933060738_5651_0_7.jpg"", ""https://xcimg.szwego.com/img/6c7a535f/20251217/i1765933060739_2252_0_8.jpg""]"
_d8orS1Io7LXer8EVpIqiHB6eQWg6ZZ9YK3q1vFQ;;TOM FORD 黑色羊皮皮衣衬衫 面料采用100%羊皮，经意大利专业皮革鞣制工艺处理，皮质的柔软度与光泽度经多道工序打磨，为整体奢华质感奠定基础。裁片环节通过手工精准剪裁配合衬衫版型的人体工学数据，将领部、衣身、袖笼等拼接部位的裁片误差控制在极小范围，为版型的挺括度与穿着舒适度提供保障。缝制工艺中，采用专业皮革缝纫机以精细针距完成各部位缝合，胸前口袋、袖口等细节处的缝线规整度达到高水准；金属纽扣经精密模具成型加工，纽扣的质感与耐用性经测试表现优异，每一颗纽扣的安装精度都体现品牌工艺把控力。里料采用高密顺滑聚酯纤维材质，与羊皮面料的缝合工艺严谨，确保穿着时的内部顺滑体验。意大利原产的身份，从面料选择、裁片精度到缝制细节，每一处都彰显TOM FORD在高端男装皮革工艺领域的精湛技艺与对极致品质的追求，是皮革服饰工艺与经典衬衫风格融合的典范。 ⚠️发货规格全套包装 ❗️颜色：黑色 ❗️标准尺码：48-56 ❗️可接量身定制;0;;lrg3k8cd5bgw3jv;;Для мужчин;"[""https://xcimg.szwego.com/img/adebff46/20251123/i1763832348726_2233_0_0.jpg"", ""https://xcimg.szwego.com/img/adebff46/20251123/i1763832361205_6360_0_8.jpg"", ""https://xcimg.szwego.com/img/adebff46/20251123/i1763832348574_8320_0_2.jpg"", ""https://xcimg.szwego.com/img/adebff46/20251123/i1763832348671_5866_0_3.jpg"", ""https://xcimg.szwego.com/img/adebff46/20251123/i1763832350011_8188_0_4.jpg"", ""https://xcimg.szwego.com/img/adebff46/20251123/i1763832348720_7004_0_5.jpg"", ""https://xcimg.szwego.com/img/adebff46/20251123/i1763832349891_6516_0_6.jpg"", ""https://xcimg.szwego.com/img/adebff46/20251123/i1763832348709_6816_0_7.jpg"", ""https://xcimg.szwego.com/img/adebff46/20251123/i1763832350021_2112_0_8.jpg""]"
_dSdrSj3cFGHGh5Loaa5IduE9Qr_oShe3-AUpEdw;;Hermès 皮毛一体飞行员夹克 面料采用100%意大利进口羊皮革，经数控鞣制机处理，皮质细腻度达98%以上，色牢度偏差≤1级；毛领为定制羊皮毛材质，通过恒温植绒机加工，绒毛密度均匀度达95%以上。裁片环节运用3D立体裁剪系统，结合飞行员夹克版型的人体工学数据，将领口、袖身、下摆拼接部位的裁片误差控制在±0.15mm内，为皮革与针织、皮毛的精密缝合奠定基础。缝制工艺中，电脑程控皮革缝纫机以1.8mm针距完成皮革各部位的拼接缝合；五金环节，拉链采用Hermès定制金属拉链成型机加工，拉链头刻字精度达0.02mm，经往复拉动测试10000次无卡顿；金属按扣由精密冲压成型机加工，开合次数经疲劳测试达10000次无松动。整体工艺经法国手工工坊监制，从皮革的选料鞣制到五金的成型装配，每道工序均配备专属检测设备（如皮革张力测试仪、裁片误差显微镜、五金疲劳测试机），确保成品在皮质质感、拼接精度、五金耐用性等维度达到Hermès高端线工艺标准，诠释法式奢华的工艺精髓。 ⚠️发货规格全套包装 ❗️颜色：黑色 ❗️标准尺码：48-56 ❗️可接量身定制;0;;lrg3k8cd5bgw3jv;;Для мужчин;"[""https://xcimg.szwego.com/img/65702085/20251119/i1763568866830_1048_0_0.jpg"", ""https://xcimg.szwego.com/img/65702085/20251119/i1763568866798_9561_0_1.jpg"", ""https://xcimg.szwego.com/img/65702085/20251119/i1763568868240_5676_0_3.jpg"", ""https://xcimg.szwego.com/img/65702085/20251119/i1763568866825_5586_0_4.jpg"", ""https://xcimg.szwego.com/img/65702085/20251119/i1763568866690_7313_0_5.jpg"", ""https://xcimg.szwego.com/img/65702085/20251119/i1763568866540_8442_0_6.jpg"", ""https://xcimg.szwego.com/img/65702085/20251119/i1763568867667_4258_0_7.jpg"", ""https://xcimg.szwego.com/img/65702085/20251119/i1763568868258_58_0_8.jpg"", ""https://xcimg.szwego.com/img/65702085/20251119/i1763568868143_2611_0_9.jpg""]"
_dADrSbn8dCCS-nL71uKiFi8HoUn9FE62GP_s7_Q;;LOUIS VUITTON 路易威登压纹拼接棒球夹克 主体采用100%牛皮打造，经压纹工艺将经典Monogram图案立体呈现于麂皮质感面料，纹理清晰且触感细腻；袖臂部位选用光面牛皮拼接，与主体材质形成质感对比，袖口处“Louis Vuitton”压印标识工艺精湛，辨识度与质感兼具。里料运用68%铜氨纤维+32%棉混纺材质，印有满幅Monogram暗纹，触感丝滑且透气性优异；内衬标签“LOUIS VUITTON PARIS”采用精密刺绣工艺，边缘平整牢固。缝制环节，衣身拼接处针距均匀、线迹平整，皮料与针织罗纹领口、下摆的衔接工艺精湛，服帖度极高；定制金属纽扣镶嵌紫色饰片，表面压印品牌标识，经成型工艺处理后耐用性出众；口袋边缘的皮革包边工艺细致，与主体皮料的缝合误差控制在极小范围，整体结构牢固且视觉精致。从皮料压纹的立体呈现，到不同材质的拼接缝合，再到金属扣具与刺绣标识的细节雕琢，每一处工艺都彰显品牌对品质的极致追求，将奢华质感与精湛工艺融入棒球夹克的经典版型，打造兼具时尚感与耐久性的奢品单品。 ❗️颜色：藏蓝 ❗️标准尺码：;0;;lrg3k8cd5bgw3jv;;Для мужчин;"[""https://xcimg.szwego.com/img/65702085/20251219/i1766156292570_6552_0_0.jpg"", ""https://xcimg.szwego.com/img/65702085/20251219/i1766156292570_4264_0_1.jpg"", ""https://xcimg.szwego.com/img/65702085/20251219/i1766156304851_6315_0_2.jpg"", ""https://xcimg.szwego.com/img/65702085/20251219/i1766156304873_1575_0_3.jpg"", ""https://xcimg.szwego.com/img/65702085/20251219/i1766156304880_465_0_4.jpg"", ""https://xcimg.szwego.com/img/65702085/20251219/i1766156292570_2031_0_5.jpg"", ""https://xcimg.szwego.com/img/65702085/20251219/i1766156292569_4104_0_6.jpg"", ""https://xcimg.szwego.com/img/65702085/20251219/i1766156292569_5716_0_7.jpg"", ""https://xcimg.szwego.com/img/65702085/20251219/i1766156304865_194_0_8.jpg""]"
_dhXrS5iBRrSUbjDed3xWSEwfF9Nno-Dz2QnstSQ;;LOUIS VUITTON 路易威登皮毛一体棒球领夹克 面料采用奢华真皮与羊羔毛材质，经精细鞣制与选毛工艺，真皮呈现出细腻纹理与出色质感，羊羔毛则柔滑蓬松，两者色牢度与耐用性表现卓越；裁片环节凭借品牌专属智能裁剪系统，结合棒球领版型的人体工学数据，将领口、袖缝等拼接部位的裁片误差控制在±0.15mm内，为整体结构的精密缝合筑牢根基。材质拼接阶段运用皮毛一体工艺：将真皮与羊羔毛精准拼接于领口处，通过对皮料纹理和毛绒质感的精准把控，使拼接处过渡自然，兼具奢华质感与保暖性。缝制工艺里，采用精密手工缝制技法完成真皮与针织罗纹、金属配件的多材质拼接，针距均匀且牢固；前襟的定制拉链经品牌工艺加工，拉链头镌刻品牌标识，顺滑度与耐用性经测试表现出色；罗纹袖口与下摆经专业定型工艺处理，穿着时贴合身形且不易变形；内里采用高密哑光面料，经精密织造呈现丝滑触感，与外层真皮材质形成舒适的穿着体验；多处细节的缝制工艺经严格把控，线迹平整度与皮毛拼接的精细度等指标均达高等级标准。 ❗️颜色：米白 ❗️标准尺码：;0;;lrg3k8cd5bgw3jv;;Для мужчин;"[""https://xcimg.szwego.com/img/65702085/20251216/i1765848047031_7936_0_0.jpg"", ""https://xcimg.szwego.com/img/65702085/20251216/i1765848044014_9324_0_1.jpg"", ""https://xcimg.szwego.com/img/65702085/20251216/i1765848047131_7926_0_2.jpg"", ""https://xcimg.szwego.com/img/65702085/20251216/i1765848044014_7485_0_3.jpg"", ""https://xcimg.szwego.com/img/65702085/20251216/i1765848047065_2726_0_4.jpg"", ""https://xcimg.szwego.com/img/65702085/20251216/i1765848047095_8553_0_5.jpg"", ""https://xcimg.szwego.com/img/65702085/20251216/i1765848044014_8635_0_6.jpg"", ""https://xcimg.szwego.com/img/65702085/20251216/i1765848044014_8395_0_7.jpg"", ""https://xcimg.szwego.com/img/65702085/20251216/i1765848044014_5229_0_8.jpg""]"
_dlWrSXO6qbyuDZfPz25ufbuh7HiQBWr5S4BbtTQ;;BALENCIAGA 巴黎世家复古徽章机车皮衣 面料与里料采用高密哑光100%蛋白皮材质，经精密磨面工艺处理，呈现细腻如小羊皮的柔润触感，色牢度与抗皱性均达高等级标准，日常穿着不易留痕、久用依旧如新。裁片环节依托品牌智能版型数据库，结合复古机车服的人体工学数据，将肩线、袖窿等关键拼接部位的裁片误差控制在±0.1mm内，为整体结构的精密缝合筑牢根基。刺绣工艺采用德国进口多头刺绣机，胸袋处的皇家徽章以12万针高密度满绣完成，红金配色的绒线与皮质基底形成鲜明质感对比，边缘平整度达0.05mm级精度，兼具复古辨识度与耐用性；正面品牌Logo采用立体叠绣工艺，以哑光米白绒线打造出3mm厚度的凸起纹理，每针针距误差不超过0.2mm，视觉层次饱满且不易脱线。主身拼接采用双针埋夹工艺，线迹拉力达行业标准2倍以上；领口与袖口的包边采用高温定型工艺，经5000次弯折测试后仍能保持挺括形态；拉链选用定制黄铜齿拉链，表面做旧氧化处理，拉动顺滑度与耐用性经专业测试达标。标识系统里，背部“10”号数字印花采用环保PU胶浆，经180℃高温热压定型，耐摩擦次数达4000次以上，水洗后不脱落、不开裂；领标采用激光切割工艺，边缘无毛刺，搭配热压印品牌标识，兼具精致感与辨识度。 ❗️颜色：黑色 ❗️标准尺码：;0;;lrg3k8cd5bgw3jv;;Для мужчин;"[""https://xcimg.szwego.com/img/65702085/20260130/i1769758622908_5632_0_0.jpg"", ""https://xcimg.szwego.com/img/65702085/20260130/i1769758622908_1375_0_1.jpg"", ""https://xcimg.szwego.com/img/65702085/20260130/i1769758630534_9868_0_2.jpg"", ""https://xcimg.szwego.com/img/65702085/20260130/i1769758627366_6964_0_3.jpg"", ""https://xcimg.szwego.com/img/65702085/20260130/i1769758629320_3274_0_4.jpg"", ""https://xcimg.szwego.com/img/65702085/20260130/i1769758632934_9889_0_5.jpg"", ""https://xcimg.szwego.com/img/65702085/20260130/i1769758625050_5943_0_6.jpg"", ""https://xcimg.szwego.com/img/65702085/20260130/i1769758622908_9880_0_7.jpg"", ""https://xcimg.szwego.com/img/65702085/20260130/i1769758626892_6073_0_8.jpg""]"
_dtGrSPquS6aKNxe_NzV9VWnTo6pYRGBcISPGbYw;;LORO PIANA 诺悠翩雅立领羊绒大衣 面料采用100%顶级Baby Cashmere羊绒，经阿尔卑斯山区传统分梳工艺提纯至15.5微米细度，再通过意大利精密双面织机织造，表面呈现如云朵般的柔糯绒感，色牢度与抗起球性均达行业最高等级标准。裁片环节依托品牌3D人体工学版型库，结合立领宽松版型的穿着需求，将肩线、领座等关键部位的裁片误差控制在±0.1mm内，为整体结构的精密缝合筑牢根基。主身拼接采用手工双面暗缝工艺，每3cm针距精准控制在12针以内，线迹隐藏于面料夹层，表面无针孔痕迹；领座采用高温蒸汽定型工艺，经2000次弯折测试后仍能保持挺括形态；口袋边缘采用双包边工艺，通过手工撬边使边缘平整度达0.05mm级精度，兼具实用性与精致感。纽扣系统选用天然牛角扣，经数控车床打磨成型，表面激光雕刻品牌标识，扣孔采用手工锁眼工艺，每孔锁线密度达80针以上，耐用性经专业测试达标；内里采用100%桑蚕丝材质，经哑光染色工艺处理，亲肤性与垂坠感优异；领标采用高密度织唛工艺，边缘激光切割无毛刺，搭配烫金品牌标识，兼具辨识度与质感。 ❗️颜色：驼色 ❗️标准尺码：;0;;lrg3k8cd5bgw3jv;;Для мужчин;"[""https://xcimg.szwego.com/img/65702085/20260130/i1769758686928_1661_0_0.jpg"", ""https://xcimg.szwego.com/img/65702085/20260130/i1769758691710_5212_0_1.jpg"", ""https://xcimg.szwego.com/img/65702085/20260130/i1769758686891_8128_0_2.jpg"", ""https://xcimg.szwego.com/img/65702085/20260130/i1769758691619_2434_0_3.jpg"", ""https://xcimg.szwego.com/img/65702085/20260130/i1769758686924_6836_0_4.jpg"", ""https://xcimg.szwego.com/img/65702085/20260130/i1769758694718_1132_0_5.jpg"", ""https://xcimg.szwego.com/img/65702085/20260130/i1769758686950_9397_0_6.jpg"", ""https://xcimg.szwego.com/img/65702085/20260130/i1769758686852_2374_0_7.jpg"", ""https://xcimg.szwego.com/img/65702085/20260130/i1769758691578_5230_0_8.jpg""]"
_dlhrSqHriXWv5xZRRWT9EjDOweUgoMPiQ7mmJWw;;❗️稀有皮 真蛇皮 LOUIS VUITTON 路易威登蛇纹拼老花飞行员夹克 面料采用珍稀蛇纹皮与哑光小牛皮拼接工艺，蛇纹皮经手工打磨保留原生鳞片纹理，呈现出独特的金属光泽与立体触感；哑光小牛皮则通过轻揉鞣制工艺，兼具软润质感与抗皱性，日常穿着不易留痕、久用依旧挺括。裁片环节依托品牌百年版型数据库，结合飞行员夹克的人体工学数据，将肩线、袖窿等关键拼接部位的裁片误差控制在±0.1mm内，为整体结构的精密缝合筑牢根基。拼接工艺采用双针锁边工艺，线迹拉力达行业标准2倍以上，蛇纹皮与老花皮料的拼接处平整度达0.05mm级精度，边缘细腻无凸起；袖身隐形口袋采用嵌线工艺，袋口缝线与皮料纹理自然呼应，兼具实用性与视觉整体性；袖口与下摆的松紧褶皱采用定距车缝工艺，每道褶皱间距误差不超过0.2mm，弹性均匀且久穿不变形。拉链选用定制黄铜LV标识拉链，表面做旧氧化处理，拉动顺滑度与耐用性经专业测试达标；领标采用提花织唛工艺，金色刺绣字样与藏青底布形成鲜明对比，边缘激光切割无毛刺，搭配热压印尺码标识，兼具精致感与辨识度。老花皮料上的Monogram图案采用环保PU胶浆，经180℃高温热压定型，耐摩擦次数达4000次以上，水洗后不脱落、不开裂。 ❗️颜色：棕色 ❗️标准尺码：46/48/50/52;0;;lrg3k8cd5bgw3jv;;Для мужчин;"[""https://xcimg.szwego.com/img/6c7a535f/20260202/i1769981690916_408_0_0.jpg"", ""https://xcimg.szwego.com/img/6c7a535f/20260202/i1769981688991_5884_0_1.jpg"", ""https://xcimg.szwego.com/img/6c7a535f/20260202/i1769981690759_1997_0_2.jpg"", ""https://xcimg.szwego.com/img/6c7a535f/20260202/i1769981688991_3461_0_3.jpg"", ""https://xcimg.szwego.com/img/6c7a535f/20260202/i1769981688991_9333_0_4.jpg"", ""https://xcimg.szwego.com/img/6c7a535f/20260202/i1769981690808_197_0_6.jpg"", ""https://xcimg.szwego.com/img/6c7a535f/20260202/i1769981688990_9421_0_7.jpg"", ""https://xcimg.szwego.com/img/6c7a535f/20260202/i1769981688991_4146_0_8.jpg"", ""https://xcimg.szwego.com/img/6c7a535f/20260202/i1769981690718_2976_0_9.jpg""]"
_dt9rSqTtUhSh_z7q-SxMRD4Pvx9qivjx7zrTohQ;;旺季来临现货款式备起来❗️ 图片就能看出满满的质感 实力背书1️⃣8工厂直批，自有300人生产车间，日产500+件，支持看厂查车间实拍，订单稳定有保障。 货源优势2️⃣ 皮料 羽绒 直采，省去中间商，批发价低至出厂成本；常规款常备库存，100件起批可当天发。 合作保障3️⃣批量订单可定制logo/五金；售后专人对接，质量问题48小时内响应处理。;0;;lrg3k8cd5bgw3jv;;Для мужчин;"[""https://xcimg.szwego.com/img/65702085/20251007/i1759829310527_34_0_0.jpg"", ""https://xcimg.szwego.com/img/65702085/20251007/i1759829312619_9876_0_1.jpg"", ""https://xcimg.szwego.com/img/65702085/20251007/i1759829310527_4100_0_2.jpg"", ""https://xcimg.szwego.com/img/65702085/20251007/i1759829312648_8005_0_3.jpg"", ""https://xcimg.szwego.com/img/65702085/20251007/i1759829312630_5802_0_4.jpg"", ""https://xcimg.szwego.com/img/65702085/20251007/i1759829310527_4613_0_5.jpg"", ""https://xcimg.szwego.com/img/65702085/20251007/i1759829312672_4781_0_6.jpg"", ""https://xcimg.szwego.com/img/65702085/20251007/i1759829310527_3620_0_7.jpg"", ""https://xcimg.szwego.com/img/65702085/20251007/i1759829310527_4924_0_8.jpg""]"
_dvgrSpduqnWh32kxCIiT7UoqnVZhkwSgfsu8iUg;;Louis Vuitton｜LV 路易威登真皮穿孔夹克 ——以十万孔洞，重写身体的飞行宣言 前幅材质采用德国牧场3岁公牛颈背三角区（张力与柔韧的黄金平衡带），经90天古法植鞣，呈现暴雨冲刷过岩层的青灰色肌理。 拼皮部位袖子采用羊皮反绒拼皮。 制作工艺打孔部位采用0.8mm直径孔洞以22°倾角贯穿皮层，形成螺旋导风通道（左为显微镜下孔道切面）* 激光定位穿孔 有里衬 高级感拉满 开模纽扣细节。 当十万个孔洞同时呼吸，你便拥有了穿行世界的第二层皮肤！ ❗️标准尺码：48-56 ❗️可接量身定制;0;;lrg3k8cd5bgw3jv;;Для мужчин;"[""https://xcimg.szwego.com/img/98fd4e8e/20250718/i1752853455583_8412_0_0.jpg"", ""https://xcimg.szwego.com/img/98fd4e8e/20250718/i1752853457686_2977_0_1.jpg"", ""https://xcimg.szwego.com/img/98fd4e8e/20250718/i1752853457712_8899_0_2.jpg"", ""https://xcimg.szwego.com/img/98fd4e8e/20250718/i1752853455589_7112_0_3.jpg"", ""https://xcimg.szwego.com/img/98fd4e8e/20250718/i1752853455255_7368_0_4.jpg"", ""https://xcimg.szwego.com/img/98fd4e8e/20250718/i1752853457692_9397_0_5.jpg"", ""https://xcimg.szwego.com/img/98fd4e8e/20250718/i1752853455529_1047_0_6.jpg"", ""https://xcimg.szwego.com/img/98fd4e8e/20250718/i1752853457641_1362_0_8.jpg"", ""https://xcimg.szwego.com/img/98fd4e8e/20250718/i1752853460925_7892_0_9.jpg""]"
_d7SrSCwIXF_b2luF8ETFApowZBtv0HVARgmaCcQ;;Tom Ford|汤姆·福特男士黑色皮衣 一墨革裁锋，暗夜鎏光以皮为纸，封存绅装的锋芒 材质甄选高阶黑色皮革，似被夜幕浸染的丝绒，光线下泛着幽微光泽，取代浮夸装饰，暗合“酷非张扬，是将锋芒揉进黑调的智”。 利落线条勾勒劲挺廓形，每一处接缝都藏着意大利工坊的精算——皮革的挺括与剪裁的精准达成平衡，穿者如暗夜中从容行走的绅士。经典领型延伸儒雅，金属配件似星子缀于衣身，低调却自带辨识度。 无冗余设计，黑色皮革随穿着渐生的纹路便是最好的勋章，每一道折痕都在诉说风格故事。它暗喻“黑非沉寂，是藏在克制下的锐度”，可单穿诠释利落，能叠搭演绎层次，在商务与休闲场域自由切换，重新定义当代男士的型格语言。 ⚠️发货规格全套包装 ❗️标准尺码：48-56 ❗️可接量身定制;0;;lrg3k8cd5bgw3jv;;Для мужчин;"[""https://xcimg.szwego.com/img/65702085/20250725/i1753451123438_2392_0_0.jpg"", ""https://xcimg.szwego.com/img/65702085/20250725/i1753451125212_4021_0_1.jpg"", ""https://xcimg.szwego.com/img/65702085/20250725/i1753451125222_3018_0_2.jpg"", ""https://xcimg.szwego.com/img/65702085/20250725/i1753451123559_313_0_3.jpg"", ""https://xcimg.szwego.com/img/65702085/20250725/i1753451126251_1618_0_4.jpg"", ""https://xcimg.szwego.com/img/65702085/20250725/i1753451126301_7003_0_5.jpg"", ""https://xcimg.szwego.com/img/65702085/20250725/i1753451123547_1164_0_6.jpg"", ""https://xcimg.szwego.com/img/65702085/20250725/i1753451123619_8917_0_7.jpg"", ""https://xcimg.szwego.com/img/65702085/20250725/i1753451123600_4114_0_8.jpg""]"
_dlPrSoJuAXBIUOUDQ0BuId2e-Ovjel8nPH3G89w;;GUCCI/古驰羊皮夹克 一针一线绣出经典锋芒。甄选柔软羊皮裁制，以利落线条勾勒标准廓形，里料粘胶纤维暗藏温润。胸前Gucci刺绣如勋章般醒目，红绿Web条纹似流动的旗帜，在拉链口袋边缘绽放活力。 针织部分羊毛混纺织就弹性筋骨，拉链开合间藏着意式匠心。涤纶刺绣针脚细密，与羊皮的细腻肌理碰撞出层次，意大利制造的严谨融于每一处细节，让经典符号在时光里始终鲜活。 ⚠️发货规格全套包装 ❗️标准尺码：48-56 ❗️可接量身定制;0;;lrg3k8cd5bgw3jv;;Для мужчин;"[""https://xcimg.szwego.com/img/65702085/20250715/i1752569015474_6391_0_0.jpg"", ""https://xcimg.szwego.com/img/65702085/20250715/i1752569107845_3914_0_8.jpg"", ""https://xcimg.szwego.com/img/65702085/20250715/i1752569015509_2818_0_2.jpg"", ""https://xcimg.szwego.com/img/65702085/20250715/i1752569015374_8452_0_3.jpg"", ""https://xcimg.szwego.com/img/65702085/20250715/i1752569013252_7958_0_4.jpg"", ""https://xcimg.szwego.com/img/65702085/20250715/i1752569013252_5149_0_5.jpg"", ""https://xcimg.szwego.com/img/65702085/20250715/i1752569013252_5716_0_6.jpg"", ""https://xcimg.szwego.com/img/65702085/20250715/i1752569013252_1390_0_7.jpg"", ""https://xcimg.szwego.com/img/65702085/20250715/i1752569015505_7917_0_8.jpg""]"
_dkwrSt5O1pjCNJgYwovUAGmG6w7zsrxzKtkmqcg;;Louis Vuitton | 路易威登鳄鱼纹立领皮革夹克 —复古奢华，型格先锋— 路易威登这款鳄鱼纹立领皮革夹克，以品牌先锋设计语言重塑奢华，将复古皮革质感与现代时尚廓形完美融合，男女皆适配，诠释无界风格。整体以复古棕为主调，奢华大气，自带吸睛气场。甄选高端皮革，鳄鱼纹肌理立体饱满，每一寸都散发着LV高端皮具的精湛工艺；立领设计利落挺括，为整体造型注入硬朗型格，复古与现代风格碰撞出独特魅力。精致拉链与罗纹细节兼具实用性与装饰性，利落线条勾勒出立体轮廓，百搭版型适配多元身形，内搭衬衫尽显绅士格调，搭配卫衣又能切换街头潮范，轻松驾驭不同场景。无论是出席奢雅晚宴，还是穿梭都市潮地，这件夹克都能凭借其复古奢华质感与LV标志性设计，让你成为人群中自带焦点的存在，传递路易威登始终引领的高端时尚态度，演绎独属于你的型格先锋风范。 ⚠️发货规格全套包装 ❗️标准尺码：48-56 ❗️可接量身定制;0;;lrg3k8cd5bgw3jv;;Для мужчин;"[""https://xcimg.szwego.com/img/65702085/20250902/i1756743750_2567_2.jpg"", ""https://xcimg.szwego.com/img/65702085/20250902/i1756743750_3404_0.jpg"", ""https://xcimg.szwego.com/img/65702085/20250902/i1756743795_3184_5.jpg"", ""https://xcimg.szwego.com/img/65702085/20250902/i1756743795_8879_7.jpg"", ""https://xcimg.szwego.com/img/65702085/20250902/i1756743795_2132_2.jpg"", ""https://xcimg.szwego.com/img/65702085/20250902/i1756743795_8034_6.jpg"", ""https://xcimg.szwego.com/img/65702085/20250902/i1756743795_8128_0.jpg"", ""https://xcimg.szwego.com/img/65702085/20250902/i1756743795_2641_4.jpg"", ""https://xcimg.szwego.com/img/65702085/20250902/i1756743795_2167_1.jpg""]"
_dmNrSE6lQbEKNWfwdtn-3sQwDh81TPQTOlMkdIA;;Tom Ford /汤姆・福特 绒面锋芒，皱折藏韵​ 暗绒为幕，拉链作引，勾勒不羁型格​ 甄选高品质麂皮绒，以沉稳色调为底，细腻触感中透着低调奢华。利落版型经精心打磨，立领设计自带飒爽气场，如暗夜中悄然绽放的锋芒，引人注目。​ 顺滑拉链开合间尽显利落，胸前对称翻盖口袋兼具实用与设计感，为整体造型增添层次感。领口、袖口、下摆的弹力皱皱设计，是不经意间的巧思，既贴合身形又彰显随性态度，每一处细节都在诉说：格调无需刻意，是藏在肌理里的独特表达。​ ⚠️发货规格全套包装​ ❗️标准尺码：46-54​ ❗️可接量身定制;0;;lrg3k8cd5bgw3jv;;Для мужчин;"[""https://xcimg.szwego.com/img/65702085/20250720/i1753006005189_2490_0_0.jpg"", ""https://xcimg.szwego.com/img/65702085/20250720/i1753006004154_520_0_1.jpg"", ""https://xcimg.szwego.com/img/65702085/20250720/i1753006004070_2850_0_2.jpg"", ""https://xcimg.szwego.com/img/65702085/20250720/i1753006004177_1014_0_3.jpg"", ""https://xcimg.szwego.com/img/65702085/20250720/i1753006005262_8337_0_4.jpg"", ""https://xcimg.szwego.com/img/65702085/20250720/i1753006004141_7767_0_5.jpg"", ""https://xcimg.szwego.com/img/65702085/20250720/i1753006004126_9626_0_6.jpg"", ""https://xcimg.szwego.com/img/65702085/20250720/i1753006005155_3607_0_7.jpg"", ""https://xcimg.szwego.com/img/65702085/20250720/i1753006005267_7661_0_8.jpg""]"
_diirSa6f1XV9YV_qGiBTB-Q5Y3m93WQA1NlLX-Q;;Brunello Cucinelli|布内罗·古奇拉利麂皮羽绒马甲 一绒暖织纹，麂光鎏岁以皮为函，封存时光的温软 材质甄选细腻麂皮，以斜纹绗缝模拟丹宁肌理，90%鹅绒与10%鹅羽填充内里，似将云端暖意收纳入怀。水牛 horn 纽扣缀于前襟，如晨露凝于叶尖，暗合“暖非浮奢，是岁月酿就的从容”。 麂皮随光影流转，似牧场晨雾漫过的绒面，每一寸绗缝都藏着意大利工坊的手作温度。无袖廓形留足叠穿余地，既能衬于西装内勾勒儒雅，亦可单穿呼应休闲， Specialist 清洁工艺让质感历久弥新。 它暗喻“简非空寂，是把喧嚣织成绒絮的哲思”，当寒风掠过衣摆，扬起的不是张扬，而是被时光细细打磨的温润锋芒。 ⚠️发货规格全套包装 ❗️标准尺码：48-56 ❗️可接量身定制;0;;lrg3k8cd5bgw3jv;;Для мужчин;"[""https://xcimg.szwego.com/img/65702085/20250727/i1753603225197_6262_0_0.jpg"", ""https://xcimg.szwego.com/img/65702085/20250727/i1753603221995_2008_0_6.jpg"", ""https://xcimg.szwego.com/img/65702085/20250727/i1753603221995_9744_0_1.jpg"", ""https://xcimg.szwego.com/img/65702085/20250727/i1753603224309_4131_0_2.jpg"", ""https://xcimg.szwego.com/img/65702085/20250727/i1753603224118_9396_0_3.jpg"", ""https://xcimg.szwego.com/img/65702085/20250727/i1753603221995_6853_0_4.jpg"", ""https://xcimg.szwego.com/img/65702085/20250727/i1753603221995_6592_0_5.jpg"", ""https://xcimg.szwego.com/img/65702085/20250727/i1753603221995_7757_0_7.jpg"", ""https://xcimg.szwego.com/img/65702085/20250727/i1753603224267_7544_0_8.jpg""]"
_deQrSBl1GxvoFBqxSVUqC3UTAb_3DDDJXizgv9g;;Louis Vuitton|路易威登兔八哥男士贴饰混合皮质棒球束腰夹克 —童趣风尚，奢雅新章— 在2023春夏的时尚舞台上，路易威登以这款白色棒球束腰夹克，追忆童真，演绎奢雅新风尚。 选用LWG认证的粒面牛皮革裁制衣袖，质感坚韧且富有光泽，彰显品牌对品质的严苛追求。拼接绵羊毛衣身，带来柔软舒适的穿着体验，宛如被轻柔云朵环绕。 衣身之上，缤纷的品牌标识、玩趣的卡通图案以及精致的珠皮细呢刺绣贴饰交相辉映，仿佛打开了一个充满奇思妙想的童趣世界。衬衫式衣领设计，增添了几分优雅气质；罗纹绵羊毛袖口及下摆，不仅贴合身形，更丰富了细节层次，让整体造型更具立体感。皮革衣袖上的LV Monogram图案，以微妙的立体肌理呈现，似在无声诉说着品牌的经典传承与时尚创新。 从材质搭配来看，主面料的牛皮革与绵羊毛，内衬的铜氨纤维、棉，以及其他部分的多种材质融合，既保证了夹克的品质与质感，又兼顾了舒适度。休闲版型的设计，适配多种身形与穿搭场景，无论是搭配牛仔裤穿梭于街头，还是与休闲西裤组合出席轻松聚会，这件夹克都能让穿着者散发独特魅力，成为时尚焦点，诠释路易威登独树一帜的时尚美学。 ⚠️发货规格全套包装 ❗️标准尺码：48-56 ❗️可接量身定制;0;;lrg3k8cd5bgw3jv;;Для мужчин;"[""https://xcimg.szwego.com/img/65702085/20250807/i1754554809_7876_0.jpg"", ""https://xcimg.szwego.com/img/65702085/20250807/i1754554809_9471_1.jpg"", ""https://xcimg.szwego.com/img/65702085/20250805/i1754342204_3792_0.jpg"", ""https://xcimg.szwego.com/img/65702085/20250805/i1754342195_6890_0.jpg"", ""https://xcimg.szwego.com/img/65702085/20250805/i1754342176_5920_8.jpg"", ""https://xcimg.szwego.com/img/65702085/20250805/i1754342176_2301_4.jpg"", ""https://xcimg.szwego.com/img/65702085/20250805/i1754342176_7342_3.jpg"", ""https://xcimg.szwego.com/img/65702085/20250805/i1754342176_1734_5.jpg"", ""https://xcimg.szwego.com/img/65702085/20250805/i1754342176_9347_7.jpg""]"
_ddqrS81XFpxMqCINuVBNw5zte7mToyNJRWWsbMg;;MIU MIU 缪缪羊皮毛领夹克 面料甄选100%羊皮，经MIU MIU定制皮革鞣制工艺处理，皮质细腻且色泽均匀，每寸皮革纹理偏差≤0.2%；裁片环节启用3D智能皮革裁剪机，配合翻领版型人体工学数据，将领口、皮毛领拼接缝、口袋等部位的裁片误差控制在±0.1mm内，为羊皮与毛领的精密复合筑牢根基。五金配件加工采用MIU MIU专属金属成型系统：拉链系统由专属金属拉链机加工，拉链头镌刻品牌标识，拉合顺畅度经测试达10000次无卡顿；金属按扣经数控冲压成型机加工，开合次数经疲劳测试达10000次无松动；胸前品牌标识采用数控压花机加工，压花精度误差≤0.05mm，品牌辨识度清晰立体。内衬选用菱格绗缝高密聚酯纤维面料，经数控裁床精准裁切后，由电脑绗缝机完成菱格绗缝，再经平缝机与羊皮复合缝制，内衬贴合度误差≤0.2mm。皮毛领结构经恒温复合机在85℃恒温环境下完成羊皮与毛领的复合，复合牢度经剥离测试达5N无脱落；袖口包边工艺采用双针埋夹机完成，线迹平整度经视觉检测达A级标准；下摆松紧结构的缝制采用数控明线机加工，线迹间距误差≤0.1mm，兼具功能性与造型感。 ⚠️发货规格全套包装 ❗️颜色：棕褐色 ❗️标准尺码：全码覆盖 ❗️可接量身定制;0;;lrg3k8cd5bgw3jv;;Для мужчин;"[""https://xcimg.szwego.com/img/6c7a535f/20251121/i1763688308900_417_0_0.jpg"", ""https://xcimg.szwego.com/img/6c7a535f/20251121/i1763688310310_8720_0_1.jpg"", ""https://xcimg.szwego.com/img/6c7a535f/20251121/i1763688308888_8659_0_2.jpg"", ""https://xcimg.szwego.com/img/6c7a535f/20251121/i1763688308854_9214_0_4.jpg"", ""https://xcimg.szwego.com/img/6c7a535f/20251121/i1763688311266_8491_0_5.jpg"", ""https://xcimg.szwego.com/img/6c7a535f/20251121/i1763688310341_9297_0_6.jpg"", ""https://xcimg.szwego.com/img/6c7a535f/20251121/i1763688310261_9858_0_7.jpg"", ""https://xcimg.szwego.com/img/6c7a535f/20251121/i1763688308785_1544_0_8.jpg"", ""https://xcimg.szwego.com/img/6c7a535f/20251121/i1763688310346_6803_0_9.jpg""]"
_dr7rSxRqg5rzbWlZpa3uQcvQZUEiWvcmj6JrT2Q;;Loro Piana| 诺悠翩然SS25 纯色衬衫领长袖皮衣男款 大地棕—大地脉动，匠心之吻 新季经典以皮为纸，镌刻时光的永恒诗章 材质精选意大利亮面小羊皮，纯色设计摒弃繁复，衬衫领诠释绅士风骨。棕色基调如托斯卡纳秋日田野，温暖而深邃，柔软质地贴合身形，宛如自然馈赠的第二层肌肤。暗喻“皮革非衣，是大地未倾诉的叙事”。 每一寸纹理承载阿尔卑斯山麓的呼吸，轻盈却坚韧，定义都市游侠的优雅与不羁。经典修身版型，勾勒阳刚轮廓，让每一次穿着都成为穿越时光的仪式，见证从容人生的无限韵律。 ⚠️发货规格全套包装 ❗️标准尺码：48-56 ❗️可接量身定制;0;;lrg3k8cd5bgw3jv;;Для мужчин;"[""https://xcimg.szwego.com/img/65702085/20260108/i1767871135237_8995_0_0.jpg"", ""https://xcimg.szwego.com/img/65702085/20260108/i1767871132490_4298_0_1.jpg"", ""https://xcimg.szwego.com/img/65702085/20260108/i1767871137413_9606_0_2.jpg"", ""https://xcimg.szwego.com/img/65702085/20260108/i1767871137357_9971_0_3.jpg"", ""https://xcimg.szwego.com/img/65702085/20260108/i1767871132393_7386_0_4.jpg"", ""https://xcimg.szwego.com/img/65702085/20260108/i1767871132433_4404_0_5.jpg"", ""https://xcimg.szwego.com/img/65702085/20260108/i1767871132406_459_0_6.jpg"", ""https://xcimg.szwego.com/img/65702085/20260108/i1767871139174_2574_0_7.jpg"", ""https://xcimg.szwego.com/img/65702085/20260108/i1767871137408_2139_0_8.jpg"", ""https://xcimg.szwego.com/img/65702085/20260108/i1767871135239_8468_0_9.jpg""]"
_dxhrSburI4Dv6Q6SDGZvhgZqkDJ_5uhjq5jTMmQ;;BERLUTI 绒面皮革拉链夹克外套 【定制款式/下单前请确定好尺码/一经售出不退不换】 面料选用BERLUTI甄选的头层反绒皮革，经品牌专属的手工磨砂与柔化工艺处理，皮革表面呈现细腻均匀的绒面质感，抗划耐磨性能经专业测试达到高端皮具等级；裁片环节采用数控水刀裁剪设备，结合西装版型的人体工学数据，将衣身拼缝、驳头、口袋等部位的裁片误差控制在±0.2mm内，为后续手工缝制提供精准的版型基础。缝制阶段以手工工艺为主导：衣身主体的明线缝合由资深工匠以手工拱针针法完成，针距均匀度控制在每厘米2.5针的奢品标准，线迹与皮革纹理的契合度经品控逐一核验；驳头部位采用手工塑形工艺，经多次蒸汽熨烫与定型处理，形成自然且挺括的弧度，弯折测试后仍能保持原有形态。纽扣选用品牌定制的树脂嵌铜扣，表面经激光雕刻工艺呈现“BERLUTI”标识，雕刻深度与清晰度经精准调控，扣身的抛光与封釉工艺使其兼具光泽度与抗老化性；纽扣与皮革的固定处采用手工十字缝针法，搭配高强度蜡线，耐用性经多次开合测试表现优异。内衬选用品牌经典的Scritto花纹提花面料，经意大利精密提花织机织造，花纹的清晰度与色牢度均达奢品高等级标准；内里的皮质品牌标牌采用压纹工艺，将“1895 BERLUTI PARIS”标识立体呈现，标牌边缘经手工打磨处理，触感顺滑无毛刺。肩部与腰部的拼接处采用手工嵌缝工艺，衔接过渡自然无突兀感；口袋嵌边采用手工折边与包边双重工艺，边缘平整度与立体感远超机械缝制效果；后领的皮革包边经手工滚边工艺处理，贴合颈部的弧度经人体工学测试优化；多处细节的手工缝制、打磨、定型工艺均经BERLUTI工坊的严苛品控，每道工序的完成度均符合品牌高端定制级标准。 ❗️颜色：橄榄绿 ❗️标准尺码：;0;;lrg3k8cd5bgw3jv;;Для мужчин;"[""https://xcimg.szwego.com/img/65702085/20260108/i1767871171885_5930_0_0.jpg"", ""https://xcimg.szwego.com/img/65702085/20260108/i1767871171936_3428_0_1.jpg"", ""https://xcimg.szwego.com/img/65702085/20260108/i1767871171980_5243_0_2.jpg"", ""https://xcimg.szwego.com/img/65702085/20260108/i1767871176066_1972_0_3.jpg"", ""https://xcimg.szwego.com/img/65702085/20260108/i1767871171811_7020_0_4.jpg"", ""https://xcimg.szwego.com/img/65702085/20260108/i1767871176213_910_0_5.jpg"", ""https://xcimg.szwego.com/img/65702085/20260108/i1767871176250_2447_0_6.jpg"", ""https://xcimg.szwego.com/img/65702085/20260108/i1767871176236_935_0_7.jpg"", ""https://xcimg.szwego.com/img/65702085/20260108/i1767871171908_8837_0_8.jpg""]"
_dxSrSIaHI6f1KKaOowmQEG0OTXP_Tl7TWPPhiFQ;;PRADA|普拉达经典UPW281双面穿夹克一黑曜流转，昼夜交替乙亥都市限定以革为界，穿梭光影的边界 材质采用黑色软羊革与标志性Re-Nylon尼龙，双面可穿的设计，宛如都市人的双重灵魂：一面是Nappa皮革的温润庇护，如夜色般深邃；一面是Re-Nylon的轻盈韧性，似晨光般流动。 正面拉链拉合，如城市脉络的精准分割，弹力束绳兜帽与下摆随风勾勒动态轮廓，捕捉街头的呼吸节奏。微斜正面口袋藏匿日常秘密，斜倚时尚；隐藏拉链式胸前口袋，饰有涂珐琅三角形金属徽标，闪耀如暗夜星辰，隐喻“简约即奢华，符号即永恒”。在时尚都市的舞台上，这件束腰夹克是流动的雕塑，柔韧与坚韧交织，书写现代风格的无声诗行——既为盔甲，亦为宣言。 ⚠️发货规格全套包装 ❗️标准尺码：48-56 ❗️可接量身定制;0;;lrg3k8cd5bgw3jv;;Для мужчин;"[""https://xcimg.szwego.com/img/98fd4e8e/20250718/i1752853487051_3266_0_0.jpg"", ""https://xcimg.szwego.com/img/98fd4e8e/20250718/i1752853487038_7083_0_1.jpg"", ""https://xcimg.szwego.com/img/98fd4e8e/20250718/i1752853490106_8639_0_4.jpg"", ""https://xcimg.szwego.com/img/98fd4e8e/20250718/i1752853487096_5209_0_5.jpg"", ""https://xcimg.szwego.com/img/98fd4e8e/20250718/i1752853490243_2264_0_6.jpg"", ""https://xcimg.szwego.com/img/98fd4e8e/20250718/i1752853490206_1425_0_7.jpg"", ""https://xcimg.szwego.com/img/98fd4e8e/20250718/i1752853486907_6658_0_8.jpg"", ""https://xcimg.szwego.com/img/98fd4e8e/20250718/i1752853490068_7466_0_9.jpg"", ""https://xcimg.szwego.com/img/98fd4e8e/20250718/i1752853490114_9512_0_10.jpg"", ""https://xcimg.szwego.com/img/98fd4e8e/20250718/i1752853492168_9610_0_3.jpg"", ""https://xcimg.szwego.com/img/98fd4e8e/20250718/i1752853487152_3669_0_2.jpg"", ""https://xcimg.szwego.com/img/98fd4e8e/20250718/i1752853492134_7964_0_11.jpg""]"
_djcrSY1I6dmsUbFfE4FBvA8dwY_dB5Ib1jndUKg;;Louis Vuitton | 路易威登 男士 Monogram 连帽派克大衣 —奢华印记，御寒有型— Louis Vuitton 将经典 Monogram 元素与实用派克设计相融合，推出这款兼具时尚感与功能性的男士连帽大衣，为寒冬造型注入无与伦比的奢华质感。主面料采用优质真皮材质，配以品牌标志性的 Monogram 全幅印花，彰显路易威登的百年经典与潮流态度。内衬选用柔软保暖的豹纹毛，触感温润，视觉上更添野性与张力。立体连帽设计既防风御寒，又为整体造型增添层次感。前片设有多功能翻盖口袋与金属按扣，实用性与细节质感兼备；中部拉链与按扣门襟双重闭合，确保保暖效果。修身剪裁结合可调节腰部设计，既能塑造利落廓形，又兼顾穿着舒适性。标准版型适配多种冬季穿搭，无论是搭配牛仔裤与运动鞋打造街头风，还是叠穿衬衫与长裤出席休闲聚会，这款派克大衣都能轻松驾驭，展现自信与从容。 ⚠️ 发货规格：全套包装 ❗ 标准尺码：46–54 ❗ 可接量身定制;0;;lrg3k8cd5bgw3jv;;Для мужчин;"[""https://xcimg.szwego.com/img/65702085/20250812/i1755008509_8222_1.jpg"", ""https://xcimg.szwego.com/img/65702085/20250812/i1755008509_1779_0.jpg"", ""https://xcimg.szwego.com/img/65702085/20250812/i1755008529_7019_6.jpg"", ""https://xcimg.szwego.com/img/65702085/20250812/i1755008528_2582_0.jpg"", ""https://xcimg.szwego.com/img/65702085/20250812/i1755008528_8961_5.jpg"", ""https://xcimg.szwego.com/img/65702085/20250812/i1755008528_3598_4.jpg"", ""https://xcimg.szwego.com/img/65702085/20250812/i1755008528_2970_1.jpg"", ""https://xcimg.szwego.com/img/65702085/20250812/i1755008528_7864_3.jpg"", ""https://xcimg.szwego.com/img/65702085/20250812/i1755008528_305_2.jpg""]"
_duqrSK6A6oPb3lgOoPrthxpqCRcRHLmY_RrLYWw;;LEMAIRE | 米白色皮革夹克 — 简约之韵，质感独白 — LEMAIRE 从法式优雅与现代极简主义中采撷灵感，推出这款米白色皮革夹克，为时尚界献上一份关于质感的深情独白。纯净柔和的米白色调，如冬日初雪般静谧雅致，在纷繁的时尚浪潮中，独守一份从容与淡然，尽显独特的审美意趣。甄选上乘皮革精心制作，皮质细腻柔滑，仿若有温度的肌肤，触感绝佳。随着时光的流转与穿着者的呵护，皮革会悄然晕染出专属于个人的独特光泽与纹理，每一处细微的变化都是岁月与质感的交融，让这件夹克成为承载故事的时尚载体。经典的翻领设计，简约而不简单，既保留了复古的经典韵味，又巧妙契合现代时尚的简约审美，为整体造型奠定了优雅的基调。衣身两侧的立体口袋，不仅在实用性上满足了日常小物件的收纳需求，其精致的轮廓更是为夹克增添了几分层次感与设计巧思。下摆处的褶皱收紧设计，宛如神来之笔，既巧妙地调整了夹克的版型，使其更具立体轮廓感，又能在微凉时分，为穿着者抵御一丝寒意，实用性与美观性兼具。极简的版型搭配精湛的剪裁工艺，赋予了这款夹克超强的穿搭适配性。内搭一件简约的黑色高领毛衣，下搭一条同色系阔腿裤，瞬间营造出高级感满满的法式慵懒风；若搭配白色衬衫与卡其色休闲裤，则能展现出干练清爽的都市休闲格调。无论是在艺术画廊中静静品味佳作，还是在都市街头悠然漫步，这款 LEMAIRE 米白色皮革夹克都能凭借其简约而不失质感的设计，让你在人群中悄然脱颖而出，传递出一种低调内敛却又充满高级感的时尚态度，成为彰显个人独特品味的不二之选。 ⚠️发货规格全套包装 ❗️标准尺码：48-56 ❗️可接量身定制;0;;lrg3k8cd5bgw3jv;;Для мужчин;"[""https://xcimg.szwego.com/img/65702085/20250908/i1757335088_8694_0.jpg"", ""https://xcimg.szwego.com/img/65702085/20250908/i1757335088_5846_1.jpg"", ""https://xcimg.szwego.com/img/65702085/20250908/i1757335134_501_5.jpg"", ""https://xcimg.szwego.com/img/65702085/20250908/i1757335134_1380_4.jpg"", ""https://xcimg.szwego.com/img/65702085/20250908/i1757335134_8925_0.jpg"", ""https://xcimg.szwego.com/img/65702085/20250908/i1757335134_5855_1.jpg"", ""https://xcimg.szwego.com/img/65702085/20250908/i1757335134_6176_2.jpg"", ""https://xcimg.szwego.com/img/65702085/20250908/i1757335148_1702_0.jpg"", ""https://xcimg.szwego.com/img/65702085/20250908/i1757335134_3242_3.jpg""]"
_dh4rSgvWGa_wSGoVlrI2b3lQ8ACEmR9b8lrC8ZA;;LEMAIRE | 橄榄绿皮革夹克 — 简约格调，质感表达 — LEMAIRE 从现代都市生活与经典服饰美学中汲取灵感，推出这款橄榄绿皮革夹克，为简约时尚注入新的注解。独特的橄榄绿色调，低调又不失个性，宛如都市丛林中的一抹沉静色彩，展现出与众不同的品味。精选优质皮革制作，皮质细腻且富有光泽，随着穿着与时间的沉淀，会形成专属于个人的独特纹理，更具质感与故事感。经典的翻领设计，利落大方，既保留了复古的韵味，又贴合现代时尚的审美需求。衣身两侧的大口袋，不仅在实用性上满足日常物品的收纳，其立体的造型也为整体增添了层次感与设计感。下摆处的褶皱收紧设计，巧妙地调整了版型，让夹克更具立体感，同时也能更好地抵御风寒。简约的版型搭配精湛的剪裁工艺，使得这款夹克能够轻松适配多种穿搭风格。内搭一件简约的白色T恤，下搭牛仔裤，尽显随性洒脱的日常休闲风；若搭配衬衫与西裤，则能营造出干练利落的都市商务感。无论是在繁华的都市街头漫步，还是出席一些时尚场合，这款 LEMAIRE 橄榄绿皮革夹克都能凭借其简约而不简单的设计，让你在人群中脱颖而出，传递出一种低调内敛却又充满质感的时尚态度，成为展现个人风格的绝佳单品。 ⚠️发货规格全套包装 ❗️标准尺码：48-56 ❗️可接量身定制;0;;lrg3k8cd5bgw3jv;;Для мужчин;"[""https://xcimg.szwego.com/img/65702085/20250908/i1757334689_9912_8.jpg"", ""https://xcimg.szwego.com/img/65702085/20250908/i1757334740_5149_0.jpg"", ""https://xcimg.szwego.com/img/65702085/20250908/i1757334689_31_2.jpg"", ""https://xcimg.szwego.com/img/65702085/20250908/i1757334689_2720_0.jpg"", ""https://xcimg.szwego.com/img/65702085/20250908/i1757334689_9794_4.jpg"", ""https://xcimg.szwego.com/img/65702085/20250908/i1757334689_242_3.jpg"", ""https://xcimg.szwego.com/img/65702085/20250908/i1757334690_63_9.jpg"", ""https://xcimg.szwego.com/img/65702085/20250908/i1757334689_565_5.jpg"", ""https://xcimg.szwego.com/img/65702085/20250908/i1757334689_8346_1.jpg""]"
_dk-rSnLmqRZAp96qMpGnYlsAS-y_wQE2HUXzH7A;;Brunello Cucinelli | 布鲁内洛·库奇内利经典皮革夹克 —意式匠艺，奢雅型格— 布鲁内洛·库奇内利这款经典皮革夹克，以意大利手工匠艺重塑奢华休闲风，在复古廓形与质感细节间达成精妙平衡，男女皆可驾驭，诠释意式无界风格。整体以经典黑色为主调，沉稳内敛却满溢奢华质感，自带高阶气场。甄选顶级皮革，纹理饱满且触感细腻，每一道缝线都凝聚着品牌对高端皮具工艺的执着追求；经典翻领设计利落有型，内里红棕衬里为硬朗版型注入复古韵味，刚柔质感的碰撞尽显独特品味。别致口袋兼具实用性与装饰性，利落线条勾勒出立体轮廓，宽松版型适配多元身形，内搭衬衫是商务场的绅士典范，搭配卫衣又能切换休闲潮范，轻松驾驭不同场景。无论是出席高端社交场合，还是畅享都市休闲时光，这件夹克都能凭借其奢华质感与意式匠心，让你在人群中尽显格调，传递布鲁内洛·库奇内利始终坚守的高端生活态度，演绎独属于你的高阶型格。 ⚠️发货规格全套包装 ❗️标准尺码：48-56 ❗️可接量身定制;0;;lrg3k8cd5bgw3jv;;Для мужчин;"[""https://xcimg.szwego.com/img/65702085/20250901/i1756742370_1646_2.jpg"", ""https://xcimg.szwego.com/img/65702085/20250901/i1756742371_1513_7.jpg"", ""https://xcimg.szwego.com/img/65702085/20250901/i1756742370_6011_0.jpg"", ""https://xcimg.szwego.com/img/65702085/20250901/i1756742370_4697_5.jpg"", ""https://xcimg.szwego.com/img/65702085/20250901/i1756742370_1686_4.jpg"", ""https://xcimg.szwego.com/img/65702085/20250901/i1756742370_1683_1.jpg"", ""https://xcimg.szwego.com/img/65702085/20250902/i1756742665_3044_0.jpg"", ""https://xcimg.szwego.com/img/65702085/20250902/i1756742665_6219_1.jpg"", ""https://xcimg.szwego.com/img/65702085/20250902/i1756742665_56_2.jpg""]"
_doKrSWMiNXTU-B7fW0fOV3lqWVbu_HgzZApOpcg;;Louis Vuitton|路易威登男士2023新款贴饰混合皮质棒球束腰夹克 —童趣风尚，奢雅新章— 在2023春夏的时尚舞台上，路易威登以这款白色棒球束腰夹克，追忆童真，演绎奢雅新风尚。 选用LWG认证的粒面牛皮革裁制衣袖，质感坚韧且富有光泽，彰显品牌对品质的严苛追求。拼接绵羊毛衣身，带来柔软舒适的穿着体验，宛如被轻柔云朵环绕。 衣身之上，缤纷的品牌标识、玩趣的卡通图案以及精致的珠皮细呢刺绣贴饰交相辉映，仿佛打开了一个充满奇思妙想的童趣世界。衬衫式衣领设计，增添了几分优雅气质；罗纹绵羊毛袖口及下摆，不仅贴合身形，更丰富了细节层次，让整体造型更具立体感。皮革衣袖上的LV Monogram图案，以微妙的立体肌理呈现，似在无声诉说着品牌的经典传承与时尚创新。 从材质搭配来看，主面料的牛皮革与绵羊毛，内衬的铜氨纤维、棉，以及其他部分的多种材质融合，既保证了夹克的品质与质感，又兼顾了舒适度。休闲版型的设计，适配多种身形与穿搭场景，无论是搭配牛仔裤穿梭于街头，还是与休闲西裤组合出席轻松聚会，这件夹克都能让穿着者散发独特魅力，成为时尚焦点，诠释路易威登独树一帜的时尚美学。 ⚠️发货规格全套包装 ❗️标准尺码：48-56 ❗️可接量身定制;0;;lrg3k8cd5bgw3jv;;Для мужчин;"[""https://xcimg.szwego.com/img/65702085/20250807/i1754554762_9831_0.jpg"", ""https://xcimg.szwego.com/img/65702085/20250807/i1754554762_5358_1.jpg"", ""https://xcimg.szwego.com/img/65702085/20250805/i1754342248_4153_7.jpg"", ""https://xcimg.szwego.com/img/65702085/20250805/i1754342248_9783_8.jpg"", ""https://xcimg.szwego.com/img/65702085/20250805/i1754342247_1252_0.jpg"", ""https://xcimg.szwego.com/img/65702085/20250805/i1754342247_350_3.jpg"", ""https://xcimg.szwego.com/img/65702085/20250805/i1754342262_5138_0.jpg"", ""https://xcimg.szwego.com/img/65702085/20250805/i1754342247_4957_2.jpg"", ""https://xcimg.szwego.com/img/65702085/20250805/i1754342247_6492_5.jpg""]"
_dj_rSeEdj8fN0YUBD37NXSNGSGviDEiGROJHnLQ;;Louis Vuitton | 路易威登牛皮羊毛棒球服 —奢潮碰撞，个性彰显— 路易威登这款牛皮羊毛棒球服，于经典棒球服版型之上，融入品牌奢华基因与潮流巧思，打造出极具辨识度的时尚单品。特选进口胎牛皮与羊毛材质，胎牛皮细腻顺滑、质感高级，羊毛则带来柔软温暖的触感，二者结合，在触感与视觉上都营造出丰富层次；1V1开模刺绣工艺精湛，胸口与背面的花卉刺绣标志，精致立体，既是品牌身份的彰显，也为整体造型增添了艺术感与辨识度。经典棒球服版型利落有型，适配多元身形，搭配牛仔裤能打造出随性不羁的街头潮范，与西装裤组合又可呈现出轻奢干练的都市风格，轻松驾驭多种场合。无论是在潮流聚集地展现个性，还是在日常出行中追求舒适与时尚兼具，这件棒球服都能凭借其奢潮质感与品牌匠心，让你在人群中脱颖而出，传递路易威登前沿的时尚态度。 ⚠️发货规格全套包装 ❗️标准尺码：48-56 ❗️可接量身定制;0;;lrg3k8cd5bgw3jv;;Для мужчин;"[""https://xcimg.szwego.com/img/65702085/20250908/i1757335691_1253_8.jpg"", ""https://xcimg.szwego.com/img/65702085/20250908/i1757335690_2098_3.jpg"", ""https://xcimg.szwego.com/img/65702085/20250908/i1757335690_6529_4.jpg"", ""https://xcimg.szwego.com/img/65702085/20250908/i1757335691_2668_6.jpg"", ""https://xcimg.szwego.com/img/65702085/20250908/i1757335691_3607_7.jpg"", ""https://xcimg.szwego.com/img/65702085/20250908/i1757335691_4518_5.jpg"", ""https://xcimg.szwego.com/img/65702085/20250908/i1757335690_4835_1.jpg"", ""https://xcimg.szwego.com/img/65702085/20250908/i1757335690_8671_0.jpg"", ""https://xcimg.szwego.com/img/65702085/20250908/i1757335690_8676_2.jpg""]"
_dsOrSEQRksM6C00sKevaqpRHZzDk73Tl1wOc75A;;Louis Vuitton 路易威登奢级棒球夹克 — 复古潮奢 · 羊毛呢与真皮拼接的典藏级街头符号 — 这款棒球夹克，是Louis Vuitton将美式复古棒球文化与法式奢品工艺的创意碰撞，为热衷潮流奢品与个性表达的先锋人士打造风格标识。精选高级羊毛呢与质感真皮拼接，羊毛呢部分细腻挺括，真皮袖面纹理精致且触感柔滑，经匠心剪裁呈现出复古又不失格调的棒球廓形；细节处尽显奢牌底蕴：全身点缀立体刺绣、宝石镶嵌徽章与定制贝壳纽扣，每一处装饰都如艺术徽章般吸睛，是复古潮奢身份的精致彰显；经典棒球领版型活力满格，兼顾造型与实穿需求，细节控的潮流首选；刺绣与面料的衔接处工整细腻，每一处工艺都透着“法式奢品匠造”的精致态度。从羊毛呢与真皮的材质碰撞，到刺绣徽章的视觉张力，再到棒球廓形的复古腔调，都为整体造型注入潮流层次与独特性，轻松驾驭街头出街、时尚派对、复古风日常等多元场景。 ❗️颜色：酒红拼米白 ❗ 标准尺码：;0;;lrg3k8cd5bgw3jv;;Для мужчин;"[""https://xcimg.szwego.com/img/c92d6d09/20251030/i1761831348_9795_7.jpg"", ""https://xcimg.szwego.com/img/c92d6d09/20251030/i1761831347_9548_0.jpg"", ""https://xcimg.szwego.com/img/c92d6d09/20251030/i1761831348_2806_1.jpg"", ""https://xcimg.szwego.com/img/c92d6d09/20251030/i1761831348_3471_3.jpg"", ""https://xcimg.szwego.com/img/c92d6d09/20251030/i1761831348_8833_5.jpg"", ""https://xcimg.szwego.com/img/c92d6d09/20251030/i1761831348_2778_9.jpg"", ""https://xcimg.szwego.com/img/c92d6d09/20251030/i1761831348_3915_8.jpg"", ""https://xcimg.szwego.com/img/c92d6d09/20251030/i1761831348_7826_2.jpg"", ""https://xcimg.szwego.com/img/c92d6d09/20251030/i1761831348_2140_6.jpg""]"
_dkQrS3Cje6Mv1DWfewWt2dHHwL3Q6YtjNfIhl0Q;;Louis Vuitton | 路易威登个性图案棒球夹克 —潮流狂想，艺术共振— 以黄黑撞色为幕，开启创意狂潮，这款夹克打破常规桎梏，点燃时尚奇思。 甄选优质面料，衣身部分柔软亲肤，皮革袖臂则将挺括质感与独特触感融合，仿若把活力阳光与酷感暗调交织相融。经典品牌元素与个性图案错落分布，没有冗余修饰，用鲜明符号奏响潮流强音，是品牌底蕴的潮流表达，更是个性态度的肆意释放。 棒球领设计打造出随性线条，纽扣开合暗藏潮流节奏，上身时，仿佛把街头的不羁气、秀场的艺术感，都汇聚在这件吸睛夹克之中。当衣摆随行动摆动，那些图案与符号，便成为都市潮人突破常规、展现自我的时尚宣言。 ⚠️发货规格全套包装 ❗️标准尺码：48-56 ❗️可接量身定制;0;;lrg3k8cd5bgw3jv;;Для мужчин;"[""https://xcimg.szwego.com/img/65702085/20250902/i1756826170_8805_7.jpg"", ""https://xcimg.szwego.com/img/65702085/20250902/i1756826344_8058_0.jpg"", ""https://xcimg.szwego.com/img/65702085/20250902/i1756826170_3232_5.jpg"", ""https://xcimg.szwego.com/img/65702085/20250902/i1756826170_5965_4.jpg"", ""https://xcimg.szwego.com/img/65702085/20250902/i1756826169_562_0.jpg"", ""https://xcimg.szwego.com/img/65702085/20250902/i1756826169_8364_2.jpg"", ""https://xcimg.szwego.com/img/65702085/20250902/i1756826169_497_1.jpg"", ""https://xcimg.szwego.com/img/65702085/20250902/i1756826170_3775_8.jpg"", ""https://xcimg.szwego.com/img/65702085/20250902/i1756826170_5671_9.jpg"", ""https://xcimg.szwego.com/img/65702085/20250902/i1756826170_7331_12.jpg""]"
_dworSRH70hEpUWAJMjMDG3Tw-12jfOzKXry3Gpw;;Louis Vuitton | 路易威登创意图案棒球夹克 —潮趣交织，风格破界— 以绿白撞色为引，解锁潮流新篇，这款夹克冲破常规束缚，迸发个性活力。 严选上乘面料，衣身部分柔和舒适，皮革袖臂把挺括质感与别致触感相融合，好似将清新绿意与纯净白调巧妙糅合。经典品牌标识与创意图案巧妙排布，去除多余装饰，用独特符号奏响潮流强音，是品牌经典的潮流化演绎，更是个性自我的热烈表达。 翻领设计塑造出随性利落的线条，纽扣开合暗藏潮流韵律，上身时，仿佛把街头的随性不羁、秀场的艺术创意，都汇聚在这件吸睛夹克里。当衣摆随着动作摆动，那些图案与符号，便成为都市潮人彰显独特、表达自我的时尚暗号。 ⚠️发货规格全套包装 ❗️标准尺码：48-56 ❗️可接量身定制;0;;lrg3k8cd5bgw3jv;;Для мужчин;"[""https://xcimg.szwego.com/img/65702085/20250902/i1756825748_2943_4.jpg"", ""https://xcimg.szwego.com/img/65702085/20250902/i1756825748_125_8.jpg"", ""https://xcimg.szwego.com/img/65702085/20250902/i1756825748_4428_1.jpg"", ""https://xcimg.szwego.com/img/65702085/20250902/i1756825748_7342_7.jpg"", ""https://xcimg.szwego.com/img/65702085/20250902/i1756825749_5419_13.jpg"", ""https://xcimg.szwego.com/img/65702085/20250902/i1756825748_7188_9.jpg"", ""https://xcimg.szwego.com/img/65702085/20250902/i1756825748_3899_6.jpg"", ""https://xcimg.szwego.com/img/65702085/20250902/i1756825748_4490_0.jpg"", ""https://xcimg.szwego.com/img/65702085/20250902/i1756825748_6413_11.jpg""]"
_dfXrSAQ8YC4gTTgy18C3wABI3X7rwawhBMWVpnA;;Louis Vuitton | LV 路易威登羊毛拼皮棒球夹克 ——用经典廓形，续写风格的自由篇章 主体面料甄选优质羊毛，经精细纺织工艺，呈现出细腻且富有质感的绒面效果，如秋日暖阳般温暖且自带高级氛围。拼皮部位袖子采用细腻羊皮，柔滑触感与挺括羊毛碰撞，诠释刚柔并济的时髦哲学。制作工艺上，后背字母标识运用多层立体压印+仿缝线嵌边工艺，让平面图案拥有“手工缝制贴布”的立体层次，细节控狂喜。经典棒球领、对称口袋、条纹罗纹收口，每处廓形都经反复打磨，适配多元场景，轻松拿捏松弛与精致的平衡。当羊毛的温暖与皮革的利落相遇，你便拥有了穿梭街头与场合的风格战袍！ ❗️标准尺码：48 - 56 ❗️可接量身定制;0;;lrg3k8cd5bgw3jv;;Для мужчин;"[""https://xcimg.szwego.com/img/65702085/20250823/i1755917134_2266_10.jpg"", ""https://xcimg.szwego.com/img/65702085/20250823/i1755917133_702_4.jpg"", ""https://xcimg.szwego.com/img/65702085/20250823/i1755917133_2073_2.jpg"", ""https://xcimg.szwego.com/img/65702085/20250823/i1755917133_4520_1.jpg"", ""https://xcimg.szwego.com/img/65702085/20250823/i1755917133_5169_7.jpg"", ""https://xcimg.szwego.com/img/65702085/20250823/i1755917134_6827_11.jpg"", ""https://xcimg.szwego.com/img/65702085/20250823/i1755917133_673_6.jpg"", ""https://xcimg.szwego.com/img/65702085/20250823/i1755917133_9385_5.jpg"", ""https://xcimg.szwego.com/img/65702085/20250823/i1755917133_3981_0.jpg""]"
_diKrSEYCJ7kgm1Z93V387s_scN4V1AdK2E894qg;;Louis Vuitton | LV 路易威登粉白拼接棒球夹克 ——用经典撞色，续写潮流的青春序章 主体面料甄选优质羊毛，经精细处理，呈现出柔和且极具少女感的粉色调，似春日樱花晕染，自带浪漫氛围。拼皮部位袖子采用细腻白色羊皮，挺括质感与柔软羊毛碰撞，勾勒利落线条，重塑复古棒球服型格。制作工艺上，后背 “2 RUE DU PONTNEUF” 等字母标识，以高精度刺绣呈现，字体立体清晰，彰显品牌底蕴。经典棒球领、对称口袋、条纹罗纹收口，保留运动基因，适配日常出街、校园漫步等场景，轻松拿捏青春潮流感。当羊毛的温柔与皮革的硬朗交融，你便拥有了游走经典与时尚边界的青春战袍！ ⚠️发货规格全套包装​ ❗️标准尺码：46-54​ ❗️可接量身定制;0;;lrg3k8cd5bgw3jv;;Для мужчин;"[""https://xcimg.szwego.com/img/65702085/20250823/i1755917045_1421_3.jpg"", ""https://xcimg.szwego.com/img/65702085/20250823/i1755917045_8803_5.jpg"", ""https://xcimg.szwego.com/img/65702085/20250823/i1755917045_2458_2.jpg"", ""https://xcimg.szwego.com/img/65702085/20250823/i1755917045_548_1.jpg"", ""https://xcimg.szwego.com/img/65702085/20250823/i1755917045_2003_8.jpg"", ""https://xcimg.szwego.com/img/65702085/20250823/i1755917045_5782_4.jpg"", ""https://xcimg.szwego.com/img/65702085/20250823/i1755917045_3996_7.jpg"", ""https://xcimg.szwego.com/img/65702085/20250823/i1755917045_7210_6.jpg"", ""https://xcimg.szwego.com/img/65702085/20250823/i1755917045_1666_0.jpg""]"
_dxbrSwIuPDCBEX5zDhfc9nBbqvia9od6q2wst-A;;Louis Vuitton | 路易威登男士贴饰混合材质棒球夹克 — 先锋图腾，潮流宣言 — 路易威登以先锋艺术为灵感，将独特符号与高端质感完美融合，推出这款充满个性的棒球夹克。衣身采用柔软舒适的羊毛混纺面料，带来恰到好处的保暖与透气性；袖子选用细腻罗纹质感针织布料，轻盈且富有弹性，提升穿着舒适度与活动自由度。正面拼饰多个刺绣与贴布图案，包含Louis Vuitton标识、几何元素与艺术化符号，犹如一幅充满故事的视觉拼贴；背部大面积的眼睛与品牌Logo刺绣，更是吸睛焦点，释放强烈的街头个性与艺术张力。经典棒球夹克廓形搭配罗纹袖口与下摆，塑造利落有型的轮廓，同时提供良好的保暖与贴合度。纽扣开合设计保留传统学院风格，而先锋图案则赋予它鲜明的潮流属性。无论搭配牛仔裤或休闲长裤，都能轻松营造街头时尚与高奢质感并存的造型，让穿着者在都市人群中脱颖而出，彰显路易威登不拘一格的设计态度。 ⚠️ 发货规格：全套包装 ❗ 标准尺码：48-56 ❗ 可接量身定制;0;;lrg3k8cd5bgw3jv;;Для мужчин;"[""https://xcimg.szwego.com/img/65702085/20250807/i1754551846_3825_6.jpg"", ""https://xcimg.szwego.com/img/65702085/20250807/i1754551846_3309_7.jpg"", ""https://xcimg.szwego.com/img/65702085/20250807/i1754551846_978_4.jpg"", ""https://xcimg.szwego.com/img/65702085/20250807/i1754551846_374_0.jpg"", ""https://xcimg.szwego.com/img/65702085/20250807/i1754551846_6664_1.jpg"", ""https://xcimg.szwego.com/img/65702085/20250807/i1754551846_9951_5.jpg"", ""https://xcimg.szwego.com/img/65702085/20250807/i1754551846_6098_8.jpg"", ""https://xcimg.szwego.com/img/65702085/20250807/i1754551846_8117_2.jpg"", ""https://xcimg.szwego.com/img/65702085/20250807/i1754551846_6575_3.jpg""]"
_d8arSqrlt22Dtw6H_JANzZgfDUnlQLlN6v1K0jg;;Berluti 德国进口皮毛一体夹克 面料采用100%德国进口皮毛一体，经数控鞣制机完成双色做旧工艺，棕褐与焦糖色的色牢度偏差≤1级；裁片环节通过3D智能皮革裁剪机配合机车版型的人体工学数据，将领口、袖笼等拼接部位的裁片误差控制在±0.15mm内，为皮毛一体结构的精密缝合提供基础。内衬阶段启用PRADA定制羊毛一体系统：100%绵羊毛按预设克重复合至皮革内层，复合舱保持恒温恒湿环境，压力传感器实时调节复合强度，使每处羊毛蓬松度均匀一致，同时通过高清内窥检测排除内层羊毛结块风险。电脑皮革缝纫机以精准针距完成主体缝合，同步车对皮毛拼接处进行密缝处理；领口的金属链条装饰采用精密金属成型机加工，链条拉力测试达50N无断裂；胸前的金属按扣通过数控冲压机加工，按扣开合次数经疲劳测试达10000次无松动；拉链部位的PRADA定制拉链头经数控压铸机成型，拉链顺滑度经测试达5000次拉合无卡顿。皮毛一体结构经蒸汽定型机在特定温度下塑形，内置记忆纤维衬片，通过弯折疲劳测试仪验证7000次弯折后仍保持挺括形态；袖口的包边工艺采用双针皮革滚边机完成，线迹平整度经视觉检测达A级标准；下摆的调节扣系统由数控扣具压制机加工，扣具开合次数经测试达10000次无松动。 ⚠️发货规格全套包装 ❗️颜色：棕色 ❗️标准尺码：48-56 ❗️可接量身定制;0;;lrg3k8cd5bgw3jv;;Для мужчин;"[""https://xcimg.szwego.com/img/6c7a535f/20251121/i1763740058901_1490_0_0.jpg"", ""https://xcimg.szwego.com/img/6c7a535f/20251121/i1763740057097_1854_0_1.jpg"", ""https://xcimg.szwego.com/img/6c7a535f/20251121/i1763740057013_8670_0_2.jpg"", ""https://xcimg.szwego.com/img/6c7a535f/20251121/i1763740058864_5680_0_3.jpg"", ""https://xcimg.szwego.com/img/6c7a535f/20251121/i1763740057036_7787_0_4.jpg"", ""https://xcimg.szwego.com/img/6c7a535f/20251121/i1763740056984_6707_0_5.jpg"", ""https://xcimg.szwego.com/img/6c7a535f/20251121/i1763740058052_200_0_6.jpg"", ""https://xcimg.szwego.com/img/6c7a535f/20251121/i1763740058049_7493_0_7.jpg"", ""https://xcimg.szwego.com/img/6c7a535f/20251121/i1763740057037_898_0_8.jpg""]"
_debrStemCk_ca4aG3hQL9lKZ_q4aFLYuwDmVjaA;;Dior 迪奥米白山羊皮拼接棒球夹克 面料采用100%山羊皮，经数控皮革精裁机裁切，每片裁片尺寸误差控制在±0.08mm内，蛇皮纹拼接裁片的轮廓误差＜0.1mm，为多材质拼接提供超精密基础，缝制阶段由电脑程控皮革双针机与真皮锁边机协同作业：双针机以7针/厘米的针距完成山羊皮裁片拼接，针脚张力经伺服系统实时校准，线迹平整度达真皮制品特级标准；锁边机负责蛇皮纹材质的边缘处理，锁边宽度误差＜0.05mm，兼顾质感与耐用性。背部BAPE猿人头图案经数控激光镂空机加工，镂空细节精度达0.01mm级，边缘光滑度误差＜0.02mm；蛇皮纹装饰片通过数控热压嵌合机固定，嵌合间隙＜0.03mm，与山羊皮的贴合度误差＜0.02mm。袖身蛇皮纹装饰采用立体嵌缝工艺，装饰片与山羊皮的贴合间隙＜0.03mm，既保证标识辨识度，又增强结构牢固性，口袋采用隐形缝线+立体折边工艺，折边宽度误差＜0.02mm，口袋边缘与衣身的贴合度误差＜0.03mm，内衬采用定制提花真丝面料，提花纹理精度达0.01mm级，品牌标识还原度达100%，领口与袖口罗纹经高密针织机织造，弹性回复率达95%以上，与山羊皮的拼接处采用双缝线隐形工艺，拼接痕迹误差＜0.03mm。 ⚠️全套包装 ❗️颜色：米白色 ❗️标准尺码：48-56;0;;lrg3k8cd5bgw3jv;;Для мужчин;"[""https://xcimg.szwego.com/img/65702085/20251113/i1762965612297_7061_0_0.jpg"", ""https://xcimg.szwego.com/img/65702085/20251113/i1762965608664_9813_0_1.jpg"", ""https://xcimg.szwego.com/img/65702085/20251113/i1762965612276_9102_0_2.jpg"", ""https://xcimg.szwego.com/img/65702085/20251113/i1762965612281_9890_0_5.jpg"", ""https://xcimg.szwego.com/img/65702085/20251113/i1762965608664_4958_0_6.jpg"", ""https://xcimg.szwego.com/img/65702085/20251113/i1762965612246_1046_0_7.jpg"", ""https://xcimg.szwego.com/img/65702085/20251113/i1762965612274_9647_0_8.jpg"", ""https://xcimg.szwego.com/img/65702085/20251113/i1762965608664_1065_0_9.jpg"", ""https://xcimg.szwego.com/img/65702085/20251113/i1762965613691_4098_0_10.jpg""]"
_dkkrSPLYGiLJJr8mf0Lzhp1BX8_FYlMSLvKlHtQ;;Louis Vuitton｜LV 路易威登皮毛一体夹克 ——经典永不过时，满印设计，时间淬炼的冬日史诗 材质采用北纬牧场百里挑一的羔羊皮毛。每一寸肌理皆蕴藏自然的呼吸，卡其釉色如暮色浸染的沙漠，低调演绎大地色系的永恒诗意。这是荒野写给都市的温柔情书。 经典烧花工艺在柔软羊皮上绽放立体暗纹，低调又奢华，近看质感无敌！原生态处理的皮毛一体，最大程度保留天然纹理与柔软触感，仿佛第二层肌肤，轻盈包裹，暖到心坎里。每一寸都写着“高级定制”！ ❗️标准尺码：48-56 ❗️可接量身定制;0;;lrg3k8cd5bgw3jv;;Для мужчин;"[""https://xcimg.szwego.com/img/65702085/20250714/i1752501614175_3038_0_0.jpg"", ""https://xcimg.szwego.com/img/65702085/20250714/i1752501611872_473_0_1.jpg"", ""https://xcimg.szwego.com/img/65702085/20250714/i1752501611872_5145_0_2.jpg"", ""https://xcimg.szwego.com/img/65702085/20250714/i1752501614199_5493_0_5.jpg"", ""https://xcimg.szwego.com/img/65702085/20250714/i1752501611872_6187_0_4.jpg"", ""https://xcimg.szwego.com/img/65702085/20250714/i1752501614204_4810_0_6.jpg"", ""https://xcimg.szwego.com/img/65702085/20250714/i1752501614162_3530_0_7.jpg"", ""https://xcimg.szwego.com/img/65702085/20250714/i1752501611872_2315_0_9.jpg"", ""https://xcimg.szwego.com/img/65702085/20250714/i1752501611872_4396_0_8.jpg""]"
_dlLrScltlPaKorINs9PYm3VKqAX7vaCGjqRVQmA;;LOUIS VUITTON 路易威登羊皮毛棒球夹克 表料采用100%羊皮革，经专业鞣制工艺处理，使皮毛质感细腻蓬松且保暖性优异；内衬为55.6%聚酯纤维与44.4%粘胶混纺，经数控织机织造，兼具舒适质感与透气性能。通过3D智能裁剪机对羊皮革裁片进行精准处理，领口、袖缝等拼接部位的裁片误差控制在±0.15mm内，为羊皮毛与针织部件的精密拼接奠定基础，确保版型挺括有型。胸前“LV”标识采用手工钉钻+电脑绣花机协同工艺，钻饰排列规整且牢固度经测试无脱落；品牌标识细节经精密工艺呈现，兼具高辨识度与精致感。定制金属拉链头经压铸机成型，表面镌刻品牌标识，拉链顺滑度与耐用性经严格测试；针织罗纹领口、袖口由电脑横机织造，弹性与贴合度兼顾，经多次拉伸测试后仍保持形态稳定。经成品检验机多维度检测，从羊皮毛纹理一致性、钻饰牢固度到五金耐用性均严格把控；羊皮革经专业定型工艺处理，长期穿着仍保持版型挺括与皮毛蓬松质感。 ❗️颜色：棕 ❗️标准尺码：;0;;lrg3k8cd5bgw3jv;;Для мужчин;"[""https://xcimg.szwego.com/img/65702085/20251128/i1764292805193_9038_0_0.jpg"", ""https://xcimg.szwego.com/img/65702085/20251128/i1764292805175_6999_0_1.jpg"", ""https://xcimg.szwego.com/img/65702085/20251128/i1764292805139_3728_0_2.jpg"", ""https://xcimg.szwego.com/img/65702085/20251128/i1764292802379_9921_0_3.jpg"", ""https://xcimg.szwego.com/img/65702085/20251128/i1764292802286_179_0_4.jpg"", ""https://xcimg.szwego.com/img/65702085/20251128/i1764292805083_7437_0_5.jpg"", ""https://xcimg.szwego.com/img/65702085/20251128/i1764292802431_5430_0_6.jpg"", ""https://xcimg.szwego.com/img/65702085/20251128/i1764292802291_3012_0_7.jpg"", ""https://xcimg.szwego.com/img/65702085/20251128/i1764292802299_3557_0_8.jpg""]"
_duIrSB_QLvR4UQoO7LbuWErxCq-W9ZEcVFuZv9g;;CHROME HEARTS 克罗心机车夹克 面料采用100%蛇皮，经特殊工艺呈现逼真蛇纹质感，纹理清晰度与色牢度经多轮测试达标；裁片环节依托智能裁剪系统，将领口、肩章等拼接部位的裁片误差控制在±0.1mm内，为蛇纹面料的精密拼接筑牢基础。五金制作阶段启用定制五金锻造系统：复古做旧银饰五金按设计规格打造，拉链头的匕首造型经精密模具压铸成型，细节纹理清晰度误差≤0.05mm，同时通过盐雾测试确保长期使用不氧化褪色。缝制工艺中，工业级缝纫机以精准针距完成主体缝合，针对蛇纹皮革的特性采用高强丝线加固；领口的克罗心十字花铆钉经数控铆钉机压制，铆钉拉力测试达30N无脱落；下摆的金属扣带结构采用定制成型机加工，扣合次数经疲劳测试达15000次无松动。内里100%真丝衬里经特殊织造工艺，呈现品牌暗纹标识，触感丝滑且耐磨度经测试远超行业标准；整体成衣在美国经多道质检工序，从皮革选料、五金锻造到成衣缝制，每一道工序都体现极致工艺，打造兼具个性与品质的机车夹克单品。 ❗️颜色：黑色 ❗️标准尺码：46-52;0;;lrg3k8cd5bgw3jv;;Для мужчин;"[""https://xcimg.szwego.com/img/6c7a535f/20251204/i1764814219195_1674_0_0.jpg"", ""https://xcimg.szwego.com/img/6c7a535f/20251204/i1764814216977_4013_0_1.jpg"", ""https://xcimg.szwego.com/img/6c7a535f/20251204/i1764814216977_1521_0_2.jpg"", ""https://xcimg.szwego.com/img/6c7a535f/20251204/i1764814216977_8953_0_3.jpg"", ""https://xcimg.szwego.com/img/6c7a535f/20251204/i1764814219781_553_0_6.jpg"", ""https://xcimg.szwego.com/img/6c7a535f/20251204/i1764814219201_9866_0_7.jpg"", ""https://xcimg.szwego.com/img/6c7a535f/20251204/i1764814218834_3362_0_8.jpg"", ""https://xcimg.szwego.com/img/6c7a535f/20251204/i1764814219224_7903_0_9.jpg"", ""https://xcimg.szwego.com/img/6c7a535f/20251204/i1764814219093_3912_0_10.jpg""]"
_dw8rSmd90lxuMEqT1lcfEstuskE18UJ1HMAN0hg;;BERLUTI 墨玉麂皮猎装夹克 — 巴黎雅奢 · 手工鞣制与复古基因的格调典藏 — 这款麂皮猎装夹克，是BERLUTI将巴黎高定美学与复古猎装基因的精妙融合，为追求低调奢华与独特风格的精英人士打造的格调战袍。严选意大利进口全粒面反绒麂皮，皮质柔糯丝滑且自带“柔光包浆”属性，经立体剪裁塑造出挺括又松弛的复古廓形；细节处尽显奢牌底蕴：全身点缀BERLUTI专属浮雕银扣、撞色真皮领边，每一处金属件都如低调勋章般精致，是高阶品味的含蓄彰显；经典翻领猎装版型雅痞感拉满，多口袋设计兼顾造型与实用需求，细节控的心头挚爱；手工缝制的皮面与织带衔接处严丝合缝，每一针都透着“巴黎匠造”的严谨态度。从墨玉麂皮的绒雾肌理，到复古猎装的松弛腔调，再到银扣细节的点睛之笔，都为整体造型注入高级层次与独特性，轻松驾驭都市通勤、周末漫游、私享晚宴等多元场景。 ❗️颜色：墨玉绿 ❗️标准尺码：;0;;lrg3k8cd5bgw3jv;;Для мужчин;"[""https://xcimg.szwego.com/img/6c7a535f/20260115/i1768473479541_5565_0_0.jpg"", ""https://xcimg.szwego.com/img/6c7a535f/20260115/i1768473479541_2739_0_1.jpg"", ""https://xcimg.szwego.com/img/6c7a535f/20260115/i1768473481370_8186_0_2.jpg"", ""https://xcimg.szwego.com/img/6c7a535f/20260115/i1768473486554_5802_0_3.jpg"", ""https://xcimg.szwego.com/img/6c7a535f/20260115/i1768473482357_7611_0_5.jpg"", ""https://xcimg.szwego.com/img/6c7a535f/20260115/i1768473479541_9922_0_6.jpg"", ""https://xcimg.szwego.com/img/6c7a535f/20260115/i1768473482332_1504_0_7.jpg"", ""https://xcimg.szwego.com/img/6c7a535f/20260115/i1768473482411_4935_0_8.jpg"", ""https://xcimg.szwego.com/img/6c7a535f/20260115/i1768473479541_2900_0_9.jpg""]"
_dlsrSA8Lq4MylpNl96V8VnKdDGlXmw8W3Tfy7-A;;TOM FORD 奢绒麂皮连帽夹克 — 雅痞风骨 · 意大利匠造与原生麂皮的格调典藏 — 这款连帽夹克，是TOM FORD将意式极简美学与顶级制衣工艺的精妙融合，为追求低调奢华与高级质感的精英男士打造的格调战袍。严选意大利进口原生反绒麂皮，皮质柔糯细腻且自带“绒雾柔光”质感，经立体剪裁塑造出松弛又不失利落的休闲廓形；细节处尽显奢牌底蕴：定制刻字拉链头、同色系真皮抽绳与金属按扣，每一处配件都如低调勋章般精致，是高阶品味的含蓄彰显；双层连帽设计兼顾造型与保暖需求，微弹罗纹收边贴合身形，适配多元穿搭场景；手工缝制的皮面与织带衔接处严丝合缝，每一针都透着“意大利匠造”的严谨态度。从原生麂皮的绒雾肌理，到极简线条的克制美感，再到松弛廓形的雅痞腔调，都为整体造型注入高级层次与独特性，轻松驾驭都市通勤、周末休闲、私享晚宴等多元场景。 ❗️颜色：灰褐色 ❗️标准尺码：;0;;lrg3k8cd5bgw3jv;;Для мужчин;"[""https://xcimg.szwego.com/img/6c7a535f/20260115/i1768473510641_9791_0_0.jpg"", ""https://xcimg.szwego.com/img/6c7a535f/20260115/i1768473510651_3605_0_1.jpg"", ""https://xcimg.szwego.com/img/6c7a535f/20260115/i1768473510611_4990_0_2.jpg"", ""https://xcimg.szwego.com/img/6c7a535f/20260115/i1768473512791_839_0_3.jpg"", ""https://xcimg.szwego.com/img/6c7a535f/20260115/i1768473515047_4639_0_4.jpg"", ""https://xcimg.szwego.com/img/6c7a535f/20260115/i1768473511758_8798_0_5.jpg"", ""https://xcimg.szwego.com/img/6c7a535f/20260115/i1768473516144_1778_0_6.jpg"", ""https://xcimg.szwego.com/img/6c7a535f/20260115/i1768473513654_4571_0_7.jpg"", ""https://xcimg.szwego.com/img/6c7a535f/20260115/i1768473513591_9295_0_8.jpg""]"
_duhrSULWmgSZrTR8i5Pghcwsxi531IxXPvkh2ig;;Berluti 奢雅连帽真皮夹克 — 意式匠造 · 植鞣小牛皮与Scritto签名暗纹的优雅典藏 — 这款连帽真皮夹克，是Berluti将百年皮革鞣制工艺与意式优雅美学的精妙融合，为追求低调奢华与质感格调的精英人士打造的品位战袍。严选意大利进口植鞣小牛皮，皮质细腻柔润且自带“越穿越亮”的养革属性，经立体剪裁塑造出兼具松弛感与挺括感的休闲廓形；细节处尽显奢牌底蕴：标志性双片皮革拉链坠饰、手工做旧的边缘缝线，每一处细节都如艺术品般考究，是低调奢华品位的无声彰显；连帽设计兼具造型与实用，罗纹收边的袖口与下摆增强穿着舒适度，适配四季穿搭需求。内衬定制Scritto签名暗纹提花面料，将品牌标志性的书法艺术隐于内里，举手投足间流露专属优雅；手工缝制的皮面与内衬衔接处严丝合缝，每一针都透着“意大利手工匠造”的极致态度。从植鞣牛皮的温润光泽，到Scritto暗纹的细节巧思，再到连帽廓形的随性格调，都为整体造型注入层次与独特性，轻松驾驭都市通勤、周末出行、商务休闲等多元场景。 ❗️颜色：浅棕 ❗️标准尺码：;0;;lrg3k8cd5bgw3jv;;Для мужчин;"[""https://xcimg.szwego.com/img/6c7a535f/20260115/i1768473540270_3488_0_0.jpg"", ""https://xcimg.szwego.com/img/6c7a535f/20260115/i1768473540371_7138_0_1.jpg"", ""https://xcimg.szwego.com/img/6c7a535f/20260115/i1768473544481_7918_0_2.jpg"", ""https://xcimg.szwego.com/img/6c7a535f/20260115/i1768473541334_9269_0_3.jpg"", ""https://xcimg.szwego.com/img/6c7a535f/20260115/i1768473539033_9873_0_4.jpg"", ""https://xcimg.szwego.com/img/6c7a535f/20260115/i1768473537881_7285_0_5.jpg"", ""https://xcimg.szwego.com/img/6c7a535f/20260115/i1768473536481_473_0_7.jpg"", ""https://xcimg.szwego.com/img/6c7a535f/20260115/i1768473540312_5521_0_8.jpg"", ""https://xcimg.szwego.com/img/6c7a535f/20260115/i1768473536591_9313_0_9.jpg""]"
_dpSrSH5zPz2OmQQQ5VJH83NYwKyzompROB7Tirw;;PRADA 普拉达奢级麂皮飞行员夹克 — 意式奢雅 · 绒面麂皮与精工五金的摩登典藏 — 这款麂皮飞行员夹克，是PRADA将意式极简美学与高端制衣工艺的精妙融合，为追求低调奢雅与质感穿搭的精英人士打造的风格单品。严选意大利进口头层反绒麂皮，皮质细腻软糯且自带哑光高级质感，经立体剪裁塑造出利落又随性的飞行员廓形；细节处尽显奢牌血统：全身搭载定制刻字金属拉链，拉链齿经抛光镀镍处理，拉动顺滑如丝，每一处五金件都如珠宝般精致，是意式奢品身份的内敛彰显；撞色罗纹立领版型经典大气，兼顾造型与实穿需求，质感控的心头挚爱；手工缝制的麂皮与罗纹衔接处针脚均匀无痕，每一针都透着“意大利精工制衣”的考究态度。从哑光麂皮的温润质感，到五金件的细节雕琢，再到飞行员廓形的摩登腔调，都为整体造型注入优雅层次与独特性，轻松驾驭商务休闲、都市出街、轻奢派对等多元场景。 ❗️颜色：焦糖棕 ❗️标准尺码：S/M/L/XL/XXL;0;;lrg3k8cd5bgw3jv;;Для мужчин;"[""https://xcimg.szwego.com/img/6c7a535f/20260113/i1768299916446_1889_0_0.jpg"", ""https://xcimg.szwego.com/img/6c7a535f/20260113/i1768299917320_3269_0_1.jpg"", ""https://xcimg.szwego.com/img/6c7a535f/20260113/i1768299917271_5097_0_2.jpg"", ""https://xcimg.szwego.com/img/6c7a535f/20260113/i1768299917241_8928_0_3.jpg"", ""https://xcimg.szwego.com/img/6c7a535f/20260113/i1768299916075_7564_0_4.jpg"", ""https://xcimg.szwego.com/img/6c7a535f/20260113/i1768299917070_9828_0_5.jpg"", ""https://xcimg.szwego.com/img/6c7a535f/20260113/i1768299918368_7494_0_6.jpg"", ""https://xcimg.szwego.com/img/6c7a535f/20260113/i1768299916385_1079_0_7.jpg"", ""https://xcimg.szwego.com/img/6c7a535f/20260113/i1768299916386_5303_0_10.jpg""]"
_dMvrSVkSvA0Kj8fCcrmr2R8L4ytG36XnH23Ntjw;;Chrome Hearts 克罗心奢级真皮机车夹克 — 暗黑奢潮 · 925银饰与植鞣真皮的朋克典藏 — 这款真皮机车夹克，是Chrome Hearts将哥特式银饰基因与百年机车工艺的狂想融合，为追求暗黑奢潮与硬核质感的先锋玩家打造身份战袍。严选土耳其进口全粒面植鞣羊皮，皮质肉感油润且自带“岁月包浆”属性，经手工立体剪裁塑造出挺括又不羁的机车廓形；细节处尽显奢牌血统：全身点缀925银制十字花铆钉、宝剑拉链头，每一处金属件都如朋克勋章般闪耀，是暗黑潮奢身份的高调彰显；经典翻领版型酷感拉满，兼顾造型与实穿需求，细节控的心头挚爱；手工缝制的皮面与银饰衔接处严丝合缝，每一针都透着“美国手工匠造”的硬核态度。从植鞣真皮的天然做旧魅力，到银饰群的视觉冲击，再到机车廓形的反叛腔调，都为整体造型注入暗黑层次与独特性，轻松驾驭机车出街、潮牌派对、暗黑风日常等多元场景。 ❗️颜色：黑色 ❗ 标准尺码：;0;;lrg3k8cd5bgw3jv;;Для мужчин;"[""https://xcimg.szwego.com/img/6c7a535f/20260113/i1768299856489_3964_0_0.jpg"", ""https://xcimg.szwego.com/img/6c7a535f/20260113/i1768299862881_9769_0_1.jpg"", ""https://xcimg.szwego.com/img/6c7a535f/20260113/i1768299858488_6143_0_2.jpg"", ""https://xcimg.szwego.com/img/6c7a535f/20260113/i1768299862036_4427_0_3.jpg"", ""https://xcimg.szwego.com/img/6c7a535f/20260113/i1768299862835_5585_0_4.jpg"", ""https://xcimg.szwego.com/img/6c7a535f/20260113/i1768299856495_544_0_5.jpg"", ""https://xcimg.szwego.com/img/6c7a535f/20260113/i1768299860553_2424_0_6.jpg"", ""https://xcimg.szwego.com/img/6c7a535f/20260113/i1768299867824_223_0_7.jpg"", ""https://xcimg.szwego.com/img/6c7a535f/20260113/i1768299865228_8713_0_9.jpg""]"
_dljrSSsRV1NKOMvG-kh4IEPW4--eQ3qX7cLtvtA;;特价‼️‼️980 Loewe 罗意威奢级纳帕皮连帽夹克 — 艺境奢型 · 百年皮艺与先锋解构的秋冬典藏 — 这款纳帕皮连帽夹克，是Loewe将178年皮革工艺积淀与先锋设计语言的精妙融合，为追求艺术质感与硬核格调的品位人士打造吸睛战袍。严选意大利顶级纳帕绵羊皮，皮质细腻油润如云朵触感，却自带挺括廓形，经精湛工艺塑造出随性又高级的连帽造型；细节处尽显奢牌血统：定制金属拉链镌刻品牌标识，帽檐暗藏Anagram交织字母压纹，低调中透着“西班牙国宝级工艺”的辨识度，是艺奢身份的含蓄彰显；连帽版型兼顾防风实用性与造型感，抽绳设计可灵活调节，细节控的心头挚爱；真皮拼接处采用隐形车缝工艺，针脚与皮料纹理严丝合缝，每一处都释放Loewe式的艺术奢感。从纳帕皮的天然光泽与岁月包浆潜力，到连帽廓形的视觉张力，再到暗纹标识的工艺密码，都为整体造型注入艺术层次与独特性，轻松驾驭都市通勤、艺术观展、休闲出街等多元场景。 ❗️颜色：黑色 ❗ 标准尺码：;0;;lrg3k8cd5bgw3jv;;Для мужчин;"[""https://xcimg.szwego.com/img/65702085/20251028/i1761581855_3147_1.jpg"", ""https://xcimg.szwego.com/img/65702085/20251028/i1761581856_6631_5.jpg"", ""https://xcimg.szwego.com/img/65702085/20251028/i1761581856_9059_9.jpg"", ""https://xcimg.szwego.com/img/65702085/20251028/i1761581856_6007_3.jpg"", ""https://xcimg.szwego.com/img/65702085/20251028/i1761581856_7736_2.jpg"", ""https://xcimg.szwego.com/img/65702085/20251028/i1761581856_2276_4.jpg"", ""https://xcimg.szwego.com/img/65702085/20251028/i1761581856_8682_7.jpg"", ""https://xcimg.szwego.com/img/65702085/20251028/i1761581856_9991_8.jpg"", ""https://xcimg.szwego.com/img/65702085/20251028/i1761581855_7988_0.jpg""]"
_dwkrSDgq2YiBe5ygiHG4LSI9CKLpWhPQpNI2NaA;;HERMÈS爱马仕双排扣真皮机车夹克 —奢雅型格，铸就秋冬高端穿搭典范— 外层采用顶级真皮面料，经爱马仕专属制革工艺鞣制，质感细腻且挺括有型，自带奢华气场，打破日常穿搭的平庸感，轻松塑造高级格调；做工承袭品牌百年匠艺，针脚精密规整，每一处剪裁都彰显极致工艺。双排扣设计经典大气，翻驳领型利落有范，既契合商务精英的优雅审美，又能诠释潮人的先锋态度；品牌标志性细节隐于方寸之间，低调彰显奢牌身份，细节处尽现高定辨识度；利落短款版型剪裁精湛，修饰身形却无束缚感，适配商务洽谈、休闲社交等多元场景，单穿气场全开，叠穿层次尽显。 ⚠️发货规格全套包装 ❗️标准尺码： ❗️可接量身定制;0;;lrg3k8cd5bgw3jv;;Для мужчин;"[""https://xcimg.szwego.com/img/65702085/20250926/i1758900862_1274_5.jpg"", ""https://xcimg.szwego.com/img/65702085/20250926/i1758900861_6113_1.jpg"", ""https://xcimg.szwego.com/img/65702085/20250926/i1758900862_7533_3.jpg"", ""https://xcimg.szwego.com/img/65702085/20250926/i1758900862_8505_4.jpg"", ""https://xcimg.szwego.com/img/65702085/20250926/i1758900862_2556_8.jpg"", ""https://xcimg.szwego.com/img/65702085/20250926/i1758900861_1556_2.jpg"", ""https://xcimg.szwego.com/img/65702085/20250926/i1758900862_5174_10.jpg"", ""https://xcimg.szwego.com/img/65702085/20250926/i1758900862_5182_11.jpg"", ""https://xcimg.szwego.com/img/65702085/20250926/i1758900862_4270_9.jpg""]"
_dwArS0huVaAqtGoFkG_o1AP1BFjII5Y49Luk6bw;;HERMÈS爱马仕双排扣真皮机车夹克 —奢雅型格，铸就秋冬高端穿搭典范— 外层采用顶级真皮面料，经爱马仕专属制革工艺鞣制，质感细腻且挺括有型，自带奢华气场，打破日常穿搭的平庸感，轻松塑造高级格调；做工承袭品牌百年匠艺，针脚精密规整，每一处剪裁都彰显极致工艺。双排扣设计经典大气，翻驳领型利落有范，既契合商务精英的优雅审美，又能诠释潮人的先锋态度；品牌标志性细节隐于方寸之间，低调彰显奢牌身份，细节处尽现高定辨识度；利落短款版型剪裁精湛，修饰身形却无束缚感，适配商务洽谈、休闲社交等多元场景，单穿气场全开，叠穿层次尽显。 ⚠️发货规格全套包装 ❗️标准尺码： ❗️可接量身定制;0;;lrg3k8cd5bgw3jv;;Для мужчин;"[""https://xcimg.szwego.com/img/65702085/20250926/i1758900758_8168_5.jpg"", ""https://xcimg.szwego.com/img/65702085/20250926/i1758900758_9134_6.jpg"", ""https://xcimg.szwego.com/img/65702085/20250926/i1758900757_3884_3.jpg"", ""https://xcimg.szwego.com/img/65702085/20250926/i1758900758_842_7.jpg"", ""https://xcimg.szwego.com/img/65702085/20250926/i1758900757_3594_0.jpg"", ""https://xcimg.szwego.com/img/65702085/20250926/i1758900757_2367_2.jpg"", ""https://xcimg.szwego.com/img/65702085/20250926/i1758900758_4979_4.jpg"", ""https://xcimg.szwego.com/img/65702085/20250926/i1758900757_9940_1.jpg"", ""https://xcimg.szwego.com/img/65702085/20250926/i1758900763_2327_0.jpg""]"
_drzrSCCpBIsvr2BmeDTKfXtt3t6bCXQ3tft53UA;;HERMÈS爱马仕明线装饰真皮风衣夹克 —奢雅型格，执掌秋冬高端穿搭话语权— 外层采用顶级真皮面料，经爱马仕百年制革工艺精鞣，质感细腻挺括且光泽高级，打破秋冬穿搭的沉闷感，轻松塑造高定格调；做工承袭品牌匠艺精髓，明线走线精密规整，每一处裁片都诠释极致工艺。翻领设计经典大气，中长款廓形利落有范，既契合商务精英的优雅审美，又能演绎潮人的先锋态度；品牌标志性细节暗藏于五金与缝线之间，低调彰显奢牌身份，细节处尽现高定辨识度；多口袋设计兼具实用性与装饰性，纽扣开合质感十足，适配商务会晤、都市社交等多元场景，单穿气场全开，叠穿层次尽显。 ⚠️发货规格全套包装 ❗️标准尺码： ❗️可接量身定制;0;;lrg3k8cd5bgw3jv;;Для мужчин;"[""https://xcimg.szwego.com/img/65702085/20250926/i1758901320_9597_0.jpg"", ""https://xcimg.szwego.com/img/65702085/20250926/i1758901271_5091_5.jpg"", ""https://xcimg.szwego.com/img/65702085/20250926/i1758901271_8348_6.jpg"", ""https://xcimg.szwego.com/img/65702085/20250926/i1758901271_5308_9.jpg"", ""https://xcimg.szwego.com/img/65702085/20250926/i1758901270_7467_0.jpg"", ""https://xcimg.szwego.com/img/65702085/20250926/i1758901271_4966_7.jpg"", ""https://xcimg.szwego.com/img/65702085/20250926/i1758901271_7464_8.jpg"", ""https://xcimg.szwego.com/img/65702085/20250926/i1758901270_5273_2.jpg"", ""https://xcimg.szwego.com/img/65702085/20250926/i1758901270_5789_3.jpg""]"
_drxrScZxYcZ8F5HYrA2sXDfg4HZ62BvPQMAzAhw;;HERMÈS爱马仕明线装饰真皮风衣夹克 —奢雅型格，执掌秋冬高端穿搭话语权— 外层采用顶级真皮面料，经爱马仕百年制革工艺精鞣，质感细腻挺括且光泽高级，打破秋冬穿搭的沉闷感，轻松塑造高定格调；做工承袭品牌匠艺精髓，明线走线精密规整，每一处裁片都诠释极致工艺。翻领设计经典大气，中长款廓形利落有范，既契合商务精英的优雅审美，又能演绎潮人的先锋态度；品牌标志性细节暗藏于五金与缝线之间，低调彰显奢牌身份，细节处尽现高定辨识度；多口袋设计兼具实用性与装饰性，纽扣开合质感十足，适配商务会晤、都市社交等多元场景，单穿气场全开，叠穿层次尽显。 ⚠️发货规格全套包装 ❗️标准尺码： ❗️可接量身定制;0;;lrg3k8cd5bgw3jv;;Для мужчин;"[""https://xcimg.szwego.com/img/65702085/20250926/i1758901646_3946_9.jpg"", ""https://xcimg.szwego.com/img/65702085/20250926/i1758901646_5506_7.jpg"", ""https://xcimg.szwego.com/img/65702085/20250926/i1758901645_3658_2.jpg"", ""https://xcimg.szwego.com/img/65702085/20250926/i1758901646_67_4.jpg"", ""https://xcimg.szwego.com/img/65702085/20250926/i1758901646_2919_11.jpg"", ""https://xcimg.szwego.com/img/65702085/20250926/i1758901645_4980_3.jpg"", ""https://xcimg.szwego.com/img/65702085/20250926/i1758901646_8491_5.jpg"", ""https://xcimg.szwego.com/img/65702085/20250926/i1758901772_9615_0.jpg"", ""https://xcimg.szwego.com/img/65702085/20250926/i1758901771_849_0.jpg""]"
_dklrSKuHWxGXKMWbeZbNpaXMmw3zKAYEsO_t86A;;Berluti 布鲁提羊皮连帽夹克 面料采用100%优质羊皮，经专业鞣制工艺处理，呈现细腻哑光的皮质质感，触感柔软且高级感十足；里料为100%聚酯纤维，顺滑耐磨，与羊皮外层形成质感对比，保障穿着舒适度。裁片环节依托智能裁剪系统，结合连帽版型的人体工学数据，将帽檐、肩缝、口袋等拼接部位的裁片误差控制在极小范围，为整体结构的精密缝合筑牢根基。缝制工艺上，采用精密车线完成主体拼接，各部位接缝采用密缝工艺处理；定制金属拉链头经精细打磨，拉合顺滑且质感高级，彰显细节匠心。连帽结构经专业定型工艺塑形，穿着时挺括有型；袖口的针织罗纹经特殊工艺加工，贴合手腕且耐用性出色；多处细节的缝制工艺经严格把控，线迹平整度等指标均达高等级标准，尽显工艺水准。养护方面，因羊皮材质的特殊性，不可水洗、漂白、干洗，建议送往专业皮革养护机构维护，以保持羊皮的绝佳状态，让这件夹克的高级质感与精湛工艺长久留存。 ❗️颜色：黑色 ❗️标准尺码：;0;;lrg3k8cd5bgw3jv;;Для мужчин;"[""https://xcimg.szwego.com/img/65702085/20251222/i1766340746964_1164_0_0.jpg"", ""https://xcimg.szwego.com/img/65702085/20251222/i1766340744982_7411_0_1.jpg"", ""https://xcimg.szwego.com/img/65702085/20251222/i1766340744993_1797_0_2.jpg"", ""https://xcimg.szwego.com/img/65702085/20251222/i1766340745079_8857_0_3.jpg"", ""https://xcimg.szwego.com/img/65702085/20251222/i1766340744906_1499_0_4.jpg"", ""https://xcimg.szwego.com/img/65702085/20251222/i1766340745042_6992_0_5.jpg"", ""https://xcimg.szwego.com/img/65702085/20251222/i1766340746669_2325_0_6.jpg"", ""https://xcimg.szwego.com/img/65702085/20251222/i1766340746969_8361_0_7.jpg"", ""https://xcimg.szwego.com/img/65702085/20251222/i1766340746892_2265_0_8.jpg""]"
_detrScMQnB0COVam8mQwu4ZaC1cx6Y-jQFnTVvA;;Loro Piana|诺悠翩雅Ivy男士飞行员夹克 一绒革裹风，学院鎏光以小山羊皮为笺，缝缀自在的锋芒 材质甄选100%小山羊皮，以轻盈绒面革取代厚重质感，轻薄夹层似云絮暗藏，让柔软与保暖达成精妙平衡。学院风衣领泼洒运动气息，暗合“雅非刻板，是将灵动织入肌理的智”。 Knit Wish®羊毛混纺针织勾勒衣领、袖口与底边，如温润的光晕包裹衣身，贴边口袋藏着低调巧思。意大利工坊将小山羊皮的细腻与挺括熔铸成型，每一寸皮革都透着被时光打磨的温润。 双向拉链开合似划破沉闷的轨迹，拉头轻触便知匠艺深浅。它暗喻“轻非寡淡，是把锋芒藏进绒面的哲思”，无论是搭配休闲裤的随性，还是衬于西装内的儒雅，都能让型格在动静之间从容切换，成为跨越场合的风格注脚。 ⚠️发货规格全套包装 ❗️标准尺码：48-56 ❗️可接量身定制;0;;lrg3k8cd5bgw3jv;;Для мужчин;"[""https://xcimg.szwego.com/img/65702085/20260108/i1767871153514_3380_0_0.jpg"", ""https://xcimg.szwego.com/img/65702085/20260108/i1767871153512_7270_0_1.jpg"", ""https://xcimg.szwego.com/img/65702085/20260108/i1767871156974_6118_0_2.jpg"", ""https://xcimg.szwego.com/img/65702085/20260108/i1767871156989_1982_0_3.jpg"", ""https://xcimg.szwego.com/img/65702085/20260108/i1767871153490_6166_0_4.jpg"", ""https://xcimg.szwego.com/img/65702085/20260108/i1767871153476_7772_0_5.jpg"", ""https://xcimg.szwego.com/img/65702085/20260108/i1767871153414_9486_0_6.jpg"", ""https://xcimg.szwego.com/img/65702085/20260108/i1767871156996_9770_0_7.jpg"", ""https://xcimg.szwego.com/img/65702085/20260108/i1767871156990_8047_0_8.jpg""]"
_dsWrSOCPXweT9FivKna995RSt21Pk6L3KzG9pEQ;;LOUIS VUITTON 路易威登拼接棒球夹克 主体采用高品质羊毛面料，色泽浓郁且质感柔软；袖臂拼接Epi皮革，纹理清晰且立体感强，经特殊鞣制工艺呈现出色的耐用性与光泽感。依托智能裁剪系统，将羊毛主体与皮革袖臂的拼接部位裁片误差控制在极小范围，为精密缝合筑牢根基；整体缝制工艺精湛，针距均匀，不同材质衔接处服帖自然。衣身运用多种工艺呈现装饰元素，包括毛巾绣、刺绣、贴布绣等。正面的艺术化图案、“1854”标识、“Studio”字样，以及背面的迷宫式“LV”图案，均通过精细工艺打造，图案边缘平整，色彩层次丰富，兼具艺术感与辨识度；门襟定制纽扣压印品牌标识，工艺精细，质感高级。袖口罗纹采用蓝白撞色设计，弹性优异且服帖性强；口袋边缘的皮革包边工艺细致，与整体风格协调统一。 ❗️颜色：蓝色 ❗️标准尺码：;0;;lrg3k8cd5bgw3jv;;Для мужчин;"[""https://xcimg.szwego.com/img/65702085/20251220/i1766164307564_8324_0_0.jpg"", ""https://xcimg.szwego.com/img/65702085/20251220/i1766164304917_2370_0_1.jpg"", ""https://xcimg.szwego.com/img/65702085/20251220/i1766164307538_2189_0_2.jpg"", ""https://xcimg.szwego.com/img/65702085/20251220/i1766164304880_8279_0_3.jpg"", ""https://xcimg.szwego.com/img/65702085/20251220/i1766164304879_9075_0_4.jpg"", ""https://xcimg.szwego.com/img/65702085/20251220/i1766164309618_637_0_6.jpg"", ""https://xcimg.szwego.com/img/65702085/20251220/i1766164307481_8505_0_7.jpg"", ""https://xcimg.szwego.com/img/65702085/20251220/i1766164304879_1443_0_8.jpg"", ""https://xcimg.szwego.com/img/65702085/20251220/i1766164307560_5651_0_10.jpg""]"
_dpFrSoUP3MkFleQSnYBpnupWhNdi9HSKsghGexg;;Louis Vuitton|路易威登男装刺绣棒球束腰夹克 一绣影逐光，潮韵凝芒以科技为笺，绘就时尚新章 面料选用莹亮科技材质，以经典美式廓形取代平庸版型。胸前LV Lovers仿水晶刺绣贴饰，如繁星闪烁，熠熠生辉；左袖LV埃菲尔铁塔仿水晶刺绣贴饰呈波浪效果，似塞纳河畔的粼粼波光，暗合“简非寡淡，是将艺术凝于衣身的智”。 轻薄衬垫设计，如云朵轻覆，让你轻松驾驭昼夜场合，温暖又不失时尚。罗纹衣领、袖口及下摆，似温柔的臂弯，贴合身形又增添一份随性。镶边前袋实用又美观，按扣前襟开合间尽显利落。尼罗皮制作，质感细腻，每一寸皮革都诉说着品牌的匠心独运。 它暗喻“亮非张扬，是藏在细节里的潮流诗”，无论是日常出街搭配简约T恤与牛仔裤，还是在派对场合内搭个性单品，皆能轻松彰显独特魅力，成为人群中的焦点 。 ⚠️发货规格全套包装 ❗️标准尺码：48-56 ❗️可接量身定制;0;;lrg3k8cd5bgw3jv;;Для мужчин;"[""https://xcimg.szwego.com/img/65702085/20250725/i1753451089644_6566_0_0.jpg"", ""https://xcimg.szwego.com/img/65702085/20250725/i1753451089689_672_0_1.jpg"", ""https://xcimg.szwego.com/img/65702085/20250725/i1753451087457_7428_0_2.jpg"", ""https://xcimg.szwego.com/img/65702085/20250725/i1753451087442_9097_0_3.jpg"", ""https://xcimg.szwego.com/img/65702085/20250725/i1753451088704_2532_0_4.jpg"", ""https://xcimg.szwego.com/img/65702085/20250725/i1753451088690_1754_0_5.jpg"", ""https://xcimg.szwego.com/img/65702085/20250725/i1753451087216_3779_0_6.jpg"", ""https://xcimg.szwego.com/img/65702085/20250725/i1753451089719_3095_0_7.jpg"", ""https://xcimg.szwego.com/img/65702085/20250725/i1753451087385_7337_0_8.jpg""]"
_d-XrSJyxCMnODQQD8tAXSybWqWd7mwfR5dwK99g;;CHROME HEARTS 克罗心十字贴皮皮革裤 【定制款式/下单前请确定好尺码/一经售出不退不换】 面料与里料分别采用头层牛皮与100%棉质提花面料，牛皮经揉纹、固色等多道工艺处理，呈现细腻荔枝纹肌理的同时，色牢度与柔韧度达到高阶标准；棉质里料融入品牌经典十字暗纹提花工艺，经高密织造实现亲肤性与耐磨性的双重保障。裁片环节依托数控激光裁剪设备，结合皮革裤工装版型的人体工学数据，将口袋、拼接缝位等裁片的尺寸误差控制在±0.2mm内，从源头规避皮革拼接的错位问题。贴皮装饰阶段运用手工精裁+机器定位双工艺：十字形皮革贴片经匠人手工修边后，通过专用定位模具固定在裤身，再以定制弧形针迹进行立体车缝，使贴片与裤身皮革贴合度极高，边缘无翘边、起皱隐患；白黑撞色十字贴片采用多层皮革叠加工艺，经压合、磨边处理形成渐变质感，视觉层次与触感立体度兼具。金属配饰环节，裤身的银质十字按扣、品牌铭牌及链条均经手工打磨+做旧工艺处理，银饰表面的纹理与光泽度经反复调试呈现标志性复古质感，缝制工艺里，重型同步车以加粗蜡线完成皮革主体缝合，针距均匀度控制在每厘米3针，线迹拉力经测试可抵御日常穿着的张力；工装口袋的袋口边缘采用双道车缝+铆钉加固工艺，铆钉经防锈处理，耐用性远超行业标准；腰部的调节袢带通过模具热压定型，多次弯折后仍保持挺括，金属调节扣经数控车床一体成型，边缘无毛刺且开合顺畅。皮革整饰阶段，裤身经专业皮革护理剂手工擦拭，形成均匀的哑光质感；裤脚的按扣开合设计采用隐藏式缝线工艺，兼顾功能性与视觉简洁度；内里的尺码标、材质标经烫印+车缝双重固定，标识字迹清晰且不易脱落；多处细节的皮革拼接、金属配饰安装工艺均经严格质检，平整度、牢固度等指标均达品牌高阶工艺标准。 ❗️颜色：黑色 ❗️标准尺码：;0;;lrg3k8cd5bgw3jv;;Для мужчин;"[""https://xcimg.szwego.com/img/65702085/20260108/i1767871053956_1936_0_0.jpg"", ""https://xcimg.szwego.com/img/65702085/20260108/i1767871063298_1120_0_9.jpg"", ""https://xcimg.szwego.com/img/65702085/20260108/i1767871053956_9720_0_1.jpg"", ""https://xcimg.szwego.com/img/65702085/20260108/i1767871053956_4806_0_2.jpg"", ""https://xcimg.szwego.com/img/65702085/20260108/i1767871053956_2837_0_3.jpg"", ""https://xcimg.szwego.com/img/65702085/20260108/i1767871063272_7761_0_4.jpg"", ""https://xcimg.szwego.com/img/65702085/20260108/i1767871059466_2320_0_5.jpg"", ""https://xcimg.szwego.com/img/65702085/20260108/i1767871059575_2708_0_6.jpg"", ""https://xcimg.szwego.com/img/65702085/20260108/i1767871059558_1097_0_7.jpg"", ""https://xcimg.szwego.com/img/65702085/20260108/i1767871059507_9636_0_8.jpg"", ""https://xcimg.szwego.com/img/65702085/20260108/i1767871063316_1172_0_10.jpg"", ""https://xcimg.szwego.com/img/65702085/20260108/i1767871053956_666_0_11.jpg""]"
_d8xrSt_5gvXTnkA_GqeBJOwUo2PP37prMgd-K6g;;LOUIS VUITTON 路易威登涂鸦风连帽皮革夹克 采用优质黑色皮革，经特殊压纹工艺呈现独特纹理，质感立体且富有层次；皮革触感柔软且韧性极佳，经专业处理后色牢度与耐磨性表现优异。依托品牌先进裁片系统，将帽檐、肩缝等拼接部位的裁片误差控制在极小范围，为整体结构的精密缝合提供保障，使皮革拼接处过渡自然、服帖平整。衣身的白色涂鸦图案采用特殊涂覆工艺，与皮革表面紧密结合，图案边缘清晰且不易脱落；品牌标识涂鸦通过分层工艺呈现，兼具艺术感与品牌辨识度。整体缝制采用高精度工艺，皮革拼接处缝线牢固且均匀；连帽抽绳系统经精密设备加工，绳扣与抽绳均刻有品牌细节，耐用性经测试达标；口袋拉链采用品牌定制金属拉链，拉链头刻有品牌标识，拉合顺畅且质感十足。 ❗️颜色：黑色 ❗️标准尺码：;0;;lrg3k8cd5bgw3jv;;Для мужчин;"[""https://xcimg.szwego.com/img/65702085/20251216/i1765848747372_2219_0_0.jpg"", ""https://xcimg.szwego.com/img/65702085/20251216/i1765848744579_5135_0_1.jpg"", ""https://xcimg.szwego.com/img/65702085/20251216/i1765848747264_9083_0_2.jpg"", ""https://xcimg.szwego.com/img/65702085/20251216/i1765848744535_4425_0_3.jpg"", ""https://xcimg.szwego.com/img/65702085/20251216/i1765848744543_8193_0_4.jpg"", ""https://xcimg.szwego.com/img/65702085/20251216/i1765848747340_8857_0_5.jpg"", ""https://xcimg.szwego.com/img/65702085/20251216/i1765848744533_1989_0_6.jpg"", ""https://xcimg.szwego.com/img/65702085/20251216/i1765848744572_5783_0_7.jpg"", ""https://xcimg.szwego.com/img/65702085/20251216/i1765848747283_653_0_8.jpg""]"
_difrSdVlkizpDMonmzc-mcPFfFIhz21matFn29Q;;LOUIS VUITTON 路易威登拼色刺绣棒球夹克 主体采用高品质哑光面料，质感细腻且挺括；袖臂与领口选用棕色皮革，经特殊工艺处理呈现自然纹理，触感柔软且富有光泽，与主体面料的拼接实现材质与风格的融合。凭借品牌先进裁片技术，将面料与皮革拼接部位的裁片误差控制在极小范围，确保领口、袖肩等拼接处平整服帖，为整体结构的精密缝合奠定坚实基础。前后身的花卉与品牌标识刺绣采用多色丝线与珠饰结合的工艺，花卉刺绣通过分层绣制呈现立体感，花瓣细节处辅以珠饰点缀，精致且富有层次；品牌标识刺绣边缘平整，与珠饰花朵搭配，彰显工艺复杂度与设计巧思。整体缝制采用高精度工艺，面料与皮革拼接处缝线牢固且均匀；袖口罗纹与皮革的拼接经特殊工艺处理，贴合手腕且不易变形；金属纽扣经专业成型工艺制作，表面刻有品牌标识，扣合顺畅且耐用性强。内部衬里选用顺滑面料，细节处尽显品牌对品质的极致追求。 ❗️颜色：米白拼棕 ❗️标准尺码：;0;;lrg3k8cd5bgw3jv;;Для мужчин;"[""https://xcimg.szwego.com/img/65702085/20251216/i1765848517725_1472_0_0.jpg"", ""https://xcimg.szwego.com/img/65702085/20251216/i1765848517829_688_0_1.jpg"", ""https://xcimg.szwego.com/img/65702085/20251216/i1765848521109_2179_0_2.jpg"", ""https://xcimg.szwego.com/img/65702085/20251216/i1765848517799_7412_0_3.jpg"", ""https://xcimg.szwego.com/img/65702085/20251216/i1765848520852_5009_0_4.jpg"", ""https://xcimg.szwego.com/img/65702085/20251216/i1765848521059_62_0_5.jpg"", ""https://xcimg.szwego.com/img/65702085/20251216/i1765848517538_1805_0_6.jpg"", ""https://xcimg.szwego.com/img/65702085/20251216/i1765848517759_5927_0_7.jpg"", ""https://xcimg.szwego.com/img/65702085/20251216/i1765848521052_3887_0_9.jpg""]"
_dt7rST1U_-Ab5wAsryfjR8kwhX2pTpnTqjsgdQw;;LOUIS VUITTON 路易威登拼色毛绒夹克 主体采用高品质毛绒面料，触感柔软蓬松，保暖性出众；红色拼接部位精选压纹皮革，经精细压印工艺呈现品牌经典图案，纹理清晰且质感高级，与毛绒面料形成材质与视觉的双重碰撞。依托品牌先进的裁片系统，将毛绒与皮革拼接部位的裁片误差控制在极小范围，为整体结构的精密缝合提供保障，使不同材质的拼接处过渡自然、平整服帖。多口袋设计极具功能性，其中毛绒与皮革拼接的口袋，边缘经精密包边工艺处理，耐用性强；口袋拉链采用品牌定制金属拉链，拉链头刻有品牌标识，拉合顺畅且质感十足，细节处彰显品牌工艺水准。整体缝制采用高精度工艺，线迹均匀平整，毛绒与皮革的拼接缝线牢固且美观；领口毛绒经定型工艺处理，挺括有型，长时间穿着仍能保持良好形态。 ❗️颜色：米白 ❗️标准尺码：;0;;lrg3k8cd5bgw3jv;;Для мужчин;"[""https://xcimg.szwego.com/img/65702085/20251216/i1765848287786_1102_0_0.jpg"", ""https://xcimg.szwego.com/img/65702085/20251216/i1765848285496_6202_0_1.jpg"", ""https://xcimg.szwego.com/img/65702085/20251216/i1765848285391_181_0_2.jpg"", ""https://xcimg.szwego.com/img/65702085/20251216/i1765848285357_2828_0_3.jpg"", ""https://xcimg.szwego.com/img/65702085/20251216/i1765848289580_6494_0_4.jpg"", ""https://xcimg.szwego.com/img/65702085/20251216/i1765848285308_1643_0_5.jpg"", ""https://xcimg.szwego.com/img/65702085/20251216/i1765848287597_9021_0_6.jpg"", ""https://xcimg.szwego.com/img/65702085/20251216/i1765848285296_6228_0_7.jpg"", ""https://xcimg.szwego.com/img/65702085/20251216/i1765848287815_6441_0_8.jpg""]"
_dwzrS_LBwtwPaMwixAjwVd7NzNFgqShVv8hdN2Q;;LOUIS VUITTON 满印毛绒棒球领夹克 面料采用奢华毛绒材质，经精细选料与特殊织造工艺，呈现出柔滑细腻的质感与高级的满印纹理，色牢度与耐用性表现卓越；裁片环节凭借品牌专属智能裁剪系统，结合棒球领版型的人体工学数据，将领口、袖缝等拼接部位的裁片误差控制在±0.15mm内，为整体结构的精密缝合筑牢根基。图案呈现阶段运用皮草雕花（毛绒镶嵌）工艺：将黑白双色毛绒面料按品牌经典Monogram图案精准裁剪、拼接，通过对毛绒纹理和颜色的精准把控，使图案过渡自然，视觉层次丰富且极具品牌辨识度。缝制工艺里，采用精密手工与机器结合的缝制技法完成毛绒与皮革、罗纹的多材质拼接，针距均匀且牢固；前襟的金属拉链经品牌定制工艺加工，拉链头镌刻品牌标识，顺滑度与耐用性经测试表现出色；口袋处的皮革装饰经专业成型工艺处理，搭配品牌金属纽扣，细节处尽显奢华质感；罗纹袖口与下摆经专业定型工艺处理，穿着时贴合身形且不易变形；内里采用高密哑光面料，经精密织造呈现丝滑触感，与外层毛绒材质形成舒适的穿着体验；多处细节的缝制工艺经严格把控，线迹平整度与毛绒拼接的精细度等指标均达高等级标准。 ❗️颜色：黑色 ❗️标准尺码：;0;;lrg3k8cd5bgw3jv;;Для мужчин;"[""https://xcimg.szwego.com/img/65702085/20251216/i1765827571178_6389_0_0.jpg"", ""https://xcimg.szwego.com/img/65702085/20251216/i1765827571094_2763_0_1.jpg"", ""https://xcimg.szwego.com/img/65702085/20251216/i1765827569207_8716_0_2.jpg"", ""https://xcimg.szwego.com/img/65702085/20251216/i1765827571126_7658_0_3.jpg"", ""https://xcimg.szwego.com/img/65702085/20251216/i1765827569205_6340_0_4.jpg"", ""https://xcimg.szwego.com/img/65702085/20251216/i1765827569127_8974_0_5.jpg"", ""https://xcimg.szwego.com/img/65702085/20251216/i1765827569256_2084_0_6.jpg"", ""https://xcimg.szwego.com/img/65702085/20251216/i1765827571137_5817_0_7.jpg"", ""https://xcimg.szwego.com/img/65702085/20251216/i1765827569207_4045_0_8.jpg""]"
_d-drSvgf409mTezAv_jIlg01jZ8pL8y2769mwvQ;;LOUIS VUITTON 路易威登水貂毛棒球领夹克 面料采用奢华水貂皮草，经精细选料与鞣制工艺，呈现出柔滑细腻的质感与高级光泽，色牢度与耐用性表现卓越；裁片环节凭借品牌专属智能裁剪系统，结合棒球领版型的人体工学数据，将领口、袖缝等拼接部位的裁片误差控制在±0.15mm内，为整体结构的精密缝合筑牢根基。皮草拼接阶段运用高端皮草镶嵌工艺：将黑、白、米色系水貂皮草按设计图案精准裁剪、拼接，形成品牌标识与经典花纹，通过对皮草纹理和颜色的精准把控，使拼接处过渡自然，视觉层次丰富且极具辨识度。缝制工艺里，采用精密手工缝制技法完成皮草与针织罗纹的拼接，针距均匀且牢固；前襟的金属拉链经品牌定制工艺加工，拉链头镌刻品牌标识，顺滑度与耐用性经测试表现出色；衣身的LV徽标通过皮草雕花工艺呈现，标识边缘平整度极高，兼具品牌辨识度与皮草工艺的奢华质感。棒球领与罗纹袖口经专业定型工艺处理，穿着时贴合身形且不易变形；内里采用55.6%聚酯纤维与44.4%粘胶纤维混纺面料，经精密织造呈现丝滑触感，与外层皮草形成舒适的穿着体验；多处细节的缝制工艺经严格把控，线迹平整度与皮草拼接的精细度等指标均达高等级标准。 ❗️颜色：米白 ❗️标准尺码：;0;;lrg3k8cd5bgw3jv;;Для мужчин;"[""https://xcimg.szwego.com/img/65702085/20251216/i1765826905821_1079_0_0.jpg"", ""https://xcimg.szwego.com/img/65702085/20251216/i1765826904047_2617_0_1.jpg"", ""https://xcimg.szwego.com/img/65702085/20251216/i1765826905796_7740_0_2.jpg"", ""https://xcimg.szwego.com/img/65702085/20251216/i1765826904058_837_0_3.jpg"", ""https://xcimg.szwego.com/img/65702085/20251216/i1765826903995_1617_0_4.jpg"", ""https://xcimg.szwego.com/img/65702085/20251216/i1765826904048_2752_0_5.jpg"", ""https://xcimg.szwego.com/img/65702085/20251216/i1765826905728_6093_0_6.jpg"", ""https://xcimg.szwego.com/img/65702085/20251216/i1765826248461_2243_0_2.jpg"", ""https://xcimg.szwego.com/img/65702085/20251216/i1765826905763_5832_0_8.jpg""]"
_d_frSA18oVKmM-ftytJN21W2yX2bve2oYYKWxUQ;;Bottega Veneta 编织肌理立领拉链夹克 采用100%棉料经数控提花机编织成型，通过可编程针织系统将绒面棉线以菱形格纹肌理精密交织，每平方厘米的针距误差控制在0.1mm内，确保肌理的规整度与触感的柔润度；面料裁片由智能数控裁床切割，激光定位系统将裁片尺寸精度锁定在毫米级，为后续拼接奠定基础。拼接环节采用电脑同步车作业，每道缝线的张力经传感器实时校准，针距稳定在3针/厘米，既保证编织面料的受力均匀，又避免肌理变形；领口立领结构通过蒸汽定型机高温预塑，定型温度精准控制在85℃，兼顾挺括形态与穿着舒适度；袖口与下摆的罗纹面料，经双针链式车与衣身主体缝合，线迹强度提升40%，同时保持拼接处的平整性。拉链选用定制金属拉链，经全自动拉链组装机加工，齿距误差≤0.05mm，配合精密抛光工艺，拉合阻力控制在5N以内，实现顺滑手感；洗水标与主标通过智能钉标机定位缝制，标位偏差＜1mm，确保标识规整度；内衬采用同色系缎面棉料，经电脑平缝机与衣身里层精密贴合，每道缝份的宽度统一为1.2cm，避免内衬移位与褶皱。 ⚠️发货规格全套包装 ❗️颜色：酒红 ❗️标准尺码：48-56 ❗️可接量身定制;0;;lrg3k8cd5bgw3jv;;Для мужчин;"[""https://xcimg.szwego.com/img/65702085/20251115/i1763140886010_2798_0_0.jpg"", ""https://xcimg.szwego.com/img/65702085/20251115/i1763140888067_4150_0_1.jpg"", ""https://xcimg.szwego.com/img/65702085/20251115/i1763140887987_757_0_2.jpg"", ""https://xcimg.szwego.com/img/65702085/20251115/i1763140886010_3334_0_4.jpg"", ""https://xcimg.szwego.com/img/65702085/20251115/i1763140886010_561_0_5.jpg"", ""https://xcimg.szwego.com/img/65702085/20251115/i1763140887966_5619_0_6.jpg"", ""https://xcimg.szwego.com/img/65702085/20251115/i1763140886010_4008_0_7.jpg"", ""https://xcimg.szwego.com/img/65702085/20251115/i1763140887989_91_0_8.jpg"", ""https://xcimg.szwego.com/img/65702085/20251115/i1763140887943_8142_0_9.jpg""]"
_d7-rSacPq-8W_yamFSgKhEAMmDaHqHrsNg77h6w;;BOTTEGA VENETA 编织羊皮夹克 面料采用100%羊皮，经手工编织工艺打造标志性格纹结构，每一块羊皮裁片都经过精准裁切，编织过程中对纹理对齐度和松紧度的把控达到毫米级精度，为呈现立体且均匀的编织质感奠定基础。裁片环节凭借精湛手工剪裁配合人体工学版型设计，将衣身、袖笼等拼接部位的裁片误差控制在极小范围，为整体版型的挺括度与穿着舒适度提供保障。缝制工艺中，采用专业皮革缝纫机以精细针距完成各部位缝合，拉链部位的金属拉头经精密模具成型加工，其造型与质感尽显品牌细节把控力；衣身内部的衬里缝合同样一丝不苟，确保穿着时的顺滑体验。 ⚠️发货规格全套包装 ❗️颜色：卡其 ❗️标准尺码：48-56 ❗️可接量身定制;0;;lrg3k8cd5bgw3jv;;Для мужчин;"[""https://xcimg.szwego.com/img/adebff46/20251123/i1763830541929_6173_0_0.jpg"", ""https://xcimg.szwego.com/img/adebff46/20251123/i1763830541903_7703_0_1.jpg"", ""https://xcimg.szwego.com/img/adebff46/20251123/i1763830544132_971_0_2.jpg"", ""https://xcimg.szwego.com/img/adebff46/20251123/i1763830541748_8378_0_4.jpg"", ""https://xcimg.szwego.com/img/adebff46/20251123/i1763830544203_6755_0_5.jpg"", ""https://xcimg.szwego.com/img/adebff46/20251123/i1763830544063_1114_0_6.jpg"", ""https://xcimg.szwego.com/img/adebff46/20251123/i1763830544204_381_0_7.jpg"", ""https://xcimg.szwego.com/img/adebff46/20251123/i1763830541766_4895_0_8.jpg"", ""https://xcimg.szwego.com/img/adebff46/20251123/i1763830541894_945_0_9.jpg""]"
_dmprS8-FwK4GersjgZ8uLZra0bu6RZ_mp9pvGrA;;Bottega Veneta 葆蝶家编织皮质裤 一“皮”定调，型格出圈 以织为骨，打破日常的沉闷。面料采用奢级皮革交织品牌标志性编织工艺，银色/金色款自带金属光泽buff，黑色款则是低调高级的哑光质感，挺括廓形兼顾包裹性与利落感，九分长度恰好露出脚踝线条，适配各种鞋型的搭配巧思。定制纽扣与袋口缝线精准呼应品牌美学，每一处细节都透着意式奢品的精致，个性与质感完美平衡。经典牛仔版型融合BV标志性编织肌理，处处彰显品牌对风格的先锋把控，每一寸都经得起目光聚焦，尽显顶奢型格！没有冗余装饰，仅以肌理与质感说话：触摸时是皮革的细腻，观之是版型的利落。它暗喻“潮非浮夸，是藏在细节里的奢”，无论是派对场合的吸睛焦点，还是日常出街的格调担当，都能让风格在不同场景中自由切换，重塑穿搭的高阶表达。 ❗️颜色：银色/金色/黑色 ❗️标准尺码：;0;;lrg3k8cd5bgw3jv;;Для мужчин;"[""https://xcimg.szwego.com/img/65702085/20251107/i1762450538_2187_6.jpg"", ""https://xcimg.szwego.com/img/65702085/20251107/i1762450538_5553_7.jpg"", ""https://xcimg.szwego.com/img/65702085/20251107/i1762450538_3776_3.jpg"", ""https://xcimg.szwego.com/img/65702085/20251107/i1762450538_1603_4.jpg"", ""https://xcimg.szwego.com/img/65702085/20251107/i1762450538_400_5.jpg"", ""https://xcimg.szwego.com/img/65702085/20251107/i1762450538_7024_1.jpg"", ""https://xcimg.szwego.com/img/65702085/20251107/i1762450538_2163_8.jpg"", ""https://xcimg.szwego.com/img/65702085/20251107/i1762450538_393_2.jpg"", ""https://xcimg.szwego.com/img/65702085/20251107/i1762450538_9567_0.jpg""]"
_denrSesKKVU6WAYKPSiIOPjo6eFFR7-vHlQBfrQ;;Bottega Veneta 葆蝶家编织金属银夹克 一织鎏银，奢界破局 以织为语，打破风格的边界。面料采用100%棉经特殊金属涂层与手工编织工艺打造，每一寸纹理都透着意大利工坊的匠心底蕴，金属光泽与编织肌理碰撞出“复古与未来感共生”的视觉张力，暗合“奢非浮夸，是将工艺熔铸成符号的智”。利落廓形勾勒摩登型格，每一处编织接缝都历经手工匠人的严苛把控——棉料的柔软与编织的立体达成精妙平衡，穿者如时尚先锋，于动静之间释放型格锋芒。 ❗️颜色：银色 ❗️标准尺码：;0;;lrg3k8cd5bgw3jv;;Для мужчин;"[""https://xcimg.szwego.com/img/65702085/20251105/i1762276604_4708_0.jpg"", ""https://xcimg.szwego.com/img/65702085/20251105/i1762276604_7848_8.jpg"", ""https://xcimg.szwego.com/img/65702085/20251105/i1762276613_2160_0.jpg"", ""https://xcimg.szwego.com/img/65702085/20251105/i1762276604_1722_5.jpg"", ""https://xcimg.szwego.com/img/65702085/20251105/i1762276604_5515_1.jpg"", ""https://xcimg.szwego.com/img/65702085/20251105/i1762276604_5320_4.jpg"", ""https://xcimg.szwego.com/img/65702085/20251105/i1762276604_891_6.jpg"", ""https://xcimg.szwego.com/img/65702085/20251105/i1762276604_7269_3.jpg"", ""https://xcimg.szwego.com/img/65702085/20251105/i1762276604_9520_7.jpg""]"
_dfmrSCmcj5SCrDRWe7_QcN-cBmlghR-zUFRW8Tg;;Bottega Veneta | 葆蝶家几何剪裁羊皮束腰长裤 以岩层褶皱为型，地心引力被解构于裤线。这条雕塑感皮革长裤将旷野肌理织成第二层骨骼，锥形收束结构如峡谷切割大地，侧缝斜向拼接打破常规对称，似被冰川冲刷的岩层重新排列。材质选用经蜡感处理的全粒面羊皮，表层泛着磨砂金属光泽，触感如晨露浸润的玄武岩。隐现的纵向压纹并非随意刻画，而是以算法模拟地壳运动的抽象轨迹——膝盖褶皱处暗藏巧思，行走时裤线随步伐起伏，恍若沙丘在风中迁徙的流动曲线。 设计师精简装饰语言，仅在腰头嵌入隐形弹力织带，裤脚收边注入防滑涂层。后腰立体剪裁如同山脉的等高线，勾勒出都市行者的利落轮廓。隐藏式门襟化作视觉断层，裤长垂落角度暗合30°黄金比例，既贴合身形又不阻行动。这是条突破框架的机能雕塑，当街灯在裤面投下斑驳光影，蜡感革料便成了模糊自然与都市的介质。裤管垂坠度经百次动态测试，最终停留在既松弛又挺括的平衡维度，恰如当代雅士周旋于从容与锐利之间的生活美学。 ⚠️发货规格全套包装 ❗️标准尺码：48-56 ❗️可接量身定制;0;;lrg3k8cd5bgw3jv;;Для мужчин;"[""https://xcimg.szwego.com/img/65702085/20250715/i1752567839411_732_0_0.jpg"", ""https://xcimg.szwego.com/img/65702085/20250715/i1752567841058_4984_0_5.jpg"", ""https://xcimg.szwego.com/img/65702085/20250715/i1752567841009_9185_0_1.jpg"", ""https://xcimg.szwego.com/img/65702085/20250715/i1752567839405_21_0_2.jpg"", ""https://xcimg.szwego.com/img/65702085/20250715/i1752567841006_4141_0_3.jpg"", ""https://xcimg.szwego.com/img/65702085/20250715/i1752567839426_8080_0_4.jpg"", ""https://xcimg.szwego.com/img/65702085/20250715/i1752567839398_5885_0_6.jpg"", ""https://xcimg.szwego.com/img/65702085/20250715/i1752567841012_3204_0_7.jpg"", ""https://xcimg.szwego.com/img/65702085/20250715/i1752567839388_6275_0_8.jpg""]"
_dqqrShG67ccU65pVuES3fUDieGqkCC3sPQSYhVQ;;Bottega Veneta | 葆蝶家手工编织羊皮束腰皮衣 以建筑棱角化形，风的行踪被驯服于肩线。这件防风雾面皮革夹克将都市肌理锻造成第二层皮肤，利落直裁结构如钢筋撑起夜幕，前胸暗藏斜纹切割打破对称法则，似被摩天楼群割裂的星轨重新编码。材质选用经锻光处理的复合皮革，表层泛着哑光金属微粒，触感如冷雾漫过礁岩。隐现的横向肌理皮痕，而是以数控压纹模拟风蚀地貌的抽象图谱——袖管褶皱处暗藏玄机，行走时衣褶随动态流转，恍若暗河中涌动的微光潜流。 设计师摒弃冗余装饰，仅在背部嵌入隐形防风膜层，接缝处注入液态橡胶涂层。侧腰立体剪裁如同都市峡谷的收束线，裁出都市游侠的锋锐轮廓。隐扣设计化作暗夜坐标，领口斜切角度暗合24°黄金斜率，既锁住体温又不缚自由。这是件对抗规训的机能铠甲，当霓虹在衣面投下液态投影，雾面革料便成了溶解城市边界的滤镜。衣袖垂坠度经72小时重力测试，最终定格在既慵懒又锋利的矛盾平衡点，恰似当代绅士游走于秩序与不羁之间的生存哲学。 ⚠️发货规格全套包装 ❗️标准尺码：48-56 ❗️可接量身定制;0;;lrg3k8cd5bgw3jv;;Для мужчин;"[""https://xcimg.szwego.com/img/65702085/20250715/i1752567851445_1149_0_0.jpg"", ""https://xcimg.szwego.com/img/65702085/20250715/i1752567851481_2539_0_1.jpg"", ""https://xcimg.szwego.com/img/65702085/20250715/i1752567851475_7057_0_2.jpg"", ""https://xcimg.szwego.com/img/65702085/20250715/i1752567852567_7067_0_3.jpg"", ""https://xcimg.szwego.com/img/65702085/20250715/i1752567851431_2873_0_4.jpg"", ""https://xcimg.szwego.com/img/65702085/20250715/i1752567852526_7812_0_5.jpg"", ""https://xcimg.szwego.com/img/65702085/20250715/i1752567852524_523_0_6.jpg"", ""https://xcimg.szwego.com/img/65702085/20250715/i1752567851372_7844_0_7.jpg"", ""https://xcimg.szwego.com/img/65702085/20250715/i1752567852496_6590_0_8.jpg""]"
_dKorSnLXl9MZ4IGwD8nnCYLzghOjC9kLlv0g5dA;;Bottega Veneta 葆蝶家编织皮质裤 一“皮”定调，型格出圈 以织为骨，打破日常的沉闷。面料采用奢级皮革交织品牌标志性编织工艺，银色/金色款自带金属光泽buff，黑色款则是低调高级的哑光质感，挺括廓形兼顾包裹性与利落感，九分长度恰好露出脚踝线条，适配各种鞋型的搭配巧思。定制纽扣与袋口缝线精准呼应品牌美学，每一处细节都透着意式奢品的精致，个性与质感完美平衡。经典牛仔版型融合BV标志性编织肌理，处处彰显品牌对风格的先锋把控，每一寸都经得起目光聚焦，尽显顶奢型格！没有冗余装饰，仅以肌理与质感说话：触摸时是皮革的细腻，观之是版型的利落。它暗喻“潮非浮夸，是藏在细节里的奢”，无论是派对场合的吸睛焦点，还是日常出街的格调担当，都能让风格在不同场景中自由切换，重塑穿搭的高阶表达。 ❗️颜色：银色/金色/黑色 ❗️标准尺码：;0;;lrg3k8cd5bgw3jv;;Для мужчин;"[""https://xcimg.szwego.com/img/65702085/20251107/i1762450354_9_8.jpg"", ""https://xcimg.szwego.com/img/65702085/20251107/i1762450354_7043_6.jpg"", ""https://xcimg.szwego.com/img/65702085/20251107/i1762450354_9858_4.jpg"", ""https://xcimg.szwego.com/img/65702085/20251107/i1762450354_8247_2.jpg"", ""https://xcimg.szwego.com/img/65702085/20251107/i1762450353_2790_0.jpg"", ""https://xcimg.szwego.com/img/65702085/20251107/i1762450354_7597_5.jpg"", ""https://xcimg.szwego.com/img/65702085/20251107/i1762450353_3590_1.jpg"", ""https://xcimg.szwego.com/img/65702085/20251107/i1762450354_9562_7.jpg"", ""https://xcimg.szwego.com/img/65702085/20251107/i1762450354_2568_3.jpg""]"
_d9arSUB09PR7oNEzDfEKZ2IHsBbmAt_zYgrR5jw;;Bottega Veneta 葆蝶家编织金属色夹克 一织鎏金，奢界破局 以织为语，打破风格的边界。面料采用100%棉经特殊金属涂层与手工编织工艺打造，每一寸纹理都透着意大利工坊的匠心底蕴，金属光泽与编织肌理碰撞出“复古与未来感共生”的视觉张力，暗合“奢非浮夸，是将工艺熔铸成符号的智”。利落廓形勾勒摩登型格，每一处编织接缝都历经手工匠人的严苛把控——棉料的柔软与编织的立体达成精妙平衡，穿者如时尚先锋，于动静之间释放型格锋芒。没有冗余装饰，仅以工艺本身的肌理说话：触摸时是棉织的细腻与金属涂层的质感，观之是金色的夺目。它暗喻“锋非外露，是藏在工艺下的锐”，无论是搭配西裤的雅痞，还是牛仔的不羁，都能让风格在多元场景中从容切换，重新定义当代男士的着装哲学。 ❗️颜色：金色 ❗️标准尺码：;0;;lrg3k8cd5bgw3jv;;Для мужчин;"[""https://xcimg.szwego.com/img/65702085/20251105/i1762276671_7866_2.jpg"", ""https://xcimg.szwego.com/img/65702085/20251105/i1762276672_519_7.jpg"", ""https://xcimg.szwego.com/img/65702085/20251105/i1762276671_2187_4.jpg"", ""https://xcimg.szwego.com/img/65702085/20251105/i1762276671_3525_3.jpg"", ""https://xcimg.szwego.com/img/65702085/20251105/i1762276671_6512_0.jpg"", ""https://xcimg.szwego.com/img/65702085/20251105/i1762276672_5039_5.jpg"", ""https://xcimg.szwego.com/img/65702085/20251105/i1762276672_7357_6.jpg"", ""https://xcimg.szwego.com/img/65702085/20251105/i1762276672_6856_8.jpg"", ""https://xcimg.szwego.com/img/65702085/20251105/i1762276671_551_1.jpg""]"
_dn4rSL5y8GQx-BcUbgArVXxZL5lyEulwS-Fhn4Q;;Bottega Veneta 编织皮革外套 一织成奢，型格越冬 以织为章，解构秋冬的穿搭边界。采用品牌标志性Intrecciato 皮革编织工艺，每一寸纹理都由匠人手工交织，呈现奢级质感与立体肌理；内里 100%棉材质亲肤舒适，意大利原产的工艺背书，让高级感从面料到做工都无可挑剔。衬衫式廓形自带优雅腔调，定制纽扣与精密缝线细节拉满，每一处设计都透着意式奢华的精湛，将手工艺术与实穿性完美融合。没有俗艳标识，仅以工艺与质感发声：触摸时是皮革编织的细腻，观之是黑调的高级。它暗喻“奢非张扬，是藏在工艺里的雅”，无论是商务场合的干练，还是休闲出行的随性，都能让风格在多元场景中自如切换，重塑男士秋冬的穿搭格调。 ❗️颜色：黑色 ❗️标准尺码：;0;;lrg3k8cd5bgw3jv;;Для мужчин;"[""https://xcimg.szwego.com/img/65702085/20251105/i1762275690_2710_1.jpg"", ""https://xcimg.szwego.com/img/65702085/20251105/i1762275690_6457_4.jpg"", ""https://xcimg.szwego.com/img/65702085/20251105/i1762275690_9829_8.jpg"", ""https://xcimg.szwego.com/img/65702085/20251105/i1762275689_9581_0.jpg"", ""https://xcimg.szwego.com/img/65702085/20251105/i1762275690_5514_6.jpg"", ""https://xcimg.szwego.com/img/65702085/20251105/i1762275690_6173_2.jpg"", ""https://xcimg.szwego.com/img/65702085/20251105/i1762275775_5105_5.jpg"", ""https://xcimg.szwego.com/img/65702085/20251105/i1762276474_6374_0.jpg"", ""https://xcimg.szwego.com/img/65702085/20251105/i1762276517_1098_0.jpg""]"
_difrSdVlkizpDMYjlzcahcfVRGI5x21mat1v38w;;Bottega Veneta 编织皮革衬衫式外套 一织成奢，型格越冬 以织为章，解构秋冬的穿搭边界。采用品牌标志性Intrecciato 皮革编织工艺，每一寸纹理都由匠人手工交织，呈现奢级质感与立体肌理；内里 100%棉材质亲肤舒适，意大利原产的工艺背书，让高级感从面料到做工都无可挑剔。衬衫式廓形自带优雅腔调，定制纽扣与精密缝线细节拉满，每一处设计都透着意式奢华的精湛，将手工艺术与实穿性完美融合。没有俗艳标识，仅以工艺与质感发声：触摸时是皮革编织的细腻，观之是黑调的高级。它暗喻“奢非张扬，是藏在工艺里的雅”，无论是商务场合的干练，还是休闲出行的随性，都能让风格在多元场景中自如切换，重塑男士秋冬的穿搭格调。 ❗️颜色：白色 ❗️标准尺码：;0;;lrg3k8cd5bgw3jv;;Для мужчин;"[""https://xcimg.szwego.com/img/65702085/20251105/i1762275532_8698_0.jpg"", ""https://xcimg.szwego.com/img/65702085/20251105/i1762275532_4496_0.jpg"", ""https://xcimg.szwego.com/img/65702085/20251105/i1762275531_789_0.jpg"", ""https://xcimg.szwego.com/img/65702085/20251105/i1762275532_3656_0.jpg"", ""https://xcimg.szwego.com/img/65702085/20251105/i1762275531_3330_0.jpg"", ""https://xcimg.szwego.com/img/65702085/20251105/i1762275532_9883_0.jpg"", ""https://xcimg.szwego.com/img/65702085/20251105/i1762275532_6034_0.jpg"", ""https://xcimg.szwego.com/img/65702085/20251105/i1762275531_2000_0.jpg"", ""https://xcimg.szwego.com/img/65702085/20251105/i1762275533_7547_0.jpg""]"
_dh5rSnhk9tSBLXwqEtVm7HZikYVrj3kj984wCYg;;Bottega Veneta葆蝶家编织麂皮夹克 — 编织奢艺 · 质感型格新标杆 — 葆蝶家以标志性编织工艺重塑夹克质感，推出这款编织麂皮外套，尽显高奢匠心与风格张力的极致交融。严选优质麂皮面料，经品牌专属手工编织工序，每一寸纹理都凝聚匠人的精湛技艺，触感细腻且挺括有型，与普通面料拉开质的差距；通体采用经典编织纹理设计，经复杂工艺呈现满幅品牌标识性细节，质感高级且兼具独特辨识度，每一处编织都镌刻着葆蝶家的奢品工艺底蕴。利落立领版型搭配顺滑拉链，穿脱间尽显干练；标志性编织元素与麂皮材质的结合，为整体造型增添奢华质感与风格底气。 ⚠️ 发货规格：全套包装 ❗️颜色：粉色 ❗ 标准尺码： ❗ 支持量身定制;0;;lrg3k8cd5bgw3jv;;Для мужчин;"[""https://xcimg.szwego.com/img/65702085/20251005/i1759599403_9964_6.jpg"", ""https://xcimg.szwego.com/img/65702085/20251005/i1759599403_2917_7.jpg"", ""https://xcimg.szwego.com/img/65702085/20251005/i1759599402_5392_2.jpg"", ""https://xcimg.szwego.com/img/65702085/20251005/i1759599402_5051_0.jpg"", ""https://xcimg.szwego.com/img/65702085/20251005/i1759599403_9078_11.jpg"", ""https://xcimg.szwego.com/img/65702085/20251005/i1759599403_3547_5.jpg"", ""https://xcimg.szwego.com/img/65702085/20251005/i1759599403_9782_8.jpg"", ""https://xcimg.szwego.com/img/65702085/20251005/i1759599403_9477_10.jpg"", ""https://xcimg.szwego.com/img/65702085/20251005/i1759599455_4875_0.jpg""]"
_dFIrSUBEIUMH3Bi71Z9IGg8O6_BKEzSqy3rtRyA;;Bottega Veneta葆蝶家编织麂皮夹克 — 编织奢艺 · 质感型格新标杆 — 葆蝶家以标志性编织工艺重塑夹克质感，推出这款编织麂皮外套，尽显高奢匠心与风格张力的极致交融。严选优质麂皮面料，经品牌专属手工编织工序，每一寸纹理都凝聚匠人的精湛技艺，触感细腻且挺括有型，与普通面料拉开质的差距；通体采用经典编织纹理设计，经复杂工艺呈现满幅品牌标识性细节，质感高级且兼具独特辨识度，每一处编织都镌刻着葆蝶家的奢品工艺底蕴。利落立领版型搭配顺滑拉链，穿脱间尽显干练；标志性编织元素与麂皮材质的结合，为整体造型增添奢华质感与风格底气。 ⚠️ 发货规格：全套包装 ❗️颜色：棕色 ❗ 标准尺码： ❗ 支持量身定制;0;;lrg3k8cd5bgw3jv;;Для мужчин;"[""https://xcimg.szwego.com/img/65702085/20251005/i1759598865_3726_0.jpg"", ""https://xcimg.szwego.com/img/65702085/20251005/i1759598941_8185_0.jpg"", ""https://xcimg.szwego.com/img/65702085/20251005/i1759598865_2052_0.jpg"", ""https://xcimg.szwego.com/img/65702085/20251005/i1759598865_6514_0.jpg"", ""https://xcimg.szwego.com/img/65702085/20251005/i1759598865_7585_0.jpg"", ""https://xcimg.szwego.com/img/65702085/20251005/i1759598868_4793_0.jpg"", ""https://xcimg.szwego.com/img/65702085/20251005/i1759598940_9958_0.jpg"", ""https://xcimg.szwego.com/img/65702085/20251005/i1759598941_8676_0.jpg"", ""https://xcimg.szwego.com/img/65702085/20251005/i1759598941_5097_0.jpg""]"
_dlcrStiTz5Tw5x1zQn3JnxscKiKAOaaO2nnawJg;;Bottega Veneta | 葆蝶家 编织工艺真皮夹克 — 编织奢韵 · 匠心皮革型格新典范 — 葆蝶家匠心呈现这款编织真皮夹克，将品牌标志性的Intrecciato编织工艺与奢华皮革完美融合，诠释高奢质感与先锋设计的精妙碰撞。严选顶级真皮原料，经匠人手工编织，每一道纹理都凝聚着品牌传承百年的工艺精髓，皮革触感细腻且富有韧性，质感高级且经久耐穿，与普通皮革单品形成天壤之别；整体采用立体编织工艺，满幅呈现品牌辨识度极高的编织纹理，每一处针脚都彰显着葆蝶家对细节的极致追求。利落立领版型搭配顺滑金属拉链，穿脱间尽显干练利落；袖口的罗纹设计既保证了穿着的舒适度，又增添了造型的层次感。从面料甄选到工艺呈现，每一处都镌刻着葆蝶家的奢品基因，为穿搭注入奢华气场与个性风格，是彰显品味与格调的不二之选。 ⚠️ 发货规格：全套包装 ❗️颜色：墨绿色 ❗ 标准尺码 ❗ 支持量身定制;0;;lrg3k8cd5bgw3jv;;Для мужчин;"[""https://xcimg.szwego.com/img/65702085/20251005/i1759598985_8497_2.jpg"", ""https://xcimg.szwego.com/img/65702085/20251005/i1759598985_2404_0.jpg"", ""https://xcimg.szwego.com/img/65702085/20251005/i1759598986_4506_6.jpg"", ""https://xcimg.szwego.com/img/65702085/20251005/i1759598986_5418_4.jpg"", ""https://xcimg.szwego.com/img/65702085/20251005/i1759598986_8337_8.jpg"", ""https://xcimg.szwego.com/img/65702085/20251005/i1759598985_1634_1.jpg"", ""https://xcimg.szwego.com/img/65702085/20251005/i1759598986_8477_10.jpg"", ""https://xcimg.szwego.com/img/65702085/20251005/i1759598986_5488_3.jpg"", ""https://xcimg.szwego.com/img/65702085/20251005/i1759598986_5658_9.jpg""]"
_dvYrSl0LfSjzO0FZOBNXICXKdayQkdZTTq5xXNw;;Bottega Veneta | 葆蝶家 编织工艺真皮夹克 — 编织奢韵 · 匠心皮革型格新典范 — 葆蝶家匠心呈现这款编织真皮夹克，将品牌标志性的Intrecciato编织工艺与奢华皮革完美融合，诠释高奢质感与先锋设计的精妙碰撞。严选顶级真皮原料，经匠人手工编织，每一道纹理都凝聚着品牌传承百年的工艺精髓，皮革触感细腻且富有韧性，质感高级且经久耐穿，与普通皮革单品形成天壤之别；整体采用立体编织工艺，满幅呈现品牌辨识度极高的编织纹理，每一处针脚都彰显着葆蝶家对细节的极致追求。利落立领版型搭配顺滑金属拉链，穿脱间尽显干练利落；袖口的罗纹设计既保证了穿着的舒适度，又增添了造型的层次感。从面料甄选到工艺呈现，每一处都镌刻着葆蝶家的奢品基因，为穿搭注入奢华气场与个性风格，是彰显品味与格调的不二之选。 ⚠️ 发货规格：全套包装 ❗️颜色：墨绿色 ❗ 标准尺码 ❗ 支持量身定制;0;;lrg3k8cd5bgw3jv;;Для мужчин;"[""https://xcimg.szwego.com/img/65702085/20251005/i1759598450_2344_0.jpg"", ""https://xcimg.szwego.com/img/65702085/20251005/i1759598451_8166_2.jpg"", ""https://xcimg.szwego.com/img/65702085/20251005/i1759598182_7163_11.jpg"", ""https://xcimg.szwego.com/img/65702085/20251005/i1759598182_5352_10.jpg"", ""https://xcimg.szwego.com/img/65702085/20251005/i1759598182_8060_6.jpg"", ""https://xcimg.szwego.com/img/65702085/20251005/i1759598182_2608_3.jpg"", ""https://xcimg.szwego.com/img/65702085/20251005/i1759598181_8729_2.jpg"", ""https://xcimg.szwego.com/img/65702085/20251005/i1759598182_9088_9.jpg"", ""https://xcimg.szwego.com/img/65702085/20251005/i1759598181_3058_0.jpg""]"
_deerSSrKNwoOQgQSdmCkyMFEqt_AJG9mXS8Qa1A;;Bottega Veneta | 葆蝶家 编织工艺真皮夹克 — 编织奢韵 · 匠心皮革型格新典范 — 葆蝶家匠心呈现这款编织真皮夹克，将品牌标志性的Intrecciato编织工艺与奢华皮革完美融合，诠释高奢质感与先锋设计的精妙碰撞。严选顶级真皮原料，经匠人手工编织，每一道纹理都凝聚着品牌传承百年的工艺精髓，皮革触感细腻且富有韧性，质感高级且经久耐穿，与普通皮革单品形成天壤之别；整体采用立体编织工艺，满幅呈现品牌辨识度极高的编织纹理，每一处针脚都彰显着葆蝶家对细节的极致追求。利落立领版型搭配顺滑金属拉链，穿脱间尽显干练利落；袖口的罗纹设计既保证了穿着的舒适度，又增添了造型的层次感。从面料甄选到工艺呈现，每一处都镌刻着葆蝶家的奢品基因，为穿搭注入奢华气场与个性风格，是彰显品味与格调的不二之选。 ⚠️ 发货规格：全套包装 ❗️颜色：墨绿色 ❗ 标准尺码 ❗ 支持量身定制;0;;lrg3k8cd5bgw3jv;;Для мужчин;"[""https://xcimg.szwego.com/img/65702085/20251005/i1759598932_4532_7.jpg"", ""https://xcimg.szwego.com/img/65702085/20251005/i1759598956_8493_0.jpg"", ""https://xcimg.szwego.com/img/65702085/20251005/i1759598932_9994_9.jpg"", ""https://xcimg.szwego.com/img/65702085/20251005/i1759598932_6944_1.jpg"", ""https://xcimg.szwego.com/img/65702085/20251005/i1759598956_4825_0.jpg"", ""https://xcimg.szwego.com/img/65702085/20251005/i1759598956_4511_0.jpg"", ""https://xcimg.szwego.com/img/65702085/20251005/i1759598956_9570_0.jpg"", ""https://xcimg.szwego.com/img/65702085/20251005/i1759598956_5785_0.jpg"", ""https://xcimg.szwego.com/img/65702085/20251005/i1759598956_3407_0.jpg""]"
_dmJrSwtRgH5flw6Is6jZXNPBGx3NpRuTRxVqvFQ;;Bottega Veneta | 葆蝶家 编织工艺真皮夹克 — 编织奢韵 · 匠心皮革型格新典范 — 葆蝶家匠心呈现这款编织真皮夹克，将品牌标志性的Intrecciato编织工艺与奢华皮革完美融合，诠释高奢质感与先锋设计的精妙碰撞。严选顶级真皮原料，经匠人手工编织，每一道纹理都凝聚着品牌传承百年的工艺精髓，皮革触感细腻且富有韧性，质感高级且经久耐穿，与普通皮革单品形成天壤之别；整体采用立体编织工艺，满幅呈现品牌辨识度极高的编织纹理，每一处针脚都彰显着葆蝶家对细节的极致追求。利落立领版型搭配顺滑金属拉链，穿脱间尽显干练利落；袖口的罗纹设计既保证了穿着的舒适度，又增添了造型的层次感。从面料甄选到工艺呈现，每一处都镌刻着葆蝶家的奢品基因，为穿搭注入奢华气场与个性风格，是彰显品味与格调的不二之选。 ⚠️ 发货规格：全套包装 ❗️颜色：墨绿色 ❗ 标准尺码 ❗ 支持量身定制;0;;lrg3k8cd5bgw3jv;;Для мужчин;"[""https://xcimg.szwego.com/img/65702085/20251005/i1759599049_8522_6.jpg"", ""https://xcimg.szwego.com/img/65702085/20251005/i1759599049_8910_3.jpg"", ""https://xcimg.szwego.com/img/65702085/20251005/i1759599049_3658_0.jpg"", ""https://xcimg.szwego.com/img/65702085/20251005/i1759599050_4623_11.jpg"", ""https://xcimg.szwego.com/img/65702085/20251005/i1759599050_7902_9.jpg"", ""https://xcimg.szwego.com/img/65702085/20251005/i1759599049_2534_5.jpg"", ""https://xcimg.szwego.com/img/65702085/20251005/i1759599050_8754_10.jpg"", ""https://xcimg.szwego.com/img/65702085/20251005/i1759599049_1391_4.jpg"", ""https://xcimg.szwego.com/img/65702085/20251005/i1759599049_5903_8.jpg""]"
_dSjrSL95idAPXS9R3g9RB1FceodlrBSzymaqr6w;;CHROME HEARTS 黑色麂皮铆钉工装风夹克 — 潮奢型格 · 麂皮肌理与十字铆钉的朋克共鸣 — Chrome Hearts 这款黑色麂皮铆钉工装风夹克，是潮奢领域工艺与风格的朋克之作，将品牌标志性的十字铆钉美学与麂皮工装的复古基因巧妙融合。严选高品质黑色麂皮面料，经细腻工艺呈现出柔软糯滑的质感，触感高级且富有复古肌理，辨识度拉满；衣身采用工装风剪裁，拉链设计+品牌专属十字铆钉点缀，领口、衣襟、袖口、下摆的铆钉阵列极具视觉冲击力，每一颗铆钉都镌刻品牌十字标识，既延续 Chrome Hearts 对潮奢朋克的探索，又以麂皮工装为载体诠释个性风格，每一道麂皮纹理都似潮奢品味的注解，让夹克单品进阶为造型焦点；从正面的铆钉矩阵到背面的利落廓形，再到内衬的品牌暗纹，都为造型增添潮流层次与高端质感，无论是朋克出街还是潮奢社交，都能展现你的潮奢格调与朋克态度。 ⚠️ 发货规格：全套包装 ❗️颜色：黑色 ❗ 标准尺码： ❗ 支持量身定制;0;;lrg3k8cd5bgw3jv;;Для мужчин;"[""https://xcimg.szwego.com/img/65702085/20251016/i1760547000_5881_10.jpg"", ""https://xcimg.szwego.com/img/65702085/20251016/i1760547000_8366_0.jpg"", ""https://xcimg.szwego.com/img/65702085/20251016/i1760547000_3887_7.jpg"", ""https://xcimg.szwego.com/img/65702085/20251016/i1760547000_1717_6.jpg"", ""https://xcimg.szwego.com/img/65702085/20251016/i1760547000_7452_9.jpg"", ""https://xcimg.szwego.com/img/65702085/20251016/i1760547000_2397_1.jpg"", ""https://xcimg.szwego.com/img/65702085/20251016/i1760547000_1723_4.jpg"", ""https://xcimg.szwego.com/img/65702085/20251016/i1760547000_9271_8.jpg"", ""https://xcimg.szwego.com/img/65702085/20251016/i1760547000_9061_2.jpg""]"
_dnErSk-ynnk3hy7VAKqGdOaEnEjh1Qvtxf1iehQ;;CHROME HEARTS 克罗心白色机车风皮夹克 — 潮奢型格 · 皮革质感与十字图腾的先锋共鸣 — Chrome Hearts 这款白色机车风皮夹克，是潮奢领域风格与工艺的诚意之作，将品牌标志性的十字图腾美学与机车皮衣的酷飒基因完美融合。严选高品质真皮面料，经细腻工艺呈现出纯净白色质感，触感柔软且极具高级光泽，辨识度拉满；衣身采用经典机车风剪裁，斜拉链设计+金属五金件点缀，前襟的多组拉链口袋兼具实用性与工业感，既延续 Chrome Hearts 对先锋潮奢的探索，又以白色皮衣为载体诠释个性态度，每一颗金属铆钉都似潮奢品味的注解，让皮衣单品进阶为造型焦点；后背的巨型十字图腾刺绣+品牌花体字标识，从正面的利落机车线条到背面的视觉冲击细节，再到内衬的品牌暗纹，都为造型增添潮流层次与高端质感，无论是街头炸街还是轻奢社交，都能展现你的潮奢格调与不羁态度。 ⚠️ 发货规格：全套包装 ❗️颜色：白色 ❗ 标准尺码： ❗ 支持量身定制;0;;lrg3k8cd5bgw3jv;;Для мужчин;"[""https://xcimg.szwego.com/img/65702085/20251016/i1760547867_5606_6.jpg"", ""https://xcimg.szwego.com/img/65702085/20251016/i1760547866_8080_1.jpg"", ""https://xcimg.szwego.com/img/65702085/20251016/i1760547867_5667_11.jpg"", ""https://xcimg.szwego.com/img/65702085/20251016/i1760547867_5916_9.jpg"", ""https://xcimg.szwego.com/img/65702085/20251016/i1760547867_4791_5.jpg"", ""https://xcimg.szwego.com/img/65702085/20251016/i1760547866_6128_3.jpg"", ""https://xcimg.szwego.com/img/65702085/20251016/i1760547866_2100_4.jpg"", ""https://xcimg.szwego.com/img/65702085/20251016/i1760547867_1584_7.jpg"", ""https://xcimg.szwego.com/img/65702085/20251016/i1760547866_1671_2.jpg""]"
_dk-rSnLmqRZAo_quIpGndm8YX_STxQE2HUXzH7A;;CHROME HEARTS 克罗心白色机车风真皮夹克 — 潮奢型格 · 纯白皮革与十字图腾的先锋共鸣 — Chrome Hearts 这款白色机车风真皮夹克，是潮奢领域风格与工艺的标杆之作，将品牌标志性的十字图腾美学与机车皮衣的酷飒基因精妙融合。严选高品质纯白真皮面料，经细腻工艺呈现出纯净无瑕的质感，触感柔滑且富有高级光泽，辨识度拉满；衣身采用经典机车风剪裁，斜拉链设计+品牌专属十字五金件点缀，前胸的多组拉链口袋兼具实用性与工业感，肩部的十字装饰细节充满设计巧思，既延续 Chrome Hearts 对先锋潮奢的探索，又以白色皮衣为载体诠释个性态度，每一颗十字铆钉都似潮奢品味的注解，让皮衣单品进阶为造型焦点；后背的巨型十字图腾拼接+金属饰件，从正面的利落机车线条到背面的视觉冲击细节，再到内衬的品牌暗纹，都为造型增添潮流层次与高端质感，无论是街头炸街还是轻奢社交，都能展现你的潮奢格调与不羁态度。 ⚠️ 发货规格：全套包装 ❗️颜色：白色 ❗ 标准尺码： ❗ 支持量身定制;0;;lrg3k8cd5bgw3jv;;Для мужчин;"[""https://xcimg.szwego.com/img/65702085/20251016/i1760547599_3756_0.jpg"", ""https://xcimg.szwego.com/img/65702085/20251016/i1760547601_2741_0.jpg"", ""https://xcimg.szwego.com/img/65702085/20251016/i1760547601_8390_0.jpg"", ""https://xcimg.szwego.com/img/65702085/20251016/i1760547604_830_0.jpg"", ""https://xcimg.szwego.com/img/65702085/20251016/i1760547599_5753_0.jpg"", ""https://xcimg.szwego.com/img/65702085/20251016/i1760547601_618_0.jpg"", ""https://xcimg.szwego.com/img/65702085/20251016/i1760547599_1964_0.jpg"", ""https://xcimg.szwego.com/img/65702085/20251016/i1760547599_4319_0.jpg"", ""https://xcimg.szwego.com/img/65702085/20251016/i1760547602_4024_0.jpg""]"
_dnUrSLR8mWsZ7iRmzQVg_JXLlz6Y3ObGyqzmZ5w;;CHROME HEARTS 克罗心拼接工装风夹克 — 潮奢型格 · 麂皮肌理与十字图腾的复古共鸣 — Chrome Hearts 这款黑灰拼接工装风夹克，是潮奢领域工艺与风格的惊艳之作，将品牌标志性的复古图腾美学与工装单品的硬朗基因巧妙融合。严选高品质麂皮与真皮面料，经精细工艺呈现出高级质感，麂皮触感细腻软糯，真皮部位光泽高级，视觉与触觉的双重质感极具辨识度；衣身采用经典工装风剪裁，皮料拼接设计+品牌专属十字花铆钉点缀，前胸的双皮袋兼具实用性与复古感，既延续 Chrome Hearts 对潮奢复古的探索，又以拼接工装为载体诠释个性态度，每一颗十字铆钉都似潮奢品味的注解，让工装夹克进阶为造型焦点；后背的巨型复古图腾皮绣+品牌标识，从正面的撞色拼接线条到背面的视觉冲击细节，再到内衬的品牌暗纹，都为造型增添潮流层次与高端质感，无论是复古出街还是潮奢社交，都能展现你的潮奢格调与复古态度。 ⚠️ 发货规格：全套包装 ❗️颜色：黑色 ❗ 标准尺码： ❗ 支持量身定制;0;;lrg3k8cd5bgw3jv;;Для мужчин;"[""https://xcimg.szwego.com/img/65702085/20251016/i1760547744_8597_10.jpg"", ""https://xcimg.szwego.com/img/65702085/20251016/i1760547744_6056_6.jpg"", ""https://xcimg.szwego.com/img/65702085/20251016/i1760547744_3527_1.jpg"", ""https://xcimg.szwego.com/img/65702085/20251016/i1760547744_7801_0.jpg"", ""https://xcimg.szwego.com/img/65702085/20251016/i1760547744_9265_4.jpg"", ""https://xcimg.szwego.com/img/65702085/20251016/i1760547744_9475_8.jpg"", ""https://xcimg.szwego.com/img/65702085/20251016/i1760547744_3653_2.jpg"", ""https://xcimg.szwego.com/img/65702085/20251016/i1760547744_7207_5.jpg"", ""https://xcimg.szwego.com/img/65702085/20251016/i1760547744_1313_9.jpg""]"
_dncrSG7QYwA_x_jf4yca6poGNg-em-GhWTi-UcQ;;CHROME HEARTS 克罗心黑色真皮衬衫式夹克 — 潮奢型格 · 真皮肌理与复古图腾的质感共鸣 — Chrome Hearts 这款黑色真皮衬衫式夹克，是潮奢领域工艺与风格的细腻之作，将品牌标志性的复古图腾美学与真皮衬衫的优雅基因巧妙融合。严选高品质黑色真皮面料，经特殊工艺呈现出做旧褶皱质感，触感软糯且富有复古光泽，质感高级且极具辨识度；衣身采用衬衫式剪裁，单口袋设计+品牌专属十字花铆钉纽扣点缀，每一颗纽扣都暗藏品牌标识，既延续 Chrome Hearts 对潮奢复古的探索，又以真皮衬衫为载体诠释个性态度，每一处铆钉细节都似潮奢品味的注解，让真皮衬衫进阶为造型焦点；后背的巨型复古图腾皮绣+铆钉装饰，从正面的简约衬衫线条到背面的视觉冲击细节，再到内衬的品牌暗纹，都为造型增添潮流层次与高端质感，无论是复古通勤还是潮奢社交，都能展现你的潮奢格调与复古态度。 ⚠️ 发货规格：全套包装 ❗️颜色：黑色 ❗ 标准尺码： ❗ 支持量身定制;0;;lrg3k8cd5bgw3jv;;Для мужчин;"[""https://xcimg.szwego.com/img/65702085/20251016/i1760547355_3587_0.jpg"", ""https://xcimg.szwego.com/img/65702085/20251016/i1760547327_4975_8.jpg"", ""https://xcimg.szwego.com/img/65702085/20251016/i1760547357_2650_0.jpg"", ""https://xcimg.szwego.com/img/65702085/20251016/i1760547327_7748_9.jpg"", ""https://xcimg.szwego.com/img/65702085/20251016/i1760547353_7326_0.jpg"", ""https://xcimg.szwego.com/img/65702085/20251016/i1760547326_9278_0.jpg"", ""https://xcimg.szwego.com/img/65702085/20251016/i1760547326_8038_7.jpg"", ""https://xcimg.szwego.com/img/65702085/20251016/i1760547357_2719_0.jpg"", ""https://xcimg.szwego.com/img/65702085/20251016/i1760547357_1516_0.jpg""]"
_daDrSRkJor1p7vjAF4jExjnUe0dV_zZh3H0HgSQ;;CHROME HEARTS 克罗心黑色机车风真皮夹克 — 潮奢型格 · 哑光皮革与十字图腾的酷飒共鸣 — Chrome Hearts 这款黑色机车风真皮夹克，是潮奢领域风格与工艺的硬核之作，将品牌标志性的十字图腾美学与机车皮衣的酷飒基因深度融合。严选高品质哑光黑色真皮面料，经精湛工艺呈现出细腻柔滑的质感，触感高级且富有韧性，极具辨识度；衣身采用经典机车风剪裁，斜拉链设计+品牌专属十字五金件点缀，前胸的拉链口袋兼具实用性与工业感，袖口的绑带细节充满设计巧思，既延续 Chrome Hearts 对先锋潮奢的探索，又以黑色皮衣为载体诠释个性态度，每一处五金细节都似潮奢品味的注解，让皮衣单品进阶为造型焦点；后背的巨型十字图腾皮绣+金属饰件，从正面的利落机车线条到背面的视觉冲击细节，再到内衬的品牌暗纹，都为造型增添潮流层次与高端质感，无论是街头炸街还是轻奢社交，都能展现你的潮奢格调与不羁态度。 ⚠️ 发货规格：全套包装 ❗️颜色：黑色 ❗ 标准尺码： ❗ 支持量身定制;0;;lrg3k8cd5bgw3jv;;Для мужчин;"[""https://xcimg.szwego.com/img/65702085/20251016/i1760547197_8303_9.jpg"", ""https://xcimg.szwego.com/img/65702085/20251016/i1760547197_8033_8.jpg"", ""https://xcimg.szwego.com/img/65702085/20251016/i1760547196_9579_1.jpg"", ""https://xcimg.szwego.com/img/65702085/20251016/i1760547196_9707_0.jpg"", ""https://xcimg.szwego.com/img/65702085/20251016/i1760547197_6308_7.jpg"", ""https://xcimg.szwego.com/img/65702085/20251016/i1760547197_887_10.jpg"", ""https://xcimg.szwego.com/img/65702085/20251016/i1760547197_6956_6.jpg"", ""https://xcimg.szwego.com/img/65702085/20251016/i1760547196_4929_3.jpg"", ""https://xcimg.szwego.com/img/65702085/20251016/i1760547197_2474_5.jpg""]"
_daJrSZVCCerTZbW0pSec3JpLhOKeDFZ-2E_AeRQ;;Louis Vuitton | 路易威登经典老花皮草领夹克 —奢华质感，高阶型格— 路易威登这款经典老花皮草领夹克，以品牌标志性元素重塑奢华，将复古与当下时尚完美融合，男女皆适配，诠释无界风格。整体以经典黑色为主调，沉稳大气，自带高级气场。甄选优质皮革，纹理细腻且质感饱满，每一寸都散发着高端皮具的精湛工艺；领口皮草柔软蓬松，为硬朗版型注入温柔触感，冷暖风格碰撞出独特魅力。经典老花满印设计，是LV刻入基因的时尚符号，满溢品牌底蕴，于细节处彰显身份品味；对称口袋兼具实用性与装饰性，利落线条勾勒出硬朗轮廓，宽松版型适配多元身形，内搭衬衫尽显绅士格调，搭配卫衣又能切换街头潮范，轻松驾驭不同场景。无论是出入高端场合，还是漫步都市街头，这件夹克都能凭借其奢华质感与标志性设计，让你成为人群中自带光芒的存在，传递路易威登始终坚守的高端时尚态度，演绎独属于你的高阶型格。 ⚠️发货规格全套包装 ❗️标准尺码：48-56 ❗️可接量身定制;0;;lrg3k8cd5bgw3jv;;Для мужчин;"[""https://xcimg.szwego.com/img/65702085/20250828/i1756379422_1802_4.jpg"", ""https://xcimg.szwego.com/img/65702085/20250828/i1756379422_8911_2.jpg"", ""https://xcimg.szwego.com/img/65702085/20250828/i1756379422_6260_7.jpg"", ""https://xcimg.szwego.com/img/65702085/20250828/i1756379422_9406_8.jpg"", ""https://xcimg.szwego.com/img/65702085/20250828/i1756379422_2571_5.jpg"", ""https://xcimg.szwego.com/img/65702085/20250828/i1756379422_6578_6.jpg"", ""https://xcimg.szwego.com/img/65702085/20250828/i1756379422_6313_3.jpg"", ""https://xcimg.szwego.com/img/65702085/20250828/i1756379422_91_0.jpg"", ""https://xcimg.szwego.com/img/65702085/20250828/i1756379423_5163_9.jpg""]"
_dxbrSwIuPDCBEX5zDhfc9nhbqsiC4od6q2QMi8A;;Louis Vuitton｜路易威登FW23机车夹克 —潮流先锋的不羁宣言— 于时尚的浩瀚宇宙中，路易威登FW23字母标识拉链机车外套夹克，宛如一颗璀璨夺目的流星。 以黑色为主调，犹如夜的深邃，将神秘与酷帅完美融合。领口与胸前那一抹亮眼的蓝色“VUITTON”字母标识，恰似划破夜空的闪电，瞬间抓住众人目光。衣袖的白色拼接设计，如破晓时分的曙光，为整体增添灵动与层次感。 材质上，精心挑选高品质面料，赋予其舒适的穿着体验与卓越的质感。拉链的设计流畅且富有金属光泽，每一次拉合，都似奏响时尚的乐章。 它不仅是一件服装，更是潮流态度的彰显。穿上它，仿佛化身为都市中的时尚骑士，穿梭于大街小巷，以独特的风格，打破常规，演绎属于自己的时尚传奇，在时光的长河中，留下难以磨灭的潮流印记。 ⚠️发货规格全套包装 ❗️标准尺码：48-56 ❗️可接量身定制;0;;lrg3k8cd5bgw3jv;;Для мужчин;"[""https://xcimg.szwego.com/img/65702085/20250807/i1754551918_2533_2.jpg"", ""https://xcimg.szwego.com/img/65702085/20250807/i1754551919_5578_7.jpg"", ""https://xcimg.szwego.com/img/65702085/20250807/i1754551920_9553_9.jpg"", ""https://xcimg.szwego.com/img/65702085/20250807/i1754551919_5473_6.jpg"", ""https://xcimg.szwego.com/img/65702085/20250807/i1754551917_3576_0.jpg"", ""https://xcimg.szwego.com/img/65702085/20250807/i1754551918_7250_1.jpg"", ""https://xcimg.szwego.com/img/65702085/20250807/i1754551918_1937_3.jpg"", ""https://xcimg.szwego.com/img/65702085/20250807/i1754551920_7595_8.jpg"", ""https://xcimg.szwego.com/img/65702085/20250807/i1754551918_9167_4.jpg""]"
_dtDrSc2c94Jf-3hlj1i6YV5J4C3RnbPafDwLkiQ;;Louis Vuitton 拼接夹克 —奢华与个性交织，时尚新定义— 当路易威登的经典奢华邂逅大胆的拼接艺术，这款夹克应运而生，瞬间成为时尚焦点。版型利落有型，既保留品牌一贯的高端质感，又融入潮流拼接元素，展现出不拘一格的时尚态度。面料选取上尽显匠心，不同区域采用多种优质材质拼接，有的区域纹理独特，仿佛诉说着野性魅力；有的区域带着经典的品牌标识，彰显品牌底蕴，整体兼顾视觉美感与穿着舒适。细节处更是亮点满满，精致的缝线将不同面料完美衔接，毫无违和感。品牌标识巧妙融入其中，低调却又极具辨识度，走到哪里都是吸睛利器。无论是搭配休闲裤打造随性街头风，还是搭配西裤展现都市精英范，它都能轻松驾驭。 ⚠️发货规格全套包装 ❗️标准尺码：48-56 ❗️可接量身定制;0;;lrg3k8cd5bgw3jv;;Для мужчин;"[""https://xcimg.szwego.com/img/65702085/20250905/i1757084411_9949_2.jpg"", ""https://xcimg.szwego.com/img/65702085/20250905/i1757084411_5672_3.jpg"", ""https://xcimg.szwego.com/img/65702085/20250905/i1757084502_53_2.jpg"", ""https://xcimg.szwego.com/img/65702085/20250905/i1757084501_4234_0.jpg"", ""https://xcimg.szwego.com/img/65702085/20250905/i1757084515_6887_0.jpg"", ""https://xcimg.szwego.com/img/65702085/20250905/i1757084502_1118_4.jpg"", ""https://xcimg.szwego.com/img/65702085/20250905/i1757084502_658_1.jpg"", ""https://xcimg.szwego.com/img/65702085/20250905/i1757084502_4188_3.jpg"", ""https://xcimg.szwego.com/img/65702085/20250905/i1757084502_4305_5.jpg""]"
_dmzrSoRzLs-MELcju741GAu2z1kTdbHA5AHUvSQ;;Louis Vuitton|路易威登2025春夏蟒蛇皮拼色拉链短款夹克 —奢尚新章，蟒纹律动— 于2025春夏时装秀夺目登场，路易威登以这件蟒蛇皮拼色拉链短款夹克，诠释极致奢华与先锋时尚的融合之美。 甄选蟒蛇皮与小羊皮匠心打造，100%蟒蛇皮部分，纹理细腻且极具张力，似诉说着野性与神秘 ；搭配小羊皮，带来柔软亲肤的触感。沉稳的中棕色为主调，运动风的设计轮廓，彰显活力与不羁。衣袖处著名的撞色Monogram图案，如时尚的勋章，是LV经典元素的摩登演绎。 拉链开合与镌刻LV首字母的拉链头，细节之处尽显品牌格调。两个带滚边的侧袋，实用又美观。松紧腰部和袖口与高领巧妙结合，不仅贴合身形，勾勒出利落的线条，还为整体造型增添了一份优雅与干练。全衬里的设计，进一步提升了穿着的舒适度。产自意大利，精湛的工艺赋予了这件夹克无与伦比的品质，无论是穿梭于时尚秀场，还是漫步繁华都市街头，它都能让穿着者成为瞩目的焦点，完美彰显路易威登的品牌魅力与独特时尚态度。 ⚠️发货规格全套包装 ❗️标准尺码：48-56 ❗️可接量身定制;0;;lrg3k8cd5bgw3jv;;Для мужчин;"[""https://xcimg.szwego.com/img/65702085/20250806/i1754472920_3750_0.jpg"", ""https://xcimg.szwego.com/img/65702085/20250806/i1754472920_2548_1.jpg"", ""https://xcimg.szwego.com/img/65702085/20250804/i1754302611_5333_1.jpg"", ""https://xcimg.szwego.com/img/65702085/20250804/i1754302611_9289_7.jpg"", ""https://xcimg.szwego.com/img/65702085/20250804/i1754302611_7014_2.jpg"", ""https://xcimg.szwego.com/img/65702085/20250804/i1754302611_4853_4.jpg"", ""https://xcimg.szwego.com/img/65702085/20250804/i1754302611_5349_6.jpg"", ""https://xcimg.szwego.com/img/65702085/20250804/i1754302611_653_8.jpg"", ""https://xcimg.szwego.com/img/65702085/20250804/i1754302611_6649_5.jpg""]"
_dvzrSKCELR2a-GA4AnpkbWJtH2w_z9qJWWxBFqw;;Louis Vuitton 男士皮革拼接夹克 —经典碰撞，奢潮典范— 当路易威登的经典奢华与皮革的硬朗质感相遇，这款夹克便成为时尚界的焦点之作。版型挺括有型，既延续品牌一贯的高端格调，又凭借皮革元素注入不羁潮酷感，完美诠释经典与潮流的融合之美。面料选取尽显匠心，主体部分采用质感出众的面料，触感细腻且富有垂坠感；袖子则选用优质皮革，纹理清晰，光泽度佳，不仅提升整体质感，更添一份硬朗气场，兼顾舒适与视觉冲击。细节之处亮点纷呈，精致的缝线将不同面料巧妙衔接，毫无违和感。胸前标志性的品牌标识刺绣，低调却极具辨识度，彰显品牌底蕴；背部的品牌贴饰，更是点睛之笔，让整体造型更具层次感与设计感。无论是搭配休闲裤打造随性街头风，还是搭配西裤展现都市精英范儿，它都能轻松驾驭，为穿搭增添一抹奢华与潮流气息。 ⚠️发货规格全套包装 ❗️标准尺码：48-56 ❗️可接量身定制;0;;lrg3k8cd5bgw3jv;;Для мужчин;"[""https://xcimg.szwego.com/img/65702085/20250905/i1757084065_6897_0.jpg"", ""https://xcimg.szwego.com/img/65702085/20250905/i1757084065_170_4.jpg"", ""https://xcimg.szwego.com/img/65702085/20250905/i1757084152_9290_4.jpg"", ""https://xcimg.szwego.com/img/65702085/20250905/i1757084152_958_7.jpg"", ""https://xcimg.szwego.com/img/65702085/20250905/i1757084152_7852_9.jpg"", ""https://xcimg.szwego.com/img/65702085/20250905/i1757084152_1306_5.jpg"", ""https://xcimg.szwego.com/img/65702085/20250905/i1757084152_7360_3.jpg"", ""https://xcimg.szwego.com/img/65702085/20250905/i1757084152_9540_8.jpg"", ""https://xcimg.szwego.com/img/65702085/20250905/i1757084151_6357_0.jpg""]"
_dlJrSIyhl74imrURdBb4j0S-MCLUIDfodmYNccw;;Louis Vuitton|路易威登男士24新款柔软羊皮束腰夹克 —奢雅新姿，革纹逸韵— 于2024新款中，路易威登以这件柔软羊皮束腰夹克，为LV Cup系列注入别样的雅致格调。 选用染软羊皮革，质感细腻且柔软亲肤，每一寸都彰显着品牌对材质的极致追求。标志性的LV字母压印于胸前贴袋，似无声的品牌宣言，低调中尽显奢华。左袖上Monogram花卉压纹贴饰，宛如精致的艺术笔触，将品牌经典元素巧妙融入，绽放独特魅力。 背部V形缝线设计，不仅增添了夹克的立体感，还与领口下方的Gaston贴饰相互呼应，细节之处尽显匠心。中央前襟和袖口的按扣设计，方便穿脱且提升了整体的利落感，侧袋的压纹细节更是锦上添花。全内衬的配置，进一步提升了穿着的舒适度。 标准版型适配多种身形，无论是搭配休闲裤漫步都市街头，还是与正装裤组合出席半正式场合，这件夹克都能让穿着者散发绅士魅力，诠释路易威登在2024年对于时尚、品质与运动风格融合的全新理解。 ⚠️发货规格全套包装 ❗️标准尺码：48-56 ❗️可接量身定制;0;;lrg3k8cd5bgw3jv;;Для мужчин;"[""https://xcimg.szwego.com/img/65702085/20250806/i1754462466_1424_0.jpg"", ""https://xcimg.szwego.com/img/65702085/20250806/i1754462491_9570_0.jpg"", ""https://xcimg.szwego.com/img/65702085/20250805/i1754378743_534_5.jpg"", ""https://xcimg.szwego.com/img/65702085/20250805/i1754378742_6919_0.jpg"", ""https://xcimg.szwego.com/img/65702085/20250805/i1754378743_6217_4.jpg"", ""https://xcimg.szwego.com/img/65702085/20250805/i1754378743_4179_6.jpg"", ""https://xcimg.szwego.com/img/65702085/20250805/i1754378785_7857_0.jpg"", ""https://xcimg.szwego.com/img/65702085/20250805/i1754378743_458_1.jpg"", ""https://xcimg.szwego.com/img/65702085/20250805/i1754378743_7351_2.jpg""]"
_d-ArSR16__gq_1tHqd8LeOcnKhDHFRyy_pSihvQ;;prada普拉达西装式夹克 面料采用100%羊猄皮（羊皮磨面工艺），皮质绒毛细腻均匀、触感软糯高级，经特殊鞣制与做旧工艺处理，呈现出独特的复古质感，耐磨性与风格表现力俱佳；里料选用100%聚酯纤维，光泽挺括，为穿着体验赋能。裁片环节凭借精湛手工技艺，将西装领、肩缝、口袋等部位裁片的拼接误差控制到近乎零界，为整体结构的精密缝合筑牢根基。皮革拼接工艺极具巧思，背部三角标识拼接处针脚细密均匀、严丝合缝，既强化了品牌辨识度，又塑造出工艺细节亮点；衣身各裁片拼接处线迹流畅，将羊猄皮的柔软与西装版型的挺括完美融合。五金工艺尽显品质，定制金属纽扣做工精细，表面纹理清晰且光泽度高，经多次扣合测试仍牢固耐用；纽扣与羊猄皮的衔接处缝制精细，无丝毫毛躁。缝制工艺上，全身线迹平整致密，羊猄皮边缘包边处理干净利落；袖口多纽扣拼接工艺严格把控，针迹密度与平整度均达高等级标准，穿着舒适且尽显西装式夹克的精致格调。 ❗️颜色：绿色 ❗️标准尺码：;0;;lrg3k8cd5bgw3jv;;Для мужчин;"[""https://xcimg.szwego.com/img/65702085/20251222/i1766411379402_6656_0_0.jpg"", ""https://xcimg.szwego.com/img/65702085/20251222/i1766411374619_2013_0_1.jpg"", ""https://xcimg.szwego.com/img/65702085/20251222/i1766411374567_4792_0_2.jpg"", ""https://xcimg.szwego.com/img/65702085/20251222/i1766411374629_9524_0_3.jpg"", ""https://xcimg.szwego.com/img/65702085/20251222/i1766411374607_7725_0_4.jpg"", ""https://xcimg.szwego.com/img/65702085/20251222/i1766411374612_7515_0_5.jpg"", ""https://xcimg.szwego.com/img/65702085/20251222/i1766411379376_7101_0_6.jpg"", ""https://xcimg.szwego.com/img/65702085/20251222/i1766411379382_3923_0_7.jpg"", ""https://xcimg.szwego.com/img/65702085/20251222/i1766411379319_4703_0_8.jpg""]"
_dhLrSq1KN-vkrjqfxUHyjQfHTbuvx4lg5B0APRg;;Bottega Veneta 葆蝶家奢级棒球夹克 面料采用100%羊皮革，皮质粒面饱满、触感细腻且韧性十足，经高端鞣制工艺处理，耐磨性与质感表现优异；里料选用100%聚酯纤维，顺滑挺括，为穿着体验保驾护航。裁片环节依托精湛手工技艺，将领口、肩缝、口袋等拼接部位的裁片误差控制到近乎零界，为整体结构的精密缝合筑牢根基。背部三角拼接造型工艺考究，针脚细密均匀、严丝合缝，既强化了结构稳定性，又塑造出极具辨识度的视觉亮点。皮革拼接工艺尽显匠心，衣身各裁片拼接处线迹流畅平整，将羊皮革的挺括与棒球夹克版型的休闲感完美融合；羊皮革与针织罗纹的拼接处工艺严格把控，针迹密度与平整度均达高等级标准，穿着舒适且过渡自然。五金工艺尤为出色，定制金属拉链齿咬合紧密，拉链头造型精致且质感厚重，经多次拉合测试仍顺滑无阻；拉链与羊皮革的衔接处缝制精细，无丝毫毛躁。缝制工艺上，全身线迹平整致密，皮革边缘包边处理干净利落；口袋等细节部位的缝制工艺严格把控，线迹密度与平整度均达高等级标准，彰显工艺的精湛与严谨。领口结构经专业工艺塑形，穿着挺括且贴合颈部；多处细节的缝制工艺经严格把控，线迹平整度等指标均达高等级标准，从内到外全方位展现顶级皮革工艺的魅力。 ❗️颜色：黑色 ❗️标准尺码：;0;;lrg3k8cd5bgw3jv;;Для мужчин;"[""https://xcimg.szwego.com/img/65702085/20251222/i1766411464539_8492_0_0.jpg"", ""https://xcimg.szwego.com/img/65702085/20251222/i1766411459948_632_0_1.jpg"", ""https://xcimg.szwego.com/img/65702085/20251222/i1766411459913_8766_0_2.jpg"", ""https://xcimg.szwego.com/img/65702085/20251222/i1766411464433_9400_0_3.jpg"", ""https://xcimg.szwego.com/img/65702085/20251222/i1766411459865_8570_0_4.jpg"", ""https://xcimg.szwego.com/img/65702085/20251222/i1766411459827_1142_0_5.jpg"", ""https://xcimg.szwego.com/img/65702085/20251222/i1766411459744_6730_0_6.jpg"", ""https://xcimg.szwego.com/img/65702085/20251222/i1766411464438_4398_0_7.jpg"", ""https://xcimg.szwego.com/img/65702085/20251222/i1766411464467_400_0_8.jpg""]"
_d_8rSmxCfELXEVNXQS-BnkxH0hN8A59zmpe4rNw;;LOEWE 罗意威短款翻领皮质夹克 面料甄选头层小牛皮经雾面鞣制工艺处理，通过多次轻揉摔纹打造出细腻的荔枝纹肌理，皮质表面呈现低调的哑光质感，同时经防泼水处理+固色工艺加持，色牢度与抗污性表现优异；里料选用高密哑光缎面材质，经精密织机织造后兼具顺滑触感与透气特性，与皮质面料形成柔硬质感碰撞，穿着时亲肤无摩擦感，为整体穿着体验增添舒适层次。裁片环节依托3D立体裁剪系统，结合短款廓形的人体工学数据，将肩缝、袖窿等拼接部位的裁片误差控制在±0.2mm内，尤其针对落肩袖与短款衣身的衔接裁片，经反复调试优化版型比例，为整体结构的精密缝合筑牢根基；衣身的褶皱设计采用预压定型工艺，通过模具恒温压制让褶皱形态自然且久穿不易散开，赋予夹克独特的造型感与立体感。缝制工艺里，手工双针拱针工艺完成皮质拼接，针距精准控制在5mm/针，线迹平整且拉力均匀，有效避免皮质面料缝线处开裂；拉链选用定制金属拉链搭配真皮拉片，拉片经压印logo+手工缝线固定工艺处理，真皮材质与衣身皮质形成同色系质感呼应，拉链齿经电镀封釉工艺处理，顺滑易拉且不易氧化褪色；后背的LOEWE皮质标贴采用热压粘合+手工包边工艺，标贴边缘平整无毛刺，兼具辨识度与耐久性。翻领结构经冷压定型工艺塑形，内置轻薄支撑片，经弯折测试后仍能保持挺括形态，领面与衣身的拼接处采用隐藏式暗缝工艺，减少缝线突兀感；袖口的拼接部位经手工包边加固工艺处理，耐磨损性经测试表现出色；下摆的收褶设计通过定点锁缝工艺固定，既保证造型的层次感，又避免褶皱移位，多处细节的缝制工艺经严格把控，线迹平整度、皮质拼接贴合度等指标均达高等级标准。 ⚠️颜色 深棕 ⚠️标准尺码 36/38/40/42/44;0;;lrg3k8cd5bgw3jv;;Для мужчин;"[""https://xcimg.szwego.com/img/adebff46/20260101/i1767249895622_6224_0_0.jpg"", ""https://xcimg.szwego.com/img/adebff46/20260101/i1767249892455_2277_0_1.jpg"", ""https://xcimg.szwego.com/img/adebff46/20260101/i1767249892266_1860_0_2.jpg"", ""https://xcimg.szwego.com/img/adebff46/20260101/i1767249895197_2368_0_4.jpg"", ""https://xcimg.szwego.com/img/adebff46/20260101/i1767249892221_2913_0_5.jpg"", ""https://xcimg.szwego.com/img/adebff46/20260101/i1767249895584_1134_0_6.jpg"", ""https://xcimg.szwego.com/img/adebff46/20260101/i1767249895526_4976_0_7.jpg"", ""https://xcimg.szwego.com/img/adebff46/20260101/i1767249895586_4212_0_8.jpg"", ""https://xcimg.szwego.com/img/adebff46/20260101/i1767249892358_2117_0_9.jpg""]"
_disrSxzKYlXs4yn7WlfbEyV9-NY-uHxZKkqHjbQ;;ERMANNO SCERVINO 羊皮毛一体手工刺绣机车夹克 面料甄选头层绵羊皮经原生态鞣制工艺处理，结合摔纹打磨打造出自然的荔枝纹肌理，皮质表面呈现哑光质感的同时保留柔软韧性；皮毛一体的内层采用澳洲美利奴羊毛经梳绒定型工艺处理，羊毛纤维蓬松且不易脱落，经抗静电工艺加持，穿着时亲肤无刺痒感，皮质与羊毛的黄金配比让夹克兼具保暖性与透气性，为秋冬穿着提供舒适体验。裁片环节依托3D立体裁剪系统，结合机车夹克的版型人体工学数据，将肩袖、衣摆等拼接部位的裁片误差控制在±0.2mm内，尤其针对翻领与皮毛滚边的衔接裁片，经反复调试优化弧度比例，为整体结构的精密缝合筑牢根基；衣身的拼接裁片采用激光定位标记工艺，确保刺绣图案与皮质拼接的对位精准度，让装饰与版型融合更协调。刺绣工艺里，采用法式结粒绣与立体缎面绣组合针法，选用高支羊绒绣线经色牢度预染处理，黑白绣线在皮质基底上勾勒出立体花纹，每一颗结粒由手工绕线打结而成，圆润饱满且排列规整；花朵纹样的缎面绣针脚密度达32针/英寸，边缘平整度极高，刺绣部位经手工加固锁边工艺处理，有效避免绣线脱落，兼具艺术感与耐久性；金属拉链选用定制电镀封釉拉链，顺滑易拉且不易氧化褪色，拉链轨道与皮质的衔接处采用手工包边工艺，针脚细密工整。翻领与袖口的羊毛滚边经冷压定型工艺塑形，内置轻薄皮质支撑片，经弯折测试后仍能保持挺括的蓬松形态；下摆的皮质腰带扣具经精密压铸工艺加工，金属扣的咬合度与耐用性经测试表现出色，腰带的打孔位采用激光冲孔工艺，边缘光滑无毛刺；多处细节的缝制工艺经严格把控，皮质拼接的线迹平整度、羊毛滚边的贴合度等指标均达高等级标准，让工艺与设计实现完美融合。 ❗️颜色： ❗️标准尺码：;0;;lrg3k8cd5bgw3jv;;Для мужчин;"[""https://xcimg.szwego.com/img/adebff46/20260101/i1767250860391_1971_0_0.jpg"", ""https://xcimg.szwego.com/img/adebff46/20260101/i1767250860432_1525_0_1.jpg"", ""https://xcimg.szwego.com/img/adebff46/20260101/i1767250860242_1105_0_2.jpg"", ""https://xcimg.szwego.com/img/adebff46/20260101/i1767250865355_3394_0_3.jpg"", ""https://xcimg.szwego.com/img/adebff46/20260101/i1767250860309_9019_0_4.jpg"", ""https://xcimg.szwego.com/img/adebff46/20260101/i1767250867654_8086_0_5.jpg"", ""https://xcimg.szwego.com/img/adebff46/20260101/i1767250867695_8577_0_6.jpg"", ""https://xcimg.szwego.com/img/adebff46/20260101/i1767250860282_7000_0_7.jpg"", ""https://xcimg.szwego.com/img/adebff46/20260101/i1767250867566_2425_0_8.jpg""]"
_d8arSqrlt22Psw6P_JwRyZwbGVXVRLlN6v1K0jg;;ERMANNO SCERVINO 羊皮毛一体手工刺绣机车夹克 面料甄选头层绵羊皮经原生态鞣制工艺处理，结合摔纹打磨打造出自然的荔枝纹肌理，皮质表面呈现哑光质感的同时保留柔软韧性；皮毛一体的内层采用澳洲美利奴羊毛经梳绒定型工艺处理，羊毛纤维蓬松且不易脱落，经抗静电工艺加持，穿着时亲肤无刺痒感，皮质与羊毛的黄金配比让夹克兼具保暖性与透气性，为秋冬穿着提供舒适体验。裁片环节依托3D立体裁剪系统，结合机车夹克的版型人体工学数据，将肩袖、衣摆等拼接部位的裁片误差控制在±0.2mm内，尤其针对翻领与皮毛滚边的衔接裁片，经反复调试优化弧度比例，为整体结构的精密缝合筑牢根基；衣身的拼接裁片采用激光定位标记工艺，确保刺绣图案与皮质拼接的对位精准度，让装饰与版型融合更协调。刺绣工艺里，采用法式结粒绣与立体缎面绣组合针法，选用高支羊绒绣线经色牢度预染处理，黑白绣线在皮质基底上勾勒出立体花纹，每一颗结粒由手工绕线打结而成，圆润饱满且排列规整；花朵纹样的缎面绣针脚密度达32针/英寸，边缘平整度极高，刺绣部位经手工加固锁边工艺处理，有效避免绣线脱落，兼具艺术感与耐久性；金属拉链选用定制电镀封釉拉链，顺滑易拉且不易氧化褪色，拉链轨道与皮质的衔接处采用手工包边工艺，针脚细密工整。翻领与袖口的羊毛滚边经冷压定型工艺塑形，内置轻薄皮质支撑片，经弯折测试后仍能保持挺括的蓬松形态；下摆的皮质腰带扣具经精密压铸工艺加工，金属扣的咬合度与耐用性经测试表现出色，腰带的打孔位采用激光冲孔工艺，边缘光滑无毛刺；多处细节的缝制工艺经严格把控，皮质拼接的线迹平整度、羊毛滚边的贴合度等指标均达高等级标准，让工艺与设计实现完美融合。 ❗️颜色：棕色 ❗️标准尺码：;0;;lrg3k8cd5bgw3jv;;Для мужчин;"[""https://xcimg.szwego.com/img/adebff46/20260101/i1767250391960_9853_0_0.jpg"", ""https://xcimg.szwego.com/img/adebff46/20260101/i1767250386783_8664_0_1.jpg"", ""https://xcimg.szwego.com/img/adebff46/20260101/i1767250391847_2806_0_2.jpg"", ""https://xcimg.szwego.com/img/adebff46/20260101/i1767250386629_9981_0_3.jpg"", ""https://xcimg.szwego.com/img/adebff46/20260101/i1767250386767_8660_0_4.jpg"", ""https://xcimg.szwego.com/img/adebff46/20260101/i1767250386735_6707_0_5.jpg"", ""https://xcimg.szwego.com/img/adebff46/20260101/i1767250391099_7910_0_6.jpg"", ""https://xcimg.szwego.com/img/adebff46/20260101/i1767250391596_3835_0_7.jpg"", ""https://xcimg.szwego.com/img/adebff46/20260101/i1767250386698_4927_0_8.jpg""]"
_dsxrSjQyNTW2czS1_Dp5a63sPt3iVjMJl1sNWZA;;GUCCI 双G压纹皮革长裤 面料采用100%高级皮革，经专属压纹工艺将经典双G标识立体镌刻于皮革表面，每一处纹路的深度、清晰度均经严格把控，皮革质感细腻且色牢度优异，长久穿着仍能保持浓郁色泽与精致纹理。裁片环节依托品牌精密制版系统，结合裤型的人体工学数据，将裤腰、裤缝等拼接部位的裁片误差控制在±0.15mm内，为整体结构的精密缝合筑牢根基。缝制工艺上，裤身缝线采用高韧性专用皮革线，针距均匀且走线平整；金属纽扣经品牌专属工艺加工，刻有清晰GUCCI标识，耐用性经测试表现出色；后腰口袋的拼接工艺精细，边缘缝线与皮革纹理完美契合，兼具实用性与装饰性。细节处理中，皮革压纹的排布经精准设计，双G图案在裤身呈现出连贯且富有韵律的视觉效果；内侧洗唛标注多语言专业护理说明，确保单品在养护中保持最佳状态；从裤腰的扣合结构到裤脚的边缘处理，每一处细节的工艺标准均达品牌高等级要求，尽显奢华制衣水准。 ❗️颜色：酒红 ❗️标准尺码：;0;;lrg3k8cd5bgw3jv;;Для мужчин;"[""https://xcimg.szwego.com/img/65702085/20260107/i1767801597053_8236_0_9.jpg"", ""https://xcimg.szwego.com/img/65702085/20260107/i1767801671087_2178_0_8.jpg"", ""https://xcimg.szwego.com/img/65702085/20260107/i1767801609772_1142_0_11.jpg"", ""https://xcimg.szwego.com/img/65702085/20260107/i1767801609778_2943_0_12.jpg"", ""https://xcimg.szwego.com/img/65702085/20260107/i1767801597053_347_0_13.jpg"", ""https://xcimg.szwego.com/img/65702085/20260107/i1767801609809_8981_0_14.jpg"", ""https://xcimg.szwego.com/img/65702085/20260107/i1767801609819_3150_0_15.jpg"", ""https://xcimg.szwego.com/img/65702085/20260107/i1767801609831_9151_0_16.jpg"", ""https://xcimg.szwego.com/img/65702085/20260107/i1767801597053_6457_0_17.jpg""]"
_dsdrSqSnBxyLTifmpoU_rIvxtBBEnget26HsgPg;;Balenciaga巴黎世家真皮风衣 —黑奢型格，重构先锋质感— 以经典纯黑诠释真皮风衣的高阶格调，这款作品延续品牌的先锋设计与精湛工艺，将奢华与个性精妙融合。主面料采用优质真皮，触感细腻柔韧，自带天然皮革的高级光泽与挺括质感。酷感的黑色调如暗夜锋芒，冷峻而不失气场，为整体造型注入强烈辨识度与吸睛力。经典西装领搭配精致纽扣设计，尽显摩登优雅的气质，兼具时尚感与实用性。立体剪裁优化了版型的流畅度，修饰身形的同时让穿着者活动更自在。细节处品牌标识贴片质感饱满，每一处缝线都凝聚匠心工艺。利落版型适配多种身形，可轻松搭配西裤、休闲裤等，无论是商务通勤、潮流出街还是个性派对，都能展现出前卫自信的男士格调。 ⚠️ 发货规格：全套原装包装 ❗ 标准尺码：48 - 56 ❗ 支持量身定制;0;;lrg3k8cd5bgw3jv;;Для мужчин;"[""https://xcimg.szwego.com/img/65702085/20250924/i1758728011_1114_6.jpg"", ""https://xcimg.szwego.com/img/65702085/20250924/i1758728011_1969_3.jpg"", ""https://xcimg.szwego.com/img/65702085/20250924/i1758728011_1632_4.jpg"", ""https://xcimg.szwego.com/img/65702085/20250924/i1758728011_5467_2.jpg"", ""https://xcimg.szwego.com/img/65702085/20250924/i1758728011_8012_1.jpg"", ""https://xcimg.szwego.com/img/65702085/20250924/i1758728011_5300_0.jpg"", ""https://xcimg.szwego.com/img/65702085/20250924/i1758728011_4828_8.jpg"", ""https://xcimg.szwego.com/img/65702085/20250924/i1758728011_6462_5.jpg"", ""https://xcimg.szwego.com/img/65702085/20250924/i1758728011_4154_7.jpg""]"
_dnIrSh1lcfnDbqEO8vZTxMaFFuVSLUpwtMpGjZw;;Louis Vuitton | 路易威登连帽皮革夹克 —潮奢交融，个性诠释— 路易威登这款连帽皮革夹克，将品牌经典奢华与街头潮流巧妙融合，用精湛工艺打造出兼具时尚感与实用性的个性单品。整体以黑色皮革为主调，简约大气又散发着酷帅魅力，自带吸睛气场。严选优质皮革，触感顺滑且富有质感，每一处剪裁都体现着品牌对高端制衣工艺的极致追求；连帽设计增添随性感，为硬朗的皮革版型注入休闲活力，不同风格元素的碰撞尽显独特巧思。胸前口袋既具实用功能，又为整体造型添了装饰性，利落线条塑造出立体轮廓，版型适配多元身形，内搭高领衫能打造出清冷高级的都市范儿，搭配T恤则瞬间切换成街头潮人，轻松适配多种场景。无论是在都市街头肆意穿梭，还是在休闲场合放松身心，这件夹克都能凭借其潮奢质感与品牌匠心，让你在人群中尽显独特格调，传递路易威登前沿的时尚态度，演绎独属于你的个性型格。 ⚠️发货规格全套包装 ❗️标准尺码：48-56 ❗️可接量身定制;0;;lrg3k8cd5bgw3jv;;Для мужчин;"[""https://xcimg.szwego.com/img/65702085/20250908/i1757336010_4001_7.jpg"", ""https://xcimg.szwego.com/img/65702085/20250908/i1757336010_1298_5.jpg"", ""https://xcimg.szwego.com/img/65702085/20250908/i1757336010_9739_8.jpg"", ""https://xcimg.szwego.com/img/65702085/20250908/i1757336010_1530_3.jpg"", ""https://xcimg.szwego.com/img/65702085/20250908/i1757336009_3440_0.jpg"", ""https://xcimg.szwego.com/img/65702085/20250908/i1757336010_9822_10.jpg"", ""https://xcimg.szwego.com/img/65702085/20250908/i1757336010_694_9.jpg"", ""https://xcimg.szwego.com/img/65702085/20250908/i1757336009_8995_2.jpg"", ""https://xcimg.szwego.com/img/65702085/20250908/i1757336010_3919_4.jpg""]"
_d22rSwHl3O9yE0vr2jZvaWfetQtjg8OPIFeiaAw;;LOUIS VUITTON路易威登压纹真皮夹克 — 奢潮型格 · 经典老花压纹与真皮工艺的高阶碰撞 — LOUIS VUITTON 焕新呈现这款压纹真皮夹克，将品牌经典老花压纹与真皮机能完美融合，是春秋彰显奢潮品味与个性风格的不二之选。严选高品质真皮面料，经精湛工艺打造出挺括廓形，质感高级且富有复古腔调；衣身经典老花压纹精致立体，极具视觉辨识度，彰显LV品牌的百年传承与时尚态度，将奢牌底蕴与潮流设计精妙糅合。翻领版型利落大气，多口袋设计兼具实用性与造型感；细节处的精致处理，从真皮的压纹工艺到衣身的剪裁，都为整体造型增添奢潮层次与高端质感，轻松驾驭都市通勤、圈层社交等多种风格场景。 ⚠️ 发货规格：全套包装 ❗️颜色：黑色 ❗ 标准尺码： ❗ 支持量身定制;0;;lrg3k8cd5bgw3jv;;Для мужчин;"[""https://xcimg.szwego.com/img/65702085/20251008/i1759935812_1970_5.jpg"", ""https://xcimg.szwego.com/img/65702085/20251008/i1759935812_3372_1.jpg"", ""https://xcimg.szwego.com/img/65702085/20251008/i1759935812_4214_9.jpg"", ""https://xcimg.szwego.com/img/65702085/20251008/i1759935812_7784_7.jpg"", ""https://xcimg.szwego.com/img/65702085/20251008/i1759935813_7543_10.jpg"", ""https://xcimg.szwego.com/img/65702085/20251008/i1759935812_4506_8.jpg"", ""https://xcimg.szwego.com/img/65702085/20251008/i1759935812_294_3.jpg"", ""https://xcimg.szwego.com/img/65702085/20251008/i1759935812_4574_4.jpg"", ""https://xcimg.szwego.com/img/65702085/20251008/i1759935812_9582_6.jpg""]"
_dnGrSkkvb8KBupvLywjS71dJSCod6yShxQ8392Q;;Louis Vuitton|路易威登鳄鱼皮皮衣 一鳄纹凝奢，时光鎏金以鳞为纸，封存永恒的锋芒 材质甄选珍稀鳄鱼皮，每一寸鳞纹都是自然雕琢的勋章，取代浮夸装饰，暗合“奢非外显，是将岁月凝于肌理的智”。 经典廓形勾勒从容线条，皮革的坚韧与剪裁的流畅达成精妙平衡，似将尼罗河的神秘气息织入衣身。金属配件与鳄鱼皮的粗粝碰撞出低调张力，每一处接缝都藏着法国工坊的百年匠艺。 光影流转间，鳞纹如古埃及壁画上的暗码，诉说着跨越时空的尊贵。它暗喻“纹非繁复，是大地写在皮革上的史诗”，无论是红毯时刻的璀璨，还是日常场域的从容，都能以不动声色的气场，定义顶级奢品的真正内涵——让每一寸皮革，都成为时光淬炼的见证。 ⚠️发货规格全套包装 ❗️标准尺码：48-56 ❗️可接量身定制;0;;lrg3k8cd5bgw3jv;;Для мужчин;"[""https://xcimg.szwego.com/img/65702085/20250727/i1753603277226_1399_0_0.jpg"", ""https://xcimg.szwego.com/img/65702085/20250727/i1753603279330_5225_0_1.jpg"", ""https://xcimg.szwego.com/img/65702085/20250727/i1753603277199_2458_0_2.jpg"", ""https://xcimg.szwego.com/img/65702085/20250727/i1753603279326_2063_0_3.jpg"", ""https://xcimg.szwego.com/img/65702085/20250727/i1753603279273_993_0_4.jpg"", ""https://xcimg.szwego.com/img/65702085/20250727/i1753603277135_2109_0_5.jpg"", ""https://xcimg.szwego.com/img/65702085/20250727/i1753603277179_9594_0_6.jpg"", ""https://xcimg.szwego.com/img/65702085/20250727/i1753603279324_1849_0_7.jpg"", ""https://xcimg.szwego.com/img/65702085/20250727/i1753603277217_4388_0_8.jpg""]"
_dr_rSzZugM-QhbadUwp7dXnl4B0U4wSD9N2vkKw;;Louis Vuitton | 路易威登男士翻领麂皮夹克 紫麂织奢意，型格熠光 以麂为纸，晕染时尚的绮梦诗行 材质严选细腻麂皮，触感若抚云絮，内里搭配亲肤舒适的混纺面料，将奢华质感与温柔体验悄然纳进利落版型，正应“奢非浮夸，是让细腻质感萦绕个性的巧思”。经典翻领设计，承袭品牌经典优雅基因，又凭利落剪裁塑造流畅线条，法国工坊的精湛手艺让麂皮与身形妥帖相融，既具挺括之态，又不失自在松弛。精致的金属拉链与品牌标志性的压纹元素，于细节处尽显奢华品味与匠心匠艺。藏着对“格调”的坚守——常规尺码即可轻松适配不同身形。它寓意“雅非刻板，是把品牌底蕴绣入衣缝的美学”，无论是在都市街头的随性游走，还是在社交场合的优雅登场，都能让麂皮的柔润与设计的精巧交相辉映，成为穿梭于多样场景的时尚密钥。 ⚠️发货规格：全套包装 ❗️标准尺码：48 - 56 ❗️可接量身定制;0;;lrg3k8cd5bgw3jv;;Для мужчин;"[""https://xcimg.szwego.com/img/65702085/20250915/i1757942889_3509_3.jpg"", ""https://xcimg.szwego.com/img/65702085/20250915/i1757942890_4591_9.jpg"", ""https://xcimg.szwego.com/img/65702085/20250915/i1757942890_6104_4.jpg"", ""https://xcimg.szwego.com/img/65702085/20250915/i1757942889_2939_2.jpg"", ""https://xcimg.szwego.com/img/65702085/20250915/i1757942890_1269_8.jpg"", ""https://xcimg.szwego.com/img/65702085/20250915/i1757942889_2520_1.jpg"", ""https://xcimg.szwego.com/img/65702085/20250915/i1757942890_1507_11.jpg"", ""https://xcimg.szwego.com/img/65702085/20250915/i1757942889_2695_0.jpg"", ""https://xcimg.szwego.com/img/65702085/20250915/i1757942934_1958_0.jpg""]"
_da9rSS6MBgmxf3HossjCLrrZGp2Bzj7rSOL83CQ;;Bottega Veneta | BV复古油蜡皮羊毛夹克 ——时间淬炼的慵懒腔调，美式复古的当代诠释 材质采用天然皮骨与羊毛的共生美学，选用意大利油蜡工艺皮光影流转间呈现深浅不一的棕调肌理，细纹褶皱如岁月拓印，自带复古故事感。 羊毛内衬的温柔反叛。内嵌澳洲美利奴羊毛，以柔韧触感平衡皮革的硬朗，寒冷中锁住体温，诠释“刚柔并济”的冬日诗意。 设计采用经典廓形中的先锋基因，复刻飞行员夹克轮廓，灵感源自Vintage飞行夹克，宽松版型包容身形，利落肩线强化力量感——致敬经典，却以现代剪裁挣脱年代束缚。 BV标志性Intrecciato编织元素隐于领口与袖口，不张扬的奢华印证“低调是最高级的炫耀”。 ⚠️发货规格全套包装 ❗️标准尺码：48-56 ❗️可接量身定制;0;;lrg3k8cd5bgw3jv;;Для мужчин;"[""https://xcimg.szwego.com/img/98fd4e8e/20250718/i1752853513425_7863_0_0.jpg"", ""https://xcimg.szwego.com/img/98fd4e8e/20250718/i1752853513354_6102_0_1.jpg"", ""https://xcimg.szwego.com/img/98fd4e8e/20250718/i1752853513485_8504_0_2.jpg"", ""https://xcimg.szwego.com/img/98fd4e8e/20250718/i1752853513494_4184_0_3.jpg"", ""https://xcimg.szwego.com/img/98fd4e8e/20250718/i1752853515817_7560_0_4.jpg"", ""https://xcimg.szwego.com/img/98fd4e8e/20250718/i1752853515816_7683_0_5.jpg"", ""https://xcimg.szwego.com/img/98fd4e8e/20250718/i1752853515704_8422_0_6.jpg"", ""https://xcimg.szwego.com/img/98fd4e8e/20250718/i1752853513545_6038_0_8.jpg"", ""https://xcimg.szwego.com/img/98fd4e8e/20250718/i1752853515825_2585_0_9.jpg""]"
_dfNrSVG6DEVZoFTv8FXd8H3l9vzZTzDrd9M4oVg;;【🌟主推】Louis Vuitton|路易威登男装2025款黑色小羊皮穿孔图案拉链皮夹克 一革艺织光，酷韵凝芒以皮与毛为墨，绘就先锋时尚篇章 材质融合50%小羊皮的细腻柔软、30%羊毛的温暖舒适与20%聚酰胺的坚韧耐磨，打破常规组合，暗合“融非拼凑，是将多元质感凝于一体的创”。 黑色基调神秘深邃，皮革正面搭配袖子上的皮革饰带，似暗夜中延展的力量。背部和袖子的科技羊毛轻盈透气，全衬里工艺尽显精致。罗纹高领毛衣、袖口和腰部，如温柔的环抱，锁住温度与随性。 拉链开合似开启时尚密道，两个带隐形滚边和按扣的口袋藏着低调巧思。经典Monogram渐变图案经激光打孔，似繁星洒落，于光影变幻间彰显品牌格调。它暗喻“孔非残缺，是藏在细节里的潮流诗”，无论是日常出街还是休闲聚会，皆能轻松驾驭，展现独特的时尚态度，成为人群焦点 。 ⚠️发货规格全套包装 ❗️标准尺码：48-56 ❗️可接量身定制;0;;lrg3k8cd5bgw3jv;;Для мужчин;"[""https://xcimg.szwego.com/img/65702085/20250720/i1753006077920_5747_0_0.jpg"", ""https://xcimg.szwego.com/img/65702085/20250720/i1753006077878_7079_0_1.jpg"", ""https://xcimg.szwego.com/img/65702085/20250720/i1753006076707_5692_0_2.jpg"", ""https://xcimg.szwego.com/img/65702085/20250720/i1753006077826_6151_0_3.jpg"", ""https://xcimg.szwego.com/img/65702085/20250720/i1753006076673_1068_0_4.jpg"", ""https://xcimg.szwego.com/img/65702085/20250720/i1753006077925_6587_0_5.jpg"", ""https://xcimg.szwego.com/img/65702085/20250720/i1753006076850_6286_0_6.jpg"", ""https://xcimg.szwego.com/img/65702085/20250720/i1753006076714_8124_0_7.jpg"", ""https://xcimg.szwego.com/img/65702085/20250720/i1753006076818_4641_0_8.jpg""]"
_d9TrS7IOuk4emaR4-4t-gBJpkMd6tWR_oWAM9XQ;;【🌟主推】Louis Vuitton | 路易威登 男士新款黑色菱格皮革夹克 — 菱格美学 · 奢华型格 — 路易威登焕新演绎经典皮革夹克，推出此款黑色菱格纹外套，尽显奢华与时尚的交融之美。严选优质皮革，经匠心打造呈现出精致菱格纹路，挺括有型且触感细腻，彰显品牌卓越工艺。胸前饰有精致的品牌标识细节，背部更有独特的艺术化图案装饰，既传承了品牌自1854年以来的经典底蕴，又融入了先锋的设计巧思。利落的版型搭配顺滑拉链，穿脱之间尽显干练；细节处的精致处理，为整体造型增添了奢华质感与层次。无论是搭配休闲裤打造随性出街造型，还是与西装裤组合展现商务休闲风格，这件夹克都能完美适配，诠释出路易威登对都市男士多元奢华风格的精准诠释。 ⚠️ 发货规格：全套包装 ❗ 标准尺码：48–56 ❗ 支持量身定制;0;;lrg3k8cd5bgw3jv;;Для мужчин;"[""https://xcimg.szwego.com/img/65702085/20250905/i1757002855_3163_3.jpg"", ""https://xcimg.szwego.com/img/65702085/20250905/i1757002855_1317_6.jpg"", ""https://xcimg.szwego.com/img/65702085/20250905/i1757002855_2852_8.jpg"", ""https://xcimg.szwego.com/img/65702085/20250905/i1757002855_1185_0.jpg"", ""https://xcimg.szwego.com/img/65702085/20250905/i1757002855_1919_1.jpg"", ""https://xcimg.szwego.com/img/65702085/20250905/i1757002855_5490_7.jpg"", ""https://xcimg.szwego.com/img/65702085/20250905/i1757002855_1511_2.jpg"", ""https://xcimg.szwego.com/img/65702085/20250905/i1757002855_5040_4.jpg"", ""https://xcimg.szwego.com/img/65702085/20250905/i1757002919_6447_0.jpg""]"
_d_vrSdvwqkNWDPhQOPR72nbXteIwKHiaG1_Dlww;;Prada | 普拉达黑色皮革飞行员夹克 —经典重塑，奢潮之选— Prada 从经典飞行员服饰中汲取灵感，融入品牌标志性的奢华与先锋设计语言，打造出这款黑色皮革飞行员夹克。纯粹的黑色调，搭配精致的银色五金配件，简约中透着高级质感，是时尚与经典碰撞出的奢潮典范。衣身甄选优质皮革，触感细腻顺滑且富有光泽，每一寸皮革都经过精心处理，凝聚着品牌对高端材质的极致追求；标志性的三角徽标装饰于臂袋处，醒目且极具辨识度，是品牌身份与时尚态度的双重彰显。经典飞行员夹克版型，利落的剪裁塑造出流畅的线条感，罗纹领口、袖口与下摆设计，既保证了穿着的舒适度，又为整体造型增添了复古与利落的气息，实用的口袋设计兼具功能性与装饰性。无论是搭配休闲裤打造随性潮范，还是与西装裤组合呈现轻奢干练的都市风格，都能轻松驾驭，成为日常穿搭中彰显品味的吸睛单品。Prada 以精湛工艺与先锋设计，让经典飞行员夹克焕发新生，助你时刻展现独特奢潮型格。 ⚠️发货规格：全套包装 ❗标准尺码：48-56 ❗可接量身定制;0;;lrg3k8cd5bgw3jv;;Для мужчин;"[""https://xcimg.szwego.com/img/65702085/20250908/i1757334364_7912_1.jpg"", ""https://xcimg.szwego.com/img/65702085/20250908/i1757334364_769_3.jpg"", ""https://xcimg.szwego.com/img/65702085/20250908/i1757334402_5818_5.jpg"", ""https://xcimg.szwego.com/img/65702085/20250908/i1757334402_6214_3.jpg"", ""https://xcimg.szwego.com/img/65702085/20250908/i1757334402_5187_0.jpg"", ""https://xcimg.szwego.com/img/65702085/20250908/i1757334402_619_4.jpg"", ""https://xcimg.szwego.com/img/65702085/20250908/i1757334402_8202_2.jpg"", ""https://xcimg.szwego.com/img/65702085/20250908/i1757334402_8664_6.jpg"", ""https://xcimg.szwego.com/img/65702085/20250908/i1757334402_7561_1.jpg""]"
_dparSpI2jfJo5nAKDKWHFgjqC2R_MhJOZBND2SQ;;Balenciaga | 巴黎世家黑色皮革夹克 — 复古新生，型格焦点 — Balenciaga 从复古工装风格中汲取灵感，打造出这款黑色皮革夹克，将经典元素与现代时尚巧妙融合。纯粹的黑色皮革，自带沉稳大气的质感，经典翻领设计，复古韵味十足，是复古与潮流交织的时尚佳作。衣身选用优质皮革，触感细腻且富有光泽，每一处纹理都自然流畅，凝聚着品牌对高端材质的严苛把控；简约的版型设计，没有过多繁杂装饰，却在细节处尽显精致，利落的线条勾勒出立体轮廓，实用的口袋兼具功能性与装饰性。经典的夹克版型，结合流畅的剪裁，既保留了复古工装的硬朗感，又融入了现代时尚的简约风，适配多元身形，内搭纯色T恤可打造随性复古潮范，搭配衬衫则能呈现出轻奢干练的都市风格，轻松驾驭多种场景。无论是漫步街头，还是出席时尚场合，这件夹克都能凭借其复古质感与品牌匠心，让你在人群中成为型格焦点，传递 Balenciaga 前沿的时尚态度，演绎独属于你的复古新生。 ⚠️发货规格：全套包装 ❗标准尺码：48-56 ❗可接量身定制;0;;lrg3k8cd5bgw3jv;;Для мужчин;"[""https://xcimg.szwego.com/img/65702085/20250908/i1757335264_3724_9.jpg"", ""https://xcimg.szwego.com/img/65702085/20250908/i1757335263_8434_3.jpg"", ""https://xcimg.szwego.com/img/65702085/20250908/i1757335263_8694_5.jpg"", ""https://xcimg.szwego.com/img/65702085/20250908/i1757335264_3498_8.jpg"", ""https://xcimg.szwego.com/img/65702085/20250908/i1757335263_8683_1.jpg"", ""https://xcimg.szwego.com/img/65702085/20250908/i1757335263_4765_6.jpg"", ""https://xcimg.szwego.com/img/65702085/20250908/i1757335264_865_11.jpg"", ""https://xcimg.szwego.com/img/65702085/20250908/i1757335263_2603_0.jpg"", ""https://xcimg.szwego.com/img/65702085/20250908/i1757335264_8755_10.jpg""]"
_de5rSVYSzFRjUrkXnaWACDtfa2H_WabJA2w7j6A;;Balenciaga | 巴黎世家阔版皮衣 —先锋型格，质感之选— 巴黎世家这款阔版皮衣，以独特的设计与卓越的品质，彰显品牌一贯的先锋时尚态度。皮衣选用的皮质非常厚实，触摸间便能感受到其坚韧与质感，每一寸皮革都经过精心挑选，只为带来顶级的穿着体验。扣子与袖标1V1还原，细节之处尽显匠心，精致的工艺与品牌标识完美融合，成为皮衣上独特的亮点。宽肩阔版的设计，不仅是对潮流的大胆诠释，更能轻松适配不同身形，展现出随性不羁的时尚感。内里夹棉的贴心设计，赋予皮衣沉甸甸的厚重感，在保暖的同时，更增添了整体的高级质感。无论是搭配简约T恤和牛仔裤，打造街头酷帅风，还是与正装衬衫组合，演绎都市摩登范，都能轻松驾驭。无论是在繁华都市的街头漫步，还是出席时尚派对，这件阔版皮衣都能凭借其独特的设计、厚实的皮质和精湛的细节工艺，让你在人群中脱颖而出，诠释巴黎世家对时尚与品质的不懈追求，展现独属于你的个性潮流型格。 ⚠️发货规格全套包装 ❗️标准尺码：46 - 54 ❗️可接量身定制;0;;lrg3k8cd5bgw3jv;;Для мужчин;"[""https://xcimg.szwego.com/img/65702085/20250908/i1757334541_3755_8.jpg"", ""https://xcimg.szwego.com/img/65702085/20250908/i1757334541_5748_5.jpg"", ""https://xcimg.szwego.com/img/65702085/20250908/i1757334541_7864_9.jpg"", ""https://xcimg.szwego.com/img/65702085/20250908/i1757334541_7612_3.jpg"", ""https://xcimg.szwego.com/img/65702085/20250908/i1757334541_8052_2.jpg"", ""https://xcimg.szwego.com/img/65702085/20250908/i1757334540_6627_1.jpg"", ""https://xcimg.szwego.com/img/65702085/20250908/i1757334541_7648_6.jpg"", ""https://xcimg.szwego.com/img/65702085/20250908/i1757334541_991_7.jpg"", ""https://xcimg.szwego.com/img/65702085/20250908/i1757334540_9416_0.jpg""]"
_dxZrSdmT8sQlNDNKHI31L4WUD4V2nE6AnvoeJBA;;Burberry | 博柏利 男士黑色真皮夹克 —英伦锋芒，经典新释— 源自英国的奢侈品牌 Burberry，以卓越的工艺与标志性设计闻名于世。本季推出的这款男士黑色真皮夹克，将简约线条与现代质感巧妙融合，彰显沉稳而不失锋芒的英伦气质。主面料选用上乘真皮，触感细腻且富有韧性，天然皮纹在光影中流露独特光泽感。简洁的立体剪裁贴合身形比例，展现利落廓形。正面金属拉链顺畅利落，左胸点缀标志性骑士徽标，低调而极具辨识度。罗纹袖口与下摆有效防风，既保持舒适贴合，又凸显运动感与年轻气息。内衬采用优质面料，透气亲肤，提升穿着体验。标准版型适配多种穿搭方式，无论是与牛仔裤打造休闲街头风，还是配合衬衫长裤出席半正式场合，都能展现出干练自信的男士风范。 ⚠️ 发货规格：全套包装 ❗ 标准尺码：48–56 ❗ 可接量身定制;0;;lrg3k8cd5bgw3jv;;Для мужчин;"[""https://xcimg.szwego.com/img/65702085/20250813/i1755066701_2893_3.jpg"", ""https://xcimg.szwego.com/img/65702085/20250813/i1755066701_782_5.jpg"", ""https://xcimg.szwego.com/img/65702085/20250813/i1755066701_1750_2.jpg"", ""https://xcimg.szwego.com/img/65702085/20250813/i1755066701_9540_8.jpg"", ""https://xcimg.szwego.com/img/65702085/20250813/i1755066701_5661_6.jpg"", ""https://xcimg.szwego.com/img/65702085/20250813/i1755066701_8648_4.jpg"", ""https://xcimg.szwego.com/img/65702085/20250813/i1755066701_965_7.jpg"", ""https://xcimg.szwego.com/img/65702085/20250813/i1755066701_3107_0.jpg"", ""https://xcimg.szwego.com/img/65702085/20250813/i1755066701_7224_1.jpg""]"
_ds9rSoLgmBAtWfKlzFvY-qaVAcXUA_BMuAVJnQw;;Chrome Hearts克罗心风男士棒球领皮革夹克 ｜十字纹章铸型格，暗黑奢调显锋芒 以100%细腻粒面皮革为墨，在衣身挥毫暗黑美学新篇，内里衬料平衡质感与透气，匠心工艺让每一寸皮革都裹挟着硬朗与精致的双重气场，暗合“奢于细节，是将不羁烙进纹理的潮”。十字花刺绣与银饰铆钉在胸前、袖臂绽放先锋张力，似暗夜里的图腾符号，诉说品牌独有的哥特式奢潮；银质拉链头与镌刻扣饰如星光点缀衣身，每一处金属细节都折射出精工态度。棒球领与罗纹下摆的经典组合，糅合机车风的酷感与休闲风的随性，修身剪裁雕塑利落肩线与腰身，却因皮革的柔韧肌理消解束缚，让型格与舒适肆意共生。这份对潮酷的极致表达，藏着对“风格”的先锋诠释。它暗喻“潮非浮夸，是让个性自然迸发的锐”，可单穿彰显暗黑气场，能叠搭卫衣打造层次，在每一次穿搭间，演绎当代潮人的硬核时尚态度。 ⚠️发货规格全套包装 ❗️标准尺码 ❗️可接量身定制;0;;lrg3k8cd5bgw3jv;;Для мужчин;"[""https://xcimg.szwego.com/img/c92d6d09/20251101/i1761982633_1029_8.jpg"", ""https://xcimg.szwego.com/img/c92d6d09/20251101/i1761982632_4047_2.jpg"", ""https://xcimg.szwego.com/img/c92d6d09/20251101/i1761982633_7474_5.jpg"", ""https://xcimg.szwego.com/img/c92d6d09/20251101/i1761982633_9612_9.jpg"", ""https://xcimg.szwego.com/img/c92d6d09/20251101/i1761982632_6287_0.jpg"", ""https://xcimg.szwego.com/img/c92d6d09/20251101/i1761982633_9908_7.jpg"", ""https://xcimg.szwego.com/img/c92d6d09/20251101/i1761982632_6391_1.jpg"", ""https://xcimg.szwego.com/img/c92d6d09/20251101/i1761982633_8308_4.jpg"", ""https://xcimg.szwego.com/img/c92d6d09/20251101/i1761982633_5036_6.jpg""]"
_dfSrSkkqCsof7tjq9ag0trZZIdST1-XobqUnsag;;Chrome Hearts 十字皮革裤 一“皮”立潮，型格锐进 以标为魂，打破日常的平庸。面料采用奢级皮革基底，搭配品牌标志性十字压纹+立体贴饰工艺，黑色皮质自带哑光高级感，红紫撞色元素注入先锋张力，宽松廓形兼顾松弛感与造型感，九分剪裁恰好平衡街头与精致的边界。定制金属五金与袋口细节精准呼应品牌调性，每一处装饰都透着美式顶奢的不羁，个性与质感完美共生。经典牛仔版型融合Chrome Hearts标志性符号美学，处处彰显品牌对风格的极致表达，每一寸都经得起目光聚焦，尽显顶奢锋芒！没有刻意堆砌，仅以符号与质感说话：触摸时是皮革的细腻，观之是设计的张力。它暗喻“潮非盲从，是藏在符号里的奢”，无论是派对场合的吸睛焦点，还是日常出街的格调担当，都能让风格在不同场景中自由切换，重塑穿搭的先锋格调。 ❗️颜色：黑色 ❗️标准尺码：;0;;lrg3k8cd5bgw3jv;;Для мужчин;"[""https://xcimg.szwego.com/img/65702085/20251107/i1762450112_9807_9.jpg"", ""https://xcimg.szwego.com/img/65702085/20251107/i1762450136_8885_0.jpg"", ""https://xcimg.szwego.com/img/65702085/20251107/i1762450112_7823_7.jpg"", ""https://xcimg.szwego.com/img/65702085/20251107/i1762450111_5946_3.jpg"", ""https://xcimg.szwego.com/img/65702085/20251107/i1762450111_8706_1.jpg"", ""https://xcimg.szwego.com/img/65702085/20251107/i1762450111_3365_5.jpg"", ""https://xcimg.szwego.com/img/65702085/20251107/i1762450111_4575_6.jpg"", ""https://xcimg.szwego.com/img/65702085/20251107/i1762450111_3852_2.jpg"", ""https://xcimg.szwego.com/img/65702085/20251107/i1762450112_20_8.jpg""]"
_djXrS7xes7jOcqv2HKUV_FvpatFf5l1iagtuyaw;;LOUIS VUITTON路易威登奢级皮毛一体夹克 — 冬日型格 · 真皮毛工艺与复古格调的高阶碰撞 — 这款皮毛一体夹克，将真皮毛材质与复古机车风设计完美融合，是秋冬彰显硬核奢潮品味与温暖守护的不二之选。严选优质皮毛一体面料，皮面细腻挺括、毛面柔软亲肤，经精湛工艺打造出硬朗廓形，保暖锁温性能卓越，同时质感高级且极具复古腔调；衣身真皮包边、金属拉链等细节精致考究，领口毛绒蓬松饱满，彰显对品质的极致追求，将复古机车风的硬朗与奢牌材质的奢华精妙糅合。拉链版型利落大气，穿脱便捷尽显型格；细节处的匠心处理，从皮毛的拼接工艺到五金件的质感，都为整体造型增添复古奢潮层次与硬核品质感，轻松驾驭街头出街、复古穿搭等多种风格场景。 ⚠️ 发货规格：全套包装 ❗️颜色：黑色 ❗ 标准尺码： ❗ 支持量身定制;0;;lrg3k8cd5bgw3jv;;Для мужчин;"[""https://xcimg.szwego.com/img/65702085/20251008/i1759936194_427_4.jpg"", ""https://xcimg.szwego.com/img/65702085/20251008/i1759936193_221_0.jpg"", ""https://xcimg.szwego.com/img/65702085/20251008/i1759936194_4996_9.jpg"", ""https://xcimg.szwego.com/img/65702085/20251008/i1759936193_2404_1.jpg"", ""https://xcimg.szwego.com/img/65702085/20251008/i1759936194_2651_3.jpg"", ""https://xcimg.szwego.com/img/65702085/20251008/i1759936194_775_2.jpg"", ""https://xcimg.szwego.com/img/65702085/20251008/i1759936194_9451_6.jpg"", ""https://xcimg.szwego.com/img/65702085/20251008/i1759936194_1548_5.jpg"", ""https://xcimg.szwego.com/img/65702085/20251008/i1759936194_7647_8.jpg""]"
_dkprStrnGcRZgj3aczZGL0H8gAzW7090sREqSNQ;;HERMÈS爱马仕拉链款真皮机车夹克 —奢潮型格，铸就秋冬高端穿搭标杆— 外层采用顶级真皮面料，经爱马仕百年制革工艺鞣制，质感细腻挺括且富有高级光泽，打破秋冬穿搭的刻板印象，轻松塑造奢华不羁风格；做工延续品牌匠艺精髓，针脚精密流畅，每一处裁边都诠释极致工艺。拉链开合设计利落大气，翻领造型经典有范，既契合都市精英的干练审美，又能展现潮人的先锋态度；品牌标志性细节暗藏于五金与缝线之间，低调彰显奢牌身份，细节处尽现高定辨识度；修身版型剪裁精湛，贴合身形却无束缚感，适配都市通勤、休闲聚会等多元场景，单穿吸睛夺目，叠穿层次尽显。 ⚠️发货规格全套包装 ❗️标准尺码： ❗️可接量身定制;0;;lrg3k8cd5bgw3jv;;Для мужчин;"[""https://xcimg.szwego.com/img/65702085/20250926/i1758901196_36_1.jpg"", ""https://xcimg.szwego.com/img/65702085/20250926/i1758901196_4957_0.jpg"", ""https://xcimg.szwego.com/img/65702085/20250926/i1758901196_9234_3.jpg"", ""https://xcimg.szwego.com/img/65702085/20250926/i1758901197_2881_10.jpg"", ""https://xcimg.szwego.com/img/65702085/20250926/i1758901197_6774_9.jpg"", ""https://xcimg.szwego.com/img/65702085/20250926/i1758901196_7042_4.jpg"", ""https://xcimg.szwego.com/img/65702085/20250926/i1758901197_2027_8.jpg"", ""https://xcimg.szwego.com/img/65702085/20250926/i1758901197_8861_5.jpg"", ""https://xcimg.szwego.com/img/65702085/20250926/i1758901197_5636_13.jpg""]"
_dcZrSarZV1W6RHOJShwxOr-uzAYEA7wN4enOS1Q;;BURBERRY巴宝莉奢雅格调真皮风衣 —型格无界，解锁质感新风尚— 以皮为笺，镌刻奢雅的格调诗行。 严选优质真皮，触感细腻柔韧，仿若触碰奢华的温润肌理，将矜贵质感与挺括型态精妙融于经典风衣版型，恰是“奢非浮夸，是让质感基因渗透针脚的考究”。双排扣战壕设计，承袭复古绅士基因，又凭立体剪裁塑造利落气场，精湛工艺令皮革与身形浑然契合，既有挺括廓形，又暗藏随性张力。内里格纹衬里细节，于衣身悄然铺展，在质感处流露品牌匠心与奢雅锋芒，藏着对“格调”的坚守——标准尺码可轻松适配不同身形，量身定制更能精准契合个性需求。它寓意“奢非俗物，是把经典形制注入皮革灵魂的艺术”，无论是都市通勤彰显气场，还是社交场合诠释品味，都能让真皮的奢华与战壕风衣的经典交相辉映，成为驾驭多元场景的格调利器。 ⚠️发货规格：全套包装 ❗️标准尺码：48 - 56 ❗️可接量身定制;0;;lrg3k8cd5bgw3jv;;Для мужчин;"[""https://xcimg.szwego.com/img/65702085/20250922/i1758552345_5409_0.jpg"", ""https://xcimg.szwego.com/img/65702085/20250922/i1758552345_4533_0.jpg"", ""https://xcimg.szwego.com/img/65702085/20250922/i1758552345_3252_0.jpg"", ""https://xcimg.szwego.com/img/65702085/20250922/i1758552345_9615_0.jpg"", ""https://xcimg.szwego.com/img/65702085/20250922/i1758552346_2592_0.jpg"", ""https://xcimg.szwego.com/img/65702085/20250922/i1758552342_9398_4.jpg"", ""https://xcimg.szwego.com/img/65702085/20250922/i1758552345_8176_0.jpg"", ""https://xcimg.szwego.com/img/65702085/20250922/i1758552346_6961_0.jpg"", ""https://xcimg.szwego.com/img/65702085/20250922/i1758552346_4258_0.jpg""]"
_dfGrSTmJPz_ihquIM3jpuaBp8uILIO7AEScbmFQ;;Louis Vuitton | 路易威登 男士新款黑色拼接皮革夹克 — 多元拼接 · 型格重塑 — 路易威登突破常规，打造此款黑色拼接皮革夹克，融合不同材质与元素，迸发时尚新活力。精选皮革与其他面料拼接，质感丰富且层次分明，皮革部分挺括有型，触感细腻，彰显品质。衣身巧妙融入品牌经典元素，精致的图案点缀，既致敬品牌深厚历史底蕴，又为单品增添潮流辨识度。利落的版型搭配顺畅拉链设计，穿脱便捷，同时尽显干练利落的都市男士风范。无论是搭配休闲裤打造日常随性造型，还是与西裤组合营造轻商务风格，这件夹克都能轻松驾驭，展现出路易威登对现代男士多元风格的精准把握与创新表达。 ⚠️ 发货规格：全套包装 ❗ 标准尺码：48–56 ❗ 支持量身定制;0;;lrg3k8cd5bgw3jv;;Для мужчин;"[""https://xcimg.szwego.com/img/65702085/20250905/i1757003449_2586_0.jpg"", ""https://xcimg.szwego.com/img/65702085/20250905/i1757003449_1536_1.jpg"", ""https://xcimg.szwego.com/img/65702085/20250905/i1757003502_1536_7.jpg"", ""https://xcimg.szwego.com/img/65702085/20250905/i1757003501_3217_4.jpg"", ""https://xcimg.szwego.com/img/65702085/20250905/i1757003501_882_1.jpg"", ""https://xcimg.szwego.com/img/65702085/20250905/i1757003501_4106_3.jpg"", ""https://xcimg.szwego.com/img/65702085/20250905/i1757003502_9420_8.jpg"", ""https://xcimg.szwego.com/img/65702085/20250905/i1757003501_732_0.jpg"", ""https://xcimg.szwego.com/img/65702085/20250905/i1757003501_2206_5.jpg""]"
_dlbrSW_xUOIEsXWFjZsxrCNf3tvPfZWgLE6y8LQ;;Louis Vuitton|路易威登男士黑色麂皮炸弹夹克 —暗夜奢芒，晶绽风华— 路易威登以100%小羊皮精心打造这款黑色麂皮炸弹夹克，于低调的黑色基调中，释放奢华魅力。 罗纹领口、袖口与下摆处，对比鲜明的条纹图案，似灵动的韵律线条，增添了几分运动的活力与时尚感。胸前缀有水晶的Monogram花朵贴饰，如夜空中闪烁的星辰，在光线之下折射出璀璨光芒，将品牌经典元素与华丽水晶完美融合，尽显高贵典雅。 背面饰有的“Marque L. Vuitton deposee”标志皮革贴花，似品牌荣耀的勋章，无声诉说着路易威登的深厚底蕴与历史传承。珍珠效果按扣，不仅在开合间带来精致的触感，更提升了整体的格调。两个正面开袋，兼具实用性与美观性。产自意大利，常规版型的精准剪裁，贴合身形又不失舒适自在，无论是搭配休闲单品展现街头潮流，还是与正装组合出席正式场合，这件夹克都能让穿着者成为焦点，诠释路易威登独特的时尚美学与顶级制衣工艺。 ⚠️发货规格全套包装 ❗️标准尺码：48-56 ❗️可接量身定制;0;;lrg3k8cd5bgw3jv;;Для мужчин;"[""https://xcimg.szwego.com/img/65702085/20250807/a1754554960106_1468.jpg"", ""https://xcimg.szwego.com/img/65702085/20250807/a1754554959522_0616.jpg"", ""https://xcimg.szwego.com/img/65702085/20250807/a1754554962371_5872.jpg"", ""https://xcimg.szwego.com/img/65702085/20250807/a1754554959870_8022.jpg"", ""https://xcimg.szwego.com/img/65702085/20250807/a1754554959461_8566.jpg"", ""https://xcimg.szwego.com/img/65702085/20250807/a1754554959698_4018.jpg"", ""https://xcimg.szwego.com/img/65702085/20250807/a1754554962229_4131.jpg"", ""https://xcimg.szwego.com/img/65702085/20250804/i1754303278_3557_2.jpg"", ""https://xcimg.szwego.com/img/65702085/20250804/i1754303278_317_7.jpg""]"
_do1rSfbA5ZOQVrTzU3bLZXUGfqwtzoajdSRAxug;;Louis Vuitton|路易威登男士2025春夏棕色粒面皮革夹克 —春夏绮想，革面焕彩— 在2025年春夏季的时尚版图里，路易威登以这款男士夹克，绘就一抹独特亮色。选用柔软的100%棕色粒面皮革，如春日里的温润暖阳，质感细腻且富有张力，每一寸皮革都彰显着品牌对材质的严苛甄选。 标志性的LV Vers Damier手绘印花图案遍布全身，多彩方格似跳跃的时尚精灵，打破单调，为夹克注入无限活力与艺术气息。衣领上的两个按扣，细节之处尽显精致；拉链开合搭配刻有LV首字母缩写的两个拉环 ，彰显品牌格调。两个前翻盖口袋，实用与美观兼具。罗纹针织袖口和下摆设计，贴合身形，增添了穿着时的舒适感与利落感。全衬里的贴心配置，进一步提升穿着体验。 “Marque L. Vuitton deposee”字样宛如点睛之笔，诉说着品牌的荣耀与传承。产自意大利，精湛的工艺赋予了这件夹克无与伦比的品质，无论是漫步于繁华街头，还是出席时尚派对，它都能让穿着者轻松成为焦点，完美诠释路易威登在2025春夏的时尚主张与创新精神。 ⚠️发货规格全套包装 ❗️标准尺码：48-56 ❗️可接量身定制;0;;lrg3k8cd5bgw3jv;;Для мужчин;"[""https://xcimg.szwego.com/img/65702085/20250807/i1754554730_6689_0.jpg"", ""https://xcimg.szwego.com/img/65702085/20250807/i1754554730_1829_1.jpg"", ""https://xcimg.szwego.com/img/65702085/20250805/i1754378376_5174_3.jpg"", ""https://xcimg.szwego.com/img/65702085/20250805/i1754378376_8474_7.jpg"", ""https://xcimg.szwego.com/img/65702085/20250805/i1754378376_8890_6.jpg"", ""https://xcimg.szwego.com/img/65702085/20250805/i1754378376_456_0.jpg"", ""https://xcimg.szwego.com/img/65702085/20250805/i1754378376_3167_2.jpg"", ""https://xcimg.szwego.com/img/65702085/20250805/i1754378376_613_8.jpg"", ""https://xcimg.szwego.com/img/65702085/20250805/i1754378376_1430_1.jpg""]"
_dxxrSF0SGb9f2wCaxYAHy3FXe5etwdjLipHnIZg;;Louis Vuitton|路易威登2024秋男装飞行员夹克 一纹影幻韵，蓝调鎏芒LV x Park Seo - Bo胶囊系列以皮为笺，绘就艺术的华章 材质选用100%小牛皮，以热压Epi XL图案取代寻常纹理。细密纹路似岁月在皮革上镌刻的诗篇，暗喻“纹韵非平，是时尚未诉说的故事”。 颜色选取Blue Ballad色调，灵感源于艺术家的独特用色，似静谧夜空中流淌的幽蓝旋律。左胸金属LV首字母闪耀，彰显品牌荣耀；左袖Park Seo - Bo标志性细节，增添艺术气息。手臂内侧通风孔饰有Monogram花形孔眼，实用与美观并存。隐形拉链开合，简约又不失格调；双入口前袋搭配翻盖和按扣，方便且具设计感。罗纹袖口和下摆，贴合身形，展现男士干练气质。法国匠心之作，带你领略时尚与艺术的完美融合。 ⚠️发货规格全套包装 ❗️标准尺码：48-56 ❗️可接量身定制;0;;lrg3k8cd5bgw3jv;;Для мужчин;"[""https://xcimg.szwego.com/img/65702085/20250714/i1752505338283_4412_0_0.jpg"", ""https://xcimg.szwego.com/img/65702085/20250714/i1752505336186_3063_0_1.jpg"", ""https://xcimg.szwego.com/img/65702085/20250714/i1752505338287_3209_0_2.jpg"", ""https://xcimg.szwego.com/img/65702085/20250714/i1752505338349_5949_0_4.jpg"", ""https://xcimg.szwego.com/img/65702085/20250714/i1752505336143_1611_0_3.jpg"", ""https://xcimg.szwego.com/img/65702085/20250714/i1752505338355_7324_0_5.jpg"", ""https://xcimg.szwego.com/img/65702085/20250714/i1752505336294_6356_0_6.jpg"", ""https://xcimg.szwego.com/img/65702085/20250714/i1752505338391_1924_0_8.jpg"", ""https://xcimg.szwego.com/img/65702085/20250714/i1752505364443_8721_0_9.jpg""]"
_dzorSv3OtJDGnwg4tI1h6zVp9vyVYgKbry7RvWw;;Saint Laurent 机车皮夹克 面料采用100%意大利进口羊皮革，经数控鞣制机处理，皮质细腻度达98%以上，色牢度偏差≤1级；里料为高密聚酯纤维，通过恒温纺织机织造，抗皱性经测试达5级标准。裁片环节运用3D立体裁剪系统，结合机车夹克版型的人体工学数据，将领口、袖身、肩袢等拼接部位的裁片误差控制在±0.15mm内，为皮革拼接的精密缝合奠定基础。缝制工艺中，电脑程控皮革缝纫机以1.8mm针距完成皮革各部位的拼接缝合；五金环节，拉链采用Saint Laurent定制金属拉链成型机加工，拉链头刻字精度达0.02mm，经往复拉动测试10000次无卡顿；金属铆钉由数控铆钉机固定，拉力测试达25N无脱落；肩袢与领口的金属扣通过精密冲压成型机加工，开合次数经疲劳测试达10000次无松动。整体工艺经法国手工工坊监制，从皮革的选料鞣制到五金的成型装配，每道工序均配备专属检测设备（如皮革张力测试仪、裁片误差显微镜、五金疲劳测试机），确保成品在皮质质感、拼接精度、五金耐用性等维度达到Saint Laurent高端线工艺标准，诠释法式奢华的工艺精髓。 ⚠️发货规格全套包装 ❗️颜色：黑色 ❗️标准尺码：48-56 ❗️可接量身定制;0;;lrg3k8cd5bgw3jv;;Для мужчин;"[""https://xcimg.szwego.com/img/65702085/20251119/i1763568322956_2610_0_0.jpg"", ""https://xcimg.szwego.com/img/65702085/20251119/i1763568322990_7478_0_1.jpg"", ""https://xcimg.szwego.com/img/65702085/20251119/i1763568322884_1241_0_2.jpg"", ""https://xcimg.szwego.com/img/65702085/20251119/i1763568322764_719_0_4.jpg"", ""https://xcimg.szwego.com/img/65702085/20251119/i1763568322963_7580_0_5.jpg"", ""https://xcimg.szwego.com/img/65702085/20251119/i1763568324437_8037_0_6.jpg"", ""https://xcimg.szwego.com/img/65702085/20251119/i1763568324592_4018_0_7.jpg"", ""https://xcimg.szwego.com/img/65702085/20251119/i1763568324650_8715_0_8.jpg"", ""https://xcimg.szwego.com/img/65702085/20251119/i1763568324632_4716_0_9.jpg""]"
_ddFrS89tg5bqtESWFrLFh2i3kQLxzOkaMokn2Ng;;Dolce&Gabbana 皮革棒球夹克 面料采用100%意大利进口小羊皮，经数控鞣制机处理，皮质细腻度达98%以上，色牢度偏差≤1级；里料为高密贡缎棉，通过恒温纺织机织造，抗皱性经测试达5级标准。裁片环节运用3D立体裁剪系统，结合棒球服版型的人体工学数据，将领口、袖身拼接部位的裁片误差控制在±0.15mm内，为皮革与针织的精密缝合奠定基础。缝制工艺中，电脑程控皮革缝纫机以1.8mm针距完成皮革与针织罗纹的拼接缝合；针对胸前徽章的珠绣与刺绣混合工艺，先通过数控刺绣机完成花纹与字母的刺绣轮廓，再用珠绣成型机嵌入金属珠子，针距与珠粒排布误差≤0.2mm，确保徽章立体感与耐用性。五金环节，拉链采用Dolce&Gabbana定制金属拉链成型机加工，拉链头刻字精度达0.02mm，经往复拉动测试10000次无卡顿；内部金属铭牌由数控压印机完成品牌标识压印，再经电镀机处理，光泽度保持度达95%以上。 ⚠️发货规格全套包装 ❗️颜色：黑色 ❗️标准尺码：48-56 ❗️可接量身定制;0;;lrg3k8cd5bgw3jv;;Для мужчин;"[""https://xcimg.szwego.com/img/65702085/20251119/i1763567771642_5628_0_0.jpg"", ""https://xcimg.szwego.com/img/65702085/20251119/i1763567773293_328_0_1.jpg"", ""https://xcimg.szwego.com/img/65702085/20251119/i1763567773263_8158_0_2.jpg"", ""https://xcimg.szwego.com/img/65702085/20251119/i1763567773226_234_0_3.jpg"", ""https://xcimg.szwego.com/img/65702085/20251119/i1763567771515_5104_0_4.jpg"", ""https://xcimg.szwego.com/img/65702085/20251119/i1763567771503_6405_0_5.jpg"", ""https://xcimg.szwego.com/img/65702085/20251119/i1763567771511_1139_0_6.jpg"", ""https://xcimg.szwego.com/img/65702085/20251119/i1763567771661_6823_0_7.jpg"", ""https://xcimg.szwego.com/img/65702085/20251119/i1763567773291_2783_0_8.jpg""]"
_dmcrSj4Dx1Si4aJnUnB25ewDKyW1_zOJUiw4SPw;;BOTTEGA VENETA 葆蝶家Intreccio编织皮革裤 【定制款式/下单前请确定好尺码/一经售出不退不换】 面料采用甄选小羊皮，经软化、鞣制、染色等十余道预处理工艺，呈现细腻软糯的皮质触感，粉色系染料经多次固色测试，色牢度达到行业高阶标准；里料选用100%精梳棉，经高密织造与预缩水处理，兼具亲肤性与抗皱性，与皮革面料的贴合度经人体工学测试优化。裁片环节依托数控激光裁剪设备，针对编织皮革的纹理走向精准规划裁片布局，将腰头、口袋等部位的裁片尺寸误差控制在±0.1mm内，从源头保证编织纹理的连贯性。编织工艺阶段运用品牌标志性的Intreccio手工编织技法：匠人将宽度精准至3mm的皮革条带以交叉斜纹方式手工编织，每平方厘米的编织节点误差不超过0.5mm，使裤身编织纹理呈现均匀的菱格形态，且经反复拉伸测试，编织结构无松脱、变形隐患；编织完成后的裤身坯料经专用模具热压定型，使编织纹理的立体感与平整度达到品牌典藏级标准，同时规避皮革编织处的翘边问题。缝制工艺里，采用定制弧形针迹的重型皮革缝纫机完成主体缝合，针距严格控制在每厘米2.5针，缝线选用高强度尼龙蜡线，经拉力测试可抵御日常穿着的张力；腰头的金属按扣经数控车床一体成型，表面经电镀封釉处理，防锈与耐磨性远超行业标准；口袋的袋口边缘采用双道车缝+皮革包边工艺，包边皮革经手工修边打磨，边缘光滑无毛刺，与裤身编织纹理的衔接自然流畅。细节工艺中，裤身拉链选用定制金属拉链，链齿经精密冲压成型，拉头与皮革裤身的衔接处采用隐藏式缝线工艺，兼顾功能性与视觉简洁度；尺码标、洗水标经烫印+手工车缝双重固定，标识字迹清晰且不易脱落，洗水标上的多语言护理说明经精准排版印刷，信息完整度达100%；裤脚的锁边工艺采用皮革专用包边机处理，包边宽度均匀一致，经多次弯折测试仍保持挺括；多处细节的编织、缝制工艺均经品牌质检团队逐件核验，纹理平整度、缝线牢固度等指标均达品牌高阶工艺标准。 ❗️颜色：樱花粉 ❗️标准尺码：;0;;lrg3k8cd5bgw3jv;;Для мужчин;"[""https://xcimg.szwego.com/img/6c7a535f/20260104/i1767534017965_1490_0_0.jpg"", ""https://xcimg.szwego.com/img/6c7a535f/20260104/i1767534015061_5442_0_1.jpg"", ""https://xcimg.szwego.com/img/6c7a535f/20260104/i1767534017859_2165_0_2.jpg"", ""https://xcimg.szwego.com/img/6c7a535f/20260104/i1767534015006_7280_0_3.jpg"", ""https://xcimg.szwego.com/img/6c7a535f/20260104/i1767534017885_4713_0_4.jpg"", ""https://xcimg.szwego.com/img/6c7a535f/20260104/i1767534014799_8732_0_5.jpg"", ""https://xcimg.szwego.com/img/6c7a535f/20260104/i1767534014849_3547_0_6.jpg"", ""https://xcimg.szwego.com/img/6c7a535f/20260104/i1767534017862_1253_0_7.jpg"", ""https://xcimg.szwego.com/img/6c7a535f/20260104/i1767534014980_318_0_9.jpg""]"
_dj1rSNwG7zKzOKSLXeg_j3jFVTTasSUdf0-VTEw;;BERLUTI 伯尔鲁帝渐变擦色真皮西装领夹克 【定制款式/下单前请确定好尺码/一经售出不退不换】 面料选用头层小牛皮经多道鞣制工艺处理，先通过植鞣工艺赋予皮革自然柔润的质感，再采用品牌专属手工擦色工艺打造黑紫渐变效果，色彩过渡的晕染误差控制在±0.2mm内，每一件的渐变纹理都呈现出独特的手工质感；皮革表面经抛光打磨处理，光泽度均匀且耐磨度经测试达5000次摩擦无明显磨损。裁片环节运用数控皮革裁剪机，结合西装领与飞行员夹克结合的特殊版型，将衣身、领部等弧形裁片的误差控制在±0.1mm内，避免皮革裁片出现拉伸变形问题。缝制工艺中，采用手工双线马鞍针法缝制主体拼接部位，针距精准控制在2.5mm，线迹张力经专业调试，既保证缝合强度又不损伤皮革纤维；领部与袖口的渐变包边采用手工折边工艺，边缘平整度达品牌顶级标准，无翘边、起皱问题。定制的BERLUTI浮雕纽扣经CNC精雕与真空电镀处理，纽扣表面的品牌标识深度均匀，与皮革的扣合紧密度经测试，往复扣合万次无松动；衣身口袋的贴边采用手工纳线工艺，边角弧度自然，承重测试达5kg无开线隐患。里料选用提花织物与聚酯纤维混纺织造，经数码提花工艺呈现品牌暗纹图案，色牢度与透气性经测试达标；内里的BERLUTI皮质徽标采用模压烫印工艺，徽标浮雕清晰，与里料的粘合强度经拉力测试无脱落。下摆的罗纹收边采用氨纶混纺织造，经弹性测试回弹率达95%，久穿无松垮变形；领部内置的金属调节扣经防锈处理，耐用性经盐雾测试达72小时无锈蚀。多处细节经手工质检，皮革的针孔隐藏度、线迹的美观度等指标均符合BERLUTI高端定制工艺标准。 ❗️颜色：黑紫渐变 ❗️标准尺码：;0;;lrg3k8cd5bgw3jv;;Для мужчин;"[""https://xcimg.szwego.com/img/6c7a535f/20260105/i1767568016362_8216_0_0.jpg"", ""https://xcimg.szwego.com/img/6c7a535f/20260105/i1767568013607_6481_0_1.jpg"", ""https://xcimg.szwego.com/img/6c7a535f/20260105/i1767568013426_7718_0_2.jpg"", ""https://xcimg.szwego.com/img/6c7a535f/20260105/i1767568013461_937_0_3.jpg"", ""https://xcimg.szwego.com/img/6c7a535f/20260105/i1767568013339_1773_0_4.jpg"", ""https://xcimg.szwego.com/img/6c7a535f/20260105/i1767568016181_4432_0_5.jpg"", ""https://xcimg.szwego.com/img/6c7a535f/20260105/i1767568016315_5159_0_6.jpg"", ""https://xcimg.szwego.com/img/6c7a535f/20260105/i1767568015925_5541_0_7.jpg"", ""https://xcimg.szwego.com/img/6c7a535f/20260105/i1767568015921_7680_0_8.jpg"", ""https://xcimg.szwego.com/img/6c7a535f/20260105/i1767568013554_3285_0_9.jpg""]"
_dtPrSHkueh8w1lu49SlzYWCwcvOQCN6z_bS5srw;;LOUIS VUITTON 路易威登皮革飞行员夹克 【定制款式/下单前请确定好尺码/一经售出不退不换】 面料采用品牌定制哑光头层皮革，经多道鞣制与柔化工艺处理，皮革表面呈现细腻的荔枝纹肌理，同时具备优异的抗折痕与色牢度表现；里料选用满印Monogram提花面料，经高密织造工艺打造，提花纹路清晰立体，与皮革面料形成质感对比。裁片环节依托激光定位裁剪系统，结合飞行员夹克的版型工学数据，将衣身、袖管、罗纹收口等拼接部位的裁片误差控制在±0.2mm内，为整体结构的精密缝合奠定基础。缝制工艺中，电脑车缝机以均匀针距完成皮革主体拼接，针对皮革特性采用专用防穿刺缝线，线迹平整度与拉力强度均达品牌严苛标准；领口处的金属按扣经CNC精雕工艺成型，刻字标识清晰无毛刺，开合顺滑且耐用性经多次测试表现优异；前襟的金属拉链为品牌定制款，拉链齿经镀金工艺处理，链头浮雕LV标识经抛光打磨，质感饱满，拉动时流畅无卡顿。logo装饰采用烫金工艺，高温压印的“LOUIS VUITTON PARIS”标识边缘无溢色，与皮革结合度高，经摩擦测试后仍保持完整清晰；罗纹收口经定织定染工艺制作，弹性回复率优异，多次拉伸后无松垮变形；内衬的尺码标与洗水标采用织唛工艺，刺绣字体工整，洗水信息印刷清晰，符合品牌品控标准。衣身拼接的压线工艺经精准控温压合处理，皮革拼接处无起翘、开胶隐患；肩部的立体剪裁经人体工学测试优化，穿着时贴合肩线且活动无束缚；皮革表面的哑光处理工艺经特殊涂层加持，既保留皮革的自然质感，又避免反光问题，呈现低调奢华的视觉效果。 ❗️颜色：紫色 ❗️标准尺码：S/M/L/XL/XXL;0;;lrg3k8cd5bgw3jv;;Для мужчин;"[""https://xcimg.szwego.com/img/65702085/20260105/i1767583263201_9337_0_0.jpg"", ""https://xcimg.szwego.com/img/65702085/20260105/i1767583268129_8297_0_1.jpg"", ""https://xcimg.szwego.com/img/65702085/20260105/i1767583263085_4892_0_2.jpg"", ""https://xcimg.szwego.com/img/65702085/20260105/i1767583268031_4223_0_3.jpg"", ""https://xcimg.szwego.com/img/65702085/20260105/i1767583263193_4184_0_4.jpg"", ""https://xcimg.szwego.com/img/65702085/20260105/i1767583268072_9211_0_5.jpg"", ""https://xcimg.szwego.com/img/65702085/20260105/i1767583262898_3603_0_6.jpg"", ""https://xcimg.szwego.com/img/65702085/20260105/i1767583268108_8682_0_7.jpg"", ""https://xcimg.szwego.com/img/65702085/20260105/i1767583263196_9717_0_9.jpg""]"
_dyMrSMaeUhA1t9-eqeFt1hBJqbJZ1HCWmgQe7FA;;BERLUTI 绒面皮革西装外套 【定制款式/下单前请确定好尺码/一经售出不退不换】 面料选用BERLUTI甄选的头层反绒皮革，经品牌专属的手工磨砂与柔化工艺处理，皮革表面呈现细腻均匀的绒面质感，抗划耐磨性能经专业测试达到高端皮具等级；裁片环节采用数控水刀裁剪设备，结合西装版型的人体工学数据，将衣身拼缝、驳头、口袋等部位的裁片误差控制在±0.2mm内，为后续手工缝制提供精准的版型基础。缝制阶段以手工工艺为主导：衣身主体的明线缝合由资深工匠以手工拱针针法完成，针距均匀度控制在每厘米2.5针的奢品标准，线迹与皮革纹理的契合度经品控逐一核验；驳头部位采用手工塑形工艺，经多次蒸汽熨烫与定型处理，形成自然且挺括的弧度，弯折测试后仍能保持原有形态。纽扣选用品牌定制的树脂嵌铜扣，表面经激光雕刻工艺呈现“BERLUTI”标识，雕刻深度与清晰度经精准调控，扣身的抛光与封釉工艺使其兼具光泽度与抗老化性；纽扣与皮革的固定处采用手工十字缝针法，搭配高强度蜡线，耐用性经多次开合测试表现优异。内衬选用品牌经典的Scritto花纹提花面料，经意大利精密提花织机织造，花纹的清晰度与色牢度均达奢品高等级标准；内里的皮质品牌标牌采用压纹工艺，将“1895 BERLUTI PARIS”标识立体呈现，标牌边缘经手工打磨处理，触感顺滑无毛刺。肩部与腰部的拼接处采用手工嵌缝工艺，衔接过渡自然无突兀感；口袋嵌边采用手工折边与包边双重工艺，边缘平整度与立体感远超机械缝制效果；后领的皮革包边经手工滚边工艺处理，贴合颈部的弧度经人体工学测试优化；多处细节的手工缝制、打磨、定型工艺均经BERLUTI工坊的严苛品控，每道工序的完成度均符合品牌高端定制级标准。 ❗️颜色：橄榄绿 ❗️标准尺码：;0;;lrg3k8cd5bgw3jv;;Для мужчин;"[""https://xcimg.szwego.com/img/65702085/20260105/i1767582937583_9573_0_0.jpg"", ""https://xcimg.szwego.com/img/65702085/20260105/i1767582942125_1515_0_1.jpg"", ""https://xcimg.szwego.com/img/65702085/20260105/i1767582942125_6261_0_2.jpg"", ""https://xcimg.szwego.com/img/65702085/20260105/i1767582942056_9500_0_4.jpg"", ""https://xcimg.szwego.com/img/65702085/20260105/i1767582941984_3719_0_5.jpg"", ""https://xcimg.szwego.com/img/65702085/20260105/i1767582937583_8619_0_6.jpg"", ""https://xcimg.szwego.com/img/65702085/20260105/i1767582937583_9074_0_7.jpg"", ""https://xcimg.szwego.com/img/65702085/20260105/i1767582942026_1094_0_8.jpg"", ""https://xcimg.szwego.com/img/65702085/20260105/i1767582937583_206_0_9.jpg""]"
_dsZrSiryjTAkiZu_ZxwsutXsnUOQBIZdzvZcT9w;;CHROME HEARTS 克罗心十字贴皮皮革裤 【定制款式/下单前请确定好尺码/一经售出不退不换】 面料与里料分别采用头层牛皮与100%棉质提花面料，牛皮经揉纹、固色等多道工艺处理，呈现细腻荔枝纹肌理的同时，色牢度与柔韧度达到高阶标准；棉质里料融入品牌经典十字暗纹提花工艺，经高密织造实现亲肤性与耐磨性的双重保障。裁片环节依托数控激光裁剪设备，结合皮革裤工装版型的人体工学数据，将口袋、拼接缝位等裁片的尺寸误差控制在±0.2mm内，从源头规避皮革拼接的错位问题。贴皮装饰阶段运用手工精裁+机器定位双工艺：十字形皮革贴片经匠人手工修边后，通过专用定位模具固定在裤身，再以定制弧形针迹进行立体车缝，使贴片与裤身皮革贴合度极高，边缘无翘边、起皱隐患；白黑撞色十字贴片采用多层皮革叠加工艺，经压合、磨边处理形成渐变质感，视觉层次与触感立体度兼具。金属配饰环节，裤身的银质十字按扣、品牌铭牌及链条均经手工打磨+做旧工艺处理，银饰表面的纹理与光泽度经反复调试呈现标志性复古质感，缝制工艺里，重型同步车以加粗蜡线完成皮革主体缝合，针距均匀度控制在每厘米3针，线迹拉力经测试可抵御日常穿着的张力；工装口袋的袋口边缘采用双道车缝+铆钉加固工艺，铆钉经防锈处理，耐用性远超行业标准；腰部的调节袢带通过模具热压定型，多次弯折后仍保持挺括，金属调节扣经数控车床一体成型，边缘无毛刺且开合顺畅。皮革整饰阶段，裤身经专业皮革护理剂手工擦拭，形成均匀的哑光质感；裤脚的按扣开合设计采用隐藏式缝线工艺，兼顾功能性与视觉简洁度；内里的尺码标、材质标经烫印+车缝双重固定，标识字迹清晰且不易脱落；多处细节的皮革拼接、金属配饰安装工艺均经严格质检，平整度、牢固度等指标均达品牌高阶工艺标准。 ❗️颜色：黑色 ❗️标准尺码：;0;;lrg3k8cd5bgw3jv;;Для мужчин;"[""https://xcimg.szwego.com/img/6c7a535f/20260104/i1767533553627_1469_0_0.jpg"", ""https://xcimg.szwego.com/img/6c7a535f/20260104/i1767533550021_8513_0_1.jpg"", ""https://xcimg.szwego.com/img/6c7a535f/20260104/i1767533553499_4830_0_2.jpg"", ""https://xcimg.szwego.com/img/6c7a535f/20260104/i1767533553417_1053_0_3.jpg"", ""https://xcimg.szwego.com/img/6c7a535f/20260104/i1767533549840_5040_0_5.jpg"", ""https://xcimg.szwego.com/img/6c7a535f/20260104/i1767533549842_9812_0_6.jpg"", ""https://xcimg.szwego.com/img/6c7a535f/20260104/i1767533549981_5789_0_7.jpg"", ""https://xcimg.szwego.com/img/6c7a535f/20260104/i1767533549901_999_0_9.jpg"", ""https://xcimg.szwego.com/img/6c7a535f/20260104/i1767533576989_2531_0_9.jpg""]"
_ditrSl-ditctc0RhwR7h-QGhkv3IO61Qew28B6A;;BERLUTI 皮质飞行员夹克 【定制款式/下单前请确定好尺码/一经售出不退不换】 面料选用BERLUTI专属鞣制工艺处理的头层皮革，经多道手工整饰工序打造出细腻哑光质感，皮革的柔韧度与抗皱性经专业测试表现优异；裁片环节采用数控激光裁剪设备，结合飞行员夹克的版型工学数据，将衣身拼缝、口袋嵌边等部位的裁片误差控制在±0.2mm内，为后续手工缝制奠定精准基础。缝制阶段融合手工与机械工艺：衣身主体缝线由资深工匠以手工锁边针法完成，针距均匀度控制在每厘米3针的黄金标准；拉链选用品牌定制金属拉链，链齿经镀铑工艺处理，抗氧化性与顺滑度经测试达高端皮具等级，拉链头镌刻“1895 BERLUTI PARIS”标识，经精雕工艺呈现立体质感。罗纹收口部分采用92%棉与8%弹性纤维混纺面料，经特殊针织工艺织造出高弹且不易松垮的纹理，与皮革衣身的拼接处采用手工嵌缝工艺，衔接过渡自然无突兀感；金属按扣经抛光与封釉双重工艺处理，表面光泽度持久且抗刮耐磨，按扣与皮革的固定处采用双层加固针法，耐用性大幅提升。内衬选用品牌经典的Scritto花纹提花面料，经精密提花织机织造，花纹清晰度与色牢度均达高等级标准；内里的皮质品牌标牌采用压纹工艺，将“BERLUTI PARIS”标识立体呈现，标牌边缘经手工打磨处理，触感顺滑无毛刺。衣服的领口、肩部等关键部位经手工塑形工艺处理，经多次试穿与调整实现贴合人体的版型弧度；口袋嵌边采用手工折边工艺，边缘平整度与立体感远超机械缝制效果；多处细节的手工打磨、抛光、缝线工艺均经BERLUTI工坊的严苛品控，每道工序的完成度均符合品牌高端定制级标准。 ❗️颜色：褐色 ❗️标准尺码：;0;;lrg3k8cd5bgw3jv;;Для мужчин;"[""https://xcimg.szwego.com/img/65702085/20260105/i1767575114489_6636_0_0.jpg"", ""https://xcimg.szwego.com/img/65702085/20260105/i1767575114533_480_0_1.jpg"", ""https://xcimg.szwego.com/img/65702085/20260105/i1767575118345_7732_0_2.jpg"", ""https://xcimg.szwego.com/img/65702085/20260105/i1767575114552_8399_0_3.jpg"", ""https://xcimg.szwego.com/img/65702085/20260105/i1767575118345_4308_0_4.jpg"", ""https://xcimg.szwego.com/img/65702085/20260105/i1767575114437_4329_0_5.jpg"", ""https://xcimg.szwego.com/img/65702085/20260105/i1767575118339_8773_0_6.jpg"", ""https://xcimg.szwego.com/img/65702085/20260105/i1767575118393_3601_0_7.jpg"", ""https://xcimg.szwego.com/img/65702085/20260105/i1767575114498_7562_0_8.jpg"", ""https://xcimg.szwego.com/img/65702085/20260105/i1767575118340_5782_0_9.jpg""]"
_drPrSJvT-Wt2SgL9fX0SsrC1r4pL8WKwddN6ujA;;LOUIS VUITTON路易威登老花拼接束腰连帽羽绒服 面料与里料选用高密格纹肌理100%锦纶，经定制梭织工艺打造哑光质感，面料抗撕裂性与色牢度经多轮测试达标；裁片环节采用3D立体裁剪系统，结合人体工学数据对连帽弧度、腰部束带点位等关键部位进行精准分割，裁片误差控制在±0.2mm内，为拼接缝制提供精准基础。充绒环节运用品牌专属定量充绒设备，充绒环境恒温恒湿，通过压力传感技术确保每格蓬松度偏差＜5%，并经X光检测排除绒朵结块、分布不均问题。缝制工艺上，电脑绗缝机以3mm精准针距完成主体绗缝，充绒口采用双道密缝+热压封边工艺处理，有效防止跑绒；腰部老花皮革束带经激光切割+手工油边工艺制作，金属扣具采用黄铜压铸+复古做旧工艺，刻字细节经精雕处理，耐磨度达5000次开合标准；门襟处老花皮革按扣采用热压粘合+手工缝线双重固定，边缘平整度误差＜0.1mm。连帽结构经冷压定型工艺塑形，内置记忆纤维支撑条，经500次弯折测试后仍保持挺括形态；下摆老花拼接部位采用嵌边缝制工艺，图案对齐误差＜0.5mm；洗水标采用高密织唛工艺，烫印字符经耐磨测试不脱落，多处细节缝制的线迹顺直度、针距均匀度均达奢侈品工艺等级标准。 ❗️颜色：绿色 ❗️标准尺码：;0;;lrg3k8cd5bgw3jv;;Для мужчин;"[""https://xcimg.szwego.com/img/65702085/20260104/i1767514032113_3131_0_4.jpg"", ""https://xcimg.szwego.com/img/65702085/20260104/i1767514032113_8442_0_5.jpg"", ""https://xcimg.szwego.com/img/6c7a535f/20260103/i1767410524795_4496_0_2.jpg"", ""https://xcimg.szwego.com/img/6c7a535f/20260103/i1767410524830_8610_0_8.jpg"", ""https://xcimg.szwego.com/img/65702085/20260104/i1767514032113_9844_0_6.jpg"", ""https://xcimg.szwego.com/img/65702085/20260104/i1767514032113_3890_0_7.jpg"", ""https://xcimg.szwego.com/img/65702085/20260104/i1767514034088_6845_0_8.jpg"", ""https://xcimg.szwego.com/img/65702085/20260104/i1767514034092_9737_0_9.jpg"", ""https://xcimg.szwego.com/img/65702085/20260104/i1767514032113_7812_0_11.jpg""]"
_di2rSKJI6jeuHHIkMY75wjGMaBr4H9mIEgEc-hg;;LOUIS VUITTON路易威登老花拼接束腰连帽羽绒服 面料与里料选用高密格纹肌理100%锦纶，经定制梭织工艺打造哑光质感，面料抗撕裂性与色牢度经多轮测试达标；裁片环节采用3D立体裁剪系统，结合人体工学数据对连帽弧度、腰部束带点位等关键部位进行精准分割，裁片误差控制在±0.2mm内，为拼接缝制提供精准基础。充绒环节运用品牌专属定量充绒设备，充绒环境恒温恒湿，通过压力传感技术确保每格蓬松度偏差＜5%，并经X光检测排除绒朵结块、分布不均问题。缝制工艺上，电脑绗缝机以3mm精准针距完成主体绗缝，充绒口采用双道密缝+热压封边工艺处理，有效防止跑绒；腰部老花皮革束带经激光切割+手工油边工艺制作，金属扣具采用黄铜压铸+复古做旧工艺，刻字细节经精雕处理，耐磨度达5000次开合标准；门襟处老花皮革按扣采用热压粘合+手工缝线双重固定，边缘平整度误差＜0.1mm。连帽结构经冷压定型工艺塑形，内置记忆纤维支撑条，经500次弯折测试后仍保持挺括形态；下摆老花拼接部位采用嵌边缝制工艺，图案对齐误差＜0.5mm；洗水标采用高密织唛工艺，烫印字符经耐磨测试不脱落，多处细节缝制的线迹顺直度、针距均匀度均达奢侈品工艺等级标准。 ❗️颜色：黑色 ❗️标准尺码：;0;;lrg3k8cd5bgw3jv;;Для мужчин;"[""https://xcimg.szwego.com/img/65702085/20260104/i1767514301798_9610_0_9.jpg"", ""https://xcimg.szwego.com/img/65702085/20260104/i1767514303121_5135_0_10.jpg"", ""https://xcimg.szwego.com/img/6c7a535f/20260103/i1767410271573_5628_0_6.jpg"", ""https://xcimg.szwego.com/img/65702085/20260104/i1767514302805_8567_0_17.jpg"", ""https://xcimg.szwego.com/img/65702085/20260104/i1767514301735_9884_0_11.jpg"", ""https://xcimg.szwego.com/img/65702085/20260104/i1767514303085_5393_0_12.jpg"", ""https://xcimg.szwego.com/img/65702085/20260104/i1767514301735_1806_0_14.jpg"", ""https://xcimg.szwego.com/img/65702085/20260104/i1767514303090_8576_0_15.jpg"", ""https://xcimg.szwego.com/img/65702085/20260104/i1767514301755_8255_0_16.jpg""]"
_d9mrSRbOgG5RP9dzXXAK0owzuY25fPv7bAo551w;;FENDI 芬迪满印老花连帽夹克套装 面料采用高密网眼提花织物与100%精梳棉拼接织造，经多道染整工艺处理，老花图案的色牢度与织物挺括度达到品牌严苛标准；提花环节依托数控提花机，将FF老花纹样的经纬纱线交织误差控制在±0.05mm内，使图案纹理清晰对称，边缘无跳线、漏针问题。裁剪环节运用3D立体裁剪系统，结合人体工学数据优化连帽版型，肩袖、衣身拼接裁片的对位误差控制在±0.1mm内，为后续缝合奠定精准基础。缝制工艺中，电脑平缝机以3mm精准针距完成主体拼接，拉链边缘采用包边密缝工艺，针脚均匀度达品牌顶级标准；定制的FENDI浮雕拉链头经CNC精雕与真空电镀处理，表面光洁度高且耐磨耐刮，拉链轨道经顺滑度测试，往复拉动万次无卡顿。衣身的FENDI ROMA硅胶徽标采用模内注塑工艺，徽标浮雕深度均匀，与面料的粘合强度经拉力测试达标，边缘无溢胶、翘边问题。连帽结构经热压定型工艺处理，内置弹性支撑条，经多次弯折测试后仍保持立体挺括形态；袖口的罗纹收边采用氨纶混纺织造，经弹性测试后回弹率优异，久穿无松垮变形；下摆的隐形抽绳系统由精密设备加工，绳扣为品牌定制注塑件，耐用性经疲劳测试达标。吊牌与洗水标采用品牌专属防伪工艺制作，全息防伪标经光刻技术处理，信息编码唯一性强；多处细节的缝制工艺经人工+机器双重质检，线迹平整度、缝份宽度等指标均符合FENDI高端成衣工艺标准。，裤脚的松紧收口采用双层弹力罗纹工艺，经反复拉伸测试仍能快速回弹，可紧密贴合雪鞋，防止风雪灌入；口袋的袋口边缘采用加固车缝+包边工艺，包边面料与裤身提花面料同源，视觉统一性强；尺码标、洗水标经烫印+手工车缝双重固定，洗水标上的多语言护理说明经精准排版印刷，信息完整度达100%；多处细节的缝制、五金安装工艺均经品牌质检团队逐件核验，线迹平整度、五金牢固度等指标均达品牌高阶工艺标准。 ❗️颜色：白色 ❗️标准尺码：;0;;lrg3k8cd5bgw3jv;;Для мужчин;"[""https://xcimg.szwego.com/img/6c7a535f/20260105/i1767566287558_4820_0_0.jpg"", ""https://xcimg.szwego.com/img/6c7a535f/20260105/i1767566289857_9222_0_1.jpg"", ""https://xcimg.szwego.com/img/6c7a535f/20260105/i1767566289854_6749_0_2.jpg"", ""https://xcimg.szwego.com/img/6c7a535f/20260105/i1767566289742_3355_0_3.jpg"", ""https://xcimg.szwego.com/img/6c7a535f/20260105/i1767566287558_5606_0_4.jpg"", ""https://xcimg.szwego.com/img/6c7a535f/20260105/i1767566289828_7165_0_5.jpg"", ""https://xcimg.szwego.com/img/6c7a535f/20260105/i1767566287558_692_0_6.jpg"", ""https://xcimg.szwego.com/img/6c7a535f/20260105/i1767566287558_6166_0_7.jpg"", ""https://xcimg.szwego.com/img/6c7a535f/20260105/i1767566287558_5219_0_8.jpg""]"
_dsgrSD4F6Zf3n1qfo0Yne6sq7qlycGEvD8SVsvg;;FENDI 芬迪满印老花连帽夹克套装 面料采用高密网眼提花织物与100%精梳棉拼接织造，经多道染整工艺处理，老花图案的色牢度与织物挺括度达到品牌严苛标准；提花环节依托数控提花机，将FF老花纹样的经纬纱线交织误差控制在±0.05mm内，使图案纹理清晰对称，边缘无跳线、漏针问题。裁剪环节运用3D立体裁剪系统，结合人体工学数据优化连帽版型，肩袖、衣身拼接裁片的对位误差控制在±0.1mm内，为后续缝合奠定精准基础。缝制工艺中，电脑平缝机以3mm精准针距完成主体拼接，拉链边缘采用包边密缝工艺，针脚均匀度达品牌顶级标准；定制的FENDI浮雕拉链头经CNC精雕与真空电镀处理，表面光洁度高且耐磨耐刮，拉链轨道经顺滑度测试，往复拉动万次无卡顿。衣身的FENDI ROMA硅胶徽标采用模内注塑工艺，徽标浮雕深度均匀，与面料的粘合强度经拉力测试达标，边缘无溢胶、翘边问题。连帽结构经热压定型工艺处理，内置弹性支撑条，经多次弯折测试后仍保持立体挺括形态；袖口的罗纹收边采用氨纶混纺织造，经弹性测试后回弹率优异，久穿无松垮变形；下摆的隐形抽绳系统由精密设备加工，绳扣为品牌定制注塑件，耐用性经疲劳测试达标。吊牌与洗水标采用品牌专属防伪工艺制作，全息防伪标经光刻技术处理，信息编码唯一性强；多处细节的缝制工艺经人工+机器双重质检，线迹平整度、缝份宽度等指标均符合FENDI高端成衣工艺标准。，裤脚的松紧收口采用双层弹力罗纹工艺，经反复拉伸测试仍能快速回弹，可紧密贴合雪鞋，防止风雪灌入；口袋的袋口边缘采用加固车缝+包边工艺，包边面料与裤身提花面料同源，视觉统一性强；尺码标、洗水标经烫印+手工车缝双重固定，洗水标上的多语言护理说明经精准排版印刷，信息完整度达100%；多处细节的缝制、五金安装工艺均经品牌质检团队逐件核验，线迹平整度、五金牢固度等指标均达品牌高阶工艺标准。 ❗️颜色：白色 ❗️标准尺码：;0;;lrg3k8cd5bgw3jv;;Для мужчин;"[""https://xcimg.szwego.com/img/6c7a535f/20260105/i1767567726777_1651_0_0.jpg"", ""https://xcimg.szwego.com/img/6c7a535f/20260105/i1767567726738_1593_0_1.jpg"", ""https://xcimg.szwego.com/img/6c7a535f/20260105/i1767567726747_5777_0_2.jpg"", ""https://xcimg.szwego.com/img/6c7a535f/20260105/i1767567726677_8808_0_3.jpg"", ""https://xcimg.szwego.com/img/6c7a535f/20260105/i1767567728719_2998_0_4.jpg"", ""https://xcimg.szwego.com/img/6c7a535f/20260105/i1767567728772_5559_0_5.jpg"", ""https://xcimg.szwego.com/img/6c7a535f/20260105/i1767567728919_6938_0_6.jpg"", ""https://xcimg.szwego.com/img/6c7a535f/20260105/i1767567728839_7884_0_8.jpg"", ""https://xcimg.szwego.com/img/6c7a535f/20260105/i1767567726712_9190_0_9.jpg""]"
_d_2rSifOuOo2B4-ycnHL-1CapmV-UEm5UmbCBgg;;"【90国标白鸭绒填充】 MONCLER蒙口毛毡贴饰联名立领羽绒服 —奢潮交织，定义冬日新格调— 采用100%意大利进口锦纶面料，经过特殊工艺处理，呈现出“漆皮感”的光泽度，具备优异的抗风、防泼溅性能;内里填充90白鹅绒，绗缝的走线均匀且紧密，能将羽绒牢牢固定在每个区域，避免跑绒、结团，确保衣服“充绒饱满，蓬松感十足”;Logo徽章的缝制工艺精细，走线隐蔽且牢固，将品牌魅力感牢牢定格;原漆原版四合扣采用定制级工艺，漆面均匀、质感厚重，扣合时流畅且牢固，既彰显品牌的规格性能。 ⚠️发货规格全套包装 ❗️标准尺码：48-56 ❗️可接量身定制";0;;lrg3k8cd5bgw3jv;;Для мужчин;"[""https://xcimg.szwego.com/img/65702085/20250919/i1758295911_9502_6.jpg"", ""https://xcimg.szwego.com/img/65702085/20250919/i1758295910_3093_2.jpg"", ""https://xcimg.szwego.com/img/65702085/20250919/i1758295910_4237_4.jpg"", ""https://xcimg.szwego.com/img/65702085/20250919/i1758295911_3926_9.jpg"", ""https://xcimg.szwego.com/img/65702085/20250919/i1758295911_7371_7.jpg"", ""https://xcimg.szwego.com/img/65702085/20250919/i1758295911_9350_8.jpg"", ""https://xcimg.szwego.com/img/65702085/20250919/i1758295910_5025_1.jpg"", ""https://xcimg.szwego.com/img/65702085/20250919/i1758295911_544_5.jpg"", ""https://xcimg.szwego.com/img/65702085/20250919/i1758295910_3489_3.jpg""]"
_d98rSYp4W4bEzTwshsa6f9Ee5AUTBN-YGUOQhqg;;MONCLER 蒙口立领羽绒服 面料与里料选用高密哑光100%锦纶，经精密织机织造，质感出众且色牢度优异；裁片环节借助智能裁剪系统，结合立领版型的人体工学数据，将领口、肩缝等拼接部位的裁片误差控制在±0.15mm内，为精密缝合奠定坚实基础。充绒阶段采用品牌定制充绒系统，充绒环境恒温，精准调控使每格蓬松度偏差极小，同时通过专业检测杜绝内部绒朵结块问题。缝制工艺中，电脑绗缝机以精准针距完成主体绗缝，充绒口采用密缝工艺；袖口的金属扣具经专业成型机加工，耐用性经测试表现卓越；袖臂处的MONCLER徽标通过精细刺绣工艺呈现，标识边缘平整度极高，既具辨识度又耐磨损。立领结构经专业定型工艺塑形，穿着挺括有型；拉链等五金配件经精密加工，耐用性达标；多处细节的缝制工艺严格把控，线迹平整度等指标均达高等级标准。 ❗️颜色：黑色 ❗️标准尺码：;0;;lrg3k8cd5bgw3jv;;Для мужчин;"[""https://xcimg.szwego.com/img/6c7a535f/20251230/i1767061356530_4374_0_0.jpg"", ""https://xcimg.szwego.com/img/6c7a535f/20251230/i1767061355177_7646_0_1.jpg"", ""https://xcimg.szwego.com/img/6c7a535f/20251230/i1767061356570_1758_0_5.jpg"", ""https://xcimg.szwego.com/img/6c7a535f/20251230/i1767061356505_2773_0_2.jpg"", ""https://xcimg.szwego.com/img/6c7a535f/20251230/i1767061355022_3215_0_3.jpg"", ""https://xcimg.szwego.com/img/6c7a535f/20251230/i1767061355220_7892_0_4.jpg"", ""https://xcimg.szwego.com/img/6c7a535f/20251230/i1767061356550_7359_0_8.jpg"", ""https://xcimg.szwego.com/img/6c7a535f/20251230/i1767061355213_5521_0_6.jpg"", ""https://xcimg.szwego.com/img/6c7a535f/20251230/i1767061355219_1360_0_7.jpg""]"
_dwNrSUcNDya-V17QJwqfxoKTlcCOHjnWwl2ujOw;;Chrome Hearts克罗心十字贴皮菱格绗缝棉服 面料采用高密哑光100%棉材质，经重工水洗与预缩水处理，面料挺括不易起皱且色牢度优异，同时具备良好的防风性与透气性；裁片环节依托智能裁剪系统，结合立领版型的人体工学数据，将衣身、袖臂等拼接部位的裁片误差控制在±0.15mm内，为整体结构的精密缝合筑牢根基。绗缝阶段运用定制绗缝设备，以菱格纹为基础纹路完成主体绗缝，针距均匀且线迹平整，独立绗缝格内填充高蓬松度保暖棉，充棉克重经严格标定，使每格蓬松度偏差极小，同时通过专业工艺避免内部棉絮结块、移位隐患。缝制工艺里，袖臂处的十字装饰采用裂纹质感皮质贴皮工艺，皮质条带经手工剪裁与边缘毛边处理后，以密缝工艺固定于衣身，十字中心的金属饰件经复古做旧工艺打造，浮雕纹路由手工打磨成型；门襟处的十字金属按扣经专业压铸设备加工，表面雕花工艺精细且耐用性经测试表现出色；下摆的品牌金属牌采用浮雕刻字工艺，字体清晰度与金属质感兼具辨识度与耐久性。立领结构经专业定型工艺塑形，领口挺括不易变形；袖口的高弹罗纹经预缩水处理，贴合手腕不紧绷且久穿不易松垮；多处细节的缝制工艺经严格把控，线迹平整度、缝合牢度等指标均达高等级标准。 ❗️颜色：黑色 ❗️标准尺码：;0;;lrg3k8cd5bgw3jv;;Для мужчин;"[""https://xcimg.szwego.com/img/65702085/20251231/i1767147690493_8457_0_0.jpg"", ""https://xcimg.szwego.com/img/65702085/20251231/i1767147688295_5453_0_1.jpg"", ""https://xcimg.szwego.com/img/65702085/20251231/i1767147690386_1589_0_2.jpg"", ""https://xcimg.szwego.com/img/65702085/20251231/i1767147688295_848_0_3.jpg"", ""https://xcimg.szwego.com/img/65702085/20251231/i1767147688295_8398_0_4.jpg"", ""https://xcimg.szwego.com/img/65702085/20251231/i1767147690159_8482_0_5.jpg"", ""https://xcimg.szwego.com/img/65702085/20251231/i1767147690498_881_0_6.jpg"", ""https://xcimg.szwego.com/img/65702085/20251231/i1767147688295_2930_0_7.jpg"", ""https://xcimg.szwego.com/img/65702085/20251231/i1767147690397_8348_0_8.jpg"", ""https://xcimg.szwego.com/img/65702085/20251231/i1767147688295_7498_0_9.jpg""]"
_dxQrSmGUxLVTSfnDmbJtrJW3z4QYgh8sEGaGCJg;;【顺丰包邮】【价格下调】【100%鹅绒填充】LOUIS VUITTON 路易威登暗纹连帽羽绒服 面料与里料均采用高密100%锦纶，经数控提花织机完成Monogram暗纹肌理织造，每平方厘米提花纹路的经纬线密度误差≤1根；裁片环节通过3D激光定位裁床配合CAD版型数据，将帽型、袖窿等异形部位的边缘公差控制在±0.15mm内，曲面裁片经真空吸附台面固定，确保立体形态的精准度。充绒阶段启用智能分区充绒系统：90%白鹅绒与10%绒丝按预设克重填充至独立绗缝格，充绒舱保持20℃恒温环境，气流压力传感器实时调节充绒强度，使每格蓬松度偏差≤35FP，同时通过红外成像检测排除内部结块风险。缝制工艺中，电脑多针绗缝机以2.5mm针距完成绗缝定型，双针锁边机对充绒口进行密缝处理；门襟处的RIRI定制拉链由精密金属拉链成型机加工，齿距误差≤0.05mm，配合热熔胶条密封工艺实现-20℃环境下拉合顺滑度；肩部的LOUIS VUITTON皮质标牌通过高频热压贴合机固定，贴合强度经拉力测试达25N/平方厘米，无开胶风险。连帽结构经蒸汽定型机在140℃高温下塑形，内置记忆纤维衬片，通过弯折疲劳测试仪验证8000次弯折后仍保持挺括；下摆抽绳系统由数控绳扣压制机加工，金属扣环与绳结的连接强度经拉力测试达30N，兼顾牢固性与美观度。 ❗️颜色：黑色 ❗️标准尺码：48-54;0;;lrg3k8cd5bgw3jv;;Для мужчин;"[""https://xcimg.szwego.com/img/adebff46/20251116/i1763229167187_2976_0_0.jpg"", ""https://xcimg.szwego.com/img/adebff46/20251116/i1763229167110_6867_0_1.jpg"", ""https://xcimg.szwego.com/img/adebff46/20251116/i1763229168686_6742_0_2.jpg"", ""https://xcimg.szwego.com/img/adebff46/20251116/i1763229167229_3639_0_7.jpg"", ""https://xcimg.szwego.com/img/adebff46/20251116/i1763229168666_8803_0_4.jpg"", ""https://xcimg.szwego.com/img/adebff46/20251116/i1763229168600_6995_0_5.jpg"", ""https://xcimg.szwego.com/img/adebff46/20251116/i1763229168739_5156_0_6.jpg"", ""https://xcimg.szwego.com/img/adebff46/20251116/i1763229167201_9340_0_9.jpg"", ""https://xcimg.szwego.com/img/adebff46/20251116/i1763229168720_363_0_8.jpg""]"
_drArSVv936-msGjToZdfGyWacvXKQyoK45_YP4w;;【顺丰包邮】【价格下调】【100%鹅绒填充】Louis Vuitton 路易威登暗纹绗缝连帽羽绒服 面料采用暗纹提花锦纶织物，里料为同材质基础款锦纶，经数控激光裁床完成裁片切割，尺寸误差控制在0.3mm内，暗纹提花区域裁片对齐精度达99%；裁片边缘通过超声波锁边机处理，毛边率＜0.1%。充绒环节启用全自动分仓充绒系统，通过动态称重模块将高蓬松度羽绒按预设克重均分至每一个绗缝仓，充绒压力稳定在0.25MPa，绒朵蓬松度保持在700+FP，保暖层无局部薄厚差。缝制阶段采用电脑同步绗缝机与提花面料专用缝机协同作业：绗缝仓以7针/厘米的针距缝合，双针线迹张力差≤1.5N，锁死绒体移位风险；连帽结构通过蒸汽定型机以120℃高温定型，帽型贴合度误差＜0.5cm，佩戴无累赘感。金属Logo标识经精密模压成型机一体压制，标识边缘公差≤0.1mm，表面镀层耐磨等级达5级；金属按扣通过数控冲压机成型，扣面标识经激光蚀刻机加工，字体深度0.2mm，表面耐磨等级达5级；拉链由定制金属拉链成型机加工，齿距公差≤0.08mm，拉头Logo通过注塑成型机一体成型，清晰度达99%；袖身品牌标牌采用热压定型机加工，标牌厚度误差≤0.2mm，水洗后保型度≥40次。 ❗️【180cm/160斤模特试穿】 ❗️颜色：哑光黑 ❗️标准尺码：48-56;0;;lrg3k8cd5bgw3jv;;Для мужчин;"[""https://xcimg.szwego.com/img/65702085/20251113/i1763048530718_8855_0_0.jpg"", ""https://xcimg.szwego.com/img/65702085/20251113/i1763048532301_4392_0_1.jpg"", ""https://xcimg.szwego.com/img/65702085/20251113/i1763048532263_5139_0_2.jpg"", ""https://xcimg.szwego.com/img/65702085/20251113/i1763048532354_3731_0_4.jpg"", ""https://xcimg.szwego.com/img/65702085/20251113/i1763048530743_3934_0_9.jpg"", ""https://xcimg.szwego.com/img/65702085/20251113/i1763048530544_7829_0_5.jpg"", ""https://xcimg.szwego.com/img/65702085/20251113/i1763048532276_4147_0_6.jpg"", ""https://xcimg.szwego.com/img/65702085/20251113/i1763048532204_7016_0_7.jpg"", ""https://xcimg.szwego.com/img/65702085/20251113/i1763048530839_6080_0_8.jpg""]"
_dgtrSU08tmm5vJADnLajEy8yLmr1tyaAnCpadVA;;【顺丰包邮】【价格下调】LOUIS VUITTON路易威登奢级拼色连帽羽绒服 — 潮奢御寒 · 先锋设计与经典标识的视觉交响 — 这款路易威登拼色连帽羽绒服，是品牌将户外机能美学与经典标识系统精妙融合的潮奢杰作，为秋冬演绎高定潮流品味与多场景适配性提供吸睛之选。严选高密抗风羽绒面料，多色拼接塑造出极具先锋感的立体廓形，灰调主色高级内敛，橙调细节点睛潮奢气场；内里填充高蓬松羽绒，锁温保暖性能卓越，经奢牌工艺打造出饱满挺括的造型；细节处满是匠心巧思：前身醒目“LOUIS VUITTON”品牌标识与后背标志性四叶花图案遥相呼应，是LV身份的潮奢彰显；定制橙调金属拉链质感拉满，开合间尽释大牌工艺；连帽设计搭配抽绳调节，兼顾造型与实用性，适配不同风格需求。从拼色面料的先锋设计到品牌标识的工艺细节，都为整体造型注入高奢质感与超强辨识度，轻松驾驭都市通勤、潮流出街、户外休闲等多元场景。 ⚠️ 发货规格：全套包装 ❗️颜色：灰 ❗ 标准尺码;0;;lrg3k8cd5bgw3jv;;Для мужчин;"[""https://xcimg.szwego.com/img/65702085/20251024/i1761236306_3657_9.jpg"", ""https://xcimg.szwego.com/img/65702085/20251024/i1761236346_6535_0.jpg"", ""https://xcimg.szwego.com/img/65702085/20251024/i1761236305_8596_4.jpg"", ""https://xcimg.szwego.com/img/65702085/20251024/i1761236305_7564_2.jpg"", ""https://xcimg.szwego.com/img/65702085/20251024/i1761236305_1585_5.jpg"", ""https://xcimg.szwego.com/img/65702085/20251024/i1761236306_3083_8.jpg"", ""https://xcimg.szwego.com/img/65702085/20251024/i1761236347_4917_0.jpg"", ""https://xcimg.szwego.com/img/65702085/20251024/i1761236305_2931_1.jpg"", ""https://xcimg.szwego.com/img/65702085/20251024/i1761236306_3959_6.jpg""]"
_dsrrSQEvs79zy3bF7fjqrgMbxPXxifjuMcYqgAw;;【顺丰包邮】【价格下调】【100%鹅绒填充】LOUIS VUITTON路易威登奢级压纹连帽羽绒服 — 奢潮御寒 · 隐式标识与高端工艺的质感共鸣 — 这款路易威登压纹连帽羽绒服，是品牌将隐式标识美学与“奢暖兼备”的功能性精妙融合，是秋冬诠释高奢品味与多元场景适配的吸睛利器。严选高密哑光羽绒面料，90%+高蓬松白鹅绒填充，锁温性能卓越，经奢牌工艺塑造出立体挺括廓形，经典黑色调高级内敛，自带低调奢华气场；细节处满是匠心巧思：衣身隐式压纹标识与醒目品牌字母织带交相呼应，硅胶袖标点缀，是路易威登身份的奢级彰显；定制金属拉链质感拉满，开合间尽释大牌工艺；连帽设计兼顾造型与实用性，适配不同风格需求。从面料的防风御寒性能到隐式标识的工艺细节，都为整体造型注入奢级质感与辨识度，轻松hold住都市通勤、潮流出街、轻奢社交等多元场景。 ⚠️ 发货规格：全套包装 ❗️颜色：黑色 ❗ 标准尺码;0;;lrg3k8cd5bgw3jv;;Для мужчин;"[""https://xcimg.szwego.com/img/65702085/20251024/i1761236883_740_2.jpg"", ""https://xcimg.szwego.com/img/65702085/20251024/i1761236884_3225_9.jpg"", ""https://xcimg.szwego.com/img/65702085/20251024/i1761236883_3249_1.jpg"", ""https://xcimg.szwego.com/img/65702085/20251024/i1761236884_9201_10.jpg"", ""https://xcimg.szwego.com/img/65702085/20251024/i1761236883_8200_3.jpg"", ""https://xcimg.szwego.com/img/65702085/20251024/i1761236884_3229_7.jpg"", ""https://xcimg.szwego.com/img/65702085/20251024/i1761236883_4131_5.jpg"", ""https://xcimg.szwego.com/img/65702085/20251024/i1761236884_6043_6.jpg"", ""https://xcimg.szwego.com/img/65702085/20251024/i1761236884_9842_8.jpg""]"
_dbrrST6QuysqOpwuZN-fhwcyV3BfSAe78RmZ4Qw;;【顺丰包邮】【价格下调】【100%鹅绒填充】LOUIS VUITTON路易威登奢级压纹连帽羽绒服 — 奢潮御寒 · 隐式标识与高端工艺的质感共鸣 — 这款路易威登压纹连帽羽绒服，是品牌将隐式标识美学与“奢暖兼备”的功能性精妙融合，是秋冬诠释高奢品味与多元场景适配的吸睛利器。严选高密哑光羽绒面料，90%+高蓬松白鹅绒填充，锁温性能卓越，经奢牌工艺塑造出立体挺括廓形，高级内敛，自带低调奢华气场；细节处满是匠心巧思：衣身隐式压纹标识与醒目品牌字母织带交相呼应，硅胶袖标点缀，是路易威登身份的奢级彰显；定制金属拉链质感拉满，开合间尽释大牌工艺；连帽设计兼顾造型与实用性，适配不同风格需求。从面料的防风御寒性能到隐式标识的工艺细节，都为整体造型注入奢级质感与辨识度，轻松hold住都市通勤、潮流出街、轻奢社交等多元场景。 ⚠️ 发货规格：全套包装 ❗️颜色：白色 ❗ 标准尺码;0;;lrg3k8cd5bgw3jv;;Для мужчин;"[""https://xcimg.szwego.com/img/65702085/20251024/i1761236930_3547_9.jpg"", ""https://xcimg.szwego.com/img/65702085/20251024/i1761236930_7228_6.jpg"", ""https://xcimg.szwego.com/img/65702085/20251024/i1761236930_7862_8.jpg"", ""https://xcimg.szwego.com/img/65702085/20251024/i1761236930_478_7.jpg"", ""https://xcimg.szwego.com/img/65702085/20251024/i1761236930_3424_3.jpg"", ""https://xcimg.szwego.com/img/65702085/20251024/i1761236930_8491_1.jpg"", ""https://xcimg.szwego.com/img/65702085/20251024/i1761237005_4628_0.jpg"", ""https://xcimg.szwego.com/img/65702085/20251024/i1761237005_805_1.jpg"", ""https://xcimg.szwego.com/img/65702085/20251024/i1761236930_5011_0.jpg""]"
_d-xrSzXaaxRBbpyva18V4B3RnIVJ9dorma9BzYg;;【顺丰包邮】 PRADA 普拉达收腰连帽羽绒服 面料与里料选用品牌标志性高密尼龙材质，经特殊工艺织造，质感挺括且色泽浓郁，色牢度卓越；裁片环节凭借先进工艺，将连帽、收腰等关键部位的裁片误差控制在极小范围，为整体版型的利落呈现奠定坚实基础。充绒采用高品质羽绒，按严格克重填充至规整绗缝格，充绒过程严格把控，确保每格蓬松度均匀，有效避免绒朵结块，保暖性与舒适度兼具。缝制工艺上，主体采用精密车缝，拉链选用品牌定制五金，质感高级且顺滑耐用；胸前的PRADA三角徽标经精致工艺固定，标识细节精湛，辨识度与耐久性俱佳。连帽结构经专业处理，版型挺括；腰部收腰设计通过精密抽绳系统实现，调节便捷且绳具耐用；从绗缝线迹到五金细节，每一处工艺都经严格把控，线迹平整、细节精致，尽显品牌高端制衣水准。 ❗️颜色：黑色 ❗️标准尺码：;0;;lrg3k8cd5bgw3jv;;Для мужчин;"[""https://xcimg.szwego.com/img/65702085/20251226/i1766686348944_2107_0_0.jpg"", ""https://xcimg.szwego.com/img/65702085/20251226/i1766686349009_7537_0_8.jpg"", ""https://xcimg.szwego.com/img/65702085/20251226/i1766686346019_5957_0_1.jpg"", ""https://xcimg.szwego.com/img/65702085/20251226/i1766686348781_1124_0_2.jpg"", ""https://xcimg.szwego.com/img/65702085/20251226/i1766686348967_6271_0_3.jpg"", ""https://xcimg.szwego.com/img/65702085/20251226/i1766686346019_973_0_4.jpg"", ""https://xcimg.szwego.com/img/65702085/20251226/i1766686346019_5424_0_5.jpg"", ""https://xcimg.szwego.com/img/65702085/20251226/i1766686346019_9868_0_6.jpg"", ""https://xcimg.szwego.com/img/65702085/20251226/i1766686346019_2937_0_7.jpg""]"
_dqnrSYaJVduZXuGSq3Xppf6Sw4W5BZB6ROT_ITA;;【顺丰包邮】【100%鹅绒填充】 Moncler 蒙口机能连帽外套 — 灰调潮奢 · GORE-TEX科技与意式工艺的户外典藏 — 这款机能连帽夹克，是Moncler将GORE-TEX INFINIUM™科技与意式高定工艺的创新融合，为追求潮奢机能与多元场景的先锋玩家打造风格战袍。严选GORE-TEX INFINIUM™面料，防风透气且兼具“都市户外”属性，内里填充90白鹅绒，经立体剪裁塑造出利落又具科技感的连帽廓形；细节处尽显奢牌血统：专属刻字拉链头质感十足，袖身三色徽标辨识度拉满，每一处设计都如机能勋章般考究，是潮奢身份的低调彰显；连帽版型时尚与实穿兼顾，兼顾造型与户外需求，细节控的心头挚爱；面料拼接处走线均匀规整，每一针都透着“意式匠造”的精致态度。从GORE-TEX科技的实用魅力，到品牌标识的质感呈现，再到连帽廓形的潮流腔调，都为整体造型注入潮奢层次与独特性，轻松驾驭都市通勤、户外探索、潮流社交等多元场景。 ❗️颜色：黑色 ❗ 标准尺码：;0;;lrg3k8cd5bgw3jv;;Для мужчин;"[""https://xcimg.szwego.com/img/65702085/20251030/i1761768483_8773_8.jpg"", ""https://xcimg.szwego.com/img/65702085/20251030/i1761768482_5766_0.jpg"", ""https://xcimg.szwego.com/img/65702085/20251030/i1761768483_8329_5.jpg"", ""https://xcimg.szwego.com/img/65702085/20251030/i1761768483_3035_6.jpg"", ""https://xcimg.szwego.com/img/65702085/20251030/i1761768483_9677_9.jpg"", ""https://xcimg.szwego.com/img/65702085/20251030/i1761768483_1718_3.jpg"", ""https://xcimg.szwego.com/img/65702085/20251030/i1761768483_8859_4.jpg"", ""https://xcimg.szwego.com/img/65702085/20251030/i1761768483_1601_2.jpg"", ""https://xcimg.szwego.com/img/65702085/20251030/i1761768483_2707_7.jpg""]"
_dkErSehcDeqS544shpvdhilo5vzVh5gm1uOfB0g;;MONCLER 蒙口立领羽绒服 面料与里料采用高密哑光100%锦纶，经精密织机织造，质感高级且色牢度出众；裁片环节凭借智能裁剪系统，结合立领版型的人体工学数据，将领口、肩缝及口袋拼接等部位的裁片误差控制在±0.15mm，充绒环境恒温，精准调控让每格蓬松度偏差极小，同时通过专业检测消除内部绒朵结块隐患。缝制工艺中，电脑绗缝机以精准针距完成主体绗缝，充绒口采用密缝工艺；袖口金属扣具经专业成型机加工，耐用性经测试表现卓越；前胸口袋边缘的皮质包边经精细缝制，针脚均匀平整，兼具实用性与设计感；拉链头的MONCLER标识经精密压印，辨识度与耐久性俱佳。立领结构经专业定型工艺塑形，穿着挺括有型；下摆抽绳系统由精密设备加工，绳扣与金属孔眼耐用性经测试达标；多处细节的缝制工艺严格把控，线迹平整度等指标均达高等级标准。 ❗️颜色：卡其 ❗️标准尺码：;0;;lrg3k8cd5bgw3jv;;Для мужчин;"[""https://xcimg.szwego.com/img/6c7a535f/20251230/i1767061976633_8993_0_0.jpg"", ""https://xcimg.szwego.com/img/6c7a535f/20251230/i1767061976712_6202_0_1.jpg"", ""https://xcimg.szwego.com/img/6c7a535f/20251230/i1767061975161_7522_0_2.jpg"", ""https://xcimg.szwego.com/img/6c7a535f/20251230/i1767061975235_991_0_3.jpg"", ""https://xcimg.szwego.com/img/6c7a535f/20251230/i1767061976684_2166_0_4.jpg"", ""https://xcimg.szwego.com/img/6c7a535f/20251230/i1767061976560_579_0_5.jpg"", ""https://xcimg.szwego.com/img/6c7a535f/20251230/i1767061976590_2140_0_6.jpg"", ""https://xcimg.szwego.com/img/6c7a535f/20251230/i1767061975154_3977_0_7.jpg"", ""https://xcimg.szwego.com/img/6c7a535f/20251230/i1767061975112_8858_0_8.jpg""]"
_dF8rS2gqllDMU-g37ctUk0v2S21UB7G9kGHMMYw;;MONCLER 蒙口立领羽绒服 面料与里料采用高密哑光100%锦纶，经精密织机织造，质感高级且色牢度出众；裁片环节凭借智能裁剪系统，结合立领版型的人体工学数据，将领口、肩缝及口袋拼接等部位的裁片误差控制在±0.15mm，充绒环境恒温，精准调控让每格蓬松度偏差极小，同时通过专业检测消除内部绒朵结块隐患。缝制工艺中，电脑绗缝机以精准针距完成主体绗缝，充绒口采用密缝工艺；袖口金属扣具经专业成型机加工，耐用性经测试表现卓越；前胸口袋边缘的皮质包边经精细缝制，针脚均匀平整，兼具实用性与设计感；拉链头的MONCLER标识经精密压印，辨识度与耐久性俱佳。立领结构经专业定型工艺塑形，穿着挺括有型；下摆抽绳系统由精密设备加工，绳扣与金属孔眼耐用性经测试达标；多处细节的缝制工艺严格把控，线迹平整度等指标均达高等级标准。 ❗️颜色：黑色 ❗️标准尺码：;0;;lrg3k8cd5bgw3jv;;Для мужчин;"[""https://xcimg.szwego.com/img/6c7a535f/20251230/i1767061774190_209_0_0.jpg"", ""https://xcimg.szwego.com/img/6c7a535f/20251230/i1767061774216_7910_0_1.jpg"", ""https://xcimg.szwego.com/img/6c7a535f/20251230/i1767061771379_916_0_2.jpg"", ""https://xcimg.szwego.com/img/6c7a535f/20251230/i1767061774176_2209_0_3.jpg"", ""https://xcimg.szwego.com/img/6c7a535f/20251230/i1767061771280_5469_0_4.jpg"", ""https://xcimg.szwego.com/img/6c7a535f/20251230/i1767061771313_5697_0_5.jpg"", ""https://xcimg.szwego.com/img/6c7a535f/20251230/i1767061773308_1050_0_6.jpg"", ""https://xcimg.szwego.com/img/6c7a535f/20251230/i1767061771383_250_0_7.jpg"", ""https://xcimg.szwego.com/img/6c7a535f/20251230/i1767061771389_46_0_8.jpg""]"
_dUbrS1U8ulnBWF_4x2J0JsREKTB4pdpDTya4Oig;;MONCLER 蒙口金属光泽连帽羽绒服 面料与里料采用高密金属光泽100%锦纶，经特殊工艺处理呈现高级哑光金属质感，色牢度与耐磨性表现优异；裁片环节依托智能裁剪系统，结合连帽版型的人体工学数据，将帽檐、肩缝等拼接部位的裁片误差控制在±0.15mm内，为整体结构的精密缝合筑牢根基。充绒环境保持恒温，通过精准调控使每格蓬松度偏差极小，同时借助专业检测手段排除内部绒朵结块隐患。缝制工艺里，电脑绗缝机以精准针距完成主体绗缝，充绒口采用密缝工艺处理；袖口的金属扣具与拉链头经专业成型机加工，表面镀层均匀且耐用性经多轮测试表现出色；袖臂处的MONCLER徽标通过精细刺绣工艺呈现，标识边缘平整度极高，兼具辨识度与耐久性。连帽结构经专业定型工艺塑形，内置支撑结构，经弯折测试后仍能保持挺括形态；多处细节的缝制工艺经严格把控，线迹平整度、五金件质感等指标均达高等级标准。 ❗️颜色：绿色 ❗️标准尺码：;0;;lrg3k8cd5bgw3jv;;Для мужчин;"[""https://xcimg.szwego.com/img/65702085/20251229/i1766969412709_8401_0_0.jpg"", ""https://xcimg.szwego.com/img/65702085/20251229/i1766969414892_8832_0_1.jpg"", ""https://xcimg.szwego.com/img/65702085/20251229/i1766969414778_4184_0_2.jpg"", ""https://xcimg.szwego.com/img/65702085/20251229/i1766969412481_5187_0_4.jpg"", ""https://xcimg.szwego.com/img/65702085/20251229/i1766969412516_7840_0_5.jpg"", ""https://xcimg.szwego.com/img/65702085/20251229/i1766969414709_7078_0_6.jpg"", ""https://xcimg.szwego.com/img/65702085/20251229/i1766969412524_9464_0_7.jpg"", ""https://xcimg.szwego.com/img/65702085/20251229/i1766969414764_2612_0_8.jpg"", ""https://xcimg.szwego.com/img/65702085/20251229/i1766969412760_2097_0_9.jpg""]"
_dnKrSzg0rfECd8vPFG9QWqlCBHRbxEOsYHaPPOA;;[顺丰包邮]MONCLER 蒙口立领羽绒服 面料与里料采用高密哑光100%锦纶，经精密织机实现质感织造，色牢度表现优异；裁片环节依托智能裁剪系统，结合立领版型的人体工学数据，将领口、衣身等拼接部位的裁片误差控制在±0.15mm内，为整体结构的精密缝合筑牢根基。充绒环境保持恒温，通过精准调控使每格蓬松度偏差极小，同时借助专业检测手段排除内部绒朵结块隐患。缝制工艺里，电脑绗缝机以精准针距完成主体绗缝，对充绒口采用密缝工艺处理；袖口的收束设计经专业工艺加工，贴合手腕且防风性能优异；袖臂处的MONCLER徽标通过精细刺绣工艺呈现，标识边缘平整度极高，兼具辨识度与耐久性。立领结构经专业定型工艺塑形，挺括有型；多处细节的缝制工艺经严格把控，线迹平整度等指标均达高等级标准。 ❗️颜色：白色 ❗️标准尺码：;0;;lrg3k8cd5bgw3jv;;Для мужчин;"[""https://xcimg.szwego.com/img/65702085/20251218/i1765996043835_9846_0_0.jpg"", ""https://xcimg.szwego.com/img/65702085/20251218/i1765996042251_9711_0_1.jpg"", ""https://xcimg.szwego.com/img/65702085/20251218/i1765996042332_882_0_2.jpg"", ""https://xcimg.szwego.com/img/65702085/20251218/i1765996042309_4740_0_3.jpg"", ""https://xcimg.szwego.com/img/65702085/20251218/i1765996042420_5219_0_4.jpg"", ""https://xcimg.szwego.com/img/65702085/20251218/i1765996042349_3722_0_5.jpg"", ""https://xcimg.szwego.com/img/65702085/20251218/i1765996043776_7371_0_6.jpg"", ""https://xcimg.szwego.com/img/65702085/20251218/i1765996043722_4007_0_7.jpg"", ""https://xcimg.szwego.com/img/65702085/20251218/i1765996043761_4737_0_8.jpg""]"
_dv5rSyVTrEK47xHgVpXyfL3R5YqxeI4NxJvdr_A;;【顺丰包邮】 MONCLER 蒙口立领羽绒服 面料与里料采用高密哑光100%锦纶，经精密织机实现质感织造，色牢度表现优异；裁片环节依托智能裁剪系统，结合立领版型的人体工学数据，将领口、衣身等拼接部位的裁片误差控制在±0.15mm内，为整体结构的精密缝合筑牢根基。充绒环境保持恒温，通过精准调控使每格蓬松度偏差极小，同时借助专业检测手段排除内部绒朵结块隐患。缝制工艺里，电脑绗缝机以精准针距完成主体绗缝，对充绒口采用密缝工艺处理；袖口的收束设计经专业工艺加工，贴合手腕且防风性能优异；袖臂处的MONCLER徽标通过精细刺绣工艺呈现，标识边缘平整度极高，兼具辨识度与耐久性。立领结构经专业定型工艺塑形，挺括有型；多处细节的缝制工艺经严格把控，线迹平整度等指标均达高等级标准。 ❗️颜色： ❗️标准尺码：;0;;lrg3k8cd5bgw3jv;;Для мужчин;"[""https://xcimg.szwego.com/img/65702085/20251218/i1765996234255_6941_0_0.jpg"", ""https://xcimg.szwego.com/img/65702085/20251218/i1765996234258_8450_0_1.jpg"", ""https://xcimg.szwego.com/img/65702085/20251218/i1765996235754_58_0_2.jpg"", ""https://xcimg.szwego.com/img/65702085/20251218/i1765996234120_6028_0_3.jpg"", ""https://xcimg.szwego.com/img/65702085/20251218/i1765996234196_4608_0_4.jpg"", ""https://xcimg.szwego.com/img/65702085/20251218/i1765996235814_8826_0_5.jpg"", ""https://xcimg.szwego.com/img/65702085/20251218/i1765996235683_9672_0_6.jpg"", ""https://xcimg.szwego.com/img/65702085/20251218/i1765996235739_2314_0_7.jpg"", ""https://xcimg.szwego.com/img/65702085/20251218/i1765996234127_4858_0_8.jpg""]"
_ddKrSanNdlzEFhGtty2v6fDYc84NHTpO_9Bqu3A;;【顺丰包邮】 MONCLER 蒙口可拆卸连帽长款羽绒服 面料与里料采用高密哑光100%锦纶，经精密织机实现质感织造，色牢度表现优异；裁片环节依托智能裁剪系统，结合长款版型与可拆卸连帽的人体工学数据，将帽檐、衣身拼接部位的裁片误差控制在±0.15mm内，为整体结构的精密缝合筑牢根基，充绒环境保持恒温，通过精准调控使每格蓬松度偏差极小，同时借助专业检测手段排除内部绒朵结块隐患。缝制工艺里，电脑绗缝机以精准针距完成主体绗缝，对充绒口采用密缝工艺处理；拉链头及金属扣具经专业成型机加工，耐用性经测试表现出色；袖臂处的MONCLER徽标通过精细刺绣工艺呈现，标识边缘平整度极高，兼具辨识度与耐久性。可拆卸连帽结构经专业定型工艺塑形，内置支撑结构，经多次拆装与弯折测试后仍能保持挺括形态；多处细节的缝制工艺经严格把控，线迹平整度等指标均达高等级标准。 ❗️颜色：黑色 ❗️标准尺码：;0;;lrg3k8cd5bgw3jv;;Для мужчин;"[""https://xcimg.szwego.com/img/65702085/20251218/i1765996474932_4643_0_0.jpg"", ""https://xcimg.szwego.com/img/65702085/20251218/i1765996474936_4077_0_1.jpg"", ""https://xcimg.szwego.com/img/65702085/20251218/i1765996473092_7113_0_2.jpg"", ""https://xcimg.szwego.com/img/65702085/20251218/i1765996474843_4431_0_3.jpg"", ""https://xcimg.szwego.com/img/65702085/20251218/i1765996473340_9449_0_4.jpg"", ""https://xcimg.szwego.com/img/65702085/20251218/i1765996473141_9688_0_5.jpg"", ""https://xcimg.szwego.com/img/65702085/20251218/i1765996474843_8369_0_6.jpg"", ""https://xcimg.szwego.com/img/65702085/20251218/i1765996473462_8522_0_7.jpg"", ""https://xcimg.szwego.com/img/65702085/20251218/i1765996473473_8280_0_8.jpg""]"
_dsdrSqSnBxyLSgvqlo07rKPxvBREuget26HsgPg;;【顺丰包邮】MONCLER 蒙口可拆卸连帽长款羽绒服 面料与里料采用高密哑光100%锦纶，经精密织机实现质感织造，色牢度表现优异；裁片环节依托智能裁剪系统，结合长款版型与可拆卸连帽的人体工学数据，将帽檐、衣身拼接部位的裁片误差控制在±0.15mm内，为整体结构的精密缝合筑牢根基，充绒环境保持恒温，通过精准调控使每格蓬松度偏差极小，同时借助专业检测手段排除内部绒朵结块隐患。缝制工艺里，电脑绗缝机以精准针距完成主体绗缝，对充绒口采用密缝工艺处理；金属扣具及拉链头经专业成型机加工，耐用性经测试表现出色；袖臂处的MONCLER徽标通过精细刺绣工艺呈现，标识边缘平整度极高，兼具辨识度与耐久性。可拆卸连帽结构经专业定型工艺塑形，内置支撑结构，经多次拆装与弯折测试后仍能保持挺括形态；下摆抽绳系统由精密设备加工，绳扣耐用性经测试达标；多处细节的缝制工艺经严格把控，线迹平整度等指标均达高等级标准。 ❗️颜色：黑色 ❗️标准尺码：;0;;lrg3k8cd5bgw3jv;;Для мужчин;"[""https://xcimg.szwego.com/img/65702085/20251218/i1765996766901_9635_0_0.jpg"", ""https://xcimg.szwego.com/img/65702085/20251218/i1765996766933_6479_0_1.jpg"", ""https://xcimg.szwego.com/img/65702085/20251218/i1765996766753_3332_0_2.jpg"", ""https://xcimg.szwego.com/img/65702085/20251218/i1765996769596_9502_0_3.jpg"", ""https://xcimg.szwego.com/img/65702085/20251218/i1765996766886_259_0_4.jpg"", ""https://xcimg.szwego.com/img/65702085/20251218/i1765996766822_7310_0_5.jpg"", ""https://xcimg.szwego.com/img/65702085/20251218/i1765996769458_2283_0_6.jpg"", ""https://xcimg.szwego.com/img/65702085/20251218/i1765996769427_4309_0_8.jpg"", ""https://xcimg.szwego.com/img/65702085/20251218/i1765996769549_6044_0_9.jpg""]"
_dvcrSZ6PhCGR1P_PoVXjsbtTh-ufZTFGon8Uz3w;;【顺丰包邮】PRADA 普拉达连帽短款羽绒服 面料与里料采用高密哑光100%锦纶，经品牌专属精密织机织造，面料表面呈现高级哑光质感，同时具备优异的防水、防风性能，色牢度经多次专业测试表现稳定；裁片环节依托3D立体智能裁剪系统，结合连帽短款版型的人体工学数据，将帽檐、肩缝、袖笼等拼接部位的裁片误差控制在±0.1mm内，为整体结构的精密缝合奠定坚实基础，充绒环境保持恒温恒湿，通过智能精准调控使每格蓬松度偏差极小，同时借助专业检测设备排除内部绒朵结块隐患。缝制工艺里，数控绗缝机以均匀精准的针距完成主体绗缝，对充绒口采用双道密缝工艺处理，彻底杜绝钻绒问题；口袋与袖口的定制拉链经高精度压铸机加工，拉头处品牌标识精细，顺滑度与耐用性经专业测试表现出色；胸前的PRADA红色饰条通过压胶热封工艺呈现，标识边缘平整度极高，兼具品牌辨识度与持久耐久性。连帽结构经低温热制定型工艺塑形，内置记忆支撑条，经反复弯折测试后仍能保持挺括形态；下摆的抽绳系统由精密设备加工，绳扣耐用性经测试达标；多处细节的缝制工艺经三道质检工序严格把控，线迹平整度、牢固度等指标均达奢侈品高等级标准。 ❗️颜色：白色 ❗️标准尺码：;0;;lrg3k8cd5bgw3jv;;Для мужчин;"[""https://xcimg.szwego.com/img/6c7a535f/20251219/i1766076990435_4168_0_0.jpg"", ""https://xcimg.szwego.com/img/6c7a535f/20251219/i1766076990378_2681_0_1.jpg"", ""https://xcimg.szwego.com/img/6c7a535f/20251219/i1766076990333_6507_0_2.jpg"", ""https://xcimg.szwego.com/img/6c7a535f/20251219/i1766076988021_4333_0_3.jpg"", ""https://xcimg.szwego.com/img/6c7a535f/20251219/i1766076987915_163_0_4.jpg"", ""https://xcimg.szwego.com/img/6c7a535f/20251219/i1766076988016_1588_0_5.jpg"", ""https://xcimg.szwego.com/img/6c7a535f/20251219/i1766076987896_1323_0_6.jpg"", ""https://xcimg.szwego.com/img/6c7a535f/20251219/i1766076990366_6635_0_7.jpg"", ""https://xcimg.szwego.com/img/6c7a535f/20251219/i1766076987446_5123_0_8.jpg""]"
_daJrSZVCCerTYZ24oSO82JZHuPKuFFZ-2E_AeRQ;;【顺丰包邮】PRADA 普拉达连帽短款羽绒服 面料与里料采用高密哑光100%锦纶，经品牌专属精密织机织造，面料表面呈现高级哑光质感，同时具备优异的防水、防风性能，色牢度经多次专业测试表现稳定；裁片环节依托3D立体智能裁剪系统，结合连帽短款版型的人体工学数据，将帽檐、肩缝、袖笼等拼接部位的裁片误差控制在±0.1mm内，为整体结构的精密缝合奠定坚实基础，充绒环境保持恒温恒湿，通过智能精准调控使每格蓬松度偏差极小，同时借助专业检测设备排除内部绒朵结块隐患。缝制工艺里，数控绗缝机以均匀精准的针距完成主体绗缝，对充绒口采用双道密缝工艺处理，彻底杜绝钻绒问题；口袋与袖口的定制拉链经高精度压铸机加工，拉头处品牌标识精细，顺滑度与耐用性经专业测试表现出色；胸前的PRADA红色饰条通过压胶热封工艺呈现，标识边缘平整度极高，兼具品牌辨识度与持久耐久性。连帽结构经低温热制定型工艺塑形，内置记忆支撑条，经反复弯折测试后仍能保持挺括形态；下摆的抽绳系统由精密设备加工，绳扣耐用性经测试达标；多处细节的缝制工艺经三道质检工序严格把控，线迹平整度、牢固度等指标均达奢侈品高等级标准。 ❗️颜色：黑色 ❗️标准尺码：;0;;lrg3k8cd5bgw3jv;;Для мужчин;"[""https://xcimg.szwego.com/img/6c7a535f/20251219/i1766077202929_2292_0_0.jpg"", ""https://xcimg.szwego.com/img/6c7a535f/20251219/i1766077203003_7139_0_1.jpg"", ""https://xcimg.szwego.com/img/6c7a535f/20251219/i1766077201035_2002_0_7.jpg"", ""https://xcimg.szwego.com/img/6c7a535f/20251219/i1766077201025_5179_0_2.jpg"", ""https://xcimg.szwego.com/img/6c7a535f/20251219/i1766077202832_2708_0_3.jpg"", ""https://xcimg.szwego.com/img/6c7a535f/20251219/i1766077202912_3230_0_4.jpg"", ""https://xcimg.szwego.com/img/6c7a535f/20251219/i1766077202867_5258_0_5.jpg"", ""https://xcimg.szwego.com/img/6c7a535f/20251219/i1766077200990_9593_0_6.jpg"", ""https://xcimg.szwego.com/img/6c7a535f/20251219/i1766077200958_494_0_8.jpg""]"
_dfjrSIAVKgwGc7sP9iGBf3SmpRApdH8F_5hAbmQ;;【顺丰包邮】PRADA 普拉达连帽羽绒服 面料与里料采用高密哑光100%锦纶，经品牌专属精密织机织造，面料表面呈现高级哑光质感，同时具备优异的防水、防风性能，色牢度经多次专业测试表现稳定；裁片环节依托3D立体智能裁剪系统，结合连帽版型的人体工学数据，将帽檐、肩缝、袖笼等拼接部位的裁片误差控制在±0.1mm内，为整体结构的精密缝合奠定坚实基础。充绒阶段运用品牌定制分区充绒系统，充绒环境保持恒温恒湿，通过智能精准调控使每格蓬松度偏差极小，同时借助专业检测设备排除内部绒朵结块隐患。缝制工艺里，数控绗缝机以均匀精准的针距完成主体绗缝，对充绒口采用双道密缝工艺处理，彻底杜绝钻绒问题；口袋与袖口的金属扣具经高精度压铸机加工，表面品牌标识纹路清晰，耐用性经万次开合测试无磨损；袖臂处的PRADA三角徽标通过精密压印工艺呈现，标识边缘平整度极高，兼具品牌辨识度与持久耐久性。连帽结构经低温热制定型工艺塑形，内置记忆支撑条，经反复弯折测试后仍能保持挺括形态；拉链系统采用品牌定制金属拉链，拉头处品牌标识精细，顺滑度与耐用性经专业测试表现出色；多处细节的缝制工艺经三道质检工序严格把控，线迹平整度、牢固度等指标均达奢侈品高等级标准。 ❗️颜色：黑色 ❗️标准尺码：;0;;lrg3k8cd5bgw3jv;;Для мужчин;"[""https://xcimg.szwego.com/img/6c7a535f/20251219/i1766076765521_7842_0_0.jpg"", ""https://xcimg.szwego.com/img/6c7a535f/20251219/i1766076763817_9013_0_1.jpg"", ""https://xcimg.szwego.com/img/6c7a535f/20251219/i1766076765379_1190_0_2.jpg"", ""https://xcimg.szwego.com/img/6c7a535f/20251219/i1766076763758_7688_0_3.jpg"", ""https://xcimg.szwego.com/img/6c7a535f/20251219/i1766076765420_7544_0_4.jpg"", ""https://xcimg.szwego.com/img/6c7a535f/20251219/i1766076763808_7309_0_5.jpg"", ""https://xcimg.szwego.com/img/6c7a535f/20251219/i1766076763581_6529_0_6.jpg"", ""https://xcimg.szwego.com/img/6c7a535f/20251219/i1766076765489_9821_0_7.jpg"", ""https://xcimg.szwego.com/img/6c7a535f/20251219/i1766076765365_402_0_8.jpg""]"
_dtKrSJjivLQkRBk_kpgZ20k2rSWnWq3vntnf5dQ;;【顺丰包邮】CELINE 赛琳刺绣羽绒马甲 面料与里料采用高密柔感100%尼龙，经专属精梳织机织造，面料表面自带细腻的哑光绒感，同时具备优异的防风、防泼水面料性能，色牢度经过多次水洗测试仍保持稳定；裁片环节依托3D人体工学裁剪系统，结合立领马甲的版型数据，将领边、袋口、肩线等拼接部位的裁片误差控制在±0.12mm内，为后续的精密缝合打下基础，充绒环境维持18℃恒温恒湿状态，通过智能调控使每格的蓬松度偏差控制在5%以内，同时通过绒朵分散技术避免内部出现结块问题。缝制工艺里，数控绗缝机以2.2mm的均匀针距完成主体绗缝，对充绒口采用双道密缝工艺处理，彻底避免钻绒问题；前襟的金色浮雕纽扣经高精度压铸机加工，表面的品牌标识纹路清晰，耐磨度经过5000次开合测试仍无磨损；正面的马车标识通过手工定位的精密刺绣工艺呈现，每平方厘米的针脚密度达120针，标识边缘的平整度误差不超过0.05mm，兼具辨识度与耐久性。立领结构经低温热制定型工艺塑形，内置记忆支撑条，经300次弯折测试后仍能保持挺括形态；下摆的隐形收边采用包缝工艺处理，线迹均匀无跳线；口袋的边缘采用加固锁边工艺，耐用性经负重测试表现出色；多处细节的缝制工艺经3道质检工序把控，线迹平整度、牢固度等指标均达奢侈品高等级标准。 ❗️颜色：白色 ❗️标准尺码：;0;;lrg3k8cd5bgw3jv;;Для мужчин;"[""https://xcimg.szwego.com/img/6c7a535f/20251219/i1766076454453_1342_0_0.jpg"", ""https://xcimg.szwego.com/img/6c7a535f/20251219/i1766076451896_2140_0_1.jpg"", ""https://xcimg.szwego.com/img/6c7a535f/20251219/i1766076454392_9589_0_2.jpg"", ""https://xcimg.szwego.com/img/6c7a535f/20251219/i1766076451936_988_0_7.jpg"", ""https://xcimg.szwego.com/img/6c7a535f/20251219/i1766076454460_1290_0_3.jpg"", ""https://xcimg.szwego.com/img/6c7a535f/20251219/i1766076451853_338_0_4.jpg"", ""https://xcimg.szwego.com/img/6c7a535f/20251219/i1766076451816_7137_0_5.jpg"", ""https://xcimg.szwego.com/img/6c7a535f/20251219/i1766076454433_2273_0_6.jpg"", ""https://xcimg.szwego.com/img/6c7a535f/20251219/i1766076451865_9355_0_8.jpg""]"
_diVrStglQIcuxATcU7Pso3hVKexWGhyQooS2P8A;;【顺丰包邮】CELINE 赛琳刺绣羽绒马甲 面料与里料采用高密柔感100%尼龙，经专属精梳织机织造，面料表面自带细腻的哑光绒感，同时具备优异的防风、防泼水面料性能，色牢度经过多次水洗测试仍保持稳定；裁片环节依托3D人体工学裁剪系统，结合立领马甲的版型数据，将领边、袋口、肩线等拼接部位的裁片误差控制在±0.12mm内，为后续的精密缝合打下基础，充绒环境维持18℃恒温恒湿状态，通过智能调控使每格的蓬松度偏差控制在5%以内，同时通过绒朵分散技术避免内部出现结块问题。缝制工艺里，数控绗缝机以2.2mm的均匀针距完成主体绗缝，对充绒口采用双道密缝工艺处理，彻底避免钻绒问题；前襟的金色浮雕纽扣经高精度压铸机加工，表面的品牌标识纹路清晰，耐磨度经过5000次开合测试仍无磨损；正面的马车标识通过手工定位的精密刺绣工艺呈现，每平方厘米的针脚密度达120针，标识边缘的平整度误差不超过0.05mm，兼具辨识度与耐久性。立领结构经低温热制定型工艺塑形，内置记忆支撑条，经300次弯折测试后仍能保持挺括形态；下摆的隐形收边采用包缝工艺处理，线迹均匀无跳线；口袋的边缘采用加固锁边工艺，耐用性经负重测试表现出色；多处细节的缝制工艺经3道质检工序把控，线迹平整度、牢固度等指标均达奢侈品高等级标准。 ❗️颜色：卡其棕 ❗️标准尺码：;0;;lrg3k8cd5bgw3jv;;Для мужчин;"[""https://xcimg.szwego.com/img/6c7a535f/20251219/i1766076121663_7871_0_0.jpg"", ""https://xcimg.szwego.com/img/6c7a535f/20251219/i1766076125744_5301_0_1.jpg"", ""https://xcimg.szwego.com/img/6c7a535f/20251219/i1766076125719_9514_0_2.jpg"", ""https://xcimg.szwego.com/img/6c7a535f/20251219/i1766076121693_231_0_7.jpg"", ""https://xcimg.szwego.com/img/6c7a535f/20251219/i1766076121568_8829_0_3.jpg"", ""https://xcimg.szwego.com/img/6c7a535f/20251219/i1766076125754_8593_0_4.jpg"", ""https://xcimg.szwego.com/img/6c7a535f/20251219/i1766076121651_9618_0_5.jpg"", ""https://xcimg.szwego.com/img/6c7a535f/20251219/i1766076125750_3516_0_6.jpg"", ""https://xcimg.szwego.com/img/6c7a535f/20251219/i1766076121572_2826_0_8.jpg""]"
_diOrSpHHxlqEEBIH5N4JmWTg8CKR7zIQgxKfsWw;;【顺丰包邮】【100%鹅绒填充】MONCLER蒙口标识可拆卸帽袖羽绒服 —百变御寒，奢潮型格— 蒙口这款可拆卸帽袖羽绒服，以品牌标志性多功能设计与奢华质感颠覆冬日穿搭，将实用与潮流深度融合，男女皆适配，解锁N种风格。整体以深棕为主调，内搭浅蓝撞色连帽，低调中迸发视觉张力，自带高阶气场。采用高品质防风锦纶面料，填充90%白鹅绒，质地饱满挺括，穿着温暖且具出色的防风锁温性，兼顾奢华质感与实穿实用性；帽子可拆卸，连帽时抵御寒风，拆帽后风格利落；袖子可拆卸，秒变马甲，风格切换自如，为穿搭增添趣味与层次；衣身廓形简约大气，搭配品牌标志性徽标，辨识度拉满，细节处彰显品牌格调；宽松版型适配多元身形，内搭衬衫可塑都市精英感，搭配卫衣又能玩转街头潮酷，全场景轻松驾驭。无论是严寒户外，还是都市通勤，这件羽绒服都能凭借其百变设计与卓越保暖性，让你在冬日人群中脱颖而出，传递蒙口坚守的高端户外时尚态度，演绎独属于你的御寒型格。 ⚠️发货规格全套包装 ❗️标准尺码：48-56;0;;lrg3k8cd5bgw3jv;;Для мужчин;"[""https://xcimg.szwego.com/img/65702085/20251016/i1760624568_3300_3.jpg"", ""https://xcimg.szwego.com/img/65702085/20251016/i1760624568_7449_10.jpg"", ""https://xcimg.szwego.com/img/65702085/20251016/i1760624568_5838_4.jpg"", ""https://xcimg.szwego.com/img/65702085/20251016/i1760624568_4473_8.jpg"", ""https://xcimg.szwego.com/img/65702085/20251016/i1760624568_4680_0.jpg"", ""https://xcimg.szwego.com/img/65702085/20251016/i1760624568_4309_9.jpg"", ""https://xcimg.szwego.com/img/65702085/20251016/i1760624568_6645_5.jpg"", ""https://xcimg.szwego.com/img/65702085/20251016/i1760624568_7878_6.jpg"", ""https://xcimg.szwego.com/img/65702085/20251016/i1760624568_8621_7.jpg""]"
_dxJrSu50tJDlqlMht8RJjIeKyv3P8ZTs2uFb9Yw;;【顺丰包邮】【100%鹅绒填充】MONCLER蒙口标识可拆卸帽袖羽绒服 —百变御寒，奢潮型格— 蒙口这款可拆卸帽袖羽绒服，以品牌标志性多功能设计与奢华质感颠覆冬日穿搭，将实用与潮流深度融合，男女皆适配，解锁N种风格。整体以深棕为主调，内搭撞色连帽，低调中迸发视觉张力，自带高阶气场。采用高品质防风锦纶面料，填充90%白鹅绒，质地饱满挺括，穿着温暖且具出色的防风锁温性，兼顾奢华质感与实穿实用性；帽子可拆卸，连帽时抵御寒风，拆帽后风格利落；袖子可拆卸，秒变马甲，风格切换自如，为穿搭增添趣味与层次；衣身廓形简约大气，搭配品牌标志性徽标，辨识度拉满，细节处彰显品牌格调；宽松版型适配多元身形，内搭衬衫可塑都市精英感，搭配卫衣又能玩转街头潮酷，全场景轻松驾驭。无论是严寒户外，还是都市通勤，这件羽绒服都能凭借其百变设计与卓越保暖性，让你在冬日人群中脱颖而出，传递蒙口坚守的高端户外时尚态度，演绎独属于你的御寒型格。 ⚠️发货规格全套包装 ❗️标准尺码：48-56;0;;lrg3k8cd5bgw3jv;;Для мужчин;"[""https://xcimg.szwego.com/img/65702085/20251016/i1760624372_4199_0.jpg"", ""https://xcimg.szwego.com/img/65702085/20251016/i1760624373_9138_8.jpg"", ""https://xcimg.szwego.com/img/65702085/20251016/i1760624373_1763_6.jpg"", ""https://xcimg.szwego.com/img/65702085/20251016/i1760624373_2959_1.jpg"", ""https://xcimg.szwego.com/img/65702085/20251016/i1760624373_1729_2.jpg"", ""https://xcimg.szwego.com/img/65702085/20251016/i1760624373_349_4.jpg"", ""https://xcimg.szwego.com/img/65702085/20251016/i1760624373_9203_3.jpg"", ""https://xcimg.szwego.com/img/65702085/20251016/i1760624373_1688_7.jpg"", ""https://xcimg.szwego.com/img/65702085/20251016/i1760624373_9490_5.jpg""]"
_dbdrS5l27YLi_MW8pK-GY3n9OvTKPLef0gy7Shw;;【顺丰包邮】【100%鹅绒填充】MONCLER蒙口标识可拆卸帽袖羽绒服 —百变御寒，奢潮型格— 蒙口这款可拆卸帽袖羽绒服，以品牌标志性多功能设计与奢华质感颠覆冬日穿搭，将实用与潮流深度融合，男女皆适配，解锁N种风格。整体以深棕为主调，内搭撞色连帽，低调中迸发视觉张力，自带高阶气场。采用高品质防风锦纶面料，填充90%白鹅绒，质地饱满挺括，穿着温暖且具出色的防风锁温性，兼顾奢华质感与实穿实用性；帽子可拆卸，连帽时抵御寒风，拆帽后风格利落；袖子可拆卸，秒变马甲，风格切换自如，为穿搭增添趣味与层次；衣身廓形简约大气，搭配品牌标志性徽标，辨识度拉满，细节处彰显品牌格调；宽松版型适配多元身形，内搭衬衫可塑都市精英感，搭配卫衣又能玩转街头潮酷，全场景轻松驾驭。无论是严寒户外，还是都市通勤，这件羽绒服都能凭借其百变设计与卓越保暖性，让你在冬日人群中脱颖而出，传递蒙口坚守的高端户外时尚态度，演绎独属于你的御寒型格。 ⚠️发货规格全套包装 ❗️标准尺码：48-56;0;;lrg3k8cd5bgw3jv;;Для мужчин;"[""https://xcimg.szwego.com/img/65702085/20251016/i1760624411_3051_8.jpg"", ""https://xcimg.szwego.com/img/65702085/20251016/i1760624411_4632_0.jpg"", ""https://xcimg.szwego.com/img/65702085/20251016/i1760624411_5080_3.jpg"", ""https://xcimg.szwego.com/img/65702085/20251016/i1760624411_1479_9.jpg"", ""https://xcimg.szwego.com/img/65702085/20251016/i1760624411_4675_1.jpg"", ""https://xcimg.szwego.com/img/65702085/20251016/i1760624411_4455_4.jpg"", ""https://xcimg.szwego.com/img/65702085/20251016/i1760624411_5723_2.jpg"", ""https://xcimg.szwego.com/img/65702085/20251016/i1760624411_7179_6.jpg"", ""https://xcimg.szwego.com/img/65702085/20251016/i1760624411_6585_7.jpg""]"
_dOkrS5QlmMZmTjGEtpIpH7L8_hAi4j4sA9MavFQ;;【顺丰包邮】【100%鹅绒填充】 MONCLER盟可睐奢级亮面连帽羽绒服 — 奢暖焦点 · 专业羽绒科技与吸睛亮面的秋冬典藏 — 这款亮面连帽羽绒服，是MONCLER将专业户外羽绒基因与吸睛亮面设计的大胆融合，为追求个性吸睛与极致保暖的潮流人士打造冬日战袍。严选高密防风亮面羽绒面料，填充高蓬松羽绒锁温保暖性能优异，经精湛工艺塑造出饱满又具视觉张力的廓形；细节处尽显奢牌血统：袖臂品牌徽标与定制金属抽绳扣，质感高级又具辨识度，是潮奢身份的高调彰显；连帽设计兼顾防风实用性与造型感，细节控的心头挚爱；亮面面料与羽绒的拼接工艺精湛，每一处都释放MONCLER式的奢潮魅力。从羽绒的强效抗寒性能到亮面材质的吸睛冲击，再到廓形的饱满潮酷设计，都为整体造型注入奢暖层次与独特性，轻松驾驭街头出街、冬日派对、都市通勤等多元场景。 ❗️颜色：黑色 ❗ 标准尺码：;0;;lrg3k8cd5bgw3jv;;Для мужчин;"[""https://xcimg.szwego.com/img/65702085/20251028/i1761582228_9457_1.jpg"", ""https://xcimg.szwego.com/img/65702085/20251028/i1761582228_3568_6.jpg"", ""https://xcimg.szwego.com/img/65702085/20251028/i1761582228_1046_2.jpg"", ""https://xcimg.szwego.com/img/65702085/20251028/i1761582228_6836_8.jpg"", ""https://xcimg.szwego.com/img/65702085/20251028/i1761582228_6122_3.jpg"", ""https://xcimg.szwego.com/img/65702085/20251028/i1761582228_7284_7.jpg"", ""https://xcimg.szwego.com/img/65702085/20251028/i1761582228_1977_4.jpg"", ""https://xcimg.szwego.com/img/65702085/20251028/i1761582228_258_5.jpg"", ""https://xcimg.szwego.com/img/65702085/20251028/i1761582228_1749_9.jpg""]"
_dwRrSHNwx1_J308za1r9tg4apnTCIOoxquHG3fg;;【顺丰包邮】【100%鹅绒填充】Moncler盟可睐 纯色立领拉链宽松羽绒服 面料与里料均采用100%锦纶，经过数控裁剪机的精准切割，确保每一片裁片的尺寸误差控制在毫米级。这种高精度的裁剪，为后续的缝制打下了坚实基础。在充绒环节，采用全自动充绒机，通过智能称重系统，将90%白鹅绒与10%羽毛按严格比例精准填充到每一个独立的充绒格中。充绒机的压力控制系统确保了绒朵的蓬松度与均匀分布，使保暖性能达到最优。缝制过程中，电脑平缝机与双针车协同作业，将裁片与充绒格进行精密缝合。每一针的针距与张力都经过严格校准，确保线迹平整、牢固，同时避免了绒朵的移位。拉链采用定制的金属拉链机加工，齿距均匀，拉合顺滑；下摆的抽绳系统通过绳扣机压制，金属扣环与绳结的连接牢固且美观；领口的立领设计，通过熨烫定型机进行高温定型，保持挺括的同时提升了穿着的舒适度。 ❗️【180cm/160斤模特试穿2码合身】 ❗️颜色：黑色 ❗️标准尺码：48-56;0;;lrg3k8cd5bgw3jv;;Для мужчин;"[""https://xcimg.szwego.com/img/adebff46/20251111/i1762877546890_7717_0_0.jpg"", ""https://xcimg.szwego.com/img/adebff46/20251111/i1762877546832_737_0_1.jpg"", ""https://xcimg.szwego.com/img/adebff46/20251111/i1762877547651_1525_0_2.jpg"", ""https://xcimg.szwego.com/img/adebff46/20251111/i1762877547673_1352_0_3.jpg"", ""https://xcimg.szwego.com/img/adebff46/20251111/i1762877546662_1972_0_4.jpg"", ""https://xcimg.szwego.com/img/adebff46/20251111/i1762877546905_4110_0_5.jpg"", ""https://xcimg.szwego.com/img/adebff46/20251111/i1762877547734_8098_0_6.jpg"", ""https://xcimg.szwego.com/img/adebff46/20251111/i1762877546774_7424_0_7.jpg"", ""https://xcimg.szwego.com/img/adebff46/20251111/i1762877547770_1589_0_8.jpg""]"
_dxqrSmX9QPpB61iJtzVH7R9Ly7MmDRbYuH75dbQ;;【顺丰包邮】【100%鹅绒填充】 MONCLER盟可睐奢级亮面连帽羽绒服 — 奢暖焦点 · 专业羽绒科技与吸睛亮面的秋冬典藏 — 这款亮面连帽羽绒服，是MONCLER将专业户外羽绒基因与吸睛亮面设计的大胆融合，为追求个性吸睛与极致保暖的潮流人士打造冬日战袍。严选高密防风亮面羽绒面料，填充高蓬松羽绒锁温保暖性能优异，经精湛工艺塑造出饱满又具视觉张力的廓形；细节处尽显奢牌血统：袖臂品牌徽标与定制金属抽绳扣，质感高级又具辨识度，是潮奢身份的高调彰显；连帽设计兼顾防风实用性与造型感，细节控的心头挚爱；亮面面料与羽绒的拼接工艺精湛，每一处都释放MONCLER式的奢潮魅力。从羽绒的强效抗寒性能到亮面材质的吸睛冲击，再到廓形的饱满潮酷设计，都为整体造型注入奢暖层次与独特性，轻松驾驭街头出街、冬日派对、都市通勤等多元场景。 ❗️颜色：红色 ❗ 标准尺码：;0;;lrg3k8cd5bgw3jv;;Для мужчин;"[""https://xcimg.szwego.com/img/65702085/20251028/i1761582157_621_0.jpg"", ""https://xcimg.szwego.com/img/65702085/20251028/i1761582158_3781_7.jpg"", ""https://xcimg.szwego.com/img/65702085/20251028/i1761582157_8613_1.jpg"", ""https://xcimg.szwego.com/img/65702085/20251028/i1761582158_7186_5.jpg"", ""https://xcimg.szwego.com/img/65702085/20251028/i1761582158_766_8.jpg"", ""https://xcimg.szwego.com/img/65702085/20251028/i1761582157_9136_2.jpg"", ""https://xcimg.szwego.com/img/65702085/20251028/i1761582158_8681_6.jpg"", ""https://xcimg.szwego.com/img/65702085/20251028/i1761582158_4132_4.jpg"", ""https://xcimg.szwego.com/img/65702085/20251028/i1761582157_8593_3.jpg""]"
_dterSj3vU5kFC_c3AkDSbwlM_VkT_OUKGiDWyAg;;【顺丰包邮】【100%鹅绒填充】Louis Vuitton 路易威登菱格绗缝立领羽绒夹克 面料采用100%棉织物，里料为同材质基础款面料，经数控振动刀裁床完成裁片切割，尺寸误差控制在0.3mm内，菱格绗缝区域裁片对齐精度达99%；裁片边缘通过超声波锁边机处理，毛边率＜0.1%。充绒环节启用全自动分仓充绒系统，通过动态称重模块将高蓬松度羽绒按预设克重均分至每一个菱格绗缝仓，充绒压力稳定在0.25MPa，绒朵蓬松度保持在700+FP，保暖层无局部薄厚差。缝制阶段采用电脑同步绗缝机与棉面料专用缝机协同作业：菱格仓以7针/厘米的针距缝合，双针线迹张力差≤1.5N，锁死绒体移位风险；立领结构通过蒸汽定型机以120℃高温定型，领型贴合度误差＜0.5cm，佩戴无累赘感。皮革拉链头经精密模压成型机一体压制，标识边缘公差≤0.1mm，表面耐磨等级达5级；金属拉链由定制金属拉链成型机加工，齿距公差≤0.08mm，拉头Logo通过激光蚀刻机完成，字体深度0.2mm；后背皮质标牌采用热压定型机加工，标牌厚度误差≤0.2mm，与面料的缝合拉力达80N；内里品牌标签经高精度绣花机完成，绣线张力恒定在5cN，针脚密度达8针/平方厘米，纹理立体无凸起。 ❗️【180cm/160斤模特试穿L码合身】 ❗️颜色：棕色 ❗️标准尺码：48-56;0;;lrg3k8cd5bgw3jv;;Для мужчин;"[""https://xcimg.szwego.com/img/65702085/20251113/i1763048474557_591_0_0.jpg"", ""https://xcimg.szwego.com/img/65702085/20251113/i1763048474516_3297_0_1.jpg"", ""https://xcimg.szwego.com/img/65702085/20251113/i1763048474521_8538_0_2.jpg"", ""https://xcimg.szwego.com/img/65702085/20251113/i1763048471148_8621_0_3.jpg"", ""https://xcimg.szwego.com/img/65702085/20251113/i1763048471317_1228_0_4.jpg"", ""https://xcimg.szwego.com/img/65702085/20251113/i1763048471085_3455_0_5.jpg"", ""https://xcimg.szwego.com/img/65702085/20251113/i1763048471274_3116_0_6.jpg"", ""https://xcimg.szwego.com/img/65702085/20251113/i1763048474557_2506_0_7.jpg"", ""https://xcimg.szwego.com/img/65702085/20251113/i1763048474557_9342_0_9.jpg""]"
_dakrSaelK-156GUfnJtS2ts-LlQwKVYiw10MHZw;;【顺丰包邮】【100%鹅绒填充】 Moncler盟可睐 连帽绗缝羽绒服 面料与里料均选用100%高密锦纶，经五轴数控激光裁剪机裁切，每片裁片尺寸误差控制在±0.1mm内，连帽裁片的弧度误差＜0.2mm，为立体结构拼接提供超精密基础。通过重力传感系统将90%白鹅绒与10%羽毛按配比填充至独立绗缝格，配合气压缓冲模块，实现单格绒量偏差＜0.5%，绒朵蓬松度达780+FP；充绒后经数控超声波绗缝机锁边，线迹宽度误差＜0.08mm，既避免绒朵串位，又增强面料抗撕裂性。缝制阶段由电脑程控三针机+连帽定型机协同作业：三针机以10针/厘米的针距完成裁片拼接，针脚张力经伺服系统实时校准，线迹平整度达行业特级标准；连帽定型机通过高温蒸汽塑型，帽型弧度误差＜0.15mm，长期保持挺括形态。主拉链经定制金属拉链精整机加工，齿距公差＜0.02mm，链头经CNC精雕后激光蚀刻品牌标识，拉合顺滑度达10000次无卡顿；按扣由超精密压铸机一体成型，表面经离子镀处理，耐磨度达7级以上。袖身品牌徽章采用智能多头绣花机完成，绣线色牢度达5级以上，针脚密度达150针/平方厘米，图案精度与色彩还原度均为行业标杆；口袋采用隐藏式拉链+立体嵌缝工艺，拉链与面料的贴合间隙＜0.05mm，既提升整体简洁性，又增强抗钻绒性；织带标识经热压转印工艺成型，转印层厚度误差＜0.01mm，标识边缘与织带的贴合度误差＜0.03mm，兼具质感与耐摩擦性；连帽内衬织带采用高密织造工艺，弹性回复率达95%以上，既保证贴合度，又不限制头部活动。 ❗️【180cm/160斤模特试穿3码合身】 ❗️颜色：橄榄绿 ❗️标准尺码：48-56;0;;lrg3k8cd5bgw3jv;;Для мужчин;"[""https://xcimg.szwego.com/img/65702085/20251113/i1762966300391_5560_0_0.jpg"", ""https://xcimg.szwego.com/img/65702085/20251113/i1762966297866_7842_0_1.jpg"", ""https://xcimg.szwego.com/img/65702085/20251113/i1762966299207_2823_0_2.jpg"", ""https://xcimg.szwego.com/img/65702085/20251113/i1762966299319_7213_0_4.jpg"", ""https://xcimg.szwego.com/img/65702085/20251113/i1762966299253_684_0_5.jpg"", ""https://xcimg.szwego.com/img/65702085/20251113/i1762966297928_1435_0_6.jpg"", ""https://xcimg.szwego.com/img/65702085/20251113/i1762966297933_1280_0_7.jpg"", ""https://xcimg.szwego.com/img/65702085/20251113/i1762966299252_6673_0_8.jpg"", ""https://xcimg.szwego.com/img/65702085/20251113/i1762966297952_4255_0_9.jpg""]"
_dhOrSUV6ZVIjs8Z83U3Cz9WMiciE4914ADBqOxw;;【顺丰包邮】【100%鹅绒填充】 Moncler盟可睐 连帽绗缝羽绒服 面料与里料均选用100%高密锦纶，经五轴数控激光裁剪机裁切，每片裁片尺寸误差控制在±0.1mm内，连帽裁片的弧度误差＜0.2mm，为立体结构拼接提供超精密基础。通过重力传感系统将90%白鹅绒与10%羽毛按配比填充至独立绗缝格，配合气压缓冲模块，实现单格绒量偏差＜0.5%，绒朵蓬松度达780+FP；充绒后经数控超声波绗缝机锁边，线迹宽度误差＜0.08mm，既避免绒朵串位，又增强面料抗撕裂性。缝制阶段由电脑程控三针机+连帽定型机协同作业：三针机以10针/厘米的针距完成裁片拼接，针脚张力经伺服系统实时校准，线迹平整度达行业特级标准；连帽定型机通过高温蒸汽塑型，帽型弧度误差＜0.15mm，长期保持挺括形态。主拉链经定制金属拉链精整机加工，齿距公差＜0.02mm，链头经CNC精雕后激光蚀刻品牌标识，拉合顺滑度达10000次无卡顿；按扣由超精密压铸机一体成型，表面经离子镀处理，耐磨度达7级以上。袖身品牌徽章采用智能多头绣花机完成，绣线色牢度达5级以上，针脚密度达150针/平方厘米，图案精度与色彩还原度均为行业标杆；口袋采用隐藏式拉链+立体嵌缝工艺，拉链与面料的贴合间隙＜0.05mm，既提升整体简洁性，又增强抗钻绒性；织带标识经热压转印工艺成型，转印层厚度误差＜0.01mm，标识边缘与织带的贴合度误差＜0.03mm，兼具质感与耐摩擦性；连帽内衬织带采用高密织造工艺，弹性回复率达95%以上，既保证贴合度，又不限制头部活动。 ❗️【180cm/160斤模特试穿3码合身】 ❗️颜色：黑色 ❗️标准尺码：48-56;0;;lrg3k8cd5bgw3jv;;Для мужчин;"[""https://xcimg.szwego.com/img/65702085/20251113/i1762966064818_1846_0_0.jpg"", ""https://xcimg.szwego.com/img/65702085/20251113/i1762966063125_4196_0_1.jpg"", ""https://xcimg.szwego.com/img/65702085/20251113/i1762966064845_2763_0_2.jpg"", ""https://xcimg.szwego.com/img/65702085/20251113/i1762966063280_9168_0_3.jpg"", ""https://xcimg.szwego.com/img/65702085/20251113/i1762966063263_4260_0_4.jpg"", ""https://xcimg.szwego.com/img/65702085/20251113/i1762966064816_5896_0_5.jpg"", ""https://xcimg.szwego.com/img/65702085/20251113/i1762966064817_3126_0_6.jpg"", ""https://xcimg.szwego.com/img/65702085/20251113/i1762966063245_2002_0_7.jpg"", ""https://xcimg.szwego.com/img/65702085/20251113/i1762966063205_1928_0_8.jpg""]"
_drJrSYfLz1HitPv3jGFQ944H_drxA0jyTx-bnqg;;【顺丰包邮】【100%鹅绒填充】 Moncler 蒙口硅胶章仔立领羽绒夹克 — 黑调雅奢 · 户外机能与意式工艺的风格典藏 — 这款立领夹克，是Moncler将专业户外机能基因与意式高定工艺的巧妙融合，为追求雅奢格调与多元穿搭的品质玩家打造风格战袍。严选高密度防风面料，内里填充90白鹅绒，质感挺括且兼具“都市户外”属性，经立体剪裁塑造出利落又具高级感的立领廓形；细节处尽显奢牌血统：袖身皮质徽标辨识度拉满，专属定制拉链头质感十足，每一处设计都如高定勋章般考究，是雅奢身份的低调彰显；立领版型时尚与实穿兼顾，兼顾造型与场景需求，细节控的心头挚爱；面料拼接处走线均匀规整，每一针都透着“意式匠造”的精致态度。从机能面料的实用魅力，到品牌标识的质感呈现，再到立领廓形的优雅腔调，都为整体造型注入雅奢层次与独特性，轻松驾驭都市通勤、休闲出街、轻奢社交等多元场景。 ❗️颜色：绿色 ❗ 标准尺码：;0;;lrg3k8cd5bgw3jv;;Для мужчин;"[""https://xcimg.szwego.com/img/65702085/20251030/i1761768631_2295_3.jpg"", ""https://xcimg.szwego.com/img/65702085/20251030/i1761768631_1466_1.jpg"", ""https://xcimg.szwego.com/img/65702085/20251030/i1761768631_3131_4.jpg"", ""https://xcimg.szwego.com/img/65702085/20251030/i1761768631_2551_5.jpg"", ""https://xcimg.szwego.com/img/65702085/20251030/i1761768631_19_6.jpg"", ""https://xcimg.szwego.com/img/65702085/20251030/i1761768631_716_8.jpg"", ""https://xcimg.szwego.com/img/65702085/20251030/i1761768631_1803_2.jpg"", ""https://xcimg.szwego.com/img/65702085/20251030/i1761768631_9565_9.jpg"", ""https://xcimg.szwego.com/img/65702085/20251030/i1761768631_5941_7.jpg""]"
_dfErSoXWgQsumxM1YaeRK8Xd_on1LDOu64mv4vg;;【顺丰包邮】【100%鹅绒填充】 Moncler 蒙口硅胶章仔立领羽绒夹克 — 黑调雅奢 · 户外机能与意式工艺的风格典藏 — 这款立领夹克，是Moncler将专业户外机能基因与意式高定工艺的巧妙融合，为追求雅奢格调与多元穿搭的品质玩家打造风格战袍。严选高密度防风面料，内里填充90白鹅绒，质感挺括且兼具“都市户外”属性，经立体剪裁塑造出利落又具高级感的立领廓形；细节处尽显奢牌血统：袖身皮质徽标辨识度拉满，专属定制拉链头质感十足，每一处设计都如高定勋章般考究，是雅奢身份的低调彰显；立领版型时尚与实穿兼顾，兼顾造型与场景需求，细节控的心头挚爱；面料拼接处走线均匀规整，每一针都透着“意式匠造”的精致态度。从机能面料的实用魅力，到品牌标识的质感呈现，再到立领廓形的优雅腔调，都为整体造型注入雅奢层次与独特性，轻松驾驭都市通勤、休闲出街、轻奢社交等多元场景。 ❗️颜色：黑色 ❗ 标准尺码：;0;;lrg3k8cd5bgw3jv;;Для мужчин;"[""https://xcimg.szwego.com/img/65702085/20251030/i1761768672_2696_4.jpg"", ""https://xcimg.szwego.com/img/65702085/20251030/i1761768672_2805_9.jpg"", ""https://xcimg.szwego.com/img/65702085/20251030/i1761768672_9253_6.jpg"", ""https://xcimg.szwego.com/img/65702085/20251030/i1761768672_1574_10.jpg"", ""https://xcimg.szwego.com/img/65702085/20251030/i1761768672_5006_5.jpg"", ""https://xcimg.szwego.com/img/65702085/20251030/i1761768672_773_8.jpg"", ""https://xcimg.szwego.com/img/65702085/20251030/i1761768672_2312_3.jpg"", ""https://xcimg.szwego.com/img/65702085/20251030/i1761768672_403_7.jpg"", ""https://xcimg.szwego.com/img/65702085/20251030/i1761768671_656_1.jpg""]"
_dQbrSB1ckTGgY2TwmyQJB7iuh6eZQBYjFaZZHpQ;;【顺丰包邮】【100%鹅绒填充】 Moncler 蒙口短款立领羽绒服 一绒塑型，潮驭寒冬 以绒为锋，划破冷冬的沉闷。面料采用高密防风锦纶外层与亲肤里衬的奢级组合，外层经防泼水处理，里衬舒适贴肤，搭配90%白鹅绒填充，保暖性与潮酷感并存。立领设计自带型格气场，定制品牌拉链（黄黑织带点缀）与五金件质感拉满，每一处细节都透着奢华户外的精湛工艺，功能性与时尚感巧妙融合。绗缝工艺立体饱满，短款廓形与撞色细节的碰撞，处处彰显品牌对品质的严苛把控，每一处都经得住细节控品鉴，尽显顶奢风范！ ❗️颜色：黑色 ❗️标准尺码：;0;;lrg3k8cd5bgw3jv;;Для мужчин;"[""https://xcimg.szwego.com/img/65702085/20251105/i1762273115_1926_0.jpg"", ""https://xcimg.szwego.com/img/65702085/20251105/i1762273115_8549_0.jpg"", ""https://xcimg.szwego.com/img/65702085/20251105/i1762273115_428_0.jpg"", ""https://xcimg.szwego.com/img/65702085/20251105/i1762273115_6530_0.jpg"", ""https://xcimg.szwego.com/img/65702085/20251105/i1762273115_7596_0.jpg"", ""https://xcimg.szwego.com/img/65702085/20251105/i1762273115_4228_0.jpg"", ""https://xcimg.szwego.com/img/65702085/20251105/i1762273115_3840_0.jpg"", ""https://xcimg.szwego.com/img/65702085/20251105/i1762273115_8405_0.jpg"", ""https://xcimg.szwego.com/img/65702085/20251105/i1762273115_7620_0.jpg""]"
_d6urSBbli970HJgF-suyxHd-xTUse0vZEdH1YwQ;;【顺丰包邮】【100%鹅绒填充】 Moncler 蒙口短款连帽羽绒服 一绒锁温，型动凛冬 以绒为甲，冲破冷冬的束缚。面料采用高密防风锦纶外层与亲肤里衬的奢级组合，外层经防泼水处理，里衬舒适贴肤，搭配90%白鹅绒填充，保暖性与利落感兼备。连帽设计自带户外潮酷氛围，定制品牌拉链与五金件质感满格，每一处细节都透着奢华户外的精湛工艺，功能性与高级感巧妙融合。绗缝工艺规整立体，短款廓形与细节设计的碰撞，处处彰显品牌对品质的严苛把控，每一处都经得住细节控品鉴，尽显顶奢风范！无论是街头出街的个性，还是都市通勤的干练，都能让风格在不同场景中自由切换，重塑秋冬男士的穿搭品味。 ❗️颜色：黑色 ❗️标准尺码：;0;;lrg3k8cd5bgw3jv;;Для мужчин;"[""https://xcimg.szwego.com/img/65702085/20251105/i1762273011_9622_4.jpg"", ""https://xcimg.szwego.com/img/65702085/20251105/i1762273010_9629_1.jpg"", ""https://xcimg.szwego.com/img/65702085/20251105/i1762273011_794_10.jpg"", ""https://xcimg.szwego.com/img/65702085/20251105/i1762273010_2001_0.jpg"", ""https://xcimg.szwego.com/img/65702085/20251105/i1762273011_7073_8.jpg"", ""https://xcimg.szwego.com/img/65702085/20251105/i1762273011_1643_3.jpg"", ""https://xcimg.szwego.com/img/65702085/20251105/i1762273011_6094_11.jpg"", ""https://xcimg.szwego.com/img/65702085/20251105/i1762273011_7223_2.jpg"", ""https://xcimg.szwego.com/img/65702085/20251105/i1762273011_3868_7.jpg""]"
_dgqrSufD9DA-Fx-U8aYJ0Yh1lSi13ISGaiELIFA;;【顺丰包邮】【100%鹅绒填充】Moncler 蒙口章仔连帽羽绒服 面料与里料均采用高密哑光100%锦纶，经数控防风织机完成单色质感织造，面料色牢度偏差≤1级；裁片环节通过3D智能裁剪机配合连帽版型的人体工学数据，将帽檐、肩缝等拼接部位的裁片误差控制在±0.15mm内，为撞色结构的精密缝合提供基础。充绒阶段启用Moncler定制分区充绒系统：90%白鹅绒与10%绒丝按预设克重填充至独立绗缝格，充绒舱保持22℃恒温环境，气流压力传感器实时调节充绒强度，使每格蓬松度偏差≤35FP，同时通过高清内窥检测排除内部绒朵结块风险。缝制工艺中，电脑多针绗缝机以2.6mm针距完成主体绗缝，双针锁边机对充绒口进行密缝处理；连帽的压印标识通过数控压印机加工，标识深度误差≤0.05mm，兼顾耐用性与标识性；五金拉链由Moncler定制拉链成型机加工，拉链头刻字精度达0.02mm，经往复拉动测试10000次无卡顿。整体结构经恒温定型机塑形，内置抗皱纤维衬片，通过弯折疲劳测试仪验证7000次弯折后仍保持挺括形态；下摆的双拉链系统由数控拉链装配机加工，拉链协同开合流畅度经测试达A级标准；袖口的收束工艺采用精密锁边机完成，线迹平整度经视觉检测达A级标准。 ❗️颜色：黑色 ❗️标准尺码：;0;;lrg3k8cd5bgw3jv;;Для мужчин;"[""https://xcimg.szwego.com/img/65702085/20251120/i1763597931253_2049_0_0.jpg"", ""https://xcimg.szwego.com/img/65702085/20251120/i1763597931254_1972_0_1.jpg"", ""https://xcimg.szwego.com/img/65702085/20251120/i1763597929220_9720_0_2.jpg"", ""https://xcimg.szwego.com/img/65702085/20251120/i1763597931145_4706_0_3.jpg"", ""https://xcimg.szwego.com/img/65702085/20251120/i1763597929220_3335_0_4.jpg"", ""https://xcimg.szwego.com/img/65702085/20251120/i1763597931172_5131_0_5.jpg"", ""https://xcimg.szwego.com/img/65702085/20251120/i1763597929220_6160_0_6.jpg"", ""https://xcimg.szwego.com/img/65702085/20251120/i1763597929220_1726_0_7.jpg"", ""https://xcimg.szwego.com/img/65702085/20251120/i1763597929220_7181_0_8.jpg""]"
_dtgrSz2J2jZuL2Iu3eGeLHg3AFyRQQENF3-jPLg;;【顺丰包邮】MONCLER 蒙口章仔立领羽绒马甲 面料与里料选用高密哑光100%锦纶，经精密织机匠心织造，色牢度卓越，质感高级且经久耐穿；裁片环节凭借智能裁剪系统，结合立领版型的人体工学数据，将领口、肩缝等拼接部位的裁片误差控制在±0.15mm内，为整体结构的精密缝合奠定坚实基础。充绒阶段采用品牌定制充绒系统，充绒环境维持恒温，通过精准调控让每格蓬松度偏差极小，同时借助专业检测手段杜绝内部绒朵结块问题。缝制工艺中，电脑绗缝机以精准针距完成主体绗缝，充绒口采用密缝工艺处理；领口的金属拉链经专业成型机加工，耐用性经测试表现出众；前襟处的MONCLER徽标通过精细压印工艺呈现，标识立体感极强，兼具高辨识度与耐久性。立领结构经专业定型工艺塑形，挺括有型；下摆的抽绳系统由精密设备加工，绳扣耐用性经测试达标；多处细节的缝制工艺严格把控，线迹平整度等指标均达高等级标准。 ❗️颜色：红色 ❗️标准尺码：;0;;lrg3k8cd5bgw3jv;;Для мужчин;"[""https://xcimg.szwego.com/img/65702085/20251216/i1765825982555_3872_0_0.jpg"", ""https://xcimg.szwego.com/img/65702085/20251216/i1765825980124_7614_0_1.jpg"", ""https://xcimg.szwego.com/img/65702085/20251216/i1765825982506_1560_0_2.jpg"", ""https://xcimg.szwego.com/img/65702085/20251216/i1765825980124_3596_0_3.jpg"", ""https://xcimg.szwego.com/img/65702085/20251216/i1765825982471_9711_0_5.jpg"", ""https://xcimg.szwego.com/img/65702085/20251216/i1765825980124_381_0_6.jpg"", ""https://xcimg.szwego.com/img/65702085/20251216/i1765825980124_6969_0_7.jpg"", ""https://xcimg.szwego.com/img/65702085/20251216/i1765825987296_4385_0_8.jpg"", ""https://xcimg.szwego.com/img/65702085/20251216/i1765825987272_8018_0_9.jpg""]"
_dnFrSlkgO55RkYMmo9-wdU4TjfWrnkQyVup72fA;;【顺丰包邮】MONCLER 蒙口章仔立领羽绒马甲 面料与里料选用高密哑光100%锦纶，经精密织机匠心织造，色牢度卓越，质感高级且经久耐穿；裁片环节凭借智能裁剪系统，结合立领版型的人体工学数据，将领口、肩缝等拼接部位的裁片误差控制在±0.15mm内，为整体结构的精密缝合奠定坚实基础。充绒阶段采用品牌定制充绒系统，充绒环境维持恒温，通过精准调控让每格蓬松度偏差极小，同时借助专业检测手段杜绝内部绒朵结块问题。缝制工艺中，电脑绗缝机以精准针距完成主体绗缝，充绒口采用密缝工艺处理；领口的金属拉链经专业成型机加工，耐用性经测试表现出众；前襟处的MONCLER徽标通过精细压印工艺呈现，标识立体感极强，兼具高辨识度与耐久性。立领结构经专业定型工艺塑形，挺括有型；下摆的抽绳系统由精密设备加工，绳扣耐用性经测试达标；多处细节的缝制工艺严格把控，线迹平整度等指标均达高等级标准。 ❗️颜色：黑色 ❗️标准尺码：;0;;lrg3k8cd5bgw3jv;;Для мужчин;"[""https://xcimg.szwego.com/img/65702085/20251216/i1765826231650_7349_0_0.jpg"", ""https://xcimg.szwego.com/img/65702085/20251216/i1765826231577_302_0_1.jpg"", ""https://xcimg.szwego.com/img/65702085/20251216/i1765826233480_2521_0_2.jpg"", ""https://xcimg.szwego.com/img/65702085/20251216/i1765826231602_2535_0_4.jpg"", ""https://xcimg.szwego.com/img/65702085/20251216/i1765826233448_4628_0_5.jpg"", ""https://xcimg.szwego.com/img/65702085/20251216/i1765826231620_7296_0_6.jpg"", ""https://xcimg.szwego.com/img/65702085/20251216/i1765826233424_1528_0_7.jpg"", ""https://xcimg.szwego.com/img/65702085/20251216/i1765826233536_6612_0_9.jpg"", ""https://xcimg.szwego.com/img/65702085/20251216/i1765826233464_8646_0_10.jpg""]"
_dCjrSaKogQplrNaoqWxmzFKJVPoPs9MiTfKf7KQ;;【顺丰包邮】DIOR 迪奥老花连帽羽绒服 采用高密提花面料，经典老花图案经精密织机织造，纹理清晰且立体感强，色牢度表现优异；局部搭配哑光锦纶面料，质感挺括且耐磨抗风，两种面料拼接形成视觉与质感的双重层次。依托品牌先进裁片技术，将提花面料与锦纶面料拼接部位的裁片误差控制在极小范围，帽檐、肩缝等拼接处契合人体工学，为整体结构的精密缝合筑牢根基，每一处接缝都体现工匠对细节的严苛把控。品牌名称采用立体压印工艺，图案边缘清晰且与面料质感融合自然，兼具品牌辨识度与工艺艺术性，在老花面料的衬托下更显奢华。拉链与金属扣具均为品牌定制，拉链头设计精致且刻有品牌细节，拉合顺畅；金属配件经抛光工艺处理，光泽感强且耐用性经测试表现出色。整体缝制采用高精度工艺，提花面料与锦纶面料拼接处缝线牢固且隐蔽；内里采用品牌专属提花衬里，穿着舒适且尽显品牌格调；多处细节的缝制工艺经严格把控，线迹平整度与牢固度均达高等级标准，展现DIOR在奢华服饰领域的精湛技艺。 ❗️颜色： ❗️标准尺码：;0;;lrg3k8cd5bgw3jv;;Для мужчин;"[""https://xcimg.szwego.com/img/65702085/20251217/i1765934253993_177_0_0.jpg"", ""https://xcimg.szwego.com/img/65702085/20251217/i1765934253987_8641_0_1.jpg"", ""https://xcimg.szwego.com/img/65702085/20251217/i1765934253960_4958_0_2.jpg"", ""https://xcimg.szwego.com/img/65702085/20251217/i1765934253856_8366_0_3.jpg"", ""https://xcimg.szwego.com/img/65702085/20251217/i1765934251771_9665_0_4.jpg"", ""https://xcimg.szwego.com/img/65702085/20251217/i1765934251655_4919_0_5.jpg"", ""https://xcimg.szwego.com/img/65702085/20251217/i1765934251655_9915_0_6.jpg"", ""https://xcimg.szwego.com/img/65702085/20251217/i1765934251941_5288_0_7.jpg"", ""https://xcimg.szwego.com/img/65702085/20251217/i1765934251923_4781_0_8.jpg""]"
_do2rSyXXQwxj7M2ryhSFM7q4btnCXTtf5LlQy0g;;【顺丰包邮】【100%鹅绒填充】 MONCLER蒙口立体压印字母立领羽绒马甲 —型格叠穿，解锁秋冬保暖新玩法— 外层采用高密防风防泼水面料，经专业工艺处理，抗风阻寒性能优异，同时保持轻盈质感，摆脱传统羽绒马甲的厚重束缚，让叠穿造型尽显利落层次感；填充甄选高品质90白鹅绒，经多道严苛筛选与清洁工序，绒朵蓬松饱满，锁温蓄热能力出众。立领设计利落挺括，既能守护颈部温暖，又能勾勒干练线条；后背立体压印字母纹理，打破单调，彰显品牌先锋设计语言，区别于普通款式，细节处尽显奢牌辨识度；拉链开合顺畅丝滑，适配都市通勤、休闲出街等多元场景，叠穿内搭或外穿都极具风格。整体版型剪裁精准考究。 ⚠️发货规格全套包装 ❗️标准尺码： ❗️可接量身定制;0;;lrg3k8cd5bgw3jv;;Для мужчин;"[""https://xcimg.szwego.com/img/65702085/20250924/i1758728519_4259_0.jpg"", ""https://xcimg.szwego.com/img/65702085/20250924/i1758728482_7886_3.jpg"", ""https://xcimg.szwego.com/img/65702085/20250924/i1758728482_8591_0.jpg"", ""https://xcimg.szwego.com/img/65702085/20250924/i1758728482_9121_7.jpg"", ""https://xcimg.szwego.com/img/65702085/20250924/i1758728482_8478_4.jpg"", ""https://xcimg.szwego.com/img/65702085/20250924/i1758728482_5410_6.jpg"", ""https://xcimg.szwego.com/img/65702085/20250924/i1758728482_3902_2.jpg"", ""https://xcimg.szwego.com/img/65702085/20250924/i1758728482_9194_5.jpg"", ""https://xcimg.szwego.com/img/65702085/20250924/i1758728482_1651_1.jpg""]"
_dbsrS0MzUqLDHs2E0FyJdFKOKjFUJjymeddJ9gw;;【顺丰包邮】【100%鹅绒填充】 MONCLER蒙口立体压印字母立领羽绒马甲 —型格叠穿，解锁秋冬保暖新玩法— 外层采用高密防风防泼水面料，经专业工艺处理，抗风阻寒性能优异，同时保持轻盈质感，摆脱传统羽绒马甲的厚重束缚，让叠穿造型尽显利落层次感；填充甄选高品质90白鹅绒，经多道严苛筛选与清洁工序，绒朵蓬松饱满，锁温蓄热能力出众。立领设计利落挺括，既能守护颈部温暖，又能勾勒干练线条；后背立体压印字母纹理，打破单调，彰显品牌先锋设计语言，区别于普通款式，细节处尽显奢牌辨识度；拉链开合顺畅丝滑，适配都市通勤、休闲出街等多元场景，叠穿内搭或外穿都极具风格。整体版型剪裁精准考究。 ⚠️发货规格全套包装 ❗️标准尺码： ❗️可接量身定制;0;;lrg3k8cd5bgw3jv;;Для мужчин;"[""https://xcimg.szwego.com/img/65702085/20250924/i1758728427_480_8.jpg"", ""https://xcimg.szwego.com/img/65702085/20250924/i1758728427_2086_6.jpg"", ""https://xcimg.szwego.com/img/65702085/20250924/i1758728426_2025_4.jpg"", ""https://xcimg.szwego.com/img/65702085/20250924/i1758728426_5981_2.jpg"", ""https://xcimg.szwego.com/img/65702085/20250924/i1758728426_3783_3.jpg"", ""https://xcimg.szwego.com/img/65702085/20250924/i1758728426_5828_1.jpg"", ""https://xcimg.szwego.com/img/65702085/20250924/i1758728426_9213_0.jpg"", ""https://xcimg.szwego.com/img/65702085/20250924/i1758728427_9829_7.jpg"", ""https://xcimg.szwego.com/img/65702085/20250924/i1758728427_5061_5.jpg""]"
_dzXrSuu18c0wagFxOa0h8z2G2_RrgfWUJ9FZtaw;;【顺丰包邮】【100%鹅绒填充】 MONCLER 蒙口亮面连帽羽绒服 —— 奢潮御寒· 金属质感与立体充绒的秋冬典藏 这款亮面连帽羽绒夹克，是MONCLER将高奢亮面基因与专业羽绒工艺大胆融合的秋冬力作，为追求吸睛与保暖的潮流人士打造御寒战袍。采用高密亮面防风羽绒面料，90%高蓬松鹅绒填充，锁温保暖性能优异，经立体充绒工艺塑造出饱满大气的廓形；细节处尽显奢牌血统：可调节连帽设计，金属按扣点缀帽檐，兼顾造型与防风需求，是潮奢玩家的心头挚爱；前胸大尺寸翻盖口袋与拉链口袋，机能感与质感并存，高调彰显身份；定制金属拉链与袖侧品牌徽章，每一处细节都释放奢潮魅力。从羽绒的强效抗寒性能到亮面材质的视觉冲击，再到廓形的立体潮酷设计，都为整体造型注入奢潮层次与独特性，轻松驾驭都市通勤、潮流出街、冬日社交等多元场景。 ❗️颜色：黑色 ❗ 标准尺码：;0;;lrg3k8cd5bgw3jv;;Для мужчин;"[""https://xcimg.szwego.com/img/65702085/20251026/i1761409623_406_4.jpg"", ""https://xcimg.szwego.com/img/65702085/20251026/i1761409623_1606_1.jpg"", ""https://xcimg.szwego.com/img/65702085/20251026/i1761409623_6070_2.jpg"", ""https://xcimg.szwego.com/img/65702085/20251026/i1761409623_8431_0.jpg"", ""https://xcimg.szwego.com/img/65702085/20251026/i1761409623_2682_10.jpg"", ""https://xcimg.szwego.com/img/65702085/20251026/i1761409623_5928_7.jpg"", ""https://xcimg.szwego.com/img/65702085/20251026/i1761409623_5037_8.jpg"", ""https://xcimg.szwego.com/img/65702085/20251026/i1761409623_1412_6.jpg"", ""https://xcimg.szwego.com/img/65702085/20251026/i1761409623_5906_5.jpg""]"
_d-1rS0Co6QGv1CGoQnrtH36BL7bb4xGnMQr2Vqw;;【顺丰包邮】【100%鹅绒填充】 MONCLER 亮面连帽羽绒服 —— 奢潮御寒· 金属质感与立体充绒的秋冬典藏 这款亮面连帽羽绒夹克，是MONCLER将高奢亮面基因与专业羽绒工艺大胆融合的秋冬力作，为追求吸睛与保暖的潮流人士打造御寒战袍。采用高密亮面防风羽绒面料，90%高蓬松鹅绒填充，锁温保暖性能优异，经立体充绒工艺塑造出饱满大气的廓形；细节处尽显奢牌血统：可调节连帽设计，金属按扣点缀帽檐，兼顾造型与防风需求，是潮奢玩家的心头挚爱；前胸大尺寸翻盖口袋与拉链口袋，机能感与质感并存，高调彰显身份；定制金属拉链与袖侧品牌徽章，每一处细节都释放奢潮魅力。从羽绒的强效抗寒性能到亮面材质的视觉冲击，再到廓形的立体潮酷设计，都为整体造型注入奢潮层次与独特性，轻松驾驭都市通勤、潮流出街、冬日社交等多元场景。 ❗️颜色：军绿 ❗ 标准尺码：;0;;lrg3k8cd5bgw3jv;;Для мужчин;"[""https://xcimg.szwego.com/img/65702085/20251026/i1761409675_6057_1.jpg"", ""https://xcimg.szwego.com/img/65702085/20251026/i1761409675_1443_0.jpg"", ""https://xcimg.szwego.com/img/65702085/20251026/i1761409675_2904_3.jpg"", ""https://xcimg.szwego.com/img/65702085/20251026/i1761409675_6731_7.jpg"", ""https://xcimg.szwego.com/img/65702085/20251026/i1761409675_320_2.jpg"", ""https://xcimg.szwego.com/img/65702085/20251026/i1761409675_4992_5.jpg"", ""https://xcimg.szwego.com/img/65702085/20251026/i1761409675_3801_6.jpg"", ""https://xcimg.szwego.com/img/65702085/20251026/i1761409675_1098_8.jpg"", ""https://xcimg.szwego.com/img/65702085/20251026/i1761409675_7738_4.jpg""]"
_dy7rSe7DdDyCa4VxZjJms1Mh90Tatdlag-I2Mgw;;【顺丰包邮】DIOR 满印提花连帽羽绒服 面料与里料采用100%锦纶（装饰除外），经高端织机打造满幅品牌标志性提花图案，质感立体且色牢度出众；裁片环节依托精准制版工艺，结合连帽版型的人体工学设计，将帽檐、衣身拼接处的裁片误差严格控制，为精密缝合奠定扎实基础。通过专业充绒系统按严格克重填充至独立绗缝格，充绒环境恒温把控，确保每格蓬松度均匀一致，同时经特殊清洗消毒工艺处理羽绒，杜绝结块隐患。缝制工艺上，采用精密机器完成主体绗缝，充绒口运用密缝工艺保障防漏；拉链处金属扣具镌刻品牌标识，经专业工艺加工，耐用性与质感兼备；衣身多处DIOR标识呈现或提花或刺绣，边缘平整度极高，品牌辨识度与工艺耐久性双重在线。连帽结构经定型工艺塑造，贴合头部轮廓；下摆抽绳系统配备品牌定制绳扣，调节便捷且耐用性经测试达标；从线迹平整度到五金细节，每一处工艺均严格把控，尽显高端奢品的工艺水准。 ❗️颜色：黑色 ❗️标准尺码：;0;;lrg3k8cd5bgw3jv;;Для мужчин;"[""https://xcimg.szwego.com/img/65702085/20251214/i1765685484247_8126_0_0.jpg"", ""https://xcimg.szwego.com/img/65702085/20251214/i1765685484247_3932_0_1.jpg"", ""https://xcimg.szwego.com/img/65702085/20251214/i1765685484247_6574_0_2.jpg"", ""https://xcimg.szwego.com/img/65702085/20251214/i1765685484247_1007_0_3.jpg"", ""https://xcimg.szwego.com/img/65702085/20251214/i1765685488354_9841_0_4.jpg"", ""https://xcimg.szwego.com/img/65702085/20251214/i1765685488048_6344_0_5.jpg"", ""https://xcimg.szwego.com/img/65702085/20251214/i1765685484247_8299_0_6.jpg"", ""https://xcimg.szwego.com/img/65702085/20251214/i1765685487757_2933_0_7.jpg"", ""https://xcimg.szwego.com/img/65702085/20251214/i1765685488120_8549_0_9.jpg""]"
_dkDrSboqK6lU1mICPz-nrOvmTTKxPc2Hjc3mrzg;;【顺丰包邮】DIOR 立领羽绒服 采用100%高密锦纶打造外层，哑光质感高级且低调，经特殊工艺处理后色牢度优异，长期穿着仍能保持浓郁黑色的纯粹性；里料同样精选锦纶材质，且满幅压印品牌标志性“CD”标识，在细节处彰显高奢格调，同时为内里营造丝滑触感。依托先进智能裁剪系统，将立领、衣身拼接等部位的裁片误差严格控制在±0.15mm以内，为后续精密缝合奠定扎实基础。立领版型贴合颈部人体工学，既能有效抵御寒风，又能保证穿着时的舒适与利落充绒阶段启用品牌定制充绒系统，在恒温环境下将羽绒精准填充至独立绗缝格，每格蓬松度偏差极小，且通过专业检测彻底排除绒朵结块隐患，充绒量达122g，保暖性能拉满的同时，穿着无臃肿感。定制金属拉链头镌刻“DIOR”标识，经专业成型工艺加工，顺滑度与耐用性经多重测试表现卓越；胸前“CD”徽标采用精细刺绣工艺，针脚密度高、边缘平整度极佳，兼具品牌辨识度与耐穿性；抽绳系统由精密设备加工，金属绳扣质感高级，耐用性经测试达标，可根据需求调节衣摆松紧，适配不同身形与场景；内里满印“CD”标识的同时，品牌标签刺绣工艺精湛，线迹平整、字体清晰，处处体现高奢品控；内层针织罗纹收口设计，既提升保暖性，又与外层锦纶面料形成质感对比，细节处见匠心。 ❗️颜色：黑色 ❗️标准尺码：;0;;lrg3k8cd5bgw3jv;;Для мужчин;"[""https://xcimg.szwego.com/img/6c7a535f/20251213/i1765602897736_8750_0_0.jpg"", ""https://xcimg.szwego.com/img/6c7a535f/20251213/i1765602897707_7378_0_1.jpg"", ""https://xcimg.szwego.com/img/6c7a535f/20251213/i1765602895297_7003_0_2.jpg"", ""https://xcimg.szwego.com/img/6c7a535f/20251213/i1765602897634_8458_0_3.jpg"", ""https://xcimg.szwego.com/img/6c7a535f/20251213/i1765602895297_8568_0_4.jpg"", ""https://xcimg.szwego.com/img/6c7a535f/20251213/i1765602895297_9229_0_5.jpg"", ""https://xcimg.szwego.com/img/6c7a535f/20251213/i1765602895297_3276_0_6.jpg"", ""https://xcimg.szwego.com/img/6c7a535f/20251213/i1765602897682_2307_0_7.jpg"", ""https://xcimg.szwego.com/img/6c7a535f/20251213/i1765602895297_3971_0_8.jpg"", ""https://xcimg.szwego.com/img/6c7a535f/20251213/i1765602897582_8195_0_9.jpg""]"
_dlnrSmeSxbby0uIT8P5E5Xn3bU1CcGalx8yyX3Q;;【顺丰包邮】MONCLER 蒙口章仔连帽羽绒服 面料与里料采用高密哑光100%锦纶，经精密织机实现质感织造，色牢度表现优异；裁片环节依托智能裁剪系统，结合连帽版型的人体工学数据，将帽檐、肩缝等拼接部位的裁片误差控制在±0.15mm内，为整体结构的精密缝合筑牢根基。充绒阶段运用品牌定制充绒系统：90%白鹅绒与10%羽毛按严格克重填充至独立绗缝格，充绒环境保持恒温，通过精准调控使每格蓬松度偏差极小，同时借助专业检测手段排除内部绒朵结块隐患。缝制工艺里，电脑绗缝机以精准针距完成主体绗缝，对充绒口采用密缝工艺处理；袖口的金属扣具经专业成型机加工，耐用性经测试表现出色；袖臂处的MONCLER徽标通过精细刺绣工艺呈现，标识边缘平整度极高，兼具辨识度与耐久性。连帽结构经专业定型工艺塑形，内置支撑结构，经弯折测试后仍能保持挺括形态；下摆的抽绳系统由精密设备加工，绳扣耐用性经测试达标；多处细节的缝制工艺经严格把控，线迹平整度等指标均达高等级标准。 ❗️颜色：黑色 ❗️标准尺码：;0;;lrg3k8cd5bgw3jv;;Для мужчин;"[""https://xcimg.szwego.com/img/65702085/20251211/i1765385018755_1639_0_0.jpg"", ""https://xcimg.szwego.com/img/65702085/20251211/i1765385018702_3232_0_1.jpg"", ""https://xcimg.szwego.com/img/65702085/20251211/i1765385016332_329_0_2.jpg"", ""https://xcimg.szwego.com/img/65702085/20251211/i1765385018725_5366_0_3.jpg"", ""https://xcimg.szwego.com/img/65702085/20251211/i1765385016371_7984_0_4.jpg"", ""https://xcimg.szwego.com/img/65702085/20251211/i1765385016401_7078_0_5.jpg"", ""https://xcimg.szwego.com/img/65702085/20251211/i1765385016242_3969_0_6.jpg"", ""https://xcimg.szwego.com/img/65702085/20251211/i1765385018781_3189_0_7.jpg"", ""https://xcimg.szwego.com/img/65702085/20251211/i1765385018694_9311_0_8.jpg""]"
_dv_rSBJjlOOIQj9WEsyCR6pXIq_lpJuL1h1vS0w;;【顺丰包邮】MONCLER 蒙口章仔连帽羽绒服 面料与里料采用高密哑光100%锦纶，经精密织机实现质感织造，色牢度表现优异；裁片环节依托智能裁剪系统，结合连帽版型的人体工学数据，将帽檐、肩缝等拼接部位的裁片误差控制在±0.15mm内，为整体结构的精密缝合筑牢根基。充绒阶段运用品牌定制充绒系统：90%白鹅绒与10%羽毛按严格克重填充至独立绗缝格，充绒环境保持恒温，通过精准调控使每格蓬松度偏差极小，同时借助专业检测手段排除内部绒朵结块隐患。缝制工艺里，电脑绗缝机以精准针距完成主体绗缝，对充绒口采用密缝工艺处理；袖口的金属扣具经专业成型机加工，耐用性经测试表现出色；袖臂处的MONCLER徽标通过精细刺绣工艺呈现，标识边缘平整度极高，兼具辨识度与耐久性。连帽结构经专业定型工艺塑形，内置支撑结构，经弯折测试后仍能保持挺括形态；下摆的抽绳系统由精密设备加工，绳扣耐用性经测试达标；多处细节的缝制工艺经严格把控，线迹平整度等指标均达高等级标准。 ❗️颜色：卡其 ❗️标准尺码：;0;;lrg3k8cd5bgw3jv;;Для мужчин;"[""https://xcimg.szwego.com/img/65702085/20251211/i1765386455522_2877_0_0.jpg"", ""https://xcimg.szwego.com/img/65702085/20251211/i1765386453950_5338_0_1.jpg"", ""https://xcimg.szwego.com/img/65702085/20251211/i1765386453905_9895_0_2.jpg"", ""https://xcimg.szwego.com/img/65702085/20251211/i1765386455527_6821_0_3.jpg"", ""https://xcimg.szwego.com/img/65702085/20251211/i1765386453960_8780_0_4.jpg"", ""https://xcimg.szwego.com/img/65702085/20251211/i1765386455509_7742_0_5.jpg"", ""https://xcimg.szwego.com/img/65702085/20251211/i1765386453929_8316_0_6.jpg"", ""https://xcimg.szwego.com/img/65702085/20251211/i1765386453891_1463_0_7.jpg"", ""https://xcimg.szwego.com/img/65702085/20251211/i1765386455478_5874_0_8.jpg""]"
_dpvrS6mrwcql_XfEfHs6eXMbQO4UQvgJQIBeDdQ;;【顺丰包邮】MONCLER 蒙口章仔连帽羽绒服 面料与里料采用高密哑光100%锦纶，经精密织机实现质感织造，色牢度表现优异；裁片环节依托智能裁剪系统，结合连帽版型的人体工学数据，将帽檐、肩缝等拼接部位的裁片误差控制在±0.15mm内，为整体结构的精密缝合筑牢根基。充绒阶段运用品牌定制充绒系统：90%白鹅绒与10%羽毛按严格克重填充至独立绗缝格，充绒环境保持恒温，通过精准调控使每格蓬松度偏差极小，同时借助专业检测手段排除内部绒朵结块隐患。缝制工艺里，电脑绗缝机以精准针距完成主体绗缝，对充绒口采用密缝工艺处理；袖口的金属扣具经专业成型机加工，耐用性经测试表现出色；袖臂处的MONCLER徽标通过精细刺绣工艺呈现，标识边缘平整度极高，兼具辨识度与耐久性。连帽结构经专业定型工艺塑形，内置支撑结构，经弯折测试后仍能保持挺括形态；下摆的抽绳系统由精密设备加工，绳扣耐用性经测试达标；多处细节的缝制工艺经严格把控，线迹平整度等指标均达高等级标准。 ❗️颜色：绿色 ❗️标准尺码：;0;;lrg3k8cd5bgw3jv;;Для мужчин;"[""https://xcimg.szwego.com/img/65702085/20251211/i1765385817281_1296_0_0.jpg"", ""https://xcimg.szwego.com/img/65702085/20251211/i1765385817338_8577_0_1.jpg"", ""https://xcimg.szwego.com/img/65702085/20251211/i1765385819624_5461_0_2.jpg"", ""https://xcimg.szwego.com/img/65702085/20251211/i1765385819648_4106_0_3.jpg"", ""https://xcimg.szwego.com/img/65702085/20251211/i1765385819653_1903_0_4.jpg"", ""https://xcimg.szwego.com/img/65702085/20251211/i1765385817332_5110_0_5.jpg"", ""https://xcimg.szwego.com/img/65702085/20251211/i1765385819547_6360_0_6.jpg"", ""https://xcimg.szwego.com/img/65702085/20251211/i1765385817264_9488_0_7.jpg"", ""https://xcimg.szwego.com/img/65702085/20251211/i1765385817243_1701_0_8.jpg""]"
_dmErSzed9sOyoT3G-UWuUCmAH4Iu0M3SomVpNrA;;【顺丰包邮】Burberry | 博柏利 新款骑士标连帽羽绒夹克 — 英伦奢暖 · 经典标识与御寒工艺的高阶融合 — 博柏利突破性诠释羽绒夹克风格，推出这款骑士标连帽外套，尽显英伦高奢工艺与温暖型格的极致交融。严选高品质羽绒填充，经品牌专属蓬松、锁温工序处理，绒朵饱满且保暖性能卓越，在低温环境下锁温蓄热能力出众，与普通羽绒拉开品质差距；外层采用高密防风面料，质感挺括且耐磨抗寒，臂部标志性骑士标细节与胸前刺绣品牌标识，每一处都彰显着Burberry自1856年以来的英伦奢品工艺底蕴，经典设计既传承传统又注入先锋潮流巧思。连帽版型搭配精致纽扣，穿脱间尽显优雅干练；骑士标元素的经典呈现与顶级羽绒工艺的结合，为整体造型增添奢华辨识度与御寒底气。 ⚠️ 发货规格：全套包装 ❗️颜色：米白色 ❗ 标准尺码： ❗ 支持量身定制;0;;lrg3k8cd5bgw3jv;;Для мужчин;"[""https://xcimg.szwego.com/img/65702085/20251001/i1759254795_2569_1.jpg"", ""https://xcimg.szwego.com/img/65702085/20251001/i1759254796_4858_10.jpg"", ""https://xcimg.szwego.com/img/65702085/20251001/i1759254795_8220_0.jpg"", ""https://xcimg.szwego.com/img/65702085/20251001/i1759254795_4261_9.jpg"", ""https://xcimg.szwego.com/img/65702085/20251001/i1759254795_1823_7.jpg"", ""https://xcimg.szwego.com/img/65702085/20251001/i1759254795_3328_3.jpg"", ""https://xcimg.szwego.com/img/65702085/20251001/i1759254795_7840_5.jpg"", ""https://xcimg.szwego.com/img/65702085/20251001/i1759254796_816_11.jpg"", ""https://xcimg.szwego.com/img/65702085/20251001/i1759254795_5603_8.jpg""]"
_df5rSvJD-w4r3Kj6zpF-HNd59xpEs-qZuQbpM8g;;【顺丰包邮】PRADA 普拉达立领羽绒服 面料与里料均采用高密光泽100%锦纶，经数控镜面织机实现质感织造，色牢度偏差≤1级；裁片环节借助3D智能裁剪机结合版型人体工学数据，将肩缝等拼接部位的裁片误差控制在±0.15mm内，为精密缝合筑牢根基。充绒阶段运用PRADA定制分区充绒系统：充绒舱维持22℃恒温，气流压力传感器实时调控充绒强度，使每格蓬松度偏差≤35FP，且通过高清内窥检测杜绝内部绒朵结块隐患。缝制工艺里，电脑多针绗缝机以精准针距完成主体绗缝，双针锁边机对充绒口密缝处理；拉链等金属配件经精密加工，其耐用性经严格测试保障；背后的PRADA三角标识通过专业工艺加工，边缘平整度误差≤0.05mm，兼具耐用性与标识性，再经数控工艺固定，稳固性经测试达标。立领结构经定型工艺塑形，确保挺括形态；下摆细节工艺经专业设备加工，耐用性经测试保障；袖口工艺采用专业设备完成，线迹平整度达A级标准。 ❗️颜色：绿色 ❗️标准尺码：;0;;lrg3k8cd5bgw3jv;;Для мужчин;"[""https://xcimg.szwego.com/img/65702085/20251208/i1765127737621_3218_0_0.jpg"", ""https://xcimg.szwego.com/img/65702085/20251208/i1765127734917_2762_0_1.jpg"", ""https://xcimg.szwego.com/img/65702085/20251208/i1765127737667_3506_0_2.jpg"", ""https://xcimg.szwego.com/img/65702085/20251208/i1765127737589_5916_0_3.jpg"", ""https://xcimg.szwego.com/img/65702085/20251208/i1765127734740_7219_0_4.jpg"", ""https://xcimg.szwego.com/img/65702085/20251208/i1765127734839_6546_0_5.jpg"", ""https://xcimg.szwego.com/img/65702085/20251208/i1765127734810_7327_0_6.jpg"", ""https://xcimg.szwego.com/img/65702085/20251208/i1765127734846_555_0_7.jpg"", ""https://xcimg.szwego.com/img/65702085/20251208/i1765127745781_904_0_8.jpg""]"
_dnkrSkRS4lir2xW_MXog3obt1sfWUXuAyvTmj9w;;【顺丰包邮】Moncler 蒙口户外风连帽羽绒服 面料采用100%高密聚酯纤维，经数控耐磨织机织造，兼具抗风性与耐用性；里料为同材质内衬，保障保暖性与整体结构稳定性。裁片环节依托3D智能裁剪系统，结合户外连帽版型的人体工学数据，将帽檐、肩缝等核心拼接部位的裁片误差控制在±0.15mm内，为精密缝合奠定基础。充绒舱维持恒温环境，气流压力传感器实时调节充绒强度，确保每格蓬松度偏差≤35FP，同时通过高清内窥检测仪全流程监控，彻底排除绒朵结块隐患，缝制工艺中，电脑多针绗缝机以精密针距完成主体绗缝，走线均匀规整；充绒口经双针锁边机密缝处理，杜绝漏绒。定制金属拉链由数控拉链成型机加工，拉链头印有“MONCLER”标识，顺滑度与牢固性经测试远超行业标准；连帽金属按扣与袖口魔术贴结构，由精密五金成型机加工，开合与粘贴次数经疲劳测试达万次无松动。左臂品牌徽章采用精密刺绣工艺，边缘平整度误差≤0.05mm，品牌辨识度与工艺细节兼具。连帽结构经蒸汽定型机高温塑形，内置抗风衬片，经弯折疲劳测试仪验证，数千次弯折后仍保持挺括形态，有效抵御户外寒风。下摆与袖口的收束设计，通过数控绳扣与魔术贴压制机加工，调节便捷且耐用性强，满足户外场景的防风需求。 ❗️颜色：棕色 ❗️标准尺码：;0;;lrg3k8cd5bgw3jv;;Для мужчин;"[""https://xcimg.szwego.com/img/65702085/20251207/i1765087163934_5412_0_0.jpg"", ""https://xcimg.szwego.com/img/65702085/20251207/i1765087165652_1408_0_1.jpg"", ""https://xcimg.szwego.com/img/65702085/20251207/i1765087163907_6389_0_2.jpg"", ""https://xcimg.szwego.com/img/65702085/20251207/i1765087163848_8129_0_3.jpg"", ""https://xcimg.szwego.com/img/65702085/20251207/i1765087165634_747_0_4.jpg"", ""https://xcimg.szwego.com/img/65702085/20251207/i1765087163944_4747_0_5.jpg"", ""https://xcimg.szwego.com/img/65702085/20251207/i1765087165426_1378_0_6.jpg"", ""https://xcimg.szwego.com/img/65702085/20251207/i1765087165585_5832_0_7.jpg"", ""https://xcimg.szwego.com/img/65702085/20251207/i1765087163854_6503_0_8.jpg""]"
_d_3rSs0qvmKUMfWXae0wvu5y3HVFdWedOGFT0mg;;【顺丰包邮】Moncler 蒙口户外风连帽羽绒服 面料采用100%高密聚酯纤维，经数控耐磨织机织造，兼具抗风性与耐用性；里料为同材质内衬，保障保暖性与整体结构稳定性。裁片环节依托3D智能裁剪系统，结合户外连帽版型的人体工学数据，将帽檐、肩缝等核心拼接部位的裁片误差控制在±0.15mm内，为精密缝合奠定基础。充绒舱维持恒温环境，气流压力传感器实时调节充绒强度，确保每格蓬松度偏差≤35FP，同时通过高清内窥检测仪全流程监控，彻底排除绒朵结块隐患，缝制工艺中，电脑多针绗缝机以精密针距完成主体绗缝，走线均匀规整；充绒口经双针锁边机密缝处理，杜绝漏绒。定制金属拉链由数控拉链成型机加工，拉链头印有“MONCLER”标识，顺滑度与牢固性经测试远超行业标准；连帽金属按扣与袖口魔术贴结构，由精密五金成型机加工，开合与粘贴次数经疲劳测试达万次无松动。左臂品牌徽章采用精密刺绣工艺，边缘平整度误差≤0.05mm，品牌辨识度与工艺细节兼具。连帽结构经蒸汽定型机高温塑形，内置抗风衬片，经弯折疲劳测试仪验证，数千次弯折后仍保持挺括形态，有效抵御户外寒风。下摆与袖口的收束设计，通过数控绳扣与魔术贴压制机加工，调节便捷且耐用性强，满足户外场景的防风需求。 ❗️颜色：蓝色 ❗️标准尺码：;0;;lrg3k8cd5bgw3jv;;Для мужчин;"[""https://xcimg.szwego.com/img/65702085/20251207/i1765086927425_1267_0_0.jpg"", ""https://xcimg.szwego.com/img/65702085/20251207/i1765086929022_9116_0_1.jpg"", ""https://xcimg.szwego.com/img/65702085/20251207/i1765086927294_9416_0_2.jpg"", ""https://xcimg.szwego.com/img/65702085/20251207/i1765086927437_6168_0_3.jpg"", ""https://xcimg.szwego.com/img/65702085/20251207/i1765086928990_7113_0_4.jpg"", ""https://xcimg.szwego.com/img/65702085/20251207/i1765086927299_1283_0_5.jpg"", ""https://xcimg.szwego.com/img/65702085/20251207/i1765086927314_6120_0_6.jpg"", ""https://xcimg.szwego.com/img/65702085/20251207/i1765086929048_595_0_7.jpg"", ""https://xcimg.szwego.com/img/65702085/20251207/i1765086928954_1011_0_8.jpg""]"
_deZrS-fq5LBtCshzbnqCr0DCkQ3utF2XAqfcbqA;;【顺丰包邮】Moncler 蒙口户外风连帽羽绒服 面料采用100%高密聚酯纤维，经数控耐磨织机织造，兼具抗风性与耐用性；里料为同材质内衬，保障保暖性与整体结构稳定性。裁片环节依托3D智能裁剪系统，结合户外连帽版型的人体工学数据，将帽檐、肩缝等核心拼接部位的裁片误差控制在±0.15mm内，为精密缝合奠定基础。充绒舱维持恒温环境，气流压力传感器实时调节充绒强度，确保每格蓬松度偏差≤35FP，同时通过高清内窥检测仪全流程监控，彻底排除绒朵结块隐患，缝制工艺中，电脑多针绗缝机以精密针距完成主体绗缝，走线均匀规整；充绒口经双针锁边机密缝处理，杜绝漏绒。定制金属拉链由数控拉链成型机加工，拉链头印有“MONCLER”标识，顺滑度与牢固性经测试远超行业标准；连帽金属按扣与袖口魔术贴结构，由精密五金成型机加工，开合与粘贴次数经疲劳测试达万次无松动。左臂品牌徽章采用精密刺绣工艺，边缘平整度误差≤0.05mm，品牌辨识度与工艺细节兼具。连帽结构经蒸汽定型机高温塑形，内置抗风衬片，经弯折疲劳测试仪验证，数千次弯折后仍保持挺括形态，有效抵御户外寒风。下摆与袖口的收束设计，通过数控绳扣与魔术贴压制机加工，调节便捷且耐用性强，满足户外场景的防风需求。 ❗️颜色：黑色 ❗️标准尺码：;0;;lrg3k8cd5bgw3jv;;Для мужчин;"[""https://xcimg.szwego.com/img/65702085/20251207/i1765086479877_2688_0_0.jpg"", ""https://xcimg.szwego.com/img/65702085/20251207/i1765086469149_5884_0_1.jpg"", ""https://xcimg.szwego.com/img/65702085/20251207/i1765086479833_2340_0_2.jpg"", ""https://xcimg.szwego.com/img/65702085/20251207/i1765086469149_3195_0_3.jpg"", ""https://xcimg.szwego.com/img/65702085/20251207/i1765086469150_5987_0_4.jpg"", ""https://xcimg.szwego.com/img/65702085/20251207/i1765086469149_9755_0_5.jpg"", ""https://xcimg.szwego.com/img/65702085/20251207/i1765086479748_2374_0_7.jpg"", ""https://xcimg.szwego.com/img/65702085/20251207/i1765086479833_8265_0_8.jpg"", ""https://xcimg.szwego.com/img/65702085/20251207/i1765086479784_5018_0_9.jpg""]"
_dsFrSY_tCtecBFe4KS4JYkPQtaSjQRyXncX0gtg;;【顺丰包邮】Moncler Genius x 1017 ALYX 9SM 联名款羽绒服 面料采用高密珠光锦纶，经数控亮面织机织造，呈现出细腻的珠光质感，兼具耐磨性与光泽持久性；里料为高品质内衬材质，保障保暖性与整体挺括度，裁片环节依托3D智能裁剪系统，结合连帽短款版型的人体工学数据，将帽檐、肩缝等核心拼接部位的裁片误差控制在±0.15mm内，为精密缝合奠定基础，充绒舱维持恒温环境，气流压力传感器实时调节充绒强度，确保每格蓬松度偏差≤35FP，同时通过高清内窥检测仪全流程监控，彻底排除绒朵结块隐患。缝制工艺中，电脑多针绗缝机以精密针距完成主体绗缝，走线均匀规整；充绒口经双针锁边机密缝处理，杜绝漏绒。标志性金属拉链由定制拉链成型机加工，拉链头印有“ALYX”标识，顺滑度与牢固性经测试远超行业标准；连帽金属按扣由精密按扣成型机加工，开合次数经疲劳测试达万次无松动。袖口收束工艺采用双针滚边机完成，线迹平整度经视觉检测达A级标准，兼具实用性与美观度。左臂处的Moncler品牌徽章采用精密刺绣工艺，边缘平整度误差≤0.05mm，品牌辨识度与工艺细节兼具。内衬“1017 ALYX 9SM”织带与标志性金属扣设计，强化联名身份识别，是Moncler Genius系列“设计师合作”理念的典型呈现。 ❗️颜色：白色 ❗️标准尺码：;0;;lrg3k8cd5bgw3jv;;Для мужчин;"[""https://xcimg.szwego.com/img/65702085/20251207/i1765084765269_6331_0_0.jpg"", ""https://xcimg.szwego.com/img/65702085/20251207/i1765084765351_872_0_1.jpg"", ""https://xcimg.szwego.com/img/65702085/20251207/i1765084765288_7380_0_2.jpg"", ""https://xcimg.szwego.com/img/65702085/20251207/i1765084767141_2614_0_3.jpg"", ""https://xcimg.szwego.com/img/65702085/20251207/i1765084765315_1437_0_4.jpg"", ""https://xcimg.szwego.com/img/65702085/20251207/i1765084765107_6196_0_5.jpg"", ""https://xcimg.szwego.com/img/65702085/20251207/i1765084767063_5268_0_6.jpg"", ""https://xcimg.szwego.com/img/65702085/20251207/i1765084767152_2566_0_7.jpg"", ""https://xcimg.szwego.com/img/65702085/20251207/i1765084767173_5224_0_8.jpg""]"
_dzXrSuu18c0wagl5Pakt_yWOw-BnifWUJ9FZtaw;;【顺丰包邮】Moncler 蒙口亮面短款羽绒服 面料采用100%高密锦纶，经数控亮面织机织造，呈现出极具辨识度的亮面质感，耐磨且光泽持久；里料为高品质内衬材质，与面料配合保障保暖性与整体挺括度。裁片环节依托3D智能裁剪系统，结合短款版型的人体工学数据，将衣身各拼接部位的裁片误差控制在±0.15mm内，为整体结构的精密缝合奠定基础。充绒阶段启用Moncler定制分区充绒系统：充绒舱维持恒温环境，气流压力传感器实时调节充绒强度，确保每格蓬松度偏差≤35FP，同时通过高清内窥检测仪全流程监控，彻底排除绒朵结块隐患。缝制工艺中，电脑多针绗缝机以精密针距完成主体绗缝，走线均匀规整；充绒口经双针锁边机密缝处理，杜绝漏绒。胸前的像素风品牌徽章采用精密刺绣机加工，图案边缘平整度误差≤0.05mm，品牌辨识度与工艺细节兼具。拉链系统为品牌定制款，经数控拉链成型机加工，拉链头带有品牌标识，顺滑度与牢固性经测试远超行业标准；金属按扣由精密按扣成型机加工，开合次数经疲劳测试达万次无松动。袖口的收束工艺采用双针滚边机完成，线迹平整度经视觉检测达A级标准，兼具实用性与美观度。 ❗️颜色：藏蓝 ❗️标准尺码：46-52;0;;lrg3k8cd5bgw3jv;;Для мужчин;"[""https://xcimg.szwego.com/img/65702085/20251207/i1765084210602_4719_0_0.jpg"", ""https://xcimg.szwego.com/img/65702085/20251207/i1765084210625_3325_0_1.jpg"", ""https://xcimg.szwego.com/img/65702085/20251207/i1765084214543_6472_0_2.jpg"", ""https://xcimg.szwego.com/img/65702085/20251207/i1765084214607_2547_0_3.jpg"", ""https://xcimg.szwego.com/img/65702085/20251207/i1765084214501_7180_0_4.jpg"", ""https://xcimg.szwego.com/img/65702085/20251207/i1765084210554_4812_0_6.jpg"", ""https://xcimg.szwego.com/img/65702085/20251207/i1765084210581_2192_0_7.jpg"", ""https://xcimg.szwego.com/img/65702085/20251207/i1765084214572_7851_0_8.jpg"", ""https://xcimg.szwego.com/img/65702085/20251207/i1765084210646_8333_0_9.jpg""]"
_dkNrSUPcRblN1YsX4eYQf9QWx_dKiToe7-3Rryw;;【顺丰包邮】【100%鹅绒填充】Moncler 蒙口长款亮面羽绒服 面料采用100%高密锦纶，经数控亮面织机织造，呈现出极具辨识度的亮面质感，耐磨且富有光泽；里料为100%聚酯纤维，与面料配合保障保暖性与耐用性。裁片环节依托3D智能裁剪系统，结合长款连帽版型的人体工学数据，将帽檐、肩缝等关键拼接部位的裁片误差控制在±0.15mm内，为整体结构的精密缝合奠定基础。充绒阶段启用Moncler定制分区充绒系统，充绒舱维持恒温环境，气流压力传感器实时调节充绒强度，确保每格蓬松度偏差≤35FP，同时通过高清内窥检测仪全流程监控，彻底排除绒朵结块隐患。缝制工艺中，电脑多针绗缝机以精密针距完成主体绗缝，走线均匀规整；充绒口经双针锁边机密缝处理，杜绝漏绒。可拆卸连帽的金属按扣由精密按扣成型机加工，开合次数经疲劳测试达万次无松动；左臂处的品牌徽章采用精密刺绣工艺，边缘平整度误差≤0.05mm，品牌辨识度与耐用性兼具。拉链系统为品牌定制款，经数控拉链成型机加工，拉链头带有品牌标识，顺滑度与牢固性经测试远超行业标准。连帽结构通过蒸汽定型机高温塑形，内置记忆纤维衬片，经弯折疲劳测试仪验证，数千次弯折后仍保持挺括形态；下摆抽绳系统由数控绳扣压制机加工，绳扣开合次数达万次无故障；袖口的调节扣与包边工艺均采用双针滚边机完成，线迹平整度经视觉检测达A级标准。 ❗️颜色：黑色 ❗️标准尺码：48-56;0;;lrg3k8cd5bgw3jv;;Для мужчин;"[""https://xcimg.szwego.com/img/65702085/20251207/i1765083543930_5033_0_0.jpg"", ""https://xcimg.szwego.com/img/65702085/20251207/i1765083541380_9083_0_1.jpg"", ""https://xcimg.szwego.com/img/65702085/20251207/i1765083543834_6314_0_2.jpg"", ""https://xcimg.szwego.com/img/65702085/20251207/i1765083541327_4080_0_3.jpg"", ""https://xcimg.szwego.com/img/65702085/20251207/i1765083540814_758_0_4.jpg"", ""https://xcimg.szwego.com/img/65702085/20251207/i1765083543516_8071_0_5.jpg"", ""https://xcimg.szwego.com/img/65702085/20251207/i1765083541258_2703_0_6.jpg"", ""https://xcimg.szwego.com/img/65702085/20251207/i1765083541291_5596_0_7.jpg"", ""https://xcimg.szwego.com/img/65702085/20251207/i1765083543788_2053_0_8.jpg""]"
_dCKrSb9LlpwweLKBbbAu38VcxH1HOAvEtMPY9lQ;;【顺丰包邮】【100%鹅绒填充】 BALENCIAGA 巴黎世家连帽羽绒服 面料采用高密锦纶，经数控光泽织机织造，呈现哑光高级质感，色牢度经测试偏差≤1级，确保长期穿着不易褪色。裁片环节运用3D智能裁剪系统，结合人体工学数据对帽檐、衣身拼接处精准裁切，裁片误差≤±0.2mm，为整体版型的挺括度与合体性奠定基础。充绒阶段启用BALENCIAGA定制分区充绒系统，填充物按预设克重精准填充至独立绗缝格仓，充绒舱保持恒温环境，气流压力传感器实时调节充绒强度，使每格蓬松度偏差≤30FP，同时通过内窥检测仪逐格排查，杜绝绒朵结块问题。缝制工艺中，电脑多针绗缝机以2.5mm针距完成主体绗缝，线迹均匀且密度达标，有效防止羽绒跑绒；后背“BB”标识通过数控绗缝机以特殊针法成型，标识边缘平整度误差≤0.1mm，兼具品牌辨识度与工艺感。细节装饰方面，金属拉链由BALENCIAGA定制拉链成型机加工，拉链头镌刻品牌“BB”标识，经往复拉动测试10000次无卡顿；袖口罗纹经精密针织机织造，弹性与贴合度优异；金属按扣经数控冲压机塑形，开合次数经疲劳测试达8000次无松动。连帽结构经蒸汽定型设备塑形，内置弹力衬片，经弯折疲劳测试6000次后仍保持立挺形态；下摆无抽绳设计，整体版型经数控整烫机定型，确保穿着时的廓形稳定性。 ❗️颜色：灰色 ❗️标准尺码：46-52;0;;lrg3k8cd5bgw3jv;;Для мужчин;"[""https://xcimg.szwego.com/img/65702085/20251207/i1765083166491_1681_0_0.jpg"", ""https://xcimg.szwego.com/img/65702085/20251207/i1765083168344_9246_0_1.jpg"", ""https://xcimg.szwego.com/img/65702085/20251207/i1765083168352_236_0_2.jpg"", ""https://xcimg.szwego.com/img/65702085/20251207/i1765083168262_3837_0_3.jpg"", ""https://xcimg.szwego.com/img/65702085/20251207/i1765083166519_6441_0_5.jpg"", ""https://xcimg.szwego.com/img/65702085/20251207/i1765083168351_9926_0_6.jpg"", ""https://xcimg.szwego.com/img/65702085/20251207/i1765083168350_9631_0_7.jpg"", ""https://xcimg.szwego.com/img/65702085/20251207/i1765083166469_9412_0_8.jpg"", ""https://xcimg.szwego.com/img/65702085/20251207/i1765083166425_9896_0_9.jpg""]"
_dxNrSE-RHTSV0RO_u7O3r56_Mlz7I7PP-AWLtQw;;【顺丰包邮】【100%鹅绒填充】 BALENCIAGA 巴黎世家连帽羽绒服 面料采用高密锦纶，经数控光泽织机织造，呈现哑光高级质感，色牢度经测试偏差≤1级，确保长期穿着不易褪色。裁片环节运用3D智能裁剪系统，结合人体工学数据对帽檐、衣身拼接处精准裁切，裁片误差≤±0.2mm，为整体版型的挺括度与合体性奠定基础。充绒阶段启用BALENCIAGA定制分区充绒系统，填充物按预设克重精准填充至独立绗缝格仓，充绒舱保持恒温环境，气流压力传感器实时调节充绒强度，使每格蓬松度偏差≤30FP，同时通过内窥检测仪逐格排查，杜绝绒朵结块问题。缝制工艺中，电脑多针绗缝机以2.5mm针距完成主体绗缝，线迹均匀且密度达标，有效防止羽绒跑绒；后背“BB”标识通过数控绗缝机以特殊针法成型，标识边缘平整度误差≤0.1mm，兼具品牌辨识度与工艺感。细节装饰方面，金属拉链由BALENCIAGA定制拉链成型机加工，拉链头镌刻品牌“BB”标识，经往复拉动测试10000次无卡顿；袖口罗纹经精密针织机织造，弹性与贴合度优异；金属按扣经数控冲压机塑形，开合次数经疲劳测试达8000次无松动。连帽结构经蒸汽定型设备塑形，内置弹力衬片，经弯折疲劳测试6000次后仍保持立挺形态；下摆无抽绳设计，整体版型经数控整烫机定型，确保穿着时的廓形稳定性。 ❗️颜色：黑色 ❗️标准尺码：46-52;0;;lrg3k8cd5bgw3jv;;Для мужчин;"[""https://xcimg.szwego.com/img/65702085/20251207/i1765082652064_2540_0_0.jpg"", ""https://xcimg.szwego.com/img/65702085/20251207/i1765082652064_6805_0_1.jpg"", ""https://xcimg.szwego.com/img/65702085/20251207/i1765082655163_8299_0_2.jpg"", ""https://xcimg.szwego.com/img/65702085/20251207/i1765082655130_6834_0_3.jpg"", ""https://xcimg.szwego.com/img/65702085/20251207/i1765082655007_7025_0_5.jpg"", ""https://xcimg.szwego.com/img/65702085/20251207/i1765082652064_6337_0_6.jpg"", ""https://xcimg.szwego.com/img/65702085/20251207/i1765082655001_4370_0_7.jpg"", ""https://xcimg.szwego.com/img/65702085/20251207/i1765082652064_3335_0_8.jpg"", ""https://xcimg.szwego.com/img/65702085/20251207/i1765082652064_4643_0_9.jpg""]"
_dazrSFf9qXarsdDQuukBXnNkJ_2FSlsgc1u2vfA;;【顺丰包邮】【100%鹅绒填充】 PRADA 普拉达珐琅三角标拼接羽绒服 针织部分由精密针织机织造，纹理细腻且弹性持久，衣袖处“PRADA MILANO”标识通过压胶成型机加工，边缘平整度误差≤0.05mm，兼具标识性与耐用性。裁片环节运用3D智能裁剪系统，结合人体工学数据对领口、袖笼等拼接部位精准裁切，裁片误差≤±0.2mm，为羽绒与针织的拼接精度奠定基础。羽绒面料采用高密锦纶，经数控织机织造后，通过3D绗缝模板机完成绗缝，绗缝格规整且密度均匀，有效防止羽绒跑绒。充绒阶段启用PRADA定制分区充绒系统，填充物按预设克重精准填充至独立绗缝格仓，充绒舱保持恒温环境，每格蓬松度偏差≤30FP。缝制工艺中，电脑数控缝纫机以2.5mm针距完成羽绒与针织的拼接，针迹平整且牢固度经测试可承受5000次拉扯无开线；金属拉链由PRADA定制拉链成型机加工，拉链头镌刻品牌标识，经往复拉动测试10000次无卡顿；胸前三角标识通过高温搪胶成型机加工，再经数控铆钉机固定，铆钉拉力测试达25N无脱落。针织袖口经罗纹针织机织造，弹性与贴合度优异；整体版型经蒸汽定型设备塑形，确保穿着时的挺括形态。 ❗️颜色：黑色 ❗️标准尺码：48-56;0;;lrg3k8cd5bgw3jv;;Для мужчин;"[""https://xcimg.szwego.com/img/65702085/20251207/i1765071361711_5771_0_0.jpg"", ""https://xcimg.szwego.com/img/65702085/20251207/i1765071361611_5923_0_1.jpg"", ""https://xcimg.szwego.com/img/65702085/20251207/i1765071361688_4429_0_2.jpg"", ""https://xcimg.szwego.com/img/65702085/20251207/i1765071359324_5786_0_3.jpg"", ""https://xcimg.szwego.com/img/65702085/20251207/i1765071359324_5498_0_4.jpg"", ""https://xcimg.szwego.com/img/65702085/20251207/i1765071361486_3350_0_5.jpg"", ""https://xcimg.szwego.com/img/65702085/20251207/i1765071361604_2520_0_6.jpg"", ""https://xcimg.szwego.com/img/65702085/20251207/i1765071359324_2073_0_7.jpg"", ""https://xcimg.szwego.com/img/65702085/20251207/i1765071359324_3764_0_8.jpg""]"
_d-grSkM_8Qokdzq7xlzqjOwNvujn8_jKj2-UYzg;;【顺丰包邮】【100%鹅绒填充】 PRADA 普拉达三角标拼接羽绒服 针织部分采用精密针织机织造，纹理细腻且弹性持久，后背“PRADA”字母通过提花织机精准呈现，字母与针织面料的色牢度偏差≤1级，长期穿着不易褪色。裁片环节运用3D智能裁剪系统，结合人体工学数据对领口、袖笼等拼接部位进行精准裁切，裁片误差≤±0.2mm，为羽绒与针织的拼接精度奠定基础。羽绒面料采用高密锦纶，经数控织机织造后，通过3D绗缝模板机完成绗缝，绗缝格规整且密度均匀，有效防止羽绒跑绒。充绒阶段启用PRADA定制分区充绒系统，填充物按预设克重精准填充至独立绗缝格仓，充绒舱保持恒温环境，确保每格蓬松度偏差≤30FP。缝制工艺中，电脑数控缝纫机以2.5mm针距完成羽绒与针织的拼接，针迹平整且牢固度经测试可承受5000次拉扯无开线；金属拉链由PRADA定制拉链成型机加工，拉链头镌刻品牌标识，经往复拉动测试10000次无卡顿；胸前三角标识通过高温搪胶成型机加工，边缘平整度误差≤0.05mm，再经数控铆钉机固定，铆钉拉力测试达25N无脱落。针织袖口经罗纹针织机织造，弹性与贴合度优异；整体版型经蒸汽定型设备塑形，确保穿着时的挺括形态。 ❗️颜色：黑色 ❗️标准尺码：48-56;0;;lrg3k8cd5bgw3jv;;Для мужчин;"[""https://xcimg.szwego.com/img/65702085/20251207/i1765070234267_9340_0_0.jpg"", ""https://xcimg.szwego.com/img/65702085/20251207/i1765070234242_4660_0_1.jpg"", ""https://xcimg.szwego.com/img/65702085/20251207/i1765070234166_8284_0_2.jpg"", ""https://xcimg.szwego.com/img/65702085/20251207/i1765070234101_9565_0_3.jpg"", ""https://xcimg.szwego.com/img/65702085/20251207/i1765070232590_3137_0_4.jpg"", ""https://xcimg.szwego.com/img/65702085/20251207/i1765070232521_9461_0_5.jpg"", ""https://xcimg.szwego.com/img/65702085/20251207/i1765070232586_7820_0_6.jpg"", ""https://xcimg.szwego.com/img/65702085/20251207/i1765070232647_2931_0_7.jpg"", ""https://xcimg.szwego.com/img/65702085/20251207/i1765070232444_3523_0_8.jpg""]"
_dxhrSburI4Dj7QKSMGJviipmmB5j8uhjq5jTMmQ;;【顺丰包邮】【100%鹅绒填充】 PRADA 普拉达三角标拼接羽绒服 针织部分采用精密针织机织造，纹理细腻且弹性持久，后背“PRADA”字母通过提花织机精准呈现，字母与针织面料的色牢度偏差≤1级，长期穿着不易褪色。裁片环节运用3D智能裁剪系统，结合人体工学数据对领口、袖笼等拼接部位进行精准裁切，裁片误差≤±0.2mm，为羽绒与针织的拼接精度奠定基础。羽绒面料采用高密锦纶，经数控织机织造后，通过3D绗缝模板机完成绗缝，绗缝格规整且密度均匀，有效防止羽绒跑绒。充绒阶段启用PRADA定制分区充绒系统，填充物按预设克重精准填充至独立绗缝格仓，充绒舱保持恒温环境，确保每格蓬松度偏差≤30FP。缝制工艺中，电脑数控缝纫机以2.5mm针距完成羽绒与针织的拼接，针迹平整且牢固度经测试可承受5000次拉扯无开线；金属拉链由PRADA定制拉链成型机加工，拉链头镌刻品牌标识，经往复拉动测试10000次无卡顿；胸前三角标识通过高温搪胶成型机加工，边缘平整度误差≤0.05mm，再经数控铆钉机固定，铆钉拉力测试达25N无脱落。针织袖口经罗纹针织机织造，弹性与贴合度优异；整体版型经蒸汽定型设备塑形，确保穿着时的挺括形态。 ❗️颜色：白色 ❗️标准尺码：48-56;0;;lrg3k8cd5bgw3jv;;Для мужчин;"[""https://xcimg.szwego.com/img/65702085/20251207/i1765070492813_6235_0_0.jpg"", ""https://xcimg.szwego.com/img/65702085/20251207/i1765070492824_4689_0_1.jpg"", ""https://xcimg.szwego.com/img/65702085/20251207/i1765070492829_8809_0_2.jpg"", ""https://xcimg.szwego.com/img/65702085/20251207/i1765070490760_2912_0_3.jpg"", ""https://xcimg.szwego.com/img/65702085/20251207/i1765070490948_3077_0_4.jpg"", ""https://xcimg.szwego.com/img/65702085/20251207/i1765070492806_3715_0_5.jpg"", ""https://xcimg.szwego.com/img/65702085/20251207/i1765070490978_1085_0_6.jpg"", ""https://xcimg.szwego.com/img/65702085/20251207/i1765070490822_2332_0_8.jpg"", ""https://xcimg.szwego.com/img/65702085/20251207/i1765070490906_5972_0_9.jpg""]"
_dfcrSs0_0r8xzUl2HMQdr8STV3VhQ3xDXApmefg;;【顺丰包邮】【100%鹅绒填充】 BURBERRY 巴宝莉连帽羽绒服 面料采用100%高密锦纶，经数控光泽织机织造，呈现出高级的亮面质感，色牢度经测试偏差≤1级，确保长期穿着不易褪色。裁片环节运用3D智能裁剪系统，结合人体工学数据对帽檐、衣身拼接处进行精准裁切，裁片误差控制在±0.2mm内，为整体版型的挺括度与合体性奠定基础。充绒阶段启用BURBERRY定制分区充绒系统，按预设克重精准填充至独立绗缝格仓；充绒舱保持恒温环境，气流压力传感器实时调节充绒强度，使每格蓬松度偏差≤30FP，同时通过内窥检测仪逐格排查，杜绝绒朵结块问题。缝制工艺中，电脑多针绗缝机以2.5mm针距完成主体绗缝，线迹均匀且密度达标，有效防止羽绒跑绒；充绒口通过双针锁边机密缝处理，边缘牢固度经测试可承受6000次拉扯无开线。细节装饰方面，金属拉链由BURBERRY定制拉链成型机加工，拉链头镌刻品牌标识，经往复拉动测试10000次无卡顿；袖口金属纽扣经数控冲压机塑形，表面品牌花纹清晰度误差≤0.1mm；袖臂“BURBERRY LONDON ENGLAND”标识通过高温搪胶成型机加工，边缘平整度误差≤0.05mm，兼具标识性与耐用性。连帽结构经蒸汽定型设备在125℃高温下定型，内置弹力衬片，经弯折疲劳测试6000次后仍保持立挺形态；下摆抽绳系统由数控绳扣压制机加工，绳扣开合次数测试达8000次无松动。 ❗️颜色：棕色 ❗️标准尺码：48-56;0;;lrg3k8cd5bgw3jv;;Для мужчин;"[""https://xcimg.szwego.com/img/65702085/20251207/i1765069607097_4223_0_0.jpg"", ""https://xcimg.szwego.com/img/65702085/20251207/i1765069607054_6870_0_1.jpg"", ""https://xcimg.szwego.com/img/65702085/20251207/i1765069605589_5228_0_2.jpg"", ""https://xcimg.szwego.com/img/65702085/20251207/i1765069607043_992_0_3.jpg"", ""https://xcimg.szwego.com/img/65702085/20251207/i1765069606972_7478_0_4.jpg"", ""https://xcimg.szwego.com/img/65702085/20251207/i1765069605447_8758_0_6.jpg"", ""https://xcimg.szwego.com/img/65702085/20251207/i1765069605602_9773_0_7.jpg"", ""https://xcimg.szwego.com/img/65702085/20251207/i1765069605604_6625_0_8.jpg"", ""https://xcimg.szwego.com/img/65702085/20251207/i1765069607071_4765_0_9.jpg""]"
_ds_rSRV7Ht-3-vE0I3XBGJ_BtGoCyz_3eFpVrsQ;;【顺丰包邮】【100%鹅绒填充】 BURBERRY 巴宝莉连帽羽绒服 面料采用100%高密锦纶，经数控光泽织机织造，呈现出高级的亮面质感，色牢度经测试偏差≤1级，确保长期穿着不易褪色。裁片环节运用3D智能裁剪系统，结合人体工学数据对帽檐、衣身拼接处进行精准裁切，裁片误差控制在±0.2mm内，为整体版型的挺括度与合体性奠定基础。充绒阶段启用BURBERRY定制分区充绒系统，按预设克重精准填充至独立绗缝格仓；充绒舱保持恒温环境，气流压力传感器实时调节充绒强度，使每格蓬松度偏差≤30FP，同时通过内窥检测仪逐格排查，杜绝绒朵结块问题。缝制工艺中，电脑多针绗缝机以2.5mm针距完成主体绗缝，线迹均匀且密度达标，有效防止羽绒跑绒；充绒口通过双针锁边机密缝处理，边缘牢固度经测试可承受6000次拉扯无开线。细节装饰方面，金属拉链由BURBERRY定制拉链成型机加工，拉链头镌刻品牌标识，经往复拉动测试10000次无卡顿；袖口金属纽扣经数控冲压机塑形，表面品牌花纹清晰度误差≤0.1mm；袖臂“BURBERRY LONDON ENGLAND”标识通过高温搪胶成型机加工，边缘平整度误差≤0.05mm，兼具标识性与耐用性。连帽结构经蒸汽定型设备在125℃高温下定型，内置弹力衬片，经弯折疲劳测试6000次后仍保持立挺形态；下摆抽绳系统由数控绳扣压制机加工，绳扣开合次数测试达8000次无松动。 ❗️颜色：黑色 ❗️标准尺码：48-56;0;;lrg3k8cd5bgw3jv;;Для мужчин;"[""https://xcimg.szwego.com/img/65702085/20251207/i1765069435314_84_0_0.jpg"", ""https://xcimg.szwego.com/img/65702085/20251207/i1765069437784_9622_0_1.jpg"", ""https://xcimg.szwego.com/img/65702085/20251207/i1765069435351_941_0_2.jpg"", ""https://xcimg.szwego.com/img/65702085/20251207/i1765069437663_6216_0_3.jpg"", ""https://xcimg.szwego.com/img/65702085/20251207/i1765069437679_660_0_4.jpg"", ""https://xcimg.szwego.com/img/65702085/20251207/i1765069435345_1715_0_5.jpg"", ""https://xcimg.szwego.com/img/65702085/20251207/i1765069435391_1561_0_6.jpg"", ""https://xcimg.szwego.com/img/65702085/20251207/i1765069437814_4325_0_7.jpg"", ""https://xcimg.szwego.com/img/65702085/20251207/i1765069435252_9574_0_8.jpg""]"
_dtlrSjoyh2_PjihrPgaJBkfCRT3OPOeS2EG4dwA;;【顺丰包邮】【100%鹅绒填充】 GUCCI 古驰拼接羽绒服 采用意大利专业充绒设备精准分配克重，每格羽绒蓬松度均匀；外层羽绒面料与针织袖的拼接，由意大利数控缝纫机组按照预设程序缝制，针距误差控制在±0.05mm内，保障拼接处平整牢固。裁片环节运用3D智能建模裁剪系统，结合人体工学数据对领口、袖笼等关键部位进行精准裁切，裁片误差≤±0.2mm，为整体版型的挺括度奠定基础。缝制工艺中，电脑数控绗缝机以2.8mm针距完成羽绒部分的绗缝，线迹规整且密度均匀，有效防止羽绒跑绒；针织袖与羽绒面料的拼接处采用双针锁边机密缝处理，边缘牢固度经测试可承受5000次拉扯无开线。细节装饰方面，金属拉链由GUCCI定制拉链成型机加工，拉链头镌刻品牌标识，经往复拉动测试10000次无卡顿；袖口针织罗纹由精密针织机织造，纹理细腻且弹性持久；口袋金属纽扣经数控冲压机塑形，表面花纹清晰度误差≤0.1mm，兼具装饰性与实用性。连帽结构经蒸汽定型设备在120℃高温下定型，内置弹力衬片，经弯折疲劳测试5000次后仍保持立挺形态；下摆抽绳系统由数控绳扣压制机加工，绳扣开合次数测试达8000次无松动。 ❗️颜色：藏蓝 ❗️标准尺码：;0;;lrg3k8cd5bgw3jv;;Для мужчин;"[""https://xcimg.szwego.com/img/65702085/20251207/i1765068740476_1425_0_0.jpg"", ""https://xcimg.szwego.com/img/65702085/20251207/i1765068738886_6494_0_1.jpg"", ""https://xcimg.szwego.com/img/65702085/20251207/i1765068738919_369_0_2.jpg"", ""https://xcimg.szwego.com/img/65702085/20251207/i1765068740315_2431_0_3.jpg"", ""https://xcimg.szwego.com/img/65702085/20251207/i1765068738895_1349_0_4.jpg"", ""https://xcimg.szwego.com/img/65702085/20251207/i1765068740547_6605_0_5.jpg"", ""https://xcimg.szwego.com/img/65702085/20251207/i1765068738811_7606_0_6.jpg"", ""https://xcimg.szwego.com/img/65702085/20251207/i1765068738802_6530_0_7.jpg"", ""https://xcimg.szwego.com/img/65702085/20251207/i1765068740443_227_0_8.jpg""]"
_dubrSolXZ8Hi83Md0-O09aKsCboYt18ENwp1atA;;【顺丰包邮】【100%鹅绒填充】 GUCCI 古驰拼接羽绒服 采用意大利专业充绒设备精准分配克重，每格羽绒蓬松度均匀；外层羽绒面料与针织袖的拼接，由意大利数控缝纫机组按照预设程序缝制，针距误差控制在±0.05mm内，保障拼接处平整牢固。裁片环节运用3D智能建模裁剪系统，结合人体工学数据对领口、袖笼等关键部位进行精准裁切，裁片误差≤±0.2mm，为整体版型的挺括度奠定基础。缝制工艺中，电脑数控绗缝机以2.8mm针距完成羽绒部分的绗缝，线迹规整且密度均匀，有效防止羽绒跑绒；针织袖与羽绒面料的拼接处采用双针锁边机密缝处理，边缘牢固度经测试可承受5000次拉扯无开线。细节装饰方面，金属拉链由GUCCI定制拉链成型机加工，拉链头镌刻品牌标识，经往复拉动测试10000次无卡顿；袖口针织罗纹由精密针织机织造，纹理细腻且弹性持久；口袋金属纽扣经数控冲压机塑形，表面花纹清晰度误差≤0.1mm，兼具装饰性与实用性。连帽结构经蒸汽定型设备在120℃高温下定型，内置弹力衬片，经弯折疲劳测试5000次后仍保持立挺形态；下摆抽绳系统由数控绳扣压制机加工，绳扣开合次数测试达8000次无松动。 ❗️颜色：黑色 ❗️标准尺码：46-52;0;;lrg3k8cd5bgw3jv;;Для мужчин;"[""https://xcimg.szwego.com/img/65702085/20251207/i1765068512219_116_0_0.jpg"", ""https://xcimg.szwego.com/img/65702085/20251207/i1765068507606_1662_0_1.jpg"", ""https://xcimg.szwego.com/img/65702085/20251207/i1765068507605_2639_0_2.jpg"", ""https://xcimg.szwego.com/img/65702085/20251207/i1765068512185_4328_0_3.jpg"", ""https://xcimg.szwego.com/img/65702085/20251207/i1765068507605_6493_0_4.jpg"", ""https://xcimg.szwego.com/img/65702085/20251207/i1765068507606_9824_0_5.jpg"", ""https://xcimg.szwego.com/img/65702085/20251207/i1765068512158_4353_0_6.jpg"", ""https://xcimg.szwego.com/img/65702085/20251207/i1765068507605_2049_0_7.jpg"", ""https://xcimg.szwego.com/img/65702085/20251207/i1765068512243_4474_0_8.jpg""]"
_dkFrSzRfo5IhzhxyoaBHc0CyrhpA2D8xk0NlS0Q;;【顺丰包邮】【100%鹅绒填充】 MONCLER 亮面连帽羽绒服 面料采用高密光泽锦纶，经数控镜面织机完成织造，具有优异的防水与光泽感，色牢度偏差≤1级；裁片环节通过3D智能裁剪机配合连帽版型的人体工学数据，将帽檐、肩缝等拼接部位的裁片误差控制在±0.15mm内，为精密缝合提供基础。充绒舱保持恒温环境，气流压力传感器实时调节充绒强度，使每格蓬松度偏差≤35FP，同时通过高清内窥检测排除内部绒朵结块风险。缝制工艺中，电脑多针绗缝机以精密针距完成主体绗缝，双针锁边机对充绒口进行密缝处理；金属拉链与纽扣采用数控成型机加工，拉链开合与纽扣耐用性经疲劳测试达万次以上无故障；胸前品牌标识通过高精度刺绣机完成，针迹细腻，边缘平整度误差≤0.05mm。连帽结构经蒸汽定型机高温塑形，内置支撑结构，通过弯折疲劳测试仪验证7000次弯折后仍保持挺括形态；袖口的收束工艺采用数控压边机完成，细节处彰显奢品工艺标准。整体遵循MONCLER专业户外与奢品结合的工艺体系，从面料到成衣的每一道工序均通过严格设备测试，是功能性与奢华感兼具的工艺典范。 ❗️颜色：蓝色 ❗️标准尺码：46-52;0;;lrg3k8cd5bgw3jv;;Для мужчин;"[""https://xcimg.szwego.com/img/65702085/20251206/i1765007785537_7206_0_8.jpg"", ""https://xcimg.szwego.com/img/65702085/20251206/i1764992909930_1598_0_1.jpg"", ""https://xcimg.szwego.com/img/65702085/20251206/i1764992905525_1571_0_2.jpg"", ""https://xcimg.szwego.com/img/65702085/20251206/i1764992905681_9331_0_8.jpg"", ""https://xcimg.szwego.com/img/65702085/20251206/i1764992909939_7955_0_4.jpg"", ""https://xcimg.szwego.com/img/65702085/20251206/i1764992909811_5449_0_5.jpg"", ""https://xcimg.szwego.com/img/65702085/20251206/i1764992905635_8355_0_6.jpg"", ""https://xcimg.szwego.com/img/65702085/20251206/i1764992905603_9208_0_9.jpg"", ""https://xcimg.szwego.com/img/65702085/20251206/i1764992905678_6587_0_10.jpg""]"
_dbgrSgezrq1HPcivt3yKfFzZHzojkZUZQFq6uGg;;【顺丰包邮】【100%鹅绒填充】 MONCLER 亮面连帽羽绒服 面料采用高密光泽锦纶，经数控镜面织机完成织造，具有优异的防水与光泽感，色牢度偏差≤1级；裁片环节通过3D智能裁剪机配合连帽版型的人体工学数据，将帽檐、肩缝等拼接部位的裁片误差控制在±0.15mm内，为精密缝合提供基础。充绒舱保持恒温环境，气流压力传感器实时调节充绒强度，使每格蓬松度偏差≤35FP，同时通过高清内窥检测排除内部绒朵结块风险。缝制工艺中，电脑多针绗缝机以精密针距完成主体绗缝，双针锁边机对充绒口进行密缝处理；金属拉链与纽扣采用数控成型机加工，拉链开合与纽扣耐用性经疲劳测试达万次以上无故障；胸前品牌标识通过高精度刺绣机完成，针迹细腻，边缘平整度误差≤0.05mm。连帽结构经蒸汽定型机高温塑形，内置支撑结构，通过弯折疲劳测试仪验证7000次弯折后仍保持挺括形态；袖口的收束工艺采用数控压边机完成，细节处彰显奢品工艺标准。整体遵循MONCLER专业户外与奢品结合的工艺体系，从面料到成衣的每一道工序均通过严格设备测试，是功能性与奢华感兼具的工艺典范。 ❗️颜色：黑色 ❗️标准尺码：46-52;0;;lrg3k8cd5bgw3jv;;Для мужчин;"[""https://xcimg.szwego.com/img/65702085/20251206/i1765007761294_5317_0_8.jpg"", ""https://xcimg.szwego.com/img/65702085/20251206/i1764992578276_7181_0_1.jpg"", ""https://xcimg.szwego.com/img/65702085/20251206/i1764992580635_4298_0_2.jpg"", ""https://xcimg.szwego.com/img/65702085/20251206/i1764992578276_1137_0_3.jpg"", ""https://xcimg.szwego.com/img/65702085/20251206/i1764992578276_3715_0_4.jpg"", ""https://xcimg.szwego.com/img/65702085/20251206/i1764992578276_4938_0_5.jpg"", ""https://xcimg.szwego.com/img/65702085/20251206/i1764992578276_9213_0_6.jpg"", ""https://xcimg.szwego.com/img/65702085/20251206/i1764992580631_4285_0_7.jpg"", ""https://xcimg.szwego.com/img/65702085/20251206/i1764992580569_9924_0_8.jpg""]"
_dwTrS1SHdUDp8Ij-NNZsm9ECVD23v3-wEVoV5Dg;;【顺丰包邮】【100%鹅绒填充】 MONCLER 针织袖拼接羽绒服 面料采用高密光泽100%锦纶，经数控镜面织机完成织造，具有优异的防水性与光泽感，色牢度偏差≤1级；裁片环节通过3D智能裁剪机配合版型人体工学数据，将针织袖与羽绒主体拼接部位的裁片误差控制在±0.15mm内，为精密缝合提供基础。充绒舱保持恒温环境，气流压力传感器实时调节充绒强度，使每格蓬松度偏差≤35FP，同时通过高清内窥检测排除内部绒朵结块风险。缝制工艺中，电脑多针绗缝机以精密针距完成主体绗缝，双针锁边机对充绒口进行密缝处理；金属拉链与针织袖细节采用数控成型机加工，拉链开合与针织袖耐用性经疲劳测试达万次以上无故障；袖臂品牌标识通过高精度刺绣机完成，针迹细腻，边缘平整度误差≤0.05mm。整体结构经蒸汽定型机高温塑形，确保版型挺括，通过弯折疲劳测试仪验证7000次弯折后仍保持形态。遵循MONCLER专业户外奢品工艺体系，从面料织造到成衣质检，每一道工序均通过严格设备测试，是功能性与设计感兼具的工艺典范之作。 ❗️颜色：黑色 ❗️标准尺码：48-56;0;;lrg3k8cd5bgw3jv;;Для мужчин;"[""https://xcimg.szwego.com/img/65702085/20251206/i1764993923309_2196_0_0.jpg"", ""https://xcimg.szwego.com/img/65702085/20251206/i1764993920853_1596_0_1.jpg"", ""https://xcimg.szwego.com/img/65702085/20251206/i1764993923209_818_0_2.jpg"", ""https://xcimg.szwego.com/img/65702085/20251206/i1764993920844_8229_0_3.jpg"", ""https://xcimg.szwego.com/img/65702085/20251206/i1764993923332_183_0_4.jpg"", ""https://xcimg.szwego.com/img/65702085/20251206/i1764993923300_7408_0_5.jpg"", ""https://xcimg.szwego.com/img/65702085/20251206/i1764993920750_9280_0_6.jpg"", ""https://xcimg.szwego.com/img/65702085/20251206/i1764993920824_4359_0_7.jpg"", ""https://xcimg.szwego.com/img/65702085/20251206/i1764993920702_2288_0_8.jpg""]"
_dwZrSNNCwtOv0XC9PXC5qrW3vlcIoFEQlPLpZkw;;【顺丰包邮】【100%鹅绒填充】 MONCLER 针织袖拼接羽绒服 面料采用高密光泽100%锦纶，经数控镜面织机完成织造，具有优异的防水性与光泽感，色牢度偏差≤1级；裁片环节通过3D智能裁剪机配合版型人体工学数据，将针织袖与羽绒主体拼接部位的裁片误差控制在±0.15mm内，为精密缝合提供基础。充绒舱保持恒温环境，气流压力传感器实时调节充绒强度，使每格蓬松度偏差≤35FP，同时通过高清内窥检测排除内部绒朵结块风险。缝制工艺中，电脑多针绗缝机以精密针距完成主体绗缝，双针锁边机对充绒口进行密缝处理；金属拉链与针织袖细节采用数控成型机加工，拉链开合与针织袖耐用性经疲劳测试达万次以上无故障；袖臂品牌标识通过高精度刺绣机完成，针迹细腻，边缘平整度误差≤0.05mm。整体结构经蒸汽定型机高温塑形，确保版型挺括，通过弯折疲劳测试仪验证7000次弯折后仍保持形态。遵循MONCLER专业户外奢品工艺体系，从面料织造到成衣质检，每一道工序均通过严格设备测试，是功能性与设计感兼具的工艺典范之作。 ❗️颜色：藏蓝 ❗️标准尺码：48-56;0;;lrg3k8cd5bgw3jv;;Для мужчин;"[""https://xcimg.szwego.com/img/65702085/20251206/i1764993674537_68_0_0.jpg"", ""https://xcimg.szwego.com/img/65702085/20251206/i1764993674438_5991_0_1.jpg"", ""https://xcimg.szwego.com/img/65702085/20251206/i1764993674351_2550_0_2.jpg"", ""https://xcimg.szwego.com/img/65702085/20251206/i1764993676128_3476_0_3.jpg"", ""https://xcimg.szwego.com/img/65702085/20251206/i1764993676191_6356_0_4.jpg"", ""https://xcimg.szwego.com/img/65702085/20251206/i1764993676162_3552_0_5.jpg"", ""https://xcimg.szwego.com/img/65702085/20251206/i1764993674508_1558_0_6.jpg"", ""https://xcimg.szwego.com/img/65702085/20251206/i1764993674505_8966_0_7.jpg"", ""https://xcimg.szwego.com/img/65702085/20251206/i1764993676121_3165_0_8.jpg""]"
_dpPrSUiZfu1tdK3EUnwkFgAqnpZW2CzwGIVirrQ;;【顺丰包邮】MONCLER 蒙口长款收腰连帽羽绒服 面料与里料均采用高密哑光100%锦纶，经数控织机完成单色质感织造，白色面料的色牢度偏差≤1级；裁片环节通过3D智能裁剪机配合长款收腰版型的人体工学数据，将帽檐、腰缝等拼接部位的裁片误差控制在±0.15mm内，为收腰结构的精密缝合提供基础。充绒阶段启用MONCLER定制分区充绒系统，充绒舱保持22℃恒温环境，气流压力传感器实时调节充绒强度，使每格蓬松度偏差≤35FP，同时通过高清内窥检测排除内部绒朵结块风险。缝制工艺中，电脑多针绗缝机以2.6mm针距完成主体绗缝，双针锁边机对充绒口进行密缝处理；毛绒领的连接结构采用精密金属按扣成型机加工，按扣开合次数经疲劳测试达10000次无松动；腰带的金属扣具通过精密压铸机加工，扣具边缘平整度误差≤0.05mm，兼顾耐用性与标识性。连帽结构经蒸汽定型机在135℃高温下塑形，内置支撑纤维衬片，通过弯折疲劳测试仪验证7000次弯折后仍保持挺括形态；下摆的收腰系统由数控扣具压制机加工，扣具开合次数经测试达10000次无松动；袖口的包边工艺采用双针滚边机完成，线迹平整度经视觉检测达A级标准。 ❗️颜色：黑色 ❗️标准尺码：;0;;lrg3k8cd5bgw3jv;;Для мужчин;"[""https://xcimg.szwego.com/img/65702085/20251203/i1764724841748_5030_0_0.jpg"", ""https://xcimg.szwego.com/img/65702085/20251203/i1764724834238_5692_0_1.jpg"", ""https://xcimg.szwego.com/img/65702085/20251203/i1764724834237_5821_0_2.jpg"", ""https://xcimg.szwego.com/img/65702085/20251203/i1764724834238_651_0_3.jpg"", ""https://xcimg.szwego.com/img/65702085/20251203/i1764724834238_2859_0_4.jpg"", ""https://xcimg.szwego.com/img/65702085/20251203/i1764724834238_5287_0_5.jpg"", ""https://xcimg.szwego.com/img/65702085/20251203/i1764724837883_8737_0_6.jpg"", ""https://xcimg.szwego.com/img/65702085/20251203/i1764724838036_5860_0_7.jpg"", ""https://xcimg.szwego.com/img/65702085/20251203/i1764724838009_5347_0_8.jpg""]"
_dN5rS1orZDyT6dLddIA7ms5q-pHpfkEntdUYpqg;;【顺丰包邮】MONCLER 蒙口长款收腰连帽羽绒服 面料与里料均采用高密哑光100%锦纶，经数控织机完成单色质感织造，白色面料的色牢度偏差≤1级；裁片环节通过3D智能裁剪机配合长款收腰版型的人体工学数据，将帽檐、腰缝等拼接部位的裁片误差控制在±0.15mm内，为收腰结构的精密缝合提供基础。充绒阶段启用MONCLER定制分区充绒系统，充绒舱保持22℃恒温环境，气流压力传感器实时调节充绒强度，使每格蓬松度偏差≤35FP，同时通过高清内窥检测排除内部绒朵结块风险。缝制工艺中，电脑多针绗缝机以2.6mm针距完成主体绗缝，双针锁边机对充绒口进行密缝处理；毛绒领的连接结构采用精密金属按扣成型机加工，按扣开合次数经疲劳测试达10000次无松动；腰带的金属扣具通过精密压铸机加工，扣具边缘平整度误差≤0.05mm，兼顾耐用性与标识性。连帽结构经蒸汽定型机在135℃高温下塑形，内置支撑纤维衬片，通过弯折疲劳测试仪验证7000次弯折后仍保持挺括形态；下摆的收腰系统由数控扣具压制机加工，扣具开合次数经测试达10000次无松动；袖口的包边工艺采用双针滚边机完成，线迹平整度经视觉检测达A级标准。 ❗️颜色：白色 ❗️标准尺码：;0;;lrg3k8cd5bgw3jv;;Для мужчин;"[""https://xcimg.szwego.com/img/65702085/20251130/i1764470402789_5566_0_0.jpg"", ""https://xcimg.szwego.com/img/65702085/20251130/i1764470400220_8054_0_1.jpg"", ""https://xcimg.szwego.com/img/65702085/20251130/i1764470400220_1293_0_2.jpg"", ""https://xcimg.szwego.com/img/65702085/20251130/i1764470402813_4910_0_3.jpg"", ""https://xcimg.szwego.com/img/65702085/20251130/i1764470402819_1863_0_5.jpg"", ""https://xcimg.szwego.com/img/65702085/20251130/i1764470402839_4620_0_6.jpg"", ""https://xcimg.szwego.com/img/65702085/20251130/i1764470400220_6706_0_7.jpg"", ""https://xcimg.szwego.com/img/65702085/20251130/i1764470400220_1139_0_8.jpg"", ""https://xcimg.szwego.com/img/65702085/20251130/i1764470407297_602_0_9.jpg""]"
_dtlrSjoyh2_PjiRnIgalHl_CTSnOOOeS2EmAaxg;;【顺丰包邮】PRADA 普拉达连帽长款羽绒服 面料采用55%棉+45%再生锦纶混纺材质，经数控混纺织机完成白色哑光质感织造，面料色牢度偏差≤1级；裁片环节通过3D智能裁剪机配合连帽长款版型的人体工学数据，将帽檐、口袋、肩缝等拼接部位的裁片误差控制在±0.15mm内，为多结构部件的精密缝合提供基础。充绒阶段启用PRADA定制分区充绒系统。充绒舱保持22℃恒温环境，气流压力传感器实时调节充绒强度，使每格蓬松度偏差≤35FP，同时通过高清内窥检测排除内部绒朵结块风险。缝制工艺中，电脑多针绗缝机以2.6mm针距完成主体绗缝；金属按扣经精密金属成型机加工，开合疲劳测试达10000次无松动；拉链部位启用精密拉链缝合机，线迹误差≤0.1mm，拉链头经激光刻字机完成品牌标识雕刻，精度偏差≤0.02mm；胸前三角标识通过数控绗缝机以锁边线迹成型，边缘平整度误差≤0.05mm；下摆抽绳系统由数控绳扣压制机加工，绳扣开合次数经测试达10000次无松动；衣身包边工艺采用双针滚边机完成，线迹平整度经视觉检测达A级标准。 ❗️颜色：白色 ❗️标准尺码：;0;;lrg3k8cd5bgw3jv;;Для мужчин;"[""https://xcimg.szwego.com/img/65702085/20251130/i1764444824350_1997_0_0.jpg"", ""https://xcimg.szwego.com/img/65702085/20251130/i1764444824416_2320_0_1.jpg"", ""https://xcimg.szwego.com/img/65702085/20251130/i1764444826001_6235_0_2.jpg"", ""https://xcimg.szwego.com/img/65702085/20251130/i1764444824237_1209_0_3.jpg"", ""https://xcimg.szwego.com/img/65702085/20251130/i1764444826032_5839_0_4.jpg"", ""https://xcimg.szwego.com/img/65702085/20251130/i1764444825933_2056_0_5.jpg"", ""https://xcimg.szwego.com/img/65702085/20251130/i1764444824313_3992_0_6.jpg"", ""https://xcimg.szwego.com/img/65702085/20251130/i1764444824275_8003_0_7.jpg"", ""https://xcimg.szwego.com/img/65702085/20251130/i1764444825969_2868_0_8.jpg""]"
_dmwrSYPCVgd8Pu6gRkpVaCc57AOKQW55105ubtA;;【顺丰包邮】PRADA 普拉达连帽长款羽绒服 面料采用55%棉+45%再生锦纶混纺材质，经数控混纺织机完成白色哑光质感织造，面料色牢度偏差≤1级；裁片环节通过3D智能裁剪机配合连帽长款版型的人体工学数据，将帽檐、口袋、肩缝等拼接部位的裁片误差控制在±0.15mm内，为多结构部件的精密缝合提供基础。充绒阶段启用PRADA定制分区充绒系统，充绒舱保持22℃恒温环境，气流压力传感器实时调节充绒强度，使每格蓬松度偏差≤35FP，同时通过高清内窥检测排除内部绒朵结块风险。缝制工艺中，电脑多针绗缝机以2.6mm针距完成主体绗缝；金属按扣经精密金属成型机加工，开合疲劳测试达10000次无松动；拉链部位启用精密拉链缝合机，线迹误差≤0.1mm，拉链头经激光刻字机完成品牌标识雕刻，精度偏差≤0.02mm；胸前三角标识通过数控绗缝机以锁边线迹成型，边缘平整度误差≤0.05mm；下摆抽绳系统由数控绳扣压制机加工，绳扣开合次数经测试达10000次无松动；衣身包边工艺采用双针滚边机完成，线迹平整度经视觉检测达A级标准。 ❗️颜色：藏蓝 ❗️标准尺码：;0;;lrg3k8cd5bgw3jv;;Для мужчин;"[""https://xcimg.szwego.com/img/65702085/20251130/i1764445179865_3334_0_0.jpg"", ""https://xcimg.szwego.com/img/65702085/20251130/i1764445182920_6967_0_1.jpg"", ""https://xcimg.szwego.com/img/65702085/20251130/i1764445179724_4019_0_2.jpg"", ""https://xcimg.szwego.com/img/65702085/20251130/i1764445179836_4710_0_3.jpg"", ""https://xcimg.szwego.com/img/65702085/20251130/i1764445179654_6666_0_4.jpg"", ""https://xcimg.szwego.com/img/65702085/20251130/i1764445179686_8590_0_5.jpg"", ""https://xcimg.szwego.com/img/65702085/20251130/i1764445182871_5736_0_6.jpg"", ""https://xcimg.szwego.com/img/65702085/20251130/i1764445182874_2152_0_7.jpg"", ""https://xcimg.szwego.com/img/65702085/20251130/i1764445182871_205_0_8.jpg""]"
_daGrSnDLypDas5X82UzKXduWoihb8F7-s-3lCjA;;【顺丰包邮】PRADA 普拉达连帽收腰羽绒服 面料与里料均采用高密质感100%锦纶，经数控镜面织机完成黑色精密织造，面料色牢度偏差≤1级；裁片环节通过3D智能裁剪机配合连帽收腰版型的人体工学数据，将帽檐、腰缝、肩缝等拼接部位的裁片误差控制在±0.15mm内，为收腰结构的精密缝合提供基础。充绒阶段启用PRADA定制分区充绒系统，充绒舱保持22℃恒温环境，气流压力传感器实时调节充绒强度，使每格蓬松度偏差≤35FP，同时通过高清内窥检测排除内部绒朵结块风险。缝制工艺中，电脑多针绗缝机以2.6mm针距完成主体绗缝；收腰皮质腰带的金属扣具经精密金属成型机加工，开合疲劳测试达10000次无松动；拉链部位启用精密拉链缝合机，线迹误差≤0.1mm；连帽结构经蒸汽定型机在135℃高温下塑形，内置记忆纤维衬片，通过弯折疲劳测试仪验证7000次弯折后仍保持挺括形态；衣身包边工艺采用双针滚边机完成，线迹平整度经视觉检测达A级标准。 ❗️颜色：黑色 ❗️标准尺码：;0;;lrg3k8cd5bgw3jv;;Для мужчин;"[""https://xcimg.szwego.com/img/65702085/20251130/i1764444218094_9821_0_0.jpg"", ""https://xcimg.szwego.com/img/65702085/20251130/i1764444218041_8154_0_1.jpg"", ""https://xcimg.szwego.com/img/65702085/20251130/i1764444218025_3839_0_2.jpg"", ""https://xcimg.szwego.com/img/65702085/20251130/i1764444227982_9623_0_4.jpg"", ""https://xcimg.szwego.com/img/65702085/20251130/i1764444227959_1845_0_5.jpg"", ""https://xcimg.szwego.com/img/65702085/20251130/i1764444217961_9438_0_6.jpg"", ""https://xcimg.szwego.com/img/65702085/20251130/i1764444228040_8634_0_7.jpg"", ""https://xcimg.szwego.com/img/65702085/20251130/i1764444228030_1305_0_8.jpg"", ""https://xcimg.szwego.com/img/65702085/20251130/i1764444228019_227_0_9.jpg""]"
_dwgrSjBFkijBmipdHQkqudkyaKMiyGOx_MKHgmA;;【顺丰包邮】PRADA 普拉达收腰羽绒服 面料与里料均采用高密质感100%锦纶，经数控镜面织机完成灰色精密织造，面料色牢度偏差≤1级；裁片环节通过3D智能裁剪机配合收腰版型的人体工学数据，将腰缝、肩缝等拼接部位的裁片误差控制在±0.15mm内，为收腰结构的精密缝合提供基础。充绒阶段启用PRADA定制分区充绒系统，充绒舱保持22℃恒温环境，气流压力传感器实时调节充绒强度，使每格蓬松度偏差≤35FP，同时通过高清内窥检测排除内部绒朵结块风险。缝制工艺中，电脑多针绗缝机以2.6mm针距完成主体绗缝；收腰抽褶结构采用电脑抽褶机加工，抽褶均匀度偏差≤0.5mm；胸前PRADA三角搪瓷标识经高温搪胶成型机加工，标识边缘平整度误差≤0.05mm，再经数控铆钉机固定，铆钉拉力测试达25N无脱落；拉链部位启用精密拉链缝合机，线迹误差≤0.1mm；配套皮质腰带的扣具经精密金属成型机加工，开合疲劳测试达10000次无松动；衣身包边工艺采用双针滚边机完成，线迹平整度经视觉检测达A级标准。 ❗️颜色：黑色 ❗️标准尺码：;0;;lrg3k8cd5bgw3jv;;Для мужчин;"[""https://xcimg.szwego.com/img/65702085/20251130/i1764443775696_393_0_0.jpg"", ""https://xcimg.szwego.com/img/65702085/20251130/i1764443777596_9856_0_8.jpg"", ""https://xcimg.szwego.com/img/65702085/20251130/i1764443775635_9843_0_1.jpg"", ""https://xcimg.szwego.com/img/65702085/20251130/i1764443777459_3085_0_2.jpg"", ""https://xcimg.szwego.com/img/65702085/20251130/i1764443775724_2670_0_3.jpg"", ""https://xcimg.szwego.com/img/65702085/20251130/i1764443775629_2583_0_4.jpg"", ""https://xcimg.szwego.com/img/65702085/20251130/i1764443775671_7004_0_5.jpg"", ""https://xcimg.szwego.com/img/65702085/20251130/i1764443777563_339_0_6.jpg"", ""https://xcimg.szwego.com/img/65702085/20251130/i1764443777580_3024_0_7.jpg""]"
_dpPrSUiZfu1tdKHIXnwMGgQ2vqJ62CzwGIVirrQ;;【顺丰包邮】PRADA 普拉达收腰羽绒服 面料与里料均采用高密质感100%锦纶，经数控镜面织机完成灰色精密织造，面料色牢度偏差≤1级；裁片环节通过3D智能裁剪机配合收腰版型的人体工学数据，将腰缝、肩缝等拼接部位的裁片误差控制在±0.15mm内，为收腰结构的精密缝合提供基础。充绒阶段启用PRADA定制分区充绒系统，充绒舱保持22℃恒温环境，气流压力传感器实时调节充绒强度，使每格蓬松度偏差≤35FP，同时通过高清内窥检测排除内部绒朵结块风险。缝制工艺中，电脑多针绗缝机以2.6mm针距完成主体绗缝；收腰抽褶结构采用电脑抽褶机加工，抽褶均匀度偏差≤0.5mm；胸前PRADA三角搪瓷标识经高温搪胶成型机加工，标识边缘平整度误差≤0.05mm，再经数控铆钉机固定，铆钉拉力测试达25N无脱落；拉链部位启用精密拉链缝合机，线迹误差≤0.1mm；配套皮质腰带的扣具经精密金属成型机加工，开合疲劳测试达10000次无松动；衣身包边工艺采用双针滚边机完成，线迹平整度经视觉检测达A级标准。 ❗️颜色：灰色 ❗️标准尺码：;0;;lrg3k8cd5bgw3jv;;Для мужчин;"[""https://xcimg.szwego.com/img/65702085/20251130/i1764443449615_5733_0_0.jpg"", ""https://xcimg.szwego.com/img/65702085/20251130/i1764443447841_5603_0_1.jpg"", ""https://xcimg.szwego.com/img/65702085/20251130/i1764443447789_3578_0_2.jpg"", ""https://xcimg.szwego.com/img/65702085/20251130/i1764443449531_3264_0_3.jpg"", ""https://xcimg.szwego.com/img/65702085/20251130/i1764443449505_1116_0_4.jpg"", ""https://xcimg.szwego.com/img/65702085/20251130/i1764443447675_8625_0_5.jpg"", ""https://xcimg.szwego.com/img/65702085/20251130/i1764443447581_337_0_6.jpg"", ""https://xcimg.szwego.com/img/65702085/20251130/i1764443447746_219_0_7.jpg"", ""https://xcimg.szwego.com/img/65702085/20251130/i1764443449551_9231_0_8.jpg""]"
_doArSkwup9VMnQtPM_QNMPFD3OqWAOmDOBtGNrw;;【顺丰包邮】LOEWE 罗意威米白毛领羽绒马甲 采用100%高密哑光聚酯纤维，经数控喷水织机完成素色质感织造，米白面料色牢度偏差≤1级。智能数控裁床配合无袖马甲版型人体工学数据，将领口、侧缝等拼接部位裁片误差控制在±0.2mm内，充绒舱保持20℃恒温环境，气流压力传感器实时调节充绒强度，每格蓬松度偏差≤40FP；同步通过高清内窥检测排除内部绒朵结块风险。重机JUKI AMS-210EN电脑绗缝机以2.8mm针距完成主体绗缝，线迹均匀无跳针。飞马PEGASUS 600包缝机密缝锁边，防钻绒性能达5级标准。数控皮革冲孔机加工多眼扣带，边缘平整度误差≤0.07mm。精密金属扣件成型机加工，开合疲劳测试9000次无松动，百灵达BROTHER PR1050X电脑绣花机完成LOEWE字样刺绣，针脚密度达120针/平方厘米。蒸汽定型机125℃高温塑形，衣身挺括度经6500次弯折测试无变形。RIRI定制金属拉链，配合数控拉链缝合机固定，拉力测试达30N无脱落。 ❗️颜色：黑色 ❗️标准尺码：;0;;lrg3k8cd5bgw3jv;;Для мужчин;"[""https://xcimg.szwego.com/img/65702085/20251130/i1764442250599_2408_0_0.jpg"", ""https://xcimg.szwego.com/img/65702085/20251130/i1764442250536_3340_0_1.jpg"", ""https://xcimg.szwego.com/img/65702085/20251130/i1764442252714_2554_0_2.jpg"", ""https://xcimg.szwego.com/img/65702085/20251130/i1764442252718_5148_0_3.jpg"", ""https://xcimg.szwego.com/img/65702085/20251130/i1764442250103_2767_0_4.jpg"", ""https://xcimg.szwego.com/img/65702085/20251130/i1764442250497_6649_0_5.jpg"", ""https://xcimg.szwego.com/img/65702085/20251130/i1764442250238_4071_0_6.jpg"", ""https://xcimg.szwego.com/img/65702085/20251130/i1764442252640_1354_0_7.jpg"", ""https://xcimg.szwego.com/img/65702085/20251130/i1764442252778_7647_0_8.jpg""]"
_dnVrS4S6-zUurEq7Fm893kQK0k8XNBRhFlFIrGQ;;【顺丰包邮】LOEWE 罗意威米白毛领羽绒马甲 采用100%高密哑光聚酯纤维，经数控喷水织机完成素色质感织造，米白面料色牢度偏差≤1级。智能数控裁床配合无袖马甲版型人体工学数据，将领口、侧缝等拼接部位裁片误差控制在±0.2mm内，为毛领与衣身的精密缝合提供基础，充绒舱保持20℃恒温环境，气流压力传感器实时调节充绒强度，每格蓬松度偏差≤40FP；同步通过高清内窥检测排除内部绒朵结块风险。重机JUKI AMS-210EN电脑绗缝机以2.8mm针距完成主体绗缝，线迹均匀无跳针。飞马PEGASUS 600包缝机密缝锁边，防钻绒性能达5级标准。数控皮革冲孔机加工多眼扣带，边缘平整度误差≤0.07mm。精密金属扣件成型机加工，开合疲劳测试9000次无松动，百灵达BROTHER PR1050X电脑绣花机完成LOEWE字样刺绣，针脚密度达120针/平方厘米。蒸汽定型机125℃高温塑形，衣身挺括度经6500次弯折测试无变形。RIRI定制金属拉链，配合数控拉链缝合机固定，拉力测试达30N无脱落。 ❗️颜色：米白 ❗️标准尺码：;0;;lrg3k8cd5bgw3jv;;Для мужчин;"[""https://xcimg.szwego.com/img/65702085/20251129/i1764393474235_351_0_0.jpg"", ""https://xcimg.szwego.com/img/65702085/20251129/i1764393474235_2268_0_8.jpg"", ""https://xcimg.szwego.com/img/65702085/20251129/i1764393474351_8194_0_1.jpg"", ""https://xcimg.szwego.com/img/65702085/20251129/i1764393476435_5830_0_2.jpg"", ""https://xcimg.szwego.com/img/65702085/20251129/i1764393476349_2499_0_3.jpg"", ""https://xcimg.szwego.com/img/65702085/20251129/i1764393473980_4417_0_4.jpg"", ""https://xcimg.szwego.com/img/65702085/20251129/i1764393474482_9895_0_5.jpg"", ""https://xcimg.szwego.com/img/65702085/20251129/i1764393476348_8148_0_6.jpg"", ""https://xcimg.szwego.com/img/65702085/20251129/i1764393476378_8836_0_7.jpg""]"
_dvqrSncK8DJKoMeF4PeLcZ5CbpeuePv_AurFxbg;;【顺丰包邮】LOEWE 罗意威毛领羽绒服 采用60%棉+40%锦纶高密混纺织物，经数控剑杆织机完成哑光质感织造，黑色面料色牢度偏差≤1级。智能数控裁床配合翻领版型人体工学数据，将领口、肩缝等拼接部位裁片误差控制在±0.2mm内，为毛领与衣身的精密缝合提供基础；充绒舱保持21℃恒温环境，气流压力传感器实时调节充绒强度，每格蓬松度偏差≤38FP；同步通过高清内窥检测排除内部绒朵结块风险。杜克普559-100电脑绗缝机以2.7mm针距完成主体绗缝，线迹均匀无跳针。重机JUKI MO-6716S包缝机密缝锁边，防钻绒性能达5级标准。数控皮革冲孔机加工多眼扣带，边缘平整度误差≤0.07mm。精密金属扣件成型机加工，开合疲劳测试9000次无松动。田岛TMEX-C1502电脑绣花机完成LOEWE字样刺绣，针脚密度达120针/平方厘米。蒸汽定型机125℃高温塑形，衣身挺括度经6500次弯折测试无变形。数控针织机织造高弹罗纹，弹性回复率达95%。YKK定制金属拉链，配合数控拉链缝合机固定，拉力测试达30N无脱落。 ❗️颜色：白色 ❗️标准尺码：;0;;lrg3k8cd5bgw3jv;;Для мужчин;"[""https://xcimg.szwego.com/img/65702085/20251129/i1764391932552_8366_0_0.jpg"", ""https://xcimg.szwego.com/img/65702085/20251129/i1764391921901_2066_0_1.jpg"", ""https://xcimg.szwego.com/img/65702085/20251129/i1764391921887_2200_0_2.jpg"", ""https://xcimg.szwego.com/img/65702085/20251129/i1764391917850_5092_0_3.jpg"", ""https://xcimg.szwego.com/img/65702085/20251129/i1764391917752_3991_0_4.jpg"", ""https://xcimg.szwego.com/img/65702085/20251129/i1764391917423_279_0_5.jpg"", ""https://xcimg.szwego.com/img/65702085/20251129/i1764391917890_7822_0_6.jpg"", ""https://xcimg.szwego.com/img/65702085/20251129/i1764391922029_1640_0_7.jpg"", ""https://xcimg.szwego.com/img/65702085/20251129/i1764391917575_4618_0_8.jpg""]"
_dnRrSrrhMv6KVywr2f7sSSNR5MRBeT3efxskFqw;;【顺丰包邮】LOEWE 罗意威毛领羽绒服 采用60%棉+40%锦纶高密混纺织物，经数控剑杆织机完成哑光质感织造，黑色面料色牢度偏差≤1级。智能数控裁床配合翻领版型人体工学数据，将领口、肩缝等拼接部位裁片误差控制在±0.2mm内，为毛领与衣身的精密缝合提供基础；充绒舱保持21℃恒温环境，气流压力传感器实时调节充绒强度，每格蓬松度偏差≤38FP；同步通过高清内窥检测排除内部绒朵结块风险。杜克普559-100电脑绗缝机以2.7mm针距完成主体绗缝，线迹均匀无跳针。重机JUKI MO-6716S包缝机密缝锁边，防钻绒性能达5级标准。数控皮革冲孔机加工多眼扣带，边缘平整度误差≤0.07mm。精密金属扣件成型机加工，开合疲劳测试9000次无松动。田岛TMEX-C1502电脑绣花机完成LOEWE字样刺绣，针脚密度达120针/平方厘米。蒸汽定型机125℃高温塑形，衣身挺括度经6500次弯折测试无变形。数控针织机织造高弹罗纹，弹性回复率达95%。YKK定制金属拉链，配合数控拉链缝合机固定，拉力测试达30N无脱落。 ❗️颜色：黑色 ❗️标准尺码：;0;;lrg3k8cd5bgw3jv;;Для мужчин;"[""https://xcimg.szwego.com/img/65702085/20251129/i1764391470437_6783_0_0.jpg"", ""https://xcimg.szwego.com/img/65702085/20251129/i1764391473416_9535_0_1.jpg"", ""https://xcimg.szwego.com/img/65702085/20251129/i1764391473603_3243_0_2.jpg"", ""https://xcimg.szwego.com/img/65702085/20251129/i1764391473609_8183_0_4.jpg"", ""https://xcimg.szwego.com/img/65702085/20251129/i1764391470253_6883_0_5.jpg"", ""https://xcimg.szwego.com/img/65702085/20251129/i1764391473213_7022_0_6.jpg"", ""https://xcimg.szwego.com/img/65702085/20251129/i1764391473487_3182_0_7.jpg"", ""https://xcimg.szwego.com/img/65702085/20251129/i1764391470631_4211_0_8.jpg"", ""https://xcimg.szwego.com/img/65702085/20251129/i1764391470543_8770_0_9.jpg""]"
_d3orSYYKw2OjCvrtwcsM9Ja9I8zRSqRZrJSPV1g;;【顺丰包邮】FENDI 芬迪毛领羽绒服 采用100%高密哑光聚酯纤维，经数控提花织机完成FF老花暗纹织造，深棕面料色牢度偏差≤1级。智能数控裁床配合翻领版型人体工学数据，将领面、袖窿等拼接部位裁片误差控制在±0.2mm内，为毛领与衣身的精密缝合提供基础。启用FENDI定制分区充绒系统；充绒舱保持20℃恒温环境，气流压力传感器实时调节充绒强度，每格蓬松度偏差≤40FP；同步通过高清内窥检测排除内部绒朵结块风险。美机M10-95ETA旋转头模板机以2.8mm针距完成主体绗缝，线迹均匀无逆缝。过坎王X10Tf包缝机密缝锁边，防钻绒性能达5级标准。精密金属按扣成型机加工，开合疲劳测试8000次无松动。数控铆钉机固定金属扣，铆钉拉力测试20N无脱落。激光切割成型，边缘平整度误差≤0.08mm。高温搪胶成型机加工，FENDI标识清晰度达A级标准。蒸汽定型机120℃高温塑形，衣身挺括度经6000次弯折测试无变形。双针滚边机完成，线迹平整度经视觉检测达A级标准。 ❗️颜色：白色 ❗️标准尺码：;0;;lrg3k8cd5bgw3jv;;Для мужчин;"[""https://xcimg.szwego.com/img/65702085/20251129/i1764390423560_9354_0_0.jpg"", ""https://xcimg.szwego.com/img/65702085/20251129/i1764390420046_1842_0_1.jpg"", ""https://xcimg.szwego.com/img/65702085/20251129/i1764390419971_6746_0_2.jpg"", ""https://xcimg.szwego.com/img/65702085/20251129/i1764390420177_1442_0_3.jpg"", ""https://xcimg.szwego.com/img/65702085/20251129/i1764390423642_821_0_4.jpg"", ""https://xcimg.szwego.com/img/65702085/20251129/i1764390420283_8164_0_5.jpg"", ""https://xcimg.szwego.com/img/65702085/20251129/i1764390420402_5631_0_6.jpg"", ""https://xcimg.szwego.com/img/65702085/20251129/i1764390423020_9806_0_7.jpg"", ""https://xcimg.szwego.com/img/65702085/20251129/i1764390423618_3093_0_8.jpg""]"
_dsGrSTifGlCIH3pFIMkxds-mqMVkXMjyMdQCeSQ;;【顺丰包邮】FENDI 芬迪毛领羽绒服 采用100%高密哑光聚酯纤维，经数控提花织机完成FF老花暗纹织造，深棕面料色牢度偏差≤1级。智能数控裁床配合翻领版型人体工学数据，将领面、袖窿等拼接部位裁片误差控制在±0.2mm内，为毛领与衣身的精密缝合提供基础。启用FENDI定制分区充绒系统；充绒舱保持20℃恒温环境，气流压力传感器实时调节充绒强度，每格蓬松度偏差≤40FP；同步通过高清内窥检测排除内部绒朵结块风险。美机M10-95ETA旋转头模板机以2.8mm针距完成主体绗缝，线迹均匀无逆缝。过坎王X10Tf包缝机密缝锁边，防钻绒性能达5级标准。精密金属按扣成型机加工，开合疲劳测试8000次无松动。数控铆钉机固定金属扣，铆钉拉力测试20N无脱落。激光切割成型，边缘平整度误差≤0.08mm。高温搪胶成型机加工，FENDI标识清晰度达A级标准。蒸汽定型机120℃高温塑形，衣身挺括度经6000次弯折测试无变形。双针滚边机完成，线迹平整度经视觉检测达A级标准。 ❗️颜色：深棕 ❗️标准尺码：;0;;lrg3k8cd5bgw3jv;;Для мужчин;"[""https://xcimg.szwego.com/img/65702085/20251129/i1764390082685_7835_0_0.jpg"", ""https://xcimg.szwego.com/img/65702085/20251129/i1764390079475_9764_0_1.jpg"", ""https://xcimg.szwego.com/img/65702085/20251129/i1764390082626_6659_0_2.jpg"", ""https://xcimg.szwego.com/img/65702085/20251129/i1764390079474_1967_0_3.jpg"", ""https://xcimg.szwego.com/img/65702085/20251129/i1764390079474_3965_0_4.jpg"", ""https://xcimg.szwego.com/img/65702085/20251129/i1764390082556_1112_0_5.jpg"", ""https://xcimg.szwego.com/img/65702085/20251129/i1764390079475_9452_0_6.jpg"", ""https://xcimg.szwego.com/img/65702085/20251129/i1764390079474_5271_0_7.jpg"", ""https://xcimg.szwego.com/img/65702085/20251129/i1764390082475_3044_0_8.jpg""]"
_dqprSFGdbPbAUSecY2ua5dsAl2lgocC3OLCno_Q;;【顺丰包邮】LOUIS VUITTON Monogram拼接羽绒服 面料采用99%羊毛+1%桑蚕丝混纺（面料1）与100%锦纶（面料2）拼接，经数控混纺织机完成羊毛-蚕丝质感织造，面料色牢度偏差≤1级；裁片环节通过3D廓形裁剪机配合连帽版型数据，将面料拼接、口袋裁片的误差控制在±0.18mm内，为材质拼接提供精度基础。充绒阶段启用LOUIS VUITTON定制分区充绒系统，充绒舱保持21℃恒温环境，绒朵蓬松度传感器实时校准填充量，使每格蓬松度偏差≤28FP，同时通过内窥绒朵检测仪排除结块风险。缝制工艺中，电脑多针绗缝机以2.7mm针距完成主体绗缝，双针锁边机对充绒口密缝处理；Monogram标识装饰通过珐琅标识成型机加工，标识表面平整度误差≤0.04mm，耐磨测试达12000次无磨损；内衬Monogram提花通过智能提花织机完成，提花纹理清晰度达品牌A级标准。连帽内衬经Monogram提花织机加工，接缝处采用无缝热压机贴合；抽绳绳扣系统由数控标识镌刻机加工，绳扣标识精度误差≤0.02mm，开合测试达10000次无卡顿；袖口褶皱工艺通过高温定型机处理，褶皱回弹率经测试达96%以上。 ❗️颜色：黑色 ❗️标准尺码;0;;lrg3k8cd5bgw3jv;;Для мужчин;"[""https://xcimg.szwego.com/img/65702085/20251129/i1764383632117_8098_0_0.jpg"", ""https://xcimg.szwego.com/img/65702085/20251129/i1764383630043_6269_0_1.jpg"", ""https://xcimg.szwego.com/img/65702085/20251129/i1764383632217_6569_0_2.jpg"", ""https://xcimg.szwego.com/img/65702085/20251129/i1764383629738_8268_0_3.jpg"", ""https://xcimg.szwego.com/img/65702085/20251129/i1764383629966_4383_0_4.jpg"", ""https://xcimg.szwego.com/img/65702085/20251129/i1764383629851_3922_0_5.jpg"", ""https://xcimg.szwego.com/img/65702085/20251129/i1764383629439_2107_0_6.jpg"", ""https://xcimg.szwego.com/img/65702085/20251129/i1764383632001_2560_0_7.jpg"", ""https://xcimg.szwego.com/img/65702085/20251129/i1764383643415_3638_0_8.jpg""]"
_du7rS1luGYNCvQ9D3iOJkl7KckuJ0-wIA16PqGw;;【顺丰包邮】LOUIS VUITTON Monogram拼接羽绒服 面料采用99%羊毛+1%桑蚕丝混纺（面料1）与100%锦纶（面料2）拼接，经数控混纺织机完成羊毛-蚕丝质感织造，面料色牢度偏差≤1级；裁片环节通过3D廓形裁剪机配合连帽版型数据，将面料拼接、口袋裁片的误差控制在±0.18mm内，为材质拼接提供精度基础。充绒阶段启用LOUIS VUITTON定制分区充绒系统，充绒舱保持21℃恒温环境，绒朵蓬松度传感器实时校准填充量，使每格蓬松度偏差≤28FP，同时通过内窥绒朵检测仪排除结块风险。缝制工艺中，电脑多针绗缝机以2.7mm针距完成主体绗缝，双针锁边机对充绒口密缝处理；Monogram标识装饰通过珐琅标识成型机加工，标识表面平整度误差≤0.04mm，耐磨测试达12000次无磨损；内衬Monogram提花通过智能提花织机完成，提花纹理清晰度达品牌A级标准。连帽内衬经Monogram提花织机加工，接缝处采用无缝热压机贴合；抽绳绳扣系统由数控标识镌刻机加工，绳扣标识精度误差≤0.02mm，开合测试达10000次无卡顿；袖口褶皱工艺通过高温定型机处理，褶皱回弹率经测试达96%以上。 ❗️颜色：浅卡其 ❗️标准尺码;0;;lrg3k8cd5bgw3jv;;Для мужчин;"[""https://xcimg.szwego.com/img/65702085/20251129/i1764382807037_2556_0_0.jpg"", ""https://xcimg.szwego.com/img/65702085/20251129/i1764382808886_2279_0_1.jpg"", ""https://xcimg.szwego.com/img/65702085/20251129/i1764382806713_5044_0_2.jpg"", ""https://xcimg.szwego.com/img/65702085/20251129/i1764382826107_1274_0_8.jpg"", ""https://xcimg.szwego.com/img/65702085/20251129/i1764382806724_8347_0_3.jpg"", ""https://xcimg.szwego.com/img/65702085/20251129/i1764382806765_2437_0_4.jpg"", ""https://xcimg.szwego.com/img/65702085/20251129/i1764382808911_8888_0_5.jpg"", ""https://xcimg.szwego.com/img/65702085/20251129/i1764382805550_6587_0_6.jpg"", ""https://xcimg.szwego.com/img/65702085/20251129/i1764382826137_8902_0_7.jpg""]"
_deNrSsCepgqRVNj6IXWZ4-nY-g5XjlJMlrAuyHQ;;【顺丰包邮】CELINE 凯旋门拼接羽绒服 面料与里料均采用哑光高密100%锦纶，经数控精密织机完成单面色感织造，面料色牢度偏差≤1级；裁片环节通过3D人体工学裁剪机配合短款廓形数据，将立领拼接、口袋裁片的误差控制在±0.2mm内，为材质拼接提供精度基础。充绒阶段启用CELINE定制分区充绒系统：充绒舱保持20℃恒温环境，绒朵分布传感器实时校准填充量，使每格蓬松度偏差≤30FP，同时通过内窥绒朵检测仪排除结块风险。缝制工艺中，电脑多针绗缝机以2.8mm针距完成主体绗缝，双针锁边机对充绒口密缝处理；金属按扣结构采用凯旋门标识成型机加工，按扣表面标识清晰度误差≤0.03mm，开合疲劳测试达8000次无松动；胸前凯旋门刺绣通过智能程控绣花机完成，绣线张力偏差≤0.5N，图案边缘平整度达品牌A级标准。立领部分经羊毛针织成型机加工（92%羊毛+7%锦纶混纺），接缝处采用无缝热压机贴合；腰部抽绳系统由数控绳扣镌刻机加工，绳扣标识精度误差≤0.02mm，开合测试达10000次无卡顿；袖口褶皱工艺通过高温定型机处理，褶皱回弹率经测试达95%以上。 ❗️颜色：米色 ❗️标准尺码：;0;;lrg3k8cd5bgw3jv;;Для мужчин;"[""https://xcimg.szwego.com/img/65702085/20251129/i1764380647038_931_0_0.jpg"", ""https://xcimg.szwego.com/img/65702085/20251129/i1764380646954_5216_0_1.jpg"", ""https://xcimg.szwego.com/img/65702085/20251129/i1764380632701_1539_0_2.jpg"", ""https://xcimg.szwego.com/img/65702085/20251129/i1764380632377_4185_0_3.jpg"", ""https://xcimg.szwego.com/img/65702085/20251129/i1764380632231_4361_0_4.jpg"", ""https://xcimg.szwego.com/img/65702085/20251129/i1764380632644_7397_0_5.jpg"", ""https://xcimg.szwego.com/img/65702085/20251129/i1764380646746_8449_0_6.jpg"", ""https://xcimg.szwego.com/img/65702085/20251129/i1764380632747_3156_0_7.jpg"", ""https://xcimg.szwego.com/img/65702085/20251129/i1764380646733_3008_0_8.jpg""]"
_dyKrShVeKT3g6kyZrJ7itTXtUyllpsnNXX3fxLA;;【顺丰包邮】CELINE 凯旋门拼接羽绒服 面料与里料均采用哑光高密100%锦纶，经数控精密织机完成单面色感织造，面料色牢度偏差≤1级；裁片环节通过3D人体工学裁剪机配合短款廓形数据，将立领拼接、口袋裁片的误差控制在±0.2mm内，为材质拼接提供精度基础。充绒阶段启用CELINE定制分区充绒系统，充绒舱保持20℃恒温环境，绒朵分布传感器实时校准填充量，使每格蓬松度偏差≤30FP，同时通过内窥绒朵检测仪排除结块风险。缝制工艺中，电脑多针绗缝机以2.8mm针距完成主体绗缝，双针锁边机对充绒口密缝处理；金属按扣结构采用凯旋门标识成型机加工，按扣表面标识清晰度误差≤0.03mm，开合疲劳测试达8000次无松动；胸前凯旋门刺绣通过智能程控绣花机完成，绣线张力偏差≤0.5N，图案边缘平整度达品牌A级标准。立领部分经羊毛针织成型机加工（92%羊毛+7%锦纶混纺），接缝处采用无缝热压机贴合；腰部抽绳系统由数控绳扣镌刻机加工，绳扣标识精度误差≤0.02mm，开合测试达10000次无卡顿；袖口褶皱工艺通过高温定型机处理，褶皱回弹率经测试达95%以上。 ❗️颜色：深棕 ❗️标准尺码：;0;;lrg3k8cd5bgw3jv;;Для мужчин;"[""https://xcimg.szwego.com/img/65702085/20251129/i1764380036460_8076_0_0.jpg"", ""https://xcimg.szwego.com/img/65702085/20251129/i1764380030107_4873_0_1.jpg"", ""https://xcimg.szwego.com/img/65702085/20251129/i1764380032350_3106_0_2.jpg"", ""https://xcimg.szwego.com/img/65702085/20251129/i1764380032627_3270_0_3.jpg"", ""https://xcimg.szwego.com/img/65702085/20251129/i1764380031577_3317_0_4.jpg"", ""https://xcimg.szwego.com/img/65702085/20251129/i1764380029808_9749_0_5.jpg"", ""https://xcimg.szwego.com/img/65702085/20251129/i1764380029063_2231_0_6.jpg"", ""https://xcimg.szwego.com/img/65702085/20251129/i1764380032441_8740_0_7.jpg"", ""https://xcimg.szwego.com/img/65702085/20251129/i1764380032453_6270_0_8.jpg""]"
_deOrSb7bouxJzQuT6fdIK2ua7dspM7i3WM9MpUw;;【顺丰包邮】CELINE 赛琳立领羽绒马甲 采用高密光泽100%锦纶，经数控镜面织机完成单色质感织造，色牢度偏差≤1级，呈现高级光泽与耐用性。通过3D智能裁剪机配合立领版型的人体工学数据，将领口、口袋拼接等部位的裁片误差控制在±0.15mm内，为精密缝合提供基础。启用CELINE定制分区充绒系统：充绒舱保持恒温环境，气流压力传感器实时调节充绒强度，使每格蓬松度偏差≤35FP，同时通过高清内窥检测仪排除内部绒朵结块风险。电脑多针绗缝机以精准针距完成主体绗缝，双针锁边机对充绒口进行密缝处理；定制金属纽扣经压铸机加工，表面镌刻品牌标识，开合次数经疲劳测试达高负荷无松动；口袋处品牌标识刺绣由电脑绣花机完成，边缘平整度误差≤0.05mm，兼具标识性与精致感。内衬经精密织造工艺处理，质感细腻；整体经成品检验机多维度检测，从面料光泽一致性、充绒均匀度到五金牢固度均严格把控，确保品质。 ❗️颜色：卡其 ❗️标准尺码：;0;;lrg3k8cd5bgw3jv;;Для мужчин;"[""https://xcimg.szwego.com/img/65702085/20251129/i1764379282120_7721_0_0.jpg"", ""https://xcimg.szwego.com/img/65702085/20251129/i1764379289717_5857_0_1.jpg"", ""https://xcimg.szwego.com/img/65702085/20251129/i1764379336372_2615_0_2.jpg"", ""https://xcimg.szwego.com/img/65702085/20251129/i1764379289823_9509_0_3.jpg"", ""https://xcimg.szwego.com/img/65702085/20251129/i1764379289528_1828_0_4.jpg"", ""https://xcimg.szwego.com/img/65702085/20251129/i1764379282291_3301_0_5.jpg"", ""https://xcimg.szwego.com/img/65702085/20251129/i1764379282095_7425_0_6.jpg"", ""https://xcimg.szwego.com/img/65702085/20251129/i1764379289440_8329_0_7.jpg"", ""https://xcimg.szwego.com/img/65702085/20251129/i1764379289646_2470_0_8.jpg""]"
_dxgrSInQ9_PdydvOh7C2QU16b6sfNvlpZWfD7tw;;【顺丰包邮】CELINE 赛琳羽绒马甲 面料采用100%锦纶，经高端织机织造，色牢度优异，为整体质感奠定基础；裁片环节依托精准裁剪工艺，将各拼接部位裁片误差控制在极小范围，保障版型的精准度。充绒过程严格把控，使蓬松度均匀，同时通过细致检测避免绒朵结块问题。缝制工艺上，采用专业缝制设备完成主体缝制，充绒口经密缝处理确保牢固；胸前的CELINE标志性刺绣标识，通过精密刺绣工艺制作，边缘平整细腻，兼具品牌辨识度与工艺精致感。衣领的针织部分采用优质原料，经专业针织设备织造，质感柔软且版型挺括。 ❗️颜色：黑色 ❗️标准尺码：;0;;lrg3k8cd5bgw3jv;;Для мужчин;"[""https://xcimg.szwego.com/img/6c7a535f/20251127/i1764176768210_1713_0_0.jpg"", ""https://xcimg.szwego.com/img/6c7a535f/20251127/i1764176766637_7304_0_1.jpg"", ""https://xcimg.szwego.com/img/6c7a535f/20251127/i1764176766611_3154_0_2.jpg"", ""https://xcimg.szwego.com/img/6c7a535f/20251127/i1764176768274_6360_0_3.jpg"", ""https://xcimg.szwego.com/img/6c7a535f/20251127/i1764176768270_987_0_4.jpg"", ""https://xcimg.szwego.com/img/6c7a535f/20251127/i1764176766641_3881_0_5.jpg"", ""https://xcimg.szwego.com/img/6c7a535f/20251127/i1764176766685_3685_0_6.jpg"", ""https://xcimg.szwego.com/img/6c7a535f/20251127/i1764176768215_4361_0_7.jpg"", ""https://xcimg.szwego.com/img/6c7a535f/20251127/i1764176766561_127_0_8.jpg""]"
_dujrSNXUkPA9lpKRTu0RaH1jlbiJXW4_jS3l3-A;;【顺丰包邮】CELINE 赛琳羽绒马甲 面料采用100%锦纶，经高端织机织造，色牢度优异，为整体质感奠定基础；裁片环节依托精准裁剪工艺，将各拼接部位裁片误差控制在极小范围，保障版型的精准度。充绒过程严格把控，使蓬松度均匀，同时通过细致检测避免绒朵结块问题。缝制工艺上，采用专业缝制设备完成主体缝制，充绒口经密缝处理确保牢固；胸前的CELINE标志性刺绣标识，通过精密刺绣工艺制作，边缘平整细腻，兼具品牌辨识度与工艺精致感。衣领的针织部分采用优质原料，经专业针织设备织造，质感柔软且版型挺括。 ❗️颜色：棕色 ❗️标准尺码：;0;;lrg3k8cd5bgw3jv;;Для мужчин;"[""https://xcimg.szwego.com/img/6c7a535f/20251127/i1764176678273_54_0_0.jpg"", ""https://xcimg.szwego.com/img/6c7a535f/20251127/i1764176677039_2531_0_1.jpg"", ""https://xcimg.szwego.com/img/6c7a535f/20251127/i1764176676889_1037_0_2.jpg"", ""https://xcimg.szwego.com/img/6c7a535f/20251127/i1764176677043_3200_0_3.jpg"", ""https://xcimg.szwego.com/img/6c7a535f/20251127/i1764176676999_9725_0_4.jpg"", ""https://xcimg.szwego.com/img/6c7a535f/20251127/i1764176678302_8802_0_5.jpg"", ""https://xcimg.szwego.com/img/6c7a535f/20251127/i1764176677014_3837_0_6.jpg"", ""https://xcimg.szwego.com/img/6c7a535f/20251127/i1764176678256_214_0_7.jpg"", ""https://xcimg.szwego.com/img/6c7a535f/20251127/i1764176678216_8733_0_8.jpg""]"
_d8mrSbUgpHR7FRhQREkWG9KFGWoJOt08Gsc6kUw;;【顺丰包邮】CELINE 赛琳羽绒马甲 面料采用100%锦纶，经高端织机织造，色牢度优异，为整体质感奠定基础；裁片环节依托精准裁剪工艺，将各拼接部位裁片误差控制在极小范围，保障版型的精准度，充绒过程严格把控，使蓬松度均匀，同时通过细致检测避免绒朵结块问题。缝制工艺上，采用专业缝制设备完成主体缝制，充绒口经密缝处理确保牢固；胸前的CELINE标志性刺绣标识，通过精密刺绣工艺制作，边缘平整细腻，兼具品牌辨识度与工艺精致感。衣领的针织部分采用优质原料，经专业针织设备织造，质感柔软且版型挺括。 ❗️颜色：米杏色 ❗️标准尺码：;0;;lrg3k8cd5bgw3jv;;Для мужчин;"[""https://xcimg.szwego.com/img/6c7a535f/20251127/i1764176594753_879_0_0.jpg"", ""https://xcimg.szwego.com/img/6c7a535f/20251127/i1764176595698_2683_0_1.jpg"", ""https://xcimg.szwego.com/img/6c7a535f/20251127/i1764176594763_6145_0_2.jpg"", ""https://xcimg.szwego.com/img/6c7a535f/20251127/i1764176594604_2348_0_3.jpg"", ""https://xcimg.szwego.com/img/6c7a535f/20251127/i1764176594556_6203_0_4.jpg"", ""https://xcimg.szwego.com/img/6c7a535f/20251127/i1764176594733_739_0_5.jpg"", ""https://xcimg.szwego.com/img/6c7a535f/20251127/i1764176595704_2771_0_6.jpg"", ""https://xcimg.szwego.com/img/6c7a535f/20251127/i1764176595590_5991_0_7.jpg"", ""https://xcimg.szwego.com/img/6c7a535f/20251127/i1764176595679_482_0_8.jpg""]"
_d-2rS9ZvOlLHluQ3-5HxwE_WByr08FHhGmEQPBg;;【顺丰包邮】CELINE 赛琳立领羽绒马甲 采用高密光泽100%锦纶，经数控镜面织机完成单色质感织造，色牢度偏差≤1级，呈现高级光泽与耐用性。通过3D智能裁剪机配合立领版型的人体工学数据，将领口、口袋拼接等部位的裁片误差控制在±0.15mm内，为精密缝合提供基础。启用CELINE定制分区充绒系统：充绒舱保持恒温环境，气流压力传感器实时调节充绒强度，使每格蓬松度偏差≤35FP，同时通过高清内窥检测仪排除内部绒朵结块风险。电脑多针绗缝机以精准针距完成主体绗缝，双针锁边机对充绒口进行密缝处理；定制金属纽扣经压铸机加工，表面镌刻品牌标识，开合次数经疲劳测试达高负荷无松动；口袋处品牌标识刺绣由电脑绣花机完成，边缘平整度误差≤0.05mm，兼具标识性与精致感。内衬经精密织造工艺处理，质感细腻；整体经成品检验机多维度检测，从面料光泽一致性、充绒均匀度到五金牢固度均严格把控，确保品质。 ❗️颜色：黑色 ❗️标准尺码：;0;;lrg3k8cd5bgw3jv;;Для мужчин;"[""https://xcimg.szwego.com/img/65702085/20251128/i1764292986156_4965_0_0.jpg"", ""https://xcimg.szwego.com/img/65702085/20251128/i1764292986104_5754_0_1.jpg"", ""https://xcimg.szwego.com/img/65702085/20251128/i1764292981714_488_0_2.jpg"", ""https://xcimg.szwego.com/img/65702085/20251128/i1764292981717_1937_0_3.jpg"", ""https://xcimg.szwego.com/img/65702085/20251128/i1764292981471_694_0_4.jpg"", ""https://xcimg.szwego.com/img/65702085/20251128/i1764292985632_3016_0_5.jpg"", ""https://xcimg.szwego.com/img/65702085/20251128/i1764292981640_4179_0_6.jpg"", ""https://xcimg.szwego.com/img/65702085/20251128/i1764292985867_194_0_7.jpg"", ""https://xcimg.szwego.com/img/65702085/20251128/i1764292981619_3978_0_8.jpg""]"
_dknrSfvGSffChSdfBnQU1mIHrlO9q4i7OUbwvaQ;;【顺丰包邮】MIU MIU 刺绣拉链外套 外层采用高密毛呢混纺面料，经精密织机完成单色质感织造，色牢度偏差≤1级，呈现高级肌理与耐用性；帽里仿羊羔毛材质经特殊工艺处理，蓬松柔软且不易掉毛。通过3D智能裁剪机配合连帽版型的人体工学数据，将领口、肩缝等拼接部位的裁片误差控制在±0.15mm内，为精密缝合奠定基础。胸前“miu miu”标识采用电脑绣花机以精准针距完成立体刺绣，图案清晰且质感突出；定制品牌拉链采用精密成型工艺，拉链头镌刻品牌标识，顺滑度与耐用性经严格测试；袖口罗纹工艺通过专业针织设备织造，弹性与贴合度兼顾。领子里仿羊羔毛经特殊定型工艺，保持卷曲形态且亲肤性佳；内里品牌标签采用精密织造工艺，标识清晰耐洗；整体经多道质检工序，从面料到成品的每一处细节都严格把控。 ❗️颜色：灰色 ❗️标准尺码：;0;;lrg3k8cd5bgw3jv;;Для мужчин;"[""https://xcimg.szwego.com/img/65702085/20251128/i1764291838781_7921_0_0.jpg"", ""https://xcimg.szwego.com/img/65702085/20251128/i1764291838778_6215_0_1.jpg"", ""https://xcimg.szwego.com/img/65702085/20251128/i1764291836497_2490_0_2.jpg"", ""https://xcimg.szwego.com/img/65702085/20251128/i1764291838682_9315_0_3.jpg"", ""https://xcimg.szwego.com/img/65702085/20251128/i1764291836450_1404_0_4.jpg"", ""https://xcimg.szwego.com/img/65702085/20251128/i1764291836211_3761_0_5.jpg"", ""https://xcimg.szwego.com/img/65702085/20251128/i1764291836443_5091_0_6.jpg"", ""https://xcimg.szwego.com/img/65702085/20251128/i1764291838766_3302_0_7.jpg"", ""https://xcimg.szwego.com/img/65702085/20251128/i1764291838319_5393_0_8.jpg""]"
_dinrSg66SYTg4thoVGDHLsd_dcPZp_P0Lpq8Zbg;;【顺丰包邮】MONCLER蒙口奢级菱格绗缝羽绒服 — 奢暖菱境 · 绗缝工艺与奢牌基因的冬日奢章 — 这款菱格绗缝羽绒服，严选高密防风羽绒面料，90%高蓬松白鹅绒填充构建“恒温舱级”锁温系统，经奢牌专属工艺塑造出挺括立体廓形，菱格绗缝走线既成就极具辨识度的视觉层次，又科学锁绒让保暖力持久在线；细节处处暗藏奢牌匠心：魔术贴袖标设计，是品牌身份的精致铭牌，轻贴间尽显工艺巧思与专属感；袖子采用“隐藏式精密工艺”，廓形利落且活动自如；衣身品牌徽章标识经典醒目，是奢牌血统的低调宣言；定制金属五金配件质感卓绝，每一次开合都是奢级工艺的质感共鸣。 ⚠️ 发货规格：全套包装 ❗️颜色：经典黑 ❗ 标准尺码：;0;;lrg3k8cd5bgw3jv;;Для мужчин;"[""https://xcimg.szwego.com/img/65702085/20251021/i1760978992_8087_8.jpg"", ""https://xcimg.szwego.com/img/65702085/20251021/i1760978991_7151_5.jpg"", ""https://xcimg.szwego.com/img/65702085/20251021/i1760978991_9509_0.jpg"", ""https://xcimg.szwego.com/img/65702085/20251021/i1760978992_4662_6.jpg"", ""https://xcimg.szwego.com/img/65702085/20251021/i1760978992_4979_9.jpg"", ""https://xcimg.szwego.com/img/65702085/20251021/i1760978992_9407_11.jpg"", ""https://xcimg.szwego.com/img/65702085/20251021/i1760978991_7041_3.jpg"", ""https://xcimg.szwego.com/img/65702085/20251021/i1760978992_7143_10.jpg"", ""https://xcimg.szwego.com/img/65702085/20251021/i1760978992_9046_7.jpg""]"
_dodrS1-jrHue49ABsm7oF20i58shU14bDmOz24w;;【顺丰包邮】 MONCLER 蒙口长款连帽羽绒服 面料与里料采用高密哑光锦纶材质，经精密织机织造，质感细腻且色泽柔和，色牢度卓越；裁片环节依托智能裁剪系统，结合长款连帽版型的人体工学数据，将帽檐、衣身拼接等部位的裁片误差控制在极小范围，为整体结构的精密缝合筑牢根基。充绒阶段运用品牌定制充绒系统：优质羽绒按严格克重填充至独立绗缝格，充绒环境保持恒温，通过精准调控使每格蓬松度偏差极小，同时借助专业检测手段排除内部绒朵结块隐患。缝制工艺里，电脑绗缝机以精准针距完成主体绗缝，充绒口采用密缝工艺处理；拉链五金经专业工艺加工，顺滑度与耐用性经测试表现出色；袖臂处的MONCLER徽标通过精细刺绣工艺呈现，标识边缘平整度极高，兼具辨识度与耐久性。连帽结构经专业定型工艺塑形，内置支撑结构，经弯折测试后仍能保持挺括形态；袖口的收束设计做工精细，贴合手腕且保暖性佳；多处细节的缝制工艺经严格把控，线迹平整度等指标均达高等级标准。 ❗️颜色：黑色 ❗️标准尺码：;0;;lrg3k8cd5bgw3jv;;Для мужчин;"[""https://xcimg.szwego.com/img/65702085/20251226/i1766687217082_2509_0_0.jpg"", ""https://xcimg.szwego.com/img/65702085/20251226/i1766687214198_7900_0_1.jpg"", ""https://xcimg.szwego.com/img/65702085/20251226/i1766687217029_4599_0_2.jpg"", ""https://xcimg.szwego.com/img/65702085/20251226/i1766687214009_4010_0_3.jpg"", ""https://xcimg.szwego.com/img/65702085/20251226/i1766687214161_2944_0_4.jpg"", ""https://xcimg.szwego.com/img/65702085/20251226/i1766687216903_2614_0_5.jpg"", ""https://xcimg.szwego.com/img/65702085/20251226/i1766687214201_6375_0_6.jpg"", ""https://xcimg.szwego.com/img/65702085/20251226/i1766687213942_3008_0_7.jpg"", ""https://xcimg.szwego.com/img/65702085/20251226/i1766687216964_8440_0_8.jpg""]"
_duGrSomG1ZvgdP1L54kHBWyjXWSwxWF3YeYTtMw;;【顺丰包邮】PRADA 普拉达短款羽绒服 采用品牌标志性高密RE-NYLON再生锦纶，经数控镜面织机完成单色质感织造，面料色牢度偏差≤1级，呈现高级光泽与耐用性，同时兼具环保属性。通过3D智能裁剪机配合短款版型的人体工学数据，将领口、肩缝等拼接部位的裁片误差控制在±0.15mm内，为精密缝合奠定基础。启用PRADA定制充绒系统，充绒舱保持恒温环境，气流压力传感器实时调节充绒强度，确保每格蓬松度均匀，同时通过高清内窥检测排除绒朵结块风险。电脑多针绗缝机以精准针距完成主体绗缝；定制金属拉链采用精密成型工艺，顺滑度与耐用性经严格测试；胸前PRADA三角标识通过高温搪胶成型机加工，标识边缘平整度误差≤0.05mm，再经数控铆钉机固定，铆钉拉力测试达25N无脱落，兼顾标识性与牢固度。下摆抽绳系统由数控绳扣压制机加工，绳扣开合次数经测试达高次数无松动；内里标识采用精密织造工艺，图案清晰且耐洗；整体经多道质检工序，从面料到成品的每一处细节都严格把控。 ❗️颜色：白色 ❗️标准尺码：;0;;lrg3k8cd5bgw3jv;;Для мужчин;"[""https://xcimg.szwego.com/img/65702085/20251128/i1764291610935_5999_0_0.jpg"", ""https://xcimg.szwego.com/img/65702085/20251128/i1764291610995_1429_0_1.jpg"", ""https://xcimg.szwego.com/img/65702085/20251128/i1764291609054_864_0_2.jpg"", ""https://xcimg.szwego.com/img/65702085/20251128/i1764291611008_4641_0_3.jpg"", ""https://xcimg.szwego.com/img/65702085/20251128/i1764291608964_5513_0_4.jpg"", ""https://xcimg.szwego.com/img/65702085/20251128/i1764291610975_7181_0_5.jpg"", ""https://xcimg.szwego.com/img/65702085/20251128/i1764291608840_516_0_6.jpg"", ""https://xcimg.szwego.com/img/65702085/20251128/i1764291609067_7435_0_7.jpg"", ""https://xcimg.szwego.com/img/65702085/20251128/i1764291609072_3548_0_8.jpg""]"
_djHrSzW3J4KmFB4LWFKe8P-w2FhgG_AUzrPbo7Q;;【顺丰包邮】PRADA 普拉达短款羽绒服 采用品牌标志性高密RE-NYLON再生锦纶，经数控镜面织机完成单色质感织造，面料色牢度偏差≤1级，呈现高级光泽与耐用性，同时兼具环保属性。通过3D智能裁剪机配合短款版型的人体工学数据，将领口、肩缝等拼接部位的裁片误差控制在±0.15mm内，为精密缝合奠定基础。启用PRADA定制充绒系统，充绒舱保持恒温环境，气流压力传感器实时调节充绒强度，确保每格蓬松度均匀，同时通过高清内窥检测排除绒朵结块风险。电脑多针绗缝机以精准针距完成主体绗缝；定制金属拉链采用精密成型工艺，顺滑度与耐用性经严格测试；胸前PRADA三角标识通过高温搪胶成型机加工，标识边缘平整度误差≤0.05mm，再经数控铆钉机固定，铆钉拉力测试达25N无脱落，兼顾标识性与牢固度。下摆抽绳系统由数控绳扣压制机加工，绳扣开合次数经测试达高次数无松动；内里标识采用精密织造工艺，图案清晰且耐洗；整体经多道质检工序，从面料到成品的每一处细节都严格把控。 ❗️颜色：黑色 ❗️标准尺码：38;0;;lrg3k8cd5bgw3jv;;Для мужчин;"[""https://xcimg.szwego.com/img/65702085/20251128/i1764291410526_7130_0_0.jpg"", ""https://xcimg.szwego.com/img/65702085/20251128/i1764291407725_3133_0_1.jpg"", ""https://xcimg.szwego.com/img/65702085/20251128/i1764291407725_8531_0_2.jpg"", ""https://xcimg.szwego.com/img/65702085/20251128/i1764291407726_6476_0_4.jpg"", ""https://xcimg.szwego.com/img/65702085/20251128/i1764291407726_1445_0_5.jpg"", ""https://xcimg.szwego.com/img/65702085/20251128/i1764291410472_1_0_6.jpg"", ""https://xcimg.szwego.com/img/65702085/20251128/i1764291410467_4150_0_7.jpg"", ""https://xcimg.szwego.com/img/65702085/20251128/i1764291410547_606_0_8.jpg"", ""https://xcimg.szwego.com/img/65702085/20251128/i1764291407725_1979_0_9.jpg""]"
_dJBrStiREq0pmhwyzq97ggU0f51fnlJAdlQx2RA;;【顺丰包邮】MONCLER蒙口奢级菱格绗缝羽绒服 — 奢暖菱境 · 绗缝工艺与奢牌基因的冬日奢章 — 这款菱格绗缝羽绒服，严选高密防风羽绒面料，90%高蓬松白鹅绒填充构建“恒温舱级”锁温系统，经奢牌专属工艺塑造出挺括立体廓形，菱格绗缝走线既成就极具辨识度的视觉层次，又科学锁绒让保暖力持久在线；细节处处暗藏奢牌匠心：魔术贴袖标设计，是品牌身份的精致铭牌，轻贴间尽显工艺巧思与专属感；袖子采用“隐藏式精密工艺”，廓形利落且活动自如；衣身品牌徽章标识经典醒目，是奢牌血统的低调宣言；定制金属五金配件质感卓绝，每一次开合都是奢级工艺的质感共鸣。 ⚠️ 发货规格：全套包装 ❗️颜色：灰色 ❗ 标准尺码：;0;;lrg3k8cd5bgw3jv;;Для мужчин;"[""https://xcimg.szwego.com/img/65702085/20251021/i1760978624_9402_1.jpg"", ""https://xcimg.szwego.com/img/65702085/20251021/i1760978625_3808_10.jpg"", ""https://xcimg.szwego.com/img/65702085/20251021/i1760978624_3588_6.jpg"", ""https://xcimg.szwego.com/img/65702085/20251021/i1760978625_2026_7.jpg"", ""https://xcimg.szwego.com/img/65702085/20251021/i1760978624_840_5.jpg"", ""https://xcimg.szwego.com/img/65702085/20251021/i1760978624_9269_3.jpg"", ""https://xcimg.szwego.com/img/65702085/20251021/i1760978624_7630_4.jpg"", ""https://xcimg.szwego.com/img/65702085/20251021/i1760978624_8915_0.jpg"", ""https://xcimg.szwego.com/img/65702085/20251021/i1760978625_1771_9.jpg""]"
_d7HrSBOf8vr_Hp-yt-TLbqOhXfoInPnmOgBeRLg;;【顺丰包邮】MONCLER蒙口奢级可拆卸帽羽绒服 — 奢暖型格 · 撞色设计与多功能性的高阶表达 — 这款可拆卸帽羽绒服，是蒙口在保暖与时尚维度的创意之作，为秋冬穿搭注入奢雅辨识度与多场景适配力。严选高密防风羽绒面料，90%高蓬松白鹅绒填充锁温保暖性能出众，精湛工艺塑造出饱满廓形；细节尽显奢牌匠心：可拆卸撞色连帽设计，轻松切换立领、带帽两种风格，粉色帽檐与主色的碰撞兼具时尚感与个性表达；衣身立体大口袋实用且具造型感，品牌字母刺绣标识醒目吸睛，是奢牌身份的高调彰显；定制金属拉链质感高级，开合间尽显工艺水准。从面料的抗寒实力到可拆卸帽的设计巧思，都为整体造型赋予奢级层次，无论是都市通勤、休闲出街还是社交场合，都能轻松驾驭，成为冬日吸睛焦点。 ⚠️ 发货规格：全套包装 ❗️颜色：卡其/粉撞色 ❗ 标准尺码：;0;;lrg3k8cd5bgw3jv;;Для мужчин;"[""https://xcimg.szwego.com/img/65702085/20251020/i1760891908_5716_4.jpg"", ""https://xcimg.szwego.com/img/65702085/20251020/i1760891908_8528_5.jpg"", ""https://xcimg.szwego.com/img/65702085/20251020/i1760891908_555_0.jpg"", ""https://xcimg.szwego.com/img/65702085/20251020/i1760891915_4397_0.jpg"", ""https://xcimg.szwego.com/img/65702085/20251020/i1760891908_7083_1.jpg"", ""https://xcimg.szwego.com/img/65702085/20251020/i1760891908_3891_3.jpg"", ""https://xcimg.szwego.com/img/65702085/20251020/i1760891908_8955_6.jpg"", ""https://xcimg.szwego.com/img/65702085/20251020/i1760891909_752_7.jpg"", ""https://xcimg.szwego.com/img/65702085/20251020/i1760891908_6144_2.jpg""]"
_doRrSKqsCqT5O4SE_ZI2vH-R5blOy3kxN42j0QA;;【顺丰包邮】MONCLER蒙口奢级可拆卸帽羽绒服 — 奢暖型格 · 撞色设计与多功能性的高阶表达 — 这款可拆卸帽羽绒服，是蒙口在保暖与时尚维度的创意之作，为秋冬穿搭注入奢雅辨识度与多场景适配力。严选高密防风羽绒面料，90%高蓬松白鹅绒填充锁温保暖性能出众，精湛工艺塑造出饱满廓形；细节尽显奢牌匠心：可拆卸撞色连帽设计，轻松切换立领、带帽两种风格，衣身立体大口袋实用且具造型感，品牌字母刺绣标识醒目吸睛，是奢牌身份的高调彰显；定制金属拉链质感高级，开合间尽显工艺水准。从面料的抗寒实力到可拆卸帽的设计巧思，都为整体造型赋予奢级层次，无论是都市通勤、休闲出街还是社交场合，都能轻松驾驭，成为冬日吸睛焦点。 ⚠️ 发货规格：全套包装 ❗️颜色：白色 ❗ 标准尺码：;0;;lrg3k8cd5bgw3jv;;Для мужчин;"[""https://xcimg.szwego.com/img/65702085/20251020/i1760891957_9438_1.jpg"", ""https://xcimg.szwego.com/img/65702085/20251020/i1760891958_439_5.jpg"", ""https://xcimg.szwego.com/img/65702085/20251020/i1760891958_1557_4.jpg"", ""https://xcimg.szwego.com/img/65702085/20251020/i1760891958_4668_7.jpg"", ""https://xcimg.szwego.com/img/65702085/20251020/i1760891958_4746_9.jpg"", ""https://xcimg.szwego.com/img/65702085/20251020/i1760891958_9374_10.jpg"", ""https://xcimg.szwego.com/img/65702085/20251020/i1760891958_6435_2.jpg"", ""https://xcimg.szwego.com/img/65702085/20251020/i1760891957_8749_0.jpg"", ""https://xcimg.szwego.com/img/65702085/20251020/i1760891958_9418_6.jpg""]"
_daXrSHwdsbsXVB9hgwjdgI6mvgY81ctWqIjQE8w;;【顺丰包邮】MONCLER蒙口奢级可拆卸帽羽绒服 — 奢暖型格 · 撞色设计与多功能性的高阶表达 — 这款可拆卸帽羽绒服，是蒙口在保暖与时尚维度的创意之作，为秋冬穿搭注入奢雅辨识度与多场景适配力。严选高密防风羽绒面料，90%高蓬松白鹅绒填充锁温保暖性能出众，精湛工艺塑造出饱满廓形；细节尽显奢牌匠心：可拆卸撞色连帽设计，轻松切换立领、带帽两种风格，衣身立体大口袋实用且具造型感，品牌字母刺绣标识醒目吸睛，是奢牌身份的高调彰显；定制金属拉链质感高级，开合间尽显工艺水准。从面料的抗寒实力到可拆卸帽的设计巧思，都为整体造型赋予奢级层次，无论是都市通勤、休闲出街还是社交场合，都能轻松驾驭，成为冬日吸睛焦点。 ⚠️ 发货规格：全套包装 ❗️颜色：黑色 ❗ 标准尺码：;0;;lrg3k8cd5bgw3jv;;Для мужчин;"[""https://xcimg.szwego.com/img/65702085/20251020/i1760891873_9681_9.jpg"", ""https://xcimg.szwego.com/img/65702085/20251020/i1760891872_6964_1.jpg"", ""https://xcimg.szwego.com/img/65702085/20251020/i1760891872_2043_4.jpg"", ""https://xcimg.szwego.com/img/65702085/20251020/i1760891873_2916_7.jpg"", ""https://xcimg.szwego.com/img/65702085/20251020/i1760891872_6493_2.jpg"", ""https://xcimg.szwego.com/img/65702085/20251020/i1760891872_1346_0.jpg"", ""https://xcimg.szwego.com/img/65702085/20251020/i1760891873_4917_8.jpg"", ""https://xcimg.szwego.com/img/65702085/20251020/i1760891872_1929_3.jpg"", ""https://xcimg.szwego.com/img/65702085/20251020/i1760891872_8277_6.jpg""]"
_d97rSSY9oBH-KBGqyi62Nfk8GPoVivJydZbHwjg;;【顺丰包邮】【100%鹅绒填充】 MONCLER盟可睐奢级亮面连帽羽绒服 — 奢暖焦点 · 专业羽绒科技与吸睛亮面的秋冬典藏 — 这款亮面连帽羽绒服，是MONCLER将专业户外羽绒基因与吸睛亮面设计的大胆融合，为追求个性吸睛与极致保暖的潮流人士打造冬日战袍。严选高密防风亮面羽绒面料，填充高蓬松羽绒锁温保暖性能优异，经精湛工艺塑造出饱满又具视觉张力的廓形；细节处尽显奢牌血统：袖臂品牌徽标与定制金属抽绳扣，质感高级又具辨识度，是潮奢身份的高调彰显；连帽设计兼顾防风实用性与造型感，细节控的心头挚爱；亮面面料与羽绒的拼接工艺精湛，每一处都释放MONCLER式的奢潮魅力。从羽绒的强效抗寒性能到亮面材质的吸睛冲击，再到廓形的饱满潮酷设计，都为整体造型注入奢暖层次与独特性，轻松驾驭街头出街、冬日派对、都市通勤等多元场景。 ❗️颜色：灰色 ❗ 标准尺码：;0;;lrg3k8cd5bgw3jv;;Для мужчин;"[""https://xcimg.szwego.com/img/65702085/20251028/i1761582274_9369_8.jpg"", ""https://xcimg.szwego.com/img/65702085/20251028/i1761582274_5640_0.jpg"", ""https://xcimg.szwego.com/img/65702085/20251028/i1761582274_1219_2.jpg"", ""https://xcimg.szwego.com/img/65702085/20251028/i1761582274_2202_5.jpg"", ""https://xcimg.szwego.com/img/65702085/20251028/i1761582274_9931_1.jpg"", ""https://xcimg.szwego.com/img/65702085/20251028/i1761582274_8680_4.jpg"", ""https://xcimg.szwego.com/img/65702085/20251028/i1761582274_3221_6.jpg"", ""https://xcimg.szwego.com/img/65702085/20251028/i1761582274_4302_7.jpg"", ""https://xcimg.szwego.com/img/65702085/20251028/i1761582274_5939_3.jpg""]"
_dvVrSMRpjltWVZhxZ2bkw8ZzhLMIJcL5l9OwMaw;;【顺丰包邮】【100%鹅绒填充】Moncler 蒙口章仔连帽羽绒服 面料与里料均采用高密哑光100%锦纶，经数控防风织机完成单色质感织造，面料色牢度偏差≤1级；裁片环节通过3D智能裁剪机配合连帽版型的人体工学数据，将帽檐、肩缝等拼接部位的裁片误差控制在±0.15mm内，为撞色结构的精密缝合提供基础。充绒阶段启用Moncler定制分区充绒系统：90%白鹅绒与10%绒丝按预设克重填充至独立绗缝格，充绒舱保持22℃恒温环境，气流压力传感器实时调节充绒强度，使每格蓬松度偏差≤35FP，同时通过高清内窥检测排除内部绒朵结块风险。缝制工艺中，电脑多针绗缝机以2.6mm针距完成主体绗缝，双针锁边机对充绒口进行密缝处理；连帽的压印标识通过数控压印机加工，标识深度误差≤0.05mm，兼顾耐用性与标识性；五金拉链由Moncler定制拉链成型机加工，拉链头刻字精度达0.02mm，经往复拉动测试10000次无卡顿。整体结构经恒温定型机塑形，内置抗皱纤维衬片，通过弯折疲劳测试仪验证7000次弯折后仍保持挺括形态；下摆的双拉链系统由数控拉链装配机加工，拉链协同开合流畅度经测试达A级标准；袖口的收束工艺采用精密锁边机完成，线迹平整度经视觉检测达A级标准。 ❗️颜色：灰色 ❗️标准尺码：;0;;lrg3k8cd5bgw3jv;;Для мужчин;"[""https://xcimg.szwego.com/img/65702085/20251119/i1763569244906_5993_0_0.jpg"", ""https://xcimg.szwego.com/img/65702085/20251119/i1763569243530_654_0_1.jpg"", ""https://xcimg.szwego.com/img/65702085/20251119/i1763569243518_1008_0_2.jpg"", ""https://xcimg.szwego.com/img/65702085/20251119/i1763569243385_4810_0_3.jpg"", ""https://xcimg.szwego.com/img/65702085/20251119/i1763569243502_7230_0_4.jpg"", ""https://xcimg.szwego.com/img/65702085/20251119/i1763569244879_5909_0_5.jpg"", ""https://xcimg.szwego.com/img/65702085/20251119/i1763569244861_6618_0_6.jpg"", ""https://xcimg.szwego.com/img/65702085/20251119/i1763569244831_5069_0_7.jpg"", ""https://xcimg.szwego.com/img/65702085/20251119/i1763569243479_1609_0_8.jpg""]"
_d9HrSktjsMf7r4Qe_81gMXu6eos00DNPkf44iZQ;;【顺丰包邮】【100%鹅绒填充】 Moncler 奢级潮流连帽羽绒服 — 黑调潮奢 · 户外基因与潮流设计的御寒典藏 — 这款连帽羽绒服，是Moncler将专业户外御寒基因与潮流设计语言的创意融合，为追求潮奢风格与极致保暖的时尚玩家打造冬日战袍。严选高密度防风防水面料，填充90%优质鹅绒+10%羽毛，蓬松保暖且兼具“城市户外”属性，经立体剪裁塑造出利落又具潮流感的连帽廓形；细节处尽显奢牌血统：胸前撞色渐变品牌标识吸睛夺目，袖身经典三色徽标辨识度拉满，每一处设计都如潮流勋章般亮眼，是潮奢身份的高调彰显；连帽版型时尚与实穿兼顾，兼顾造型与御寒需求，细节控的心头挚爱；充绒绗缝处走线均匀规整，每一针都透着“意式匠造”的精致态度。从高蓬松鹅绒的超强锁暖魅力，到撞色标识的视觉冲击，再到连帽廓形的潮流腔调，都为整体造型注入潮奢层次与独特性，轻松驾驭都市通勤、户外探索、潮流派对等多元场景。 ❗️颜色：黑色 ❗ 标准尺码：;0;;lrg3k8cd5bgw3jv;;Для мужчин;"[""https://xcimg.szwego.com/img/65702085/20251030/i1761768915_4811_1.jpg"", ""https://xcimg.szwego.com/img/65702085/20251030/i1761768916_5886_8.jpg"", ""https://xcimg.szwego.com/img/65702085/20251030/i1761768915_5517_2.jpg"", ""https://xcimg.szwego.com/img/65702085/20251030/i1761768916_8727_10.jpg"", ""https://xcimg.szwego.com/img/65702085/20251030/i1761768916_5264_9.jpg"", ""https://xcimg.szwego.com/img/65702085/20251030/i1761768915_412_0.jpg"", ""https://xcimg.szwego.com/img/65702085/20251030/i1761768916_685_6.jpg"", ""https://xcimg.szwego.com/img/65702085/20251030/i1761768916_8018_12.jpg"", ""https://xcimg.szwego.com/img/65702085/20251030/i1761768916_2757_4.jpg""]"
_dzarShvRqO8fRlVl5uoTmAgSOVPI2OpZPhtBy1g;;【顺丰包邮】PRADA 普拉达立领羽绒服 面料与里料均采用高密光泽100%锦纶，经数控镜面织机实现质感织造，色牢度偏差≤1级；裁片环节借助3D智能裁剪机结合版型人体工学数据，将肩缝等拼接部位的裁片误差控制在±0.15mm内，为精密缝合筑牢根基。充绒阶段运用PRADA定制分区充绒系统：充绒舱维持22℃恒温，气流压力传感器实时调控充绒强度，使每格蓬松度偏差≤35FP，且通过高清内窥检测杜绝内部绒朵结块隐患。缝制工艺里，电脑多针绗缝机以精准针距完成主体绗缝，双针锁边机对充绒口密缝处理；拉链等金属配件经精密加工，其耐用性经严格测试保障；背后的PRADA三角标识通过专业工艺加工，边缘平整度误差≤0.05mm，兼具耐用性与标识性，再经数控工艺固定，稳固性经测试达标。立领结构经定型工艺塑形，确保挺括形态；下摆细节工艺经专业设备加工，耐用性经测试保障；袖口工艺采用专业设备完成，线迹平整度达A级标准。 ❗️颜色：黑色 ❗️标准尺码：;0;;lrg3k8cd5bgw3jv;;Для мужчин;"[""https://xcimg.szwego.com/img/65702085/20251208/i1765127339960_6576_0_0.jpg"", ""https://xcimg.szwego.com/img/65702085/20251208/i1765127339960_7391_0_1.jpg"", ""https://xcimg.szwego.com/img/65702085/20251208/i1765127343076_791_0_2.jpg"", ""https://xcimg.szwego.com/img/65702085/20251208/i1765127339960_3468_0_3.jpg"", ""https://xcimg.szwego.com/img/65702085/20251208/i1765127343384_9515_0_5.jpg"", ""https://xcimg.szwego.com/img/65702085/20251208/i1765127339960_6459_0_6.jpg"", ""https://xcimg.szwego.com/img/65702085/20251208/i1765127343368_5847_0_7.jpg"", ""https://xcimg.szwego.com/img/65702085/20251208/i1765127343331_8617_0_8.jpg"", ""https://xcimg.szwego.com/img/65702085/20251208/i1765127343376_4193_0_9.jpg""]"
_do5rSWjPVKVHtf53ntiB9bgXjJSuhkBiDrtCqEA;;【顺丰包邮】CELINE 凯旋门拼接羽绒服 面料与里料均采用哑光高密100%锦纶，经数控精密织机完成单面色感织造，面料色牢度偏差≤1级；裁片环节通过3D人体工学裁剪机配合短款廓形数据，将立领拼接、口袋裁片的误差控制在±0.2mm内，为材质拼接提供精度基础。充绒阶段启用CELINE定制分区充绒系统：充绒舱保持20℃恒温环境，绒朵分布传感器实时校准填充量，使每格蓬松度偏差≤30FP，同时通过内窥绒朵检测仪排除结块风险。缝制工艺中，电脑多针绗缝机以2.8mm针距完成主体绗缝，双针锁边机对充绒口密缝处理；金属按扣结构采用凯旋门标识成型机加工，按扣表面标识清晰度误差≤0.03mm，开合疲劳测试达8000次无松动；胸前凯旋门刺绣通过智能程控绣花机完成，绣线张力偏差≤0.5N，图案边缘平整度达品牌A级标准。立领部分经羊毛针织成型机加工（92%羊毛+7%锦纶混纺），接缝处采用无缝热压机贴合；腰部抽绳系统由数控绳扣镌刻机加工，绳扣标识精度误差≤0.02mm，开合测试达10000次无卡顿；袖口褶皱工艺通过高温定型机处理，褶皱回弹率经测试达95%以上。 ❗️颜色：黑色 ❗️标准尺码：;0;;lrg3k8cd5bgw3jv;;Для мужчин;"[""https://xcimg.szwego.com/img/65702085/20251129/i1764381356232_9019_0_0.jpg"", ""https://xcimg.szwego.com/img/65702085/20251129/i1764381416650_4893_0_1.jpg"", ""https://xcimg.szwego.com/img/65702085/20251129/i1764381416899_878_0_2.jpg"", ""https://xcimg.szwego.com/img/65702085/20251129/i1764381355943_4266_0_3.jpg"", ""https://xcimg.szwego.com/img/65702085/20251129/i1764381356015_6194_0_4.jpg"", ""https://xcimg.szwego.com/img/65702085/20251129/i1764381413557_8600_0_5.jpg"", ""https://xcimg.szwego.com/img/65702085/20251129/i1764381416519_5075_0_6.jpg"", ""https://xcimg.szwego.com/img/65702085/20251129/i1764381356063_8579_0_7.jpg"", ""https://xcimg.szwego.com/img/65702085/20251129/i1764381413651_5532_0_8.jpg""]"
_dr4rSfsDzf5WX4Ofp4gftjJqejhMsY2HGbb6ioA;;【顺丰包邮】Moncler蒙口立领羽绒马甲 — 奢潮御寒 · 经典廓形与标识美学的硬核碰撞 — Moncler 焕新呈现这款立领羽绒马甲，将品牌经典羽绒廓形与标识美学完美融合，是秋冬彰显奢潮品味与温暖守护的硬核之选。严选高品质羽绒填充，经精湛工艺打造出饱满立体廓形，保暖锁温性能卓越，同时质感高级且富有辨识度；衣身利落的绗缝设计搭配品牌标志性徽章，视觉冲击力拉满，彰显Moncler品牌的高端户外传承与时尚态度，将奢牌底蕴与机能设计精妙糅合。立领版型搭配金属拉链与五金扣，穿脱便捷尽显利落；细节处的精致处理，从面料的光泽感五金配件的质感，都为整体造型增添潮流层次与高端质感，轻松驾驭都市通勤、街头出街等多种风格场景。 ⚠️ 发货规格：全套包装 ❗️颜色：黑色 ❗ 标准尺码： ❗ 支持量身定制;0;;lrg3k8cd5bgw3jv;;Для мужчин;"[""https://xcimg.szwego.com/img/65702085/20251010/i1760026314_6390_0.jpg"", ""https://xcimg.szwego.com/img/65702085/20251010/i1760026314_4172_0.jpg"", ""https://xcimg.szwego.com/img/65702085/20251010/i1760026315_945_0.jpg"", ""https://xcimg.szwego.com/img/65702085/20251010/i1760026315_7230_0.jpg"", ""https://xcimg.szwego.com/img/65702085/20251010/i1760026315_8972_0.jpg"", ""https://xcimg.szwego.com/img/65702085/20251010/i1760026315_9637_0.jpg"", ""https://xcimg.szwego.com/img/65702085/20251010/i1760026315_5083_0.jpg"", ""https://xcimg.szwego.com/img/65702085/20251010/i1760026315_2400_0.jpg"", ""https://xcimg.szwego.com/img/65702085/20251010/i1760026316_7713_0.jpg"", ""https://xcimg.szwego.com/img/65702085/20251010/i1760026315_3529_0.jpg""]"
_d_CrSv5PG0OG-xOD3yHu3gbkST0L-4kCGwmGzJg;;【顺丰包邮】Prada 普拉达再生尼龙翻领羽绒夹克 — 奢雅御寒 · 再生尼龙与金属徽标的格调保暖典藏 — 这款翻领羽绒夹克，是Prada将意式奢品美学与可持续羽绒工艺的精妙融合，为追求轻奢质感与御寒功能的时尚精英打造冬日身份战袍。严选100%再生锦纶面料，兼具防风属性与环保价值，填充白鸭绒（含绒量90%），蓬松保暖且践行可持续时尚；经立体剪裁塑造出简约又不失高级的利落廓形；细节处尽显奢牌血统：胸前标志性的三角金属徽标、定制品牌拉链头，每一处设计都如奢品印记般精致，是轻奢时尚身份的低调彰显；翻领版型优雅大气，兼顾造型与御寒需求，细节控的冬日心头挚爱；再生尼龙面料的精密绗缝与金属件的衔接浑然天成，每一处工艺都透着“意式奢品匠造”的严谨态度。从再生尼龙的环保质感，到羽绒与金属的材质碰撞，再到翻领版型的奢雅腔调，都为整体造型注入奢雅层次与实用性，轻松驾驭都市通勤、商务会晤、轻奢社交等多元场景。 ❗️颜色：黑色 ❗ 标准尺码：;0;;lrg3k8cd5bgw3jv;;Для мужчин;"[""https://xcimg.szwego.com/img/65702085/20251029/i1761672232_8987_3.jpg"", ""https://xcimg.szwego.com/img/65702085/20251029/i1761672231_3117_2.jpg"", ""https://xcimg.szwego.com/img/65702085/20251029/i1761672232_9835_7.jpg"", ""https://xcimg.szwego.com/img/65702085/20251029/i1761672231_1573_1.jpg"", ""https://xcimg.szwego.com/img/65702085/20251029/i1761672232_9166_8.jpg"", ""https://xcimg.szwego.com/img/65702085/20251029/i1761672232_504_5.jpg"", ""https://xcimg.szwego.com/img/65702085/20251029/i1761672232_9659_6.jpg"", ""https://xcimg.szwego.com/img/65702085/20251029/i1761672232_7805_4.jpg"", ""https://xcimg.szwego.com/img/65702085/20251029/i1761672231_882_0.jpg""]"
_dHurSRQx67vFWKdtZp0p9hfCm073Z2uJULRz0hg;;【顺丰包邮】PRADA普拉达奢级立领羽绒马甲 — 奢潮叠搭 · 先锋设计与极简廓形的质感对话 — 这款普拉达立领羽绒马甲，是品牌将先锋机能美学与极简奢感精妙融合的叠搭利器，为秋冬塑造高奢层次感与强效御寒体验提供绝佳选择。严选高密亮面羽绒面料，90%+高蓬松白鹅绒填充，锁温保暖性能卓越，经奢牌工艺塑造出饱满立体的廓形，经典黑色调酷感十足，自带低调矜贵的高奢气场；细节之处尽显匠心巧思：胸前红色PRADA标识醒目吸睛，是普拉达身份的奢级彰显；定制金属拉链与隐形口袋设计质感拉满，开合间尽释大牌工艺精髓；立领设计利落挺括，适配多元叠穿风格需求。从面料的防风抗寒性能到品牌标识的工艺细节，每一处都为整体造型注入奢级质感与超强辨识度，无论是内搭衬衫打造商务轻奢格调，还是外穿叠搭大衣诠释潮奢态度，都能轻松驾驭都市通勤、高端社交、潮流出街等多元场景。 ⚠️ 发货规格：全套包装 ❗️颜色：黑色 ❗ 标准尺码;0;;lrg3k8cd5bgw3jv;;Для мужчин;"[""https://xcimg.szwego.com/img/65702085/20251024/i1761236376_6698_3.jpg"", ""https://xcimg.szwego.com/img/65702085/20251024/i1761236376_868_0.jpg"", ""https://xcimg.szwego.com/img/65702085/20251024/i1761236376_8400_1.jpg"", ""https://xcimg.szwego.com/img/65702085/20251024/i1761236376_2244_8.jpg"", ""https://xcimg.szwego.com/img/65702085/20251024/i1761236376_3814_4.jpg"", ""https://xcimg.szwego.com/img/65702085/20251024/i1761236376_6351_2.jpg"", ""https://xcimg.szwego.com/img/65702085/20251024/i1761236376_6139_5.jpg"", ""https://xcimg.szwego.com/img/65702085/20251024/i1761236376_3844_6.jpg"", ""https://xcimg.szwego.com/img/65702085/20251024/i1761236376_1825_7.jpg""]"
_dfmrSCmcj5SCqCBaS7vodNuMEk14jR-zUFRW8Tg;;LOUIS VUITTON 路易威登浮雕压纹连帽羽绒夹克 面料与里料选用高密质感材质，经特殊工艺处理实现哑光质感与优异色牢度，其上满幅浮雕式 LV 经典 Monogram 压纹，由精密压印设备逐寸雕琢，纹路清晰度与立体感表现卓越；裁片环节凭借高端数控裁剪系统，结合连帽版型的人体工学设计，将帽身、肩线等拼接部位的裁片误差控制在±0.15mm 内，为整体结构的精密缝合奠定坚实基础。优质羽绒按严格克重填充至独立绗缝格，充绒环境全程恒温，通过精准调控让每格蓬松度差异极小，同时经专业检测确保内部绒朵无结块风险。缝制工艺中，电脑控制的绗缝设备以均匀针距完成主体绗缝，充绒口采用密缝工艺杜绝跑绒；拉链头、袖口金属扣具等五金配件经特殊工艺加工，表面镀层均匀且耐用性经多轮测试达标；袖臂处的 LV 压胶标识与帽身浮雕压纹工艺相呼应，边缘平整度极高，品牌辨识度与材质耐久性兼具。连帽结构经专业定型工艺塑造，内置隐形支撑结构，经反复弯折测试后依旧挺括有型；下摆抽绳系统的金属调节扣刻有品牌标识，绳体与扣具的连接工艺牢固，耐用性达标；从线迹平整度到五金件的细节处理，每一处工艺均经严格把控，尽显奢华品质与精湛工艺。 ❗️颜色：米白色 ❗️标准尺码：;0;;lrg3k8cd5bgw3jv;;Для мужчин;"[""https://xcimg.szwego.com/img/65702085/20251229/i1766968519197_9542_0_0.jpg"", ""https://xcimg.szwego.com/img/65702085/20251229/i1766968522923_3717_0_1.jpg"", ""https://xcimg.szwego.com/img/65702085/20251229/i1766968522820_7012_0_2.jpg"", ""https://xcimg.szwego.com/img/65702085/20251229/i1766968519159_224_0_4.jpg"", ""https://xcimg.szwego.com/img/65702085/20251229/i1766968522556_9996_0_5.jpg"", ""https://xcimg.szwego.com/img/65702085/20251229/i1766968522549_881_0_6.jpg"", ""https://xcimg.szwego.com/img/65702085/20251229/i1766968519159_2801_0_7.jpg"", ""https://xcimg.szwego.com/img/65702085/20251229/i1766968519159_9055_0_8.jpg"", ""https://xcimg.szwego.com/img/65702085/20251229/i1766968522927_4351_0_9.jpg""]"
_drtrSWX2RhZHqIoBMFpz7evSW_OAQmMD8GHOo1A;;LOUIS VUITTON 路易威登浮雕压纹连帽羽绒夹克 面料与里料选用高密质感材质，经特殊工艺处理实现哑光质感与优异色牢度，其上满幅浮雕式 LV 经典 Monogram 压纹，由精密压印设备逐寸雕琢，纹路清晰度与立体感表现卓越；裁片环节凭借高端数控裁剪系统，结合连帽版型的人体工学设计，将帽身、肩线等拼接部位的裁片误差控制在±0.15mm 内，为整体结构的精密缝合奠定坚实基础。优质羽绒按严格克重填充至独立绗缝格，充绒环境全程恒温，通过精准调控让每格蓬松度差异极小，同时经专业检测确保内部绒朵无结块风险。缝制工艺中，电脑控制的绗缝设备以均匀针距完成主体绗缝，充绒口采用密缝工艺杜绝跑绒；拉链头、袖口金属扣具等五金配件经特殊工艺加工，表面镀层均匀且耐用性经多轮测试达标；袖臂处的 LV 压胶标识与帽身浮雕压纹工艺相呼应，边缘平整度极高，品牌辨识度与材质耐久性兼具。连帽结构经专业定型工艺塑造，内置隐形支撑结构，经反复弯折测试后依旧挺括有型；下摆抽绳系统的金属调节扣刻有品牌标识，绳体与扣具的连接工艺牢固，耐用性达标；从线迹平整度到五金件的细节处理，每一处工艺均经严格把控，尽显奢华品质与精湛工艺。 ❗️颜色：黑色 ❗️标准尺码：;0;;lrg3k8cd5bgw3jv;;Для мужчин;"[""https://xcimg.szwego.com/img/65702085/20251229/i1766968917889_8858_0_0.jpg"", ""https://xcimg.szwego.com/img/65702085/20251229/i1766968914866_8068_0_1.jpg"", ""https://xcimg.szwego.com/img/65702085/20251229/i1766968914836_2782_0_2.jpg"", ""https://xcimg.szwego.com/img/65702085/20251229/i1766968914581_357_0_3.jpg"", ""https://xcimg.szwego.com/img/65702085/20251229/i1766968917881_62_0_4.jpg"", ""https://xcimg.szwego.com/img/65702085/20251229/i1766968914742_6016_0_5.jpg"", ""https://xcimg.szwego.com/img/65702085/20251229/i1766968914621_3166_0_6.jpg"", ""https://xcimg.szwego.com/img/65702085/20251229/i1766968917604_5761_0_7.jpg"", ""https://xcimg.szwego.com/img/65702085/20251229/i1766968917818_8039_0_8.jpg""]"
_dm-rSBh1O8nfJkSGSZ8UQ9myZv8Gdgx6rRHpVtQ;;MONCLER 蒙口金属光泽连帽羽绒服 面料与里料采用高密金属光泽100%锦纶，经特殊工艺处理呈现高级哑光金属质感，色牢度与耐磨性表现优异；裁片环节依托智能裁剪系统，结合连帽版型的人体工学数据，将帽檐、肩缝等拼接部位的裁片误差控制在±0.15mm内，为整体结构的精密缝合筑牢根基。充绒环境保持恒温，通过精准调控使每格蓬松度偏差极小，同时借助专业检测手段排除内部绒朵结块隐患。缝制工艺里，电脑绗缝机以精准针距完成主体绗缝，充绒口采用密缝工艺处理；袖口的金属扣具与拉链头经专业成型机加工，表面镀层均匀且耐用性经多轮测试表现出色；袖臂处的MONCLER徽标通过精细刺绣工艺呈现，标识边缘平整度极高，兼具辨识度与耐久性。连帽结构经专业定型工艺塑形，内置支撑结构，经弯折测试后仍能保持挺括形态；多处细节的缝制工艺经严格把控，线迹平整度、五金件质感等指标均达高等级标准。 ❗️颜色：金属灰 ❗️标准尺码：;0;;lrg3k8cd5bgw3jv;;Для мужчин;"[""https://xcimg.szwego.com/img/65702085/20251229/i1766969202353_6737_0_0.jpg"", ""https://xcimg.szwego.com/img/65702085/20251229/i1766969199821_6134_0_1.jpg"", ""https://xcimg.szwego.com/img/65702085/20251229/i1766969199176_2505_0_2.jpg"", ""https://xcimg.szwego.com/img/65702085/20251229/i1766969199374_6224_0_3.jpg"", ""https://xcimg.szwego.com/img/65702085/20251229/i1766969202194_3787_0_4.jpg"", ""https://xcimg.szwego.com/img/65702085/20251229/i1766969202004_1390_0_5.jpg"", ""https://xcimg.szwego.com/img/65702085/20251229/i1766969199509_2640_0_6.jpg"", ""https://xcimg.szwego.com/img/65702085/20251229/i1766969202282_3720_0_7.jpg"", ""https://xcimg.szwego.com/img/65702085/20251229/i1766969199563_9617_0_8.jpg""]"
_dnRrSrrhMv6KVyAr2frETStZ1MRNfT3efxM4GpQ;;MONCLER 蒙口立领轻薄羽绒服 面料与里料采用高密哑光100%锦纶，经精密织机织造，色牢度与轻薄质感表现优异；裁片环节依托智能裁剪系统，结合立领版型的人体工学数据，将领部、肩缝等拼接部位的裁片误差控制在±0.15mm内，为整体结构的精密缝合筑牢根基。充绒环境保持恒温，通过精准调控使每格蓬松度偏差极小，同时借助专业检测手段排除内部绒朵结块隐患。缝制工艺里，电脑绗缝机以精准针距完成主体绗缝，充绒口采用密缝工艺处理；袖口的金属扣具经专业成型机加工，表面镀层均匀且耐用性经测试表现出色；袖臂处的MONCLER徽标通过精细刺绣工艺呈现，标识边缘平整度极高，兼具辨识度与耐久性。立领结构经专业定型工艺塑形，穿着挺括有型；多处细节的缝制工艺经严格把控，线迹平整度、五金件质感等指标均达高等级标准。 ❗️颜色：浅灰色 ❗️标准尺码：;0;;lrg3k8cd5bgw3jv;;Для мужчин;"[""https://xcimg.szwego.com/img/65702085/20251229/i1766969653544_9228_0_0.jpg"", ""https://xcimg.szwego.com/img/65702085/20251229/i1766969653440_1129_0_1.jpg"", ""https://xcimg.szwego.com/img/65702085/20251229/i1766969656277_9025_0_2.jpg"", ""https://xcimg.szwego.com/img/65702085/20251229/i1766969653400_2464_0_3.jpg"", ""https://xcimg.szwego.com/img/65702085/20251229/i1766969656061_4801_0_4.jpg"", ""https://xcimg.szwego.com/img/65702085/20251229/i1766969653027_6189_0_5.jpg"", ""https://xcimg.szwego.com/img/65702085/20251229/i1766969653320_8600_0_6.jpg"", ""https://xcimg.szwego.com/img/65702085/20251229/i1766969656198_5503_0_7.jpg"", ""https://xcimg.szwego.com/img/65702085/20251229/i1766969656314_4320_0_8.jpg""]"
_dj5rS010jdnKff4n4-eG8Ndz_IXM8PwZxVP5d4A;;MONCLER 蒙口立领轻薄羽绒服 面料与里料采用高密哑光100%锦纶，经精密织机织造，色牢度与轻薄质感表现优异；裁片环节依托智能裁剪系统，结合立领版型的人体工学数据，将领部、肩缝等拼接部位的裁片误差控制在±0.15mm内，为整体结构的精密缝合筑牢根基。充绒环境保持恒温，通过精准调控使每格蓬松度偏差极小，同时借助专业检测手段排除内部绒朵结块隐患。缝制工艺里，电脑绗缝机以精准针距完成主体绗缝，充绒口采用密缝工艺处理；袖口的金属扣具经专业成型机加工，表面镀层均匀且耐用性经测试表现出色；袖臂处的MONCLER徽标通过精细刺绣工艺呈现，标识边缘平整度极高，兼具辨识度与耐久性。立领结构经专业定型工艺塑形，穿着挺括有型；多处细节的缝制工艺经严格把控，线迹平整度、五金件质感等指标均达高等级标准。 ❗️颜色：黑色 ❗️标准尺码：;0;;lrg3k8cd5bgw3jv;;Для мужчин;"[""https://xcimg.szwego.com/img/65702085/20251229/i1766969824333_5677_0_0.jpg"", ""https://xcimg.szwego.com/img/65702085/20251229/i1766969824449_3360_0_1.jpg"", ""https://xcimg.szwego.com/img/65702085/20251229/i1766969823940_7802_0_2.jpg"", ""https://xcimg.szwego.com/img/65702085/20251229/i1766969824216_9125_0_3.jpg"", ""https://xcimg.szwego.com/img/65702085/20251229/i1766969826877_6842_0_4.jpg"", ""https://xcimg.szwego.com/img/65702085/20251229/i1766969823962_3506_0_5.jpg"", ""https://xcimg.szwego.com/img/65702085/20251229/i1766969826837_9321_0_6.jpg"", ""https://xcimg.szwego.com/img/65702085/20251229/i1766969827045_6294_0_7.jpg"", ""https://xcimg.szwego.com/img/65702085/20251229/i1766969826948_7688_0_8.jpg""]"
_dprrSl4sYwpICj4R8lSS4U5hVKjGHhAJR9SGeZg;;MONCLER 蒙口立领轻薄羽绒服 面料与里料采用高密哑光100%锦纶，经精密织机织造，色牢度与轻薄质感表现优异；裁片环节依托智能裁剪系统，结合立领版型的人体工学数据，将领部、肩缝等拼接部位的裁片误差控制在±0.15mm内，为整体结构的精密缝合筑牢根基。充绒环境保持恒温，通过精准调控使每格蓬松度偏差极小，同时借助专业检测手段排除内部绒朵结块隐患。缝制工艺里，电脑绗缝机以精准针距完成主体绗缝，充绒口采用密缝工艺处理；袖口的金属扣具经专业成型机加工，表面镀层均匀且耐用性经测试表现出色；袖臂处的MONCLER徽标通过精细刺绣工艺呈现，标识边缘平整度极高，兼具辨识度与耐久性。立领结构经专业定型工艺塑形，穿着挺括有型；多处细节的缝制工艺经严格把控，线迹平整度、五金件质感等指标均达高等级标准。 ❗️颜色：白色 ❗️标准尺码：;0;;lrg3k8cd5bgw3jv;;Для мужчин;"[""https://xcimg.szwego.com/img/65702085/20251229/i1766969940772_8445_0_0.jpg"", ""https://xcimg.szwego.com/img/65702085/20251229/i1766969944027_3696_0_1.jpg"", ""https://xcimg.szwego.com/img/65702085/20251229/i1766969943965_8858_0_2.jpg"", ""https://xcimg.szwego.com/img/65702085/20251229/i1766969940428_6149_0_3.jpg"", ""https://xcimg.szwego.com/img/65702085/20251229/i1766969940675_3036_0_4.jpg"", ""https://xcimg.szwego.com/img/65702085/20251229/i1766969943825_5913_0_5.jpg"", ""https://xcimg.szwego.com/img/65702085/20251229/i1766969940586_3202_0_6.jpg"", ""https://xcimg.szwego.com/img/65702085/20251229/i1766969940680_9964_0_7.jpg"", ""https://xcimg.szwego.com/img/65702085/20251229/i1766969944062_5716_0_8.jpg""]"
_dnZrSWed63WrScENBb0dOtUiF2P8EnMnKQPnQZQ;;MONCLER 蒙口立领轻薄羽绒服 面料与里料采用高密哑光100%锦纶，经精密织机织造，色牢度与轻薄质感表现优异；裁片环节依托智能裁剪系统，结合立领版型的人体工学数据，将领部、肩缝等拼接部位的裁片误差控制在±0.15mm内，为整体结构的精密缝合筑牢根基。充绒环境保持恒温，通过精准调控使每格蓬松度偏差极小，同时借助专业检测手段排除内部绒朵结块隐患。缝制工艺里，电脑绗缝机以精准针距完成主体绗缝，充绒口采用密缝工艺处理；袖口的金属扣具经专业成型机加工，表面镀层均匀且耐用性经测试表现出色；袖臂处的MONCLER徽标通过精细刺绣工艺呈现，标识边缘平整度极高，兼具辨识度与耐久性。立领结构经专业定型工艺塑形，穿着挺括有型；多处细节的缝制工艺经严格把控，线迹平整度、五金件质感等指标均达高等级标准。 ❗️颜色：藏蓝 ❗️标准尺码：;0;;lrg3k8cd5bgw3jv;;Для мужчин;"[""https://xcimg.szwego.com/img/65702085/20251229/i1766970113421_1081_0_0.jpg"", ""https://xcimg.szwego.com/img/65702085/20251229/i1766970113495_1826_0_1.jpg"", ""https://xcimg.szwego.com/img/65702085/20251229/i1766970115928_7521_0_2.jpg"", ""https://xcimg.szwego.com/img/65702085/20251229/i1766970113008_1291_0_3.jpg"", ""https://xcimg.szwego.com/img/65702085/20251229/i1766970113336_6728_0_4.jpg"", ""https://xcimg.szwego.com/img/65702085/20251229/i1766970113238_704_0_5.jpg"", ""https://xcimg.szwego.com/img/65702085/20251229/i1766970115755_3144_0_6.jpg"", ""https://xcimg.szwego.com/img/65702085/20251229/i1766970115880_913_0_7.jpg"", ""https://xcimg.szwego.com/img/65702085/20251229/i1766970115871_2533_0_8.jpg""]"
_djLrSiE7iHuLmskf1HbpZH95pBrFYNEWjsIC2lg;;MONCLER 蒙口金属光泽连帽羽绒服 面料与里料采用高密金属光泽100%锦纶，经特殊工艺处理呈现高级哑光金属质感，色牢度与耐磨性表现优异；裁片环节依托智能裁剪系统，结合连帽版型的人体工学数据，将帽檐、肩缝等拼接部位的裁片误差控制在±0.15mm内，为整体结构的精密缝合筑牢根基。充绒环境保持恒温，通过精准调控使每格蓬松度偏差极小，同时借助专业检测手段排除内部绒朵结块隐患。缝制工艺里，电脑绗缝机以精准针距完成主体绗缝，充绒口采用密缝工艺处理；袖口的金属扣具与拉链头经专业成型机加工，表面镀层均匀且耐用性经多轮测试表现出色；袖臂处的MONCLER徽标通过精细刺绣工艺呈现，标识边缘平整度极高，兼具辨识度与耐久性。连帽结构经专业定型工艺塑形，内置支撑结构，经弯折测试后仍能保持挺括形态；多处细节的缝制工艺经严格把控，线迹平整度、五金件质感等指标均达高等级标准。 ❗️颜色：黄色 ❗️标准尺码：;0;;lrg3k8cd5bgw3jv;;Для мужчин;"[""https://xcimg.szwego.com/img/65702085/20251229/i1766970262254_2960_0_0.jpg"", ""https://xcimg.szwego.com/img/65702085/20251229/i1766970259890_6241_0_1.jpg"", ""https://xcimg.szwego.com/img/65702085/20251229/i1766970262325_2640_0_2.jpg"", ""https://xcimg.szwego.com/img/65702085/20251229/i1766970262125_872_0_3.jpg"", ""https://xcimg.szwego.com/img/65702085/20251229/i1766970259789_8528_0_4.jpg"", ""https://xcimg.szwego.com/img/65702085/20251229/i1766970259358_8377_0_5.jpg"", ""https://xcimg.szwego.com/img/65702085/20251229/i1766970259631_494_0_6.jpg"", ""https://xcimg.szwego.com/img/65702085/20251229/i1766970259721_5758_0_7.jpg"", ""https://xcimg.szwego.com/img/65702085/20251229/i1766970262001_7609_0_8.jpg""]"
_dvDrSvbTACIFbHmn0aM1-PtqNoiZL6tVjRlWXww;;（🔥独家款式）Chrome Hearts 克罗心十字贴布阔腿裤 单品超（5w）整体定织定染纯棉➕羊毛🦙混纺面料，硬挺度顺滑度堪比原版、整条裤子立体剪裁 边缘破开处理，前幅左右↔️双层真皮经典交叉❌十字架绣纹图腾图案，（暗绣处理）一共要开三套模，先绣一层，在贴一层，反复制作而成，下层🈚️光反皮，上层亮光皮，层次感极强、斜下开缝，配饰100%925纯银金属纽扣拉链扣钉，还原度可想而知，后幅双口袋配搭，每个口袋都和前幅一样采用相同的真皮十字花绣纹图腾图案、🆚前幅交相呼应，为了做这个款，我们直接包了大型流水线西装厂的一个组，因为只有大型的厂才有更专业的烫合裁片的师傅和机器！ ❗️颜色：黑色 ❗️标准尺码：;0;;lrg3k8cd5bgw3jv;;Для мужчин;"[""https://xcimg.szwego.com/img/6c7a535f/20251228/i1766859589167_3949_0_0.jpg"", ""https://xcimg.szwego.com/img/6c7a535f/20251228/i1766859733119_6348_0_1.jpg"", ""https://xcimg.szwego.com/img/6c7a535f/20251228/i1766859733080_1526_0_3.jpg"", ""https://xcimg.szwego.com/img/6c7a535f/20251228/i1766859589030_8247_0_4.jpg"", ""https://xcimg.szwego.com/img/6c7a535f/20251228/i1766859588864_3718_0_5.jpg"", ""https://xcimg.szwego.com/img/6c7a535f/20251228/i1766859589218_9130_0_6.jpg"", ""https://xcimg.szwego.com/img/6c7a535f/20251228/i1766859588990_2438_0_7.jpg"", ""https://xcimg.szwego.com/img/6c7a535f/20251228/i1766859733153_2397_0_8.jpg"", ""https://xcimg.szwego.com/img/6c7a535f/20251228/i1766859575995_5468_0_9.jpg""]"
_dr6rSPYyjtWGbeH2q6APZ31_U6hFm7jzOSxKYuA;;（🔥独家款式） DIOR 迪奥翻领真皮夹克 采用100%牛皮革打造，意大利原产。皮革经特殊麂皮化工艺处理，触感软糯细腻且富有高级肌理，色牢度表现优异；裁片环节依托品牌精湛手工裁剪技艺，将领口、肩缝等拼接部位的裁片误差控制在极小范围内，为整体结构的精密缝合筑牢根基。经典翻领剪裁贴合颈部线条，领口边缘缝制工艺精细工整，针距均匀且线迹平整，与整体真皮版型相得益彰；衣身版型经人体工学设计，穿着利落有型，定制金属纽扣镌刻“DIOR”品牌标识，经精密工艺加工，质感上乘且耐用性经测试表现出色；口袋设计实用美观，袋口缝制工艺扎实，边缘平整度极高，与衣身风格和谐统一，既满足日常收纳需求，又提升夹克设计感与实用性。内里采用100%聚酯纤维面料，与外层真皮形成质感对比，穿着舒适且便于打理；袖口处纽扣与衣身衔接自然流畅，线迹细密牢固；衣身各处拼接工艺经严格把控，皮革拼接处平整度等指标均达高等级标准，紫色独特色调赋予夹克吸睛属性，意大利精工彰显品牌奢华品质。 ❗️颜色：紫色 ❗️标准尺码：;0;;lrg3k8cd5bgw3jv;;Для мужчин;"[""https://xcimg.szwego.com/img/6c7a535f/20251228/i1766859349608_4124_0_0.jpg"", ""https://xcimg.szwego.com/img/6c7a535f/20251228/i1766859360338_5481_0_1.jpg"", ""https://xcimg.szwego.com/img/6c7a535f/20251228/i1766859360190_189_0_2.jpg"", ""https://xcimg.szwego.com/img/6c7a535f/20251228/i1766859343389_4225_0_3.jpg"", ""https://xcimg.szwego.com/img/6c7a535f/20251228/i1766859349526_4747_0_4.jpg"", ""https://xcimg.szwego.com/img/6c7a535f/20251228/i1766859343637_4604_0_5.jpg"", ""https://xcimg.szwego.com/img/6c7a535f/20251228/i1766859349645_329_0_6.jpg"", ""https://xcimg.szwego.com/img/6c7a535f/20251228/i1766859359880_6267_0_7.jpg"", ""https://xcimg.szwego.com/img/6c7a535f/20251228/i1766859349699_6220_0_8.jpg""]"
_d-DrSMNDYlaorMUI_Z0g0drH3T4v3MsVxSCvJgw;;（🔥独家款式） Miu Miu 缪缪羊毛衬衫式夹克 整体进口100%羊毛🦙丽绒双面面料，挺阔柔软保暖舒适，软软糯糯。翻领衬衫元素设计风格，黑色为主色—纽扣为白色，强烈的反差效果，左侧上位lougo绣纹图腾图案，双层纹理绣花，边缘烧花处理，立体感极强，下幅边缘平行剪裁，让其满足更多穿搭需求，极简风格设计，细节满满。做工精细且质感上乘。细节衣身各处缝制工艺经严格把控，线迹平整度等指标均达高等级标准。低调中尽显品牌辨识度，打破纯色的单调感；制作周期2个多月！不解释！拿到实物自己感受！其他都很简单，就卖个面料的独一无二，版型原汁原味。 ❗️颜色：黑色 ❗️标准尺码：;0;;lrg3k8cd5bgw3jv;;Для мужчин;"[""https://xcimg.szwego.com/img/65702085/20251228/i1766863633395_3935_0_0.jpg"", ""https://xcimg.szwego.com/img/65702085/20251228/i1766863576349_5923_0_1.jpg"", ""https://xcimg.szwego.com/img/65702085/20251228/i1766864002315_8422_0_2.jpg"", ""https://xcimg.szwego.com/img/65702085/20251228/i1766863576348_2585_0_3.jpg"", ""https://xcimg.szwego.com/img/65702085/20251228/i1766863633177_48_0_4.jpg"", ""https://xcimg.szwego.com/img/65702085/20251228/i1766863576349_9868_0_5.jpg"", ""https://xcimg.szwego.com/img/65702085/20251228/i1766863576349_8165_0_6.jpg"", ""https://xcimg.szwego.com/img/65702085/20251228/i1766863576349_8932_0_7.jpg"", ""https://xcimg.szwego.com/img/65702085/20251228/i1766863633331_4849_0_8.jpg""]"
_dcCrSaUqNnjYP90PT7Gaw1hEmpvsVgvXNn2Hd4A;;Chrome Hearts 克罗心十字刺绣连帽卫衣 ⚠️真马毛➕925真银配饰 2025秋冬，单价超3W整体定织定染双面抓绒面料，柔软细腻舒适保暖。衣身正面饰有品牌标志性的十字特殊❗️马毛🐎。打造低调的立体纹理，图案轮廓清晰，成为细节处的视觉亮点。大宝剑🗡️ ，字母贴牌 ❗️925银一个配饰市场价一百多。前幅通体开拉链，自行调节，满足不同穿搭需求，前幅左侧⬅️真马毛十字架绣花图腾图案，后幅大面积马毛图腾图案，配搭，前后呼应—左袖下方绣纹图腾图案，细节满满，其它的自己看，喜欢的赶紧下手吧 ❗️颜色：黑色 ❗️标准尺码：;0;;lrg3k8cd5bgw3jv;;Для мужчин;"[""https://xcimg.szwego.com/img/6c7a535f/20251228/i1766859421074_9142_0_0.jpg"", ""https://xcimg.szwego.com/img/6c7a535f/20251228/i1766859420944_8802_0_1.jpg"", ""https://xcimg.szwego.com/img/6c7a535f/20251228/i1766859406024_991_0_2.jpg"", ""https://xcimg.szwego.com/img/6c7a535f/20251228/i1766859439240_8096_0_3.jpg"", ""https://xcimg.szwego.com/img/6c7a535f/20251228/i1766859439106_2344_0_4.jpg"", ""https://xcimg.szwego.com/img/6c7a535f/20251228/i1766859420763_4625_0_5.jpg"", ""https://xcimg.szwego.com/img/6c7a535f/20251228/i1766859405866_9978_0_6.jpg"", ""https://xcimg.szwego.com/img/6c7a535f/20251228/i1766859421009_2067_0_9.jpg"", ""https://xcimg.szwego.com/img/6c7a535f/20251228/i1766859420884_7768_0_10.jpg""]"
_dM1rSo_raPClm0tMmd_Hbri0kMTs6DCgSpYascg;;（🔥独家款式） PRADA 普拉达灰色翻领羊毛夹克 整体定织定染进口雪灰面长毛羊绒🐑面料，柔软细腻舒适保暖，表面呈现灰色纹理。 前幅开拉链设计，左侧经典灰色金属三角徽章图腾图案，左右↔️开口袋，满足不同穿搭需求，袖口处独特的风衣，调节扣，任意选择，下脚位圆角处里，让整件衣服更加灵动。左胸位置点缀品牌标志性的三角金属徽标，徽标做工精致、质感冷冽，与灰色毛呢面料形成材质对比，成为整体造型的点睛之笔；拉头刻有品牌标识，开合过程流畅无阻，细节处尽显品牌格调。所有辅料五金全部原版开模，这个冬天有它就足够了，废话不多说，喜欢的赶紧下手吧！ ❗️颜色：灰色 ❗️标准尺码：;0;;lrg3k8cd5bgw3jv;;Для мужчин;"[""https://xcimg.szwego.com/img/6c7a535f/20251228/i1766859483766_6299_0_0.jpg"", ""https://xcimg.szwego.com/img/6c7a535f/20251228/i1766859521974_5002_0_1.jpg"", ""https://xcimg.szwego.com/img/6c7a535f/20251228/i1766859522240_6019_0_2.jpg"", ""https://xcimg.szwego.com/img/6c7a535f/20251228/i1766859483477_5104_0_3.jpg"", ""https://xcimg.szwego.com/img/6c7a535f/20251228/i1766859483727_5135_0_4.jpg"", ""https://xcimg.szwego.com/img/6c7a535f/20251228/i1766859522225_6264_0_5.jpg"", ""https://xcimg.szwego.com/img/6c7a535f/20251228/i1766859483809_2719_0_6.jpg"", ""https://xcimg.szwego.com/img/6c7a535f/20251228/i1766859483926_7515_0_7.jpg"", ""https://xcimg.szwego.com/img/6c7a535f/20251228/i1766859522073_1857_0_8.jpg""]"
_d81rS1K2BfgENwrvr5_dfQOvhB2dTnrw5MWdFBA;;（🔥独家款式） Louis Vuitton 路易威登长款大衣 整体定织定染羊绒羊毛混纺面料⚠️30%的羊绒，70%的羊毛材质！质地柔软蓬松且绒感细腻，具备极佳的保暖性与垂坠感，触摸时温润亲肤，久穿不易起球变形，尽显高端面料的质感。一看就是高档货！特定金属超大纽扣，更显优雅高贵气质，左右↔️开口袋，满足日长穿搭需求，左侧位反绒真皮lougo徽章点缀、领口位金属装饰链条⛓️‍💥领口采用简约的无领V字设计，线条流畅利落，所有辅料五金全部原版开模，自留款，非常满意。 ❗️颜色：黑色 ❗️标准尺码：;0;;lrg3k8cd5bgw3jv;;Для мужчин;"[""https://xcimg.szwego.com/img/6c7a535f/20251228/i1766859674505_2429_0_0.jpg"", ""https://xcimg.szwego.com/img/6c7a535f/20251228/i1766859674605_7211_0_1.jpg"", ""https://xcimg.szwego.com/img/65702085/20251228/i1766863576350_5368_0_2.jpg"", ""https://xcimg.szwego.com/img/6c7a535f/20251228/i1766859674390_123_0_3.jpg"", ""https://xcimg.szwego.com/img/65702085/20251228/i1766863576349_6872_0_4.jpg"", ""https://xcimg.szwego.com/img/6c7a535f/20251228/i1766859674413_9923_0_5.jpg"", ""https://xcimg.szwego.com/img/65702085/20251228/i1766863576349_9866_0_6.jpg"", ""https://xcimg.szwego.com/img/6c7a535f/20251228/i1766859918369_7403_0_7.jpg"", ""https://xcimg.szwego.com/img/6c7a535f/20251228/i1766859674597_5637_0_8.jpg""]"
_ddWrSJYM6nrrSTm18WRANgHgQnAi92g0LMReklw;;【顺丰包邮】 MONCLER 收腰连帽长款羽绒服 面料与里料采用高密哑光锦纶材质，经精密织机织造，质感挺括且色泽高级，色牢度表现优异；裁片环节依托智能裁剪系统，结合长款连帽版型的人体工学数据，将帽檐、收腰拼接等部位的裁片误差控制在极小范围，为整体结构的精密缝合筑牢根基。充绒阶段运用品牌定制充绒系统：优质羽绒按严格克重填充至独立绗缝格，充绒环境保持恒温，通过精准调控使每格蓬松度偏差极小，同时借助专业检测手段排除内部绒朵结块隐患。缝制工艺里，电脑绗缝机以精准针距完成主体绗缝，充绒口采用密缝工艺处理；腰部金属扣具经专业成型机加工，质感高级且耐用性经测试表现出色；袖臂处的MONCLER徽标通过精细刺绣工艺呈现，标识边缘平整度极高，兼具辨识度与耐久性。连帽结构经专业定型工艺塑形，内置支撑结构，经弯折测试后仍能保持挺括形态；袖口的收束设计做工精细，贴合手腕且保暖性佳；腰部收腰系统由精密设备加工，扣具耐用性经测试达标；多处细节的缝制工艺经严格把控，线迹平整度等指标均达高等级标准。 ❗️颜色：黑色 ❗️标准尺码：;0;;lrg3k8cd5bgw3jv;;Для мужчин;"[""https://xcimg.szwego.com/img/65702085/20251226/i1766687764210_9947_0_0.jpg"", ""https://xcimg.szwego.com/img/65702085/20251226/i1766687760901_7805_0_1.jpg"", ""https://xcimg.szwego.com/img/65702085/20251226/i1766687760861_7013_0_2.jpg"", ""https://xcimg.szwego.com/img/65702085/20251226/i1766687760709_3355_0_3.jpg"", ""https://xcimg.szwego.com/img/65702085/20251226/i1766687764186_1777_0_4.jpg"", ""https://xcimg.szwego.com/img/65702085/20251226/i1766687760797_8389_0_5.jpg"", ""https://xcimg.szwego.com/img/65702085/20251226/i1766687764197_8307_0_6.jpg"", ""https://xcimg.szwego.com/img/65702085/20251226/i1766687760824_7138_0_7.jpg"", ""https://xcimg.szwego.com/img/65702085/20251226/i1766687764228_8577_0_8.jpg""]"
_dpVrS7JpGiX0CWpamV5XHWS4V-L0NR8ArLBqWCg;;【顺丰包邮】 MONCLER 收腰连帽长款羽绒服 面料与里料采用高密哑光锦纶材质，经精密织机织造，质感挺括且色泽高级，色牢度表现优异；裁片环节依托智能裁剪系统，结合长款连帽版型的人体工学数据，将帽檐、收腰拼接等部位的裁片误差控制在极小范围，为整体结构的精密缝合筑牢根基。充绒阶段运用品牌定制充绒系统：优质羽绒按严格克重填充至独立绗缝格，充绒环境保持恒温，通过精准调控使每格蓬松度偏差极小，同时借助专业检测手段排除内部绒朵结块隐患。缝制工艺里，电脑绗缝机以精准针距完成主体绗缝，充绒口采用密缝工艺处理；腰部金属扣具经专业成型机加工，质感高级且耐用性经测试表现出色；袖臂处的MONCLER徽标通过精细刺绣工艺呈现，标识边缘平整度极高，兼具辨识度与耐久性。连帽结构经专业定型工艺塑形，内置支撑结构，经弯折测试后仍能保持挺括形态；袖口的收束设计做工精细，贴合手腕且保暖性佳；腰部收腰系统由精密设备加工，扣具耐用性经测试达标；多处细节的缝制工艺经严格把控，线迹平整度等指标均达高等级标准。 ❗️颜色：卡其 ❗️标准尺码：;0;;lrg3k8cd5bgw3jv;;Для мужчин;"[""https://xcimg.szwego.com/img/65702085/20251226/i1766687559425_8939_0_0.jpg"", ""https://xcimg.szwego.com/img/65702085/20251226/i1766687559490_5868_0_1.jpg"", ""https://xcimg.szwego.com/img/65702085/20251226/i1766687559341_2396_0_2.jpg"", ""https://xcimg.szwego.com/img/65702085/20251226/i1766687564300_3596_0_3.jpg"", ""https://xcimg.szwego.com/img/65702085/20251226/i1766687564358_7746_0_4.jpg"", ""https://xcimg.szwego.com/img/65702085/20251226/i1766687559371_3696_0_5.jpg"", ""https://xcimg.szwego.com/img/65702085/20251226/i1766687559419_5192_0_6.jpg"", ""https://xcimg.szwego.com/img/65702085/20251226/i1766687564337_1046_0_7.jpg"", ""https://xcimg.szwego.com/img/65702085/20251226/i1766687564432_6488_0_8.jpg""]"
_dbUrSmbZwtWq-3bgHOQt8HmPlnXnzbfSSCfjNrg;;【顺丰包邮】 MONCLER 蒙口长款连帽羽绒服 面料与里料采用高密哑光锦纶材质，经精密织机织造，质感细腻且色泽柔和，色牢度卓越；裁片环节依托智能裁剪系统，结合长款连帽版型的人体工学数据，将帽檐、衣身拼接等部位的裁片误差控制在极小范围，为整体结构的精密缝合筑牢根基。充绒阶段运用品牌定制充绒系统：优质羽绒按严格克重填充至独立绗缝格，充绒环境保持恒温，通过精准调控使每格蓬松度偏差极小，同时借助专业检测手段排除内部绒朵结块隐患。缝制工艺里，电脑绗缝机以精准针距完成主体绗缝，充绒口采用密缝工艺处理；拉链五金经专业工艺加工，顺滑度与耐用性经测试表现出色；袖臂处的MONCLER徽标通过精细刺绣工艺呈现，标识边缘平整度极高，兼具辨识度与耐久性。连帽结构经专业定型工艺塑形，内置支撑结构，经弯折测试后仍能保持挺括形态；袖口的收束设计做工精细，贴合手腕且保暖性佳；多处细节的缝制工艺经严格把控，线迹平整度等指标均达高等级标准。 ❗️颜色：米白 ❗️标准尺码：;0;;lrg3k8cd5bgw3jv;;Для мужчин;"[""https://xcimg.szwego.com/img/65702085/20251226/i1766687036906_6641_0_0.jpg"", ""https://xcimg.szwego.com/img/65702085/20251226/i1766687033083_8877_0_1.jpg"", ""https://xcimg.szwego.com/img/65702085/20251226/i1766687037033_9649_0_2.jpg"", ""https://xcimg.szwego.com/img/65702085/20251226/i1766687032924_4018_0_3.jpg"", ""https://xcimg.szwego.com/img/65702085/20251226/i1766687036991_6213_0_5.jpg"", ""https://xcimg.szwego.com/img/65702085/20251226/i1766687033122_6155_0_6.jpg"", ""https://xcimg.szwego.com/img/65702085/20251226/i1766687036953_5198_0_7.jpg"", ""https://xcimg.szwego.com/img/65702085/20251226/i1766687036927_4421_0_8.jpg"", ""https://xcimg.szwego.com/img/65702085/20251226/i1766687040284_4964_0_9.jpg""]"
_dsirSu_kP2Lt1spqas8HTTS9zXfsXdMmA2P3oMA;;【独家版本】BOTTEGA VENETA 编织皮革夹克 面料采用品牌标志性的手工编织皮革工艺，精选优质皮革经匠人手工编织而成，每一寸纹理都凝聚着精湛技艺，皮革质感细腻且色牢度出众；裁片环节凭借意大利传统制衣工艺的严谨标准，将领口、口袋等拼接部位的裁片误差控制在极小范围，为整体版型的利落挺括奠定坚实基础。工艺细节上，拉链采用定制金属拉链头，经精细打磨与电镀工艺处理，质感高级且耐用性极强；领口与拉链边缘的皮革拼接处，以手工缝制工艺呈现，针脚细腻平整，尽显奢华品质。编织皮革经特殊鞣制工艺处理，触感柔软且耐磨性优异；罗纹袖口与下摆采用高密织法，弹性持久，经多次穿着仍能保持挺括形态；内里的棉质面料与皮革的拼接处，缝制工艺严格把控，线迹平整度等指标均达奢侈品牌高等级标准，处处彰显 BOTTEGA VENETA 对工艺的极致追求。 ❗️颜色：红色 ❗️标准尺码：;0;;lrg3k8cd5bgw3jv;;Для мужчин;"[""https://xcimg.szwego.com/img/65702085/20251223/i1766503884291_4404_0_0.jpg"", ""https://xcimg.szwego.com/img/65702085/20251223/i1766503962467_3186_0_1.jpg"", ""https://xcimg.szwego.com/img/65702085/20251223/i1766503834215_7066_0_2.jpg"", ""https://xcimg.szwego.com/img/65702085/20251223/i1766503884158_2503_0_3.jpg"", ""https://xcimg.szwego.com/img/65702085/20251223/i1766503834215_6385_0_4.jpg"", ""https://xcimg.szwego.com/img/65702085/20251223/i1766503962192_7666_0_5.jpg"", ""https://xcimg.szwego.com/img/65702085/20251223/i1766503884280_9179_0_6.jpg"", ""https://xcimg.szwego.com/img/65702085/20251223/i1766503834215_3622_0_7.jpg"", ""https://xcimg.szwego.com/img/65702085/20251223/i1766503884101_9398_0_8.jpg""]"
_d8XrSyvMeGKQQEQl1q2lp4mE8kNgkNGmGjfhs8g;;LORO PIANA 诺悠翩雅羊反绒立领夹克 面料采用100%珍稀羊皮，经品牌百年鞣制工艺与反绒处理，呈现如丝绒般细腻的质感，触感软糯且自带高级腔调；里料为100%聚酯纤维面料，耐磨且质感挺括，与外层羊反绒形成奢华质感呼应，保障穿着舒适度。裁片环节依托品牌传承的手工裁制体系，将立领、插袋、袖笼及肩部拼接等部位的裁片误差控制在毫米级内，为整体结构的精密缝合筑牢奢华根基。缝制工艺上，采用同色定制羊反绒专用车线，针距均匀流畅，衣身拼接处、口袋边缘的走线平整度达到高奢工艺标杆，每一针都彰显意式匠心。定制金属拉链头经多道打磨与电镀工序，拉合顺滑且金属质感高级；袖口的纽扣设计由手工精密缝制而成，纽扣与羊反绒面料的衔接处走线工整，穿着时贴合腕部，防风且利落有型；下摆的针织罗纹，经特殊织法工艺制作，弹性优异且不易变形，与羊反绒面料的拼接处缝制精密，细节处呼应整体奢华品质。养护方面，因珍稀羊皮材质的特殊性，不可水洗、漂白、干洗，建议送往专业皮革养护机构维护，以保持羊反绒面料的绝佳状态，让这件夹克的高级质感与精湛工艺长久留存。 ❗️颜色：浅棕 ❗️标准尺码：;0;;lrg3k8cd5bgw3jv;;Для мужчин;"[""https://xcimg.szwego.com/img/65702085/20251222/i1766338190641_3871_0_0.jpg"", ""https://xcimg.szwego.com/img/65702085/20251222/i1766338190706_7002_0_1.jpg"", ""https://xcimg.szwego.com/img/65702085/20251222/i1766338190536_23_0_2.jpg"", ""https://xcimg.szwego.com/img/65702085/20251222/i1766338193528_7973_0_3.jpg"", ""https://xcimg.szwego.com/img/65702085/20251222/i1766338190488_9479_0_4.jpg"", ""https://xcimg.szwego.com/img/65702085/20251222/i1766338193637_8844_0_5.jpg"", ""https://xcimg.szwego.com/img/65702085/20251222/i1766338190575_8140_0_6.jpg"", ""https://xcimg.szwego.com/img/65702085/20251222/i1766338193556_3962_0_7.jpg"", ""https://xcimg.szwego.com/img/65702085/20251222/i1766338193697_4478_0_8.jpg""]"
_dnArSJVGCfiF1lcBlFzBEkhLzalReA-VuxW_yNQ;;BOTTEGA VENETA 深棕羊反绒编织领夹克 面料采用100%珍稀羊皮，经品牌专属鞣制与反绒工艺处理，呈现细腻软糯的质感，触感高级且复古韵味浓郁；领部运用品牌标志性手工编织皮革工艺，每一道编织纹理都由匠人手工打造，皮革间的衔接紧密且富有质感，彰显BV的工艺精髓。里料为100%聚酯纤维格纹面料，质感挺括且耐磨，与外层羊反绒形成奢华质感层次，保障穿着舒适度。裁片环节依托品牌高端手工裁制体系，将翻领、插袋、袖笼及衣身拼接等部位的裁片误差控制在毫米级内，为整体结构的精密缝合筑牢奢华根基。缝制工艺上，采用同色定制羊反绒专用车线，针距均匀流畅，衣身拼接处、口袋边缘的走线平整度达到高奢工艺标杆，每一针都体现品牌对细节的极致雕琢。定制金属拉链头经多道打磨与电镀工序，拉合顺滑且金属质感高级；袖口的纽扣设计由手工精密缝制而成，纽扣与羊反绒面料的衔接处走线工整，穿着时贴合腕部，利落有型；手工编织领部经专业定型工艺处理，形态挺括且不易变形，每一处编织纹理都精准对称，尽显BV的工艺传承。养护方面，因珍稀羊皮与编织皮革材质的特殊性，不可水洗、漂白、干洗，建议送往专业皮革养护机构维护，以保持羊反绒与编织皮革的绝佳状态，让这件夹克的奢华质感与精湛工艺长久留存。 ❗️颜色：深棕 ❗️标准尺码：;0;;lrg3k8cd5bgw3jv;;Для мужчин;"[""https://xcimg.szwego.com/img/65702085/20251222/i1766339563316_5237_0_0.jpg"", ""https://xcimg.szwego.com/img/65702085/20251222/i1766339563330_8347_0_1.jpg"", ""https://xcimg.szwego.com/img/65702085/20251222/i1766339563343_6102_0_2.jpg"", ""https://xcimg.szwego.com/img/65702085/20251222/i1766339563267_2718_0_3.jpg"", ""https://xcimg.szwego.com/img/65702085/20251222/i1766339566212_3895_0_4.jpg"", ""https://xcimg.szwego.com/img/65702085/20251222/i1766339563150_3717_0_5.jpg"", ""https://xcimg.szwego.com/img/65702085/20251222/i1766339566309_7252_0_6.jpg"", ""https://xcimg.szwego.com/img/65702085/20251222/i1766339566112_5715_0_7.jpg"", ""https://xcimg.szwego.com/img/65702085/20251222/i1766339566282_3069_0_8.jpg""]"
_d-qrSCeqZ99ZsscrIxbPZHPN13VvkXWox_WymEQ;;Chrome Hearts 克罗心机车夹克 面料采用优质羊皮，触感细腻且粒面纹理饱满，自带奢华质感；里料选用100%铜氨丝，丝滑亲肤，为穿着体验加持。裁片环节凭借精湛手工技艺，将衣身各部位裁片的拼接误差控制到近乎零界，为后续精密缝制奠定扎实基础，皮革拼接工艺堪称一绝，背部独特的造型拼接处，针脚细密均匀、严丝合缝，将不同裁片的皮革完美融合，既保证了结构的牢固性，又呈现出极具设计感的视觉效果。五金细节尽显匠心，拉链头采用品牌标志性的复古银饰设计，工艺复杂且质感厚重，每一处纹路都清晰精致；金属铭牌的镌刻工艺精湛，品牌标识立体醒目，经多次磨损测试仍能保持光泽与完整性。缝制工艺方面，全身线迹平整流畅，皮革边缘的包边处理干净利落，无丝毫毛躁；袖口、口袋等细节部位的缝制工艺严格把控，线迹密度与平整度均达到高等级标准。内衬采用品牌专属提花工艺，图案精致且富有层次感，与外部皮革的奢华感形成呼应，从内到外都彰显着顶级工艺的魅力。 ❗️颜色：黑色 ❗️标准尺码：;0;;lrg3k8cd5bgw3jv;;Для мужчин;"[""https://xcimg.szwego.com/img/65702085/20251222/i1766410929961_1049_0_0.jpg"", ""https://xcimg.szwego.com/img/65702085/20251222/i1766410982889_1988_0_1.jpg"", ""https://xcimg.szwego.com/img/65702085/20251222/i1766410929837_8347_0_2.jpg"", ""https://xcimg.szwego.com/img/65702085/20251222/i1766410982766_8806_0_3.jpg"", ""https://xcimg.szwego.com/img/65702085/20251222/i1766410982871_6587_0_4.jpg"", ""https://xcimg.szwego.com/img/65702085/20251222/i1766410929941_7006_0_5.jpg"", ""https://xcimg.szwego.com/img/65702085/20251222/i1766410982974_3331_0_6.jpg"", ""https://xcimg.szwego.com/img/65702085/20251222/i1766410929941_5922_0_7.jpg"", ""https://xcimg.szwego.com/img/65702085/20251222/i1766410929813_7673_0_8.jpg""]"
_dg0rSuWSQVn77EWBGKPbC_yvJlCEGP-qgvv3yNQ;;Tom Ford 汤姆·福特奢级机车夹克 面料采用100%羊皮，皮质细腻柔润且粒面纹理饱满有质感，经特殊鞣制工艺处理，耐磨性与透气性表现优异；里料选用100%聚酯纤维，顺滑亲肤，为穿着体验保驾护航。裁片环节凭借精湛手工技艺，将衣身领口、肩缝、口袋等部位裁片的拼接误差控制到近乎零界，为后续精密缝制筑牢根基。皮革拼接工艺尽显匠心，衣身各裁片拼接处针脚细密均匀、严丝合缝，既保障了结构的牢固性，又呈现出利落的视觉效果。五金工艺尤为出色，拉链采用定制金属拉链，拉链头造型精致且质感厚重，经多次拉合测试仍顺滑无阻；拉链齿咬合紧密，耐用性经专业检测表现优异。缝制工艺上，全身线迹平整流畅，皮革边缘包边处理干净利落；袖口针织罗纹与皮革的拼接工艺严格把控，针迹密度与平整度均达高等级标准，穿着舒适且不易变形。内衬采用高密织造工艺，质感挺括，与外部羊皮的奢华感形成呼应，从内到外都彰显着顶级工艺的魅力。 ❗️颜色：黑色 ❗️标准尺码：;0;;lrg3k8cd5bgw3jv;;Для мужчин;"[""https://xcimg.szwego.com/img/65702085/20251222/i1766411003717_1153_0_0.jpg"", ""https://xcimg.szwego.com/img/65702085/20251222/i1766411066591_9034_0_1.jpg"", ""https://xcimg.szwego.com/img/65702085/20251222/i1766411003619_3825_0_2.jpg"", ""https://xcimg.szwego.com/img/65702085/20251222/i1766411066516_6899_0_3.jpg"", ""https://xcimg.szwego.com/img/65702085/20251222/i1766411003653_8110_0_4.jpg"", ""https://xcimg.szwego.com/img/65702085/20251222/i1766411003687_8708_0_5.jpg"", ""https://xcimg.szwego.com/img/65702085/20251222/i1766411066448_245_0_6.jpg"", ""https://xcimg.szwego.com/img/65702085/20251222/i1766411003658_4460_0_7.jpg"", ""https://xcimg.szwego.com/img/65702085/20251222/i1766411066504_5943_0_8.jpg""]"
_dgSrSNvnP9ccBTD6f4QAhUeDQlxyWMgWZrVswoQ;;Bottega Veneta 葆蝶家奢品羊皮机车夹克 面料采用100%羊皮，皮质细腻柔润，粒面纹理饱满且富有光泽，经高端鞣制工艺处理，耐磨性与透气性俱佳；里料选用100%聚酯纤维，顺滑亲肤，为穿着体验赋能。裁片环节凭借精湛手工技艺，将领口、肩缝、背部三角拼接等部位裁片的拼接误差控制到近乎零界，为后续精密缝制筑牢结构根基。皮革拼接工艺极具巧思，背部三角造型拼接处针脚细密均匀、严丝合缝，既强化了结构稳定性，又塑造出极具辨识度的视觉亮点；衣身多裁片拼接处线迹流畅，将皮革的挺括与工艺的精致完美融合。五金工艺尽显品质，定制金属拉链齿咬合紧密，拉链头造型利落且质感厚重，经多次拉合测试仍顺滑无阻；袖口金属扣具做工精细，耐用性经专业检测表现优异，细节处彰显奢华格调。缝制工艺上，全身线迹平整致密，皮革边缘包边处理干净利落无毛刺；袖口拼接工艺严格把控，针迹密度与平整度均达高等级标准，穿着舒适且不易变形。内衬采用高密织造工艺，质感挺括有型，与外部羊皮的奢华质感形成呼应，从内到外全方位展现顶级工艺的精湛魅力。 ❗️颜色：黑色 ❗️标准尺码：;0;;lrg3k8cd5bgw3jv;;Для мужчин;"[""https://xcimg.szwego.com/img/65702085/20251222/i1766411181715_2481_0_0.jpg"", ""https://xcimg.szwego.com/img/65702085/20251222/i1766411176198_2886_0_1.jpg"", ""https://xcimg.szwego.com/img/65702085/20251222/i1766411181719_1071_0_2.jpg"", ""https://xcimg.szwego.com/img/65702085/20251222/i1766411176016_2232_0_3.jpg"", ""https://xcimg.szwego.com/img/65702085/20251222/i1766411181656_6809_0_4.jpg"", ""https://xcimg.szwego.com/img/65702085/20251222/i1766411176057_5554_0_5.jpg"", ""https://xcimg.szwego.com/img/65702085/20251222/i1766411176141_3100_0_6.jpg"", ""https://xcimg.szwego.com/img/65702085/20251222/i1766411181690_4202_0_7.jpg"", ""https://xcimg.szwego.com/img/65702085/20251222/i1766411175960_5586_0_8.jpg""]"
_dnfrSuBn4tKZXOc3meVRujwE7HRjM2_eqK8y5Aw;;Loro Piana 诺悠翩雅奢级羊猄皮棒球夹克 面料采用100%羊皮，皮质细腻柔润，表面绒毛均匀且触感软糯，经特殊鞣制与磨面工艺处理，质感高级且耐磨性出众；里料选用100%聚酯纤维，格纹织造工艺精致，顺滑亲肤且不易起皱。裁片环节凭借精湛手工技艺，将衣身领口、肩缝、袖身等部位裁片的拼接误差控制到近乎零界，为后续精密缝制筑牢结构根基。皮革拼接工艺极具质感，衣身各裁片拼接处针脚细密均匀、严丝合缝，既保障了结构的牢固性，又呈现出利落的视觉效果；羊猄皮与针织罗纹的拼接处工艺考究，针迹密度与平整度均达高等级标准，穿着舒适且过渡自然。五金工艺尽显品质，定制金属拉链齿咬合紧密，拉链头造型简约且质感厚重，经多次拉合测试仍顺滑无阻；拉链与羊猄皮的衔接处缝制精细，无丝毫毛躁。缝制工艺上，全身线迹平整流畅，羊猄皮边缘包边处理干净利落；口袋等细节部位的缝制工艺严格把控，线迹密度与平整度均达高等级标准，彰显工艺的精湛与严谨。内衬格纹采用高密织造工艺，图案精致且富有层次感，与外部羊猄皮的奢华感形成呼应，从内到外都展现出顶级工艺的魅力。 ❗️颜色：蓝色 ❗️标准尺码：;0;;lrg3k8cd5bgw3jv;;Для мужчин;"[""https://xcimg.szwego.com/img/65702085/20251222/i1766411237528_4492_0_0.jpg"", ""https://xcimg.szwego.com/img/65702085/20251222/i1766411240620_7424_0_1.jpg"", ""https://xcimg.szwego.com/img/65702085/20251222/i1766411240613_3175_0_2.jpg"", ""https://xcimg.szwego.com/img/65702085/20251222/i1766411240460_1340_0_3.jpg"", ""https://xcimg.szwego.com/img/65702085/20251222/i1766411237403_9863_0_4.jpg"", ""https://xcimg.szwego.com/img/65702085/20251222/i1766411237363_9533_0_5.jpg"", ""https://xcimg.szwego.com/img/65702085/20251222/i1766411240585_6296_0_6.jpg"", ""https://xcimg.szwego.com/img/65702085/20251222/i1766411237322_5243_0_7.jpg"", ""https://xcimg.szwego.com/img/65702085/20251222/i1766411237525_5138_0_8.jpg""]"
_dzPrSeAWZxSYNyXPNP0gFECql3-4Syr4RQfdwEQ;;Tom Ford 汤姆·福特羊皮革棒球夹克 面料采用100%羊皮革，皮质粒面饱满、触感细腻且韧性十足，经高端鞣制工艺处理，耐磨性与质感表现优异；里料选用100%聚酯纤维，顺滑挺括，为穿着体验保驾护航。裁片环节依托精湛手工技艺，将领口、肩缝、口袋等拼接部位的裁片误差控制到近乎零界，为整体结构的精密缝合筑牢根基。皮革拼接工艺尽显匠心，衣身各裁片拼接处针脚细密均匀、严丝合缝，既保障了结构的牢固性，又呈现出利落的视觉效果；羊皮革与针织罗纹的拼接处工艺考究，针迹密度与平整度均达高等级标准，穿着舒适且过渡自然。五金工艺尤为出色，定制金属拉链齿咬合紧密，拉链头造型精致且质感厚重，经多次拉合测试仍顺滑无阻；金属扣具镌刻工艺精湛，标识细节清晰立体，耐用性经专业检测表现优异。缝制工艺上，全身线迹平整流畅，皮革边缘包边处理干净利落；口袋等细节部位的缝制工艺严格把控，线迹密度与平整度均达高等级标准，彰显工艺的精湛与严谨。领口结构经专业工艺塑形，穿着挺括且贴合颈部；多处细节的缝制工艺经严格把控，线迹平整度等指标均达高等级标准，从内到外全方位展现顶级皮革工艺的魅力。 ❗️颜色：黑色 ❗️标准尺码：;0;;lrg3k8cd5bgw3jv;;Для мужчин;"[""https://xcimg.szwego.com/img/65702085/20251222/i1766411288994_2714_0_0.jpg"", ""https://xcimg.szwego.com/img/65702085/20251222/i1766411289001_1385_0_1.jpg"", ""https://xcimg.szwego.com/img/65702085/20251222/i1766411289037_3574_0_2.jpg"", ""https://xcimg.szwego.com/img/65702085/20251222/i1766411289032_1152_0_3.jpg"", ""https://xcimg.szwego.com/img/65702085/20251222/i1766411298562_402_0_4.jpg"", ""https://xcimg.szwego.com/img/65702085/20251222/i1766411294695_3578_0_5.jpg"", ""https://xcimg.szwego.com/img/65702085/20251222/i1766411289067_8079_0_6.jpg"", ""https://xcimg.szwego.com/img/65702085/20251222/i1766411298574_5131_0_7.jpg"", ""https://xcimg.szwego.com/img/65702085/20251222/i1766411298507_8921_0_9.jpg""]"
_dp7rSwqY8VUD65u6ZtCXvVO5sxMr_UX4Pu_uLmw;;Zegna杰尼亚羊皮革棒球夹克 面料采用100%羊皮革，皮质粒面饱满、触感细腻且韧性十足，经杰尼亚专属鞣制工艺处理，耐磨性与质感表现优异；里料选用100%聚酯纤维，顺滑挺括，裁片环节依托品牌精湛手工技艺，将领口、肩缝、口袋等拼接部位的裁片误差控制到近乎零界，为整体结构的精密缝合筑牢根基。背部细节拼接造型工艺考究，针脚细密均匀、严丝合缝，既强化了结构稳定性，又塑造出品牌辨识度亮点。皮革拼接工艺尽显匠心，衣身各裁片拼接处线迹流畅平整，将羊皮革的挺括与棒球夹克版型的休闲感完美融合；羊皮革与针织罗纹的拼接处工艺严格把控，针迹密度与平整度均达高等级标准，穿着舒适且过渡自然。五金工艺尤为出色，定制金属拉链齿咬合紧密，拉链头造型精致且质感厚重，经多次拉合测试仍顺滑无阻；拉链与羊皮革的衔接处缝制精细，无丝毫毛躁。缝制工艺上，全身线迹平整致密，皮革边缘包边处理干净利落；口袋等细节部位的缝制工艺严格把控，线迹密度与平整度均达高等级标准，彰显杰尼亚品牌对工艺的极致追求。领口结构经专业工艺塑形，穿着挺括且贴合颈部；多处细节的缝制工艺经严格把控，线迹平整度等指标均达高等级标准，从内到外全方位展现杰尼亚顶级皮革工艺的魅力。 ❗️颜色：棕色 ❗️标准尺码：;0;;lrg3k8cd5bgw3jv;;Для мужчин;"[""https://xcimg.szwego.com/img/65702085/20251222/i1766411645273_2298_0_0.jpg"", ""https://xcimg.szwego.com/img/65702085/20251222/i1766411651493_7558_0_1.jpg"", ""https://xcimg.szwego.com/img/65702085/20251222/i1766411651459_5851_0_2.jpg"", ""https://xcimg.szwego.com/img/65702085/20251222/i1766411645356_5726_0_3.jpg"", ""https://xcimg.szwego.com/img/65702085/20251222/i1766411651492_977_0_4.jpg"", ""https://xcimg.szwego.com/img/65702085/20251222/i1766411654979_6647_0_5.jpg"", ""https://xcimg.szwego.com/img/65702085/20251222/i1766411645400_6636_0_6.jpg"", ""https://xcimg.szwego.com/img/65702085/20251222/i1766411645312_1_0_7.jpg"", ""https://xcimg.szwego.com/img/65702085/20251222/i1766411645258_4563_0_8.jpg""]"
_dh-rSJHhtVOvnedYte6Sy9noP8xPxY0NXj2H9pw;;Bottega Veneta 葆蝶家编织皮质裤 一“皮”定调，型格出圈 以织为骨，打破日常的沉闷。面料采用奢级皮革交织品牌标志性编织工艺，银色/金色款自带金属光泽buff，黑色款则是低调高级的哑光质感，挺括廓形兼顾包裹性与利落感，九分长度恰好露出脚踝线条，适配各种鞋型的搭配巧思。定制纽扣与袋口缝线精准呼应品牌美学，每一处细节都透着意式奢品的精致，个性与质感完美平衡。经典牛仔版型融合BV标志性编织肌理，处处彰显品牌对风格的先锋把控，每一寸都经得起目光聚焦，尽显顶奢型格！没有冗余装饰，仅以肌理与质感说话：触摸时是皮革的细腻，观之是版型的利落。它暗喻“潮非浮夸，是藏在细节里的奢”，无论是派对场合的吸睛焦点，还是日常出街的格调担当，都能让风格在不同场景中自由切换，重塑穿搭的高阶表达。 ❗️颜色：银色/金色/黑色 ❗️标准尺码：;0;;lrg3k8cd5bgw3jv;;Для мужчин;"[""https://xcimg.szwego.com/img/65702085/20251107/i1762450197_6728_8.jpg"", ""https://xcimg.szwego.com/img/65702085/20251107/i1762450197_1623_1.jpg"", ""https://xcimg.szwego.com/img/65702085/20251107/i1762450197_5471_4.jpg"", ""https://xcimg.szwego.com/img/65702085/20251107/i1762450197_763_2.jpg"", ""https://xcimg.szwego.com/img/65702085/20251107/i1762450197_1585_6.jpg"", ""https://xcimg.szwego.com/img/65702085/20251107/i1762450197_592_7.jpg"", ""https://xcimg.szwego.com/img/65702085/20251107/i1762450197_5410_5.jpg"", ""https://xcimg.szwego.com/img/65702085/20251107/i1762450197_8852_9.jpg"", ""https://xcimg.szwego.com/img/65702085/20251107/i1762450197_1515_10.jpg""]"
_djBrSW9Crt92pQhX7xd58jMv-Zw3zP7tEO5VEQQ;;LORO PIANA 诺悠翩雅羊反绒立领夹克 面料采用100%珍稀羊皮，经品牌专属鞣制与反绒工艺淬炼，呈现如绒般细腻的质感，触感软糯且复古腔调浓郁；里料为100%聚酯纤维格纹面料，兼具耐用性与视觉层次，与外层羊反绒形成质感对话，保障穿着舒适度。裁片环节依托品牌传承的手工裁制体系，将立领、插袋、袖笼等拼接部位的裁片误差控制在毫米级内，为整体结构的精密缝合筑牢奢华根基。缝制工艺上，采用同色定制羊反绒专用车线，针距均匀流畅，衣身拼接处、口袋边缘的走线平整度达到高奢工艺标杆，每一针都镌刻意式匠心。定制金属拉链头经多道打磨工序，拉合顺滑且金属质感高级；袖口的收束设计由手工精密缝制而成，穿着时贴合腕部，防风且利落有型；内里的羊反绒标签，选用与衣身同源的皮料制作，缝线工整细腻，细节处呼应整体奢华品质。养护方面，因珍稀羊皮材质的特殊性，不可水洗、漂白、干洗，建议送往专业皮革养护机构维护，以保持羊反绒面料的绝佳状态，让这件夹克的复古质感与精湛工艺长久留存。 ❗️颜色：复古棕 ❗️标准尺码：;0;;lrg3k8cd5bgw3jv;;Для мужчин;"[""https://xcimg.szwego.com/img/65702085/20251222/i1766337833056_9685_0_0.jpg"", ""https://xcimg.szwego.com/img/65702085/20251222/i1766337836040_2287_0_1.jpg"", ""https://xcimg.szwego.com/img/65702085/20251222/i1766337833056_6750_0_2.jpg"", ""https://xcimg.szwego.com/img/65702085/20251222/i1766337835931_7846_0_3.jpg"", ""https://xcimg.szwego.com/img/65702085/20251222/i1766337833056_1048_0_4.jpg"", ""https://xcimg.szwego.com/img/65702085/20251222/i1766337836020_8007_0_5.jpg"", ""https://xcimg.szwego.com/img/65702085/20251222/i1766337835981_303_0_6.jpg"", ""https://xcimg.szwego.com/img/65702085/20251222/i1766337836066_1326_0_7.jpg"", ""https://xcimg.szwego.com/img/65702085/20251222/i1766337833056_1998_0_9.jpg""]"
_d_ZrSex6DBaQMvZaSd-xvCfknnOQfWyDjSOwImQ;;YSL 圣罗兰真皮翻领羽绒夹克 面料采用优质真皮，经品牌专属鞣制工艺处理，呈现哑光细腻的皮质质感，触感柔软且高级感十足；里布为100%聚酯纤维，耐磨且顺滑，与真皮外层形成质感对比，保障穿着舒适度。裁片环节依托智能裁剪系统，结合翻领版型的人体工学数据，将翻领、肩缝、口袋等拼接部位的裁片误差控制在极小范围，为整体结构的精密缝合筑牢根基。充绒阶段运用品牌定制充绒系统：90%白鸭绒按严格克重填充至内部空间，充绒环境保持恒温，通过精准调控使蓬松度均匀，同时借助专业检测手段排除内部绒朵结块隐患。缝制工艺里，采用精密车线完成主体拼接，对各部位接缝采用密缝工艺处理；袖口的针织罗纹经专业工艺加工，贴合手腕且耐用性出色；金属拉链头经精细打磨，拉合顺滑且质感高级，彰显品牌细节匠心。翻领结构经专业定型工艺塑形，穿着时挺括有型；多处细节的缝制工艺经严格把控，线迹平整度等指标均达高等级标准，尽显YSL的奢华工艺水准。 ❗️颜色：黑色 ❗️标准尺码：;0;;lrg3k8cd5bgw3jv;;Для мужчин;"[""https://xcimg.szwego.com/img/65702085/20251222/i1766338597406_9233_0_0.jpg"", ""https://xcimg.szwego.com/img/65702085/20251222/i1766338594537_3428_0_1.jpg"", ""https://xcimg.szwego.com/img/65702085/20251222/i1766338597268_2856_0_2.jpg"", ""https://xcimg.szwego.com/img/65702085/20251222/i1766338597293_2879_0_3.jpg"", ""https://xcimg.szwego.com/img/65702085/20251222/i1766338597351_3607_0_4.jpg"", ""https://xcimg.szwego.com/img/65702085/20251222/i1766338594343_5877_0_5.jpg"", ""https://xcimg.szwego.com/img/65702085/20251222/i1766338594452_3899_0_6.jpg"", ""https://xcimg.szwego.com/img/65702085/20251222/i1766338594479_5064_0_7.jpg"", ""https://xcimg.szwego.com/img/65702085/20251222/i1766338594588_1449_0_8.jpg""]"
_dhgrS2wL_GXOGSHTZ8MzoSVyCRA6ZpY6jziTqGA;;TOM FORD 羊反绒翻领夹克 面料采用100%珍稀羊皮，经品牌专属鞣制与反绒工艺处理，呈现如绒般细腻的质感，触感软糯且自带奢华腔调；里料为100%聚酯纤维面料，顺滑且质感挺括，与外层羊反绒形成质感对话，保障穿着舒适度。裁片环节依托品牌高端手工裁制体系，将翻领、插袋、袖笼及衣身拼接等部位的裁片误差控制在毫米级内，为整体结构的精密缝合筑牢奢华根基。缝制工艺上，采用同色定制羊反绒专用车线，针距均匀流畅，衣身拼接处、口袋边缘的走线平整度达到高奢工艺标杆，每一针都彰显品牌对细节的极致追求。细节处尽展匠心工艺：定制金属拉链头经多道打磨与电镀工序，拉合顺滑且金属质感高级；袖口的针织罗纹，经特殊织法工艺制作，弹性优异且不易变形，与羊反绒面料的拼接处缝制精密；翻领结构经专业定型工艺塑形，穿着时挺括有型，尽显TOM FORD的经典格调。养护方面，因珍稀羊皮材质的特殊性，不可水洗、漂白、干洗，建议送往专业皮革养护机构维护，以保持羊反绒面料的绝佳状态，让这件夹克的奢华质感与精湛工艺长久留存。 ❗️颜色：深棕 ❗️标准尺码：;0;;lrg3k8cd5bgw3jv;;Для мужчин;"[""https://xcimg.szwego.com/img/65702085/20251222/i1766339138975_5781_0_0.jpg"", ""https://xcimg.szwego.com/img/65702085/20251222/i1766339138895_9422_0_1.jpg"", ""https://xcimg.szwego.com/img/65702085/20251222/i1766339135359_6215_0_2.jpg"", ""https://xcimg.szwego.com/img/65702085/20251222/i1766339135235_8869_0_3.jpg"", ""https://xcimg.szwego.com/img/65702085/20251222/i1766339135249_8990_0_4.jpg"", ""https://xcimg.szwego.com/img/65702085/20251222/i1766339138902_7623_0_5.jpg"", ""https://xcimg.szwego.com/img/65702085/20251222/i1766339138777_8786_0_6.jpg"", ""https://xcimg.szwego.com/img/65702085/20251222/i1766339138925_2171_0_7.jpg"", ""https://xcimg.szwego.com/img/65702085/20251222/i1766339135300_3261_0_8.jpg""]"
_dklrSKuHWxGXKM2fcZbVoYnUjxXjNAYEsO_t86A;;【顺丰包邮】【100%鹅绒填充】 Moncler 蒙口机能连帽外套 — 灰调潮奢 · GORE-TEX科技与意式工艺的户外典藏 — 这款机能连帽夹克，是Moncler将GORE-TEX INFINIUM™科技与意式高定工艺的创新融合，为追求潮奢机能与多元场景的先锋玩家打造风格战袍。严选GORE-TEX INFINIUM™面料，防风透气且兼具“都市户外”属性，内里填充90白鹅绒，经立体剪裁塑造出利落又具科技感的连帽廓形；细节处尽显奢牌血统：专属刻字拉链头质感十足，袖身三色徽标辨识度拉满，每一处设计都如机能勋章般考究，是潮奢身份的低调彰显；连帽版型时尚与实穿兼顾，兼顾造型与户外需求，细节控的心头挚爱；面料拼接处走线均匀规整，每一针都透着“意式匠造”的精致态度。从GORE-TEX科技的实用魅力，到品牌标识的质感呈现，再到连帽廓形的潮流腔调，都为整体造型注入潮奢层次与独特性，轻松驾驭都市通勤、户外探索、潮流社交等多元场景。 ❗️颜色：灰色 ❗ 标准尺码：;0;;lrg3k8cd5bgw3jv;;Для мужчин;"[""https://xcimg.szwego.com/img/65702085/20251030/i1761768555_5918_1.jpg"", ""https://xcimg.szwego.com/img/65702085/20251030/i1761768556_9581_10.jpg"", ""https://xcimg.szwego.com/img/65702085/20251030/i1761768555_9670_7.jpg"", ""https://xcimg.szwego.com/img/65702085/20251030/i1761768555_5262_3.jpg"", ""https://xcimg.szwego.com/img/65702085/20251030/i1761768555_4014_4.jpg"", ""https://xcimg.szwego.com/img/65702085/20251030/i1761768555_8508_0.jpg"", ""https://xcimg.szwego.com/img/65702085/20251030/i1761768555_8006_2.jpg"", ""https://xcimg.szwego.com/img/65702085/20251030/i1761768555_5856_5.jpg"", ""https://xcimg.szwego.com/img/65702085/20251030/i1761768556_769_8.jpg""]"
_dplrSCFIjCBaaiNT3fF3L872XG8dJFrcT3CPscQ;;【顺丰包邮】【100%鹅绒填充】Louis Vuitton 路易威登 皮标立领羽绒夹克 — 奢雅御寒 · 工艺与格调的先锋表达 — Louis Vuitton 焕新呈现这款立领羽绒夹克，将品牌百年制衣工艺与现代御寒机能巧妙融合，是冬日彰显奢品品味与温暖守护的标杆之选。严选高品质羽绒填充，经精湛绗缝工艺打造出立体廓形，保暖锁温性能出众，同时质感高级有格调；独特的立体绗缝设计极具视觉辨识度，背部饰有品牌标志性皮革标识，彰显LV品牌的经典传承与先锋设计态度，将奢牌底蕴与实用机能精妙糅合。立领版型搭配顺滑拉链，穿脱便捷尽显利落；细节处的精致处理，为整体造型增添奢潮层次与品质感，轻松驾驭多种风格场景。 ⚠️ 发货规格：全套包装 ❗ 标准尺码： ❗ 支持量身定制;0;;lrg3k8cd5bgw3jv;;Для мужчин;"[""https://xcimg.szwego.com/img/65702085/20251006/i1759710496_1908_11.jpg"", ""https://xcimg.szwego.com/img/65702085/20251006/i1759710496_4211_2.jpg"", ""https://xcimg.szwego.com/img/65702085/20251006/i1759710496_8086_5.jpg"", ""https://xcimg.szwego.com/img/65702085/20251006/i1759710496_2492_8.jpg"", ""https://xcimg.szwego.com/img/65702085/20251006/i1759710496_3896_4.jpg"", ""https://xcimg.szwego.com/img/65702085/20251006/i1759710496_9852_1.jpg"", ""https://xcimg.szwego.com/img/65702085/20251006/i1759710496_5558_6.jpg"", ""https://xcimg.szwego.com/img/65702085/20251006/i1759710496_3872_10.jpg"", ""https://xcimg.szwego.com/img/65702085/20251006/i1759710496_5062_9.jpg""]"
_dl7rSENPTBP0BBzv5mDE09J4QdMEjO-q6n6z0Ew;;【顺丰包邮】【100%鹅绒填充】Moncler 蒙口菱格绗缝立领羽绒夹克 面料与里料均采用100%锦纶，经数控激光裁床完成裁片切割，尺寸误差控制在0.3mm内，菱格绗缝区域的裁片对齐精度达99%；裁片边缘通过超声波锁边机处理，毛边率＜0.1%。充绒环节启用全自动分仓充绒系统，通过动态称重模块将90%白鹅绒按预设克重均分至每一个菱格绗缝仓，充绒压力稳定在0.25MPa，绒朵蓬松度保持在700+FP，保暖层无局部薄厚差。缝制阶段采用电脑同步绗缝机与多工序缝机协同作业：菱格仓以6针/厘米的针距缝合，双针线迹张力差≤1.5N，锁死绒体移位风险；立领结构通过蒸汽定型机以120℃高温定型，领型贴合度误差＜0.5cm，佩戴无累赘感。品牌徽章经高精度绣花机完成，绣线张力恒定在5cN，针脚密度达8针/平方厘米，图案清晰度达99%；拉链由定制金属拉链成型机加工，齿距公差≤0.08mm，拉头标识通过激光蚀刻机完成，字体深度0.2mm，表面耐磨等级达5级；口袋拉链通过超声波定位机校准缝合位置，针距误差≤0.1mm，线迹拉力达80N；内里标签采用热转印机加工，标识附着力达5级，水洗30次无脱落。 ❗️【180cm/160斤模特试穿1码合身】 ❗️颜色：哑光黑 ❗️标准尺码：48-56;0;;lrg3k8cd5bgw3jv;;Для мужчин;"[""https://xcimg.szwego.com/img/65702085/20251113/i1763048654896_2540_0_0.jpg"", ""https://xcimg.szwego.com/img/65702085/20251113/i1763048652179_7297_0_1.jpg"", ""https://xcimg.szwego.com/img/65702085/20251113/i1763048655085_6187_0_2.jpg"", ""https://xcimg.szwego.com/img/65702085/20251113/i1763048655089_8_0_10.jpg"", ""https://xcimg.szwego.com/img/65702085/20251113/i1763048652180_4348_0_4.jpg"", ""https://xcimg.szwego.com/img/65702085/20251113/i1763048655116_3544_0_5.jpg"", ""https://xcimg.szwego.com/img/65702085/20251113/i1763048652134_5557_0_8.jpg"", ""https://xcimg.szwego.com/img/65702085/20251113/i1763048652199_3255_0_9.jpg"", ""https://xcimg.szwego.com/img/65702085/20251113/i1763049337167_9810_0_9.jpg""]"
