external_id;name;description;price;brand;category;subcategory;gender;photos
_dh5rSnhk9tSNKWwiFtFu6Gp-iYV3j3kj984wCYg;;96113 Berluti*2026New New·新款西裤 颜色 咖 码数48-56;0;;lrg3k8cd5bgw3jv;;Для мужчин;"[""https://xcimg.szwego.com/img/db8ac2c4/20260424/i1777007790018_4138_0_0.jpg"",""https://xcimg.szwego.com/img/db8ac2c4/20260424/i1777007792100_8685_0_1.jpg"",""https://xcimg.szwego.com/img/db8ac2c4/20260424/i1777007790070_4587_0_3.jpg"",""https://xcimg.szwego.com/img/db8ac2c4/20260424/i1777007791551_4871_0_4.jpg"",""https://xcimg.szwego.com/img/db8ac2c4/20260424/i1777007790093_2550_0_5.jpg"",""https://xcimg.szwego.com/img/db8ac2c4/20260424/i1777007790043_9175_0_2.jpg""]"
_dnyrSo4V50YaryCU2lKoEyfN_nclCQoQNu0U4yw;;75016 BC*2026New New·新款短袖 颜色 白 黑 灰 藏青 杏 驼 码数 48-56;0;;lrg3k8cd5bgw3jv;;Для мужчин;"[""https://xcimg.szwego.com/img/db8ac2c4/20260424/i1777007413776_2767_0_0.jpg"",""https://xcimg.szwego.com/img/db8ac2c4/20260424/i1777007412140_7489_0_1.jpg"",""https://xcimg.szwego.com/img/db8ac2c4/20260424/i1777007412256_5471_0_2.jpg"",""https://xcimg.szwego.com/img/db8ac2c4/20260424/i1777007412253_739_0_3.jpg"",""https://xcimg.szwego.com/img/db8ac2c4/20260424/i1777007413782_1328_0_4.jpg"",""https://xcimg.szwego.com/img/db8ac2c4/20260424/i1777007413785_5041_0_5.jpg"",""https://xcimg.szwego.com/img/db8ac2c4/20260424/i1777007413903_8384_0_6.jpg"",""https://xcimg.szwego.com/img/db8ac2c4/20260424/i1777007412241_1188_0_7.jpg"",""https://xcimg.szwego.com/img/db8ac2c4/20260424/i1777007412140_1567_0_8.jpg"",""https://xcimg.szwego.com/img/db8ac2c4/20260424/i1777007416317_1987_0_9.jpg"",""https://xcimg.szwego.com/img/db8ac2c4/20260424/i1777007416274_4298_0_10.jpg""]"
_dlJrSIyhl74umoURaBbgk1C6LCLoODfodmoFccQ;;1N71785 LP*2026New New·新款牛仔裤 颜色 蓝色 码数30-31-32-33-34-36-38;0;;lrg3k8cd5bgw3jv;;Для мужчин;"[""https://xcimg.szwego.com/img/db8ac2c4/20260402/i1775109182084_8167_0_0.jpg"",""https://xcimg.szwego.com/img/db8ac2c4/20260402/i1775109186080_5932_0_1.jpg"",""https://xcimg.szwego.com/img/db8ac2c4/20260402/i1775109184363_4567_0_2.jpg"",""https://xcimg.szwego.com/img/db8ac2c4/20260402/i1775109182009_816_0_3.jpg"",""https://xcimg.szwego.com/img/db8ac2c4/20260402/i1775109181772_5317_0_4.jpg"",""https://xcimg.szwego.com/img/db8ac2c4/20260402/i1775109182041_8988_0_5.jpg""]"
_dBLrSK4mBFQfz6j92sDmkltFIBvvQ1W2lWgbuFw;;2N70620 BC*2026New New·新款牛仔裤 颜色 米色 码数30-31-32-33-34-36-38;0;;lrg3k8cd5bgw3jv;;Для мужчин;"[""https://xcimg.szwego.com/img/db8ac2c4/20260113/i1768287270427_7831_0_0.jpg"",""https://xcimg.szwego.com/img/db8ac2c4/20260113/i1768287270433_4069_0_4.jpg"",""https://xcimg.szwego.com/img/db8ac2c4/20260113/i1768287270138_3248_0_2.jpg"",""https://xcimg.szwego.com/img/db8ac2c4/20260113/i1768287270188_229_0_3.jpg"",""https://xcimg.szwego.com/img/db8ac2c4/20260113/i1768287271752_8798_0_5.jpg"",""https://xcimg.szwego.com/img/db8ac2c4/20260113/i1768287324275_6897_0_5.jpg""]"
_dxqrSmX9QPpN71yFmzFX6TNP37MWCRbYuH75dbQ;;2N71320 LP*2026New New·新款牛仔裤 颜色 浅蓝 码数30-31-32-33-34-36-38;0;;lrg3k8cd5bgw3jv;;Для мужчин;"[""https://xcimg.szwego.com/img/db8ac2c4/20260113/i1768286331753_7814_0_0.jpg"",""https://xcimg.szwego.com/img/db8ac2c4/20260113/i1768286331720_2825_0_3.jpg"",""https://xcimg.szwego.com/img/db8ac2c4/20260113/i1768286331564_6074_0_1.jpg"",""https://xcimg.szwego.com/img/db8ac2c4/20260113/i1768286332825_2494_0_2.jpg"",""https://xcimg.szwego.com/img/db8ac2c4/20260113/i1768286331622_1144_0_5.jpg"",""https://xcimg.szwego.com/img/db8ac2c4/20260113/i1768286331590_861_0_4.jpg""]"
_dc6rSpq0B1WPq8b5xkd0jr_b_hddL0zirpe_OQg;;1N72385 BC*2026New New·新款牛仔裤 颜色 蓝色 码数30-31-32-33-34-36-38;0;;lrg3k8cd5bgw3jv;;Для мужчин;"[""https://xcimg.szwego.com/img/db8ac2c4/20260113/i1768287708387_6795_0_0.jpg"",""https://xcimg.szwego.com/img/db8ac2c4/20260113/i1768287708415_7914_0_3.jpg"",""https://xcimg.szwego.com/img/db8ac2c4/20260113/i1768287708036_5119_0_1.jpg"",""https://xcimg.szwego.com/img/db8ac2c4/20260113/i1768287709655_1148_0_2.jpg"",""https://xcimg.szwego.com/img/db8ac2c4/20260113/i1768287708222_3316_0_4.jpg"",""https://xcimg.szwego.com/img/db8ac2c4/20260113/i1768287708187_9665_0_5.jpg""]"
_dfWrSC09mRSr9rnu0a0Kior4Fvc1WAJdTqPaHwg;;36197 杰尼亚*2026New New·新款休闲长裤 颜色 白 卡其 藏青 码数 48-56;0;;lrg3k8cd5bgw3jv;;Для мужчин;"[""https://xcimg.szwego.com/img/db8ac2c4/20260331/i1774937280201_620_0_0.jpg"",""https://xcimg.szwego.com/img/db8ac2c4/20260331/i1774937279085_3445_0_1.jpg"",""https://xcimg.szwego.com/img/db8ac2c4/20260331/i1774937280285_47_0_2.jpg"",""https://xcimg.szwego.com/img/db8ac2c4/20260331/i1774937279113_3750_0_3.jpg"",""https://xcimg.szwego.com/img/db8ac2c4/20260331/i1774937279055_990_0_4.jpg"",""https://xcimg.szwego.com/img/db8ac2c4/20260331/i1774937279106_7040_0_5.jpg"",""https://xcimg.szwego.com/img/db8ac2c4/20260331/i1774937280309_3999_0_6.jpg"",""https://xcimg.szwego.com/img/db8ac2c4/20260331/i1774937280316_2245_0_7.jpg"",""https://xcimg.szwego.com/img/db8ac2c4/20260331/i1774937279083_1213_0_8.jpg""]"
_dFErSQ7a1X3p3OhMwKTv_I19r-mpnIbc-aRD5jA;;27703620 LP*2026New New·新款休闲裤 颜色 白 卡其 咖 克 码数30-31-32-33-34-36-38;0;;lrg3k8cd5bgw3jv;;Для мужчин;"[""https://xcimg.szwego.com/img/db8ac2c4/20260202/i1770005971889_8232_0_0.jpg"",""https://xcimg.szwego.com/img/db8ac2c4/20260202/i1770005973637_6464_0_1.jpg"",""https://xcimg.szwego.com/img/db8ac2c4/20260202/i1770005973664_501_0_2.jpg"",""https://xcimg.szwego.com/img/db8ac2c4/20260202/i1770005971904_3237_0_4.jpg"",""https://xcimg.szwego.com/img/db8ac2c4/20260202/i1770005973767_7242_0_5.jpg"",""https://xcimg.szwego.com/img/db8ac2c4/20260202/i1770005971844_460_0_3.jpg"",""https://xcimg.szwego.com/img/db8ac2c4/20260202/i1770005973647_6264_0_6.jpg"",""https://xcimg.szwego.com/img/db8ac2c4/20260202/i1770005971934_965_0_7.jpg"",""https://xcimg.szwego.com/img/db8ac2c4/20260202/i1770005971890_7911_0_8.jpg""]"
_drsrSu20ivf_FGWWG9Pq9rdm0tkwbHJMhChMx8A;;36199 LP*2026New New·新款裤子 颜色 米 黑 码数 48-56;0;;lrg3k8cd5bgw3jv;;Для мужчин;"[""https://xcimg.szwego.com/img/db8ac2c4/20260420/i1776663719763_5979_0_0.jpg"",""https://xcimg.szwego.com/img/db8ac2c4/20260420/i1776663718764_1940_0_1.jpg"",""https://xcimg.szwego.com/img/db8ac2c4/20260420/i1776663718803_7634_0_2.jpg"",""https://xcimg.szwego.com/img/db8ac2c4/20260420/i1776663718788_3648_0_3.jpg"",""https://xcimg.szwego.com/img/db8ac2c4/20260420/i1776663718888_5300_0_4.jpg"",""https://xcimg.szwego.com/img/db8ac2c4/20260420/i1776663718606_197_0_5.jpg""]"
_dsWrSOCPXwef8ECvKnK1_4hCg2FPj6L3KzG9pEQ;;96111 布鲁提*2026New New·新款亚麻裤子 颜色 米 咖 码数 48-56;0;;lrg3k8cd5bgw3jv;;Для мужчин;"[""https://xcimg.szwego.com/img/db8ac2c4/20260420/i1776663257625_5436_0_0.jpg"",""https://xcimg.szwego.com/img/db8ac2c4/20260420/i1776663256424_6362_0_1.jpg"",""https://xcimg.szwego.com/img/db8ac2c4/20260420/i1776663256583_6792_0_2.jpg"",""https://xcimg.szwego.com/img/db8ac2c4/20260420/i1776663256567_8935_0_3.jpg"",""https://xcimg.szwego.com/img/db8ac2c4/20260420/i1776663256688_8019_0_4.jpg"",""https://xcimg.szwego.com/img/db8ac2c4/20260420/i1776663256624_2140_0_5.jpg""]"
_ds-rSaAMaWMxQS17vfxuiAwXz26KfCAxH7mXRVA;;29611220 LP*2026New New·新款亚麻休闲裤 颜色 米 码数 48-56（M-3XL）;0;;lrg3k8cd5bgw3jv;;Для мужчин;"[""https://xcimg.szwego.com/img/db8ac2c4/20260416/i1776314633166_2290_0_0.jpg"",""https://xcimg.szwego.com/img/db8ac2c4/20260416/i1776314633120_5474_0_1.jpg"",""https://xcimg.szwego.com/img/db8ac2c4/20260416/i1776314634878_3043_0_2.jpg"",""https://xcimg.szwego.com/img/db8ac2c4/20260416/i1776314633088_7520_0_4.jpg"",""https://xcimg.szwego.com/img/db8ac2c4/20260416/i1776314633036_5118_0_5.jpg"",""https://xcimg.szwego.com/img/db8ac2c4/20260416/i1776314633025_677_0_3.jpg""]"
_dx9rS8ODog-6NqO-EsIOzCr-yXSE2o5YqqIJTQA;;29610220 LP*2026New New·新款亚麻休闲裤 颜色 黑 码数 48-56（M-3XL）;0;;lrg3k8cd5bgw3jv;;Для мужчин;"[""https://xcimg.szwego.com/img/db8ac2c4/20260309/i1773034748286_9693_0_0.jpg"",""https://xcimg.szwego.com/img/db8ac2c4/20260309/i1773034748286_7912_0_1.jpg"",""https://xcimg.szwego.com/img/db8ac2c4/20260309/i1773034748358_9833_0_2.jpg"",""https://xcimg.szwego.com/img/db8ac2c4/20260309/i1773034748301_5274_0_3.jpg"",""https://xcimg.szwego.com/img/db8ac2c4/20260309/i1773034749578_8289_0_4.jpg"",""https://xcimg.szwego.com/img/db8ac2c4/20260309/i1773034748366_9430_0_5.jpg""]"
_dt3rSSO15Vsi4Nbe_S9Wyru4ia3M8upGsmgWTbA;;29610520 Kiton*2026New New·新款亚麻休闲裤 颜色 米 码数 48-56（M-3XL）;0;;lrg3k8cd5bgw3jv;;Для мужчин;"[""https://xcimg.szwego.com/img/db8ac2c4/20260309/i1773035017682_2290_0_0.jpg"",""https://xcimg.szwego.com/img/db8ac2c4/20260309/i1773035017881_5989_0_3.jpg"",""https://xcimg.szwego.com/img/db8ac2c4/20260309/i1773035017603_5741_0_1.jpg"",""https://xcimg.szwego.com/img/db8ac2c4/20260309/i1773035017491_4288_0_2.jpg"",""https://xcimg.szwego.com/img/db8ac2c4/20260309/i1773035020237_8957_0_4.jpg"",""https://xcimg.szwego.com/img/db8ac2c4/20260309/i1773035019686_6479_0_5.jpg""]"
_dwkrSDgq2YiNe7SohH28KS49BKLtShPQpNI2NaA;;29610820 LP*2026New New·新款亚麻休闲裤 颜色 白 咖 码数 48-56（M-3XL）;0;;lrg3k8cd5bgw3jv;;Для мужчин;"[""https://xcimg.szwego.com/img/db8ac2c4/20260305/i1772684697762_6755_0_0.jpg"",""https://xcimg.szwego.com/img/db8ac2c4/20260305/i1772684698846_2355_0_1.jpg"",""https://xcimg.szwego.com/img/db8ac2c4/20260305/i1772684697794_3332_0_2.jpg"",""https://xcimg.szwego.com/img/db8ac2c4/20260305/i1772684697922_1182_0_4.jpg"",""https://xcimg.szwego.com/img/db8ac2c4/20260305/i1772684697872_2104_0_5.jpg"",""https://xcimg.szwego.com/img/db8ac2c4/20260305/i1772684697806_197_0_3.jpg""]"
_dAZrSuSMaXDmqpXUsN0ed-787jdYPPUT-xYMIiQ;;27200820 LP*2026New New·新款麻料裤子 颜色 米 灰 杏 黑 码数 48-56（M-3XL）;0;;lrg3k8cd5bgw3jv;;Для мужчин;"[""https://xcimg.szwego.com/img/db8ac2c4/20260209/i1770612154963_4627_0_0.jpg"",""https://xcimg.szwego.com/img/db8ac2c4/20260209/i1770612154942_6564_0_1.jpg"",""https://xcimg.szwego.com/img/db8ac2c4/20260209/i1770612155029_9364_0_2.jpg"",""https://xcimg.szwego.com/img/db8ac2c4/20260209/i1770612156319_618_0_3.jpg"",""https://xcimg.szwego.com/img/db8ac2c4/20260209/i1770612156325_6607_0_4.jpg"",""https://xcimg.szwego.com/img/db8ac2c4/20260209/i1770612154846_9590_0_5.jpg"",""https://xcimg.szwego.com/img/db8ac2c4/20260209/i1770612154780_365_0_6.jpg"",""https://xcimg.szwego.com/img/db8ac2c4/20260209/i1770612156321_8276_0_7.jpg"",""https://xcimg.szwego.com/img/db8ac2c4/20260209/i1770612156201_5235_0_8.jpg""]"
_dmcrSj4Dx1Si4aJvVnx6-fwLJzmN9zOJUiw4SPw;;16803495 LP*2026New New·新款休闲裤 颜色 米 黑 码数48-56;0;;lrg3k8cd5bgw3jv;;Для мужчин;"[""https://xcimg.szwego.com/img/db8ac2c4/20260125/i1769315613823_7679_0_0.jpg"",""https://xcimg.szwego.com/img/db8ac2c4/20260125/i1769315613785_6111_0_1.jpg"",""https://xcimg.szwego.com/img/db8ac2c4/20260125/i1769315613807_1509_0_3.jpg"",""https://xcimg.szwego.com/img/db8ac2c4/20260125/i1769315613750_8620_0_5.jpg"",""https://xcimg.szwego.com/img/db8ac2c4/20260125/i1769315615434_9889_0_4.jpg"",""https://xcimg.szwego.com/img/db8ac2c4/20260125/i1769315613754_2273_0_2.jpg""]"
_djHrSzW3J4KqEBIDcFa28O-86EBEH_AUzrPbo7Q;;17200995 LP*2026New New·新款休闲裤 颜色 白 杏 绿 蓝 黑 码数48-58;0;;lrg3k8cd5bgw3jv;;Для мужчин;"[""https://xcimg.szwego.com/img/db8ac2c4/20260202/i1770007952896_1065_0_0.jpg"",""https://xcimg.szwego.com/img/db8ac2c4/20260202/i1770007954307_3209_0_1.jpg"",""https://xcimg.szwego.com/img/db8ac2c4/20260202/i1770007954333_5417_0_7.jpg"",""https://xcimg.szwego.com/img/db8ac2c4/20260202/i1770007952952_8686_0_2.jpg"",""https://xcimg.szwego.com/img/db8ac2c4/20260202/i1770007954381_3872_0_3.jpg"",""https://xcimg.szwego.com/img/db8ac2c4/20260202/i1770007952807_2037_0_4.jpg"",""https://xcimg.szwego.com/img/db8ac2c4/20260202/i1770007952947_6037_0_5.jpg"",""https://xcimg.szwego.com/img/db8ac2c4/20260202/i1770007954372_7524_0_6.jpg"",""https://xcimg.szwego.com/img/db8ac2c4/20260202/i1770007952935_2266_0_8.jpg""]"
_dOxrSRJDoGhaAu0qtgmBKcLnCdRzE63yOoPv30Q;;22325220 LP*2026New New·新款短袖 颜色 杏 绿 紫 蓝 深蓝 黑 码数48-56;0;;lrg3k8cd5bgw3jv;;Для мужчин;"[""https://xcimg.szwego.com/img/db8ac2c4/20260423/i1776922477968_7064_0_0.jpg"",""https://xcimg.szwego.com/img/db8ac2c4/20260423/i1776922479665_5914_0_1.jpg"",""https://xcimg.szwego.com/img/db8ac2c4/20260423/i1776922477968_9881_0_8.jpg"",""https://xcimg.szwego.com/img/db8ac2c4/20260423/i1776922477967_4433_0_2.jpg"",""https://xcimg.szwego.com/img/db8ac2c4/20260423/i1776922479692_2287_0_3.jpg"",""https://xcimg.szwego.com/img/db8ac2c4/20260423/i1776922477968_1681_0_4.jpg"",""https://xcimg.szwego.com/img/db8ac2c4/20260423/i1776922479672_5368_0_5.jpg"",""https://xcimg.szwego.com/img/db8ac2c4/20260423/i1776922477968_515_0_6.jpg"",""https://xcimg.szwego.com/img/db8ac2c4/20260423/i1776922479685_1271_0_7.jpg""]"
_dpgrSQYWdMVQ_hYbWeHsdAt74PrThS7j_MbKH7w;;76009 ZEGNA*2026New New·新款西裤 颜色 浅蓝 浅咖 码数48-56;0;;lrg3k8cd5bgw3jv;;Для мужчин;"[""https://xcimg.szwego.com/img/db8ac2c4/20260423/i1776921493933_8032_0_0.jpg"",""https://xcimg.szwego.com/img/db8ac2c4/20260423/i1776921492312_9981_0_1.jpg"",""https://xcimg.szwego.com/img/db8ac2c4/20260423/i1776921492334_4843_0_2.jpg"",""https://xcimg.szwego.com/img/db8ac2c4/20260423/i1776921492395_8040_0_4.jpg"",""https://xcimg.szwego.com/img/db8ac2c4/20260423/i1776921492313_9769_0_3.jpg"",""https://xcimg.szwego.com/img/db8ac2c4/20260423/i1776921492340_4546_0_5.jpg"",""https://xcimg.szwego.com/img/db8ac2c4/20260423/i1776921523282_3508_0_6.jpg"",""https://xcimg.szwego.com/img/db8ac2c4/20260423/i1776921523220_2252_0_7.jpg""]"
_dkrrSw_r39BCIUXoDzWuiH-_RjgdKcWmMQ9j5vA;;2N71530 LP*2026New New·新款牛仔裤 颜色：米色 码数30-31-32-33-34-36-38;0;;lrg3k8cd5bgw3jv;;Для мужчин;"[""https://xcimg.szwego.com/img/db8ac2c4/20260113/i1768283172040_2110_0_0.jpg"",""https://xcimg.szwego.com/img/db8ac2c4/20260113/i1768283172200_2979_0_1.jpg"",""https://xcimg.szwego.com/img/db8ac2c4/20260113/i1768283172979_4865_0_3.jpg"",""https://xcimg.szwego.com/img/db8ac2c4/20260113/i1768283172988_8285_0_2.jpg"",""https://xcimg.szwego.com/img/db8ac2c4/20260113/i1768283171944_2865_0_5.jpg"",""https://xcimg.szwego.com/img/db8ac2c4/20260113/i1768283171978_5763_0_6.jpg"",""https://xcimg.szwego.com/img/db8ac2c4/20260113/i1768283171980_1988_0_4.jpg"",""https://xcimg.szwego.com/img/db8ac2c4/20260113/i1768283172864_6648_0_7.jpg""]"
_djtrSxm_6dwtDTny4BSb8MlgBkqqDMFR--VDO5w;;1N71685 LP*2026New New·新款牛仔裤 颜色 浅蓝 码数30-31-32-33-34-36-38;0;;lrg3k8cd5bgw3jv;;Для мужчин;"[""https://xcimg.szwego.com/img/db8ac2c4/20260123/i1769143911962_4153_0_0.jpg"",""https://xcimg.szwego.com/img/db8ac2c4/20260123/i1769143912102_273_0_3.jpg"",""https://xcimg.szwego.com/img/db8ac2c4/20260123/i1769143911891_7779_0_1.jpg"",""https://xcimg.szwego.com/img/db8ac2c4/20260123/i1769143911794_4595_0_2.jpg"",""https://xcimg.szwego.com/img/db8ac2c4/20260123/i1769143911931_1798_0_4.jpg"",""https://xcimg.szwego.com/img/db8ac2c4/20260123/i1769143912756_420_0_5.jpg""]"
_dBCrSYf0Xk5f7JmV-PUmS3S6v5VG2XqBdqq7qbA;;1N71285 ZEGNA*2026New New·新款牛仔裤 颜色 浅蓝 码数30-31-32-33-34-36-38;0;;lrg3k8cd5bgw3jv;;Для мужчин;"[""https://xcimg.szwego.com/img/db8ac2c4/20260123/i1769142727977_397_0_0.jpg"",""https://xcimg.szwego.com/img/db8ac2c4/20260123/i1769142728048_4209_0_5.jpg"",""https://xcimg.szwego.com/img/db8ac2c4/20260123/i1769142727841_8827_0_1.jpg"",""https://xcimg.szwego.com/img/db8ac2c4/20260123/i1769142727841_2290_0_2.jpg"",""https://xcimg.szwego.com/img/db8ac2c4/20260123/i1769142727841_3225_0_3.jpg"",""https://xcimg.szwego.com/img/db8ac2c4/20260123/i1769142729466_1479_0_4.jpg""]"
_dcarS754T_YuU2BNLjOHRx-1TmmYa5S9_YRyCPw;;17705385 Zegna*2026New New·新款麻料裤子 颜色 米 卡其 绿 红 蓝 黑 码数 48-56（M-3XL）;0;;lrg3k8cd5bgw3jv;;Для мужчин;"[""https://xcimg.szwego.com/img/db8ac2c4/20260128/i1769573058962_6196_0_0.jpg"",""https://xcimg.szwego.com/img/db8ac2c4/20260128/i1769573058841_3301_0_1.jpg"",""https://xcimg.szwego.com/img/db8ac2c4/20260128/i1769573059026_9701_0_2.jpg"",""https://xcimg.szwego.com/img/db8ac2c4/20260128/i1769573060708_6442_0_3.jpg"",""https://xcimg.szwego.com/img/db8ac2c4/20260128/i1769573059036_3802_0_4.jpg"",""https://xcimg.szwego.com/img/db8ac2c4/20260128/i1769573060595_8174_0_5.jpg"",""https://xcimg.szwego.com/img/db8ac2c4/20260128/i1769573058919_1888_0_6.jpg"",""https://xcimg.szwego.com/img/db8ac2c4/20260128/i1769573060700_9806_0_7.jpg"",""https://xcimg.szwego.com/img/db8ac2c4/20260128/i1769573060586_3515_0_8.jpg""]"
_dpnrS24yCL1aZeW4JhQAeecvctfLRjGv0NyOgQQ;;16803595 LP*2026New New·新款休闲裤 颜色 米 绿 黑 码数48-56;0;;lrg3k8cd5bgw3jv;;Для мужчин;"[""https://xcimg.szwego.com/img/db8ac2c4/20260125/i1769316897301_855_0_0.jpg"",""https://xcimg.szwego.com/img/db8ac2c4/20260125/i1769316896247_4797_0_1.jpg"",""https://xcimg.szwego.com/img/db8ac2c4/20260125/i1769316897228_5284_0_2.jpg"",""https://xcimg.szwego.com/img/db8ac2c4/20260125/i1769316896357_9486_0_3.jpg"",""https://xcimg.szwego.com/img/db8ac2c4/20260125/i1769316896316_1408_0_4.jpg"",""https://xcimg.szwego.com/img/db8ac2c4/20260125/i1769316896183_3190_0_5.jpg"",""https://xcimg.szwego.com/img/db8ac2c4/20260125/i1769316896294_1049_0_6.jpg"",""https://xcimg.szwego.com/img/db8ac2c4/20260125/i1769316897264_9070_0_7.jpg"",""https://xcimg.szwego.com/img/db8ac2c4/20260125/i1769316897232_302_0_8.jpg""]"
_danrS5GB2pgign7YQEM3qnXXZO9ljcLee8GT94Q;;26802710 BC*2026New New·新款休闲裤 颜色 米 黑 码数48-56;0;;lrg3k8cd5bgw3jv;;Для мужчин;"[""https://xcimg.szwego.com/img/db8ac2c4/20260125/i1769316301120_132_0_0.jpg"",""https://xcimg.szwego.com/img/db8ac2c4/20260125/i1769316300805_9436_0_1.jpg"",""https://xcimg.szwego.com/img/db8ac2c4/20260125/i1769316301768_4789_0_3.jpg"",""https://xcimg.szwego.com/img/db8ac2c4/20260125/i1769316300913_7100_0_5.jpg"",""https://xcimg.szwego.com/img/db8ac2c4/20260125/i1769316301030_4392_0_4.jpg"",""https://xcimg.szwego.com/img/db8ac2c4/20260125/i1769316301069_5169_0_2.jpg""]"
_dq2rSgz4PCJYmQ1Nd82jALPdTupNhkBv9iRHxXQ;;26803320 LP*2026New New·新款麻料休闲裤 颜色 米 杏 黑 码数48-56;0;;lrg3k8cd5bgw3jv;;Для мужчин;"[""https://xcimg.szwego.com/img/db8ac2c4/20260119/i1768799982721_4223_0_0.jpg"",""https://xcimg.szwego.com/img/db8ac2c4/20260119/i1768799982633_7250_0_1.jpg"",""https://xcimg.szwego.com/img/db8ac2c4/20260119/i1768799982615_5435_0_2.jpg"",""https://xcimg.szwego.com/img/db8ac2c4/20260119/i1768799982838_2210_0_5.jpg"",""https://xcimg.szwego.com/img/db8ac2c4/20260119/i1768799983847_7774_0_6.jpg"",""https://xcimg.szwego.com/img/db8ac2c4/20260119/i1768799983799_5307_0_7.jpg"",""https://xcimg.szwego.com/img/db8ac2c4/20260119/i1768799982155_7600_0_4.jpg"",""https://xcimg.szwego.com/img/db8ac2c4/20260119/i1768799983821_1737_0_3.jpg"",""https://xcimg.szwego.com/img/db8ac2c4/20260119/i1768799983836_6914_0_8.jpg""]"
_dl5rSAQe0gZ5DZjlmH884fl3SMPS2RlBdmR5XMA;;96106 杰尼亚*2026New New·新款裤子 颜色 白 码数 M-3XL（48-56）;0;;lrg3k8cd5bgw3jv;;Для мужчин;"[""https://xcimg.szwego.com/img/db8ac2c4/20260313/i1773378883622_2840_0_0.jpg"",""https://xcimg.szwego.com/img/db8ac2c4/20260313/i1773378884801_3822_0_2.jpg"",""https://xcimg.szwego.com/img/db8ac2c4/20260313/i1773378883319_3905_0_1.jpg"",""https://xcimg.szwego.com/img/db8ac2c4/20260313/i1773378883319_3015_0_3.jpg"",""https://xcimg.szwego.com/img/db8ac2c4/20260313/i1773378883492_9855_0_4.jpg"",""https://xcimg.szwego.com/img/db8ac2c4/20260313/i1773378883460_8545_0_5.jpg""]"
_dmMrSq4pq6PdrMonyMj4NKdjjRZMyYy5vBf_Rwg;;26803020 LP*2026New New·新款休闲裤 颜色 杏 黑 咖 码数 48-56（M-3XL）;0;;lrg3k8cd5bgw3jv;;Для мужчин;"[""https://xcimg.szwego.com/img/db8ac2c4/20260320/i1773980280933_6334_0_0.jpg"",""https://xcimg.szwego.com/img/db8ac2c4/20260320/i1773980281090_9617_0_1.jpg"",""https://xcimg.szwego.com/img/db8ac2c4/20260320/i1773980282993_7677_0_2.jpg"",""https://xcimg.szwego.com/img/db8ac2c4/20260320/i1773980281878_1034_0_3.jpg"",""https://xcimg.szwego.com/img/db8ac2c4/20260320/i1773980281815_2019_0_4.jpg"",""https://xcimg.szwego.com/img/db8ac2c4/20260320/i1773980283174_557_0_5.jpg"",""https://xcimg.szwego.com/img/db8ac2c4/20260320/i1773980280949_3930_0_6.jpg"",""https://xcimg.szwego.com/img/db8ac2c4/20260320/i1773980283249_2786_0_7.jpg""]"
_djxrS_Uk82l8xU2FPrd4td5j-MQSZBRk88BCCtA;;29610940 BC*2026New New·新款亚麻休闲裤 颜色 蓝 码数 48-56（M-3XL）;0;;lrg3k8cd5bgw3jv;;Для мужчин;"[""https://xcimg.szwego.com/img/db8ac2c4/20260319/i1773898046820_9317_0_0.jpg"",""https://xcimg.szwego.com/img/db8ac2c4/20260319/i1773898047113_7963_0_3.jpg"",""https://xcimg.szwego.com/img/db8ac2c4/20260319/i1773898046853_6361_0_1.jpg"",""https://xcimg.szwego.com/img/db8ac2c4/20260319/i1773898052051_2667_0_2.jpg"",""https://xcimg.szwego.com/img/db8ac2c4/20260319/i1773898049561_5783_0_4.jpg"",""https://xcimg.szwego.com/img/db8ac2c4/20260319/i1773898051575_723_0_5.jpg""]"
_diPrShTypSxzoq6WfrCO-EddTp4dug8TPoG_NaQ;;26802810 LP*2026New New·新款休闲裤 颜色 白 黑 咖 蓝 码数 48-56（M-3XL）;0;;lrg3k8cd5bgw3jv;;Для мужчин;"[""https://xcimg.szwego.com/img/db8ac2c4/20260318/i1773814534130_4484_0_0.jpg"",""https://xcimg.szwego.com/img/db8ac2c4/20260318/i1773814535559_1591_0_1.jpg"",""https://xcimg.szwego.com/img/db8ac2c4/20260318/i1773814535561_5675_0_2.jpg"",""https://xcimg.szwego.com/img/db8ac2c4/20260318/i1773814534287_3142_0_3.jpg"",""https://xcimg.szwego.com/img/db8ac2c4/20260318/i1773814534457_4369_0_4.jpg"",""https://xcimg.szwego.com/img/db8ac2c4/20260318/i1773814534410_2164_0_5.jpg"",""https://xcimg.szwego.com/img/db8ac2c4/20260318/i1773814534407_9853_0_6.jpg"",""https://xcimg.szwego.com/img/db8ac2c4/20260318/i1773814535699_5201_0_7.jpg"",""https://xcimg.szwego.com/img/db8ac2c4/20260318/i1773814535642_2947_0_8.jpg""]"
_dcYrS1X2iJvuduPqT1f-EceYAeL2M6ONfmbODsQ;;26803120 LP*2026New New·新款休闲裤 颜色 白 咖 黑 蓝 码数 48-56（M-3XL）;0;;lrg3k8cd5bgw3jv;;Для мужчин;"[""https://xcimg.szwego.com/img/db8ac2c4/20260318/i1773812599092_81_0_0.jpg"",""https://xcimg.szwego.com/img/db8ac2c4/20260318/i1773812602154_1024_0_1.jpg"",""https://xcimg.szwego.com/img/db8ac2c4/20260318/i1773812599092_4182_0_2.jpg"",""https://xcimg.szwego.com/img/db8ac2c4/20260318/i1773812599172_6157_0_3.jpg"",""https://xcimg.szwego.com/img/db8ac2c4/20260318/i1773812602767_4246_0_4.jpg"",""https://xcimg.szwego.com/img/db8ac2c4/20260318/i1773812599195_9195_0_5.jpg"",""https://xcimg.szwego.com/img/db8ac2c4/20260318/i1773812599347_1277_0_6.jpg"",""https://xcimg.szwego.com/img/db8ac2c4/20260318/i1773812602507_928_0_7.jpg"",""https://xcimg.szwego.com/img/db8ac2c4/20260318/i1773812602637_701_0_8.jpg""]"
_d8lrSz471YhgmQRf8mvW_l7s6buhwbwkIRh3nLw;;26803220 LP*2026New New·新款休闲裤 颜色 米 卡其 蓝 黑 码数48-56;0;;lrg3k8cd5bgw3jv;;Для мужчин;"[""https://xcimg.szwego.com/img/db8ac2c4/20260129/i1769661063413_5111_0_0.jpg"",""https://xcimg.szwego.com/img/db8ac2c4/20260129/i1769661062285_1896_0_1.jpg"",""https://xcimg.szwego.com/img/db8ac2c4/20260129/i1769661062181_2187_0_2.jpg"",""https://xcimg.szwego.com/img/db8ac2c4/20260129/i1769661062320_7229_0_3.jpg"",""https://xcimg.szwego.com/img/db8ac2c4/20260129/i1769661063530_8269_0_4.jpg"",""https://xcimg.szwego.com/img/db8ac2c4/20260129/i1769661062481_6121_0_5.jpg"",""https://xcimg.szwego.com/img/db8ac2c4/20260129/i1769661062560_7034_0_6.jpg"",""https://xcimg.szwego.com/img/db8ac2c4/20260129/i1769661063515_3913_0_7.jpg"",""https://xcimg.szwego.com/img/db8ac2c4/20260129/i1769661063319_8494_0_8.jpg""]"
_dx0rSqwYTQDuL2swoFWWYrvqqs70aEpnXo92kkg;;68026 BC*2026New New·新款休闲裤 颜色 白 黑 红 灰 蓝 码数48-56;0;;lrg3k8cd5bgw3jv;;Для мужчин;"[""https://xcimg.szwego.com/img/db8ac2c4/20260404/i1775280035191_5364_0_0.jpg"",""https://xcimg.szwego.com/img/db8ac2c4/20260404/i1775280036758_9945_0_1.jpg"",""https://xcimg.szwego.com/img/db8ac2c4/20260404/i1775280035237_7099_0_2.jpg"",""https://xcimg.szwego.com/img/db8ac2c4/20260404/i1775280036886_6740_0_3.jpg"",""https://xcimg.szwego.com/img/db8ac2c4/20260404/i1775280035318_6064_0_4.jpg"",""https://xcimg.szwego.com/img/db8ac2c4/20260404/i1775280035343_9021_0_5.jpg"",""https://xcimg.szwego.com/img/db8ac2c4/20260404/i1775280036782_3928_0_6.jpg"",""https://xcimg.szwego.com/img/db8ac2c4/20260404/i1775280035315_8643_0_7.jpg"",""https://xcimg.szwego.com/img/db8ac2c4/20260404/i1775280036795_5871_0_8.jpg""]"
_dltrShTwqWAIz6ZCr4qY4RA9XsgMUmPbBiKTJHA;;27705710 BC*2026New New·新款休闲裤 颜色 黑 灰 蓝 码数 48-56（M-3XL）;0;;lrg3k8cd5bgw3jv;;Для мужчин;"[""https://xcimg.szwego.com/img/db8ac2c4/20260402/i1775105390357_5185_0_0.jpg"",""https://xcimg.szwego.com/img/db8ac2c4/20260402/i1775105386896_5031_0_1.jpg"",""https://xcimg.szwego.com/img/db8ac2c4/20260402/i1775105393094_486_0_2.jpg"",""https://xcimg.szwego.com/img/db8ac2c4/20260402/i1775105393071_903_0_3.jpg"",""https://xcimg.szwego.com/img/db8ac2c4/20260402/i1775105390427_8824_0_4.jpg"",""https://xcimg.szwego.com/img/db8ac2c4/20260402/i1775105390330_6519_0_5.jpg"",""https://xcimg.szwego.com/img/db8ac2c4/20260402/i1775105386852_4265_0_6.jpg"",""https://xcimg.szwego.com/img/db8ac2c4/20260402/i1775105390284_9116_0_7.jpg"",""https://xcimg.szwego.com/img/db8ac2c4/20260402/i1775105393069_4340_0_8.jpg""]"
_dwVrSEt70dP1xvR0Q-5ahTnK0j7AAuOMFwS8R7w;;2J321-195 Zegna*2025New New·早秋夹克新款 颜色 桔 黑 米 码数 48-56（M-3XL）;0;;lrg3k8cd5bgw3jv;;Для мужчин;"[""https://xcimg.szwego.com/img/db8ac2c4/20250914/i1757825476381_9336_0_0.jpg"",""https://xcimg.szwego.com/img/db8ac2c4/20250914/i1757825476359_3793_0_7.jpg"",""https://xcimg.szwego.com/img/db8ac2c4/20250914/i1757825478510_774_0_6.jpg"",""https://xcimg.szwego.com/img/db8ac2c4/20250914/i1757825476358_446_0_5.jpg"",""https://xcimg.szwego.com/img/db8ac2c4/20250914/i1757825476358_6610_0_1.jpg"",""https://xcimg.szwego.com/img/db8ac2c4/20250914/i1757825478481_4569_0_2.jpg"",""https://xcimg.szwego.com/img/db8ac2c4/20250914/i1757825478446_5299_0_3.jpg"",""https://xcimg.szwego.com/img/db8ac2c4/20250914/i1757825478464_1845_0_4.jpg"",""https://xcimg.szwego.com/img/db8ac2c4/20250914/i1757825476359_8356_0_8.jpg""]"
_dd8rSlr4KKMKFhG6JpB_yd04rtwLz6kTg7EonOA;;3J32120 Zegna*2025New New早秋新款夹克薄棉 颜色 桔 黑 白 码数 白48-56（M-3XL） 黑 桔48-58（M-4XL）;0;;lrg3k8cd5bgw3jv;;Для мужчин;"[""https://xcimg.szwego.com/img/db8ac2c4/20250913/i1757748996517_9016_0_0.jpg"",""https://xcimg.szwego.com/img/db8ac2c4/20250913/i1757748996415_1067_0_6.jpg"",""https://xcimg.szwego.com/img/db8ac2c4/20250913/i1757748994837_9096_0_7.jpg"",""https://xcimg.szwego.com/img/db8ac2c4/20250913/i1757748994809_8309_0_5.jpg"",""https://xcimg.szwego.com/img/db8ac2c4/20250913/i1757748996448_4850_0_1.jpg"",""https://xcimg.szwego.com/img/db8ac2c4/20250913/i1757748994808_334_0_2.jpg"",""https://xcimg.szwego.com/img/db8ac2c4/20250913/i1757748994808_1899_0_3.jpg"",""https://xcimg.szwego.com/img/db8ac2c4/20250913/i1757748994809_3029_0_4.jpg"",""https://xcimg.szwego.com/img/db8ac2c4/20250913/i1757748996504_3898_0_8.jpg""]"
_dsIrSA2VetB91XZ4bZb5N4pSqEsC1MxLyl-5HGQ;;1N70785 BC*2026New New·新款牛仔裤 颜色 蓝色 码数30-31-32-33-34-36-38;0;;lrg3k8cd5bgw3jv;;Для мужчин;"[""https://xcimg.szwego.com/img/db8ac2c4/20260402/i1775106330351_8418_0_0.jpg"",""https://xcimg.szwego.com/img/db8ac2c4/20260402/i1775106330516_7230_0_1.jpg"",""https://xcimg.szwego.com/img/db8ac2c4/20260402/i1775106330483_9230_0_2.jpg"",""https://xcimg.szwego.com/img/db8ac2c4/20260402/i1775106330483_9740_0_3.jpg"",""https://xcimg.szwego.com/img/db8ac2c4/20260402/i1775106332541_7295_0_4.jpg"",""https://xcimg.szwego.com/img/db8ac2c4/20260402/i1775106330555_2647_0_5.jpg""]"
_dbNrS03SR6o2dVeiIsN8VEo_3vDwl8hwGK6JzIw;;1N71895 Zegna*2026New New·新款牛仔裤 颜色 咖 码数30-31-32-33-34-36-38;0;;lrg3k8cd5bgw3jv;;Для мужчин;"[""https://xcimg.szwego.com/img/db8ac2c4/20260402/i1775108896114_6881_0_0.jpg"",""https://xcimg.szwego.com/img/db8ac2c4/20260402/i1775108895904_8421_0_1.jpg"",""https://xcimg.szwego.com/img/db8ac2c4/20260402/i1775108895893_5568_0_2.jpg"",""https://xcimg.szwego.com/img/db8ac2c4/20260402/i1775108895971_6543_0_3.jpg"",""https://xcimg.szwego.com/img/db8ac2c4/20260402/i1775108895774_9662_0_4.jpg"",""https://xcimg.szwego.com/img/db8ac2c4/20260402/i1775108897984_7490_0_5.jpg""]"
_d_brS_X8OI8_xoiNlFHePPQPKdJSFJe_9e43QGw;;1N72085 Zegna*2026New New·新款牛仔裤 颜色 蓝色 码数30-31-32-33-34-36-38;0;;lrg3k8cd5bgw3jv;;Для мужчин;"[""https://xcimg.szwego.com/img/db8ac2c4/20260402/i1775106808538_5709_0_0.jpg"",""https://xcimg.szwego.com/img/db8ac2c4/20260402/i1775106808460_9744_0_1.jpg"",""https://xcimg.szwego.com/img/db8ac2c4/20260402/i1775106808460_1691_0_2.jpg"",""https://xcimg.szwego.com/img/db8ac2c4/20260402/i1775106808475_1997_0_3.jpg"",""https://xcimg.szwego.com/img/db8ac2c4/20260402/i1775106808459_8547_0_4.jpg"",""https://xcimg.szwego.com/img/db8ac2c4/20260402/i1775106812295_835_0_5.jpg""]"
_dcxrSETUxPgx52J6ATmCz1AvJaMyoDZi7xaBpVA;;27705620 BC*2026New New·新款休闲裤 颜色 白 蓝 绿 黑 码数 30-38;0;;lrg3k8cd5bgw3jv;;Для мужчин;"[""https://xcimg.szwego.com/img/db8ac2c4/20260408/i1775631221117_6009_0_0.jpg"",""https://xcimg.szwego.com/img/db8ac2c4/20260408/i1775631221301_4959_0_1.jpg"",""https://xcimg.szwego.com/img/db8ac2c4/20260408/i1775631221292_5381_0_2.jpg"",""https://xcimg.szwego.com/img/db8ac2c4/20260408/i1775631220188_8802_0_3.jpg"",""https://xcimg.szwego.com/img/db8ac2c4/20260408/i1775631220118_2097_0_4.jpg"",""https://xcimg.szwego.com/img/db8ac2c4/20260408/i1775631221234_7845_0_5.jpg"",""https://xcimg.szwego.com/img/db8ac2c4/20260408/i1775631219996_1822_0_6.jpg"",""https://xcimg.szwego.com/img/db8ac2c4/20260408/i1775631220230_4888_0_7.jpg"",""https://xcimg.szwego.com/img/db8ac2c4/20260408/i1775631220146_3540_0_8.jpg""]"
_dxxrSF0SGb9T2xCW9YwD211PY6-x-djLipHnIZg;;27706220 Zegna*2026New New·新款休闲裤 颜色 白 黑 卡其 咖 码数 30-38;0;;lrg3k8cd5bgw3jv;;Для мужчин;"[""https://xcimg.szwego.com/img/db8ac2c4/20260328/i1774673373236_6586_0_0.jpg"",""https://xcimg.szwego.com/img/db8ac2c4/20260328/i1774673373083_7600_0_1.jpg"",""https://xcimg.szwego.com/img/db8ac2c4/20260328/i1774673374883_3897_0_2.jpg"",""https://xcimg.szwego.com/img/db8ac2c4/20260328/i1774673374862_7925_0_3.jpg"",""https://xcimg.szwego.com/img/db8ac2c4/20260328/i1774673373241_5502_0_4.jpg"",""https://xcimg.szwego.com/img/db8ac2c4/20260328/i1774673373083_8538_0_5.jpg"",""https://xcimg.szwego.com/img/db8ac2c4/20260328/i1774673374915_2509_0_6.jpg"",""https://xcimg.szwego.com/img/db8ac2c4/20260328/i1774673373243_1441_0_7.jpg"",""https://xcimg.szwego.com/img/db8ac2c4/20260328/i1774673374911_1531_0_8.jpg""]"
_dkFrSzRfo5ItygR2oaBPY0Sipgpw3D8xk09pR1w;;23619120 LP*2026New New·西裤 颜色 杏 蓝 咖 码数 48-56（M-3XL）;0;;lrg3k8cd5bgw3jv;;Для мужчин;"[""https://xcimg.szwego.com/img/db8ac2c4/20260416/i1776316144838_9430_0_0.jpg"",""https://xcimg.szwego.com/img/db8ac2c4/20260416/i1776316144583_7015_0_1.jpg"",""https://xcimg.szwego.com/img/db8ac2c4/20260416/i1776316146494_8390_0_2.jpg"",""https://xcimg.szwego.com/img/db8ac2c4/20260416/i1776316146456_6137_0_3.jpg"",""https://xcimg.szwego.com/img/db8ac2c4/20260416/i1776316146504_7121_0_4.jpg"",""https://xcimg.szwego.com/img/db8ac2c4/20260416/i1776316144842_7401_0_5.jpg"",""https://xcimg.szwego.com/img/db8ac2c4/20260416/i1776316144716_8582_0_6.jpg"",""https://xcimg.szwego.com/img/db8ac2c4/20260416/i1776316144815_3679_0_7.jpg"",""https://xcimg.szwego.com/img/db8ac2c4/20260416/i1776316146409_1519_0_8.jpg""]"
_dJvrSrGW4etxDR0AyexeieAH6PROweifWE210bA;;76008 Zegna*2026New New·新款裤子 颜色 杏 蓝 桔 咖 绿 码数 30-38;0;;lrg3k8cd5bgw3jv;;Для мужчин;"[""https://xcimg.szwego.com/img/db8ac2c4/20260418/i1776491065994_2237_0_0.jpg"",""https://xcimg.szwego.com/img/db8ac2c4/20260418/i1776491067652_8744_0_1.jpg"",""https://xcimg.szwego.com/img/db8ac2c4/20260418/i1776491065995_4950_0_2.jpg"",""https://xcimg.szwego.com/img/db8ac2c4/20260418/i1776491066158_8735_0_3.jpg"",""https://xcimg.szwego.com/img/db8ac2c4/20260418/i1776491067765_269_0_4.jpg"",""https://xcimg.szwego.com/img/db8ac2c4/20260418/i1776491066083_4137_0_5.jpg"",""https://xcimg.szwego.com/img/db8ac2c4/20260418/i1776491068806_2519_0_6.jpg"",""https://xcimg.szwego.com/img/db8ac2c4/20260418/i1776491066057_9428_0_7.jpg"",""https://xcimg.szwego.com/img/db8ac2c4/20260418/i1776491067687_6155_0_8.jpg"",""https://xcimg.szwego.com/img/db8ac2c4/20260418/i1776491067723_2202_0_9.jpg"",""https://xcimg.szwego.com/img/db8ac2c4/20260418/i1776491067731_9155_0_10.jpg""]"
_db4rSikTW87PUKJX3MaN39Iqh5GNCzbLcXRHV_Q;;76007 BC*2026New New·新款西裤 颜色 浅咖 浅灰 码数30-31-32-33-34-36-38;0;;lrg3k8cd5bgw3jv;;Для мужчин;"[""https://xcimg.szwego.com/img/db8ac2c4/20260415/i1776237934118_3009_0_0.jpg"",""https://xcimg.szwego.com/img/db8ac2c4/20260415/i1776237933946_8119_0_1.jpg"",""https://xcimg.szwego.com/img/db8ac2c4/20260415/i1776237934172_6681_0_2.jpg"",""https://xcimg.szwego.com/img/db8ac2c4/20260415/i1776237934196_1742_0_3.jpg"",""https://xcimg.szwego.com/img/db8ac2c4/20260415/i1776237934401_9915_0_4.jpg"",""https://xcimg.szwego.com/img/db8ac2c4/20260415/i1776237936858_330_0_5.jpg""]"
_dF_rSbVkUYoF0m3CBbHvOEhxgRIcN86mwHvLfAA;;68025 LP*2026New New·新款休闲裤 颜色 白 黑 卡其 咖 码数 30-38;0;;lrg3k8cd5bgw3jv;;Для мужчин;"[""https://xcimg.szwego.com/img/db8ac2c4/20260413/i1776066559362_3512_0_0.jpg"",""https://xcimg.szwego.com/img/db8ac2c4/20260413/i1776066557392_6073_0_1.jpg"",""https://xcimg.szwego.com/img/db8ac2c4/20260413/i1776066557392_9942_0_2.jpg"",""https://xcimg.szwego.com/img/db8ac2c4/20260413/i1776066559296_6427_0_3.jpg"",""https://xcimg.szwego.com/img/db8ac2c4/20260413/i1776066557508_9132_0_4.jpg"",""https://xcimg.szwego.com/img/db8ac2c4/20260413/i1776066559318_8230_0_5.jpg"",""https://xcimg.szwego.com/img/db8ac2c4/20260413/i1776066559418_4264_0_6.jpg"",""https://xcimg.szwego.com/img/db8ac2c4/20260413/i1776066557400_5182_0_7.jpg"",""https://xcimg.szwego.com/img/db8ac2c4/20260413/i1776066557461_4460_0_8.jpg""]"
_diHrS0HZRNk6HDxgm64ZiAIEb2Ya7wswzs4iL3Q;;27701565 LP*2026New New·新款休闲裤 颜色 薄荷绿 卡其 码数48-56;0;;lrg3k8cd5bgw3jv;;Для мужчин;"[""https://xcimg.szwego.com/img/db8ac2c4/20260403/i1775194821431_1358_0_0.jpg"",""https://xcimg.szwego.com/img/db8ac2c4/20260403/i1775194823017_5902_0_1.jpg"",""https://xcimg.szwego.com/img/db8ac2c4/20260403/i1775194821467_4865_0_2.jpg"",""https://xcimg.szwego.com/img/db8ac2c4/20260403/i1775194821501_8119_0_3.jpg"",""https://xcimg.szwego.com/img/db8ac2c4/20260403/i1775194847587_831_0_8.jpg"",""https://xcimg.szwego.com/img/db8ac2c4/20260403/i1775194821432_4995_0_4.jpg"",""https://xcimg.szwego.com/img/db8ac2c4/20260403/i1775194823039_671_0_5.jpg"",""https://xcimg.szwego.com/img/db8ac2c4/20260403/i1775194821516_7766_0_6.jpg"",""https://xcimg.szwego.com/img/db8ac2c4/20260403/i1775194823046_8596_0_7.jpg""]"
_ddqrS81XFpxArCoFmVRlw5Tpc6GDsyNJRWWsbMg;;27705520 ZEGNA*2026New New·新款裤子 颜色 杏 灰 深蓝 黑 码数 30-38 没有35 37;0;;lrg3k8cd5bgw3jv;;Для мужчин;"[""https://xcimg.szwego.com/img/db8ac2c4/20260309/i1773033831470_9380_0_0.jpg"",""https://xcimg.szwego.com/img/db8ac2c4/20260309/i1773033832625_6439_0_1.jpg"",""https://xcimg.szwego.com/img/db8ac2c4/20260309/i1773033831409_1131_0_2.jpg"",""https://xcimg.szwego.com/img/db8ac2c4/20260309/i1773033831523_9906_0_3.jpg"",""https://xcimg.szwego.com/img/db8ac2c4/20260309/i1773033831631_1207_0_4.jpg"",""https://xcimg.szwego.com/img/db8ac2c4/20260309/i1773033832542_4757_0_5.jpg"",""https://xcimg.szwego.com/img/db8ac2c4/20260309/i1773033831617_8098_0_6.jpg"",""https://xcimg.szwego.com/img/db8ac2c4/20260309/i1773033832605_7579_0_7.jpg"",""https://xcimg.szwego.com/img/db8ac2c4/20260309/i1773033832536_8817_0_8.jpg""]"
_dmdrSOI8mxrUuAHDCRHdLpD1kg_trhA5cbkHjAw;;27705020 Kiton*2026New New·新款裤子 颜色 白 深蓝 咖 黑 码数 48-56（M-3XL）;0;;lrg3k8cd5bgw3jv;;Для мужчин;"[""https://xcimg.szwego.com/img/db8ac2c4/20260309/i1773033286126_7644_0_0.jpg"",""https://xcimg.szwego.com/img/db8ac2c4/20260309/i1773033284656_2387_0_1.jpg"",""https://xcimg.szwego.com/img/db8ac2c4/20260309/i1773033286095_2728_0_2.jpg"",""https://xcimg.szwego.com/img/db8ac2c4/20260309/i1773033284884_9204_0_4.jpg"",""https://xcimg.szwego.com/img/db8ac2c4/20260309/i1773033284759_7131_0_5.jpg"",""https://xcimg.szwego.com/img/db8ac2c4/20260309/i1773033286079_8432_0_8.jpg"",""https://xcimg.szwego.com/img/db8ac2c4/20260309/i1773033284808_7394_0_6.jpg"",""https://xcimg.szwego.com/img/db8ac2c4/20260309/i1773033284768_1831_0_7.jpg"",""https://xcimg.szwego.com/img/db8ac2c4/20260309/i1773033286113_1341_0_3.jpg""]"
_d82rS55u1naznK_SOeZF9usrasU99VFGz9hOV3Q;;26802420 BC*2026New New·新款休闲裤 颜色 米 灰 克 码数30-31-32-33-34-36-38;0;;lrg3k8cd5bgw3jv;;Для мужчин;"[""https://xcimg.szwego.com/img/db8ac2c4/20260202/i1770006816003_2541_0_0.jpg"",""https://xcimg.szwego.com/img/db8ac2c4/20260202/i1770006815918_7357_0_1.jpg"",""https://xcimg.szwego.com/img/db8ac2c4/20260202/i1770006814798_6105_0_2.jpg"",""https://xcimg.szwego.com/img/db8ac2c4/20260202/i1770006815002_1411_0_4.jpg"",""https://xcimg.szwego.com/img/db8ac2c4/20260202/i1770006815023_2408_0_5.jpg"",""https://xcimg.szwego.com/img/db8ac2c4/20260202/i1770006816000_6137_0_6.jpg"",""https://xcimg.szwego.com/img/db8ac2c4/20260202/i1770006816047_651_0_7.jpg"",""https://xcimg.szwego.com/img/db8ac2c4/20260202/i1770006814759_7626_0_3.jpg"",""https://xcimg.szwego.com/img/db8ac2c4/20260202/i1770006814930_9290_0_8.jpg""]"
_dpSrSH5zPz2OmQgU0VZP43Nc_KSXrmpROB7Tirw;;27200205 Zegna*2026New New·新款休闲裤 颜色 白 酒红 咖 黑 码数48-58;0;;lrg3k8cd5bgw3jv;;Для мужчин;"[""https://xcimg.szwego.com/img/db8ac2c4/20260209/i1770612289608_2300_0_0.jpg"",""https://xcimg.szwego.com/img/db8ac2c4/20260209/i1770612288595_9900_0_1.jpg"",""https://xcimg.szwego.com/img/db8ac2c4/20260209/i1770612289659_5766_0_2.jpg"",""https://xcimg.szwego.com/img/db8ac2c4/20260209/i1770612288641_7507_0_3.jpg"",""https://xcimg.szwego.com/img/db8ac2c4/20260209/i1770612289622_3211_0_4.jpg"",""https://xcimg.szwego.com/img/db8ac2c4/20260209/i1770612288435_6612_0_5.jpg"",""https://xcimg.szwego.com/img/db8ac2c4/20260209/i1770612288409_4462_0_7.jpg"",""https://xcimg.szwego.com/img/db8ac2c4/20260209/i1770612289519_678_0_6.jpg"",""https://xcimg.szwego.com/img/db8ac2c4/20260209/i1770612288627_6159_0_8.jpg""]"
_dhXrS5iBRrSYajTSe3h-RGwDE-Nbs-Dz2QnstSQ;;27600520 Buoni*2026New New·新款休闲裤 颜色 蓝 咖 灰 码数 30-40(无37 39）;0;;lrg3k8cd5bgw3jv;;Для мужчин;"[""https://xcimg.szwego.com/img/db8ac2c4/20260325/i1774415798944_5099_0_0.jpg"",""https://xcimg.szwego.com/img/db8ac2c4/20260325/i1774415798943_534_0_1.jpg"",""https://xcimg.szwego.com/img/db8ac2c4/20260325/i1774415797417_8270_0_2.jpg"",""https://xcimg.szwego.com/img/db8ac2c4/20260325/i1774415797456_843_0_3.jpg"",""https://xcimg.szwego.com/img/db8ac2c4/20260325/i1774415798953_9099_0_4.jpg"",""https://xcimg.szwego.com/img/db8ac2c4/20260325/i1774415797137_2676_0_5.jpg"",""https://xcimg.szwego.com/img/db8ac2c4/20260325/i1774415798918_6884_0_6.jpg"",""https://xcimg.szwego.com/img/db8ac2c4/20260325/i1774415797127_326_0_7.jpg"",""https://xcimg.szwego.com/img/db8ac2c4/20260325/i1774415797452_6332_0_8.jpg""]"
_diNrSvwB_ANFQENOIK9441mohABuDEHeCEYiz4g;;27200730 BC*2026New New·新款休闲裤 颜色 浅灰 灰蓝 码数 48-58（M-4XL）;0;;lrg3k8cd5bgw3jv;;Для мужчин;"[""https://xcimg.szwego.com/img/db8ac2c4/20260318/i1773813629532_6028_0_0.jpg"",""https://xcimg.szwego.com/img/db8ac2c4/20260318/i1773813628264_5682_0_1.jpg"",""https://xcimg.szwego.com/img/db8ac2c4/20260318/i1773813628312_9792_0_2.jpg"",""https://xcimg.szwego.com/img/db8ac2c4/20260318/i1773813629502_2661_0_3.jpg"",""https://xcimg.szwego.com/img/db8ac2c4/20260318/i1773813628340_3287_0_4.jpg"",""https://xcimg.szwego.com/img/db8ac2c4/20260318/i1773813628232_9563_0_5.jpg"",""https://xcimg.szwego.com/img/db8ac2c4/20260318/i1773813628346_8116_0_6.jpg"",""https://xcimg.szwego.com/img/db8ac2c4/20260318/i1773813629465_7586_0_7.jpg"",""https://xcimg.szwego.com/img/db8ac2c4/20260318/i1773813629490_5836_0_8.jpg""]"
_dxZrSdmT8sQpNBdGDI3pI5GAO5F-mE6AnvoeJBA;;27703720 LP*2026New New·新款休闲裤 颜色 白 蓝 码数 30-38;0;;lrg3k8cd5bgw3jv;;Для мужчин;"[""https://xcimg.szwego.com/img/db8ac2c4/20260127/i1769490419136_9889_0_0.jpg"",""https://xcimg.szwego.com/img/db8ac2c4/20260127/i1769490419239_5016_0_1.jpg"",""https://xcimg.szwego.com/img/db8ac2c4/20260127/i1769490420134_5525_0_2.jpg"",""https://xcimg.szwego.com/img/db8ac2c4/20260127/i1769490419149_3984_0_3.jpg"",""https://xcimg.szwego.com/img/db8ac2c4/20260127/i1769490420087_6312_0_4.jpg"",""https://xcimg.szwego.com/img/db8ac2c4/20260127/i1769490419408_1445_0_5.jpg"",""https://xcimg.szwego.com/img/db8ac2c4/20260127/i1769490420297_3918_0_6.jpg"",""https://xcimg.szwego.com/img/db8ac2c4/20260127/i1769490420208_1963_0_7.jpg"",""https://xcimg.szwego.com/img/db8ac2c4/20260127/i1769490419270_5818_0_8.jpg""]"
_djTrSSbBblG7B45kQwOn3_nsS0YyObF6I9UZB6g;;1AW0585 Zegna*新作业·休闲裤早秋款现货 颜色 黑 白 码数30-38;0;;lrg3k8cd5bgw3jv;;Для мужчин;"[""https://xcimg.szwego.com/img/db8ac2c4/20250827/i1756272677122_1640_0_0.jpg"",""https://xcimg.szwego.com/img/db8ac2c4/20250827/i1756272676900_775_0_1.jpg"",""https://xcimg.szwego.com/img/db8ac2c4/20250827/i1756272678613_642_0_3.jpg"",""https://xcimg.szwego.com/img/db8ac2c4/20250827/i1756272677074_1333_0_4.jpg"",""https://xcimg.szwego.com/img/db8ac2c4/20250827/i1756272677108_498_0_5.jpg"",""https://xcimg.szwego.com/img/db8ac2c4/20250827/i1756272677076_6783_0_2.jpg""]"
_ds_rSRV7Ht-7_uk8O3H1EKvZtH4C0z_3eFpVrsQ;;66227 LP*2026New New·新款短袖 颜色 白 克 咖 深蓝 码数 48-56;0;;lrg3k8cd5bgw3jv;;Для мужчин;"[""https://xcimg.szwego.com/img/db8ac2c4/20260421/i1776752960467_2698_0_0.jpg"",""https://xcimg.szwego.com/img/db8ac2c4/20260421/i1776752960483_3204_0_1.jpg"",""https://xcimg.szwego.com/img/db8ac2c4/20260421/i1776752959091_5282_0_2.jpg"",""https://xcimg.szwego.com/img/db8ac2c4/20260421/i1776752959059_2266_0_4.jpg"",""https://xcimg.szwego.com/img/db8ac2c4/20260421/i1776752959046_6562_0_5.jpg"",""https://xcimg.szwego.com/img/db8ac2c4/20260421/i1776752959112_9419_0_3.jpg"",""https://xcimg.szwego.com/img/db8ac2c4/20260421/i1776752959065_8494_0_6.jpg"",""https://xcimg.szwego.com/img/db8ac2c4/20260421/i1776752960533_8376_0_7.jpg"",""https://xcimg.szwego.com/img/db8ac2c4/20260421/i1776752960438_625_0_8.jpg""]"
_dxbrSwIuPDCNEU57FhfY8nBPlvCC_od6q2wst-A;;75018 LP*2026New New·新款短袖 颜色 杏 克 灰 深蓝 码数 48-56;0;;lrg3k8cd5bgw3jv;;Для мужчин;"[""https://xcimg.szwego.com/img/db8ac2c4/20260421/i1776752414934_1331_0_0.jpg"",""https://xcimg.szwego.com/img/db8ac2c4/20260421/i1776752416614_1147_0_1.jpg"",""https://xcimg.szwego.com/img/db8ac2c4/20260421/i1776752414934_4084_0_2.jpg"",""https://xcimg.szwego.com/img/db8ac2c4/20260421/i1776752414934_3438_0_3.jpg"",""https://xcimg.szwego.com/img/db8ac2c4/20260421/i1776752416555_6341_0_4.jpg"",""https://xcimg.szwego.com/img/db8ac2c4/20260421/i1776752414967_6048_0_5.jpg"",""https://xcimg.szwego.com/img/db8ac2c4/20260421/i1776752416581_3444_0_6.jpg"",""https://xcimg.szwego.com/img/db8ac2c4/20260421/i1776752414934_2410_0_7.jpg"",""https://xcimg.szwego.com/img/db8ac2c4/20260421/i1776752416589_1947_0_8.jpg""]"
_d_nrSgzGQgl6-gE0VOLhTmpDJTyubpaQ8q-DRbA;;75020 ZEGNA*2026New New·新款短袖 颜色 白 黑 卡其 深蓝 灰 咖 深咖 码数 48-56;0;;lrg3k8cd5bgw3jv;;Для мужчин;"[""https://xcimg.szwego.com/img/db8ac2c4/20260421/i1776751740812_2474_0_0.jpg"",""https://xcimg.szwego.com/img/db8ac2c4/20260421/i1776751740812_5208_0_1.jpg"",""https://xcimg.szwego.com/img/db8ac2c4/20260421/i1776751740812_8040_0_2.jpg"",""https://xcimg.szwego.com/img/db8ac2c4/20260421/i1776751740813_9001_0_3.jpg"",""https://xcimg.szwego.com/img/db8ac2c4/20260421/i1776751743784_1850_0_4.jpg"",""https://xcimg.szwego.com/img/db8ac2c4/20260421/i1776751743708_2076_0_5.jpg"",""https://xcimg.szwego.com/img/db8ac2c4/20260421/i1776751743780_1579_0_6.jpg"",""https://xcimg.szwego.com/img/db8ac2c4/20260421/i1776751740813_9613_0_7.jpg"",""https://xcimg.szwego.com/img/db8ac2c4/20260421/i1776751743783_489_0_8.jpg"",""https://xcimg.szwego.com/img/db8ac2c4/20260421/i1776751744896_6824_0_9.jpg"",""https://xcimg.szwego.com/img/db8ac2c4/20260421/i1776751747004_3402_0_10.jpg""]"
_d9arSUB09PR3pMUzEfUCa1IDvCLGPt_zYgrR5jw;;1N71185 BC*2026New New·新款牛仔裤 颜色 蓝色 码数30-31-32-33-34-36-38;0;;lrg3k8cd5bgw3jv;;Для мужчин;"[""https://xcimg.szwego.com/img/db8ac2c4/20260402/i1775107441453_6139_0_0.jpg"",""https://xcimg.szwego.com/img/db8ac2c4/20260402/i1775107441592_8983_0_1.jpg"",""https://xcimg.szwego.com/img/db8ac2c4/20260402/i1775107442879_85_0_2.jpg"",""https://xcimg.szwego.com/img/db8ac2c4/20260402/i1775107441508_1287_0_3.jpg"",""https://xcimg.szwego.com/img/db8ac2c4/20260402/i1775107441533_2898_0_4.jpg"",""https://xcimg.szwego.com/img/db8ac2c4/20260402/i1775107441606_4341_0_5.jpg""]"
_dsyrSCDmkibtmjgaF38fRxZjbtZ64AdKN_dsJXg;;1N70285 BC*2026New New·新款牛仔裤 颜色 黑灰 码数30-31-32-33-34-36-38;0;;lrg3k8cd5bgw3jv;;Для мужчин;"[""https://xcimg.szwego.com/img/db8ac2c4/20260402/i1775108594862_8105_0_0.jpg"",""https://xcimg.szwego.com/img/db8ac2c4/20260402/i1775108600489_1593_0_1.jpg"",""https://xcimg.szwego.com/img/db8ac2c4/20260402/i1775108594601_481_0_2.jpg"",""https://xcimg.szwego.com/img/db8ac2c4/20260402/i1775108594601_3938_0_3.jpg"",""https://xcimg.szwego.com/img/db8ac2c4/20260402/i1775108594601_5099_0_4.jpg"",""https://xcimg.szwego.com/img/db8ac2c4/20260402/i1775108594890_970_0_5.jpg""]"
_dwhrSTYaq4D2WEHAKI84-urBoc6QwMDsiL66lag;;1N70885 BC*2026New New·新款牛仔裤 颜色 蓝色 码数30-31-32-33-34-36-38;0;;lrg3k8cd5bgw3jv;;Для мужчин;"[""https://xcimg.szwego.com/img/db8ac2c4/20260402/i1775107768440_3145_0_0.jpg"",""https://xcimg.szwego.com/img/db8ac2c4/20260402/i1775107766733_4545_0_1.jpg"",""https://xcimg.szwego.com/img/db8ac2c4/20260402/i1775107767062_7480_0_2.jpg"",""https://xcimg.szwego.com/img/db8ac2c4/20260402/i1775107766862_505_0_3.jpg"",""https://xcimg.szwego.com/img/db8ac2c4/20260402/i1775107767013_2085_0_4.jpg"",""https://xcimg.szwego.com/img/db8ac2c4/20260402/i1775107767084_6552_0_5.jpg""]"
_daVrSMRxYtocAClJEVzAggNvO0IIG48ftvVWu5g;;1K61965 ZEGNA*2026New New·新款牛仔裤 颜色 白 码数：48-56;0;;lrg3k8cd5bgw3jv;;Для мужчин;"[""https://xcimg.szwego.com/img/db8ac2c4/20260228/i1772253464528_4883_0_0.jpg"",""https://xcimg.szwego.com/img/db8ac2c4/20260228/i1772253466926_2555_0_1.jpg"",""https://xcimg.szwego.com/img/db8ac2c4/20260228/i1772253471410_4344_0_2.jpg"",""https://xcimg.szwego.com/img/db8ac2c4/20260228/i1772253464649_3573_0_3.jpg"",""https://xcimg.szwego.com/img/db8ac2c4/20260228/i1772253470857_1708_0_4.jpg"",""https://xcimg.szwego.com/img/db8ac2c4/20260228/i1772253468887_8145_0_5.jpg""]"
_doJrSWDNH56U67tq0R-_b5yO0ZftxL5qta9euOw;;1k62065 BV*2026New New·新款牛仔裤 颜色 灰 码数 48-56;0;;lrg3k8cd5bgw3jv;;Для мужчин;"[""https://xcimg.szwego.com/img/db8ac2c4/20260228/i1772252914777_619_0_0.jpg"",""https://xcimg.szwego.com/img/db8ac2c4/20260228/i1772252914642_427_0_1.jpg"",""https://xcimg.szwego.com/img/db8ac2c4/20260228/i1772252914823_7274_0_2.jpg"",""https://xcimg.szwego.com/img/db8ac2c4/20260228/i1772252914653_4325_0_3.jpg"",""https://xcimg.szwego.com/img/db8ac2c4/20260228/i1772252915774_9783_0_4.jpg"",""https://xcimg.szwego.com/img/db8ac2c4/20260228/i1772252914928_8320_0_5.jpg""]"
_d9GrSNrvlTWNxBR3HJv5kBd3gU1wo5ZZShOhRxA;;27706010 LP*2026New New·新款短裤 颜色 白 红 蓝 码数 30-38;0;;lrg3k8cd5bgw3jv;;Для мужчин;"[""https://xcimg.szwego.com/img/db8ac2c4/20260331/i1774936356815_7713_0_0.jpg"",""https://xcimg.szwego.com/img/db8ac2c4/20260331/i1774936355944_5470_0_1.jpg"",""https://xcimg.szwego.com/img/db8ac2c4/20260331/i1774936356908_3846_0_2.jpg"",""https://xcimg.szwego.com/img/db8ac2c4/20260331/i1774936356884_4214_0_3.jpg"",""https://xcimg.szwego.com/img/db8ac2c4/20260331/i1774936355838_4992_0_4.jpg"",""https://xcimg.szwego.com/img/db8ac2c4/20260331/i1774936355953_5014_0_5.jpg"",""https://xcimg.szwego.com/img/db8ac2c4/20260331/i1774936355944_985_0_6.jpg"",""https://xcimg.szwego.com/img/db8ac2c4/20260331/i1774936355848_9768_0_7.jpg""]"
_dbqrS3oB85f5gZrrbKZ-Py5slLipety8-v1xCtQ;;17706185 LP*2026New New·新款短裤 颜色 本色 藏青 深咖 咖色 码数 48-56;0;;lrg3k8cd5bgw3jv;;Для мужчин;"[""https://xcimg.szwego.com/img/db8ac2c4/20260331/i1774935072479_3525_0_0.jpg"",""https://xcimg.szwego.com/img/db8ac2c4/20260331/i1774935069371_7661_0_1.jpg"",""https://xcimg.szwego.com/img/db8ac2c4/20260331/i1774935071654_7987_0_2.jpg"",""https://xcimg.szwego.com/img/db8ac2c4/20260331/i1774935068958_7669_0_3.jpg"",""https://xcimg.szwego.com/img/db8ac2c4/20260331/i1774935069396_3703_0_4.jpg"",""https://xcimg.szwego.com/img/db8ac2c4/20260331/i1774935074494_2272_0_5.jpg"",""https://xcimg.szwego.com/img/db8ac2c4/20260331/i1774935069177_2302_0_6.jpg"",""https://xcimg.szwego.com/img/db8ac2c4/20260331/i1774935072435_8381_0_7.jpg"",""https://xcimg.szwego.com/img/db8ac2c4/20260331/i1774935072320_3752_0_8.jpg""]"
_djarS07cGUKt5LNvXMiJeoFF9R31fYFHmW10Y2A;;17705995 BC*2026New New·新款短裤 颜色 灰 黑 码数 30-38;0;;lrg3k8cd5bgw3jv;;Для мужчин;"[""https://xcimg.szwego.com/img/db8ac2c4/20260331/i1774933972231_1980_0_0.jpg"",""https://xcimg.szwego.com/img/db8ac2c4/20260331/i1774933973721_8704_0_1.jpg"",""https://xcimg.szwego.com/img/db8ac2c4/20260331/i1774933972231_8080_0_2.jpg"",""https://xcimg.szwego.com/img/db8ac2c4/20260331/i1774933972231_8524_0_3.jpg"",""https://xcimg.szwego.com/img/db8ac2c4/20260331/i1774933972231_8078_0_4.jpg"",""https://xcimg.szwego.com/img/db8ac2c4/20260331/i1774933972257_4317_0_5.jpg""]"
_duKrSdmQMd0_aeJCKOUQ7TJh9N-bfRPLbidJqaA;;16803680 Zegna*2026New New·新款麻料短裤 颜色 米 卡其 绿 咖 红 蓝 黑 码数 48-56（M-3XL）;0;;lrg3k8cd5bgw3jv;;Для мужчин;"[""https://xcimg.szwego.com/img/db8ac2c4/20260202/i1770008923086_4755_0_0.jpg"",""https://xcimg.szwego.com/img/db8ac2c4/20260202/i1770008924176_7314_0_1.jpg"",""https://xcimg.szwego.com/img/db8ac2c4/20260202/i1770008923200_2871_0_2.jpg"",""https://xcimg.szwego.com/img/db8ac2c4/20260202/i1770008923307_78_0_3.jpg"",""https://xcimg.szwego.com/img/db8ac2c4/20260202/i1770008924173_4376_0_4.jpg"",""https://xcimg.szwego.com/img/db8ac2c4/20260202/i1770008923211_8091_0_5.jpg"",""https://xcimg.szwego.com/img/db8ac2c4/20260202/i1770008924186_5010_0_6.jpg"",""https://xcimg.szwego.com/img/db8ac2c4/20260202/i1770008923283_2621_0_7.jpg"",""https://xcimg.szwego.com/img/db8ac2c4/20260202/i1770008924118_5976_0_8.jpg""]"
_doFrSQzbsQJpZZQ4sjyHpLW5Z-nIdDxN0f6ND7g;;36110650 LP*2026New New·马甲新款 颜色 米 灰 码数 48-56（M-3XL）;0;;lrg3k8cd5bgw3jv;;Для мужчин;"[""https://xcimg.szwego.com/img/db8ac2c4/20260205/i1770281126552_240_0_0.jpg"",""https://xcimg.szwego.com/img/db8ac2c4/20260205/i1770281125538_2599_0_1.jpg"",""https://xcimg.szwego.com/img/db8ac2c4/20260205/i1770281126575_4133_0_2.jpg"",""https://xcimg.szwego.com/img/db8ac2c4/20260205/i1770281125536_8172_0_3.jpg"",""https://xcimg.szwego.com/img/db8ac2c4/20260205/i1770281126652_5687_0_4.jpg"",""https://xcimg.szwego.com/img/db8ac2c4/20260205/i1770281125327_3881_0_5.jpg"",""https://xcimg.szwego.com/img/db8ac2c4/20260205/i1770281125603_8071_0_6.jpg"",""https://xcimg.szwego.com/img/db8ac2c4/20260205/i1770281125612_1142_0_7.jpg"",""https://xcimg.szwego.com/img/db8ac2c4/20260205/i1770281126660_1276_0_8.jpg""]"
_d_erSzApRX8XYGNUxVBRPadFX31K7vwsrM3NP5Q;;27703075 BC*2026New New·新款马甲 颜色 灰 蓝 (咖预售) 码数 48-56;0;;lrg3k8cd5bgw3jv;;Для мужчин;"[""https://xcimg.szwego.com/img/db8ac2c4/20260202/i1770010332080_4726_0_0.jpg"",""https://xcimg.szwego.com/img/db8ac2c4/20260202/i1770010332201_9431_0_1.jpg"",""https://xcimg.szwego.com/img/db8ac2c4/20260202/i1770010332197_4393_0_2.jpg"",""https://xcimg.szwego.com/img/db8ac2c4/20260202/i1770010332026_1106_0_3.jpg"",""https://xcimg.szwego.com/img/db8ac2c4/20260202/i1770010333293_5366_0_4.jpg"",""https://xcimg.szwego.com/img/db8ac2c4/20260202/i1770010333272_1563_0_5.jpg"",""https://xcimg.szwego.com/img/db8ac2c4/20260202/i1770010332026_7885_0_6.jpg"",""https://xcimg.szwego.com/img/db8ac2c4/20260202/i1770010333268_5042_0_7.jpg"",""https://xcimg.szwego.com/img/db8ac2c4/20260202/i1770010333318_5819_0_8.jpg""]"
_dnmrSaG5z4j3ICRMOB-M_l_X4DPFzg3FKfCdDLQ;;25208 Kiton*2026New New·新款短袖 颜色 白 黑 码数 48-56;0;;lrg3k8cd5bgw3jv;;Для мужчин;"[""https://xcimg.szwego.com/img/db8ac2c4/20260420/i1776662675952_6855_0_0.jpg"",""https://xcimg.szwego.com/img/db8ac2c4/20260420/i1776662677561_1457_0_1.jpg"",""https://xcimg.szwego.com/img/db8ac2c4/20260420/i1776662675996_5155_0_2.jpg"",""https://xcimg.szwego.com/img/db8ac2c4/20260420/i1776662677566_1132_0_3.jpg"",""https://xcimg.szwego.com/img/db8ac2c4/20260420/i1776662677568_8172_0_4.jpg"",""https://xcimg.szwego.com/img/db8ac2c4/20260420/i1776662676054_2104_0_5.jpg"",""https://xcimg.szwego.com/img/db8ac2c4/20260420/i1776662675951_6545_0_6.jpg"",""https://xcimg.szwego.com/img/db8ac2c4/20260420/i1776662677616_4319_0_7.jpg"",""https://xcimg.szwego.com/img/db8ac2c4/20260420/i1776662676048_7975_0_8.jpg""]"
_dnKrSzg0rfEOc9PPOGtAVrlaOGRv4EOsYHaPPOA;;60177 LP*2026New New·新款短袖 颜色 白 黑 紫 码数 48-56;0;;lrg3k8cd5bgw3jv;;Для мужчин;"[""https://xcimg.szwego.com/img/db8ac2c4/20260413/i1776068006172_7865_0_0.jpg"",""https://xcimg.szwego.com/img/db8ac2c4/20260413/i1776068008072_2065_0_1.jpg"",""https://xcimg.szwego.com/img/db8ac2c4/20260413/i1776068006172_8659_0_2.jpg"",""https://xcimg.szwego.com/img/db8ac2c4/20260413/i1776068008160_6542_0_3.jpg"",""https://xcimg.szwego.com/img/db8ac2c4/20260413/i1776068006172_6738_0_4.jpg"",""https://xcimg.szwego.com/img/db8ac2c4/20260413/i1776068006172_9373_0_5.jpg"",""https://xcimg.szwego.com/img/db8ac2c4/20260413/i1776068008098_7115_0_6.jpg"",""https://xcimg.szwego.com/img/db8ac2c4/20260413/i1776068006182_6068_0_7.jpg"",""https://xcimg.szwego.com/img/db8ac2c4/20260413/i1776068008160_8544_0_8.jpg""]"
_dwsrSnslT55iWhleZaLWu5Vt1fJ6VdUw0a1JX3Q;;6083 Kiton*2026New New·新款短袖 颜色 白 黑 码数 48-56;0;;lrg3k8cd5bgw3jv;;Для мужчин;"[""https://xcimg.szwego.com/img/db8ac2c4/20260413/i1776067489902_5466_0_0.jpg"",""https://xcimg.szwego.com/img/db8ac2c4/20260413/i1776067491180_3732_0_1.jpg"",""https://xcimg.szwego.com/img/db8ac2c4/20260413/i1776067489858_567_0_2.jpg"",""https://xcimg.szwego.com/img/db8ac2c4/20260413/i1776067489811_6993_0_3.jpg"",""https://xcimg.szwego.com/img/db8ac2c4/20260413/i1776067489781_7055_0_4.jpg"",""https://xcimg.szwego.com/img/db8ac2c4/20260413/i1776067489905_8763_0_5.jpg""]"
_dhwrSCPPeSCnbaHWm8KWZqE-eFNIqhzjmnu3eGg;;60192 LP*2026New New·新款短袖 颜色 白 黑 蓝 码数 48-56;0;;lrg3k8cd5bgw3jv;;Для мужчин;"[""https://xcimg.szwego.com/img/db8ac2c4/20260413/i1776068304134_277_0_0.jpg"",""https://xcimg.szwego.com/img/db8ac2c4/20260413/i1776068301371_7829_0_1.jpg"",""https://xcimg.szwego.com/img/db8ac2c4/20260413/i1776068301308_7601_0_2.jpg"",""https://xcimg.szwego.com/img/db8ac2c4/20260413/i1776068301315_5015_0_3.jpg"",""https://xcimg.szwego.com/img/db8ac2c4/20260413/i1776068301384_971_0_4.jpg"",""https://xcimg.szwego.com/img/db8ac2c4/20260413/i1776068304151_440_0_5.jpg"",""https://xcimg.szwego.com/img/db8ac2c4/20260413/i1776068303371_1945_0_6.jpg"",""https://xcimg.szwego.com/img/db8ac2c4/20260413/i1776068304098_8959_0_7.jpg"",""https://xcimg.szwego.com/img/db8ac2c4/20260413/i1776068304146_3197_0_8.jpg""]"
_dryrSoH0BMpZlZYeBDW9get0C9wiA-wLl4B6riA;;91115 BV*2026New New·新款短袖 颜色 白 黑 绿 码数 48-56;0;;lrg3k8cd5bgw3jv;;Для мужчин;"[""https://xcimg.szwego.com/img/db8ac2c4/20260331/i1774937692731_9482_0_0.jpg"",""https://xcimg.szwego.com/img/db8ac2c4/20260331/i1774937690541_9041_0_1.jpg"",""https://xcimg.szwego.com/img/db8ac2c4/20260331/i1774937692751_9853_0_2.jpg"",""https://xcimg.szwego.com/img/db8ac2c4/20260331/i1774937692748_7638_0_4.jpg"",""https://xcimg.szwego.com/img/db8ac2c4/20260331/i1774937690665_3392_0_5.jpg"",""https://xcimg.szwego.com/img/db8ac2c4/20260331/i1774937690669_5082_0_6.jpg"",""https://xcimg.szwego.com/img/db8ac2c4/20260331/i1774937690608_8982_0_7.jpg"",""https://xcimg.szwego.com/img/db8ac2c4/20260331/i1774937692179_1269_0_3.jpg""]"
_db-rSUurjp1hwP8Y9XbFwNtCbjbgTvwLhljc-1Q;;1T0445 BC*2026New New·新款T桖 颜色 白 黑 绿 码数 48-56;0;;lrg3k8cd5bgw3jv;;Для мужчин;"[""https://xcimg.szwego.com/img/db8ac2c4/20260328/i1774673387594_9702_0_0.jpg"",""https://xcimg.szwego.com/img/db8ac2c4/20260328/i1774673386586_9534_0_1.jpg"",""https://xcimg.szwego.com/img/db8ac2c4/20260328/i1774673387556_1053_0_2.jpg"",""https://xcimg.szwego.com/img/db8ac2c4/20260328/i1774673386547_3825_0_3.jpg"",""https://xcimg.szwego.com/img/db8ac2c4/20260328/i1774673387572_1129_0_4.jpg"",""https://xcimg.szwego.com/img/db8ac2c4/20260328/i1774673387575_3189_0_5.jpg"",""https://xcimg.szwego.com/img/db8ac2c4/20260328/i1774673386569_5824_0_6.jpg"",""https://xcimg.szwego.com/img/db8ac2c4/20260328/i1774673386490_5952_0_7.jpg"",""https://xcimg.szwego.com/img/db8ac2c4/20260328/i1774673386597_6334_0_8.jpg""]"
_dpXrSqsDWd2Gp2bqcha-TAxEhkYm-HON0vyJ4Eg;;1T0545 LP*2026New New·新款T桖 颜色 白 黑 码数 48-56;0;;lrg3k8cd5bgw3jv;;Для мужчин;"[""https://xcimg.szwego.com/img/db8ac2c4/20260328/i1774674162346_9527_0_0.jpg"",""https://xcimg.szwego.com/img/db8ac2c4/20260328/i1774674164697_1481_0_1.jpg"",""https://xcimg.szwego.com/img/db8ac2c4/20260328/i1774674162327_6789_0_2.jpg"",""https://xcimg.szwego.com/img/db8ac2c4/20260328/i1774674162392_9990_0_3.jpg"",""https://xcimg.szwego.com/img/db8ac2c4/20260328/i1774674164112_9893_0_4.jpg"",""https://xcimg.szwego.com/img/db8ac2c4/20260328/i1774674162380_7162_0_5.jpg""]"
_dwgrSjBFkijNniJZPQ0quckyWLsexGOx_MKHgmA;;1T00245 BC*2026New New·新款T桖 颜色 白 黑 码数 48-56;0;;lrg3k8cd5bgw3jv;;Для мужчин;"[""https://xcimg.szwego.com/img/db8ac2c4/20260328/i1774674731596_4578_0_0.jpg"",""https://xcimg.szwego.com/img/db8ac2c4/20260328/i1774674730613_6180_0_1.jpg"",""https://xcimg.szwego.com/img/db8ac2c4/20260328/i1774674730605_2435_0_2.jpg"",""https://xcimg.szwego.com/img/db8ac2c4/20260328/i1774674730536_533_0_3.jpg"",""https://xcimg.szwego.com/img/db8ac2c4/20260328/i1774674730726_7416_0_4.jpg"",""https://xcimg.szwego.com/img/db8ac2c4/20260328/i1774674730690_4039_0_5.jpg""]"
_dn1rSn8ghFITv0KVgyy4PhRPKzZTKb_VPnuJR1w;;1T0145 BC*2026New New·新款T桖 颜色 白 黑 码数 48-56;0;;lrg3k8cd5bgw3jv;;Для мужчин;"[""https://xcimg.szwego.com/img/db8ac2c4/20260328/i1774675127266_6824_0_0.jpg"",""https://xcimg.szwego.com/img/db8ac2c4/20260328/i1774675128231_634_0_1.jpg"",""https://xcimg.szwego.com/img/db8ac2c4/20260328/i1774675127163_5490_0_2.jpg"",""https://xcimg.szwego.com/img/db8ac2c4/20260328/i1774675127237_8713_0_3.jpg"",""https://xcimg.szwego.com/img/db8ac2c4/20260328/i1774675127136_2571_0_4.jpg"",""https://xcimg.szwego.com/img/db8ac2c4/20260328/i1774675127350_8248_0_5.jpg""]"
_d8yrS31yqV6iMF7mi52cTXOoiC44euoseYaHCdw;;111305 ZEGBA*2026New New·新款短袖 颜色 白 深蓝 天蓝 黑 码数 48-56;0;;lrg3k8cd5bgw3jv;;Для мужчин;"[""https://xcimg.szwego.com/img/db8ac2c4/20260227/i1772179412390_7792_0_0.jpg"",""https://xcimg.szwego.com/img/db8ac2c4/20260227/i1772179414030_492_0_1.jpg"",""https://xcimg.szwego.com/img/db8ac2c4/20260227/i1772179412360_2923_0_2.jpg"",""https://xcimg.szwego.com/img/db8ac2c4/20260227/i1772179414088_2265_0_3.jpg"",""https://xcimg.szwego.com/img/db8ac2c4/20260227/i1772179412375_3166_0_4.jpg"",""https://xcimg.szwego.com/img/db8ac2c4/20260227/i1772179416349_9971_0_5.jpg"",""https://xcimg.szwego.com/img/db8ac2c4/20260227/i1772179412447_9407_0_6.jpg"",""https://xcimg.szwego.com/img/db8ac2c4/20260227/i1772179414076_8465_0_7.jpg"",""https://xcimg.szwego.com/img/db8ac2c4/20260227/i1772179412360_8504_0_8.jpg""]"
_dj2rSd_RekxYbJ64A5epSgTVBOtJEpAzSkJRy1g;;111215 ZEGBA*2026New New·新款短袖 颜色 白 深蓝 天蓝 黑 码数 48-56;0;;lrg3k8cd5bgw3jv;;Для мужчин;"[""https://xcimg.szwego.com/img/db8ac2c4/20260227/i1772178480038_9723_0_0.jpg"",""https://xcimg.szwego.com/img/db8ac2c4/20260227/i1772178480108_5544_0_1.jpg"",""https://xcimg.szwego.com/img/db8ac2c4/20260227/i1772178480046_9229_0_2.jpg"",""https://xcimg.szwego.com/img/db8ac2c4/20260227/i1772178482881_5092_0_3.jpg"",""https://xcimg.szwego.com/img/db8ac2c4/20260227/i1772178480147_3778_0_4.jpg"",""https://xcimg.szwego.com/img/db8ac2c4/20260227/i1772178482035_6584_0_5.jpg"",""https://xcimg.szwego.com/img/db8ac2c4/20260227/i1772178482886_1516_0_6.jpg"",""https://xcimg.szwego.com/img/db8ac2c4/20260227/i1772178482846_6629_0_7.jpg"",""https://xcimg.szwego.com/img/db8ac2c4/20260227/i1772178482839_1503_0_8.jpg""]"
_dnCrShwIYxz41rRI6UnNl3Enis2rCKwItS29swA;;111515 BC*2026New New·新款短袖 颜色 白 深蓝 天蓝 码数 48-56;0;;lrg3k8cd5bgw3jv;;Для мужчин;"[""https://xcimg.szwego.com/img/db8ac2c4/20260227/i1772177389119_6711_0_0.jpg"",""https://xcimg.szwego.com/img/db8ac2c4/20260227/i1772177390700_4508_0_1.jpg"",""https://xcimg.szwego.com/img/db8ac2c4/20260227/i1772177389119_5748_0_2.jpg"",""https://xcimg.szwego.com/img/db8ac2c4/20260227/i1772177390692_4530_0_3.jpg"",""https://xcimg.szwego.com/img/db8ac2c4/20260227/i1772177389170_1868_0_4.jpg"",""https://xcimg.szwego.com/img/db8ac2c4/20260227/i1772177390787_9828_0_5.jpg"",""https://xcimg.szwego.com/img/db8ac2c4/20260227/i1772177389126_1549_0_6.jpg"",""https://xcimg.szwego.com/img/db8ac2c4/20260227/i1772177389119_7938_0_7.jpg"",""https://xcimg.szwego.com/img/db8ac2c4/20260227/i1772177390613_6819_0_8.jpg""]"
_dnQrSGdCxPBaQnT8K2OEZEgO-HN9L1J8n-KrKXQ;;2N71010 LP*2026New New·新款牛仔裤 颜色 蓝色 码数30-31-32-33-34-36-38;0;;lrg3k8cd5bgw3jv;;Для мужчин;"[""https://xcimg.szwego.com/img/db8ac2c4/20260113/i1768284432834_6881_0_0.jpg"",""https://xcimg.szwego.com/img/db8ac2c4/20260113/i1768284432928_951_0_4.jpg"",""https://xcimg.szwego.com/img/db8ac2c4/20260113/i1768284432834_9429_0_1.jpg"",""https://xcimg.szwego.com/img/db8ac2c4/20260113/i1768284434402_1781_0_2.jpg"",""https://xcimg.szwego.com/img/db8ac2c4/20260113/i1768284432833_3532_0_3.jpg"",""https://xcimg.szwego.com/img/db8ac2c4/20260113/i1768284432834_6542_0_5.jpg""]"
_dnRrSrrhMv6GUywr8f7sSTtF3MxNcT3efxskFqw;;1N70985 ZEGNA*2026New New·新款牛仔裤 颜色 深蓝 码数30-31-32-33-34-36-38;0;;lrg3k8cd5bgw3jv;;Для мужчин;"[""https://xcimg.szwego.com/img/db8ac2c4/20260123/i1769143139121_7234_0_0.jpg"",""https://xcimg.szwego.com/img/db8ac2c4/20260123/i1769143138888_5998_0_3.jpg"",""https://xcimg.szwego.com/img/db8ac2c4/20260123/i1769143139791_3918_0_1.jpg"",""https://xcimg.szwego.com/img/db8ac2c4/20260123/i1769143139007_7798_0_2.jpg"",""https://xcimg.szwego.com/img/db8ac2c4/20260123/i1769143138832_3233_0_4.jpg"",""https://xcimg.szwego.com/img/db8ac2c4/20260123/i1769143187580_2963_0_5.jpg""]"
_dqQrSikgrkd_G8c-FreRv7FBaPLvMe7cBgMlYrw;;66223 LP*2026New New·新款短袖 颜色 杏 灰 黑 咖 码数 48-56;0;;lrg3k8cd5bgw3jv;;Для мужчин;"[""https://xcimg.szwego.com/img/db8ac2c4/20260408/i1775629934328_8801_0_0.jpg"",""https://xcimg.szwego.com/img/db8ac2c4/20260408/i1775629935416_8490_0_1.jpg"",""https://xcimg.szwego.com/img/db8ac2c4/20260408/i1775629935503_5591_0_2.jpg"",""https://xcimg.szwego.com/img/db8ac2c4/20260408/i1775629935568_5472_0_3.jpg"",""https://xcimg.szwego.com/img/db8ac2c4/20260408/i1775629934249_4861_0_4.jpg"",""https://xcimg.szwego.com/img/db8ac2c4/20260408/i1775629934343_8708_0_5.jpg"",""https://xcimg.szwego.com/img/db8ac2c4/20260408/i1775629934224_9731_0_6.jpg"",""https://xcimg.szwego.com/img/db8ac2c4/20260408/i1775629935585_2343_0_7.jpg"",""https://xcimg.szwego.com/img/db8ac2c4/20260408/i1775629934218_3906_0_8.jpg""]"
_dZxrS2i4MfUEPmXu7OKInV0nsXu0b0Ir4KfiLEA;;17500685 LP*2026New New·新款短袖 颜色 杏 咖 深蓝 浅蓝 黑 绿 码数 M-3XL（48-56）;0;;lrg3k8cd5bgw3jv;;Для мужчин;"[""https://xcimg.szwego.com/img/db8ac2c4/20260325/i1774414501492_7812_0_0.jpg"",""https://xcimg.szwego.com/img/db8ac2c4/20260325/i1774414499993_5022_0_1.jpg"",""https://xcimg.szwego.com/img/db8ac2c4/20260325/i1774414499993_2324_0_2.jpg"",""https://xcimg.szwego.com/img/db8ac2c4/20260325/i1774414500057_5438_0_3.jpg"",""https://xcimg.szwego.com/img/db8ac2c4/20260325/i1774414501444_8335_0_4.jpg"",""https://xcimg.szwego.com/img/db8ac2c4/20260325/i1774414500055_3652_0_5.jpg"",""https://xcimg.szwego.com/img/db8ac2c4/20260325/i1774414501400_6993_0_6.jpg"",""https://xcimg.szwego.com/img/db8ac2c4/20260325/i1774414501504_8099_0_7.jpg"",""https://xcimg.szwego.com/img/db8ac2c4/20260325/i1774414499993_1745_0_8.jpg""]"
_digrSKkwg2W15Noll3321zINHBhFv8W0eteZ-9g;;16621980 BC*2026New New·新款短袖 颜色 白 咖 黑 码数 48-56;0;;lrg3k8cd5bgw3jv;;Для мужчин;"[""https://xcimg.szwego.com/img/db8ac2c4/20260330/i1774845492400_2049_0_0.jpg"",""https://xcimg.szwego.com/img/db8ac2c4/20260330/i1774845492356_4605_0_1.jpg"",""https://xcimg.szwego.com/img/db8ac2c4/20260330/i1774845492357_6152_0_2.jpg"",""https://xcimg.szwego.com/img/db8ac2c4/20260330/i1774845495030_3229_0_3.jpg"",""https://xcimg.szwego.com/img/db8ac2c4/20260330/i1774845494998_3628_0_4.jpg"",""https://xcimg.szwego.com/img/db8ac2c4/20260330/i1774845492357_8293_0_5.jpg"",""https://xcimg.szwego.com/img/db8ac2c4/20260330/i1774845495013_3637_0_6.jpg"",""https://xcimg.szwego.com/img/db8ac2c4/20260330/i1774845494276_2147_0_7.jpg"",""https://xcimg.szwego.com/img/db8ac2c4/20260330/i1774845494911_4057_0_8.jpg""]"
_d11rSSLjfL2nJ3zIfEv2eHcZVeE7IINxC1FVyaA;;1692880 BC*2026New New·新款短袖 颜色 白 蓝 码数 48-56;0;;lrg3k8cd5bgw3jv;;Для мужчин;"[""https://xcimg.szwego.com/img/db8ac2c4/20260330/i1774845809715_2125_0_0.jpg"",""https://xcimg.szwego.com/img/db8ac2c4/20260330/i1774845809784_3880_0_1.jpg"",""https://xcimg.szwego.com/img/db8ac2c4/20260330/i1774845810748_4456_0_2.jpg"",""https://xcimg.szwego.com/img/db8ac2c4/20260330/i1774845809593_170_0_3.jpg"",""https://xcimg.szwego.com/img/db8ac2c4/20260330/i1774845809781_5952_0_4.jpg"",""https://xcimg.szwego.com/img/db8ac2c4/20260330/i1774845809765_5089_0_5.jpg""]"
_dxqrSmX9QPpN71SJmzFL7Qdf44MOCRbYuH75dbQ;;16620785 LP*2026New New·新款短袖 颜色 杏 黑 蓝 码数 M-3XL（48-56）;0;;lrg3k8cd5bgw3jv;;Для мужчин;"[""https://xcimg.szwego.com/img/db8ac2c4/20260323/i1774243427192_4520_0_0.jpg"",""https://xcimg.szwego.com/img/db8ac2c4/20260323/i1774243427157_921_0_1.jpg"",""https://xcimg.szwego.com/img/db8ac2c4/20260323/i1774243427259_5612_0_2.jpg"",""https://xcimg.szwego.com/img/db8ac2c4/20260323/i1774243428313_1519_0_4.jpg"",""https://xcimg.szwego.com/img/db8ac2c4/20260323/i1774243427256_5737_0_5.jpg"",""https://xcimg.szwego.com/img/db8ac2c4/20260323/i1774243427234_104_0_6.jpg"",""https://xcimg.szwego.com/img/db8ac2c4/20260323/i1774243428330_2202_0_3.jpg"",""https://xcimg.szwego.com/img/db8ac2c4/20260323/i1774243430554_1329_0_7.jpg"",""https://xcimg.szwego.com/img/db8ac2c4/20260323/i1774243428260_7991_0_8.jpg""]"
_dWzrSfaRW4rp9BoCfZBBVBKKD2l6XPld8oXoh3Q;;12611885 LP*2026New New·新款短袖 颜色 杏 绿 咖 深灰蓝 浅灰 码数 48-56;0;;lrg3k8cd5bgw3jv;;Для мужчин;"[""https://xcimg.szwego.com/img/db8ac2c4/20260317/i1773722868469_9733_0_0.jpg"",""https://xcimg.szwego.com/img/db8ac2c4/20260317/i1773722868212_2127_0_1.jpg"",""https://xcimg.szwego.com/img/db8ac2c4/20260317/i1773722868455_3023_0_2.jpg"",""https://xcimg.szwego.com/img/db8ac2c4/20260317/i1773722868562_6676_0_3.jpg"",""https://xcimg.szwego.com/img/db8ac2c4/20260317/i1773722866587_9007_0_4.jpg"",""https://xcimg.szwego.com/img/db8ac2c4/20260317/i1773722866231_907_0_5.jpg"",""https://xcimg.szwego.com/img/db8ac2c4/20260317/i1773722866566_1464_0_6.jpg"",""https://xcimg.szwego.com/img/db8ac2c4/20260317/i1773722866700_8808_0_7.jpg"",""https://xcimg.szwego.com/img/db8ac2c4/20260317/i1773722866541_4004_0_8.jpg""]"
_dmCrSe1btliFd9fLd5lJICwAt0zJVYRy_4D3RDQ;;17500780 LP*2026New New·新款短袖 颜色 杏 浅蓝 深蓝 桔 灰 码数 M-3XL（48-56）;0;;lrg3k8cd5bgw3jv;;Для мужчин;"[""https://xcimg.szwego.com/img/db8ac2c4/20260313/i1773374874534_4022_0_0.jpg"",""https://xcimg.szwego.com/img/db8ac2c4/20260313/i1773374872150_429_0_1.jpg"",""https://xcimg.szwego.com/img/db8ac2c4/20260313/i1773374874583_7725_0_2.jpg"",""https://xcimg.szwego.com/img/db8ac2c4/20260313/i1773374872619_2572_0_5.jpg"",""https://xcimg.szwego.com/img/db8ac2c4/20260313/i1773374874824_2556_0_4.jpg"",""https://xcimg.szwego.com/img/db8ac2c4/20260313/i1773374872503_9283_0_3.jpg"",""https://xcimg.szwego.com/img/db8ac2c4/20260313/i1773374872479_3203_0_7.jpg"",""https://xcimg.szwego.com/img/db8ac2c4/20260313/i1773374872518_5812_0_6.jpg"",""https://xcimg.szwego.com/img/db8ac2c4/20260313/i1773374874519_461_0_8.jpg""]"
_dmnrS2V9ZmYUBcvOq6yDBxyyc-UY7Lo-Jnhi0kg;;17500385 LP*2026New New·新款短袖 颜色 米 抹茶 藏青 亚棕 雾灰 黑 码数 M-3XL（48-56）;0;;lrg3k8cd5bgw3jv;;Для мужчин;"[""https://xcimg.szwego.com/img/db8ac2c4/20260313/i1773373964658_1542_0_0.jpg"",""https://xcimg.szwego.com/img/db8ac2c4/20260313/i1773373964657_125_0_1.jpg"",""https://xcimg.szwego.com/img/db8ac2c4/20260313/i1773373964669_8234_0_2.jpg"",""https://xcimg.szwego.com/img/db8ac2c4/20260313/i1773373966651_5170_0_3.jpg"",""https://xcimg.szwego.com/img/db8ac2c4/20260313/i1773373964669_3130_0_4.jpg"",""https://xcimg.szwego.com/img/db8ac2c4/20260313/i1773373966739_5935_0_5.jpg"",""https://xcimg.szwego.com/img/db8ac2c4/20260313/i1773373964658_7522_0_6.jpg"",""https://xcimg.szwego.com/img/db8ac2c4/20260313/i1773373966559_963_0_7.jpg"",""https://xcimg.szwego.com/img/db8ac2c4/20260313/i1773373966435_2241_0_8.jpg""]"
_doRrSKqsCqT1P4CA_ZY-sEed3blax3kxN42j0QA;;17500285 LP*2026New New·新款短袖 颜色 白 蓝 咖 黑 码数 48-56;0;;lrg3k8cd5bgw3jv;;Для мужчин;"[""https://xcimg.szwego.com/img/db8ac2c4/20260130/i1769746023596_268_0_0.jpg"",""https://xcimg.szwego.com/img/db8ac2c4/20260130/i1769746025136_210_0_1.jpg"",""https://xcimg.szwego.com/img/db8ac2c4/20260130/i1769746025187_6908_0_3.jpg"",""https://xcimg.szwego.com/img/db8ac2c4/20260130/i1769746023609_7610_0_4.jpg"",""https://xcimg.szwego.com/img/db8ac2c4/20260130/i1769746025209_6316_0_5.jpg"",""https://xcimg.szwego.com/img/db8ac2c4/20260130/i1769746023596_8605_0_6.jpg"",""https://xcimg.szwego.com/img/db8ac2c4/20260130/i1769746023596_1608_0_7.jpg"",""https://xcimg.szwego.com/img/db8ac2c4/20260130/i1769746025235_2188_0_8.jpg"",""https://xcimg.szwego.com/img/db8ac2c4/20260130/i1769746023596_8855_0_2.jpg""]"
_drwrShHvRcRscejh4uO2HRKz_C22AtS2jnnV-Ng;;1Z770480 LP*2026New New·新款圆领短袖 颜色 卡其 黑 浅蓝 浅杏 深蓝 红 绿 码数 48-56;0;;lrg3k8cd5bgw3jv;;Для мужчин;"[""https://xcimg.szwego.com/img/db8ac2c4/20260317/i1773721453396_2653_0_0.jpg"",""https://xcimg.szwego.com/img/db8ac2c4/20260317/i1773721450313_2031_0_1.jpg"",""https://xcimg.szwego.com/img/db8ac2c4/20260317/i1773721453448_2377_0_2.jpg"",""https://xcimg.szwego.com/img/db8ac2c4/20260317/i1773721450340_5051_0_3.jpg"",""https://xcimg.szwego.com/img/db8ac2c4/20260317/i1773721450312_542_0_4.jpg"",""https://xcimg.szwego.com/img/db8ac2c4/20260317/i1773721450318_1087_0_5.jpg"",""https://xcimg.szwego.com/img/db8ac2c4/20260317/i1773721453315_6469_0_6.jpg"",""https://xcimg.szwego.com/img/db8ac2c4/20260317/i1773721453467_9580_0_7.jpg"",""https://xcimg.szwego.com/img/db8ac2c4/20260317/i1773721450313_465_0_8.jpg""]"
_dp6rSG6Xqw1HzIzVy_am38wGA5rXi0QQk8Z1Ttg;;2Z770200 LP*2026New New·新款短袖 颜色 白 杏 藏青 绿 湖蓝 码数 48-56;0;;lrg3k8cd5bgw3jv;;Для мужчин;"[""https://xcimg.szwego.com/img/db8ac2c4/20260310/i1773118939988_5960_0_0.jpg"",""https://xcimg.szwego.com/img/db8ac2c4/20260310/i1773118939986_4390_0_1.jpg"",""https://xcimg.szwego.com/img/db8ac2c4/20260310/i1773118939997_6404_0_2.jpg"",""https://xcimg.szwego.com/img/db8ac2c4/20260310/i1773118940041_2782_0_3.jpg"",""https://xcimg.szwego.com/img/db8ac2c4/20260310/i1773118940031_9372_0_4.jpg"",""https://xcimg.szwego.com/img/db8ac2c4/20260310/i1773118941412_1592_0_5.jpg"",""https://xcimg.szwego.com/img/db8ac2c4/20260310/i1773118941394_6848_0_6.jpg"",""https://xcimg.szwego.com/img/db8ac2c4/20260310/i1773118941261_8095_0_7.jpg"",""https://xcimg.szwego.com/img/db8ac2c4/20260310/i1773118941463_1550_0_8.jpg""]"
_d31rSDdhwZdTRxt5ChkrJSZo5Y2FB9NFEFSu98Q;;2Z770149 LP*2026New New·新款短袖 颜色 杏 黑 湖蓝 藏青 码数 48-56;0;;lrg3k8cd5bgw3jv;;Для мужчин;"[""https://xcimg.szwego.com/img/db8ac2c4/20260310/i1773117880163_4003_0_0.jpg"",""https://xcimg.szwego.com/img/db8ac2c4/20260310/i1773117881341_1505_0_1.jpg"",""https://xcimg.szwego.com/img/db8ac2c4/20260310/i1773117880319_2513_0_2.jpg"",""https://xcimg.szwego.com/img/db8ac2c4/20260310/i1773117881317_2607_0_4.jpg"",""https://xcimg.szwego.com/img/db8ac2c4/20260310/i1773117880266_5952_0_5.jpg"",""https://xcimg.szwego.com/img/db8ac2c4/20260310/i1773117880335_9526_0_3.jpg"",""https://xcimg.szwego.com/img/db8ac2c4/20260310/i1773117880357_8253_0_6.jpg"",""https://xcimg.szwego.com/img/db8ac2c4/20260310/i1773117881349_6003_0_7.jpg"",""https://xcimg.szwego.com/img/db8ac2c4/20260310/i1773117881300_7457_0_8.jpg""]"
_dihrSzgB6BGgGlTn1Kzof1IJOhlqrAX6vyPz24Q;;16621565 BC*2026New New·新款短袖 颜色 杏 蓝 红 咖 黑 码数 48-56;0;;lrg3k8cd5bgw3jv;;Для мужчин;"[""https://xcimg.szwego.com/img/db8ac2c4/20260119/i1768799025331_8707_0_0.jpg"",""https://xcimg.szwego.com/img/db8ac2c4/20260119/i1768799023553_9586_0_1.jpg"",""https://xcimg.szwego.com/img/db8ac2c4/20260119/i1768799023562_7982_0_2.jpg"",""https://xcimg.szwego.com/img/db8ac2c4/20260119/i1768799025227_9184_0_3.jpg"",""https://xcimg.szwego.com/img/db8ac2c4/20260119/i1768799023601_2731_0_4.jpg"",""https://xcimg.szwego.com/img/db8ac2c4/20260119/i1768799023553_6714_0_5.jpg"",""https://xcimg.szwego.com/img/db8ac2c4/20260119/i1768799025322_6516_0_6.jpg"",""https://xcimg.szwego.com/img/db8ac2c4/20260119/i1768799023617_8042_0_7.jpg"",""https://xcimg.szwego.com/img/db8ac2c4/20260119/i1768799025330_2054_0_8.jpg""]"
_dvarSd3mZsn8cMiBFST84Qu395KdCHcKp5J9-lQ;;17500185 Zegna*2026New New·短袖新款 面料：醋酸丝+天丝+桑蚕丝 颜色 杏 浅蓝 棕 黑 浅咖 藏青 灰 深咖 绿 码数 48-56（M-3XL）;0;;lrg3k8cd5bgw3jv;;Для мужчин;"[""https://xcimg.szwego.com/img/db8ac2c4/20260115/i1768454707592_7163_0_0.jpg"",""https://xcimg.szwego.com/img/db8ac2c4/20260115/i1768454705619_5070_0_1.jpg"",""https://xcimg.szwego.com/img/db8ac2c4/20260115/i1768454705699_3844_0_2.jpg"",""https://xcimg.szwego.com/img/db8ac2c4/20260115/i1768454705619_5076_0_3.jpg"",""https://xcimg.szwego.com/img/db8ac2c4/20260115/i1768454707641_6409_0_4.jpg"",""https://xcimg.szwego.com/img/db8ac2c4/20260115/i1768454707554_4519_0_5.jpg"",""https://xcimg.szwego.com/img/db8ac2c4/20260115/i1768454707613_8980_0_6.jpg"",""https://xcimg.szwego.com/img/db8ac2c4/20260115/i1768454705637_4457_0_7.jpg"",""https://xcimg.szwego.com/img/db8ac2c4/20260115/i1768454705687_9866_0_8.jpg""]"
_dforSGTijRK5Zj73B8cHTM4hi27m-nScXdgCpWQ;;17500185 Zegna*2026New New·短袖新款 面料：醋酸丝+天丝+桑蚕丝 颜色 杏 浅蓝 棕 黑 浅咖 藏青 灰 深咖 绿 码数 48-56（M-3XL）;0;;lrg3k8cd5bgw3jv;;Для мужчин;"[""https://xcimg.szwego.com/img/db8ac2c4/20260115/i1768454918258_8383_0_0.jpg"",""https://xcimg.szwego.com/img/db8ac2c4/20260115/i1768454918212_9581_0_1.jpg"",""https://xcimg.szwego.com/img/db8ac2c4/20260115/i1768454918208_1439_0_2.jpg"",""https://xcimg.szwego.com/img/db8ac2c4/20260115/i1768454918275_3344_0_3.jpg"",""https://xcimg.szwego.com/img/db8ac2c4/20260115/i1768454919189_9724_0_5.jpg"",""https://xcimg.szwego.com/img/db8ac2c4/20260115/i1768454918265_9572_0_4.jpg""]"
_dwerSbSAra71Wt8WPqzcbwUVvtQDcSw1Ve8MHYg;;17621980 Lp*2026New New·新款短袖 颜色 白 紫 黑 桔 咖 码数 48-56;0;;lrg3k8cd5bgw3jv;;Для мужчин;"[""https://xcimg.szwego.com/img/db8ac2c4/20260310/i1773119848119_6547_0_0.jpg"",""https://xcimg.szwego.com/img/db8ac2c4/20260310/i1773119848058_9987_0_7.jpg"",""https://xcimg.szwego.com/img/db8ac2c4/20260310/i1773119849069_5492_0_8.jpg"",""https://xcimg.szwego.com/img/db8ac2c4/20260310/i1773119848044_3933_0_2.jpg"",""https://xcimg.szwego.com/img/db8ac2c4/20260310/i1773119848165_552_0_3.jpg"",""https://xcimg.szwego.com/img/db8ac2c4/20260310/i1773119848812_9911_0_4.jpg"",""https://xcimg.szwego.com/img/db8ac2c4/20260310/i1773119847694_3752_0_5.jpg"",""https://xcimg.szwego.com/img/db8ac2c4/20260310/i1773119849025_936_0_6.jpg"",""https://xcimg.szwego.com/img/db8ac2c4/20260310/i1773119849034_4922_0_1.jpg""]"
_dwSrSvHqJt4Y0lwb9Fkbg-L5ZtvCSXFSQ2MUXdw;;17501185 BC*2026New New·新款短袖 颜色 米 黑 天蓝 深蓝 灰蓝 码数 48-56;0;;lrg3k8cd5bgw3jv;;Для мужчин;"[""https://xcimg.szwego.com/img/db8ac2c4/20260322/i1774153794635_5139_0_0.jpg"",""https://xcimg.szwego.com/img/db8ac2c4/20260322/i1774153793152_758_0_1.jpg"",""https://xcimg.szwego.com/img/db8ac2c4/20260322/i1774153793191_8294_0_2.jpg"",""https://xcimg.szwego.com/img/db8ac2c4/20260322/i1774153794606_1846_0_3.jpg"",""https://xcimg.szwego.com/img/db8ac2c4/20260322/i1774153793230_4121_0_4.jpg"",""https://xcimg.szwego.com/img/db8ac2c4/20260322/i1774153793191_66_0_5.jpg"",""https://xcimg.szwego.com/img/db8ac2c4/20260322/i1774153794749_2342_0_6.jpg"",""https://xcimg.szwego.com/img/db8ac2c4/20260322/i1774153793258_6159_0_7.jpg"",""https://xcimg.szwego.com/img/db8ac2c4/20260322/i1774153794606_2175_0_8.jpg""]"
_dqdrSlOHc6mnP5sOCTg0OrJqeKxn-wUCJF4fI_A;;16620965 LP*2026New New·新款短袖 颜色 白 杏 浅蓝 绿 橙 深蓝 咖 黑 码数 48-56;0;;lrg3k8cd5bgw3jv;;Для мужчин;"[""https://xcimg.szwego.com/img/db8ac2c4/20260122/i1769056958131_5242_0_0.jpg"",""https://xcimg.szwego.com/img/db8ac2c4/20260122/i1769056960862_957_0_1.jpg"",""https://xcimg.szwego.com/img/db8ac2c4/20260122/i1769056958143_8421_0_2.jpg"",""https://xcimg.szwego.com/img/db8ac2c4/20260122/i1769056957981_1197_0_3.jpg"",""https://xcimg.szwego.com/img/db8ac2c4/20260122/i1769056957981_831_0_4.jpg"",""https://xcimg.szwego.com/img/db8ac2c4/20260122/i1769056960606_2341_0_5.jpg"",""https://xcimg.szwego.com/img/db8ac2c4/20260122/i1769056960502_2938_0_6.jpg"",""https://xcimg.szwego.com/img/db8ac2c4/20260122/i1769056957981_4280_0_7.jpg"",""https://xcimg.szwego.com/img/db8ac2c4/20260122/i1769056960497_9453_0_8.jpg""]"
_domrSmUjxqisV3vuD7smpAxtz5ixY6MveIeuQZQ;;2Z770349 LP*2026New New·新款短袖 颜色 杏 蓝 黑 咖 深蓝 灰 码数 48-56;0;;lrg3k8cd5bgw3jv;;Для мужчин;"[""https://xcimg.szwego.com/img/db8ac2c4/20260310/i1773117227983_1479_0_0.jpg"",""https://xcimg.szwego.com/img/db8ac2c4/20260310/i1773117229180_776_0_1.jpg"",""https://xcimg.szwego.com/img/db8ac2c4/20260310/i1773117228219_7761_0_2.jpg"",""https://xcimg.szwego.com/img/db8ac2c4/20260310/i1773117228144_6824_0_3.jpg"",""https://xcimg.szwego.com/img/db8ac2c4/20260310/i1773117229309_7077_0_4.jpg"",""https://xcimg.szwego.com/img/db8ac2c4/20260310/i1773117228222_18_0_5.jpg"",""https://xcimg.szwego.com/img/db8ac2c4/20260310/i1773117228242_4881_0_6.jpg"",""https://xcimg.szwego.com/img/db8ac2c4/20260310/i1773117229415_2423_0_7.jpg"",""https://xcimg.szwego.com/img/db8ac2c4/20260310/i1773117229331_7244_0_8.jpg""]"
_daTrS_UnmemRm2PQFpnGfh3Ye-SmEd6Qyc7kNYA;;16622065 Kiton*2026New New·新款短袖上新 颜色 白 黑 咖 蓝 浅蓝 码数 48-56（M-3XL）;0;;lrg3k8cd5bgw3jv;;Для мужчин;"[""https://xcimg.szwego.com/img/db8ac2c4/20260320/i1773980833584_2444_0_0.jpg"",""https://xcimg.szwego.com/img/db8ac2c4/20260320/i1773980830912_711_0_1.jpg"",""https://xcimg.szwego.com/img/db8ac2c4/20260320/i1773980833197_3670_0_2.jpg"",""https://xcimg.szwego.com/img/db8ac2c4/20260320/i1773980831122_3298_0_3.jpg"",""https://xcimg.szwego.com/img/db8ac2c4/20260320/i1773980831218_5107_0_4.jpg"",""https://xcimg.szwego.com/img/db8ac2c4/20260320/i1773980833509_1060_0_5.jpg"",""https://xcimg.szwego.com/img/db8ac2c4/20260320/i1773980831281_8866_0_6.jpg"",""https://xcimg.szwego.com/img/db8ac2c4/20260320/i1773980831294_427_0_7.jpg"",""https://xcimg.szwego.com/img/db8ac2c4/20260320/i1773980833483_5026_0_8.jpg""]"
_db9rSUWxkpE-ly5TeVjbJA70SzOTruCy_AwpD3g;;126605695 LP*2026New New·新款短袖 颜色 米 蓝 码数 48-56;0;;lrg3k8cd5bgw3jv;;Для мужчин;"[""https://xcimg.szwego.com/img/db8ac2c4/20260402/i1775105847673_8057_0_0.jpg"",""https://xcimg.szwego.com/img/db8ac2c4/20260402/i1775105847724_5707_0_1.jpg"",""https://xcimg.szwego.com/img/db8ac2c4/20260402/i1775105847711_9432_0_2.jpg"",""https://xcimg.szwego.com/img/db8ac2c4/20260402/i1775105847638_3848_0_3.jpg"",""https://xcimg.szwego.com/img/db8ac2c4/20260402/i1775105847627_5468_0_4.jpg"",""https://xcimg.szwego.com/img/db8ac2c4/20260402/i1775105849157_5949_0_5.jpg""]"
_d-frSWqKadIvtbNBfaiDD8yYD1-euLLgB02oCVA;;75015 ZEGNA*2026New New·新款短袖 颜色 白 黑 咖 天蓝 深蓝 灰 码数 48-56;0;;lrg3k8cd5bgw3jv;;Для мужчин;"[""https://xcimg.szwego.com/img/db8ac2c4/20260417/i1776408418039_1042_0_0.jpg"",""https://xcimg.szwego.com/img/db8ac2c4/20260417/i1776408418139_5202_0_1.jpg"",""https://xcimg.szwego.com/img/db8ac2c4/20260417/i1776408419580_9238_0_2.jpg"",""https://xcimg.szwego.com/img/db8ac2c4/20260417/i1776408418123_8086_0_3.jpg"",""https://xcimg.szwego.com/img/db8ac2c4/20260417/i1776408418143_2296_0_4.jpg"",""https://xcimg.szwego.com/img/db8ac2c4/20260417/i1776408418097_4980_0_5.jpg"",""https://xcimg.szwego.com/img/db8ac2c4/20260417/i1776408419552_453_0_6.jpg"",""https://xcimg.szwego.com/img/db8ac2c4/20260417/i1776408419462_9566_0_7.jpg"",""https://xcimg.szwego.com/img/db8ac2c4/20260417/i1776408419548_5641_0_8.jpg"",""https://xcimg.szwego.com/img/db8ac2c4/20260417/i1776408419550_224_0_9.jpg"",""https://xcimg.szwego.com/img/db8ac2c4/20260417/i1776408420337_8868_0_10.jpg""]"
_ds1rSHr_tUDIQ1wCD6GYs5aySrHPXtBa0na36mQ;;27501300 BC*2026New New·新款短袖 颜色 杏 黑 灰 卡其 浅蓝 藏青 码数 48-56;0;;lrg3k8cd5bgw3jv;;Для мужчин;"[""https://xcimg.szwego.com/img/db8ac2c4/20260417/i1776400847756_5228_0_0.jpg"",""https://xcimg.szwego.com/img/db8ac2c4/20260417/i1776400848894_9359_0_1.jpg"",""https://xcimg.szwego.com/img/db8ac2c4/20260417/i1776400848824_383_0_2.jpg"",""https://xcimg.szwego.com/img/db8ac2c4/20260417/i1776400847610_5982_0_3.jpg"",""https://xcimg.szwego.com/img/db8ac2c4/20260417/i1776400848848_7568_0_4.jpg"",""https://xcimg.szwego.com/img/db8ac2c4/20260417/i1776400848970_2338_0_5.jpg"",""https://xcimg.szwego.com/img/db8ac2c4/20260417/i1776400847609_1019_0_6.jpg"",""https://xcimg.szwego.com/img/db8ac2c4/20260417/i1776400847856_5352_0_7.jpg"",""https://xcimg.szwego.com/img/db8ac2c4/20260417/i1776400848967_900_0_8.jpg"",""https://xcimg.szwego.com/img/db8ac2c4/20260417/i1776400847677_7846_0_9.jpg""]"
_ds_rSRV7Ht-7_uk0H3H1HIPVpHYCxz_3eFpVrsQ;;65101 LP*2026New New·新款短袖 颜色 杏 天蓝 灰 深蓝 浅杏 咖 亚麻灰 码数 48-56;0;;lrg3k8cd5bgw3jv;;Для мужчин;"[""https://xcimg.szwego.com/img/db8ac2c4/20260408/i1775628780163_6701_0_0.jpg"",""https://xcimg.szwego.com/img/db8ac2c4/20260408/i1775628779954_4540_0_1.jpg"",""https://xcimg.szwego.com/img/db8ac2c4/20260408/i1775628780163_8958_0_2.jpg"",""https://xcimg.szwego.com/img/db8ac2c4/20260408/i1775628780084_9274_0_3.jpg"",""https://xcimg.szwego.com/img/db8ac2c4/20260408/i1775628781380_2474_0_4.jpg"",""https://xcimg.szwego.com/img/db8ac2c4/20260408/i1775628780040_6379_0_5.jpg"",""https://xcimg.szwego.com/img/db8ac2c4/20260408/i1775628781387_4438_0_6.jpg""]"
_d_TrSSBnf751MJDZC5L9j-rNebDdrvY4oipnBfw;;12613885 LP*2026New New·新款短袖 颜色 米 咖 绿 浅灰 深灰 码数 48-56;0;;lrg3k8cd5bgw3jv;;Для мужчин;"[""https://xcimg.szwego.com/img/db8ac2c4/20260330/i1774847110610_4607_0_0.jpg"",""https://xcimg.szwego.com/img/db8ac2c4/20260330/i1774847110654_9522_0_1.jpg"",""https://xcimg.szwego.com/img/db8ac2c4/20260330/i1774847110593_2264_0_2.jpg"",""https://xcimg.szwego.com/img/db8ac2c4/20260330/i1774847109531_196_0_3.jpg"",""https://xcimg.szwego.com/img/db8ac2c4/20260330/i1774847110579_5603_0_4.jpg"",""https://xcimg.szwego.com/img/db8ac2c4/20260330/i1774847109650_1142_0_5.jpg"",""https://xcimg.szwego.com/img/db8ac2c4/20260330/i1774847109567_2018_0_6.jpg"",""https://xcimg.szwego.com/img/db8ac2c4/20260330/i1774847109338_7984_0_7.jpg"",""https://xcimg.szwego.com/img/db8ac2c4/20260330/i1774847109513_7883_0_8.jpg""]"
_ddXrSpMjezhKe_dcN0k0vTtCwY5q7y4UNaFlUmw;;16622185 Zegna*2026New New·新款短袖 颜色 白 蓝 咖 黑 码数 48-56;0;;lrg3k8cd5bgw3jv;;Для мужчин;"[""https://xcimg.szwego.com/img/db8ac2c4/20260330/i1774846396518_6698_0_0.jpg"",""https://xcimg.szwego.com/img/db8ac2c4/20260330/i1774846395743_6683_0_1.jpg"",""https://xcimg.szwego.com/img/db8ac2c4/20260330/i1774846393825_5812_0_2.jpg"",""https://xcimg.szwego.com/img/db8ac2c4/20260330/i1774846396495_8472_0_3.jpg"",""https://xcimg.szwego.com/img/db8ac2c4/20260330/i1774846396510_8349_0_4.jpg"",""https://xcimg.szwego.com/img/db8ac2c4/20260330/i1774846393437_4297_0_5.jpg"",""https://xcimg.szwego.com/img/db8ac2c4/20260330/i1774846393754_8538_0_6.jpg"",""https://xcimg.szwego.com/img/db8ac2c4/20260330/i1774846396556_4980_0_7.jpg"",""https://xcimg.szwego.com/img/db8ac2c4/20260330/i1774846393648_6240_0_8.jpg""]"
_duhrSULWmgSZrTxwj5PImfgw5gpLwIxXPvEZ_jA;;22611620 LP*2026New New·新款短袖 颜色 米 黑 咖 码数 48-56;0;;lrg3k8cd5bgw3jv;;Для мужчин;"[""https://xcimg.szwego.com/img/db8ac2c4/20260324/i1774327498192_5406_0_0.jpg"",""https://xcimg.szwego.com/img/db8ac2c4/20260324/i1774327496615_6175_0_1.jpg"",""https://xcimg.szwego.com/img/db8ac2c4/20260324/i1774327498123_2571_0_2.jpg"",""https://xcimg.szwego.com/img/db8ac2c4/20260324/i1774327496744_547_0_3.jpg"",""https://xcimg.szwego.com/img/db8ac2c4/20260324/i1774327498199_1001_0_4.jpg"",""https://xcimg.szwego.com/img/db8ac2c4/20260324/i1774327496615_7730_0_5.jpg"",""https://xcimg.szwego.com/img/db8ac2c4/20260324/i1774327496648_88_0_6.jpg"",""https://xcimg.szwego.com/img/db8ac2c4/20260324/i1774327496615_4757_0_7.jpg""]"
_dKTrScJpEgeI-KY--3AX0bHvwfW169xwVHydYDA;;22611720 ZEGNA*2026New New·新款短袖 颜色 米 黑 桔 码数 48-56（M-3XL）;0;;lrg3k8cd5bgw3jv;;Для мужчин;"[""https://xcimg.szwego.com/img/db8ac2c4/20260324/i1774327008599_3295_0_0.jpg"",""https://xcimg.szwego.com/img/db8ac2c4/20260324/i1774327008631_3553_0_1.jpg"",""https://xcimg.szwego.com/img/db8ac2c4/20260324/i1774327010245_4075_0_2.jpg"",""https://xcimg.szwego.com/img/db8ac2c4/20260324/i1774327010224_5273_0_3.jpg"",""https://xcimg.szwego.com/img/db8ac2c4/20260324/i1774327010225_7591_0_4.jpg"",""https://xcimg.szwego.com/img/db8ac2c4/20260324/i1774327010153_9842_0_5.jpg"",""https://xcimg.szwego.com/img/db8ac2c4/20260324/i1774327008562_1495_0_6.jpg"",""https://xcimg.szwego.com/img/db8ac2c4/20260324/i1774327008562_9182_0_7.jpg"",""https://xcimg.szwego.com/img/db8ac2c4/20260324/i1774327008681_339_0_8.jpg""]"
_dN3rS_VRV6mP6ewnude6sdPtNM-zeXOfqx6SmaA;;16621885 LP*2026New New·新款短袖 颜色 白 深蓝 浅蓝 码数 M-3XL（48-56）;0;;lrg3k8cd5bgw3jv;;Для мужчин;"[""https://xcimg.szwego.com/img/db8ac2c4/20260313/i1773375522581_6122_0_0.jpg"",""https://xcimg.szwego.com/img/db8ac2c4/20260313/i1773375528240_443_0_1.jpg"",""https://xcimg.szwego.com/img/db8ac2c4/20260313/i1773375528297_6114_0_2.jpg"",""https://xcimg.szwego.com/img/db8ac2c4/20260313/i1773375528375_7799_0_3.jpg"",""https://xcimg.szwego.com/img/db8ac2c4/20260313/i1773375528591_5611_0_4.jpg"",""https://xcimg.szwego.com/img/db8ac2c4/20260313/i1773375522160_3793_0_5.jpg"",""https://xcimg.szwego.com/img/db8ac2c4/20260313/i1773375527369_3898_0_6.jpg"",""https://xcimg.szwego.com/img/db8ac2c4/20260313/i1773375521902_2097_0_7.jpg"",""https://xcimg.szwego.com/img/db8ac2c4/20260313/i1773375521905_8300_0_8.jpg""]"
_dthrS5DFn_1oj0icrbbGfk_yit8TG0bGFV9CD-Q;;16620885 Lp*2026New New·新款短袖 颜色 杏 黑 深蓝 咖 码数 48-56;0;;lrg3k8cd5bgw3jv;;Для мужчин;"[""https://xcimg.szwego.com/img/db8ac2c4/20260311/i1773203943682_8643_0_0.jpg"",""https://xcimg.szwego.com/img/db8ac2c4/20260311/i1773203945361_1099_0_1.jpg"",""https://xcimg.szwego.com/img/db8ac2c4/20260311/i1773203943602_208_0_2.jpg"",""https://xcimg.szwego.com/img/db8ac2c4/20260311/i1773203943657_766_0_3.jpg"",""https://xcimg.szwego.com/img/db8ac2c4/20260311/i1773203943728_4727_0_4.jpg"",""https://xcimg.szwego.com/img/db8ac2c4/20260311/i1773203943596_4694_0_5.jpg"",""https://xcimg.szwego.com/img/db8ac2c4/20260311/i1773203945460_5612_0_6.jpg"",""https://xcimg.szwego.com/img/db8ac2c4/20260311/i1773203945459_3456_0_7.jpg"",""https://xcimg.szwego.com/img/db8ac2c4/20260311/i1773203945457_4426_0_8.jpg""]"
_dlCrSW-jxxShDciplpQKBsYKerxATczEmipS2BQ;;17101575 Lp*2026New New·新款短袖 颜色 白 桔 黑 杏 驼 深蓝 浅蓝 码数 48-56;0;;lrg3k8cd5bgw3jv;;Для мужчин;"[""https://xcimg.szwego.com/img/db8ac2c4/20260308/i1772947301173_5071_0_0.jpg"",""https://xcimg.szwego.com/img/db8ac2c4/20260308/i1772947301192_1503_0_1.jpg"",""https://xcimg.szwego.com/img/db8ac2c4/20260308/i1772947301132_7543_0_2.jpg"",""https://xcimg.szwego.com/img/db8ac2c4/20260308/i1772947300271_8261_0_3.jpg"",""https://xcimg.szwego.com/img/db8ac2c4/20260308/i1772947301214_589_0_4.jpg"",""https://xcimg.szwego.com/img/db8ac2c4/20260308/i1772947300284_5740_0_5.jpg"",""https://xcimg.szwego.com/img/db8ac2c4/20260308/i1772947300045_8702_0_6.jpg"",""https://xcimg.szwego.com/img/db8ac2c4/20260308/i1772947300093_1094_0_7.jpg"",""https://xcimg.szwego.com/img/db8ac2c4/20260308/i1772947300111_7036_0_8.jpg""]"
_d88rS-gWSrtErctliYS8-vG2xqtupA2aWmLv1zg;;27623200 Kiton*2026New New·新款短袖 颜色 白 黑 紫 咖 码数 48-56;0;;lrg3k8cd5bgw3jv;;Для мужчин;"[""https://xcimg.szwego.com/img/db8ac2c4/20260308/i1772941822695_4034_0_0.jpg"",""https://xcimg.szwego.com/img/db8ac2c4/20260308/i1772941822652_7078_0_1.jpg"",""https://xcimg.szwego.com/img/db8ac2c4/20260308/i1772941823957_2543_0_2.jpg"",""https://xcimg.szwego.com/img/db8ac2c4/20260308/i1772941824033_5561_0_4.jpg"",""https://xcimg.szwego.com/img/db8ac2c4/20260308/i1772941822725_9260_0_5.jpg"",""https://xcimg.szwego.com/img/db8ac2c4/20260308/i1772941822591_557_0_3.jpg"",""https://xcimg.szwego.com/img/db8ac2c4/20260308/i1772941822660_2220_0_6.jpg"",""https://xcimg.szwego.com/img/db8ac2c4/20260308/i1772941823989_4170_0_7.jpg"",""https://xcimg.szwego.com/img/db8ac2c4/20260308/i1772941823971_4193_0_8.jpg""]"
_dhsrSTatZAgJPsNYMFKafwfJs3uWpwF92QnQnrw;;27500800 LP*2026New New·新款短袖 颜色 米 黑 蓝 杏 深蓝 码数 48-56;0;;lrg3k8cd5bgw3jv;;Для мужчин;"[""https://xcimg.szwego.com/img/db8ac2c4/20260322/i1774152945056_7360_0_0.jpg"",""https://xcimg.szwego.com/img/db8ac2c4/20260322/i1774152946450_4794_0_1.jpg"",""https://xcimg.szwego.com/img/db8ac2c4/20260322/i1774152945128_9357_0_2.jpg"",""https://xcimg.szwego.com/img/db8ac2c4/20260322/i1774152945125_3662_0_3.jpg"",""https://xcimg.szwego.com/img/db8ac2c4/20260322/i1774152946500_1891_0_4.jpg"",""https://xcimg.szwego.com/img/db8ac2c4/20260322/i1774152945056_221_0_5.jpg"",""https://xcimg.szwego.com/img/db8ac2c4/20260322/i1774152945115_9627_0_6.jpg"",""https://xcimg.szwego.com/img/db8ac2c4/20260322/i1774152946512_9245_0_7.jpg"",""https://xcimg.szwego.com/img/db8ac2c4/20260322/i1774152946377_4721_0_8.jpg""]"
_dgTrSmh6dSL3L_jQQ8mz9v_BngNAMctl779Ik1g;;17101385 Lp*2026New New·短袖新款 颜色 白 灰 深蓝 驼 黑 粉 桔 码数 48-56（M-3XL）;0;;lrg3k8cd5bgw3jv;;Для мужчин;"[""https://xcimg.szwego.com/img/db8ac2c4/20260205/i1770281889766_1098_0_0.jpg"",""https://xcimg.szwego.com/img/db8ac2c4/20260205/i1770281891765_6087_0_7.jpg"",""https://xcimg.szwego.com/img/db8ac2c4/20260205/i1770281890004_967_0_6.jpg"",""https://xcimg.szwego.com/img/db8ac2c4/20260205/i1770281891728_8270_0_5.jpg"",""https://xcimg.szwego.com/img/db8ac2c4/20260205/i1770281890008_9383_0_4.jpg"",""https://xcimg.szwego.com/img/db8ac2c4/20260205/i1770281891588_5311_0_3.jpg"",""https://xcimg.szwego.com/img/db8ac2c4/20260205/i1770281889830_1291_0_2.jpg"",""https://xcimg.szwego.com/img/db8ac2c4/20260205/i1770281889935_5364_0_1.jpg"",""https://xcimg.szwego.com/img/db8ac2c4/20260205/i1770281891654_125_0_8.jpg""]"
_dw7rSmx1Sg_Y1uyZ2-P_0J7zunDKMdDUwzhTZfg;;27500500 BC*2026New New·新款短袖 颜色 杏 黑 驼 深蓝 天蓝 码数 48-56;0;;lrg3k8cd5bgw3jv;;Для мужчин;"[""https://xcimg.szwego.com/img/db8ac2c4/20260302/i1772429613004_97_0_0.jpg"",""https://xcimg.szwego.com/img/db8ac2c4/20260302/i1772429611761_5060_0_1.jpg"",""https://xcimg.szwego.com/img/db8ac2c4/20260302/i1772429611711_9123_0_2.jpg"",""https://xcimg.szwego.com/img/db8ac2c4/20260302/i1772429611875_5368_0_4.jpg"",""https://xcimg.szwego.com/img/db8ac2c4/20260302/i1772429611817_1633_0_5.jpg"",""https://xcimg.szwego.com/img/db8ac2c4/20260302/i1772429611896_9792_0_6.jpg"",""https://xcimg.szwego.com/img/db8ac2c4/20260302/i1772429612987_3209_0_7.jpg"",""https://xcimg.szwego.com/img/db8ac2c4/20260302/i1772429612993_9854_0_8.jpg"",""https://xcimg.szwego.com/img/db8ac2c4/20260302/i1772429612948_1207_0_3.jpg""]"
_d9LrSuAi27pagihty3ZrdMQ1YomIsWsfmO58wZQ;;Lp西服+36191 LP*2026New New·西服套装 颜色 杏 蓝 咖 码数 48-56（M-3XL）;0;;lrg3k8cd5bgw3jv;;Для мужчин;"[""https://xcimg.szwego.com/img/db8ac2c4/20260416/i1776315262892_7424_0_0.jpg"",""https://xcimg.szwego.com/img/db8ac2c4/20260416/i1776315265825_7214_0_1.jpg"",""https://xcimg.szwego.com/img/db8ac2c4/20260416/i1776315262713_6843_0_2.jpg"",""https://xcimg.szwego.com/img/db8ac2c4/20260416/i1776315265834_4208_0_3.jpg"",""https://xcimg.szwego.com/img/db8ac2c4/20260416/i1776315262810_992_0_4.jpg"",""https://xcimg.szwego.com/img/db8ac2c4/20260416/i1776315262637_7098_0_5.jpg"",""https://xcimg.szwego.com/img/db8ac2c4/20260416/i1776315265584_8928_0_6.jpg"",""https://xcimg.szwego.com/img/db8ac2c4/20260416/i1776315265899_1254_0_7.jpg"",""https://xcimg.szwego.com/img/db8ac2c4/20260416/i1776315262889_1967_0_8.jpg""]"
_dpkrSTAzzV3in1ZdhbOwaAVy7a5kzRyydWfbz1w;;166631585 LP*2026New New·新款短袖 颜色 杏 灰 码数 48-56;0;;lrg3k8cd5bgw3jv;;Для мужчин;"[""https://xcimg.szwego.com/img/db8ac2c4/20260416/i1776314230043_9273_0_0.jpg"",""https://xcimg.szwego.com/img/db8ac2c4/20260416/i1776314234975_33_0_1.jpg"",""https://xcimg.szwego.com/img/db8ac2c4/20260416/i1776314229888_41_0_5.jpg"",""https://xcimg.szwego.com/img/db8ac2c4/20260416/i1776314230040_7670_0_2.jpg"",""https://xcimg.szwego.com/img/db8ac2c4/20260416/i1776314230046_711_0_3.jpg"",""https://xcimg.szwego.com/img/db8ac2c4/20260416/i1776314229966_1641_0_4.jpg""]"
_dSirSyi_DfRlfJELsOrsZxu95th2AuU1wKXwX6g;;166632785 BC*2026New New·新款短袖 颜色 杏 灰 码数 48-56;0;;lrg3k8cd5bgw3jv;;Для мужчин;"[""https://xcimg.szwego.com/img/db8ac2c4/20260416/i1776313839722_997_0_0.jpg"",""https://xcimg.szwego.com/img/db8ac2c4/20260416/i1776313839782_432_0_1.jpg"",""https://xcimg.szwego.com/img/db8ac2c4/20260416/i1776313834977_5114_0_2.jpg"",""https://xcimg.szwego.com/img/db8ac2c4/20260416/i1776313839760_5224_0_3.jpg"",""https://xcimg.szwego.com/img/db8ac2c4/20260416/i1776313839789_7761_0_4.jpg"",""https://xcimg.szwego.com/img/db8ac2c4/20260416/i1776313839666_3818_0_5.jpg""]"
_dwCrSkyzItntp4eii_voTGY5VDyL8eTPZWC-oTQ;;18660395 Zegna*2026New New·短袖新款 颜色 白 绿 咖 浅蓝 黑 码数 48-56（M-3XL）;0;;lrg3k8cd5bgw3jv;;Для мужчин;"[""https://xcimg.szwego.com/img/db8ac2c4/20260310/i1773115950295_8226_0_0.jpg"",""https://xcimg.szwego.com/img/db8ac2c4/20260310/i1773115950293_8366_0_1.jpg"",""https://xcimg.szwego.com/img/db8ac2c4/20260310/i1773115950270_3297_0_2.jpg"",""https://xcimg.szwego.com/img/db8ac2c4/20260310/i1773115951781_8673_0_3.jpg"",""https://xcimg.szwego.com/img/db8ac2c4/20260310/i1773115950280_1958_0_4.jpg"",""https://xcimg.szwego.com/img/db8ac2c4/20260310/i1773115950297_5609_0_5.jpg"",""https://xcimg.szwego.com/img/db8ac2c4/20260310/i1773115951791_9665_0_6.jpg"",""https://xcimg.szwego.com/img/db8ac2c4/20260310/i1773115951845_7676_0_7.jpg"",""https://xcimg.szwego.com/img/db8ac2c4/20260310/i1773115951839_760_0_8.jpg""]"
_djwrSY0TPizaxJmC8GiWmie064tTop943ssCZ0w;;26620500 LP*2026New New·新款短袖 颜色 白 蓝 咖 黑 码数 48-56;0;;lrg3k8cd5bgw3jv;;Для мужчин;"[""https://xcimg.szwego.com/img/db8ac2c4/20260129/i1769661939717_9604_0_0.jpg"",""https://xcimg.szwego.com/img/db8ac2c4/20260129/i1769661941242_6148_0_1.jpg"",""https://xcimg.szwego.com/img/db8ac2c4/20260129/i1769661939717_2400_0_2.jpg"",""https://xcimg.szwego.com/img/db8ac2c4/20260129/i1769661941151_1826_0_3.jpg"",""https://xcimg.szwego.com/img/db8ac2c4/20260129/i1769661941313_694_0_4.jpg"",""https://xcimg.szwego.com/img/db8ac2c4/20260129/i1769661939717_5052_0_5.jpg"",""https://xcimg.szwego.com/img/db8ac2c4/20260129/i1769661941299_2121_0_6.jpg"",""https://xcimg.szwego.com/img/db8ac2c4/20260129/i1769661939844_7417_0_7.jpg"",""https://xcimg.szwego.com/img/db8ac2c4/20260129/i1769661939717_7120_0_8.jpg""]"
_d_IrS8mISwJgZvJ-4EXKUmCD6fPlmEcuSOA0oMA;;16620685 Kiton*2026New New·新款短袖 颜色 白 蓝 咖 黑 码数 48-56;0;;lrg3k8cd5bgw3jv;;Для мужчин;"[""https://xcimg.szwego.com/img/db8ac2c4/20260123/i1769145011984_8623_0_0.jpg"",""https://xcimg.szwego.com/img/db8ac2c4/20260123/i1769145013419_84_0_2.jpg"",""https://xcimg.szwego.com/img/db8ac2c4/20260123/i1769145013591_2388_0_3.jpg"",""https://xcimg.szwego.com/img/db8ac2c4/20260123/i1769145012035_9926_0_5.jpg"",""https://xcimg.szwego.com/img/db8ac2c4/20260123/i1769145012053_4761_0_6.jpg"",""https://xcimg.szwego.com/img/db8ac2c4/20260123/i1769145011983_3422_0_1.jpg"",""https://xcimg.szwego.com/img/db8ac2c4/20260123/i1769145013536_3704_0_7.jpg"",""https://xcimg.szwego.com/img/db8ac2c4/20260123/i1769145012044_4498_0_8.jpg"",""https://xcimg.szwego.com/img/db8ac2c4/20260123/i1769145013543_8582_0_4.jpg""]"
_dbcrSQhKXPwErkWoPrSI4i3cBlGNOBw7yh3WVYw;;16620185 LP*2026New New·新款短袖 颜色 蓝 杏 红 灰 绿 码数 48-56;0;;lrg3k8cd5bgw3jv;;Для мужчин;"[""https://xcimg.szwego.com/img/db8ac2c4/20260109/i1767935604769_7774_0_0.jpg"",""https://xcimg.szwego.com/img/db8ac2c4/20260109/i1767935603289_2940_0_1.jpg"",""https://xcimg.szwego.com/img/db8ac2c4/20260109/i1767935603247_6541_0_2.jpg"",""https://xcimg.szwego.com/img/db8ac2c4/20260109/i1767935603362_4911_0_4.jpg"",""https://xcimg.szwego.com/img/db8ac2c4/20260109/i1767935604855_6872_0_5.jpg"",""https://xcimg.szwego.com/img/db8ac2c4/20260109/i1767935604702_8480_0_6.jpg"",""https://xcimg.szwego.com/img/db8ac2c4/20260109/i1767935604799_649_0_7.jpg"",""https://xcimg.szwego.com/img/db8ac2c4/20260109/i1767935603334_1557_0_8.jpg"",""https://xcimg.szwego.com/img/db8ac2c4/20260109/i1767935603318_4447_0_3.jpg""]"
_desrSeRjBbiBT5ZVuXPBOdkH3gKacZrID61OhkA;;16621385 LP*2026New New·新款短袖 颜色 蓝 咖 黑 码数 48-56;0;;lrg3k8cd5bgw3jv;;Для мужчин;"[""https://xcimg.szwego.com/img/db8ac2c4/20260109/i1767936876476_3748_0_0.jpg"",""https://xcimg.szwego.com/img/db8ac2c4/20260109/i1767936876280_4997_0_1.jpg"",""https://xcimg.szwego.com/img/db8ac2c4/20260109/i1767936876393_3631_0_2.jpg"",""https://xcimg.szwego.com/img/db8ac2c4/20260109/i1767936877812_1052_0_4.jpg"",""https://xcimg.szwego.com/img/db8ac2c4/20260109/i1767936877823_1869_0_5.jpg"",""https://xcimg.szwego.com/img/db8ac2c4/20260109/i1767936877819_3820_0_6.jpg"",""https://xcimg.szwego.com/img/db8ac2c4/20260109/i1767936877747_6967_0_7.jpg"",""https://xcimg.szwego.com/img/db8ac2c4/20260109/i1767936876501_286_0_8.jpg"",""https://xcimg.szwego.com/img/db8ac2c4/20260109/i1767936876500_6278_0_3.jpg""]"
_dayrSSXeVAj6oM0xfNDevS1Nv7-0UM5dnycSuaA;;16621085 LP*2026New New·新款polo短袖 颜色 红 杏 黑 蓝 码数 48-56;0;;lrg3k8cd5bgw3jv;;Для мужчин;"[""https://xcimg.szwego.com/img/db8ac2c4/20260104/i1767503475182_3637_0_0.jpg"",""https://xcimg.szwego.com/img/db8ac2c4/20260104/i1767503475192_4328_0_1.jpg"",""https://xcimg.szwego.com/img/db8ac2c4/20260104/i1767503474935_8447_0_2.jpg"",""https://xcimg.szwego.com/img/db8ac2c4/20260104/i1767503476372_446_0_5.jpg"",""https://xcimg.szwego.com/img/db8ac2c4/20260104/i1767503476254_5251_0_6.jpg"",""https://xcimg.szwego.com/img/db8ac2c4/20260104/i1767503476275_1603_0_3.jpg"",""https://xcimg.szwego.com/img/db8ac2c4/20260104/i1767503476394_4096_0_7.jpg"",""https://xcimg.szwego.com/img/db8ac2c4/20260104/i1767503475212_9493_0_8.jpg"",""https://xcimg.szwego.com/img/db8ac2c4/20260104/i1767503475196_7117_0_4.jpg""]"
_diYrS9QuZX8WyObNKhxO1xdDgsOVSKUJqByH7DQ;;16621285 LP*2026New New·新款polo短袖 颜色 咖 黑 码数 48-56;0;;lrg3k8cd5bgw3jv;;Для мужчин;"[""https://xcimg.szwego.com/img/db8ac2c4/20251229/i1766989875101_7505_0_0.jpg"",""https://xcimg.szwego.com/img/db8ac2c4/20251229/i1766989874913_7668_0_1.jpg"",""https://xcimg.szwego.com/img/db8ac2c4/20251229/i1766989875053_9723_0_2.jpg"",""https://xcimg.szwego.com/img/db8ac2c4/20251229/i1766989874821_8912_0_3.jpg"",""https://xcimg.szwego.com/img/db8ac2c4/20251229/i1766989876018_9361_0_4.jpg"",""https://xcimg.szwego.com/img/db8ac2c4/20251229/i1766989875980_7986_0_8.jpg"",""https://xcimg.szwego.com/img/db8ac2c4/20251229/i1766989876052_9501_0_6.jpg"",""https://xcimg.szwego.com/img/db8ac2c4/20251229/i1766989875069_4987_0_7.jpg"",""https://xcimg.szwego.com/img/db8ac2c4/20251229/i1766989875985_9234_0_5.jpg""]"
_dHXrStMoImTSQv0KuDVHK3VNnEXW2oi5DclrZVw;;2lf000110 LP*2026New New·新款短袖 颜色 杏 蓝 黑 码数 48-56;0;;lrg3k8cd5bgw3jv;;Для мужчин;"[""https://xcimg.szwego.com/img/db8ac2c4/20260126/i1769401963950_6142_0_0.jpg"",""https://xcimg.szwego.com/img/db8ac2c4/20260126/i1769401962395_6767_0_1.jpg"",""https://xcimg.szwego.com/img/db8ac2c4/20260126/i1769401961743_2293_0_2.jpg"",""https://xcimg.szwego.com/img/db8ac2c4/20260126/i1769401963999_6763_0_3.jpg"",""https://xcimg.szwego.com/img/db8ac2c4/20260126/i1769401963870_7559_0_4.jpg"",""https://xcimg.szwego.com/img/db8ac2c4/20260126/i1769401962434_989_0_5.jpg"",""https://xcimg.szwego.com/img/db8ac2c4/20260126/i1769401962312_9344_0_6.jpg"",""https://xcimg.szwego.com/img/db8ac2c4/20260126/i1769401962374_7375_0_7.jpg""]"
_dMjrSvXZn8s_qMXunvV3JDLEb9mcogZSQG641pg;;16620285 LP*2026New New·新款polo短袖 颜色 蓝 杏 绿 粉 码数 48-56;0;;lrg3k8cd5bgw3jv;;Для мужчин;"[""https://xcimg.szwego.com/img/db8ac2c4/20251229/i1766989044520_768_0_0.jpg"",""https://xcimg.szwego.com/img/db8ac2c4/20251229/i1766989046244_567_0_4.jpg"",""https://xcimg.szwego.com/img/db8ac2c4/20251229/i1766989044588_5420_0_5.jpg"",""https://xcimg.szwego.com/img/db8ac2c4/20251229/i1766989046244_7505_0_6.jpg"",""https://xcimg.szwego.com/img/db8ac2c4/20251229/i1766989046276_9545_0_7.jpg"",""https://xcimg.szwego.com/img/db8ac2c4/20251229/i1766989044508_1617_0_1.jpg"",""https://xcimg.szwego.com/img/db8ac2c4/20251229/i1766989046017_9221_0_2.jpg"",""https://xcimg.szwego.com/img/db8ac2c4/20251229/i1766989044486_7735_0_8.jpg"",""https://xcimg.szwego.com/img/db8ac2c4/20251229/i1766989044550_7961_0_3.jpg""]"
_dkcrSrBTDhDFAP3GBGCD7Kc1gbYCGBPgpmZ3n3g;;1691595 BC*2026New New·新款短袖 颜色 白 蓝 码数 48-56;0;;lrg3k8cd5bgw3jv;;Для мужчин;"[""https://xcimg.szwego.com/img/db8ac2c4/20260319/i1773897294777_3745_0_0.jpg"",""https://xcimg.szwego.com/img/db8ac2c4/20260319/i1773897294017_2449_0_1.jpg"",""https://xcimg.szwego.com/img/db8ac2c4/20260319/i1773897293977_2438_0_2.jpg"",""https://xcimg.szwego.com/img/db8ac2c4/20260319/i1773897294015_1198_0_3.jpg"",""https://xcimg.szwego.com/img/db8ac2c4/20260319/i1773897293888_4863_0_4.jpg"",""https://xcimg.szwego.com/img/db8ac2c4/20260319/i1773897294024_9583_0_5.jpg"",""https://xcimg.szwego.com/img/db8ac2c4/20260319/i1773897301047_1651_0_6.jpg"",""https://xcimg.szwego.com/img/db8ac2c4/20260319/i1773897301084_2191_0_7.jpg"",""https://xcimg.szwego.com/img/db8ac2c4/20260319/i1773897300976_3960_0_8.jpg""]"
_dvWrSrwiYj9-3k2Lkqfuf-h5m3OzBfIhU02S6bA;;1691985 LP*2026New New·新款短袖 颜色 杏 黑 蓝 码数 48-56;0;;lrg3k8cd5bgw3jv;;Для мужчин;"[""https://xcimg.szwego.com/img/db8ac2c4/20260319/i1773896727549_8812_0_0.jpg"",""https://xcimg.szwego.com/img/db8ac2c4/20260319/i1773896729047_4101_0_1.jpg"",""https://xcimg.szwego.com/img/db8ac2c4/20260319/i1773896727530_8358_0_2.jpg"",""https://xcimg.szwego.com/img/db8ac2c4/20260319/i1773896727555_2184_0_3.jpg"",""https://xcimg.szwego.com/img/db8ac2c4/20260319/i1773896729094_9969_0_4.jpg"",""https://xcimg.szwego.com/img/db8ac2c4/20260319/i1773896727536_9751_0_5.jpg"",""https://xcimg.szwego.com/img/db8ac2c4/20260319/i1773896729063_8369_0_6.jpg"",""https://xcimg.szwego.com/img/db8ac2c4/20260319/i1773896728873_4408_0_7.jpg"",""https://xcimg.szwego.com/img/db8ac2c4/20260319/i1773896727563_6771_0_8.jpg""]"
_dB2rSJkCkuHRVNPb6BZxVWqwEkEh9uXras5lyLg;;1692985 LP*2026New New·新款短袖 颜色 杏 蓝 码数 48-56;0;;lrg3k8cd5bgw3jv;;Для мужчин;"[""https://xcimg.szwego.com/img/db8ac2c4/20260319/i1773895796079_676_0_0.jpg"",""https://xcimg.szwego.com/img/db8ac2c4/20260319/i1773895796079_6577_0_1.jpg"",""https://xcimg.szwego.com/img/db8ac2c4/20260319/i1773895796078_4381_0_2.jpg"",""https://xcimg.szwego.com/img/db8ac2c4/20260319/i1773895796079_7412_0_3.jpg"",""https://xcimg.szwego.com/img/db8ac2c4/20260319/i1773895796079_6841_0_4.jpg"",""https://xcimg.szwego.com/img/db8ac2c4/20260319/i1773895798722_5834_0_5.jpg""]"
_dnIrSh1lcfnPbokKxvpbxNKZKulKDUpwtMJeibw;;16621685 BC*2026New New·新款短袖 颜色 白 咖 蓝 码数 M-3XL（48-56）;0;;lrg3k8cd5bgw3jv;;Для мужчин;"[""https://xcimg.szwego.com/img/db8ac2c4/20260315/i1773550295594_262_0_0.jpg"",""https://xcimg.szwego.com/img/db8ac2c4/20260315/i1773550293447_2324_0_1.jpg"",""https://xcimg.szwego.com/img/db8ac2c4/20260315/i1773550295495_2206_0_2.jpg"",""https://xcimg.szwego.com/img/db8ac2c4/20260315/i1773550295613_3068_0_3.jpg"",""https://xcimg.szwego.com/img/db8ac2c4/20260315/i1773550293448_1310_0_4.jpg"",""https://xcimg.szwego.com/img/db8ac2c4/20260315/i1773550293479_9251_0_5.jpg"",""https://xcimg.szwego.com/img/db8ac2c4/20260315/i1773550293502_7259_0_6.jpg"",""https://xcimg.szwego.com/img/db8ac2c4/20260315/i1773550295595_2050_0_7.jpg"",""https://xcimg.szwego.com/img/db8ac2c4/20260315/i1773550293448_6124_0_8.jpg""]"
_dnCrShwIYxz41qxE4UnNm1kjvsGnNKwItS29swA;;27501700 BC*2026New New·新款短袖 颜色 白 黑 杏 深蓝 浅蓝 驼 蓝 码数 48-56;0;;lrg3k8cd5bgw3jv;;Для мужчин;"[""https://xcimg.szwego.com/img/db8ac2c4/20260415/i1776237226932_3863_0_0.jpg"",""https://xcimg.szwego.com/img/db8ac2c4/20260415/i1776237228703_9133_0_1.jpg"",""https://xcimg.szwego.com/img/db8ac2c4/20260415/i1776237226898_269_0_2.jpg"",""https://xcimg.szwego.com/img/db8ac2c4/20260415/i1776237226980_2336_0_3.jpg"",""https://xcimg.szwego.com/img/db8ac2c4/20260415/i1776237228711_4133_0_4.jpg"",""https://xcimg.szwego.com/img/db8ac2c4/20260415/i1776237226878_5112_0_5.jpg"",""https://xcimg.szwego.com/img/db8ac2c4/20260415/i1776237226836_6508_0_6.jpg"",""https://xcimg.szwego.com/img/db8ac2c4/20260415/i1776237228777_9601_0_7.jpg"",""https://xcimg.szwego.com/img/db8ac2c4/20260415/i1776237228700_8484_0_8.jpg""]"
_ds5rSJAGlC7OsYYDaqMM2qH73BYVHVlziHRNhVA;;37700950 LP*2026New New·春季新款外套 颜色 杏 蓝 码数48-56;0;;lrg3k8cd5bgw3jv;;Для мужчин;"[""https://xcimg.szwego.com/img/db8ac2c4/20260202/i1770009793773_2042_0_0.jpg"",""https://xcimg.szwego.com/img/db8ac2c4/20260202/i1770009793653_616_0_1.jpg"",""https://xcimg.szwego.com/img/db8ac2c4/20260202/i1770009799023_342_0_8.jpg"",""https://xcimg.szwego.com/img/db8ac2c4/20260202/i1770009796738_7514_0_2.jpg"",""https://xcimg.szwego.com/img/db8ac2c4/20260202/i1770009793790_3802_0_3.jpg"",""https://xcimg.szwego.com/img/db8ac2c4/20260202/i1770009796731_4093_0_4.jpg"",""https://xcimg.szwego.com/img/db8ac2c4/20260202/i1770009793609_7091_0_5.jpg"",""https://xcimg.szwego.com/img/db8ac2c4/20260202/i1770009796605_3470_0_6.jpg"",""https://xcimg.szwego.com/img/db8ac2c4/20260202/i1770009796726_7303_0_7.jpg""]"
_ds_rSRV7Ht-7_v0wN3HtFI_RpHYK1z_3eFpVrsQ;;4228200 BC*2026New New·春款夹克新款 颜色 灰 蓝 码数 48-56（M-3XL）;0;;lrg3k8cd5bgw3jv;;Для мужчин;"[""https://xcimg.szwego.com/img/db8ac2c4/20260112/i1768192343325_9884_0_8.jpg"",""https://xcimg.szwego.com/img/db8ac2c4/20260112/i1768192175918_2071_0_1.jpg"",""https://xcimg.szwego.com/img/db8ac2c4/20260112/i1768192177126_8049_0_2.jpg"",""https://xcimg.szwego.com/img/db8ac2c4/20260112/i1768192176022_4743_0_3.jpg"",""https://xcimg.szwego.com/img/db8ac2c4/20260112/i1768192176123_8123_0_4.jpg"",""https://xcimg.szwego.com/img/db8ac2c4/20260112/i1768192177150_5529_0_5.jpg"",""https://xcimg.szwego.com/img/db8ac2c4/20260112/i1768192177240_3691_0_7.jpg"",""https://xcimg.szwego.com/img/db8ac2c4/20260112/i1768192176042_2410_0_6.jpg"",""https://xcimg.szwego.com/img/db8ac2c4/20260112/i1768192177078_5263_0_8.jpg""]"
_dMvrSVkSvA0Kj8fCdrmH1QcL5ytW36XnH23Ntjw;;3250885 BC*2026New New·春款夹克新款 颜色 米 蓝 码数 48-56（M-3XL）;0;;lrg3k8cd5bgw3jv;;Для мужчин;"[""https://xcimg.szwego.com/img/db8ac2c4/20260112/i1768194702430_1432_0_0.jpg"",""https://xcimg.szwego.com/img/db8ac2c4/20260112/i1768194702441_1106_0_1.jpg"",""https://xcimg.szwego.com/img/db8ac2c4/20260112/i1768194704463_8947_0_2.jpg"",""https://xcimg.szwego.com/img/db8ac2c4/20260112/i1768194704466_7477_0_7.jpg"",""https://xcimg.szwego.com/img/db8ac2c4/20260112/i1768194702410_8425_0_6.jpg"",""https://xcimg.szwego.com/img/db8ac2c4/20260112/i1768194704370_1672_0_8.jpg"",""https://xcimg.szwego.com/img/db8ac2c4/20260112/i1768194704495_3874_0_5.jpg"",""https://xcimg.szwego.com/img/db8ac2c4/20260112/i1768194702481_19_0_4.jpg"",""https://xcimg.szwego.com/img/db8ac2c4/20260112/i1768194702512_7818_0_3.jpg""]"
_dxHrSWyEivDNgda4Bz4nXpNpC4itKJKLo7l1sEw;;3ZJ01150 Zegna*2026New New·新款外套 颜色 杏 咖 码数 48-56（M-3XL）;0;;lrg3k8cd5bgw3jv;;Для мужчин;"[""https://xcimg.szwego.com/img/db8ac2c4/20260305/i1772685806912_8965_0_0.jpg"",""https://xcimg.szwego.com/img/db8ac2c4/20260305/i1772685805545_1441_0_1.jpg"",""https://xcimg.szwego.com/img/db8ac2c4/20260305/i1772685805725_1904_0_2.jpg"",""https://xcimg.szwego.com/img/db8ac2c4/20260305/i1772685807008_5516_0_3.jpg"",""https://xcimg.szwego.com/img/db8ac2c4/20260305/i1772685805625_4966_0_4.jpg"",""https://xcimg.szwego.com/img/db8ac2c4/20260305/i1772685806894_400_0_5.jpg"",""https://xcimg.szwego.com/img/db8ac2c4/20260305/i1772685805652_9322_0_6.jpg"",""https://xcimg.szwego.com/img/db8ac2c4/20260305/i1772685805682_9805_0_7.jpg"",""https://xcimg.szwego.com/img/db8ac2c4/20260305/i1772685806884_680_0_8.jpg""]"
_dn9rStJFnBUXEKkQgFTtmJOkGE817wEg7QPue5Q;;CX707 BC*2026New New·春款夹克新款 颜色 红 蓝 克 码数 48-56（M-3XL）;0;;lrg3k8cd5bgw3jv;;Для мужчин;"[""https://xcimg.szwego.com/img/db8ac2c4/20260130/i1769746900351_2551_0_0.jpg"",""https://xcimg.szwego.com/img/db8ac2c4/20260130/i1769746900401_3681_0_1.jpg"",""https://xcimg.szwego.com/img/db8ac2c4/20260130/i1769746901623_1738_0_6.jpg"",""https://xcimg.szwego.com/img/db8ac2c4/20260130/i1769746900386_2566_0_3.jpg"",""https://xcimg.szwego.com/img/db8ac2c4/20260130/i1769746901565_8003_0_4.jpg"",""https://xcimg.szwego.com/img/db8ac2c4/20260130/i1769746900401_4761_0_5.jpg"",""https://xcimg.szwego.com/img/db8ac2c4/20260130/i1769746901368_781_0_7.jpg"",""https://xcimg.szwego.com/img/db8ac2c4/20260130/i1769746904297_5321_0_8.jpg"",""https://xcimg.szwego.com/img/db8ac2c4/20260130/i1769746900358_1382_0_2.jpg""]"
_dburSRhiiqJksKaVHJUTeY3eqpeN-d_yZVyZBvg;;4227500 BC*2026New New·春款夹克新款 颜色 米 蓝 码数 48-56（M-3XL）;0;;lrg3k8cd5bgw3jv;;Для мужчин;"[""https://xcimg.szwego.com/img/db8ac2c4/20260112/i1768190937532_4671_0_0.jpg"",""https://xcimg.szwego.com/img/db8ac2c4/20260112/i1768190937532_7235_0_1.jpg"",""https://xcimg.szwego.com/img/db8ac2c4/20260112/i1768190937531_5047_0_2.jpg"",""https://xcimg.szwego.com/img/db8ac2c4/20260112/i1768190938984_5627_0_3.jpg"",""https://xcimg.szwego.com/img/db8ac2c4/20260112/i1768190938990_2654_0_4.jpg"",""https://xcimg.szwego.com/img/db8ac2c4/20260112/i1768190939052_8714_0_8.jpg"",""https://xcimg.szwego.com/img/db8ac2c4/20260112/i1768190937682_1999_0_6.jpg"",""https://xcimg.szwego.com/img/db8ac2c4/20260112/i1768190939063_7011_0_7.jpg"",""https://xcimg.szwego.com/img/db8ac2c4/20260112/i1768190937628_5743_0_5.jpg""]"
_do0rSJ8NepCca_ikgIK72rsHfUa-VZqeDHF23tg;;3227995 BC*2026New New·春款夹克新款 颜色 蓝 码数 48-56（M-3XL）;0;;lrg3k8cd5bgw3jv;;Для мужчин;"[""https://xcimg.szwego.com/img/db8ac2c4/20260114/i1768367305175_2868_0_0.jpg"",""https://xcimg.szwego.com/img/db8ac2c4/20260114/i1768367305048_5481_0_1.jpg"",""https://xcimg.szwego.com/img/db8ac2c4/20260114/i1768367305161_6489_0_2.jpg"",""https://xcimg.szwego.com/img/db8ac2c4/20260114/i1768367304943_4033_0_3.jpg"",""https://xcimg.szwego.com/img/db8ac2c4/20260114/i1768367306017_6502_0_4.jpg"",""https://xcimg.szwego.com/img/db8ac2c4/20260114/i1768367305193_7204_0_5.jpg""]"
_doKrSWMiNXTY-DrbV0PWU0VqXVru6HgzZAJWmcA;;2Y7702885 LP*2026New New·新款双面穿夹克外套 颜色 米 蓝(咖 灰） 码数 48-56;0;;lrg3k8cd5bgw3jv;;Для мужчин;"[""https://xcimg.szwego.com/img/db8ac2c4/20260116/i1768539943310_5043_0_0.jpg"",""https://xcimg.szwego.com/img/db8ac2c4/20260116/i1768539943389_5294_0_8.jpg"",""https://xcimg.szwego.com/img/db8ac2c4/20260116/i1768539943194_3900_0_4.jpg"",""https://xcimg.szwego.com/img/db8ac2c4/20260116/i1768539944617_8913_0_3.jpg"",""https://xcimg.szwego.com/img/db8ac2c4/20260116/i1768539943376_4758_0_6.jpg"",""https://xcimg.szwego.com/img/db8ac2c4/20260116/i1768539943247_3751_0_5.jpg"",""https://xcimg.szwego.com/img/db8ac2c4/20260116/i1768539944590_7148_0_1.jpg"",""https://xcimg.szwego.com/img/db8ac2c4/20260116/i1768539944483_8191_0_7.jpg"",""https://xcimg.szwego.com/img/db8ac2c4/20260116/i1768539944508_6604_0_2.jpg""]"
_dsmrS8r-Vf1bP398JoLsPFxksIQ6b78Uu8Yyv1Q;;4156020 BC*2026New New·新款套装 颜色 米 蓝 码数 48-56（M-3XL）;0;;lrg3k8cd5bgw3jv;;Для мужчин;"[""https://xcimg.szwego.com/img/db8ac2c4/20260315/i1773551656515_6357_0_0.jpg"",""https://xcimg.szwego.com/img/db8ac2c4/20260315/i1773551656427_8676_0_1.jpg"",""https://xcimg.szwego.com/img/db8ac2c4/20260315/i1773551657812_553_0_2.jpg"",""https://xcimg.szwego.com/img/db8ac2c4/20260315/i1773551657948_248_0_3.jpg"",""https://xcimg.szwego.com/img/db8ac2c4/20260315/i1773551657859_167_0_4.jpg"",""https://xcimg.szwego.com/img/db8ac2c4/20260315/i1773551656379_6094_0_5.jpg"",""https://xcimg.szwego.com/img/db8ac2c4/20260315/i1773551656358_3124_0_6.jpg"",""https://xcimg.szwego.com/img/db8ac2c4/20260315/i1773551656473_9168_0_7.jpg"",""https://xcimg.szwego.com/img/db8ac2c4/20260315/i1773551657950_3267_0_8.jpg""]"
_d30rSu-j5LTonhr4uAwgp7YW_fL2no1mhI5lgYA;;92810 2026New New·亚麻套装 颜色 米 兰 码数 48-56（M-3XL）;0;;lrg3k8cd5bgw3jv;;Для мужчин;"[""https://xcimg.szwego.com/img/db8ac2c4/20260409/i1775711865654_8010_0_0.jpg"",""https://xcimg.szwego.com/img/db8ac2c4/20260409/i1775711865651_8965_0_1.jpg"",""https://xcimg.szwego.com/img/db8ac2c4/20260409/i1775711867171_3975_0_2.jpg"",""https://xcimg.szwego.com/img/db8ac2c4/20260409/i1775711867193_1336_0_3.jpg"",""https://xcimg.szwego.com/img/db8ac2c4/20260409/i1775711865651_4116_0_4.jpg"",""https://xcimg.szwego.com/img/db8ac2c4/20260409/i1775711865719_2732_0_5.jpg"",""https://xcimg.szwego.com/img/db8ac2c4/20260409/i1775711867171_9825_0_6.jpg"",""https://xcimg.szwego.com/img/db8ac2c4/20260409/i1775711865659_8171_0_7.jpg"",""https://xcimg.szwego.com/img/db8ac2c4/20260409/i1775711867168_2320_0_8.jpg""]"
_dcLrStJor_zpKZEsssNPqe9vY5HlYIVWowznnNQ;;26825 LP*2026New New·新款套装 颜色 杏 蓝 黑 码数 48-56（M-3XL）;0;;lrg3k8cd5bgw3jv;;Для мужчин;"[""https://xcimg.szwego.com/img/db8ac2c4/20260401/i1775020018373_4888_0_0.jpg"",""https://xcimg.szwego.com/img/db8ac2c4/20260401/i1775020016781_7507_0_1.jpg"",""https://xcimg.szwego.com/img/db8ac2c4/20260401/i1775020016963_5343_0_2.jpg"",""https://xcimg.szwego.com/img/db8ac2c4/20260401/i1775020018408_7845_0_3.jpg"",""https://xcimg.szwego.com/img/db8ac2c4/20260401/i1775020016921_8564_0_4.jpg"",""https://xcimg.szwego.com/img/db8ac2c4/20260401/i1775020016886_4254_0_5.jpg"",""https://xcimg.szwego.com/img/db8ac2c4/20260401/i1775020018258_8828_0_6.jpg"",""https://xcimg.szwego.com/img/db8ac2c4/20260401/i1775020016962_2872_0_7.jpg"",""https://xcimg.szwego.com/img/db8ac2c4/20260401/i1775020018337_2222_0_8.jpg""]"
_dl0rStf1py4oqHPzMIarsqr43LOYT6YybNG0UpQ;;668 LP*2026New New·新款套装 颜色 杏 绿 蓝 码数 48-56（M-3XL）;0;;lrg3k8cd5bgw3jv;;Для мужчин;"[""https://xcimg.szwego.com/img/db8ac2c4/20260401/i1775022580435_6773_0_0.jpg"",""https://xcimg.szwego.com/img/db8ac2c4/20260401/i1775022581617_4406_0_1.jpg"",""https://xcimg.szwego.com/img/db8ac2c4/20260401/i1775022580347_6801_0_2.jpg"",""https://xcimg.szwego.com/img/db8ac2c4/20260401/i1775022580485_1029_0_3.jpg"",""https://xcimg.szwego.com/img/db8ac2c4/20260401/i1775022580460_9866_0_4.jpg"",""https://xcimg.szwego.com/img/db8ac2c4/20260401/i1775022581727_5374_0_5.jpg"",""https://xcimg.szwego.com/img/db8ac2c4/20260401/i1775022581672_2183_0_6.jpg"",""https://xcimg.szwego.com/img/db8ac2c4/20260401/i1775022580463_3296_0_7.jpg"",""https://xcimg.szwego.com/img/db8ac2c4/20260401/i1775022581682_8297_0_8.jpg""]"
_djMrSlOASgOMTfGtWtWvi0smvDi8fV4ZHgm6Zrg;;42681850 LP*2026New New·新款套装 颜色 白 藏青 红咖 码数 48-56（M-3XL）;0;;lrg3k8cd5bgw3jv;;Для мужчин;"[""https://xcimg.szwego.com/img/db8ac2c4/20260323/i1774242065860_8707_0_0.jpg"",""https://xcimg.szwego.com/img/db8ac2c4/20260323/i1774242065863_1951_0_1.jpg"",""https://xcimg.szwego.com/img/db8ac2c4/20260323/i1774242069015_5583_0_2.jpg"",""https://xcimg.szwego.com/img/db8ac2c4/20260323/i1774242065893_9237_0_3.jpg"",""https://xcimg.szwego.com/img/db8ac2c4/20260323/i1774242069006_2671_0_4.jpg"",""https://xcimg.szwego.com/img/db8ac2c4/20260323/i1774242065884_5309_0_5.jpg"",""https://xcimg.szwego.com/img/db8ac2c4/20260323/i1774242065777_6719_0_6.jpg"",""https://xcimg.szwego.com/img/db8ac2c4/20260323/i1774242069027_3833_0_7.jpg"",""https://xcimg.szwego.com/img/db8ac2c4/20260323/i1774242069006_202_0_8.jpg""]"
_daerS1XyiL7URzJo1jnDxCYlXNYOS3NXGDUK4Tg;;42682080 LP*2026New New·新款套装 颜色 浅咖 浅灰 码数 48-56（M-3XL）;0;;lrg3k8cd5bgw3jv;;Для мужчин;"[""https://xcimg.szwego.com/img/db8ac2c4/20260323/i1774242968362_9962_0_0.jpg"",""https://xcimg.szwego.com/img/db8ac2c4/20260323/i1774242968441_4062_0_1.jpg"",""https://xcimg.szwego.com/img/db8ac2c4/20260323/i1774242968439_6148_0_2.jpg"",""https://xcimg.szwego.com/img/db8ac2c4/20260323/i1774242965691_6964_0_3.jpg"",""https://xcimg.szwego.com/img/db8ac2c4/20260323/i1774242968451_6368_0_4.jpg"",""https://xcimg.szwego.com/img/db8ac2c4/20260323/i1774242967667_5681_0_5.jpg"",""https://xcimg.szwego.com/img/db8ac2c4/20260323/i1774242965453_9670_0_6.jpg"",""https://xcimg.szwego.com/img/db8ac2c4/20260323/i1774242965698_474_0_7.jpg"",""https://xcimg.szwego.com/img/db8ac2c4/20260323/i1774242965632_1565_0_8.jpg""]"
_dlmrS_1JZyxzBc4jQM2OnRkvlSTDYNsQ3f664bA;;4155520 PRADA*2026New New·新款套装 颜色 米 码数 48-56（M-3XL）;0;;lrg3k8cd5bgw3jv;;Для мужчин;"[""https://xcimg.szwego.com/img/db8ac2c4/20260315/i1773552272389_1253_0_0.jpg"",""https://xcimg.szwego.com/img/db8ac2c4/20260315/i1773552272340_1486_0_1.jpg"",""https://xcimg.szwego.com/img/db8ac2c4/20260315/i1773552272300_191_0_2.jpg"",""https://xcimg.szwego.com/img/db8ac2c4/20260315/i1773552274075_5731_0_3.jpg"",""https://xcimg.szwego.com/img/db8ac2c4/20260315/i1773552272398_6848_0_4.jpg"",""https://xcimg.szwego.com/img/db8ac2c4/20260315/i1773552272264_1222_0_5.jpg""]"
_dt6rSfZKt-3_BBpZs6N2p5uduCahpGAZLRyi8fg;;4155320 杰尼亚*2026New New·新款麻料套装 颜色 米 码数 48-56（M-3XL）;0;;lrg3k8cd5bgw3jv;;Для мужчин;"[""https://xcimg.szwego.com/img/db8ac2c4/20260314/i1773462794918_2131_0_0.jpg"",""https://xcimg.szwego.com/img/db8ac2c4/20260314/i1773462794859_3774_0_1.jpg"",""https://xcimg.szwego.com/img/db8ac2c4/20260314/i1773462794947_1818_0_2.jpg"",""https://xcimg.szwego.com/img/db8ac2c4/20260314/i1773462795932_3375_0_4.jpg"",""https://xcimg.szwego.com/img/db8ac2c4/20260314/i1773462795002_7591_0_5.jpg"",""https://xcimg.szwego.com/img/db8ac2c4/20260314/i1773462794921_5971_0_3.jpg""]"
_djjrSXoVHVU4c2tDWTbl-wCwfCyPalV8k2bitog;;77026+77052 Lp*2026New New·亚麻套装 颜色 白 米 兰 码数 48-56（M-3XL）;0;;lrg3k8cd5bgw3jv;;Для мужчин;"[""https://xcimg.szwego.com/img/db8ac2c4/20260409/i1775711912555_664_0_0.jpg"",""https://xcimg.szwego.com/img/db8ac2c4/20260409/i1775711912498_6777_0_1.jpg"",""https://xcimg.szwego.com/img/db8ac2c4/20260409/i1775711912376_2450_0_2.jpg"",""https://xcimg.szwego.com/img/db8ac2c4/20260409/i1775711913529_381_0_3.jpg"",""https://xcimg.szwego.com/img/db8ac2c4/20260409/i1775711912559_5880_0_4.jpg"",""https://xcimg.szwego.com/img/db8ac2c4/20260409/i1775711913693_2939_0_5.jpg"",""https://xcimg.szwego.com/img/db8ac2c4/20260409/i1775711912552_2421_0_6.jpg"",""https://xcimg.szwego.com/img/db8ac2c4/20260409/i1775711913549_6905_0_7.jpg"",""https://xcimg.szwego.com/img/db8ac2c4/20260409/i1775711913511_4373_0_8.jpg""]"
_dmKrSfiea5JfbXC57gsWmJRHk1GVQHmz-f-NVVw;;4154650 RL*2026New New·新款麻料套装 颜色 白 藏青 码数 48-56（M-3XL）;0;;lrg3k8cd5bgw3jv;;Для мужчин;"[""https://xcimg.szwego.com/img/db8ac2c4/20260314/i1773462139677_8332_0_0.jpg"",""https://xcimg.szwego.com/img/db8ac2c4/20260314/i1773462137957_3403_0_1.jpg"",""https://xcimg.szwego.com/img/db8ac2c4/20260314/i1773462139677_6173_0_2.jpg"",""https://xcimg.szwego.com/img/db8ac2c4/20260314/i1773462137975_4332_0_3.jpg"",""https://xcimg.szwego.com/img/db8ac2c4/20260314/i1773462137957_6863_0_4.jpg"",""https://xcimg.szwego.com/img/db8ac2c4/20260314/i1773462141913_5765_0_5.jpg"",""https://xcimg.szwego.com/img/db8ac2c4/20260314/i1773462139683_6272_0_6.jpg"",""https://xcimg.szwego.com/img/db8ac2c4/20260314/i1773462137982_4689_0_7.jpg"",""https://xcimg.szwego.com/img/db8ac2c4/20260314/i1773462137972_277_0_8.jpg""]"
_dA1rSZEYv0oFpDHVGsvgXtFPhDFV2A_YuX1490g;;4153250 LP*2026New New·新款麻料套装 颜色 米 藏青 码数 48-56（M-3XL）;0;;lrg3k8cd5bgw3jv;;Для мужчин;"[""https://xcimg.szwego.com/img/db8ac2c4/20260314/i1773461149725_2961_0_0.jpg"",""https://xcimg.szwego.com/img/db8ac2c4/20260314/i1773461152747_8751_0_1.jpg"",""https://xcimg.szwego.com/img/db8ac2c4/20260314/i1773461149721_5460_0_2.jpg"",""https://xcimg.szwego.com/img/db8ac2c4/20260314/i1773461149614_3602_0_4.jpg"",""https://xcimg.szwego.com/img/db8ac2c4/20260314/i1773461109432_8283_0_5.jpg"",""https://xcimg.szwego.com/img/db8ac2c4/20260314/i1773461149658_7317_0_3.jpg"",""https://xcimg.szwego.com/img/db8ac2c4/20260314/i1773461149667_1745_0_6.jpg"",""https://xcimg.szwego.com/img/db8ac2c4/20260314/i1773461109393_6676_0_7.jpg"",""https://xcimg.szwego.com/img/db8ac2c4/20260314/i1773461109393_2859_0_8.jpg""]"
_djKrS6B9IKhyNgFHvHf43dJ_GKBe-hKYrSLtHkA;;J6083+36200 K*iton 2026New New·套装新款 颜色 白 杏 天蓝 深蓝 码数 48-56（M-3XL）;0;;lrg3k8cd5bgw3jv;;Для мужчин;"[""https://xcimg.szwego.com/img/db8ac2c4/20260306/i1772769093486_8419_0_0.jpg"",""https://xcimg.szwego.com/img/db8ac2c4/20260306/i1772769095041_4202_0_1.jpg"",""https://xcimg.szwego.com/img/db8ac2c4/20260306/i1772769093509_1428_0_2.jpg"",""https://xcimg.szwego.com/img/db8ac2c4/20260306/i1772769093485_3866_0_3.jpg"",""https://xcimg.szwego.com/img/db8ac2c4/20260306/i1772769093498_7252_0_4.jpg"",""https://xcimg.szwego.com/img/db8ac2c4/20260306/i1772769094956_7208_0_5.jpg"",""https://xcimg.szwego.com/img/db8ac2c4/20260306/i1772769093485_7521_0_7.jpg"",""https://xcimg.szwego.com/img/db8ac2c4/20260306/i1772769095011_618_0_6.jpg"",""https://xcimg.szwego.com/img/db8ac2c4/20260306/i1772769095095_9343_0_8.jpg""]"
_ds_rSRV7Ht-7_vUwO3HpHJfVqG421z_3eFJtovw;;67700125 Lp*2026New New·新款套装 颜色 杏 深蓝 卡其 码数 48-56;0;;lrg3k8cd5bgw3jv;;Для мужчин;"[""https://xcimg.szwego.com/img/db8ac2c4/20260311/i1773206169200_2211_0_0.jpg"",""https://xcimg.szwego.com/img/db8ac2c4/20260311/i1773206169159_4938_0_1.jpg"",""https://xcimg.szwego.com/img/db8ac2c4/20260311/i1773206169029_9511_0_2.jpg"",""https://xcimg.szwego.com/img/db8ac2c4/20260311/i1773206170344_9453_0_3.jpg"",""https://xcimg.szwego.com/img/db8ac2c4/20260311/i1773206168924_2519_0_4.jpg"",""https://xcimg.szwego.com/img/db8ac2c4/20260311/i1773206170317_7894_0_5.jpg"",""https://xcimg.szwego.com/img/db8ac2c4/20260311/i1773206170204_3861_0_6.jpg"",""https://xcimg.szwego.com/img/db8ac2c4/20260311/i1773206170317_8647_0_7.jpg"",""https://xcimg.szwego.com/img/db8ac2c4/20260311/i1773206169052_7081_0_8.jpg""]"
_drJrSYfLz1HusPf7hGVI_54D-d7VK0jyTxeTmqA;;C6029+366219+BC西服 BC*2026New New·春款3件套新款 颜色 米 紫 咖 蓝 码数 48-56（M-3XL）;0;;lrg3k8cd5bgw3jv;;Для мужчин;"[""https://xcimg.szwego.com/img/db8ac2c4/20260302/i1772426058587_3666_0_0.jpg"",""https://xcimg.szwego.com/img/db8ac2c4/20260302/i1772426058587_5642_0_1.jpg"",""https://xcimg.szwego.com/img/db8ac2c4/20260302/i1772426060074_1569_0_3.jpg"",""https://xcimg.szwego.com/img/db8ac2c4/20260302/i1772426058644_6566_0_4.jpg"",""https://xcimg.szwego.com/img/db8ac2c4/20260302/i1772426060106_4015_0_5.jpg"",""https://xcimg.szwego.com/img/db8ac2c4/20260302/i1772426060096_7733_0_2.jpg"",""https://xcimg.szwego.com/img/db8ac2c4/20260302/i1772426058649_1306_0_6.jpg"",""https://xcimg.szwego.com/img/db8ac2c4/20260302/i1772426058684_4978_0_7.jpg"",""https://xcimg.szwego.com/img/db8ac2c4/20260302/i1772426060033_1771_0_8.jpg""]"
_drQrSD8HPJZo5ZXQjSH5pjmrSPrQ7WH-zICOR4w;;5C6029+36621920 BC*2026New New·春款套装新款 颜色 米 紫 咖 蓝 码数 48-56（M-3XL）;0;;lrg3k8cd5bgw3jv;;Для мужчин;"[""https://xcimg.szwego.com/img/db8ac2c4/20260114/i1768370483804_7268_0_0.jpg"",""https://xcimg.szwego.com/img/db8ac2c4/20260114/i1768370483704_5576_0_1.jpg"",""https://xcimg.szwego.com/img/db8ac2c4/20260114/i1768370483683_2902_0_2.jpg"",""https://xcimg.szwego.com/img/db8ac2c4/20260114/i1768370482502_6605_0_3.jpg"",""https://xcimg.szwego.com/img/db8ac2c4/20260114/i1768370483685_5232_0_5.jpg"",""https://xcimg.szwego.com/img/db8ac2c4/20260114/i1768370482568_6255_0_4.jpg"",""https://xcimg.szwego.com/img/db8ac2c4/20260114/i1768370482502_4406_0_6.jpg"",""https://xcimg.szwego.com/img/db8ac2c4/20260114/i1768370482502_4299_0_7.jpg"",""https://xcimg.szwego.com/img/db8ac2c4/20260114/i1768370485966_6106_0_8.jpg""]"
_dlhrSqHriXWv5xpVXWDlEiDW_fEAqMPiQ7mmJWw;;5J360+3621150 LP*2026New New·春款套装新款 颜色 米 卡其 咖 码数 48-56（M-3XL）;0;;lrg3k8cd5bgw3jv;;Для мужчин;"[""https://xcimg.szwego.com/img/db8ac2c4/20260114/i1768368624616_1407_0_0.jpg"",""https://xcimg.szwego.com/img/db8ac2c4/20260114/i1768368625674_9366_0_6.jpg"",""https://xcimg.szwego.com/img/db8ac2c4/20260114/i1768368625653_9403_0_7.jpg"",""https://xcimg.szwego.com/img/db8ac2c4/20260114/i1768368624652_2806_0_1.jpg"",""https://xcimg.szwego.com/img/db8ac2c4/20260114/i1768368624475_9306_0_2.jpg"",""https://xcimg.szwego.com/img/db8ac2c4/20260114/i1768368624487_7336_0_3.jpg"",""https://xcimg.szwego.com/img/db8ac2c4/20260114/i1768368624421_1829_0_5.jpg"",""https://xcimg.szwego.com/img/db8ac2c4/20260114/i1768368625636_3412_0_4.jpg"",""https://xcimg.szwego.com/img/db8ac2c4/20260114/i1768368625818_8952_0_8.jpg""]"
_dqhrST7ypgzRPoU_vAKKr1TtJiZ6XPRnbAPPtTw;;491353-120 BC*2025New New·休闲外套新款 颜色 灰 黑 码数 48-56（M-3XL）;0;;lrg3k8cd5bgw3jv;;Для мужчин;"[""https://xcimg.szwego.com/img/db8ac2c4/20250917/i1758085767537_3703_0_0.jpg"",""https://xcimg.szwego.com/img/db8ac2c4/20250917/i1758085768695_7927_0_7.jpg"",""https://xcimg.szwego.com/img/db8ac2c4/20250917/i1758085767589_3815_0_6.jpg"",""https://xcimg.szwego.com/img/db8ac2c4/20250917/i1758085768683_7848_0_3.jpg"",""https://xcimg.szwego.com/img/db8ac2c4/20250917/i1758085768680_3197_0_1.jpg"",""https://xcimg.szwego.com/img/db8ac2c4/20250917/i1758085767336_2048_0_2.jpg"",""https://xcimg.szwego.com/img/db8ac2c4/20250917/i1758085767204_3380_0_4.jpg"",""https://xcimg.szwego.com/img/db8ac2c4/20250917/i1758085768581_3625_0_5.jpg"",""https://xcimg.szwego.com/img/db8ac2c4/20250917/i1758085767586_5686_0_8.jpg""]"
_dlHrSxiZHPzuzeuOpfmTQ5yv7jMbgZng0yhLE6w;;2J301-185 Kiton *2025New New·外套新款 颜色 灰 蓝 码数 48-56;0;;lrg3k8cd5bgw3jv;;Для мужчин;"[""https://xcimg.szwego.com/img/db8ac2c4/20250925/i1758793264478_5877_0_0.jpg"",""https://xcimg.szwego.com/img/db8ac2c4/20250925/i1758793264598_6319_0_1.jpg"",""https://xcimg.szwego.com/img/db8ac2c4/20250925/i1758793262553_3328_0_2.jpg"",""https://xcimg.szwego.com/img/db8ac2c4/20250925/i1758793264484_4618_0_3.jpg"",""https://xcimg.szwego.com/img/db8ac2c4/20250925/i1758793262680_1229_0_4.jpg"",""https://xcimg.szwego.com/img/db8ac2c4/20250925/i1758793262439_5991_0_5.jpg"",""https://xcimg.szwego.com/img/db8ac2c4/20250925/i1758793263033_9184_0_6.jpg"",""https://xcimg.szwego.com/img/db8ac2c4/20250925/i1758793262696_5043_0_7.jpg"",""https://xcimg.szwego.com/img/db8ac2c4/20250925/i1758793264502_1867_0_8.jpg""]"
_dverSTa9K_kcJ0slU0WgySOTlxr5Q59hBSaA6aQ;;3J30160 KTN*2025New New·休闲外套新款 颜色 蓝 灰 码数 48-56（M-3XL）;0;;lrg3k8cd5bgw3jv;;Для мужчин;"[""https://xcimg.szwego.com/img/db8ac2c4/20250913/i1757741087840_1322_0_0.jpg"",""https://xcimg.szwego.com/img/db8ac2c4/20250913/i1757741087939_8515_0_6.jpg"",""https://xcimg.szwego.com/img/db8ac2c4/20250913/i1757741089406_3557_0_5.jpg"",""https://xcimg.szwego.com/img/db8ac2c4/20250913/i1757741089454_7457_0_4.jpg"",""https://xcimg.szwego.com/img/db8ac2c4/20250913/i1757741087810_9921_0_1.jpg"",""https://xcimg.szwego.com/img/db8ac2c4/20250913/i1757741087698_5882_0_2.jpg"",""https://xcimg.szwego.com/img/db8ac2c4/20250913/i1757741087801_9913_0_3.jpg"",""https://xcimg.szwego.com/img/db8ac2c4/20250913/i1757741089423_2677_0_8.jpg"",""https://xcimg.szwego.com/img/db8ac2c4/20250913/i1757741089507_2259_0_7.jpg""]"
_dfIrSXvRPOhXaqKr8TjRzN2UGvZmVTf0HQF-3Og;;47300120 LP*2026New New·亚麻西服 颜色 米 绿 咖 码数 48-56（M-3XL）;0;;lrg3k8cd5bgw3jv;;Для мужчин;"[""https://xcimg.szwego.com/img/db8ac2c4/20260202/i1770010806088_1921_0_2.jpg"",""https://xcimg.szwego.com/img/db8ac2c4/20260202/i1770010806142_5200_0_3.jpg"",""https://xcimg.szwego.com/img/db8ac2c4/20260202/i1770010806117_3042_0_4.jpg"",""https://xcimg.szwego.com/img/db8ac2c4/20260202/i1770010807139_2442_0_7.jpg"",""https://xcimg.szwego.com/img/db8ac2c4/20260129/i1769658651217_1219_0_4.jpg"",""https://xcimg.szwego.com/img/db8ac2c4/20260129/i1769658649902_6138_0_3.jpg"",""https://xcimg.szwego.com/img/db8ac2c4/20260202/i1770010807139_3880_0_5.jpg"",""https://xcimg.szwego.com/img/db8ac2c4/20260202/i1770010806082_8244_0_8.jpg"",""https://xcimg.szwego.com/img/db8ac2c4/20260202/i1770010806041_8938_0_6.jpg""]"
_d_VrSnNoHZrips1gqifilBSlzZl-b8owQdXtTTg;;4236820 LP*2026New New·春款麻料西装新款 颜色 咖 黑 码数 48-56（M-3XL）;0;;lrg3k8cd5bgw3jv;;Для мужчин;"[""https://xcimg.szwego.com/img/db8ac2c4/20260113/i1768281740435_918_0_0.jpg"",""https://xcimg.szwego.com/img/db8ac2c4/20260113/i1768281740371_2333_0_1.jpg"",""https://xcimg.szwego.com/img/db8ac2c4/20260113/i1768281740349_1016_0_2.jpg"",""https://xcimg.szwego.com/img/db8ac2c4/20260113/i1768281739280_5664_0_3.jpg"",""https://xcimg.szwego.com/img/db8ac2c4/20260113/i1768281739252_608_0_4.jpg"",""https://xcimg.szwego.com/img/db8ac2c4/20260113/i1768281739367_8114_0_7.jpg"",""https://xcimg.szwego.com/img/db8ac2c4/20260113/i1768281739450_7476_0_6.jpg"",""https://xcimg.szwego.com/img/db8ac2c4/20260113/i1768281740448_5150_0_5.jpg"",""https://xcimg.szwego.com/img/db8ac2c4/20260113/i1768281739420_513_0_8.jpg""]"
_dr2rSZkD6AvJH5YLI8Fnog0-MnNzY89U0vrprlA;;47300200 BC*2026New New·春款麻料西装新款 颜色 白 紫 蓝 码数 48-56（M-3XL）;0;;lrg3k8cd5bgw3jv;;Для мужчин;"[""https://xcimg.szwego.com/img/db8ac2c4/20260129/i1769659791810_6053_0_0.jpg"",""https://xcimg.szwego.com/img/db8ac2c4/20260129/i1769659791833_4114_0_1.jpg"",""https://xcimg.szwego.com/img/db8ac2c4/20260129/i1769659790601_725_0_8.jpg"",""https://xcimg.szwego.com/img/db8ac2c4/20260129/i1769659791870_6654_0_3.jpg"",""https://xcimg.szwego.com/img/db8ac2c4/20260129/i1769659790714_8089_0_4.jpg"",""https://xcimg.szwego.com/img/db8ac2c4/20260129/i1769659790792_5765_0_5.jpg"",""https://xcimg.szwego.com/img/db8ac2c4/20260129/i1769659791727_8280_0_6.jpg"",""https://xcimg.szwego.com/img/db8ac2c4/20260129/i1769659790462_1311_0_7.jpg"",""https://xcimg.szwego.com/img/db8ac2c4/20260129/i1769659790643_9143_0_2.jpg""]"
_dwTrS1SHdUDl9Iz2LNZgj-UeVCGzj3-wEVoV5Dg;;36110960 LP*2026New New·西装新款 颜色 杏 咖 码数 48-56（M-3XL）;0;;lrg3k8cd5bgw3jv;;Для мужчин;"[""https://xcimg.szwego.com/img/db8ac2c4/20260320/i1773979119848_330_0_0.jpg"",""https://xcimg.szwego.com/img/db8ac2c4/20260320/i1773979113819_366_0_1.jpg"",""https://xcimg.szwego.com/img/db8ac2c4/20260320/i1773979120072_788_0_2.jpg"",""https://xcimg.szwego.com/img/db8ac2c4/20260320/i1773979113819_4782_0_3.jpg"",""https://xcimg.szwego.com/img/db8ac2c4/20260320/i1773979119940_5069_0_4.jpg"",""https://xcimg.szwego.com/img/db8ac2c4/20260320/i1773979118968_4446_0_5.jpg"",""https://xcimg.szwego.com/img/db8ac2c4/20260320/i1773979113819_9098_0_6.jpg"",""https://xcimg.szwego.com/img/db8ac2c4/20260320/i1773979113820_4941_0_7.jpg"",""https://xcimg.szwego.com/img/db8ac2c4/20260320/i1773979120112_8708_0_8.jpg""]"
_du-rSj_KOB0v6Y24bDsDvjqZAdTgBII1SO97Hvg;;37300370 LP*2026New New·亚麻西服 颜色 米 咖 紫 码数 48-56（M-3XL）;0;;lrg3k8cd5bgw3jv;;Для мужчин;"[""https://xcimg.szwego.com/img/db8ac2c4/20260203/i1770091199604_9876_0_0.jpg"",""https://xcimg.szwego.com/img/db8ac2c4/20260203/i1770091199533_4104_0_1.jpg"",""https://xcimg.szwego.com/img/db8ac2c4/20260203/i1770091199490_8895_0_2.jpg"",""https://xcimg.szwego.com/img/db8ac2c4/20260203/i1770091198223_1151_0_3.jpg"",""https://xcimg.szwego.com/img/db8ac2c4/20260203/i1770091199591_1330_0_4.jpg"",""https://xcimg.szwego.com/img/db8ac2c4/20260203/i1770091198148_8546_0_5.jpg"",""https://xcimg.szwego.com/img/db8ac2c4/20260203/i1770091198121_6975_0_6.jpg"",""https://xcimg.szwego.com/img/db8ac2c4/20260203/i1770091198121_8131_0_7.jpg"",""https://xcimg.szwego.com/img/db8ac2c4/20260203/i1770091198121_8179_0_8.jpg""]"
_dUhrShlgMzzv16CvaUQ7PHkE_-xXxghVRYT7oWA;;35780350 LP*2025New New·亚麻西服 颜色 绿 白 蓝 棕 码数 48-56（M-3XL）;0;;lrg3k8cd5bgw3jv;;Для мужчин;"[""https://xcimg.szwego.com/img/db8ac2c4/20251006/i1759731502549_4428_0_0.jpg"",""https://xcimg.szwego.com/img/db8ac2c4/20251006/i1759731502537_7776_0_1.jpg"",""https://xcimg.szwego.com/img/db8ac2c4/20251006/i1759731504557_7669_0_2.jpg"",""https://xcimg.szwego.com/img/db8ac2c4/20251006/i1759731504585_6858_0_3.jpg"",""https://xcimg.szwego.com/img/db8ac2c4/20251006/i1759731504527_4249_0_4.jpg"",""https://xcimg.szwego.com/img/db8ac2c4/20251006/i1759731502476_1167_0_5.jpg"",""https://xcimg.szwego.com/img/db8ac2c4/20251006/i1759731502510_6928_0_6.jpg"",""https://xcimg.szwego.com/img/db8ac2c4/20251006/i1759731502413_9759_0_7.jpg"",""https://xcimg.szwego.com/img/db8ac2c4/20251006/i1759731504600_9457_0_8.jpg""]"
_dpnrS24yCL1aZemwPhQAaeMvUsPrSjGv0NSGvSQ;;37300570 LP*2026New New·亚麻西服 颜色 米 红 码数 48-56（M-3XL）;0;;lrg3k8cd5bgw3jv;;Для мужчин;"[""https://xcimg.szwego.com/img/db8ac2c4/20260203/i1770092053117_982_0_0.jpg"",""https://xcimg.szwego.com/img/db8ac2c4/20260203/i1770092053154_2000_0_5.jpg"",""https://xcimg.szwego.com/img/db8ac2c4/20260203/i1770092053140_9568_0_1.jpg"",""https://xcimg.szwego.com/img/db8ac2c4/20260203/i1770092053117_581_0_4.jpg"",""https://xcimg.szwego.com/img/db8ac2c4/20260203/i1770092054222_6230_0_3.jpg"",""https://xcimg.szwego.com/img/db8ac2c4/20260203/i1770092053117_6803_0_2.jpg""]"
_dvrrSwtWyXFQCcEwWcRFBXiTNHlex3jbQDtZhMA;;37300470 LP*2026New New·亚麻西服 颜色 米 红 咖 码数 48-56（M-3XL）;0;;lrg3k8cd5bgw3jv;;Для мужчин;"[""https://xcimg.szwego.com/img/db8ac2c4/20260203/i1770092746625_4333_0_0.jpg"",""https://xcimg.szwego.com/img/db8ac2c4/20260203/i1770092746701_1068_0_1.jpg"",""https://xcimg.szwego.com/img/db8ac2c4/20260203/i1770092747708_4329_0_2.jpg"",""https://xcimg.szwego.com/img/db8ac2c4/20260203/i1770092746742_5895_0_3.jpg"",""https://xcimg.szwego.com/img/db8ac2c4/20260203/i1770092746776_2354_0_4.jpg"",""https://xcimg.szwego.com/img/db8ac2c4/20260203/i1770092747830_2116_0_5.jpg"",""https://xcimg.szwego.com/img/db8ac2c4/20260203/i1770092747874_6289_0_6.jpg"",""https://xcimg.szwego.com/img/db8ac2c4/20260203/i1770092746753_7724_0_7.jpg"",""https://xcimg.szwego.com/img/db8ac2c4/20260203/i1770092747760_199_0_8.jpg""]"
_degrSKpdp1uuegji9akYbXzy9_CaTC-XQT-1fwA;;36110785 Lp*2026New New·西服新款 颜色 卡其 灰 码数 48-56（M-3XL）;0;;lrg3k8cd5bgw3jv;;Для мужчин;"[""https://xcimg.szwego.com/img/db8ac2c4/20260205/i1770280662246_4221_0_0.jpg"",""https://xcimg.szwego.com/img/db8ac2c4/20260205/i1770280662262_3227_0_1.jpg"",""https://xcimg.szwego.com/img/db8ac2c4/20260205/i1770280661006_4634_0_2.jpg"",""https://xcimg.szwego.com/img/db8ac2c4/20260205/i1770280660957_7531_0_3.jpg"",""https://xcimg.szwego.com/img/db8ac2c4/20260205/i1770280661147_8457_0_4.jpg"",""https://xcimg.szwego.com/img/db8ac2c4/20260205/i1770280662199_6957_0_5.jpg"",""https://xcimg.szwego.com/img/db8ac2c4/20260205/i1770280661207_667_0_6.jpg"",""https://xcimg.szwego.com/img/db8ac2c4/20260205/i1770280661153_7390_0_7.jpg"",""https://xcimg.szwego.com/img/db8ac2c4/20260205/i1770280662280_1599_0_8.jpg""]"
_djYrSo8OXowGmtb9EJ2Q3oKsjSdU2AGVn3Of6fQ;;4260350 LP*2026New New·春季新款西装 颜色 绿 咖 黑 码数 48-56（M-3XL）;0;;lrg3k8cd5bgw3jv;;Для мужчин;"[""https://xcimg.szwego.com/img/db8ac2c4/20251223/i1766462663805_7000_0_0.jpg"",""https://xcimg.szwego.com/img/db8ac2c4/20251223/i1766462665477_2632_0_6.jpg"",""https://xcimg.szwego.com/img/db8ac2c4/20251223/i1766462665363_6546_0_8.jpg"",""https://xcimg.szwego.com/img/db8ac2c4/20251223/i1766462665418_9739_0_7.jpg"",""https://xcimg.szwego.com/img/db8ac2c4/20251223/i1766462663671_5685_0_1.jpg"",""https://xcimg.szwego.com/img/db8ac2c4/20251223/i1766462663713_5529_0_2.jpg"",""https://xcimg.szwego.com/img/db8ac2c4/20251223/i1766462663671_5588_0_3.jpg"",""https://xcimg.szwego.com/img/db8ac2c4/20251223/i1766462665340_6021_0_4.jpg"",""https://xcimg.szwego.com/img/db8ac2c4/20251223/i1766462663756_909_0_5.jpg""]"
_dNPrSIgcRlx6eo5Wz2DE8ZM_GSf5YTcsFf9U21A;;37702185 BC*2026New New·亚麻西服 颜色 米 兰 码数 48-56（M-3XL）;0;;lrg3k8cd5bgw3jv;;Для мужчин;"[""https://xcimg.szwego.com/img/db8ac2c4/20260226/i1772089063138_7856_0_0.jpg"",""https://xcimg.szwego.com/img/db8ac2c4/20260226/i1772089063069_516_0_1.jpg"",""https://xcimg.szwego.com/img/db8ac2c4/20260226/i1772089061434_8473_0_2.jpg"",""https://xcimg.szwego.com/img/db8ac2c4/20260226/i1772089061366_6299_0_3.jpg"",""https://xcimg.szwego.com/img/db8ac2c4/20260226/i1772089061378_2128_0_4.jpg"",""https://xcimg.szwego.com/img/db8ac2c4/20260226/i1772089061366_6879_0_5.jpg"",""https://xcimg.szwego.com/img/db8ac2c4/20260226/i1772089061366_6867_0_6.jpg"",""https://xcimg.szwego.com/img/db8ac2c4/20260226/i1772089063135_9003_0_7.jpg"",""https://xcimg.szwego.com/img/db8ac2c4/20260226/i1772089063168_8914_0_8.jpg""]"
_dvOrStqvzuniFJMgK8Er_hC3vpjgEbbPf3qpvYQ;;37702395 BC*2026New New·亚麻西服 颜色 兰 (米77025) 码数 48-56（M-3XL）;0;;lrg3k8cd5bgw3jv;;Для мужчин;"[""https://xcimg.szwego.com/img/db8ac2c4/20260226/i1772083219143_9915_0_0.jpg"",""https://xcimg.szwego.com/img/db8ac2c4/20260226/i1772083219162_3482_0_1.jpg"",""https://xcimg.szwego.com/img/db8ac2c4/20260226/i1772083219060_8024_0_2.jpg"",""https://xcimg.szwego.com/img/db8ac2c4/20260226/i1772083219097_1386_0_3.jpg"",""https://xcimg.szwego.com/img/db8ac2c4/20260226/i1772083219070_993_0_5.jpg"",""https://xcimg.szwego.com/img/db8ac2c4/20260226/i1772083220161_8116_0_4.jpg""]"
_dx9rS8ODog-6Nqe2LsIOxA7myXSk2o5YqqIJTQA;;37702595 BC*2026New New·亚麻西服 颜色 米 (兰77023) 码数 48-56（M-3XL）;0;;lrg3k8cd5bgw3jv;;Для мужчин;"[""https://xcimg.szwego.com/img/db8ac2c4/20260226/i1772082598484_1293_0_1.jpg"",""https://xcimg.szwego.com/img/db8ac2c4/20260226/i1772082599408_10_0_7.jpg"",""https://xcimg.szwego.com/img/db8ac2c4/20260226/i1772082599459_3743_0_2.jpg"",""https://xcimg.szwego.com/img/db8ac2c4/20260226/i1772082598284_1846_0_3.jpg"",""https://xcimg.szwego.com/img/db8ac2c4/20260226/i1772082599449_7750_0_4.jpg"",""https://xcimg.szwego.com/img/db8ac2c4/20260226/i1772082598394_2644_0_5.jpg"",""https://xcimg.szwego.com/img/db8ac2c4/20260226/i1772082598404_6121_0_6.jpg"",""https://xcimg.szwego.com/img/db8ac2c4/20260226/i1772082598449_499_0_0.jpg"",""https://xcimg.szwego.com/img/db8ac2c4/20260226/i1772082599456_7770_0_8.jpg""]"
_dFCrSP2oH70ECGGbECS_Z461WqoDrMeiHKnRClQ;;37701995 LP*2026New New·亚麻西服 颜色 米 黑 码数 48-56（M-3XL）;0;;lrg3k8cd5bgw3jv;;Для мужчин;"[""https://xcimg.szwego.com/img/db8ac2c4/20260226/i1772080695815_5339_0_0.jpg"",""https://xcimg.szwego.com/img/db8ac2c4/20260226/i1772080695805_9687_0_1.jpg"",""https://xcimg.szwego.com/img/db8ac2c4/20260226/i1772080697181_7551_0_2.jpg"",""https://xcimg.szwego.com/img/db8ac2c4/20260226/i1772080695670_9443_0_3.jpg"",""https://xcimg.szwego.com/img/db8ac2c4/20260226/i1772080695744_7442_0_4.jpg"",""https://xcimg.szwego.com/img/db8ac2c4/20260226/i1772080695735_6788_0_5.jpg"",""https://xcimg.szwego.com/img/db8ac2c4/20260226/i1772080697276_552_0_7.jpg"",""https://xcimg.szwego.com/img/db8ac2c4/20260226/i1772080697217_5658_0_6.jpg"",""https://xcimg.szwego.com/img/db8ac2c4/20260226/i1772080701262_1848_0_8.jpg""]"
_dlnrSmeSxbb-1uIf7PpI5U3jTUlSVGalx8yyX3Q;;47701160 Brioni*2026New New·西服 颜色 灰 蓝 码数 48-56（M-3XL）;0;;lrg3k8cd5bgw3jv;;Для мужчин;"[""https://xcimg.szwego.com/img/db8ac2c4/20260226/i1772084636519_5979_0_0.jpg"",""https://xcimg.szwego.com/img/db8ac2c4/20260226/i1772084637691_3880_0_1.jpg"",""https://xcimg.szwego.com/img/db8ac2c4/20260226/i1772084636329_6167_0_2.jpg"",""https://xcimg.szwego.com/img/db8ac2c4/20260226/i1772084637698_9010_0_8.jpg"",""https://xcimg.szwego.com/img/db8ac2c4/20260226/i1772084637693_5060_0_7.jpg"",""https://xcimg.szwego.com/img/db8ac2c4/20260226/i1772084636442_8388_0_6.jpg"",""https://xcimg.szwego.com/img/db8ac2c4/20260226/i1772084637677_2335_0_5.jpg"",""https://xcimg.szwego.com/img/db8ac2c4/20260226/i1772084636378_4194_0_4.jpg"",""https://xcimg.szwego.com/img/db8ac2c4/20260226/i1772084636508_7872_0_3.jpg""]"
_dNYrSER3B-YGIqP52wxfvQBEvxxRlCTEOHNl34g;;77X08 LP*2026New New·麻料西装新款 颜色 白 红 黑 卡其 码数 48-56（M-3XL）;0;;lrg3k8cd5bgw3jv;;Для мужчин;"[""https://xcimg.szwego.com/img/db8ac2c4/20260306/i1772770075384_4229_0_0.jpg"",""https://xcimg.szwego.com/img/db8ac2c4/20260306/i1772770075374_3419_0_1.jpg"",""https://xcimg.szwego.com/img/db8ac2c4/20260306/i1772770076652_9654_0_2.jpg"",""https://xcimg.szwego.com/img/db8ac2c4/20260306/i1772770075415_2678_0_3.jpg"",""https://xcimg.szwego.com/img/db8ac2c4/20260306/i1772770076690_4758_0_4.jpg"",""https://xcimg.szwego.com/img/db8ac2c4/20260306/i1772770075351_5412_0_5.jpg"",""https://xcimg.szwego.com/img/db8ac2c4/20260306/i1772770076618_9325_0_6.jpg"",""https://xcimg.szwego.com/img/db8ac2c4/20260306/i1772770076620_1245_0_7.jpg"",""https://xcimg.szwego.com/img/db8ac2c4/20260306/i1772770075226_7258_0_8.jpg""]"
_dG0rSxFr0n5LxgNSabTYW44RTRw30vNndlD3pJg;;4236935 ZEGNA*2026New New·春款麻料西装新款 颜色 米 蓝 码数 48-56（M-3XL）;0;;lrg3k8cd5bgw3jv;;Для мужчин;"[""https://xcimg.szwego.com/img/db8ac2c4/20260113/i1768278406466_4874_0_0.jpg"",""https://xcimg.szwego.com/img/db8ac2c4/20260113/i1768278406474_8409_0_1.jpg"",""https://xcimg.szwego.com/img/db8ac2c4/20260113/i1768278407691_9065_0_2.jpg"",""https://xcimg.szwego.com/img/db8ac2c4/20260113/i1768278407683_4764_0_3.jpg"",""https://xcimg.szwego.com/img/db8ac2c4/20260113/i1768278406323_1439_0_4.jpg"",""https://xcimg.szwego.com/img/db8ac2c4/20260113/i1768278406373_543_0_6.jpg"",""https://xcimg.szwego.com/img/db8ac2c4/20260113/i1768278407704_6270_0_8.jpg"",""https://xcimg.szwego.com/img/db8ac2c4/20260113/i1768278407730_8087_0_7.jpg"",""https://xcimg.szwego.com/img/db8ac2c4/20260113/i1768278406407_6925_0_5.jpg""]"
_dx0rSqwYTQDuL3cwuFWefrvmstbIfEpnXo92kkg;;LP西服 LP*2026New New·西装新款 颜色 杏 蓝 咖 码数 48-56（M-3XL）;0;;lrg3k8cd5bgw3jv;;Для мужчин;"[""https://xcimg.szwego.com/img/db8ac2c4/20260302/i1772423433785_6885_0_0.jpg"",""https://xcimg.szwego.com/img/db8ac2c4/20260302/i1772423433619_4846_0_1.jpg"",""https://xcimg.szwego.com/img/db8ac2c4/20260302/i1772423433619_6546_0_2.jpg"",""https://xcimg.szwego.com/img/db8ac2c4/20260302/i1772423435403_5394_0_3.jpg"",""https://xcimg.szwego.com/img/db8ac2c4/20260302/i1772423433619_2552_0_4.jpg"",""https://xcimg.szwego.com/img/db8ac2c4/20260302/i1772423435386_5696_0_5.jpg"",""https://xcimg.szwego.com/img/db8ac2c4/20260302/i1772423433619_3300_0_6.jpg"",""https://xcimg.szwego.com/img/db8ac2c4/20260302/i1772423435421_3426_0_7.jpg"",""https://xcimg.szwego.com/img/db8ac2c4/20260302/i1772423435428_5631_0_8.jpg""]"
_dlYrSlgXv-7bh3_CvaVksPJpMdO_90RqIavndWg;;4236720 BC*2026New New·春款麻料西装新款 颜色 米 蓝 码数 48-56（M-3XL）;0;;lrg3k8cd5bgw3jv;;Для мужчин;"[""https://xcimg.szwego.com/img/db8ac2c4/20260113/i1768277121292_6561_0_0.jpg"",""https://xcimg.szwego.com/img/db8ac2c4/20260113/i1768277178401_9115_0_8.jpg"",""https://xcimg.szwego.com/img/db8ac2c4/20260113/i1768277119423_1744_0_5.jpg"",""https://xcimg.szwego.com/img/db8ac2c4/20260113/i1768277121140_126_0_2.jpg"",""https://xcimg.szwego.com/img/db8ac2c4/20260113/i1768277119390_3230_0_3.jpg"",""https://xcimg.szwego.com/img/db8ac2c4/20260113/i1768277119390_8986_0_4.jpg"",""https://xcimg.szwego.com/img/db8ac2c4/20260113/i1768277121293_295_0_7.jpg"",""https://xcimg.szwego.com/img/db8ac2c4/20260113/i1768277119390_3555_0_6.jpg"",""https://xcimg.szwego.com/img/db8ac2c4/20260113/i1768277119390_568_0_8.jpg""]"
_dqJrS2T-bxBXvWKaBajOUvmvSkdk0YYPs-4h-aA;;BC西服 BC*2026New New·麻料西装新款 颜色 杏 紫 蓝 咖 码数 48-56（M-3XL）;0;;lrg3k8cd5bgw3jv;;Для мужчин;"[""https://xcimg.szwego.com/img/db8ac2c4/20260302/i1772426766132_2000_0_0.jpg"",""https://xcimg.szwego.com/img/db8ac2c4/20260302/i1772426765039_6151_0_1.jpg"",""https://xcimg.szwego.com/img/db8ac2c4/20260302/i1772426766461_204_0_2.jpg"",""https://xcimg.szwego.com/img/db8ac2c4/20260302/i1772426765112_7195_0_3.jpg"",""https://xcimg.szwego.com/img/db8ac2c4/20260302/i1772426765209_1390_0_4.jpg"",""https://xcimg.szwego.com/img/db8ac2c4/20260302/i1772426766538_9092_0_5.jpg"",""https://xcimg.szwego.com/img/db8ac2c4/20260302/i1772426765071_8885_0_6.jpg"",""https://xcimg.szwego.com/img/db8ac2c4/20260302/i1772426765039_3639_0_7.jpg"",""https://xcimg.szwego.com/img/db8ac2c4/20260302/i1772426766528_8833_0_8.jpg""]"
_dnmrSaG5z4j3IDxELB-Y_lvD5Dv1yg3FKfCdDLQ;;46110320 Zegna*2026New New·西服新款 颜色 卡其 灰 码数 48-56（M-3XL）;0;;lrg3k8cd5bgw3jv;;Для мужчин;"[""https://xcimg.szwego.com/img/db8ac2c4/20260205/i1770279905810_6651_0_0.jpg"",""https://xcimg.szwego.com/img/db8ac2c4/20260205/i1770279905717_5616_0_1.jpg"",""https://xcimg.szwego.com/img/db8ac2c4/20260205/i1770279907516_7194_0_2.jpg"",""https://xcimg.szwego.com/img/db8ac2c4/20260205/i1770279905799_8153_0_3.jpg"",""https://xcimg.szwego.com/img/db8ac2c4/20260205/i1770279905794_1126_0_7.jpg"",""https://xcimg.szwego.com/img/db8ac2c4/20260205/i1770279909695_9758_0_4.jpg"",""https://xcimg.szwego.com/img/db8ac2c4/20260205/i1770279907473_3511_0_5.jpg"",""https://xcimg.szwego.com/img/db8ac2c4/20260205/i1770279905814_23_0_6.jpg"",""https://xcimg.szwego.com/img/db8ac2c4/20260205/i1770279907328_8270_0_8.jpg""]"
_dmUrSf51P4opmEqrI6IZaR-Y-VoS5UA_DEBhn6Q;;B6006 Zegna*2026New New·西服新款 颜色 白 克 咖 蓝 黄 码数 48-56（M-3XL）;0;;lrg3k8cd5bgw3jv;;Для мужчин;"[""https://xcimg.szwego.com/img/db8ac2c4/20260403/i1775196671731_6805_0_0.jpg"",""https://xcimg.szwego.com/img/db8ac2c4/20260403/i1775196671763_3567_0_1.jpg"",""https://xcimg.szwego.com/img/db8ac2c4/20260403/i1775196673173_3009_0_2.jpg"",""https://xcimg.szwego.com/img/db8ac2c4/20260403/i1775196671768_5550_0_3.jpg"",""https://xcimg.szwego.com/img/db8ac2c4/20260403/i1775196673207_4796_0_4.jpg"",""https://xcimg.szwego.com/img/db8ac2c4/20260403/i1775196673144_6145_0_5.jpg"",""https://xcimg.szwego.com/img/db8ac2c4/20260403/i1775196671771_6604_0_6.jpg"",""https://xcimg.szwego.com/img/db8ac2c4/20260403/i1775196673136_810_0_7.jpg"",""https://xcimg.szwego.com/img/db8ac2c4/20260403/i1775196671771_8005_0_8.jpg""]"
_dqnrSYaJVduVWuWSr3H9scKWx4GhIZB6ROT_ITA;;2961370 LP*2026New New·新款夹克 颜色 白 黑 码数 48-56;0;;lrg3k8cd5bgw3jv;;Для мужчин;"[""https://xcimg.szwego.com/img/db8ac2c4/20260131/i1769831800748_736_0_0.jpg"",""https://xcimg.szwego.com/img/db8ac2c4/20260131/i1769831793101_3161_0_1.jpg"",""https://xcimg.szwego.com/img/db8ac2c4/20260131/i1769831793111_2247_0_2.jpg"",""https://xcimg.szwego.com/img/db8ac2c4/20260131/i1769831793062_8191_0_6.jpg"",""https://xcimg.szwego.com/img/db8ac2c4/20260131/i1769831793083_5547_0_7.jpg"",""https://xcimg.szwego.com/img/db8ac2c4/20260131/i1769831793062_4339_0_8.jpg"",""https://xcimg.szwego.com/img/db8ac2c4/20260131/i1769831800742_3366_0_5.jpg"",""https://xcimg.szwego.com/img/db8ac2c4/20260131/i1769831800666_6668_0_4.jpg"",""https://xcimg.szwego.com/img/db8ac2c4/20260131/i1769831800779_9538_0_3.jpg""]"
_dptrSxC3cblq8LYUZ8il2490Vfwb6tc91TZqg_Q;;3010-11345 BC*2026New New·春款夹克新款 颜色 白 咖 蓝 克 码数 48-56（M-3XL）;0;;lrg3k8cd5bgw3jv;;Для мужчин;"[""https://xcimg.szwego.com/img/db8ac2c4/20260116/i1768538047945_695_0_0.jpg"",""https://xcimg.szwego.com/img/db8ac2c4/20260116/i1768538047893_7605_0_1.jpg"",""https://xcimg.szwego.com/img/db8ac2c4/20260116/i1768538046049_1639_0_5.jpg"",""https://xcimg.szwego.com/img/db8ac2c4/20260116/i1768538046049_619_0_2.jpg"",""https://xcimg.szwego.com/img/db8ac2c4/20260116/i1768538046049_9101_0_3.jpg"",""https://xcimg.szwego.com/img/db8ac2c4/20260116/i1768538047893_3591_0_6.jpg"",""https://xcimg.szwego.com/img/db8ac2c4/20260116/i1768538046049_4711_0_4.jpg"",""https://xcimg.szwego.com/img/db8ac2c4/20260116/i1768538047941_8127_0_7.jpg"",""https://xcimg.szwego.com/img/db8ac2c4/20260116/i1768538046233_8026_0_8.jpg""]"
_d8brSr8RKlNe-cUokDTQonpxWYdfjPDmnbQ03-w;;3229295 LP*2026New New·春款夹克新款 颜色 卡其 克（拍照有点色差) 码数 48-56（M-3XL）;0;;lrg3k8cd5bgw3jv;;Для мужчин;"[""https://xcimg.szwego.com/img/db8ac2c4/20260112/i1768193321578_877_0_0.jpg"",""https://xcimg.szwego.com/img/db8ac2c4/20260112/i1768193322526_7966_0_1.jpg"",""https://xcimg.szwego.com/img/db8ac2c4/20260112/i1768193321373_19_0_2.jpg"",""https://xcimg.szwego.com/img/db8ac2c4/20260112/i1768193321654_1365_0_3.jpg"",""https://xcimg.szwego.com/img/db8ac2c4/20260112/i1768193321505_3194_0_7.jpg"",""https://xcimg.szwego.com/img/db8ac2c4/20260112/i1768193322620_9887_0_8.jpg"",""https://xcimg.szwego.com/img/db8ac2c4/20260112/i1768193322597_4207_0_6.jpg"",""https://xcimg.szwego.com/img/db8ac2c4/20260112/i1768193322499_7693_0_5.jpg"",""https://xcimg.szwego.com/img/db8ac2c4/20260112/i1768193321566_3107_0_4.jpg""]"
_djBrSW9Crt96oQRX_xN18jMz_aQvzP7tEOJdFQw;;3J36130 Zegna*2026New New·新款夹克 颜色 米 卡其 蓝 码数 48-56（M-3XL）;0;;lrg3k8cd5bgw3jv;;Для мужчин;"[""https://xcimg.szwego.com/img/db8ac2c4/20260126/i1769401455497_7714_0_0.jpg"",""https://xcimg.szwego.com/img/db8ac2c4/20260126/i1769401455190_6618_0_1.jpg"",""https://xcimg.szwego.com/img/db8ac2c4/20260126/i1769401453731_1153_0_2.jpg"",""https://xcimg.szwego.com/img/db8ac2c4/20260126/i1769401453549_3997_0_3.jpg"",""https://xcimg.szwego.com/img/db8ac2c4/20260126/i1769401453549_3076_0_4.jpg"",""https://xcimg.szwego.com/img/db8ac2c4/20260126/i1769401453597_4083_0_5.jpg"",""https://xcimg.szwego.com/img/db8ac2c4/20260126/i1769401455476_5527_0_6.jpg"",""https://xcimg.szwego.com/img/db8ac2c4/20260126/i1769401453569_8201_0_7.jpg""]"
_dkfrSV8uGQu8vWljm90rLTe0JR3Rt9eMohE28Bw;;61078+68019 LP*2025New New·套装新款 颜色 贵 黑 米 蓝 棕 码数 48-56（M-3XL）;0;;lrg3k8cd5bgw3jv;;Для мужчин;"[""https://xcimg.szwego.com/img/db8ac2c4/20251008/i1759895871164_5201_0_0.jpg"",""https://xcimg.szwego.com/img/db8ac2c4/20251008/i1759895873146_5415_0_1.jpg"",""https://xcimg.szwego.com/img/db8ac2c4/20251008/i1759895871164_6045_0_2.jpg"",""https://xcimg.szwego.com/img/db8ac2c4/20251008/i1759895871163_8528_0_3.jpg"",""https://xcimg.szwego.com/img/db8ac2c4/20251008/i1759895871164_1452_0_4.jpg"",""https://xcimg.szwego.com/img/db8ac2c4/20251008/i1759895871177_4310_0_5.jpg"",""https://xcimg.szwego.com/img/db8ac2c4/20251008/i1759895873338_2472_0_6.jpg"",""https://xcimg.szwego.com/img/db8ac2c4/20251008/i1759895873319_8448_0_7.jpg"",""https://xcimg.szwego.com/img/db8ac2c4/20251008/i1759895873330_3218_0_8.jpg""]"
_d9-rSa8KLceuG1-CQTa0K7uzkQEWNyn5Kir1CNQ;;61074+68011 K*iton 2025New New·套装新款 颜色 深灰 黑 咖 浅灰 杏 码数 48-56（M-3XL）;0;;lrg3k8cd5bgw3jv;;Для мужчин;"[""https://xcimg.szwego.com/img/db8ac2c4/20250929/i1759135349677_6311_0_0.jpg"",""https://xcimg.szwego.com/img/db8ac2c4/20250929/i1759135351675_1446_0_1.jpg"",""https://xcimg.szwego.com/img/db8ac2c4/20250929/i1759135351607_2016_0_2.jpg"",""https://xcimg.szwego.com/img/db8ac2c4/20250929/i1759135349723_4070_0_3.jpg"",""https://xcimg.szwego.com/img/db8ac2c4/20250929/i1759135349705_8458_0_4.jpg"",""https://xcimg.szwego.com/img/db8ac2c4/20250929/i1759135351736_2713_0_5.jpg"",""https://xcimg.szwego.com/img/db8ac2c4/20250929/i1759135349678_186_0_6.jpg"",""https://xcimg.szwego.com/img/db8ac2c4/20250929/i1759135349713_7764_0_7.jpg"",""https://xcimg.szwego.com/img/db8ac2c4/20250929/i1759135351705_6803_0_8.jpg""]"
_dryrSoH0BMpZlZ4aFDWljf9wJ9QSG-wLl4B6riA;;29610125 BC*2026New New·新款休闲裤 颜色 米 黑 码数48-56;0;;lrg3k8cd5bgw3jv;;Для мужчин;"[""https://xcimg.szwego.com/img/db8ac2c4/20260125/i1769314833839_9967_0_0.jpg"",""https://xcimg.szwego.com/img/db8ac2c4/20260125/i1769314833811_9667_0_1.jpg"",""https://xcimg.szwego.com/img/db8ac2c4/20260125/i1769314833811_3576_0_2.jpg"",""https://xcimg.szwego.com/img/db8ac2c4/20260125/i1769314835455_5601_0_3.jpg"",""https://xcimg.szwego.com/img/db8ac2c4/20260125/i1769314833932_8296_0_4.jpg"",""https://xcimg.szwego.com/img/db8ac2c4/20260125/i1769314833824_6002_0_5.jpg""]"
_dpprSDfLPrZfp8iwg84qxSRHZModSDwr0dahjIQ;;4J32880 Kiton*2025New New·新款羽绒服 颜色 黑 绿 米 码数 48-56（M-3XL）;0;;lrg3k8cd5bgw3jv;;Для мужчин;"[""https://xcimg.szwego.com/img/db8ac2c4/20251023/i1761196112289_8365_0_0.jpg"",""https://xcimg.szwego.com/img/db8ac2c4/20251023/i1761196112296_7802_0_1.jpg"",""https://xcimg.szwego.com/img/db8ac2c4/20251023/i1761196112137_8821_0_2.jpg"",""https://xcimg.szwego.com/img/db8ac2c4/20251023/i1761196113781_5980_0_3.jpg"",""https://xcimg.szwego.com/img/db8ac2c4/20251023/i1761196113809_9848_0_4.jpg"",""https://xcimg.szwego.com/img/db8ac2c4/20251023/i1761196113831_693_0_5.jpg"",""https://xcimg.szwego.com/img/db8ac2c4/20251023/i1761196112151_4399_0_8.jpg"",""https://xcimg.szwego.com/img/db8ac2c4/20251023/i1761196113783_4823_0_6.jpg"",""https://xcimg.szwego.com/img/db8ac2c4/20251023/i1761196112135_4376_0_7.jpg""]"
_djvrSegwEwitjN9xHdLYudmhU4c8k9C_1TW3ABQ;;4803180 Kiton*2025New New·羽绒外套新款 颜色 黑 灰 码数 48-56（M-3XL）;0;;lrg3k8cd5bgw3jv;;Для мужчин;"[""https://xcimg.szwego.com/img/db8ac2c4/20251127/i1764217992464_2129_0_0.jpg"",""https://xcimg.szwego.com/img/db8ac2c4/20251127/i1764217996792_597_0_1.jpg"",""https://xcimg.szwego.com/img/db8ac2c4/20251127/i1764217992464_8759_0_2.jpg"",""https://xcimg.szwego.com/img/db8ac2c4/20251127/i1764217992464_1360_0_3.jpg"",""https://xcimg.szwego.com/img/db8ac2c4/20251127/i1764217998585_7434_0_4.jpg"",""https://xcimg.szwego.com/img/db8ac2c4/20251127/i1764217996706_3389_0_5.jpg"",""https://xcimg.szwego.com/img/db8ac2c4/20251127/i1764217992464_6864_0_6.jpg"",""https://xcimg.szwego.com/img/db8ac2c4/20251127/i1764217992464_4373_0_7.jpg"",""https://xcimg.szwego.com/img/db8ac2c4/20251127/i1764217996375_2454_0_8.jpg""]"
_djLrSiE7iHuLmsEb9HLFcGthoB7BfNEWjsIC2lg;;58031-280 LP*2025New New·新款羽绒服 颜色 灰 蓝 黑 码数 48-56（M-3XL）;0;;lrg3k8cd5bgw3jv;;Для мужчин;"[""https://xcimg.szwego.com/img/db8ac2c4/20251031/i1761886233003_5429_0_0.jpg"",""https://xcimg.szwego.com/img/db8ac2c4/20251031/i1761886233106_5655_0_1.jpg"",""https://xcimg.szwego.com/img/db8ac2c4/20251031/i1761886231426_4653_0_2.jpg"",""https://xcimg.szwego.com/img/db8ac2c4/20251031/i1761886233026_8694_0_3.jpg"",""https://xcimg.szwego.com/img/db8ac2c4/20251031/i1761886231447_6964_0_5.jpg"",""https://xcimg.szwego.com/img/db8ac2c4/20251031/i1761886231427_6258_0_4.jpg"",""https://xcimg.szwego.com/img/db8ac2c4/20251031/i1761886231427_4208_0_6.jpg"",""https://xcimg.szwego.com/img/db8ac2c4/20251031/i1761886286222_5092_0_8.jpg"",""https://xcimg.szwego.com/img/db8ac2c4/20251031/i1761886231427_1946_0_7.jpg""]"
_dlMrSKswos8wkZvRoKW7QBF2Iplvzqh_Xf6dTXQ;;666119 BC*2026New New·新款短袖 颜色 灰 粉 绿 蓝 码数 48-56;0;;lrg3k8cd5bgw3jv;;Для мужчин;"[""https://xcimg.szwego.com/img/db8ac2c4/20260201/i1769924833224_4827_0_0.jpg"",""https://xcimg.szwego.com/img/db8ac2c4/20260201/i1769924833171_8427_0_1.jpg"",""https://xcimg.szwego.com/img/db8ac2c4/20260201/i1769924834367_7519_0_2.jpg"",""https://xcimg.szwego.com/img/db8ac2c4/20260201/i1769924833185_8760_0_4.jpg"",""https://xcimg.szwego.com/img/db8ac2c4/20260201/i1769924833167_5571_0_5.jpg"",""https://xcimg.szwego.com/img/db8ac2c4/20260201/i1769924834339_4789_0_3.jpg"",""https://xcimg.szwego.com/img/db8ac2c4/20260201/i1769924834272_3440_0_6.jpg"",""https://xcimg.szwego.com/img/db8ac2c4/20260201/i1769924833117_1319_0_7.jpg"",""https://xcimg.szwego.com/img/db8ac2c4/20260201/i1769924834404_8325_0_8.jpg""]"
_ddOrSGmtIqs-ysyNqLoRJSq_cyx9JagbDMr_j-Q;;2963045 Dior*2026New New·新款防晒衣 颜色 灰 绿 克 码数 48-56;0;;lrg3k8cd5bgw3jv;;Для мужчин;"[""https://xcimg.szwego.com/img/db8ac2c4/20260131/i1769832739010_6805_0_0.jpg"",""https://xcimg.szwego.com/img/db8ac2c4/20260131/i1769832738881_3577_0_1.jpg"",""https://xcimg.szwego.com/img/db8ac2c4/20260131/i1769832738954_7626_0_2.jpg"",""https://xcimg.szwego.com/img/db8ac2c4/20260131/i1769832740458_3271_0_5.jpg"",""https://xcimg.szwego.com/img/db8ac2c4/20260131/i1769832740423_192_0_6.jpg"",""https://xcimg.szwego.com/img/db8ac2c4/20260131/i1769832740460_2219_0_7.jpg"",""https://xcimg.szwego.com/img/db8ac2c4/20260131/i1769832740267_4807_0_8.jpg"",""https://xcimg.szwego.com/img/db8ac2c4/20260131/i1769832738915_365_0_4.jpg"",""https://xcimg.szwego.com/img/db8ac2c4/20260131/i1769832738816_3096_0_3.jpg""]"
_d-ErSpnUgmOib4d7SXK5IUgi7wuct7QUXufXO9Q;;3962305 BURBERRY*2026New New·新款夹克 颜色 米 黑 码数 48-56（M-3XL）;0;;lrg3k8cd5bgw3jv;;Для мужчин;"[""https://xcimg.szwego.com/img/db8ac2c4/20260127/i1769489460131_390_0_0.jpg"",""https://xcimg.szwego.com/img/db8ac2c4/20260127/i1769489460111_5654_0_1.jpg"",""https://xcimg.szwego.com/img/db8ac2c4/20260127/i1769489461005_1219_0_2.jpg"",""https://xcimg.szwego.com/img/db8ac2c4/20260127/i1769489460031_8056_0_3.jpg"",""https://xcimg.szwego.com/img/db8ac2c4/20260127/i1769489459995_4570_0_4.jpg"",""https://xcimg.szwego.com/img/db8ac2c4/20260127/i1769489461078_1655_0_5.jpg"",""https://xcimg.szwego.com/img/db8ac2c4/20260127/i1769489461188_7825_0_7.jpg"",""https://xcimg.szwego.com/img/db8ac2c4/20260127/i1769489460142_1309_0_6.jpg"",""https://xcimg.szwego.com/img/db8ac2c4/20260127/i1769489463724_3655_0_8.jpg""]"
_dpZrSmw2bvdToLsLabuNPnAEHpQCijfEaF7OiZA;;2960875 Zegna*2026New New·新款夹克 颜色 白 蓝 码数 48-56（M-3XL）;0;;lrg3k8cd5bgw3jv;;Для мужчин;"[""https://xcimg.szwego.com/img/db8ac2c4/20260127/i1769488896637_3430_0_0.jpg"",""https://xcimg.szwego.com/img/db8ac2c4/20260127/i1769488894027_1922_0_1.jpg"",""https://xcimg.szwego.com/img/db8ac2c4/20260127/i1769488896504_1866_0_2.jpg"",""https://xcimg.szwego.com/img/db8ac2c4/20260127/i1769488893931_114_0_3.jpg"",""https://xcimg.szwego.com/img/db8ac2c4/20260127/i1769488895862_5821_0_4.jpg"",""https://xcimg.szwego.com/img/db8ac2c4/20260127/i1769488893832_6300_0_5.jpg"",""https://xcimg.szwego.com/img/db8ac2c4/20260127/i1769488896466_7022_0_6.jpg"",""https://xcimg.szwego.com/img/db8ac2c4/20260127/i1769488894023_9428_0_7.jpg"",""https://xcimg.szwego.com/img/db8ac2c4/20260127/i1769488896616_4912_0_8.jpg""]"
_dqRrSxPwj3aG2h526MZpSR7WuqxFtHaJlujDreA;;2961285 LP*2026New New·新款夹克 颜色 白 绿 黑 码数 48-56;0;;lrg3k8cd5bgw3jv;;Для мужчин;"[""https://xcimg.szwego.com/img/db8ac2c4/20260127/i1769488294770_2310_0_0.jpg"",""https://xcimg.szwego.com/img/db8ac2c4/20260127/i1769488294410_2737_0_1.jpg"",""https://xcimg.szwego.com/img/db8ac2c4/20260127/i1769488295869_5216_0_2.jpg"",""https://xcimg.szwego.com/img/db8ac2c4/20260127/i1769488294410_8619_0_3.jpg"",""https://xcimg.szwego.com/img/db8ac2c4/20260127/i1769488295853_6659_0_4.jpg"",""https://xcimg.szwego.com/img/db8ac2c4/20260127/i1769488294770_927_0_5.jpg"",""https://xcimg.szwego.com/img/db8ac2c4/20260127/i1769488295843_6557_0_6.jpg"",""https://xcimg.szwego.com/img/db8ac2c4/20260127/i1769488295839_2416_0_7.jpg"",""https://xcimg.szwego.com/img/db8ac2c4/20260127/i1769488294427_8602_0_8.jpg""]"
_dicrSuNhKTHIrp-y_24JhjYHEY7QMUmVJB7kQVQ;;2963570 Zegna*2026New New·新款夹克 颜色 白 米 蓝 黑 码数 48-56（M-3XL）;0;;lrg3k8cd5bgw3jv;;Для мужчин;"[""https://xcimg.szwego.com/img/db8ac2c4/20260127/i1769487126766_1329_0_0.jpg"",""https://xcimg.szwego.com/img/db8ac2c4/20260127/i1769487126766_1292_0_1.jpg"",""https://xcimg.szwego.com/img/db8ac2c4/20260127/i1769487128065_5843_0_2.jpg"",""https://xcimg.szwego.com/img/db8ac2c4/20260127/i1769487126819_8975_0_3.jpg"",""https://xcimg.szwego.com/img/db8ac2c4/20260127/i1769487128193_6009_0_4.jpg"",""https://xcimg.szwego.com/img/db8ac2c4/20260127/i1769487128255_896_0_5.jpg"",""https://xcimg.szwego.com/img/db8ac2c4/20260127/i1769487126776_3416_0_6.jpg"",""https://xcimg.szwego.com/img/db8ac2c4/20260127/i1769487128278_7558_0_7.jpg"",""https://xcimg.szwego.com/img/db8ac2c4/20260127/i1769487126847_5690_0_8.jpg""]"
_dqCrS6GcXYB23zjzSp65_k930lmd02MfckanIxw;;32600200 Zegna*2026New New·新款夹克外套 颜色 卡其 蓝 码数 48-56（M-3XL）;0;;lrg3k8cd5bgw3jv;;Для мужчин;"[""https://xcimg.szwego.com/img/db8ac2c4/20260118/i1768711556827_4495_0_0.jpg"",""https://xcimg.szwego.com/img/db8ac2c4/20260118/i1768711557845_2516_0_1.jpg"",""https://xcimg.szwego.com/img/db8ac2c4/20260118/i1768711556767_1414_0_2.jpg"",""https://xcimg.szwego.com/img/db8ac2c4/20260118/i1768711557968_1117_0_3.jpg"",""https://xcimg.szwego.com/img/db8ac2c4/20260118/i1768711556679_3827_0_4.jpg"",""https://xcimg.szwego.com/img/db8ac2c4/20260118/i1768711557919_1590_0_5.jpg"",""https://xcimg.szwego.com/img/db8ac2c4/20260118/i1768711556671_7828_0_7.jpg"",""https://xcimg.szwego.com/img/db8ac2c4/20260118/i1768711557922_9777_0_6.jpg"",""https://xcimg.szwego.com/img/db8ac2c4/20260118/i1768711556825_5144_0_8.jpg""]"
_dw9rSjb_AZjywBMk3yq8xUEXBK7IV-LxFQhSSxw;;391353-150 BC*2026New New·新款外套 颜色 蓝 码数 48-56（M-3XL）;0;;lrg3k8cd5bgw3jv;;Для мужчин;"[""https://xcimg.szwego.com/img/db8ac2c4/20260305/i1772684102896_7745_0_0.jpg"",""https://xcimg.szwego.com/img/db8ac2c4/20260305/i1772684102758_4610_0_1.jpg"",""https://xcimg.szwego.com/img/db8ac2c4/20260305/i1772684103733_5807_0_2.jpg"",""https://xcimg.szwego.com/img/db8ac2c4/20260305/i1772684102840_1674_0_3.jpg"",""https://xcimg.szwego.com/img/db8ac2c4/20260305/i1772684102604_484_0_4.jpg"",""https://xcimg.szwego.com/img/db8ac2c4/20260305/i1772684102773_1_0_5.jpg""]"
_dhtrSuAI4CBGL0TiP12WUuXg52GR0OFOMjcdPfw;;91336 LP*2026New New·春款夹克 颜色 白 黑 码数 M-3XL（48-56）;0;;lrg3k8cd5bgw3jv;;Для мужчин;"[""https://xcimg.szwego.com/img/db8ac2c4/20260313/i1773376076773_5586_0_0.jpg"",""https://xcimg.szwego.com/img/db8ac2c4/20260313/i1773376076920_6855_0_1.jpg"",""https://xcimg.szwego.com/img/db8ac2c4/20260313/i1773376068006_8500_0_2.jpg"",""https://xcimg.szwego.com/img/db8ac2c4/20260313/i1773376075267_4452_0_3.jpg"",""https://xcimg.szwego.com/img/db8ac2c4/20260313/i1773376077088_7020_0_4.jpg"",""https://xcimg.szwego.com/img/db8ac2c4/20260313/i1773376081289_2737_0_5.jpg"",""https://xcimg.szwego.com/img/db8ac2c4/20260313/i1773376069055_4600_0_6.jpg"",""https://xcimg.szwego.com/img/db8ac2c4/20260313/i1773376068531_4683_0_7.jpg"",""https://xcimg.szwego.com/img/db8ac2c4/20260313/i1773376068391_1146_0_8.jpg""]"
_dsjrSILJf8MZqKmVnhpel5A6Gn8zi32g3tnGLcw;;2819180 Zegna*2026New New·新款马甲外套 颜色 杏 蓝 码数 48-56（M-3XL）;0;;lrg3k8cd5bgw3jv;;Для мужчин;"[""https://xcimg.szwego.com/img/db8ac2c4/20260118/i1768712512888_8972_0_0.jpg"",""https://xcimg.szwego.com/img/db8ac2c4/20260118/i1768712514447_8155_0_1.jpg"",""https://xcimg.szwego.com/img/db8ac2c4/20260118/i1768712512837_171_0_2.jpg"",""https://xcimg.szwego.com/img/db8ac2c4/20260118/i1768712514510_4802_0_3.jpg"",""https://xcimg.szwego.com/img/db8ac2c4/20260118/i1768712512947_6216_0_4.jpg"",""https://xcimg.szwego.com/img/db8ac2c4/20260118/i1768712512866_4243_0_5.jpg"",""https://xcimg.szwego.com/img/db8ac2c4/20260118/i1768712512926_5428_0_6.jpg"",""https://xcimg.szwego.com/img/db8ac2c4/20260118/i1768712514569_6523_0_7.jpg"",""https://xcimg.szwego.com/img/db8ac2c4/20260118/i1768712514664_3089_0_8.jpg""]"
_do6rSpOY_UCL2zeNNHJ3VhRzuxUiGzWsONRdJqg;;2811780 LP*2026New New·新款马甲外套 颜色 卡其 紫 蓝 码数 48-56（M-3XL）;0;;lrg3k8cd5bgw3jv;;Для мужчин;"[""https://xcimg.szwego.com/img/db8ac2c4/20260123/i1769145716486_5463_0_0.jpg"",""https://xcimg.szwego.com/img/db8ac2c4/20260123/i1769145715230_5590_0_1.jpg"",""https://xcimg.szwego.com/img/db8ac2c4/20260123/i1769145716481_1272_0_2.jpg"",""https://xcimg.szwego.com/img/db8ac2c4/20260123/i1769145716557_8146_0_8.jpg"",""https://xcimg.szwego.com/img/db8ac2c4/20260123/i1769145715409_6818_0_6.jpg"",""https://xcimg.szwego.com/img/db8ac2c4/20260123/i1769145715318_6242_0_5.jpg"",""https://xcimg.szwego.com/img/db8ac2c4/20260123/i1769145715386_2627_0_7.jpg"",""https://xcimg.szwego.com/img/db8ac2c4/20260123/i1769145716511_8304_0_3.jpg"",""https://xcimg.szwego.com/img/db8ac2c4/20260123/i1769145715402_635_0_4.jpg""]"
_deorSTOLCaWqG2JnSjurYOSBbeXvmz-oPdRDk2g;;666132 BC*2026New New·新款短袖 颜色 灰 咖 绿 码数 48-56;0;;lrg3k8cd5bgw3jv;;Для мужчин;"[""https://xcimg.szwego.com/img/db8ac2c4/20260201/i1769921452371_3557_0_0.jpg"",""https://xcimg.szwego.com/img/db8ac2c4/20260201/i1769921450076_999_0_1.jpg"",""https://xcimg.szwego.com/img/db8ac2c4/20260201/i1769921452325_875_0_2.jpg"",""https://xcimg.szwego.com/img/db8ac2c4/20260201/i1769921450193_1375_0_3.jpg"",""https://xcimg.szwego.com/img/db8ac2c4/20260201/i1769921450237_24_0_4.jpg"",""https://xcimg.szwego.com/img/db8ac2c4/20260201/i1769921452462_6452_0_5.jpg"",""https://xcimg.szwego.com/img/db8ac2c4/20260201/i1769921450076_1476_0_6.jpg"",""https://xcimg.szwego.com/img/db8ac2c4/20260201/i1769921452309_3773_0_7.jpg"",""https://xcimg.szwego.com/img/db8ac2c4/20260201/i1769921450091_3976_0_8.jpg""]"
_dvwrSoeWTpA6h6RhBeeKl15lLzJ10yHtL-3qTQw;;666163 LP*2026New New·新款短袖 颜色 紫 克 码数 48-56;0;;lrg3k8cd5bgw3jv;;Для мужчин;"[""https://xcimg.szwego.com/img/db8ac2c4/20260201/i1769922462586_9912_0_0.jpg"",""https://xcimg.szwego.com/img/db8ac2c4/20260201/i1769922460973_3617_0_1.jpg"",""https://xcimg.szwego.com/img/db8ac2c4/20260201/i1769922460973_6498_0_2.jpg"",""https://xcimg.szwego.com/img/db8ac2c4/20260201/i1769922461037_5022_0_4.jpg"",""https://xcimg.szwego.com/img/db8ac2c4/20260201/i1769922461116_3001_0_3.jpg"",""https://xcimg.szwego.com/img/db8ac2c4/20260201/i1769922461144_3276_0_5.jpg""]"
_djNrSjr3Y6V5lyKC2IpEZje2Yrb1a2gFNpivHnA;;666121 LP*2026New New·新款短袖 颜色 米 咖 蓝 码数 48-56;0;;lrg3k8cd5bgw3jv;;Для мужчин;"[""https://xcimg.szwego.com/img/db8ac2c4/20260201/i1769925518530_6518_0_0.jpg"",""https://xcimg.szwego.com/img/db8ac2c4/20260201/i1769925518514_6001_0_1.jpg"",""https://xcimg.szwego.com/img/db8ac2c4/20260201/i1769925517475_7031_0_2.jpg"",""https://xcimg.szwego.com/img/db8ac2c4/20260201/i1769925518633_5008_0_3.jpg"",""https://xcimg.szwego.com/img/db8ac2c4/20260201/i1769925517560_4570_0_4.jpg"",""https://xcimg.szwego.com/img/db8ac2c4/20260201/i1769925517571_8568_0_5.jpg"",""https://xcimg.szwego.com/img/db8ac2c4/20260201/i1769925517470_5758_0_6.jpg"",""https://xcimg.szwego.com/img/db8ac2c4/20260201/i1769925517412_3527_0_7.jpg"",""https://xcimg.szwego.com/img/db8ac2c4/20260201/i1769925518601_2091_0_8.jpg""]"
_diyrSS1MtzuV9UR1q8PMkToSZZggNI7GlOJ9VbQ;;2J606595 Zegna*2025New New·双面穿夹克 颜色 黑 复古红 蓝 码数 48-56（M-3XL）;0;;lrg3k8cd5bgw3jv;;Для мужчин;"[""https://xcimg.szwego.com/img/db8ac2c4/20250927/i1758955509796_8035_0_8.jpg"",""https://xcimg.szwego.com/img/db8ac2c4/20250927/i1758955347012_8473_0_5.jpg"",""https://xcimg.szwego.com/img/db8ac2c4/20250927/i1758955347017_1914_0_6.jpg"",""https://xcimg.szwego.com/img/db8ac2c4/20250927/i1758955348566_7125_0_4.jpg"",""https://xcimg.szwego.com/img/db8ac2c4/20250927/i1758955346903_8808_0_1.jpg"",""https://xcimg.szwego.com/img/db8ac2c4/20250927/i1758955346775_2038_0_2.jpg"",""https://xcimg.szwego.com/img/db8ac2c4/20250927/i1758955348413_3222_0_3.jpg"",""https://xcimg.szwego.com/img/db8ac2c4/20250927/i1758955348532_3849_0_7.jpg"",""https://xcimg.szwego.com/img/db8ac2c4/20250927/i1758955348500_3745_0_8.jpg""]"
_drErSn3-PRcqtmLf9wuY5OWzNFck27rmVQUTHPg;;2001 BC*2025New New·羽绒服新款 颜色 灰 蓝 码数 48-56（M-3XL）;0;;lrg3k8cd5bgw3jv;;Для мужчин;"[""https://xcimg.szwego.com/img/db8ac2c4/20251206/i1765008359337_2014_0_0.jpg"",""https://xcimg.szwego.com/img/db8ac2c4/20251206/i1765008357998_250_0_1.jpg"",""https://xcimg.szwego.com/img/db8ac2c4/20251206/i1765008357976_8173_0_2.jpg"",""https://xcimg.szwego.com/img/db8ac2c4/20251206/i1765008357976_9245_0_3.jpg"",""https://xcimg.szwego.com/img/db8ac2c4/20251206/i1765008359384_4795_0_4.jpg"",""https://xcimg.szwego.com/img/db8ac2c4/20251206/i1765008358015_4828_0_5.jpg"",""https://xcimg.szwego.com/img/db8ac2c4/20251206/i1765008358020_8842_0_6.jpg"",""https://xcimg.szwego.com/img/db8ac2c4/20251206/i1765008359374_7522_0_7.jpg"",""https://xcimg.szwego.com/img/db8ac2c4/20251206/i1765008359364_6543_0_8.jpg""]"
_dgLrSDvQHhCW-F6GTXIukZUdtPVD2p_4vqraKig;;3810895 BC 2025New New·羽绒服 颜色 蓝 米 码数 48-56（M-3XL）;0;;lrg3k8cd5bgw3jv;;Для мужчин;"[""https://xcimg.szwego.com/img/db8ac2c4/20251021/i1761024089414_6115_0_0.jpg"",""https://xcimg.szwego.com/img/db8ac2c4/20251021/i1761024090647_5325_0_1.jpg"",""https://xcimg.szwego.com/img/db8ac2c4/20251021/i1761024089460_1775_0_2.jpg"",""https://xcimg.szwego.com/img/db8ac2c4/20251021/i1761024090684_1503_0_3.jpg"",""https://xcimg.szwego.com/img/db8ac2c4/20251021/i1761024089475_3971_0_4.jpg"",""https://xcimg.szwego.com/img/db8ac2c4/20251021/i1761024089293_4228_0_5.jpg"",""https://xcimg.szwego.com/img/db8ac2c4/20251021/i1761024089459_6468_0_6.jpg"",""https://xcimg.szwego.com/img/db8ac2c4/20251021/i1761024090635_2571_0_7.jpg"",""https://xcimg.szwego.com/img/db8ac2c4/20251021/i1761024090642_4794_0_8.jpg""]"
_dohrSeIxagQGVTD6EhKWfNFODvxH8r04m6cSCfA;;4889620 BC 2025New New·羽绒服 颜色 黑 米 码数 48-56（M-3XL）;0;;lrg3k8cd5bgw3jv;;Для мужчин;"[""https://xcimg.szwego.com/img/db8ac2c4/20251021/i1761025403524_2522_0_9.jpg"",""https://xcimg.szwego.com/img/db8ac2c4/20251021/i1761025403584_6345_0_11.jpg"",""https://xcimg.szwego.com/img/db8ac2c4/20251021/i1761025403652_570_0_12.jpg"",""https://xcimg.szwego.com/img/db8ac2c4/20251021/i1761025403514_693_0_10.jpg"",""https://xcimg.szwego.com/img/db8ac2c4/20251021/i1761022204738_2118_0_1.jpg"",""https://xcimg.szwego.com/img/db8ac2c4/20251021/i1761022203494_3799_0_2.jpg"",""https://xcimg.szwego.com/img/db8ac2c4/20251021/i1761022203145_6916_0_3.jpg"",""https://xcimg.szwego.com/img/db8ac2c4/20251021/i1761022204664_1814_0_4.jpg"",""https://xcimg.szwego.com/img/db8ac2c4/20251021/i1761022203502_4410_0_5.jpg""]"
_do7rSMqEL_cVIfW9PEpfiuz3aeK6Cm1MN9openg;;4887315 Zegna*2025New New·羽绒服新款 颜色 黑 蓝 码数 48-56（M-3XL）;0;;lrg3k8cd5bgw3jv;;Для мужчин;"[""https://xcimg.szwego.com/img/db8ac2c4/20251023/i1761191151048_8076_0_0.jpg"",""https://xcimg.szwego.com/img/db8ac2c4/20251023/i1761191149419_8782_0_7.jpg"",""https://xcimg.szwego.com/img/db8ac2c4/20251023/i1761191150988_6219_0_8.jpg"",""https://xcimg.szwego.com/img/db8ac2c4/20251023/i1761191149419_3954_0_1.jpg"",""https://xcimg.szwego.com/img/db8ac2c4/20251023/i1761191150936_5633_0_2.jpg"",""https://xcimg.szwego.com/img/db8ac2c4/20251023/i1761191150968_6578_0_3.jpg"",""https://xcimg.szwego.com/img/db8ac2c4/20251023/i1761191149419_5248_0_4.jpg"",""https://xcimg.szwego.com/img/db8ac2c4/20251023/i1761191149419_172_0_6.jpg"",""https://xcimg.szwego.com/img/db8ac2c4/20251023/i1761191149419_2625_0_5.jpg""]"
_djyrSRG33Lv33wlKj37tvrd6jChgOn372GpLxkA;;5886750 Zegna*2025New New·羽绒服新款 颜色 黑 米 码数 48-56（M-3XL）;0;;lrg3k8cd5bgw3jv;;Для мужчин;"[""https://xcimg.szwego.com/img/db8ac2c4/20251022/i1761112234470_6349_0_0.jpg"",""https://xcimg.szwego.com/img/db8ac2c4/20251030/i1761797283827_6147_0_9.jpg"",""https://xcimg.szwego.com/img/db8ac2c4/20251022/i1761112232787_5137_0_2.jpg"",""https://xcimg.szwego.com/img/db8ac2c4/20251022/i1761112232599_4255_0_1.jpg"",""https://xcimg.szwego.com/img/db8ac2c4/20251022/i1761112232865_4295_0_3.jpg"",""https://xcimg.szwego.com/img/db8ac2c4/20251022/i1761112234528_3247_0_4.jpg"",""https://xcimg.szwego.com/img/db8ac2c4/20251022/i1761112232627_1457_0_8.jpg"",""https://xcimg.szwego.com/img/db8ac2c4/20251022/i1761112234569_683_0_5.jpg"",""https://xcimg.szwego.com/img/db8ac2c4/20251022/i1761112232416_2958_0_7.jpg""]"
_dbDrSW8ZMA1s9XRSM08K-VvQF4G9yxEo85sm-gw;;8072 LP*2025New New·新款外套 颜色 蓝 咖 码数 48-56;0;;lrg3k8cd5bgw3jv;;Для мужчин;"[""https://xcimg.szwego.com/img/db8ac2c4/20251018/i1760771107847_5089_0_0.jpg"",""https://xcimg.szwego.com/img/db8ac2c4/20251018/i1760771106621_3273_0_6.jpg"",""https://xcimg.szwego.com/img/db8ac2c4/20251018/i1760771106610_1024_0_3.jpg"",""https://xcimg.szwego.com/img/db8ac2c4/20251018/i1760771107777_6892_0_5.jpg"",""https://xcimg.szwego.com/img/db8ac2c4/20251018/i1760771106355_4039_0_1.jpg"",""https://xcimg.szwego.com/img/db8ac2c4/20251018/i1760771106355_5596_0_2.jpg"",""https://xcimg.szwego.com/img/db8ac2c4/20251018/i1760771107672_574_0_4.jpg"",""https://xcimg.szwego.com/img/db8ac2c4/20251018/i1760771106417_4536_0_7.jpg""]"
_dP2rS7liTHQw5wsvw6PiwwEcwvYbV-cpbcJ2fEQ;;6880800 Z*egna 2025New New·假两件羽绒服 颜色 黑 绿 码数 48-56（M-3XL）;0;;lrg3k8cd5bgw3jv;;Для мужчин;"[""https://xcimg.szwego.com/img/db8ac2c4/20251217/i1765947201371_8667_0_0.jpg"",""https://xcimg.szwego.com/img/db8ac2c4/20251217/i1765947201369_999_0_1.jpg"",""https://xcimg.szwego.com/img/db8ac2c4/20251217/i1765947202620_8605_0_2.jpg"",""https://xcimg.szwego.com/img/db8ac2c4/20251217/i1765947202654_5527_0_3.jpg"",""https://xcimg.szwego.com/img/db8ac2c4/20251217/i1765947201306_7311_0_6.jpg"",""https://xcimg.szwego.com/img/db8ac2c4/20251217/i1765947202731_4484_0_8.jpg"",""https://xcimg.szwego.com/img/db8ac2c4/20251217/i1765947201368_3911_0_7.jpg"",""https://xcimg.szwego.com/img/db8ac2c4/20251217/i1765947202670_7671_0_4.jpg"",""https://xcimg.szwego.com/img/db8ac2c4/20251217/i1765947201363_2557_0_5.jpg""]"
_dqrrScuIoYFKGZmwcMDzTIOhDC6souidrHzWmtg;;635580 LP*2025New New·羽绒新款 颜色 黑 码数 48-56（M-3XL）;0;;lrg3k8cd5bgw3jv;;Для мужчин;"[""https://xcimg.szwego.com/img/db8ac2c4/20251117/i1763358449116_3815_0_0.jpg"",""https://xcimg.szwego.com/img/db8ac2c4/20251117/i1763358450573_3156_0_6.jpg"",""https://xcimg.szwego.com/img/db8ac2c4/20251117/i1763358449036_5633_0_1.jpg"",""https://xcimg.szwego.com/img/db8ac2c4/20251117/i1763358449036_1738_0_5.jpg"",""https://xcimg.szwego.com/img/db8ac2c4/20251117/i1763358450411_6322_0_2.jpg"",""https://xcimg.szwego.com/img/db8ac2c4/20251117/i1763358450405_5235_0_3.jpg"",""https://xcimg.szwego.com/img/db8ac2c4/20251117/i1763358449091_2907_0_4.jpg"",""https://xcimg.szwego.com/img/db8ac2c4/20251117/i1763358449036_9638_0_7.jpg"",""https://xcimg.szwego.com/img/db8ac2c4/20251117/i1763358452255_1548_0_8.jpg""]"
_d_zrSe5dgbAV2btorRJC2pUTr3vGXcymr1HJYDw;;6235650 LP*2025New New·假两件羽绒新款 颜色 黑 码数 48-56（M-3XL）;0;;lrg3k8cd5bgw3jv;;Для мужчин;"[""https://xcimg.szwego.com/img/db8ac2c4/20251117/i1763362088388_6585_0_0.jpg"",""https://xcimg.szwego.com/img/db8ac2c4/20251117/i1763362088310_9886_0_1.jpg"",""https://xcimg.szwego.com/img/db8ac2c4/20251117/i1763362089776_3531_0_2.jpg"",""https://xcimg.szwego.com/img/db8ac2c4/20251117/i1763362088305_4351_0_3.jpg"",""https://xcimg.szwego.com/img/db8ac2c4/20251117/i1763362089413_1268_0_4.jpg"",""https://xcimg.szwego.com/img/db8ac2c4/20251117/i1763362088311_4233_0_5.jpg"",""https://xcimg.szwego.com/img/db8ac2c4/20251117/i1763362089771_2759_0_6.jpg"",""https://xcimg.szwego.com/img/db8ac2c4/20251117/i1763362088302_7590_0_7.jpg"",""https://xcimg.szwego.com/img/db8ac2c4/20251117/i1763362089748_1770_0_8.jpg""]"
_djwrSY0TPizWwJWK0GiGghOg04NHup943ssCZ0w;;1283 2025new新款羽绒服 BC*国标90鸭绒 羽绒立领款双口袋设计 颜色：杏色 蓝色 Size:48-50-52-54-56;0;;lrg3k8cd5bgw3jv;;Для мужчин;"[""https://xcimg.szwego.com/img/db8ac2c4/20251201/i1764577687344_8894_0_0.jpg"",""https://xcimg.szwego.com/img/db8ac2c4/20251201/i1764577685789_4682_0_1.jpg"",""https://xcimg.szwego.com/img/db8ac2c4/20251201/i1764577685789_9315_0_2.jpg"",""https://xcimg.szwego.com/img/db8ac2c4/20251201/i1764577685789_7714_0_3.jpg"",""https://xcimg.szwego.com/img/db8ac2c4/20251201/i1764577687256_4389_0_4.jpg"",""https://xcimg.szwego.com/img/db8ac2c4/20251201/i1764577685789_9925_0_5.jpg"",""https://xcimg.szwego.com/img/db8ac2c4/20251201/i1764577687213_1824_0_6.jpg"",""https://xcimg.szwego.com/img/db8ac2c4/20251201/i1764577687248_7473_0_7.jpg"",""https://xcimg.szwego.com/img/db8ac2c4/20251201/i1764577685789_6964_0_8.jpg""]"
_djsrSYvw8aerWjr_RjB0U3DPC3eyuOqRzE6F7_Q;;6068980 Z*egna 2025New New·两件套羽绒服 颜色 黑 桔 码数 48-56（M-3XL）;0;;lrg3k8cd5bgw3jv;;Для мужчин;"[""https://xcimg.szwego.com/img/db8ac2c4/20251005/i1759652557553_937_0_0.jpg"",""https://xcimg.szwego.com/img/db8ac2c4/20251005/i1759652558976_2051_0_4.jpg"",""https://xcimg.szwego.com/img/db8ac2c4/20251005/i1759652557640_4063_0_5.jpg"",""https://xcimg.szwego.com/img/db8ac2c4/20251005/i1759652557555_5831_0_6.jpg"",""https://xcimg.szwego.com/img/db8ac2c4/20251005/i1759652557601_8187_0_7.jpg"",""https://xcimg.szwego.com/img/db8ac2c4/20251005/i1759652558877_6948_0_1.jpg"",""https://xcimg.szwego.com/img/db8ac2c4/20251005/i1759652557595_4065_0_2.jpg"",""https://xcimg.szwego.com/img/db8ac2c4/20251005/i1759652558867_8667_0_3.jpg"",""https://xcimg.szwego.com/img/db8ac2c4/20251005/i1759652558874_4453_0_8.jpg""]"
_dp5rST3pG5M6giU6QwUWMWf7cx2sl_0yPIgRsPQ;;6229700 LP*2025New New·新款羽绒服 颜色 黑 码数 48-56（M-3XL）;0;;lrg3k8cd5bgw3jv;;Для мужчин;"[""https://xcimg.szwego.com/img/db8ac2c4/20251024/i1761278400956_1902_0_0.jpg"",""https://xcimg.szwego.com/img/db8ac2c4/20251024/i1761278400967_2957_0_4.jpg"",""https://xcimg.szwego.com/img/db8ac2c4/20251024/i1761278400946_1344_0_1.jpg"",""https://xcimg.szwego.com/img/db8ac2c4/20251024/i1761278402377_2092_0_3.jpg"",""https://xcimg.szwego.com/img/db8ac2c4/20251024/i1761278400939_9864_0_2.jpg"",""https://xcimg.szwego.com/img/db8ac2c4/20251024/i1761278400939_5186_0_5.jpg""]"
_dhdrSGbUJE8mChbF9vsnNeTVqsYNkCT5WGimfJw;;5022 2025new新款羽绒服 Zegna*国标90鸭绒 针织拼麂皮绒羽绒服 颜色：酒红色 黑色 Size:48-50-52-54-56;0;;lrg3k8cd5bgw3jv;;Для мужчин;"[""https://xcimg.szwego.com/img/db8ac2c4/20251201/i1764579836376_397_0_0.jpg"",""https://xcimg.szwego.com/img/db8ac2c4/20251201/i1764579836655_3905_0_1.jpg"",""https://xcimg.szwego.com/img/db8ac2c4/20251201/i1764579836546_6854_0_2.jpg"",""https://xcimg.szwego.com/img/db8ac2c4/20251201/i1764579836523_9166_0_3.jpg"",""https://xcimg.szwego.com/img/db8ac2c4/20251201/i1764579837582_3236_0_4.jpg"",""https://xcimg.szwego.com/img/db8ac2c4/20251201/i1764579836405_5052_0_5.jpg"",""https://xcimg.szwego.com/img/db8ac2c4/20251201/i1764579837506_818_0_6.jpg"",""https://xcimg.szwego.com/img/db8ac2c4/20251201/i1764579837396_4850_0_7.jpg"",""https://xcimg.szwego.com/img/db8ac2c4/20251201/i1764579837605_2197_0_8.jpg""]"
_dvbrSw_rLg-VLPL_q5gQrgnhDX0t80ALttXqSqA;;6182200 Zegna*2025New New·羽绒服新款 颜色 灰 蓝 码数 48-56（M-3XL）;0;;lrg3k8cd5bgw3jv;;Для мужчин;"[""https://xcimg.szwego.com/img/db8ac2c4/20260112/i1768195680051_2919_0_0.jpg"",""https://xcimg.szwego.com/img/db8ac2c4/20260112/i1768195680013_228_0_1.jpg"",""https://xcimg.szwego.com/img/db8ac2c4/20260112/i1768195678934_8095_0_2.jpg"",""https://xcimg.szwego.com/img/db8ac2c4/20260112/i1768195680019_8526_0_3.jpg"",""https://xcimg.szwego.com/img/db8ac2c4/20260112/i1768195678987_8505_0_4.jpg"",""https://xcimg.szwego.com/img/db8ac2c4/20260112/i1768195679101_5382_0_6.jpg"",""https://xcimg.szwego.com/img/db8ac2c4/20260112/i1768195679128_6464_0_7.jpg"",""https://xcimg.szwego.com/img/db8ac2c4/20260112/i1768195679088_8429_0_5.jpg""]"
_dp6rSG6Xqw1LyITR3_am08QWC5rzl0QQk8Z1Ttg;;250 LP*2025New New·新款羽绒服 颜色 咖 蓝 码数 48-56（M-3XL）;0;;lrg3k8cd5bgw3jv;;Для мужчин;"[""https://xcimg.szwego.com/img/db8ac2c4/20251105/i1762320581356_5422_0_0.jpg"",""https://xcimg.szwego.com/img/db8ac2c4/20251105/i1762320581424_7652_0_1.jpg"",""https://xcimg.szwego.com/img/db8ac2c4/20251105/i1762320583039_243_0_2.jpg"",""https://xcimg.szwego.com/img/db8ac2c4/20251105/i1762320581223_9934_0_5.jpg"",""https://xcimg.szwego.com/img/db8ac2c4/20251105/i1762320581449_5218_0_4.jpg"",""https://xcimg.szwego.com/img/db8ac2c4/20251105/i1762320581428_3634_0_3.jpg""]"
_dlFrSAdE4SHueXezlHCkTouvxZD-DLEte27NQkQ;;2313 BC*2025New New·羽绒服新款 颜色 蓝 黑 码数 48-56（M-3XL）;0;;lrg3k8cd5bgw3jv;;Для мужчин;"[""https://xcimg.szwego.com/img/db8ac2c4/20251029/i1761711142018_4258_0_0.jpg"",""https://xcimg.szwego.com/img/db8ac2c4/20251029/i1761711142014_6627_0_4.jpg"",""https://xcimg.szwego.com/img/db8ac2c4/20251029/i1761711142020_6033_0_5.jpg"",""https://xcimg.szwego.com/img/db8ac2c4/20251029/i1761711140325_7332_0_1.jpg"",""https://xcimg.szwego.com/img/db8ac2c4/20251029/i1761711140325_2255_0_3.jpg"",""https://xcimg.szwego.com/img/db8ac2c4/20251029/i1761711141948_785_0_2.jpg"",""https://xcimg.szwego.com/img/db8ac2c4/20251029/i1761711140369_3036_0_6.jpg"",""https://xcimg.szwego.com/img/db8ac2c4/20251029/i1761711140325_94_0_7.jpg"",""https://xcimg.szwego.com/img/db8ac2c4/20251029/i1761711140370_4490_0_8.jpg""]"
_dpDrSl5tJNfG5vCZ_Rel4RYvzwZegNPcbKeTxVQ;;5232260 Zegna*2025New New·羽绒服新款 颜色 黑 蓝 码数 48-56（M-3XL）;0;;lrg3k8cd5bgw3jv;;Для мужчин;"[""https://xcimg.szwego.com/img/db8ac2c4/20251024/i1761279411393_9107_0_0.jpg"",""https://xcimg.szwego.com/img/db8ac2c4/20251024/i1761279409780_7482_0_1.jpg"",""https://xcimg.szwego.com/img/db8ac2c4/20251024/i1761279409772_7668_0_2.jpg"",""https://xcimg.szwego.com/img/db8ac2c4/20251024/i1761279411438_3155_0_5.jpg"",""https://xcimg.szwego.com/img/db8ac2c4/20251024/i1761279411414_8933_0_4.jpg"",""https://xcimg.szwego.com/img/db8ac2c4/20251024/i1761279411265_6433_0_3.jpg"",""https://xcimg.szwego.com/img/db8ac2c4/20251024/i1761279409837_3117_0_6.jpg"",""https://xcimg.szwego.com/img/db8ac2c4/20251024/i1761279409724_9340_0_7.jpg"",""https://xcimg.szwego.com/img/db8ac2c4/20251024/i1761279409810_5385_0_8.jpg""]"
_d-zrSB3nnkieVGUKx4HxAshywF0iyqWrrNsP_7A;;4Y801300 BC*2025New New·外套新款 颜色 卡其 蓝 码数 48-56;0;;lrg3k8cd5bgw3jv;;Для мужчин;"[""https://xcimg.szwego.com/img/db8ac2c4/20250925/i1758791671413_9692_0_0.jpg"",""https://xcimg.szwego.com/img/db8ac2c4/20250925/i1758791671787_2952_0_5.jpg"",""https://xcimg.szwego.com/img/db8ac2c4/20250925/i1758791673931_1477_0_4.jpg"",""https://xcimg.szwego.com/img/db8ac2c4/20250925/i1758791673714_2057_0_3.jpg"",""https://xcimg.szwego.com/img/db8ac2c4/20250925/i1758791673544_5355_0_1.jpg"",""https://xcimg.szwego.com/img/db8ac2c4/20250925/i1758791671373_8665_0_2.jpg"",""https://xcimg.szwego.com/img/db8ac2c4/20250925/i1758791671383_619_0_6.jpg"",""https://xcimg.szwego.com/img/db8ac2c4/20250925/i1758791671559_2727_0_7.jpg"",""https://xcimg.szwego.com/img/db8ac2c4/20250925/i1758791673836_4804_0_8.jpg""]"
_dkMrSqff1WCYo3hPEqoVW93jupYuGnoDQFpsMFA;;478980 BC*2025New New·羽绒服新款 颜色卡其 蓝 码数 48-56（M-3XL）;0;;lrg3k8cd5bgw3jv;;Для мужчин;"[""https://xcimg.szwego.com/img/db8ac2c4/20251217/i1765946243281_5649_0_0.jpg"",""https://xcimg.szwego.com/img/db8ac2c4/20251217/i1765946243274_7302_0_5.jpg"",""https://xcimg.szwego.com/img/db8ac2c4/20251217/i1765946243270_7986_0_6.jpg"",""https://xcimg.szwego.com/img/db8ac2c4/20251217/i1765946244588_980_0_1.jpg"",""https://xcimg.szwego.com/img/db8ac2c4/20251217/i1765946244673_3404_0_2.jpg"",""https://xcimg.szwego.com/img/db8ac2c4/20251217/i1765946243069_9833_0_3.jpg"",""https://xcimg.szwego.com/img/db8ac2c4/20251217/i1765946244776_4928_0_7.jpg"",""https://xcimg.szwego.com/img/db8ac2c4/20251217/i1765946243069_3190_0_8.jpg"",""https://xcimg.szwego.com/img/db8ac2c4/20251217/i1765946244778_5366_0_4.jpg""]"
_dl3rSM2GwJQoZM4gZ64TsRWwThbmlaMVaaUqW_Q;;995-2 BC*2025New New新款羽绒服 颜色 黑 红 蓝 码数 48-56（M-3XL）;0;;lrg3k8cd5bgw3jv;;Для мужчин;"[""https://xcimg.szwego.com/img/db8ac2c4/20251204/i1764825643270_441_0_0.jpg"",""https://xcimg.szwego.com/img/db8ac2c4/20251204/i1764825643270_8508_0_1.jpg"",""https://xcimg.szwego.com/img/db8ac2c4/20251204/i1764825644984_7828_0_2.jpg"",""https://xcimg.szwego.com/img/db8ac2c4/20251204/i1764825645090_9721_0_3.jpg"",""https://xcimg.szwego.com/img/db8ac2c4/20251204/i1764825643270_5263_0_4.jpg"",""https://xcimg.szwego.com/img/db8ac2c4/20251204/i1764825643271_9193_0_5.jpg"",""https://xcimg.szwego.com/img/db8ac2c4/20251204/i1764825644945_8681_0_6.jpg"",""https://xcimg.szwego.com/img/db8ac2c4/20251204/i1764825643271_331_0_7.jpg"",""https://xcimg.szwego.com/img/db8ac2c4/20251204/i1764825645052_1389_0_8.jpg""]"
_dr6rSPYyjtWGbe3-l6QLd2Vra4RRm7jzOSRCZsA;;Ly890 LP*2025New New·羽绒夹克新款 颜色 杏 咖 码数 48-56;0;;lrg3k8cd5bgw3jv;;Для мужчин;"[""https://xcimg.szwego.com/img/db8ac2c4/20251107/i1762494797005_1458_0_0.jpg"",""https://xcimg.szwego.com/img/db8ac2c4/20251107/i1762494798330_56_0_1.jpg"",""https://xcimg.szwego.com/img/db8ac2c4/20251107/i1762494798304_7566_0_2.jpg"",""https://xcimg.szwego.com/img/db8ac2c4/20251107/i1762494797003_9155_0_3.jpg"",""https://xcimg.szwego.com/img/db8ac2c4/20251107/i1762494797029_2737_0_4.jpg"",""https://xcimg.szwego.com/img/db8ac2c4/20251107/i1762494798197_3701_0_5.jpg"",""https://xcimg.szwego.com/img/db8ac2c4/20251107/i1762494796998_5859_0_6.jpg"",""https://xcimg.szwego.com/img/db8ac2c4/20251107/i1762494797025_669_0_7.jpg""]"
_dmNrSE6lQbEKMX_4ctnS1sw0Gh8xWPQTOls8cKA;;50050+005180 LP*2025New New·套装新款 颜色 黑 码数 46-54（S-2XL）;0;;lrg3k8cd5bgw3jv;;Для мужчин;"[""https://xcimg.szwego.com/img/db8ac2c4/20251101/i1761974690425_5311_0_0.jpg"",""https://xcimg.szwego.com/img/db8ac2c4/20251101/i1761974691693_6601_0_1.jpg"",""https://xcimg.szwego.com/img/db8ac2c4/20251101/i1761974690221_5153_0_2.jpg"",""https://xcimg.szwego.com/img/db8ac2c4/20251101/i1761974690220_1237_0_3.jpg"",""https://xcimg.szwego.com/img/db8ac2c4/20251101/i1761974690429_1724_0_4.jpg"",""https://xcimg.szwego.com/img/db8ac2c4/20251101/i1761974690394_2060_0_5.jpg""]"