external_id;name;description;price;brand;category;subcategory;gender;photos;ai_processed
_dgzrSmdJYHJNuHt8ikNs8SsP2Mu9gXWFgJjx2DQ;Chanel Тапки;Элегантные шлепанцы с культовым логотипом в виде двойной буквы C. Модель выполнена из премиальной итальянской зернистой кожи ягненка с подкладкой из натуральной кожи для непревзойденного комфорта.\n\nРазмеры: 35-40.;23000;3wxtez8ckauz7o1;nzg3vsvajpiv1e8;rbf3iprt2z3owjd;Для женщин;"[""https://static.yeezyunique.ru/batches/6cb9ff7b-d813-4394-8e73-aeda5d06a8f2/_dgzrSmdJYHJNuHt8ikNs8SsP2Mu9gXWFgJjx2DQ_0.jpg"",""https://static.yeezyunique.ru/batches/6cb9ff7b-d813-4394-8e73-aeda5d06a8f2/_dgzrSmdJYHJNuHt8ikNs8SsP2Mu9gXWFgJjx2DQ_1.jpg"",""https://static.yeezyunique.ru/batches/6cb9ff7b-d813-4394-8e73-aeda5d06a8f2/_dgzrSmdJYHJNuHt8ikNs8SsP2Mu9gXWFgJjx2DQ_2.jpg"",""https://static.yeezyunique.ru/batches/6cb9ff7b-d813-4394-8e73-aeda5d06a8f2/_dgzrSmdJYHJNuHt8ikNs8SsP2Mu9gXWFgJjx2DQ_3.jpg"",""https://static.yeezyunique.ru/batches/6cb9ff7b-d813-4394-8e73-aeda5d06a8f2/_dgzrSmdJYHJNuHt8ikNs8SsP2Mu9gXWFgJjx2DQ_4.jpg"",""https://static.yeezyunique.ru/batches/6cb9ff7b-d813-4394-8e73-aeda5d06a8f2/_dgzrSmdJYHJNuHt8ikNs8SsP2Mu9gXWFgJjx2DQ_5.jpg"",""https://static.yeezyunique.ru/batches/6cb9ff7b-d813-4394-8e73-aeda5d06a8f2/_dgzrSmdJYHJNuHt8ikNs8SsP2Mu9gXWFgJjx2DQ_6.jpg"",""https://static.yeezyunique.ru/batches/6cb9ff7b-d813-4394-8e73-aeda5d06a8f2/_dgzrSmdJYHJNuHt8ikNs8SsP2Mu9gXWFgJjx2DQ_7.jpg"",""https://static.yeezyunique.ru/batches/6cb9ff7b-d813-4394-8e73-aeda5d06a8f2/_dgzrSmdJYHJNuHt8ikNs8SsP2Mu9gXWFgJjx2DQ_8.jpg""]";true
_dnqrSWynQmgalMIytqqEywM1HSH9O9JGKqqBnbw;Chanel Тапки;Элегантные шлепанцы с культовым логотипом в виде двойной буквы C. Модель выполнена из премиальной итальянской зернистой кожи ягненка с подкладкой из натуральной кожи для непревзойденного комфорта.\n\nРазмеры: 35-40.;23000;3wxtez8ckauz7o1;nzg3vsvajpiv1e8;rbf3iprt2z3owjd;Для женщин;"[""https://static.yeezyunique.ru/batches/6cb9ff7b-d813-4394-8e73-aeda5d06a8f2/_dnqrSWynQmgalMIytqqEywM1HSH9O9JGKqqBnbw_0.jpg"",""https://static.yeezyunique.ru/batches/6cb9ff7b-d813-4394-8e73-aeda5d06a8f2/_dnqrSWynQmgalMIytqqEywM1HSH9O9JGKqqBnbw_1.jpg"",""https://static.yeezyunique.ru/batches/6cb9ff7b-d813-4394-8e73-aeda5d06a8f2/_dnqrSWynQmgalMIytqqEywM1HSH9O9JGKqqBnbw_2.jpg"",""https://static.yeezyunique.ru/batches/6cb9ff7b-d813-4394-8e73-aeda5d06a8f2/_dnqrSWynQmgalMIytqqEywM1HSH9O9JGKqqBnbw_3.jpg"",""https://static.yeezyunique.ru/batches/6cb9ff7b-d813-4394-8e73-aeda5d06a8f2/_dnqrSWynQmgalMIytqqEywM1HSH9O9JGKqqBnbw_4.jpg"",""https://static.yeezyunique.ru/batches/6cb9ff7b-d813-4394-8e73-aeda5d06a8f2/_dnqrSWynQmgalMIytqqEywM1HSH9O9JGKqqBnbw_5.jpg"",""https://static.yeezyunique.ru/batches/6cb9ff7b-d813-4394-8e73-aeda5d06a8f2/_dnqrSWynQmgalMIytqqEywM1HSH9O9JGKqqBnbw_6.jpg"",""https://static.yeezyunique.ru/batches/6cb9ff7b-d813-4394-8e73-aeda5d06a8f2/_dnqrSWynQmgalMIytqqEywM1HSH9O9JGKqqBnbw_7.jpg"",""https://static.yeezyunique.ru/batches/6cb9ff7b-d813-4394-8e73-aeda5d06a8f2/_dnqrSWynQmgalMIytqqEywM1HSH9O9JGKqqBnbw_8.jpg""]";true
_dnMrSoJPAGDZ2LaIGBDW-wqto61QahrPE-8TgNw;Chanel Туфли;Элегантные туфли с открытой пяткой, украшенные культовым логотипом в виде двойной буквы C. Модель выполнена из премиальной итальянской зернистой кожи ягненка с подкладкой из натуральной кожи.\n\nРазмеры: 35-40.;23000;3wxtez8ckauz7o1;nzg3vsvajpiv1e8;mect3or5ztq64fc;Для женщин;"[""https://static.yeezyunique.ru/batches/6cb9ff7b-d813-4394-8e73-aeda5d06a8f2/_dnMrSoJPAGDZ2LaIGBDW-wqto61QahrPE-8TgNw_0.jpg"",""https://static.yeezyunique.ru/batches/6cb9ff7b-d813-4394-8e73-aeda5d06a8f2/_dnMrSoJPAGDZ2LaIGBDW-wqto61QahrPE-8TgNw_1.jpg"",""https://static.yeezyunique.ru/batches/6cb9ff7b-d813-4394-8e73-aeda5d06a8f2/_dnMrSoJPAGDZ2LaIGBDW-wqto61QahrPE-8TgNw_2.jpg"",""https://static.yeezyunique.ru/batches/6cb9ff7b-d813-4394-8e73-aeda5d06a8f2/_dnMrSoJPAGDZ2LaIGBDW-wqto61QahrPE-8TgNw_3.jpg"",""https://static.yeezyunique.ru/batches/6cb9ff7b-d813-4394-8e73-aeda5d06a8f2/_dnMrSoJPAGDZ2LaIGBDW-wqto61QahrPE-8TgNw_4.jpg"",""https://static.yeezyunique.ru/batches/6cb9ff7b-d813-4394-8e73-aeda5d06a8f2/_dnMrSoJPAGDZ2LaIGBDW-wqto61QahrPE-8TgNw_5.jpg"",""https://static.yeezyunique.ru/batches/6cb9ff7b-d813-4394-8e73-aeda5d06a8f2/_dnMrSoJPAGDZ2LaIGBDW-wqto61QahrPE-8TgNw_6.jpg"",""https://static.yeezyunique.ru/batches/6cb9ff7b-d813-4394-8e73-aeda5d06a8f2/_dnMrSoJPAGDZ2LaIGBDW-wqto61QahrPE-8TgNw_7.jpg"",""https://static.yeezyunique.ru/batches/6cb9ff7b-d813-4394-8e73-aeda5d06a8f2/_dnMrSoJPAGDZ2LaIGBDW-wqto61QahrPE-8TgNw_8.jpg""]";true
_dqbrSPlLaoy3-YYWcZGoiHCtqQG69-iOuf_z0lQ;Chanel Туфли;Элегантные туфли с открытой пяткой, украшенные культовым логотипом в виде двойной буквы C. Модель выполнена из премиальной итальянской зернистой кожи ягненка с подкладкой из натуральной кожи.\n\nРазмеры: 35-40.;23000;3wxtez8ckauz7o1;nzg3vsvajpiv1e8;mect3or5ztq64fc;Для женщин;"[""https://static.yeezyunique.ru/batches/6cb9ff7b-d813-4394-8e73-aeda5d06a8f2/_dqbrSPlLaoy3-YYWcZGoiHCtqQG69-iOuf_z0lQ_0.jpg"",""https://static.yeezyunique.ru/batches/6cb9ff7b-d813-4394-8e73-aeda5d06a8f2/_dqbrSPlLaoy3-YYWcZGoiHCtqQG69-iOuf_z0lQ_1.jpg"",""https://static.yeezyunique.ru/batches/6cb9ff7b-d813-4394-8e73-aeda5d06a8f2/_dqbrSPlLaoy3-YYWcZGoiHCtqQG69-iOuf_z0lQ_2.jpg"",""https://static.yeezyunique.ru/batches/6cb9ff7b-d813-4394-8e73-aeda5d06a8f2/_dqbrSPlLaoy3-YYWcZGoiHCtqQG69-iOuf_z0lQ_3.jpg"",""https://static.yeezyunique.ru/batches/6cb9ff7b-d813-4394-8e73-aeda5d06a8f2/_dqbrSPlLaoy3-YYWcZGoiHCtqQG69-iOuf_z0lQ_4.jpg"",""https://static.yeezyunique.ru/batches/6cb9ff7b-d813-4394-8e73-aeda5d06a8f2/_dqbrSPlLaoy3-YYWcZGoiHCtqQG69-iOuf_z0lQ_5.jpg"",""https://static.yeezyunique.ru/batches/6cb9ff7b-d813-4394-8e73-aeda5d06a8f2/_dqbrSPlLaoy3-YYWcZGoiHCtqQG69-iOuf_z0lQ_6.jpg"",""https://static.yeezyunique.ru/batches/6cb9ff7b-d813-4394-8e73-aeda5d06a8f2/_dqbrSPlLaoy3-YYWcZGoiHCtqQG69-iOuf_z0lQ_7.jpg"",""https://static.yeezyunique.ru/batches/6cb9ff7b-d813-4394-8e73-aeda5d06a8f2/_dqbrSPlLaoy3-YYWcZGoiHCtqQG69-iOuf_z0lQ_8.jpg""]";true
_dn5rSg0EMhHLd44ush3C7hptpMblEo6da7G2WCw;Loro Piana Кроссовки;Мужские кроссовки Soho 2.0 Walk, сочетающие в себе комфорт и спортивный стиль. Модель выполнена из премиальной итальянской замши с бархатистой текстурой и дополнена вставками из эластичной шерсти Wish Flex для идеальной посадки.\n\nРазмеры: 39-46.;23000;ll73bx30faqq27r;nzg3vsvajpiv1e8;ll3hofpd5wqxr81;Унисекс;"[""https://static.yeezyunique.ru/batches/6cb9ff7b-d813-4394-8e73-aeda5d06a8f2/_dn5rSg0EMhHLd44ush3C7hptpMblEo6da7G2WCw_0.jpg"",""https://static.yeezyunique.ru/batches/6cb9ff7b-d813-4394-8e73-aeda5d06a8f2/_dn5rSg0EMhHLd44ush3C7hptpMblEo6da7G2WCw_1.jpg"",""https://static.yeezyunique.ru/batches/6cb9ff7b-d813-4394-8e73-aeda5d06a8f2/_dn5rSg0EMhHLd44ush3C7hptpMblEo6da7G2WCw_2.jpg"",""https://static.yeezyunique.ru/batches/6cb9ff7b-d813-4394-8e73-aeda5d06a8f2/_dn5rSg0EMhHLd44ush3C7hptpMblEo6da7G2WCw_3.jpg"",""https://static.yeezyunique.ru/batches/6cb9ff7b-d813-4394-8e73-aeda5d06a8f2/_dn5rSg0EMhHLd44ush3C7hptpMblEo6da7G2WCw_4.jpg"",""https://static.yeezyunique.ru/batches/6cb9ff7b-d813-4394-8e73-aeda5d06a8f2/_dn5rSg0EMhHLd44ush3C7hptpMblEo6da7G2WCw_5.jpg"",""https://static.yeezyunique.ru/batches/6cb9ff7b-d813-4394-8e73-aeda5d06a8f2/_dn5rSg0EMhHLd44ush3C7hptpMblEo6da7G2WCw_6.jpg"",""https://static.yeezyunique.ru/batches/6cb9ff7b-d813-4394-8e73-aeda5d06a8f2/_dn5rSg0EMhHLd44ush3C7hptpMblEo6da7G2WCw_7.jpg"",""https://static.yeezyunique.ru/batches/6cb9ff7b-d813-4394-8e73-aeda5d06a8f2/_dn5rSg0EMhHLd44ush3C7hptpMblEo6da7G2WCw_8.jpg""]";true
_ddRrSn7zrfPlqGwj2SN22T1kUbt6ZzAvh3UtvGA;Loro Piana Кроссовки;Мужские кроссовки Soho 2.0 Walk, сочетающие в себе комфорт и спортивный стиль. Модель выполнена из премиальной итальянской замши с бархатистой текстурой и дополнена вставками из эластичной шерсти Wish Flex для идеальной посадки.\n\nРазмеры: 39-46.;23000;ll73bx30faqq27r;nzg3vsvajpiv1e8;ll3hofpd5wqxr81;Унисекс;"[""https://static.yeezyunique.ru/batches/6cb9ff7b-d813-4394-8e73-aeda5d06a8f2/_ddRrSn7zrfPlqGwj2SN22T1kUbt6ZzAvh3UtvGA_0.jpg"",""https://static.yeezyunique.ru/batches/6cb9ff7b-d813-4394-8e73-aeda5d06a8f2/_ddRrSn7zrfPlqGwj2SN22T1kUbt6ZzAvh3UtvGA_1.jpg"",""https://static.yeezyunique.ru/batches/6cb9ff7b-d813-4394-8e73-aeda5d06a8f2/_ddRrSn7zrfPlqGwj2SN22T1kUbt6ZzAvh3UtvGA_2.jpg"",""https://static.yeezyunique.ru/batches/6cb9ff7b-d813-4394-8e73-aeda5d06a8f2/_ddRrSn7zrfPlqGwj2SN22T1kUbt6ZzAvh3UtvGA_3.jpg"",""https://static.yeezyunique.ru/batches/6cb9ff7b-d813-4394-8e73-aeda5d06a8f2/_ddRrSn7zrfPlqGwj2SN22T1kUbt6ZzAvh3UtvGA_4.jpg"",""https://static.yeezyunique.ru/batches/6cb9ff7b-d813-4394-8e73-aeda5d06a8f2/_ddRrSn7zrfPlqGwj2SN22T1kUbt6ZzAvh3UtvGA_5.jpg"",""https://static.yeezyunique.ru/batches/6cb9ff7b-d813-4394-8e73-aeda5d06a8f2/_ddRrSn7zrfPlqGwj2SN22T1kUbt6ZzAvh3UtvGA_6.jpg"",""https://static.yeezyunique.ru/batches/6cb9ff7b-d813-4394-8e73-aeda5d06a8f2/_ddRrSn7zrfPlqGwj2SN22T1kUbt6ZzAvh3UtvGA_7.jpg"",""https://static.yeezyunique.ru/batches/6cb9ff7b-d813-4394-8e73-aeda5d06a8f2/_ddRrSn7zrfPlqGwj2SN22T1kUbt6ZzAvh3UtvGA_8.jpg""]";true
_d_VrSnNoHZripsVssif6jBC96bF6R8owQdXtTTg;Loro Piana Кроссовки;Мужские кроссовки Soho 2.0 Walk, сочетающие в себе комфорт и спортивный стиль. Модель выполнена из премиальной итальянской замши с бархатистой текстурой и дополнена вставками из эластичной шерсти Wish Flex для идеальной посадки.\n\nРазмеры: 39-46.;23000;ll73bx30faqq27r;nzg3vsvajpiv1e8;ll3hofpd5wqxr81;Унисекс;"[""https://static.yeezyunique.ru/batches/6cb9ff7b-d813-4394-8e73-aeda5d06a8f2/_d_VrSnNoHZripsVssif6jBC96bF6R8owQdXtTTg_0.jpg"",""https://static.yeezyunique.ru/batches/6cb9ff7b-d813-4394-8e73-aeda5d06a8f2/_d_VrSnNoHZripsVssif6jBC96bF6R8owQdXtTTg_1.jpg"",""https://static.yeezyunique.ru/batches/6cb9ff7b-d813-4394-8e73-aeda5d06a8f2/_d_VrSnNoHZripsVssif6jBC96bF6R8owQdXtTTg_2.jpg"",""https://static.yeezyunique.ru/batches/6cb9ff7b-d813-4394-8e73-aeda5d06a8f2/_d_VrSnNoHZripsVssif6jBC96bF6R8owQdXtTTg_3.jpg"",""https://static.yeezyunique.ru/batches/6cb9ff7b-d813-4394-8e73-aeda5d06a8f2/_d_VrSnNoHZripsVssif6jBC96bF6R8owQdXtTTg_4.jpg"",""https://static.yeezyunique.ru/batches/6cb9ff7b-d813-4394-8e73-aeda5d06a8f2/_d_VrSnNoHZripsVssif6jBC96bF6R8owQdXtTTg_5.jpg"",""https://static.yeezyunique.ru/batches/6cb9ff7b-d813-4394-8e73-aeda5d06a8f2/_d_VrSnNoHZripsVssif6jBC96bF6R8owQdXtTTg_6.jpg"",""https://static.yeezyunique.ru/batches/6cb9ff7b-d813-4394-8e73-aeda5d06a8f2/_d_VrSnNoHZripsVssif6jBC96bF6R8owQdXtTTg_7.jpg"",""https://static.yeezyunique.ru/batches/6cb9ff7b-d813-4394-8e73-aeda5d06a8f2/_d_VrSnNoHZripsVssif6jBC96bF6R8owQdXtTTg_8.jpg""]";true
_dt7rST1U_-AX4wQgoyPTQ8UwvWWtUpnTqjMceTQ;Loro Piana Кроссовки;Мужские кроссовки Soho 2.0 Walk, сочетающие в себе комфорт и спортивный стиль. Модель выполнена из премиальной итальянской замши с бархатистой текстурой и дополнена вставками из эластичной шерсти Wish Flex для идеальной посадки.\n\nРазмеры: 39-46.;23000;ll73bx30faqq27r;nzg3vsvajpiv1e8;ll3hofpd5wqxr81;Унисекс;"[""https://static.yeezyunique.ru/batches/6cb9ff7b-d813-4394-8e73-aeda5d06a8f2/_dt7rST1U_-AX4wQgoyPTQ8UwvWWtUpnTqjMceTQ_0.jpg"",""https://static.yeezyunique.ru/batches/6cb9ff7b-d813-4394-8e73-aeda5d06a8f2/_dt7rST1U_-AX4wQgoyPTQ8UwvWWtUpnTqjMceTQ_1.jpg"",""https://static.yeezyunique.ru/batches/6cb9ff7b-d813-4394-8e73-aeda5d06a8f2/_dt7rST1U_-AX4wQgoyPTQ8UwvWWtUpnTqjMceTQ_2.jpg"",""https://static.yeezyunique.ru/batches/6cb9ff7b-d813-4394-8e73-aeda5d06a8f2/_dt7rST1U_-AX4wQgoyPTQ8UwvWWtUpnTqjMceTQ_3.jpg"",""https://static.yeezyunique.ru/batches/6cb9ff7b-d813-4394-8e73-aeda5d06a8f2/_dt7rST1U_-AX4wQgoyPTQ8UwvWWtUpnTqjMceTQ_4.jpg"",""https://static.yeezyunique.ru/batches/6cb9ff7b-d813-4394-8e73-aeda5d06a8f2/_dt7rST1U_-AX4wQgoyPTQ8UwvWWtUpnTqjMceTQ_5.jpg"",""https://static.yeezyunique.ru/batches/6cb9ff7b-d813-4394-8e73-aeda5d06a8f2/_dt7rST1U_-AX4wQgoyPTQ8UwvWWtUpnTqjMceTQ_6.jpg"",""https://static.yeezyunique.ru/batches/6cb9ff7b-d813-4394-8e73-aeda5d06a8f2/_dt7rST1U_-AX4wQgoyPTQ8UwvWWtUpnTqjMceTQ_7.jpg"",""https://static.yeezyunique.ru/batches/6cb9ff7b-d813-4394-8e73-aeda5d06a8f2/_dt7rST1U_-AX4wQgoyPTQ8UwvWWtUpnTqjMceTQ_8.jpg""]";true
_dnyrSo4V50YarzyU3lKwGyfNznMNBQoQNu0U4yw;Loro Piana Кроссовки;Мужские кроссовки Soho 2.0 Walk, сочетающие в себе комфорт и спортивный стиль. Модель выполнена из премиальной итальянской замши с бархатистой текстурой и дополнена вставками из эластичной шерсти Wish Flex для идеальной посадки.\n\nРазмеры: 39-46.;23000;ll73bx30faqq27r;nzg3vsvajpiv1e8;ll3hofpd5wqxr81;Унисекс;"[""https://static.yeezyunique.ru/batches/6cb9ff7b-d813-4394-8e73-aeda5d06a8f2/_dnyrSo4V50YarzyU3lKwGyfNznMNBQoQNu0U4yw_0.jpg"",""https://static.yeezyunique.ru/batches/6cb9ff7b-d813-4394-8e73-aeda5d06a8f2/_dnyrSo4V50YarzyU3lKwGyfNznMNBQoQNu0U4yw_1.jpg"",""https://static.yeezyunique.ru/batches/6cb9ff7b-d813-4394-8e73-aeda5d06a8f2/_dnyrSo4V50YarzyU3lKwGyfNznMNBQoQNu0U4yw_2.jpg"",""https://static.yeezyunique.ru/batches/6cb9ff7b-d813-4394-8e73-aeda5d06a8f2/_dnyrSo4V50YarzyU3lKwGyfNznMNBQoQNu0U4yw_3.jpg"",""https://static.yeezyunique.ru/batches/6cb9ff7b-d813-4394-8e73-aeda5d06a8f2/_dnyrSo4V50YarzyU3lKwGyfNznMNBQoQNu0U4yw_4.jpg"",""https://static.yeezyunique.ru/batches/6cb9ff7b-d813-4394-8e73-aeda5d06a8f2/_dnyrSo4V50YarzyU3lKwGyfNznMNBQoQNu0U4yw_5.jpg"",""https://static.yeezyunique.ru/batches/6cb9ff7b-d813-4394-8e73-aeda5d06a8f2/_dnyrSo4V50YarzyU3lKwGyfNznMNBQoQNu0U4yw_6.jpg"",""https://static.yeezyunique.ru/batches/6cb9ff7b-d813-4394-8e73-aeda5d06a8f2/_dnyrSo4V50YarzyU3lKwGyfNznMNBQoQNu0U4yw_7.jpg"",""https://static.yeezyunique.ru/batches/6cb9ff7b-d813-4394-8e73-aeda5d06a8f2/_dnyrSo4V50YarzyU3lKwGyfNznMNBQoQNu0U4yw_8.jpg""]";true
_dixrSekX4m3Sy6HMsTeMlkIIUNANL1gGdtQxZPA;Chanel Тапки;Элегантные винтажные тапки с культовым декором в виде камелии. Модель выполнена из премиальной итальянской кожи ягненка с подкладкой из мягкой овечьей кожи и дополнена качественной кожаной подошвой.\n\nРазмеры: 35-40.;23000;3wxtez8ckauz7o1;nzg3vsvajpiv1e8;rbf3iprt2z3owjd;Для женщин;"[""https://static.yeezyunique.ru/batches/6cb9ff7b-d813-4394-8e73-aeda5d06a8f2/_dixrSekX4m3Sy6HMsTeMlkIIUNANL1gGdtQxZPA_0.jpg"",""https://static.yeezyunique.ru/batches/6cb9ff7b-d813-4394-8e73-aeda5d06a8f2/_dixrSekX4m3Sy6HMsTeMlkIIUNANL1gGdtQxZPA_1.jpg"",""https://static.yeezyunique.ru/batches/6cb9ff7b-d813-4394-8e73-aeda5d06a8f2/_dixrSekX4m3Sy6HMsTeMlkIIUNANL1gGdtQxZPA_2.jpg"",""https://static.yeezyunique.ru/batches/6cb9ff7b-d813-4394-8e73-aeda5d06a8f2/_dixrSekX4m3Sy6HMsTeMlkIIUNANL1gGdtQxZPA_3.jpg"",""https://static.yeezyunique.ru/batches/6cb9ff7b-d813-4394-8e73-aeda5d06a8f2/_dixrSekX4m3Sy6HMsTeMlkIIUNANL1gGdtQxZPA_4.jpg"",""https://static.yeezyunique.ru/batches/6cb9ff7b-d813-4394-8e73-aeda5d06a8f2/_dixrSekX4m3Sy6HMsTeMlkIIUNANL1gGdtQxZPA_5.jpg"",""https://static.yeezyunique.ru/batches/6cb9ff7b-d813-4394-8e73-aeda5d06a8f2/_dixrSekX4m3Sy6HMsTeMlkIIUNANL1gGdtQxZPA_6.jpg"",""https://static.yeezyunique.ru/batches/6cb9ff7b-d813-4394-8e73-aeda5d06a8f2/_dixrSekX4m3Sy6HMsTeMlkIIUNANL1gGdtQxZPA_7.jpg"",""https://static.yeezyunique.ru/batches/6cb9ff7b-d813-4394-8e73-aeda5d06a8f2/_dixrSekX4m3Sy6HMsTeMlkIIUNANL1gGdtQxZPA_8.jpg""]";true
_deArSX3vXykj7bGVVJP2KgBlmq2GqTKh0I1kWgQ;Chanel Сандалии;Элегантные сандалии с классическим логотипом в виде двойной буквы C и стильным квадратным мысом. Модель выполнена из премиальной итальянской кожи ягненка с фактурной отделкой и дополнена высококачественной кожаной подошвой.\n\nРазмеры: 35-40.;23000;3wxtez8ckauz7o1;nzg3vsvajpiv1e8;rbf3iprt2z3owjd;Для женщин;"[""https://static.yeezyunique.ru/batches/6cb9ff7b-d813-4394-8e73-aeda5d06a8f2/_deArSX3vXykj7bGVVJP2KgBlmq2GqTKh0I1kWgQ_0.jpg"",""https://static.yeezyunique.ru/batches/6cb9ff7b-d813-4394-8e73-aeda5d06a8f2/_deArSX3vXykj7bGVVJP2KgBlmq2GqTKh0I1kWgQ_1.jpg"",""https://static.yeezyunique.ru/batches/6cb9ff7b-d813-4394-8e73-aeda5d06a8f2/_deArSX3vXykj7bGVVJP2KgBlmq2GqTKh0I1kWgQ_2.jpg"",""https://static.yeezyunique.ru/batches/6cb9ff7b-d813-4394-8e73-aeda5d06a8f2/_deArSX3vXykj7bGVVJP2KgBlmq2GqTKh0I1kWgQ_3.jpg"",""https://static.yeezyunique.ru/batches/6cb9ff7b-d813-4394-8e73-aeda5d06a8f2/_deArSX3vXykj7bGVVJP2KgBlmq2GqTKh0I1kWgQ_4.jpg"",""https://static.yeezyunique.ru/batches/6cb9ff7b-d813-4394-8e73-aeda5d06a8f2/_deArSX3vXykj7bGVVJP2KgBlmq2GqTKh0I1kWgQ_5.jpg"",""https://static.yeezyunique.ru/batches/6cb9ff7b-d813-4394-8e73-aeda5d06a8f2/_deArSX3vXykj7bGVVJP2KgBlmq2GqTKh0I1kWgQ_6.jpg"",""https://static.yeezyunique.ru/batches/6cb9ff7b-d813-4394-8e73-aeda5d06a8f2/_deArSX3vXykj7bGVVJP2KgBlmq2GqTKh0I1kWgQ_7.jpg"",""https://static.yeezyunique.ru/batches/6cb9ff7b-d813-4394-8e73-aeda5d06a8f2/_deArSX3vXykj7bGVVJP2KgBlmq2GqTKh0I1kWgQ_8.jpg""]";true
_dEOrS0700dUfjtY9ItSGFc2HbMW06KggD0GzfJA;Dior Кроссовки;Стильные кроссовки Dior Ribbon, вдохновленные эстетикой винтажных тренировочных моделей. Модель выполнена из комбинации премиальной итальянской замши и натуральной кожи, дополнена подкладкой из мягкой кожи ягненка и прочной подошвой из термополиуретана.\n\nРазмеры: 35-40.;23000;ivacgwvpdne0t35;nzg3vsvajpiv1e8;ll3hofpd5wqxr81;Для женщин;"[""https://static.yeezyunique.ru/batches/6cb9ff7b-d813-4394-8e73-aeda5d06a8f2/_dEOrS0700dUfjtY9ItSGFc2HbMW06KggD0GzfJA_0.jpg"",""https://static.yeezyunique.ru/batches/6cb9ff7b-d813-4394-8e73-aeda5d06a8f2/_dEOrS0700dUfjtY9ItSGFc2HbMW06KggD0GzfJA_1.jpg"",""https://static.yeezyunique.ru/batches/6cb9ff7b-d813-4394-8e73-aeda5d06a8f2/_dEOrS0700dUfjtY9ItSGFc2HbMW06KggD0GzfJA_2.jpg"",""https://static.yeezyunique.ru/batches/6cb9ff7b-d813-4394-8e73-aeda5d06a8f2/_dEOrS0700dUfjtY9ItSGFc2HbMW06KggD0GzfJA_3.jpg"",""https://static.yeezyunique.ru/batches/6cb9ff7b-d813-4394-8e73-aeda5d06a8f2/_dEOrS0700dUfjtY9ItSGFc2HbMW06KggD0GzfJA_4.jpg"",""https://static.yeezyunique.ru/batches/6cb9ff7b-d813-4394-8e73-aeda5d06a8f2/_dEOrS0700dUfjtY9ItSGFc2HbMW06KggD0GzfJA_5.jpg"",""https://static.yeezyunique.ru/batches/6cb9ff7b-d813-4394-8e73-aeda5d06a8f2/_dEOrS0700dUfjtY9ItSGFc2HbMW06KggD0GzfJA_6.jpg"",""https://static.yeezyunique.ru/batches/6cb9ff7b-d813-4394-8e73-aeda5d06a8f2/_dEOrS0700dUfjtY9ItSGFc2HbMW06KggD0GzfJA_7.jpg"",""https://static.yeezyunique.ru/batches/6cb9ff7b-d813-4394-8e73-aeda5d06a8f2/_dEOrS0700dUfjtY9ItSGFc2HbMW06KggD0GzfJA_8.jpg""]";true
_dqZrS0PLsH97VYK8vRjPNPKCcBWccpiXkgdjO1A;Dior Кроссовки;Стильные кроссовки Dior Ribbon, вдохновленные эстетикой винтажных тренировочных моделей. Модель выполнена из комбинации премиальной итальянской замши и натуральной кожи с подкладкой из мягкой кожи ягненка, дополненная акцентными лентами.\n\nРазмеры: 35-40.;23000;ivacgwvpdne0t35;nzg3vsvajpiv1e8;ll3hofpd5wqxr81;Для женщин;"[""https://static.yeezyunique.ru/batches/6cb9ff7b-d813-4394-8e73-aeda5d06a8f2/_dqZrS0PLsH97VYK8vRjPNPKCcBWccpiXkgdjO1A_0.jpg"",""https://static.yeezyunique.ru/batches/6cb9ff7b-d813-4394-8e73-aeda5d06a8f2/_dqZrS0PLsH97VYK8vRjPNPKCcBWccpiXkgdjO1A_1.jpg"",""https://static.yeezyunique.ru/batches/6cb9ff7b-d813-4394-8e73-aeda5d06a8f2/_dqZrS0PLsH97VYK8vRjPNPKCcBWccpiXkgdjO1A_2.jpg"",""https://static.yeezyunique.ru/batches/6cb9ff7b-d813-4394-8e73-aeda5d06a8f2/_dqZrS0PLsH97VYK8vRjPNPKCcBWccpiXkgdjO1A_3.jpg"",""https://static.yeezyunique.ru/batches/6cb9ff7b-d813-4394-8e73-aeda5d06a8f2/_dqZrS0PLsH97VYK8vRjPNPKCcBWccpiXkgdjO1A_4.jpg"",""https://static.yeezyunique.ru/batches/6cb9ff7b-d813-4394-8e73-aeda5d06a8f2/_dqZrS0PLsH97VYK8vRjPNPKCcBWccpiXkgdjO1A_5.jpg"",""https://static.yeezyunique.ru/batches/6cb9ff7b-d813-4394-8e73-aeda5d06a8f2/_dqZrS0PLsH97VYK8vRjPNPKCcBWccpiXkgdjO1A_6.jpg"",""https://static.yeezyunique.ru/batches/6cb9ff7b-d813-4394-8e73-aeda5d06a8f2/_dqZrS0PLsH97VYK8vRjPNPKCcBWccpiXkgdjO1A_7.jpg"",""https://static.yeezyunique.ru/batches/6cb9ff7b-d813-4394-8e73-aeda5d06a8f2/_dqZrS0PLsH97VYK8vRjPNPKCcBWccpiXkgdjO1A_8.jpg""]";true
_dinrSg66SYTs5shocGDTKt9_cffVv_P0Lpq8Zbg;Louis Vuitton Кроссовки;Популярная модель низких кроссовок, выполненная из премиальной натуральной телячьей кожи. Внутренняя отделка из дышащего сетчатого материала обеспечивает комфорт, а прочная подошва из TPU гарантирует долговечность и отличное сцепление.\n\nРазмеры: 39-45.;23000;977uh954t91spxq;nzg3vsvajpiv1e8;ll3hofpd5wqxr81;Унисекс;"[""https://static.yeezyunique.ru/batches/6cb9ff7b-d813-4394-8e73-aeda5d06a8f2/_dinrSg66SYTs5shocGDTKt9_cffVv_P0Lpq8Zbg_0.jpg"",""https://static.yeezyunique.ru/batches/6cb9ff7b-d813-4394-8e73-aeda5d06a8f2/_dinrSg66SYTs5shocGDTKt9_cffVv_P0Lpq8Zbg_1.jpg"",""https://static.yeezyunique.ru/batches/6cb9ff7b-d813-4394-8e73-aeda5d06a8f2/_dinrSg66SYTs5shocGDTKt9_cffVv_P0Lpq8Zbg_2.jpg"",""https://static.yeezyunique.ru/batches/6cb9ff7b-d813-4394-8e73-aeda5d06a8f2/_dinrSg66SYTs5shocGDTKt9_cffVv_P0Lpq8Zbg_3.jpg"",""https://static.yeezyunique.ru/batches/6cb9ff7b-d813-4394-8e73-aeda5d06a8f2/_dinrSg66SYTs5shocGDTKt9_cffVv_P0Lpq8Zbg_4.jpg"",""https://static.yeezyunique.ru/batches/6cb9ff7b-d813-4394-8e73-aeda5d06a8f2/_dinrSg66SYTs5shocGDTKt9_cffVv_P0Lpq8Zbg_5.jpg"",""https://static.yeezyunique.ru/batches/6cb9ff7b-d813-4394-8e73-aeda5d06a8f2/_dinrSg66SYTs5shocGDTKt9_cffVv_P0Lpq8Zbg_6.jpg"",""https://static.yeezyunique.ru/batches/6cb9ff7b-d813-4394-8e73-aeda5d06a8f2/_dinrSg66SYTs5shocGDTKt9_cffVv_P0Lpq8Zbg_7.jpg"",""https://static.yeezyunique.ru/batches/6cb9ff7b-d813-4394-8e73-aeda5d06a8f2/_dinrSg66SYTs5shocGDTKt9_cffVv_P0Lpq8Zbg_8.jpg""]";true
_dmGrSymTux0eivja8-1Mk4Dop3s36vBFrGGBb_g;Louis Vuitton Кроссовки;Популярная модель низких кроссовок, выполненная из премиальной натуральной кожи с превосходной текстурой. Внутренняя отделка дополнена дышащей сетчатой тканью для оптимального комфорта, а подошва из TPU обеспечивает отличную амортизацию.\n\nРазмеры: 39-45 (мужские).;23000;977uh954t91spxq;nzg3vsvajpiv1e8;ll3hofpd5wqxr81;Унисекс;"[""https://static.yeezyunique.ru/batches/6cb9ff7b-d813-4394-8e73-aeda5d06a8f2/_dmGrSymTux0eivja8-1Mk4Dop3s36vBFrGGBb_g_0.jpg"",""https://static.yeezyunique.ru/batches/6cb9ff7b-d813-4394-8e73-aeda5d06a8f2/_dmGrSymTux0eivja8-1Mk4Dop3s36vBFrGGBb_g_1.jpg"",""https://static.yeezyunique.ru/batches/6cb9ff7b-d813-4394-8e73-aeda5d06a8f2/_dmGrSymTux0eivja8-1Mk4Dop3s36vBFrGGBb_g_2.jpg"",""https://static.yeezyunique.ru/batches/6cb9ff7b-d813-4394-8e73-aeda5d06a8f2/_dmGrSymTux0eivja8-1Mk4Dop3s36vBFrGGBb_g_3.jpg"",""https://static.yeezyunique.ru/batches/6cb9ff7b-d813-4394-8e73-aeda5d06a8f2/_dmGrSymTux0eivja8-1Mk4Dop3s36vBFrGGBb_g_4.jpg"",""https://static.yeezyunique.ru/batches/6cb9ff7b-d813-4394-8e73-aeda5d06a8f2/_dmGrSymTux0eivja8-1Mk4Dop3s36vBFrGGBb_g_5.jpg"",""https://static.yeezyunique.ru/batches/6cb9ff7b-d813-4394-8e73-aeda5d06a8f2/_dmGrSymTux0eivja8-1Mk4Dop3s36vBFrGGBb_g_6.jpg"",""https://static.yeezyunique.ru/batches/6cb9ff7b-d813-4394-8e73-aeda5d06a8f2/_dmGrSymTux0eivja8-1Mk4Dop3s36vBFrGGBb_g_7.jpg"",""https://static.yeezyunique.ru/batches/6cb9ff7b-d813-4394-8e73-aeda5d06a8f2/_dmGrSymTux0eivja8-1Mk4Dop3s36vBFrGGBb_g_8.jpg""]";true
_dtyrSOnPMMjk9XLfeJHrDmnt-xNH0MtyeBBMF8Q;Chanel Туфли;Изысканные туфли с открытой пяткой, выполненные из премиальной итальянской лакированной кожи. Модель дополнена элегантным металлическим цепочным декором и устойчивым каблуком высотой 9 см, обеспечивающим комфорт и утонченный силуэт.\n\nРазмеры: 35-41.;38000;3wxtez8ckauz7o1;nzg3vsvajpiv1e8;mect3or5ztq64fc;Для женщин;"[""https://static.yeezyunique.ru/batches/6cb9ff7b-d813-4394-8e73-aeda5d06a8f2/_dtyrSOnPMMjk9XLfeJHrDmnt-xNH0MtyeBBMF8Q_0.jpg"",""https://static.yeezyunique.ru/batches/6cb9ff7b-d813-4394-8e73-aeda5d06a8f2/_dtyrSOnPMMjk9XLfeJHrDmnt-xNH0MtyeBBMF8Q_1.jpg"",""https://static.yeezyunique.ru/batches/6cb9ff7b-d813-4394-8e73-aeda5d06a8f2/_dtyrSOnPMMjk9XLfeJHrDmnt-xNH0MtyeBBMF8Q_2.jpg"",""https://static.yeezyunique.ru/batches/6cb9ff7b-d813-4394-8e73-aeda5d06a8f2/_dtyrSOnPMMjk9XLfeJHrDmnt-xNH0MtyeBBMF8Q_3.jpg"",""https://static.yeezyunique.ru/batches/6cb9ff7b-d813-4394-8e73-aeda5d06a8f2/_dtyrSOnPMMjk9XLfeJHrDmnt-xNH0MtyeBBMF8Q_4.jpg"",""https://static.yeezyunique.ru/batches/6cb9ff7b-d813-4394-8e73-aeda5d06a8f2/_dtyrSOnPMMjk9XLfeJHrDmnt-xNH0MtyeBBMF8Q_5.jpg"",""https://static.yeezyunique.ru/batches/6cb9ff7b-d813-4394-8e73-aeda5d06a8f2/_dtyrSOnPMMjk9XLfeJHrDmnt-xNH0MtyeBBMF8Q_6.jpg"",""https://static.yeezyunique.ru/batches/6cb9ff7b-d813-4394-8e73-aeda5d06a8f2/_dtyrSOnPMMjk9XLfeJHrDmnt-xNH0MtyeBBMF8Q_7.jpg"",""https://static.yeezyunique.ru/batches/6cb9ff7b-d813-4394-8e73-aeda5d06a8f2/_dtyrSOnPMMjk9XLfeJHrDmnt-xNH0MtyeBBMF8Q_8.jpg""]";true
_dcYrS1X2iJvudv_mT1v2FdeEGcLOK6ONfmbODsQ;Chanel Туфли;Изысканные туфли из премиальной итальянской лакированной кожи, дополненные фирменной металлической цепочкой. Модель с закрытым носком и открытой пяткой обеспечивает комфорт и элегантность, а устойчивый каблук высотой 9 см подчеркивает утонченность образа.\n\nРазмеры: 35-41.;38000;3wxtez8ckauz7o1;nzg3vsvajpiv1e8;mect3or5ztq64fc;Для женщин;"[""https://static.yeezyunique.ru/batches/6cb9ff7b-d813-4394-8e73-aeda5d06a8f2/_dcYrS1X2iJvudv_mT1v2FdeEGcLOK6ONfmbODsQ_0.jpg"",""https://static.yeezyunique.ru/batches/6cb9ff7b-d813-4394-8e73-aeda5d06a8f2/_dcYrS1X2iJvudv_mT1v2FdeEGcLOK6ONfmbODsQ_1.jpg"",""https://static.yeezyunique.ru/batches/6cb9ff7b-d813-4394-8e73-aeda5d06a8f2/_dcYrS1X2iJvudv_mT1v2FdeEGcLOK6ONfmbODsQ_2.jpg"",""https://static.yeezyunique.ru/batches/6cb9ff7b-d813-4394-8e73-aeda5d06a8f2/_dcYrS1X2iJvudv_mT1v2FdeEGcLOK6ONfmbODsQ_3.jpg"",""https://static.yeezyunique.ru/batches/6cb9ff7b-d813-4394-8e73-aeda5d06a8f2/_dcYrS1X2iJvudv_mT1v2FdeEGcLOK6ONfmbODsQ_4.jpg"",""https://static.yeezyunique.ru/batches/6cb9ff7b-d813-4394-8e73-aeda5d06a8f2/_dcYrS1X2iJvudv_mT1v2FdeEGcLOK6ONfmbODsQ_5.jpg"",""https://static.yeezyunique.ru/batches/6cb9ff7b-d813-4394-8e73-aeda5d06a8f2/_dcYrS1X2iJvudv_mT1v2FdeEGcLOK6ONfmbODsQ_6.jpg"",""https://static.yeezyunique.ru/batches/6cb9ff7b-d813-4394-8e73-aeda5d06a8f2/_dcYrS1X2iJvudv_mT1v2FdeEGcLOK6ONfmbODsQ_7.jpg"",""https://static.yeezyunique.ru/batches/6cb9ff7b-d813-4394-8e73-aeda5d06a8f2/_dcYrS1X2iJvudv_mT1v2FdeEGcLOK6ONfmbODsQ_8.jpg""]";true
_dnjrSHJYaORI9Dv6v_K_ZZWTTZLwd7Lx-7fDHPg;Miu Miu Сандалии;Элегантные сандалии из премиальной итальянской овечьей кожи растительного дубления с изысканной драпировкой. Модель дополнена мягкой подкладкой из натуральной кожи для оптимального комфорта и износостойкой подошвой из термополиуретана.\n\nРазмеры: 35-40.;23000;cn386fag2q87srw;nzg3vsvajpiv1e8;rbf3iprt2z3owjd;Для женщин;"[""https://static.yeezyunique.ru/batches/6cb9ff7b-d813-4394-8e73-aeda5d06a8f2/_dnjrSHJYaORI9Dv6v_K_ZZWTTZLwd7Lx-7fDHPg_0.jpg"",""https://static.yeezyunique.ru/batches/6cb9ff7b-d813-4394-8e73-aeda5d06a8f2/_dnjrSHJYaORI9Dv6v_K_ZZWTTZLwd7Lx-7fDHPg_1.jpg"",""https://static.yeezyunique.ru/batches/6cb9ff7b-d813-4394-8e73-aeda5d06a8f2/_dnjrSHJYaORI9Dv6v_K_ZZWTTZLwd7Lx-7fDHPg_2.jpg"",""https://static.yeezyunique.ru/batches/6cb9ff7b-d813-4394-8e73-aeda5d06a8f2/_dnjrSHJYaORI9Dv6v_K_ZZWTTZLwd7Lx-7fDHPg_3.jpg"",""https://static.yeezyunique.ru/batches/6cb9ff7b-d813-4394-8e73-aeda5d06a8f2/_dnjrSHJYaORI9Dv6v_K_ZZWTTZLwd7Lx-7fDHPg_4.jpg"",""https://static.yeezyunique.ru/batches/6cb9ff7b-d813-4394-8e73-aeda5d06a8f2/_dnjrSHJYaORI9Dv6v_K_ZZWTTZLwd7Lx-7fDHPg_5.jpg"",""https://static.yeezyunique.ru/batches/6cb9ff7b-d813-4394-8e73-aeda5d06a8f2/_dnjrSHJYaORI9Dv6v_K_ZZWTTZLwd7Lx-7fDHPg_6.jpg"",""https://static.yeezyunique.ru/batches/6cb9ff7b-d813-4394-8e73-aeda5d06a8f2/_dnjrSHJYaORI9Dv6v_K_ZZWTTZLwd7Lx-7fDHPg_7.jpg"",""https://static.yeezyunique.ru/batches/6cb9ff7b-d813-4394-8e73-aeda5d06a8f2/_dnjrSHJYaORI9Dv6v_K_ZZWTTZLwd7Lx-7fDHPg_8.jpg""]";true
_dtXrS0THrUMmqhjIi6tJA7tjT7AS4u89mU9LVLw;Miu Miu Сандалии;Элегантные сандалии из премиальной итальянской овечьей кожи растительного дубления с изысканной драпировкой. Модель дополнена мягкой подкладкой из натуральной кожи для максимального комфорта и износостойкой подошвой из термополиуретана.\n\nРазмеры: 35-40.;23000;cn386fag2q87srw;nzg3vsvajpiv1e8;rbf3iprt2z3owjd;Для женщин;"[""https://static.yeezyunique.ru/batches/6cb9ff7b-d813-4394-8e73-aeda5d06a8f2/_dtXrS0THrUMmqhjIi6tJA7tjT7AS4u89mU9LVLw_0.jpg"",""https://static.yeezyunique.ru/batches/6cb9ff7b-d813-4394-8e73-aeda5d06a8f2/_dtXrS0THrUMmqhjIi6tJA7tjT7AS4u89mU9LVLw_1.jpg"",""https://static.yeezyunique.ru/batches/6cb9ff7b-d813-4394-8e73-aeda5d06a8f2/_dtXrS0THrUMmqhjIi6tJA7tjT7AS4u89mU9LVLw_2.jpg"",""https://static.yeezyunique.ru/batches/6cb9ff7b-d813-4394-8e73-aeda5d06a8f2/_dtXrS0THrUMmqhjIi6tJA7tjT7AS4u89mU9LVLw_3.jpg"",""https://static.yeezyunique.ru/batches/6cb9ff7b-d813-4394-8e73-aeda5d06a8f2/_dtXrS0THrUMmqhjIi6tJA7tjT7AS4u89mU9LVLw_4.jpg"",""https://static.yeezyunique.ru/batches/6cb9ff7b-d813-4394-8e73-aeda5d06a8f2/_dtXrS0THrUMmqhjIi6tJA7tjT7AS4u89mU9LVLw_5.jpg"",""https://static.yeezyunique.ru/batches/6cb9ff7b-d813-4394-8e73-aeda5d06a8f2/_dtXrS0THrUMmqhjIi6tJA7tjT7AS4u89mU9LVLw_6.jpg"",""https://static.yeezyunique.ru/batches/6cb9ff7b-d813-4394-8e73-aeda5d06a8f2/_dtXrS0THrUMmqhjIi6tJA7tjT7AS4u89mU9LVLw_7.jpg"",""https://static.yeezyunique.ru/batches/6cb9ff7b-d813-4394-8e73-aeda5d06a8f2/_dtXrS0THrUMmqhjIi6tJA7tjT7AS4u89mU9LVLw_8.jpg""]";true
_dkyrSEcmmBpCX3K-eAem9rt5XmAq3ejVDoS1cxQ;Chanel Кеды;Стильные кеды в классической черно-белой расцветке, идеально подходящие для весеннего образа. Модель выполнена из премиальной импортной замши и прочного текстиля с подкладкой из дышащей сетчатой ткани для максимального комфорта.\n\nРазмеры: 35-40.;23000;3wxtez8ckauz7o1;nzg3vsvajpiv1e8;owi4kqmgzy4veqz;Для женщин;"[""https://static.yeezyunique.ru/batches/6cb9ff7b-d813-4394-8e73-aeda5d06a8f2/_dkyrSEcmmBpCX3K-eAem9rt5XmAq3ejVDoS1cxQ_0.jpg"",""https://static.yeezyunique.ru/batches/6cb9ff7b-d813-4394-8e73-aeda5d06a8f2/_dkyrSEcmmBpCX3K-eAem9rt5XmAq3ejVDoS1cxQ_1.jpg"",""https://static.yeezyunique.ru/batches/6cb9ff7b-d813-4394-8e73-aeda5d06a8f2/_dkyrSEcmmBpCX3K-eAem9rt5XmAq3ejVDoS1cxQ_2.jpg"",""https://static.yeezyunique.ru/batches/6cb9ff7b-d813-4394-8e73-aeda5d06a8f2/_dkyrSEcmmBpCX3K-eAem9rt5XmAq3ejVDoS1cxQ_3.jpg"",""https://static.yeezyunique.ru/batches/6cb9ff7b-d813-4394-8e73-aeda5d06a8f2/_dkyrSEcmmBpCX3K-eAem9rt5XmAq3ejVDoS1cxQ_4.jpg"",""https://static.yeezyunique.ru/batches/6cb9ff7b-d813-4394-8e73-aeda5d06a8f2/_dkyrSEcmmBpCX3K-eAem9rt5XmAq3ejVDoS1cxQ_5.jpg"",""https://static.yeezyunique.ru/batches/6cb9ff7b-d813-4394-8e73-aeda5d06a8f2/_dkyrSEcmmBpCX3K-eAem9rt5XmAq3ejVDoS1cxQ_6.jpg"",""https://static.yeezyunique.ru/batches/6cb9ff7b-d813-4394-8e73-aeda5d06a8f2/_dkyrSEcmmBpCX3K-eAem9rt5XmAq3ejVDoS1cxQ_7.jpg"",""https://static.yeezyunique.ru/batches/6cb9ff7b-d813-4394-8e73-aeda5d06a8f2/_dkyrSEcmmBpCX3K-eAem9rt5XmAq3ejVDoS1cxQ_8.jpg""]";true
_dsnrSoTHMt2q7fpLKI9cT1dCx8Cg-G8hrDcmm-A;Chanel Кеды;Стильные кеды в классической черно-белой расцветке, идеально подходящие для весеннего гардероба. Модель выполнена из премиальной импортной замши и прочного текстиля с подкладкой из дышащей сетчатой ткани для максимального комфорта.\n\nРазмеры: 35-40.;23000;3wxtez8ckauz7o1;nzg3vsvajpiv1e8;owi4kqmgzy4veqz;Для женщин;"[""https://static.yeezyunique.ru/batches/6cb9ff7b-d813-4394-8e73-aeda5d06a8f2/_dsnrSoTHMt2q7fpLKI9cT1dCx8Cg-G8hrDcmm-A_0.jpg"",""https://static.yeezyunique.ru/batches/6cb9ff7b-d813-4394-8e73-aeda5d06a8f2/_dsnrSoTHMt2q7fpLKI9cT1dCx8Cg-G8hrDcmm-A_1.jpg"",""https://static.yeezyunique.ru/batches/6cb9ff7b-d813-4394-8e73-aeda5d06a8f2/_dsnrSoTHMt2q7fpLKI9cT1dCx8Cg-G8hrDcmm-A_2.jpg"",""https://static.yeezyunique.ru/batches/6cb9ff7b-d813-4394-8e73-aeda5d06a8f2/_dsnrSoTHMt2q7fpLKI9cT1dCx8Cg-G8hrDcmm-A_3.jpg"",""https://static.yeezyunique.ru/batches/6cb9ff7b-d813-4394-8e73-aeda5d06a8f2/_dsnrSoTHMt2q7fpLKI9cT1dCx8Cg-G8hrDcmm-A_4.jpg"",""https://static.yeezyunique.ru/batches/6cb9ff7b-d813-4394-8e73-aeda5d06a8f2/_dsnrSoTHMt2q7fpLKI9cT1dCx8Cg-G8hrDcmm-A_5.jpg"",""https://static.yeezyunique.ru/batches/6cb9ff7b-d813-4394-8e73-aeda5d06a8f2/_dsnrSoTHMt2q7fpLKI9cT1dCx8Cg-G8hrDcmm-A_6.jpg"",""https://static.yeezyunique.ru/batches/6cb9ff7b-d813-4394-8e73-aeda5d06a8f2/_dsnrSoTHMt2q7fpLKI9cT1dCx8Cg-G8hrDcmm-A_7.jpg"",""https://static.yeezyunique.ru/batches/6cb9ff7b-d813-4394-8e73-aeda5d06a8f2/_dsnrSoTHMt2q7fpLKI9cT1dCx8Cg-G8hrDcmm-A_8.jpg""]";true
_duHrS81wKgw7gTFIzs_c6yji9SaHlIHPOrWu6Qg;Chanel Шлепанцы;Роскошные шлепанцы из премиальной итальянской кожи ягненка с эффектным металлизированным покрытием и эффектом кракеле. Модель украшена фирменным логотипом с двойной буквой C, выполненным из высококачественной фурнитуры.\n\nРазмеры: 35-41.;23000;3wxtez8ckauz7o1;nzg3vsvajpiv1e8;rbf3iprt2z3owjd;Для женщин;"[""https://static.yeezyunique.ru/batches/6cb9ff7b-d813-4394-8e73-aeda5d06a8f2/_duHrS81wKgw7gTFIzs_c6yji9SaHlIHPOrWu6Qg_0.jpg"",""https://static.yeezyunique.ru/batches/6cb9ff7b-d813-4394-8e73-aeda5d06a8f2/_duHrS81wKgw7gTFIzs_c6yji9SaHlIHPOrWu6Qg_1.jpg"",""https://static.yeezyunique.ru/batches/6cb9ff7b-d813-4394-8e73-aeda5d06a8f2/_duHrS81wKgw7gTFIzs_c6yji9SaHlIHPOrWu6Qg_2.jpg"",""https://static.yeezyunique.ru/batches/6cb9ff7b-d813-4394-8e73-aeda5d06a8f2/_duHrS81wKgw7gTFIzs_c6yji9SaHlIHPOrWu6Qg_3.jpg"",""https://static.yeezyunique.ru/batches/6cb9ff7b-d813-4394-8e73-aeda5d06a8f2/_duHrS81wKgw7gTFIzs_c6yji9SaHlIHPOrWu6Qg_4.jpg"",""https://static.yeezyunique.ru/batches/6cb9ff7b-d813-4394-8e73-aeda5d06a8f2/_duHrS81wKgw7gTFIzs_c6yji9SaHlIHPOrWu6Qg_5.jpg"",""https://static.yeezyunique.ru/batches/6cb9ff7b-d813-4394-8e73-aeda5d06a8f2/_duHrS81wKgw7gTFIzs_c6yji9SaHlIHPOrWu6Qg_6.jpg"",""https://static.yeezyunique.ru/batches/6cb9ff7b-d813-4394-8e73-aeda5d06a8f2/_duHrS81wKgw7gTFIzs_c6yji9SaHlIHPOrWu6Qg_7.jpg"",""https://static.yeezyunique.ru/batches/6cb9ff7b-d813-4394-8e73-aeda5d06a8f2/_duHrS81wKgw7gTFIzs_c6yji9SaHlIHPOrWu6Qg_8.jpg""]";true
_djgrSXRQeaia_iTRxIEvWTxO00K1Ge2m8CrORSw;Chanel Сандалии;Классические пляжные сандалии, выполненные из премиальных импортных материалов и высококачественной итальянской кожи класса А. Идеальный выбор для летнего сезона, сочетающий в себе комфорт и безупречный стиль.\n\nРазмеры: 35-41.;23000;3wxtez8ckauz7o1;nzg3vsvajpiv1e8;rbf3iprt2z3owjd;Для женщин;"[""https://static.yeezyunique.ru/batches/6cb9ff7b-d813-4394-8e73-aeda5d06a8f2/_djgrSXRQeaia_iTRxIEvWTxO00K1Ge2m8CrORSw_0.jpg"",""https://static.yeezyunique.ru/batches/6cb9ff7b-d813-4394-8e73-aeda5d06a8f2/_djgrSXRQeaia_iTRxIEvWTxO00K1Ge2m8CrORSw_1.jpg"",""https://static.yeezyunique.ru/batches/6cb9ff7b-d813-4394-8e73-aeda5d06a8f2/_djgrSXRQeaia_iTRxIEvWTxO00K1Ge2m8CrORSw_2.jpg"",""https://static.yeezyunique.ru/batches/6cb9ff7b-d813-4394-8e73-aeda5d06a8f2/_djgrSXRQeaia_iTRxIEvWTxO00K1Ge2m8CrORSw_3.jpg"",""https://static.yeezyunique.ru/batches/6cb9ff7b-d813-4394-8e73-aeda5d06a8f2/_djgrSXRQeaia_iTRxIEvWTxO00K1Ge2m8CrORSw_4.jpg"",""https://static.yeezyunique.ru/batches/6cb9ff7b-d813-4394-8e73-aeda5d06a8f2/_djgrSXRQeaia_iTRxIEvWTxO00K1Ge2m8CrORSw_5.jpg"",""https://static.yeezyunique.ru/batches/6cb9ff7b-d813-4394-8e73-aeda5d06a8f2/_djgrSXRQeaia_iTRxIEvWTxO00K1Ge2m8CrORSw_6.jpg"",""https://static.yeezyunique.ru/batches/6cb9ff7b-d813-4394-8e73-aeda5d06a8f2/_djgrSXRQeaia_iTRxIEvWTxO00K1Ge2m8CrORSw_7.jpg"",""https://static.yeezyunique.ru/batches/6cb9ff7b-d813-4394-8e73-aeda5d06a8f2/_djgrSXRQeaia_iTRxIEvWTxO00K1Ge2m8CrORSw_8.jpg""]";true
_dp2rSGs6IRmdkdLwiuMF0xxmrq63qniD_qz1Tgg;Chanel Сандалии;Стильные сандалии на платформе с удобной застежкой на липучке, которая идеально корректирует форму стопы. Модель декорирована фирменной фурнитурой с логотипом в виде двойного C и сверкающими кристаллами. Выполнены из высококачественных материалов с легкой и износостойкой подошвой из EVA.\n\nРазмеры: 35-40.;23000;3wxtez8ckauz7o1;nzg3vsvajpiv1e8;rbf3iprt2z3owjd;Для женщин;"[""https://static.yeezyunique.ru/batches/6cb9ff7b-d813-4394-8e73-aeda5d06a8f2/_dp2rSGs6IRmdkdLwiuMF0xxmrq63qniD_qz1Tgg_0.jpg"",""https://static.yeezyunique.ru/batches/6cb9ff7b-d813-4394-8e73-aeda5d06a8f2/_dp2rSGs6IRmdkdLwiuMF0xxmrq63qniD_qz1Tgg_1.jpg"",""https://static.yeezyunique.ru/batches/6cb9ff7b-d813-4394-8e73-aeda5d06a8f2/_dp2rSGs6IRmdkdLwiuMF0xxmrq63qniD_qz1Tgg_2.jpg"",""https://static.yeezyunique.ru/batches/6cb9ff7b-d813-4394-8e73-aeda5d06a8f2/_dp2rSGs6IRmdkdLwiuMF0xxmrq63qniD_qz1Tgg_3.jpg"",""https://static.yeezyunique.ru/batches/6cb9ff7b-d813-4394-8e73-aeda5d06a8f2/_dp2rSGs6IRmdkdLwiuMF0xxmrq63qniD_qz1Tgg_4.jpg"",""https://static.yeezyunique.ru/batches/6cb9ff7b-d813-4394-8e73-aeda5d06a8f2/_dp2rSGs6IRmdkdLwiuMF0xxmrq63qniD_qz1Tgg_5.jpg"",""https://static.yeezyunique.ru/batches/6cb9ff7b-d813-4394-8e73-aeda5d06a8f2/_dp2rSGs6IRmdkdLwiuMF0xxmrq63qniD_qz1Tgg_6.jpg"",""https://static.yeezyunique.ru/batches/6cb9ff7b-d813-4394-8e73-aeda5d06a8f2/_dp2rSGs6IRmdkdLwiuMF0xxmrq63qniD_qz1Tgg_7.jpg"",""https://static.yeezyunique.ru/batches/6cb9ff7b-d813-4394-8e73-aeda5d06a8f2/_dp2rSGs6IRmdkdLwiuMF0xxmrq63qniD_qz1Tgg_8.jpg""]";true
_dqprSFGdbPbMVSeQX2u-7e8Ak3lslcC3OLCno_Q;Chanel Сандалии;Стильные сандалии на платформе с удобной застежкой на липучке, которая идеально корректирует форму стопы. Модель декорирована фирменной фурнитурой с логотипом в виде двойного C и сверкающими кристаллами. Выполнены из высококачественных материалов с легкой и износостойкой подошвой из EVA.\n\nРазмеры: 35-40.;23000;3wxtez8ckauz7o1;nzg3vsvajpiv1e8;rbf3iprt2z3owjd;Для женщин;"[""https://static.yeezyunique.ru/batches/6cb9ff7b-d813-4394-8e73-aeda5d06a8f2/_dqprSFGdbPbMVSeQX2u-7e8Ak3lslcC3OLCno_Q_0.jpg"",""https://static.yeezyunique.ru/batches/6cb9ff7b-d813-4394-8e73-aeda5d06a8f2/_dqprSFGdbPbMVSeQX2u-7e8Ak3lslcC3OLCno_Q_1.jpg"",""https://static.yeezyunique.ru/batches/6cb9ff7b-d813-4394-8e73-aeda5d06a8f2/_dqprSFGdbPbMVSeQX2u-7e8Ak3lslcC3OLCno_Q_2.jpg"",""https://static.yeezyunique.ru/batches/6cb9ff7b-d813-4394-8e73-aeda5d06a8f2/_dqprSFGdbPbMVSeQX2u-7e8Ak3lslcC3OLCno_Q_3.jpg"",""https://static.yeezyunique.ru/batches/6cb9ff7b-d813-4394-8e73-aeda5d06a8f2/_dqprSFGdbPbMVSeQX2u-7e8Ak3lslcC3OLCno_Q_4.jpg"",""https://static.yeezyunique.ru/batches/6cb9ff7b-d813-4394-8e73-aeda5d06a8f2/_dqprSFGdbPbMVSeQX2u-7e8Ak3lslcC3OLCno_Q_5.jpg"",""https://static.yeezyunique.ru/batches/6cb9ff7b-d813-4394-8e73-aeda5d06a8f2/_dqprSFGdbPbMVSeQX2u-7e8Ak3lslcC3OLCno_Q_6.jpg"",""https://static.yeezyunique.ru/batches/6cb9ff7b-d813-4394-8e73-aeda5d06a8f2/_dqprSFGdbPbMVSeQX2u-7e8Ak3lslcC3OLCno_Q_7.jpg"",""https://static.yeezyunique.ru/batches/6cb9ff7b-d813-4394-8e73-aeda5d06a8f2/_dqprSFGdbPbMVSeQX2u-7e8Ak3lslcC3OLCno_Q_8.jpg""]";true
_dsprSmvLF9kj3lWg5WxAZy5pQ9P2QgGOphDLl3A;Chanel Сандалии;Классические пляжные сандалии, выполненные из премиальных импортных материалов и высококачественной итальянской кожи класса А. Идеально подходят для летнего сезона благодаря универсальному дизайну и безупречному качеству исполнения.\n\nРазмеры: 35-41.;23000;3wxtez8ckauz7o1;nzg3vsvajpiv1e8;rbf3iprt2z3owjd;Для женщин;"[""https://static.yeezyunique.ru/batches/6cb9ff7b-d813-4394-8e73-aeda5d06a8f2/_dsprSmvLF9kj3lWg5WxAZy5pQ9P2QgGOphDLl3A_0.jpg"",""https://static.yeezyunique.ru/batches/6cb9ff7b-d813-4394-8e73-aeda5d06a8f2/_dsprSmvLF9kj3lWg5WxAZy5pQ9P2QgGOphDLl3A_1.jpg"",""https://static.yeezyunique.ru/batches/6cb9ff7b-d813-4394-8e73-aeda5d06a8f2/_dsprSmvLF9kj3lWg5WxAZy5pQ9P2QgGOphDLl3A_2.jpg"",""https://static.yeezyunique.ru/batches/6cb9ff7b-d813-4394-8e73-aeda5d06a8f2/_dsprSmvLF9kj3lWg5WxAZy5pQ9P2QgGOphDLl3A_3.jpg"",""https://static.yeezyunique.ru/batches/6cb9ff7b-d813-4394-8e73-aeda5d06a8f2/_dsprSmvLF9kj3lWg5WxAZy5pQ9P2QgGOphDLl3A_4.jpg"",""https://static.yeezyunique.ru/batches/6cb9ff7b-d813-4394-8e73-aeda5d06a8f2/_dsprSmvLF9kj3lWg5WxAZy5pQ9P2QgGOphDLl3A_5.jpg"",""https://static.yeezyunique.ru/batches/6cb9ff7b-d813-4394-8e73-aeda5d06a8f2/_dsprSmvLF9kj3lWg5WxAZy5pQ9P2QgGOphDLl3A_6.jpg"",""https://static.yeezyunique.ru/batches/6cb9ff7b-d813-4394-8e73-aeda5d06a8f2/_dsprSmvLF9kj3lWg5WxAZy5pQ9P2QgGOphDLl3A_7.jpg"",""https://static.yeezyunique.ru/batches/6cb9ff7b-d813-4394-8e73-aeda5d06a8f2/_dsprSmvLF9kj3lWg5WxAZy5pQ9P2QgGOphDLl3A_8.jpg""]";true
_dxNrSE-RHTSR1Qu3v7Oft56rKkjvM7PP-A2ruRQ;Chanel Шлепанцы;Классические пляжные шлепанцы от Chanel, выполненные из премиальной импортной вощеной кожи. Модель отличается безупречным качеством исполнения и универсальным дизайном, который идеально дополнит летний гардероб.\n\nРазмеры: 35-41.;23000;3wxtez8ckauz7o1;nzg3vsvajpiv1e8;rbf3iprt2z3owjd;Для женщин;"[""https://static.yeezyunique.ru/batches/6cb9ff7b-d813-4394-8e73-aeda5d06a8f2/_dxNrSE-RHTSR1Qu3v7Oft56rKkjvM7PP-A2ruRQ_0.jpg"",""https://static.yeezyunique.ru/batches/6cb9ff7b-d813-4394-8e73-aeda5d06a8f2/_dxNrSE-RHTSR1Qu3v7Oft56rKkjvM7PP-A2ruRQ_1.jpg"",""https://static.yeezyunique.ru/batches/6cb9ff7b-d813-4394-8e73-aeda5d06a8f2/_dxNrSE-RHTSR1Qu3v7Oft56rKkjvM7PP-A2ruRQ_2.jpg"",""https://static.yeezyunique.ru/batches/6cb9ff7b-d813-4394-8e73-aeda5d06a8f2/_dxNrSE-RHTSR1Qu3v7Oft56rKkjvM7PP-A2ruRQ_3.jpg"",""https://static.yeezyunique.ru/batches/6cb9ff7b-d813-4394-8e73-aeda5d06a8f2/_dxNrSE-RHTSR1Qu3v7Oft56rKkjvM7PP-A2ruRQ_4.jpg"",""https://static.yeezyunique.ru/batches/6cb9ff7b-d813-4394-8e73-aeda5d06a8f2/_dxNrSE-RHTSR1Qu3v7Oft56rKkjvM7PP-A2ruRQ_5.jpg"",""https://static.yeezyunique.ru/batches/6cb9ff7b-d813-4394-8e73-aeda5d06a8f2/_dxNrSE-RHTSR1Qu3v7Oft56rKkjvM7PP-A2ruRQ_6.jpg"",""https://static.yeezyunique.ru/batches/6cb9ff7b-d813-4394-8e73-aeda5d06a8f2/_dxNrSE-RHTSR1Qu3v7Oft56rKkjvM7PP-A2ruRQ_7.jpg"",""https://static.yeezyunique.ru/batches/6cb9ff7b-d813-4394-8e73-aeda5d06a8f2/_dxNrSE-RHTSR1Qu3v7Oft56rKkjvM7PP-A2ruRQ_8.jpg""]";true
_d9prShZ0lYvbmV0VTHw2eUB8M2CDQJibSCNd-UA;Chanel Шлепанцы;Классические пляжные шлепанцы от Chanel. Модель выполнена из премиальной импортной кожи ягненка высшего качества, обеспечивающей непревзойденный комфорт и долговечность.\n\nРазмеры: 35-41.;23000;3wxtez8ckauz7o1;nzg3vsvajpiv1e8;rbf3iprt2z3owjd;Для женщин;"[""https://static.yeezyunique.ru/batches/6cb9ff7b-d813-4394-8e73-aeda5d06a8f2/_d9prShZ0lYvbmV0VTHw2eUB8M2CDQJibSCNd-UA_0.jpg"",""https://static.yeezyunique.ru/batches/6cb9ff7b-d813-4394-8e73-aeda5d06a8f2/_d9prShZ0lYvbmV0VTHw2eUB8M2CDQJibSCNd-UA_1.jpg"",""https://static.yeezyunique.ru/batches/6cb9ff7b-d813-4394-8e73-aeda5d06a8f2/_d9prShZ0lYvbmV0VTHw2eUB8M2CDQJibSCNd-UA_2.jpg"",""https://static.yeezyunique.ru/batches/6cb9ff7b-d813-4394-8e73-aeda5d06a8f2/_d9prShZ0lYvbmV0VTHw2eUB8M2CDQJibSCNd-UA_3.jpg"",""https://static.yeezyunique.ru/batches/6cb9ff7b-d813-4394-8e73-aeda5d06a8f2/_d9prShZ0lYvbmV0VTHw2eUB8M2CDQJibSCNd-UA_4.jpg"",""https://static.yeezyunique.ru/batches/6cb9ff7b-d813-4394-8e73-aeda5d06a8f2/_d9prShZ0lYvbmV0VTHw2eUB8M2CDQJibSCNd-UA_5.jpg"",""https://static.yeezyunique.ru/batches/6cb9ff7b-d813-4394-8e73-aeda5d06a8f2/_d9prShZ0lYvbmV0VTHw2eUB8M2CDQJibSCNd-UA_6.jpg"",""https://static.yeezyunique.ru/batches/6cb9ff7b-d813-4394-8e73-aeda5d06a8f2/_d9prShZ0lYvbmV0VTHw2eUB8M2CDQJibSCNd-UA_7.jpg"",""https://static.yeezyunique.ru/batches/6cb9ff7b-d813-4394-8e73-aeda5d06a8f2/_d9prShZ0lYvbmV0VTHw2eUB8M2CDQJibSCNd-UA_8.jpg""]";true
_dl6rSxJz1KsW9hqehHy-0w8A74DzPyamBFkxVlw;Chanel Сандалии;Классические пляжные сандалии, выполненные из премиальной импортной вощеной телячьей кожи. Модель отличается высоким качеством исполнения и универсальным дизайном, идеально подходящим для летнего гардероба.\n\nРазмеры: 35-41.;23000;3wxtez8ckauz7o1;nzg3vsvajpiv1e8;rbf3iprt2z3owjd;Для женщин;"[""https://static.yeezyunique.ru/batches/6cb9ff7b-d813-4394-8e73-aeda5d06a8f2/_dl6rSxJz1KsW9hqehHy-0w8A74DzPyamBFkxVlw_0.jpg"",""https://static.yeezyunique.ru/batches/6cb9ff7b-d813-4394-8e73-aeda5d06a8f2/_dl6rSxJz1KsW9hqehHy-0w8A74DzPyamBFkxVlw_1.jpg"",""https://static.yeezyunique.ru/batches/6cb9ff7b-d813-4394-8e73-aeda5d06a8f2/_dl6rSxJz1KsW9hqehHy-0w8A74DzPyamBFkxVlw_2.jpg"",""https://static.yeezyunique.ru/batches/6cb9ff7b-d813-4394-8e73-aeda5d06a8f2/_dl6rSxJz1KsW9hqehHy-0w8A74DzPyamBFkxVlw_3.jpg"",""https://static.yeezyunique.ru/batches/6cb9ff7b-d813-4394-8e73-aeda5d06a8f2/_dl6rSxJz1KsW9hqehHy-0w8A74DzPyamBFkxVlw_4.jpg"",""https://static.yeezyunique.ru/batches/6cb9ff7b-d813-4394-8e73-aeda5d06a8f2/_dl6rSxJz1KsW9hqehHy-0w8A74DzPyamBFkxVlw_5.jpg"",""https://static.yeezyunique.ru/batches/6cb9ff7b-d813-4394-8e73-aeda5d06a8f2/_dl6rSxJz1KsW9hqehHy-0w8A74DzPyamBFkxVlw_6.jpg"",""https://static.yeezyunique.ru/batches/6cb9ff7b-d813-4394-8e73-aeda5d06a8f2/_dl6rSxJz1KsW9hqehHy-0w8A74DzPyamBFkxVlw_7.jpg"",""https://static.yeezyunique.ru/batches/6cb9ff7b-d813-4394-8e73-aeda5d06a8f2/_dl6rSxJz1KsW9hqehHy-0w8A74DzPyamBFkxVlw_8.jpg""]";true
_d9KrSJcbh8WQ5-ssdF5gw7twjrB6edC5Vn-emPQ;Chanel Сандалии;Классические пляжные сандалии, выполненные из премиальной импортной вощеной телячьей кожи. Модель отличается высоким качеством исполнения и универсальным дизайном, идеально подходящим для летнего гардероба.\n\nРазмеры: 35-41.;23000;3wxtez8ckauz7o1;nzg3vsvajpiv1e8;rbf3iprt2z3owjd;Для женщин;"[""https://static.yeezyunique.ru/batches/6cb9ff7b-d813-4394-8e73-aeda5d06a8f2/_d9KrSJcbh8WQ5-ssdF5gw7twjrB6edC5Vn-emPQ_0.jpg"",""https://static.yeezyunique.ru/batches/6cb9ff7b-d813-4394-8e73-aeda5d06a8f2/_d9KrSJcbh8WQ5-ssdF5gw7twjrB6edC5Vn-emPQ_1.jpg"",""https://static.yeezyunique.ru/batches/6cb9ff7b-d813-4394-8e73-aeda5d06a8f2/_d9KrSJcbh8WQ5-ssdF5gw7twjrB6edC5Vn-emPQ_2.jpg"",""https://static.yeezyunique.ru/batches/6cb9ff7b-d813-4394-8e73-aeda5d06a8f2/_d9KrSJcbh8WQ5-ssdF5gw7twjrB6edC5Vn-emPQ_3.jpg"",""https://static.yeezyunique.ru/batches/6cb9ff7b-d813-4394-8e73-aeda5d06a8f2/_d9KrSJcbh8WQ5-ssdF5gw7twjrB6edC5Vn-emPQ_4.jpg"",""https://static.yeezyunique.ru/batches/6cb9ff7b-d813-4394-8e73-aeda5d06a8f2/_d9KrSJcbh8WQ5-ssdF5gw7twjrB6edC5Vn-emPQ_5.jpg"",""https://static.yeezyunique.ru/batches/6cb9ff7b-d813-4394-8e73-aeda5d06a8f2/_d9KrSJcbh8WQ5-ssdF5gw7twjrB6edC5Vn-emPQ_6.jpg"",""https://static.yeezyunique.ru/batches/6cb9ff7b-d813-4394-8e73-aeda5d06a8f2/_d9KrSJcbh8WQ5-ssdF5gw7twjrB6edC5Vn-emPQ_7.jpg"",""https://static.yeezyunique.ru/batches/6cb9ff7b-d813-4394-8e73-aeda5d06a8f2/_d9KrSJcbh8WQ5-ssdF5gw7twjrB6edC5Vn-emPQ_8.jpg""]";true
_dmVrSoHPW2W_9tSfsLxznVxdUC00ARPsQ2lXs3g;Chanel Тапки;Классические пляжные тапки от Chanel, выполненные из премиальной импортной вощеной телячьей кожи. Модель отличается безупречным качеством исполнения и универсальным дизайном, идеально подходящим для летнего сезона.\n\nРазмеры: 35-41.;23000;3wxtez8ckauz7o1;nzg3vsvajpiv1e8;rbf3iprt2z3owjd;Для женщин;"[""https://static.yeezyunique.ru/batches/6cb9ff7b-d813-4394-8e73-aeda5d06a8f2/_dmVrSoHPW2W_9tSfsLxznVxdUC00ARPsQ2lXs3g_0.jpg"",""https://static.yeezyunique.ru/batches/6cb9ff7b-d813-4394-8e73-aeda5d06a8f2/_dmVrSoHPW2W_9tSfsLxznVxdUC00ARPsQ2lXs3g_1.jpg"",""https://static.yeezyunique.ru/batches/6cb9ff7b-d813-4394-8e73-aeda5d06a8f2/_dmVrSoHPW2W_9tSfsLxznVxdUC00ARPsQ2lXs3g_2.jpg"",""https://static.yeezyunique.ru/batches/6cb9ff7b-d813-4394-8e73-aeda5d06a8f2/_dmVrSoHPW2W_9tSfsLxznVxdUC00ARPsQ2lXs3g_3.jpg"",""https://static.yeezyunique.ru/batches/6cb9ff7b-d813-4394-8e73-aeda5d06a8f2/_dmVrSoHPW2W_9tSfsLxznVxdUC00ARPsQ2lXs3g_4.jpg"",""https://static.yeezyunique.ru/batches/6cb9ff7b-d813-4394-8e73-aeda5d06a8f2/_dmVrSoHPW2W_9tSfsLxznVxdUC00ARPsQ2lXs3g_5.jpg"",""https://static.yeezyunique.ru/batches/6cb9ff7b-d813-4394-8e73-aeda5d06a8f2/_dmVrSoHPW2W_9tSfsLxznVxdUC00ARPsQ2lXs3g_6.jpg"",""https://static.yeezyunique.ru/batches/6cb9ff7b-d813-4394-8e73-aeda5d06a8f2/_dmVrSoHPW2W_9tSfsLxznVxdUC00ARPsQ2lXs3g_7.jpg"",""https://static.yeezyunique.ru/batches/6cb9ff7b-d813-4394-8e73-aeda5d06a8f2/_dmVrSoHPW2W_9tSfsLxznVxdUC00ARPsQ2lXs3g_8.jpg""]";true
_dxNrSE-RHTSV1Qu_v7e3q4KzPlz_N7PP-A2ruRQ;Chanel Тапки;Классические пляжные тапки от Chanel, выполненные из премиальной импортной вощеной телячьей кожи. Модель отличается безупречным качеством исполнения и универсальным дизайном, идеально подходящим для летнего сезона.\n\nРазмеры: 35-41.;23000;3wxtez8ckauz7o1;nzg3vsvajpiv1e8;rbf3iprt2z3owjd;Для женщин;"[""https://static.yeezyunique.ru/batches/6cb9ff7b-d813-4394-8e73-aeda5d06a8f2/_dxNrSE-RHTSV1Qu_v7e3q4KzPlz_N7PP-A2ruRQ_0.jpg"",""https://static.yeezyunique.ru/batches/6cb9ff7b-d813-4394-8e73-aeda5d06a8f2/_dxNrSE-RHTSV1Qu_v7e3q4KzPlz_N7PP-A2ruRQ_1.jpg"",""https://static.yeezyunique.ru/batches/6cb9ff7b-d813-4394-8e73-aeda5d06a8f2/_dxNrSE-RHTSV1Qu_v7e3q4KzPlz_N7PP-A2ruRQ_2.jpg"",""https://static.yeezyunique.ru/batches/6cb9ff7b-d813-4394-8e73-aeda5d06a8f2/_dxNrSE-RHTSV1Qu_v7e3q4KzPlz_N7PP-A2ruRQ_3.jpg"",""https://static.yeezyunique.ru/batches/6cb9ff7b-d813-4394-8e73-aeda5d06a8f2/_dxNrSE-RHTSV1Qu_v7e3q4KzPlz_N7PP-A2ruRQ_4.jpg"",""https://static.yeezyunique.ru/batches/6cb9ff7b-d813-4394-8e73-aeda5d06a8f2/_dxNrSE-RHTSV1Qu_v7e3q4KzPlz_N7PP-A2ruRQ_5.jpg"",""https://static.yeezyunique.ru/batches/6cb9ff7b-d813-4394-8e73-aeda5d06a8f2/_dxNrSE-RHTSV1Qu_v7e3q4KzPlz_N7PP-A2ruRQ_6.jpg"",""https://static.yeezyunique.ru/batches/6cb9ff7b-d813-4394-8e73-aeda5d06a8f2/_dxNrSE-RHTSV1Qu_v7e3q4KzPlz_N7PP-A2ruRQ_7.jpg"",""https://static.yeezyunique.ru/batches/6cb9ff7b-d813-4394-8e73-aeda5d06a8f2/_dxNrSE-RHTSV1Qu_v7e3q4KzPlz_N7PP-A2ruRQ_8.jpg""]";true
_dcJrSv1LrKe1TOCgLY1AAoJQG_ytJem3l8uIKNQ;Chanel Сандалии;Классические пляжные сандалии, выполненные из премиальных импортных материалов и высококачественной итальянской кожи класса А. Идеально сочетаются с любым летним образом, обеспечивая комфорт и безупречный стиль.\n\nРазмеры: 35-41.;23000;3wxtez8ckauz7o1;nzg3vsvajpiv1e8;rbf3iprt2z3owjd;Для женщин;"[""https://static.yeezyunique.ru/batches/6cb9ff7b-d813-4394-8e73-aeda5d06a8f2/_dcJrSv1LrKe1TOCgLY1AAoJQG_ytJem3l8uIKNQ_0.jpg"",""https://static.yeezyunique.ru/batches/6cb9ff7b-d813-4394-8e73-aeda5d06a8f2/_dcJrSv1LrKe1TOCgLY1AAoJQG_ytJem3l8uIKNQ_1.jpg"",""https://static.yeezyunique.ru/batches/6cb9ff7b-d813-4394-8e73-aeda5d06a8f2/_dcJrSv1LrKe1TOCgLY1AAoJQG_ytJem3l8uIKNQ_2.jpg"",""https://static.yeezyunique.ru/batches/6cb9ff7b-d813-4394-8e73-aeda5d06a8f2/_dcJrSv1LrKe1TOCgLY1AAoJQG_ytJem3l8uIKNQ_3.jpg"",""https://static.yeezyunique.ru/batches/6cb9ff7b-d813-4394-8e73-aeda5d06a8f2/_dcJrSv1LrKe1TOCgLY1AAoJQG_ytJem3l8uIKNQ_4.jpg"",""https://static.yeezyunique.ru/batches/6cb9ff7b-d813-4394-8e73-aeda5d06a8f2/_dcJrSv1LrKe1TOCgLY1AAoJQG_ytJem3l8uIKNQ_5.jpg"",""https://static.yeezyunique.ru/batches/6cb9ff7b-d813-4394-8e73-aeda5d06a8f2/_dcJrSv1LrKe1TOCgLY1AAoJQG_ytJem3l8uIKNQ_6.jpg"",""https://static.yeezyunique.ru/batches/6cb9ff7b-d813-4394-8e73-aeda5d06a8f2/_dcJrSv1LrKe1TOCgLY1AAoJQG_ytJem3l8uIKNQ_7.jpg"",""https://static.yeezyunique.ru/batches/6cb9ff7b-d813-4394-8e73-aeda5d06a8f2/_dcJrSv1LrKe1TOCgLY1AAoJQG_ytJem3l8uIKNQ_8.jpg""]";true
_duErSrTvnGNBi7km4UyDZnD_Uo_E1SYpmfWe1XQ;Chanel Сандалии;Классические пляжные сандалии, выполненные из премиальных импортных материалов и высококачественной итальянской кожи класса А. Идеальная модель для летнего сезона, отличающаяся безупречным качеством исполнения и универсальным дизайном.\n\nРазмеры: 35-41.;23000;3wxtez8ckauz7o1;nzg3vsvajpiv1e8;rbf3iprt2z3owjd;Для женщин;"[""https://static.yeezyunique.ru/batches/6cb9ff7b-d813-4394-8e73-aeda5d06a8f2/_duErSrTvnGNBi7km4UyDZnD_Uo_E1SYpmfWe1XQ_0.jpg"",""https://static.yeezyunique.ru/batches/6cb9ff7b-d813-4394-8e73-aeda5d06a8f2/_duErSrTvnGNBi7km4UyDZnD_Uo_E1SYpmfWe1XQ_1.jpg"",""https://static.yeezyunique.ru/batches/6cb9ff7b-d813-4394-8e73-aeda5d06a8f2/_duErSrTvnGNBi7km4UyDZnD_Uo_E1SYpmfWe1XQ_2.jpg"",""https://static.yeezyunique.ru/batches/6cb9ff7b-d813-4394-8e73-aeda5d06a8f2/_duErSrTvnGNBi7km4UyDZnD_Uo_E1SYpmfWe1XQ_3.jpg"",""https://static.yeezyunique.ru/batches/6cb9ff7b-d813-4394-8e73-aeda5d06a8f2/_duErSrTvnGNBi7km4UyDZnD_Uo_E1SYpmfWe1XQ_4.jpg"",""https://static.yeezyunique.ru/batches/6cb9ff7b-d813-4394-8e73-aeda5d06a8f2/_duErSrTvnGNBi7km4UyDZnD_Uo_E1SYpmfWe1XQ_5.jpg"",""https://static.yeezyunique.ru/batches/6cb9ff7b-d813-4394-8e73-aeda5d06a8f2/_duErSrTvnGNBi7km4UyDZnD_Uo_E1SYpmfWe1XQ_6.jpg"",""https://static.yeezyunique.ru/batches/6cb9ff7b-d813-4394-8e73-aeda5d06a8f2/_duErSrTvnGNBi7km4UyDZnD_Uo_E1SYpmfWe1XQ_7.jpg"",""https://static.yeezyunique.ru/batches/6cb9ff7b-d813-4394-8e73-aeda5d06a8f2/_duErSrTvnGNBi7km4UyDZnD_Uo_E1SYpmfWe1XQ_8.jpg""]";true
_duHrS81wKgw7gTFIys_Q_xT--SaXjIHPOrWu6Qg;Maison Margiela Балетки;Элегантные балетки Tabi Mary Jane от Maison Margiela, выполненные из мягкой итальянской полнозернистой кожи ягненка. Модель отличается фирменным разделенным носком и дополнена подкладкой из натуральной кожи для непревзойденного комфорта.\n\nРазмеры: 35-40.;23000;j2146e3hgo0c6z7;nzg3vsvajpiv1e8;gquuvxk7z0ik5jn;Для женщин;"[""https://static.yeezyunique.ru/batches/6cb9ff7b-d813-4394-8e73-aeda5d06a8f2/_duHrS81wKgw7gTFIys_Q_xT--SaXjIHPOrWu6Qg_0.jpg"",""https://static.yeezyunique.ru/batches/6cb9ff7b-d813-4394-8e73-aeda5d06a8f2/_duHrS81wKgw7gTFIys_Q_xT--SaXjIHPOrWu6Qg_1.jpg"",""https://static.yeezyunique.ru/batches/6cb9ff7b-d813-4394-8e73-aeda5d06a8f2/_duHrS81wKgw7gTFIys_Q_xT--SaXjIHPOrWu6Qg_2.jpg"",""https://static.yeezyunique.ru/batches/6cb9ff7b-d813-4394-8e73-aeda5d06a8f2/_duHrS81wKgw7gTFIys_Q_xT--SaXjIHPOrWu6Qg_3.jpg"",""https://static.yeezyunique.ru/batches/6cb9ff7b-d813-4394-8e73-aeda5d06a8f2/_duHrS81wKgw7gTFIys_Q_xT--SaXjIHPOrWu6Qg_4.jpg"",""https://static.yeezyunique.ru/batches/6cb9ff7b-d813-4394-8e73-aeda5d06a8f2/_duHrS81wKgw7gTFIys_Q_xT--SaXjIHPOrWu6Qg_5.jpg"",""https://static.yeezyunique.ru/batches/6cb9ff7b-d813-4394-8e73-aeda5d06a8f2/_duHrS81wKgw7gTFIys_Q_xT--SaXjIHPOrWu6Qg_6.jpg"",""https://static.yeezyunique.ru/batches/6cb9ff7b-d813-4394-8e73-aeda5d06a8f2/_duHrS81wKgw7gTFIys_Q_xT--SaXjIHPOrWu6Qg_7.jpg"",""https://static.yeezyunique.ru/batches/6cb9ff7b-d813-4394-8e73-aeda5d06a8f2/_duHrS81wKgw7gTFIys_Q_xT--SaXjIHPOrWu6Qg_8.jpg""]";true
_dhErSY54uwAXCEJKvpW9co50ho4SrhL6SP47iIQ;Maison Margiela Туфли Tabi;Элегантные туфли Мэри-Джейн с культовым раздвоенным носком Tabi. Модель выполнена из мягкой итальянской овчины с подкладкой из натуральной кожи ягненка и дополнена премиальной кожаной подошвой.\n\nРазмеры: 35-40.;23000;j2146e3hgo0c6z7;nzg3vsvajpiv1e8;mect3or5ztq64fc;Для женщин;"[""https://static.yeezyunique.ru/batches/6cb9ff7b-d813-4394-8e73-aeda5d06a8f2/_dhErSY54uwAXCEJKvpW9co50ho4SrhL6SP47iIQ_0.jpg"",""https://static.yeezyunique.ru/batches/6cb9ff7b-d813-4394-8e73-aeda5d06a8f2/_dhErSY54uwAXCEJKvpW9co50ho4SrhL6SP47iIQ_1.jpg"",""https://static.yeezyunique.ru/batches/6cb9ff7b-d813-4394-8e73-aeda5d06a8f2/_dhErSY54uwAXCEJKvpW9co50ho4SrhL6SP47iIQ_2.jpg"",""https://static.yeezyunique.ru/batches/6cb9ff7b-d813-4394-8e73-aeda5d06a8f2/_dhErSY54uwAXCEJKvpW9co50ho4SrhL6SP47iIQ_3.jpg"",""https://static.yeezyunique.ru/batches/6cb9ff7b-d813-4394-8e73-aeda5d06a8f2/_dhErSY54uwAXCEJKvpW9co50ho4SrhL6SP47iIQ_4.jpg"",""https://static.yeezyunique.ru/batches/6cb9ff7b-d813-4394-8e73-aeda5d06a8f2/_dhErSY54uwAXCEJKvpW9co50ho4SrhL6SP47iIQ_5.jpg"",""https://static.yeezyunique.ru/batches/6cb9ff7b-d813-4394-8e73-aeda5d06a8f2/_dhErSY54uwAXCEJKvpW9co50ho4SrhL6SP47iIQ_6.jpg"",""https://static.yeezyunique.ru/batches/6cb9ff7b-d813-4394-8e73-aeda5d06a8f2/_dhErSY54uwAXCEJKvpW9co50ho4SrhL6SP47iIQ_7.jpg"",""https://static.yeezyunique.ru/batches/6cb9ff7b-d813-4394-8e73-aeda5d06a8f2/_dhErSY54uwAXCEJKvpW9co50ho4SrhL6SP47iIQ_8.jpg""]";true
_drXrSeDR975SanAuKxIP9IAHI8TrYsn3cefzBhw;Dior Мюли;Элегантные мюли из весенне-летней коллекции, украшенные винтажной вышивкой с логотипом бренда. Модель выполнена с использованием высокоплотной вышивки, дополнена мягкой стелькой из кожи ягненка и прочной подошвой из натуральной итальянской кожи.\n\nРазмеры: 35-42.;23000;ivacgwvpdne0t35;nzg3vsvajpiv1e8;mect3or5ztq64fc;Унисекс;"[""https://static.yeezyunique.ru/batches/6cb9ff7b-d813-4394-8e73-aeda5d06a8f2/_drXrSeDR975SanAuKxIP9IAHI8TrYsn3cefzBhw_0.jpg"",""https://static.yeezyunique.ru/batches/6cb9ff7b-d813-4394-8e73-aeda5d06a8f2/_drXrSeDR975SanAuKxIP9IAHI8TrYsn3cefzBhw_1.jpg"",""https://static.yeezyunique.ru/batches/6cb9ff7b-d813-4394-8e73-aeda5d06a8f2/_drXrSeDR975SanAuKxIP9IAHI8TrYsn3cefzBhw_2.jpg"",""https://static.yeezyunique.ru/batches/6cb9ff7b-d813-4394-8e73-aeda5d06a8f2/_drXrSeDR975SanAuKxIP9IAHI8TrYsn3cefzBhw_3.jpg"",""https://static.yeezyunique.ru/batches/6cb9ff7b-d813-4394-8e73-aeda5d06a8f2/_drXrSeDR975SanAuKxIP9IAHI8TrYsn3cefzBhw_4.jpg"",""https://static.yeezyunique.ru/batches/6cb9ff7b-d813-4394-8e73-aeda5d06a8f2/_drXrSeDR975SanAuKxIP9IAHI8TrYsn3cefzBhw_5.jpg"",""https://static.yeezyunique.ru/batches/6cb9ff7b-d813-4394-8e73-aeda5d06a8f2/_drXrSeDR975SanAuKxIP9IAHI8TrYsn3cefzBhw_6.jpg"",""https://static.yeezyunique.ru/batches/6cb9ff7b-d813-4394-8e73-aeda5d06a8f2/_drXrSeDR975SanAuKxIP9IAHI8TrYsn3cefzBhw_7.jpg"",""https://static.yeezyunique.ru/batches/6cb9ff7b-d813-4394-8e73-aeda5d06a8f2/_drXrSeDR975SanAuKxIP9IAHI8TrYsn3cefzBhw_8.jpg""]";true
_dovrSJpCJAnZS38GN3OHOyxe-v8BiEEwMdrNGgQ;Dior Мюли;Элегантные мюли из весенне-летней коллекции, украшенные винтажной вышивкой с логотипом бренда. Модель выполнена с использованием высокоплотной вышивки, дополнена мягкой стелькой из кожи ягненка и прочной подошвой из натуральной итальянской кожи.\n\nРазмеры: 35-42.;23000;ivacgwvpdne0t35;nzg3vsvajpiv1e8;mect3or5ztq64fc;Унисекс;"[""https://static.yeezyunique.ru/batches/6cb9ff7b-d813-4394-8e73-aeda5d06a8f2/_dovrSJpCJAnZS38GN3OHOyxe-v8BiEEwMdrNGgQ_0.jpg"",""https://static.yeezyunique.ru/batches/6cb9ff7b-d813-4394-8e73-aeda5d06a8f2/_dovrSJpCJAnZS38GN3OHOyxe-v8BiEEwMdrNGgQ_1.jpg"",""https://static.yeezyunique.ru/batches/6cb9ff7b-d813-4394-8e73-aeda5d06a8f2/_dovrSJpCJAnZS38GN3OHOyxe-v8BiEEwMdrNGgQ_2.jpg"",""https://static.yeezyunique.ru/batches/6cb9ff7b-d813-4394-8e73-aeda5d06a8f2/_dovrSJpCJAnZS38GN3OHOyxe-v8BiEEwMdrNGgQ_3.jpg"",""https://static.yeezyunique.ru/batches/6cb9ff7b-d813-4394-8e73-aeda5d06a8f2/_dovrSJpCJAnZS38GN3OHOyxe-v8BiEEwMdrNGgQ_4.jpg"",""https://static.yeezyunique.ru/batches/6cb9ff7b-d813-4394-8e73-aeda5d06a8f2/_dovrSJpCJAnZS38GN3OHOyxe-v8BiEEwMdrNGgQ_5.jpg"",""https://static.yeezyunique.ru/batches/6cb9ff7b-d813-4394-8e73-aeda5d06a8f2/_dovrSJpCJAnZS38GN3OHOyxe-v8BiEEwMdrNGgQ_6.jpg"",""https://static.yeezyunique.ru/batches/6cb9ff7b-d813-4394-8e73-aeda5d06a8f2/_dovrSJpCJAnZS38GN3OHOyxe-v8BiEEwMdrNGgQ_7.jpg"",""https://static.yeezyunique.ru/batches/6cb9ff7b-d813-4394-8e73-aeda5d06a8f2/_dovrSJpCJAnZS38GN3OHOyxe-v8BiEEwMdrNGgQ_8.jpg""]";true
_dtmrSnTtkCyLxbhXZlZIhb1Pxdl9adYXR776naw;Dior Мюли;Элегантные мюли из весенне-летней коллекции, украшенные винтажной вышивкой с логотипом бренда. Модель выполнена с использованием высокоплотной вышивки, дополнена мягкой стелькой из кожи ягненка и прочной подошвой из натуральной итальянской кожи.\n\nРазмеры: 35-42.;23000;ivacgwvpdne0t35;nzg3vsvajpiv1e8;mect3or5ztq64fc;Унисекс;"[""https://static.yeezyunique.ru/batches/6cb9ff7b-d813-4394-8e73-aeda5d06a8f2/_dtmrSnTtkCyLxbhXZlZIhb1Pxdl9adYXR776naw_0.jpg"",""https://static.yeezyunique.ru/batches/6cb9ff7b-d813-4394-8e73-aeda5d06a8f2/_dtmrSnTtkCyLxbhXZlZIhb1Pxdl9adYXR776naw_1.jpg"",""https://static.yeezyunique.ru/batches/6cb9ff7b-d813-4394-8e73-aeda5d06a8f2/_dtmrSnTtkCyLxbhXZlZIhb1Pxdl9adYXR776naw_2.jpg"",""https://static.yeezyunique.ru/batches/6cb9ff7b-d813-4394-8e73-aeda5d06a8f2/_dtmrSnTtkCyLxbhXZlZIhb1Pxdl9adYXR776naw_3.jpg"",""https://static.yeezyunique.ru/batches/6cb9ff7b-d813-4394-8e73-aeda5d06a8f2/_dtmrSnTtkCyLxbhXZlZIhb1Pxdl9adYXR776naw_4.jpg"",""https://static.yeezyunique.ru/batches/6cb9ff7b-d813-4394-8e73-aeda5d06a8f2/_dtmrSnTtkCyLxbhXZlZIhb1Pxdl9adYXR776naw_5.jpg"",""https://static.yeezyunique.ru/batches/6cb9ff7b-d813-4394-8e73-aeda5d06a8f2/_dtmrSnTtkCyLxbhXZlZIhb1Pxdl9adYXR776naw_6.jpg"",""https://static.yeezyunique.ru/batches/6cb9ff7b-d813-4394-8e73-aeda5d06a8f2/_dtmrSnTtkCyLxbhXZlZIhb1Pxdl9adYXR776naw_7.jpg"",""https://static.yeezyunique.ru/batches/6cb9ff7b-d813-4394-8e73-aeda5d06a8f2/_dtmrSnTtkCyLxbhXZlZIhb1Pxdl9adYXR776naw_8.jpg""]";true
_doRrSKqsCqT1P5SE5ZoysFuVxa1K13kxN4W70Qg;Dior Мюли;Элегантные мюли из весенне-летней коллекции, украшенные винтажной вышивкой с логотипом бренда. Модель выполнена с использованием высокоплотной вышивки, дополнена мягкой стелькой из кожи ягненка и прочной подошвой из натуральной итальянской кожи.\n\nРазмеры: 35-42.;23000;ivacgwvpdne0t35;nzg3vsvajpiv1e8;mect3or5ztq64fc;Унисекс;"[""https://static.yeezyunique.ru/batches/6cb9ff7b-d813-4394-8e73-aeda5d06a8f2/_doRrSKqsCqT1P5SE5ZoysFuVxa1K13kxN4W70Qg_0.jpg"",""https://static.yeezyunique.ru/batches/6cb9ff7b-d813-4394-8e73-aeda5d06a8f2/_doRrSKqsCqT1P5SE5ZoysFuVxa1K13kxN4W70Qg_1.jpg"",""https://static.yeezyunique.ru/batches/6cb9ff7b-d813-4394-8e73-aeda5d06a8f2/_doRrSKqsCqT1P5SE5ZoysFuVxa1K13kxN4W70Qg_2.jpg"",""https://static.yeezyunique.ru/batches/6cb9ff7b-d813-4394-8e73-aeda5d06a8f2/_doRrSKqsCqT1P5SE5ZoysFuVxa1K13kxN4W70Qg_3.jpg"",""https://static.yeezyunique.ru/batches/6cb9ff7b-d813-4394-8e73-aeda5d06a8f2/_doRrSKqsCqT1P5SE5ZoysFuVxa1K13kxN4W70Qg_4.jpg"",""https://static.yeezyunique.ru/batches/6cb9ff7b-d813-4394-8e73-aeda5d06a8f2/_doRrSKqsCqT1P5SE5ZoysFuVxa1K13kxN4W70Qg_5.jpg"",""https://static.yeezyunique.ru/batches/6cb9ff7b-d813-4394-8e73-aeda5d06a8f2/_doRrSKqsCqT1P5SE5ZoysFuVxa1K13kxN4W70Qg_6.jpg"",""https://static.yeezyunique.ru/batches/6cb9ff7b-d813-4394-8e73-aeda5d06a8f2/_doRrSKqsCqT1P5SE5ZoysFuVxa1K13kxN4W70Qg_7.jpg"",""https://static.yeezyunique.ru/batches/6cb9ff7b-d813-4394-8e73-aeda5d06a8f2/_doRrSKqsCqT1P5SE5ZoysFuVxa1K13kxN4W70Qg_8.jpg""]";true
_dv7rSQRfC8XdAytbfJ_m6YhXuCZLgGYoad0qwwQ;Dior Мюли;Элегантные мюли из весенне-летней коллекции, украшенные винтажной вышивкой с логотипом бренда. Модель выполнена с использованием высокоплотной вышивки, дополнена мягкой стелькой из кожи ягненка и прочной подошвой из натуральной итальянской кожи.\n\nРазмеры: 35-42.;23000;ivacgwvpdne0t35;nzg3vsvajpiv1e8;mect3or5ztq64fc;Унисекс;"[""https://static.yeezyunique.ru/batches/6cb9ff7b-d813-4394-8e73-aeda5d06a8f2/_dv7rSQRfC8XdAytbfJ_m6YhXuCZLgGYoad0qwwQ_0.jpg"",""https://static.yeezyunique.ru/batches/6cb9ff7b-d813-4394-8e73-aeda5d06a8f2/_dv7rSQRfC8XdAytbfJ_m6YhXuCZLgGYoad0qwwQ_1.jpg"",""https://static.yeezyunique.ru/batches/6cb9ff7b-d813-4394-8e73-aeda5d06a8f2/_dv7rSQRfC8XdAytbfJ_m6YhXuCZLgGYoad0qwwQ_2.jpg"",""https://static.yeezyunique.ru/batches/6cb9ff7b-d813-4394-8e73-aeda5d06a8f2/_dv7rSQRfC8XdAytbfJ_m6YhXuCZLgGYoad0qwwQ_3.jpg"",""https://static.yeezyunique.ru/batches/6cb9ff7b-d813-4394-8e73-aeda5d06a8f2/_dv7rSQRfC8XdAytbfJ_m6YhXuCZLgGYoad0qwwQ_4.jpg"",""https://static.yeezyunique.ru/batches/6cb9ff7b-d813-4394-8e73-aeda5d06a8f2/_dv7rSQRfC8XdAytbfJ_m6YhXuCZLgGYoad0qwwQ_5.jpg"",""https://static.yeezyunique.ru/batches/6cb9ff7b-d813-4394-8e73-aeda5d06a8f2/_dv7rSQRfC8XdAytbfJ_m6YhXuCZLgGYoad0qwwQ_6.jpg"",""https://static.yeezyunique.ru/batches/6cb9ff7b-d813-4394-8e73-aeda5d06a8f2/_dv7rSQRfC8XdAytbfJ_m6YhXuCZLgGYoad0qwwQ_7.jpg"",""https://static.yeezyunique.ru/batches/6cb9ff7b-d813-4394-8e73-aeda5d06a8f2/_dv7rSQRfC8XdAytbfJ_m6YhXuCZLgGYoad0qwwQ_8.jpg""]";true
_dzorSv3OtJDKmxw4rIVh-z15_vC1VgKbry7RvWw;Dior Мюли;Элегантные мюли из весенне-летней коллекции, украшенные винтажной вышивкой с логотипом бренда. Модель выполнена с использованием высокоплотной вышивки, дополнена мягкой стелькой из кожи ягненка и прочной подошвой из натуральной итальянской кожи.\n\nРазмеры: 35-42.;23000;ivacgwvpdne0t35;nzg3vsvajpiv1e8;mect3or5ztq64fc;Унисекс;"[""https://static.yeezyunique.ru/batches/6cb9ff7b-d813-4394-8e73-aeda5d06a8f2/_dzorSv3OtJDKmxw4rIVh-z15_vC1VgKbry7RvWw_0.jpg"",""https://static.yeezyunique.ru/batches/6cb9ff7b-d813-4394-8e73-aeda5d06a8f2/_dzorSv3OtJDKmxw4rIVh-z15_vC1VgKbry7RvWw_1.jpg"",""https://static.yeezyunique.ru/batches/6cb9ff7b-d813-4394-8e73-aeda5d06a8f2/_dzorSv3OtJDKmxw4rIVh-z15_vC1VgKbry7RvWw_2.jpg"",""https://static.yeezyunique.ru/batches/6cb9ff7b-d813-4394-8e73-aeda5d06a8f2/_dzorSv3OtJDKmxw4rIVh-z15_vC1VgKbry7RvWw_3.jpg"",""https://static.yeezyunique.ru/batches/6cb9ff7b-d813-4394-8e73-aeda5d06a8f2/_dzorSv3OtJDKmxw4rIVh-z15_vC1VgKbry7RvWw_4.jpg"",""https://static.yeezyunique.ru/batches/6cb9ff7b-d813-4394-8e73-aeda5d06a8f2/_dzorSv3OtJDKmxw4rIVh-z15_vC1VgKbry7RvWw_5.jpg"",""https://static.yeezyunique.ru/batches/6cb9ff7b-d813-4394-8e73-aeda5d06a8f2/_dzorSv3OtJDKmxw4rIVh-z15_vC1VgKbry7RvWw_6.jpg"",""https://static.yeezyunique.ru/batches/6cb9ff7b-d813-4394-8e73-aeda5d06a8f2/_dzorSv3OtJDKmxw4rIVh-z15_vC1VgKbry7RvWw_7.jpg"",""https://static.yeezyunique.ru/batches/6cb9ff7b-d813-4394-8e73-aeda5d06a8f2/_dzorSv3OtJDKmxw4rIVh-z15_vC1VgKbry7RvWw_8.jpg""]";true
_dcFrSPjgZfJHry_Du1nGPGcvMIreIo3ROgtUJQQ;Dior Мюли;Элегантные мюли из весенне-летней коллекции, украшенные винтажной вышивкой с логотипом бренда. Модель выполнена с использованием высокоплотной вышивки, дополнена мягкой стелькой из кожи ягненка и прочной подошвой из натуральной итальянской кожи.\n\nРазмеры: 35-42.;23000;ivacgwvpdne0t35;nzg3vsvajpiv1e8;mect3or5ztq64fc;Унисекс;"[""https://static.yeezyunique.ru/batches/6cb9ff7b-d813-4394-8e73-aeda5d06a8f2/_dcFrSPjgZfJHry_Du1nGPGcvMIreIo3ROgtUJQQ_0.jpg"",""https://static.yeezyunique.ru/batches/6cb9ff7b-d813-4394-8e73-aeda5d06a8f2/_dcFrSPjgZfJHry_Du1nGPGcvMIreIo3ROgtUJQQ_1.jpg"",""https://static.yeezyunique.ru/batches/6cb9ff7b-d813-4394-8e73-aeda5d06a8f2/_dcFrSPjgZfJHry_Du1nGPGcvMIreIo3ROgtUJQQ_2.jpg"",""https://static.yeezyunique.ru/batches/6cb9ff7b-d813-4394-8e73-aeda5d06a8f2/_dcFrSPjgZfJHry_Du1nGPGcvMIreIo3ROgtUJQQ_3.jpg"",""https://static.yeezyunique.ru/batches/6cb9ff7b-d813-4394-8e73-aeda5d06a8f2/_dcFrSPjgZfJHry_Du1nGPGcvMIreIo3ROgtUJQQ_4.jpg"",""https://static.yeezyunique.ru/batches/6cb9ff7b-d813-4394-8e73-aeda5d06a8f2/_dcFrSPjgZfJHry_Du1nGPGcvMIreIo3ROgtUJQQ_5.jpg"",""https://static.yeezyunique.ru/batches/6cb9ff7b-d813-4394-8e73-aeda5d06a8f2/_dcFrSPjgZfJHry_Du1nGPGcvMIreIo3ROgtUJQQ_6.jpg"",""https://static.yeezyunique.ru/batches/6cb9ff7b-d813-4394-8e73-aeda5d06a8f2/_dcFrSPjgZfJHry_Du1nGPGcvMIreIo3ROgtUJQQ_7.jpg"",""https://static.yeezyunique.ru/batches/6cb9ff7b-d813-4394-8e73-aeda5d06a8f2/_dcFrSPjgZfJHry_Du1nGPGcvMIreIo3ROgtUJQQ_8.jpg""]";true
_dlQrSrouyrv85LmkXv2KRUrO60FOjZ16Hpt3ciA;Dior Мюли;Элегантные мюли из весенне-летней коллекции, украшенные винтажной вышивкой с логотипом бренда. Модель выполнена с использованием высокоплотной вышивки, дополнена мягкой стелькой из кожи ягненка и прочной подошвой из натуральной итальянской кожи.\n\nРазмеры: 35-42.;23000;ivacgwvpdne0t35;nzg3vsvajpiv1e8;mect3or5ztq64fc;Унисекс;"[""https://static.yeezyunique.ru/batches/6cb9ff7b-d813-4394-8e73-aeda5d06a8f2/_dlQrSrouyrv85LmkXv2KRUrO60FOjZ16Hpt3ciA_0.jpg"",""https://static.yeezyunique.ru/batches/6cb9ff7b-d813-4394-8e73-aeda5d06a8f2/_dlQrSrouyrv85LmkXv2KRUrO60FOjZ16Hpt3ciA_1.jpg"",""https://static.yeezyunique.ru/batches/6cb9ff7b-d813-4394-8e73-aeda5d06a8f2/_dlQrSrouyrv85LmkXv2KRUrO60FOjZ16Hpt3ciA_2.jpg"",""https://static.yeezyunique.ru/batches/6cb9ff7b-d813-4394-8e73-aeda5d06a8f2/_dlQrSrouyrv85LmkXv2KRUrO60FOjZ16Hpt3ciA_3.jpg"",""https://static.yeezyunique.ru/batches/6cb9ff7b-d813-4394-8e73-aeda5d06a8f2/_dlQrSrouyrv85LmkXv2KRUrO60FOjZ16Hpt3ciA_4.jpg"",""https://static.yeezyunique.ru/batches/6cb9ff7b-d813-4394-8e73-aeda5d06a8f2/_dlQrSrouyrv85LmkXv2KRUrO60FOjZ16Hpt3ciA_5.jpg"",""https://static.yeezyunique.ru/batches/6cb9ff7b-d813-4394-8e73-aeda5d06a8f2/_dlQrSrouyrv85LmkXv2KRUrO60FOjZ16Hpt3ciA_6.jpg"",""https://static.yeezyunique.ru/batches/6cb9ff7b-d813-4394-8e73-aeda5d06a8f2/_dlQrSrouyrv85LmkXv2KRUrO60FOjZ16Hpt3ciA_7.jpg"",""https://static.yeezyunique.ru/batches/6cb9ff7b-d813-4394-8e73-aeda5d06a8f2/_dlQrSrouyrv85LmkXv2KRUrO60FOjZ16Hpt3ciA_8.jpg""]";true
_dhcrSNb3NgFYq_mEb2j3e-izb5KYYlFhAidn3HQ;Balenciaga Кроссовки;Культовые кроссовки Balenciaga Triple S в стильном бежевом цвете. Модель выполнена из высококачественных материалов с использованием сложной техники многослойной сборки, что обеспечивает уникальный дизайн и долговечность.\n\nРазмеры: 35-46 (унисекс).;23000;mj2732zh7c7pchi;nzg3vsvajpiv1e8;ll3hofpd5wqxr81;Унисекс;"[""https://static.yeezyunique.ru/batches/6cb9ff7b-d813-4394-8e73-aeda5d06a8f2/_dhcrSNb3NgFYq_mEb2j3e-izb5KYYlFhAidn3HQ_0.jpg"",""https://static.yeezyunique.ru/batches/6cb9ff7b-d813-4394-8e73-aeda5d06a8f2/_dhcrSNb3NgFYq_mEb2j3e-izb5KYYlFhAidn3HQ_1.jpg"",""https://static.yeezyunique.ru/batches/6cb9ff7b-d813-4394-8e73-aeda5d06a8f2/_dhcrSNb3NgFYq_mEb2j3e-izb5KYYlFhAidn3HQ_2.jpg"",""https://static.yeezyunique.ru/batches/6cb9ff7b-d813-4394-8e73-aeda5d06a8f2/_dhcrSNb3NgFYq_mEb2j3e-izb5KYYlFhAidn3HQ_3.jpg"",""https://static.yeezyunique.ru/batches/6cb9ff7b-d813-4394-8e73-aeda5d06a8f2/_dhcrSNb3NgFYq_mEb2j3e-izb5KYYlFhAidn3HQ_4.jpg"",""https://static.yeezyunique.ru/batches/6cb9ff7b-d813-4394-8e73-aeda5d06a8f2/_dhcrSNb3NgFYq_mEb2j3e-izb5KYYlFhAidn3HQ_5.jpg"",""https://static.yeezyunique.ru/batches/6cb9ff7b-d813-4394-8e73-aeda5d06a8f2/_dhcrSNb3NgFYq_mEb2j3e-izb5KYYlFhAidn3HQ_6.jpg"",""https://static.yeezyunique.ru/batches/6cb9ff7b-d813-4394-8e73-aeda5d06a8f2/_dhcrSNb3NgFYq_mEb2j3e-izb5KYYlFhAidn3HQ_7.jpg"",""https://static.yeezyunique.ru/batches/6cb9ff7b-d813-4394-8e73-aeda5d06a8f2/_dhcrSNb3NgFYq_mEb2j3e-izb5KYYlFhAidn3HQ_8.jpg""]";true
_dufrS4lFvEC2t4wbQWjo-2mb-_aAd8BrTObxx6g;Balenciaga Кроссовки;Стильные кроссовки Balenciaga Triple S в эффектном зеленом цвете. Модель выполнена из высококачественных материалов с использованием сложной техники многослойного кроя, обеспечивающей безупречный вид и долговечность.\n\nРазмеры: 35-46 (унисекс).;23000;mj2732zh7c7pchi;nzg3vsvajpiv1e8;ll3hofpd5wqxr81;Унисекс;"[""https://static.yeezyunique.ru/batches/6cb9ff7b-d813-4394-8e73-aeda5d06a8f2/_dufrS4lFvEC2t4wbQWjo-2mb-_aAd8BrTObxx6g_0.jpg"",""https://static.yeezyunique.ru/batches/6cb9ff7b-d813-4394-8e73-aeda5d06a8f2/_dufrS4lFvEC2t4wbQWjo-2mb-_aAd8BrTObxx6g_1.jpg"",""https://static.yeezyunique.ru/batches/6cb9ff7b-d813-4394-8e73-aeda5d06a8f2/_dufrS4lFvEC2t4wbQWjo-2mb-_aAd8BrTObxx6g_2.jpg"",""https://static.yeezyunique.ru/batches/6cb9ff7b-d813-4394-8e73-aeda5d06a8f2/_dufrS4lFvEC2t4wbQWjo-2mb-_aAd8BrTObxx6g_3.jpg"",""https://static.yeezyunique.ru/batches/6cb9ff7b-d813-4394-8e73-aeda5d06a8f2/_dufrS4lFvEC2t4wbQWjo-2mb-_aAd8BrTObxx6g_4.jpg"",""https://static.yeezyunique.ru/batches/6cb9ff7b-d813-4394-8e73-aeda5d06a8f2/_dufrS4lFvEC2t4wbQWjo-2mb-_aAd8BrTObxx6g_5.jpg"",""https://static.yeezyunique.ru/batches/6cb9ff7b-d813-4394-8e73-aeda5d06a8f2/_dufrS4lFvEC2t4wbQWjo-2mb-_aAd8BrTObxx6g_6.jpg"",""https://static.yeezyunique.ru/batches/6cb9ff7b-d813-4394-8e73-aeda5d06a8f2/_dufrS4lFvEC2t4wbQWjo-2mb-_aAd8BrTObxx6g_7.jpg"",""https://static.yeezyunique.ru/batches/6cb9ff7b-d813-4394-8e73-aeda5d06a8f2/_dufrS4lFvEC2t4wbQWjo-2mb-_aAd8BrTObxx6g_8.jpg""]";true
_d9ErSWyMzcvENW_HzWYC2-ailYAZVmy8AgSxfiA;Balenciaga Кроссовки;Стильные кроссовки Balenciaga Radar в эффектной черно-белой расцветке. Модель выполнена из высококачественных материалов с использованием сложной техники многослойного кроя, обеспечивающей уникальный дизайн и долговечность.\n\nРазмеры: 35-46 (унисекс, модель большемерит на один размер).;23000;mj2732zh7c7pchi;nzg3vsvajpiv1e8;ll3hofpd5wqxr81;Унисекс;"[""https://static.yeezyunique.ru/batches/6cb9ff7b-d813-4394-8e73-aeda5d06a8f2/_d9ErSWyMzcvENW_HzWYC2-ailYAZVmy8AgSxfiA_0.jpg"",""https://static.yeezyunique.ru/batches/6cb9ff7b-d813-4394-8e73-aeda5d06a8f2/_d9ErSWyMzcvENW_HzWYC2-ailYAZVmy8AgSxfiA_1.jpg"",""https://static.yeezyunique.ru/batches/6cb9ff7b-d813-4394-8e73-aeda5d06a8f2/_d9ErSWyMzcvENW_HzWYC2-ailYAZVmy8AgSxfiA_2.jpg"",""https://static.yeezyunique.ru/batches/6cb9ff7b-d813-4394-8e73-aeda5d06a8f2/_d9ErSWyMzcvENW_HzWYC2-ailYAZVmy8AgSxfiA_3.jpg"",""https://static.yeezyunique.ru/batches/6cb9ff7b-d813-4394-8e73-aeda5d06a8f2/_d9ErSWyMzcvENW_HzWYC2-ailYAZVmy8AgSxfiA_4.jpg"",""https://static.yeezyunique.ru/batches/6cb9ff7b-d813-4394-8e73-aeda5d06a8f2/_d9ErSWyMzcvENW_HzWYC2-ailYAZVmy8AgSxfiA_5.jpg"",""https://static.yeezyunique.ru/batches/6cb9ff7b-d813-4394-8e73-aeda5d06a8f2/_d9ErSWyMzcvENW_HzWYC2-ailYAZVmy8AgSxfiA_6.jpg"",""https://static.yeezyunique.ru/batches/6cb9ff7b-d813-4394-8e73-aeda5d06a8f2/_d9ErSWyMzcvENW_HzWYC2-ailYAZVmy8AgSxfiA_7.jpg"",""https://static.yeezyunique.ru/batches/6cb9ff7b-d813-4394-8e73-aeda5d06a8f2/_d9ErSWyMzcvENW_HzWYC2-ailYAZVmy8AgSxfiA_8.jpg""]";true
_dvhrSacnPts89Jw6aRwWMdl5xMkSMa22EdfyAgA;Balenciaga Кроссовки;Стильные кроссовки Balenciaga Radar в эффектной черно-белой расцветке. Модель выполнена из высококачественных материалов с использованием сложной техники многослойного кроя, обеспечивающей уникальный дизайн и долговечность.\n\nРазмеры: 35-46 (унисекс, модель большемерит на один размер).;23000;mj2732zh7c7pchi;nzg3vsvajpiv1e8;ll3hofpd5wqxr81;Унисекс;"[""https://static.yeezyunique.ru/batches/6cb9ff7b-d813-4394-8e73-aeda5d06a8f2/_dvhrSacnPts89Jw6aRwWMdl5xMkSMa22EdfyAgA_0.jpg"",""https://static.yeezyunique.ru/batches/6cb9ff7b-d813-4394-8e73-aeda5d06a8f2/_dvhrSacnPts89Jw6aRwWMdl5xMkSMa22EdfyAgA_1.jpg"",""https://static.yeezyunique.ru/batches/6cb9ff7b-d813-4394-8e73-aeda5d06a8f2/_dvhrSacnPts89Jw6aRwWMdl5xMkSMa22EdfyAgA_2.jpg"",""https://static.yeezyunique.ru/batches/6cb9ff7b-d813-4394-8e73-aeda5d06a8f2/_dvhrSacnPts89Jw6aRwWMdl5xMkSMa22EdfyAgA_3.jpg"",""https://static.yeezyunique.ru/batches/6cb9ff7b-d813-4394-8e73-aeda5d06a8f2/_dvhrSacnPts89Jw6aRwWMdl5xMkSMa22EdfyAgA_4.jpg"",""https://static.yeezyunique.ru/batches/6cb9ff7b-d813-4394-8e73-aeda5d06a8f2/_dvhrSacnPts89Jw6aRwWMdl5xMkSMa22EdfyAgA_5.jpg"",""https://static.yeezyunique.ru/batches/6cb9ff7b-d813-4394-8e73-aeda5d06a8f2/_dvhrSacnPts89Jw6aRwWMdl5xMkSMa22EdfyAgA_6.jpg"",""https://static.yeezyunique.ru/batches/6cb9ff7b-d813-4394-8e73-aeda5d06a8f2/_dvhrSacnPts89Jw6aRwWMdl5xMkSMa22EdfyAgA_7.jpg"",""https://static.yeezyunique.ru/batches/6cb9ff7b-d813-4394-8e73-aeda5d06a8f2/_dvhrSacnPts89Jw6aRwWMdl5xMkSMa22EdfyAgA_8.jpg""]";true
_dcKrSWAr8Z2EtXOxAw4cIuovslu6h48-lCNZq-Q;Balenciaga Кроссовки 3XL;Стильные кроссовки Balenciaga 3XL с эффектным дизайном и выраженным эффектом состаренной подошвы. Модель выполнена из высококачественного сетчатого материала и полиуретана, дополнена фирменным логотипом на носке и заднике.\n\nРазмеры: 35-43.;23000;mj2732zh7c7pchi;nzg3vsvajpiv1e8;ll3hofpd5wqxr81;Унисекс;"[""https://static.yeezyunique.ru/batches/6cb9ff7b-d813-4394-8e73-aeda5d06a8f2/_dcKrSWAr8Z2EtXOxAw4cIuovslu6h48-lCNZq-Q_0.jpg"",""https://static.yeezyunique.ru/batches/6cb9ff7b-d813-4394-8e73-aeda5d06a8f2/_dcKrSWAr8Z2EtXOxAw4cIuovslu6h48-lCNZq-Q_1.jpg"",""https://static.yeezyunique.ru/batches/6cb9ff7b-d813-4394-8e73-aeda5d06a8f2/_dcKrSWAr8Z2EtXOxAw4cIuovslu6h48-lCNZq-Q_2.jpg"",""https://static.yeezyunique.ru/batches/6cb9ff7b-d813-4394-8e73-aeda5d06a8f2/_dcKrSWAr8Z2EtXOxAw4cIuovslu6h48-lCNZq-Q_3.jpg"",""https://static.yeezyunique.ru/batches/6cb9ff7b-d813-4394-8e73-aeda5d06a8f2/_dcKrSWAr8Z2EtXOxAw4cIuovslu6h48-lCNZq-Q_4.jpg"",""https://static.yeezyunique.ru/batches/6cb9ff7b-d813-4394-8e73-aeda5d06a8f2/_dcKrSWAr8Z2EtXOxAw4cIuovslu6h48-lCNZq-Q_5.jpg"",""https://static.yeezyunique.ru/batches/6cb9ff7b-d813-4394-8e73-aeda5d06a8f2/_dcKrSWAr8Z2EtXOxAw4cIuovslu6h48-lCNZq-Q_6.jpg"",""https://static.yeezyunique.ru/batches/6cb9ff7b-d813-4394-8e73-aeda5d06a8f2/_dcKrSWAr8Z2EtXOxAw4cIuovslu6h48-lCNZq-Q_7.jpg"",""https://static.yeezyunique.ru/batches/6cb9ff7b-d813-4394-8e73-aeda5d06a8f2/_dcKrSWAr8Z2EtXOxAw4cIuovslu6h48-lCNZq-Q_8.jpg""]";true
_dHlrSeXL5rW4c_MN383TI5QvmrW7PJpAglRVIBQ;Balenciaga Кроссовки 3XL;Популярная модель кроссовок 3XL с эффектом визуального увеличения роста и стройности ног. Модель выполнена из высококачественного сетчатого материала и полиуретана без использования кожи, дополнена стильным эффектом потертости на подошве и фирменным логотипом бренда на мысе и заднике.\n\nРазмеры: 35-46 (унисекс).;23000;mj2732zh7c7pchi;nzg3vsvajpiv1e8;ll3hofpd5wqxr81;Унисекс;"[""https://static.yeezyunique.ru/batches/6cb9ff7b-d813-4394-8e73-aeda5d06a8f2/_dHlrSeXL5rW4c_MN383TI5QvmrW7PJpAglRVIBQ_0.jpg"",""https://static.yeezyunique.ru/batches/6cb9ff7b-d813-4394-8e73-aeda5d06a8f2/_dHlrSeXL5rW4c_MN383TI5QvmrW7PJpAglRVIBQ_1.jpg"",""https://static.yeezyunique.ru/batches/6cb9ff7b-d813-4394-8e73-aeda5d06a8f2/_dHlrSeXL5rW4c_MN383TI5QvmrW7PJpAglRVIBQ_2.jpg"",""https://static.yeezyunique.ru/batches/6cb9ff7b-d813-4394-8e73-aeda5d06a8f2/_dHlrSeXL5rW4c_MN383TI5QvmrW7PJpAglRVIBQ_3.jpg"",""https://static.yeezyunique.ru/batches/6cb9ff7b-d813-4394-8e73-aeda5d06a8f2/_dHlrSeXL5rW4c_MN383TI5QvmrW7PJpAglRVIBQ_4.jpg"",""https://static.yeezyunique.ru/batches/6cb9ff7b-d813-4394-8e73-aeda5d06a8f2/_dHlrSeXL5rW4c_MN383TI5QvmrW7PJpAglRVIBQ_5.jpg"",""https://static.yeezyunique.ru/batches/6cb9ff7b-d813-4394-8e73-aeda5d06a8f2/_dHlrSeXL5rW4c_MN383TI5QvmrW7PJpAglRVIBQ_6.jpg"",""https://static.yeezyunique.ru/batches/6cb9ff7b-d813-4394-8e73-aeda5d06a8f2/_dHlrSeXL5rW4c_MN383TI5QvmrW7PJpAglRVIBQ_7.jpg"",""https://static.yeezyunique.ru/batches/6cb9ff7b-d813-4394-8e73-aeda5d06a8f2/_dHlrSeXL5rW4c_MN383TI5QvmrW7PJpAglRVIBQ_8.jpg""]";true
_dnWrSaoVKpLF1i6GtqQq3sKzuMr7Z7Eq-PDKz0Q;Chanel Туфли;Легендарные туфли Chanel с узнаваемым дизайном, ставшим эталоном стиля. Модель выполнена из премиальных материалов с мягкой и нежной текстурой кожи, дополнена высококачественной подошвой из натуральной кожи.\n\nРазмеры: 35-41.;23000;3wxtez8ckauz7o1;nzg3vsvajpiv1e8;mect3or5ztq64fc;Для женщин;"[""https://static.yeezyunique.ru/batches/6cb9ff7b-d813-4394-8e73-aeda5d06a8f2/_dnWrSaoVKpLF1i6GtqQq3sKzuMr7Z7Eq-PDKz0Q_0.jpg"",""https://static.yeezyunique.ru/batches/6cb9ff7b-d813-4394-8e73-aeda5d06a8f2/_dnWrSaoVKpLF1i6GtqQq3sKzuMr7Z7Eq-PDKz0Q_1.jpg"",""https://static.yeezyunique.ru/batches/6cb9ff7b-d813-4394-8e73-aeda5d06a8f2/_dnWrSaoVKpLF1i6GtqQq3sKzuMr7Z7Eq-PDKz0Q_2.jpg"",""https://static.yeezyunique.ru/batches/6cb9ff7b-d813-4394-8e73-aeda5d06a8f2/_dnWrSaoVKpLF1i6GtqQq3sKzuMr7Z7Eq-PDKz0Q_3.jpg"",""https://static.yeezyunique.ru/batches/6cb9ff7b-d813-4394-8e73-aeda5d06a8f2/_dnWrSaoVKpLF1i6GtqQq3sKzuMr7Z7Eq-PDKz0Q_4.jpg"",""https://static.yeezyunique.ru/batches/6cb9ff7b-d813-4394-8e73-aeda5d06a8f2/_dnWrSaoVKpLF1i6GtqQq3sKzuMr7Z7Eq-PDKz0Q_5.jpg"",""https://static.yeezyunique.ru/batches/6cb9ff7b-d813-4394-8e73-aeda5d06a8f2/_dnWrSaoVKpLF1i6GtqQq3sKzuMr7Z7Eq-PDKz0Q_6.jpg"",""https://static.yeezyunique.ru/batches/6cb9ff7b-d813-4394-8e73-aeda5d06a8f2/_dnWrSaoVKpLF1i6GtqQq3sKzuMr7Z7Eq-PDKz0Q_7.jpg"",""https://static.yeezyunique.ru/batches/6cb9ff7b-d813-4394-8e73-aeda5d06a8f2/_dnWrSaoVKpLF1i6GtqQq3sKzuMr7Z7Eq-PDKz0Q_8.jpg""]";true
_d4urSZJDYSvf3zuL-gfb5b0Ctiw6Zblht6FXRXw;Chanel Туфли;Легендарные туфли Chanel с узнаваемым дизайном, ставшим эталоном стиля. Модель выполнена из премиальных материалов с мягкой и нежной текстурой кожи, дополнена подошвой из натуральной кожи высокого качества.\n\nРазмеры: 35-41.;23000;3wxtez8ckauz7o1;nzg3vsvajpiv1e8;mect3or5ztq64fc;Для женщин;"[""https://static.yeezyunique.ru/batches/6cb9ff7b-d813-4394-8e73-aeda5d06a8f2/_d4urSZJDYSvf3zuL-gfb5b0Ctiw6Zblht6FXRXw_0.jpg"",""https://static.yeezyunique.ru/batches/6cb9ff7b-d813-4394-8e73-aeda5d06a8f2/_d4urSZJDYSvf3zuL-gfb5b0Ctiw6Zblht6FXRXw_1.jpg"",""https://static.yeezyunique.ru/batches/6cb9ff7b-d813-4394-8e73-aeda5d06a8f2/_d4urSZJDYSvf3zuL-gfb5b0Ctiw6Zblht6FXRXw_2.jpg"",""https://static.yeezyunique.ru/batches/6cb9ff7b-d813-4394-8e73-aeda5d06a8f2/_d4urSZJDYSvf3zuL-gfb5b0Ctiw6Zblht6FXRXw_3.jpg"",""https://static.yeezyunique.ru/batches/6cb9ff7b-d813-4394-8e73-aeda5d06a8f2/_d4urSZJDYSvf3zuL-gfb5b0Ctiw6Zblht6FXRXw_4.jpg"",""https://static.yeezyunique.ru/batches/6cb9ff7b-d813-4394-8e73-aeda5d06a8f2/_d4urSZJDYSvf3zuL-gfb5b0Ctiw6Zblht6FXRXw_5.jpg"",""https://static.yeezyunique.ru/batches/6cb9ff7b-d813-4394-8e73-aeda5d06a8f2/_d4urSZJDYSvf3zuL-gfb5b0Ctiw6Zblht6FXRXw_6.jpg"",""https://static.yeezyunique.ru/batches/6cb9ff7b-d813-4394-8e73-aeda5d06a8f2/_d4urSZJDYSvf3zuL-gfb5b0Ctiw6Zblht6FXRXw_7.jpg"",""https://static.yeezyunique.ru/batches/6cb9ff7b-d813-4394-8e73-aeda5d06a8f2/_d4urSZJDYSvf3zuL-gfb5b0Ctiw6Zblht6FXRXw_8.jpg""]";true
_drsrSu20ivf_FGWWA9fi6qtq1tkofHJMhChMx8A;Chanel Балетки;Классические балетки с фирменным бантом, ставшие воплощением элегантности. Модель выполнена из премиальной кожи с использованием мягкой стельки из натуральной овчины и прочной подошвы из итальянской кожи высшего качества.\n\nРазмеры: 35-40.;23000;3wxtez8ckauz7o1;nzg3vsvajpiv1e8;gquuvxk7z0ik5jn;Для женщин;"[""https://static.yeezyunique.ru/batches/6cb9ff7b-d813-4394-8e73-aeda5d06a8f2/_drsrSu20ivf_FGWWA9fi6qtq1tkofHJMhChMx8A_0.jpg"",""https://static.yeezyunique.ru/batches/6cb9ff7b-d813-4394-8e73-aeda5d06a8f2/_drsrSu20ivf_FGWWA9fi6qtq1tkofHJMhChMx8A_1.jpg"",""https://static.yeezyunique.ru/batches/6cb9ff7b-d813-4394-8e73-aeda5d06a8f2/_drsrSu20ivf_FGWWA9fi6qtq1tkofHJMhChMx8A_2.jpg"",""https://static.yeezyunique.ru/batches/6cb9ff7b-d813-4394-8e73-aeda5d06a8f2/_drsrSu20ivf_FGWWA9fi6qtq1tkofHJMhChMx8A_3.jpg"",""https://static.yeezyunique.ru/batches/6cb9ff7b-d813-4394-8e73-aeda5d06a8f2/_drsrSu20ivf_FGWWA9fi6qtq1tkofHJMhChMx8A_4.jpg"",""https://static.yeezyunique.ru/batches/6cb9ff7b-d813-4394-8e73-aeda5d06a8f2/_drsrSu20ivf_FGWWA9fi6qtq1tkofHJMhChMx8A_5.jpg"",""https://static.yeezyunique.ru/batches/6cb9ff7b-d813-4394-8e73-aeda5d06a8f2/_drsrSu20ivf_FGWWA9fi6qtq1tkofHJMhChMx8A_6.jpg"",""https://static.yeezyunique.ru/batches/6cb9ff7b-d813-4394-8e73-aeda5d06a8f2/_drsrSu20ivf_FGWWA9fi6qtq1tkofHJMhChMx8A_7.jpg"",""https://static.yeezyunique.ru/batches/6cb9ff7b-d813-4394-8e73-aeda5d06a8f2/_drsrSu20ivf_FGWWA9fi6qtq1tkofHJMhChMx8A_8.jpg""]";true
_dkfrSV8uGQuwuXlrr9k_MTeoLRHNh9eMoh0-8BQ;Chanel Туфли;Элегантные туфли на высоком каблуке из новой коллекции, украшенные сверкающими кристаллами. Модель выполнена из премиальной итальянской лакированной кожи с подкладкой из натуральной кожи высшего качества.\n\nРазмеры: 35-41.;23000;3wxtez8ckauz7o1;nzg3vsvajpiv1e8;mect3or5ztq64fc;Для женщин;"[""https://static.yeezyunique.ru/batches/6cb9ff7b-d813-4394-8e73-aeda5d06a8f2/_dkfrSV8uGQuwuXlrr9k_MTeoLRHNh9eMoh0-8BQ_0.jpg"",""https://static.yeezyunique.ru/batches/6cb9ff7b-d813-4394-8e73-aeda5d06a8f2/_dkfrSV8uGQuwuXlrr9k_MTeoLRHNh9eMoh0-8BQ_1.jpg"",""https://static.yeezyunique.ru/batches/6cb9ff7b-d813-4394-8e73-aeda5d06a8f2/_dkfrSV8uGQuwuXlrr9k_MTeoLRHNh9eMoh0-8BQ_2.jpg"",""https://static.yeezyunique.ru/batches/6cb9ff7b-d813-4394-8e73-aeda5d06a8f2/_dkfrSV8uGQuwuXlrr9k_MTeoLRHNh9eMoh0-8BQ_3.jpg"",""https://static.yeezyunique.ru/batches/6cb9ff7b-d813-4394-8e73-aeda5d06a8f2/_dkfrSV8uGQuwuXlrr9k_MTeoLRHNh9eMoh0-8BQ_4.jpg"",""https://static.yeezyunique.ru/batches/6cb9ff7b-d813-4394-8e73-aeda5d06a8f2/_dkfrSV8uGQuwuXlrr9k_MTeoLRHNh9eMoh0-8BQ_5.jpg"",""https://static.yeezyunique.ru/batches/6cb9ff7b-d813-4394-8e73-aeda5d06a8f2/_dkfrSV8uGQuwuXlrr9k_MTeoLRHNh9eMoh0-8BQ_6.jpg"",""https://static.yeezyunique.ru/batches/6cb9ff7b-d813-4394-8e73-aeda5d06a8f2/_dkfrSV8uGQuwuXlrr9k_MTeoLRHNh9eMoh0-8BQ_7.jpg"",""https://static.yeezyunique.ru/batches/6cb9ff7b-d813-4394-8e73-aeda5d06a8f2/_dkfrSV8uGQuwuXlrr9k_MTeoLRHNh9eMoh0-8BQ_8.jpg""]";true
_dvIrSX0HhV1EAqfGwShkIYlexlBemrSMVD7OV0g;Chanel Туфли;Элегантные туфли на каблуке из новой коллекции, украшенные сверкающими кристаллами. Модель выполнена из премиальной итальянской лакированной кожи с подкладкой из натуральной кожи высшего качества и прочной кожаной подошвой.\n\nРазмеры: 35-41.;23000;3wxtez8ckauz7o1;nzg3vsvajpiv1e8;mect3or5ztq64fc;Для женщин;"[""https://static.yeezyunique.ru/batches/6cb9ff7b-d813-4394-8e73-aeda5d06a8f2/_dvIrSX0HhV1EAqfGwShkIYlexlBemrSMVD7OV0g_0.jpg"",""https://static.yeezyunique.ru/batches/6cb9ff7b-d813-4394-8e73-aeda5d06a8f2/_dvIrSX0HhV1EAqfGwShkIYlexlBemrSMVD7OV0g_1.jpg"",""https://static.yeezyunique.ru/batches/6cb9ff7b-d813-4394-8e73-aeda5d06a8f2/_dvIrSX0HhV1EAqfGwShkIYlexlBemrSMVD7OV0g_2.jpg"",""https://static.yeezyunique.ru/batches/6cb9ff7b-d813-4394-8e73-aeda5d06a8f2/_dvIrSX0HhV1EAqfGwShkIYlexlBemrSMVD7OV0g_3.jpg"",""https://static.yeezyunique.ru/batches/6cb9ff7b-d813-4394-8e73-aeda5d06a8f2/_dvIrSX0HhV1EAqfGwShkIYlexlBemrSMVD7OV0g_4.jpg"",""https://static.yeezyunique.ru/batches/6cb9ff7b-d813-4394-8e73-aeda5d06a8f2/_dvIrSX0HhV1EAqfGwShkIYlexlBemrSMVD7OV0g_5.jpg"",""https://static.yeezyunique.ru/batches/6cb9ff7b-d813-4394-8e73-aeda5d06a8f2/_dvIrSX0HhV1EAqfGwShkIYlexlBemrSMVD7OV0g_6.jpg"",""https://static.yeezyunique.ru/batches/6cb9ff7b-d813-4394-8e73-aeda5d06a8f2/_dvIrSX0HhV1EAqfGwShkIYlexlBemrSMVD7OV0g_7.jpg"",""https://static.yeezyunique.ru/batches/6cb9ff7b-d813-4394-8e73-aeda5d06a8f2/_dvIrSX0HhV1EAqfGwShkIYlexlBemrSMVD7OV0g_8.jpg""]";true
_dhQrSqnTaZaecKzmarSyoKZqikkDDqA3WFdS8jA;Dior Кеды;Стильные кеды на платформе с изысканной вышивкой, создающей эффектный объемный узор. Модель визуально удлиняет ноги и обеспечивает комфорт благодаря продуманной конструкции подошвы.\n\nРазмеры: 35-40.;23000;ivacgwvpdne0t35;nzg3vsvajpiv1e8;owi4kqmgzy4veqz;Для женщин;"[""https://static.yeezyunique.ru/batches/6cb9ff7b-d813-4394-8e73-aeda5d06a8f2/_dhQrSqnTaZaecKzmarSyoKZqikkDDqA3WFdS8jA_0.jpg"",""https://static.yeezyunique.ru/batches/6cb9ff7b-d813-4394-8e73-aeda5d06a8f2/_dhQrSqnTaZaecKzmarSyoKZqikkDDqA3WFdS8jA_1.jpg"",""https://static.yeezyunique.ru/batches/6cb9ff7b-d813-4394-8e73-aeda5d06a8f2/_dhQrSqnTaZaecKzmarSyoKZqikkDDqA3WFdS8jA_2.jpg"",""https://static.yeezyunique.ru/batches/6cb9ff7b-d813-4394-8e73-aeda5d06a8f2/_dhQrSqnTaZaecKzmarSyoKZqikkDDqA3WFdS8jA_3.jpg"",""https://static.yeezyunique.ru/batches/6cb9ff7b-d813-4394-8e73-aeda5d06a8f2/_dhQrSqnTaZaecKzmarSyoKZqikkDDqA3WFdS8jA_4.jpg"",""https://static.yeezyunique.ru/batches/6cb9ff7b-d813-4394-8e73-aeda5d06a8f2/_dhQrSqnTaZaecKzmarSyoKZqikkDDqA3WFdS8jA_5.jpg"",""https://static.yeezyunique.ru/batches/6cb9ff7b-d813-4394-8e73-aeda5d06a8f2/_dhQrSqnTaZaecKzmarSyoKZqikkDDqA3WFdS8jA_6.jpg"",""https://static.yeezyunique.ru/batches/6cb9ff7b-d813-4394-8e73-aeda5d06a8f2/_dhQrSqnTaZaecKzmarSyoKZqikkDDqA3WFdS8jA_7.jpg"",""https://static.yeezyunique.ru/batches/6cb9ff7b-d813-4394-8e73-aeda5d06a8f2/_dhQrSqnTaZaecKzmarSyoKZqikkDDqA3WFdS8jA_8.jpg""]";true
_ddzrSCeQyUYKIiM0xxcgfVZKn2ld2SQs2UI_Z8A;Dior Кеды;Стильные кеды на платформе с изысканной вышивкой, создающей эффектный объемный узор. Модель визуально удлиняет ноги и обеспечивает комфорт благодаря продуманной конструкции подошвы.\n\nРазмеры: 35-40.;23000;ivacgwvpdne0t35;nzg3vsvajpiv1e8;owi4kqmgzy4veqz;Для женщин;"[""https://static.yeezyunique.ru/batches/6cb9ff7b-d813-4394-8e73-aeda5d06a8f2/_ddzrSCeQyUYKIiM0xxcgfVZKn2ld2SQs2UI_Z8A_0.jpg"",""https://static.yeezyunique.ru/batches/6cb9ff7b-d813-4394-8e73-aeda5d06a8f2/_ddzrSCeQyUYKIiM0xxcgfVZKn2ld2SQs2UI_Z8A_1.jpg"",""https://static.yeezyunique.ru/batches/6cb9ff7b-d813-4394-8e73-aeda5d06a8f2/_ddzrSCeQyUYKIiM0xxcgfVZKn2ld2SQs2UI_Z8A_2.jpg"",""https://static.yeezyunique.ru/batches/6cb9ff7b-d813-4394-8e73-aeda5d06a8f2/_ddzrSCeQyUYKIiM0xxcgfVZKn2ld2SQs2UI_Z8A_3.jpg"",""https://static.yeezyunique.ru/batches/6cb9ff7b-d813-4394-8e73-aeda5d06a8f2/_ddzrSCeQyUYKIiM0xxcgfVZKn2ld2SQs2UI_Z8A_4.jpg"",""https://static.yeezyunique.ru/batches/6cb9ff7b-d813-4394-8e73-aeda5d06a8f2/_ddzrSCeQyUYKIiM0xxcgfVZKn2ld2SQs2UI_Z8A_5.jpg"",""https://static.yeezyunique.ru/batches/6cb9ff7b-d813-4394-8e73-aeda5d06a8f2/_ddzrSCeQyUYKIiM0xxcgfVZKn2ld2SQs2UI_Z8A_6.jpg"",""https://static.yeezyunique.ru/batches/6cb9ff7b-d813-4394-8e73-aeda5d06a8f2/_ddzrSCeQyUYKIiM0xxcgfVZKn2ld2SQs2UI_Z8A_7.jpg"",""https://static.yeezyunique.ru/batches/6cb9ff7b-d813-4394-8e73-aeda5d06a8f2/_ddzrSCeQyUYKIiM0xxcgfVZKn2ld2SQs2UI_Z8A_8.jpg""]";true
_daMrS7LxauNGwQlBKFL9y31JOd-NJ2PcyDNOvHA;Dior Кеды;Стильные кеды на платформе с изысканной вышивкой, создающей эффектный объемный узор. Модель визуально удлиняет ноги и обеспечивает комфорт благодаря продуманной конструкции подошвы.\n\nРазмеры: 35-40.;23000;ivacgwvpdne0t35;nzg3vsvajpiv1e8;owi4kqmgzy4veqz;Для женщин;"[""https://static.yeezyunique.ru/batches/6cb9ff7b-d813-4394-8e73-aeda5d06a8f2/_daMrS7LxauNGwQlBKFL9y31JOd-NJ2PcyDNOvHA_0.jpg"",""https://static.yeezyunique.ru/batches/6cb9ff7b-d813-4394-8e73-aeda5d06a8f2/_daMrS7LxauNGwQlBKFL9y31JOd-NJ2PcyDNOvHA_1.jpg"",""https://static.yeezyunique.ru/batches/6cb9ff7b-d813-4394-8e73-aeda5d06a8f2/_daMrS7LxauNGwQlBKFL9y31JOd-NJ2PcyDNOvHA_2.jpg"",""https://static.yeezyunique.ru/batches/6cb9ff7b-d813-4394-8e73-aeda5d06a8f2/_daMrS7LxauNGwQlBKFL9y31JOd-NJ2PcyDNOvHA_3.jpg"",""https://static.yeezyunique.ru/batches/6cb9ff7b-d813-4394-8e73-aeda5d06a8f2/_daMrS7LxauNGwQlBKFL9y31JOd-NJ2PcyDNOvHA_4.jpg"",""https://static.yeezyunique.ru/batches/6cb9ff7b-d813-4394-8e73-aeda5d06a8f2/_daMrS7LxauNGwQlBKFL9y31JOd-NJ2PcyDNOvHA_5.jpg"",""https://static.yeezyunique.ru/batches/6cb9ff7b-d813-4394-8e73-aeda5d06a8f2/_daMrS7LxauNGwQlBKFL9y31JOd-NJ2PcyDNOvHA_6.jpg"",""https://static.yeezyunique.ru/batches/6cb9ff7b-d813-4394-8e73-aeda5d06a8f2/_daMrS7LxauNGwQlBKFL9y31JOd-NJ2PcyDNOvHA_7.jpg"",""https://static.yeezyunique.ru/batches/6cb9ff7b-d813-4394-8e73-aeda5d06a8f2/_daMrS7LxauNGwQlBKFL9y31JOd-NJ2PcyDNOvHA_8.jpg""]";true
_dYurSsiSZlKe8ic-R5-StbBze7QV9ePI1i09SVg;Dior Кеды;Стильные кеды на платформе с изысканной вышивкой, создающей эффектный объемный узор. Модель визуально удлиняет ноги и обеспечивает комфорт благодаря продуманной конструкции подошвы.\n\nРазмеры: 35-40.;23000;ivacgwvpdne0t35;nzg3vsvajpiv1e8;owi4kqmgzy4veqz;Для женщин;"[""https://static.yeezyunique.ru/batches/6cb9ff7b-d813-4394-8e73-aeda5d06a8f2/_dYurSsiSZlKe8ic-R5-StbBze7QV9ePI1i09SVg_0.jpg"",""https://static.yeezyunique.ru/batches/6cb9ff7b-d813-4394-8e73-aeda5d06a8f2/_dYurSsiSZlKe8ic-R5-StbBze7QV9ePI1i09SVg_1.jpg"",""https://static.yeezyunique.ru/batches/6cb9ff7b-d813-4394-8e73-aeda5d06a8f2/_dYurSsiSZlKe8ic-R5-StbBze7QV9ePI1i09SVg_2.jpg"",""https://static.yeezyunique.ru/batches/6cb9ff7b-d813-4394-8e73-aeda5d06a8f2/_dYurSsiSZlKe8ic-R5-StbBze7QV9ePI1i09SVg_3.jpg"",""https://static.yeezyunique.ru/batches/6cb9ff7b-d813-4394-8e73-aeda5d06a8f2/_dYurSsiSZlKe8ic-R5-StbBze7QV9ePI1i09SVg_4.jpg"",""https://static.yeezyunique.ru/batches/6cb9ff7b-d813-4394-8e73-aeda5d06a8f2/_dYurSsiSZlKe8ic-R5-StbBze7QV9ePI1i09SVg_5.jpg"",""https://static.yeezyunique.ru/batches/6cb9ff7b-d813-4394-8e73-aeda5d06a8f2/_dYurSsiSZlKe8ic-R5-StbBze7QV9ePI1i09SVg_6.jpg"",""https://static.yeezyunique.ru/batches/6cb9ff7b-d813-4394-8e73-aeda5d06a8f2/_dYurSsiSZlKe8ic-R5-StbBze7QV9ePI1i09SVg_7.jpg"",""https://static.yeezyunique.ru/batches/6cb9ff7b-d813-4394-8e73-aeda5d06a8f2/_dYurSsiSZlKe8ic-R5-StbBze7QV9ePI1i09SVg_8.jpg""]";true
_dtjrSejGXrDw_6v5_KIXfYJzYIjRE7RvbhVvPuw;Dior Кеды;Классические кеды Dior с эффектным рельефным узором на поверхности, который придает модели утонченность и стиль. Утолщенная подошва визуально удлиняет ноги и обеспечивает комфорт при повседневной носке.\n\nРазмеры: 35-40.;23000;ivacgwvpdne0t35;nzg3vsvajpiv1e8;owi4kqmgzy4veqz;Для женщин;"[""https://static.yeezyunique.ru/batches/6cb9ff7b-d813-4394-8e73-aeda5d06a8f2/_dtjrSejGXrDw_6v5_KIXfYJzYIjRE7RvbhVvPuw_0.jpg"",""https://static.yeezyunique.ru/batches/6cb9ff7b-d813-4394-8e73-aeda5d06a8f2/_dtjrSejGXrDw_6v5_KIXfYJzYIjRE7RvbhVvPuw_1.jpg"",""https://static.yeezyunique.ru/batches/6cb9ff7b-d813-4394-8e73-aeda5d06a8f2/_dtjrSejGXrDw_6v5_KIXfYJzYIjRE7RvbhVvPuw_2.jpg"",""https://static.yeezyunique.ru/batches/6cb9ff7b-d813-4394-8e73-aeda5d06a8f2/_dtjrSejGXrDw_6v5_KIXfYJzYIjRE7RvbhVvPuw_3.jpg"",""https://static.yeezyunique.ru/batches/6cb9ff7b-d813-4394-8e73-aeda5d06a8f2/_dtjrSejGXrDw_6v5_KIXfYJzYIjRE7RvbhVvPuw_4.jpg"",""https://static.yeezyunique.ru/batches/6cb9ff7b-d813-4394-8e73-aeda5d06a8f2/_dtjrSejGXrDw_6v5_KIXfYJzYIjRE7RvbhVvPuw_5.jpg"",""https://static.yeezyunique.ru/batches/6cb9ff7b-d813-4394-8e73-aeda5d06a8f2/_dtjrSejGXrDw_6v5_KIXfYJzYIjRE7RvbhVvPuw_6.jpg"",""https://static.yeezyunique.ru/batches/6cb9ff7b-d813-4394-8e73-aeda5d06a8f2/_dtjrSejGXrDw_6v5_KIXfYJzYIjRE7RvbhVvPuw_7.jpg"",""https://static.yeezyunique.ru/batches/6cb9ff7b-d813-4394-8e73-aeda5d06a8f2/_dtjrSejGXrDw_6v5_KIXfYJzYIjRE7RvbhVvPuw_8.jpg""]";true
_dgFrSTTnmILMwZdg-B1tsjaW0UeYH62figGXvBg;Chanel Кроссовки;Стильные кроссовки в классической черно-белой расцветке, идеально подходящие для создания весенних образов. Модель выполнена из премиальной итальянской телячьей кожи и замши с подкладкой из дышащей сетчатой ткани для максимального комфорта.\n\nРазмеры: 35-40.;23000;3wxtez8ckauz7o1;nzg3vsvajpiv1e8;ll3hofpd5wqxr81;Для женщин;"[""https://static.yeezyunique.ru/batches/6cb9ff7b-d813-4394-8e73-aeda5d06a8f2/_dgFrSTTnmILMwZdg-B1tsjaW0UeYH62figGXvBg_0.jpg"",""https://static.yeezyunique.ru/batches/6cb9ff7b-d813-4394-8e73-aeda5d06a8f2/_dgFrSTTnmILMwZdg-B1tsjaW0UeYH62figGXvBg_1.jpg"",""https://static.yeezyunique.ru/batches/6cb9ff7b-d813-4394-8e73-aeda5d06a8f2/_dgFrSTTnmILMwZdg-B1tsjaW0UeYH62figGXvBg_2.jpg"",""https://static.yeezyunique.ru/batches/6cb9ff7b-d813-4394-8e73-aeda5d06a8f2/_dgFrSTTnmILMwZdg-B1tsjaW0UeYH62figGXvBg_3.jpg"",""https://static.yeezyunique.ru/batches/6cb9ff7b-d813-4394-8e73-aeda5d06a8f2/_dgFrSTTnmILMwZdg-B1tsjaW0UeYH62figGXvBg_4.jpg"",""https://static.yeezyunique.ru/batches/6cb9ff7b-d813-4394-8e73-aeda5d06a8f2/_dgFrSTTnmILMwZdg-B1tsjaW0UeYH62figGXvBg_5.jpg"",""https://static.yeezyunique.ru/batches/6cb9ff7b-d813-4394-8e73-aeda5d06a8f2/_dgFrSTTnmILMwZdg-B1tsjaW0UeYH62figGXvBg_6.jpg"",""https://static.yeezyunique.ru/batches/6cb9ff7b-d813-4394-8e73-aeda5d06a8f2/_dgFrSTTnmILMwZdg-B1tsjaW0UeYH62figGXvBg_7.jpg"",""https://static.yeezyunique.ru/batches/6cb9ff7b-d813-4394-8e73-aeda5d06a8f2/_dgFrSTTnmILMwZdg-B1tsjaW0UeYH62figGXvBg_8.jpg""]";true
_dn8rSnWTKwXSOrrqhcEytkfC32uMU7IJkS6Q-rg;Chanel Кеды;Стильные повседневные кеды на шнуровке, выполненные из премиальной итальянской замши. Внутренняя отделка из нежной кожи ягненка обеспечивает исключительный комфорт и долговечность.\n\nРазмеры: 35-41.;23000;3wxtez8ckauz7o1;nzg3vsvajpiv1e8;owi4kqmgzy4veqz;Для женщин;"[""https://static.yeezyunique.ru/batches/6cb9ff7b-d813-4394-8e73-aeda5d06a8f2/_dn8rSnWTKwXSOrrqhcEytkfC32uMU7IJkS6Q-rg_0.jpg"",""https://static.yeezyunique.ru/batches/6cb9ff7b-d813-4394-8e73-aeda5d06a8f2/_dn8rSnWTKwXSOrrqhcEytkfC32uMU7IJkS6Q-rg_1.jpg"",""https://static.yeezyunique.ru/batches/6cb9ff7b-d813-4394-8e73-aeda5d06a8f2/_dn8rSnWTKwXSOrrqhcEytkfC32uMU7IJkS6Q-rg_2.jpg"",""https://static.yeezyunique.ru/batches/6cb9ff7b-d813-4394-8e73-aeda5d06a8f2/_dn8rSnWTKwXSOrrqhcEytkfC32uMU7IJkS6Q-rg_3.jpg"",""https://static.yeezyunique.ru/batches/6cb9ff7b-d813-4394-8e73-aeda5d06a8f2/_dn8rSnWTKwXSOrrqhcEytkfC32uMU7IJkS6Q-rg_4.jpg"",""https://static.yeezyunique.ru/batches/6cb9ff7b-d813-4394-8e73-aeda5d06a8f2/_dn8rSnWTKwXSOrrqhcEytkfC32uMU7IJkS6Q-rg_5.jpg"",""https://static.yeezyunique.ru/batches/6cb9ff7b-d813-4394-8e73-aeda5d06a8f2/_dn8rSnWTKwXSOrrqhcEytkfC32uMU7IJkS6Q-rg_6.jpg"",""https://static.yeezyunique.ru/batches/6cb9ff7b-d813-4394-8e73-aeda5d06a8f2/_dn8rSnWTKwXSOrrqhcEytkfC32uMU7IJkS6Q-rg_7.jpg"",""https://static.yeezyunique.ru/batches/6cb9ff7b-d813-4394-8e73-aeda5d06a8f2/_dn8rSnWTKwXSOrrqhcEytkfC32uMU7IJkS6Q-rg_8.jpg""]";true
_doyrSjs63W_fyZu7CxE-IdfBXnhKukaZFH76l4w;Chanel Кеды;Стильные повседневные кеды на шнуровке, выполненные из премиальной итальянской замши. Внутренняя отделка из нежной кожи ягненка обеспечивает исключительный комфорт и долговечность.\n\nРазмеры: 35-41.;23000;3wxtez8ckauz7o1;nzg3vsvajpiv1e8;owi4kqmgzy4veqz;Для женщин;"[""https://static.yeezyunique.ru/batches/6cb9ff7b-d813-4394-8e73-aeda5d06a8f2/_doyrSjs63W_fyZu7CxE-IdfBXnhKukaZFH76l4w_0.jpg"",""https://static.yeezyunique.ru/batches/6cb9ff7b-d813-4394-8e73-aeda5d06a8f2/_doyrSjs63W_fyZu7CxE-IdfBXnhKukaZFH76l4w_1.jpg"",""https://static.yeezyunique.ru/batches/6cb9ff7b-d813-4394-8e73-aeda5d06a8f2/_doyrSjs63W_fyZu7CxE-IdfBXnhKukaZFH76l4w_2.jpg"",""https://static.yeezyunique.ru/batches/6cb9ff7b-d813-4394-8e73-aeda5d06a8f2/_doyrSjs63W_fyZu7CxE-IdfBXnhKukaZFH76l4w_3.jpg"",""https://static.yeezyunique.ru/batches/6cb9ff7b-d813-4394-8e73-aeda5d06a8f2/_doyrSjs63W_fyZu7CxE-IdfBXnhKukaZFH76l4w_4.jpg"",""https://static.yeezyunique.ru/batches/6cb9ff7b-d813-4394-8e73-aeda5d06a8f2/_doyrSjs63W_fyZu7CxE-IdfBXnhKukaZFH76l4w_5.jpg"",""https://static.yeezyunique.ru/batches/6cb9ff7b-d813-4394-8e73-aeda5d06a8f2/_doyrSjs63W_fyZu7CxE-IdfBXnhKukaZFH76l4w_6.jpg"",""https://static.yeezyunique.ru/batches/6cb9ff7b-d813-4394-8e73-aeda5d06a8f2/_doyrSjs63W_fyZu7CxE-IdfBXnhKukaZFH76l4w_7.jpg"",""https://static.yeezyunique.ru/batches/6cb9ff7b-d813-4394-8e73-aeda5d06a8f2/_doyrSjs63W_fyZu7CxE-IdfBXnhKukaZFH76l4w_8.jpg""]";true
_diKrSEYCJ7ksm3J91V3c9s_kaPoZ1AdK2E894qg;Chanel Кроссовки;Стильные кроссовки из круизной коллекции, выполненные в эффектном градиентном дизайне. Верх модели изготовлен из премиальной итальянской кожи, а внутренняя отделка из нежной овечьей кожи обеспечивает исключительный комфорт.\n\nРазмеры: 35-40.;23000;3wxtez8ckauz7o1;nzg3vsvajpiv1e8;ll3hofpd5wqxr81;Для женщин;"[""https://static.yeezyunique.ru/batches/6cb9ff7b-d813-4394-8e73-aeda5d06a8f2/_diKrSEYCJ7ksm3J91V3c9s_kaPoZ1AdK2E894qg_0.jpg"",""https://static.yeezyunique.ru/batches/6cb9ff7b-d813-4394-8e73-aeda5d06a8f2/_diKrSEYCJ7ksm3J91V3c9s_kaPoZ1AdK2E894qg_1.jpg"",""https://static.yeezyunique.ru/batches/6cb9ff7b-d813-4394-8e73-aeda5d06a8f2/_diKrSEYCJ7ksm3J91V3c9s_kaPoZ1AdK2E894qg_2.jpg"",""https://static.yeezyunique.ru/batches/6cb9ff7b-d813-4394-8e73-aeda5d06a8f2/_diKrSEYCJ7ksm3J91V3c9s_kaPoZ1AdK2E894qg_3.jpg"",""https://static.yeezyunique.ru/batches/6cb9ff7b-d813-4394-8e73-aeda5d06a8f2/_diKrSEYCJ7ksm3J91V3c9s_kaPoZ1AdK2E894qg_4.jpg"",""https://static.yeezyunique.ru/batches/6cb9ff7b-d813-4394-8e73-aeda5d06a8f2/_diKrSEYCJ7ksm3J91V3c9s_kaPoZ1AdK2E894qg_5.jpg"",""https://static.yeezyunique.ru/batches/6cb9ff7b-d813-4394-8e73-aeda5d06a8f2/_diKrSEYCJ7ksm3J91V3c9s_kaPoZ1AdK2E894qg_6.jpg"",""https://static.yeezyunique.ru/batches/6cb9ff7b-d813-4394-8e73-aeda5d06a8f2/_diKrSEYCJ7ksm3J91V3c9s_kaPoZ1AdK2E894qg_7.jpg"",""https://static.yeezyunique.ru/batches/6cb9ff7b-d813-4394-8e73-aeda5d06a8f2/_diKrSEYCJ7ksm3J91V3c9s_kaPoZ1AdK2E894qg_8.jpg""]";true
_djVrSDQ24vvc4CCRzuseosdnDeDpDOhI0DQlSbA;Chanel Кроссовки;Стильные кроссовки из круизной коллекции, выполненные в эффектном градиентном дизайне. Верх модели изготовлен из премиальной итальянской кожи, а внутренняя отделка из нежной овечьей кожи обеспечивает исключительный комфорт.\n\nРазмеры: 35-40.;23000;3wxtez8ckauz7o1;nzg3vsvajpiv1e8;ll3hofpd5wqxr81;Для женщин;"[""https://static.yeezyunique.ru/batches/6cb9ff7b-d813-4394-8e73-aeda5d06a8f2/_djVrSDQ24vvc4CCRzuseosdnDeDpDOhI0DQlSbA_0.jpg"",""https://static.yeezyunique.ru/batches/6cb9ff7b-d813-4394-8e73-aeda5d06a8f2/_djVrSDQ24vvc4CCRzuseosdnDeDpDOhI0DQlSbA_1.jpg"",""https://static.yeezyunique.ru/batches/6cb9ff7b-d813-4394-8e73-aeda5d06a8f2/_djVrSDQ24vvc4CCRzuseosdnDeDpDOhI0DQlSbA_2.jpg"",""https://static.yeezyunique.ru/batches/6cb9ff7b-d813-4394-8e73-aeda5d06a8f2/_djVrSDQ24vvc4CCRzuseosdnDeDpDOhI0DQlSbA_3.jpg"",""https://static.yeezyunique.ru/batches/6cb9ff7b-d813-4394-8e73-aeda5d06a8f2/_djVrSDQ24vvc4CCRzuseosdnDeDpDOhI0DQlSbA_4.jpg"",""https://static.yeezyunique.ru/batches/6cb9ff7b-d813-4394-8e73-aeda5d06a8f2/_djVrSDQ24vvc4CCRzuseosdnDeDpDOhI0DQlSbA_5.jpg"",""https://static.yeezyunique.ru/batches/6cb9ff7b-d813-4394-8e73-aeda5d06a8f2/_djVrSDQ24vvc4CCRzuseosdnDeDpDOhI0DQlSbA_6.jpg"",""https://static.yeezyunique.ru/batches/6cb9ff7b-d813-4394-8e73-aeda5d06a8f2/_djVrSDQ24vvc4CCRzuseosdnDeDpDOhI0DQlSbA_7.jpg"",""https://static.yeezyunique.ru/batches/6cb9ff7b-d813-4394-8e73-aeda5d06a8f2/_djVrSDQ24vvc4CCRzuseosdnDeDpDOhI0DQlSbA_8.jpg""]";true
_df7rSI0TqBHTb1ZsubPuAQ8J2qrZUSNAQSCo5fA;Balenciaga Кроссовки;Стильные кроссовки из коллаборации PUMA x Balenciaga в эстетике гоночной обуви. Модель выполнена с эффектом состаривания и потертостями, подчеркивающими уникальный дизайн и премиальное качество материалов.\n\nРазмеры: 36-46 (унисекс).;23000;mj2732zh7c7pchi;nzg3vsvajpiv1e8;ll3hofpd5wqxr81;Унисекс;"[""https://static.yeezyunique.ru/batches/6cb9ff7b-d813-4394-8e73-aeda5d06a8f2/_df7rSI0TqBHTb1ZsubPuAQ8J2qrZUSNAQSCo5fA_0.jpg"",""https://static.yeezyunique.ru/batches/6cb9ff7b-d813-4394-8e73-aeda5d06a8f2/_df7rSI0TqBHTb1ZsubPuAQ8J2qrZUSNAQSCo5fA_1.jpg"",""https://static.yeezyunique.ru/batches/6cb9ff7b-d813-4394-8e73-aeda5d06a8f2/_df7rSI0TqBHTb1ZsubPuAQ8J2qrZUSNAQSCo5fA_2.jpg"",""https://static.yeezyunique.ru/batches/6cb9ff7b-d813-4394-8e73-aeda5d06a8f2/_df7rSI0TqBHTb1ZsubPuAQ8J2qrZUSNAQSCo5fA_3.jpg"",""https://static.yeezyunique.ru/batches/6cb9ff7b-d813-4394-8e73-aeda5d06a8f2/_df7rSI0TqBHTb1ZsubPuAQ8J2qrZUSNAQSCo5fA_4.jpg"",""https://static.yeezyunique.ru/batches/6cb9ff7b-d813-4394-8e73-aeda5d06a8f2/_df7rSI0TqBHTb1ZsubPuAQ8J2qrZUSNAQSCo5fA_5.jpg"",""https://static.yeezyunique.ru/batches/6cb9ff7b-d813-4394-8e73-aeda5d06a8f2/_df7rSI0TqBHTb1ZsubPuAQ8J2qrZUSNAQSCo5fA_6.jpg"",""https://static.yeezyunique.ru/batches/6cb9ff7b-d813-4394-8e73-aeda5d06a8f2/_df7rSI0TqBHTb1ZsubPuAQ8J2qrZUSNAQSCo5fA_7.jpg"",""https://static.yeezyunique.ru/batches/6cb9ff7b-d813-4394-8e73-aeda5d06a8f2/_df7rSI0TqBHTb1ZsubPuAQ8J2qrZUSNAQSCo5fA_8.jpg""]";true
_dierSNRmDm27fwPMDJWLyDZCNRzIVKhN6ouPUzg;Balenciaga Кроссовки;Стильные кроссовки из коллаборации PUMA x Balenciaga в дизайне гоночной обуви. Модель выполнена с эффектом состаривания и потертостей, что придает ей уникальный винтажный вид.\n\nРазмеры: 36-46 (унисекс).;23000;mj2732zh7c7pchi;nzg3vsvajpiv1e8;ll3hofpd5wqxr81;Унисекс;"[""https://static.yeezyunique.ru/batches/6cb9ff7b-d813-4394-8e73-aeda5d06a8f2/_dierSNRmDm27fwPMDJWLyDZCNRzIVKhN6ouPUzg_0.jpg"",""https://static.yeezyunique.ru/batches/6cb9ff7b-d813-4394-8e73-aeda5d06a8f2/_dierSNRmDm27fwPMDJWLyDZCNRzIVKhN6ouPUzg_1.jpg"",""https://static.yeezyunique.ru/batches/6cb9ff7b-d813-4394-8e73-aeda5d06a8f2/_dierSNRmDm27fwPMDJWLyDZCNRzIVKhN6ouPUzg_2.jpg"",""https://static.yeezyunique.ru/batches/6cb9ff7b-d813-4394-8e73-aeda5d06a8f2/_dierSNRmDm27fwPMDJWLyDZCNRzIVKhN6ouPUzg_3.jpg"",""https://static.yeezyunique.ru/batches/6cb9ff7b-d813-4394-8e73-aeda5d06a8f2/_dierSNRmDm27fwPMDJWLyDZCNRzIVKhN6ouPUzg_4.jpg"",""https://static.yeezyunique.ru/batches/6cb9ff7b-d813-4394-8e73-aeda5d06a8f2/_dierSNRmDm27fwPMDJWLyDZCNRzIVKhN6ouPUzg_5.jpg"",""https://static.yeezyunique.ru/batches/6cb9ff7b-d813-4394-8e73-aeda5d06a8f2/_dierSNRmDm27fwPMDJWLyDZCNRzIVKhN6ouPUzg_6.jpg"",""https://static.yeezyunique.ru/batches/6cb9ff7b-d813-4394-8e73-aeda5d06a8f2/_dierSNRmDm27fwPMDJWLyDZCNRzIVKhN6ouPUzg_7.jpg"",""https://static.yeezyunique.ru/batches/6cb9ff7b-d813-4394-8e73-aeda5d06a8f2/_dierSNRmDm27fwPMDJWLyDZCNRzIVKhN6ouPUzg_8.jpg""]";true
_dnvrSq0fNKL6ZQ2NTfkzl7BUEY547xp9sBYz9Jw;Balenciaga Кроссовки;Стильные кроссовки из коллаборации PUMA x Balenciaga в дизайне гоночной обуви. Модель выполнена с эффектом состаривания и потертостями, что придает ей уникальный винтажный вид.\n\nРазмеры: 36-46 (унисекс).;23000;mj2732zh7c7pchi;nzg3vsvajpiv1e8;ll3hofpd5wqxr81;Унисекс;"[""https://static.yeezyunique.ru/batches/6cb9ff7b-d813-4394-8e73-aeda5d06a8f2/_dnvrSq0fNKL6ZQ2NTfkzl7BUEY547xp9sBYz9Jw_0.jpg"",""https://static.yeezyunique.ru/batches/6cb9ff7b-d813-4394-8e73-aeda5d06a8f2/_dnvrSq0fNKL6ZQ2NTfkzl7BUEY547xp9sBYz9Jw_1.jpg"",""https://static.yeezyunique.ru/batches/6cb9ff7b-d813-4394-8e73-aeda5d06a8f2/_dnvrSq0fNKL6ZQ2NTfkzl7BUEY547xp9sBYz9Jw_2.jpg"",""https://static.yeezyunique.ru/batches/6cb9ff7b-d813-4394-8e73-aeda5d06a8f2/_dnvrSq0fNKL6ZQ2NTfkzl7BUEY547xp9sBYz9Jw_3.jpg"",""https://static.yeezyunique.ru/batches/6cb9ff7b-d813-4394-8e73-aeda5d06a8f2/_dnvrSq0fNKL6ZQ2NTfkzl7BUEY547xp9sBYz9Jw_4.jpg"",""https://static.yeezyunique.ru/batches/6cb9ff7b-d813-4394-8e73-aeda5d06a8f2/_dnvrSq0fNKL6ZQ2NTfkzl7BUEY547xp9sBYz9Jw_5.jpg"",""https://static.yeezyunique.ru/batches/6cb9ff7b-d813-4394-8e73-aeda5d06a8f2/_dnvrSq0fNKL6ZQ2NTfkzl7BUEY547xp9sBYz9Jw_6.jpg"",""https://static.yeezyunique.ru/batches/6cb9ff7b-d813-4394-8e73-aeda5d06a8f2/_dnvrSq0fNKL6ZQ2NTfkzl7BUEY547xp9sBYz9Jw_7.jpg"",""https://static.yeezyunique.ru/batches/6cb9ff7b-d813-4394-8e73-aeda5d06a8f2/_dnvrSq0fNKL6ZQ2NTfkzl7BUEY547xp9sBYz9Jw_8.jpg""]";true
_dA_rS6Dn9r7kX4FSKvtmMaDxftKAXAFlvz3QH3A;Balenciaga Кроссовки;Стильные кроссовки из коллаборации PUMA x Balenciaga в эстетике гоночной обуви. Модель выполнена с эффектом состаривания и потертостями, что придает ей уникальный винтажный вид.\n\nРазмеры: 36-42.;23000;mj2732zh7c7pchi;nzg3vsvajpiv1e8;ll3hofpd5wqxr81;Унисекс;"[""https://static.yeezyunique.ru/batches/6cb9ff7b-d813-4394-8e73-aeda5d06a8f2/_dA_rS6Dn9r7kX4FSKvtmMaDxftKAXAFlvz3QH3A_0.jpg"",""https://static.yeezyunique.ru/batches/6cb9ff7b-d813-4394-8e73-aeda5d06a8f2/_dA_rS6Dn9r7kX4FSKvtmMaDxftKAXAFlvz3QH3A_1.jpg"",""https://static.yeezyunique.ru/batches/6cb9ff7b-d813-4394-8e73-aeda5d06a8f2/_dA_rS6Dn9r7kX4FSKvtmMaDxftKAXAFlvz3QH3A_2.jpg"",""https://static.yeezyunique.ru/batches/6cb9ff7b-d813-4394-8e73-aeda5d06a8f2/_dA_rS6Dn9r7kX4FSKvtmMaDxftKAXAFlvz3QH3A_3.jpg"",""https://static.yeezyunique.ru/batches/6cb9ff7b-d813-4394-8e73-aeda5d06a8f2/_dA_rS6Dn9r7kX4FSKvtmMaDxftKAXAFlvz3QH3A_4.jpg"",""https://static.yeezyunique.ru/batches/6cb9ff7b-d813-4394-8e73-aeda5d06a8f2/_dA_rS6Dn9r7kX4FSKvtmMaDxftKAXAFlvz3QH3A_5.jpg"",""https://static.yeezyunique.ru/batches/6cb9ff7b-d813-4394-8e73-aeda5d06a8f2/_dA_rS6Dn9r7kX4FSKvtmMaDxftKAXAFlvz3QH3A_6.jpg"",""https://static.yeezyunique.ru/batches/6cb9ff7b-d813-4394-8e73-aeda5d06a8f2/_dA_rS6Dn9r7kX4FSKvtmMaDxftKAXAFlvz3QH3A_7.jpg"",""https://static.yeezyunique.ru/batches/6cb9ff7b-d813-4394-8e73-aeda5d06a8f2/_dA_rS6Dn9r7kX4FSKvtmMaDxftKAXAFlvz3QH3A_8.jpg""]";true
_d-erSYv3W9Uadze8V_nZCRZkUWLCXpsNEBxxUsw;Balenciaga Кроссовки;Стильные кроссовки из коллаборации PUMA x Balenciaga в эстетике гоночной обуви. Модель выполнена с эффектом состаривания и потертостями, подчеркивающими уникальный дизайн и премиальное качество материалов.\n\nРазмеры: 36-46 (унисекс).;23000;mj2732zh7c7pchi;nzg3vsvajpiv1e8;ll3hofpd5wqxr81;Унисекс;"[""https://static.yeezyunique.ru/batches/6cb9ff7b-d813-4394-8e73-aeda5d06a8f2/_d-erSYv3W9Uadze8V_nZCRZkUWLCXpsNEBxxUsw_0.jpg"",""https://static.yeezyunique.ru/batches/6cb9ff7b-d813-4394-8e73-aeda5d06a8f2/_d-erSYv3W9Uadze8V_nZCRZkUWLCXpsNEBxxUsw_1.jpg"",""https://static.yeezyunique.ru/batches/6cb9ff7b-d813-4394-8e73-aeda5d06a8f2/_d-erSYv3W9Uadze8V_nZCRZkUWLCXpsNEBxxUsw_2.jpg"",""https://static.yeezyunique.ru/batches/6cb9ff7b-d813-4394-8e73-aeda5d06a8f2/_d-erSYv3W9Uadze8V_nZCRZkUWLCXpsNEBxxUsw_3.jpg"",""https://static.yeezyunique.ru/batches/6cb9ff7b-d813-4394-8e73-aeda5d06a8f2/_d-erSYv3W9Uadze8V_nZCRZkUWLCXpsNEBxxUsw_4.jpg"",""https://static.yeezyunique.ru/batches/6cb9ff7b-d813-4394-8e73-aeda5d06a8f2/_d-erSYv3W9Uadze8V_nZCRZkUWLCXpsNEBxxUsw_5.jpg"",""https://static.yeezyunique.ru/batches/6cb9ff7b-d813-4394-8e73-aeda5d06a8f2/_d-erSYv3W9Uadze8V_nZCRZkUWLCXpsNEBxxUsw_6.jpg"",""https://static.yeezyunique.ru/batches/6cb9ff7b-d813-4394-8e73-aeda5d06a8f2/_d-erSYv3W9Uadze8V_nZCRZkUWLCXpsNEBxxUsw_7.jpg"",""https://static.yeezyunique.ru/batches/6cb9ff7b-d813-4394-8e73-aeda5d06a8f2/_d-erSYv3W9Uadze8V_nZCRZkUWLCXpsNEBxxUsw_8.jpg""]";true
_dh0rS5zx6LdJKZvHVLtUB_57wlavABkkXsPSt8A;Balenciaga Кроссовки;Стильные кроссовки из коллаборации PUMA x Balenciaga в эстетике гоночной обуви. Модель выполнена с эффектом состаривания и потертостями, что придает ей уникальный винтажный вид.\n\nРазмеры: 36-46 (унисекс).;23000;mj2732zh7c7pchi;nzg3vsvajpiv1e8;ll3hofpd5wqxr81;Унисекс;"[""https://static.yeezyunique.ru/batches/6cb9ff7b-d813-4394-8e73-aeda5d06a8f2/_dh0rS5zx6LdJKZvHVLtUB_57wlavABkkXsPSt8A_0.jpg"",""https://static.yeezyunique.ru/batches/6cb9ff7b-d813-4394-8e73-aeda5d06a8f2/_dh0rS5zx6LdJKZvHVLtUB_57wlavABkkXsPSt8A_1.jpg"",""https://static.yeezyunique.ru/batches/6cb9ff7b-d813-4394-8e73-aeda5d06a8f2/_dh0rS5zx6LdJKZvHVLtUB_57wlavABkkXsPSt8A_2.jpg"",""https://static.yeezyunique.ru/batches/6cb9ff7b-d813-4394-8e73-aeda5d06a8f2/_dh0rS5zx6LdJKZvHVLtUB_57wlavABkkXsPSt8A_3.jpg"",""https://static.yeezyunique.ru/batches/6cb9ff7b-d813-4394-8e73-aeda5d06a8f2/_dh0rS5zx6LdJKZvHVLtUB_57wlavABkkXsPSt8A_4.jpg"",""https://static.yeezyunique.ru/batches/6cb9ff7b-d813-4394-8e73-aeda5d06a8f2/_dh0rS5zx6LdJKZvHVLtUB_57wlavABkkXsPSt8A_5.jpg"",""https://static.yeezyunique.ru/batches/6cb9ff7b-d813-4394-8e73-aeda5d06a8f2/_dh0rS5zx6LdJKZvHVLtUB_57wlavABkkXsPSt8A_6.jpg"",""https://static.yeezyunique.ru/batches/6cb9ff7b-d813-4394-8e73-aeda5d06a8f2/_dh0rS5zx6LdJKZvHVLtUB_57wlavABkkXsPSt8A_7.jpg"",""https://static.yeezyunique.ru/batches/6cb9ff7b-d813-4394-8e73-aeda5d06a8f2/_dh0rS5zx6LdJKZvHVLtUB_57wlavABkkXsPSt8A_8.jpg""]";true
_dbUrSmbZwtWm_3boEOwh6HWfjl3nwbfSSCfjNrg;Balenciaga Кроссовки;Стильные кроссовки из коллаборации PUMA x Balenciaga в дизайне гоночной обуви. Модель выполнена с эффектом состаривания и потертостей, что придает ей уникальный винтажный вид.\n\nРазмеры: 36-46 (унисекс).;23000;mj2732zh7c7pchi;nzg3vsvajpiv1e8;ll3hofpd5wqxr81;Унисекс;"[""https://static.yeezyunique.ru/batches/6cb9ff7b-d813-4394-8e73-aeda5d06a8f2/_dbUrSmbZwtWm_3boEOwh6HWfjl3nwbfSSCfjNrg_0.jpg"",""https://static.yeezyunique.ru/batches/6cb9ff7b-d813-4394-8e73-aeda5d06a8f2/_dbUrSmbZwtWm_3boEOwh6HWfjl3nwbfSSCfjNrg_1.jpg"",""https://static.yeezyunique.ru/batches/6cb9ff7b-d813-4394-8e73-aeda5d06a8f2/_dbUrSmbZwtWm_3boEOwh6HWfjl3nwbfSSCfjNrg_2.jpg"",""https://static.yeezyunique.ru/batches/6cb9ff7b-d813-4394-8e73-aeda5d06a8f2/_dbUrSmbZwtWm_3boEOwh6HWfjl3nwbfSSCfjNrg_3.jpg"",""https://static.yeezyunique.ru/batches/6cb9ff7b-d813-4394-8e73-aeda5d06a8f2/_dbUrSmbZwtWm_3boEOwh6HWfjl3nwbfSSCfjNrg_4.jpg"",""https://static.yeezyunique.ru/batches/6cb9ff7b-d813-4394-8e73-aeda5d06a8f2/_dbUrSmbZwtWm_3boEOwh6HWfjl3nwbfSSCfjNrg_5.jpg"",""https://static.yeezyunique.ru/batches/6cb9ff7b-d813-4394-8e73-aeda5d06a8f2/_dbUrSmbZwtWm_3boEOwh6HWfjl3nwbfSSCfjNrg_6.jpg"",""https://static.yeezyunique.ru/batches/6cb9ff7b-d813-4394-8e73-aeda5d06a8f2/_dbUrSmbZwtWm_3boEOwh6HWfjl3nwbfSSCfjNrg_7.jpg"",""https://static.yeezyunique.ru/batches/6cb9ff7b-d813-4394-8e73-aeda5d06a8f2/_dbUrSmbZwtWm_3boEOwh6HWfjl3nwbfSSCfjNrg_8.jpg""]";true
_d3LrSfgMjPrpQzSdXOESagovRii9Hmq2UZSffjA;Hermes Лоферы;Элегантные лоферы из коллекции Giulia, дополненные культовой пряжкой Kelly. Модель выполнена из премиальной итальянской телячьей кожи с подкладкой из нежной овечьей кожи и дополнена качественной кожаной подошвой.\n\nРазмеры: 35-40.;23000;rakg8u0bx1y4qcy;nzg3vsvajpiv1e8;4pxynbc4fqy6aiu;Для женщин;"[""https://static.yeezyunique.ru/batches/6cb9ff7b-d813-4394-8e73-aeda5d06a8f2/_d3LrSfgMjPrpQzSdXOESagovRii9Hmq2UZSffjA_0.jpg"",""https://static.yeezyunique.ru/batches/6cb9ff7b-d813-4394-8e73-aeda5d06a8f2/_d3LrSfgMjPrpQzSdXOESagovRii9Hmq2UZSffjA_1.jpg"",""https://static.yeezyunique.ru/batches/6cb9ff7b-d813-4394-8e73-aeda5d06a8f2/_d3LrSfgMjPrpQzSdXOESagovRii9Hmq2UZSffjA_2.jpg"",""https://static.yeezyunique.ru/batches/6cb9ff7b-d813-4394-8e73-aeda5d06a8f2/_d3LrSfgMjPrpQzSdXOESagovRii9Hmq2UZSffjA_3.jpg"",""https://static.yeezyunique.ru/batches/6cb9ff7b-d813-4394-8e73-aeda5d06a8f2/_d3LrSfgMjPrpQzSdXOESagovRii9Hmq2UZSffjA_4.jpg"",""https://static.yeezyunique.ru/batches/6cb9ff7b-d813-4394-8e73-aeda5d06a8f2/_d3LrSfgMjPrpQzSdXOESagovRii9Hmq2UZSffjA_5.jpg"",""https://static.yeezyunique.ru/batches/6cb9ff7b-d813-4394-8e73-aeda5d06a8f2/_d3LrSfgMjPrpQzSdXOESagovRii9Hmq2UZSffjA_6.jpg"",""https://static.yeezyunique.ru/batches/6cb9ff7b-d813-4394-8e73-aeda5d06a8f2/_d3LrSfgMjPrpQzSdXOESagovRii9Hmq2UZSffjA_7.jpg"",""https://static.yeezyunique.ru/batches/6cb9ff7b-d813-4394-8e73-aeda5d06a8f2/_d3LrSfgMjPrpQzSdXOESagovRii9Hmq2UZSffjA_8.jpg""]";true
_dyErSP04xgRJeHlJAfuGu2iKTab-g8Hv3BElo3A;Hermes Лоферы;Элегантные лоферы из коллекции Giulia, дополненные культовой пряжкой Kelly. Модель выполнена из премиальной итальянской телячьей кожи с подкладкой из нежной овечьей кожи и дополнена качественной кожаной подошвой.\n\nРазмеры: 35-40.;23000;rakg8u0bx1y4qcy;nzg3vsvajpiv1e8;4pxynbc4fqy6aiu;Для женщин;"[""https://static.yeezyunique.ru/batches/6cb9ff7b-d813-4394-8e73-aeda5d06a8f2/_dyErSP04xgRJeHlJAfuGu2iKTab-g8Hv3BElo3A_0.jpg"",""https://static.yeezyunique.ru/batches/6cb9ff7b-d813-4394-8e73-aeda5d06a8f2/_dyErSP04xgRJeHlJAfuGu2iKTab-g8Hv3BElo3A_1.jpg"",""https://static.yeezyunique.ru/batches/6cb9ff7b-d813-4394-8e73-aeda5d06a8f2/_dyErSP04xgRJeHlJAfuGu2iKTab-g8Hv3BElo3A_2.jpg"",""https://static.yeezyunique.ru/batches/6cb9ff7b-d813-4394-8e73-aeda5d06a8f2/_dyErSP04xgRJeHlJAfuGu2iKTab-g8Hv3BElo3A_3.jpg"",""https://static.yeezyunique.ru/batches/6cb9ff7b-d813-4394-8e73-aeda5d06a8f2/_dyErSP04xgRJeHlJAfuGu2iKTab-g8Hv3BElo3A_4.jpg"",""https://static.yeezyunique.ru/batches/6cb9ff7b-d813-4394-8e73-aeda5d06a8f2/_dyErSP04xgRJeHlJAfuGu2iKTab-g8Hv3BElo3A_5.jpg"",""https://static.yeezyunique.ru/batches/6cb9ff7b-d813-4394-8e73-aeda5d06a8f2/_dyErSP04xgRJeHlJAfuGu2iKTab-g8Hv3BElo3A_6.jpg"",""https://static.yeezyunique.ru/batches/6cb9ff7b-d813-4394-8e73-aeda5d06a8f2/_dyErSP04xgRJeHlJAfuGu2iKTab-g8Hv3BElo3A_7.jpg"",""https://static.yeezyunique.ru/batches/6cb9ff7b-d813-4394-8e73-aeda5d06a8f2/_dyErSP04xgRJeHlJAfuGu2iKTab-g8Hv3BElo3A_8.jpg""]";true
_d-mrSKH3GbukokQiOyUNEnet_NzGNdrDEQvP-Fw;Hermes Лоферы;Элегантные лоферы из коллекции Giulia, дополненные культовой пряжкой Kelly. Модель выполнена из премиальной итальянской телячьей кожи с подкладкой из нежной овечьей кожи и дополнена качественной кожаной подошвой.\n\nРазмеры: 35-40.;23000;rakg8u0bx1y4qcy;nzg3vsvajpiv1e8;4pxynbc4fqy6aiu;Для женщин;"[""https://static.yeezyunique.ru/batches/6cb9ff7b-d813-4394-8e73-aeda5d06a8f2/_d-mrSKH3GbukokQiOyUNEnet_NzGNdrDEQvP-Fw_0.jpg"",""https://static.yeezyunique.ru/batches/6cb9ff7b-d813-4394-8e73-aeda5d06a8f2/_d-mrSKH3GbukokQiOyUNEnet_NzGNdrDEQvP-Fw_1.jpg"",""https://static.yeezyunique.ru/batches/6cb9ff7b-d813-4394-8e73-aeda5d06a8f2/_d-mrSKH3GbukokQiOyUNEnet_NzGNdrDEQvP-Fw_2.jpg"",""https://static.yeezyunique.ru/batches/6cb9ff7b-d813-4394-8e73-aeda5d06a8f2/_d-mrSKH3GbukokQiOyUNEnet_NzGNdrDEQvP-Fw_3.jpg"",""https://static.yeezyunique.ru/batches/6cb9ff7b-d813-4394-8e73-aeda5d06a8f2/_d-mrSKH3GbukokQiOyUNEnet_NzGNdrDEQvP-Fw_4.jpg"",""https://static.yeezyunique.ru/batches/6cb9ff7b-d813-4394-8e73-aeda5d06a8f2/_d-mrSKH3GbukokQiOyUNEnet_NzGNdrDEQvP-Fw_5.jpg"",""https://static.yeezyunique.ru/batches/6cb9ff7b-d813-4394-8e73-aeda5d06a8f2/_d-mrSKH3GbukokQiOyUNEnet_NzGNdrDEQvP-Fw_6.jpg"",""https://static.yeezyunique.ru/batches/6cb9ff7b-d813-4394-8e73-aeda5d06a8f2/_d-mrSKH3GbukokQiOyUNEnet_NzGNdrDEQvP-Fw_7.jpg"",""https://static.yeezyunique.ru/batches/6cb9ff7b-d813-4394-8e73-aeda5d06a8f2/_d-mrSKH3GbukokQiOyUNEnet_NzGNdrDEQvP-Fw_8.jpg""]";true
_dl7rSENPTBP4AAjj6mzc1-JoQd8gtO-q6n6z0Ew;Roger Vivier Туфли;Классические туфли ручной работы с фирменной пряжкой. Модель выполнена из премиальной итальянской телячьей кожи и замши с подкладкой из нежной кожи ягненка и качественной кожаной подошвой.\n\nРазмеры: 35-40.;23000;4vr4ukv7pdgevuy;nzg3vsvajpiv1e8;mect3or5ztq64fc;Для женщин;"[""https://static.yeezyunique.ru/batches/6cb9ff7b-d813-4394-8e73-aeda5d06a8f2/_dl7rSENPTBP4AAjj6mzc1-JoQd8gtO-q6n6z0Ew_0.jpg"",""https://static.yeezyunique.ru/batches/6cb9ff7b-d813-4394-8e73-aeda5d06a8f2/_dl7rSENPTBP4AAjj6mzc1-JoQd8gtO-q6n6z0Ew_1.jpg"",""https://static.yeezyunique.ru/batches/6cb9ff7b-d813-4394-8e73-aeda5d06a8f2/_dl7rSENPTBP4AAjj6mzc1-JoQd8gtO-q6n6z0Ew_2.jpg"",""https://static.yeezyunique.ru/batches/6cb9ff7b-d813-4394-8e73-aeda5d06a8f2/_dl7rSENPTBP4AAjj6mzc1-JoQd8gtO-q6n6z0Ew_3.jpg"",""https://static.yeezyunique.ru/batches/6cb9ff7b-d813-4394-8e73-aeda5d06a8f2/_dl7rSENPTBP4AAjj6mzc1-JoQd8gtO-q6n6z0Ew_4.jpg"",""https://static.yeezyunique.ru/batches/6cb9ff7b-d813-4394-8e73-aeda5d06a8f2/_dl7rSENPTBP4AAjj6mzc1-JoQd8gtO-q6n6z0Ew_5.jpg"",""https://static.yeezyunique.ru/batches/6cb9ff7b-d813-4394-8e73-aeda5d06a8f2/_dl7rSENPTBP4AAjj6mzc1-JoQd8gtO-q6n6z0Ew_6.jpg"",""https://static.yeezyunique.ru/batches/6cb9ff7b-d813-4394-8e73-aeda5d06a8f2/_dl7rSENPTBP4AAjj6mzc1-JoQd8gtO-q6n6z0Ew_7.jpg"",""https://static.yeezyunique.ru/batches/6cb9ff7b-d813-4394-8e73-aeda5d06a8f2/_dl7rSENPTBP4AAjj6mzc1-JoQd8gtO-q6n6z0Ew_8.jpg""]";true
_dfSrSkkqCsoT6szi6awkrp5dJeyH9-XobqUnsag;Roger Vivier Туфли;Классические туфли ручной работы с фирменной пряжкой. Модель выполнена из премиальной итальянской телячьей кожи и замши с подкладкой из нежной кожи ягненка и качественной кожаной подошвой.\n\nРазмеры: 35-40.;23000;4vr4ukv7pdgevuy;nzg3vsvajpiv1e8;mect3or5ztq64fc;Для женщин;"[""https://static.yeezyunique.ru/batches/6cb9ff7b-d813-4394-8e73-aeda5d06a8f2/_dfSrSkkqCsoT6szi6awkrp5dJeyH9-XobqUnsag_0.jpg"",""https://static.yeezyunique.ru/batches/6cb9ff7b-d813-4394-8e73-aeda5d06a8f2/_dfSrSkkqCsoT6szi6awkrp5dJeyH9-XobqUnsag_1.jpg"",""https://static.yeezyunique.ru/batches/6cb9ff7b-d813-4394-8e73-aeda5d06a8f2/_dfSrSkkqCsoT6szi6awkrp5dJeyH9-XobqUnsag_2.jpg"",""https://static.yeezyunique.ru/batches/6cb9ff7b-d813-4394-8e73-aeda5d06a8f2/_dfSrSkkqCsoT6szi6awkrp5dJeyH9-XobqUnsag_3.jpg"",""https://static.yeezyunique.ru/batches/6cb9ff7b-d813-4394-8e73-aeda5d06a8f2/_dfSrSkkqCsoT6szi6awkrp5dJeyH9-XobqUnsag_4.jpg"",""https://static.yeezyunique.ru/batches/6cb9ff7b-d813-4394-8e73-aeda5d06a8f2/_dfSrSkkqCsoT6szi6awkrp5dJeyH9-XobqUnsag_5.jpg"",""https://static.yeezyunique.ru/batches/6cb9ff7b-d813-4394-8e73-aeda5d06a8f2/_dfSrSkkqCsoT6szi6awkrp5dJeyH9-XobqUnsag_6.jpg"",""https://static.yeezyunique.ru/batches/6cb9ff7b-d813-4394-8e73-aeda5d06a8f2/_dfSrSkkqCsoT6szi6awkrp5dJeyH9-XobqUnsag_7.jpg"",""https://static.yeezyunique.ru/batches/6cb9ff7b-d813-4394-8e73-aeda5d06a8f2/_dfSrSkkqCsoT6szi6awkrp5dJeyH9-XobqUnsag_8.jpg""]";true
_do9rSQE29ogfl8eDscJgdrr9DyQeEJ15V4-rG3Q;Roger Vivier Туфли;Классические туфли ручной работы с фирменной пряжкой, идеально подходящие как для повседневных образов, так и для торжественных мероприятий. Модель выполнена из премиальной итальянской телячьей кожи и замши с подкладкой из нежной кожи ягненка и качественной кожаной подошвой.\n\nРазмеры: 35-40.;23000;4vr4ukv7pdgevuy;nzg3vsvajpiv1e8;mect3or5ztq64fc;Для женщин;"[""https://static.yeezyunique.ru/batches/6cb9ff7b-d813-4394-8e73-aeda5d06a8f2/_do9rSQE29ogfl8eDscJgdrr9DyQeEJ15V4-rG3Q_0.jpg"",""https://static.yeezyunique.ru/batches/6cb9ff7b-d813-4394-8e73-aeda5d06a8f2/_do9rSQE29ogfl8eDscJgdrr9DyQeEJ15V4-rG3Q_1.jpg"",""https://static.yeezyunique.ru/batches/6cb9ff7b-d813-4394-8e73-aeda5d06a8f2/_do9rSQE29ogfl8eDscJgdrr9DyQeEJ15V4-rG3Q_2.jpg"",""https://static.yeezyunique.ru/batches/6cb9ff7b-d813-4394-8e73-aeda5d06a8f2/_do9rSQE29ogfl8eDscJgdrr9DyQeEJ15V4-rG3Q_3.jpg"",""https://static.yeezyunique.ru/batches/6cb9ff7b-d813-4394-8e73-aeda5d06a8f2/_do9rSQE29ogfl8eDscJgdrr9DyQeEJ15V4-rG3Q_4.jpg"",""https://static.yeezyunique.ru/batches/6cb9ff7b-d813-4394-8e73-aeda5d06a8f2/_do9rSQE29ogfl8eDscJgdrr9DyQeEJ15V4-rG3Q_5.jpg"",""https://static.yeezyunique.ru/batches/6cb9ff7b-d813-4394-8e73-aeda5d06a8f2/_do9rSQE29ogfl8eDscJgdrr9DyQeEJ15V4-rG3Q_6.jpg"",""https://static.yeezyunique.ru/batches/6cb9ff7b-d813-4394-8e73-aeda5d06a8f2/_do9rSQE29ogfl8eDscJgdrr9DyQeEJ15V4-rG3Q_7.jpg"",""https://static.yeezyunique.ru/batches/6cb9ff7b-d813-4394-8e73-aeda5d06a8f2/_do9rSQE29ogfl8eDscJgdrr9DyQeEJ15V4-rG3Q_8.jpg""]";true
_dabrSvFQwNi-6a7dQp6Vrz7X9QbwGTCxpgoLpjw;Roger Vivier Туфли;Классические туфли ручной работы с фирменной пряжкой. Модель выполнена из премиальной итальянской телячьей кожи и замши с подкладкой из нежной кожи ягненка и качественной кожаной подошвой.\n\nРазмеры: 35-40.;23000;4vr4ukv7pdgevuy;nzg3vsvajpiv1e8;mect3or5ztq64fc;Для женщин;"[""https://static.yeezyunique.ru/batches/6cb9ff7b-d813-4394-8e73-aeda5d06a8f2/_dabrSvFQwNi-6a7dQp6Vrz7X9QbwGTCxpgoLpjw_0.jpg"",""https://static.yeezyunique.ru/batches/6cb9ff7b-d813-4394-8e73-aeda5d06a8f2/_dabrSvFQwNi-6a7dQp6Vrz7X9QbwGTCxpgoLpjw_1.jpg"",""https://static.yeezyunique.ru/batches/6cb9ff7b-d813-4394-8e73-aeda5d06a8f2/_dabrSvFQwNi-6a7dQp6Vrz7X9QbwGTCxpgoLpjw_2.jpg"",""https://static.yeezyunique.ru/batches/6cb9ff7b-d813-4394-8e73-aeda5d06a8f2/_dabrSvFQwNi-6a7dQp6Vrz7X9QbwGTCxpgoLpjw_3.jpg"",""https://static.yeezyunique.ru/batches/6cb9ff7b-d813-4394-8e73-aeda5d06a8f2/_dabrSvFQwNi-6a7dQp6Vrz7X9QbwGTCxpgoLpjw_4.jpg"",""https://static.yeezyunique.ru/batches/6cb9ff7b-d813-4394-8e73-aeda5d06a8f2/_dabrSvFQwNi-6a7dQp6Vrz7X9QbwGTCxpgoLpjw_5.jpg"",""https://static.yeezyunique.ru/batches/6cb9ff7b-d813-4394-8e73-aeda5d06a8f2/_dabrSvFQwNi-6a7dQp6Vrz7X9QbwGTCxpgoLpjw_6.jpg"",""https://static.yeezyunique.ru/batches/6cb9ff7b-d813-4394-8e73-aeda5d06a8f2/_dabrSvFQwNi-6a7dQp6Vrz7X9QbwGTCxpgoLpjw_7.jpg"",""https://static.yeezyunique.ru/batches/6cb9ff7b-d813-4394-8e73-aeda5d06a8f2/_dabrSvFQwNi-6a7dQp6Vrz7X9QbwGTCxpgoLpjw_8.jpg""]";true
_dtqrSdA8apQiswVU0WBDvKtimX7zJcFbvtQeBTA;Roger Vivier Туфли;Классические туфли ручной работы с фирменной пряжкой. Модель выполнена из премиальной итальянской телячьей кожи и замши с подкладкой из нежной кожи ягненка и качественной кожаной подошвой.\n\nРазмеры: 35-40.;23000;4vr4ukv7pdgevuy;nzg3vsvajpiv1e8;mect3or5ztq64fc;Для женщин;"[""https://static.yeezyunique.ru/batches/6cb9ff7b-d813-4394-8e73-aeda5d06a8f2/_dtqrSdA8apQiswVU0WBDvKtimX7zJcFbvtQeBTA_0.jpg"",""https://static.yeezyunique.ru/batches/6cb9ff7b-d813-4394-8e73-aeda5d06a8f2/_dtqrSdA8apQiswVU0WBDvKtimX7zJcFbvtQeBTA_1.jpg"",""https://static.yeezyunique.ru/batches/6cb9ff7b-d813-4394-8e73-aeda5d06a8f2/_dtqrSdA8apQiswVU0WBDvKtimX7zJcFbvtQeBTA_2.jpg"",""https://static.yeezyunique.ru/batches/6cb9ff7b-d813-4394-8e73-aeda5d06a8f2/_dtqrSdA8apQiswVU0WBDvKtimX7zJcFbvtQeBTA_3.jpg"",""https://static.yeezyunique.ru/batches/6cb9ff7b-d813-4394-8e73-aeda5d06a8f2/_dtqrSdA8apQiswVU0WBDvKtimX7zJcFbvtQeBTA_4.jpg"",""https://static.yeezyunique.ru/batches/6cb9ff7b-d813-4394-8e73-aeda5d06a8f2/_dtqrSdA8apQiswVU0WBDvKtimX7zJcFbvtQeBTA_5.jpg"",""https://static.yeezyunique.ru/batches/6cb9ff7b-d813-4394-8e73-aeda5d06a8f2/_dtqrSdA8apQiswVU0WBDvKtimX7zJcFbvtQeBTA_6.jpg"",""https://static.yeezyunique.ru/batches/6cb9ff7b-d813-4394-8e73-aeda5d06a8f2/_dtqrSdA8apQiswVU0WBDvKtimX7zJcFbvtQeBTA_7.jpg"",""https://static.yeezyunique.ru/batches/6cb9ff7b-d813-4394-8e73-aeda5d06a8f2/_dtqrSdA8apQiswVU0WBDvKtimX7zJcFbvtQeBTA_8.jpg""]";true
_dm4rSjNH_He0PHkx8KZbc1aHG8J8m9V_o9YlR-Q;Roger Vivier Туфли;Классические туфли ручной работы с фирменной пряжкой. Модель выполнена из премиальной итальянской телячьей кожи и замши с подкладкой из нежной кожи ягненка и качественной кожаной подошвой.\n\nРазмеры: 35-40.;23000;4vr4ukv7pdgevuy;nzg3vsvajpiv1e8;mect3or5ztq64fc;Для женщин;"[""https://static.yeezyunique.ru/batches/6cb9ff7b-d813-4394-8e73-aeda5d06a8f2/_dm4rSjNH_He0PHkx8KZbc1aHG8J8m9V_o9YlR-Q_0.jpg"",""https://static.yeezyunique.ru/batches/6cb9ff7b-d813-4394-8e73-aeda5d06a8f2/_dm4rSjNH_He0PHkx8KZbc1aHG8J8m9V_o9YlR-Q_1.jpg"",""https://static.yeezyunique.ru/batches/6cb9ff7b-d813-4394-8e73-aeda5d06a8f2/_dm4rSjNH_He0PHkx8KZbc1aHG8J8m9V_o9YlR-Q_2.jpg"",""https://static.yeezyunique.ru/batches/6cb9ff7b-d813-4394-8e73-aeda5d06a8f2/_dm4rSjNH_He0PHkx8KZbc1aHG8J8m9V_o9YlR-Q_3.jpg"",""https://static.yeezyunique.ru/batches/6cb9ff7b-d813-4394-8e73-aeda5d06a8f2/_dm4rSjNH_He0PHkx8KZbc1aHG8J8m9V_o9YlR-Q_4.jpg"",""https://static.yeezyunique.ru/batches/6cb9ff7b-d813-4394-8e73-aeda5d06a8f2/_dm4rSjNH_He0PHkx8KZbc1aHG8J8m9V_o9YlR-Q_5.jpg"",""https://static.yeezyunique.ru/batches/6cb9ff7b-d813-4394-8e73-aeda5d06a8f2/_dm4rSjNH_He0PHkx8KZbc1aHG8J8m9V_o9YlR-Q_6.jpg"",""https://static.yeezyunique.ru/batches/6cb9ff7b-d813-4394-8e73-aeda5d06a8f2/_dm4rSjNH_He0PHkx8KZbc1aHG8J8m9V_o9YlR-Q_7.jpg"",""https://static.yeezyunique.ru/batches/6cb9ff7b-d813-4394-8e73-aeda5d06a8f2/_dm4rSjNH_He0PHkx8KZbc1aHG8J8m9V_o9YlR-Q_8.jpg""]";true
_dp-rSmNjcXyU6KE6PyE5iyRmbATL4ck-ec8GGYw;Roger Vivier Туфли;Классические туфли ручной работы с фирменной пряжкой. Модель выполнена из премиальной итальянской телячьей кожи и замши с подкладкой из нежной кожи ягненка и качественной кожаной подошвой.\n\nРазмеры: 35-40.;23000;4vr4ukv7pdgevuy;nzg3vsvajpiv1e8;mect3or5ztq64fc;Для женщин;"[""https://static.yeezyunique.ru/batches/6cb9ff7b-d813-4394-8e73-aeda5d06a8f2/_dp-rSmNjcXyU6KE6PyE5iyRmbATL4ck-ec8GGYw_0.jpg"",""https://static.yeezyunique.ru/batches/6cb9ff7b-d813-4394-8e73-aeda5d06a8f2/_dp-rSmNjcXyU6KE6PyE5iyRmbATL4ck-ec8GGYw_1.jpg"",""https://static.yeezyunique.ru/batches/6cb9ff7b-d813-4394-8e73-aeda5d06a8f2/_dp-rSmNjcXyU6KE6PyE5iyRmbATL4ck-ec8GGYw_2.jpg"",""https://static.yeezyunique.ru/batches/6cb9ff7b-d813-4394-8e73-aeda5d06a8f2/_dp-rSmNjcXyU6KE6PyE5iyRmbATL4ck-ec8GGYw_3.jpg"",""https://static.yeezyunique.ru/batches/6cb9ff7b-d813-4394-8e73-aeda5d06a8f2/_dp-rSmNjcXyU6KE6PyE5iyRmbATL4ck-ec8GGYw_4.jpg"",""https://static.yeezyunique.ru/batches/6cb9ff7b-d813-4394-8e73-aeda5d06a8f2/_dp-rSmNjcXyU6KE6PyE5iyRmbATL4ck-ec8GGYw_5.jpg"",""https://static.yeezyunique.ru/batches/6cb9ff7b-d813-4394-8e73-aeda5d06a8f2/_dp-rSmNjcXyU6KE6PyE5iyRmbATL4ck-ec8GGYw_6.jpg"",""https://static.yeezyunique.ru/batches/6cb9ff7b-d813-4394-8e73-aeda5d06a8f2/_dp-rSmNjcXyU6KE6PyE5iyRmbATL4ck-ec8GGYw_7.jpg"",""https://static.yeezyunique.ru/batches/6cb9ff7b-d813-4394-8e73-aeda5d06a8f2/_dp-rSmNjcXyU6KE6PyE5iyRmbATL4ck-ec8GGYw_8.jpg""]";true
_dkZrSI_uMYGyXfdoOz01ni1Wkt1ZBvRt07BwUzA;Roger Vivier Туфли;Классические туфли с круглым мысом, дополненные фирменной пряжкой со сверкающими кристаллами Swarovski. Модель выполнена из премиальной итальянской телячьей кожи с подкладкой из нежной кожи ягненка и дополнена качественной кожаной подошвой.\n\nРазмеры: 35-40.;23000;4vr4ukv7pdgevuy;nzg3vsvajpiv1e8;mect3or5ztq64fc;Для женщин;"[""https://static.yeezyunique.ru/batches/6cb9ff7b-d813-4394-8e73-aeda5d06a8f2/_dkZrSI_uMYGyXfdoOz01ni1Wkt1ZBvRt07BwUzA_0.jpg"",""https://static.yeezyunique.ru/batches/6cb9ff7b-d813-4394-8e73-aeda5d06a8f2/_dkZrSI_uMYGyXfdoOz01ni1Wkt1ZBvRt07BwUzA_1.jpg"",""https://static.yeezyunique.ru/batches/6cb9ff7b-d813-4394-8e73-aeda5d06a8f2/_dkZrSI_uMYGyXfdoOz01ni1Wkt1ZBvRt07BwUzA_2.jpg"",""https://static.yeezyunique.ru/batches/6cb9ff7b-d813-4394-8e73-aeda5d06a8f2/_dkZrSI_uMYGyXfdoOz01ni1Wkt1ZBvRt07BwUzA_3.jpg"",""https://static.yeezyunique.ru/batches/6cb9ff7b-d813-4394-8e73-aeda5d06a8f2/_dkZrSI_uMYGyXfdoOz01ni1Wkt1ZBvRt07BwUzA_4.jpg"",""https://static.yeezyunique.ru/batches/6cb9ff7b-d813-4394-8e73-aeda5d06a8f2/_dkZrSI_uMYGyXfdoOz01ni1Wkt1ZBvRt07BwUzA_5.jpg"",""https://static.yeezyunique.ru/batches/6cb9ff7b-d813-4394-8e73-aeda5d06a8f2/_dkZrSI_uMYGyXfdoOz01ni1Wkt1ZBvRt07BwUzA_6.jpg"",""https://static.yeezyunique.ru/batches/6cb9ff7b-d813-4394-8e73-aeda5d06a8f2/_dkZrSI_uMYGyXfdoOz01ni1Wkt1ZBvRt07BwUzA_7.jpg"",""https://static.yeezyunique.ru/batches/6cb9ff7b-d813-4394-8e73-aeda5d06a8f2/_dkZrSI_uMYGyXfdoOz01ni1Wkt1ZBvRt07BwUzA_8.jpg""]";true
_dm6rSlqW0muWlOLtQM8Ai9v3tEZogS6aajhJMQQ;Roger Vivier Туфли;Классические туфли с круглым мысом, дополненные фирменной пряжкой с кристаллами Сваровски. Модель выполнена из премиальной итальянской телячьей кожи с подкладкой из нежной кожи ягненка и дополнена качественной кожаной подошвой.\n\nРазмеры: 35-40.;23000;4vr4ukv7pdgevuy;nzg3vsvajpiv1e8;mect3or5ztq64fc;Для женщин;"[""https://static.yeezyunique.ru/batches/6cb9ff7b-d813-4394-8e73-aeda5d06a8f2/_dm6rSlqW0muWlOLtQM8Ai9v3tEZogS6aajhJMQQ_0.jpg"",""https://static.yeezyunique.ru/batches/6cb9ff7b-d813-4394-8e73-aeda5d06a8f2/_dm6rSlqW0muWlOLtQM8Ai9v3tEZogS6aajhJMQQ_1.jpg"",""https://static.yeezyunique.ru/batches/6cb9ff7b-d813-4394-8e73-aeda5d06a8f2/_dm6rSlqW0muWlOLtQM8Ai9v3tEZogS6aajhJMQQ_2.jpg"",""https://static.yeezyunique.ru/batches/6cb9ff7b-d813-4394-8e73-aeda5d06a8f2/_dm6rSlqW0muWlOLtQM8Ai9v3tEZogS6aajhJMQQ_3.jpg"",""https://static.yeezyunique.ru/batches/6cb9ff7b-d813-4394-8e73-aeda5d06a8f2/_dm6rSlqW0muWlOLtQM8Ai9v3tEZogS6aajhJMQQ_4.jpg"",""https://static.yeezyunique.ru/batches/6cb9ff7b-d813-4394-8e73-aeda5d06a8f2/_dm6rSlqW0muWlOLtQM8Ai9v3tEZogS6aajhJMQQ_5.jpg"",""https://static.yeezyunique.ru/batches/6cb9ff7b-d813-4394-8e73-aeda5d06a8f2/_dm6rSlqW0muWlOLtQM8Ai9v3tEZogS6aajhJMQQ_6.jpg"",""https://static.yeezyunique.ru/batches/6cb9ff7b-d813-4394-8e73-aeda5d06a8f2/_dm6rSlqW0muWlOLtQM8Ai9v3tEZogS6aajhJMQQ_7.jpg"",""https://static.yeezyunique.ru/batches/6cb9ff7b-d813-4394-8e73-aeda5d06a8f2/_dm6rSlqW0muWlOLtQM8Ai9v3tEZogS6aajhJMQQ_8.jpg""]";true
_dw9rSjb_AZjywA8szy68yVkLML7YS-LxFQBySxQ;Chanel Туфли;Элегантные двухцветные туфли с классическим логотипом CC. Модель выполнена из премиальной итальянской кожи ягненка с подкладкой из мягкой овечьей кожи и дополнена качественной кожаной подошвой.\n\nРазмеры: 35-41.;38000;3wxtez8ckauz7o1;nzg3vsvajpiv1e8;mect3or5ztq64fc;Для женщин;"[""https://static.yeezyunique.ru/batches/6cb9ff7b-d813-4394-8e73-aeda5d06a8f2/_dw9rSjb_AZjywA8szy68yVkLML7YS-LxFQBySxQ_0.jpg"",""https://static.yeezyunique.ru/batches/6cb9ff7b-d813-4394-8e73-aeda5d06a8f2/_dw9rSjb_AZjywA8szy68yVkLML7YS-LxFQBySxQ_1.jpg"",""https://static.yeezyunique.ru/batches/6cb9ff7b-d813-4394-8e73-aeda5d06a8f2/_dw9rSjb_AZjywA8szy68yVkLML7YS-LxFQBySxQ_2.jpg"",""https://static.yeezyunique.ru/batches/6cb9ff7b-d813-4394-8e73-aeda5d06a8f2/_dw9rSjb_AZjywA8szy68yVkLML7YS-LxFQBySxQ_3.jpg"",""https://static.yeezyunique.ru/batches/6cb9ff7b-d813-4394-8e73-aeda5d06a8f2/_dw9rSjb_AZjywA8szy68yVkLML7YS-LxFQBySxQ_4.jpg"",""https://static.yeezyunique.ru/batches/6cb9ff7b-d813-4394-8e73-aeda5d06a8f2/_dw9rSjb_AZjywA8szy68yVkLML7YS-LxFQBySxQ_5.jpg"",""https://static.yeezyunique.ru/batches/6cb9ff7b-d813-4394-8e73-aeda5d06a8f2/_dw9rSjb_AZjywA8szy68yVkLML7YS-LxFQBySxQ_6.jpg"",""https://static.yeezyunique.ru/batches/6cb9ff7b-d813-4394-8e73-aeda5d06a8f2/_dw9rSjb_AZjywA8szy68yVkLML7YS-LxFQBySxQ_7.jpg"",""https://static.yeezyunique.ru/batches/6cb9ff7b-d813-4394-8e73-aeda5d06a8f2/_dw9rSjb_AZjywA8szy68yVkLML7YS-LxFQBySxQ_8.jpg""]";true
_dwwrSerqUtQyl5tx8VLAwsM89ACNDM8amhr36og;Chanel Туфли;Элегантные двухцветные туфли с классическим логотипом CC. Модель выполнена из премиальной итальянской кожи ягненка с подкладкой из мягкой овечьей кожи и качественной кожаной подошвой.\n\nРазмеры: 35-41.;38000;3wxtez8ckauz7o1;nzg3vsvajpiv1e8;mect3or5ztq64fc;Для женщин;"[""https://static.yeezyunique.ru/batches/6cb9ff7b-d813-4394-8e73-aeda5d06a8f2/_dwwrSerqUtQyl5tx8VLAwsM89ACNDM8amhr36og_0.jpg"",""https://static.yeezyunique.ru/batches/6cb9ff7b-d813-4394-8e73-aeda5d06a8f2/_dwwrSerqUtQyl5tx8VLAwsM89ACNDM8amhr36og_1.jpg"",""https://static.yeezyunique.ru/batches/6cb9ff7b-d813-4394-8e73-aeda5d06a8f2/_dwwrSerqUtQyl5tx8VLAwsM89ACNDM8amhr36og_2.jpg"",""https://static.yeezyunique.ru/batches/6cb9ff7b-d813-4394-8e73-aeda5d06a8f2/_dwwrSerqUtQyl5tx8VLAwsM89ACNDM8amhr36og_3.jpg"",""https://static.yeezyunique.ru/batches/6cb9ff7b-d813-4394-8e73-aeda5d06a8f2/_dwwrSerqUtQyl5tx8VLAwsM89ACNDM8amhr36og_4.jpg"",""https://static.yeezyunique.ru/batches/6cb9ff7b-d813-4394-8e73-aeda5d06a8f2/_dwwrSerqUtQyl5tx8VLAwsM89ACNDM8amhr36og_5.jpg"",""https://static.yeezyunique.ru/batches/6cb9ff7b-d813-4394-8e73-aeda5d06a8f2/_dwwrSerqUtQyl5tx8VLAwsM89ACNDM8amhr36og_6.jpg"",""https://static.yeezyunique.ru/batches/6cb9ff7b-d813-4394-8e73-aeda5d06a8f2/_dwwrSerqUtQyl5tx8VLAwsM89ACNDM8amhr36og_7.jpg"",""https://static.yeezyunique.ru/batches/6cb9ff7b-d813-4394-8e73-aeda5d06a8f2/_dwwrSerqUtQyl5tx8VLAwsM89ACNDM8amhr36og_8.jpg""]";true
_d8yrS31yqV6iMEbmk5mMTWu0uDIYauoseYaHCdw;Chanel Туфли;Элегантные туфли из новой коллекции с классическим логотипом CC. Модель выполнена из премиальной итальянской кожи ягненка с подкладкой из мягкой овечьей кожи и качественной кожаной подошвой.\n\nРазмеры: 35-41.;38000;3wxtez8ckauz7o1;nzg3vsvajpiv1e8;mect3or5ztq64fc;Для женщин;"[""https://static.yeezyunique.ru/batches/6cb9ff7b-d813-4394-8e73-aeda5d06a8f2/_d8yrS31yqV6iMEbmk5mMTWu0uDIYauoseYaHCdw_0.jpg"",""https://static.yeezyunique.ru/batches/6cb9ff7b-d813-4394-8e73-aeda5d06a8f2/_d8yrS31yqV6iMEbmk5mMTWu0uDIYauoseYaHCdw_1.jpg"",""https://static.yeezyunique.ru/batches/6cb9ff7b-d813-4394-8e73-aeda5d06a8f2/_d8yrS31yqV6iMEbmk5mMTWu0uDIYauoseYaHCdw_2.jpg"",""https://static.yeezyunique.ru/batches/6cb9ff7b-d813-4394-8e73-aeda5d06a8f2/_d8yrS31yqV6iMEbmk5mMTWu0uDIYauoseYaHCdw_3.jpg"",""https://static.yeezyunique.ru/batches/6cb9ff7b-d813-4394-8e73-aeda5d06a8f2/_d8yrS31yqV6iMEbmk5mMTWu0uDIYauoseYaHCdw_4.jpg"",""https://static.yeezyunique.ru/batches/6cb9ff7b-d813-4394-8e73-aeda5d06a8f2/_d8yrS31yqV6iMEbmk5mMTWu0uDIYauoseYaHCdw_5.jpg"",""https://static.yeezyunique.ru/batches/6cb9ff7b-d813-4394-8e73-aeda5d06a8f2/_d8yrS31yqV6iMEbmk5mMTWu0uDIYauoseYaHCdw_6.jpg"",""https://static.yeezyunique.ru/batches/6cb9ff7b-d813-4394-8e73-aeda5d06a8f2/_d8yrS31yqV6iMEbmk5mMTWu0uDIYauoseYaHCdw_7.jpg"",""https://static.yeezyunique.ru/batches/6cb9ff7b-d813-4394-8e73-aeda5d06a8f2/_d8yrS31yqV6iMEbmk5mMTWu0uDIYauoseYaHCdw_8.jpg""]";true
_dekrSTLVotrDq2x2LTWBBXvsOImEXJnRODLBVXQ;Chanel Туфли;Элегантные туфли с классическим логотипом двойного C. Модель выполнена из премиальной итальянской кожи ягненка с подкладкой из мягкой овечьей кожи и дополнена качественной кожаной подошвой.\n\nРазмеры: 35-41.;38000;3wxtez8ckauz7o1;nzg3vsvajpiv1e8;mect3or5ztq64fc;Для женщин;"[""https://static.yeezyunique.ru/batches/6cb9ff7b-d813-4394-8e73-aeda5d06a8f2/_dekrSTLVotrDq2x2LTWBBXvsOImEXJnRODLBVXQ_0.jpg"",""https://static.yeezyunique.ru/batches/6cb9ff7b-d813-4394-8e73-aeda5d06a8f2/_dekrSTLVotrDq2x2LTWBBXvsOImEXJnRODLBVXQ_1.jpg"",""https://static.yeezyunique.ru/batches/6cb9ff7b-d813-4394-8e73-aeda5d06a8f2/_dekrSTLVotrDq2x2LTWBBXvsOImEXJnRODLBVXQ_2.jpg"",""https://static.yeezyunique.ru/batches/6cb9ff7b-d813-4394-8e73-aeda5d06a8f2/_dekrSTLVotrDq2x2LTWBBXvsOImEXJnRODLBVXQ_3.jpg"",""https://static.yeezyunique.ru/batches/6cb9ff7b-d813-4394-8e73-aeda5d06a8f2/_dekrSTLVotrDq2x2LTWBBXvsOImEXJnRODLBVXQ_4.jpg"",""https://static.yeezyunique.ru/batches/6cb9ff7b-d813-4394-8e73-aeda5d06a8f2/_dekrSTLVotrDq2x2LTWBBXvsOImEXJnRODLBVXQ_5.jpg"",""https://static.yeezyunique.ru/batches/6cb9ff7b-d813-4394-8e73-aeda5d06a8f2/_dekrSTLVotrDq2x2LTWBBXvsOImEXJnRODLBVXQ_6.jpg"",""https://static.yeezyunique.ru/batches/6cb9ff7b-d813-4394-8e73-aeda5d06a8f2/_dekrSTLVotrDq2x2LTWBBXvsOImEXJnRODLBVXQ_7.jpg"",""https://static.yeezyunique.ru/batches/6cb9ff7b-d813-4394-8e73-aeda5d06a8f2/_dekrSTLVotrDq2x2LTWBBXvsOImEXJnRODLBVXQ_8.jpg""]";true
_dl8rSCHLkq2Q0ZN7gf2K7kmy81ZjK8f_8rBzPYw;Chanel Туфли;Элегантные туфли на высоком каблуке, выполненные из премиальной итальянской замши. Модель дополнена фирменным металлическим декором с кристаллами и устойчивым каблуком высотой 11,5 см.\n\nРазмеры: 35-41.;38000;3wxtez8ckauz7o1;nzg3vsvajpiv1e8;mect3or5ztq64fc;Для женщин;"[""https://static.yeezyunique.ru/batches/6cb9ff7b-d813-4394-8e73-aeda5d06a8f2/_dl8rSCHLkq2Q0ZN7gf2K7kmy81ZjK8f_8rBzPYw_0.jpg"",""https://static.yeezyunique.ru/batches/6cb9ff7b-d813-4394-8e73-aeda5d06a8f2/_dl8rSCHLkq2Q0ZN7gf2K7kmy81ZjK8f_8rBzPYw_1.jpg"",""https://static.yeezyunique.ru/batches/6cb9ff7b-d813-4394-8e73-aeda5d06a8f2/_dl8rSCHLkq2Q0ZN7gf2K7kmy81ZjK8f_8rBzPYw_2.jpg"",""https://static.yeezyunique.ru/batches/6cb9ff7b-d813-4394-8e73-aeda5d06a8f2/_dl8rSCHLkq2Q0ZN7gf2K7kmy81ZjK8f_8rBzPYw_3.jpg"",""https://static.yeezyunique.ru/batches/6cb9ff7b-d813-4394-8e73-aeda5d06a8f2/_dl8rSCHLkq2Q0ZN7gf2K7kmy81ZjK8f_8rBzPYw_4.jpg"",""https://static.yeezyunique.ru/batches/6cb9ff7b-d813-4394-8e73-aeda5d06a8f2/_dl8rSCHLkq2Q0ZN7gf2K7kmy81ZjK8f_8rBzPYw_5.jpg"",""https://static.yeezyunique.ru/batches/6cb9ff7b-d813-4394-8e73-aeda5d06a8f2/_dl8rSCHLkq2Q0ZN7gf2K7kmy81ZjK8f_8rBzPYw_6.jpg"",""https://static.yeezyunique.ru/batches/6cb9ff7b-d813-4394-8e73-aeda5d06a8f2/_dl8rSCHLkq2Q0ZN7gf2K7kmy81ZjK8f_8rBzPYw_7.jpg"",""https://static.yeezyunique.ru/batches/6cb9ff7b-d813-4394-8e73-aeda5d06a8f2/_dl8rSCHLkq2Q0ZN7gf2K7kmy81ZjK8f_8rBzPYw_8.jpg""]";true
_dwSrSvHqJt4Y0lwb2FkPh-LlWt_aRXFSQ2MUXdw;Chanel Сандалии;Элегантные сандалии из коллекции Chanel 26C с фирменной застежкой на липучке и декором из сверкающих кристаллов. Модель выполнена из премиальной итальянской замши с подкладкой из мягкой кожи ягненка и дополнена изысканной фурнитурой с логотипом.\n\nРазмеры: 35-41.;23000;3wxtez8ckauz7o1;nzg3vsvajpiv1e8;rbf3iprt2z3owjd;Для женщин;"[""https://static.yeezyunique.ru/batches/6cb9ff7b-d813-4394-8e73-aeda5d06a8f2/_dwSrSvHqJt4Y0lwb2FkPh-LlWt_aRXFSQ2MUXdw_0.jpg"",""https://static.yeezyunique.ru/batches/6cb9ff7b-d813-4394-8e73-aeda5d06a8f2/_dwSrSvHqJt4Y0lwb2FkPh-LlWt_aRXFSQ2MUXdw_1.jpg"",""https://static.yeezyunique.ru/batches/6cb9ff7b-d813-4394-8e73-aeda5d06a8f2/_dwSrSvHqJt4Y0lwb2FkPh-LlWt_aRXFSQ2MUXdw_2.jpg"",""https://static.yeezyunique.ru/batches/6cb9ff7b-d813-4394-8e73-aeda5d06a8f2/_dwSrSvHqJt4Y0lwb2FkPh-LlWt_aRXFSQ2MUXdw_3.jpg"",""https://static.yeezyunique.ru/batches/6cb9ff7b-d813-4394-8e73-aeda5d06a8f2/_dwSrSvHqJt4Y0lwb2FkPh-LlWt_aRXFSQ2MUXdw_4.jpg"",""https://static.yeezyunique.ru/batches/6cb9ff7b-d813-4394-8e73-aeda5d06a8f2/_dwSrSvHqJt4Y0lwb2FkPh-LlWt_aRXFSQ2MUXdw_5.jpg"",""https://static.yeezyunique.ru/batches/6cb9ff7b-d813-4394-8e73-aeda5d06a8f2/_dwSrSvHqJt4Y0lwb2FkPh-LlWt_aRXFSQ2MUXdw_6.jpg"",""https://static.yeezyunique.ru/batches/6cb9ff7b-d813-4394-8e73-aeda5d06a8f2/_dwSrSvHqJt4Y0lwb2FkPh-LlWt_aRXFSQ2MUXdw_7.jpg"",""https://static.yeezyunique.ru/batches/6cb9ff7b-d813-4394-8e73-aeda5d06a8f2/_dwSrSvHqJt4Y0lwb2FkPh-LlWt_aRXFSQ2MUXdw_8.jpg""]";true
_d_erSzApRX8XYHtczVxVNbtde3FK3vwsrM3NP5Q;Golden Goose Кроссовки;Стильные кроссовки на платформе с эффектом искусственного состаривания. Модель выполнена из премиальной импортной мерсеризованной телячьей кожи с подкладкой из мягкого хлопкового махрового полотна. Легкая и износостойкая подошва Vibram обеспечивает превосходный комфорт при ходьбе.\n\nРазмеры: 35-40.;23000;ukpu9ejjyfys4mm;nzg3vsvajpiv1e8;ll3hofpd5wqxr81;Для женщин;"[""https://static.yeezyunique.ru/batches/6cb9ff7b-d813-4394-8e73-aeda5d06a8f2/_d_erSzApRX8XYHtczVxVNbtde3FK3vwsrM3NP5Q_0.jpg"",""https://static.yeezyunique.ru/batches/6cb9ff7b-d813-4394-8e73-aeda5d06a8f2/_d_erSzApRX8XYHtczVxVNbtde3FK3vwsrM3NP5Q_1.jpg"",""https://static.yeezyunique.ru/batches/6cb9ff7b-d813-4394-8e73-aeda5d06a8f2/_d_erSzApRX8XYHtczVxVNbtde3FK3vwsrM3NP5Q_2.jpg"",""https://static.yeezyunique.ru/batches/6cb9ff7b-d813-4394-8e73-aeda5d06a8f2/_d_erSzApRX8XYHtczVxVNbtde3FK3vwsrM3NP5Q_3.jpg"",""https://static.yeezyunique.ru/batches/6cb9ff7b-d813-4394-8e73-aeda5d06a8f2/_d_erSzApRX8XYHtczVxVNbtde3FK3vwsrM3NP5Q_4.jpg"",""https://static.yeezyunique.ru/batches/6cb9ff7b-d813-4394-8e73-aeda5d06a8f2/_d_erSzApRX8XYHtczVxVNbtde3FK3vwsrM3NP5Q_5.jpg"",""https://static.yeezyunique.ru/batches/6cb9ff7b-d813-4394-8e73-aeda5d06a8f2/_d_erSzApRX8XYHtczVxVNbtde3FK3vwsrM3NP5Q_6.jpg"",""https://static.yeezyunique.ru/batches/6cb9ff7b-d813-4394-8e73-aeda5d06a8f2/_d_erSzApRX8XYHtczVxVNbtde3FK3vwsrM3NP5Q_7.jpg"",""https://static.yeezyunique.ru/batches/6cb9ff7b-d813-4394-8e73-aeda5d06a8f2/_d_erSzApRX8XYHtczVxVNbtde3FK3vwsrM3NP5Q_8.jpg""]";true
_dSprSC_4sdy6Syz0-CD7LXyakXS3vSi39IddOkQ;Miu Miu Кроссовки;Стильные кроссовки из высококачественной замши в сочетании с дышащим сетчатым материалом. Модель дополнена прочной подошвой из термополиуретана для комфорта и долговечности.\n\nРазмеры: 35-40.;23000;cn386fag2q87srw;nzg3vsvajpiv1e8;ll3hofpd5wqxr81;Для женщин;"[""https://static.yeezyunique.ru/batches/6cb9ff7b-d813-4394-8e73-aeda5d06a8f2/_dSprSC_4sdy6Syz0-CD7LXyakXS3vSi39IddOkQ_0.jpg"",""https://static.yeezyunique.ru/batches/6cb9ff7b-d813-4394-8e73-aeda5d06a8f2/_dSprSC_4sdy6Syz0-CD7LXyakXS3vSi39IddOkQ_1.jpg"",""https://static.yeezyunique.ru/batches/6cb9ff7b-d813-4394-8e73-aeda5d06a8f2/_dSprSC_4sdy6Syz0-CD7LXyakXS3vSi39IddOkQ_2.jpg"",""https://static.yeezyunique.ru/batches/6cb9ff7b-d813-4394-8e73-aeda5d06a8f2/_dSprSC_4sdy6Syz0-CD7LXyakXS3vSi39IddOkQ_3.jpg"",""https://static.yeezyunique.ru/batches/6cb9ff7b-d813-4394-8e73-aeda5d06a8f2/_dSprSC_4sdy6Syz0-CD7LXyakXS3vSi39IddOkQ_4.jpg"",""https://static.yeezyunique.ru/batches/6cb9ff7b-d813-4394-8e73-aeda5d06a8f2/_dSprSC_4sdy6Syz0-CD7LXyakXS3vSi39IddOkQ_5.jpg"",""https://static.yeezyunique.ru/batches/6cb9ff7b-d813-4394-8e73-aeda5d06a8f2/_dSprSC_4sdy6Syz0-CD7LXyakXS3vSi39IddOkQ_6.jpg"",""https://static.yeezyunique.ru/batches/6cb9ff7b-d813-4394-8e73-aeda5d06a8f2/_dSprSC_4sdy6Syz0-CD7LXyakXS3vSi39IddOkQ_7.jpg"",""https://static.yeezyunique.ru/batches/6cb9ff7b-d813-4394-8e73-aeda5d06a8f2/_dSprSC_4sdy6Syz0-CD7LXyakXS3vSi39IddOkQ_8.jpg""]";true
_d7ErShPUpyG_32igcqyfLMtn4AncmHhU5IIH2aQ;Miu Miu Кроссовки;Стильные кроссовки из высококачественной замши в сочетании с дышащим сетчатым материалом. Модель дополнена прочной подошвой из термополиуретана для комфорта и долговечности.\n\nРазмеры: 35-40.;23000;cn386fag2q87srw;nzg3vsvajpiv1e8;ll3hofpd5wqxr81;Для женщин;"[""https://static.yeezyunique.ru/batches/6cb9ff7b-d813-4394-8e73-aeda5d06a8f2/_d7ErShPUpyG_32igcqyfLMtn4AncmHhU5IIH2aQ_0.jpg"",""https://static.yeezyunique.ru/batches/6cb9ff7b-d813-4394-8e73-aeda5d06a8f2/_d7ErShPUpyG_32igcqyfLMtn4AncmHhU5IIH2aQ_1.jpg"",""https://static.yeezyunique.ru/batches/6cb9ff7b-d813-4394-8e73-aeda5d06a8f2/_d7ErShPUpyG_32igcqyfLMtn4AncmHhU5IIH2aQ_2.jpg"",""https://static.yeezyunique.ru/batches/6cb9ff7b-d813-4394-8e73-aeda5d06a8f2/_d7ErShPUpyG_32igcqyfLMtn4AncmHhU5IIH2aQ_3.jpg"",""https://static.yeezyunique.ru/batches/6cb9ff7b-d813-4394-8e73-aeda5d06a8f2/_d7ErShPUpyG_32igcqyfLMtn4AncmHhU5IIH2aQ_4.jpg"",""https://static.yeezyunique.ru/batches/6cb9ff7b-d813-4394-8e73-aeda5d06a8f2/_d7ErShPUpyG_32igcqyfLMtn4AncmHhU5IIH2aQ_5.jpg"",""https://static.yeezyunique.ru/batches/6cb9ff7b-d813-4394-8e73-aeda5d06a8f2/_d7ErShPUpyG_32igcqyfLMtn4AncmHhU5IIH2aQ_6.jpg"",""https://static.yeezyunique.ru/batches/6cb9ff7b-d813-4394-8e73-aeda5d06a8f2/_d7ErShPUpyG_32igcqyfLMtn4AncmHhU5IIH2aQ_7.jpg"",""https://static.yeezyunique.ru/batches/6cb9ff7b-d813-4394-8e73-aeda5d06a8f2/_d7ErShPUpyG_32igcqyfLMtn4AncmHhU5IIH2aQ_8.jpg""]";true
_drwrShHvRcRscfTh2uOiBRazzA2OAtS2jnHR9OA;Balenciaga Кроссовки 3XL;Популярная модель кроссовок 3XL с эффектным дизайном, который визуально удлиняет ноги. Модель выполнена из высококачественной сетчатой ткани и полиуретана без использования кожи, дополнена декоративными элементами и фирменным логотипом на мысе и заднике.\n\nРазмеры: 35-46 (унисекс).;23000;mj2732zh7c7pchi;nzg3vsvajpiv1e8;ll3hofpd5wqxr81;Унисекс;"[""https://static.yeezyunique.ru/batches/6cb9ff7b-d813-4394-8e73-aeda5d06a8f2/_drwrShHvRcRscfTh2uOiBRazzA2OAtS2jnHR9OA_0.jpg"",""https://static.yeezyunique.ru/batches/6cb9ff7b-d813-4394-8e73-aeda5d06a8f2/_drwrShHvRcRscfTh2uOiBRazzA2OAtS2jnHR9OA_1.jpg"",""https://static.yeezyunique.ru/batches/6cb9ff7b-d813-4394-8e73-aeda5d06a8f2/_drwrShHvRcRscfTh2uOiBRazzA2OAtS2jnHR9OA_2.jpg"",""https://static.yeezyunique.ru/batches/6cb9ff7b-d813-4394-8e73-aeda5d06a8f2/_drwrShHvRcRscfTh2uOiBRazzA2OAtS2jnHR9OA_3.jpg"",""https://static.yeezyunique.ru/batches/6cb9ff7b-d813-4394-8e73-aeda5d06a8f2/_drwrShHvRcRscfTh2uOiBRazzA2OAtS2jnHR9OA_4.jpg"",""https://static.yeezyunique.ru/batches/6cb9ff7b-d813-4394-8e73-aeda5d06a8f2/_drwrShHvRcRscfTh2uOiBRazzA2OAtS2jnHR9OA_5.jpg"",""https://static.yeezyunique.ru/batches/6cb9ff7b-d813-4394-8e73-aeda5d06a8f2/_drwrShHvRcRscfTh2uOiBRazzA2OAtS2jnHR9OA_6.jpg"",""https://static.yeezyunique.ru/batches/6cb9ff7b-d813-4394-8e73-aeda5d06a8f2/_drwrShHvRcRscfTh2uOiBRazzA2OAtS2jnHR9OA_7.jpg"",""https://static.yeezyunique.ru/batches/6cb9ff7b-d813-4394-8e73-aeda5d06a8f2/_drwrShHvRcRscfTh2uOiBRazzA2OAtS2jnHR9OA_8.jpg""]";true
_dklrSKuHWxGbLN2XVZLZsa3YpwX_JAYEsOPl_5g;Balenciaga Кроссовки;Культовые кроссовки Balenciaga Track 1.0 с обновленным дизайном и сложной многослойной конструкцией верха. Модель выполнена из высококачественных материалов, обеспечивающих долговечность и комфорт при повседневной носке.\n\nРазмеры: 35-40 (женские), 39-46 (мужские).;23000;mj2732zh7c7pchi;nzg3vsvajpiv1e8;ll3hofpd5wqxr81;Унисекс;"[""https://static.yeezyunique.ru/batches/6cb9ff7b-d813-4394-8e73-aeda5d06a8f2/_dklrSKuHWxGbLN2XVZLZsa3YpwX_JAYEsOPl_5g_0.jpg"",""https://static.yeezyunique.ru/batches/6cb9ff7b-d813-4394-8e73-aeda5d06a8f2/_dklrSKuHWxGbLN2XVZLZsa3YpwX_JAYEsOPl_5g_1.jpg"",""https://static.yeezyunique.ru/batches/6cb9ff7b-d813-4394-8e73-aeda5d06a8f2/_dklrSKuHWxGbLN2XVZLZsa3YpwX_JAYEsOPl_5g_2.jpg"",""https://static.yeezyunique.ru/batches/6cb9ff7b-d813-4394-8e73-aeda5d06a8f2/_dklrSKuHWxGbLN2XVZLZsa3YpwX_JAYEsOPl_5g_3.jpg"",""https://static.yeezyunique.ru/batches/6cb9ff7b-d813-4394-8e73-aeda5d06a8f2/_dklrSKuHWxGbLN2XVZLZsa3YpwX_JAYEsOPl_5g_4.jpg"",""https://static.yeezyunique.ru/batches/6cb9ff7b-d813-4394-8e73-aeda5d06a8f2/_dklrSKuHWxGbLN2XVZLZsa3YpwX_JAYEsOPl_5g_5.jpg"",""https://static.yeezyunique.ru/batches/6cb9ff7b-d813-4394-8e73-aeda5d06a8f2/_dklrSKuHWxGbLN2XVZLZsa3YpwX_JAYEsOPl_5g_6.jpg"",""https://static.yeezyunique.ru/batches/6cb9ff7b-d813-4394-8e73-aeda5d06a8f2/_dklrSKuHWxGbLN2XVZLZsa3YpwX_JAYEsOPl_5g_7.jpg"",""https://static.yeezyunique.ru/batches/6cb9ff7b-d813-4394-8e73-aeda5d06a8f2/_dklrSKuHWxGbLN2XVZLZsa3YpwX_JAYEsOPl_5g_8.jpg""]";true
_dsZrSiryjTAkiY-7UxQwos30lUOoGIZdzvZcT9w;Balenciaga Кроссовки;Стильные кроссовки Balenciaga Radar в эффектной черно-белой расцветке. Модель выполнена из высококачественных материалов с использованием сложной техники многослойного кроя, обеспечивающей уникальный дизайн и долговечность.\n\nРазмеры: 35-46 (унисекс, модель большемерит на один размер).;23000;mj2732zh7c7pchi;nzg3vsvajpiv1e8;ll3hofpd5wqxr81;Унисекс;"[""https://static.yeezyunique.ru/batches/6cb9ff7b-d813-4394-8e73-aeda5d06a8f2/_dsZrSiryjTAkiY-7UxQwos30lUOoGIZdzvZcT9w_0.jpg"",""https://static.yeezyunique.ru/batches/6cb9ff7b-d813-4394-8e73-aeda5d06a8f2/_dsZrSiryjTAkiY-7UxQwos30lUOoGIZdzvZcT9w_1.jpg"",""https://static.yeezyunique.ru/batches/6cb9ff7b-d813-4394-8e73-aeda5d06a8f2/_dsZrSiryjTAkiY-7UxQwos30lUOoGIZdzvZcT9w_2.jpg"",""https://static.yeezyunique.ru/batches/6cb9ff7b-d813-4394-8e73-aeda5d06a8f2/_dsZrSiryjTAkiY-7UxQwos30lUOoGIZdzvZcT9w_3.jpg"",""https://static.yeezyunique.ru/batches/6cb9ff7b-d813-4394-8e73-aeda5d06a8f2/_dsZrSiryjTAkiY-7UxQwos30lUOoGIZdzvZcT9w_4.jpg"",""https://static.yeezyunique.ru/batches/6cb9ff7b-d813-4394-8e73-aeda5d06a8f2/_dsZrSiryjTAkiY-7UxQwos30lUOoGIZdzvZcT9w_5.jpg"",""https://static.yeezyunique.ru/batches/6cb9ff7b-d813-4394-8e73-aeda5d06a8f2/_dsZrSiryjTAkiY-7UxQwos30lUOoGIZdzvZcT9w_6.jpg"",""https://static.yeezyunique.ru/batches/6cb9ff7b-d813-4394-8e73-aeda5d06a8f2/_dsZrSiryjTAkiY-7UxQwos30lUOoGIZdzvZcT9w_7.jpg"",""https://static.yeezyunique.ru/batches/6cb9ff7b-d813-4394-8e73-aeda5d06a8f2/_dsZrSiryjTAkiY-7UxQwos30lUOoGIZdzvZcT9w_8.jpg""]";true
_dsSrSaAhGSXTT4otQo_s52fTpdioC9iD_qZeoZA;Balenciaga Кроссовки;Стильные кроссовки Balenciaga Radar в эффектном фиолетовом цвете. Модель выполнена из высококачественных материалов с использованием сложной техники многослойного кроя, обеспечивающей уникальный внешний вид и долговечность.\n\nРазмеры: 35-42 (модель большемерит на один размер).;23000;mj2732zh7c7pchi;nzg3vsvajpiv1e8;ll3hofpd5wqxr81;Для женщин;"[""https://static.yeezyunique.ru/batches/6cb9ff7b-d813-4394-8e73-aeda5d06a8f2/_dsSrSaAhGSXTT4otQo_s52fTpdioC9iD_qZeoZA_0.jpg"",""https://static.yeezyunique.ru/batches/6cb9ff7b-d813-4394-8e73-aeda5d06a8f2/_dsSrSaAhGSXTT4otQo_s52fTpdioC9iD_qZeoZA_1.jpg"",""https://static.yeezyunique.ru/batches/6cb9ff7b-d813-4394-8e73-aeda5d06a8f2/_dsSrSaAhGSXTT4otQo_s52fTpdioC9iD_qZeoZA_2.jpg"",""https://static.yeezyunique.ru/batches/6cb9ff7b-d813-4394-8e73-aeda5d06a8f2/_dsSrSaAhGSXTT4otQo_s52fTpdioC9iD_qZeoZA_3.jpg"",""https://static.yeezyunique.ru/batches/6cb9ff7b-d813-4394-8e73-aeda5d06a8f2/_dsSrSaAhGSXTT4otQo_s52fTpdioC9iD_qZeoZA_4.jpg"",""https://static.yeezyunique.ru/batches/6cb9ff7b-d813-4394-8e73-aeda5d06a8f2/_dsSrSaAhGSXTT4otQo_s52fTpdioC9iD_qZeoZA_5.jpg"",""https://static.yeezyunique.ru/batches/6cb9ff7b-d813-4394-8e73-aeda5d06a8f2/_dsSrSaAhGSXTT4otQo_s52fTpdioC9iD_qZeoZA_6.jpg"",""https://static.yeezyunique.ru/batches/6cb9ff7b-d813-4394-8e73-aeda5d06a8f2/_dsSrSaAhGSXTT4otQo_s52fTpdioC9iD_qZeoZA_7.jpg"",""https://static.yeezyunique.ru/batches/6cb9ff7b-d813-4394-8e73-aeda5d06a8f2/_dsSrSaAhGSXTT4otQo_s52fTpdioC9iD_qZeoZA_8.jpg""]";true
_dvqrSncK8DJGpNOJ4PObabJSbr-uXPv_AuLlwYA;Balenciaga Кроссовки;Стильные кроссовки Balenciaga Triple S в эффектном розовом цвете. Модель выполнена из высококачественных материалов с использованием сложной техники многослойного拼接, обеспечивающей уникальный дизайн и долговечность.\n\nРазмеры: 35-42.;23000;mj2732zh7c7pchi;nzg3vsvajpiv1e8;ll3hofpd5wqxr81;Для женщин;"[""https://static.yeezyunique.ru/batches/6cb9ff7b-d813-4394-8e73-aeda5d06a8f2/_dvqrSncK8DJGpNOJ4PObabJSbr-uXPv_AuLlwYA_0.jpg"",""https://static.yeezyunique.ru/batches/6cb9ff7b-d813-4394-8e73-aeda5d06a8f2/_dvqrSncK8DJGpNOJ4PObabJSbr-uXPv_AuLlwYA_1.jpg"",""https://static.yeezyunique.ru/batches/6cb9ff7b-d813-4394-8e73-aeda5d06a8f2/_dvqrSncK8DJGpNOJ4PObabJSbr-uXPv_AuLlwYA_2.jpg"",""https://static.yeezyunique.ru/batches/6cb9ff7b-d813-4394-8e73-aeda5d06a8f2/_dvqrSncK8DJGpNOJ4PObabJSbr-uXPv_AuLlwYA_3.jpg"",""https://static.yeezyunique.ru/batches/6cb9ff7b-d813-4394-8e73-aeda5d06a8f2/_dvqrSncK8DJGpNOJ4PObabJSbr-uXPv_AuLlwYA_4.jpg"",""https://static.yeezyunique.ru/batches/6cb9ff7b-d813-4394-8e73-aeda5d06a8f2/_dvqrSncK8DJGpNOJ4PObabJSbr-uXPv_AuLlwYA_5.jpg"",""https://static.yeezyunique.ru/batches/6cb9ff7b-d813-4394-8e73-aeda5d06a8f2/_dvqrSncK8DJGpNOJ4PObabJSbr-uXPv_AuLlwYA_6.jpg"",""https://static.yeezyunique.ru/batches/6cb9ff7b-d813-4394-8e73-aeda5d06a8f2/_dvqrSncK8DJGpNOJ4PObabJSbr-uXPv_AuLlwYA_7.jpg"",""https://static.yeezyunique.ru/batches/6cb9ff7b-d813-4394-8e73-aeda5d06a8f2/_dvqrSncK8DJGpNOJ4PObabJSbr-uXPv_AuLlwYA_8.jpg""]";true
_dkUrS2VSbvPWeM9eiejk7Fu2sHhd3Jy53118Cyw;Alaia Балетки;Элегантные балетки с сетчатым верхом и изящными вырезами, которые идеально дополнят любой современный образ. Модель выполнена из премиальных материалов с подкладкой из натуральной полнозернистой кожи ягненка для исключительного комфорта и воздухопроницаемости.\n\nРазмеры: 35-41.;23000;y21537s97v1bl01;nzg3vsvajpiv1e8;gquuvxk7z0ik5jn;Для женщин;"[""https://static.yeezyunique.ru/batches/6cb9ff7b-d813-4394-8e73-aeda5d06a8f2/_dkUrS2VSbvPWeM9eiejk7Fu2sHhd3Jy53118Cyw_0.jpg"",""https://static.yeezyunique.ru/batches/6cb9ff7b-d813-4394-8e73-aeda5d06a8f2/_dkUrS2VSbvPWeM9eiejk7Fu2sHhd3Jy53118Cyw_1.jpg"",""https://static.yeezyunique.ru/batches/6cb9ff7b-d813-4394-8e73-aeda5d06a8f2/_dkUrS2VSbvPWeM9eiejk7Fu2sHhd3Jy53118Cyw_2.jpg"",""https://static.yeezyunique.ru/batches/6cb9ff7b-d813-4394-8e73-aeda5d06a8f2/_dkUrS2VSbvPWeM9eiejk7Fu2sHhd3Jy53118Cyw_3.jpg"",""https://static.yeezyunique.ru/batches/6cb9ff7b-d813-4394-8e73-aeda5d06a8f2/_dkUrS2VSbvPWeM9eiejk7Fu2sHhd3Jy53118Cyw_4.jpg"",""https://static.yeezyunique.ru/batches/6cb9ff7b-d813-4394-8e73-aeda5d06a8f2/_dkUrS2VSbvPWeM9eiejk7Fu2sHhd3Jy53118Cyw_5.jpg"",""https://static.yeezyunique.ru/batches/6cb9ff7b-d813-4394-8e73-aeda5d06a8f2/_dkUrS2VSbvPWeM9eiejk7Fu2sHhd3Jy53118Cyw_6.jpg"",""https://static.yeezyunique.ru/batches/6cb9ff7b-d813-4394-8e73-aeda5d06a8f2/_dkUrS2VSbvPWeM9eiejk7Fu2sHhd3Jy53118Cyw_7.jpg"",""https://static.yeezyunique.ru/batches/6cb9ff7b-d813-4394-8e73-aeda5d06a8f2/_dkUrS2VSbvPWeM9eiejk7Fu2sHhd3Jy53118Cyw_8.jpg""]";true
_dnOrSKQWi5ErCDxS17yYqgPYFC1mFg_du6EISjw;Alaia Балетки;Элегантные балетки с сетчатым верхом и изящными вырезами, которые идеально дополнят любой современный образ. Модель выполнена из премиальных материалов с подкладкой из натуральной полнозернистой кожи ягненка для исключительного комфорта и воздухопроницаемости.\n\nРазмеры: 35-41.;23000;y21537s97v1bl01;nzg3vsvajpiv1e8;gquuvxk7z0ik5jn;Для женщин;"[""https://static.yeezyunique.ru/batches/6cb9ff7b-d813-4394-8e73-aeda5d06a8f2/_dnOrSKQWi5ErCDxS17yYqgPYFC1mFg_du6EISjw_0.jpg"",""https://static.yeezyunique.ru/batches/6cb9ff7b-d813-4394-8e73-aeda5d06a8f2/_dnOrSKQWi5ErCDxS17yYqgPYFC1mFg_du6EISjw_1.jpg"",""https://static.yeezyunique.ru/batches/6cb9ff7b-d813-4394-8e73-aeda5d06a8f2/_dnOrSKQWi5ErCDxS17yYqgPYFC1mFg_du6EISjw_2.jpg"",""https://static.yeezyunique.ru/batches/6cb9ff7b-d813-4394-8e73-aeda5d06a8f2/_dnOrSKQWi5ErCDxS17yYqgPYFC1mFg_du6EISjw_3.jpg"",""https://static.yeezyunique.ru/batches/6cb9ff7b-d813-4394-8e73-aeda5d06a8f2/_dnOrSKQWi5ErCDxS17yYqgPYFC1mFg_du6EISjw_4.jpg"",""https://static.yeezyunique.ru/batches/6cb9ff7b-d813-4394-8e73-aeda5d06a8f2/_dnOrSKQWi5ErCDxS17yYqgPYFC1mFg_du6EISjw_5.jpg"",""https://static.yeezyunique.ru/batches/6cb9ff7b-d813-4394-8e73-aeda5d06a8f2/_dnOrSKQWi5ErCDxS17yYqgPYFC1mFg_du6EISjw_6.jpg"",""https://static.yeezyunique.ru/batches/6cb9ff7b-d813-4394-8e73-aeda5d06a8f2/_dnOrSKQWi5ErCDxS17yYqgPYFC1mFg_du6EISjw_7.jpg"",""https://static.yeezyunique.ru/batches/6cb9ff7b-d813-4394-8e73-aeda5d06a8f2/_dnOrSKQWi5ErCDxS17yYqgPYFC1mFg_du6EISjw_8.jpg""]";true
_dlUrSrOk14ai21hSmHPaqrent2zFfNAEYLQc5ow;Alaia Балетки;Элегантные балетки с сетчатым верхом и изящными вырезами, которые идеально дополнят любой современный образ. Модель выполнена из премиальных материалов с подкладкой из натуральной полнозернистой кожи ягненка для исключительного комфорта и воздухопроницаемости.\n\nРазмеры: 35-41.;23000;y21537s97v1bl01;nzg3vsvajpiv1e8;gquuvxk7z0ik5jn;Для женщин;"[""https://static.yeezyunique.ru/batches/6cb9ff7b-d813-4394-8e73-aeda5d06a8f2/_dlUrSrOk14ai21hSmHPaqrent2zFfNAEYLQc5ow_0.jpg"",""https://static.yeezyunique.ru/batches/6cb9ff7b-d813-4394-8e73-aeda5d06a8f2/_dlUrSrOk14ai21hSmHPaqrent2zFfNAEYLQc5ow_1.jpg"",""https://static.yeezyunique.ru/batches/6cb9ff7b-d813-4394-8e73-aeda5d06a8f2/_dlUrSrOk14ai21hSmHPaqrent2zFfNAEYLQc5ow_2.jpg"",""https://static.yeezyunique.ru/batches/6cb9ff7b-d813-4394-8e73-aeda5d06a8f2/_dlUrSrOk14ai21hSmHPaqrent2zFfNAEYLQc5ow_3.jpg"",""https://static.yeezyunique.ru/batches/6cb9ff7b-d813-4394-8e73-aeda5d06a8f2/_dlUrSrOk14ai21hSmHPaqrent2zFfNAEYLQc5ow_4.jpg"",""https://static.yeezyunique.ru/batches/6cb9ff7b-d813-4394-8e73-aeda5d06a8f2/_dlUrSrOk14ai21hSmHPaqrent2zFfNAEYLQc5ow_5.jpg"",""https://static.yeezyunique.ru/batches/6cb9ff7b-d813-4394-8e73-aeda5d06a8f2/_dlUrSrOk14ai21hSmHPaqrent2zFfNAEYLQc5ow_6.jpg"",""https://static.yeezyunique.ru/batches/6cb9ff7b-d813-4394-8e73-aeda5d06a8f2/_dlUrSrOk14ai21hSmHPaqrent2zFfNAEYLQc5ow_7.jpg"",""https://static.yeezyunique.ru/batches/6cb9ff7b-d813-4394-8e73-aeda5d06a8f2/_dlUrSrOk14ai21hSmHPaqrent2zFfNAEYLQc5ow_8.jpg""]";true
_dvnrSY3JA2I7p6zLQglLNd0C2FlDEdtDt6cXJPg;Alaia Балетки;Элегантные балетки из новой коллекции, выполненные из премиальной черной замши и декорированные металлическими заклепками. Внутренняя отделка из натуральной кожи ягненка обеспечивает исключительный комфорт и воздухопроницаемость, а износостойкая подошва гарантирует надежное сцепление.\n\nРазмеры: 35-41.;23000;y21537s97v1bl01;nzg3vsvajpiv1e8;gquuvxk7z0ik5jn;Для женщин;"[""https://static.yeezyunique.ru/batches/6cb9ff7b-d813-4394-8e73-aeda5d06a8f2/_dvnrSY3JA2I7p6zLQglLNd0C2FlDEdtDt6cXJPg_0.jpg"",""https://static.yeezyunique.ru/batches/6cb9ff7b-d813-4394-8e73-aeda5d06a8f2/_dvnrSY3JA2I7p6zLQglLNd0C2FlDEdtDt6cXJPg_1.jpg"",""https://static.yeezyunique.ru/batches/6cb9ff7b-d813-4394-8e73-aeda5d06a8f2/_dvnrSY3JA2I7p6zLQglLNd0C2FlDEdtDt6cXJPg_2.jpg"",""https://static.yeezyunique.ru/batches/6cb9ff7b-d813-4394-8e73-aeda5d06a8f2/_dvnrSY3JA2I7p6zLQglLNd0C2FlDEdtDt6cXJPg_3.jpg"",""https://static.yeezyunique.ru/batches/6cb9ff7b-d813-4394-8e73-aeda5d06a8f2/_dvnrSY3JA2I7p6zLQglLNd0C2FlDEdtDt6cXJPg_4.jpg"",""https://static.yeezyunique.ru/batches/6cb9ff7b-d813-4394-8e73-aeda5d06a8f2/_dvnrSY3JA2I7p6zLQglLNd0C2FlDEdtDt6cXJPg_5.jpg"",""https://static.yeezyunique.ru/batches/6cb9ff7b-d813-4394-8e73-aeda5d06a8f2/_dvnrSY3JA2I7p6zLQglLNd0C2FlDEdtDt6cXJPg_6.jpg"",""https://static.yeezyunique.ru/batches/6cb9ff7b-d813-4394-8e73-aeda5d06a8f2/_dvnrSY3JA2I7p6zLQglLNd0C2FlDEdtDt6cXJPg_7.jpg"",""https://static.yeezyunique.ru/batches/6cb9ff7b-d813-4394-8e73-aeda5d06a8f2/_dvnrSY3JA2I7p6zLQglLNd0C2FlDEdtDt6cXJPg_8.jpg""]";true
_dh5rSnhk9tSBLXwuCt1q6GZ-oZlzh3kj984wCYg;Alaia Балетки;Элегантные балетки из коллекции с перекрестными ремешками, выполненные из премиальной натуральной лакированной кожи с естественной фактурой. Внутренняя отделка из мягкой дышащей кожи ягненка обеспечивает исключительный комфорт при носке.\n\nРазмеры: 35-41.;23000;y21537s97v1bl01;nzg3vsvajpiv1e8;gquuvxk7z0ik5jn;Для женщин;"[""https://static.yeezyunique.ru/batches/6cb9ff7b-d813-4394-8e73-aeda5d06a8f2/_dh5rSnhk9tSBLXwuCt1q6GZ-oZlzh3kj984wCYg_0.jpg"",""https://static.yeezyunique.ru/batches/6cb9ff7b-d813-4394-8e73-aeda5d06a8f2/_dh5rSnhk9tSBLXwuCt1q6GZ-oZlzh3kj984wCYg_1.jpg"",""https://static.yeezyunique.ru/batches/6cb9ff7b-d813-4394-8e73-aeda5d06a8f2/_dh5rSnhk9tSBLXwuCt1q6GZ-oZlzh3kj984wCYg_2.jpg"",""https://static.yeezyunique.ru/batches/6cb9ff7b-d813-4394-8e73-aeda5d06a8f2/_dh5rSnhk9tSBLXwuCt1q6GZ-oZlzh3kj984wCYg_3.jpg"",""https://static.yeezyunique.ru/batches/6cb9ff7b-d813-4394-8e73-aeda5d06a8f2/_dh5rSnhk9tSBLXwuCt1q6GZ-oZlzh3kj984wCYg_4.jpg"",""https://static.yeezyunique.ru/batches/6cb9ff7b-d813-4394-8e73-aeda5d06a8f2/_dh5rSnhk9tSBLXwuCt1q6GZ-oZlzh3kj984wCYg_5.jpg"",""https://static.yeezyunique.ru/batches/6cb9ff7b-d813-4394-8e73-aeda5d06a8f2/_dh5rSnhk9tSBLXwuCt1q6GZ-oZlzh3kj984wCYg_6.jpg"",""https://static.yeezyunique.ru/batches/6cb9ff7b-d813-4394-8e73-aeda5d06a8f2/_dh5rSnhk9tSBLXwuCt1q6GZ-oZlzh3kj984wCYg_7.jpg"",""https://static.yeezyunique.ru/batches/6cb9ff7b-d813-4394-8e73-aeda5d06a8f2/_dh5rSnhk9tSBLXwuCt1q6GZ-oZlzh3kj984wCYg_8.jpg""]";true
_dnwrSfBWa488OPwdqQHZc3dnlZSqD5B6b9LpP0g;Alaia Балетки;Элегантные балетки из коллекции с перекрестными ремешками, выполненные из премиального импортного бархата. Внутренняя отделка из натуральной кожи ягненка обеспечивает отличную воздухопроницаемость и комфорт при носке.\n\nРазмеры: 35-41.;23000;y21537s97v1bl01;nzg3vsvajpiv1e8;gquuvxk7z0ik5jn;Для женщин;"[""https://static.yeezyunique.ru/batches/6cb9ff7b-d813-4394-8e73-aeda5d06a8f2/_dnwrSfBWa488OPwdqQHZc3dnlZSqD5B6b9LpP0g_0.jpg"",""https://static.yeezyunique.ru/batches/6cb9ff7b-d813-4394-8e73-aeda5d06a8f2/_dnwrSfBWa488OPwdqQHZc3dnlZSqD5B6b9LpP0g_1.jpg"",""https://static.yeezyunique.ru/batches/6cb9ff7b-d813-4394-8e73-aeda5d06a8f2/_dnwrSfBWa488OPwdqQHZc3dnlZSqD5B6b9LpP0g_2.jpg"",""https://static.yeezyunique.ru/batches/6cb9ff7b-d813-4394-8e73-aeda5d06a8f2/_dnwrSfBWa488OPwdqQHZc3dnlZSqD5B6b9LpP0g_3.jpg"",""https://static.yeezyunique.ru/batches/6cb9ff7b-d813-4394-8e73-aeda5d06a8f2/_dnwrSfBWa488OPwdqQHZc3dnlZSqD5B6b9LpP0g_4.jpg"",""https://static.yeezyunique.ru/batches/6cb9ff7b-d813-4394-8e73-aeda5d06a8f2/_dnwrSfBWa488OPwdqQHZc3dnlZSqD5B6b9LpP0g_5.jpg"",""https://static.yeezyunique.ru/batches/6cb9ff7b-d813-4394-8e73-aeda5d06a8f2/_dnwrSfBWa488OPwdqQHZc3dnlZSqD5B6b9LpP0g_6.jpg"",""https://static.yeezyunique.ru/batches/6cb9ff7b-d813-4394-8e73-aeda5d06a8f2/_dnwrSfBWa488OPwdqQHZc3dnlZSqD5B6b9LpP0g_7.jpg"",""https://static.yeezyunique.ru/batches/6cb9ff7b-d813-4394-8e73-aeda5d06a8f2/_dnwrSfBWa488OPwdqQHZc3dnlZSqD5B6b9LpP0g_8.jpg""]";true
_dsRrSwyhWu2Lyrrpq7aw_alv1WnYentkfRPs64w;Alaia Балетки;Элегантные балетки из коллекции 2025 года с изящными перекрестными ремешками. Модель выполнена из премиального импортного материала с отделкой под конский волос и дополнена подкладкой из натуральной овечьей кожи для исключительного комфорта и воздухопроницаемости.\n\nРазмеры: 35-41.;23000;y21537s97v1bl01;nzg3vsvajpiv1e8;gquuvxk7z0ik5jn;Для женщин;"[""https://static.yeezyunique.ru/batches/6cb9ff7b-d813-4394-8e73-aeda5d06a8f2/_dsRrSwyhWu2Lyrrpq7aw_alv1WnYentkfRPs64w_0.jpg"",""https://static.yeezyunique.ru/batches/6cb9ff7b-d813-4394-8e73-aeda5d06a8f2/_dsRrSwyhWu2Lyrrpq7aw_alv1WnYentkfRPs64w_1.jpg"",""https://static.yeezyunique.ru/batches/6cb9ff7b-d813-4394-8e73-aeda5d06a8f2/_dsRrSwyhWu2Lyrrpq7aw_alv1WnYentkfRPs64w_2.jpg"",""https://static.yeezyunique.ru/batches/6cb9ff7b-d813-4394-8e73-aeda5d06a8f2/_dsRrSwyhWu2Lyrrpq7aw_alv1WnYentkfRPs64w_3.jpg"",""https://static.yeezyunique.ru/batches/6cb9ff7b-d813-4394-8e73-aeda5d06a8f2/_dsRrSwyhWu2Lyrrpq7aw_alv1WnYentkfRPs64w_4.jpg"",""https://static.yeezyunique.ru/batches/6cb9ff7b-d813-4394-8e73-aeda5d06a8f2/_dsRrSwyhWu2Lyrrpq7aw_alv1WnYentkfRPs64w_5.jpg"",""https://static.yeezyunique.ru/batches/6cb9ff7b-d813-4394-8e73-aeda5d06a8f2/_dsRrSwyhWu2Lyrrpq7aw_alv1WnYentkfRPs64w_6.jpg"",""https://static.yeezyunique.ru/batches/6cb9ff7b-d813-4394-8e73-aeda5d06a8f2/_dsRrSwyhWu2Lyrrpq7aw_alv1WnYentkfRPs64w_7.jpg"",""https://static.yeezyunique.ru/batches/6cb9ff7b-d813-4394-8e73-aeda5d06a8f2/_dsRrSwyhWu2Lyrrpq7aw_alv1WnYentkfRPs64w_8.jpg""]";true
_dkDrSboqK6lU1moCPzOvvO_2QT6xGc2HjcHurzA;Alaia Балетки;Элегантные балетки из коллекции 2025 года с изящными перекрестными ремешками. Модель выполнена из премиального импортного материала с отделкой под конский волос и дополнена подкладкой из натуральной овечьей кожи для исключительного комфорта и воздухопроницаемости.\n\nРазмеры: 35-41.;23000;y21537s97v1bl01;nzg3vsvajpiv1e8;gquuvxk7z0ik5jn;Для женщин;"[""https://static.yeezyunique.ru/batches/6cb9ff7b-d813-4394-8e73-aeda5d06a8f2/_dkDrSboqK6lU1moCPzOvvO_2QT6xGc2HjcHurzA_0.jpg"",""https://static.yeezyunique.ru/batches/6cb9ff7b-d813-4394-8e73-aeda5d06a8f2/_dkDrSboqK6lU1moCPzOvvO_2QT6xGc2HjcHurzA_1.jpg"",""https://static.yeezyunique.ru/batches/6cb9ff7b-d813-4394-8e73-aeda5d06a8f2/_dkDrSboqK6lU1moCPzOvvO_2QT6xGc2HjcHurzA_2.jpg"",""https://static.yeezyunique.ru/batches/6cb9ff7b-d813-4394-8e73-aeda5d06a8f2/_dkDrSboqK6lU1moCPzOvvO_2QT6xGc2HjcHurzA_3.jpg"",""https://static.yeezyunique.ru/batches/6cb9ff7b-d813-4394-8e73-aeda5d06a8f2/_dkDrSboqK6lU1moCPzOvvO_2QT6xGc2HjcHurzA_4.jpg"",""https://static.yeezyunique.ru/batches/6cb9ff7b-d813-4394-8e73-aeda5d06a8f2/_dkDrSboqK6lU1moCPzOvvO_2QT6xGc2HjcHurzA_5.jpg"",""https://static.yeezyunique.ru/batches/6cb9ff7b-d813-4394-8e73-aeda5d06a8f2/_dkDrSboqK6lU1moCPzOvvO_2QT6xGc2HjcHurzA_6.jpg"",""https://static.yeezyunique.ru/batches/6cb9ff7b-d813-4394-8e73-aeda5d06a8f2/_dkDrSboqK6lU1moCPzOvvO_2QT6xGc2HjcHurzA_7.jpg"",""https://static.yeezyunique.ru/batches/6cb9ff7b-d813-4394-8e73-aeda5d06a8f2/_dkDrSboqK6lU1moCPzOvvO_2QT6xGc2HjcHurzA_8.jpg""]";true
_dierSNRmDm23exPAEJ2X1CpCKQzMZKhN6oeHVyA;Alaia Балетки;Элегантные балетки из коллекции 2025 года с изящными перекрестными ремешками. Модель выполнена из премиального импортного материала с отделкой под конский волос и дополнена подкладкой из натуральной овечьей кожи для исключительного комфорта и воздухопроницаемости.\n\nРазмеры: 35-41.;23000;y21537s97v1bl01;nzg3vsvajpiv1e8;gquuvxk7z0ik5jn;Для женщин;"[""https://static.yeezyunique.ru/batches/6cb9ff7b-d813-4394-8e73-aeda5d06a8f2/_dierSNRmDm23exPAEJ2X1CpCKQzMZKhN6oeHVyA_0.jpg"",""https://static.yeezyunique.ru/batches/6cb9ff7b-d813-4394-8e73-aeda5d06a8f2/_dierSNRmDm23exPAEJ2X1CpCKQzMZKhN6oeHVyA_1.jpg"",""https://static.yeezyunique.ru/batches/6cb9ff7b-d813-4394-8e73-aeda5d06a8f2/_dierSNRmDm23exPAEJ2X1CpCKQzMZKhN6oeHVyA_2.jpg"",""https://static.yeezyunique.ru/batches/6cb9ff7b-d813-4394-8e73-aeda5d06a8f2/_dierSNRmDm23exPAEJ2X1CpCKQzMZKhN6oeHVyA_3.jpg"",""https://static.yeezyunique.ru/batches/6cb9ff7b-d813-4394-8e73-aeda5d06a8f2/_dierSNRmDm23exPAEJ2X1CpCKQzMZKhN6oeHVyA_4.jpg"",""https://static.yeezyunique.ru/batches/6cb9ff7b-d813-4394-8e73-aeda5d06a8f2/_dierSNRmDm23exPAEJ2X1CpCKQzMZKhN6oeHVyA_5.jpg"",""https://static.yeezyunique.ru/batches/6cb9ff7b-d813-4394-8e73-aeda5d06a8f2/_dierSNRmDm23exPAEJ2X1CpCKQzMZKhN6oeHVyA_6.jpg"",""https://static.yeezyunique.ru/batches/6cb9ff7b-d813-4394-8e73-aeda5d06a8f2/_dierSNRmDm23exPAEJ2X1CpCKQzMZKhN6oeHVyA_7.jpg"",""https://static.yeezyunique.ru/batches/6cb9ff7b-d813-4394-8e73-aeda5d06a8f2/_dierSNRmDm23exPAEJ2X1CpCKQzMZKhN6oeHVyA_8.jpg""]";true
_dewrSbHZJFf8KyPQ7TG15QN70b634oAYIJLh9Yg;Alaia Балетки;Элегантные балетки из коллекции с перекрестными ремешками, выполненные из премиальной натуральной лакированной кожи с естественной фактурой. Внутренняя отделка из мягкой дышащей кожи ягненка обеспечивает исключительный комфорт при носке.\n\nРазмеры: 35-41.;23000;y21537s97v1bl01;nzg3vsvajpiv1e8;gquuvxk7z0ik5jn;Для женщин;"[""https://static.yeezyunique.ru/batches/6cb9ff7b-d813-4394-8e73-aeda5d06a8f2/_dewrSbHZJFf8KyPQ7TG15QN70b634oAYIJLh9Yg_0.jpg"",""https://static.yeezyunique.ru/batches/6cb9ff7b-d813-4394-8e73-aeda5d06a8f2/_dewrSbHZJFf8KyPQ7TG15QN70b634oAYIJLh9Yg_1.jpg"",""https://static.yeezyunique.ru/batches/6cb9ff7b-d813-4394-8e73-aeda5d06a8f2/_dewrSbHZJFf8KyPQ7TG15QN70b634oAYIJLh9Yg_2.jpg"",""https://static.yeezyunique.ru/batches/6cb9ff7b-d813-4394-8e73-aeda5d06a8f2/_dewrSbHZJFf8KyPQ7TG15QN70b634oAYIJLh9Yg_3.jpg"",""https://static.yeezyunique.ru/batches/6cb9ff7b-d813-4394-8e73-aeda5d06a8f2/_dewrSbHZJFf8KyPQ7TG15QN70b634oAYIJLh9Yg_4.jpg"",""https://static.yeezyunique.ru/batches/6cb9ff7b-d813-4394-8e73-aeda5d06a8f2/_dewrSbHZJFf8KyPQ7TG15QN70b634oAYIJLh9Yg_5.jpg"",""https://static.yeezyunique.ru/batches/6cb9ff7b-d813-4394-8e73-aeda5d06a8f2/_dewrSbHZJFf8KyPQ7TG15QN70b634oAYIJLh9Yg_6.jpg"",""https://static.yeezyunique.ru/batches/6cb9ff7b-d813-4394-8e73-aeda5d06a8f2/_dewrSbHZJFf8KyPQ7TG15QN70b634oAYIJLh9Yg_7.jpg"",""https://static.yeezyunique.ru/batches/6cb9ff7b-d813-4394-8e73-aeda5d06a8f2/_dewrSbHZJFf8KyPQ7TG15QN70b634oAYIJLh9Yg_8.jpg""]";true
_dqdrSlOHc6mrO58CDTQ4Jp5yeLR32wUCJFYXP-g;Alaia Балетки;Элегантные балетки из коллекции с перекрестными ремешками, выполненные из премиальной натуральной лакированной кожи с естественной фактурой. Внутренняя отделка из мягкой дышащей кожи ягненка обеспечивает исключительный комфорт, а износостойкая подошва из TPU гарантирует надежное сцепление с поверхностью.\n\nРазмеры: 35-41.;23000;y21537s97v1bl01;nzg3vsvajpiv1e8;gquuvxk7z0ik5jn;Для женщин;"[""https://static.yeezyunique.ru/batches/6cb9ff7b-d813-4394-8e73-aeda5d06a8f2/_dqdrSlOHc6mrO58CDTQ4Jp5yeLR32wUCJFYXP-g_0.jpg"",""https://static.yeezyunique.ru/batches/6cb9ff7b-d813-4394-8e73-aeda5d06a8f2/_dqdrSlOHc6mrO58CDTQ4Jp5yeLR32wUCJFYXP-g_1.jpg"",""https://static.yeezyunique.ru/batches/6cb9ff7b-d813-4394-8e73-aeda5d06a8f2/_dqdrSlOHc6mrO58CDTQ4Jp5yeLR32wUCJFYXP-g_2.jpg"",""https://static.yeezyunique.ru/batches/6cb9ff7b-d813-4394-8e73-aeda5d06a8f2/_dqdrSlOHc6mrO58CDTQ4Jp5yeLR32wUCJFYXP-g_3.jpg"",""https://static.yeezyunique.ru/batches/6cb9ff7b-d813-4394-8e73-aeda5d06a8f2/_dqdrSlOHc6mrO58CDTQ4Jp5yeLR32wUCJFYXP-g_4.jpg"",""https://static.yeezyunique.ru/batches/6cb9ff7b-d813-4394-8e73-aeda5d06a8f2/_dqdrSlOHc6mrO58CDTQ4Jp5yeLR32wUCJFYXP-g_5.jpg"",""https://static.yeezyunique.ru/batches/6cb9ff7b-d813-4394-8e73-aeda5d06a8f2/_dqdrSlOHc6mrO58CDTQ4Jp5yeLR32wUCJFYXP-g_6.jpg"",""https://static.yeezyunique.ru/batches/6cb9ff7b-d813-4394-8e73-aeda5d06a8f2/_dqdrSlOHc6mrO58CDTQ4Jp5yeLR32wUCJFYXP-g_7.jpg"",""https://static.yeezyunique.ru/batches/6cb9ff7b-d813-4394-8e73-aeda5d06a8f2/_dqdrSlOHc6mrO58CDTQ4Jp5yeLR32wUCJFYXP-g_8.jpg""]";true
_dirrSsB3a298c19MtBCSgblQBCNLKs2V5j_PQ8A;Alaia Балетки;Элегантные балетки из коллекции с перекрестными ремешками, отличающиеся лаконичным современным дизайном. Модель выполнена из премиальной импортной лакированной телячьей кожи с подкладкой из мягкой натуральной овечьей кожи для оптимального комфорта и воздухопроницаемости.\n\nРазмеры: 35-41.;23000;y21537s97v1bl01;nzg3vsvajpiv1e8;gquuvxk7z0ik5jn;Для женщин;"[""https://static.yeezyunique.ru/batches/6cb9ff7b-d813-4394-8e73-aeda5d06a8f2/_dirrSsB3a298c19MtBCSgblQBCNLKs2V5j_PQ8A_0.jpg"",""https://static.yeezyunique.ru/batches/6cb9ff7b-d813-4394-8e73-aeda5d06a8f2/_dirrSsB3a298c19MtBCSgblQBCNLKs2V5j_PQ8A_1.jpg"",""https://static.yeezyunique.ru/batches/6cb9ff7b-d813-4394-8e73-aeda5d06a8f2/_dirrSsB3a298c19MtBCSgblQBCNLKs2V5j_PQ8A_2.jpg"",""https://static.yeezyunique.ru/batches/6cb9ff7b-d813-4394-8e73-aeda5d06a8f2/_dirrSsB3a298c19MtBCSgblQBCNLKs2V5j_PQ8A_3.jpg"",""https://static.yeezyunique.ru/batches/6cb9ff7b-d813-4394-8e73-aeda5d06a8f2/_dirrSsB3a298c19MtBCSgblQBCNLKs2V5j_PQ8A_4.jpg"",""https://static.yeezyunique.ru/batches/6cb9ff7b-d813-4394-8e73-aeda5d06a8f2/_dirrSsB3a298c19MtBCSgblQBCNLKs2V5j_PQ8A_5.jpg"",""https://static.yeezyunique.ru/batches/6cb9ff7b-d813-4394-8e73-aeda5d06a8f2/_dirrSsB3a298c19MtBCSgblQBCNLKs2V5j_PQ8A_6.jpg"",""https://static.yeezyunique.ru/batches/6cb9ff7b-d813-4394-8e73-aeda5d06a8f2/_dirrSsB3a298c19MtBCSgblQBCNLKs2V5j_PQ8A_7.jpg"",""https://static.yeezyunique.ru/batches/6cb9ff7b-d813-4394-8e73-aeda5d06a8f2/_dirrSsB3a298c19MtBCSgblQBCNLKs2V5j_PQ8A_8.jpg""]";true
_dmxrSrus9CAbZu_7F9qTfivZBshOHXIygYrwQ-g;Alaia Балетки;Элегантные балетки из коллекции с перекрестными ремешками, отличающиеся лаконичным современным дизайном. Модель выполнена из премиальной импортной лакированной телячьей кожи с подкладкой из мягкой натуральной овечьей кожи для оптимального комфорта и воздухопроницаемости.\n\nРазмеры: 35-41.;23000;y21537s97v1bl01;nzg3vsvajpiv1e8;gquuvxk7z0ik5jn;Для женщин;"[""https://static.yeezyunique.ru/batches/6cb9ff7b-d813-4394-8e73-aeda5d06a8f2/_dmxrSrus9CAbZu_7F9qTfivZBshOHXIygYrwQ-g_0.jpg"",""https://static.yeezyunique.ru/batches/6cb9ff7b-d813-4394-8e73-aeda5d06a8f2/_dmxrSrus9CAbZu_7F9qTfivZBshOHXIygYrwQ-g_1.jpg"",""https://static.yeezyunique.ru/batches/6cb9ff7b-d813-4394-8e73-aeda5d06a8f2/_dmxrSrus9CAbZu_7F9qTfivZBshOHXIygYrwQ-g_2.jpg"",""https://static.yeezyunique.ru/batches/6cb9ff7b-d813-4394-8e73-aeda5d06a8f2/_dmxrSrus9CAbZu_7F9qTfivZBshOHXIygYrwQ-g_3.jpg"",""https://static.yeezyunique.ru/batches/6cb9ff7b-d813-4394-8e73-aeda5d06a8f2/_dmxrSrus9CAbZu_7F9qTfivZBshOHXIygYrwQ-g_4.jpg"",""https://static.yeezyunique.ru/batches/6cb9ff7b-d813-4394-8e73-aeda5d06a8f2/_dmxrSrus9CAbZu_7F9qTfivZBshOHXIygYrwQ-g_5.jpg"",""https://static.yeezyunique.ru/batches/6cb9ff7b-d813-4394-8e73-aeda5d06a8f2/_dmxrSrus9CAbZu_7F9qTfivZBshOHXIygYrwQ-g_6.jpg"",""https://static.yeezyunique.ru/batches/6cb9ff7b-d813-4394-8e73-aeda5d06a8f2/_dmxrSrus9CAbZu_7F9qTfivZBshOHXIygYrwQ-g_7.jpg"",""https://static.yeezyunique.ru/batches/6cb9ff7b-d813-4394-8e73-aeda5d06a8f2/_dmxrSrus9CAbZu_7F9qTfivZBshOHXIygYrwQ-g_8.jpg""]";true
_d9CrS3vuzPPxg_kSN0ZSKzTosJCtLy80FNwhShA;Alaia Балетки;Элегантные балетки с изящной перфорацией и открытым дизайном. Модель выполнена из премиальной импортной телячьей кожи с подкладкой из мягкой овечьей кожи, обеспечивающей отличную воздухопроницаемость.\n\nРазмеры: 35-41.;23000;y21537s97v1bl01;nzg3vsvajpiv1e8;gquuvxk7z0ik5jn;Для женщин;"[""https://static.yeezyunique.ru/batches/6cb9ff7b-d813-4394-8e73-aeda5d06a8f2/_d9CrS3vuzPPxg_kSN0ZSKzTosJCtLy80FNwhShA_0.jpg"",""https://static.yeezyunique.ru/batches/6cb9ff7b-d813-4394-8e73-aeda5d06a8f2/_d9CrS3vuzPPxg_kSN0ZSKzTosJCtLy80FNwhShA_1.jpg"",""https://static.yeezyunique.ru/batches/6cb9ff7b-d813-4394-8e73-aeda5d06a8f2/_d9CrS3vuzPPxg_kSN0ZSKzTosJCtLy80FNwhShA_2.jpg"",""https://static.yeezyunique.ru/batches/6cb9ff7b-d813-4394-8e73-aeda5d06a8f2/_d9CrS3vuzPPxg_kSN0ZSKzTosJCtLy80FNwhShA_3.jpg"",""https://static.yeezyunique.ru/batches/6cb9ff7b-d813-4394-8e73-aeda5d06a8f2/_d9CrS3vuzPPxg_kSN0ZSKzTosJCtLy80FNwhShA_4.jpg"",""https://static.yeezyunique.ru/batches/6cb9ff7b-d813-4394-8e73-aeda5d06a8f2/_d9CrS3vuzPPxg_kSN0ZSKzTosJCtLy80FNwhShA_5.jpg"",""https://static.yeezyunique.ru/batches/6cb9ff7b-d813-4394-8e73-aeda5d06a8f2/_d9CrS3vuzPPxg_kSN0ZSKzTosJCtLy80FNwhShA_6.jpg"",""https://static.yeezyunique.ru/batches/6cb9ff7b-d813-4394-8e73-aeda5d06a8f2/_d9CrS3vuzPPxg_kSN0ZSKzTosJCtLy80FNwhShA_7.jpg"",""https://static.yeezyunique.ru/batches/6cb9ff7b-d813-4394-8e73-aeda5d06a8f2/_d9CrS3vuzPPxg_kSN0ZSKzTosJCtLy80FNwhShA_8.jpg""]";true
_dfCrSODmkaLTGHfITWMfLkVOuDGmAjNtTSpI9Zw;Alaia Балетки;Элегантные балетки с изящной перфорацией и открытым дизайном. Модель выполнена из премиальной импортной телячьей кожи с подкладкой из натуральной кожи ягненка, обеспечивающей отличную воздухопроницаемость.\n\nРазмеры: 35-41.;23000;y21537s97v1bl01;nzg3vsvajpiv1e8;gquuvxk7z0ik5jn;Для женщин;"[""https://static.yeezyunique.ru/batches/6cb9ff7b-d813-4394-8e73-aeda5d06a8f2/_dfCrSODmkaLTGHfITWMfLkVOuDGmAjNtTSpI9Zw_0.jpg"",""https://static.yeezyunique.ru/batches/6cb9ff7b-d813-4394-8e73-aeda5d06a8f2/_dfCrSODmkaLTGHfITWMfLkVOuDGmAjNtTSpI9Zw_1.jpg"",""https://static.yeezyunique.ru/batches/6cb9ff7b-d813-4394-8e73-aeda5d06a8f2/_dfCrSODmkaLTGHfITWMfLkVOuDGmAjNtTSpI9Zw_2.jpg"",""https://static.yeezyunique.ru/batches/6cb9ff7b-d813-4394-8e73-aeda5d06a8f2/_dfCrSODmkaLTGHfITWMfLkVOuDGmAjNtTSpI9Zw_3.jpg"",""https://static.yeezyunique.ru/batches/6cb9ff7b-d813-4394-8e73-aeda5d06a8f2/_dfCrSODmkaLTGHfITWMfLkVOuDGmAjNtTSpI9Zw_4.jpg"",""https://static.yeezyunique.ru/batches/6cb9ff7b-d813-4394-8e73-aeda5d06a8f2/_dfCrSODmkaLTGHfITWMfLkVOuDGmAjNtTSpI9Zw_5.jpg"",""https://static.yeezyunique.ru/batches/6cb9ff7b-d813-4394-8e73-aeda5d06a8f2/_dfCrSODmkaLTGHfITWMfLkVOuDGmAjNtTSpI9Zw_6.jpg"",""https://static.yeezyunique.ru/batches/6cb9ff7b-d813-4394-8e73-aeda5d06a8f2/_dfCrSODmkaLTGHfITWMfLkVOuDGmAjNtTSpI9Zw_7.jpg"",""https://static.yeezyunique.ru/batches/6cb9ff7b-d813-4394-8e73-aeda5d06a8f2/_dfCrSODmkaLTGHfITWMfLkVOuDGmAjNtTSpI9Zw_8.jpg""]";true
_dearSbW_AuRkI6tUM92S6e8prXKZPPTEYp9dSGg;Alaia Балетки;Элегантные балетки с изящной перфорацией и вырезами, выполненные из премиальной импортной телячьей кожи. Внутренняя отделка из натуральной кожи ягненка обеспечивает исключительный комфорт и воздухопроницаемость, а износостойкая подошва гарантирует надежное сцепление.\n\nРазмеры: 35-41.;23000;y21537s97v1bl01;nzg3vsvajpiv1e8;gquuvxk7z0ik5jn;Для женщин;"[""https://static.yeezyunique.ru/batches/6cb9ff7b-d813-4394-8e73-aeda5d06a8f2/_dearSbW_AuRkI6tUM92S6e8prXKZPPTEYp9dSGg_0.jpg"",""https://static.yeezyunique.ru/batches/6cb9ff7b-d813-4394-8e73-aeda5d06a8f2/_dearSbW_AuRkI6tUM92S6e8prXKZPPTEYp9dSGg_1.jpg"",""https://static.yeezyunique.ru/batches/6cb9ff7b-d813-4394-8e73-aeda5d06a8f2/_dearSbW_AuRkI6tUM92S6e8prXKZPPTEYp9dSGg_2.jpg"",""https://static.yeezyunique.ru/batches/6cb9ff7b-d813-4394-8e73-aeda5d06a8f2/_dearSbW_AuRkI6tUM92S6e8prXKZPPTEYp9dSGg_3.jpg"",""https://static.yeezyunique.ru/batches/6cb9ff7b-d813-4394-8e73-aeda5d06a8f2/_dearSbW_AuRkI6tUM92S6e8prXKZPPTEYp9dSGg_4.jpg"",""https://static.yeezyunique.ru/batches/6cb9ff7b-d813-4394-8e73-aeda5d06a8f2/_dearSbW_AuRkI6tUM92S6e8prXKZPPTEYp9dSGg_5.jpg"",""https://static.yeezyunique.ru/batches/6cb9ff7b-d813-4394-8e73-aeda5d06a8f2/_dearSbW_AuRkI6tUM92S6e8prXKZPPTEYp9dSGg_6.jpg"",""https://static.yeezyunique.ru/batches/6cb9ff7b-d813-4394-8e73-aeda5d06a8f2/_dearSbW_AuRkI6tUM92S6e8prXKZPPTEYp9dSGg_7.jpg"",""https://static.yeezyunique.ru/batches/6cb9ff7b-d813-4394-8e73-aeda5d06a8f2/_dearSbW_AuRkI6tUM92S6e8prXKZPPTEYp9dSGg_8.jpg""]";true
_dgJrSabrhIUuYn0ixMl3-FqHRgoiAURBXKF4lkw;Alaia Балетки;Элегантные балетки с изящной перфорацией и вырезами, выполненные из премиальной импортной телячьей кожи. Внутренняя отделка из натуральной кожи ягненка обеспечивает исключительный комфорт и воздухопроницаемость, а износостойкая подошва гарантирует надежное сцепление.\n\nРазмеры: 35-41.;23000;y21537s97v1bl01;nzg3vsvajpiv1e8;gquuvxk7z0ik5jn;Для женщин;"[""https://static.yeezyunique.ru/batches/6cb9ff7b-d813-4394-8e73-aeda5d06a8f2/_dgJrSabrhIUuYn0ixMl3-FqHRgoiAURBXKF4lkw_0.jpg"",""https://static.yeezyunique.ru/batches/6cb9ff7b-d813-4394-8e73-aeda5d06a8f2/_dgJrSabrhIUuYn0ixMl3-FqHRgoiAURBXKF4lkw_1.jpg"",""https://static.yeezyunique.ru/batches/6cb9ff7b-d813-4394-8e73-aeda5d06a8f2/_dgJrSabrhIUuYn0ixMl3-FqHRgoiAURBXKF4lkw_2.jpg"",""https://static.yeezyunique.ru/batches/6cb9ff7b-d813-4394-8e73-aeda5d06a8f2/_dgJrSabrhIUuYn0ixMl3-FqHRgoiAURBXKF4lkw_3.jpg"",""https://static.yeezyunique.ru/batches/6cb9ff7b-d813-4394-8e73-aeda5d06a8f2/_dgJrSabrhIUuYn0ixMl3-FqHRgoiAURBXKF4lkw_4.jpg"",""https://static.yeezyunique.ru/batches/6cb9ff7b-d813-4394-8e73-aeda5d06a8f2/_dgJrSabrhIUuYn0ixMl3-FqHRgoiAURBXKF4lkw_5.jpg"",""https://static.yeezyunique.ru/batches/6cb9ff7b-d813-4394-8e73-aeda5d06a8f2/_dgJrSabrhIUuYn0ixMl3-FqHRgoiAURBXKF4lkw_6.jpg"",""https://static.yeezyunique.ru/batches/6cb9ff7b-d813-4394-8e73-aeda5d06a8f2/_dgJrSabrhIUuYn0ixMl3-FqHRgoiAURBXKF4lkw_7.jpg"",""https://static.yeezyunique.ru/batches/6cb9ff7b-d813-4394-8e73-aeda5d06a8f2/_dgJrSabrhIUuYn0ixMl3-FqHRgoiAURBXKF4lkw_8.jpg""]";true
_dufrS4lFvEC6t4gbQWjo-22P5-6cd8BrTO7Jx6A;Alaia Балетки;Элегантные балетки с изящным вырезом и сетчатыми вставками, которые идеально дополнят любой современный образ. Модель выполнена из комбинации премиальной импортной сетки и лакированной кожи, внутри — дышащая подкладка из натуральной кожи ягненка.\n\nРазмеры: 35-41.;23000;y21537s97v1bl01;nzg3vsvajpiv1e8;gquuvxk7z0ik5jn;Для женщин;"[""https://static.yeezyunique.ru/batches/6cb9ff7b-d813-4394-8e73-aeda5d06a8f2/_dufrS4lFvEC6t4gbQWjo-22P5-6cd8BrTO7Jx6A_0.jpg"",""https://static.yeezyunique.ru/batches/6cb9ff7b-d813-4394-8e73-aeda5d06a8f2/_dufrS4lFvEC6t4gbQWjo-22P5-6cd8BrTO7Jx6A_1.jpg"",""https://static.yeezyunique.ru/batches/6cb9ff7b-d813-4394-8e73-aeda5d06a8f2/_dufrS4lFvEC6t4gbQWjo-22P5-6cd8BrTO7Jx6A_2.jpg"",""https://static.yeezyunique.ru/batches/6cb9ff7b-d813-4394-8e73-aeda5d06a8f2/_dufrS4lFvEC6t4gbQWjo-22P5-6cd8BrTO7Jx6A_3.jpg"",""https://static.yeezyunique.ru/batches/6cb9ff7b-d813-4394-8e73-aeda5d06a8f2/_dufrS4lFvEC6t4gbQWjo-22P5-6cd8BrTO7Jx6A_4.jpg"",""https://static.yeezyunique.ru/batches/6cb9ff7b-d813-4394-8e73-aeda5d06a8f2/_dufrS4lFvEC6t4gbQWjo-22P5-6cd8BrTO7Jx6A_5.jpg"",""https://static.yeezyunique.ru/batches/6cb9ff7b-d813-4394-8e73-aeda5d06a8f2/_dufrS4lFvEC6t4gbQWjo-22P5-6cd8BrTO7Jx6A_6.jpg"",""https://static.yeezyunique.ru/batches/6cb9ff7b-d813-4394-8e73-aeda5d06a8f2/_dufrS4lFvEC6t4gbQWjo-22P5-6cd8BrTO7Jx6A_7.jpg"",""https://static.yeezyunique.ru/batches/6cb9ff7b-d813-4394-8e73-aeda5d06a8f2/_dufrS4lFvEC6t4gbQWjo-22P5-6cd8BrTO7Jx6A_8.jpg""]";true
_dv1rSTDehBnQvbuo8f_xB9TFlEMnMNH-MgujhCA;Alaia Балетки;Элегантные балетки с изящным вырезом и сетчатыми элементами, выполненные из премиального импортного меха пони с леопардовым принтом. Внутренняя отделка из натуральной полнозернистой кожи ягненка обеспечивает исключительный комфорт и воздухопроницаемость.\n\nРазмеры: 35-41.;23000;y21537s97v1bl01;nzg3vsvajpiv1e8;gquuvxk7z0ik5jn;Для женщин;"[""https://static.yeezyunique.ru/batches/6cb9ff7b-d813-4394-8e73-aeda5d06a8f2/_dv1rSTDehBnQvbuo8f_xB9TFlEMnMNH-MgujhCA_0.jpg"",""https://static.yeezyunique.ru/batches/6cb9ff7b-d813-4394-8e73-aeda5d06a8f2/_dv1rSTDehBnQvbuo8f_xB9TFlEMnMNH-MgujhCA_1.jpg"",""https://static.yeezyunique.ru/batches/6cb9ff7b-d813-4394-8e73-aeda5d06a8f2/_dv1rSTDehBnQvbuo8f_xB9TFlEMnMNH-MgujhCA_2.jpg"",""https://static.yeezyunique.ru/batches/6cb9ff7b-d813-4394-8e73-aeda5d06a8f2/_dv1rSTDehBnQvbuo8f_xB9TFlEMnMNH-MgujhCA_3.jpg"",""https://static.yeezyunique.ru/batches/6cb9ff7b-d813-4394-8e73-aeda5d06a8f2/_dv1rSTDehBnQvbuo8f_xB9TFlEMnMNH-MgujhCA_4.jpg"",""https://static.yeezyunique.ru/batches/6cb9ff7b-d813-4394-8e73-aeda5d06a8f2/_dv1rSTDehBnQvbuo8f_xB9TFlEMnMNH-MgujhCA_5.jpg"",""https://static.yeezyunique.ru/batches/6cb9ff7b-d813-4394-8e73-aeda5d06a8f2/_dv1rSTDehBnQvbuo8f_xB9TFlEMnMNH-MgujhCA_6.jpg"",""https://static.yeezyunique.ru/batches/6cb9ff7b-d813-4394-8e73-aeda5d06a8f2/_dv1rSTDehBnQvbuo8f_xB9TFlEMnMNH-MgujhCA_7.jpg"",""https://static.yeezyunique.ru/batches/6cb9ff7b-d813-4394-8e73-aeda5d06a8f2/_dv1rSTDehBnQvbuo8f_xB9TFlEMnMNH-MgujhCA_8.jpg""]";true
_d8wrS7X_C6soG5jiJzpsN7fgycP1gH3eCrGI2ZQ;Alaia Балетки;Изысканные балетки из мягкой кожи ягненка, украшенные сверкающими стразами. Модель сочетает в себе элегантность и комфорт, выполнена из премиальных материалов с дышащей кожаной подкладкой и износостойкой подошвой.\n\nРазмеры: 35-41.;23000;y21537s97v1bl01;nzg3vsvajpiv1e8;gquuvxk7z0ik5jn;Для женщин;"[""https://static.yeezyunique.ru/batches/6cb9ff7b-d813-4394-8e73-aeda5d06a8f2/_d8wrS7X_C6soG5jiJzpsN7fgycP1gH3eCrGI2ZQ_0.jpg"",""https://static.yeezyunique.ru/batches/6cb9ff7b-d813-4394-8e73-aeda5d06a8f2/_d8wrS7X_C6soG5jiJzpsN7fgycP1gH3eCrGI2ZQ_1.jpg"",""https://static.yeezyunique.ru/batches/6cb9ff7b-d813-4394-8e73-aeda5d06a8f2/_d8wrS7X_C6soG5jiJzpsN7fgycP1gH3eCrGI2ZQ_2.jpg"",""https://static.yeezyunique.ru/batches/6cb9ff7b-d813-4394-8e73-aeda5d06a8f2/_d8wrS7X_C6soG5jiJzpsN7fgycP1gH3eCrGI2ZQ_3.jpg"",""https://static.yeezyunique.ru/batches/6cb9ff7b-d813-4394-8e73-aeda5d06a8f2/_d8wrS7X_C6soG5jiJzpsN7fgycP1gH3eCrGI2ZQ_4.jpg"",""https://static.yeezyunique.ru/batches/6cb9ff7b-d813-4394-8e73-aeda5d06a8f2/_d8wrS7X_C6soG5jiJzpsN7fgycP1gH3eCrGI2ZQ_5.jpg"",""https://static.yeezyunique.ru/batches/6cb9ff7b-d813-4394-8e73-aeda5d06a8f2/_d8wrS7X_C6soG5jiJzpsN7fgycP1gH3eCrGI2ZQ_6.jpg"",""https://static.yeezyunique.ru/batches/6cb9ff7b-d813-4394-8e73-aeda5d06a8f2/_d8wrS7X_C6soG5jiJzpsN7fgycP1gH3eCrGI2ZQ_7.jpg"",""https://static.yeezyunique.ru/batches/6cb9ff7b-d813-4394-8e73-aeda5d06a8f2/_d8wrS7X_C6soG5jiJzpsN7fgycP1gH3eCrGI2ZQ_8.jpg""]";true
_dMrrSexQsbV_LVSJWNrGnsNZt11Lr7wh0ON2RMA;Alaia Балетки;Элегантные балетки из премиальной кожи ягненка, украшенные сверкающими стразами. Модель сочетает в себе изысканный стиль и непревзойденный комфорт благодаря мягкой кожаной подкладке и дышащим материалам.\n\nРазмеры: 35-41.;23000;y21537s97v1bl01;nzg3vsvajpiv1e8;gquuvxk7z0ik5jn;Для женщин;"[""https://static.yeezyunique.ru/batches/6cb9ff7b-d813-4394-8e73-aeda5d06a8f2/_dMrrSexQsbV_LVSJWNrGnsNZt11Lr7wh0ON2RMA_0.jpg"",""https://static.yeezyunique.ru/batches/6cb9ff7b-d813-4394-8e73-aeda5d06a8f2/_dMrrSexQsbV_LVSJWNrGnsNZt11Lr7wh0ON2RMA_1.jpg"",""https://static.yeezyunique.ru/batches/6cb9ff7b-d813-4394-8e73-aeda5d06a8f2/_dMrrSexQsbV_LVSJWNrGnsNZt11Lr7wh0ON2RMA_2.jpg"",""https://static.yeezyunique.ru/batches/6cb9ff7b-d813-4394-8e73-aeda5d06a8f2/_dMrrSexQsbV_LVSJWNrGnsNZt11Lr7wh0ON2RMA_3.jpg"",""https://static.yeezyunique.ru/batches/6cb9ff7b-d813-4394-8e73-aeda5d06a8f2/_dMrrSexQsbV_LVSJWNrGnsNZt11Lr7wh0ON2RMA_4.jpg"",""https://static.yeezyunique.ru/batches/6cb9ff7b-d813-4394-8e73-aeda5d06a8f2/_dMrrSexQsbV_LVSJWNrGnsNZt11Lr7wh0ON2RMA_5.jpg"",""https://static.yeezyunique.ru/batches/6cb9ff7b-d813-4394-8e73-aeda5d06a8f2/_dMrrSexQsbV_LVSJWNrGnsNZt11Lr7wh0ON2RMA_6.jpg"",""https://static.yeezyunique.ru/batches/6cb9ff7b-d813-4394-8e73-aeda5d06a8f2/_dMrrSexQsbV_LVSJWNrGnsNZt11Lr7wh0ON2RMA_7.jpg"",""https://static.yeezyunique.ru/batches/6cb9ff7b-d813-4394-8e73-aeda5d06a8f2/_dMrrSexQsbV_LVSJWNrGnsNZt11Lr7wh0ON2RMA_8.jpg""]";true
_dc9rSXXgruLgpyqDDnAw0Ga-6tFz9nd6Jlj636Q;Alaia Балетки;Элегантные балетки с лаконичным дизайном, которые станут незаменимым элементом женского гардероба. Модель выполнена из премиальной импортной кожи ягненка с золотистым напылением и дополнена подкладкой из натуральной кожи для исключительного комфорта и воздухопроницаемости.\n\nРазмеры: 35-41.;23000;y21537s97v1bl01;nzg3vsvajpiv1e8;gquuvxk7z0ik5jn;Для женщин;"[""https://static.yeezyunique.ru/batches/6cb9ff7b-d813-4394-8e73-aeda5d06a8f2/_dc9rSXXgruLgpyqDDnAw0Ga-6tFz9nd6Jlj636Q_0.jpg"",""https://static.yeezyunique.ru/batches/6cb9ff7b-d813-4394-8e73-aeda5d06a8f2/_dc9rSXXgruLgpyqDDnAw0Ga-6tFz9nd6Jlj636Q_1.jpg"",""https://static.yeezyunique.ru/batches/6cb9ff7b-d813-4394-8e73-aeda5d06a8f2/_dc9rSXXgruLgpyqDDnAw0Ga-6tFz9nd6Jlj636Q_2.jpg"",""https://static.yeezyunique.ru/batches/6cb9ff7b-d813-4394-8e73-aeda5d06a8f2/_dc9rSXXgruLgpyqDDnAw0Ga-6tFz9nd6Jlj636Q_3.jpg"",""https://static.yeezyunique.ru/batches/6cb9ff7b-d813-4394-8e73-aeda5d06a8f2/_dc9rSXXgruLgpyqDDnAw0Ga-6tFz9nd6Jlj636Q_4.jpg"",""https://static.yeezyunique.ru/batches/6cb9ff7b-d813-4394-8e73-aeda5d06a8f2/_dc9rSXXgruLgpyqDDnAw0Ga-6tFz9nd6Jlj636Q_5.jpg"",""https://static.yeezyunique.ru/batches/6cb9ff7b-d813-4394-8e73-aeda5d06a8f2/_dc9rSXXgruLgpyqDDnAw0Ga-6tFz9nd6Jlj636Q_6.jpg"",""https://static.yeezyunique.ru/batches/6cb9ff7b-d813-4394-8e73-aeda5d06a8f2/_dc9rSXXgruLgpyqDDnAw0Ga-6tFz9nd6Jlj636Q_7.jpg"",""https://static.yeezyunique.ru/batches/6cb9ff7b-d813-4394-8e73-aeda5d06a8f2/_dc9rSXXgruLgpyqDDnAw0Ga-6tFz9nd6Jlj636Q_8.jpg""]";true
_db3rSwbTH-g7uEzD_2-GdjCCj3ho4MJXqJZHoGA;Alaia Балетки;Элегантные балетки из премиальной импортной замши, которые станут незаменимым элементом гардероба. Модель дополнена подкладкой из натуральной кожи ягненка для исключительного комфорта и воздухопроницаемости, а также износостойкой подошвой из термополиуретана.\n\nРазмеры: 35-41.;23000;y21537s97v1bl01;nzg3vsvajpiv1e8;gquuvxk7z0ik5jn;Для женщин;"[""https://static.yeezyunique.ru/batches/6cb9ff7b-d813-4394-8e73-aeda5d06a8f2/_db3rSwbTH-g7uEzD_2-GdjCCj3ho4MJXqJZHoGA_0.jpg"",""https://static.yeezyunique.ru/batches/6cb9ff7b-d813-4394-8e73-aeda5d06a8f2/_db3rSwbTH-g7uEzD_2-GdjCCj3ho4MJXqJZHoGA_1.jpg"",""https://static.yeezyunique.ru/batches/6cb9ff7b-d813-4394-8e73-aeda5d06a8f2/_db3rSwbTH-g7uEzD_2-GdjCCj3ho4MJXqJZHoGA_2.jpg"",""https://static.yeezyunique.ru/batches/6cb9ff7b-d813-4394-8e73-aeda5d06a8f2/_db3rSwbTH-g7uEzD_2-GdjCCj3ho4MJXqJZHoGA_3.jpg"",""https://static.yeezyunique.ru/batches/6cb9ff7b-d813-4394-8e73-aeda5d06a8f2/_db3rSwbTH-g7uEzD_2-GdjCCj3ho4MJXqJZHoGA_4.jpg"",""https://static.yeezyunique.ru/batches/6cb9ff7b-d813-4394-8e73-aeda5d06a8f2/_db3rSwbTH-g7uEzD_2-GdjCCj3ho4MJXqJZHoGA_5.jpg"",""https://static.yeezyunique.ru/batches/6cb9ff7b-d813-4394-8e73-aeda5d06a8f2/_db3rSwbTH-g7uEzD_2-GdjCCj3ho4MJXqJZHoGA_6.jpg"",""https://static.yeezyunique.ru/batches/6cb9ff7b-d813-4394-8e73-aeda5d06a8f2/_db3rSwbTH-g7uEzD_2-GdjCCj3ho4MJXqJZHoGA_7.jpg"",""https://static.yeezyunique.ru/batches/6cb9ff7b-d813-4394-8e73-aeda5d06a8f2/_db3rSwbTH-g7uEzD_2-GdjCCj3ho4MJXqJZHoGA_8.jpg""]";true
_dg4rSOoo8nJGo9RSXPdC-aYOsOjMUTK8xKPKTEw;Alaia Балетки;Элегантные балетки с изящным вырезом и сетчатыми элементами, выполненные из премиального импортного меха пони с леопардовым принтом. Внутренняя отделка из натуральной полнозернистой кожи ягненка обеспечивает исключительный комфорт и воздухопроницаемость.\n\nРазмеры: 35-41.;23000;y21537s97v1bl01;nzg3vsvajpiv1e8;gquuvxk7z0ik5jn;Для женщин;"[""https://static.yeezyunique.ru/batches/6cb9ff7b-d813-4394-8e73-aeda5d06a8f2/_dg4rSOoo8nJGo9RSXPdC-aYOsOjMUTK8xKPKTEw_0.jpg"",""https://static.yeezyunique.ru/batches/6cb9ff7b-d813-4394-8e73-aeda5d06a8f2/_dg4rSOoo8nJGo9RSXPdC-aYOsOjMUTK8xKPKTEw_1.jpg"",""https://static.yeezyunique.ru/batches/6cb9ff7b-d813-4394-8e73-aeda5d06a8f2/_dg4rSOoo8nJGo9RSXPdC-aYOsOjMUTK8xKPKTEw_2.jpg"",""https://static.yeezyunique.ru/batches/6cb9ff7b-d813-4394-8e73-aeda5d06a8f2/_dg4rSOoo8nJGo9RSXPdC-aYOsOjMUTK8xKPKTEw_3.jpg"",""https://static.yeezyunique.ru/batches/6cb9ff7b-d813-4394-8e73-aeda5d06a8f2/_dg4rSOoo8nJGo9RSXPdC-aYOsOjMUTK8xKPKTEw_4.jpg"",""https://static.yeezyunique.ru/batches/6cb9ff7b-d813-4394-8e73-aeda5d06a8f2/_dg4rSOoo8nJGo9RSXPdC-aYOsOjMUTK8xKPKTEw_5.jpg"",""https://static.yeezyunique.ru/batches/6cb9ff7b-d813-4394-8e73-aeda5d06a8f2/_dg4rSOoo8nJGo9RSXPdC-aYOsOjMUTK8xKPKTEw_6.jpg"",""https://static.yeezyunique.ru/batches/6cb9ff7b-d813-4394-8e73-aeda5d06a8f2/_dg4rSOoo8nJGo9RSXPdC-aYOsOjMUTK8xKPKTEw_7.jpg"",""https://static.yeezyunique.ru/batches/6cb9ff7b-d813-4394-8e73-aeda5d06a8f2/_dg4rSOoo8nJGo9RSXPdC-aYOsOjMUTK8xKPKTEw_8.jpg""]";true
_dr2rSZkD6AvBG5oLC8V7pgEiAn9nV89U0vrprlA;Alaia Балетки;Элегантные балетки с фирменным镂空 (сетчатым) дизайном и крупной золотистой пряжкой. Модель выполнена из комбинации импортной сетки и лакированной кожи, внутри — дышащая подкладка из натуральной овечьей кожи.\n\nРазмеры: 35-41.;23000;y21537s97v1bl01;nzg3vsvajpiv1e8;gquuvxk7z0ik5jn;Для женщин;"[""https://static.yeezyunique.ru/batches/6cb9ff7b-d813-4394-8e73-aeda5d06a8f2/_dr2rSZkD6AvBG5oLC8V7pgEiAn9nV89U0vrprlA_0.jpg"",""https://static.yeezyunique.ru/batches/6cb9ff7b-d813-4394-8e73-aeda5d06a8f2/_dr2rSZkD6AvBG5oLC8V7pgEiAn9nV89U0vrprlA_1.jpg"",""https://static.yeezyunique.ru/batches/6cb9ff7b-d813-4394-8e73-aeda5d06a8f2/_dr2rSZkD6AvBG5oLC8V7pgEiAn9nV89U0vrprlA_2.jpg"",""https://static.yeezyunique.ru/batches/6cb9ff7b-d813-4394-8e73-aeda5d06a8f2/_dr2rSZkD6AvBG5oLC8V7pgEiAn9nV89U0vrprlA_3.jpg"",""https://static.yeezyunique.ru/batches/6cb9ff7b-d813-4394-8e73-aeda5d06a8f2/_dr2rSZkD6AvBG5oLC8V7pgEiAn9nV89U0vrprlA_4.jpg"",""https://static.yeezyunique.ru/batches/6cb9ff7b-d813-4394-8e73-aeda5d06a8f2/_dr2rSZkD6AvBG5oLC8V7pgEiAn9nV89U0vrprlA_5.jpg"",""https://static.yeezyunique.ru/batches/6cb9ff7b-d813-4394-8e73-aeda5d06a8f2/_dr2rSZkD6AvBG5oLC8V7pgEiAn9nV89U0vrprlA_6.jpg"",""https://static.yeezyunique.ru/batches/6cb9ff7b-d813-4394-8e73-aeda5d06a8f2/_dr2rSZkD6AvBG5oLC8V7pgEiAn9nV89U0vrprlA_7.jpg"",""https://static.yeezyunique.ru/batches/6cb9ff7b-d813-4394-8e73-aeda5d06a8f2/_dr2rSZkD6AvBG5oLC8V7pgEiAn9nV89U0vrprlA_8.jpg""]";true
_dtGrSPquS6aGNx-_NzVxUUXbj6pcUGBcISPGbYw;Alaia Балетки;Элегантные балетки с изящным вырезом и сетчатыми вставками, которые идеально дополнят любой современный образ. Модель выполнена из комбинации премиальной импортной сетки и лакированной кожи, внутри — дышащая подкладка из натуральной кожи ягненка.\n\nРазмеры: 35-41.;23000;y21537s97v1bl01;nzg3vsvajpiv1e8;gquuvxk7z0ik5jn;Для женщин;"[""https://static.yeezyunique.ru/batches/6cb9ff7b-d813-4394-8e73-aeda5d06a8f2/_dtGrSPquS6aGNx-_NzVxUUXbj6pcUGBcISPGbYw_0.jpg"",""https://static.yeezyunique.ru/batches/6cb9ff7b-d813-4394-8e73-aeda5d06a8f2/_dtGrSPquS6aGNx-_NzVxUUXbj6pcUGBcISPGbYw_1.jpg"",""https://static.yeezyunique.ru/batches/6cb9ff7b-d813-4394-8e73-aeda5d06a8f2/_dtGrSPquS6aGNx-_NzVxUUXbj6pcUGBcISPGbYw_2.jpg"",""https://static.yeezyunique.ru/batches/6cb9ff7b-d813-4394-8e73-aeda5d06a8f2/_dtGrSPquS6aGNx-_NzVxUUXbj6pcUGBcISPGbYw_3.jpg"",""https://static.yeezyunique.ru/batches/6cb9ff7b-d813-4394-8e73-aeda5d06a8f2/_dtGrSPquS6aGNx-_NzVxUUXbj6pcUGBcISPGbYw_4.jpg"",""https://static.yeezyunique.ru/batches/6cb9ff7b-d813-4394-8e73-aeda5d06a8f2/_dtGrSPquS6aGNx-_NzVxUUXbj6pcUGBcISPGbYw_5.jpg"",""https://static.yeezyunique.ru/batches/6cb9ff7b-d813-4394-8e73-aeda5d06a8f2/_dtGrSPquS6aGNx-_NzVxUUXbj6pcUGBcISPGbYw_6.jpg"",""https://static.yeezyunique.ru/batches/6cb9ff7b-d813-4394-8e73-aeda5d06a8f2/_dtGrSPquS6aGNx-_NzVxUUXbj6pcUGBcISPGbYw_7.jpg"",""https://static.yeezyunique.ru/batches/6cb9ff7b-d813-4394-8e73-aeda5d06a8f2/_dtGrSPquS6aGNx-_NzVxUUXbj6pcUGBcISPGbYw_8.jpg""]";true
_duirSGvxqL7AQmiZuhpQsYZLOzZo6ZgblJ-Z7Vw;Alaia Балетки;Элегантные балетки с изящным вырезом и сетчатыми вставками, которые идеально дополнят любой современный образ. Модель выполнена из комбинации премиальной импортной сетки и лакированной кожи, внутри — дышащая подкладка из натуральной кожи ягненка.\n\nРазмеры: 35-41.;23000;y21537s97v1bl01;nzg3vsvajpiv1e8;gquuvxk7z0ik5jn;Для женщин;"[""https://static.yeezyunique.ru/batches/6cb9ff7b-d813-4394-8e73-aeda5d06a8f2/_duirSGvxqL7AQmiZuhpQsYZLOzZo6ZgblJ-Z7Vw_0.jpg"",""https://static.yeezyunique.ru/batches/6cb9ff7b-d813-4394-8e73-aeda5d06a8f2/_duirSGvxqL7AQmiZuhpQsYZLOzZo6ZgblJ-Z7Vw_1.jpg"",""https://static.yeezyunique.ru/batches/6cb9ff7b-d813-4394-8e73-aeda5d06a8f2/_duirSGvxqL7AQmiZuhpQsYZLOzZo6ZgblJ-Z7Vw_2.jpg"",""https://static.yeezyunique.ru/batches/6cb9ff7b-d813-4394-8e73-aeda5d06a8f2/_duirSGvxqL7AQmiZuhpQsYZLOzZo6ZgblJ-Z7Vw_3.jpg"",""https://static.yeezyunique.ru/batches/6cb9ff7b-d813-4394-8e73-aeda5d06a8f2/_duirSGvxqL7AQmiZuhpQsYZLOzZo6ZgblJ-Z7Vw_4.jpg"",""https://static.yeezyunique.ru/batches/6cb9ff7b-d813-4394-8e73-aeda5d06a8f2/_duirSGvxqL7AQmiZuhpQsYZLOzZo6ZgblJ-Z7Vw_5.jpg"",""https://static.yeezyunique.ru/batches/6cb9ff7b-d813-4394-8e73-aeda5d06a8f2/_duirSGvxqL7AQmiZuhpQsYZLOzZo6ZgblJ-Z7Vw_6.jpg"",""https://static.yeezyunique.ru/batches/6cb9ff7b-d813-4394-8e73-aeda5d06a8f2/_duirSGvxqL7AQmiZuhpQsYZLOzZo6ZgblJ-Z7Vw_7.jpg"",""https://static.yeezyunique.ru/batches/6cb9ff7b-d813-4394-8e73-aeda5d06a8f2/_duirSGvxqL7AQmiZuhpQsYZLOzZo6ZgblJ-Z7Vw_8.jpg""]";true
_d9trSb2z5rXJZzJUQqWtchvGVpTEnECCMnk-NDA;Alaia Балетки;Элегантные балетки с изящным вырезом и сетчатыми вставками, которые идеально дополнят любой современный образ. Модель выполнена из комбинации премиальной импортной сетки и лакированной кожи, внутри — дышащая подкладка из натуральной кожи ягненка.\n\nРазмеры: 35-41.;23000;y21537s97v1bl01;nzg3vsvajpiv1e8;gquuvxk7z0ik5jn;Для женщин;"[""https://static.yeezyunique.ru/batches/6cb9ff7b-d813-4394-8e73-aeda5d06a8f2/_d9trSb2z5rXJZzJUQqWtchvGVpTEnECCMnk-NDA_0.jpg"",""https://static.yeezyunique.ru/batches/6cb9ff7b-d813-4394-8e73-aeda5d06a8f2/_d9trSb2z5rXJZzJUQqWtchvGVpTEnECCMnk-NDA_1.jpg"",""https://static.yeezyunique.ru/batches/6cb9ff7b-d813-4394-8e73-aeda5d06a8f2/_d9trSb2z5rXJZzJUQqWtchvGVpTEnECCMnk-NDA_2.jpg"",""https://static.yeezyunique.ru/batches/6cb9ff7b-d813-4394-8e73-aeda5d06a8f2/_d9trSb2z5rXJZzJUQqWtchvGVpTEnECCMnk-NDA_3.jpg"",""https://static.yeezyunique.ru/batches/6cb9ff7b-d813-4394-8e73-aeda5d06a8f2/_d9trSb2z5rXJZzJUQqWtchvGVpTEnECCMnk-NDA_4.jpg"",""https://static.yeezyunique.ru/batches/6cb9ff7b-d813-4394-8e73-aeda5d06a8f2/_d9trSb2z5rXJZzJUQqWtchvGVpTEnECCMnk-NDA_5.jpg"",""https://static.yeezyunique.ru/batches/6cb9ff7b-d813-4394-8e73-aeda5d06a8f2/_d9trSb2z5rXJZzJUQqWtchvGVpTEnECCMnk-NDA_6.jpg"",""https://static.yeezyunique.ru/batches/6cb9ff7b-d813-4394-8e73-aeda5d06a8f2/_d9trSb2z5rXJZzJUQqWtchvGVpTEnECCMnk-NDA_7.jpg"",""https://static.yeezyunique.ru/batches/6cb9ff7b-d813-4394-8e73-aeda5d06a8f2/_d9trSb2z5rXJZzJUQqWtchvGVpTEnECCMnk-NDA_8.jpg""]";true
_dvdrSrgDD7MvLOiqlF8E0E1XromwANihHgyAd2w;Alaia Балетки;Элегантные балетки с изящным вырезом и сетчатыми вставками, которые идеально дополнят любой современный образ. Модель выполнена из комбинации премиальной импортной сетки и лакированной кожи, внутри — дышащая подкладка из натуральной кожи ягненка.\n\nРазмеры: 35-41.;23000;y21537s97v1bl01;nzg3vsvajpiv1e8;gquuvxk7z0ik5jn;Для женщин;"[""https://static.yeezyunique.ru/batches/6cb9ff7b-d813-4394-8e73-aeda5d06a8f2/_dvdrSrgDD7MvLOiqlF8E0E1XromwANihHgyAd2w_0.jpg"",""https://static.yeezyunique.ru/batches/6cb9ff7b-d813-4394-8e73-aeda5d06a8f2/_dvdrSrgDD7MvLOiqlF8E0E1XromwANihHgyAd2w_1.jpg"",""https://static.yeezyunique.ru/batches/6cb9ff7b-d813-4394-8e73-aeda5d06a8f2/_dvdrSrgDD7MvLOiqlF8E0E1XromwANihHgyAd2w_2.jpg"",""https://static.yeezyunique.ru/batches/6cb9ff7b-d813-4394-8e73-aeda5d06a8f2/_dvdrSrgDD7MvLOiqlF8E0E1XromwANihHgyAd2w_3.jpg"",""https://static.yeezyunique.ru/batches/6cb9ff7b-d813-4394-8e73-aeda5d06a8f2/_dvdrSrgDD7MvLOiqlF8E0E1XromwANihHgyAd2w_4.jpg"",""https://static.yeezyunique.ru/batches/6cb9ff7b-d813-4394-8e73-aeda5d06a8f2/_dvdrSrgDD7MvLOiqlF8E0E1XromwANihHgyAd2w_5.jpg"",""https://static.yeezyunique.ru/batches/6cb9ff7b-d813-4394-8e73-aeda5d06a8f2/_dvdrSrgDD7MvLOiqlF8E0E1XromwANihHgyAd2w_6.jpg"",""https://static.yeezyunique.ru/batches/6cb9ff7b-d813-4394-8e73-aeda5d06a8f2/_dvdrSrgDD7MvLOiqlF8E0E1XromwANihHgyAd2w_7.jpg"",""https://static.yeezyunique.ru/batches/6cb9ff7b-d813-4394-8e73-aeda5d06a8f2/_dvdrSrgDD7MvLOiqlF8E0E1XromwANihHgyAd2w_8.jpg""]";true
_dutrSHceqlttuanrt-4VLMv08v76Yn9muyRertg;Alaia Мюли;Элегантные мюли с эффектным сетчатым дизайном, дополненные вставками из лакированной кожи. Модель выполнена с использованием премиальной кожи ягненка и высококачественной итальянской кожи на подошве для исключительного комфорта и долговечности.\n\nРазмеры: 35-41.;23000;y21537s97v1bl01;nzg3vsvajpiv1e8;mgkrw7ofqwfh95s;Для женщин;"[""https://static.yeezyunique.ru/batches/6cb9ff7b-d813-4394-8e73-aeda5d06a8f2/_dutrSHceqlttuanrt-4VLMv08v76Yn9muyRertg_0.jpg"",""https://static.yeezyunique.ru/batches/6cb9ff7b-d813-4394-8e73-aeda5d06a8f2/_dutrSHceqlttuanrt-4VLMv08v76Yn9muyRertg_1.jpg"",""https://static.yeezyunique.ru/batches/6cb9ff7b-d813-4394-8e73-aeda5d06a8f2/_dutrSHceqlttuanrt-4VLMv08v76Yn9muyRertg_2.jpg"",""https://static.yeezyunique.ru/batches/6cb9ff7b-d813-4394-8e73-aeda5d06a8f2/_dutrSHceqlttuanrt-4VLMv08v76Yn9muyRertg_3.jpg"",""https://static.yeezyunique.ru/batches/6cb9ff7b-d813-4394-8e73-aeda5d06a8f2/_dutrSHceqlttuanrt-4VLMv08v76Yn9muyRertg_4.jpg"",""https://static.yeezyunique.ru/batches/6cb9ff7b-d813-4394-8e73-aeda5d06a8f2/_dutrSHceqlttuanrt-4VLMv08v76Yn9muyRertg_5.jpg"",""https://static.yeezyunique.ru/batches/6cb9ff7b-d813-4394-8e73-aeda5d06a8f2/_dutrSHceqlttuanrt-4VLMv08v76Yn9muyRertg_6.jpg"",""https://static.yeezyunique.ru/batches/6cb9ff7b-d813-4394-8e73-aeda5d06a8f2/_dutrSHceqlttuanrt-4VLMv08v76Yn9muyRertg_7.jpg"",""https://static.yeezyunique.ru/batches/6cb9ff7b-d813-4394-8e73-aeda5d06a8f2/_dutrSHceqlttuanrt-4VLMv08v76Yn9muyRertg_8.jpg""]";true
_dhyrSDsKHUmSTEK7PYGYsEl_v1ZIUrKceCrKhiA;Alaia Мюли;Элегантные мюли с эффектным сетчатым верхом и вставками из лакированной кожи. Модель выполнена с использованием премиальной подкладки из натуральной овечьей кожи и дополнена износостойкой подошвой из итальянской кожи высшего качества.\n\nРазмеры: 35-41.;23000;y21537s97v1bl01;nzg3vsvajpiv1e8;mgkrw7ofqwfh95s;Для женщин;"[""https://static.yeezyunique.ru/batches/6cb9ff7b-d813-4394-8e73-aeda5d06a8f2/_dhyrSDsKHUmSTEK7PYGYsEl_v1ZIUrKceCrKhiA_0.jpg"",""https://static.yeezyunique.ru/batches/6cb9ff7b-d813-4394-8e73-aeda5d06a8f2/_dhyrSDsKHUmSTEK7PYGYsEl_v1ZIUrKceCrKhiA_1.jpg"",""https://static.yeezyunique.ru/batches/6cb9ff7b-d813-4394-8e73-aeda5d06a8f2/_dhyrSDsKHUmSTEK7PYGYsEl_v1ZIUrKceCrKhiA_2.jpg"",""https://static.yeezyunique.ru/batches/6cb9ff7b-d813-4394-8e73-aeda5d06a8f2/_dhyrSDsKHUmSTEK7PYGYsEl_v1ZIUrKceCrKhiA_3.jpg"",""https://static.yeezyunique.ru/batches/6cb9ff7b-d813-4394-8e73-aeda5d06a8f2/_dhyrSDsKHUmSTEK7PYGYsEl_v1ZIUrKceCrKhiA_4.jpg"",""https://static.yeezyunique.ru/batches/6cb9ff7b-d813-4394-8e73-aeda5d06a8f2/_dhyrSDsKHUmSTEK7PYGYsEl_v1ZIUrKceCrKhiA_5.jpg"",""https://static.yeezyunique.ru/batches/6cb9ff7b-d813-4394-8e73-aeda5d06a8f2/_dhyrSDsKHUmSTEK7PYGYsEl_v1ZIUrKceCrKhiA_6.jpg"",""https://static.yeezyunique.ru/batches/6cb9ff7b-d813-4394-8e73-aeda5d06a8f2/_dhyrSDsKHUmSTEK7PYGYsEl_v1ZIUrKceCrKhiA_7.jpg"",""https://static.yeezyunique.ru/batches/6cb9ff7b-d813-4394-8e73-aeda5d06a8f2/_dhyrSDsKHUmSTEK7PYGYsEl_v1ZIUrKceCrKhiA_8.jpg""]";true
_dyKrShVeKT3g7lCRlJ7OsSHpezlhnsnNXX3fxLA;Alaia Мюли;Элегантные мюли с эффектным сетчатым верхом и вставками из лакированной кожи. Модель выполнена с использованием премиальной подкладки из натуральной овечьей кожи и дополнена износостойкой кожаной подошвой итальянского производства.\n\nРазмеры: 35-41.;23000;y21537s97v1bl01;nzg3vsvajpiv1e8;mgkrw7ofqwfh95s;Для женщин;"[""https://static.yeezyunique.ru/batches/6cb9ff7b-d813-4394-8e73-aeda5d06a8f2/_dyKrShVeKT3g7lCRlJ7OsSHpezlhnsnNXX3fxLA_0.jpg"",""https://static.yeezyunique.ru/batches/6cb9ff7b-d813-4394-8e73-aeda5d06a8f2/_dyKrShVeKT3g7lCRlJ7OsSHpezlhnsnNXX3fxLA_1.jpg"",""https://static.yeezyunique.ru/batches/6cb9ff7b-d813-4394-8e73-aeda5d06a8f2/_dyKrShVeKT3g7lCRlJ7OsSHpezlhnsnNXX3fxLA_2.jpg"",""https://static.yeezyunique.ru/batches/6cb9ff7b-d813-4394-8e73-aeda5d06a8f2/_dyKrShVeKT3g7lCRlJ7OsSHpezlhnsnNXX3fxLA_3.jpg"",""https://static.yeezyunique.ru/batches/6cb9ff7b-d813-4394-8e73-aeda5d06a8f2/_dyKrShVeKT3g7lCRlJ7OsSHpezlhnsnNXX3fxLA_4.jpg"",""https://static.yeezyunique.ru/batches/6cb9ff7b-d813-4394-8e73-aeda5d06a8f2/_dyKrShVeKT3g7lCRlJ7OsSHpezlhnsnNXX3fxLA_5.jpg"",""https://static.yeezyunique.ru/batches/6cb9ff7b-d813-4394-8e73-aeda5d06a8f2/_dyKrShVeKT3g7lCRlJ7OsSHpezlhnsnNXX3fxLA_6.jpg"",""https://static.yeezyunique.ru/batches/6cb9ff7b-d813-4394-8e73-aeda5d06a8f2/_dyKrShVeKT3g7lCRlJ7OsSHpezlhnsnNXX3fxLA_7.jpg"",""https://static.yeezyunique.ru/batches/6cb9ff7b-d813-4394-8e73-aeda5d06a8f2/_dyKrShVeKT3g7lCRlJ7OsSHpezlhnsnNXX3fxLA_8.jpg""]";true
_dq_rSnGZomDmUSYd5b33utx4Ol59E9TIqS4bqpA;Alaia Мюли;Элегантные мюли с эффектным сетчатым верхом и вставками из лакированной кожи. Модель выполнена с использованием премиальной подкладки из натуральной овечьей кожи и дополнена износостойкой подошвой из итальянской кожи высшего качества.\n\nРазмеры: 35-41.;23000;y21537s97v1bl01;nzg3vsvajpiv1e8;mgkrw7ofqwfh95s;Для женщин;"[""https://static.yeezyunique.ru/batches/6cb9ff7b-d813-4394-8e73-aeda5d06a8f2/_dq_rSnGZomDmUSYd5b33utx4Ol59E9TIqS4bqpA_0.jpg"",""https://static.yeezyunique.ru/batches/6cb9ff7b-d813-4394-8e73-aeda5d06a8f2/_dq_rSnGZomDmUSYd5b33utx4Ol59E9TIqS4bqpA_1.jpg"",""https://static.yeezyunique.ru/batches/6cb9ff7b-d813-4394-8e73-aeda5d06a8f2/_dq_rSnGZomDmUSYd5b33utx4Ol59E9TIqS4bqpA_2.jpg"",""https://static.yeezyunique.ru/batches/6cb9ff7b-d813-4394-8e73-aeda5d06a8f2/_dq_rSnGZomDmUSYd5b33utx4Ol59E9TIqS4bqpA_3.jpg"",""https://static.yeezyunique.ru/batches/6cb9ff7b-d813-4394-8e73-aeda5d06a8f2/_dq_rSnGZomDmUSYd5b33utx4Ol59E9TIqS4bqpA_4.jpg"",""https://static.yeezyunique.ru/batches/6cb9ff7b-d813-4394-8e73-aeda5d06a8f2/_dq_rSnGZomDmUSYd5b33utx4Ol59E9TIqS4bqpA_5.jpg"",""https://static.yeezyunique.ru/batches/6cb9ff7b-d813-4394-8e73-aeda5d06a8f2/_dq_rSnGZomDmUSYd5b33utx4Ol59E9TIqS4bqpA_6.jpg"",""https://static.yeezyunique.ru/batches/6cb9ff7b-d813-4394-8e73-aeda5d06a8f2/_dq_rSnGZomDmUSYd5b33utx4Ol59E9TIqS4bqpA_7.jpg"",""https://static.yeezyunique.ru/batches/6cb9ff7b-d813-4394-8e73-aeda5d06a8f2/_dq_rSnGZomDmUSYd5b33utx4Ol59E9TIqS4bqpA_8.jpg""]";true
_dpkrSTAzzV3un15ZgbewYBF24bpk3RyydWfbz1w;Alaia Мюли;Элегантные мюли с эффектным сетчатым верхом и вставками из лакированной кожи. Модель выполнена с подкладкой из натуральной кожи ягненка, обеспечивающей комфорт и отличную воздухопроницаемость, а также дополнена премиальной кожаной подошвой.\n\nРазмеры: 35-41.;23000;y21537s97v1bl01;nzg3vsvajpiv1e8;mgkrw7ofqwfh95s;Для женщин;"[""https://static.yeezyunique.ru/batches/6cb9ff7b-d813-4394-8e73-aeda5d06a8f2/_dpkrSTAzzV3un15ZgbewYBF24bpk3RyydWfbz1w_0.jpg"",""https://static.yeezyunique.ru/batches/6cb9ff7b-d813-4394-8e73-aeda5d06a8f2/_dpkrSTAzzV3un15ZgbewYBF24bpk3RyydWfbz1w_1.jpg"",""https://static.yeezyunique.ru/batches/6cb9ff7b-d813-4394-8e73-aeda5d06a8f2/_dpkrSTAzzV3un15ZgbewYBF24bpk3RyydWfbz1w_2.jpg"",""https://static.yeezyunique.ru/batches/6cb9ff7b-d813-4394-8e73-aeda5d06a8f2/_dpkrSTAzzV3un15ZgbewYBF24bpk3RyydWfbz1w_3.jpg"",""https://static.yeezyunique.ru/batches/6cb9ff7b-d813-4394-8e73-aeda5d06a8f2/_dpkrSTAzzV3un15ZgbewYBF24bpk3RyydWfbz1w_4.jpg"",""https://static.yeezyunique.ru/batches/6cb9ff7b-d813-4394-8e73-aeda5d06a8f2/_dpkrSTAzzV3un15ZgbewYBF24bpk3RyydWfbz1w_5.jpg"",""https://static.yeezyunique.ru/batches/6cb9ff7b-d813-4394-8e73-aeda5d06a8f2/_dpkrSTAzzV3un15ZgbewYBF24bpk3RyydWfbz1w_6.jpg"",""https://static.yeezyunique.ru/batches/6cb9ff7b-d813-4394-8e73-aeda5d06a8f2/_dpkrSTAzzV3un15ZgbewYBF24bpk3RyydWfbz1w_7.jpg"",""https://static.yeezyunique.ru/batches/6cb9ff7b-d813-4394-8e73-aeda5d06a8f2/_dpkrSTAzzV3un15ZgbewYBF24bpk3RyydWfbz1w_8.jpg""]";true
_dxarSMKMesI7L5KaVxjImtl-s0wyPQUTWY7KiMA;Saint Laurent Лоферы;Элегантные лоферы от Saint Laurent с классическим силуэтом, который идеально подходит для любого типа стопы. Модель выполнена из премиальной итальянской телячьей кожи с подкладкой из нежной кожи ягненка и дополнена фирменным логотипом YSL на боковой части.\n\nРазмеры: 35-40.;23000;dvj7fjo7rtb0flc;nzg3vsvajpiv1e8;4pxynbc4fqy6aiu;Для женщин;"[""https://static.yeezyunique.ru/batches/6cb9ff7b-d813-4394-8e73-aeda5d06a8f2/_dxarSMKMesI7L5KaVxjImtl-s0wyPQUTWY7KiMA_0.jpg"",""https://static.yeezyunique.ru/batches/6cb9ff7b-d813-4394-8e73-aeda5d06a8f2/_dxarSMKMesI7L5KaVxjImtl-s0wyPQUTWY7KiMA_1.jpg"",""https://static.yeezyunique.ru/batches/6cb9ff7b-d813-4394-8e73-aeda5d06a8f2/_dxarSMKMesI7L5KaVxjImtl-s0wyPQUTWY7KiMA_2.jpg"",""https://static.yeezyunique.ru/batches/6cb9ff7b-d813-4394-8e73-aeda5d06a8f2/_dxarSMKMesI7L5KaVxjImtl-s0wyPQUTWY7KiMA_3.jpg"",""https://static.yeezyunique.ru/batches/6cb9ff7b-d813-4394-8e73-aeda5d06a8f2/_dxarSMKMesI7L5KaVxjImtl-s0wyPQUTWY7KiMA_4.jpg"",""https://static.yeezyunique.ru/batches/6cb9ff7b-d813-4394-8e73-aeda5d06a8f2/_dxarSMKMesI7L5KaVxjImtl-s0wyPQUTWY7KiMA_5.jpg"",""https://static.yeezyunique.ru/batches/6cb9ff7b-d813-4394-8e73-aeda5d06a8f2/_dxarSMKMesI7L5KaVxjImtl-s0wyPQUTWY7KiMA_6.jpg"",""https://static.yeezyunique.ru/batches/6cb9ff7b-d813-4394-8e73-aeda5d06a8f2/_dxarSMKMesI7L5KaVxjImtl-s0wyPQUTWY7KiMA_7.jpg"",""https://static.yeezyunique.ru/batches/6cb9ff7b-d813-4394-8e73-aeda5d06a8f2/_dxarSMKMesI7L5KaVxjImtl-s0wyPQUTWY7KiMA_8.jpg""]";true
_dgsrSGDuMSxPI63tHB0bQMidhAeVo_oWKSi5nYw;Celine Лоферы;Элегантные лоферы Aura из мягкой кожи ягненка, украшенные фирменным металлическим логотипом Triomphe. Модель отличается лаконичным дизайном с возможностью ношения как классические туфли или как мюли благодаря складной пятке.\n\nРазмеры: 35-40.;23000;e89n7qtko2kop8t;nzg3vsvajpiv1e8;4pxynbc4fqy6aiu;Для женщин;"[""https://static.yeezyunique.ru/batches/6cb9ff7b-d813-4394-8e73-aeda5d06a8f2/_dgsrSGDuMSxPI63tHB0bQMidhAeVo_oWKSi5nYw_0.jpg"",""https://static.yeezyunique.ru/batches/6cb9ff7b-d813-4394-8e73-aeda5d06a8f2/_dgsrSGDuMSxPI63tHB0bQMidhAeVo_oWKSi5nYw_1.jpg"",""https://static.yeezyunique.ru/batches/6cb9ff7b-d813-4394-8e73-aeda5d06a8f2/_dgsrSGDuMSxPI63tHB0bQMidhAeVo_oWKSi5nYw_2.jpg"",""https://static.yeezyunique.ru/batches/6cb9ff7b-d813-4394-8e73-aeda5d06a8f2/_dgsrSGDuMSxPI63tHB0bQMidhAeVo_oWKSi5nYw_3.jpg"",""https://static.yeezyunique.ru/batches/6cb9ff7b-d813-4394-8e73-aeda5d06a8f2/_dgsrSGDuMSxPI63tHB0bQMidhAeVo_oWKSi5nYw_4.jpg"",""https://static.yeezyunique.ru/batches/6cb9ff7b-d813-4394-8e73-aeda5d06a8f2/_dgsrSGDuMSxPI63tHB0bQMidhAeVo_oWKSi5nYw_5.jpg"",""https://static.yeezyunique.ru/batches/6cb9ff7b-d813-4394-8e73-aeda5d06a8f2/_dgsrSGDuMSxPI63tHB0bQMidhAeVo_oWKSi5nYw_6.jpg"",""https://static.yeezyunique.ru/batches/6cb9ff7b-d813-4394-8e73-aeda5d06a8f2/_dgsrSGDuMSxPI63tHB0bQMidhAeVo_oWKSi5nYw_7.jpg"",""https://static.yeezyunique.ru/batches/6cb9ff7b-d813-4394-8e73-aeda5d06a8f2/_dgsrSGDuMSxPI63tHB0bQMidhAeVo_oWKSi5nYw_8.jpg""]";true
_dtxrSTLyD_6B6lVQdm8_-p71pltPrLXjOruVcpA;Celine Лоферы;Элегантные лоферы Aura из мягкой кожи ягненка, украшенные фирменным металлическим логотипом Triomphe. Модель отличается лаконичным дизайном с возможностью ношения как классические туфли или как мюли благодаря складной пятке.\n\nРазмеры: 35-40.;23000;e89n7qtko2kop8t;nzg3vsvajpiv1e8;4pxynbc4fqy6aiu;Для женщин;"[""https://static.yeezyunique.ru/batches/6cb9ff7b-d813-4394-8e73-aeda5d06a8f2/_dtxrSTLyD_6B6lVQdm8_-p71pltPrLXjOruVcpA_0.jpg"",""https://static.yeezyunique.ru/batches/6cb9ff7b-d813-4394-8e73-aeda5d06a8f2/_dtxrSTLyD_6B6lVQdm8_-p71pltPrLXjOruVcpA_1.jpg"",""https://static.yeezyunique.ru/batches/6cb9ff7b-d813-4394-8e73-aeda5d06a8f2/_dtxrSTLyD_6B6lVQdm8_-p71pltPrLXjOruVcpA_2.jpg"",""https://static.yeezyunique.ru/batches/6cb9ff7b-d813-4394-8e73-aeda5d06a8f2/_dtxrSTLyD_6B6lVQdm8_-p71pltPrLXjOruVcpA_3.jpg"",""https://static.yeezyunique.ru/batches/6cb9ff7b-d813-4394-8e73-aeda5d06a8f2/_dtxrSTLyD_6B6lVQdm8_-p71pltPrLXjOruVcpA_4.jpg"",""https://static.yeezyunique.ru/batches/6cb9ff7b-d813-4394-8e73-aeda5d06a8f2/_dtxrSTLyD_6B6lVQdm8_-p71pltPrLXjOruVcpA_5.jpg"",""https://static.yeezyunique.ru/batches/6cb9ff7b-d813-4394-8e73-aeda5d06a8f2/_dtxrSTLyD_6B6lVQdm8_-p71pltPrLXjOruVcpA_6.jpg"",""https://static.yeezyunique.ru/batches/6cb9ff7b-d813-4394-8e73-aeda5d06a8f2/_dtxrSTLyD_6B6lVQdm8_-p71pltPrLXjOruVcpA_7.jpg"",""https://static.yeezyunique.ru/batches/6cb9ff7b-d813-4394-8e73-aeda5d06a8f2/_dtxrSTLyD_6B6lVQdm8_-p71pltPrLXjOruVcpA_8.jpg""]";true
_dqkrSYbOzYyJMWxM82bEW9MJ1PW7PML0UR7vAew;Celine Туфли;Элегантные туфли с острым мысом, украшенные фирменным логотипом Триумф. Модель выполнена из премиальной лакированной телячьей кожи с мягкой стелькой из итальянской овечьей кожи и качественной кожаной подошвой.\n\nРазмеры: 35-40.;23000;e89n7qtko2kop8t;nzg3vsvajpiv1e8;mect3or5ztq64fc;Для женщин;"[""https://static.yeezyunique.ru/batches/6cb9ff7b-d813-4394-8e73-aeda5d06a8f2/_dqkrSYbOzYyJMWxM82bEW9MJ1PW7PML0UR7vAew_0.jpg"",""https://static.yeezyunique.ru/batches/6cb9ff7b-d813-4394-8e73-aeda5d06a8f2/_dqkrSYbOzYyJMWxM82bEW9MJ1PW7PML0UR7vAew_1.jpg"",""https://static.yeezyunique.ru/batches/6cb9ff7b-d813-4394-8e73-aeda5d06a8f2/_dqkrSYbOzYyJMWxM82bEW9MJ1PW7PML0UR7vAew_2.jpg"",""https://static.yeezyunique.ru/batches/6cb9ff7b-d813-4394-8e73-aeda5d06a8f2/_dqkrSYbOzYyJMWxM82bEW9MJ1PW7PML0UR7vAew_3.jpg"",""https://static.yeezyunique.ru/batches/6cb9ff7b-d813-4394-8e73-aeda5d06a8f2/_dqkrSYbOzYyJMWxM82bEW9MJ1PW7PML0UR7vAew_4.jpg"",""https://static.yeezyunique.ru/batches/6cb9ff7b-d813-4394-8e73-aeda5d06a8f2/_dqkrSYbOzYyJMWxM82bEW9MJ1PW7PML0UR7vAew_5.jpg"",""https://static.yeezyunique.ru/batches/6cb9ff7b-d813-4394-8e73-aeda5d06a8f2/_dqkrSYbOzYyJMWxM82bEW9MJ1PW7PML0UR7vAew_6.jpg"",""https://static.yeezyunique.ru/batches/6cb9ff7b-d813-4394-8e73-aeda5d06a8f2/_dqkrSYbOzYyJMWxM82bEW9MJ1PW7PML0UR7vAew_7.jpg"",""https://static.yeezyunique.ru/batches/6cb9ff7b-d813-4394-8e73-aeda5d06a8f2/_dqkrSYbOzYyJMWxM82bEW9MJ1PW7PML0UR7vAew_8.jpg""]";true
_dw3rS8QTqNKeq8Hq6QXYBPWgZd8ABflzWQyipxA;Celine Туфли;Элегантные туфли с острым мысом, украшенные фирменным логотипом Триумф. Модель выполнена из премиальной лакированной телячьей кожи с подкладкой из мягкой итальянской овечьей кожи и качественной кожаной подошвой.\n\nРазмеры: 35-40.;23000;e89n7qtko2kop8t;nzg3vsvajpiv1e8;mect3or5ztq64fc;Для женщин;"[""https://static.yeezyunique.ru/batches/6cb9ff7b-d813-4394-8e73-aeda5d06a8f2/_dw3rS8QTqNKeq8Hq6QXYBPWgZd8ABflzWQyipxA_0.jpg"",""https://static.yeezyunique.ru/batches/6cb9ff7b-d813-4394-8e73-aeda5d06a8f2/_dw3rS8QTqNKeq8Hq6QXYBPWgZd8ABflzWQyipxA_1.jpg"",""https://static.yeezyunique.ru/batches/6cb9ff7b-d813-4394-8e73-aeda5d06a8f2/_dw3rS8QTqNKeq8Hq6QXYBPWgZd8ABflzWQyipxA_2.jpg"",""https://static.yeezyunique.ru/batches/6cb9ff7b-d813-4394-8e73-aeda5d06a8f2/_dw3rS8QTqNKeq8Hq6QXYBPWgZd8ABflzWQyipxA_3.jpg"",""https://static.yeezyunique.ru/batches/6cb9ff7b-d813-4394-8e73-aeda5d06a8f2/_dw3rS8QTqNKeq8Hq6QXYBPWgZd8ABflzWQyipxA_4.jpg"",""https://static.yeezyunique.ru/batches/6cb9ff7b-d813-4394-8e73-aeda5d06a8f2/_dw3rS8QTqNKeq8Hq6QXYBPWgZd8ABflzWQyipxA_5.jpg"",""https://static.yeezyunique.ru/batches/6cb9ff7b-d813-4394-8e73-aeda5d06a8f2/_dw3rS8QTqNKeq8Hq6QXYBPWgZd8ABflzWQyipxA_6.jpg"",""https://static.yeezyunique.ru/batches/6cb9ff7b-d813-4394-8e73-aeda5d06a8f2/_dw3rS8QTqNKeq8Hq6QXYBPWgZd8ABflzWQyipxA_7.jpg"",""https://static.yeezyunique.ru/batches/6cb9ff7b-d813-4394-8e73-aeda5d06a8f2/_dw3rS8QTqNKeq8Hq6QXYBPWgZd8ABflzWQyipxA_8.jpg""]";true
_dutrSHceqlthuaHvt-YVJNvs0ur-bn9muyRertg;Hermes Сандалии;Элегантные сандалии Miss с культовой пряжкой Kelly в миниатюрном исполнении. Модель выполнена из премиальной итальянской телячьей кожи с мягкой стелькой из кожи ягненка и качественной кожаной подошвой.\n\nРазмеры: 35-40.;23000;rakg8u0bx1y4qcy;nzg3vsvajpiv1e8;rbf3iprt2z3owjd;Для женщин;"[""https://static.yeezyunique.ru/batches/6cb9ff7b-d813-4394-8e73-aeda5d06a8f2/_dutrSHceqlthuaHvt-YVJNvs0ur-bn9muyRertg_0.jpg"",""https://static.yeezyunique.ru/batches/6cb9ff7b-d813-4394-8e73-aeda5d06a8f2/_dutrSHceqlthuaHvt-YVJNvs0ur-bn9muyRertg_1.jpg"",""https://static.yeezyunique.ru/batches/6cb9ff7b-d813-4394-8e73-aeda5d06a8f2/_dutrSHceqlthuaHvt-YVJNvs0ur-bn9muyRertg_2.jpg"",""https://static.yeezyunique.ru/batches/6cb9ff7b-d813-4394-8e73-aeda5d06a8f2/_dutrSHceqlthuaHvt-YVJNvs0ur-bn9muyRertg_3.jpg"",""https://static.yeezyunique.ru/batches/6cb9ff7b-d813-4394-8e73-aeda5d06a8f2/_dutrSHceqlthuaHvt-YVJNvs0ur-bn9muyRertg_4.jpg"",""https://static.yeezyunique.ru/batches/6cb9ff7b-d813-4394-8e73-aeda5d06a8f2/_dutrSHceqlthuaHvt-YVJNvs0ur-bn9muyRertg_5.jpg"",""https://static.yeezyunique.ru/batches/6cb9ff7b-d813-4394-8e73-aeda5d06a8f2/_dutrSHceqlthuaHvt-YVJNvs0ur-bn9muyRertg_6.jpg"",""https://static.yeezyunique.ru/batches/6cb9ff7b-d813-4394-8e73-aeda5d06a8f2/_dutrSHceqlthuaHvt-YVJNvs0ur-bn9muyRertg_7.jpg"",""https://static.yeezyunique.ru/batches/6cb9ff7b-d813-4394-8e73-aeda5d06a8f2/_dutrSHceqlthuaHvt-YVJNvs0ur-bn9muyRertg_8.jpg""]";true
_dlXrSlrk5ST0jZmQdkoB70RBSZoNKOJ6wxhJSfg;Hermes Сандалии;Элегантные сандалии Miss с культовой пряжкой Kelly в миниатюрном исполнении. Модель выполнена из премиальной итальянской телячьей кожи с мягкой стелькой из кожи ягненка и качественной кожаной подошвой.\n\nРазмеры: 35-40.;23000;rakg8u0bx1y4qcy;nzg3vsvajpiv1e8;rbf3iprt2z3owjd;Для женщин;"[""https://static.yeezyunique.ru/batches/6cb9ff7b-d813-4394-8e73-aeda5d06a8f2/_dlXrSlrk5ST0jZmQdkoB70RBSZoNKOJ6wxhJSfg_0.jpg"",""https://static.yeezyunique.ru/batches/6cb9ff7b-d813-4394-8e73-aeda5d06a8f2/_dlXrSlrk5ST0jZmQdkoB70RBSZoNKOJ6wxhJSfg_1.jpg"",""https://static.yeezyunique.ru/batches/6cb9ff7b-d813-4394-8e73-aeda5d06a8f2/_dlXrSlrk5ST0jZmQdkoB70RBSZoNKOJ6wxhJSfg_2.jpg"",""https://static.yeezyunique.ru/batches/6cb9ff7b-d813-4394-8e73-aeda5d06a8f2/_dlXrSlrk5ST0jZmQdkoB70RBSZoNKOJ6wxhJSfg_3.jpg"",""https://static.yeezyunique.ru/batches/6cb9ff7b-d813-4394-8e73-aeda5d06a8f2/_dlXrSlrk5ST0jZmQdkoB70RBSZoNKOJ6wxhJSfg_4.jpg"",""https://static.yeezyunique.ru/batches/6cb9ff7b-d813-4394-8e73-aeda5d06a8f2/_dlXrSlrk5ST0jZmQdkoB70RBSZoNKOJ6wxhJSfg_5.jpg"",""https://static.yeezyunique.ru/batches/6cb9ff7b-d813-4394-8e73-aeda5d06a8f2/_dlXrSlrk5ST0jZmQdkoB70RBSZoNKOJ6wxhJSfg_6.jpg"",""https://static.yeezyunique.ru/batches/6cb9ff7b-d813-4394-8e73-aeda5d06a8f2/_dlXrSlrk5ST0jZmQdkoB70RBSZoNKOJ6wxhJSfg_7.jpg"",""https://static.yeezyunique.ru/batches/6cb9ff7b-d813-4394-8e73-aeda5d06a8f2/_dlXrSlrk5ST0jZmQdkoB70RBSZoNKOJ6wxhJSfg_8.jpg""]";true
_djRrSxDdjix1WnG2YeNv3ZDAQwk9WJjXNlf31XQ;Hermes Сандалии;Элегантные сандалии Miss с культовой пряжкой Kelly в миниатюрном исполнении. Модель выполнена из премиальной итальянской телячьей кожи с мягкой стелькой из кожи ягненка и качественной кожаной подошвой.\n\nРазмеры: 35-40.;23000;rakg8u0bx1y4qcy;nzg3vsvajpiv1e8;rbf3iprt2z3owjd;Для женщин;"[""https://static.yeezyunique.ru/batches/6cb9ff7b-d813-4394-8e73-aeda5d06a8f2/_djRrSxDdjix1WnG2YeNv3ZDAQwk9WJjXNlf31XQ_0.jpg"",""https://static.yeezyunique.ru/batches/6cb9ff7b-d813-4394-8e73-aeda5d06a8f2/_djRrSxDdjix1WnG2YeNv3ZDAQwk9WJjXNlf31XQ_1.jpg"",""https://static.yeezyunique.ru/batches/6cb9ff7b-d813-4394-8e73-aeda5d06a8f2/_djRrSxDdjix1WnG2YeNv3ZDAQwk9WJjXNlf31XQ_2.jpg"",""https://static.yeezyunique.ru/batches/6cb9ff7b-d813-4394-8e73-aeda5d06a8f2/_djRrSxDdjix1WnG2YeNv3ZDAQwk9WJjXNlf31XQ_3.jpg"",""https://static.yeezyunique.ru/batches/6cb9ff7b-d813-4394-8e73-aeda5d06a8f2/_djRrSxDdjix1WnG2YeNv3ZDAQwk9WJjXNlf31XQ_4.jpg"",""https://static.yeezyunique.ru/batches/6cb9ff7b-d813-4394-8e73-aeda5d06a8f2/_djRrSxDdjix1WnG2YeNv3ZDAQwk9WJjXNlf31XQ_5.jpg"",""https://static.yeezyunique.ru/batches/6cb9ff7b-d813-4394-8e73-aeda5d06a8f2/_djRrSxDdjix1WnG2YeNv3ZDAQwk9WJjXNlf31XQ_6.jpg"",""https://static.yeezyunique.ru/batches/6cb9ff7b-d813-4394-8e73-aeda5d06a8f2/_djRrSxDdjix1WnG2YeNv3ZDAQwk9WJjXNlf31XQ_7.jpg"",""https://static.yeezyunique.ru/batches/6cb9ff7b-d813-4394-8e73-aeda5d06a8f2/_djRrSxDdjix1WnG2YeNv3ZDAQwk9WJjXNlf31XQ_8.jpg""]";true
_diTrS4IxoNUTh71ncxLCcGXrrQcRpfMhFTS8lMQ;The Row Шлепанцы;Минималистичные шлепанцы из премиальной импортной натуральной кожи. Модель отличается высоким уровнем комфорта и практичностью, так как материал устойчив к воздействию влаги.\n\nРазмеры: 35-41.;23000;u0b9d3xttoysjsf;nzg3vsvajpiv1e8;rbf3iprt2z3owjd;Для женщин;"[""https://static.yeezyunique.ru/batches/6cb9ff7b-d813-4394-8e73-aeda5d06a8f2/_diTrS4IxoNUTh71ncxLCcGXrrQcRpfMhFTS8lMQ_0.jpg"",""https://static.yeezyunique.ru/batches/6cb9ff7b-d813-4394-8e73-aeda5d06a8f2/_diTrS4IxoNUTh71ncxLCcGXrrQcRpfMhFTS8lMQ_1.jpg"",""https://static.yeezyunique.ru/batches/6cb9ff7b-d813-4394-8e73-aeda5d06a8f2/_diTrS4IxoNUTh71ncxLCcGXrrQcRpfMhFTS8lMQ_2.jpg"",""https://static.yeezyunique.ru/batches/6cb9ff7b-d813-4394-8e73-aeda5d06a8f2/_diTrS4IxoNUTh71ncxLCcGXrrQcRpfMhFTS8lMQ_3.jpg"",""https://static.yeezyunique.ru/batches/6cb9ff7b-d813-4394-8e73-aeda5d06a8f2/_diTrS4IxoNUTh71ncxLCcGXrrQcRpfMhFTS8lMQ_4.jpg"",""https://static.yeezyunique.ru/batches/6cb9ff7b-d813-4394-8e73-aeda5d06a8f2/_diTrS4IxoNUTh71ncxLCcGXrrQcRpfMhFTS8lMQ_5.jpg"",""https://static.yeezyunique.ru/batches/6cb9ff7b-d813-4394-8e73-aeda5d06a8f2/_diTrS4IxoNUTh71ncxLCcGXrrQcRpfMhFTS8lMQ_6.jpg"",""https://static.yeezyunique.ru/batches/6cb9ff7b-d813-4394-8e73-aeda5d06a8f2/_diTrS4IxoNUTh71ncxLCcGXrrQcRpfMhFTS8lMQ_7.jpg"",""https://static.yeezyunique.ru/batches/6cb9ff7b-d813-4394-8e73-aeda5d06a8f2/_diTrS4IxoNUTh71ncxLCcGXrrQcRpfMhFTS8lMQ_8.jpg""]";true
_dCVrSESRUR6mcCPmS3qkS39NAgnxnoeuLEJVrxg;The Row Шлепанцы;Минималистичные шлепанцы из премиальной импортной натуральной кожи. Модель отличается высоким уровнем комфорта и практичностью, так как материал устойчив к воздействию влаги.\n\nРазмеры: 35-41.;23000;u0b9d3xttoysjsf;nzg3vsvajpiv1e8;rbf3iprt2z3owjd;Для женщин;"[""https://static.yeezyunique.ru/batches/6cb9ff7b-d813-4394-8e73-aeda5d06a8f2/_dCVrSESRUR6mcCPmS3qkS39NAgnxnoeuLEJVrxg_0.jpg"",""https://static.yeezyunique.ru/batches/6cb9ff7b-d813-4394-8e73-aeda5d06a8f2/_dCVrSESRUR6mcCPmS3qkS39NAgnxnoeuLEJVrxg_1.jpg"",""https://static.yeezyunique.ru/batches/6cb9ff7b-d813-4394-8e73-aeda5d06a8f2/_dCVrSESRUR6mcCPmS3qkS39NAgnxnoeuLEJVrxg_2.jpg"",""https://static.yeezyunique.ru/batches/6cb9ff7b-d813-4394-8e73-aeda5d06a8f2/_dCVrSESRUR6mcCPmS3qkS39NAgnxnoeuLEJVrxg_3.jpg"",""https://static.yeezyunique.ru/batches/6cb9ff7b-d813-4394-8e73-aeda5d06a8f2/_dCVrSESRUR6mcCPmS3qkS39NAgnxnoeuLEJVrxg_4.jpg"",""https://static.yeezyunique.ru/batches/6cb9ff7b-d813-4394-8e73-aeda5d06a8f2/_dCVrSESRUR6mcCPmS3qkS39NAgnxnoeuLEJVrxg_5.jpg"",""https://static.yeezyunique.ru/batches/6cb9ff7b-d813-4394-8e73-aeda5d06a8f2/_dCVrSESRUR6mcCPmS3qkS39NAgnxnoeuLEJVrxg_6.jpg"",""https://static.yeezyunique.ru/batches/6cb9ff7b-d813-4394-8e73-aeda5d06a8f2/_dCVrSESRUR6mcCPmS3qkS39NAgnxnoeuLEJVrxg_7.jpg"",""https://static.yeezyunique.ru/batches/6cb9ff7b-d813-4394-8e73-aeda5d06a8f2/_dCVrSESRUR6mcCPmS3qkS39NAgnxnoeuLEJVrxg_8.jpg""]";true
_dmxrSrus9CAXYv_7A9qTdgvZOtxaNXIygYLoZ9A;Golden Goose Кеды;Стильные кеды с эффектом искусственного состаривания, выполненные из премиальной итальянской кожи, замши и вставками из меха пони с леопардовым принтом. Внутренняя отделка из мягкой махровой ткани обеспечивает исключительный комфорт при носке.\n\nРазмеры: 35-40.;23000;ukpu9ejjyfys4mm;nzg3vsvajpiv1e8;owi4kqmgzy4veqz;Для женщин;"[""https://static.yeezyunique.ru/batches/6cb9ff7b-d813-4394-8e73-aeda5d06a8f2/_dmxrSrus9CAXYv_7A9qTdgvZOtxaNXIygYLoZ9A_0.jpg"",""https://static.yeezyunique.ru/batches/6cb9ff7b-d813-4394-8e73-aeda5d06a8f2/_dmxrSrus9CAXYv_7A9qTdgvZOtxaNXIygYLoZ9A_1.jpg"",""https://static.yeezyunique.ru/batches/6cb9ff7b-d813-4394-8e73-aeda5d06a8f2/_dmxrSrus9CAXYv_7A9qTdgvZOtxaNXIygYLoZ9A_2.jpg"",""https://static.yeezyunique.ru/batches/6cb9ff7b-d813-4394-8e73-aeda5d06a8f2/_dmxrSrus9CAXYv_7A9qTdgvZOtxaNXIygYLoZ9A_3.jpg"",""https://static.yeezyunique.ru/batches/6cb9ff7b-d813-4394-8e73-aeda5d06a8f2/_dmxrSrus9CAXYv_7A9qTdgvZOtxaNXIygYLoZ9A_4.jpg"",""https://static.yeezyunique.ru/batches/6cb9ff7b-d813-4394-8e73-aeda5d06a8f2/_dmxrSrus9CAXYv_7A9qTdgvZOtxaNXIygYLoZ9A_5.jpg"",""https://static.yeezyunique.ru/batches/6cb9ff7b-d813-4394-8e73-aeda5d06a8f2/_dmxrSrus9CAXYv_7A9qTdgvZOtxaNXIygYLoZ9A_6.jpg"",""https://static.yeezyunique.ru/batches/6cb9ff7b-d813-4394-8e73-aeda5d06a8f2/_dmxrSrus9CAXYv_7A9qTdgvZOtxaNXIygYLoZ9A_7.jpg"",""https://static.yeezyunique.ru/batches/6cb9ff7b-d813-4394-8e73-aeda5d06a8f2/_dmxrSrus9CAXYv_7A9qTdgvZOtxaNXIygYLoZ9A_8.jpg""]";true
_dtKrSJjivLQoQAE_rpAdw3UynTGjaq3vntnf5dQ;Balenciaga Кроссовки 3XL;Популярная модель кроссовок 3XL с декоративными элементами. Модель выполнена из высококачественной сетчатой ткани и полиуретана, отличается выраженным эффектом искусственного износа подошвы и фирменным логотипом на мысе и заднике.\n\nРазмеры: 35-40.;23000;mj2732zh7c7pchi;nzg3vsvajpiv1e8;ll3hofpd5wqxr81;Для женщин;"[""https://static.yeezyunique.ru/batches/6cb9ff7b-d813-4394-8e73-aeda5d06a8f2/_dtKrSJjivLQoQAE_rpAdw3UynTGjaq3vntnf5dQ_0.jpg"",""https://static.yeezyunique.ru/batches/6cb9ff7b-d813-4394-8e73-aeda5d06a8f2/_dtKrSJjivLQoQAE_rpAdw3UynTGjaq3vntnf5dQ_1.jpg"",""https://static.yeezyunique.ru/batches/6cb9ff7b-d813-4394-8e73-aeda5d06a8f2/_dtKrSJjivLQoQAE_rpAdw3UynTGjaq3vntnf5dQ_2.jpg"",""https://static.yeezyunique.ru/batches/6cb9ff7b-d813-4394-8e73-aeda5d06a8f2/_dtKrSJjivLQoQAE_rpAdw3UynTGjaq3vntnf5dQ_3.jpg"",""https://static.yeezyunique.ru/batches/6cb9ff7b-d813-4394-8e73-aeda5d06a8f2/_dtKrSJjivLQoQAE_rpAdw3UynTGjaq3vntnf5dQ_4.jpg"",""https://static.yeezyunique.ru/batches/6cb9ff7b-d813-4394-8e73-aeda5d06a8f2/_dtKrSJjivLQoQAE_rpAdw3UynTGjaq3vntnf5dQ_5.jpg"",""https://static.yeezyunique.ru/batches/6cb9ff7b-d813-4394-8e73-aeda5d06a8f2/_dtKrSJjivLQoQAE_rpAdw3UynTGjaq3vntnf5dQ_6.jpg"",""https://static.yeezyunique.ru/batches/6cb9ff7b-d813-4394-8e73-aeda5d06a8f2/_dtKrSJjivLQoQAE_rpAdw3UynTGjaq3vntnf5dQ_7.jpg"",""https://static.yeezyunique.ru/batches/6cb9ff7b-d813-4394-8e73-aeda5d06a8f2/_dtKrSJjivLQoQAE_rpAdw3UynTGjaq3vntnf5dQ_8.jpg""]";true
_d8RrSA2pYrLER1mSYc1ss2sROkk15qHbgo8mPgQ;Balenciaga Кроссовки 3XL;Популярная модель кроссовок 3XL с эффектом визуального увеличения роста и акцентом на стройность ног. Модель выполнена из высококачественного сетчатого материала и полиуретана с характерным эффектом искусственного износа подошвы, фирменным логотипом на мыске и заднике.\n\nРазмеры: 35-46 (унисекс).;23000;mj2732zh7c7pchi;nzg3vsvajpiv1e8;ll3hofpd5wqxr81;Унисекс;"[""https://static.yeezyunique.ru/batches/6cb9ff7b-d813-4394-8e73-aeda5d06a8f2/_d8RrSA2pYrLER1mSYc1ss2sROkk15qHbgo8mPgQ_0.jpg"",""https://static.yeezyunique.ru/batches/6cb9ff7b-d813-4394-8e73-aeda5d06a8f2/_d8RrSA2pYrLER1mSYc1ss2sROkk15qHbgo8mPgQ_1.jpg"",""https://static.yeezyunique.ru/batches/6cb9ff7b-d813-4394-8e73-aeda5d06a8f2/_d8RrSA2pYrLER1mSYc1ss2sROkk15qHbgo8mPgQ_2.jpg"",""https://static.yeezyunique.ru/batches/6cb9ff7b-d813-4394-8e73-aeda5d06a8f2/_d8RrSA2pYrLER1mSYc1ss2sROkk15qHbgo8mPgQ_3.jpg"",""https://static.yeezyunique.ru/batches/6cb9ff7b-d813-4394-8e73-aeda5d06a8f2/_d8RrSA2pYrLER1mSYc1ss2sROkk15qHbgo8mPgQ_4.jpg"",""https://static.yeezyunique.ru/batches/6cb9ff7b-d813-4394-8e73-aeda5d06a8f2/_d8RrSA2pYrLER1mSYc1ss2sROkk15qHbgo8mPgQ_5.jpg"",""https://static.yeezyunique.ru/batches/6cb9ff7b-d813-4394-8e73-aeda5d06a8f2/_d8RrSA2pYrLER1mSYc1ss2sROkk15qHbgo8mPgQ_6.jpg"",""https://static.yeezyunique.ru/batches/6cb9ff7b-d813-4394-8e73-aeda5d06a8f2/_d8RrSA2pYrLER1mSYc1ss2sROkk15qHbgo8mPgQ_7.jpg"",""https://static.yeezyunique.ru/batches/6cb9ff7b-d813-4394-8e73-aeda5d06a8f2/_d8RrSA2pYrLER1mSYc1ss2sROkk15qHbgo8mPgQ_8.jpg""]";true
_dmJrSwtRgH5Tkx6Mv6DZUNPVEyXFpRuTRx1yuFw;Balenciaga Кроссовки;Стильные кроссовки Balenciaga Radar в эффектном серебристом цвете. Модель выполнена из высококачественных материалов с использованием сложной техники многослойного кроя, обеспечивающей безупречную форму и долговечность.\n\nРазмеры: 35-46 (унисекс).;23000;mj2732zh7c7pchi;nzg3vsvajpiv1e8;ll3hofpd5wqxr81;Унисекс;"[""https://static.yeezyunique.ru/batches/6cb9ff7b-d813-4394-8e73-aeda5d06a8f2/_dmJrSwtRgH5Tkx6Mv6DZUNPVEyXFpRuTRx1yuFw_0.jpg"",""https://static.yeezyunique.ru/batches/6cb9ff7b-d813-4394-8e73-aeda5d06a8f2/_dmJrSwtRgH5Tkx6Mv6DZUNPVEyXFpRuTRx1yuFw_1.jpg"",""https://static.yeezyunique.ru/batches/6cb9ff7b-d813-4394-8e73-aeda5d06a8f2/_dmJrSwtRgH5Tkx6Mv6DZUNPVEyXFpRuTRx1yuFw_2.jpg"",""https://static.yeezyunique.ru/batches/6cb9ff7b-d813-4394-8e73-aeda5d06a8f2/_dmJrSwtRgH5Tkx6Mv6DZUNPVEyXFpRuTRx1yuFw_3.jpg"",""https://static.yeezyunique.ru/batches/6cb9ff7b-d813-4394-8e73-aeda5d06a8f2/_dmJrSwtRgH5Tkx6Mv6DZUNPVEyXFpRuTRx1yuFw_4.jpg"",""https://static.yeezyunique.ru/batches/6cb9ff7b-d813-4394-8e73-aeda5d06a8f2/_dmJrSwtRgH5Tkx6Mv6DZUNPVEyXFpRuTRx1yuFw_5.jpg"",""https://static.yeezyunique.ru/batches/6cb9ff7b-d813-4394-8e73-aeda5d06a8f2/_dmJrSwtRgH5Tkx6Mv6DZUNPVEyXFpRuTRx1yuFw_6.jpg"",""https://static.yeezyunique.ru/batches/6cb9ff7b-d813-4394-8e73-aeda5d06a8f2/_dmJrSwtRgH5Tkx6Mv6DZUNPVEyXFpRuTRx1yuFw_7.jpg"",""https://static.yeezyunique.ru/batches/6cb9ff7b-d813-4394-8e73-aeda5d06a8f2/_dmJrSwtRgH5Tkx6Mv6DZUNPVEyXFpRuTRx1yuFw_8.jpg""]";true
_dCPrSSOuWMWfWyd0jKcray5E1S23n6JDQwiHCqg;Loro Piana Кроссовки;Легкие и комфортные кроссовки, идеально подходящие для повседневной носки. Модель выполнена из премиального шерстяного трикотажа, который обеспечивает превосходную эластичность и мягкость, а также дополнена стелькой из натуральной кожи.\n\nРазмеры: 39-46 (мужские).;23000;ll73bx30faqq27r;nzg3vsvajpiv1e8;ll3hofpd5wqxr81;Унисекс;"[""https://static.yeezyunique.ru/batches/6cb9ff7b-d813-4394-8e73-aeda5d06a8f2/_dCPrSSOuWMWfWyd0jKcray5E1S23n6JDQwiHCqg_0.jpg"",""https://static.yeezyunique.ru/batches/6cb9ff7b-d813-4394-8e73-aeda5d06a8f2/_dCPrSSOuWMWfWyd0jKcray5E1S23n6JDQwiHCqg_1.jpg"",""https://static.yeezyunique.ru/batches/6cb9ff7b-d813-4394-8e73-aeda5d06a8f2/_dCPrSSOuWMWfWyd0jKcray5E1S23n6JDQwiHCqg_2.jpg"",""https://static.yeezyunique.ru/batches/6cb9ff7b-d813-4394-8e73-aeda5d06a8f2/_dCPrSSOuWMWfWyd0jKcray5E1S23n6JDQwiHCqg_3.jpg"",""https://static.yeezyunique.ru/batches/6cb9ff7b-d813-4394-8e73-aeda5d06a8f2/_dCPrSSOuWMWfWyd0jKcray5E1S23n6JDQwiHCqg_4.jpg"",""https://static.yeezyunique.ru/batches/6cb9ff7b-d813-4394-8e73-aeda5d06a8f2/_dCPrSSOuWMWfWyd0jKcray5E1S23n6JDQwiHCqg_5.jpg"",""https://static.yeezyunique.ru/batches/6cb9ff7b-d813-4394-8e73-aeda5d06a8f2/_dCPrSSOuWMWfWyd0jKcray5E1S23n6JDQwiHCqg_6.jpg"",""https://static.yeezyunique.ru/batches/6cb9ff7b-d813-4394-8e73-aeda5d06a8f2/_dCPrSSOuWMWfWyd0jKcray5E1S23n6JDQwiHCqg_7.jpg"",""https://static.yeezyunique.ru/batches/6cb9ff7b-d813-4394-8e73-aeda5d06a8f2/_dCPrSSOuWMWfWyd0jKcray5E1S23n6JDQwiHCqg_8.jpg""]";true
_dA8rS_AgX71qDi05xGjKEiQ7lqSJJwdga8aOA1w;Loro Piana Кроссовки;Легкие и невероятно комфортные кроссовки, идеально подходящие для повседневной носки. Модель выполнена из премиального шерстяного трикотажа, который обеспечивает отличную эластичность и безупречную посадку по ноге.\n\nРазмеры: 39-46 (мужские).;23000;ll73bx30faqq27r;nzg3vsvajpiv1e8;ll3hofpd5wqxr81;Унисекс;"[""https://static.yeezyunique.ru/batches/6cb9ff7b-d813-4394-8e73-aeda5d06a8f2/_dA8rS_AgX71qDi05xGjKEiQ7lqSJJwdga8aOA1w_0.jpg"",""https://static.yeezyunique.ru/batches/6cb9ff7b-d813-4394-8e73-aeda5d06a8f2/_dA8rS_AgX71qDi05xGjKEiQ7lqSJJwdga8aOA1w_1.jpg"",""https://static.yeezyunique.ru/batches/6cb9ff7b-d813-4394-8e73-aeda5d06a8f2/_dA8rS_AgX71qDi05xGjKEiQ7lqSJJwdga8aOA1w_2.jpg"",""https://static.yeezyunique.ru/batches/6cb9ff7b-d813-4394-8e73-aeda5d06a8f2/_dA8rS_AgX71qDi05xGjKEiQ7lqSJJwdga8aOA1w_3.jpg"",""https://static.yeezyunique.ru/batches/6cb9ff7b-d813-4394-8e73-aeda5d06a8f2/_dA8rS_AgX71qDi05xGjKEiQ7lqSJJwdga8aOA1w_4.jpg"",""https://static.yeezyunique.ru/batches/6cb9ff7b-d813-4394-8e73-aeda5d06a8f2/_dA8rS_AgX71qDi05xGjKEiQ7lqSJJwdga8aOA1w_5.jpg"",""https://static.yeezyunique.ru/batches/6cb9ff7b-d813-4394-8e73-aeda5d06a8f2/_dA8rS_AgX71qDi05xGjKEiQ7lqSJJwdga8aOA1w_6.jpg"",""https://static.yeezyunique.ru/batches/6cb9ff7b-d813-4394-8e73-aeda5d06a8f2/_dA8rS_AgX71qDi05xGjKEiQ7lqSJJwdga8aOA1w_7.jpg"",""https://static.yeezyunique.ru/batches/6cb9ff7b-d813-4394-8e73-aeda5d06a8f2/_dA8rS_AgX71qDi05xGjKEiQ7lqSJJwdga8aOA1w_8.jpg""]";true
_dbxrSiICsEeK_qPXXC9kk-5-rI1JESBlgLsNUpA;Loro Piana Кроссовки;Легкие и комфортные кроссовки, идеально подходящие для повседневной носки. Модель выполнена из премиального шерстяного трикотажа, который обеспечивает превосходную эластичность и мягкость, а также дополнена стелькой из натуральной кожи.\n\nРазмеры: 39-46 (мужские).;23000;ll73bx30faqq27r;nzg3vsvajpiv1e8;ll3hofpd5wqxr81;Унисекс;"[""https://static.yeezyunique.ru/batches/6cb9ff7b-d813-4394-8e73-aeda5d06a8f2/_dbxrSiICsEeK_qPXXC9kk-5-rI1JESBlgLsNUpA_0.jpg"",""https://static.yeezyunique.ru/batches/6cb9ff7b-d813-4394-8e73-aeda5d06a8f2/_dbxrSiICsEeK_qPXXC9kk-5-rI1JESBlgLsNUpA_1.jpg"",""https://static.yeezyunique.ru/batches/6cb9ff7b-d813-4394-8e73-aeda5d06a8f2/_dbxrSiICsEeK_qPXXC9kk-5-rI1JESBlgLsNUpA_2.jpg"",""https://static.yeezyunique.ru/batches/6cb9ff7b-d813-4394-8e73-aeda5d06a8f2/_dbxrSiICsEeK_qPXXC9kk-5-rI1JESBlgLsNUpA_3.jpg"",""https://static.yeezyunique.ru/batches/6cb9ff7b-d813-4394-8e73-aeda5d06a8f2/_dbxrSiICsEeK_qPXXC9kk-5-rI1JESBlgLsNUpA_4.jpg"",""https://static.yeezyunique.ru/batches/6cb9ff7b-d813-4394-8e73-aeda5d06a8f2/_dbxrSiICsEeK_qPXXC9kk-5-rI1JESBlgLsNUpA_5.jpg"",""https://static.yeezyunique.ru/batches/6cb9ff7b-d813-4394-8e73-aeda5d06a8f2/_dbxrSiICsEeK_qPXXC9kk-5-rI1JESBlgLsNUpA_6.jpg"",""https://static.yeezyunique.ru/batches/6cb9ff7b-d813-4394-8e73-aeda5d06a8f2/_dbxrSiICsEeK_qPXXC9kk-5-rI1JESBlgLsNUpA_7.jpg"",""https://static.yeezyunique.ru/batches/6cb9ff7b-d813-4394-8e73-aeda5d06a8f2/_dbxrSiICsEeK_qPXXC9kk-5-rI1JESBlgLsNUpA_8.jpg""]";true
_dnJrSbuyggWAX0UAdtBVHihFWD9hFLP1UtRoiew;Loro Piana Кроссовки;Легкие и комфортные кроссовки, идеально подходящие для повседневной носки. Модель выполнена из премиального шерстяного трикотажа, который обеспечивает превосходную эластичность и мягкость, а также дополнена стелькой из натуральной кожи.\n\nРазмеры: 39-46 (мужские).;23000;ll73bx30faqq27r;nzg3vsvajpiv1e8;ll3hofpd5wqxr81;Унисекс;"[""https://static.yeezyunique.ru/batches/6cb9ff7b-d813-4394-8e73-aeda5d06a8f2/_dnJrSbuyggWAX0UAdtBVHihFWD9hFLP1UtRoiew_0.jpg"",""https://static.yeezyunique.ru/batches/6cb9ff7b-d813-4394-8e73-aeda5d06a8f2/_dnJrSbuyggWAX0UAdtBVHihFWD9hFLP1UtRoiew_1.jpg"",""https://static.yeezyunique.ru/batches/6cb9ff7b-d813-4394-8e73-aeda5d06a8f2/_dnJrSbuyggWAX0UAdtBVHihFWD9hFLP1UtRoiew_2.jpg"",""https://static.yeezyunique.ru/batches/6cb9ff7b-d813-4394-8e73-aeda5d06a8f2/_dnJrSbuyggWAX0UAdtBVHihFWD9hFLP1UtRoiew_3.jpg"",""https://static.yeezyunique.ru/batches/6cb9ff7b-d813-4394-8e73-aeda5d06a8f2/_dnJrSbuyggWAX0UAdtBVHihFWD9hFLP1UtRoiew_4.jpg"",""https://static.yeezyunique.ru/batches/6cb9ff7b-d813-4394-8e73-aeda5d06a8f2/_dnJrSbuyggWAX0UAdtBVHihFWD9hFLP1UtRoiew_5.jpg"",""https://static.yeezyunique.ru/batches/6cb9ff7b-d813-4394-8e73-aeda5d06a8f2/_dnJrSbuyggWAX0UAdtBVHihFWD9hFLP1UtRoiew_6.jpg"",""https://static.yeezyunique.ru/batches/6cb9ff7b-d813-4394-8e73-aeda5d06a8f2/_dnJrSbuyggWAX0UAdtBVHihFWD9hFLP1UtRoiew_7.jpg"",""https://static.yeezyunique.ru/batches/6cb9ff7b-d813-4394-8e73-aeda5d06a8f2/_dnJrSbuyggWAX0UAdtBVHihFWD9hFLP1UtRoiew_8.jpg""]";true
_doFrSQzbsQJpZYw8sjyDpIWte83EfDxN0faVC5g;Loro Piana Кроссовки;Легкие и комфортные кроссовки, идеально подходящие для повседневной носки. Модель выполнена из премиального шерстяного трикотажа, который обеспечивает превосходную эластичность и мягкость, а также дополнена стелькой из натуральной кожи.\n\nРазмеры: 39-46 (мужские).;23000;ll73bx30faqq27r;nzg3vsvajpiv1e8;ll3hofpd5wqxr81;Унисекс;"[""https://static.yeezyunique.ru/batches/6cb9ff7b-d813-4394-8e73-aeda5d06a8f2/_doFrSQzbsQJpZYw8sjyDpIWte83EfDxN0faVC5g_0.jpg"",""https://static.yeezyunique.ru/batches/6cb9ff7b-d813-4394-8e73-aeda5d06a8f2/_doFrSQzbsQJpZYw8sjyDpIWte83EfDxN0faVC5g_1.jpg"",""https://static.yeezyunique.ru/batches/6cb9ff7b-d813-4394-8e73-aeda5d06a8f2/_doFrSQzbsQJpZYw8sjyDpIWte83EfDxN0faVC5g_2.jpg"",""https://static.yeezyunique.ru/batches/6cb9ff7b-d813-4394-8e73-aeda5d06a8f2/_doFrSQzbsQJpZYw8sjyDpIWte83EfDxN0faVC5g_3.jpg"",""https://static.yeezyunique.ru/batches/6cb9ff7b-d813-4394-8e73-aeda5d06a8f2/_doFrSQzbsQJpZYw8sjyDpIWte83EfDxN0faVC5g_4.jpg"",""https://static.yeezyunique.ru/batches/6cb9ff7b-d813-4394-8e73-aeda5d06a8f2/_doFrSQzbsQJpZYw8sjyDpIWte83EfDxN0faVC5g_5.jpg"",""https://static.yeezyunique.ru/batches/6cb9ff7b-d813-4394-8e73-aeda5d06a8f2/_doFrSQzbsQJpZYw8sjyDpIWte83EfDxN0faVC5g_6.jpg"",""https://static.yeezyunique.ru/batches/6cb9ff7b-d813-4394-8e73-aeda5d06a8f2/_doFrSQzbsQJpZYw8sjyDpIWte83EfDxN0faVC5g_7.jpg"",""https://static.yeezyunique.ru/batches/6cb9ff7b-d813-4394-8e73-aeda5d06a8f2/_doFrSQzbsQJpZYw8sjyDpIWte83EfDxN0faVC5g_8.jpg""]";true
_di2rSKJI6jeuHGYgKYrpwhmMSD7UG9mIEgEc-hg;Chanel Кроссовки;Стильные кроссовки из новой весенней коллекции с премиальным сочетанием итальянской кожи, замши и прочного нейлона. Модель дополнена подкладкой из нежной кожи ягненка и износостойкой подошвой из TPU для максимального комфорта.\n\nРазмеры: 35-40.;23000;3wxtez8ckauz7o1;nzg3vsvajpiv1e8;ll3hofpd5wqxr81;Для женщин;"[""https://static.yeezyunique.ru/batches/6cb9ff7b-d813-4394-8e73-aeda5d06a8f2/_di2rSKJI6jeuHGYgKYrpwhmMSD7UG9mIEgEc-hg_0.jpg"",""https://static.yeezyunique.ru/batches/6cb9ff7b-d813-4394-8e73-aeda5d06a8f2/_di2rSKJI6jeuHGYgKYrpwhmMSD7UG9mIEgEc-hg_1.jpg"",""https://static.yeezyunique.ru/batches/6cb9ff7b-d813-4394-8e73-aeda5d06a8f2/_di2rSKJI6jeuHGYgKYrpwhmMSD7UG9mIEgEc-hg_2.jpg"",""https://static.yeezyunique.ru/batches/6cb9ff7b-d813-4394-8e73-aeda5d06a8f2/_di2rSKJI6jeuHGYgKYrpwhmMSD7UG9mIEgEc-hg_3.jpg"",""https://static.yeezyunique.ru/batches/6cb9ff7b-d813-4394-8e73-aeda5d06a8f2/_di2rSKJI6jeuHGYgKYrpwhmMSD7UG9mIEgEc-hg_4.jpg"",""https://static.yeezyunique.ru/batches/6cb9ff7b-d813-4394-8e73-aeda5d06a8f2/_di2rSKJI6jeuHGYgKYrpwhmMSD7UG9mIEgEc-hg_5.jpg"",""https://static.yeezyunique.ru/batches/6cb9ff7b-d813-4394-8e73-aeda5d06a8f2/_di2rSKJI6jeuHGYgKYrpwhmMSD7UG9mIEgEc-hg_6.jpg"",""https://static.yeezyunique.ru/batches/6cb9ff7b-d813-4394-8e73-aeda5d06a8f2/_di2rSKJI6jeuHGYgKYrpwhmMSD7UG9mIEgEc-hg_7.jpg"",""https://static.yeezyunique.ru/batches/6cb9ff7b-d813-4394-8e73-aeda5d06a8f2/_di2rSKJI6jeuHGYgKYrpwhmMSD7UG9mIEgEc-hg_8.jpg""]";true
_dphrSrZBGmphBpu59Ryjk-wGxJqwk_oSyQI-Pog;Nike Кроссовки;Лимитированные кроссовки из коллаборации Travis Scott x Jordan в классическом низком силуэте. Модель выполнена из высококачественной натуральной кожи с премиальной текстурой.\n\nРазмеры: 35.5-48.5.;23000;in8rn6nn4rfbezj;nzg3vsvajpiv1e8;ll3hofpd5wqxr81;Унисекс;"[""https://static.yeezyunique.ru/batches/6cb9ff7b-d813-4394-8e73-aeda5d06a8f2/_dphrSrZBGmphBpu59Ryjk-wGxJqwk_oSyQI-Pog_0.jpg"",""https://static.yeezyunique.ru/batches/6cb9ff7b-d813-4394-8e73-aeda5d06a8f2/_dphrSrZBGmphBpu59Ryjk-wGxJqwk_oSyQI-Pog_1.jpg"",""https://static.yeezyunique.ru/batches/6cb9ff7b-d813-4394-8e73-aeda5d06a8f2/_dphrSrZBGmphBpu59Ryjk-wGxJqwk_oSyQI-Pog_2.jpg"",""https://static.yeezyunique.ru/batches/6cb9ff7b-d813-4394-8e73-aeda5d06a8f2/_dphrSrZBGmphBpu59Ryjk-wGxJqwk_oSyQI-Pog_3.jpg"",""https://static.yeezyunique.ru/batches/6cb9ff7b-d813-4394-8e73-aeda5d06a8f2/_dphrSrZBGmphBpu59Ryjk-wGxJqwk_oSyQI-Pog_4.jpg"",""https://static.yeezyunique.ru/batches/6cb9ff7b-d813-4394-8e73-aeda5d06a8f2/_dphrSrZBGmphBpu59Ryjk-wGxJqwk_oSyQI-Pog_5.jpg"",""https://static.yeezyunique.ru/batches/6cb9ff7b-d813-4394-8e73-aeda5d06a8f2/_dphrSrZBGmphBpu59Ryjk-wGxJqwk_oSyQI-Pog_6.jpg"",""https://static.yeezyunique.ru/batches/6cb9ff7b-d813-4394-8e73-aeda5d06a8f2/_dphrSrZBGmphBpu59Ryjk-wGxJqwk_oSyQI-Pog_7.jpg"",""https://static.yeezyunique.ru/batches/6cb9ff7b-d813-4394-8e73-aeda5d06a8f2/_dphrSrZBGmphBpu59Ryjk-wGxJqwk_oSyQI-Pog_8.jpg""]";true
_drHrSLXbCOga8feia0LcXy7bQXxFy7LddWU0beg;Nike Кроссовки;Стильные кроссовки из коллаборации Travis Scott x Jordan, выполненные в эффектной розово-белой расцветке. Модель изготовлена из высококачественной натуральной кожи с премиальной текстурой, обеспечивающей долговечность и комфорт.\n\nРазмеры: 35.5-48.5 (унисекс).;23000;in8rn6nn4rfbezj;nzg3vsvajpiv1e8;ll3hofpd5wqxr81;Унисекс;"[""https://static.yeezyunique.ru/batches/6cb9ff7b-d813-4394-8e73-aeda5d06a8f2/_drHrSLXbCOga8feia0LcXy7bQXxFy7LddWU0beg_0.jpg"",""https://static.yeezyunique.ru/batches/6cb9ff7b-d813-4394-8e73-aeda5d06a8f2/_drHrSLXbCOga8feia0LcXy7bQXxFy7LddWU0beg_1.jpg"",""https://static.yeezyunique.ru/batches/6cb9ff7b-d813-4394-8e73-aeda5d06a8f2/_drHrSLXbCOga8feia0LcXy7bQXxFy7LddWU0beg_2.jpg"",""https://static.yeezyunique.ru/batches/6cb9ff7b-d813-4394-8e73-aeda5d06a8f2/_drHrSLXbCOga8feia0LcXy7bQXxFy7LddWU0beg_3.jpg"",""https://static.yeezyunique.ru/batches/6cb9ff7b-d813-4394-8e73-aeda5d06a8f2/_drHrSLXbCOga8feia0LcXy7bQXxFy7LddWU0beg_4.jpg"",""https://static.yeezyunique.ru/batches/6cb9ff7b-d813-4394-8e73-aeda5d06a8f2/_drHrSLXbCOga8feia0LcXy7bQXxFy7LddWU0beg_5.jpg"",""https://static.yeezyunique.ru/batches/6cb9ff7b-d813-4394-8e73-aeda5d06a8f2/_drHrSLXbCOga8feia0LcXy7bQXxFy7LddWU0beg_6.jpg"",""https://static.yeezyunique.ru/batches/6cb9ff7b-d813-4394-8e73-aeda5d06a8f2/_drHrSLXbCOga8feia0LcXy7bQXxFy7LddWU0beg_7.jpg"",""https://static.yeezyunique.ru/batches/6cb9ff7b-d813-4394-8e73-aeda5d06a8f2/_drHrSLXbCOga8feia0LcXy7bQXxFy7LddWU0beg_8.jpg""]";true
_dhsrSTatZAgJPt9UKFK2dxfRt2OCpwF92Rn0opQ;Nike Кроссовки;Эксклюзивная коллаборация Travis Scott x Fragment Design x Jordan. Модель выполнена из высококачественной натуральной кожи с премиальной текстурой.\n\nРазмеры: 35.5-48.5 (унисекс).;23000;in8rn6nn4rfbezj;nzg3vsvajpiv1e8;ll3hofpd5wqxr81;Унисекс;"[""https://static.yeezyunique.ru/batches/6cb9ff7b-d813-4394-8e73-aeda5d06a8f2/_dhsrSTatZAgJPt9UKFK2dxfRt2OCpwF92Rn0opQ_0.jpg"",""https://static.yeezyunique.ru/batches/6cb9ff7b-d813-4394-8e73-aeda5d06a8f2/_dhsrSTatZAgJPt9UKFK2dxfRt2OCpwF92Rn0opQ_1.jpg"",""https://static.yeezyunique.ru/batches/6cb9ff7b-d813-4394-8e73-aeda5d06a8f2/_dhsrSTatZAgJPt9UKFK2dxfRt2OCpwF92Rn0opQ_2.jpg"",""https://static.yeezyunique.ru/batches/6cb9ff7b-d813-4394-8e73-aeda5d06a8f2/_dhsrSTatZAgJPt9UKFK2dxfRt2OCpwF92Rn0opQ_3.jpg"",""https://static.yeezyunique.ru/batches/6cb9ff7b-d813-4394-8e73-aeda5d06a8f2/_dhsrSTatZAgJPt9UKFK2dxfRt2OCpwF92Rn0opQ_4.jpg"",""https://static.yeezyunique.ru/batches/6cb9ff7b-d813-4394-8e73-aeda5d06a8f2/_dhsrSTatZAgJPt9UKFK2dxfRt2OCpwF92Rn0opQ_5.jpg"",""https://static.yeezyunique.ru/batches/6cb9ff7b-d813-4394-8e73-aeda5d06a8f2/_dhsrSTatZAgJPt9UKFK2dxfRt2OCpwF92Rn0opQ_6.jpg"",""https://static.yeezyunique.ru/batches/6cb9ff7b-d813-4394-8e73-aeda5d06a8f2/_dhsrSTatZAgJPt9UKFK2dxfRt2OCpwF92Rn0opQ_7.jpg"",""https://static.yeezyunique.ru/batches/6cb9ff7b-d813-4394-8e73-aeda5d06a8f2/_dhsrSTatZAgJPt9UKFK2dxfRt2OCpwF92Rn0opQ_8.jpg""]";true
_dkErSehcDeqe45Yklpv5gj186uzRi5gm1uOfB0g;Nike Кроссовки;Эксклюзивные кроссовки из коллаборации Travis Scott x Jordan в расцветке Velvet Brown. Модель выполнена из высококачественной натуральной кожи с премиальной текстурой, обеспечивающей долговечность и комфорт.\n\nРазмеры: 35.5-48.5 (унисекс).;23000;in8rn6nn4rfbezj;nzg3vsvajpiv1e8;ll3hofpd5wqxr81;Унисекс;"[""https://static.yeezyunique.ru/batches/6cb9ff7b-d813-4394-8e73-aeda5d06a8f2/_dkErSehcDeqe45Yklpv5gj186uzRi5gm1uOfB0g_0.jpg"",""https://static.yeezyunique.ru/batches/6cb9ff7b-d813-4394-8e73-aeda5d06a8f2/_dkErSehcDeqe45Yklpv5gj186uzRi5gm1uOfB0g_1.jpg"",""https://static.yeezyunique.ru/batches/6cb9ff7b-d813-4394-8e73-aeda5d06a8f2/_dkErSehcDeqe45Yklpv5gj186uzRi5gm1uOfB0g_2.jpg"",""https://static.yeezyunique.ru/batches/6cb9ff7b-d813-4394-8e73-aeda5d06a8f2/_dkErSehcDeqe45Yklpv5gj186uzRi5gm1uOfB0g_3.jpg"",""https://static.yeezyunique.ru/batches/6cb9ff7b-d813-4394-8e73-aeda5d06a8f2/_dkErSehcDeqe45Yklpv5gj186uzRi5gm1uOfB0g_4.jpg"",""https://static.yeezyunique.ru/batches/6cb9ff7b-d813-4394-8e73-aeda5d06a8f2/_dkErSehcDeqe45Yklpv5gj186uzRi5gm1uOfB0g_5.jpg"",""https://static.yeezyunique.ru/batches/6cb9ff7b-d813-4394-8e73-aeda5d06a8f2/_dkErSehcDeqe45Yklpv5gj186uzRi5gm1uOfB0g_6.jpg"",""https://static.yeezyunique.ru/batches/6cb9ff7b-d813-4394-8e73-aeda5d06a8f2/_dkErSehcDeqe45Yklpv5gj186uzRi5gm1uOfB0g_7.jpg"",""https://static.yeezyunique.ru/batches/6cb9ff7b-d813-4394-8e73-aeda5d06a8f2/_dkErSehcDeqe45Yklpv5gj186uzRi5gm1uOfB0g_8.jpg""]";true
_dzCrSN8xjJc6cG7jrcxMjN8lDMLi_zbsu4Ke69A;Nike Кроссовки;Эксклюзивные кроссовки из коллаборации с Трэвисом Скоттом, выполненные из премиальной натуральной кожи с характерным дизайном. Модель отличается высоким качеством материалов и вниманием к деталям, обеспечивая комфорт и узнаваемый стиль.\n\nРазмеры: 35.5-48.5.;23000;in8rn6nn4rfbezj;nzg3vsvajpiv1e8;ll3hofpd5wqxr81;Унисекс;"[""https://static.yeezyunique.ru/batches/6cb9ff7b-d813-4394-8e73-aeda5d06a8f2/_dzCrSN8xjJc6cG7jrcxMjN8lDMLi_zbsu4Ke69A_0.jpg"",""https://static.yeezyunique.ru/batches/6cb9ff7b-d813-4394-8e73-aeda5d06a8f2/_dzCrSN8xjJc6cG7jrcxMjN8lDMLi_zbsu4Ke69A_1.jpg"",""https://static.yeezyunique.ru/batches/6cb9ff7b-d813-4394-8e73-aeda5d06a8f2/_dzCrSN8xjJc6cG7jrcxMjN8lDMLi_zbsu4Ke69A_2.jpg"",""https://static.yeezyunique.ru/batches/6cb9ff7b-d813-4394-8e73-aeda5d06a8f2/_dzCrSN8xjJc6cG7jrcxMjN8lDMLi_zbsu4Ke69A_3.jpg"",""https://static.yeezyunique.ru/batches/6cb9ff7b-d813-4394-8e73-aeda5d06a8f2/_dzCrSN8xjJc6cG7jrcxMjN8lDMLi_zbsu4Ke69A_4.jpg"",""https://static.yeezyunique.ru/batches/6cb9ff7b-d813-4394-8e73-aeda5d06a8f2/_dzCrSN8xjJc6cG7jrcxMjN8lDMLi_zbsu4Ke69A_5.jpg"",""https://static.yeezyunique.ru/batches/6cb9ff7b-d813-4394-8e73-aeda5d06a8f2/_dzCrSN8xjJc6cG7jrcxMjN8lDMLi_zbsu4Ke69A_6.jpg"",""https://static.yeezyunique.ru/batches/6cb9ff7b-d813-4394-8e73-aeda5d06a8f2/_dzCrSN8xjJc6cG7jrcxMjN8lDMLi_zbsu4Ke69A_7.jpg"",""https://static.yeezyunique.ru/batches/6cb9ff7b-d813-4394-8e73-aeda5d06a8f2/_dzCrSN8xjJc6cG7jrcxMjN8lDMLi_zbsu4Ke69A_8.jpg""]";true
_dxmrSfjsUGVWih_dczinqnXh7jCpY51Rlvkla1w;Nike Кроссовки;Эксклюзивная коллаборация Travis Scott и Jordan в яркой расцветке Canary Yellow. Модель выполнена из премиальной натуральной кожи с характерным дизайном и высоким качеством материалов.\n\nРазмеры: 35.5-48.5 (унисекс).;23000;in8rn6nn4rfbezj;nzg3vsvajpiv1e8;ll3hofpd5wqxr81;Унисекс;"[""https://static.yeezyunique.ru/batches/6cb9ff7b-d813-4394-8e73-aeda5d06a8f2/_dxmrSfjsUGVWih_dczinqnXh7jCpY51Rlvkla1w_0.jpg"",""https://static.yeezyunique.ru/batches/6cb9ff7b-d813-4394-8e73-aeda5d06a8f2/_dxmrSfjsUGVWih_dczinqnXh7jCpY51Rlvkla1w_1.jpg"",""https://static.yeezyunique.ru/batches/6cb9ff7b-d813-4394-8e73-aeda5d06a8f2/_dxmrSfjsUGVWih_dczinqnXh7jCpY51Rlvkla1w_2.jpg"",""https://static.yeezyunique.ru/batches/6cb9ff7b-d813-4394-8e73-aeda5d06a8f2/_dxmrSfjsUGVWih_dczinqnXh7jCpY51Rlvkla1w_3.jpg"",""https://static.yeezyunique.ru/batches/6cb9ff7b-d813-4394-8e73-aeda5d06a8f2/_dxmrSfjsUGVWih_dczinqnXh7jCpY51Rlvkla1w_4.jpg"",""https://static.yeezyunique.ru/batches/6cb9ff7b-d813-4394-8e73-aeda5d06a8f2/_dxmrSfjsUGVWih_dczinqnXh7jCpY51Rlvkla1w_5.jpg"",""https://static.yeezyunique.ru/batches/6cb9ff7b-d813-4394-8e73-aeda5d06a8f2/_dxmrSfjsUGVWih_dczinqnXh7jCpY51Rlvkla1w_6.jpg"",""https://static.yeezyunique.ru/batches/6cb9ff7b-d813-4394-8e73-aeda5d06a8f2/_dxmrSfjsUGVWih_dczinqnXh7jCpY51Rlvkla1w_7.jpg"",""https://static.yeezyunique.ru/batches/6cb9ff7b-d813-4394-8e73-aeda5d06a8f2/_dxmrSfjsUGVWih_dczinqnXh7jCpY51Rlvkla1w_8.jpg""]";true
_diprSSc-9vvPRp0I35nOT0LEt7hZ5B-aUJeTsAw;Nike Кроссовки;Стильные кроссовки из премиальной натуральной кожи с классическим дизайном. Модель обеспечивает превосходную амортизацию и комфорт при каждом шаге.\n\nРазмеры: 35.5-40 (женские), 40.5-48.5 (мужские).;23000;in8rn6nn4rfbezj;nzg3vsvajpiv1e8;ll3hofpd5wqxr81;Унисекс;"[""https://static.yeezyunique.ru/batches/6cb9ff7b-d813-4394-8e73-aeda5d06a8f2/_diprSSc-9vvPRp0I35nOT0LEt7hZ5B-aUJeTsAw_0.jpg"",""https://static.yeezyunique.ru/batches/6cb9ff7b-d813-4394-8e73-aeda5d06a8f2/_diprSSc-9vvPRp0I35nOT0LEt7hZ5B-aUJeTsAw_1.jpg"",""https://static.yeezyunique.ru/batches/6cb9ff7b-d813-4394-8e73-aeda5d06a8f2/_diprSSc-9vvPRp0I35nOT0LEt7hZ5B-aUJeTsAw_2.jpg"",""https://static.yeezyunique.ru/batches/6cb9ff7b-d813-4394-8e73-aeda5d06a8f2/_diprSSc-9vvPRp0I35nOT0LEt7hZ5B-aUJeTsAw_3.jpg"",""https://static.yeezyunique.ru/batches/6cb9ff7b-d813-4394-8e73-aeda5d06a8f2/_diprSSc-9vvPRp0I35nOT0LEt7hZ5B-aUJeTsAw_4.jpg"",""https://static.yeezyunique.ru/batches/6cb9ff7b-d813-4394-8e73-aeda5d06a8f2/_diprSSc-9vvPRp0I35nOT0LEt7hZ5B-aUJeTsAw_5.jpg"",""https://static.yeezyunique.ru/batches/6cb9ff7b-d813-4394-8e73-aeda5d06a8f2/_diprSSc-9vvPRp0I35nOT0LEt7hZ5B-aUJeTsAw_6.jpg"",""https://static.yeezyunique.ru/batches/6cb9ff7b-d813-4394-8e73-aeda5d06a8f2/_diprSSc-9vvPRp0I35nOT0LEt7hZ5B-aUJeTsAw_7.jpg"",""https://static.yeezyunique.ru/batches/6cb9ff7b-d813-4394-8e73-aeda5d06a8f2/_diprSSc-9vvPRp0I35nOT0LEt7hZ5B-aUJeTsAw_8.jpg""]";true
_dwprS1RilspMb7xiol6kFck3YT8l3bRfi2c-XPg;Nike Кроссовки;Эксклюзивные кроссовки из коллаборации Travis Scott x Jordan в расцветке Medium Olive. Модель выполнена из высококачественной натуральной кожи с премиальной текстурой, обеспечивающей долговечность и комфорт.\n\nРазмеры: 35.5-48.5 (унисекс).;23000;in8rn6nn4rfbezj;nzg3vsvajpiv1e8;ll3hofpd5wqxr81;Унисекс;"[""https://static.yeezyunique.ru/batches/6cb9ff7b-d813-4394-8e73-aeda5d06a8f2/_dwprS1RilspMb7xiol6kFck3YT8l3bRfi2c-XPg_0.jpg"",""https://static.yeezyunique.ru/batches/6cb9ff7b-d813-4394-8e73-aeda5d06a8f2/_dwprS1RilspMb7xiol6kFck3YT8l3bRfi2c-XPg_1.jpg"",""https://static.yeezyunique.ru/batches/6cb9ff7b-d813-4394-8e73-aeda5d06a8f2/_dwprS1RilspMb7xiol6kFck3YT8l3bRfi2c-XPg_2.jpg"",""https://static.yeezyunique.ru/batches/6cb9ff7b-d813-4394-8e73-aeda5d06a8f2/_dwprS1RilspMb7xiol6kFck3YT8l3bRfi2c-XPg_3.jpg"",""https://static.yeezyunique.ru/batches/6cb9ff7b-d813-4394-8e73-aeda5d06a8f2/_dwprS1RilspMb7xiol6kFck3YT8l3bRfi2c-XPg_4.jpg"",""https://static.yeezyunique.ru/batches/6cb9ff7b-d813-4394-8e73-aeda5d06a8f2/_dwprS1RilspMb7xiol6kFck3YT8l3bRfi2c-XPg_5.jpg"",""https://static.yeezyunique.ru/batches/6cb9ff7b-d813-4394-8e73-aeda5d06a8f2/_dwprS1RilspMb7xiol6kFck3YT8l3bRfi2c-XPg_6.jpg"",""https://static.yeezyunique.ru/batches/6cb9ff7b-d813-4394-8e73-aeda5d06a8f2/_dwprS1RilspMb7xiol6kFck3YT8l3bRfi2c-XPg_7.jpg"",""https://static.yeezyunique.ru/batches/6cb9ff7b-d813-4394-8e73-aeda5d06a8f2/_dwprS1RilspMb7xiol6kFck3YT8l3bRfi2c-XPg_8.jpg""]";true
_dwArS0huVaAmtF4JmGP4zAP1HFzML5Y49Luk6bw;Nike Кроссовки;Эксклюзивные кроссовки из премиальной натуральной кожи с характерным дизайном. Модель отличается высоким качеством материалов и комфортной посадкой для повседневной носки.\n\nРазмеры: 35.5-48.5.;23000;in8rn6nn4rfbezj;nzg3vsvajpiv1e8;ll3hofpd5wqxr81;Унисекс;"[""https://static.yeezyunique.ru/batches/6cb9ff7b-d813-4394-8e73-aeda5d06a8f2/_dwArS0huVaAmtF4JmGP4zAP1HFzML5Y49Luk6bw_0.jpg"",""https://static.yeezyunique.ru/batches/6cb9ff7b-d813-4394-8e73-aeda5d06a8f2/_dwArS0huVaAmtF4JmGP4zAP1HFzML5Y49Luk6bw_1.jpg"",""https://static.yeezyunique.ru/batches/6cb9ff7b-d813-4394-8e73-aeda5d06a8f2/_dwArS0huVaAmtF4JmGP4zAP1HFzML5Y49Luk6bw_2.jpg"",""https://static.yeezyunique.ru/batches/6cb9ff7b-d813-4394-8e73-aeda5d06a8f2/_dwArS0huVaAmtF4JmGP4zAP1HFzML5Y49Luk6bw_3.jpg"",""https://static.yeezyunique.ru/batches/6cb9ff7b-d813-4394-8e73-aeda5d06a8f2/_dwArS0huVaAmtF4JmGP4zAP1HFzML5Y49Luk6bw_4.jpg"",""https://static.yeezyunique.ru/batches/6cb9ff7b-d813-4394-8e73-aeda5d06a8f2/_dwArS0huVaAmtF4JmGP4zAP1HFzML5Y49Luk6bw_5.jpg"",""https://static.yeezyunique.ru/batches/6cb9ff7b-d813-4394-8e73-aeda5d06a8f2/_dwArS0huVaAmtF4JmGP4zAP1HFzML5Y49Luk6bw_6.jpg"",""https://static.yeezyunique.ru/batches/6cb9ff7b-d813-4394-8e73-aeda5d06a8f2/_dwArS0huVaAmtF4JmGP4zAP1HFzML5Y49Luk6bw_7.jpg"",""https://static.yeezyunique.ru/batches/6cb9ff7b-d813-4394-8e73-aeda5d06a8f2/_dwArS0huVaAmtF4JmGP4zAP1HFzML5Y49Luk6bw_8.jpg""]";true
_ddWrSJYM6nrnTSG5-WBUKg30VlA262g0LMReklw;Nike Кроссовки;"Легендарные кроссовки из коллаборации с Трэвисом Скоттом в расцветке ""обратная мокко"". Модель выполнена из высококачественной натуральной кожи с премиальной текстурой, обеспечивающей долговечность и комфорт.\n\nРазмеры: 35.5-48.5 (унисекс).";23000;in8rn6nn4rfbezj;nzg3vsvajpiv1e8;ll3hofpd5wqxr81;Унисекс;"[""https://static.yeezyunique.ru/batches/6cb9ff7b-d813-4394-8e73-aeda5d06a8f2/_ddWrSJYM6nrnTSG5-WBUKg30VlA262g0LMReklw_0.jpg"",""https://static.yeezyunique.ru/batches/6cb9ff7b-d813-4394-8e73-aeda5d06a8f2/_ddWrSJYM6nrnTSG5-WBUKg30VlA262g0LMReklw_1.jpg"",""https://static.yeezyunique.ru/batches/6cb9ff7b-d813-4394-8e73-aeda5d06a8f2/_ddWrSJYM6nrnTSG5-WBUKg30VlA262g0LMReklw_2.jpg"",""https://static.yeezyunique.ru/batches/6cb9ff7b-d813-4394-8e73-aeda5d06a8f2/_ddWrSJYM6nrnTSG5-WBUKg30VlA262g0LMReklw_3.jpg"",""https://static.yeezyunique.ru/batches/6cb9ff7b-d813-4394-8e73-aeda5d06a8f2/_ddWrSJYM6nrnTSG5-WBUKg30VlA262g0LMReklw_4.jpg"",""https://static.yeezyunique.ru/batches/6cb9ff7b-d813-4394-8e73-aeda5d06a8f2/_ddWrSJYM6nrnTSG5-WBUKg30VlA262g0LMReklw_5.jpg"",""https://static.yeezyunique.ru/batches/6cb9ff7b-d813-4394-8e73-aeda5d06a8f2/_ddWrSJYM6nrnTSG5-WBUKg30VlA262g0LMReklw_6.jpg"",""https://static.yeezyunique.ru/batches/6cb9ff7b-d813-4394-8e73-aeda5d06a8f2/_ddWrSJYM6nrnTSG5-WBUKg30VlA262g0LMReklw_7.jpg"",""https://static.yeezyunique.ru/batches/6cb9ff7b-d813-4394-8e73-aeda5d06a8f2/_ddWrSJYM6nrnTSG5-WBUKg30VlA262g0LMReklw_8.jpg""]";true
_drprS7tI3nmjc6TK20YtvIdweGk5hJkAW9qFZrg;Nike Кроссовки;Эксклюзивная коллаборация Travis Scott x Fragment Design x Air Jordan 1 Low. Модель выполнена из премиальной натуральной кожи с характерным дизайном и высоким качеством исполнения.\n\nРазмеры: 35.5-48.5 (унисекс).;23000;in8rn6nn4rfbezj;nzg3vsvajpiv1e8;ll3hofpd5wqxr81;Унисекс;"[""https://static.yeezyunique.ru/batches/6cb9ff7b-d813-4394-8e73-aeda5d06a8f2/_drprS7tI3nmjc6TK20YtvIdweGk5hJkAW9qFZrg_0.jpg"",""https://static.yeezyunique.ru/batches/6cb9ff7b-d813-4394-8e73-aeda5d06a8f2/_drprS7tI3nmjc6TK20YtvIdweGk5hJkAW9qFZrg_1.jpg"",""https://static.yeezyunique.ru/batches/6cb9ff7b-d813-4394-8e73-aeda5d06a8f2/_drprS7tI3nmjc6TK20YtvIdweGk5hJkAW9qFZrg_2.jpg"",""https://static.yeezyunique.ru/batches/6cb9ff7b-d813-4394-8e73-aeda5d06a8f2/_drprS7tI3nmjc6TK20YtvIdweGk5hJkAW9qFZrg_3.jpg"",""https://static.yeezyunique.ru/batches/6cb9ff7b-d813-4394-8e73-aeda5d06a8f2/_drprS7tI3nmjc6TK20YtvIdweGk5hJkAW9qFZrg_4.jpg"",""https://static.yeezyunique.ru/batches/6cb9ff7b-d813-4394-8e73-aeda5d06a8f2/_drprS7tI3nmjc6TK20YtvIdweGk5hJkAW9qFZrg_5.jpg"",""https://static.yeezyunique.ru/batches/6cb9ff7b-d813-4394-8e73-aeda5d06a8f2/_drprS7tI3nmjc6TK20YtvIdweGk5hJkAW9qFZrg_6.jpg"",""https://static.yeezyunique.ru/batches/6cb9ff7b-d813-4394-8e73-aeda5d06a8f2/_drprS7tI3nmjc6TK20YtvIdweGk5hJkAW9qFZrg_7.jpg"",""https://static.yeezyunique.ru/batches/6cb9ff7b-d813-4394-8e73-aeda5d06a8f2/_drprS7tI3nmjc6TK20YtvIdweGk5hJkAW9qFZrg_8.jpg""]";true
_d-_rS58L1fI-TSnWB6TpIzh9O-tNvSgTU5QaE8Q;Nike Кроссовки;Лимитированная коллаборация Travis Scott x Jordan Air Jordan 1 Low. Модель выполнена из премиальной натуральной кожи с характерным дизайном и высоким качеством материалов.\n\nРазмеры: 35.5-48.5 (унисекс).;23000;in8rn6nn4rfbezj;nzg3vsvajpiv1e8;ll3hofpd5wqxr81;Унисекс;"[""https://static.yeezyunique.ru/batches/6cb9ff7b-d813-4394-8e73-aeda5d06a8f2/_d-_rS58L1fI-TSnWB6TpIzh9O-tNvSgTU5QaE8Q_0.jpg"",""https://static.yeezyunique.ru/batches/6cb9ff7b-d813-4394-8e73-aeda5d06a8f2/_d-_rS58L1fI-TSnWB6TpIzh9O-tNvSgTU5QaE8Q_1.jpg"",""https://static.yeezyunique.ru/batches/6cb9ff7b-d813-4394-8e73-aeda5d06a8f2/_d-_rS58L1fI-TSnWB6TpIzh9O-tNvSgTU5QaE8Q_2.jpg"",""https://static.yeezyunique.ru/batches/6cb9ff7b-d813-4394-8e73-aeda5d06a8f2/_d-_rS58L1fI-TSnWB6TpIzh9O-tNvSgTU5QaE8Q_3.jpg"",""https://static.yeezyunique.ru/batches/6cb9ff7b-d813-4394-8e73-aeda5d06a8f2/_d-_rS58L1fI-TSnWB6TpIzh9O-tNvSgTU5QaE8Q_4.jpg"",""https://static.yeezyunique.ru/batches/6cb9ff7b-d813-4394-8e73-aeda5d06a8f2/_d-_rS58L1fI-TSnWB6TpIzh9O-tNvSgTU5QaE8Q_5.jpg"",""https://static.yeezyunique.ru/batches/6cb9ff7b-d813-4394-8e73-aeda5d06a8f2/_d-_rS58L1fI-TSnWB6TpIzh9O-tNvSgTU5QaE8Q_6.jpg"",""https://static.yeezyunique.ru/batches/6cb9ff7b-d813-4394-8e73-aeda5d06a8f2/_d-_rS58L1fI-TSnWB6TpIzh9O-tNvSgTU5QaE8Q_7.jpg"",""https://static.yeezyunique.ru/batches/6cb9ff7b-d813-4394-8e73-aeda5d06a8f2/_d-_rS58L1fI-TSnWB6TpIzh9O-tNvSgTU5QaE8Q_8.jpg""]";true
_drArSVv936-qtHzTvZ9HHyGeRtX6WyoK45fQM7Q;Hermes Мюли;Элегантные мюли из коллекции Lazy, выполненные из премиальной итальянской замши с матовым эффектом. Внутренняя отделка из нежной кожи ягненка обеспечивает исключительный комфорт при носке.\n\nРазмеры: 35-40.;23000;rakg8u0bx1y4qcy;nzg3vsvajpiv1e8;mgkrw7ofqwfh95s;Для женщин;"[""https://static.yeezyunique.ru/batches/6cb9ff7b-d813-4394-8e73-aeda5d06a8f2/_drArSVv936-qtHzTvZ9HHyGeRtX6WyoK45fQM7Q_0.jpg"",""https://static.yeezyunique.ru/batches/6cb9ff7b-d813-4394-8e73-aeda5d06a8f2/_drArSVv936-qtHzTvZ9HHyGeRtX6WyoK45fQM7Q_1.jpg"",""https://static.yeezyunique.ru/batches/6cb9ff7b-d813-4394-8e73-aeda5d06a8f2/_drArSVv936-qtHzTvZ9HHyGeRtX6WyoK45fQM7Q_2.jpg"",""https://static.yeezyunique.ru/batches/6cb9ff7b-d813-4394-8e73-aeda5d06a8f2/_drArSVv936-qtHzTvZ9HHyGeRtX6WyoK45fQM7Q_3.jpg"",""https://static.yeezyunique.ru/batches/6cb9ff7b-d813-4394-8e73-aeda5d06a8f2/_drArSVv936-qtHzTvZ9HHyGeRtX6WyoK45fQM7Q_4.jpg"",""https://static.yeezyunique.ru/batches/6cb9ff7b-d813-4394-8e73-aeda5d06a8f2/_drArSVv936-qtHzTvZ9HHyGeRtX6WyoK45fQM7Q_5.jpg"",""https://static.yeezyunique.ru/batches/6cb9ff7b-d813-4394-8e73-aeda5d06a8f2/_drArSVv936-qtHzTvZ9HHyGeRtX6WyoK45fQM7Q_6.jpg"",""https://static.yeezyunique.ru/batches/6cb9ff7b-d813-4394-8e73-aeda5d06a8f2/_drArSVv936-qtHzTvZ9HHyGeRtX6WyoK45fQM7Q_7.jpg"",""https://static.yeezyunique.ru/batches/6cb9ff7b-d813-4394-8e73-aeda5d06a8f2/_drArSVv936-qtHzTvZ9HHyGeRtX6WyoK45fQM7Q_8.jpg""]";true
_dsirSu_kP2Lh0tJmdscfVTC11V_ofdMmA2P3oMA;Hermes Мюли;Элегантные мюли из коллекции Lazy, выполненные из премиальной итальянской замши с матовым эффектом. Внутренняя отделка из нежной кожи ягненка обеспечивает исключительный комфорт при носке.\n\nРазмеры: 35-40.;23000;rakg8u0bx1y4qcy;nzg3vsvajpiv1e8;mgkrw7ofqwfh95s;Для женщин;"[""https://static.yeezyunique.ru/batches/6cb9ff7b-d813-4394-8e73-aeda5d06a8f2/_dsirSu_kP2Lh0tJmdscfVTC11V_ofdMmA2P3oMA_0.jpg"",""https://static.yeezyunique.ru/batches/6cb9ff7b-d813-4394-8e73-aeda5d06a8f2/_dsirSu_kP2Lh0tJmdscfVTC11V_ofdMmA2P3oMA_1.jpg"",""https://static.yeezyunique.ru/batches/6cb9ff7b-d813-4394-8e73-aeda5d06a8f2/_dsirSu_kP2Lh0tJmdscfVTC11V_ofdMmA2P3oMA_2.jpg"",""https://static.yeezyunique.ru/batches/6cb9ff7b-d813-4394-8e73-aeda5d06a8f2/_dsirSu_kP2Lh0tJmdscfVTC11V_ofdMmA2P3oMA_3.jpg"",""https://static.yeezyunique.ru/batches/6cb9ff7b-d813-4394-8e73-aeda5d06a8f2/_dsirSu_kP2Lh0tJmdscfVTC11V_ofdMmA2P3oMA_4.jpg"",""https://static.yeezyunique.ru/batches/6cb9ff7b-d813-4394-8e73-aeda5d06a8f2/_dsirSu_kP2Lh0tJmdscfVTC11V_ofdMmA2P3oMA_5.jpg"",""https://static.yeezyunique.ru/batches/6cb9ff7b-d813-4394-8e73-aeda5d06a8f2/_dsirSu_kP2Lh0tJmdscfVTC11V_ofdMmA2P3oMA_6.jpg"",""https://static.yeezyunique.ru/batches/6cb9ff7b-d813-4394-8e73-aeda5d06a8f2/_dsirSu_kP2Lh0tJmdscfVTC11V_ofdMmA2P3oMA_7.jpg"",""https://static.yeezyunique.ru/batches/6cb9ff7b-d813-4394-8e73-aeda5d06a8f2/_dsirSu_kP2Lh0tJmdscfVTC11V_ofdMmA2P3oMA_8.jpg""]";true
_dobrSakiAKMOmyVacUtkeD3G2oeo9Od96_Bs9hA;Hermes Лоферы;Элегантные лоферы из коллекции Lazy, выполненные из премиальной итальянской замши с матовым финишем. Внутренняя отделка из нежной кожи ягненка обеспечивает исключительный комфорт при носке, а износостойкая подошва гарантирует долговечность.\n\nРазмеры: 35-40.;23000;rakg8u0bx1y4qcy;nzg3vsvajpiv1e8;4pxynbc4fqy6aiu;Для женщин;"[""https://static.yeezyunique.ru/batches/6cb9ff7b-d813-4394-8e73-aeda5d06a8f2/_dobrSakiAKMOmyVacUtkeD3G2oeo9Od96_Bs9hA_0.jpg"",""https://static.yeezyunique.ru/batches/6cb9ff7b-d813-4394-8e73-aeda5d06a8f2/_dobrSakiAKMOmyVacUtkeD3G2oeo9Od96_Bs9hA_1.jpg"",""https://static.yeezyunique.ru/batches/6cb9ff7b-d813-4394-8e73-aeda5d06a8f2/_dobrSakiAKMOmyVacUtkeD3G2oeo9Od96_Bs9hA_2.jpg"",""https://static.yeezyunique.ru/batches/6cb9ff7b-d813-4394-8e73-aeda5d06a8f2/_dobrSakiAKMOmyVacUtkeD3G2oeo9Od96_Bs9hA_3.jpg"",""https://static.yeezyunique.ru/batches/6cb9ff7b-d813-4394-8e73-aeda5d06a8f2/_dobrSakiAKMOmyVacUtkeD3G2oeo9Od96_Bs9hA_4.jpg"",""https://static.yeezyunique.ru/batches/6cb9ff7b-d813-4394-8e73-aeda5d06a8f2/_dobrSakiAKMOmyVacUtkeD3G2oeo9Od96_Bs9hA_5.jpg"",""https://static.yeezyunique.ru/batches/6cb9ff7b-d813-4394-8e73-aeda5d06a8f2/_dobrSakiAKMOmyVacUtkeD3G2oeo9Od96_Bs9hA_6.jpg"",""https://static.yeezyunique.ru/batches/6cb9ff7b-d813-4394-8e73-aeda5d06a8f2/_dobrSakiAKMOmyVacUtkeD3G2oeo9Od96_Bs9hA_7.jpg"",""https://static.yeezyunique.ru/batches/6cb9ff7b-d813-4394-8e73-aeda5d06a8f2/_dobrSakiAKMOmyVacUtkeD3G2oeo9Od96_Bs9hA_8.jpg""]";true
_di3rSeh_pbcV5HQlZsNw_OlScBpomw29ussSLsw;Hermes Лоферы;Элегантные лоферы из коллекции Lazy, выполненные из премиальной итальянской замши с матовым финишем. Внутренняя отделка из нежной кожи ягненка обеспечивает исключительный комфорт при носке, а износостойкая подошва гарантирует долговечность.\n\nРазмеры: 35-40.;23000;rakg8u0bx1y4qcy;nzg3vsvajpiv1e8;4pxynbc4fqy6aiu;Для женщин;"[""https://static.yeezyunique.ru/batches/6cb9ff7b-d813-4394-8e73-aeda5d06a8f2/_di3rSeh_pbcV5HQlZsNw_OlScBpomw29ussSLsw_0.jpg"",""https://static.yeezyunique.ru/batches/6cb9ff7b-d813-4394-8e73-aeda5d06a8f2/_di3rSeh_pbcV5HQlZsNw_OlScBpomw29ussSLsw_1.jpg"",""https://static.yeezyunique.ru/batches/6cb9ff7b-d813-4394-8e73-aeda5d06a8f2/_di3rSeh_pbcV5HQlZsNw_OlScBpomw29ussSLsw_2.jpg"",""https://static.yeezyunique.ru/batches/6cb9ff7b-d813-4394-8e73-aeda5d06a8f2/_di3rSeh_pbcV5HQlZsNw_OlScBpomw29ussSLsw_3.jpg"",""https://static.yeezyunique.ru/batches/6cb9ff7b-d813-4394-8e73-aeda5d06a8f2/_di3rSeh_pbcV5HQlZsNw_OlScBpomw29ussSLsw_4.jpg"",""https://static.yeezyunique.ru/batches/6cb9ff7b-d813-4394-8e73-aeda5d06a8f2/_di3rSeh_pbcV5HQlZsNw_OlScBpomw29ussSLsw_5.jpg"",""https://static.yeezyunique.ru/batches/6cb9ff7b-d813-4394-8e73-aeda5d06a8f2/_di3rSeh_pbcV5HQlZsNw_OlScBpomw29ussSLsw_6.jpg"",""https://static.yeezyunique.ru/batches/6cb9ff7b-d813-4394-8e73-aeda5d06a8f2/_di3rSeh_pbcV5HQlZsNw_OlScBpomw29ussSLsw_7.jpg"",""https://static.yeezyunique.ru/batches/6cb9ff7b-d813-4394-8e73-aeda5d06a8f2/_di3rSeh_pbcV5HQlZsNw_OlScBpomw29ussSLsw_8.jpg""]";true
_dxKrSTfUYZ_uHr0quVJUaZkpcwcpm2p9LQJiiMQ;Miu Miu Кроссовки;Стильные кроссовки из новой осенне-зимней коллекции с оригинальным дизайном на двух шнурках. Модель выполнена из премиальной итальянской винтажной кожи с эффектом состаривания, внутри — подкладка из нежной кожи ягненка и комфортная латексная стелька.\n\nРазмеры: 35-40.;23000;cn386fag2q87srw;nzg3vsvajpiv1e8;ll3hofpd5wqxr81;Для женщин;"[""https://static.yeezyunique.ru/batches/6cb9ff7b-d813-4394-8e73-aeda5d06a8f2/_dxKrSTfUYZ_uHr0quVJUaZkpcwcpm2p9LQJiiMQ_0.jpg"",""https://static.yeezyunique.ru/batches/6cb9ff7b-d813-4394-8e73-aeda5d06a8f2/_dxKrSTfUYZ_uHr0quVJUaZkpcwcpm2p9LQJiiMQ_1.jpg"",""https://static.yeezyunique.ru/batches/6cb9ff7b-d813-4394-8e73-aeda5d06a8f2/_dxKrSTfUYZ_uHr0quVJUaZkpcwcpm2p9LQJiiMQ_2.jpg"",""https://static.yeezyunique.ru/batches/6cb9ff7b-d813-4394-8e73-aeda5d06a8f2/_dxKrSTfUYZ_uHr0quVJUaZkpcwcpm2p9LQJiiMQ_3.jpg"",""https://static.yeezyunique.ru/batches/6cb9ff7b-d813-4394-8e73-aeda5d06a8f2/_dxKrSTfUYZ_uHr0quVJUaZkpcwcpm2p9LQJiiMQ_4.jpg"",""https://static.yeezyunique.ru/batches/6cb9ff7b-d813-4394-8e73-aeda5d06a8f2/_dxKrSTfUYZ_uHr0quVJUaZkpcwcpm2p9LQJiiMQ_5.jpg"",""https://static.yeezyunique.ru/batches/6cb9ff7b-d813-4394-8e73-aeda5d06a8f2/_dxKrSTfUYZ_uHr0quVJUaZkpcwcpm2p9LQJiiMQ_6.jpg"",""https://static.yeezyunique.ru/batches/6cb9ff7b-d813-4394-8e73-aeda5d06a8f2/_dxKrSTfUYZ_uHr0quVJUaZkpcwcpm2p9LQJiiMQ_7.jpg"",""https://static.yeezyunique.ru/batches/6cb9ff7b-d813-4394-8e73-aeda5d06a8f2/_dxKrSTfUYZ_uHr0quVJUaZkpcwcpm2p9LQJiiMQ_8.jpg""]";true
_disrSxzKYlXg5y3zelvPAyl54N4isHxZKkaPkYw;Miu Miu Кроссовки;Стильные кроссовки из новой осенне-зимней коллекции с оригинальным дизайном на двух шнурках. Модель выполнена из премиальной итальянской винтажной кожи с эффектом состаривания, внутри — мягкая кожа ягненка и комфортная латексная стелька.\n\nРазмеры: 35-40.;23000;cn386fag2q87srw;nzg3vsvajpiv1e8;ll3hofpd5wqxr81;Для женщин;"[""https://static.yeezyunique.ru/batches/6cb9ff7b-d813-4394-8e73-aeda5d06a8f2/_disrSxzKYlXg5y3zelvPAyl54N4isHxZKkaPkYw_0.jpg"",""https://static.yeezyunique.ru/batches/6cb9ff7b-d813-4394-8e73-aeda5d06a8f2/_disrSxzKYlXg5y3zelvPAyl54N4isHxZKkaPkYw_1.jpg"",""https://static.yeezyunique.ru/batches/6cb9ff7b-d813-4394-8e73-aeda5d06a8f2/_disrSxzKYlXg5y3zelvPAyl54N4isHxZKkaPkYw_2.jpg"",""https://static.yeezyunique.ru/batches/6cb9ff7b-d813-4394-8e73-aeda5d06a8f2/_disrSxzKYlXg5y3zelvPAyl54N4isHxZKkaPkYw_3.jpg"",""https://static.yeezyunique.ru/batches/6cb9ff7b-d813-4394-8e73-aeda5d06a8f2/_disrSxzKYlXg5y3zelvPAyl54N4isHxZKkaPkYw_4.jpg"",""https://static.yeezyunique.ru/batches/6cb9ff7b-d813-4394-8e73-aeda5d06a8f2/_disrSxzKYlXg5y3zelvPAyl54N4isHxZKkaPkYw_5.jpg"",""https://static.yeezyunique.ru/batches/6cb9ff7b-d813-4394-8e73-aeda5d06a8f2/_disrSxzKYlXg5y3zelvPAyl54N4isHxZKkaPkYw_6.jpg"",""https://static.yeezyunique.ru/batches/6cb9ff7b-d813-4394-8e73-aeda5d06a8f2/_disrSxzKYlXg5y3zelvPAyl54N4isHxZKkaPkYw_7.jpg"",""https://static.yeezyunique.ru/batches/6cb9ff7b-d813-4394-8e73-aeda5d06a8f2/_disrSxzKYlXg5y3zelvPAyl54N4isHxZKkaPkYw_8.jpg""]";true
_dhGrSTFy7ldn5YG0BsXRKLG_iivgoUjV0Hu_pmg;Miu Miu Кроссовки;Стильные кроссовки из новой осенне-зимней коллекции с оригинальным дизайном на двух шнурках. Модель выполнена из премиальной итальянской винтажной кожи с эффектом состаривания, внутри — подкладка из нежной кожи ягненка и комфортная латексная стелька.\n\nРазмеры: 35-40.;23000;cn386fag2q87srw;nzg3vsvajpiv1e8;ll3hofpd5wqxr81;Для женщин;"[""https://static.yeezyunique.ru/batches/6cb9ff7b-d813-4394-8e73-aeda5d06a8f2/_dhGrSTFy7ldn5YG0BsXRKLG_iivgoUjV0Hu_pmg_0.jpg"",""https://static.yeezyunique.ru/batches/6cb9ff7b-d813-4394-8e73-aeda5d06a8f2/_dhGrSTFy7ldn5YG0BsXRKLG_iivgoUjV0Hu_pmg_1.jpg"",""https://static.yeezyunique.ru/batches/6cb9ff7b-d813-4394-8e73-aeda5d06a8f2/_dhGrSTFy7ldn5YG0BsXRKLG_iivgoUjV0Hu_pmg_2.jpg"",""https://static.yeezyunique.ru/batches/6cb9ff7b-d813-4394-8e73-aeda5d06a8f2/_dhGrSTFy7ldn5YG0BsXRKLG_iivgoUjV0Hu_pmg_3.jpg"",""https://static.yeezyunique.ru/batches/6cb9ff7b-d813-4394-8e73-aeda5d06a8f2/_dhGrSTFy7ldn5YG0BsXRKLG_iivgoUjV0Hu_pmg_4.jpg"",""https://static.yeezyunique.ru/batches/6cb9ff7b-d813-4394-8e73-aeda5d06a8f2/_dhGrSTFy7ldn5YG0BsXRKLG_iivgoUjV0Hu_pmg_5.jpg"",""https://static.yeezyunique.ru/batches/6cb9ff7b-d813-4394-8e73-aeda5d06a8f2/_dhGrSTFy7ldn5YG0BsXRKLG_iivgoUjV0Hu_pmg_6.jpg"",""https://static.yeezyunique.ru/batches/6cb9ff7b-d813-4394-8e73-aeda5d06a8f2/_dhGrSTFy7ldn5YG0BsXRKLG_iivgoUjV0Hu_pmg_7.jpg"",""https://static.yeezyunique.ru/batches/6cb9ff7b-d813-4394-8e73-aeda5d06a8f2/_dhGrSTFy7ldn5YG0BsXRKLG_iivgoUjV0Hu_pmg_8.jpg""]";true
_dzFrSN9N7KXQXZzM5dotAdaOVJtxfvzg8N-RkIA;Alexander Wang Кеды;Винтажные кроссовки в стиле немецких тренировочных моделей, сочетающие в себе элегантный силуэт и классический дизайн. Модель выполнена из премиальной итальянской кожи ягненка и замши с подкладкой из натуральной овчины и телячьей кожи, что гарантирует комфорт в течение всего дня.\n\nРазмеры: 35-40.;23000;6i43lc9v5qbua0a;nzg3vsvajpiv1e8;owi4kqmgzy4veqz;Для женщин;"[""https://static.yeezyunique.ru/batches/6cb9ff7b-d813-4394-8e73-aeda5d06a8f2/_dzFrSN9N7KXQXZzM5dotAdaOVJtxfvzg8N-RkIA_0.jpg"",""https://static.yeezyunique.ru/batches/6cb9ff7b-d813-4394-8e73-aeda5d06a8f2/_dzFrSN9N7KXQXZzM5dotAdaOVJtxfvzg8N-RkIA_1.jpg"",""https://static.yeezyunique.ru/batches/6cb9ff7b-d813-4394-8e73-aeda5d06a8f2/_dzFrSN9N7KXQXZzM5dotAdaOVJtxfvzg8N-RkIA_2.jpg"",""https://static.yeezyunique.ru/batches/6cb9ff7b-d813-4394-8e73-aeda5d06a8f2/_dzFrSN9N7KXQXZzM5dotAdaOVJtxfvzg8N-RkIA_3.jpg"",""https://static.yeezyunique.ru/batches/6cb9ff7b-d813-4394-8e73-aeda5d06a8f2/_dzFrSN9N7KXQXZzM5dotAdaOVJtxfvzg8N-RkIA_4.jpg"",""https://static.yeezyunique.ru/batches/6cb9ff7b-d813-4394-8e73-aeda5d06a8f2/_dzFrSN9N7KXQXZzM5dotAdaOVJtxfvzg8N-RkIA_5.jpg"",""https://static.yeezyunique.ru/batches/6cb9ff7b-d813-4394-8e73-aeda5d06a8f2/_dzFrSN9N7KXQXZzM5dotAdaOVJtxfvzg8N-RkIA_6.jpg"",""https://static.yeezyunique.ru/batches/6cb9ff7b-d813-4394-8e73-aeda5d06a8f2/_dzFrSN9N7KXQXZzM5dotAdaOVJtxfvzg8N-RkIA_7.jpg"",""https://static.yeezyunique.ru/batches/6cb9ff7b-d813-4394-8e73-aeda5d06a8f2/_dzFrSN9N7KXQXZzM5dotAdaOVJtxfvzg8N-RkIA_8.jpg""]";true
_dkcrSrBTDhDFAOHGMGSH5Ls5sbIGBBPgpmZ3n3g;Alexander Wang Кроссовки;Винтажные кроссовки в стиле немецких тренировочных моделей, сочетающие в себе элегантность и комфорт для повседневной носки. Верх выполнен из премиальной итальянской кожи ягненка и замши, а внутренняя отделка из мягкой натуральной кожи обеспечивает идеальный микроклимат.\n\nРазмеры: 35-40.;23000;6i43lc9v5qbua0a;nzg3vsvajpiv1e8;owi4kqmgzy4veqz;Для женщин;"[""https://static.yeezyunique.ru/batches/6cb9ff7b-d813-4394-8e73-aeda5d06a8f2/_dkcrSrBTDhDFAOHGMGSH5Ls5sbIGBBPgpmZ3n3g_0.jpg"",""https://static.yeezyunique.ru/batches/6cb9ff7b-d813-4394-8e73-aeda5d06a8f2/_dkcrSrBTDhDFAOHGMGSH5Ls5sbIGBBPgpmZ3n3g_1.jpg"",""https://static.yeezyunique.ru/batches/6cb9ff7b-d813-4394-8e73-aeda5d06a8f2/_dkcrSrBTDhDFAOHGMGSH5Ls5sbIGBBPgpmZ3n3g_2.jpg"",""https://static.yeezyunique.ru/batches/6cb9ff7b-d813-4394-8e73-aeda5d06a8f2/_dkcrSrBTDhDFAOHGMGSH5Ls5sbIGBBPgpmZ3n3g_3.jpg"",""https://static.yeezyunique.ru/batches/6cb9ff7b-d813-4394-8e73-aeda5d06a8f2/_dkcrSrBTDhDFAOHGMGSH5Ls5sbIGBBPgpmZ3n3g_4.jpg"",""https://static.yeezyunique.ru/batches/6cb9ff7b-d813-4394-8e73-aeda5d06a8f2/_dkcrSrBTDhDFAOHGMGSH5Ls5sbIGBBPgpmZ3n3g_5.jpg"",""https://static.yeezyunique.ru/batches/6cb9ff7b-d813-4394-8e73-aeda5d06a8f2/_dkcrSrBTDhDFAOHGMGSH5Ls5sbIGBBPgpmZ3n3g_6.jpg"",""https://static.yeezyunique.ru/batches/6cb9ff7b-d813-4394-8e73-aeda5d06a8f2/_dkcrSrBTDhDFAOHGMGSH5Ls5sbIGBBPgpmZ3n3g_7.jpg"",""https://static.yeezyunique.ru/batches/6cb9ff7b-d813-4394-8e73-aeda5d06a8f2/_dkcrSrBTDhDFAOHGMGSH5Ls5sbIGBBPgpmZ3n3g_8.jpg""]";true
_diZrSOt7e7TO5G0LTJss-nwoFInZgPtiI54fW-g;Alexander Wang Кроссовки;Винтажные кроссовки в стиле немецких тренировочных моделей, сочетающие элегантный силуэт и классический дизайн. Выполнены из премиальной итальянской кожи ягненка и замши с подкладкой из натуральной овчины и телячьей кожи для исключительного комфорта.\n\nРазмеры: 35-40.;23000;6i43lc9v5qbua0a;nzg3vsvajpiv1e8;owi4kqmgzy4veqz;Для женщин;"[""https://static.yeezyunique.ru/batches/6cb9ff7b-d813-4394-8e73-aeda5d06a8f2/_diZrSOt7e7TO5G0LTJss-nwoFInZgPtiI54fW-g_0.jpg"",""https://static.yeezyunique.ru/batches/6cb9ff7b-d813-4394-8e73-aeda5d06a8f2/_diZrSOt7e7TO5G0LTJss-nwoFInZgPtiI54fW-g_1.jpg"",""https://static.yeezyunique.ru/batches/6cb9ff7b-d813-4394-8e73-aeda5d06a8f2/_diZrSOt7e7TO5G0LTJss-nwoFInZgPtiI54fW-g_2.jpg"",""https://static.yeezyunique.ru/batches/6cb9ff7b-d813-4394-8e73-aeda5d06a8f2/_diZrSOt7e7TO5G0LTJss-nwoFInZgPtiI54fW-g_3.jpg"",""https://static.yeezyunique.ru/batches/6cb9ff7b-d813-4394-8e73-aeda5d06a8f2/_diZrSOt7e7TO5G0LTJss-nwoFInZgPtiI54fW-g_4.jpg"",""https://static.yeezyunique.ru/batches/6cb9ff7b-d813-4394-8e73-aeda5d06a8f2/_diZrSOt7e7TO5G0LTJss-nwoFInZgPtiI54fW-g_5.jpg"",""https://static.yeezyunique.ru/batches/6cb9ff7b-d813-4394-8e73-aeda5d06a8f2/_diZrSOt7e7TO5G0LTJss-nwoFInZgPtiI54fW-g_6.jpg"",""https://static.yeezyunique.ru/batches/6cb9ff7b-d813-4394-8e73-aeda5d06a8f2/_diZrSOt7e7TO5G0LTJss-nwoFInZgPtiI54fW-g_7.jpg"",""https://static.yeezyunique.ru/batches/6cb9ff7b-d813-4394-8e73-aeda5d06a8f2/_diZrSOt7e7TO5G0LTJss-nwoFInZgPtiI54fW-g_8.jpg""]";true
_d9krSdnBJusDSt2xMG-9HmpdBEOAJJDcP0BPuwg;Chanel Туфли;Изысканные туфли из ранней весенней коллекции с элегантным круглым мысом. Модель выполнена из премиальной кожи и дополнена крупным декоративным бантом из атласа в контрастном цвете.\n\nРазмеры: 35-40.;23000;3wxtez8ckauz7o1;nzg3vsvajpiv1e8;mect3or5ztq64fc;Для женщин;"[""https://static.yeezyunique.ru/batches/6cb9ff7b-d813-4394-8e73-aeda5d06a8f2/_d9krSdnBJusDSt2xMG-9HmpdBEOAJJDcP0BPuwg_0.jpg"",""https://static.yeezyunique.ru/batches/6cb9ff7b-d813-4394-8e73-aeda5d06a8f2/_d9krSdnBJusDSt2xMG-9HmpdBEOAJJDcP0BPuwg_1.jpg"",""https://static.yeezyunique.ru/batches/6cb9ff7b-d813-4394-8e73-aeda5d06a8f2/_d9krSdnBJusDSt2xMG-9HmpdBEOAJJDcP0BPuwg_2.jpg"",""https://static.yeezyunique.ru/batches/6cb9ff7b-d813-4394-8e73-aeda5d06a8f2/_d9krSdnBJusDSt2xMG-9HmpdBEOAJJDcP0BPuwg_3.jpg"",""https://static.yeezyunique.ru/batches/6cb9ff7b-d813-4394-8e73-aeda5d06a8f2/_d9krSdnBJusDSt2xMG-9HmpdBEOAJJDcP0BPuwg_4.jpg"",""https://static.yeezyunique.ru/batches/6cb9ff7b-d813-4394-8e73-aeda5d06a8f2/_d9krSdnBJusDSt2xMG-9HmpdBEOAJJDcP0BPuwg_5.jpg"",""https://static.yeezyunique.ru/batches/6cb9ff7b-d813-4394-8e73-aeda5d06a8f2/_d9krSdnBJusDSt2xMG-9HmpdBEOAJJDcP0BPuwg_6.jpg"",""https://static.yeezyunique.ru/batches/6cb9ff7b-d813-4394-8e73-aeda5d06a8f2/_d9krSdnBJusDSt2xMG-9HmpdBEOAJJDcP0BPuwg_7.jpg"",""https://static.yeezyunique.ru/batches/6cb9ff7b-d813-4394-8e73-aeda5d06a8f2/_d9krSdnBJusDSt2xMG-9HmpdBEOAJJDcP0BPuwg_8.jpg""]";true
_dmNrSE6lQbEGNWv8etnGytAsCh89TPQTOls8cKA;Louis Vuitton Кроссовки;Стильные кроссовки Rush Xplorer, выполненные из высокотехнологичной сетки с отделкой из премиального нубука. Модель дополнена легкой массивной подошвой, функциональной шнуровкой и фирменными деталями в виде логотипа и канвы Monogram на заднике.\n\nРазмеры: 35-40.;23000;977uh954t91spxq;nzg3vsvajpiv1e8;ll3hofpd5wqxr81;Для женщин;"[""https://static.yeezyunique.ru/batches/6cb9ff7b-d813-4394-8e73-aeda5d06a8f2/_dmNrSE6lQbEGNWv8etnGytAsCh89TPQTOls8cKA_0.jpg"",""https://static.yeezyunique.ru/batches/6cb9ff7b-d813-4394-8e73-aeda5d06a8f2/_dmNrSE6lQbEGNWv8etnGytAsCh89TPQTOls8cKA_1.jpg"",""https://static.yeezyunique.ru/batches/6cb9ff7b-d813-4394-8e73-aeda5d06a8f2/_dmNrSE6lQbEGNWv8etnGytAsCh89TPQTOls8cKA_2.jpg"",""https://static.yeezyunique.ru/batches/6cb9ff7b-d813-4394-8e73-aeda5d06a8f2/_dmNrSE6lQbEGNWv8etnGytAsCh89TPQTOls8cKA_3.jpg"",""https://static.yeezyunique.ru/batches/6cb9ff7b-d813-4394-8e73-aeda5d06a8f2/_dmNrSE6lQbEGNWv8etnGytAsCh89TPQTOls8cKA_4.jpg"",""https://static.yeezyunique.ru/batches/6cb9ff7b-d813-4394-8e73-aeda5d06a8f2/_dmNrSE6lQbEGNWv8etnGytAsCh89TPQTOls8cKA_5.jpg"",""https://static.yeezyunique.ru/batches/6cb9ff7b-d813-4394-8e73-aeda5d06a8f2/_dmNrSE6lQbEGNWv8etnGytAsCh89TPQTOls8cKA_6.jpg"",""https://static.yeezyunique.ru/batches/6cb9ff7b-d813-4394-8e73-aeda5d06a8f2/_dmNrSE6lQbEGNWv8etnGytAsCh89TPQTOls8cKA_7.jpg"",""https://static.yeezyunique.ru/batches/6cb9ff7b-d813-4394-8e73-aeda5d06a8f2/_dmNrSE6lQbEGNWv8etnGytAsCh89TPQTOls8cKA_8.jpg""]";true
_daVrSMRxYtocADFFPVzQngN7D1IAG48ftvVWu5g;Louis Vuitton Кроссовки;Спортивные кроссовки Rush Xplorer, выполненные из высокотехнологичной сетки с отделкой из премиального нубука. Модель дополнена легкой массивной подошвой, функциональной шнуровкой и фирменными деталями, включая логотип на боковой части и вставку из канвы Monogram на пятке.\n\nРазмеры: 35-40.;23000;977uh954t91spxq;nzg3vsvajpiv1e8;ll3hofpd5wqxr81;Для женщин;"[""https://static.yeezyunique.ru/batches/6cb9ff7b-d813-4394-8e73-aeda5d06a8f2/_daVrSMRxYtocADFFPVzQngN7D1IAG48ftvVWu5g_0.jpg"",""https://static.yeezyunique.ru/batches/6cb9ff7b-d813-4394-8e73-aeda5d06a8f2/_daVrSMRxYtocADFFPVzQngN7D1IAG48ftvVWu5g_1.jpg"",""https://static.yeezyunique.ru/batches/6cb9ff7b-d813-4394-8e73-aeda5d06a8f2/_daVrSMRxYtocADFFPVzQngN7D1IAG48ftvVWu5g_2.jpg"",""https://static.yeezyunique.ru/batches/6cb9ff7b-d813-4394-8e73-aeda5d06a8f2/_daVrSMRxYtocADFFPVzQngN7D1IAG48ftvVWu5g_3.jpg"",""https://static.yeezyunique.ru/batches/6cb9ff7b-d813-4394-8e73-aeda5d06a8f2/_daVrSMRxYtocADFFPVzQngN7D1IAG48ftvVWu5g_4.jpg"",""https://static.yeezyunique.ru/batches/6cb9ff7b-d813-4394-8e73-aeda5d06a8f2/_daVrSMRxYtocADFFPVzQngN7D1IAG48ftvVWu5g_5.jpg"",""https://static.yeezyunique.ru/batches/6cb9ff7b-d813-4394-8e73-aeda5d06a8f2/_daVrSMRxYtocADFFPVzQngN7D1IAG48ftvVWu5g_6.jpg"",""https://static.yeezyunique.ru/batches/6cb9ff7b-d813-4394-8e73-aeda5d06a8f2/_daVrSMRxYtocADFFPVzQngN7D1IAG48ftvVWu5g_7.jpg"",""https://static.yeezyunique.ru/batches/6cb9ff7b-d813-4394-8e73-aeda5d06a8f2/_daVrSMRxYtocADFFPVzQngN7D1IAG48ftvVWu5g_8.jpg""]";true
_dxErSz1tK3ZtlPvrhWKlD6yptpY0zEL7eDsZZVw;Loro Piana Туфли;Элегантные туфли из премиальной итальянской замши в нежном абрикосовом оттенке. Модель отличается лаконичным дизайном, который визуально корректирует форму стопы и обеспечивает высокий уровень комфорта.\n\nРазмеры: 35-42.;23000;5f3npdmxcv8f190;nzg3vsvajpiv1e8;mect3or5ztq64fc;Для женщин;"[""https://static.yeezyunique.ru/batches/6cb9ff7b-d813-4394-8e73-aeda5d06a8f2/_dxErSz1tK3ZtlPvrhWKlD6yptpY0zEL7eDsZZVw_0.jpg"",""https://static.yeezyunique.ru/batches/6cb9ff7b-d813-4394-8e73-aeda5d06a8f2/_dxErSz1tK3ZtlPvrhWKlD6yptpY0zEL7eDsZZVw_1.jpg"",""https://static.yeezyunique.ru/batches/6cb9ff7b-d813-4394-8e73-aeda5d06a8f2/_dxErSz1tK3ZtlPvrhWKlD6yptpY0zEL7eDsZZVw_2.jpg"",""https://static.yeezyunique.ru/batches/6cb9ff7b-d813-4394-8e73-aeda5d06a8f2/_dxErSz1tK3ZtlPvrhWKlD6yptpY0zEL7eDsZZVw_3.jpg"",""https://static.yeezyunique.ru/batches/6cb9ff7b-d813-4394-8e73-aeda5d06a8f2/_dxErSz1tK3ZtlPvrhWKlD6yptpY0zEL7eDsZZVw_4.jpg"",""https://static.yeezyunique.ru/batches/6cb9ff7b-d813-4394-8e73-aeda5d06a8f2/_dxErSz1tK3ZtlPvrhWKlD6yptpY0zEL7eDsZZVw_5.jpg"",""https://static.yeezyunique.ru/batches/6cb9ff7b-d813-4394-8e73-aeda5d06a8f2/_dxErSz1tK3ZtlPvrhWKlD6yptpY0zEL7eDsZZVw_6.jpg"",""https://static.yeezyunique.ru/batches/6cb9ff7b-d813-4394-8e73-aeda5d06a8f2/_dxErSz1tK3ZtlPvrhWKlD6yptpY0zEL7eDsZZVw_7.jpg"",""https://static.yeezyunique.ru/batches/6cb9ff7b-d813-4394-8e73-aeda5d06a8f2/_dxErSz1tK3ZtlPvrhWKlD6yptpY0zEL7eDsZZVw_8.jpg""]";true
_dyVrSQjAyaURwVA-OHHvrEhyS27IUd0OegXT3ng;Loro Piana Сандалии;Элегантные сандалии из премиальной итальянской замши. Модель отличается лаконичным дизайном и невероятно мягкой текстурой кожи, обеспечивающей комфорт при носке.\n\nРазмеры: 35-42.;23000;5f3npdmxcv8f190;nzg3vsvajpiv1e8;rbf3iprt2z3owjd;Унисекс;"[""https://static.yeezyunique.ru/batches/6cb9ff7b-d813-4394-8e73-aeda5d06a8f2/_dyVrSQjAyaURwVA-OHHvrEhyS27IUd0OegXT3ng_0.jpg"",""https://static.yeezyunique.ru/batches/6cb9ff7b-d813-4394-8e73-aeda5d06a8f2/_dyVrSQjAyaURwVA-OHHvrEhyS27IUd0OegXT3ng_1.jpg"",""https://static.yeezyunique.ru/batches/6cb9ff7b-d813-4394-8e73-aeda5d06a8f2/_dyVrSQjAyaURwVA-OHHvrEhyS27IUd0OegXT3ng_2.jpg"",""https://static.yeezyunique.ru/batches/6cb9ff7b-d813-4394-8e73-aeda5d06a8f2/_dyVrSQjAyaURwVA-OHHvrEhyS27IUd0OegXT3ng_3.jpg"",""https://static.yeezyunique.ru/batches/6cb9ff7b-d813-4394-8e73-aeda5d06a8f2/_dyVrSQjAyaURwVA-OHHvrEhyS27IUd0OegXT3ng_4.jpg"",""https://static.yeezyunique.ru/batches/6cb9ff7b-d813-4394-8e73-aeda5d06a8f2/_dyVrSQjAyaURwVA-OHHvrEhyS27IUd0OegXT3ng_5.jpg"",""https://static.yeezyunique.ru/batches/6cb9ff7b-d813-4394-8e73-aeda5d06a8f2/_dyVrSQjAyaURwVA-OHHvrEhyS27IUd0OegXT3ng_6.jpg"",""https://static.yeezyunique.ru/batches/6cb9ff7b-d813-4394-8e73-aeda5d06a8f2/_dyVrSQjAyaURwVA-OHHvrEhyS27IUd0OegXT3ng_7.jpg"",""https://static.yeezyunique.ru/batches/6cb9ff7b-d813-4394-8e73-aeda5d06a8f2/_dyVrSQjAyaURwVA-OHHvrEhyS27IUd0OegXT3ng_8.jpg""]";true
_dn1rSn8ghFIfv0aZryC8KhBDNzpHNb_VPnuJR1w;Loro Piana Туфли;Элегантные туфли в оттенке туманно-голубого цвета, выполненные из премиальной итальянской замши. Модель отличается лаконичным дизайном, который визуально корректирует форму стопы и обеспечивает высокий уровень комфорта.\n\nРазмеры: 35-42.;23000;5f3npdmxcv8f190;nzg3vsvajpiv1e8;mect3or5ztq64fc;Для женщин;"[""https://static.yeezyunique.ru/batches/6cb9ff7b-d813-4394-8e73-aeda5d06a8f2/_dn1rSn8ghFIfv0aZryC8KhBDNzpHNb_VPnuJR1w_0.jpg"",""https://static.yeezyunique.ru/batches/6cb9ff7b-d813-4394-8e73-aeda5d06a8f2/_dn1rSn8ghFIfv0aZryC8KhBDNzpHNb_VPnuJR1w_1.jpg"",""https://static.yeezyunique.ru/batches/6cb9ff7b-d813-4394-8e73-aeda5d06a8f2/_dn1rSn8ghFIfv0aZryC8KhBDNzpHNb_VPnuJR1w_2.jpg"",""https://static.yeezyunique.ru/batches/6cb9ff7b-d813-4394-8e73-aeda5d06a8f2/_dn1rSn8ghFIfv0aZryC8KhBDNzpHNb_VPnuJR1w_3.jpg"",""https://static.yeezyunique.ru/batches/6cb9ff7b-d813-4394-8e73-aeda5d06a8f2/_dn1rSn8ghFIfv0aZryC8KhBDNzpHNb_VPnuJR1w_4.jpg"",""https://static.yeezyunique.ru/batches/6cb9ff7b-d813-4394-8e73-aeda5d06a8f2/_dn1rSn8ghFIfv0aZryC8KhBDNzpHNb_VPnuJR1w_5.jpg"",""https://static.yeezyunique.ru/batches/6cb9ff7b-d813-4394-8e73-aeda5d06a8f2/_dn1rSn8ghFIfv0aZryC8KhBDNzpHNb_VPnuJR1w_6.jpg"",""https://static.yeezyunique.ru/batches/6cb9ff7b-d813-4394-8e73-aeda5d06a8f2/_dn1rSn8ghFIfv0aZryC8KhBDNzpHNb_VPnuJR1w_7.jpg"",""https://static.yeezyunique.ru/batches/6cb9ff7b-d813-4394-8e73-aeda5d06a8f2/_dn1rSn8ghFIfv0aZryC8KhBDNzpHNb_VPnuJR1w_8.jpg""]";true
_dpPrSUiZfu1tcK3AUnQIDhgugpZ-zCzwGI1qqqw;Loro Piana Туфли;Элегантные туфли из премиальной итальянской замши в нежном бирюзовом оттенке. Модель отличается лаконичным дизайном, который визуально корректирует форму стопы и обеспечивает высокий уровень комфорта.\n\nРазмеры: 35-42.;23000;5f3npdmxcv8f190;nzg3vsvajpiv1e8;mect3or5ztq64fc;Для женщин;"[""https://static.yeezyunique.ru/batches/6cb9ff7b-d813-4394-8e73-aeda5d06a8f2/_dpPrSUiZfu1tcK3AUnQIDhgugpZ-zCzwGI1qqqw_0.jpg"",""https://static.yeezyunique.ru/batches/6cb9ff7b-d813-4394-8e73-aeda5d06a8f2/_dpPrSUiZfu1tcK3AUnQIDhgugpZ-zCzwGI1qqqw_1.jpg"",""https://static.yeezyunique.ru/batches/6cb9ff7b-d813-4394-8e73-aeda5d06a8f2/_dpPrSUiZfu1tcK3AUnQIDhgugpZ-zCzwGI1qqqw_2.jpg"",""https://static.yeezyunique.ru/batches/6cb9ff7b-d813-4394-8e73-aeda5d06a8f2/_dpPrSUiZfu1tcK3AUnQIDhgugpZ-zCzwGI1qqqw_3.jpg"",""https://static.yeezyunique.ru/batches/6cb9ff7b-d813-4394-8e73-aeda5d06a8f2/_dpPrSUiZfu1tcK3AUnQIDhgugpZ-zCzwGI1qqqw_4.jpg"",""https://static.yeezyunique.ru/batches/6cb9ff7b-d813-4394-8e73-aeda5d06a8f2/_dpPrSUiZfu1tcK3AUnQIDhgugpZ-zCzwGI1qqqw_5.jpg"",""https://static.yeezyunique.ru/batches/6cb9ff7b-d813-4394-8e73-aeda5d06a8f2/_dpPrSUiZfu1tcK3AUnQIDhgugpZ-zCzwGI1qqqw_6.jpg"",""https://static.yeezyunique.ru/batches/6cb9ff7b-d813-4394-8e73-aeda5d06a8f2/_dpPrSUiZfu1tcK3AUnQIDhgugpZ-zCzwGI1qqqw_7.jpg"",""https://static.yeezyunique.ru/batches/6cb9ff7b-d813-4394-8e73-aeda5d06a8f2/_dpPrSUiZfu1tcK3AUnQIDhgugpZ-zCzwGI1qqqw_8.jpg""]";true
_d8ZrSJAZk9YTeOpa3QyeJxmo-eoQo_o4GJDshtg;Loro Piana Туфли;Элегантные туфли из премиальной итальянской замши, отличающиеся лаконичным дизайном и безупречным качеством исполнения. Модель с каблуком высотой 5,5 см визуально корректирует форму стопы и обеспечивает комфорт при носке.\n\nРазмеры: 35-42.;23000;5f3npdmxcv8f190;nzg3vsvajpiv1e8;mect3or5ztq64fc;Для женщин;"[""https://static.yeezyunique.ru/batches/6cb9ff7b-d813-4394-8e73-aeda5d06a8f2/_d8ZrSJAZk9YTeOpa3QyeJxmo-eoQo_o4GJDshtg_0.jpg"",""https://static.yeezyunique.ru/batches/6cb9ff7b-d813-4394-8e73-aeda5d06a8f2/_d8ZrSJAZk9YTeOpa3QyeJxmo-eoQo_o4GJDshtg_1.jpg"",""https://static.yeezyunique.ru/batches/6cb9ff7b-d813-4394-8e73-aeda5d06a8f2/_d8ZrSJAZk9YTeOpa3QyeJxmo-eoQo_o4GJDshtg_2.jpg"",""https://static.yeezyunique.ru/batches/6cb9ff7b-d813-4394-8e73-aeda5d06a8f2/_d8ZrSJAZk9YTeOpa3QyeJxmo-eoQo_o4GJDshtg_3.jpg"",""https://static.yeezyunique.ru/batches/6cb9ff7b-d813-4394-8e73-aeda5d06a8f2/_d8ZrSJAZk9YTeOpa3QyeJxmo-eoQo_o4GJDshtg_4.jpg"",""https://static.yeezyunique.ru/batches/6cb9ff7b-d813-4394-8e73-aeda5d06a8f2/_d8ZrSJAZk9YTeOpa3QyeJxmo-eoQo_o4GJDshtg_5.jpg"",""https://static.yeezyunique.ru/batches/6cb9ff7b-d813-4394-8e73-aeda5d06a8f2/_d8ZrSJAZk9YTeOpa3QyeJxmo-eoQo_o4GJDshtg_6.jpg"",""https://static.yeezyunique.ru/batches/6cb9ff7b-d813-4394-8e73-aeda5d06a8f2/_d8ZrSJAZk9YTeOpa3QyeJxmo-eoQo_o4GJDshtg_7.jpg"",""https://static.yeezyunique.ru/batches/6cb9ff7b-d813-4394-8e73-aeda5d06a8f2/_d8ZrSJAZk9YTeOpa3QyeJxmo-eoQo_o4GJDshtg_8.jpg""]";true
_dxqrSmX9QPpB71CFmz1P9Rtb07cSCRbYuHbZUbw;Loro Piana Туфли;Элегантные туфли из премиальной итальянской замши с изысканной отделкой. Модель отличается лаконичным дизайном, который идеально подчеркивает форму стопы и обеспечивает комфорт при носке.\n\nРазмеры: 35-42.;23000;5f3npdmxcv8f190;nzg3vsvajpiv1e8;mect3or5ztq64fc;Для женщин;"[""https://static.yeezyunique.ru/batches/6cb9ff7b-d813-4394-8e73-aeda5d06a8f2/_dxqrSmX9QPpB71CFmz1P9Rtb07cSCRbYuHbZUbw_0.jpg"",""https://static.yeezyunique.ru/batches/6cb9ff7b-d813-4394-8e73-aeda5d06a8f2/_dxqrSmX9QPpB71CFmz1P9Rtb07cSCRbYuHbZUbw_1.jpg"",""https://static.yeezyunique.ru/batches/6cb9ff7b-d813-4394-8e73-aeda5d06a8f2/_dxqrSmX9QPpB71CFmz1P9Rtb07cSCRbYuHbZUbw_2.jpg"",""https://static.yeezyunique.ru/batches/6cb9ff7b-d813-4394-8e73-aeda5d06a8f2/_dxqrSmX9QPpB71CFmz1P9Rtb07cSCRbYuHbZUbw_3.jpg"",""https://static.yeezyunique.ru/batches/6cb9ff7b-d813-4394-8e73-aeda5d06a8f2/_dxqrSmX9QPpB71CFmz1P9Rtb07cSCRbYuHbZUbw_4.jpg"",""https://static.yeezyunique.ru/batches/6cb9ff7b-d813-4394-8e73-aeda5d06a8f2/_dxqrSmX9QPpB71CFmz1P9Rtb07cSCRbYuHbZUbw_5.jpg"",""https://static.yeezyunique.ru/batches/6cb9ff7b-d813-4394-8e73-aeda5d06a8f2/_dxqrSmX9QPpB71CFmz1P9Rtb07cSCRbYuHbZUbw_6.jpg"",""https://static.yeezyunique.ru/batches/6cb9ff7b-d813-4394-8e73-aeda5d06a8f2/_dxqrSmX9QPpB71CFmz1P9Rtb07cSCRbYuHbZUbw_7.jpg"",""https://static.yeezyunique.ru/batches/6cb9ff7b-d813-4394-8e73-aeda5d06a8f2/_dxqrSmX9QPpB71CFmz1P9Rtb07cSCRbYuHbZUbw_8.jpg""]";true
_d_7rScv404N0WWJ3W_ThS6frXZzfSdVwjr5Lxbw;Loro Piana Туфли;Элегантные сандалии из премиальной итальянской замши в оттенке египетского камня. Модель отличается лаконичным дизайном, который визуально корректирует форму стопы и обеспечивает высокий уровень комфорта.\n\nРазмеры: 35-42.;23000;5f3npdmxcv8f190;nzg3vsvajpiv1e8;mect3or5ztq64fc;Для женщин;"[""https://static.yeezyunique.ru/batches/6cb9ff7b-d813-4394-8e73-aeda5d06a8f2/_d_7rScv404N0WWJ3W_ThS6frXZzfSdVwjr5Lxbw_0.jpg"",""https://static.yeezyunique.ru/batches/6cb9ff7b-d813-4394-8e73-aeda5d06a8f2/_d_7rScv404N0WWJ3W_ThS6frXZzfSdVwjr5Lxbw_1.jpg"",""https://static.yeezyunique.ru/batches/6cb9ff7b-d813-4394-8e73-aeda5d06a8f2/_d_7rScv404N0WWJ3W_ThS6frXZzfSdVwjr5Lxbw_2.jpg"",""https://static.yeezyunique.ru/batches/6cb9ff7b-d813-4394-8e73-aeda5d06a8f2/_d_7rScv404N0WWJ3W_ThS6frXZzfSdVwjr5Lxbw_3.jpg"",""https://static.yeezyunique.ru/batches/6cb9ff7b-d813-4394-8e73-aeda5d06a8f2/_d_7rScv404N0WWJ3W_ThS6frXZzfSdVwjr5Lxbw_4.jpg"",""https://static.yeezyunique.ru/batches/6cb9ff7b-d813-4394-8e73-aeda5d06a8f2/_d_7rScv404N0WWJ3W_ThS6frXZzfSdVwjr5Lxbw_5.jpg"",""https://static.yeezyunique.ru/batches/6cb9ff7b-d813-4394-8e73-aeda5d06a8f2/_d_7rScv404N0WWJ3W_ThS6frXZzfSdVwjr5Lxbw_6.jpg"",""https://static.yeezyunique.ru/batches/6cb9ff7b-d813-4394-8e73-aeda5d06a8f2/_d_7rScv404N0WWJ3W_ThS6frXZzfSdVwjr5Lxbw_7.jpg"",""https://static.yeezyunique.ru/batches/6cb9ff7b-d813-4394-8e73-aeda5d06a8f2/_d_7rScv404N0WWJ3W_ThS6frXZzfSdVwjr5Lxbw_8.jpg""]";true
_dcBrSNCf9TxcRmwB3X7kFgOAOoU90eMC6M-tJ2g;Loro Piana Туфли;Элегантные туфли жемчужно-серого цвета, выполненные из премиальной итальянской замши. Минималистичный дизайн подчеркивает изящество формы и высокое качество натуральных материалов.\n\nРазмеры: 35-42.;23000;5f3npdmxcv8f190;nzg3vsvajpiv1e8;mect3or5ztq64fc;Унисекс;"[""https://static.yeezyunique.ru/batches/6cb9ff7b-d813-4394-8e73-aeda5d06a8f2/_dcBrSNCf9TxcRmwB3X7kFgOAOoU90eMC6M-tJ2g_0.jpg"",""https://static.yeezyunique.ru/batches/6cb9ff7b-d813-4394-8e73-aeda5d06a8f2/_dcBrSNCf9TxcRmwB3X7kFgOAOoU90eMC6M-tJ2g_1.jpg"",""https://static.yeezyunique.ru/batches/6cb9ff7b-d813-4394-8e73-aeda5d06a8f2/_dcBrSNCf9TxcRmwB3X7kFgOAOoU90eMC6M-tJ2g_2.jpg"",""https://static.yeezyunique.ru/batches/6cb9ff7b-d813-4394-8e73-aeda5d06a8f2/_dcBrSNCf9TxcRmwB3X7kFgOAOoU90eMC6M-tJ2g_3.jpg"",""https://static.yeezyunique.ru/batches/6cb9ff7b-d813-4394-8e73-aeda5d06a8f2/_dcBrSNCf9TxcRmwB3X7kFgOAOoU90eMC6M-tJ2g_4.jpg"",""https://static.yeezyunique.ru/batches/6cb9ff7b-d813-4394-8e73-aeda5d06a8f2/_dcBrSNCf9TxcRmwB3X7kFgOAOoU90eMC6M-tJ2g_5.jpg"",""https://static.yeezyunique.ru/batches/6cb9ff7b-d813-4394-8e73-aeda5d06a8f2/_dcBrSNCf9TxcRmwB3X7kFgOAOoU90eMC6M-tJ2g_6.jpg"",""https://static.yeezyunique.ru/batches/6cb9ff7b-d813-4394-8e73-aeda5d06a8f2/_dcBrSNCf9TxcRmwB3X7kFgOAOoU90eMC6M-tJ2g_7.jpg"",""https://static.yeezyunique.ru/batches/6cb9ff7b-d813-4394-8e73-aeda5d06a8f2/_dcBrSNCf9TxcRmwB3X7kFgOAOoU90eMC6M-tJ2g_8.jpg""]";true
_ds8rSc49g1OfimonfQp_j6gm5bvHM4xc1mQwxdA;Loro Piana Туфли;Элегантные туфли в нежном песочно-розовом оттенке, выполненные из премиальной итальянской замши. Модель отличается лаконичным дизайном, который визуально корректирует форму стопы и обеспечивает высокий уровень комфорта.\n\nРазмеры: 35-42.;23000;5f3npdmxcv8f190;nzg3vsvajpiv1e8;mect3or5ztq64fc;Унисекс;"[""https://static.yeezyunique.ru/batches/6cb9ff7b-d813-4394-8e73-aeda5d06a8f2/_ds8rSc49g1OfimonfQp_j6gm5bvHM4xc1mQwxdA_0.jpg"",""https://static.yeezyunique.ru/batches/6cb9ff7b-d813-4394-8e73-aeda5d06a8f2/_ds8rSc49g1OfimonfQp_j6gm5bvHM4xc1mQwxdA_1.jpg"",""https://static.yeezyunique.ru/batches/6cb9ff7b-d813-4394-8e73-aeda5d06a8f2/_ds8rSc49g1OfimonfQp_j6gm5bvHM4xc1mQwxdA_2.jpg"",""https://static.yeezyunique.ru/batches/6cb9ff7b-d813-4394-8e73-aeda5d06a8f2/_ds8rSc49g1OfimonfQp_j6gm5bvHM4xc1mQwxdA_3.jpg"",""https://static.yeezyunique.ru/batches/6cb9ff7b-d813-4394-8e73-aeda5d06a8f2/_ds8rSc49g1OfimonfQp_j6gm5bvHM4xc1mQwxdA_4.jpg"",""https://static.yeezyunique.ru/batches/6cb9ff7b-d813-4394-8e73-aeda5d06a8f2/_ds8rSc49g1OfimonfQp_j6gm5bvHM4xc1mQwxdA_5.jpg"",""https://static.yeezyunique.ru/batches/6cb9ff7b-d813-4394-8e73-aeda5d06a8f2/_ds8rSc49g1OfimonfQp_j6gm5bvHM4xc1mQwxdA_6.jpg"",""https://static.yeezyunique.ru/batches/6cb9ff7b-d813-4394-8e73-aeda5d06a8f2/_ds8rSc49g1OfimonfQp_j6gm5bvHM4xc1mQwxdA_7.jpg"",""https://static.yeezyunique.ru/batches/6cb9ff7b-d813-4394-8e73-aeda5d06a8f2/_ds8rSc49g1OfimonfQp_j6gm5bvHM4xc1mQwxdA_8.jpg""]";true
_dr0rSSGAuNUODMcyxqUGgsOH8lctsVJTj352NRg;Loro Piana Туфли;Элегантные туфли из премиальной итальянской замши в глубоком джинсово-синем оттенке. Модель отличается лаконичным дизайном, который визуально корректирует форму стопы и обеспечивает комфорт при носке.\n\nРазмеры: 35-42.;23000;5f3npdmxcv8f190;nzg3vsvajpiv1e8;mect3or5ztq64fc;Для женщин;"[""https://static.yeezyunique.ru/batches/6cb9ff7b-d813-4394-8e73-aeda5d06a8f2/_dr0rSSGAuNUODMcyxqUGgsOH8lctsVJTj352NRg_0.jpg"",""https://static.yeezyunique.ru/batches/6cb9ff7b-d813-4394-8e73-aeda5d06a8f2/_dr0rSSGAuNUODMcyxqUGgsOH8lctsVJTj352NRg_1.jpg"",""https://static.yeezyunique.ru/batches/6cb9ff7b-d813-4394-8e73-aeda5d06a8f2/_dr0rSSGAuNUODMcyxqUGgsOH8lctsVJTj352NRg_2.jpg"",""https://static.yeezyunique.ru/batches/6cb9ff7b-d813-4394-8e73-aeda5d06a8f2/_dr0rSSGAuNUODMcyxqUGgsOH8lctsVJTj352NRg_3.jpg"",""https://static.yeezyunique.ru/batches/6cb9ff7b-d813-4394-8e73-aeda5d06a8f2/_dr0rSSGAuNUODMcyxqUGgsOH8lctsVJTj352NRg_4.jpg"",""https://static.yeezyunique.ru/batches/6cb9ff7b-d813-4394-8e73-aeda5d06a8f2/_dr0rSSGAuNUODMcyxqUGgsOH8lctsVJTj352NRg_5.jpg"",""https://static.yeezyunique.ru/batches/6cb9ff7b-d813-4394-8e73-aeda5d06a8f2/_dr0rSSGAuNUODMcyxqUGgsOH8lctsVJTj352NRg_6.jpg"",""https://static.yeezyunique.ru/batches/6cb9ff7b-d813-4394-8e73-aeda5d06a8f2/_dr0rSSGAuNUODMcyxqUGgsOH8lctsVJTj352NRg_7.jpg"",""https://static.yeezyunique.ru/batches/6cb9ff7b-d813-4394-8e73-aeda5d06a8f2/_dr0rSSGAuNUODMcyxqUGgsOH8lctsVJTj352NRg_8.jpg""]";true
_d-QrSsPXDjoU27VxMxrzX5puffuSWTtOKdPMcJA;Loro Piana Сандалии;Элегантные сандалии из премиальной итальянской замши, отличающиеся лаконичным дизайном и исключительным комфортом. Мягкая кожа идеально облегает стопу, подчеркивая ее изящество.\n\nРазмеры: 35-42.;23000;5f3npdmxcv8f190;nzg3vsvajpiv1e8;rbf3iprt2z3owjd;Унисекс;"[""https://static.yeezyunique.ru/batches/6cb9ff7b-d813-4394-8e73-aeda5d06a8f2/_d-QrSsPXDjoU27VxMxrzX5puffuSWTtOKdPMcJA_0.jpg"",""https://static.yeezyunique.ru/batches/6cb9ff7b-d813-4394-8e73-aeda5d06a8f2/_d-QrSsPXDjoU27VxMxrzX5puffuSWTtOKdPMcJA_1.jpg"",""https://static.yeezyunique.ru/batches/6cb9ff7b-d813-4394-8e73-aeda5d06a8f2/_d-QrSsPXDjoU27VxMxrzX5puffuSWTtOKdPMcJA_2.jpg"",""https://static.yeezyunique.ru/batches/6cb9ff7b-d813-4394-8e73-aeda5d06a8f2/_d-QrSsPXDjoU27VxMxrzX5puffuSWTtOKdPMcJA_3.jpg"",""https://static.yeezyunique.ru/batches/6cb9ff7b-d813-4394-8e73-aeda5d06a8f2/_d-QrSsPXDjoU27VxMxrzX5puffuSWTtOKdPMcJA_4.jpg"",""https://static.yeezyunique.ru/batches/6cb9ff7b-d813-4394-8e73-aeda5d06a8f2/_d-QrSsPXDjoU27VxMxrzX5puffuSWTtOKdPMcJA_5.jpg"",""https://static.yeezyunique.ru/batches/6cb9ff7b-d813-4394-8e73-aeda5d06a8f2/_d-QrSsPXDjoU27VxMxrzX5puffuSWTtOKdPMcJA_6.jpg"",""https://static.yeezyunique.ru/batches/6cb9ff7b-d813-4394-8e73-aeda5d06a8f2/_d-QrSsPXDjoU27VxMxrzX5puffuSWTtOKdPMcJA_7.jpg"",""https://static.yeezyunique.ru/batches/6cb9ff7b-d813-4394-8e73-aeda5d06a8f2/_d-QrSsPXDjoU27VxMxrzX5puffuSWTtOKdPMcJA_8.jpg""]";true
_dpsrSxmodfTPskm3KQj-p0qFoGNO4OW-NdMjavw;Loro Piana Сандалии;Элегантные сандалии из премиальной итальянской замши, отличающиеся лаконичным дизайном и исключительным комфортом. Мягкая кожа деликатно облегает стопу, подчеркивая ее изящество.\n\nРазмеры: 35-42.;23000;5f3npdmxcv8f190;nzg3vsvajpiv1e8;rbf3iprt2z3owjd;Унисекс;"[""https://static.yeezyunique.ru/batches/6cb9ff7b-d813-4394-8e73-aeda5d06a8f2/_dpsrSxmodfTPskm3KQj-p0qFoGNO4OW-NdMjavw_0.jpg"",""https://static.yeezyunique.ru/batches/6cb9ff7b-d813-4394-8e73-aeda5d06a8f2/_dpsrSxmodfTPskm3KQj-p0qFoGNO4OW-NdMjavw_1.jpg"",""https://static.yeezyunique.ru/batches/6cb9ff7b-d813-4394-8e73-aeda5d06a8f2/_dpsrSxmodfTPskm3KQj-p0qFoGNO4OW-NdMjavw_2.jpg"",""https://static.yeezyunique.ru/batches/6cb9ff7b-d813-4394-8e73-aeda5d06a8f2/_dpsrSxmodfTPskm3KQj-p0qFoGNO4OW-NdMjavw_3.jpg"",""https://static.yeezyunique.ru/batches/6cb9ff7b-d813-4394-8e73-aeda5d06a8f2/_dpsrSxmodfTPskm3KQj-p0qFoGNO4OW-NdMjavw_4.jpg"",""https://static.yeezyunique.ru/batches/6cb9ff7b-d813-4394-8e73-aeda5d06a8f2/_dpsrSxmodfTPskm3KQj-p0qFoGNO4OW-NdMjavw_5.jpg"",""https://static.yeezyunique.ru/batches/6cb9ff7b-d813-4394-8e73-aeda5d06a8f2/_dpsrSxmodfTPskm3KQj-p0qFoGNO4OW-NdMjavw_6.jpg"",""https://static.yeezyunique.ru/batches/6cb9ff7b-d813-4394-8e73-aeda5d06a8f2/_dpsrSxmodfTPskm3KQj-p0qFoGNO4OW-NdMjavw_7.jpg"",""https://static.yeezyunique.ru/batches/6cb9ff7b-d813-4394-8e73-aeda5d06a8f2/_dpsrSxmodfTPskm3KQj-p0qFoGNO4OW-NdMjavw_8.jpg""]";true
_dxPrSAEzCZk4tgsYrBHji_Ra_57YroSn2TIhB5A;Loro Piana Сандалии;Элегантные сандалии из премиальной итальянской замши в нежном серо-голубом оттенке. Минималистичный дизайн подчеркивает изящество формы и высокое качество натуральных материалов.\n\nРазмеры: 35-42.;23000;5f3npdmxcv8f190;nzg3vsvajpiv1e8;rbf3iprt2z3owjd;Унисекс;"[""https://static.yeezyunique.ru/batches/6cb9ff7b-d813-4394-8e73-aeda5d06a8f2/_dxPrSAEzCZk4tgsYrBHji_Ra_57YroSn2TIhB5A_0.jpg"",""https://static.yeezyunique.ru/batches/6cb9ff7b-d813-4394-8e73-aeda5d06a8f2/_dxPrSAEzCZk4tgsYrBHji_Ra_57YroSn2TIhB5A_1.jpg"",""https://static.yeezyunique.ru/batches/6cb9ff7b-d813-4394-8e73-aeda5d06a8f2/_dxPrSAEzCZk4tgsYrBHji_Ra_57YroSn2TIhB5A_2.jpg"",""https://static.yeezyunique.ru/batches/6cb9ff7b-d813-4394-8e73-aeda5d06a8f2/_dxPrSAEzCZk4tgsYrBHji_Ra_57YroSn2TIhB5A_3.jpg"",""https://static.yeezyunique.ru/batches/6cb9ff7b-d813-4394-8e73-aeda5d06a8f2/_dxPrSAEzCZk4tgsYrBHji_Ra_57YroSn2TIhB5A_4.jpg"",""https://static.yeezyunique.ru/batches/6cb9ff7b-d813-4394-8e73-aeda5d06a8f2/_dxPrSAEzCZk4tgsYrBHji_Ra_57YroSn2TIhB5A_5.jpg"",""https://static.yeezyunique.ru/batches/6cb9ff7b-d813-4394-8e73-aeda5d06a8f2/_dxPrSAEzCZk4tgsYrBHji_Ra_57YroSn2TIhB5A_6.jpg"",""https://static.yeezyunique.ru/batches/6cb9ff7b-d813-4394-8e73-aeda5d06a8f2/_dxPrSAEzCZk4tgsYrBHji_Ra_57YroSn2TIhB5A_7.jpg"",""https://static.yeezyunique.ru/batches/6cb9ff7b-d813-4394-8e73-aeda5d06a8f2/_dxPrSAEzCZk4tgsYrBHji_Ra_57YroSn2TIhB5A_8.jpg""]";true
_doCrSj1fLmEjbYYPknjUBQAdAEen_ED-sLQy1EA;Loro Piana Сандалии;Элегантные сандалии жемчужно-серого цвета, выполненные из премиальной итальянской замши. Модель отличается лаконичным дизайном, который идеально подчеркивает форму стопы и обеспечивает комфорт при носке.\n\nРазмеры: 35-42.;23000;5f3npdmxcv8f190;nzg3vsvajpiv1e8;rbf3iprt2z3owjd;Унисекс;"[""https://static.yeezyunique.ru/batches/6cb9ff7b-d813-4394-8e73-aeda5d06a8f2/_doCrSj1fLmEjbYYPknjUBQAdAEen_ED-sLQy1EA_0.jpg"",""https://static.yeezyunique.ru/batches/6cb9ff7b-d813-4394-8e73-aeda5d06a8f2/_doCrSj1fLmEjbYYPknjUBQAdAEen_ED-sLQy1EA_1.jpg"",""https://static.yeezyunique.ru/batches/6cb9ff7b-d813-4394-8e73-aeda5d06a8f2/_doCrSj1fLmEjbYYPknjUBQAdAEen_ED-sLQy1EA_2.jpg"",""https://static.yeezyunique.ru/batches/6cb9ff7b-d813-4394-8e73-aeda5d06a8f2/_doCrSj1fLmEjbYYPknjUBQAdAEen_ED-sLQy1EA_3.jpg"",""https://static.yeezyunique.ru/batches/6cb9ff7b-d813-4394-8e73-aeda5d06a8f2/_doCrSj1fLmEjbYYPknjUBQAdAEen_ED-sLQy1EA_4.jpg"",""https://static.yeezyunique.ru/batches/6cb9ff7b-d813-4394-8e73-aeda5d06a8f2/_doCrSj1fLmEjbYYPknjUBQAdAEen_ED-sLQy1EA_5.jpg"",""https://static.yeezyunique.ru/batches/6cb9ff7b-d813-4394-8e73-aeda5d06a8f2/_doCrSj1fLmEjbYYPknjUBQAdAEen_ED-sLQy1EA_6.jpg"",""https://static.yeezyunique.ru/batches/6cb9ff7b-d813-4394-8e73-aeda5d06a8f2/_doCrSj1fLmEjbYYPknjUBQAdAEen_ED-sLQy1EA_7.jpg"",""https://static.yeezyunique.ru/batches/6cb9ff7b-d813-4394-8e73-aeda5d06a8f2/_doCrSj1fLmEjbYYPknjUBQAdAEen_ED-sLQy1EA_8.jpg""]";true
_dsYrSM86JsT3UXB1zKKNdDk2RSvrqqDqP0CU4eQ;Loro Piana Сандалии;Элегантные сандалии из премиальной итальянской замши, отличающиеся лаконичным дизайном и исключительным комфортом. Мягкая кожа высокого качества идеально облегает стопу, подчеркивая ее изящество.\n\nРазмеры: 35-42.;23000;5f3npdmxcv8f190;nzg3vsvajpiv1e8;rbf3iprt2z3owjd;Унисекс;"[""https://static.yeezyunique.ru/batches/6cb9ff7b-d813-4394-8e73-aeda5d06a8f2/_dsYrSM86JsT3UXB1zKKNdDk2RSvrqqDqP0CU4eQ_0.jpg"",""https://static.yeezyunique.ru/batches/6cb9ff7b-d813-4394-8e73-aeda5d06a8f2/_dsYrSM86JsT3UXB1zKKNdDk2RSvrqqDqP0CU4eQ_1.jpg"",""https://static.yeezyunique.ru/batches/6cb9ff7b-d813-4394-8e73-aeda5d06a8f2/_dsYrSM86JsT3UXB1zKKNdDk2RSvrqqDqP0CU4eQ_2.jpg"",""https://static.yeezyunique.ru/batches/6cb9ff7b-d813-4394-8e73-aeda5d06a8f2/_dsYrSM86JsT3UXB1zKKNdDk2RSvrqqDqP0CU4eQ_3.jpg"",""https://static.yeezyunique.ru/batches/6cb9ff7b-d813-4394-8e73-aeda5d06a8f2/_dsYrSM86JsT3UXB1zKKNdDk2RSvrqqDqP0CU4eQ_4.jpg"",""https://static.yeezyunique.ru/batches/6cb9ff7b-d813-4394-8e73-aeda5d06a8f2/_dsYrSM86JsT3UXB1zKKNdDk2RSvrqqDqP0CU4eQ_5.jpg"",""https://static.yeezyunique.ru/batches/6cb9ff7b-d813-4394-8e73-aeda5d06a8f2/_dsYrSM86JsT3UXB1zKKNdDk2RSvrqqDqP0CU4eQ_6.jpg"",""https://static.yeezyunique.ru/batches/6cb9ff7b-d813-4394-8e73-aeda5d06a8f2/_dsYrSM86JsT3UXB1zKKNdDk2RSvrqqDqP0CU4eQ_7.jpg"",""https://static.yeezyunique.ru/batches/6cb9ff7b-d813-4394-8e73-aeda5d06a8f2/_dsYrSM86JsT3UXB1zKKNdDk2RSvrqqDqP0CU4eQ_8.jpg""]";true
_dmkrS6A5H21hD5nrI8aSPKwAxLVjcPVZEfdq0Xg;Loro Piana Сандалии;Элегантные сандалии из премиальной итальянской замши, отличающиеся лаконичным дизайном и исключительным комфортом. Мягкая кожа идеально облегает стопу, подчеркивая ее изящество.\n\nРазмеры: 35-42.;23000;5f3npdmxcv8f190;nzg3vsvajpiv1e8;rbf3iprt2z3owjd;Унисекс;"[""https://static.yeezyunique.ru/batches/6cb9ff7b-d813-4394-8e73-aeda5d06a8f2/_dmkrS6A5H21hD5nrI8aSPKwAxLVjcPVZEfdq0Xg_0.jpg"",""https://static.yeezyunique.ru/batches/6cb9ff7b-d813-4394-8e73-aeda5d06a8f2/_dmkrS6A5H21hD5nrI8aSPKwAxLVjcPVZEfdq0Xg_1.jpg"",""https://static.yeezyunique.ru/batches/6cb9ff7b-d813-4394-8e73-aeda5d06a8f2/_dmkrS6A5H21hD5nrI8aSPKwAxLVjcPVZEfdq0Xg_2.jpg"",""https://static.yeezyunique.ru/batches/6cb9ff7b-d813-4394-8e73-aeda5d06a8f2/_dmkrS6A5H21hD5nrI8aSPKwAxLVjcPVZEfdq0Xg_3.jpg"",""https://static.yeezyunique.ru/batches/6cb9ff7b-d813-4394-8e73-aeda5d06a8f2/_dmkrS6A5H21hD5nrI8aSPKwAxLVjcPVZEfdq0Xg_4.jpg"",""https://static.yeezyunique.ru/batches/6cb9ff7b-d813-4394-8e73-aeda5d06a8f2/_dmkrS6A5H21hD5nrI8aSPKwAxLVjcPVZEfdq0Xg_5.jpg"",""https://static.yeezyunique.ru/batches/6cb9ff7b-d813-4394-8e73-aeda5d06a8f2/_dmkrS6A5H21hD5nrI8aSPKwAxLVjcPVZEfdq0Xg_6.jpg"",""https://static.yeezyunique.ru/batches/6cb9ff7b-d813-4394-8e73-aeda5d06a8f2/_dmkrS6A5H21hD5nrI8aSPKwAxLVjcPVZEfdq0Xg_7.jpg"",""https://static.yeezyunique.ru/batches/6cb9ff7b-d813-4394-8e73-aeda5d06a8f2/_dmkrS6A5H21hD5nrI8aSPKwAxLVjcPVZEfdq0Xg_8.jpg""]";true
_djErSzdgwlqiDQb39eNJs3DPOjcOuoDNf9NW9Jg;Loro Piana Сандалии;Элегантные сандалии из премиальной итальянской замши в глубоком джинсово-синем оттенке. Минималистичный дизайн подчеркивает изящество формы и высокое качество натуральных материалов.\n\nРазмеры: 35-42.;23000;5f3npdmxcv8f190;nzg3vsvajpiv1e8;rbf3iprt2z3owjd;Унисекс;"[""https://static.yeezyunique.ru/batches/6cb9ff7b-d813-4394-8e73-aeda5d06a8f2/_djErSzdgwlqiDQb39eNJs3DPOjcOuoDNf9NW9Jg_0.jpg"",""https://static.yeezyunique.ru/batches/6cb9ff7b-d813-4394-8e73-aeda5d06a8f2/_djErSzdgwlqiDQb39eNJs3DPOjcOuoDNf9NW9Jg_1.jpg"",""https://static.yeezyunique.ru/batches/6cb9ff7b-d813-4394-8e73-aeda5d06a8f2/_djErSzdgwlqiDQb39eNJs3DPOjcOuoDNf9NW9Jg_2.jpg"",""https://static.yeezyunique.ru/batches/6cb9ff7b-d813-4394-8e73-aeda5d06a8f2/_djErSzdgwlqiDQb39eNJs3DPOjcOuoDNf9NW9Jg_3.jpg"",""https://static.yeezyunique.ru/batches/6cb9ff7b-d813-4394-8e73-aeda5d06a8f2/_djErSzdgwlqiDQb39eNJs3DPOjcOuoDNf9NW9Jg_4.jpg"",""https://static.yeezyunique.ru/batches/6cb9ff7b-d813-4394-8e73-aeda5d06a8f2/_djErSzdgwlqiDQb39eNJs3DPOjcOuoDNf9NW9Jg_5.jpg"",""https://static.yeezyunique.ru/batches/6cb9ff7b-d813-4394-8e73-aeda5d06a8f2/_djErSzdgwlqiDQb39eNJs3DPOjcOuoDNf9NW9Jg_6.jpg"",""https://static.yeezyunique.ru/batches/6cb9ff7b-d813-4394-8e73-aeda5d06a8f2/_djErSzdgwlqiDQb39eNJs3DPOjcOuoDNf9NW9Jg_7.jpg"",""https://static.yeezyunique.ru/batches/6cb9ff7b-d813-4394-8e73-aeda5d06a8f2/_djErSzdgwlqiDQb39eNJs3DPOjcOuoDNf9NW9Jg_8.jpg""]";true
_d9JrS-GG_XYQMK4NrlQtoTNcT8eQdZ0IaeHpuVg;Loro Piana Сандалии;Элегантные сандалии из премиальной итальянской замши, отличающиеся лаконичным дизайном и исключительным комфортом. Мягкая кожа идеально облегает стопу, подчеркивая ее изящество.\n\nРазмеры: 35-42.;23000;5f3npdmxcv8f190;nzg3vsvajpiv1e8;rbf3iprt2z3owjd;Унисекс;"[""https://static.yeezyunique.ru/batches/6cb9ff7b-d813-4394-8e73-aeda5d06a8f2/_d9JrS-GG_XYQMK4NrlQtoTNcT8eQdZ0IaeHpuVg_0.jpg"",""https://static.yeezyunique.ru/batches/6cb9ff7b-d813-4394-8e73-aeda5d06a8f2/_d9JrS-GG_XYQMK4NrlQtoTNcT8eQdZ0IaeHpuVg_1.jpg"",""https://static.yeezyunique.ru/batches/6cb9ff7b-d813-4394-8e73-aeda5d06a8f2/_d9JrS-GG_XYQMK4NrlQtoTNcT8eQdZ0IaeHpuVg_2.jpg"",""https://static.yeezyunique.ru/batches/6cb9ff7b-d813-4394-8e73-aeda5d06a8f2/_d9JrS-GG_XYQMK4NrlQtoTNcT8eQdZ0IaeHpuVg_3.jpg"",""https://static.yeezyunique.ru/batches/6cb9ff7b-d813-4394-8e73-aeda5d06a8f2/_d9JrS-GG_XYQMK4NrlQtoTNcT8eQdZ0IaeHpuVg_4.jpg"",""https://static.yeezyunique.ru/batches/6cb9ff7b-d813-4394-8e73-aeda5d06a8f2/_d9JrS-GG_XYQMK4NrlQtoTNcT8eQdZ0IaeHpuVg_5.jpg"",""https://static.yeezyunique.ru/batches/6cb9ff7b-d813-4394-8e73-aeda5d06a8f2/_d9JrS-GG_XYQMK4NrlQtoTNcT8eQdZ0IaeHpuVg_6.jpg"",""https://static.yeezyunique.ru/batches/6cb9ff7b-d813-4394-8e73-aeda5d06a8f2/_d9JrS-GG_XYQMK4NrlQtoTNcT8eQdZ0IaeHpuVg_7.jpg"",""https://static.yeezyunique.ru/batches/6cb9ff7b-d813-4394-8e73-aeda5d06a8f2/_d9JrS-GG_XYQMK4NrlQtoTNcT8eQdZ0IaeHpuVg_8.jpg""]";true
_dwPrSACbcEfToL8fhW13bjU010VEt5Vzl1sARHA;Loro Piana Кроссовки;Элегантные кроссовки Tennis Walk, выполненные в минималистичном дизайне. Модель изготовлена из премиальной итальянской кожи с очень нежной и гладкой текстурой, дополнена износостойкой резиновой подошвой.\n\nРазмеры: 35-42 (женские), 39-46 (мужские).;23000;5f3npdmxcv8f190;nzg3vsvajpiv1e8;ll3hofpd5wqxr81;Унисекс;"[""https://static.yeezyunique.ru/batches/6cb9ff7b-d813-4394-8e73-aeda5d06a8f2/_dwPrSACbcEfToL8fhW13bjU010VEt5Vzl1sARHA_0.jpg"",""https://static.yeezyunique.ru/batches/6cb9ff7b-d813-4394-8e73-aeda5d06a8f2/_dwPrSACbcEfToL8fhW13bjU010VEt5Vzl1sARHA_1.jpg"",""https://static.yeezyunique.ru/batches/6cb9ff7b-d813-4394-8e73-aeda5d06a8f2/_dwPrSACbcEfToL8fhW13bjU010VEt5Vzl1sARHA_2.jpg"",""https://static.yeezyunique.ru/batches/6cb9ff7b-d813-4394-8e73-aeda5d06a8f2/_dwPrSACbcEfToL8fhW13bjU010VEt5Vzl1sARHA_3.jpg"",""https://static.yeezyunique.ru/batches/6cb9ff7b-d813-4394-8e73-aeda5d06a8f2/_dwPrSACbcEfToL8fhW13bjU010VEt5Vzl1sARHA_4.jpg"",""https://static.yeezyunique.ru/batches/6cb9ff7b-d813-4394-8e73-aeda5d06a8f2/_dwPrSACbcEfToL8fhW13bjU010VEt5Vzl1sARHA_5.jpg"",""https://static.yeezyunique.ru/batches/6cb9ff7b-d813-4394-8e73-aeda5d06a8f2/_dwPrSACbcEfToL8fhW13bjU010VEt5Vzl1sARHA_6.jpg"",""https://static.yeezyunique.ru/batches/6cb9ff7b-d813-4394-8e73-aeda5d06a8f2/_dwPrSACbcEfToL8fhW13bjU010VEt5Vzl1sARHA_7.jpg"",""https://static.yeezyunique.ru/batches/6cb9ff7b-d813-4394-8e73-aeda5d06a8f2/_dwPrSACbcEfToL8fhW13bjU010VEt5Vzl1sARHA_8.jpg""]";true
_dfmrSCmcj5SOrDhWZ7PMeMeYGk1kjR-zUFRW8Tg;Loro Piana Кроссовки;Элегантные кроссовки Tennis Walk, выполненные в минималистичном дизайне, который идеально подчеркивает форму стопы. Модель изготовлена из премиальной итальянской кожи с очень нежной и гладкой текстурой, дополнена износостойкой каучуковой подошвой.\n\nРазмеры: 39-46.;23000;5f3npdmxcv8f190;nzg3vsvajpiv1e8;ll3hofpd5wqxr81;Унисекс;"[""https://static.yeezyunique.ru/batches/6cb9ff7b-d813-4394-8e73-aeda5d06a8f2/_dfmrSCmcj5SOrDhWZ7PMeMeYGk1kjR-zUFRW8Tg_0.jpg"",""https://static.yeezyunique.ru/batches/6cb9ff7b-d813-4394-8e73-aeda5d06a8f2/_dfmrSCmcj5SOrDhWZ7PMeMeYGk1kjR-zUFRW8Tg_1.jpg"",""https://static.yeezyunique.ru/batches/6cb9ff7b-d813-4394-8e73-aeda5d06a8f2/_dfmrSCmcj5SOrDhWZ7PMeMeYGk1kjR-zUFRW8Tg_2.jpg"",""https://static.yeezyunique.ru/batches/6cb9ff7b-d813-4394-8e73-aeda5d06a8f2/_dfmrSCmcj5SOrDhWZ7PMeMeYGk1kjR-zUFRW8Tg_3.jpg"",""https://static.yeezyunique.ru/batches/6cb9ff7b-d813-4394-8e73-aeda5d06a8f2/_dfmrSCmcj5SOrDhWZ7PMeMeYGk1kjR-zUFRW8Tg_4.jpg"",""https://static.yeezyunique.ru/batches/6cb9ff7b-d813-4394-8e73-aeda5d06a8f2/_dfmrSCmcj5SOrDhWZ7PMeMeYGk1kjR-zUFRW8Tg_5.jpg"",""https://static.yeezyunique.ru/batches/6cb9ff7b-d813-4394-8e73-aeda5d06a8f2/_dfmrSCmcj5SOrDhWZ7PMeMeYGk1kjR-zUFRW8Tg_6.jpg"",""https://static.yeezyunique.ru/batches/6cb9ff7b-d813-4394-8e73-aeda5d06a8f2/_dfmrSCmcj5SOrDhWZ7PMeMeYGk1kjR-zUFRW8Tg_7.jpg"",""https://static.yeezyunique.ru/batches/6cb9ff7b-d813-4394-8e73-aeda5d06a8f2/_dfmrSCmcj5SOrDhWZ7PMeMeYGk1kjR-zUFRW8Tg_8.jpg""]";true
_dvOrStqvzuniFIssO80n5jCnooDgCbbPf3qpvYQ;Loro Piana Кроссовки;Элегантные кроссовки Tennis Walk, отличающиеся лаконичным дизайном и безупречной посадкой. Модель выполнена из премиальной итальянской кожи с мелкозернистой текстурой и дополнена износостойкой резиновой подошвой.\n\nРазмеры: 39-46.;23000;5f3npdmxcv8f190;nzg3vsvajpiv1e8;ll3hofpd5wqxr81;Унисекс;"[""https://static.yeezyunique.ru/batches/6cb9ff7b-d813-4394-8e73-aeda5d06a8f2/_dvOrStqvzuniFIssO80n5jCnooDgCbbPf3qpvYQ_0.jpg"",""https://static.yeezyunique.ru/batches/6cb9ff7b-d813-4394-8e73-aeda5d06a8f2/_dvOrStqvzuniFIssO80n5jCnooDgCbbPf3qpvYQ_1.jpg"",""https://static.yeezyunique.ru/batches/6cb9ff7b-d813-4394-8e73-aeda5d06a8f2/_dvOrStqvzuniFIssO80n5jCnooDgCbbPf3qpvYQ_2.jpg"",""https://static.yeezyunique.ru/batches/6cb9ff7b-d813-4394-8e73-aeda5d06a8f2/_dvOrStqvzuniFIssO80n5jCnooDgCbbPf3qpvYQ_3.jpg"",""https://static.yeezyunique.ru/batches/6cb9ff7b-d813-4394-8e73-aeda5d06a8f2/_dvOrStqvzuniFIssO80n5jCnooDgCbbPf3qpvYQ_4.jpg"",""https://static.yeezyunique.ru/batches/6cb9ff7b-d813-4394-8e73-aeda5d06a8f2/_dvOrStqvzuniFIssO80n5jCnooDgCbbPf3qpvYQ_5.jpg"",""https://static.yeezyunique.ru/batches/6cb9ff7b-d813-4394-8e73-aeda5d06a8f2/_dvOrStqvzuniFIssO80n5jCnooDgCbbPf3qpvYQ_6.jpg"",""https://static.yeezyunique.ru/batches/6cb9ff7b-d813-4394-8e73-aeda5d06a8f2/_dvOrStqvzuniFIssO80n5jCnooDgCbbPf3qpvYQ_7.jpg"",""https://static.yeezyunique.ru/batches/6cb9ff7b-d813-4394-8e73-aeda5d06a8f2/_dvOrStqvzuniFIssO80n5jCnooDgCbbPf3qpvYQ_8.jpg""]";true
_djarS07cGUKt5K9nUMildoFB3SXZYYFHmWF8Z3g;Balenciaga Кроссовки;Стильные кроссовки Balenciaga Radar в эффектном черном цвете. Модель выполнена из высококачественных материалов с использованием сложной техники многослойного кроя, обеспечивающей уникальный внешний вид и долговечность.\n\nРазмеры: 35-46 (унисекс, модель большемерит на один размер).;23000;mj2732zh7c7pchi;nzg3vsvajpiv1e8;ll3hofpd5wqxr81;Унисекс;"[""https://static.yeezyunique.ru/batches/6cb9ff7b-d813-4394-8e73-aeda5d06a8f2/_djarS07cGUKt5K9nUMildoFB3SXZYYFHmWF8Z3g_0.jpg"",""https://static.yeezyunique.ru/batches/6cb9ff7b-d813-4394-8e73-aeda5d06a8f2/_djarS07cGUKt5K9nUMildoFB3SXZYYFHmWF8Z3g_1.jpg"",""https://static.yeezyunique.ru/batches/6cb9ff7b-d813-4394-8e73-aeda5d06a8f2/_djarS07cGUKt5K9nUMildoFB3SXZYYFHmWF8Z3g_2.jpg"",""https://static.yeezyunique.ru/batches/6cb9ff7b-d813-4394-8e73-aeda5d06a8f2/_djarS07cGUKt5K9nUMildoFB3SXZYYFHmWF8Z3g_3.jpg"",""https://static.yeezyunique.ru/batches/6cb9ff7b-d813-4394-8e73-aeda5d06a8f2/_djarS07cGUKt5K9nUMildoFB3SXZYYFHmWF8Z3g_4.jpg"",""https://static.yeezyunique.ru/batches/6cb9ff7b-d813-4394-8e73-aeda5d06a8f2/_djarS07cGUKt5K9nUMildoFB3SXZYYFHmWF8Z3g_5.jpg"",""https://static.yeezyunique.ru/batches/6cb9ff7b-d813-4394-8e73-aeda5d06a8f2/_djarS07cGUKt5K9nUMildoFB3SXZYYFHmWF8Z3g_6.jpg"",""https://static.yeezyunique.ru/batches/6cb9ff7b-d813-4394-8e73-aeda5d06a8f2/_djarS07cGUKt5K9nUMildoFB3SXZYYFHmWF8Z3g_7.jpg"",""https://static.yeezyunique.ru/batches/6cb9ff7b-d813-4394-8e73-aeda5d06a8f2/_djarS07cGUKt5K9nUMildoFB3SXZYYFHmWF8Z3g_8.jpg""]";true
_deBrSeAeB2b8M6LPyA3M6wIItjpGoAqiim8xTLQ;Balenciaga Кроссовки;Культовые кроссовки Balenciaga Triple S в эффектной черной расцветке. Модель выполнена из высококачественных материалов с использованием сложной техники многослойного кроя, обеспечивающей уникальный футуристичный силуэт.\n\nРазмеры: 35-46 (унисекс).;23000;mj2732zh7c7pchi;nzg3vsvajpiv1e8;ll3hofpd5wqxr81;Унисекс;"[""https://static.yeezyunique.ru/batches/6cb9ff7b-d813-4394-8e73-aeda5d06a8f2/_deBrSeAeB2b8M6LPyA3M6wIItjpGoAqiim8xTLQ_0.jpg"",""https://static.yeezyunique.ru/batches/6cb9ff7b-d813-4394-8e73-aeda5d06a8f2/_deBrSeAeB2b8M6LPyA3M6wIItjpGoAqiim8xTLQ_1.jpg"",""https://static.yeezyunique.ru/batches/6cb9ff7b-d813-4394-8e73-aeda5d06a8f2/_deBrSeAeB2b8M6LPyA3M6wIItjpGoAqiim8xTLQ_2.jpg"",""https://static.yeezyunique.ru/batches/6cb9ff7b-d813-4394-8e73-aeda5d06a8f2/_deBrSeAeB2b8M6LPyA3M6wIItjpGoAqiim8xTLQ_3.jpg"",""https://static.yeezyunique.ru/batches/6cb9ff7b-d813-4394-8e73-aeda5d06a8f2/_deBrSeAeB2b8M6LPyA3M6wIItjpGoAqiim8xTLQ_4.jpg"",""https://static.yeezyunique.ru/batches/6cb9ff7b-d813-4394-8e73-aeda5d06a8f2/_deBrSeAeB2b8M6LPyA3M6wIItjpGoAqiim8xTLQ_5.jpg"",""https://static.yeezyunique.ru/batches/6cb9ff7b-d813-4394-8e73-aeda5d06a8f2/_deBrSeAeB2b8M6LPyA3M6wIItjpGoAqiim8xTLQ_6.jpg"",""https://static.yeezyunique.ru/batches/6cb9ff7b-d813-4394-8e73-aeda5d06a8f2/_deBrSeAeB2b8M6LPyA3M6wIItjpGoAqiim8xTLQ_7.jpg"",""https://static.yeezyunique.ru/batches/6cb9ff7b-d813-4394-8e73-aeda5d06a8f2/_deBrSeAeB2b8M6LPyA3M6wIItjpGoAqiim8xTLQ_8.jpg""]";true
_dnNrSBHjyb6eRELiSnCbzqoJ1_kWS95IXzGlscw;Balenciaga Кроссовки;Стильные кроссовки Balenciaga Runner с эффектным дизайном и сложной многослойной конструкцией верха. Модель выполнена из высококачественных материалов с вниманием к каждой детали, обеспечивая комфорт и уникальный внешний вид.\n\nРазмеры: 35-40 (женские), 39-46 (мужские).;23000;mj2732zh7c7pchi;nzg3vsvajpiv1e8;ll3hofpd5wqxr81;Унисекс;"[""https://static.yeezyunique.ru/batches/6cb9ff7b-d813-4394-8e73-aeda5d06a8f2/_dnNrSBHjyb6eRELiSnCbzqoJ1_kWS95IXzGlscw_0.jpg"",""https://static.yeezyunique.ru/batches/6cb9ff7b-d813-4394-8e73-aeda5d06a8f2/_dnNrSBHjyb6eRELiSnCbzqoJ1_kWS95IXzGlscw_1.jpg"",""https://static.yeezyunique.ru/batches/6cb9ff7b-d813-4394-8e73-aeda5d06a8f2/_dnNrSBHjyb6eRELiSnCbzqoJ1_kWS95IXzGlscw_2.jpg"",""https://static.yeezyunique.ru/batches/6cb9ff7b-d813-4394-8e73-aeda5d06a8f2/_dnNrSBHjyb6eRELiSnCbzqoJ1_kWS95IXzGlscw_3.jpg"",""https://static.yeezyunique.ru/batches/6cb9ff7b-d813-4394-8e73-aeda5d06a8f2/_dnNrSBHjyb6eRELiSnCbzqoJ1_kWS95IXzGlscw_4.jpg"",""https://static.yeezyunique.ru/batches/6cb9ff7b-d813-4394-8e73-aeda5d06a8f2/_dnNrSBHjyb6eRELiSnCbzqoJ1_kWS95IXzGlscw_5.jpg"",""https://static.yeezyunique.ru/batches/6cb9ff7b-d813-4394-8e73-aeda5d06a8f2/_dnNrSBHjyb6eRELiSnCbzqoJ1_kWS95IXzGlscw_6.jpg"",""https://static.yeezyunique.ru/batches/6cb9ff7b-d813-4394-8e73-aeda5d06a8f2/_dnNrSBHjyb6eRELiSnCbzqoJ1_kWS95IXzGlscw_7.jpg"",""https://static.yeezyunique.ru/batches/6cb9ff7b-d813-4394-8e73-aeda5d06a8f2/_dnNrSBHjyb6eRELiSnCbzqoJ1_kWS95IXzGlscw_8.jpg""]";true
_dhirStDuZi8nw5VNPTUNMcY4h-dKMUxYNscxezw;Balenciaga Кроссовки 3XL;Популярная модель кроссовок 3XL с эффектом визуального увеличения роста и акцентом на стройность ног. Модель выполнена из высококачественного сетчатого материала и полиуретана с характерным эффектом искусственного износа подошвы, фирменным логотипом на мыске и заднике.\n\nРазмеры: 35-46 (унисекс).;23000;mj2732zh7c7pchi;nzg3vsvajpiv1e8;ll3hofpd5wqxr81;Унисекс;"[""https://static.yeezyunique.ru/batches/6cb9ff7b-d813-4394-8e73-aeda5d06a8f2/_dhirStDuZi8nw5VNPTUNMcY4h-dKMUxYNscxezw_0.jpg"",""https://static.yeezyunique.ru/batches/6cb9ff7b-d813-4394-8e73-aeda5d06a8f2/_dhirStDuZi8nw5VNPTUNMcY4h-dKMUxYNscxezw_1.jpg"",""https://static.yeezyunique.ru/batches/6cb9ff7b-d813-4394-8e73-aeda5d06a8f2/_dhirStDuZi8nw5VNPTUNMcY4h-dKMUxYNscxezw_2.jpg"",""https://static.yeezyunique.ru/batches/6cb9ff7b-d813-4394-8e73-aeda5d06a8f2/_dhirStDuZi8nw5VNPTUNMcY4h-dKMUxYNscxezw_3.jpg"",""https://static.yeezyunique.ru/batches/6cb9ff7b-d813-4394-8e73-aeda5d06a8f2/_dhirStDuZi8nw5VNPTUNMcY4h-dKMUxYNscxezw_4.jpg"",""https://static.yeezyunique.ru/batches/6cb9ff7b-d813-4394-8e73-aeda5d06a8f2/_dhirStDuZi8nw5VNPTUNMcY4h-dKMUxYNscxezw_5.jpg"",""https://static.yeezyunique.ru/batches/6cb9ff7b-d813-4394-8e73-aeda5d06a8f2/_dhirStDuZi8nw5VNPTUNMcY4h-dKMUxYNscxezw_6.jpg"",""https://static.yeezyunique.ru/batches/6cb9ff7b-d813-4394-8e73-aeda5d06a8f2/_dhirStDuZi8nw5VNPTUNMcY4h-dKMUxYNscxezw_7.jpg"",""https://static.yeezyunique.ru/batches/6cb9ff7b-d813-4394-8e73-aeda5d06a8f2/_dhirStDuZi8nw5VNPTUNMcY4h-dKMUxYNscxezw_8.jpg""]";true
_do8rScjKRiNZxJESMEIkR0eW2gzBSBFzodwok9w;Balenciaga Кроссовки;Стильные кроссовки Balenciaga Runner 2.0 с эффектным многослойным дизайном. Модель выполнена из высококачественных комбинированных материалов с использованием сложной техники сборки деталей, что обеспечивает долговечность и уникальный внешний вид.\n\nРазмеры: 35-46 (унисекс).;23000;mj2732zh7c7pchi;nzg3vsvajpiv1e8;ll3hofpd5wqxr81;Унисекс;"[""https://static.yeezyunique.ru/batches/6cb9ff7b-d813-4394-8e73-aeda5d06a8f2/_do8rScjKRiNZxJESMEIkR0eW2gzBSBFzodwok9w_0.jpg"",""https://static.yeezyunique.ru/batches/6cb9ff7b-d813-4394-8e73-aeda5d06a8f2/_do8rScjKRiNZxJESMEIkR0eW2gzBSBFzodwok9w_1.jpg"",""https://static.yeezyunique.ru/batches/6cb9ff7b-d813-4394-8e73-aeda5d06a8f2/_do8rScjKRiNZxJESMEIkR0eW2gzBSBFzodwok9w_2.jpg"",""https://static.yeezyunique.ru/batches/6cb9ff7b-d813-4394-8e73-aeda5d06a8f2/_do8rScjKRiNZxJESMEIkR0eW2gzBSBFzodwok9w_3.jpg"",""https://static.yeezyunique.ru/batches/6cb9ff7b-d813-4394-8e73-aeda5d06a8f2/_do8rScjKRiNZxJESMEIkR0eW2gzBSBFzodwok9w_4.jpg"",""https://static.yeezyunique.ru/batches/6cb9ff7b-d813-4394-8e73-aeda5d06a8f2/_do8rScjKRiNZxJESMEIkR0eW2gzBSBFzodwok9w_5.jpg"",""https://static.yeezyunique.ru/batches/6cb9ff7b-d813-4394-8e73-aeda5d06a8f2/_do8rScjKRiNZxJESMEIkR0eW2gzBSBFzodwok9w_6.jpg"",""https://static.yeezyunique.ru/batches/6cb9ff7b-d813-4394-8e73-aeda5d06a8f2/_do8rScjKRiNZxJESMEIkR0eW2gzBSBFzodwok9w_7.jpg"",""https://static.yeezyunique.ru/batches/6cb9ff7b-d813-4394-8e73-aeda5d06a8f2/_do8rScjKRiNZxJESMEIkR0eW2gzBSBFzodwok9w_8.jpg""]";true
_dmarSKZ9hnuHi-lW-z9WP84zQ_fP1Qor0fnq9Nw;Balenciaga Кроссовки 3XL;Популярная модель кроссовок 3XL с эффектным дизайном, который визуально удлиняет ноги. Модель выполнена из высококачественной сетки и полиуретана без использования кожи, дополнена стильным эффектом потертости на подошве и фирменным логотипом бренда.\n\nРазмеры: 35-46 (унисекс).;23000;mj2732zh7c7pchi;nzg3vsvajpiv1e8;ll3hofpd5wqxr81;Унисекс;"[""https://static.yeezyunique.ru/batches/6cb9ff7b-d813-4394-8e73-aeda5d06a8f2/_dmarSKZ9hnuHi-lW-z9WP84zQ_fP1Qor0fnq9Nw_0.jpg"",""https://static.yeezyunique.ru/batches/6cb9ff7b-d813-4394-8e73-aeda5d06a8f2/_dmarSKZ9hnuHi-lW-z9WP84zQ_fP1Qor0fnq9Nw_1.jpg"",""https://static.yeezyunique.ru/batches/6cb9ff7b-d813-4394-8e73-aeda5d06a8f2/_dmarSKZ9hnuHi-lW-z9WP84zQ_fP1Qor0fnq9Nw_2.jpg"",""https://static.yeezyunique.ru/batches/6cb9ff7b-d813-4394-8e73-aeda5d06a8f2/_dmarSKZ9hnuHi-lW-z9WP84zQ_fP1Qor0fnq9Nw_3.jpg"",""https://static.yeezyunique.ru/batches/6cb9ff7b-d813-4394-8e73-aeda5d06a8f2/_dmarSKZ9hnuHi-lW-z9WP84zQ_fP1Qor0fnq9Nw_4.jpg"",""https://static.yeezyunique.ru/batches/6cb9ff7b-d813-4394-8e73-aeda5d06a8f2/_dmarSKZ9hnuHi-lW-z9WP84zQ_fP1Qor0fnq9Nw_5.jpg"",""https://static.yeezyunique.ru/batches/6cb9ff7b-d813-4394-8e73-aeda5d06a8f2/_dmarSKZ9hnuHi-lW-z9WP84zQ_fP1Qor0fnq9Nw_6.jpg"",""https://static.yeezyunique.ru/batches/6cb9ff7b-d813-4394-8e73-aeda5d06a8f2/_dmarSKZ9hnuHi-lW-z9WP84zQ_fP1Qor0fnq9Nw_7.jpg"",""https://static.yeezyunique.ru/batches/6cb9ff7b-d813-4394-8e73-aeda5d06a8f2/_dmarSKZ9hnuHi-lW-z9WP84zQ_fP1Qor0fnq9Nw_8.jpg""]";true
_dsyrSCDmkibtmjgeG3MbVwpjcsZ26AdKN_9UIWA;Balenciaga Кроссовки;Культовые кроссовки Balenciaga Track 1.0 с обновленным дизайном и сложной многослойной конструкцией верха. Модель выполнена из высококачественных материалов, обеспечивающих долговечность и комфорт при повседневной носке.\n\nРазмеры: 35-40 (женские), 39-46 (мужские).;23000;mj2732zh7c7pchi;nzg3vsvajpiv1e8;ll3hofpd5wqxr81;Унисекс;"[""https://static.yeezyunique.ru/batches/6cb9ff7b-d813-4394-8e73-aeda5d06a8f2/_dsyrSCDmkibtmjgeG3MbVwpjcsZ26AdKN_9UIWA_0.jpg"",""https://static.yeezyunique.ru/batches/6cb9ff7b-d813-4394-8e73-aeda5d06a8f2/_dsyrSCDmkibtmjgeG3MbVwpjcsZ26AdKN_9UIWA_1.jpg"",""https://static.yeezyunique.ru/batches/6cb9ff7b-d813-4394-8e73-aeda5d06a8f2/_dsyrSCDmkibtmjgeG3MbVwpjcsZ26AdKN_9UIWA_2.jpg"",""https://static.yeezyunique.ru/batches/6cb9ff7b-d813-4394-8e73-aeda5d06a8f2/_dsyrSCDmkibtmjgeG3MbVwpjcsZ26AdKN_9UIWA_3.jpg"",""https://static.yeezyunique.ru/batches/6cb9ff7b-d813-4394-8e73-aeda5d06a8f2/_dsyrSCDmkibtmjgeG3MbVwpjcsZ26AdKN_9UIWA_4.jpg"",""https://static.yeezyunique.ru/batches/6cb9ff7b-d813-4394-8e73-aeda5d06a8f2/_dsyrSCDmkibtmjgeG3MbVwpjcsZ26AdKN_9UIWA_5.jpg"",""https://static.yeezyunique.ru/batches/6cb9ff7b-d813-4394-8e73-aeda5d06a8f2/_dsyrSCDmkibtmjgeG3MbVwpjcsZ26AdKN_9UIWA_6.jpg"",""https://static.yeezyunique.ru/batches/6cb9ff7b-d813-4394-8e73-aeda5d06a8f2/_dsyrSCDmkibtmjgeG3MbVwpjcsZ26AdKN_9UIWA_7.jpg"",""https://static.yeezyunique.ru/batches/6cb9ff7b-d813-4394-8e73-aeda5d06a8f2/_dsyrSCDmkibtmjgeG3MbVwpjcsZ26AdKN_9UIWA_8.jpg""]";true
_dlvrSZtYxOHXGdexptGtc1rUlOr6fT1Wry3Fz3Q;Balenciaga Кроссовки;Культовые кроссовки Balenciaga Track 1.0 с обновленным дизайном и сложной многослойной конструкцией верха. Модель выполнена из высококачественных материалов, обеспечивающих долговечность и комфорт при повседневной носке.\n\nРазмеры: 35-40 (женские), 39-46 (мужские).;23000;mj2732zh7c7pchi;nzg3vsvajpiv1e8;ll3hofpd5wqxr81;Унисекс;"[""https://static.yeezyunique.ru/batches/6cb9ff7b-d813-4394-8e73-aeda5d06a8f2/_dlvrSZtYxOHXGdexptGtc1rUlOr6fT1Wry3Fz3Q_0.jpg"",""https://static.yeezyunique.ru/batches/6cb9ff7b-d813-4394-8e73-aeda5d06a8f2/_dlvrSZtYxOHXGdexptGtc1rUlOr6fT1Wry3Fz3Q_1.jpg"",""https://static.yeezyunique.ru/batches/6cb9ff7b-d813-4394-8e73-aeda5d06a8f2/_dlvrSZtYxOHXGdexptGtc1rUlOr6fT1Wry3Fz3Q_2.jpg"",""https://static.yeezyunique.ru/batches/6cb9ff7b-d813-4394-8e73-aeda5d06a8f2/_dlvrSZtYxOHXGdexptGtc1rUlOr6fT1Wry3Fz3Q_3.jpg"",""https://static.yeezyunique.ru/batches/6cb9ff7b-d813-4394-8e73-aeda5d06a8f2/_dlvrSZtYxOHXGdexptGtc1rUlOr6fT1Wry3Fz3Q_4.jpg"",""https://static.yeezyunique.ru/batches/6cb9ff7b-d813-4394-8e73-aeda5d06a8f2/_dlvrSZtYxOHXGdexptGtc1rUlOr6fT1Wry3Fz3Q_5.jpg"",""https://static.yeezyunique.ru/batches/6cb9ff7b-d813-4394-8e73-aeda5d06a8f2/_dlvrSZtYxOHXGdexptGtc1rUlOr6fT1Wry3Fz3Q_6.jpg"",""https://static.yeezyunique.ru/batches/6cb9ff7b-d813-4394-8e73-aeda5d06a8f2/_dlvrSZtYxOHXGdexptGtc1rUlOr6fT1Wry3Fz3Q_7.jpg"",""https://static.yeezyunique.ru/batches/6cb9ff7b-d813-4394-8e73-aeda5d06a8f2/_dlvrSZtYxOHXGdexptGtc1rUlOr6fT1Wry3Fz3Q_8.jpg""]";true
_dkTrST3ik3aIw-4i6ks71D6FmN5ZaDuwLkeP-YQ;Balenciaga Кроссовки;Стильные кроссовки Balenciaga Track с обновленным дизайном и сложной многослойной конструкцией верха. Модель выполнена из высококачественных материалов с вниманием к каждой детали, обеспечивая комфорт и уникальный внешний вид.\n\nРазмеры: 35-46.;23000;mj2732zh7c7pchi;nzg3vsvajpiv1e8;ll3hofpd5wqxr81;Унисекс;"[""https://static.yeezyunique.ru/batches/6cb9ff7b-d813-4394-8e73-aeda5d06a8f2/_dkTrST3ik3aIw-4i6ks71D6FmN5ZaDuwLkeP-YQ_0.jpg"",""https://static.yeezyunique.ru/batches/6cb9ff7b-d813-4394-8e73-aeda5d06a8f2/_dkTrST3ik3aIw-4i6ks71D6FmN5ZaDuwLkeP-YQ_1.jpg"",""https://static.yeezyunique.ru/batches/6cb9ff7b-d813-4394-8e73-aeda5d06a8f2/_dkTrST3ik3aIw-4i6ks71D6FmN5ZaDuwLkeP-YQ_2.jpg"",""https://static.yeezyunique.ru/batches/6cb9ff7b-d813-4394-8e73-aeda5d06a8f2/_dkTrST3ik3aIw-4i6ks71D6FmN5ZaDuwLkeP-YQ_3.jpg"",""https://static.yeezyunique.ru/batches/6cb9ff7b-d813-4394-8e73-aeda5d06a8f2/_dkTrST3ik3aIw-4i6ks71D6FmN5ZaDuwLkeP-YQ_4.jpg"",""https://static.yeezyunique.ru/batches/6cb9ff7b-d813-4394-8e73-aeda5d06a8f2/_dkTrST3ik3aIw-4i6ks71D6FmN5ZaDuwLkeP-YQ_5.jpg"",""https://static.yeezyunique.ru/batches/6cb9ff7b-d813-4394-8e73-aeda5d06a8f2/_dkTrST3ik3aIw-4i6ks71D6FmN5ZaDuwLkeP-YQ_6.jpg"",""https://static.yeezyunique.ru/batches/6cb9ff7b-d813-4394-8e73-aeda5d06a8f2/_dkTrST3ik3aIw-4i6ks71D6FmN5ZaDuwLkeP-YQ_7.jpg"",""https://static.yeezyunique.ru/batches/6cb9ff7b-d813-4394-8e73-aeda5d06a8f2/_dkTrST3ik3aIw-4i6ks71D6FmN5ZaDuwLkeP-YQ_8.jpg""]";true
_dbTrS-Ko4VrhsNBPyFVKpc0n_kLdBpN919VXR1g;Balenciaga Кроссовки 3XL;Популярная модель кроссовок 3XL с эффектом визуального увеличения роста и стройности ног. Модель выполнена из высококачественной сетчатой ткани и полиуретана без использования кожи, дополнена стильным эффектом потертости на подошве и фирменным логотипом бренда на мысе и заднике.\n\nРазмеры: 35-42.;23000;mj2732zh7c7pchi;nzg3vsvajpiv1e8;ll3hofpd5wqxr81;Для женщин;"[""https://static.yeezyunique.ru/batches/6cb9ff7b-d813-4394-8e73-aeda5d06a8f2/_dbTrS-Ko4VrhsNBPyFVKpc0n_kLdBpN919VXR1g_0.jpg"",""https://static.yeezyunique.ru/batches/6cb9ff7b-d813-4394-8e73-aeda5d06a8f2/_dbTrS-Ko4VrhsNBPyFVKpc0n_kLdBpN919VXR1g_1.jpg"",""https://static.yeezyunique.ru/batches/6cb9ff7b-d813-4394-8e73-aeda5d06a8f2/_dbTrS-Ko4VrhsNBPyFVKpc0n_kLdBpN919VXR1g_2.jpg"",""https://static.yeezyunique.ru/batches/6cb9ff7b-d813-4394-8e73-aeda5d06a8f2/_dbTrS-Ko4VrhsNBPyFVKpc0n_kLdBpN919VXR1g_3.jpg"",""https://static.yeezyunique.ru/batches/6cb9ff7b-d813-4394-8e73-aeda5d06a8f2/_dbTrS-Ko4VrhsNBPyFVKpc0n_kLdBpN919VXR1g_4.jpg"",""https://static.yeezyunique.ru/batches/6cb9ff7b-d813-4394-8e73-aeda5d06a8f2/_dbTrS-Ko4VrhsNBPyFVKpc0n_kLdBpN919VXR1g_5.jpg"",""https://static.yeezyunique.ru/batches/6cb9ff7b-d813-4394-8e73-aeda5d06a8f2/_dbTrS-Ko4VrhsNBPyFVKpc0n_kLdBpN919VXR1g_6.jpg"",""https://static.yeezyunique.ru/batches/6cb9ff7b-d813-4394-8e73-aeda5d06a8f2/_dbTrS-Ko4VrhsNBPyFVKpc0n_kLdBpN919VXR1g_7.jpg"",""https://static.yeezyunique.ru/batches/6cb9ff7b-d813-4394-8e73-aeda5d06a8f2/_dbTrS-Ko4VrhsNBPyFVKpc0n_kLdBpN919VXR1g_8.jpg""]";true
_dvzrSKCELR2W-FQ4MnZMcWZhO1Aj89qJWWxBFqw;Chanel Шлепанцы;Элегантные шлепанцы из мягкой натуральной кожи ягненка, украшенные фирменным логотипом с кристаллами. Модель выполнена с использованием премиальной итальянской кожи для подошвы, обеспечивающей комфорт и долговечность.\n\nРазмеры: 35-40.;23000;3wxtez8ckauz7o1;nzg3vsvajpiv1e8;rbf3iprt2z3owjd;Для женщин;"[""https://static.yeezyunique.ru/batches/6cb9ff7b-d813-4394-8e73-aeda5d06a8f2/_dvzrSKCELR2W-FQ4MnZMcWZhO1Aj89qJWWxBFqw_0.jpg"",""https://static.yeezyunique.ru/batches/6cb9ff7b-d813-4394-8e73-aeda5d06a8f2/_dvzrSKCELR2W-FQ4MnZMcWZhO1Aj89qJWWxBFqw_1.jpg"",""https://static.yeezyunique.ru/batches/6cb9ff7b-d813-4394-8e73-aeda5d06a8f2/_dvzrSKCELR2W-FQ4MnZMcWZhO1Aj89qJWWxBFqw_2.jpg"",""https://static.yeezyunique.ru/batches/6cb9ff7b-d813-4394-8e73-aeda5d06a8f2/_dvzrSKCELR2W-FQ4MnZMcWZhO1Aj89qJWWxBFqw_3.jpg"",""https://static.yeezyunique.ru/batches/6cb9ff7b-d813-4394-8e73-aeda5d06a8f2/_dvzrSKCELR2W-FQ4MnZMcWZhO1Aj89qJWWxBFqw_4.jpg"",""https://static.yeezyunique.ru/batches/6cb9ff7b-d813-4394-8e73-aeda5d06a8f2/_dvzrSKCELR2W-FQ4MnZMcWZhO1Aj89qJWWxBFqw_5.jpg"",""https://static.yeezyunique.ru/batches/6cb9ff7b-d813-4394-8e73-aeda5d06a8f2/_dvzrSKCELR2W-FQ4MnZMcWZhO1Aj89qJWWxBFqw_6.jpg"",""https://static.yeezyunique.ru/batches/6cb9ff7b-d813-4394-8e73-aeda5d06a8f2/_dvzrSKCELR2W-FQ4MnZMcWZhO1Aj89qJWWxBFqw_7.jpg"",""https://static.yeezyunique.ru/batches/6cb9ff7b-d813-4394-8e73-aeda5d06a8f2/_dvzrSKCELR2W-FQ4MnZMcWZhO1Aj89qJWWxBFqw_8.jpg""]";true
_dv6rSE9wnJgI2plpNeCkulnT9UB8ZwsDUnmcPCQ;Loewe Кроссовки;Коллаборационные кроссовки из серии Cloudsolo, выполненные из высокотехнологичного сетчатого материала и прочного текстиля. Модель оснащена амортизирующей подошвой из комбинации MD и резины для максимального комфорта и легкости при движении.\n\nРазмеры: 36-40 (женские), 39-46 (мужские).;23000;v0xek8wss4meybg;nzg3vsvajpiv1e8;ll3hofpd5wqxr81;Унисекс;"[""https://static.yeezyunique.ru/batches/6cb9ff7b-d813-4394-8e73-aeda5d06a8f2/_dv6rSE9wnJgI2plpNeCkulnT9UB8ZwsDUnmcPCQ_0.jpg"",""https://static.yeezyunique.ru/batches/6cb9ff7b-d813-4394-8e73-aeda5d06a8f2/_dv6rSE9wnJgI2plpNeCkulnT9UB8ZwsDUnmcPCQ_1.jpg"",""https://static.yeezyunique.ru/batches/6cb9ff7b-d813-4394-8e73-aeda5d06a8f2/_dv6rSE9wnJgI2plpNeCkulnT9UB8ZwsDUnmcPCQ_2.jpg"",""https://static.yeezyunique.ru/batches/6cb9ff7b-d813-4394-8e73-aeda5d06a8f2/_dv6rSE9wnJgI2plpNeCkulnT9UB8ZwsDUnmcPCQ_3.jpg"",""https://static.yeezyunique.ru/batches/6cb9ff7b-d813-4394-8e73-aeda5d06a8f2/_dv6rSE9wnJgI2plpNeCkulnT9UB8ZwsDUnmcPCQ_4.jpg"",""https://static.yeezyunique.ru/batches/6cb9ff7b-d813-4394-8e73-aeda5d06a8f2/_dv6rSE9wnJgI2plpNeCkulnT9UB8ZwsDUnmcPCQ_5.jpg"",""https://static.yeezyunique.ru/batches/6cb9ff7b-d813-4394-8e73-aeda5d06a8f2/_dv6rSE9wnJgI2plpNeCkulnT9UB8ZwsDUnmcPCQ_6.jpg"",""https://static.yeezyunique.ru/batches/6cb9ff7b-d813-4394-8e73-aeda5d06a8f2/_dv6rSE9wnJgI2plpNeCkulnT9UB8ZwsDUnmcPCQ_7.jpg"",""https://static.yeezyunique.ru/batches/6cb9ff7b-d813-4394-8e73-aeda5d06a8f2/_dv6rSE9wnJgI2plpNeCkulnT9UB8ZwsDUnmcPCQ_8.jpg""]";true
_dmDrS56h8N9Kidqdl3xhJcEMaC1oH88YfrJh0kQ;Louis Vuitton Кроссовки;Стильные кроссовки с оригинальным объемным дизайном, обеспечивающие непревзойденный комфорт при ходьбе. Модель выполнена из премиальной итальянской замши и высококачественной кожи теленка с подкладкой из натуральной кожи.\n\nРазмеры: 35-40 (женские), 40-45 (мужские).;23000;977uh954t91spxq;nzg3vsvajpiv1e8;ll3hofpd5wqxr81;Унисекс;"[""https://static.yeezyunique.ru/batches/6cb9ff7b-d813-4394-8e73-aeda5d06a8f2/_dmDrS56h8N9Kidqdl3xhJcEMaC1oH88YfrJh0kQ_0.jpg"",""https://static.yeezyunique.ru/batches/6cb9ff7b-d813-4394-8e73-aeda5d06a8f2/_dmDrS56h8N9Kidqdl3xhJcEMaC1oH88YfrJh0kQ_1.jpg"",""https://static.yeezyunique.ru/batches/6cb9ff7b-d813-4394-8e73-aeda5d06a8f2/_dmDrS56h8N9Kidqdl3xhJcEMaC1oH88YfrJh0kQ_2.jpg"",""https://static.yeezyunique.ru/batches/6cb9ff7b-d813-4394-8e73-aeda5d06a8f2/_dmDrS56h8N9Kidqdl3xhJcEMaC1oH88YfrJh0kQ_3.jpg"",""https://static.yeezyunique.ru/batches/6cb9ff7b-d813-4394-8e73-aeda5d06a8f2/_dmDrS56h8N9Kidqdl3xhJcEMaC1oH88YfrJh0kQ_4.jpg"",""https://static.yeezyunique.ru/batches/6cb9ff7b-d813-4394-8e73-aeda5d06a8f2/_dmDrS56h8N9Kidqdl3xhJcEMaC1oH88YfrJh0kQ_5.jpg"",""https://static.yeezyunique.ru/batches/6cb9ff7b-d813-4394-8e73-aeda5d06a8f2/_dmDrS56h8N9Kidqdl3xhJcEMaC1oH88YfrJh0kQ_6.jpg"",""https://static.yeezyunique.ru/batches/6cb9ff7b-d813-4394-8e73-aeda5d06a8f2/_dmDrS56h8N9Kidqdl3xhJcEMaC1oH88YfrJh0kQ_7.jpg"",""https://static.yeezyunique.ru/batches/6cb9ff7b-d813-4394-8e73-aeda5d06a8f2/_dmDrS56h8N9Kidqdl3xhJcEMaC1oH88YfrJh0kQ_8.jpg""]";true
_deyrSQR7aLWxa_L0SeNFTFPTvqZOx7tcNDfXnLw;Saint Laurent Лоферы;Классические лоферы с элегантной отделкой, ставшие воплощением стиля и минимализма. Модель выполнена из премиальной итальянской кожи ягненка и дополнена узнаваемым логотипом YSL.\n\nРазмеры: 35-41.;23000;dvj7fjo7rtb0flc;nzg3vsvajpiv1e8;4pxynbc4fqy6aiu;Для женщин;"[""https://static.yeezyunique.ru/batches/6cb9ff7b-d813-4394-8e73-aeda5d06a8f2/_deyrSQR7aLWxa_L0SeNFTFPTvqZOx7tcNDfXnLw_0.jpg"",""https://static.yeezyunique.ru/batches/6cb9ff7b-d813-4394-8e73-aeda5d06a8f2/_deyrSQR7aLWxa_L0SeNFTFPTvqZOx7tcNDfXnLw_1.jpg"",""https://static.yeezyunique.ru/batches/6cb9ff7b-d813-4394-8e73-aeda5d06a8f2/_deyrSQR7aLWxa_L0SeNFTFPTvqZOx7tcNDfXnLw_2.jpg"",""https://static.yeezyunique.ru/batches/6cb9ff7b-d813-4394-8e73-aeda5d06a8f2/_deyrSQR7aLWxa_L0SeNFTFPTvqZOx7tcNDfXnLw_3.jpg"",""https://static.yeezyunique.ru/batches/6cb9ff7b-d813-4394-8e73-aeda5d06a8f2/_deyrSQR7aLWxa_L0SeNFTFPTvqZOx7tcNDfXnLw_4.jpg"",""https://static.yeezyunique.ru/batches/6cb9ff7b-d813-4394-8e73-aeda5d06a8f2/_deyrSQR7aLWxa_L0SeNFTFPTvqZOx7tcNDfXnLw_5.jpg"",""https://static.yeezyunique.ru/batches/6cb9ff7b-d813-4394-8e73-aeda5d06a8f2/_deyrSQR7aLWxa_L0SeNFTFPTvqZOx7tcNDfXnLw_6.jpg"",""https://static.yeezyunique.ru/batches/6cb9ff7b-d813-4394-8e73-aeda5d06a8f2/_deyrSQR7aLWxa_L0SeNFTFPTvqZOx7tcNDfXnLw_7.jpg"",""https://static.yeezyunique.ru/batches/6cb9ff7b-d813-4394-8e73-aeda5d06a8f2/_deyrSQR7aLWxa_L0SeNFTFPTvqZOx7tcNDfXnLw_8.jpg""]";true
_dpBrS4JFQ-MZiHhrxYsVPV0IpauwKXeJ1jKrs5g;Saint Laurent Лоферы;Классические лоферы с элегантной отделкой, ставшие воплощением стиля и минимализма. Модель выполнена из премиальной итальянской кожи ягненка и дополнена узнаваемым логотипом YSL.\n\nРазмеры: 35-41.;23000;dvj7fjo7rtb0flc;nzg3vsvajpiv1e8;4pxynbc4fqy6aiu;Для женщин;"[""https://static.yeezyunique.ru/batches/6cb9ff7b-d813-4394-8e73-aeda5d06a8f2/_dpBrS4JFQ-MZiHhrxYsVPV0IpauwKXeJ1jKrs5g_0.jpg"",""https://static.yeezyunique.ru/batches/6cb9ff7b-d813-4394-8e73-aeda5d06a8f2/_dpBrS4JFQ-MZiHhrxYsVPV0IpauwKXeJ1jKrs5g_1.jpg"",""https://static.yeezyunique.ru/batches/6cb9ff7b-d813-4394-8e73-aeda5d06a8f2/_dpBrS4JFQ-MZiHhrxYsVPV0IpauwKXeJ1jKrs5g_2.jpg"",""https://static.yeezyunique.ru/batches/6cb9ff7b-d813-4394-8e73-aeda5d06a8f2/_dpBrS4JFQ-MZiHhrxYsVPV0IpauwKXeJ1jKrs5g_3.jpg"",""https://static.yeezyunique.ru/batches/6cb9ff7b-d813-4394-8e73-aeda5d06a8f2/_dpBrS4JFQ-MZiHhrxYsVPV0IpauwKXeJ1jKrs5g_4.jpg"",""https://static.yeezyunique.ru/batches/6cb9ff7b-d813-4394-8e73-aeda5d06a8f2/_dpBrS4JFQ-MZiHhrxYsVPV0IpauwKXeJ1jKrs5g_5.jpg"",""https://static.yeezyunique.ru/batches/6cb9ff7b-d813-4394-8e73-aeda5d06a8f2/_dpBrS4JFQ-MZiHhrxYsVPV0IpauwKXeJ1jKrs5g_6.jpg"",""https://static.yeezyunique.ru/batches/6cb9ff7b-d813-4394-8e73-aeda5d06a8f2/_dpBrS4JFQ-MZiHhrxYsVPV0IpauwKXeJ1jKrs5g_7.jpg"",""https://static.yeezyunique.ru/batches/6cb9ff7b-d813-4394-8e73-aeda5d06a8f2/_dpBrS4JFQ-MZiHhrxYsVPV0IpauwKXeJ1jKrs5g_8.jpg""]";true
_dxArSrgzlE4ezQAwr1cWoUwTZoQcLwcaIdZlRDQ;Saint Laurent Лоферы;Классические лоферы с элегантной отделкой, ставшие воплощением стиля и минимализма. Модель выполнена из премиальной итальянской кожи ягненка и дополнена узнаваемым логотипом YSL.\n\nРазмеры: 35-41.;23000;dvj7fjo7rtb0flc;nzg3vsvajpiv1e8;4pxynbc4fqy6aiu;Для женщин;"[""https://static.yeezyunique.ru/batches/6cb9ff7b-d813-4394-8e73-aeda5d06a8f2/_dxArSrgzlE4ezQAwr1cWoUwTZoQcLwcaIdZlRDQ_0.jpg"",""https://static.yeezyunique.ru/batches/6cb9ff7b-d813-4394-8e73-aeda5d06a8f2/_dxArSrgzlE4ezQAwr1cWoUwTZoQcLwcaIdZlRDQ_1.jpg"",""https://static.yeezyunique.ru/batches/6cb9ff7b-d813-4394-8e73-aeda5d06a8f2/_dxArSrgzlE4ezQAwr1cWoUwTZoQcLwcaIdZlRDQ_2.jpg"",""https://static.yeezyunique.ru/batches/6cb9ff7b-d813-4394-8e73-aeda5d06a8f2/_dxArSrgzlE4ezQAwr1cWoUwTZoQcLwcaIdZlRDQ_3.jpg"",""https://static.yeezyunique.ru/batches/6cb9ff7b-d813-4394-8e73-aeda5d06a8f2/_dxArSrgzlE4ezQAwr1cWoUwTZoQcLwcaIdZlRDQ_4.jpg"",""https://static.yeezyunique.ru/batches/6cb9ff7b-d813-4394-8e73-aeda5d06a8f2/_dxArSrgzlE4ezQAwr1cWoUwTZoQcLwcaIdZlRDQ_5.jpg"",""https://static.yeezyunique.ru/batches/6cb9ff7b-d813-4394-8e73-aeda5d06a8f2/_dxArSrgzlE4ezQAwr1cWoUwTZoQcLwcaIdZlRDQ_6.jpg"",""https://static.yeezyunique.ru/batches/6cb9ff7b-d813-4394-8e73-aeda5d06a8f2/_dxArSrgzlE4ezQAwr1cWoUwTZoQcLwcaIdZlRDQ_7.jpg"",""https://static.yeezyunique.ru/batches/6cb9ff7b-d813-4394-8e73-aeda5d06a8f2/_dxArSrgzlE4ezQAwr1cWoUwTZoQcLwcaIdZlRDQ_8.jpg""]";true
_ddTrSrg1J-8CsFrouQCTbP0u36RSPsbgsV7eoLg;Roger Vivier Туфли;Элегантные туфли на каблуке с обновленной фирменной пряжкой со стразами. Модель выполнена из премиального натурального шелка, включая внутреннюю отделку, и дополнена качественной кожаной подошвой итальянского производства.\n\nРазмеры: 34-39.;23000;4vr4ukv7pdgevuy;nzg3vsvajpiv1e8;mect3or5ztq64fc;Для женщин;"[""https://static.yeezyunique.ru/batches/6cb9ff7b-d813-4394-8e73-aeda5d06a8f2/_ddTrSrg1J-8CsFrouQCTbP0u36RSPsbgsV7eoLg_0.jpg"",""https://static.yeezyunique.ru/batches/6cb9ff7b-d813-4394-8e73-aeda5d06a8f2/_ddTrSrg1J-8CsFrouQCTbP0u36RSPsbgsV7eoLg_1.jpg"",""https://static.yeezyunique.ru/batches/6cb9ff7b-d813-4394-8e73-aeda5d06a8f2/_ddTrSrg1J-8CsFrouQCTbP0u36RSPsbgsV7eoLg_2.jpg"",""https://static.yeezyunique.ru/batches/6cb9ff7b-d813-4394-8e73-aeda5d06a8f2/_ddTrSrg1J-8CsFrouQCTbP0u36RSPsbgsV7eoLg_3.jpg"",""https://static.yeezyunique.ru/batches/6cb9ff7b-d813-4394-8e73-aeda5d06a8f2/_ddTrSrg1J-8CsFrouQCTbP0u36RSPsbgsV7eoLg_4.jpg"",""https://static.yeezyunique.ru/batches/6cb9ff7b-d813-4394-8e73-aeda5d06a8f2/_ddTrSrg1J-8CsFrouQCTbP0u36RSPsbgsV7eoLg_5.jpg"",""https://static.yeezyunique.ru/batches/6cb9ff7b-d813-4394-8e73-aeda5d06a8f2/_ddTrSrg1J-8CsFrouQCTbP0u36RSPsbgsV7eoLg_6.jpg"",""https://static.yeezyunique.ru/batches/6cb9ff7b-d813-4394-8e73-aeda5d06a8f2/_ddTrSrg1J-8CsFrouQCTbP0u36RSPsbgsV7eoLg_7.jpg"",""https://static.yeezyunique.ru/batches/6cb9ff7b-d813-4394-8e73-aeda5d06a8f2/_ddTrSrg1J-8CsFrouQCTbP0u36RSPsbgsV7eoLg_8.jpg""]";true
_dkhrSyjHwnNQh9Vphk5thhS5UVur8sKStz67btQ;Roger Vivier Туфли;Элегантные туфли на каблуке с обновленной фирменной пряжкой со стразами. Модель выполнена из премиального натурального шелка, включая внутреннюю отделку, и дополнена качественной кожаной подошвой итальянского производства.\n\nРазмеры: 34-39.;38000;4vr4ukv7pdgevuy;nzg3vsvajpiv1e8;mect3or5ztq64fc;Для женщин;"[""https://static.yeezyunique.ru/batches/6cb9ff7b-d813-4394-8e73-aeda5d06a8f2/_dkhrSyjHwnNQh9Vphk5thhS5UVur8sKStz67btQ_0.jpg"",""https://static.yeezyunique.ru/batches/6cb9ff7b-d813-4394-8e73-aeda5d06a8f2/_dkhrSyjHwnNQh9Vphk5thhS5UVur8sKStz67btQ_1.jpg"",""https://static.yeezyunique.ru/batches/6cb9ff7b-d813-4394-8e73-aeda5d06a8f2/_dkhrSyjHwnNQh9Vphk5thhS5UVur8sKStz67btQ_2.jpg"",""https://static.yeezyunique.ru/batches/6cb9ff7b-d813-4394-8e73-aeda5d06a8f2/_dkhrSyjHwnNQh9Vphk5thhS5UVur8sKStz67btQ_3.jpg"",""https://static.yeezyunique.ru/batches/6cb9ff7b-d813-4394-8e73-aeda5d06a8f2/_dkhrSyjHwnNQh9Vphk5thhS5UVur8sKStz67btQ_4.jpg"",""https://static.yeezyunique.ru/batches/6cb9ff7b-d813-4394-8e73-aeda5d06a8f2/_dkhrSyjHwnNQh9Vphk5thhS5UVur8sKStz67btQ_5.jpg"",""https://static.yeezyunique.ru/batches/6cb9ff7b-d813-4394-8e73-aeda5d06a8f2/_dkhrSyjHwnNQh9Vphk5thhS5UVur8sKStz67btQ_6.jpg"",""https://static.yeezyunique.ru/batches/6cb9ff7b-d813-4394-8e73-aeda5d06a8f2/_dkhrSyjHwnNQh9Vphk5thhS5UVur8sKStz67btQ_7.jpg"",""https://static.yeezyunique.ru/batches/6cb9ff7b-d813-4394-8e73-aeda5d06a8f2/_dkhrSyjHwnNQh9Vphk5thhS5UVur8sKStz67btQ_8.jpg""]";true
_dsZrSiryjTAoiZO7dxwousnsjWuYIIZdzvZcT9w;Roger Vivier Туфли;Классические туфли с фирменной квадратной пряжкой, которые идеально подчеркивают форму стопы. Модель выполнена из премиальной импортной лакированной кожи, а внутренняя отделка из мягкой кожи ягненка обеспечивает исключительный комфорт при носке.\n\nРазмеры: 35-40.;23000;4vr4ukv7pdgevuy;nzg3vsvajpiv1e8;mect3or5ztq64fc;Для женщин;"[""https://static.yeezyunique.ru/batches/6cb9ff7b-d813-4394-8e73-aeda5d06a8f2/_dsZrSiryjTAoiZO7dxwousnsjWuYIIZdzvZcT9w_0.jpg"",""https://static.yeezyunique.ru/batches/6cb9ff7b-d813-4394-8e73-aeda5d06a8f2/_dsZrSiryjTAoiZO7dxwousnsjWuYIIZdzvZcT9w_1.jpg"",""https://static.yeezyunique.ru/batches/6cb9ff7b-d813-4394-8e73-aeda5d06a8f2/_dsZrSiryjTAoiZO7dxwousnsjWuYIIZdzvZcT9w_2.jpg"",""https://static.yeezyunique.ru/batches/6cb9ff7b-d813-4394-8e73-aeda5d06a8f2/_dsZrSiryjTAoiZO7dxwousnsjWuYIIZdzvZcT9w_3.jpg"",""https://static.yeezyunique.ru/batches/6cb9ff7b-d813-4394-8e73-aeda5d06a8f2/_dsZrSiryjTAoiZO7dxwousnsjWuYIIZdzvZcT9w_4.jpg"",""https://static.yeezyunique.ru/batches/6cb9ff7b-d813-4394-8e73-aeda5d06a8f2/_dsZrSiryjTAoiZO7dxwousnsjWuYIIZdzvZcT9w_5.jpg"",""https://static.yeezyunique.ru/batches/6cb9ff7b-d813-4394-8e73-aeda5d06a8f2/_dsZrSiryjTAoiZO7dxwousnsjWuYIIZdzvZcT9w_6.jpg"",""https://static.yeezyunique.ru/batches/6cb9ff7b-d813-4394-8e73-aeda5d06a8f2/_dsZrSiryjTAoiZO7dxwousnsjWuYIIZdzvZcT9w_7.jpg"",""https://static.yeezyunique.ru/batches/6cb9ff7b-d813-4394-8e73-aeda5d06a8f2/_dsZrSiryjTAoiZO7dxwousnsjWuYIIZdzvZcT9w_8.jpg""]";true
_dwurSKT_YRgRxCIoCjC3lTca37ncPsFKM78Mh0Q;Roger Vivier Туфли;Элегантные туфли из премиального импортного шелка, украшенные фирменной пряжкой с кристаллами Swarovski. Внутренняя отделка выполнена из мягкой анилиновой кожи ягненка, а подошва — из высококачественной итальянской кожи.\n\nРазмеры: 34-39.;23000;4vr4ukv7pdgevuy;nzg3vsvajpiv1e8;mect3or5ztq64fc;Для женщин;"[""https://static.yeezyunique.ru/batches/6cb9ff7b-d813-4394-8e73-aeda5d06a8f2/_dwurSKT_YRgRxCIoCjC3lTca37ncPsFKM78Mh0Q_0.jpg"",""https://static.yeezyunique.ru/batches/6cb9ff7b-d813-4394-8e73-aeda5d06a8f2/_dwurSKT_YRgRxCIoCjC3lTca37ncPsFKM78Mh0Q_1.jpg"",""https://static.yeezyunique.ru/batches/6cb9ff7b-d813-4394-8e73-aeda5d06a8f2/_dwurSKT_YRgRxCIoCjC3lTca37ncPsFKM78Mh0Q_2.jpg"",""https://static.yeezyunique.ru/batches/6cb9ff7b-d813-4394-8e73-aeda5d06a8f2/_dwurSKT_YRgRxCIoCjC3lTca37ncPsFKM78Mh0Q_3.jpg"",""https://static.yeezyunique.ru/batches/6cb9ff7b-d813-4394-8e73-aeda5d06a8f2/_dwurSKT_YRgRxCIoCjC3lTca37ncPsFKM78Mh0Q_4.jpg"",""https://static.yeezyunique.ru/batches/6cb9ff7b-d813-4394-8e73-aeda5d06a8f2/_dwurSKT_YRgRxCIoCjC3lTca37ncPsFKM78Mh0Q_5.jpg"",""https://static.yeezyunique.ru/batches/6cb9ff7b-d813-4394-8e73-aeda5d06a8f2/_dwurSKT_YRgRxCIoCjC3lTca37ncPsFKM78Mh0Q_6.jpg"",""https://static.yeezyunique.ru/batches/6cb9ff7b-d813-4394-8e73-aeda5d06a8f2/_dwurSKT_YRgRxCIoCjC3lTca37ncPsFKM78Mh0Q_7.jpg"",""https://static.yeezyunique.ru/batches/6cb9ff7b-d813-4394-8e73-aeda5d06a8f2/_dwurSKT_YRgRxCIoCjC3lTca37ncPsFKM78Mh0Q_8.jpg""]";true
_dx6rSIXsUMekAs23mPFs-7v5eoBTlV5Gq7jKGfA;Roger Vivier Туфли;Элегантные туфли из премиального импортного шелка, украшенные фирменной пряжкой с кристаллами Swarovski. Внутренняя отделка выполнена из мягкой кожи ягненка, а подошва — из высококачественной итальянской кожи.\n\nРазмеры: 34-39.;23000;4vr4ukv7pdgevuy;nzg3vsvajpiv1e8;mect3or5ztq64fc;Для женщин;"[""https://static.yeezyunique.ru/batches/6cb9ff7b-d813-4394-8e73-aeda5d06a8f2/_dx6rSIXsUMekAs23mPFs-7v5eoBTlV5Gq7jKGfA_0.jpg"",""https://static.yeezyunique.ru/batches/6cb9ff7b-d813-4394-8e73-aeda5d06a8f2/_dx6rSIXsUMekAs23mPFs-7v5eoBTlV5Gq7jKGfA_1.jpg"",""https://static.yeezyunique.ru/batches/6cb9ff7b-d813-4394-8e73-aeda5d06a8f2/_dx6rSIXsUMekAs23mPFs-7v5eoBTlV5Gq7jKGfA_2.jpg"",""https://static.yeezyunique.ru/batches/6cb9ff7b-d813-4394-8e73-aeda5d06a8f2/_dx6rSIXsUMekAs23mPFs-7v5eoBTlV5Gq7jKGfA_3.jpg"",""https://static.yeezyunique.ru/batches/6cb9ff7b-d813-4394-8e73-aeda5d06a8f2/_dx6rSIXsUMekAs23mPFs-7v5eoBTlV5Gq7jKGfA_4.jpg"",""https://static.yeezyunique.ru/batches/6cb9ff7b-d813-4394-8e73-aeda5d06a8f2/_dx6rSIXsUMekAs23mPFs-7v5eoBTlV5Gq7jKGfA_5.jpg"",""https://static.yeezyunique.ru/batches/6cb9ff7b-d813-4394-8e73-aeda5d06a8f2/_dx6rSIXsUMekAs23mPFs-7v5eoBTlV5Gq7jKGfA_6.jpg"",""https://static.yeezyunique.ru/batches/6cb9ff7b-d813-4394-8e73-aeda5d06a8f2/_dx6rSIXsUMekAs23mPFs-7v5eoBTlV5Gq7jKGfA_7.jpg"",""https://static.yeezyunique.ru/batches/6cb9ff7b-d813-4394-8e73-aeda5d06a8f2/_dx6rSIXsUMekAs23mPFs-7v5eoBTlV5Gq7jKGfA_8.jpg""]";true
_d8prSn35OZjEh40LovI4BIQplnfMuWgl4BjpEMg;Roger Vivier Туфли;Элегантные туфли ручной работы, выполненные из премиального импортного шелка с гладкой текстурой. Модель украшена фирменной пряжкой со стразами Swarovski и дополнена подкладкой из натуральной кожи ягненка для исключительного комфорта.\n\nРазмеры: 34-40.;23000;4vr4ukv7pdgevuy;nzg3vsvajpiv1e8;mect3or5ztq64fc;Для женщин;"[""https://static.yeezyunique.ru/batches/6cb9ff7b-d813-4394-8e73-aeda5d06a8f2/_d8prSn35OZjEh40LovI4BIQplnfMuWgl4BjpEMg_0.jpg"",""https://static.yeezyunique.ru/batches/6cb9ff7b-d813-4394-8e73-aeda5d06a8f2/_d8prSn35OZjEh40LovI4BIQplnfMuWgl4BjpEMg_1.jpg"",""https://static.yeezyunique.ru/batches/6cb9ff7b-d813-4394-8e73-aeda5d06a8f2/_d8prSn35OZjEh40LovI4BIQplnfMuWgl4BjpEMg_2.jpg"",""https://static.yeezyunique.ru/batches/6cb9ff7b-d813-4394-8e73-aeda5d06a8f2/_d8prSn35OZjEh40LovI4BIQplnfMuWgl4BjpEMg_3.jpg"",""https://static.yeezyunique.ru/batches/6cb9ff7b-d813-4394-8e73-aeda5d06a8f2/_d8prSn35OZjEh40LovI4BIQplnfMuWgl4BjpEMg_4.jpg"",""https://static.yeezyunique.ru/batches/6cb9ff7b-d813-4394-8e73-aeda5d06a8f2/_d8prSn35OZjEh40LovI4BIQplnfMuWgl4BjpEMg_5.jpg"",""https://static.yeezyunique.ru/batches/6cb9ff7b-d813-4394-8e73-aeda5d06a8f2/_d8prSn35OZjEh40LovI4BIQplnfMuWgl4BjpEMg_6.jpg"",""https://static.yeezyunique.ru/batches/6cb9ff7b-d813-4394-8e73-aeda5d06a8f2/_d8prSn35OZjEh40LovI4BIQplnfMuWgl4BjpEMg_7.jpg"",""https://static.yeezyunique.ru/batches/6cb9ff7b-d813-4394-8e73-aeda5d06a8f2/_d8prSn35OZjEh40LovI4BIQplnfMuWgl4BjpEMg_8.jpg""]";true
_dgDrSJFJvzQ9FFsQs0akULJ60YCmsCTUrJCWMlw;Roger Vivier Туфли;Элегантные туфли ручной работы, выполненные из премиального импортного шелка с гладкой текстурой. Модель украшена фирменной пряжкой со стразами Swarovski, а внутренняя отделка из натуральной кожи ягненка обеспечивает исключительный комфорт при носке.\n\nРазмеры: 34-40.;23000;4vr4ukv7pdgevuy;nzg3vsvajpiv1e8;mect3or5ztq64fc;Для женщин;"[""https://static.yeezyunique.ru/batches/6cb9ff7b-d813-4394-8e73-aeda5d06a8f2/_dgDrSJFJvzQ9FFsQs0akULJ60YCmsCTUrJCWMlw_0.jpg"",""https://static.yeezyunique.ru/batches/6cb9ff7b-d813-4394-8e73-aeda5d06a8f2/_dgDrSJFJvzQ9FFsQs0akULJ60YCmsCTUrJCWMlw_1.jpg"",""https://static.yeezyunique.ru/batches/6cb9ff7b-d813-4394-8e73-aeda5d06a8f2/_dgDrSJFJvzQ9FFsQs0akULJ60YCmsCTUrJCWMlw_2.jpg"",""https://static.yeezyunique.ru/batches/6cb9ff7b-d813-4394-8e73-aeda5d06a8f2/_dgDrSJFJvzQ9FFsQs0akULJ60YCmsCTUrJCWMlw_3.jpg"",""https://static.yeezyunique.ru/batches/6cb9ff7b-d813-4394-8e73-aeda5d06a8f2/_dgDrSJFJvzQ9FFsQs0akULJ60YCmsCTUrJCWMlw_4.jpg"",""https://static.yeezyunique.ru/batches/6cb9ff7b-d813-4394-8e73-aeda5d06a8f2/_dgDrSJFJvzQ9FFsQs0akULJ60YCmsCTUrJCWMlw_5.jpg"",""https://static.yeezyunique.ru/batches/6cb9ff7b-d813-4394-8e73-aeda5d06a8f2/_dgDrSJFJvzQ9FFsQs0akULJ60YCmsCTUrJCWMlw_6.jpg"",""https://static.yeezyunique.ru/batches/6cb9ff7b-d813-4394-8e73-aeda5d06a8f2/_dgDrSJFJvzQ9FFsQs0akULJ60YCmsCTUrJCWMlw_7.jpg"",""https://static.yeezyunique.ru/batches/6cb9ff7b-d813-4394-8e73-aeda5d06a8f2/_dgDrSJFJvzQ9FFsQs0akULJ60YCmsCTUrJCWMlw_8.jpg""]";true
_dbYrSXzfvii-URc323IZ7wq8uYO4-vZu0gIp-fw;Chanel Кроссовки;Стильные кроссовки в классической черно-белой расцветке с фирменным стеганым дизайном. Модель выполнена из премиальной итальянской телячьей кожи и высококачественной замши с подкладкой из натуральной кожи для максимального комфорта.\n\nРазмеры: 35-40.;23000;3wxtez8ckauz7o1;nzg3vsvajpiv1e8;ll3hofpd5wqxr81;Для женщин;"[""https://static.yeezyunique.ru/batches/6cb9ff7b-d813-4394-8e73-aeda5d06a8f2/_dbYrSXzfvii-URc323IZ7wq8uYO4-vZu0gIp-fw_0.jpg"",""https://static.yeezyunique.ru/batches/6cb9ff7b-d813-4394-8e73-aeda5d06a8f2/_dbYrSXzfvii-URc323IZ7wq8uYO4-vZu0gIp-fw_1.jpg"",""https://static.yeezyunique.ru/batches/6cb9ff7b-d813-4394-8e73-aeda5d06a8f2/_dbYrSXzfvii-URc323IZ7wq8uYO4-vZu0gIp-fw_2.jpg"",""https://static.yeezyunique.ru/batches/6cb9ff7b-d813-4394-8e73-aeda5d06a8f2/_dbYrSXzfvii-URc323IZ7wq8uYO4-vZu0gIp-fw_3.jpg"",""https://static.yeezyunique.ru/batches/6cb9ff7b-d813-4394-8e73-aeda5d06a8f2/_dbYrSXzfvii-URc323IZ7wq8uYO4-vZu0gIp-fw_4.jpg"",""https://static.yeezyunique.ru/batches/6cb9ff7b-d813-4394-8e73-aeda5d06a8f2/_dbYrSXzfvii-URc323IZ7wq8uYO4-vZu0gIp-fw_5.jpg"",""https://static.yeezyunique.ru/batches/6cb9ff7b-d813-4394-8e73-aeda5d06a8f2/_dbYrSXzfvii-URc323IZ7wq8uYO4-vZu0gIp-fw_6.jpg"",""https://static.yeezyunique.ru/batches/6cb9ff7b-d813-4394-8e73-aeda5d06a8f2/_dbYrSXzfvii-URc323IZ7wq8uYO4-vZu0gIp-fw_7.jpg"",""https://static.yeezyunique.ru/batches/6cb9ff7b-d813-4394-8e73-aeda5d06a8f2/_dbYrSXzfvii-URc323IZ7wq8uYO4-vZu0gIp-fw_8.jpg""]";true
_deYrSRr4fn27Cd97rMKc68RtNeLLfrWKu5gt7NQ;Chanel Кроссовки;Стильные кроссовки в классической черно-белой расцветке с фирменным стеганым дизайном. Модель выполнена из премиальной итальянской телячьей кожи и высококачественной замши с подкладкой из натуральной кожи для максимального комфорта.\n\nРазмеры: 35-40.;23000;3wxtez8ckauz7o1;nzg3vsvajpiv1e8;ll3hofpd5wqxr81;Для женщин;"[""https://static.yeezyunique.ru/batches/6cb9ff7b-d813-4394-8e73-aeda5d06a8f2/_deYrSRr4fn27Cd97rMKc68RtNeLLfrWKu5gt7NQ_0.jpg"",""https://static.yeezyunique.ru/batches/6cb9ff7b-d813-4394-8e73-aeda5d06a8f2/_deYrSRr4fn27Cd97rMKc68RtNeLLfrWKu5gt7NQ_1.jpg"",""https://static.yeezyunique.ru/batches/6cb9ff7b-d813-4394-8e73-aeda5d06a8f2/_deYrSRr4fn27Cd97rMKc68RtNeLLfrWKu5gt7NQ_2.jpg"",""https://static.yeezyunique.ru/batches/6cb9ff7b-d813-4394-8e73-aeda5d06a8f2/_deYrSRr4fn27Cd97rMKc68RtNeLLfrWKu5gt7NQ_3.jpg"",""https://static.yeezyunique.ru/batches/6cb9ff7b-d813-4394-8e73-aeda5d06a8f2/_deYrSRr4fn27Cd97rMKc68RtNeLLfrWKu5gt7NQ_4.jpg"",""https://static.yeezyunique.ru/batches/6cb9ff7b-d813-4394-8e73-aeda5d06a8f2/_deYrSRr4fn27Cd97rMKc68RtNeLLfrWKu5gt7NQ_5.jpg"",""https://static.yeezyunique.ru/batches/6cb9ff7b-d813-4394-8e73-aeda5d06a8f2/_deYrSRr4fn27Cd97rMKc68RtNeLLfrWKu5gt7NQ_6.jpg"",""https://static.yeezyunique.ru/batches/6cb9ff7b-d813-4394-8e73-aeda5d06a8f2/_deYrSRr4fn27Cd97rMKc68RtNeLLfrWKu5gt7NQ_7.jpg"",""https://static.yeezyunique.ru/batches/6cb9ff7b-d813-4394-8e73-aeda5d06a8f2/_deYrSRr4fn27Cd97rMKc68RtNeLLfrWKu5gt7NQ_8.jpg""]";true
_dxYrS6iBvxjX6ZiZsag8u6yeWAunFOaFazS6KTg;Fendi Кроссовки;Стильные кроссовки из серии F-Light, сочетающие в себе спортивную функциональность и элементы высокой моды. Модель выполнена из комбинации премиальной телячьей кожи, замши и сетчатого текстиля с подкладкой из мягкой кожи ягненка, обеспечивающей легкость и комфорт.\n\nРазмеры: 35-40.;23000;kxb3v0730w6mnyn;nzg3vsvajpiv1e8;ll3hofpd5wqxr81;Для женщин;"[""https://static.yeezyunique.ru/batches/6cb9ff7b-d813-4394-8e73-aeda5d06a8f2/_dxYrS6iBvxjX6ZiZsag8u6yeWAunFOaFazS6KTg_0.jpg"",""https://static.yeezyunique.ru/batches/6cb9ff7b-d813-4394-8e73-aeda5d06a8f2/_dxYrS6iBvxjX6ZiZsag8u6yeWAunFOaFazS6KTg_1.jpg"",""https://static.yeezyunique.ru/batches/6cb9ff7b-d813-4394-8e73-aeda5d06a8f2/_dxYrS6iBvxjX6ZiZsag8u6yeWAunFOaFazS6KTg_2.jpg"",""https://static.yeezyunique.ru/batches/6cb9ff7b-d813-4394-8e73-aeda5d06a8f2/_dxYrS6iBvxjX6ZiZsag8u6yeWAunFOaFazS6KTg_3.jpg"",""https://static.yeezyunique.ru/batches/6cb9ff7b-d813-4394-8e73-aeda5d06a8f2/_dxYrS6iBvxjX6ZiZsag8u6yeWAunFOaFazS6KTg_4.jpg"",""https://static.yeezyunique.ru/batches/6cb9ff7b-d813-4394-8e73-aeda5d06a8f2/_dxYrS6iBvxjX6ZiZsag8u6yeWAunFOaFazS6KTg_5.jpg"",""https://static.yeezyunique.ru/batches/6cb9ff7b-d813-4394-8e73-aeda5d06a8f2/_dxYrS6iBvxjX6ZiZsag8u6yeWAunFOaFazS6KTg_6.jpg"",""https://static.yeezyunique.ru/batches/6cb9ff7b-d813-4394-8e73-aeda5d06a8f2/_dxYrS6iBvxjX6ZiZsag8u6yeWAunFOaFazS6KTg_7.jpg"",""https://static.yeezyunique.ru/batches/6cb9ff7b-d813-4394-8e73-aeda5d06a8f2/_dxYrS6iBvxjX6ZiZsag8u6yeWAunFOaFazS6KTg_8.jpg""]";true
_dk9rS_IWBCaaL4LYZpgZahHxf9qrxT0HU28t6pw;Maison Margiela Сандалии;Элегантные сандалии с культовым раздвоенным носком Tabi. Модель выполнена из премиальной итальянской лакированной кожи с подкладкой из нежной кожи ягненка и дополнена износостойкой подошвой из натуральной кожи класса А.\n\nРазмеры: 35-40.;23000;j2146e3hgo0c6z7;nzg3vsvajpiv1e8;rbf3iprt2z3owjd;Для женщин;"[""https://static.yeezyunique.ru/batches/6cb9ff7b-d813-4394-8e73-aeda5d06a8f2/_dk9rS_IWBCaaL4LYZpgZahHxf9qrxT0HU28t6pw_0.jpg"",""https://static.yeezyunique.ru/batches/6cb9ff7b-d813-4394-8e73-aeda5d06a8f2/_dk9rS_IWBCaaL4LYZpgZahHxf9qrxT0HU28t6pw_1.jpg"",""https://static.yeezyunique.ru/batches/6cb9ff7b-d813-4394-8e73-aeda5d06a8f2/_dk9rS_IWBCaaL4LYZpgZahHxf9qrxT0HU28t6pw_2.jpg"",""https://static.yeezyunique.ru/batches/6cb9ff7b-d813-4394-8e73-aeda5d06a8f2/_dk9rS_IWBCaaL4LYZpgZahHxf9qrxT0HU28t6pw_3.jpg"",""https://static.yeezyunique.ru/batches/6cb9ff7b-d813-4394-8e73-aeda5d06a8f2/_dk9rS_IWBCaaL4LYZpgZahHxf9qrxT0HU28t6pw_4.jpg"",""https://static.yeezyunique.ru/batches/6cb9ff7b-d813-4394-8e73-aeda5d06a8f2/_dk9rS_IWBCaaL4LYZpgZahHxf9qrxT0HU28t6pw_5.jpg"",""https://static.yeezyunique.ru/batches/6cb9ff7b-d813-4394-8e73-aeda5d06a8f2/_dk9rS_IWBCaaL4LYZpgZahHxf9qrxT0HU28t6pw_6.jpg"",""https://static.yeezyunique.ru/batches/6cb9ff7b-d813-4394-8e73-aeda5d06a8f2/_dk9rS_IWBCaaL4LYZpgZahHxf9qrxT0HU28t6pw_7.jpg"",""https://static.yeezyunique.ru/batches/6cb9ff7b-d813-4394-8e73-aeda5d06a8f2/_dk9rS_IWBCaaL4LYZpgZahHxf9qrxT0HU28t6pw_8.jpg""]";true
_dBMrSydkKbOMlRrlGBQHRvYn2-r9KRwQLXdsW1g;Maison Margiela Сандалии;Элегантные сандалии с культовым разделенным носком Tabi, которые сочетают в себе комфорт и уникальный стиль. Модель выполнена из премиальной итальянской лакированной кожи с подкладкой из нежной кожи ягненка и дополнена качественной кожаной подошвой.\n\nРазмеры: 35-40.;23000;j2146e3hgo0c6z7;nzg3vsvajpiv1e8;rbf3iprt2z3owjd;Для женщин;"[""https://static.yeezyunique.ru/batches/6cb9ff7b-d813-4394-8e73-aeda5d06a8f2/_dBMrSydkKbOMlRrlGBQHRvYn2-r9KRwQLXdsW1g_0.jpg"",""https://static.yeezyunique.ru/batches/6cb9ff7b-d813-4394-8e73-aeda5d06a8f2/_dBMrSydkKbOMlRrlGBQHRvYn2-r9KRwQLXdsW1g_1.jpg"",""https://static.yeezyunique.ru/batches/6cb9ff7b-d813-4394-8e73-aeda5d06a8f2/_dBMrSydkKbOMlRrlGBQHRvYn2-r9KRwQLXdsW1g_2.jpg"",""https://static.yeezyunique.ru/batches/6cb9ff7b-d813-4394-8e73-aeda5d06a8f2/_dBMrSydkKbOMlRrlGBQHRvYn2-r9KRwQLXdsW1g_3.jpg"",""https://static.yeezyunique.ru/batches/6cb9ff7b-d813-4394-8e73-aeda5d06a8f2/_dBMrSydkKbOMlRrlGBQHRvYn2-r9KRwQLXdsW1g_4.jpg"",""https://static.yeezyunique.ru/batches/6cb9ff7b-d813-4394-8e73-aeda5d06a8f2/_dBMrSydkKbOMlRrlGBQHRvYn2-r9KRwQLXdsW1g_5.jpg"",""https://static.yeezyunique.ru/batches/6cb9ff7b-d813-4394-8e73-aeda5d06a8f2/_dBMrSydkKbOMlRrlGBQHRvYn2-r9KRwQLXdsW1g_6.jpg"",""https://static.yeezyunique.ru/batches/6cb9ff7b-d813-4394-8e73-aeda5d06a8f2/_dBMrSydkKbOMlRrlGBQHRvYn2-r9KRwQLXdsW1g_7.jpg"",""https://static.yeezyunique.ru/batches/6cb9ff7b-d813-4394-8e73-aeda5d06a8f2/_dBMrSydkKbOMlRrlGBQHRvYn2-r9KRwQLXdsW1g_8.jpg""]";true
_d8brSr8RKlNS-dUohDT4tn51bYt3sPDmnbQ03-w;Hermes Туфли;Классические туфли на небольшом каблуке от Hermes. Модель выполнена из премиальной натуральной телячьей кожи с использованием высококачественной итальянской кожи для подошвы.\n\nРазмеры: 35-40.;23000;rakg8u0bx1y4qcy;nzg3vsvajpiv1e8;mect3or5ztq64fc;Для женщин;"[""https://static.yeezyunique.ru/batches/6cb9ff7b-d813-4394-8e73-aeda5d06a8f2/_d8brSr8RKlNS-dUohDT4tn51bYt3sPDmnbQ03-w_0.jpg"",""https://static.yeezyunique.ru/batches/6cb9ff7b-d813-4394-8e73-aeda5d06a8f2/_d8brSr8RKlNS-dUohDT4tn51bYt3sPDmnbQ03-w_1.jpg"",""https://static.yeezyunique.ru/batches/6cb9ff7b-d813-4394-8e73-aeda5d06a8f2/_d8brSr8RKlNS-dUohDT4tn51bYt3sPDmnbQ03-w_2.jpg"",""https://static.yeezyunique.ru/batches/6cb9ff7b-d813-4394-8e73-aeda5d06a8f2/_d8brSr8RKlNS-dUohDT4tn51bYt3sPDmnbQ03-w_3.jpg"",""https://static.yeezyunique.ru/batches/6cb9ff7b-d813-4394-8e73-aeda5d06a8f2/_d8brSr8RKlNS-dUohDT4tn51bYt3sPDmnbQ03-w_4.jpg"",""https://static.yeezyunique.ru/batches/6cb9ff7b-d813-4394-8e73-aeda5d06a8f2/_d8brSr8RKlNS-dUohDT4tn51bYt3sPDmnbQ03-w_5.jpg"",""https://static.yeezyunique.ru/batches/6cb9ff7b-d813-4394-8e73-aeda5d06a8f2/_d8brSr8RKlNS-dUohDT4tn51bYt3sPDmnbQ03-w_6.jpg"",""https://static.yeezyunique.ru/batches/6cb9ff7b-d813-4394-8e73-aeda5d06a8f2/_d8brSr8RKlNS-dUohDT4tn51bYt3sPDmnbQ03-w_7.jpg"",""https://static.yeezyunique.ru/batches/6cb9ff7b-d813-4394-8e73-aeda5d06a8f2/_d8brSr8RKlNS-dUohDT4tn51bYt3sPDmnbQ03-w_8.jpg""]";true
_diyrSS1MtzuV8WR5o8fYlSIWdZQ8BI7GlO51Uaw;Chanel Туфли;Элегантные туфли с острым мысом, украшенные жемчугом и культовым логотипом CC. Модель выполнена из премиальной итальянской зернистой кожи ягненка и атласа, дополнена качественной кожаной подошвой.\n\nРазмеры: 35-40.;23000;3wxtez8ckauz7o1;nzg3vsvajpiv1e8;mect3or5ztq64fc;Для женщин;"[""https://static.yeezyunique.ru/batches/6cb9ff7b-d813-4394-8e73-aeda5d06a8f2/_diyrSS1MtzuV8WR5o8fYlSIWdZQ8BI7GlO51Uaw_0.jpg"",""https://static.yeezyunique.ru/batches/6cb9ff7b-d813-4394-8e73-aeda5d06a8f2/_diyrSS1MtzuV8WR5o8fYlSIWdZQ8BI7GlO51Uaw_1.jpg"",""https://static.yeezyunique.ru/batches/6cb9ff7b-d813-4394-8e73-aeda5d06a8f2/_diyrSS1MtzuV8WR5o8fYlSIWdZQ8BI7GlO51Uaw_2.jpg"",""https://static.yeezyunique.ru/batches/6cb9ff7b-d813-4394-8e73-aeda5d06a8f2/_diyrSS1MtzuV8WR5o8fYlSIWdZQ8BI7GlO51Uaw_3.jpg"",""https://static.yeezyunique.ru/batches/6cb9ff7b-d813-4394-8e73-aeda5d06a8f2/_diyrSS1MtzuV8WR5o8fYlSIWdZQ8BI7GlO51Uaw_4.jpg"",""https://static.yeezyunique.ru/batches/6cb9ff7b-d813-4394-8e73-aeda5d06a8f2/_diyrSS1MtzuV8WR5o8fYlSIWdZQ8BI7GlO51Uaw_5.jpg"",""https://static.yeezyunique.ru/batches/6cb9ff7b-d813-4394-8e73-aeda5d06a8f2/_diyrSS1MtzuV8WR5o8fYlSIWdZQ8BI7GlO51Uaw_6.jpg"",""https://static.yeezyunique.ru/batches/6cb9ff7b-d813-4394-8e73-aeda5d06a8f2/_diyrSS1MtzuV8WR5o8fYlSIWdZQ8BI7GlO51Uaw_7.jpg"",""https://static.yeezyunique.ru/batches/6cb9ff7b-d813-4394-8e73-aeda5d06a8f2/_diyrSS1MtzuV8WR5o8fYlSIWdZQ8BI7GlO51Uaw_8.jpg""]";true
_dd3rS4D0W7d6QF17WTpLDSRkmc7ezbq4X4uC9Og;Chanel Туфли;Элегантные туфли Мэри Джейн с изящным ремешком, выполненные из премиальной импортной кожи ягненка с нежной и дышащей подкладкой. Модель дополнена декоративной пряжкой с сияющими стразами и качественной подошвой из натуральной кожи.\n\nРазмеры: 35-40.;23000;3wxtez8ckauz7o1;nzg3vsvajpiv1e8;mect3or5ztq64fc;Для женщин;"[""https://static.yeezyunique.ru/batches/6cb9ff7b-d813-4394-8e73-aeda5d06a8f2/_dd3rS4D0W7d6QF17WTpLDSRkmc7ezbq4X4uC9Og_0.jpg"",""https://static.yeezyunique.ru/batches/6cb9ff7b-d813-4394-8e73-aeda5d06a8f2/_dd3rS4D0W7d6QF17WTpLDSRkmc7ezbq4X4uC9Og_1.jpg"",""https://static.yeezyunique.ru/batches/6cb9ff7b-d813-4394-8e73-aeda5d06a8f2/_dd3rS4D0W7d6QF17WTpLDSRkmc7ezbq4X4uC9Og_2.jpg"",""https://static.yeezyunique.ru/batches/6cb9ff7b-d813-4394-8e73-aeda5d06a8f2/_dd3rS4D0W7d6QF17WTpLDSRkmc7ezbq4X4uC9Og_3.jpg"",""https://static.yeezyunique.ru/batches/6cb9ff7b-d813-4394-8e73-aeda5d06a8f2/_dd3rS4D0W7d6QF17WTpLDSRkmc7ezbq4X4uC9Og_4.jpg"",""https://static.yeezyunique.ru/batches/6cb9ff7b-d813-4394-8e73-aeda5d06a8f2/_dd3rS4D0W7d6QF17WTpLDSRkmc7ezbq4X4uC9Og_5.jpg"",""https://static.yeezyunique.ru/batches/6cb9ff7b-d813-4394-8e73-aeda5d06a8f2/_dd3rS4D0W7d6QF17WTpLDSRkmc7ezbq4X4uC9Og_6.jpg"",""https://static.yeezyunique.ru/batches/6cb9ff7b-d813-4394-8e73-aeda5d06a8f2/_dd3rS4D0W7d6QF17WTpLDSRkmc7ezbq4X4uC9Og_7.jpg"",""https://static.yeezyunique.ru/batches/6cb9ff7b-d813-4394-8e73-aeda5d06a8f2/_dd3rS4D0W7d6QF17WTpLDSRkmc7ezbq4X4uC9Og_8.jpg""]";true
_dwBrSPZy6QuBM6MUYL6HMVVUOFT7S40PAWxh42Q;Chanel Туфли;Элегантные туфли с декоративным бантом, выполненные из мягкой и нежной кожи ягненка премиального качества. Внутренняя отделка и стелька также изготовлены из натуральной кожи, что обеспечивает отличную воздухопроницаемость и комфорт при носке.\n\nРазмеры: 35-40.;23000;3wxtez8ckauz7o1;nzg3vsvajpiv1e8;mect3or5ztq64fc;Для женщин;"[""https://static.yeezyunique.ru/batches/6cb9ff7b-d813-4394-8e73-aeda5d06a8f2/_dwBrSPZy6QuBM6MUYL6HMVVUOFT7S40PAWxh42Q_0.jpg"",""https://static.yeezyunique.ru/batches/6cb9ff7b-d813-4394-8e73-aeda5d06a8f2/_dwBrSPZy6QuBM6MUYL6HMVVUOFT7S40PAWxh42Q_1.jpg"",""https://static.yeezyunique.ru/batches/6cb9ff7b-d813-4394-8e73-aeda5d06a8f2/_dwBrSPZy6QuBM6MUYL6HMVVUOFT7S40PAWxh42Q_2.jpg"",""https://static.yeezyunique.ru/batches/6cb9ff7b-d813-4394-8e73-aeda5d06a8f2/_dwBrSPZy6QuBM6MUYL6HMVVUOFT7S40PAWxh42Q_3.jpg"",""https://static.yeezyunique.ru/batches/6cb9ff7b-d813-4394-8e73-aeda5d06a8f2/_dwBrSPZy6QuBM6MUYL6HMVVUOFT7S40PAWxh42Q_4.jpg"",""https://static.yeezyunique.ru/batches/6cb9ff7b-d813-4394-8e73-aeda5d06a8f2/_dwBrSPZy6QuBM6MUYL6HMVVUOFT7S40PAWxh42Q_5.jpg"",""https://static.yeezyunique.ru/batches/6cb9ff7b-d813-4394-8e73-aeda5d06a8f2/_dwBrSPZy6QuBM6MUYL6HMVVUOFT7S40PAWxh42Q_6.jpg"",""https://static.yeezyunique.ru/batches/6cb9ff7b-d813-4394-8e73-aeda5d06a8f2/_dwBrSPZy6QuBM6MUYL6HMVVUOFT7S40PAWxh42Q_7.jpg"",""https://static.yeezyunique.ru/batches/6cb9ff7b-d813-4394-8e73-aeda5d06a8f2/_dwBrSPZy6QuBM6MUYL6HMVVUOFT7S40PAWxh42Q_8.jpg""]";true
_dadrSeI0D_bPan-TptXKMi-9vbYD9Tu23lP3tdA;Hermes Туфли;Элегантные туфли Мэри Джейн с изысканной перфорацией. Модель выполнена из мягкой кожи наппа с подкладкой из премиальной кожи ягненка и дополнена качественной кожаной подошвой.\n\nРазмеры: 35-40.;23000;rakg8u0bx1y4qcy;nzg3vsvajpiv1e8;mect3or5ztq64fc;Для женщин;"[""https://static.yeezyunique.ru/batches/6cb9ff7b-d813-4394-8e73-aeda5d06a8f2/_dadrSeI0D_bPan-TptXKMi-9vbYD9Tu23lP3tdA_0.jpg"",""https://static.yeezyunique.ru/batches/6cb9ff7b-d813-4394-8e73-aeda5d06a8f2/_dadrSeI0D_bPan-TptXKMi-9vbYD9Tu23lP3tdA_1.jpg"",""https://static.yeezyunique.ru/batches/6cb9ff7b-d813-4394-8e73-aeda5d06a8f2/_dadrSeI0D_bPan-TptXKMi-9vbYD9Tu23lP3tdA_2.jpg"",""https://static.yeezyunique.ru/batches/6cb9ff7b-d813-4394-8e73-aeda5d06a8f2/_dadrSeI0D_bPan-TptXKMi-9vbYD9Tu23lP3tdA_3.jpg"",""https://static.yeezyunique.ru/batches/6cb9ff7b-d813-4394-8e73-aeda5d06a8f2/_dadrSeI0D_bPan-TptXKMi-9vbYD9Tu23lP3tdA_4.jpg"",""https://static.yeezyunique.ru/batches/6cb9ff7b-d813-4394-8e73-aeda5d06a8f2/_dadrSeI0D_bPan-TptXKMi-9vbYD9Tu23lP3tdA_5.jpg"",""https://static.yeezyunique.ru/batches/6cb9ff7b-d813-4394-8e73-aeda5d06a8f2/_dadrSeI0D_bPan-TptXKMi-9vbYD9Tu23lP3tdA_6.jpg"",""https://static.yeezyunique.ru/batches/6cb9ff7b-d813-4394-8e73-aeda5d06a8f2/_dadrSeI0D_bPan-TptXKMi-9vbYD9Tu23lP3tdA_7.jpg"",""https://static.yeezyunique.ru/batches/6cb9ff7b-d813-4394-8e73-aeda5d06a8f2/_dadrSeI0D_bPan-TptXKMi-9vbYD9Tu23lP3tdA_8.jpg""]";true
_djirSLE2Qq7sxB3FjaPeiGk-kYtNa0lW8iVfVSg;Loro Piana Сандалии;Элегантные сандалии из премиальной итальянской телячьей кожи, отличающиеся лаконичным и утонченным дизайном. Модель дополнена подкладкой из мягкой кожи ягненка и комбинированной подошвой из натуральной кожи и износостойкой резины для максимального комфорта.\n\nРазмеры: 35-40.;23000;5f3npdmxcv8f190;nzg3vsvajpiv1e8;rbf3iprt2z3owjd;Для женщин;"[""https://static.yeezyunique.ru/batches/6cb9ff7b-d813-4394-8e73-aeda5d06a8f2/_djirSLE2Qq7sxB3FjaPeiGk-kYtNa0lW8iVfVSg_0.jpg"",""https://static.yeezyunique.ru/batches/6cb9ff7b-d813-4394-8e73-aeda5d06a8f2/_djirSLE2Qq7sxB3FjaPeiGk-kYtNa0lW8iVfVSg_1.jpg"",""https://static.yeezyunique.ru/batches/6cb9ff7b-d813-4394-8e73-aeda5d06a8f2/_djirSLE2Qq7sxB3FjaPeiGk-kYtNa0lW8iVfVSg_2.jpg"",""https://static.yeezyunique.ru/batches/6cb9ff7b-d813-4394-8e73-aeda5d06a8f2/_djirSLE2Qq7sxB3FjaPeiGk-kYtNa0lW8iVfVSg_3.jpg"",""https://static.yeezyunique.ru/batches/6cb9ff7b-d813-4394-8e73-aeda5d06a8f2/_djirSLE2Qq7sxB3FjaPeiGk-kYtNa0lW8iVfVSg_4.jpg"",""https://static.yeezyunique.ru/batches/6cb9ff7b-d813-4394-8e73-aeda5d06a8f2/_djirSLE2Qq7sxB3FjaPeiGk-kYtNa0lW8iVfVSg_5.jpg"",""https://static.yeezyunique.ru/batches/6cb9ff7b-d813-4394-8e73-aeda5d06a8f2/_djirSLE2Qq7sxB3FjaPeiGk-kYtNa0lW8iVfVSg_6.jpg"",""https://static.yeezyunique.ru/batches/6cb9ff7b-d813-4394-8e73-aeda5d06a8f2/_djirSLE2Qq7sxB3FjaPeiGk-kYtNa0lW8iVfVSg_7.jpg"",""https://static.yeezyunique.ru/batches/6cb9ff7b-d813-4394-8e73-aeda5d06a8f2/_djirSLE2Qq7sxB3FjaPeiGk-kYtNa0lW8iVfVSg_8.jpg""]";true
_daRrSsveSFnjYf3h_r1MFtBEOC04qe1euk5HU9g;Chanel Сандалии;Изысканные сандалии из новой коллекции, выполненные из премиальной итальянской кожи ягненка. Модель отличается утонченным дизайном и золотистым оттенком, который станет ярким акцентом вашего образа.\n\nРазмеры: 35-40.;23000;3wxtez8ckauz7o1;nzg3vsvajpiv1e8;rbf3iprt2z3owjd;Для женщин;"[""https://static.yeezyunique.ru/batches/6cb9ff7b-d813-4394-8e73-aeda5d06a8f2/_daRrSsveSFnjYf3h_r1MFtBEOC04qe1euk5HU9g_0.jpg"",""https://static.yeezyunique.ru/batches/6cb9ff7b-d813-4394-8e73-aeda5d06a8f2/_daRrSsveSFnjYf3h_r1MFtBEOC04qe1euk5HU9g_1.jpg"",""https://static.yeezyunique.ru/batches/6cb9ff7b-d813-4394-8e73-aeda5d06a8f2/_daRrSsveSFnjYf3h_r1MFtBEOC04qe1euk5HU9g_2.jpg"",""https://static.yeezyunique.ru/batches/6cb9ff7b-d813-4394-8e73-aeda5d06a8f2/_daRrSsveSFnjYf3h_r1MFtBEOC04qe1euk5HU9g_3.jpg"",""https://static.yeezyunique.ru/batches/6cb9ff7b-d813-4394-8e73-aeda5d06a8f2/_daRrSsveSFnjYf3h_r1MFtBEOC04qe1euk5HU9g_4.jpg"",""https://static.yeezyunique.ru/batches/6cb9ff7b-d813-4394-8e73-aeda5d06a8f2/_daRrSsveSFnjYf3h_r1MFtBEOC04qe1euk5HU9g_5.jpg"",""https://static.yeezyunique.ru/batches/6cb9ff7b-d813-4394-8e73-aeda5d06a8f2/_daRrSsveSFnjYf3h_r1MFtBEOC04qe1euk5HU9g_6.jpg"",""https://static.yeezyunique.ru/batches/6cb9ff7b-d813-4394-8e73-aeda5d06a8f2/_daRrSsveSFnjYf3h_r1MFtBEOC04qe1euk5HU9g_7.jpg"",""https://static.yeezyunique.ru/batches/6cb9ff7b-d813-4394-8e73-aeda5d06a8f2/_daRrSsveSFnjYf3h_r1MFtBEOC04qe1euk5HU9g_8.jpg""]";true
_dw7rSmx1Sg_Y1uyV1-_32LbztnjuPdDUwzBzYdg;Chanel Сандалии;Изысканные сандалии из новой коллекции, выполненные из премиальной итальянской кожи ягненка. Модель отличается утонченным дизайном и золотистым оттенком, который станет ярким акцентом вашего образа.\n\nРазмеры: 35-40.;23000;3wxtez8ckauz7o1;nzg3vsvajpiv1e8;rbf3iprt2z3owjd;Для женщин;"[""https://static.yeezyunique.ru/batches/6cb9ff7b-d813-4394-8e73-aeda5d06a8f2/_dw7rSmx1Sg_Y1uyV1-_32LbztnjuPdDUwzBzYdg_0.jpg"",""https://static.yeezyunique.ru/batches/6cb9ff7b-d813-4394-8e73-aeda5d06a8f2/_dw7rSmx1Sg_Y1uyV1-_32LbztnjuPdDUwzBzYdg_1.jpg"",""https://static.yeezyunique.ru/batches/6cb9ff7b-d813-4394-8e73-aeda5d06a8f2/_dw7rSmx1Sg_Y1uyV1-_32LbztnjuPdDUwzBzYdg_2.jpg"",""https://static.yeezyunique.ru/batches/6cb9ff7b-d813-4394-8e73-aeda5d06a8f2/_dw7rSmx1Sg_Y1uyV1-_32LbztnjuPdDUwzBzYdg_3.jpg"",""https://static.yeezyunique.ru/batches/6cb9ff7b-d813-4394-8e73-aeda5d06a8f2/_dw7rSmx1Sg_Y1uyV1-_32LbztnjuPdDUwzBzYdg_4.jpg"",""https://static.yeezyunique.ru/batches/6cb9ff7b-d813-4394-8e73-aeda5d06a8f2/_dw7rSmx1Sg_Y1uyV1-_32LbztnjuPdDUwzBzYdg_5.jpg"",""https://static.yeezyunique.ru/batches/6cb9ff7b-d813-4394-8e73-aeda5d06a8f2/_dw7rSmx1Sg_Y1uyV1-_32LbztnjuPdDUwzBzYdg_6.jpg"",""https://static.yeezyunique.ru/batches/6cb9ff7b-d813-4394-8e73-aeda5d06a8f2/_dw7rSmx1Sg_Y1uyV1-_32LbztnjuPdDUwzBzYdg_7.jpg"",""https://static.yeezyunique.ru/batches/6cb9ff7b-d813-4394-8e73-aeda5d06a8f2/_dw7rSmx1Sg_Y1uyV1-_32LbztnjuPdDUwzBzYdg_8.jpg""]";true
_d_krSi3Y7scV565L4NlmjLvuLPpy736ym1dTitQ;Chanel Сандалии;Изысканные сандалии из новой коллекции, выполненные из премиальной итальянской кожи ягненка. Модель отличается утонченным дизайном и золотистым оттенком, который станет ярким акцентом вашего образа.\n\nРазмеры: 35-40.;23000;3wxtez8ckauz7o1;nzg3vsvajpiv1e8;rbf3iprt2z3owjd;Для женщин;"[""https://static.yeezyunique.ru/batches/6cb9ff7b-d813-4394-8e73-aeda5d06a8f2/_d_krSi3Y7scV565L4NlmjLvuLPpy736ym1dTitQ_0.jpg"",""https://static.yeezyunique.ru/batches/6cb9ff7b-d813-4394-8e73-aeda5d06a8f2/_d_krSi3Y7scV565L4NlmjLvuLPpy736ym1dTitQ_1.jpg"",""https://static.yeezyunique.ru/batches/6cb9ff7b-d813-4394-8e73-aeda5d06a8f2/_d_krSi3Y7scV565L4NlmjLvuLPpy736ym1dTitQ_2.jpg"",""https://static.yeezyunique.ru/batches/6cb9ff7b-d813-4394-8e73-aeda5d06a8f2/_d_krSi3Y7scV565L4NlmjLvuLPpy736ym1dTitQ_3.jpg"",""https://static.yeezyunique.ru/batches/6cb9ff7b-d813-4394-8e73-aeda5d06a8f2/_d_krSi3Y7scV565L4NlmjLvuLPpy736ym1dTitQ_4.jpg"",""https://static.yeezyunique.ru/batches/6cb9ff7b-d813-4394-8e73-aeda5d06a8f2/_d_krSi3Y7scV565L4NlmjLvuLPpy736ym1dTitQ_5.jpg"",""https://static.yeezyunique.ru/batches/6cb9ff7b-d813-4394-8e73-aeda5d06a8f2/_d_krSi3Y7scV565L4NlmjLvuLPpy736ym1dTitQ_6.jpg"",""https://static.yeezyunique.ru/batches/6cb9ff7b-d813-4394-8e73-aeda5d06a8f2/_d_krSi3Y7scV565L4NlmjLvuLPpy736ym1dTitQ_7.jpg"",""https://static.yeezyunique.ru/batches/6cb9ff7b-d813-4394-8e73-aeda5d06a8f2/_d_krSi3Y7scV565L4NlmjLvuLPpy736ym1dTitQ_8.jpg""]";true
_dqUrSeQpSw8qWIeLHD9amEC-nH59sMCz1ZLQajw;Hermes Мюли;Стильные мюли из премиальной итальянской замши с мягкой и нежной текстурой. Модель дополнена высокоэластичной промежуточной подошвой и износостойкой резиновой подметкой для максимального комфорта при ходьбе.\n\nРазмеры: 35-41.;23000;rakg8u0bx1y4qcy;nzg3vsvajpiv1e8;mgkrw7ofqwfh95s;Для женщин;"[""https://static.yeezyunique.ru/batches/6cb9ff7b-d813-4394-8e73-aeda5d06a8f2/_dqUrSeQpSw8qWIeLHD9amEC-nH59sMCz1ZLQajw_0.jpg"",""https://static.yeezyunique.ru/batches/6cb9ff7b-d813-4394-8e73-aeda5d06a8f2/_dqUrSeQpSw8qWIeLHD9amEC-nH59sMCz1ZLQajw_1.jpg"",""https://static.yeezyunique.ru/batches/6cb9ff7b-d813-4394-8e73-aeda5d06a8f2/_dqUrSeQpSw8qWIeLHD9amEC-nH59sMCz1ZLQajw_2.jpg"",""https://static.yeezyunique.ru/batches/6cb9ff7b-d813-4394-8e73-aeda5d06a8f2/_dqUrSeQpSw8qWIeLHD9amEC-nH59sMCz1ZLQajw_3.jpg"",""https://static.yeezyunique.ru/batches/6cb9ff7b-d813-4394-8e73-aeda5d06a8f2/_dqUrSeQpSw8qWIeLHD9amEC-nH59sMCz1ZLQajw_4.jpg"",""https://static.yeezyunique.ru/batches/6cb9ff7b-d813-4394-8e73-aeda5d06a8f2/_dqUrSeQpSw8qWIeLHD9amEC-nH59sMCz1ZLQajw_5.jpg"",""https://static.yeezyunique.ru/batches/6cb9ff7b-d813-4394-8e73-aeda5d06a8f2/_dqUrSeQpSw8qWIeLHD9amEC-nH59sMCz1ZLQajw_6.jpg"",""https://static.yeezyunique.ru/batches/6cb9ff7b-d813-4394-8e73-aeda5d06a8f2/_dqUrSeQpSw8qWIeLHD9amEC-nH59sMCz1ZLQajw_7.jpg"",""https://static.yeezyunique.ru/batches/6cb9ff7b-d813-4394-8e73-aeda5d06a8f2/_dqUrSeQpSw8qWIeLHD9amEC-nH59sMCz1ZLQajw_8.jpg""]";true
_duorSCRd8L72hNt1gpbOkPu5WMfTDwhM8QC-vGw;Hermes Мюли;Стильные мюли из премиальной итальянской замши и мягкой телячьей кожи. Модель дополнена высокоэластичной промежуточной подошвой и износостойкой резиновой подметкой для максимального комфорта при ходьбе.\n\nРазмеры: 35-41.;23000;rakg8u0bx1y4qcy;nzg3vsvajpiv1e8;mgkrw7ofqwfh95s;Для женщин;"[""https://static.yeezyunique.ru/batches/6cb9ff7b-d813-4394-8e73-aeda5d06a8f2/_duorSCRd8L72hNt1gpbOkPu5WMfTDwhM8QC-vGw_0.jpg"",""https://static.yeezyunique.ru/batches/6cb9ff7b-d813-4394-8e73-aeda5d06a8f2/_duorSCRd8L72hNt1gpbOkPu5WMfTDwhM8QC-vGw_1.jpg"",""https://static.yeezyunique.ru/batches/6cb9ff7b-d813-4394-8e73-aeda5d06a8f2/_duorSCRd8L72hNt1gpbOkPu5WMfTDwhM8QC-vGw_2.jpg"",""https://static.yeezyunique.ru/batches/6cb9ff7b-d813-4394-8e73-aeda5d06a8f2/_duorSCRd8L72hNt1gpbOkPu5WMfTDwhM8QC-vGw_3.jpg"",""https://static.yeezyunique.ru/batches/6cb9ff7b-d813-4394-8e73-aeda5d06a8f2/_duorSCRd8L72hNt1gpbOkPu5WMfTDwhM8QC-vGw_4.jpg"",""https://static.yeezyunique.ru/batches/6cb9ff7b-d813-4394-8e73-aeda5d06a8f2/_duorSCRd8L72hNt1gpbOkPu5WMfTDwhM8QC-vGw_5.jpg"",""https://static.yeezyunique.ru/batches/6cb9ff7b-d813-4394-8e73-aeda5d06a8f2/_duorSCRd8L72hNt1gpbOkPu5WMfTDwhM8QC-vGw_6.jpg"",""https://static.yeezyunique.ru/batches/6cb9ff7b-d813-4394-8e73-aeda5d06a8f2/_duorSCRd8L72hNt1gpbOkPu5WMfTDwhM8QC-vGw_7.jpg"",""https://static.yeezyunique.ru/batches/6cb9ff7b-d813-4394-8e73-aeda5d06a8f2/_duorSCRd8L72hNt1gpbOkPu5WMfTDwhM8QC-vGw_8.jpg""]";true
_dssrSj8L6GMAaCRqqRutIDOsSt-OncVMxK-MrUw;Hermes Тапки;Стильные мужские тапки от легендарного дома моды, выполненные из мягкой и нежной импортной телячьей кожи. Модель дополнена высокоэластичной промежуточной подошвой из EVA и износостойкой подметкой из натурального каучука для максимального комфорта.\n\nРазмеры: 39-46.;23000;rakg8u0bx1y4qcy;nzg3vsvajpiv1e8;rbf3iprt2z3owjd;Унисекс;"[""https://static.yeezyunique.ru/batches/6cb9ff7b-d813-4394-8e73-aeda5d06a8f2/_dssrSj8L6GMAaCRqqRutIDOsSt-OncVMxK-MrUw_0.jpg"",""https://static.yeezyunique.ru/batches/6cb9ff7b-d813-4394-8e73-aeda5d06a8f2/_dssrSj8L6GMAaCRqqRutIDOsSt-OncVMxK-MrUw_1.jpg"",""https://static.yeezyunique.ru/batches/6cb9ff7b-d813-4394-8e73-aeda5d06a8f2/_dssrSj8L6GMAaCRqqRutIDOsSt-OncVMxK-MrUw_2.jpg"",""https://static.yeezyunique.ru/batches/6cb9ff7b-d813-4394-8e73-aeda5d06a8f2/_dssrSj8L6GMAaCRqqRutIDOsSt-OncVMxK-MrUw_3.jpg"",""https://static.yeezyunique.ru/batches/6cb9ff7b-d813-4394-8e73-aeda5d06a8f2/_dssrSj8L6GMAaCRqqRutIDOsSt-OncVMxK-MrUw_4.jpg"",""https://static.yeezyunique.ru/batches/6cb9ff7b-d813-4394-8e73-aeda5d06a8f2/_dssrSj8L6GMAaCRqqRutIDOsSt-OncVMxK-MrUw_5.jpg"",""https://static.yeezyunique.ru/batches/6cb9ff7b-d813-4394-8e73-aeda5d06a8f2/_dssrSj8L6GMAaCRqqRutIDOsSt-OncVMxK-MrUw_6.jpg"",""https://static.yeezyunique.ru/batches/6cb9ff7b-d813-4394-8e73-aeda5d06a8f2/_dssrSj8L6GMAaCRqqRutIDOsSt-OncVMxK-MrUw_7.jpg"",""https://static.yeezyunique.ru/batches/6cb9ff7b-d813-4394-8e73-aeda5d06a8f2/_dssrSj8L6GMAaCRqqRutIDOsSt-OncVMxK-MrUw_8.jpg""]";true
_duUrSQzzC3p2-iJZLjfopL7o8MsJfNBNtBTvksQ;Hermes Мюли;Стильные мюли в классическом дизайне, выполненные из мягкой и нежной импортной натуральной кожи. Модель оснащена высокоэластичной промежуточной подошвой из материала EVA и износостойкой внешней подошвой из натурального каучука для максимального комфорта.\n\nРазмеры: 35-41 (женские), 39-46 (мужские).;23000;rakg8u0bx1y4qcy;nzg3vsvajpiv1e8;mgkrw7ofqwfh95s;Унисекс;"[""https://static.yeezyunique.ru/batches/6cb9ff7b-d813-4394-8e73-aeda5d06a8f2/_duUrSQzzC3p2-iJZLjfopL7o8MsJfNBNtBTvksQ_0.jpg"",""https://static.yeezyunique.ru/batches/6cb9ff7b-d813-4394-8e73-aeda5d06a8f2/_duUrSQzzC3p2-iJZLjfopL7o8MsJfNBNtBTvksQ_1.jpg"",""https://static.yeezyunique.ru/batches/6cb9ff7b-d813-4394-8e73-aeda5d06a8f2/_duUrSQzzC3p2-iJZLjfopL7o8MsJfNBNtBTvksQ_2.jpg"",""https://static.yeezyunique.ru/batches/6cb9ff7b-d813-4394-8e73-aeda5d06a8f2/_duUrSQzzC3p2-iJZLjfopL7o8MsJfNBNtBTvksQ_3.jpg"",""https://static.yeezyunique.ru/batches/6cb9ff7b-d813-4394-8e73-aeda5d06a8f2/_duUrSQzzC3p2-iJZLjfopL7o8MsJfNBNtBTvksQ_4.jpg"",""https://static.yeezyunique.ru/batches/6cb9ff7b-d813-4394-8e73-aeda5d06a8f2/_duUrSQzzC3p2-iJZLjfopL7o8MsJfNBNtBTvksQ_5.jpg"",""https://static.yeezyunique.ru/batches/6cb9ff7b-d813-4394-8e73-aeda5d06a8f2/_duUrSQzzC3p2-iJZLjfopL7o8MsJfNBNtBTvksQ_6.jpg"",""https://static.yeezyunique.ru/batches/6cb9ff7b-d813-4394-8e73-aeda5d06a8f2/_duUrSQzzC3p2-iJZLjfopL7o8MsJfNBNtBTvksQ_7.jpg"",""https://static.yeezyunique.ru/batches/6cb9ff7b-d813-4394-8e73-aeda5d06a8f2/_duUrSQzzC3p2-iJZLjfopL7o8MsJfNBNtBTvksQ_8.jpg""]";true
_ddgrS4V7JL5XRuWH8XxxSpbQEV6dlNn0nc6MfJQ;Hermes Мюли;Стильные мюли в классическом дизайне, выполненные из мягкой и нежной импортной телячьей кожи. Модель оснащена высокоэластичной промежуточной подошвой из EVA и износостойкой внешней подошвой из натурального каучука для максимального комфорта.\n\nРазмеры: 35-41 (женские), 39-46 (мужские).;23000;rakg8u0bx1y4qcy;nzg3vsvajpiv1e8;mgkrw7ofqwfh95s;Унисекс;"[""https://static.yeezyunique.ru/batches/6cb9ff7b-d813-4394-8e73-aeda5d06a8f2/_ddgrS4V7JL5XRuWH8XxxSpbQEV6dlNn0nc6MfJQ_0.jpg"",""https://static.yeezyunique.ru/batches/6cb9ff7b-d813-4394-8e73-aeda5d06a8f2/_ddgrS4V7JL5XRuWH8XxxSpbQEV6dlNn0nc6MfJQ_1.jpg"",""https://static.yeezyunique.ru/batches/6cb9ff7b-d813-4394-8e73-aeda5d06a8f2/_ddgrS4V7JL5XRuWH8XxxSpbQEV6dlNn0nc6MfJQ_2.jpg"",""https://static.yeezyunique.ru/batches/6cb9ff7b-d813-4394-8e73-aeda5d06a8f2/_ddgrS4V7JL5XRuWH8XxxSpbQEV6dlNn0nc6MfJQ_3.jpg"",""https://static.yeezyunique.ru/batches/6cb9ff7b-d813-4394-8e73-aeda5d06a8f2/_ddgrS4V7JL5XRuWH8XxxSpbQEV6dlNn0nc6MfJQ_4.jpg"",""https://static.yeezyunique.ru/batches/6cb9ff7b-d813-4394-8e73-aeda5d06a8f2/_ddgrS4V7JL5XRuWH8XxxSpbQEV6dlNn0nc6MfJQ_5.jpg"",""https://static.yeezyunique.ru/batches/6cb9ff7b-d813-4394-8e73-aeda5d06a8f2/_ddgrS4V7JL5XRuWH8XxxSpbQEV6dlNn0nc6MfJQ_6.jpg"",""https://static.yeezyunique.ru/batches/6cb9ff7b-d813-4394-8e73-aeda5d06a8f2/_ddgrS4V7JL5XRuWH8XxxSpbQEV6dlNn0nc6MfJQ_7.jpg"",""https://static.yeezyunique.ru/batches/6cb9ff7b-d813-4394-8e73-aeda5d06a8f2/_ddgrS4V7JL5XRuWH8XxxSpbQEV6dlNn0nc6MfJQ_8.jpg""]";true
_dscrSdLZegJ2omxnQCJuCv_DhhzcIckaR3Y_ftw;Hermes Тапки;Стильные мужские тапки от легендарного дома моды, выполненные из мягкой и нежной импортной телячьей кожи. Модель дополнена высокоэластичной промежуточной подошвой из ЭВА и износостойкой подметкой из натурального каучука для максимального комфорта.\n\nРазмеры: 39-46.;23000;rakg8u0bx1y4qcy;nzg3vsvajpiv1e8;rbf3iprt2z3owjd;Унисекс;"[""https://static.yeezyunique.ru/batches/6cb9ff7b-d813-4394-8e73-aeda5d06a8f2/_dscrSdLZegJ2omxnQCJuCv_DhhzcIckaR3Y_ftw_0.jpg"",""https://static.yeezyunique.ru/batches/6cb9ff7b-d813-4394-8e73-aeda5d06a8f2/_dscrSdLZegJ2omxnQCJuCv_DhhzcIckaR3Y_ftw_1.jpg"",""https://static.yeezyunique.ru/batches/6cb9ff7b-d813-4394-8e73-aeda5d06a8f2/_dscrSdLZegJ2omxnQCJuCv_DhhzcIckaR3Y_ftw_2.jpg"",""https://static.yeezyunique.ru/batches/6cb9ff7b-d813-4394-8e73-aeda5d06a8f2/_dscrSdLZegJ2omxnQCJuCv_DhhzcIckaR3Y_ftw_3.jpg"",""https://static.yeezyunique.ru/batches/6cb9ff7b-d813-4394-8e73-aeda5d06a8f2/_dscrSdLZegJ2omxnQCJuCv_DhhzcIckaR3Y_ftw_4.jpg"",""https://static.yeezyunique.ru/batches/6cb9ff7b-d813-4394-8e73-aeda5d06a8f2/_dscrSdLZegJ2omxnQCJuCv_DhhzcIckaR3Y_ftw_5.jpg"",""https://static.yeezyunique.ru/batches/6cb9ff7b-d813-4394-8e73-aeda5d06a8f2/_dscrSdLZegJ2omxnQCJuCv_DhhzcIckaR3Y_ftw_6.jpg"",""https://static.yeezyunique.ru/batches/6cb9ff7b-d813-4394-8e73-aeda5d06a8f2/_dscrSdLZegJ2omxnQCJuCv_DhhzcIckaR3Y_ftw_7.jpg"",""https://static.yeezyunique.ru/batches/6cb9ff7b-d813-4394-8e73-aeda5d06a8f2/_dscrSdLZegJ2omxnQCJuCv_DhhzcIckaR3Y_ftw_8.jpg""]";true
_dxgrSInQ9_Pdzc_Km7i-TUFyb6MHIvlpZWfD7tw;Hermes Тапки;Стильные мужские тапки от легендарного дома моды, выполненные из мягкой и нежной импортной телячьей кожи. Модель дополнена высокоэластичной промежуточной подошвой из EVA и износостойкой подметкой из натурального каучука для максимального комфорта.\n\nРазмеры: 39-46.;23000;rakg8u0bx1y4qcy;nzg3vsvajpiv1e8;rbf3iprt2z3owjd;Унисекс;"[""https://static.yeezyunique.ru/batches/6cb9ff7b-d813-4394-8e73-aeda5d06a8f2/_dxgrSInQ9_Pdzc_Km7i-TUFyb6MHIvlpZWfD7tw_0.jpg"",""https://static.yeezyunique.ru/batches/6cb9ff7b-d813-4394-8e73-aeda5d06a8f2/_dxgrSInQ9_Pdzc_Km7i-TUFyb6MHIvlpZWfD7tw_1.jpg"",""https://static.yeezyunique.ru/batches/6cb9ff7b-d813-4394-8e73-aeda5d06a8f2/_dxgrSInQ9_Pdzc_Km7i-TUFyb6MHIvlpZWfD7tw_2.jpg"",""https://static.yeezyunique.ru/batches/6cb9ff7b-d813-4394-8e73-aeda5d06a8f2/_dxgrSInQ9_Pdzc_Km7i-TUFyb6MHIvlpZWfD7tw_3.jpg"",""https://static.yeezyunique.ru/batches/6cb9ff7b-d813-4394-8e73-aeda5d06a8f2/_dxgrSInQ9_Pdzc_Km7i-TUFyb6MHIvlpZWfD7tw_4.jpg"",""https://static.yeezyunique.ru/batches/6cb9ff7b-d813-4394-8e73-aeda5d06a8f2/_dxgrSInQ9_Pdzc_Km7i-TUFyb6MHIvlpZWfD7tw_5.jpg"",""https://static.yeezyunique.ru/batches/6cb9ff7b-d813-4394-8e73-aeda5d06a8f2/_dxgrSInQ9_Pdzc_Km7i-TUFyb6MHIvlpZWfD7tw_6.jpg"",""https://static.yeezyunique.ru/batches/6cb9ff7b-d813-4394-8e73-aeda5d06a8f2/_dxgrSInQ9_Pdzc_Km7i-TUFyb6MHIvlpZWfD7tw_7.jpg"",""https://static.yeezyunique.ru/batches/6cb9ff7b-d813-4394-8e73-aeda5d06a8f2/_dxgrSInQ9_Pdzc_Km7i-TUFyb6MHIvlpZWfD7tw_8.jpg""]";true
_d9nrSUOg8lNbMtJ8uWZMzSsmyyVrJz11LOYU-Kg;Hermes Тапки;Стильные мужские тапки от легендарного дома моды, выполненные из мягкой и нежной импортной телячьей кожи. Модель оснащена высокоэластичной промежуточной подошвой из EVA и износостойкой подметкой из натурального каучука для максимального комфорта.\n\nРазмеры: 39-46.;23000;rakg8u0bx1y4qcy;nzg3vsvajpiv1e8;rbf3iprt2z3owjd;Унисекс;"[""https://static.yeezyunique.ru/batches/6cb9ff7b-d813-4394-8e73-aeda5d06a8f2/_d9nrSUOg8lNbMtJ8uWZMzSsmyyVrJz11LOYU-Kg_0.jpg"",""https://static.yeezyunique.ru/batches/6cb9ff7b-d813-4394-8e73-aeda5d06a8f2/_d9nrSUOg8lNbMtJ8uWZMzSsmyyVrJz11LOYU-Kg_1.jpg"",""https://static.yeezyunique.ru/batches/6cb9ff7b-d813-4394-8e73-aeda5d06a8f2/_d9nrSUOg8lNbMtJ8uWZMzSsmyyVrJz11LOYU-Kg_2.jpg"",""https://static.yeezyunique.ru/batches/6cb9ff7b-d813-4394-8e73-aeda5d06a8f2/_d9nrSUOg8lNbMtJ8uWZMzSsmyyVrJz11LOYU-Kg_3.jpg"",""https://static.yeezyunique.ru/batches/6cb9ff7b-d813-4394-8e73-aeda5d06a8f2/_d9nrSUOg8lNbMtJ8uWZMzSsmyyVrJz11LOYU-Kg_4.jpg"",""https://static.yeezyunique.ru/batches/6cb9ff7b-d813-4394-8e73-aeda5d06a8f2/_d9nrSUOg8lNbMtJ8uWZMzSsmyyVrJz11LOYU-Kg_5.jpg"",""https://static.yeezyunique.ru/batches/6cb9ff7b-d813-4394-8e73-aeda5d06a8f2/_d9nrSUOg8lNbMtJ8uWZMzSsmyyVrJz11LOYU-Kg_6.jpg"",""https://static.yeezyunique.ru/batches/6cb9ff7b-d813-4394-8e73-aeda5d06a8f2/_d9nrSUOg8lNbMtJ8uWZMzSsmyyVrJz11LOYU-Kg_7.jpg"",""https://static.yeezyunique.ru/batches/6cb9ff7b-d813-4394-8e73-aeda5d06a8f2/_d9nrSUOg8lNbMtJ8uWZMzSsmyyVrJz11LOYU-Kg_8.jpg""]";true
_djhrSUr0m936WfYPJS1f4ye5-gv6B5KEISpQN8g;Hermes Тапки;Стильные мужские тапки от легендарного дома моды, выполненные из мягкой и нежной импортной телячьей кожи. Модель дополнена высокоэластичной промежуточной подошвой из EVA и износостойкой подметкой из натурального каучука для максимального комфорта.\n\nРазмеры: 39-46.;23000;rakg8u0bx1y4qcy;nzg3vsvajpiv1e8;rbf3iprt2z3owjd;Унисекс;"[""https://static.yeezyunique.ru/batches/6cb9ff7b-d813-4394-8e73-aeda5d06a8f2/_djhrSUr0m936WfYPJS1f4ye5-gv6B5KEISpQN8g_0.jpg"",""https://static.yeezyunique.ru/batches/6cb9ff7b-d813-4394-8e73-aeda5d06a8f2/_djhrSUr0m936WfYPJS1f4ye5-gv6B5KEISpQN8g_1.jpg"",""https://static.yeezyunique.ru/batches/6cb9ff7b-d813-4394-8e73-aeda5d06a8f2/_djhrSUr0m936WfYPJS1f4ye5-gv6B5KEISpQN8g_2.jpg"",""https://static.yeezyunique.ru/batches/6cb9ff7b-d813-4394-8e73-aeda5d06a8f2/_djhrSUr0m936WfYPJS1f4ye5-gv6B5KEISpQN8g_3.jpg"",""https://static.yeezyunique.ru/batches/6cb9ff7b-d813-4394-8e73-aeda5d06a8f2/_djhrSUr0m936WfYPJS1f4ye5-gv6B5KEISpQN8g_4.jpg"",""https://static.yeezyunique.ru/batches/6cb9ff7b-d813-4394-8e73-aeda5d06a8f2/_djhrSUr0m936WfYPJS1f4ye5-gv6B5KEISpQN8g_5.jpg"",""https://static.yeezyunique.ru/batches/6cb9ff7b-d813-4394-8e73-aeda5d06a8f2/_djhrSUr0m936WfYPJS1f4ye5-gv6B5KEISpQN8g_6.jpg"",""https://static.yeezyunique.ru/batches/6cb9ff7b-d813-4394-8e73-aeda5d06a8f2/_djhrSUr0m936WfYPJS1f4ye5-gv6B5KEISpQN8g_7.jpg"",""https://static.yeezyunique.ru/batches/6cb9ff7b-d813-4394-8e73-aeda5d06a8f2/_djhrSUr0m936WfYPJS1f4ye5-gv6B5KEISpQN8g_8.jpg""]";true
_dcErSFQetGrjHbGbhbe93bdM77CqJXGVCEkN_mA;Hermes Тапки;Стильные мужские тапки от легендарного бренда, выполненные из мягкой и нежной импортной телячьей кожи. Модель дополнена высокоэластичной промежуточной подошвой из EVA и износостойкой внешней подошвой из натурального каучука для максимального комфорта.\n\nРазмеры: 39-46.;23000;rakg8u0bx1y4qcy;nzg3vsvajpiv1e8;rbf3iprt2z3owjd;Унисекс;"[""https://static.yeezyunique.ru/batches/6cb9ff7b-d813-4394-8e73-aeda5d06a8f2/_dcErSFQetGrjHbGbhbe93bdM77CqJXGVCEkN_mA_0.jpg"",""https://static.yeezyunique.ru/batches/6cb9ff7b-d813-4394-8e73-aeda5d06a8f2/_dcErSFQetGrjHbGbhbe93bdM77CqJXGVCEkN_mA_1.jpg"",""https://static.yeezyunique.ru/batches/6cb9ff7b-d813-4394-8e73-aeda5d06a8f2/_dcErSFQetGrjHbGbhbe93bdM77CqJXGVCEkN_mA_2.jpg"",""https://static.yeezyunique.ru/batches/6cb9ff7b-d813-4394-8e73-aeda5d06a8f2/_dcErSFQetGrjHbGbhbe93bdM77CqJXGVCEkN_mA_3.jpg"",""https://static.yeezyunique.ru/batches/6cb9ff7b-d813-4394-8e73-aeda5d06a8f2/_dcErSFQetGrjHbGbhbe93bdM77CqJXGVCEkN_mA_4.jpg"",""https://static.yeezyunique.ru/batches/6cb9ff7b-d813-4394-8e73-aeda5d06a8f2/_dcErSFQetGrjHbGbhbe93bdM77CqJXGVCEkN_mA_5.jpg"",""https://static.yeezyunique.ru/batches/6cb9ff7b-d813-4394-8e73-aeda5d06a8f2/_dcErSFQetGrjHbGbhbe93bdM77CqJXGVCEkN_mA_6.jpg"",""https://static.yeezyunique.ru/batches/6cb9ff7b-d813-4394-8e73-aeda5d06a8f2/_dcErSFQetGrjHbGbhbe93bdM77CqJXGVCEkN_mA_7.jpg"",""https://static.yeezyunique.ru/batches/6cb9ff7b-d813-4394-8e73-aeda5d06a8f2/_dcErSFQetGrjHbGbhbe93bdM77CqJXGVCEkN_mA_8.jpg""]";true
_dmhrSREaC5gxXDR_P-gvd4YiYsBaqajst8d3u3A;Hermes Сандалии;Стильные сандалии в классическом дизайне, которые станут идеальным дополнением летнего гардероба. Модель выполнена из премиальной итальянской телячьей кожи с подкладкой из нежной овечьей кожи и дополнена комфортной подошвой из натурального каучука.\n\nРазмеры: 35-41 (женские), 39-46 (мужские).;23000;rakg8u0bx1y4qcy;nzg3vsvajpiv1e8;rbf3iprt2z3owjd;Унисекс;"[""https://static.yeezyunique.ru/batches/6cb9ff7b-d813-4394-8e73-aeda5d06a8f2/_dmhrSREaC5gxXDR_P-gvd4YiYsBaqajst8d3u3A_0.jpg"",""https://static.yeezyunique.ru/batches/6cb9ff7b-d813-4394-8e73-aeda5d06a8f2/_dmhrSREaC5gxXDR_P-gvd4YiYsBaqajst8d3u3A_1.jpg"",""https://static.yeezyunique.ru/batches/6cb9ff7b-d813-4394-8e73-aeda5d06a8f2/_dmhrSREaC5gxXDR_P-gvd4YiYsBaqajst8d3u3A_2.jpg"",""https://static.yeezyunique.ru/batches/6cb9ff7b-d813-4394-8e73-aeda5d06a8f2/_dmhrSREaC5gxXDR_P-gvd4YiYsBaqajst8d3u3A_3.jpg"",""https://static.yeezyunique.ru/batches/6cb9ff7b-d813-4394-8e73-aeda5d06a8f2/_dmhrSREaC5gxXDR_P-gvd4YiYsBaqajst8d3u3A_4.jpg"",""https://static.yeezyunique.ru/batches/6cb9ff7b-d813-4394-8e73-aeda5d06a8f2/_dmhrSREaC5gxXDR_P-gvd4YiYsBaqajst8d3u3A_5.jpg"",""https://static.yeezyunique.ru/batches/6cb9ff7b-d813-4394-8e73-aeda5d06a8f2/_dmhrSREaC5gxXDR_P-gvd4YiYsBaqajst8d3u3A_6.jpg"",""https://static.yeezyunique.ru/batches/6cb9ff7b-d813-4394-8e73-aeda5d06a8f2/_dmhrSREaC5gxXDR_P-gvd4YiYsBaqajst8d3u3A_7.jpg"",""https://static.yeezyunique.ru/batches/6cb9ff7b-d813-4394-8e73-aeda5d06a8f2/_dmhrSREaC5gxXDR_P-gvd4YiYsBaqajst8d3u3A_8.jpg""]";true
_d-GrS-_ZoyGTlm2bVDphL--LT8Ghl5TgrvS1asQ;Hermes Сандалии;Стильные сандалии в классическом дизайне, ставшие эталоном летней моды. Модель выполнена из премиальной итальянской телячьей кожи и мягкой замши с подкладкой из нежной кожи ягненка, обеспечивающей комфорт в жаркую погоду.\n\nРазмеры: 35-41.;23000;rakg8u0bx1y4qcy;nzg3vsvajpiv1e8;rbf3iprt2z3owjd;Для женщин;"[""https://static.yeezyunique.ru/batches/6cb9ff7b-d813-4394-8e73-aeda5d06a8f2/_d-GrS-_ZoyGTlm2bVDphL--LT8Ghl5TgrvS1asQ_0.jpg"",""https://static.yeezyunique.ru/batches/6cb9ff7b-d813-4394-8e73-aeda5d06a8f2/_d-GrS-_ZoyGTlm2bVDphL--LT8Ghl5TgrvS1asQ_1.jpg"",""https://static.yeezyunique.ru/batches/6cb9ff7b-d813-4394-8e73-aeda5d06a8f2/_d-GrS-_ZoyGTlm2bVDphL--LT8Ghl5TgrvS1asQ_2.jpg"",""https://static.yeezyunique.ru/batches/6cb9ff7b-d813-4394-8e73-aeda5d06a8f2/_d-GrS-_ZoyGTlm2bVDphL--LT8Ghl5TgrvS1asQ_3.jpg"",""https://static.yeezyunique.ru/batches/6cb9ff7b-d813-4394-8e73-aeda5d06a8f2/_d-GrS-_ZoyGTlm2bVDphL--LT8Ghl5TgrvS1asQ_4.jpg"",""https://static.yeezyunique.ru/batches/6cb9ff7b-d813-4394-8e73-aeda5d06a8f2/_d-GrS-_ZoyGTlm2bVDphL--LT8Ghl5TgrvS1asQ_5.jpg"",""https://static.yeezyunique.ru/batches/6cb9ff7b-d813-4394-8e73-aeda5d06a8f2/_d-GrS-_ZoyGTlm2bVDphL--LT8Ghl5TgrvS1asQ_6.jpg"",""https://static.yeezyunique.ru/batches/6cb9ff7b-d813-4394-8e73-aeda5d06a8f2/_d-GrS-_ZoyGTlm2bVDphL--LT8Ghl5TgrvS1asQ_7.jpg"",""https://static.yeezyunique.ru/batches/6cb9ff7b-d813-4394-8e73-aeda5d06a8f2/_d-GrS-_ZoyGTlm2bVDphL--LT8Ghl5TgrvS1asQ_8.jpg""]";true
_dkYrSfH5kocd0Ry7EMZHu-qUD7vRkprmddC9f6A;Hermes Сандалии;Стильные сандалии в классическом дизайне, которые станут идеальным дополнением летнего гардероба. Модель выполнена из премиальной итальянской телячьей кожи и мягкой замши с подкладкой из нежной кожи ягненка, обеспечивающей комфорт при носке.\n\nРазмеры: 35-41.;23000;rakg8u0bx1y4qcy;nzg3vsvajpiv1e8;rbf3iprt2z3owjd;Для женщин;"[""https://static.yeezyunique.ru/batches/6cb9ff7b-d813-4394-8e73-aeda5d06a8f2/_dkYrSfH5kocd0Ry7EMZHu-qUD7vRkprmddC9f6A_0.jpg"",""https://static.yeezyunique.ru/batches/6cb9ff7b-d813-4394-8e73-aeda5d06a8f2/_dkYrSfH5kocd0Ry7EMZHu-qUD7vRkprmddC9f6A_1.jpg"",""https://static.yeezyunique.ru/batches/6cb9ff7b-d813-4394-8e73-aeda5d06a8f2/_dkYrSfH5kocd0Ry7EMZHu-qUD7vRkprmddC9f6A_2.jpg"",""https://static.yeezyunique.ru/batches/6cb9ff7b-d813-4394-8e73-aeda5d06a8f2/_dkYrSfH5kocd0Ry7EMZHu-qUD7vRkprmddC9f6A_3.jpg"",""https://static.yeezyunique.ru/batches/6cb9ff7b-d813-4394-8e73-aeda5d06a8f2/_dkYrSfH5kocd0Ry7EMZHu-qUD7vRkprmddC9f6A_4.jpg"",""https://static.yeezyunique.ru/batches/6cb9ff7b-d813-4394-8e73-aeda5d06a8f2/_dkYrSfH5kocd0Ry7EMZHu-qUD7vRkprmddC9f6A_5.jpg"",""https://static.yeezyunique.ru/batches/6cb9ff7b-d813-4394-8e73-aeda5d06a8f2/_dkYrSfH5kocd0Ry7EMZHu-qUD7vRkprmddC9f6A_6.jpg"",""https://static.yeezyunique.ru/batches/6cb9ff7b-d813-4394-8e73-aeda5d06a8f2/_dkYrSfH5kocd0Ry7EMZHu-qUD7vRkprmddC9f6A_7.jpg"",""https://static.yeezyunique.ru/batches/6cb9ff7b-d813-4394-8e73-aeda5d06a8f2/_dkYrSfH5kocd0Ry7EMZHu-qUD7vRkprmddC9f6A_8.jpg""]";true
_dimrSud8KKgY4idqJpW1UUIucXxQ8Weq1_95Gtg;Hermes Сандалии;Стильные сандалии в классическом дизайне, ставшие воплощением элегантности и комфорта. Модель выполнена из премиальной итальянской телячьей кожи и мягкой замши с подкладкой из нежной кожи ягненка, дополненная износостойкой подошвой из натурального каучука.\n\nРазмеры: 35-41.;23000;rakg8u0bx1y4qcy;nzg3vsvajpiv1e8;rbf3iprt2z3owjd;Для женщин;"[""https://static.yeezyunique.ru/batches/6cb9ff7b-d813-4394-8e73-aeda5d06a8f2/_dimrSud8KKgY4idqJpW1UUIucXxQ8Weq1_95Gtg_0.jpg"",""https://static.yeezyunique.ru/batches/6cb9ff7b-d813-4394-8e73-aeda5d06a8f2/_dimrSud8KKgY4idqJpW1UUIucXxQ8Weq1_95Gtg_1.jpg"",""https://static.yeezyunique.ru/batches/6cb9ff7b-d813-4394-8e73-aeda5d06a8f2/_dimrSud8KKgY4idqJpW1UUIucXxQ8Weq1_95Gtg_2.jpg"",""https://static.yeezyunique.ru/batches/6cb9ff7b-d813-4394-8e73-aeda5d06a8f2/_dimrSud8KKgY4idqJpW1UUIucXxQ8Weq1_95Gtg_3.jpg"",""https://static.yeezyunique.ru/batches/6cb9ff7b-d813-4394-8e73-aeda5d06a8f2/_dimrSud8KKgY4idqJpW1UUIucXxQ8Weq1_95Gtg_4.jpg"",""https://static.yeezyunique.ru/batches/6cb9ff7b-d813-4394-8e73-aeda5d06a8f2/_dimrSud8KKgY4idqJpW1UUIucXxQ8Weq1_95Gtg_5.jpg"",""https://static.yeezyunique.ru/batches/6cb9ff7b-d813-4394-8e73-aeda5d06a8f2/_dimrSud8KKgY4idqJpW1UUIucXxQ8Weq1_95Gtg_6.jpg"",""https://static.yeezyunique.ru/batches/6cb9ff7b-d813-4394-8e73-aeda5d06a8f2/_dimrSud8KKgY4idqJpW1UUIucXxQ8Weq1_95Gtg_7.jpg"",""https://static.yeezyunique.ru/batches/6cb9ff7b-d813-4394-8e73-aeda5d06a8f2/_dimrSud8KKgY4idqJpW1UUIucXxQ8Weq1_95Gtg_8.jpg""]";true
_dfRrSQVmiT-fmO6Pd3-VxiNQJHkQeNi7iS343kw;Hermes Сандалии;Стильные сандалии в классическом дизайне, ставшие эталоном летней моды. Модель выполнена из премиальной итальянской телячьей кожи и мягкой замши с подкладкой из нежной кожи ягненка, обеспечивающей комфорт в жаркую погоду.\n\nРазмеры: 35-41.;23000;rakg8u0bx1y4qcy;nzg3vsvajpiv1e8;rbf3iprt2z3owjd;Для женщин;"[""https://static.yeezyunique.ru/batches/6cb9ff7b-d813-4394-8e73-aeda5d06a8f2/_dfRrSQVmiT-fmO6Pd3-VxiNQJHkQeNi7iS343kw_0.jpg"",""https://static.yeezyunique.ru/batches/6cb9ff7b-d813-4394-8e73-aeda5d06a8f2/_dfRrSQVmiT-fmO6Pd3-VxiNQJHkQeNi7iS343kw_1.jpg"",""https://static.yeezyunique.ru/batches/6cb9ff7b-d813-4394-8e73-aeda5d06a8f2/_dfRrSQVmiT-fmO6Pd3-VxiNQJHkQeNi7iS343kw_2.jpg"",""https://static.yeezyunique.ru/batches/6cb9ff7b-d813-4394-8e73-aeda5d06a8f2/_dfRrSQVmiT-fmO6Pd3-VxiNQJHkQeNi7iS343kw_3.jpg"",""https://static.yeezyunique.ru/batches/6cb9ff7b-d813-4394-8e73-aeda5d06a8f2/_dfRrSQVmiT-fmO6Pd3-VxiNQJHkQeNi7iS343kw_4.jpg"",""https://static.yeezyunique.ru/batches/6cb9ff7b-d813-4394-8e73-aeda5d06a8f2/_dfRrSQVmiT-fmO6Pd3-VxiNQJHkQeNi7iS343kw_5.jpg"",""https://static.yeezyunique.ru/batches/6cb9ff7b-d813-4394-8e73-aeda5d06a8f2/_dfRrSQVmiT-fmO6Pd3-VxiNQJHkQeNi7iS343kw_6.jpg"",""https://static.yeezyunique.ru/batches/6cb9ff7b-d813-4394-8e73-aeda5d06a8f2/_dfRrSQVmiT-fmO6Pd3-VxiNQJHkQeNi7iS343kw_7.jpg"",""https://static.yeezyunique.ru/batches/6cb9ff7b-d813-4394-8e73-aeda5d06a8f2/_dfRrSQVmiT-fmO6Pd3-VxiNQJHkQeNi7iS343kw_8.jpg""]";true
_d_lrSbJbz3MH4ZlWhuuYJESVCNbq9CA3P3wq7Bw;Hermes Сандалии;Стильные сандалии в классическом дизайне, ставшие эталоном летней моды. Модель выполнена из премиальной итальянской телячьей кожи и мягкой замши с подкладкой из нежной кожи ягненка, обеспечивающей комфорт в жаркую погоду.\n\nРазмеры: 35-41.;23000;rakg8u0bx1y4qcy;nzg3vsvajpiv1e8;rbf3iprt2z3owjd;Для женщин;"[""https://static.yeezyunique.ru/batches/6cb9ff7b-d813-4394-8e73-aeda5d06a8f2/_d_lrSbJbz3MH4ZlWhuuYJESVCNbq9CA3P3wq7Bw_0.jpg"",""https://static.yeezyunique.ru/batches/6cb9ff7b-d813-4394-8e73-aeda5d06a8f2/_d_lrSbJbz3MH4ZlWhuuYJESVCNbq9CA3P3wq7Bw_1.jpg"",""https://static.yeezyunique.ru/batches/6cb9ff7b-d813-4394-8e73-aeda5d06a8f2/_d_lrSbJbz3MH4ZlWhuuYJESVCNbq9CA3P3wq7Bw_2.jpg"",""https://static.yeezyunique.ru/batches/6cb9ff7b-d813-4394-8e73-aeda5d06a8f2/_d_lrSbJbz3MH4ZlWhuuYJESVCNbq9CA3P3wq7Bw_3.jpg"",""https://static.yeezyunique.ru/batches/6cb9ff7b-d813-4394-8e73-aeda5d06a8f2/_d_lrSbJbz3MH4ZlWhuuYJESVCNbq9CA3P3wq7Bw_4.jpg"",""https://static.yeezyunique.ru/batches/6cb9ff7b-d813-4394-8e73-aeda5d06a8f2/_d_lrSbJbz3MH4ZlWhuuYJESVCNbq9CA3P3wq7Bw_5.jpg"",""https://static.yeezyunique.ru/batches/6cb9ff7b-d813-4394-8e73-aeda5d06a8f2/_d_lrSbJbz3MH4ZlWhuuYJESVCNbq9CA3P3wq7Bw_6.jpg"",""https://static.yeezyunique.ru/batches/6cb9ff7b-d813-4394-8e73-aeda5d06a8f2/_d_lrSbJbz3MH4ZlWhuuYJESVCNbq9CA3P3wq7Bw_7.jpg"",""https://static.yeezyunique.ru/batches/6cb9ff7b-d813-4394-8e73-aeda5d06a8f2/_d_lrSbJbz3MH4ZlWhuuYJESVCNbq9CA3P3wq7Bw_8.jpg""]";true
_dierSNRmDm23fwPACJ2b1AZCKTD0bKhN6ouPUzg;Hermes Сандалии;Стильные сандалии в классическом дизайне, ставшие эталоном летней моды. Модель выполнена из премиальной итальянской телячьей кожи и мягкой замши с подкладкой из нежной кожи ягненка, обеспечивающей комфорт в жаркую погоду.\n\nРазмеры: 35-41.;23000;rakg8u0bx1y4qcy;nzg3vsvajpiv1e8;rbf3iprt2z3owjd;Для женщин;"[""https://static.yeezyunique.ru/batches/6cb9ff7b-d813-4394-8e73-aeda5d06a8f2/_dierSNRmDm23fwPACJ2b1AZCKTD0bKhN6ouPUzg_0.jpg"",""https://static.yeezyunique.ru/batches/6cb9ff7b-d813-4394-8e73-aeda5d06a8f2/_dierSNRmDm23fwPACJ2b1AZCKTD0bKhN6ouPUzg_1.jpg"",""https://static.yeezyunique.ru/batches/6cb9ff7b-d813-4394-8e73-aeda5d06a8f2/_dierSNRmDm23fwPACJ2b1AZCKTD0bKhN6ouPUzg_2.jpg"",""https://static.yeezyunique.ru/batches/6cb9ff7b-d813-4394-8e73-aeda5d06a8f2/_dierSNRmDm23fwPACJ2b1AZCKTD0bKhN6ouPUzg_3.jpg"",""https://static.yeezyunique.ru/batches/6cb9ff7b-d813-4394-8e73-aeda5d06a8f2/_dierSNRmDm23fwPACJ2b1AZCKTD0bKhN6ouPUzg_4.jpg"",""https://static.yeezyunique.ru/batches/6cb9ff7b-d813-4394-8e73-aeda5d06a8f2/_dierSNRmDm23fwPACJ2b1AZCKTD0bKhN6ouPUzg_5.jpg"",""https://static.yeezyunique.ru/batches/6cb9ff7b-d813-4394-8e73-aeda5d06a8f2/_dierSNRmDm23fwPACJ2b1AZCKTD0bKhN6ouPUzg_6.jpg"",""https://static.yeezyunique.ru/batches/6cb9ff7b-d813-4394-8e73-aeda5d06a8f2/_dierSNRmDm23fwPACJ2b1AZCKTD0bKhN6ouPUzg_7.jpg"",""https://static.yeezyunique.ru/batches/6cb9ff7b-d813-4394-8e73-aeda5d06a8f2/_dierSNRmDm23fwPACJ2b1AZCKTD0bKhN6ouPUzg_8.jpg""]";true
_dK_rSRTB_E5ZJTO1to5dHff4-CyhQS6G_3J2aDg;Hermes Сандалии;Стильные сандалии в классическом дизайне, ставшие эталоном летней моды. Модель выполнена из премиальной итальянской телячьей кожи и мягкой замши с подкладкой из нежной кожи ягненка, обеспечивающей комфорт в жаркую погоду.\n\nРазмеры: 35-41.;23000;rakg8u0bx1y4qcy;nzg3vsvajpiv1e8;rbf3iprt2z3owjd;Для женщин;"[""https://static.yeezyunique.ru/batches/6cb9ff7b-d813-4394-8e73-aeda5d06a8f2/_dK_rSRTB_E5ZJTO1to5dHff4-CyhQS6G_3J2aDg_0.jpg"",""https://static.yeezyunique.ru/batches/6cb9ff7b-d813-4394-8e73-aeda5d06a8f2/_dK_rSRTB_E5ZJTO1to5dHff4-CyhQS6G_3J2aDg_1.jpg"",""https://static.yeezyunique.ru/batches/6cb9ff7b-d813-4394-8e73-aeda5d06a8f2/_dK_rSRTB_E5ZJTO1to5dHff4-CyhQS6G_3J2aDg_2.jpg"",""https://static.yeezyunique.ru/batches/6cb9ff7b-d813-4394-8e73-aeda5d06a8f2/_dK_rSRTB_E5ZJTO1to5dHff4-CyhQS6G_3J2aDg_3.jpg"",""https://static.yeezyunique.ru/batches/6cb9ff7b-d813-4394-8e73-aeda5d06a8f2/_dK_rSRTB_E5ZJTO1to5dHff4-CyhQS6G_3J2aDg_4.jpg"",""https://static.yeezyunique.ru/batches/6cb9ff7b-d813-4394-8e73-aeda5d06a8f2/_dK_rSRTB_E5ZJTO1to5dHff4-CyhQS6G_3J2aDg_5.jpg"",""https://static.yeezyunique.ru/batches/6cb9ff7b-d813-4394-8e73-aeda5d06a8f2/_dK_rSRTB_E5ZJTO1to5dHff4-CyhQS6G_3J2aDg_6.jpg"",""https://static.yeezyunique.ru/batches/6cb9ff7b-d813-4394-8e73-aeda5d06a8f2/_dK_rSRTB_E5ZJTO1to5dHff4-CyhQS6G_3J2aDg_7.jpg"",""https://static.yeezyunique.ru/batches/6cb9ff7b-d813-4394-8e73-aeda5d06a8f2/_dK_rSRTB_E5ZJTO1to5dHff4-CyhQS6G_3J2aDg_8.jpg""]";true
_djdrSEyKTFFKd23xvCSvljjXTzsWZ0Z4x3vwRew;Hermes Сандалии;Стильные сандалии в классическом дизайне, ставшие эталоном летней моды. Модель выполнена из премиальной итальянской телячьей кожи и мягкой замши с подкладкой из нежной кожи ягненка, обеспечивающей комфорт в жаркую погоду.\n\nРазмеры: 35-41.;23000;rakg8u0bx1y4qcy;nzg3vsvajpiv1e8;rbf3iprt2z3owjd;Для женщин;"[""https://static.yeezyunique.ru/batches/6cb9ff7b-d813-4394-8e73-aeda5d06a8f2/_djdrSEyKTFFKd23xvCSvljjXTzsWZ0Z4x3vwRew_0.jpg"",""https://static.yeezyunique.ru/batches/6cb9ff7b-d813-4394-8e73-aeda5d06a8f2/_djdrSEyKTFFKd23xvCSvljjXTzsWZ0Z4x3vwRew_1.jpg"",""https://static.yeezyunique.ru/batches/6cb9ff7b-d813-4394-8e73-aeda5d06a8f2/_djdrSEyKTFFKd23xvCSvljjXTzsWZ0Z4x3vwRew_2.jpg"",""https://static.yeezyunique.ru/batches/6cb9ff7b-d813-4394-8e73-aeda5d06a8f2/_djdrSEyKTFFKd23xvCSvljjXTzsWZ0Z4x3vwRew_3.jpg"",""https://static.yeezyunique.ru/batches/6cb9ff7b-d813-4394-8e73-aeda5d06a8f2/_djdrSEyKTFFKd23xvCSvljjXTzsWZ0Z4x3vwRew_4.jpg"",""https://static.yeezyunique.ru/batches/6cb9ff7b-d813-4394-8e73-aeda5d06a8f2/_djdrSEyKTFFKd23xvCSvljjXTzsWZ0Z4x3vwRew_5.jpg"",""https://static.yeezyunique.ru/batches/6cb9ff7b-d813-4394-8e73-aeda5d06a8f2/_djdrSEyKTFFKd23xvCSvljjXTzsWZ0Z4x3vwRew_6.jpg"",""https://static.yeezyunique.ru/batches/6cb9ff7b-d813-4394-8e73-aeda5d06a8f2/_djdrSEyKTFFKd23xvCSvljjXTzsWZ0Z4x3vwRew_7.jpg"",""https://static.yeezyunique.ru/batches/6cb9ff7b-d813-4394-8e73-aeda5d06a8f2/_djdrSEyKTFFKd23xvCSvljjXTzsWZ0Z4x3vwRew_8.jpg""]";true
_d-frSWqKadIjta9BYaybG8CMG0uWhLLgB02oCVA;Hermes Сандалии;Стильные сандалии в классическом дизайне, ставшие эталоном летней моды. Модель выполнена из премиальной итальянской телячьей кожи и мягкой замши с подкладкой из нежной кожи ягненка, обеспечивающей комфорт в жаркую погоду.\n\nРазмеры: 35-41.;23000;rakg8u0bx1y4qcy;nzg3vsvajpiv1e8;rbf3iprt2z3owjd;Для женщин;"[""https://static.yeezyunique.ru/batches/6cb9ff7b-d813-4394-8e73-aeda5d06a8f2/_d-frSWqKadIjta9BYaybG8CMG0uWhLLgB02oCVA_0.jpg"",""https://static.yeezyunique.ru/batches/6cb9ff7b-d813-4394-8e73-aeda5d06a8f2/_d-frSWqKadIjta9BYaybG8CMG0uWhLLgB02oCVA_1.jpg"",""https://static.yeezyunique.ru/batches/6cb9ff7b-d813-4394-8e73-aeda5d06a8f2/_d-frSWqKadIjta9BYaybG8CMG0uWhLLgB02oCVA_2.jpg"",""https://static.yeezyunique.ru/batches/6cb9ff7b-d813-4394-8e73-aeda5d06a8f2/_d-frSWqKadIjta9BYaybG8CMG0uWhLLgB02oCVA_3.jpg"",""https://static.yeezyunique.ru/batches/6cb9ff7b-d813-4394-8e73-aeda5d06a8f2/_d-frSWqKadIjta9BYaybG8CMG0uWhLLgB02oCVA_4.jpg"",""https://static.yeezyunique.ru/batches/6cb9ff7b-d813-4394-8e73-aeda5d06a8f2/_d-frSWqKadIjta9BYaybG8CMG0uWhLLgB02oCVA_5.jpg"",""https://static.yeezyunique.ru/batches/6cb9ff7b-d813-4394-8e73-aeda5d06a8f2/_d-frSWqKadIjta9BYaybG8CMG0uWhLLgB02oCVA_6.jpg"",""https://static.yeezyunique.ru/batches/6cb9ff7b-d813-4394-8e73-aeda5d06a8f2/_d-frSWqKadIjta9BYaybG8CMG0uWhLLgB02oCVA_7.jpg"",""https://static.yeezyunique.ru/batches/6cb9ff7b-d813-4394-8e73-aeda5d06a8f2/_d-frSWqKadIjta9BYaybG8CMG0uWhLLgB02oCVA_8.jpg""]";true
_datrSrSBgedfbT_12PaohX99lTds6MOEEFuzRcA;Hermes Сандалии;Стильные сандалии в классическом дизайне, ставшие эталоном летней моды. Модель выполнена из премиальной итальянской телячьей кожи и мягкой замши с подкладкой из нежной кожи ягненка, обеспечивающей комфорт в жаркую погоду.\n\nРазмеры: 35-41.;23000;rakg8u0bx1y4qcy;nzg3vsvajpiv1e8;rbf3iprt2z3owjd;Для женщин;"[""https://static.yeezyunique.ru/batches/6cb9ff7b-d813-4394-8e73-aeda5d06a8f2/_datrSrSBgedfbT_12PaohX99lTds6MOEEFuzRcA_0.jpg"",""https://static.yeezyunique.ru/batches/6cb9ff7b-d813-4394-8e73-aeda5d06a8f2/_datrSrSBgedfbT_12PaohX99lTds6MOEEFuzRcA_1.jpg"",""https://static.yeezyunique.ru/batches/6cb9ff7b-d813-4394-8e73-aeda5d06a8f2/_datrSrSBgedfbT_12PaohX99lTds6MOEEFuzRcA_2.jpg"",""https://static.yeezyunique.ru/batches/6cb9ff7b-d813-4394-8e73-aeda5d06a8f2/_datrSrSBgedfbT_12PaohX99lTds6MOEEFuzRcA_3.jpg"",""https://static.yeezyunique.ru/batches/6cb9ff7b-d813-4394-8e73-aeda5d06a8f2/_datrSrSBgedfbT_12PaohX99lTds6MOEEFuzRcA_4.jpg"",""https://static.yeezyunique.ru/batches/6cb9ff7b-d813-4394-8e73-aeda5d06a8f2/_datrSrSBgedfbT_12PaohX99lTds6MOEEFuzRcA_5.jpg"",""https://static.yeezyunique.ru/batches/6cb9ff7b-d813-4394-8e73-aeda5d06a8f2/_datrSrSBgedfbT_12PaohX99lTds6MOEEFuzRcA_6.jpg"",""https://static.yeezyunique.ru/batches/6cb9ff7b-d813-4394-8e73-aeda5d06a8f2/_datrSrSBgedfbT_12PaohX99lTds6MOEEFuzRcA_7.jpg"",""https://static.yeezyunique.ru/batches/6cb9ff7b-d813-4394-8e73-aeda5d06a8f2/_datrSrSBgedfbT_12PaohX99lTds6MOEEFuzRcA_8.jpg""]";true
_d-PrSfxPxchtUavRjUiNGyw5xuWKJtH9DCl11jg;Hermes Сандалии;Стильные сандалии в классическом дизайне, которые станут идеальным дополнением летнего гардероба. Модель выполнена из премиальной итальянской телячьей кожи с подкладкой из нежной овечьей кожи и дополнена комфортной подошвой из натурального каучука.\n\nРазмеры: 35-41.;23000;rakg8u0bx1y4qcy;nzg3vsvajpiv1e8;rbf3iprt2z3owjd;Для женщин;"[""https://static.yeezyunique.ru/batches/6cb9ff7b-d813-4394-8e73-aeda5d06a8f2/_d-PrSfxPxchtUavRjUiNGyw5xuWKJtH9DCl11jg_0.jpg"",""https://static.yeezyunique.ru/batches/6cb9ff7b-d813-4394-8e73-aeda5d06a8f2/_d-PrSfxPxchtUavRjUiNGyw5xuWKJtH9DCl11jg_1.jpg"",""https://static.yeezyunique.ru/batches/6cb9ff7b-d813-4394-8e73-aeda5d06a8f2/_d-PrSfxPxchtUavRjUiNGyw5xuWKJtH9DCl11jg_2.jpg"",""https://static.yeezyunique.ru/batches/6cb9ff7b-d813-4394-8e73-aeda5d06a8f2/_d-PrSfxPxchtUavRjUiNGyw5xuWKJtH9DCl11jg_3.jpg"",""https://static.yeezyunique.ru/batches/6cb9ff7b-d813-4394-8e73-aeda5d06a8f2/_d-PrSfxPxchtUavRjUiNGyw5xuWKJtH9DCl11jg_4.jpg"",""https://static.yeezyunique.ru/batches/6cb9ff7b-d813-4394-8e73-aeda5d06a8f2/_d-PrSfxPxchtUavRjUiNGyw5xuWKJtH9DCl11jg_5.jpg"",""https://static.yeezyunique.ru/batches/6cb9ff7b-d813-4394-8e73-aeda5d06a8f2/_d-PrSfxPxchtUavRjUiNGyw5xuWKJtH9DCl11jg_6.jpg"",""https://static.yeezyunique.ru/batches/6cb9ff7b-d813-4394-8e73-aeda5d06a8f2/_d-PrSfxPxchtUavRjUiNGyw5xuWKJtH9DCl11jg_7.jpg"",""https://static.yeezyunique.ru/batches/6cb9ff7b-d813-4394-8e73-aeda5d06a8f2/_d-PrSfxPxchtUavRjUiNGyw5xuWKJtH9DCl11jg_8.jpg""]";true
_dexrSXIiHUJb-8BkIBR9filtIUZSz-yeaDWnsXA;Hermes Сандалии;Стильные сандалии в классическом дизайне, которые станут идеальным дополнением летнего гардероба. Модель выполнена из премиальной итальянской телячьей кожи с подкладкой из нежной овечьей кожи и дополнена комфортной подошвой из натурального каучука.\n\nРазмеры: 35-41.;23000;rakg8u0bx1y4qcy;nzg3vsvajpiv1e8;rbf3iprt2z3owjd;Для женщин;"[""https://static.yeezyunique.ru/batches/6cb9ff7b-d813-4394-8e73-aeda5d06a8f2/_dexrSXIiHUJb-8BkIBR9filtIUZSz-yeaDWnsXA_0.jpg"",""https://static.yeezyunique.ru/batches/6cb9ff7b-d813-4394-8e73-aeda5d06a8f2/_dexrSXIiHUJb-8BkIBR9filtIUZSz-yeaDWnsXA_1.jpg"",""https://static.yeezyunique.ru/batches/6cb9ff7b-d813-4394-8e73-aeda5d06a8f2/_dexrSXIiHUJb-8BkIBR9filtIUZSz-yeaDWnsXA_2.jpg"",""https://static.yeezyunique.ru/batches/6cb9ff7b-d813-4394-8e73-aeda5d06a8f2/_dexrSXIiHUJb-8BkIBR9filtIUZSz-yeaDWnsXA_3.jpg"",""https://static.yeezyunique.ru/batches/6cb9ff7b-d813-4394-8e73-aeda5d06a8f2/_dexrSXIiHUJb-8BkIBR9filtIUZSz-yeaDWnsXA_4.jpg"",""https://static.yeezyunique.ru/batches/6cb9ff7b-d813-4394-8e73-aeda5d06a8f2/_dexrSXIiHUJb-8BkIBR9filtIUZSz-yeaDWnsXA_5.jpg"",""https://static.yeezyunique.ru/batches/6cb9ff7b-d813-4394-8e73-aeda5d06a8f2/_dexrSXIiHUJb-8BkIBR9filtIUZSz-yeaDWnsXA_6.jpg"",""https://static.yeezyunique.ru/batches/6cb9ff7b-d813-4394-8e73-aeda5d06a8f2/_dexrSXIiHUJb-8BkIBR9filtIUZSz-yeaDWnsXA_7.jpg"",""https://static.yeezyunique.ru/batches/6cb9ff7b-d813-4394-8e73-aeda5d06a8f2/_dexrSXIiHUJb-8BkIBR9filtIUZSz-yeaDWnsXA_8.jpg""]";true
_dyCrSarR45aOCUEJDIh9GoCMm0Marw1lhNKVXmg;Hermes Сандалии;Стильные сандалии в классическом дизайне, ставшие эталоном летней моды. Модель выполнена из премиальной итальянской телячьей кожи и мягкой замши с подкладкой из натуральной кожи ягненка, обеспечивающей комфорт в жаркую погоду.\n\nРазмеры: 35-41.;23000;rakg8u0bx1y4qcy;nzg3vsvajpiv1e8;rbf3iprt2z3owjd;Для женщин;"[""https://static.yeezyunique.ru/batches/6cb9ff7b-d813-4394-8e73-aeda5d06a8f2/_dyCrSarR45aOCUEJDIh9GoCMm0Marw1lhNKVXmg_0.jpg"",""https://static.yeezyunique.ru/batches/6cb9ff7b-d813-4394-8e73-aeda5d06a8f2/_dyCrSarR45aOCUEJDIh9GoCMm0Marw1lhNKVXmg_1.jpg"",""https://static.yeezyunique.ru/batches/6cb9ff7b-d813-4394-8e73-aeda5d06a8f2/_dyCrSarR45aOCUEJDIh9GoCMm0Marw1lhNKVXmg_2.jpg"",""https://static.yeezyunique.ru/batches/6cb9ff7b-d813-4394-8e73-aeda5d06a8f2/_dyCrSarR45aOCUEJDIh9GoCMm0Marw1lhNKVXmg_3.jpg"",""https://static.yeezyunique.ru/batches/6cb9ff7b-d813-4394-8e73-aeda5d06a8f2/_dyCrSarR45aOCUEJDIh9GoCMm0Marw1lhNKVXmg_4.jpg"",""https://static.yeezyunique.ru/batches/6cb9ff7b-d813-4394-8e73-aeda5d06a8f2/_dyCrSarR45aOCUEJDIh9GoCMm0Marw1lhNKVXmg_5.jpg"",""https://static.yeezyunique.ru/batches/6cb9ff7b-d813-4394-8e73-aeda5d06a8f2/_dyCrSarR45aOCUEJDIh9GoCMm0Marw1lhNKVXmg_6.jpg"",""https://static.yeezyunique.ru/batches/6cb9ff7b-d813-4394-8e73-aeda5d06a8f2/_dyCrSarR45aOCUEJDIh9GoCMm0Marw1lhNKVXmg_7.jpg"",""https://static.yeezyunique.ru/batches/6cb9ff7b-d813-4394-8e73-aeda5d06a8f2/_dyCrSarR45aOCUEJDIh9GoCMm0Marw1lhNKVXmg_8.jpg""]";true
_dA2rSPoLEdT6dkYveBgWO-gCtwU4OzkJEYpoLfQ;Hermes Сандалии;Стильные сандалии в классическом дизайне, которые станут идеальным дополнением летнего гардероба. Модель выполнена из премиальной итальянской телячьей кожи с подкладкой из мягкой кожи ягненка и дополнена комфортной подошвой из натурального каучука.\n\nРазмеры: 35-41.;23000;rakg8u0bx1y4qcy;nzg3vsvajpiv1e8;rbf3iprt2z3owjd;Для женщин;"[""https://static.yeezyunique.ru/batches/6cb9ff7b-d813-4394-8e73-aeda5d06a8f2/_dA2rSPoLEdT6dkYveBgWO-gCtwU4OzkJEYpoLfQ_0.jpg"",""https://static.yeezyunique.ru/batches/6cb9ff7b-d813-4394-8e73-aeda5d06a8f2/_dA2rSPoLEdT6dkYveBgWO-gCtwU4OzkJEYpoLfQ_1.jpg"",""https://static.yeezyunique.ru/batches/6cb9ff7b-d813-4394-8e73-aeda5d06a8f2/_dA2rSPoLEdT6dkYveBgWO-gCtwU4OzkJEYpoLfQ_2.jpg"",""https://static.yeezyunique.ru/batches/6cb9ff7b-d813-4394-8e73-aeda5d06a8f2/_dA2rSPoLEdT6dkYveBgWO-gCtwU4OzkJEYpoLfQ_3.jpg"",""https://static.yeezyunique.ru/batches/6cb9ff7b-d813-4394-8e73-aeda5d06a8f2/_dA2rSPoLEdT6dkYveBgWO-gCtwU4OzkJEYpoLfQ_4.jpg"",""https://static.yeezyunique.ru/batches/6cb9ff7b-d813-4394-8e73-aeda5d06a8f2/_dA2rSPoLEdT6dkYveBgWO-gCtwU4OzkJEYpoLfQ_5.jpg"",""https://static.yeezyunique.ru/batches/6cb9ff7b-d813-4394-8e73-aeda5d06a8f2/_dA2rSPoLEdT6dkYveBgWO-gCtwU4OzkJEYpoLfQ_6.jpg"",""https://static.yeezyunique.ru/batches/6cb9ff7b-d813-4394-8e73-aeda5d06a8f2/_dA2rSPoLEdT6dkYveBgWO-gCtwU4OzkJEYpoLfQ_7.jpg"",""https://static.yeezyunique.ru/batches/6cb9ff7b-d813-4394-8e73-aeda5d06a8f2/_dA2rSPoLEdT6dkYveBgWO-gCtwU4OzkJEYpoLfQ_8.jpg""]";true
_drarS9gtaQ9-qasEJC8Kfel3WosBQWrL4kvv1Gg;Hermes Сандалии;Стильные сандалии в классическом дизайне, ставшие эталоном летней моды. Модель выполнена из премиальной итальянской телячьей кожи и мягкой замши с подкладкой из нежной кожи ягненка, обеспечивающей комфорт в жаркую погоду.\n\nРазмеры: 35-41.;23000;rakg8u0bx1y4qcy;nzg3vsvajpiv1e8;rbf3iprt2z3owjd;Для женщин;"[""https://static.yeezyunique.ru/batches/6cb9ff7b-d813-4394-8e73-aeda5d06a8f2/_drarS9gtaQ9-qasEJC8Kfel3WosBQWrL4kvv1Gg_0.jpg"",""https://static.yeezyunique.ru/batches/6cb9ff7b-d813-4394-8e73-aeda5d06a8f2/_drarS9gtaQ9-qasEJC8Kfel3WosBQWrL4kvv1Gg_1.jpg"",""https://static.yeezyunique.ru/batches/6cb9ff7b-d813-4394-8e73-aeda5d06a8f2/_drarS9gtaQ9-qasEJC8Kfel3WosBQWrL4kvv1Gg_2.jpg"",""https://static.yeezyunique.ru/batches/6cb9ff7b-d813-4394-8e73-aeda5d06a8f2/_drarS9gtaQ9-qasEJC8Kfel3WosBQWrL4kvv1Gg_3.jpg"",""https://static.yeezyunique.ru/batches/6cb9ff7b-d813-4394-8e73-aeda5d06a8f2/_drarS9gtaQ9-qasEJC8Kfel3WosBQWrL4kvv1Gg_4.jpg"",""https://static.yeezyunique.ru/batches/6cb9ff7b-d813-4394-8e73-aeda5d06a8f2/_drarS9gtaQ9-qasEJC8Kfel3WosBQWrL4kvv1Gg_5.jpg"",""https://static.yeezyunique.ru/batches/6cb9ff7b-d813-4394-8e73-aeda5d06a8f2/_drarS9gtaQ9-qasEJC8Kfel3WosBQWrL4kvv1Gg_6.jpg"",""https://static.yeezyunique.ru/batches/6cb9ff7b-d813-4394-8e73-aeda5d06a8f2/_drarS9gtaQ9-qasEJC8Kfel3WosBQWrL4kvv1Gg_7.jpg"",""https://static.yeezyunique.ru/batches/6cb9ff7b-d813-4394-8e73-aeda5d06a8f2/_drarS9gtaQ9-qasEJC8Kfel3WosBQWrL4kvv1Gg_8.jpg""]";true
_dtprSArP4_xoJQG6H1OY6Y8rQjr3h8i3piyj0lw;Hermes Сандалии;Стильные сандалии в классическом дизайне, ставшие эталоном летней моды. Модель выполнена из премиальной итальянской телячьей кожи и мягкой замши с подкладкой из нежной кожи ягненка, обеспечивающей комфорт в жаркую погоду.\n\nРазмеры: 35-41.;23000;rakg8u0bx1y4qcy;nzg3vsvajpiv1e8;rbf3iprt2z3owjd;Для женщин;"[""https://static.yeezyunique.ru/batches/6cb9ff7b-d813-4394-8e73-aeda5d06a8f2/_dtprSArP4_xoJQG6H1OY6Y8rQjr3h8i3piyj0lw_0.jpg"",""https://static.yeezyunique.ru/batches/6cb9ff7b-d813-4394-8e73-aeda5d06a8f2/_dtprSArP4_xoJQG6H1OY6Y8rQjr3h8i3piyj0lw_1.jpg"",""https://static.yeezyunique.ru/batches/6cb9ff7b-d813-4394-8e73-aeda5d06a8f2/_dtprSArP4_xoJQG6H1OY6Y8rQjr3h8i3piyj0lw_2.jpg"",""https://static.yeezyunique.ru/batches/6cb9ff7b-d813-4394-8e73-aeda5d06a8f2/_dtprSArP4_xoJQG6H1OY6Y8rQjr3h8i3piyj0lw_3.jpg"",""https://static.yeezyunique.ru/batches/6cb9ff7b-d813-4394-8e73-aeda5d06a8f2/_dtprSArP4_xoJQG6H1OY6Y8rQjr3h8i3piyj0lw_4.jpg"",""https://static.yeezyunique.ru/batches/6cb9ff7b-d813-4394-8e73-aeda5d06a8f2/_dtprSArP4_xoJQG6H1OY6Y8rQjr3h8i3piyj0lw_5.jpg"",""https://static.yeezyunique.ru/batches/6cb9ff7b-d813-4394-8e73-aeda5d06a8f2/_dtprSArP4_xoJQG6H1OY6Y8rQjr3h8i3piyj0lw_6.jpg"",""https://static.yeezyunique.ru/batches/6cb9ff7b-d813-4394-8e73-aeda5d06a8f2/_dtprSArP4_xoJQG6H1OY6Y8rQjr3h8i3piyj0lw_7.jpg"",""https://static.yeezyunique.ru/batches/6cb9ff7b-d813-4394-8e73-aeda5d06a8f2/_dtprSArP4_xoJQG6H1OY6Y8rQjr3h8i3piyj0lw_8.jpg""]";true
_dpvrS6mrwcqh-WfEWH8abXMXcNoMfvgJQIBeDdQ;Hermes Сандалии;Стильные сандалии в классическом дизайне, которые станут идеальным дополнением летнего гардероба. Модель выполнена из премиальной итальянской телячьей кожи и мягкой замши с подкладкой из натуральной кожи ягненка, обеспечивающей комфорт при носке.\n\nРазмеры: 35-41.;23000;rakg8u0bx1y4qcy;nzg3vsvajpiv1e8;rbf3iprt2z3owjd;Для женщин;"[""https://static.yeezyunique.ru/batches/6cb9ff7b-d813-4394-8e73-aeda5d06a8f2/_dpvrS6mrwcqh-WfEWH8abXMXcNoMfvgJQIBeDdQ_0.jpg"",""https://static.yeezyunique.ru/batches/6cb9ff7b-d813-4394-8e73-aeda5d06a8f2/_dpvrS6mrwcqh-WfEWH8abXMXcNoMfvgJQIBeDdQ_1.jpg"",""https://static.yeezyunique.ru/batches/6cb9ff7b-d813-4394-8e73-aeda5d06a8f2/_dpvrS6mrwcqh-WfEWH8abXMXcNoMfvgJQIBeDdQ_2.jpg"",""https://static.yeezyunique.ru/batches/6cb9ff7b-d813-4394-8e73-aeda5d06a8f2/_dpvrS6mrwcqh-WfEWH8abXMXcNoMfvgJQIBeDdQ_3.jpg"",""https://static.yeezyunique.ru/batches/6cb9ff7b-d813-4394-8e73-aeda5d06a8f2/_dpvrS6mrwcqh-WfEWH8abXMXcNoMfvgJQIBeDdQ_4.jpg"",""https://static.yeezyunique.ru/batches/6cb9ff7b-d813-4394-8e73-aeda5d06a8f2/_dpvrS6mrwcqh-WfEWH8abXMXcNoMfvgJQIBeDdQ_5.jpg"",""https://static.yeezyunique.ru/batches/6cb9ff7b-d813-4394-8e73-aeda5d06a8f2/_dpvrS6mrwcqh-WfEWH8abXMXcNoMfvgJQIBeDdQ_6.jpg"",""https://static.yeezyunique.ru/batches/6cb9ff7b-d813-4394-8e73-aeda5d06a8f2/_dpvrS6mrwcqh-WfEWH8abXMXcNoMfvgJQIBeDdQ_7.jpg"",""https://static.yeezyunique.ru/batches/6cb9ff7b-d813-4394-8e73-aeda5d06a8f2/_dpvrS6mrwcqh-WfEWH8abXMXcNoMfvgJQIBeDdQ_8.jpg""]";true
_d8jrS3l2JGAw5CzjdvrZ7gM3v0eChRI3KN8fWDQ;Nike Кроссовки;Легкие и дышащие кроссовки из коллаборации Nike и Jacquemus в стильном коричневом цвете. Модель выполнена из комбинации премиальной натуральной кожи и высокотехнологичных спортивных материалов, обеспечивающих отличную вентиляцию и комфорт.\n\nРазмеры: 36-40 (женские), 39-45 (мужские).;23000;in8rn6nn4rfbezj;nzg3vsvajpiv1e8;ll3hofpd5wqxr81;Унисекс;"[""https://static.yeezyunique.ru/batches/6cb9ff7b-d813-4394-8e73-aeda5d06a8f2/_d8jrS3l2JGAw5CzjdvrZ7gM3v0eChRI3KN8fWDQ_0.jpg"",""https://static.yeezyunique.ru/batches/6cb9ff7b-d813-4394-8e73-aeda5d06a8f2/_d8jrS3l2JGAw5CzjdvrZ7gM3v0eChRI3KN8fWDQ_1.jpg"",""https://static.yeezyunique.ru/batches/6cb9ff7b-d813-4394-8e73-aeda5d06a8f2/_d8jrS3l2JGAw5CzjdvrZ7gM3v0eChRI3KN8fWDQ_2.jpg"",""https://static.yeezyunique.ru/batches/6cb9ff7b-d813-4394-8e73-aeda5d06a8f2/_d8jrS3l2JGAw5CzjdvrZ7gM3v0eChRI3KN8fWDQ_3.jpg"",""https://static.yeezyunique.ru/batches/6cb9ff7b-d813-4394-8e73-aeda5d06a8f2/_d8jrS3l2JGAw5CzjdvrZ7gM3v0eChRI3KN8fWDQ_4.jpg"",""https://static.yeezyunique.ru/batches/6cb9ff7b-d813-4394-8e73-aeda5d06a8f2/_d8jrS3l2JGAw5CzjdvrZ7gM3v0eChRI3KN8fWDQ_5.jpg"",""https://static.yeezyunique.ru/batches/6cb9ff7b-d813-4394-8e73-aeda5d06a8f2/_d8jrS3l2JGAw5CzjdvrZ7gM3v0eChRI3KN8fWDQ_6.jpg"",""https://static.yeezyunique.ru/batches/6cb9ff7b-d813-4394-8e73-aeda5d06a8f2/_d8jrS3l2JGAw5CzjdvrZ7gM3v0eChRI3KN8fWDQ_7.jpg"",""https://static.yeezyunique.ru/batches/6cb9ff7b-d813-4394-8e73-aeda5d06a8f2/_d8jrS3l2JGAw5CzjdvrZ7gM3v0eChRI3KN8fWDQ_8.jpg""]";true
_d-GrS-_ZoyGflkGfSDpxK9OLe8G1i5TgrvS1asQ;Nike Кроссовки;Легкие и дышащие кроссовки из коллаборации Nike и Jacquemus. Модель выполнена из комбинации премиальной импортной кожи и высокотехнологичных спортивных материалов, обеспечивающих исключительный комфорт и легкость при ходьбе.\n\nРазмеры: 36-45.;23000;in8rn6nn4rfbezj;nzg3vsvajpiv1e8;ll3hofpd5wqxr81;Унисекс;"[""https://static.yeezyunique.ru/batches/6cb9ff7b-d813-4394-8e73-aeda5d06a8f2/_d-GrS-_ZoyGflkGfSDpxK9OLe8G1i5TgrvS1asQ_0.jpg"",""https://static.yeezyunique.ru/batches/6cb9ff7b-d813-4394-8e73-aeda5d06a8f2/_d-GrS-_ZoyGflkGfSDpxK9OLe8G1i5TgrvS1asQ_1.jpg"",""https://static.yeezyunique.ru/batches/6cb9ff7b-d813-4394-8e73-aeda5d06a8f2/_d-GrS-_ZoyGflkGfSDpxK9OLe8G1i5TgrvS1asQ_2.jpg"",""https://static.yeezyunique.ru/batches/6cb9ff7b-d813-4394-8e73-aeda5d06a8f2/_d-GrS-_ZoyGflkGfSDpxK9OLe8G1i5TgrvS1asQ_3.jpg"",""https://static.yeezyunique.ru/batches/6cb9ff7b-d813-4394-8e73-aeda5d06a8f2/_d-GrS-_ZoyGflkGfSDpxK9OLe8G1i5TgrvS1asQ_4.jpg"",""https://static.yeezyunique.ru/batches/6cb9ff7b-d813-4394-8e73-aeda5d06a8f2/_d-GrS-_ZoyGflkGfSDpxK9OLe8G1i5TgrvS1asQ_5.jpg"",""https://static.yeezyunique.ru/batches/6cb9ff7b-d813-4394-8e73-aeda5d06a8f2/_d-GrS-_ZoyGflkGfSDpxK9OLe8G1i5TgrvS1asQ_6.jpg"",""https://static.yeezyunique.ru/batches/6cb9ff7b-d813-4394-8e73-aeda5d06a8f2/_d-GrS-_ZoyGflkGfSDpxK9OLe8G1i5TgrvS1asQ_7.jpg"",""https://static.yeezyunique.ru/batches/6cb9ff7b-d813-4394-8e73-aeda5d06a8f2/_d-GrS-_ZoyGflkGfSDpxK9OLe8G1i5TgrvS1asQ_8.jpg""]";true
_dw7rSmx1Sg_U0uSR3-_z0J7jrnDmBdDUwzhTZfg;Nike Кроссовки;Легкие и дышащие кроссовки из коллаборации Nike и Jacquemus. Модель выполнена из комбинации премиальной импортной кожи и высокотехнологичных спортивных материалов, обеспечивающих исключительный комфорт и легкость при ходьбе.\n\nРазмеры: 36-45 (унисекс).;23000;in8rn6nn4rfbezj;nzg3vsvajpiv1e8;ll3hofpd5wqxr81;Унисекс;"[""https://static.yeezyunique.ru/batches/6cb9ff7b-d813-4394-8e73-aeda5d06a8f2/_dw7rSmx1Sg_U0uSR3-_z0J7jrnDmBdDUwzhTZfg_0.jpg"",""https://static.yeezyunique.ru/batches/6cb9ff7b-d813-4394-8e73-aeda5d06a8f2/_dw7rSmx1Sg_U0uSR3-_z0J7jrnDmBdDUwzhTZfg_1.jpg"",""https://static.yeezyunique.ru/batches/6cb9ff7b-d813-4394-8e73-aeda5d06a8f2/_dw7rSmx1Sg_U0uSR3-_z0J7jrnDmBdDUwzhTZfg_2.jpg"",""https://static.yeezyunique.ru/batches/6cb9ff7b-d813-4394-8e73-aeda5d06a8f2/_dw7rSmx1Sg_U0uSR3-_z0J7jrnDmBdDUwzhTZfg_3.jpg"",""https://static.yeezyunique.ru/batches/6cb9ff7b-d813-4394-8e73-aeda5d06a8f2/_dw7rSmx1Sg_U0uSR3-_z0J7jrnDmBdDUwzhTZfg_4.jpg"",""https://static.yeezyunique.ru/batches/6cb9ff7b-d813-4394-8e73-aeda5d06a8f2/_dw7rSmx1Sg_U0uSR3-_z0J7jrnDmBdDUwzhTZfg_5.jpg"",""https://static.yeezyunique.ru/batches/6cb9ff7b-d813-4394-8e73-aeda5d06a8f2/_dw7rSmx1Sg_U0uSR3-_z0J7jrnDmBdDUwzhTZfg_6.jpg"",""https://static.yeezyunique.ru/batches/6cb9ff7b-d813-4394-8e73-aeda5d06a8f2/_dw7rSmx1Sg_U0uSR3-_z0J7jrnDmBdDUwzhTZfg_7.jpg"",""https://static.yeezyunique.ru/batches/6cb9ff7b-d813-4394-8e73-aeda5d06a8f2/_dw7rSmx1Sg_U0uSR3-_z0J7jrnDmBdDUwzhTZfg_8.jpg""]";true
_disrSxzKYlXg5ynzUlvPGwVt_M42oHxZKkaPkYw;Nike Кроссовки;Стильные кроссовки из коллаборации Nike и Jacquemus. Модель выполнена из комбинации премиальной натуральной кожи и высокотехнологичных дышащих материалов, обеспечивающих легкость и комфорт при носке.\n\nРазмеры: 36-40 (женские), 40.5-45 (мужские).;23000;in8rn6nn4rfbezj;nzg3vsvajpiv1e8;ll3hofpd5wqxr81;Унисекс;"[""https://static.yeezyunique.ru/batches/6cb9ff7b-d813-4394-8e73-aeda5d06a8f2/_disrSxzKYlXg5ynzUlvPGwVt_M42oHxZKkaPkYw_0.jpg"",""https://static.yeezyunique.ru/batches/6cb9ff7b-d813-4394-8e73-aeda5d06a8f2/_disrSxzKYlXg5ynzUlvPGwVt_M42oHxZKkaPkYw_1.jpg"",""https://static.yeezyunique.ru/batches/6cb9ff7b-d813-4394-8e73-aeda5d06a8f2/_disrSxzKYlXg5ynzUlvPGwVt_M42oHxZKkaPkYw_2.jpg"",""https://static.yeezyunique.ru/batches/6cb9ff7b-d813-4394-8e73-aeda5d06a8f2/_disrSxzKYlXg5ynzUlvPGwVt_M42oHxZKkaPkYw_3.jpg"",""https://static.yeezyunique.ru/batches/6cb9ff7b-d813-4394-8e73-aeda5d06a8f2/_disrSxzKYlXg5ynzUlvPGwVt_M42oHxZKkaPkYw_4.jpg"",""https://static.yeezyunique.ru/batches/6cb9ff7b-d813-4394-8e73-aeda5d06a8f2/_disrSxzKYlXg5ynzUlvPGwVt_M42oHxZKkaPkYw_5.jpg"",""https://static.yeezyunique.ru/batches/6cb9ff7b-d813-4394-8e73-aeda5d06a8f2/_disrSxzKYlXg5ynzUlvPGwVt_M42oHxZKkaPkYw_6.jpg"",""https://static.yeezyunique.ru/batches/6cb9ff7b-d813-4394-8e73-aeda5d06a8f2/_disrSxzKYlXg5ynzUlvPGwVt_M42oHxZKkaPkYw_7.jpg"",""https://static.yeezyunique.ru/batches/6cb9ff7b-d813-4394-8e73-aeda5d06a8f2/_disrSxzKYlXg5ynzUlvPGwVt_M42oHxZKkaPkYw_8.jpg""]";true
_dowrSL-tqwPxzspaYiOsFjCTFtuh0VD4WHgoZHg;Nike Кроссовки;Эксклюзивная коллаборация Nike и Jacquemus. Модель выполнена из комбинации премиальной импортной кожи и высокотехнологичных спортивных материалов, обеспечивающих исключительную легкость и отличную воздухопроницаемость.\n\nРазмеры: 36-45.;23000;in8rn6nn4rfbezj;nzg3vsvajpiv1e8;ll3hofpd5wqxr81;Унисекс;"[""https://static.yeezyunique.ru/batches/6cb9ff7b-d813-4394-8e73-aeda5d06a8f2/_dowrSL-tqwPxzspaYiOsFjCTFtuh0VD4WHgoZHg_0.jpg"",""https://static.yeezyunique.ru/batches/6cb9ff7b-d813-4394-8e73-aeda5d06a8f2/_dowrSL-tqwPxzspaYiOsFjCTFtuh0VD4WHgoZHg_1.jpg"",""https://static.yeezyunique.ru/batches/6cb9ff7b-d813-4394-8e73-aeda5d06a8f2/_dowrSL-tqwPxzspaYiOsFjCTFtuh0VD4WHgoZHg_2.jpg"",""https://static.yeezyunique.ru/batches/6cb9ff7b-d813-4394-8e73-aeda5d06a8f2/_dowrSL-tqwPxzspaYiOsFjCTFtuh0VD4WHgoZHg_3.jpg"",""https://static.yeezyunique.ru/batches/6cb9ff7b-d813-4394-8e73-aeda5d06a8f2/_dowrSL-tqwPxzspaYiOsFjCTFtuh0VD4WHgoZHg_4.jpg"",""https://static.yeezyunique.ru/batches/6cb9ff7b-d813-4394-8e73-aeda5d06a8f2/_dowrSL-tqwPxzspaYiOsFjCTFtuh0VD4WHgoZHg_5.jpg"",""https://static.yeezyunique.ru/batches/6cb9ff7b-d813-4394-8e73-aeda5d06a8f2/_dowrSL-tqwPxzspaYiOsFjCTFtuh0VD4WHgoZHg_6.jpg"",""https://static.yeezyunique.ru/batches/6cb9ff7b-d813-4394-8e73-aeda5d06a8f2/_dowrSL-tqwPxzspaYiOsFjCTFtuh0VD4WHgoZHg_7.jpg"",""https://static.yeezyunique.ru/batches/6cb9ff7b-d813-4394-8e73-aeda5d06a8f2/_dowrSL-tqwPxzspaYiOsFjCTFtuh0VD4WHgoZHg_8.jpg""]";true
_dpgrSQYWdMVc-gIbWe3geCdj5P7XiS7j_MbKH7w;Nike Кроссовки;Легкие и невероятно комфортные кроссовки из коллаборации Nike и Jacquemus в нежном розовом цвете. Модель выполнена из комбинации премиальной импортной кожи и высокотехнологичного дышащего текстиля, что обеспечивает отличную вентиляцию и легкость при ходьбе.\n\nРазмеры: 36-40.;23000;in8rn6nn4rfbezj;nzg3vsvajpiv1e8;ll3hofpd5wqxr81;Для женщин;"[""https://static.yeezyunique.ru/batches/6cb9ff7b-d813-4394-8e73-aeda5d06a8f2/_dpgrSQYWdMVc-gIbWe3geCdj5P7XiS7j_MbKH7w_0.jpg"",""https://static.yeezyunique.ru/batches/6cb9ff7b-d813-4394-8e73-aeda5d06a8f2/_dpgrSQYWdMVc-gIbWe3geCdj5P7XiS7j_MbKH7w_1.jpg"",""https://static.yeezyunique.ru/batches/6cb9ff7b-d813-4394-8e73-aeda5d06a8f2/_dpgrSQYWdMVc-gIbWe3geCdj5P7XiS7j_MbKH7w_2.jpg"",""https://static.yeezyunique.ru/batches/6cb9ff7b-d813-4394-8e73-aeda5d06a8f2/_dpgrSQYWdMVc-gIbWe3geCdj5P7XiS7j_MbKH7w_3.jpg"",""https://static.yeezyunique.ru/batches/6cb9ff7b-d813-4394-8e73-aeda5d06a8f2/_dpgrSQYWdMVc-gIbWe3geCdj5P7XiS7j_MbKH7w_4.jpg"",""https://static.yeezyunique.ru/batches/6cb9ff7b-d813-4394-8e73-aeda5d06a8f2/_dpgrSQYWdMVc-gIbWe3geCdj5P7XiS7j_MbKH7w_5.jpg"",""https://static.yeezyunique.ru/batches/6cb9ff7b-d813-4394-8e73-aeda5d06a8f2/_dpgrSQYWdMVc-gIbWe3geCdj5P7XiS7j_MbKH7w_6.jpg"",""https://static.yeezyunique.ru/batches/6cb9ff7b-d813-4394-8e73-aeda5d06a8f2/_dpgrSQYWdMVc-gIbWe3geCdj5P7XiS7j_MbKH7w_7.jpg"",""https://static.yeezyunique.ru/batches/6cb9ff7b-d813-4394-8e73-aeda5d06a8f2/_dpgrSQYWdMVc-gIbWe3geCdj5P7XiS7j_MbKH7w_8.jpg""]";true
_dlsrSA8Lq4MylpNp76VAVlqFIFlzkw8W3Tfy7-A;Hermes Туфли;Элегантные туфли модели Jackie из коллекции ранней весны с двумя изящными ремешками. Модель выполнена из премиальной итальянской козьей кожи с подкладкой из нежной кожи ягненка и дополнена фирменной фурнитурой с палладиевым покрытием.\n\nРазмеры: 35-41.;23000;rakg8u0bx1y4qcy;nzg3vsvajpiv1e8;mect3or5ztq64fc;Для женщин;"[""https://static.yeezyunique.ru/batches/6cb9ff7b-d813-4394-8e73-aeda5d06a8f2/_dlsrSA8Lq4MylpNp76VAVlqFIFlzkw8W3Tfy7-A_0.jpg"",""https://static.yeezyunique.ru/batches/6cb9ff7b-d813-4394-8e73-aeda5d06a8f2/_dlsrSA8Lq4MylpNp76VAVlqFIFlzkw8W3Tfy7-A_1.jpg"",""https://static.yeezyunique.ru/batches/6cb9ff7b-d813-4394-8e73-aeda5d06a8f2/_dlsrSA8Lq4MylpNp76VAVlqFIFlzkw8W3Tfy7-A_2.jpg"",""https://static.yeezyunique.ru/batches/6cb9ff7b-d813-4394-8e73-aeda5d06a8f2/_dlsrSA8Lq4MylpNp76VAVlqFIFlzkw8W3Tfy7-A_3.jpg"",""https://static.yeezyunique.ru/batches/6cb9ff7b-d813-4394-8e73-aeda5d06a8f2/_dlsrSA8Lq4MylpNp76VAVlqFIFlzkw8W3Tfy7-A_4.jpg"",""https://static.yeezyunique.ru/batches/6cb9ff7b-d813-4394-8e73-aeda5d06a8f2/_dlsrSA8Lq4MylpNp76VAVlqFIFlzkw8W3Tfy7-A_5.jpg"",""https://static.yeezyunique.ru/batches/6cb9ff7b-d813-4394-8e73-aeda5d06a8f2/_dlsrSA8Lq4MylpNp76VAVlqFIFlzkw8W3Tfy7-A_6.jpg"",""https://static.yeezyunique.ru/batches/6cb9ff7b-d813-4394-8e73-aeda5d06a8f2/_dlsrSA8Lq4MylpNp76VAVlqFIFlzkw8W3Tfy7-A_7.jpg"",""https://static.yeezyunique.ru/batches/6cb9ff7b-d813-4394-8e73-aeda5d06a8f2/_dlsrSA8Lq4MylpNp76VAVlqFIFlzkw8W3Tfy7-A_8.jpg""]";true
_dfFrSA7kTThNue96MFkwZsCI6e1_7c5bY7OVYpw;Hermes Туфли;Элегантные туфли модели Jackie из коллекции ранней весны с двумя изящными ремешками. Модель выполнена из премиальной итальянской козьей кожи с подкладкой из нежной кожи ягненка и дополнена фирменной фурнитурой с палладиевым покрытием.\n\nРазмеры: 35-41.;23000;rakg8u0bx1y4qcy;nzg3vsvajpiv1e8;mect3or5ztq64fc;Для женщин;"[""https://static.yeezyunique.ru/batches/6cb9ff7b-d813-4394-8e73-aeda5d06a8f2/_dfFrSA7kTThNue96MFkwZsCI6e1_7c5bY7OVYpw_0.jpg"",""https://static.yeezyunique.ru/batches/6cb9ff7b-d813-4394-8e73-aeda5d06a8f2/_dfFrSA7kTThNue96MFkwZsCI6e1_7c5bY7OVYpw_1.jpg"",""https://static.yeezyunique.ru/batches/6cb9ff7b-d813-4394-8e73-aeda5d06a8f2/_dfFrSA7kTThNue96MFkwZsCI6e1_7c5bY7OVYpw_2.jpg"",""https://static.yeezyunique.ru/batches/6cb9ff7b-d813-4394-8e73-aeda5d06a8f2/_dfFrSA7kTThNue96MFkwZsCI6e1_7c5bY7OVYpw_3.jpg"",""https://static.yeezyunique.ru/batches/6cb9ff7b-d813-4394-8e73-aeda5d06a8f2/_dfFrSA7kTThNue96MFkwZsCI6e1_7c5bY7OVYpw_4.jpg"",""https://static.yeezyunique.ru/batches/6cb9ff7b-d813-4394-8e73-aeda5d06a8f2/_dfFrSA7kTThNue96MFkwZsCI6e1_7c5bY7OVYpw_5.jpg"",""https://static.yeezyunique.ru/batches/6cb9ff7b-d813-4394-8e73-aeda5d06a8f2/_dfFrSA7kTThNue96MFkwZsCI6e1_7c5bY7OVYpw_6.jpg"",""https://static.yeezyunique.ru/batches/6cb9ff7b-d813-4394-8e73-aeda5d06a8f2/_dfFrSA7kTThNue96MFkwZsCI6e1_7c5bY7OVYpw_7.jpg"",""https://static.yeezyunique.ru/batches/6cb9ff7b-d813-4394-8e73-aeda5d06a8f2/_dfFrSA7kTThNue96MFkwZsCI6e1_7c5bY7OVYpw_8.jpg""]";true
_d-BrS-g7rnxszij06_ccpuQ800qmCcB331dZVQQ;Fendi Кроссовки;Стильные кроссовки на массивной подошве, которые визуально удлиняют силуэт. Модель выполнена из премиальной импортной телячьей кожи с подкладкой из натуральной кожи и дышащего текстиля.\n\nРазмеры: 35-40.;23000;kxb3v0730w6mnyn;nzg3vsvajpiv1e8;ll3hofpd5wqxr81;Для женщин;"[""https://static.yeezyunique.ru/batches/6cb9ff7b-d813-4394-8e73-aeda5d06a8f2/_d-BrS-g7rnxszij06_ccpuQ800qmCcB331dZVQQ_0.jpg"",""https://static.yeezyunique.ru/batches/6cb9ff7b-d813-4394-8e73-aeda5d06a8f2/_d-BrS-g7rnxszij06_ccpuQ800qmCcB331dZVQQ_1.jpg"",""https://static.yeezyunique.ru/batches/6cb9ff7b-d813-4394-8e73-aeda5d06a8f2/_d-BrS-g7rnxszij06_ccpuQ800qmCcB331dZVQQ_2.jpg"",""https://static.yeezyunique.ru/batches/6cb9ff7b-d813-4394-8e73-aeda5d06a8f2/_d-BrS-g7rnxszij06_ccpuQ800qmCcB331dZVQQ_3.jpg"",""https://static.yeezyunique.ru/batches/6cb9ff7b-d813-4394-8e73-aeda5d06a8f2/_d-BrS-g7rnxszij06_ccpuQ800qmCcB331dZVQQ_4.jpg"",""https://static.yeezyunique.ru/batches/6cb9ff7b-d813-4394-8e73-aeda5d06a8f2/_d-BrS-g7rnxszij06_ccpuQ800qmCcB331dZVQQ_5.jpg"",""https://static.yeezyunique.ru/batches/6cb9ff7b-d813-4394-8e73-aeda5d06a8f2/_d-BrS-g7rnxszij06_ccpuQ800qmCcB331dZVQQ_6.jpg"",""https://static.yeezyunique.ru/batches/6cb9ff7b-d813-4394-8e73-aeda5d06a8f2/_d-BrS-g7rnxszij06_ccpuQ800qmCcB331dZVQQ_7.jpg"",""https://static.yeezyunique.ru/batches/6cb9ff7b-d813-4394-8e73-aeda5d06a8f2/_d-BrS-g7rnxszij06_ccpuQ800qmCcB331dZVQQ_8.jpg""]";true
_debrStemCk_ca4aK3hAT9k6Z_qYGCLYuwDmVjaA;Fendi Кроссовки;Стильные кроссовки на массивной подошве, которые визуально удлиняют силуэт и добавляют роста. Модель выполнена из премиальной импортной телячьей кожи с подкладкой из натуральной кожи и дышащего текстиля, дополнена оригинальными декоративными элементами.\n\nРазмеры: 35-40.;23000;kxb3v0730w6mnyn;nzg3vsvajpiv1e8;ll3hofpd5wqxr81;Для женщин;"[""https://static.yeezyunique.ru/batches/6cb9ff7b-d813-4394-8e73-aeda5d06a8f2/_debrStemCk_ca4aK3hAT9k6Z_qYGCLYuwDmVjaA_0.jpg"",""https://static.yeezyunique.ru/batches/6cb9ff7b-d813-4394-8e73-aeda5d06a8f2/_debrStemCk_ca4aK3hAT9k6Z_qYGCLYuwDmVjaA_1.jpg"",""https://static.yeezyunique.ru/batches/6cb9ff7b-d813-4394-8e73-aeda5d06a8f2/_debrStemCk_ca4aK3hAT9k6Z_qYGCLYuwDmVjaA_2.jpg"",""https://static.yeezyunique.ru/batches/6cb9ff7b-d813-4394-8e73-aeda5d06a8f2/_debrStemCk_ca4aK3hAT9k6Z_qYGCLYuwDmVjaA_3.jpg"",""https://static.yeezyunique.ru/batches/6cb9ff7b-d813-4394-8e73-aeda5d06a8f2/_debrStemCk_ca4aK3hAT9k6Z_qYGCLYuwDmVjaA_4.jpg"",""https://static.yeezyunique.ru/batches/6cb9ff7b-d813-4394-8e73-aeda5d06a8f2/_debrStemCk_ca4aK3hAT9k6Z_qYGCLYuwDmVjaA_5.jpg"",""https://static.yeezyunique.ru/batches/6cb9ff7b-d813-4394-8e73-aeda5d06a8f2/_debrStemCk_ca4aK3hAT9k6Z_qYGCLYuwDmVjaA_6.jpg"",""https://static.yeezyunique.ru/batches/6cb9ff7b-d813-4394-8e73-aeda5d06a8f2/_debrStemCk_ca4aK3hAT9k6Z_qYGCLYuwDmVjaA_7.jpg"",""https://static.yeezyunique.ru/batches/6cb9ff7b-d813-4394-8e73-aeda5d06a8f2/_debrStemCk_ca4aK3hAT9k6Z_qYGCLYuwDmVjaA_8.jpg""]";true
_dHIrShXMB7SRIhdV5DAeOZdcQ8LZ2yV0laa-bJg;Fendi Кроссовки;Стильные кроссовки из новой осенне-зимней коллекции, выполненные из комбинации премиальной итальянской замши, натурального меха пони и высокотехнологичного текстиля с принтом. Модель дополнена металлическим логотипом на язычке и удобной застежкой на липучке для легкого надевания.\n\nРазмеры: 35-40.;23000;kxb3v0730w6mnyn;nzg3vsvajpiv1e8;ll3hofpd5wqxr81;Для женщин;"[""https://static.yeezyunique.ru/batches/6cb9ff7b-d813-4394-8e73-aeda5d06a8f2/_dHIrShXMB7SRIhdV5DAeOZdcQ8LZ2yV0laa-bJg_0.jpg"",""https://static.yeezyunique.ru/batches/6cb9ff7b-d813-4394-8e73-aeda5d06a8f2/_dHIrShXMB7SRIhdV5DAeOZdcQ8LZ2yV0laa-bJg_1.jpg"",""https://static.yeezyunique.ru/batches/6cb9ff7b-d813-4394-8e73-aeda5d06a8f2/_dHIrShXMB7SRIhdV5DAeOZdcQ8LZ2yV0laa-bJg_2.jpg"",""https://static.yeezyunique.ru/batches/6cb9ff7b-d813-4394-8e73-aeda5d06a8f2/_dHIrShXMB7SRIhdV5DAeOZdcQ8LZ2yV0laa-bJg_3.jpg"",""https://static.yeezyunique.ru/batches/6cb9ff7b-d813-4394-8e73-aeda5d06a8f2/_dHIrShXMB7SRIhdV5DAeOZdcQ8LZ2yV0laa-bJg_4.jpg"",""https://static.yeezyunique.ru/batches/6cb9ff7b-d813-4394-8e73-aeda5d06a8f2/_dHIrShXMB7SRIhdV5DAeOZdcQ8LZ2yV0laa-bJg_5.jpg"",""https://static.yeezyunique.ru/batches/6cb9ff7b-d813-4394-8e73-aeda5d06a8f2/_dHIrShXMB7SRIhdV5DAeOZdcQ8LZ2yV0laa-bJg_6.jpg"",""https://static.yeezyunique.ru/batches/6cb9ff7b-d813-4394-8e73-aeda5d06a8f2/_dHIrShXMB7SRIhdV5DAeOZdcQ8LZ2yV0laa-bJg_7.jpg"",""https://static.yeezyunique.ru/batches/6cb9ff7b-d813-4394-8e73-aeda5d06a8f2/_dHIrShXMB7SRIhdV5DAeOZdcQ8LZ2yV0laa-bJg_8.jpg""]";true
_drvrS3g9GbHmhxDnfXhFVnKRWCESVIRSkLCICMw;Fendi Кроссовки;Стильные кроссовки из новой осенне-зимней коллекции, выполненные из комбинации премиальной итальянской замши, натурального меха пони и высокотехнологичного текстиля с принтом. Модель дополнена металлическим логотипом на язычке и удобной застежкой на липучке для легкого надевания.\n\nРазмеры: 35-40.;23000;kxb3v0730w6mnyn;nzg3vsvajpiv1e8;ll3hofpd5wqxr81;Для женщин;"[""https://static.yeezyunique.ru/batches/6cb9ff7b-d813-4394-8e73-aeda5d06a8f2/_drvrS3g9GbHmhxDnfXhFVnKRWCESVIRSkLCICMw_0.jpg"",""https://static.yeezyunique.ru/batches/6cb9ff7b-d813-4394-8e73-aeda5d06a8f2/_drvrS3g9GbHmhxDnfXhFVnKRWCESVIRSkLCICMw_1.jpg"",""https://static.yeezyunique.ru/batches/6cb9ff7b-d813-4394-8e73-aeda5d06a8f2/_drvrS3g9GbHmhxDnfXhFVnKRWCESVIRSkLCICMw_2.jpg"",""https://static.yeezyunique.ru/batches/6cb9ff7b-d813-4394-8e73-aeda5d06a8f2/_drvrS3g9GbHmhxDnfXhFVnKRWCESVIRSkLCICMw_3.jpg"",""https://static.yeezyunique.ru/batches/6cb9ff7b-d813-4394-8e73-aeda5d06a8f2/_drvrS3g9GbHmhxDnfXhFVnKRWCESVIRSkLCICMw_4.jpg"",""https://static.yeezyunique.ru/batches/6cb9ff7b-d813-4394-8e73-aeda5d06a8f2/_drvrS3g9GbHmhxDnfXhFVnKRWCESVIRSkLCICMw_5.jpg"",""https://static.yeezyunique.ru/batches/6cb9ff7b-d813-4394-8e73-aeda5d06a8f2/_drvrS3g9GbHmhxDnfXhFVnKRWCESVIRSkLCICMw_6.jpg"",""https://static.yeezyunique.ru/batches/6cb9ff7b-d813-4394-8e73-aeda5d06a8f2/_drvrS3g9GbHmhxDnfXhFVnKRWCESVIRSkLCICMw_7.jpg"",""https://static.yeezyunique.ru/batches/6cb9ff7b-d813-4394-8e73-aeda5d06a8f2/_drvrS3g9GbHmhxDnfXhFVnKRWCESVIRSkLCICMw_8.jpg""]";true
_dJrrSVgtRpqkZBTAzMSBLMV2fnm-dobCnIFXzNQ;Hermes Сандалии;Классические сандалии Oran с узнаваемым вырезом в форме буквы H. Модель выполнена из премиальной натуральной телячьей кожи с кожаной стелькой и подошвой из высококачественной итальянской кожи.\n\nРазмеры: 35-42.;23000;rakg8u0bx1y4qcy;nzg3vsvajpiv1e8;rbf3iprt2z3owjd;Унисекс;"[""https://static.yeezyunique.ru/batches/6cb9ff7b-d813-4394-8e73-aeda5d06a8f2/_dJrrSVgtRpqkZBTAzMSBLMV2fnm-dobCnIFXzNQ_0.jpg"",""https://static.yeezyunique.ru/batches/6cb9ff7b-d813-4394-8e73-aeda5d06a8f2/_dJrrSVgtRpqkZBTAzMSBLMV2fnm-dobCnIFXzNQ_1.jpg"",""https://static.yeezyunique.ru/batches/6cb9ff7b-d813-4394-8e73-aeda5d06a8f2/_dJrrSVgtRpqkZBTAzMSBLMV2fnm-dobCnIFXzNQ_2.jpg"",""https://static.yeezyunique.ru/batches/6cb9ff7b-d813-4394-8e73-aeda5d06a8f2/_dJrrSVgtRpqkZBTAzMSBLMV2fnm-dobCnIFXzNQ_3.jpg"",""https://static.yeezyunique.ru/batches/6cb9ff7b-d813-4394-8e73-aeda5d06a8f2/_dJrrSVgtRpqkZBTAzMSBLMV2fnm-dobCnIFXzNQ_4.jpg"",""https://static.yeezyunique.ru/batches/6cb9ff7b-d813-4394-8e73-aeda5d06a8f2/_dJrrSVgtRpqkZBTAzMSBLMV2fnm-dobCnIFXzNQ_5.jpg"",""https://static.yeezyunique.ru/batches/6cb9ff7b-d813-4394-8e73-aeda5d06a8f2/_dJrrSVgtRpqkZBTAzMSBLMV2fnm-dobCnIFXzNQ_6.jpg"",""https://static.yeezyunique.ru/batches/6cb9ff7b-d813-4394-8e73-aeda5d06a8f2/_dJrrSVgtRpqkZBTAzMSBLMV2fnm-dobCnIFXzNQ_7.jpg"",""https://static.yeezyunique.ru/batches/6cb9ff7b-d813-4394-8e73-aeda5d06a8f2/_dJrrSVgtRpqkZBTAzMSBLMV2fnm-dobCnIFXzNQ_8.jpg""]";true
_dw_rSTgpwkv2xZ2kDg9xLmP4C07FWrxu9iDt3eA;Hermes Сандалии;Классические сандалии Oran с узнаваемым вырезом в форме буквы H. Модель выполнена из премиальной натуральной телячьей кожи с кожаной стелькой и подошвой из высококачественной итальянской кожи.\n\nРазмеры: 35-42.;23000;rakg8u0bx1y4qcy;nzg3vsvajpiv1e8;rbf3iprt2z3owjd;Унисекс;"[""https://static.yeezyunique.ru/batches/6cb9ff7b-d813-4394-8e73-aeda5d06a8f2/_dw_rSTgpwkv2xZ2kDg9xLmP4C07FWrxu9iDt3eA_0.jpg"",""https://static.yeezyunique.ru/batches/6cb9ff7b-d813-4394-8e73-aeda5d06a8f2/_dw_rSTgpwkv2xZ2kDg9xLmP4C07FWrxu9iDt3eA_1.jpg"",""https://static.yeezyunique.ru/batches/6cb9ff7b-d813-4394-8e73-aeda5d06a8f2/_dw_rSTgpwkv2xZ2kDg9xLmP4C07FWrxu9iDt3eA_2.jpg"",""https://static.yeezyunique.ru/batches/6cb9ff7b-d813-4394-8e73-aeda5d06a8f2/_dw_rSTgpwkv2xZ2kDg9xLmP4C07FWrxu9iDt3eA_3.jpg"",""https://static.yeezyunique.ru/batches/6cb9ff7b-d813-4394-8e73-aeda5d06a8f2/_dw_rSTgpwkv2xZ2kDg9xLmP4C07FWrxu9iDt3eA_4.jpg"",""https://static.yeezyunique.ru/batches/6cb9ff7b-d813-4394-8e73-aeda5d06a8f2/_dw_rSTgpwkv2xZ2kDg9xLmP4C07FWrxu9iDt3eA_5.jpg"",""https://static.yeezyunique.ru/batches/6cb9ff7b-d813-4394-8e73-aeda5d06a8f2/_dw_rSTgpwkv2xZ2kDg9xLmP4C07FWrxu9iDt3eA_6.jpg"",""https://static.yeezyunique.ru/batches/6cb9ff7b-d813-4394-8e73-aeda5d06a8f2/_dw_rSTgpwkv2xZ2kDg9xLmP4C07FWrxu9iDt3eA_7.jpg"",""https://static.yeezyunique.ru/batches/6cb9ff7b-d813-4394-8e73-aeda5d06a8f2/_dw_rSTgpwkv2xZ2kDg9xLmP4C07FWrxu9iDt3eA_8.jpg""]";true
_d_RrStZeYn5YtY1JJCe5RnPskbf-rRNbmsbUvaw;Hermes Сандалии;Классические сандалии Oran с узнаваемым вырезом в форме буквы H. Модель выполнена из премиальной натуральной телячьей кожи с кожаной стелькой и подошвой из высококачественной итальянской кожи.\n\nРазмеры: 35-42.;23000;rakg8u0bx1y4qcy;nzg3vsvajpiv1e8;rbf3iprt2z3owjd;Унисекс;"[""https://static.yeezyunique.ru/batches/6cb9ff7b-d813-4394-8e73-aeda5d06a8f2/_d_RrStZeYn5YtY1JJCe5RnPskbf-rRNbmsbUvaw_0.jpg"",""https://static.yeezyunique.ru/batches/6cb9ff7b-d813-4394-8e73-aeda5d06a8f2/_d_RrStZeYn5YtY1JJCe5RnPskbf-rRNbmsbUvaw_1.jpg"",""https://static.yeezyunique.ru/batches/6cb9ff7b-d813-4394-8e73-aeda5d06a8f2/_d_RrStZeYn5YtY1JJCe5RnPskbf-rRNbmsbUvaw_2.jpg"",""https://static.yeezyunique.ru/batches/6cb9ff7b-d813-4394-8e73-aeda5d06a8f2/_d_RrStZeYn5YtY1JJCe5RnPskbf-rRNbmsbUvaw_3.jpg"",""https://static.yeezyunique.ru/batches/6cb9ff7b-d813-4394-8e73-aeda5d06a8f2/_d_RrStZeYn5YtY1JJCe5RnPskbf-rRNbmsbUvaw_4.jpg"",""https://static.yeezyunique.ru/batches/6cb9ff7b-d813-4394-8e73-aeda5d06a8f2/_d_RrStZeYn5YtY1JJCe5RnPskbf-rRNbmsbUvaw_5.jpg"",""https://static.yeezyunique.ru/batches/6cb9ff7b-d813-4394-8e73-aeda5d06a8f2/_d_RrStZeYn5YtY1JJCe5RnPskbf-rRNbmsbUvaw_6.jpg"",""https://static.yeezyunique.ru/batches/6cb9ff7b-d813-4394-8e73-aeda5d06a8f2/_d_RrStZeYn5YtY1JJCe5RnPskbf-rRNbmsbUvaw_7.jpg"",""https://static.yeezyunique.ru/batches/6cb9ff7b-d813-4394-8e73-aeda5d06a8f2/_d_RrStZeYn5YtY1JJCe5RnPskbf-rRNbmsbUvaw_8.jpg""]";true
_dkQrS3Cje6Mj1B2bcwWt1fHP2K3A8YtjNfIhl0Q;Hermes Сандалии;Классические сандалии с узнаваемым H-образным вырезом, ставшие эталоном летнего стиля. Модель выполнена из премиальной натуральной телячьей кожи с кожаной стелькой и подошвой из высококачественной итальянской кожи.\n\nРазмеры: 35-42.;23000;rakg8u0bx1y4qcy;nzg3vsvajpiv1e8;rbf3iprt2z3owjd;Для женщин;"[""https://static.yeezyunique.ru/batches/6cb9ff7b-d813-4394-8e73-aeda5d06a8f2/_dkQrS3Cje6Mj1B2bcwWt1fHP2K3A8YtjNfIhl0Q_0.jpg"",""https://static.yeezyunique.ru/batches/6cb9ff7b-d813-4394-8e73-aeda5d06a8f2/_dkQrS3Cje6Mj1B2bcwWt1fHP2K3A8YtjNfIhl0Q_1.jpg"",""https://static.yeezyunique.ru/batches/6cb9ff7b-d813-4394-8e73-aeda5d06a8f2/_dkQrS3Cje6Mj1B2bcwWt1fHP2K3A8YtjNfIhl0Q_2.jpg"",""https://static.yeezyunique.ru/batches/6cb9ff7b-d813-4394-8e73-aeda5d06a8f2/_dkQrS3Cje6Mj1B2bcwWt1fHP2K3A8YtjNfIhl0Q_3.jpg"",""https://static.yeezyunique.ru/batches/6cb9ff7b-d813-4394-8e73-aeda5d06a8f2/_dkQrS3Cje6Mj1B2bcwWt1fHP2K3A8YtjNfIhl0Q_4.jpg"",""https://static.yeezyunique.ru/batches/6cb9ff7b-d813-4394-8e73-aeda5d06a8f2/_dkQrS3Cje6Mj1B2bcwWt1fHP2K3A8YtjNfIhl0Q_5.jpg"",""https://static.yeezyunique.ru/batches/6cb9ff7b-d813-4394-8e73-aeda5d06a8f2/_dkQrS3Cje6Mj1B2bcwWt1fHP2K3A8YtjNfIhl0Q_6.jpg"",""https://static.yeezyunique.ru/batches/6cb9ff7b-d813-4394-8e73-aeda5d06a8f2/_dkQrS3Cje6Mj1B2bcwWt1fHP2K3A8YtjNfIhl0Q_7.jpg"",""https://static.yeezyunique.ru/batches/6cb9ff7b-d813-4394-8e73-aeda5d06a8f2/_dkQrS3Cje6Mj1B2bcwWt1fHP2K3A8YtjNfIhl0Q_8.jpg""]";true
_dkOrSjVtMqDxp6xi0KqsIexYwqZLxrgbKr5q6OQ;Hermes Сандалии;Классические сандалии Oran с узнаваемым вырезом в форме буквы H. Модель выполнена из премиальной натуральной телячьей кожи с кожаной стелькой и подошвой из высококачественной итальянской кожи.\n\nРазмеры: 35-42.;23000;rakg8u0bx1y4qcy;nzg3vsvajpiv1e8;rbf3iprt2z3owjd;Унисекс;"[""https://static.yeezyunique.ru/batches/6cb9ff7b-d813-4394-8e73-aeda5d06a8f2/_dkOrSjVtMqDxp6xi0KqsIexYwqZLxrgbKr5q6OQ_0.jpg"",""https://static.yeezyunique.ru/batches/6cb9ff7b-d813-4394-8e73-aeda5d06a8f2/_dkOrSjVtMqDxp6xi0KqsIexYwqZLxrgbKr5q6OQ_1.jpg"",""https://static.yeezyunique.ru/batches/6cb9ff7b-d813-4394-8e73-aeda5d06a8f2/_dkOrSjVtMqDxp6xi0KqsIexYwqZLxrgbKr5q6OQ_2.jpg"",""https://static.yeezyunique.ru/batches/6cb9ff7b-d813-4394-8e73-aeda5d06a8f2/_dkOrSjVtMqDxp6xi0KqsIexYwqZLxrgbKr5q6OQ_3.jpg"",""https://static.yeezyunique.ru/batches/6cb9ff7b-d813-4394-8e73-aeda5d06a8f2/_dkOrSjVtMqDxp6xi0KqsIexYwqZLxrgbKr5q6OQ_4.jpg"",""https://static.yeezyunique.ru/batches/6cb9ff7b-d813-4394-8e73-aeda5d06a8f2/_dkOrSjVtMqDxp6xi0KqsIexYwqZLxrgbKr5q6OQ_5.jpg"",""https://static.yeezyunique.ru/batches/6cb9ff7b-d813-4394-8e73-aeda5d06a8f2/_dkOrSjVtMqDxp6xi0KqsIexYwqZLxrgbKr5q6OQ_6.jpg"",""https://static.yeezyunique.ru/batches/6cb9ff7b-d813-4394-8e73-aeda5d06a8f2/_dkOrSjVtMqDxp6xi0KqsIexYwqZLxrgbKr5q6OQ_7.jpg"",""https://static.yeezyunique.ru/batches/6cb9ff7b-d813-4394-8e73-aeda5d06a8f2/_dkOrSjVtMqDxp6xi0KqsIexYwqZLxrgbKr5q6OQ_8.jpg""]";true
_dv_rSBJjlOOERjteFsSGS5JHLr_xqJuL1h1vS0w;Dior Шлепанцы;Классические шлепанцы Dway в актуальной цветовой гамме. Модель выполнена с использованием техники плотной вышивки с винтажным логотипом бренда, дополнена стелькой из мягкой кожи ягненка и подошвой из премиальной итальянской кожи.\n\nРазмеры: 35-40.;23000;ivacgwvpdne0t35;nzg3vsvajpiv1e8;rbf3iprt2z3owjd;Для женщин;"[""https://static.yeezyunique.ru/batches/6cb9ff7b-d813-4394-8e73-aeda5d06a8f2/_dv_rSBJjlOOERjteFsSGS5JHLr_xqJuL1h1vS0w_0.jpg"",""https://static.yeezyunique.ru/batches/6cb9ff7b-d813-4394-8e73-aeda5d06a8f2/_dv_rSBJjlOOERjteFsSGS5JHLr_xqJuL1h1vS0w_1.jpg"",""https://static.yeezyunique.ru/batches/6cb9ff7b-d813-4394-8e73-aeda5d06a8f2/_dv_rSBJjlOOERjteFsSGS5JHLr_xqJuL1h1vS0w_2.jpg"",""https://static.yeezyunique.ru/batches/6cb9ff7b-d813-4394-8e73-aeda5d06a8f2/_dv_rSBJjlOOERjteFsSGS5JHLr_xqJuL1h1vS0w_3.jpg"",""https://static.yeezyunique.ru/batches/6cb9ff7b-d813-4394-8e73-aeda5d06a8f2/_dv_rSBJjlOOERjteFsSGS5JHLr_xqJuL1h1vS0w_4.jpg"",""https://static.yeezyunique.ru/batches/6cb9ff7b-d813-4394-8e73-aeda5d06a8f2/_dv_rSBJjlOOERjteFsSGS5JHLr_xqJuL1h1vS0w_5.jpg"",""https://static.yeezyunique.ru/batches/6cb9ff7b-d813-4394-8e73-aeda5d06a8f2/_dv_rSBJjlOOERjteFsSGS5JHLr_xqJuL1h1vS0w_6.jpg"",""https://static.yeezyunique.ru/batches/6cb9ff7b-d813-4394-8e73-aeda5d06a8f2/_dv_rSBJjlOOERjteFsSGS5JHLr_xqJuL1h1vS0w_7.jpg"",""https://static.yeezyunique.ru/batches/6cb9ff7b-d813-4394-8e73-aeda5d06a8f2/_dv_rSBJjlOOERjteFsSGS5JHLr_xqJuL1h1vS0w_8.jpg""]";true
_dLCrSPucCkVQBAU0CDLXRzXpWVEyRM6JmNbO2Pw;Dior Тапки;Классические сандалии Dway в актуальной цветовой гамме. Модель украшена винтажной вышивкой с логотипом бренда, выполненной в технике высокой плотности, и дополнена стелькой из мягкой кожи ягненка и подошвой из натуральной итальянской кожи.\n\nРазмеры: 35-40.;23000;ivacgwvpdne0t35;nzg3vsvajpiv1e8;rbf3iprt2z3owjd;Для женщин;"[""https://static.yeezyunique.ru/batches/6cb9ff7b-d813-4394-8e73-aeda5d06a8f2/_dLCrSPucCkVQBAU0CDLXRzXpWVEyRM6JmNbO2Pw_0.jpg"",""https://static.yeezyunique.ru/batches/6cb9ff7b-d813-4394-8e73-aeda5d06a8f2/_dLCrSPucCkVQBAU0CDLXRzXpWVEyRM6JmNbO2Pw_1.jpg"",""https://static.yeezyunique.ru/batches/6cb9ff7b-d813-4394-8e73-aeda5d06a8f2/_dLCrSPucCkVQBAU0CDLXRzXpWVEyRM6JmNbO2Pw_2.jpg"",""https://static.yeezyunique.ru/batches/6cb9ff7b-d813-4394-8e73-aeda5d06a8f2/_dLCrSPucCkVQBAU0CDLXRzXpWVEyRM6JmNbO2Pw_3.jpg"",""https://static.yeezyunique.ru/batches/6cb9ff7b-d813-4394-8e73-aeda5d06a8f2/_dLCrSPucCkVQBAU0CDLXRzXpWVEyRM6JmNbO2Pw_4.jpg"",""https://static.yeezyunique.ru/batches/6cb9ff7b-d813-4394-8e73-aeda5d06a8f2/_dLCrSPucCkVQBAU0CDLXRzXpWVEyRM6JmNbO2Pw_5.jpg"",""https://static.yeezyunique.ru/batches/6cb9ff7b-d813-4394-8e73-aeda5d06a8f2/_dLCrSPucCkVQBAU0CDLXRzXpWVEyRM6JmNbO2Pw_6.jpg"",""https://static.yeezyunique.ru/batches/6cb9ff7b-d813-4394-8e73-aeda5d06a8f2/_dLCrSPucCkVQBAU0CDLXRzXpWVEyRM6JmNbO2Pw_7.jpg"",""https://static.yeezyunique.ru/batches/6cb9ff7b-d813-4394-8e73-aeda5d06a8f2/_dLCrSPucCkVQBAU0CDLXRzXpWVEyRM6JmNbO2Pw_8.jpg""]";true
_dlHrSxiZHPzizcOKsfWPW4C3-j8DuZng0yhLE6w;Dior Шлепанцы;Классические шлепанцы Dway в актуальной цветовой гамме. Модель украшена винтажной вышивкой с логотипом бренда, выполненной в технике высокой плотности, и дополнена стелькой из мягкой кожи ягненка и подошвой из натуральной итальянской кожи.\n\nРазмеры: 35-40.;23000;ivacgwvpdne0t35;nzg3vsvajpiv1e8;rbf3iprt2z3owjd;Для женщин;"[""https://static.yeezyunique.ru/batches/6cb9ff7b-d813-4394-8e73-aeda5d06a8f2/_dlHrSxiZHPzizcOKsfWPW4C3-j8DuZng0yhLE6w_0.jpg"",""https://static.yeezyunique.ru/batches/6cb9ff7b-d813-4394-8e73-aeda5d06a8f2/_dlHrSxiZHPzizcOKsfWPW4C3-j8DuZng0yhLE6w_1.jpg"",""https://static.yeezyunique.ru/batches/6cb9ff7b-d813-4394-8e73-aeda5d06a8f2/_dlHrSxiZHPzizcOKsfWPW4C3-j8DuZng0yhLE6w_2.jpg"",""https://static.yeezyunique.ru/batches/6cb9ff7b-d813-4394-8e73-aeda5d06a8f2/_dlHrSxiZHPzizcOKsfWPW4C3-j8DuZng0yhLE6w_3.jpg"",""https://static.yeezyunique.ru/batches/6cb9ff7b-d813-4394-8e73-aeda5d06a8f2/_dlHrSxiZHPzizcOKsfWPW4C3-j8DuZng0yhLE6w_4.jpg"",""https://static.yeezyunique.ru/batches/6cb9ff7b-d813-4394-8e73-aeda5d06a8f2/_dlHrSxiZHPzizcOKsfWPW4C3-j8DuZng0yhLE6w_5.jpg"",""https://static.yeezyunique.ru/batches/6cb9ff7b-d813-4394-8e73-aeda5d06a8f2/_dlHrSxiZHPzizcOKsfWPW4C3-j8DuZng0yhLE6w_6.jpg"",""https://static.yeezyunique.ru/batches/6cb9ff7b-d813-4394-8e73-aeda5d06a8f2/_dlHrSxiZHPzizcOKsfWPW4C3-j8DuZng0yhLE6w_7.jpg"",""https://static.yeezyunique.ru/batches/6cb9ff7b-d813-4394-8e73-aeda5d06a8f2/_dlHrSxiZHPzizcOKsfWPW4C3-j8DuZng0yhLE6w_8.jpg""]";true
_ddjrSFOSfVa3uk1wBZ7nkGayfwr1Xc7fr64vZAA;Dior Шлепанцы;Классические шлепанцы Dway в актуальной цветовой гамме. Модель украшена винтажной вышивкой с логотипом бренда, выполненной в технике высокой плотности, и дополнена стелькой из мягкой кожи ягненка и подошвой из натуральной итальянской кожи.\n\nРазмеры: 35-40.;23000;ivacgwvpdne0t35;nzg3vsvajpiv1e8;rbf3iprt2z3owjd;Для женщин;"[""https://static.yeezyunique.ru/batches/6cb9ff7b-d813-4394-8e73-aeda5d06a8f2/_ddjrSFOSfVa3uk1wBZ7nkGayfwr1Xc7fr64vZAA_0.jpg"",""https://static.yeezyunique.ru/batches/6cb9ff7b-d813-4394-8e73-aeda5d06a8f2/_ddjrSFOSfVa3uk1wBZ7nkGayfwr1Xc7fr64vZAA_1.jpg"",""https://static.yeezyunique.ru/batches/6cb9ff7b-d813-4394-8e73-aeda5d06a8f2/_ddjrSFOSfVa3uk1wBZ7nkGayfwr1Xc7fr64vZAA_2.jpg"",""https://static.yeezyunique.ru/batches/6cb9ff7b-d813-4394-8e73-aeda5d06a8f2/_ddjrSFOSfVa3uk1wBZ7nkGayfwr1Xc7fr64vZAA_3.jpg"",""https://static.yeezyunique.ru/batches/6cb9ff7b-d813-4394-8e73-aeda5d06a8f2/_ddjrSFOSfVa3uk1wBZ7nkGayfwr1Xc7fr64vZAA_4.jpg"",""https://static.yeezyunique.ru/batches/6cb9ff7b-d813-4394-8e73-aeda5d06a8f2/_ddjrSFOSfVa3uk1wBZ7nkGayfwr1Xc7fr64vZAA_5.jpg"",""https://static.yeezyunique.ru/batches/6cb9ff7b-d813-4394-8e73-aeda5d06a8f2/_ddjrSFOSfVa3uk1wBZ7nkGayfwr1Xc7fr64vZAA_6.jpg"",""https://static.yeezyunique.ru/batches/6cb9ff7b-d813-4394-8e73-aeda5d06a8f2/_ddjrSFOSfVa3uk1wBZ7nkGayfwr1Xc7fr64vZAA_7.jpg"",""https://static.yeezyunique.ru/batches/6cb9ff7b-d813-4394-8e73-aeda5d06a8f2/_ddjrSFOSfVa3uk1wBZ7nkGayfwr1Xc7fr64vZAA_8.jpg""]";true
_d9MrSjj7C92M_Jlg_qLvKu0l-XvdFcUUmXz5mlg;Dior Шлепанцы;Классические шлепанцы Dway в актуальной цветовой гамме. Модель выполнена с использованием техники плотной вышивки с винтажным логотипом бренда, дополнена стелькой из мягкой кожи ягненка и подошвой из премиальной итальянской кожи.\n\nРазмеры: 35-40.;23000;ivacgwvpdne0t35;nzg3vsvajpiv1e8;rbf3iprt2z3owjd;Для женщин;"[""https://static.yeezyunique.ru/batches/6cb9ff7b-d813-4394-8e73-aeda5d06a8f2/_d9MrSjj7C92M_Jlg_qLvKu0l-XvdFcUUmXz5mlg_0.jpg"",""https://static.yeezyunique.ru/batches/6cb9ff7b-d813-4394-8e73-aeda5d06a8f2/_d9MrSjj7C92M_Jlg_qLvKu0l-XvdFcUUmXz5mlg_1.jpg"",""https://static.yeezyunique.ru/batches/6cb9ff7b-d813-4394-8e73-aeda5d06a8f2/_d9MrSjj7C92M_Jlg_qLvKu0l-XvdFcUUmXz5mlg_2.jpg"",""https://static.yeezyunique.ru/batches/6cb9ff7b-d813-4394-8e73-aeda5d06a8f2/_d9MrSjj7C92M_Jlg_qLvKu0l-XvdFcUUmXz5mlg_3.jpg"",""https://static.yeezyunique.ru/batches/6cb9ff7b-d813-4394-8e73-aeda5d06a8f2/_d9MrSjj7C92M_Jlg_qLvKu0l-XvdFcUUmXz5mlg_4.jpg"",""https://static.yeezyunique.ru/batches/6cb9ff7b-d813-4394-8e73-aeda5d06a8f2/_d9MrSjj7C92M_Jlg_qLvKu0l-XvdFcUUmXz5mlg_5.jpg"",""https://static.yeezyunique.ru/batches/6cb9ff7b-d813-4394-8e73-aeda5d06a8f2/_d9MrSjj7C92M_Jlg_qLvKu0l-XvdFcUUmXz5mlg_6.jpg"",""https://static.yeezyunique.ru/batches/6cb9ff7b-d813-4394-8e73-aeda5d06a8f2/_d9MrSjj7C92M_Jlg_qLvKu0l-XvdFcUUmXz5mlg_7.jpg"",""https://static.yeezyunique.ru/batches/6cb9ff7b-d813-4394-8e73-aeda5d06a8f2/_d9MrSjj7C92M_Jlg_qLvKu0l-XvdFcUUmXz5mlg_8.jpg""]";true
_dnTrSdXMY8USH7qqp8tgJNwXiMRGZFguIG9XUUg;Dior Тапки;Элегантные тапки из новой весенне-летней коллекции с фирменной вышивкой логотипа. Модель выполнена из плотного канваса с использованием высокоточной техники вышивки, дополнена стелькой из мягкой кожи ягненка и подошвой из натуральной итальянской кожи.\n\nРазмеры: 35-40 (стандарт), 40-42 (под заказ).;23000;ivacgwvpdne0t35;nzg3vsvajpiv1e8;rbf3iprt2z3owjd;Для женщин;"[""https://static.yeezyunique.ru/batches/6cb9ff7b-d813-4394-8e73-aeda5d06a8f2/_dnTrSdXMY8USH7qqp8tgJNwXiMRGZFguIG9XUUg_0.jpg"",""https://static.yeezyunique.ru/batches/6cb9ff7b-d813-4394-8e73-aeda5d06a8f2/_dnTrSdXMY8USH7qqp8tgJNwXiMRGZFguIG9XUUg_1.jpg"",""https://static.yeezyunique.ru/batches/6cb9ff7b-d813-4394-8e73-aeda5d06a8f2/_dnTrSdXMY8USH7qqp8tgJNwXiMRGZFguIG9XUUg_2.jpg"",""https://static.yeezyunique.ru/batches/6cb9ff7b-d813-4394-8e73-aeda5d06a8f2/_dnTrSdXMY8USH7qqp8tgJNwXiMRGZFguIG9XUUg_3.jpg"",""https://static.yeezyunique.ru/batches/6cb9ff7b-d813-4394-8e73-aeda5d06a8f2/_dnTrSdXMY8USH7qqp8tgJNwXiMRGZFguIG9XUUg_4.jpg"",""https://static.yeezyunique.ru/batches/6cb9ff7b-d813-4394-8e73-aeda5d06a8f2/_dnTrSdXMY8USH7qqp8tgJNwXiMRGZFguIG9XUUg_5.jpg"",""https://static.yeezyunique.ru/batches/6cb9ff7b-d813-4394-8e73-aeda5d06a8f2/_dnTrSdXMY8USH7qqp8tgJNwXiMRGZFguIG9XUUg_6.jpg"",""https://static.yeezyunique.ru/batches/6cb9ff7b-d813-4394-8e73-aeda5d06a8f2/_dnTrSdXMY8USH7qqp8tgJNwXiMRGZFguIG9XUUg_7.jpg"",""https://static.yeezyunique.ru/batches/6cb9ff7b-d813-4394-8e73-aeda5d06a8f2/_dnTrSdXMY8USH7qqp8tgJNwXiMRGZFguIG9XUUg_8.jpg""]";true
_dgXrSci0jmtt2G05Hlm5rwjyEhWD5Kv66KhlIug;Prada Балетки;Элегантные балетки с декоративным бантом, выполненные в винтажном французском стиле. Модель изготовлена из премиальной зернистой кожи ягненка с мягкой кожаной подкладкой и износостойкой резиновой подошвой для максимального комфорта.\n\nРазмеры: 35-40.;23000;xf3tgcf0uj7yrqf;nzg3vsvajpiv1e8;gquuvxk7z0ik5jn;Для женщин;"[""https://static.yeezyunique.ru/batches/6cb9ff7b-d813-4394-8e73-aeda5d06a8f2/_dgXrSci0jmtt2G05Hlm5rwjyEhWD5Kv66KhlIug_0.jpg"",""https://static.yeezyunique.ru/batches/6cb9ff7b-d813-4394-8e73-aeda5d06a8f2/_dgXrSci0jmtt2G05Hlm5rwjyEhWD5Kv66KhlIug_1.jpg"",""https://static.yeezyunique.ru/batches/6cb9ff7b-d813-4394-8e73-aeda5d06a8f2/_dgXrSci0jmtt2G05Hlm5rwjyEhWD5Kv66KhlIug_2.jpg"",""https://static.yeezyunique.ru/batches/6cb9ff7b-d813-4394-8e73-aeda5d06a8f2/_dgXrSci0jmtt2G05Hlm5rwjyEhWD5Kv66KhlIug_3.jpg"",""https://static.yeezyunique.ru/batches/6cb9ff7b-d813-4394-8e73-aeda5d06a8f2/_dgXrSci0jmtt2G05Hlm5rwjyEhWD5Kv66KhlIug_4.jpg"",""https://static.yeezyunique.ru/batches/6cb9ff7b-d813-4394-8e73-aeda5d06a8f2/_dgXrSci0jmtt2G05Hlm5rwjyEhWD5Kv66KhlIug_5.jpg"",""https://static.yeezyunique.ru/batches/6cb9ff7b-d813-4394-8e73-aeda5d06a8f2/_dgXrSci0jmtt2G05Hlm5rwjyEhWD5Kv66KhlIug_6.jpg"",""https://static.yeezyunique.ru/batches/6cb9ff7b-d813-4394-8e73-aeda5d06a8f2/_dgXrSci0jmtt2G05Hlm5rwjyEhWD5Kv66KhlIug_7.jpg"",""https://static.yeezyunique.ru/batches/6cb9ff7b-d813-4394-8e73-aeda5d06a8f2/_dgXrSci0jmtt2G05Hlm5rwjyEhWD5Kv66KhlIug_8.jpg""]";true
_dq0rSK_2drSKnAbsDiFL8404IUxKvCihHB_Czcg;Chanel Шлепанцы;Элегантные шлепанцы из премиального бархата, дополненные изысканными кристаллами для создания роскошного образа. Модель выполнена на высококачественной кожаной подошве, обеспечивающей комфорт и долговечность.\n\nРазмеры: 35-41.;23000;3wxtez8ckauz7o1;nzg3vsvajpiv1e8;rbf3iprt2z3owjd;Для женщин;"[""https://static.yeezyunique.ru/batches/6cb9ff7b-d813-4394-8e73-aeda5d06a8f2/_dq0rSK_2drSKnAbsDiFL8404IUxKvCihHB_Czcg_0.jpg"",""https://static.yeezyunique.ru/batches/6cb9ff7b-d813-4394-8e73-aeda5d06a8f2/_dq0rSK_2drSKnAbsDiFL8404IUxKvCihHB_Czcg_1.jpg"",""https://static.yeezyunique.ru/batches/6cb9ff7b-d813-4394-8e73-aeda5d06a8f2/_dq0rSK_2drSKnAbsDiFL8404IUxKvCihHB_Czcg_2.jpg"",""https://static.yeezyunique.ru/batches/6cb9ff7b-d813-4394-8e73-aeda5d06a8f2/_dq0rSK_2drSKnAbsDiFL8404IUxKvCihHB_Czcg_3.jpg"",""https://static.yeezyunique.ru/batches/6cb9ff7b-d813-4394-8e73-aeda5d06a8f2/_dq0rSK_2drSKnAbsDiFL8404IUxKvCihHB_Czcg_4.jpg"",""https://static.yeezyunique.ru/batches/6cb9ff7b-d813-4394-8e73-aeda5d06a8f2/_dq0rSK_2drSKnAbsDiFL8404IUxKvCihHB_Czcg_5.jpg"",""https://static.yeezyunique.ru/batches/6cb9ff7b-d813-4394-8e73-aeda5d06a8f2/_dq0rSK_2drSKnAbsDiFL8404IUxKvCihHB_Czcg_6.jpg"",""https://static.yeezyunique.ru/batches/6cb9ff7b-d813-4394-8e73-aeda5d06a8f2/_dq0rSK_2drSKnAbsDiFL8404IUxKvCihHB_Czcg_7.jpg"",""https://static.yeezyunique.ru/batches/6cb9ff7b-d813-4394-8e73-aeda5d06a8f2/_dq0rSK_2drSKnAbsDiFL8404IUxKvCihHB_Czcg_8.jpg""]";true
_dw5rStKEDU3vTbjFGE0j4KLJm8b4_vSdBCIUB8g;Chanel Шлепанцы;Элегантные шлепанцы из премиального бархата, украшенные фирменным логотипом с кристаллами. Модель дополнена высококачественной кожаной подошвой, обеспечивающей комфорт и долговечность.\n\nРазмеры: 35-41.;23000;3wxtez8ckauz7o1;nzg3vsvajpiv1e8;rbf3iprt2z3owjd;Для женщин;"[""https://static.yeezyunique.ru/batches/6cb9ff7b-d813-4394-8e73-aeda5d06a8f2/_dw5rStKEDU3vTbjFGE0j4KLJm8b4_vSdBCIUB8g_0.jpg"",""https://static.yeezyunique.ru/batches/6cb9ff7b-d813-4394-8e73-aeda5d06a8f2/_dw5rStKEDU3vTbjFGE0j4KLJm8b4_vSdBCIUB8g_1.jpg"",""https://static.yeezyunique.ru/batches/6cb9ff7b-d813-4394-8e73-aeda5d06a8f2/_dw5rStKEDU3vTbjFGE0j4KLJm8b4_vSdBCIUB8g_2.jpg"",""https://static.yeezyunique.ru/batches/6cb9ff7b-d813-4394-8e73-aeda5d06a8f2/_dw5rStKEDU3vTbjFGE0j4KLJm8b4_vSdBCIUB8g_3.jpg"",""https://static.yeezyunique.ru/batches/6cb9ff7b-d813-4394-8e73-aeda5d06a8f2/_dw5rStKEDU3vTbjFGE0j4KLJm8b4_vSdBCIUB8g_4.jpg"",""https://static.yeezyunique.ru/batches/6cb9ff7b-d813-4394-8e73-aeda5d06a8f2/_dw5rStKEDU3vTbjFGE0j4KLJm8b4_vSdBCIUB8g_5.jpg"",""https://static.yeezyunique.ru/batches/6cb9ff7b-d813-4394-8e73-aeda5d06a8f2/_dw5rStKEDU3vTbjFGE0j4KLJm8b4_vSdBCIUB8g_6.jpg"",""https://static.yeezyunique.ru/batches/6cb9ff7b-d813-4394-8e73-aeda5d06a8f2/_dw5rStKEDU3vTbjFGE0j4KLJm8b4_vSdBCIUB8g_7.jpg"",""https://static.yeezyunique.ru/batches/6cb9ff7b-d813-4394-8e73-aeda5d06a8f2/_dw5rStKEDU3vTbjFGE0j4KLJm8b4_vSdBCIUB8g_8.jpg""]";true
_deUrSnU9RrR6MAWs-4yI6cLZftV3VXClhBtw4DQ;Chanel Шлепанцы;Элегантные шлепанцы из премиального бархата, украшенные фирменным логотипом с кристаллами. Модель дополнена высококачественной кожаной подошвой, обеспечивающей комфорт и долговечность.\n\nРазмеры: 35-41.;23000;3wxtez8ckauz7o1;nzg3vsvajpiv1e8;rbf3iprt2z3owjd;Для женщин;"[""https://static.yeezyunique.ru/batches/6cb9ff7b-d813-4394-8e73-aeda5d06a8f2/_deUrSnU9RrR6MAWs-4yI6cLZftV3VXClhBtw4DQ_0.jpg"",""https://static.yeezyunique.ru/batches/6cb9ff7b-d813-4394-8e73-aeda5d06a8f2/_deUrSnU9RrR6MAWs-4yI6cLZftV3VXClhBtw4DQ_1.jpg"",""https://static.yeezyunique.ru/batches/6cb9ff7b-d813-4394-8e73-aeda5d06a8f2/_deUrSnU9RrR6MAWs-4yI6cLZftV3VXClhBtw4DQ_2.jpg"",""https://static.yeezyunique.ru/batches/6cb9ff7b-d813-4394-8e73-aeda5d06a8f2/_deUrSnU9RrR6MAWs-4yI6cLZftV3VXClhBtw4DQ_3.jpg"",""https://static.yeezyunique.ru/batches/6cb9ff7b-d813-4394-8e73-aeda5d06a8f2/_deUrSnU9RrR6MAWs-4yI6cLZftV3VXClhBtw4DQ_4.jpg"",""https://static.yeezyunique.ru/batches/6cb9ff7b-d813-4394-8e73-aeda5d06a8f2/_deUrSnU9RrR6MAWs-4yI6cLZftV3VXClhBtw4DQ_5.jpg"",""https://static.yeezyunique.ru/batches/6cb9ff7b-d813-4394-8e73-aeda5d06a8f2/_deUrSnU9RrR6MAWs-4yI6cLZftV3VXClhBtw4DQ_6.jpg"",""https://static.yeezyunique.ru/batches/6cb9ff7b-d813-4394-8e73-aeda5d06a8f2/_deUrSnU9RrR6MAWs-4yI6cLZftV3VXClhBtw4DQ_7.jpg"",""https://static.yeezyunique.ru/batches/6cb9ff7b-d813-4394-8e73-aeda5d06a8f2/_deUrSnU9RrR6MAWs-4yI6cLZftV3VXClhBtw4DQ_8.jpg""]";true
_ddGrSmXKLGNd1zWduxuIrMj78EXU8058E_rI7pA;Chanel Лоферы;Классические лоферы с винтажным дизайном и фирменной застежкой. Модель выполнена из премиальной импортной кожи ягненка с изысканной стеганой прострочкой и фурнитурой с покрытием из настоящего золота.\n\nРазмеры: 35-41.;23000;3wxtez8ckauz7o1;nzg3vsvajpiv1e8;4pxynbc4fqy6aiu;Для женщин;"[""https://static.yeezyunique.ru/batches/6cb9ff7b-d813-4394-8e73-aeda5d06a8f2/_ddGrSmXKLGNd1zWduxuIrMj78EXU8058E_rI7pA_0.jpg"",""https://static.yeezyunique.ru/batches/6cb9ff7b-d813-4394-8e73-aeda5d06a8f2/_ddGrSmXKLGNd1zWduxuIrMj78EXU8058E_rI7pA_1.jpg"",""https://static.yeezyunique.ru/batches/6cb9ff7b-d813-4394-8e73-aeda5d06a8f2/_ddGrSmXKLGNd1zWduxuIrMj78EXU8058E_rI7pA_2.jpg"",""https://static.yeezyunique.ru/batches/6cb9ff7b-d813-4394-8e73-aeda5d06a8f2/_ddGrSmXKLGNd1zWduxuIrMj78EXU8058E_rI7pA_3.jpg"",""https://static.yeezyunique.ru/batches/6cb9ff7b-d813-4394-8e73-aeda5d06a8f2/_ddGrSmXKLGNd1zWduxuIrMj78EXU8058E_rI7pA_4.jpg"",""https://static.yeezyunique.ru/batches/6cb9ff7b-d813-4394-8e73-aeda5d06a8f2/_ddGrSmXKLGNd1zWduxuIrMj78EXU8058E_rI7pA_5.jpg"",""https://static.yeezyunique.ru/batches/6cb9ff7b-d813-4394-8e73-aeda5d06a8f2/_ddGrSmXKLGNd1zWduxuIrMj78EXU8058E_rI7pA_6.jpg"",""https://static.yeezyunique.ru/batches/6cb9ff7b-d813-4394-8e73-aeda5d06a8f2/_ddGrSmXKLGNd1zWduxuIrMj78EXU8058E_rI7pA_7.jpg"",""https://static.yeezyunique.ru/batches/6cb9ff7b-d813-4394-8e73-aeda5d06a8f2/_ddGrSmXKLGNd1zWduxuIrMj78EXU8058E_rI7pA_8.jpg""]";true
_ddIrS8-blGpf5XVhYzjM1A_9FOFQC-5dzgDZ3Xw;Chanel Шлепанцы;Винтажные шлепанцы с культовым дизайном двойного логотипа CC. Модель выполнена из премиальной кожи ягненка с подкладкой из мягкой козьей кожи, обеспечивающей исключительный комфорт.\n\nРазмеры: 35-40.;23000;3wxtez8ckauz7o1;nzg3vsvajpiv1e8;mect3or5ztq64fc;Для женщин;"[""https://static.yeezyunique.ru/batches/6cb9ff7b-d813-4394-8e73-aeda5d06a8f2/_ddIrS8-blGpf5XVhYzjM1A_9FOFQC-5dzgDZ3Xw_0.jpg"",""https://static.yeezyunique.ru/batches/6cb9ff7b-d813-4394-8e73-aeda5d06a8f2/_ddIrS8-blGpf5XVhYzjM1A_9FOFQC-5dzgDZ3Xw_1.jpg"",""https://static.yeezyunique.ru/batches/6cb9ff7b-d813-4394-8e73-aeda5d06a8f2/_ddIrS8-blGpf5XVhYzjM1A_9FOFQC-5dzgDZ3Xw_2.jpg"",""https://static.yeezyunique.ru/batches/6cb9ff7b-d813-4394-8e73-aeda5d06a8f2/_ddIrS8-blGpf5XVhYzjM1A_9FOFQC-5dzgDZ3Xw_3.jpg"",""https://static.yeezyunique.ru/batches/6cb9ff7b-d813-4394-8e73-aeda5d06a8f2/_ddIrS8-blGpf5XVhYzjM1A_9FOFQC-5dzgDZ3Xw_4.jpg"",""https://static.yeezyunique.ru/batches/6cb9ff7b-d813-4394-8e73-aeda5d06a8f2/_ddIrS8-blGpf5XVhYzjM1A_9FOFQC-5dzgDZ3Xw_5.jpg"",""https://static.yeezyunique.ru/batches/6cb9ff7b-d813-4394-8e73-aeda5d06a8f2/_ddIrS8-blGpf5XVhYzjM1A_9FOFQC-5dzgDZ3Xw_6.jpg"",""https://static.yeezyunique.ru/batches/6cb9ff7b-d813-4394-8e73-aeda5d06a8f2/_ddIrS8-blGpf5XVhYzjM1A_9FOFQC-5dzgDZ3Xw_7.jpg"",""https://static.yeezyunique.ru/batches/6cb9ff7b-d813-4394-8e73-aeda5d06a8f2/_ddIrS8-blGpf5XVhYzjM1A_9FOFQC-5dzgDZ3Xw_8.jpg""]";true
_d-7rSScXThtu8u1ChSt1-RDnAI_SbVVj-Iwq4tQ;Chanel Шлепанцы;Винтажные шлепанцы с культовым дизайном двойного логотипа CC. Модель выполнена из премиальной кожи ягненка с подкладкой из мягкой козьей кожи, обеспечивающей исключительный комфорт.\n\nРазмеры: 35-40.;23000;3wxtez8ckauz7o1;nzg3vsvajpiv1e8;mect3or5ztq64fc;Для женщин;"[""https://static.yeezyunique.ru/batches/6cb9ff7b-d813-4394-8e73-aeda5d06a8f2/_d-7rSScXThtu8u1ChSt1-RDnAI_SbVVj-Iwq4tQ_0.jpg"",""https://static.yeezyunique.ru/batches/6cb9ff7b-d813-4394-8e73-aeda5d06a8f2/_d-7rSScXThtu8u1ChSt1-RDnAI_SbVVj-Iwq4tQ_1.jpg"",""https://static.yeezyunique.ru/batches/6cb9ff7b-d813-4394-8e73-aeda5d06a8f2/_d-7rSScXThtu8u1ChSt1-RDnAI_SbVVj-Iwq4tQ_2.jpg"",""https://static.yeezyunique.ru/batches/6cb9ff7b-d813-4394-8e73-aeda5d06a8f2/_d-7rSScXThtu8u1ChSt1-RDnAI_SbVVj-Iwq4tQ_3.jpg"",""https://static.yeezyunique.ru/batches/6cb9ff7b-d813-4394-8e73-aeda5d06a8f2/_d-7rSScXThtu8u1ChSt1-RDnAI_SbVVj-Iwq4tQ_4.jpg"",""https://static.yeezyunique.ru/batches/6cb9ff7b-d813-4394-8e73-aeda5d06a8f2/_d-7rSScXThtu8u1ChSt1-RDnAI_SbVVj-Iwq4tQ_5.jpg"",""https://static.yeezyunique.ru/batches/6cb9ff7b-d813-4394-8e73-aeda5d06a8f2/_d-7rSScXThtu8u1ChSt1-RDnAI_SbVVj-Iwq4tQ_6.jpg"",""https://static.yeezyunique.ru/batches/6cb9ff7b-d813-4394-8e73-aeda5d06a8f2/_d-7rSScXThtu8u1ChSt1-RDnAI_SbVVj-Iwq4tQ_7.jpg"",""https://static.yeezyunique.ru/batches/6cb9ff7b-d813-4394-8e73-aeda5d06a8f2/_d-7rSScXThtu8u1ChSt1-RDnAI_SbVVj-Iwq4tQ_8.jpg""]";true
_dkLrSthsQ_WOw8wWEG9lQM8hbKRbK52aK2rQ4Ow;Chanel Тапки;Элегантные сандалии из круизной коллекции с фирменным логотипом в виде переплетенных букв C и декоративной металлической цепочкой. Модель выполнена из премиальной итальянской кожи с подкладкой из нежной овечьей кожи и дополнена качественной кожаной подошвой.\n\nРазмеры: 35-41.;23000;3wxtez8ckauz7o1;nzg3vsvajpiv1e8;rbf3iprt2z3owjd;Для женщин;"[""https://static.yeezyunique.ru/batches/6cb9ff7b-d813-4394-8e73-aeda5d06a8f2/_dkLrSthsQ_WOw8wWEG9lQM8hbKRbK52aK2rQ4Ow_0.jpg"",""https://static.yeezyunique.ru/batches/6cb9ff7b-d813-4394-8e73-aeda5d06a8f2/_dkLrSthsQ_WOw8wWEG9lQM8hbKRbK52aK2rQ4Ow_1.jpg"",""https://static.yeezyunique.ru/batches/6cb9ff7b-d813-4394-8e73-aeda5d06a8f2/_dkLrSthsQ_WOw8wWEG9lQM8hbKRbK52aK2rQ4Ow_2.jpg"",""https://static.yeezyunique.ru/batches/6cb9ff7b-d813-4394-8e73-aeda5d06a8f2/_dkLrSthsQ_WOw8wWEG9lQM8hbKRbK52aK2rQ4Ow_3.jpg"",""https://static.yeezyunique.ru/batches/6cb9ff7b-d813-4394-8e73-aeda5d06a8f2/_dkLrSthsQ_WOw8wWEG9lQM8hbKRbK52aK2rQ4Ow_4.jpg"",""https://static.yeezyunique.ru/batches/6cb9ff7b-d813-4394-8e73-aeda5d06a8f2/_dkLrSthsQ_WOw8wWEG9lQM8hbKRbK52aK2rQ4Ow_5.jpg"",""https://static.yeezyunique.ru/batches/6cb9ff7b-d813-4394-8e73-aeda5d06a8f2/_dkLrSthsQ_WOw8wWEG9lQM8hbKRbK52aK2rQ4Ow_6.jpg"",""https://static.yeezyunique.ru/batches/6cb9ff7b-d813-4394-8e73-aeda5d06a8f2/_dkLrSthsQ_WOw8wWEG9lQM8hbKRbK52aK2rQ4Ow_7.jpg"",""https://static.yeezyunique.ru/batches/6cb9ff7b-d813-4394-8e73-aeda5d06a8f2/_dkLrSthsQ_WOw8wWEG9lQM8hbKRbK52aK2rQ4Ow_8.jpg""]";true
_dlQrSrouyrvw5LmgRvWeXWLC_3FunZ16Hpd_dgA;Chanel Туфли;Элегантные туфли на устойчивом каблуке с фирменным стеганым узором. Модель выполнена из премиальной импортной кожи ягненка с объемным 3D-логотипом и изысканной отделкой металлической цепочкой по краю.\n\nРазмеры: 35-40.;23000;3wxtez8ckauz7o1;nzg3vsvajpiv1e8;mect3or5ztq64fc;Для женщин;"[""https://static.yeezyunique.ru/batches/6cb9ff7b-d813-4394-8e73-aeda5d06a8f2/_dlQrSrouyrvw5LmgRvWeXWLC_3FunZ16Hpd_dgA_0.jpg"",""https://static.yeezyunique.ru/batches/6cb9ff7b-d813-4394-8e73-aeda5d06a8f2/_dlQrSrouyrvw5LmgRvWeXWLC_3FunZ16Hpd_dgA_1.jpg"",""https://static.yeezyunique.ru/batches/6cb9ff7b-d813-4394-8e73-aeda5d06a8f2/_dlQrSrouyrvw5LmgRvWeXWLC_3FunZ16Hpd_dgA_2.jpg"",""https://static.yeezyunique.ru/batches/6cb9ff7b-d813-4394-8e73-aeda5d06a8f2/_dlQrSrouyrvw5LmgRvWeXWLC_3FunZ16Hpd_dgA_3.jpg"",""https://static.yeezyunique.ru/batches/6cb9ff7b-d813-4394-8e73-aeda5d06a8f2/_dlQrSrouyrvw5LmgRvWeXWLC_3FunZ16Hpd_dgA_4.jpg"",""https://static.yeezyunique.ru/batches/6cb9ff7b-d813-4394-8e73-aeda5d06a8f2/_dlQrSrouyrvw5LmgRvWeXWLC_3FunZ16Hpd_dgA_5.jpg"",""https://static.yeezyunique.ru/batches/6cb9ff7b-d813-4394-8e73-aeda5d06a8f2/_dlQrSrouyrvw5LmgRvWeXWLC_3FunZ16Hpd_dgA_6.jpg"",""https://static.yeezyunique.ru/batches/6cb9ff7b-d813-4394-8e73-aeda5d06a8f2/_dlQrSrouyrvw5LmgRvWeXWLC_3FunZ16Hpd_dgA_7.jpg"",""https://static.yeezyunique.ru/batches/6cb9ff7b-d813-4394-8e73-aeda5d06a8f2/_dlQrSrouyrvw5LmgRvWeXWLC_3FunZ16Hpd_dgA_8.jpg""]";true
_dnGrSkkvb8KBupfP1wze-09JRDIFzyShxQ8392Q;Chanel Туфли;Элегантные туфли с фирменным стеганым узором и культовым логотипом CC. Модель выполнена из премиальной импортной кожи ягненка с изысканной 3D-вышивкой и декоративной металлической цепочкой по ранту.\n\nРазмеры: 35-40.;23000;3wxtez8ckauz7o1;nzg3vsvajpiv1e8;mect3or5ztq64fc;Для женщин;"[""https://static.yeezyunique.ru/batches/6cb9ff7b-d813-4394-8e73-aeda5d06a8f2/_dnGrSkkvb8KBupfP1wze-09JRDIFzyShxQ8392Q_0.jpg"",""https://static.yeezyunique.ru/batches/6cb9ff7b-d813-4394-8e73-aeda5d06a8f2/_dnGrSkkvb8KBupfP1wze-09JRDIFzyShxQ8392Q_1.jpg"",""https://static.yeezyunique.ru/batches/6cb9ff7b-d813-4394-8e73-aeda5d06a8f2/_dnGrSkkvb8KBupfP1wze-09JRDIFzyShxQ8392Q_2.jpg"",""https://static.yeezyunique.ru/batches/6cb9ff7b-d813-4394-8e73-aeda5d06a8f2/_dnGrSkkvb8KBupfP1wze-09JRDIFzyShxQ8392Q_3.jpg"",""https://static.yeezyunique.ru/batches/6cb9ff7b-d813-4394-8e73-aeda5d06a8f2/_dnGrSkkvb8KBupfP1wze-09JRDIFzyShxQ8392Q_4.jpg"",""https://static.yeezyunique.ru/batches/6cb9ff7b-d813-4394-8e73-aeda5d06a8f2/_dnGrSkkvb8KBupfP1wze-09JRDIFzyShxQ8392Q_5.jpg"",""https://static.yeezyunique.ru/batches/6cb9ff7b-d813-4394-8e73-aeda5d06a8f2/_dnGrSkkvb8KBupfP1wze-09JRDIFzyShxQ8392Q_6.jpg"",""https://static.yeezyunique.ru/batches/6cb9ff7b-d813-4394-8e73-aeda5d06a8f2/_dnGrSkkvb8KBupfP1wze-09JRDIFzyShxQ8392Q_7.jpg"",""https://static.yeezyunique.ru/batches/6cb9ff7b-d813-4394-8e73-aeda5d06a8f2/_dnGrSkkvb8KBupfP1wze-09JRDIFzyShxQ8392Q_8.jpg""]";true
_dqfrSekM4JXfKOKp4neTZzdtyMQAvWUa3FiYZug;Chanel Туфли;Легендарные туфли с открытой пяткой, ставшие эталоном элегантного дизайна. Модель выполнена из премиальных материалов с мягкой и нежной кожей, а также дополнена подошвой из натуральной кожи высокого качества.\n\nРазмеры: 35-41.;23000;3wxtez8ckauz7o1;nzg3vsvajpiv1e8;mect3or5ztq64fc;Для женщин;"[""https://static.yeezyunique.ru/batches/6cb9ff7b-d813-4394-8e73-aeda5d06a8f2/_dqfrSekM4JXfKOKp4neTZzdtyMQAvWUa3FiYZug_0.jpg"",""https://static.yeezyunique.ru/batches/6cb9ff7b-d813-4394-8e73-aeda5d06a8f2/_dqfrSekM4JXfKOKp4neTZzdtyMQAvWUa3FiYZug_1.jpg"",""https://static.yeezyunique.ru/batches/6cb9ff7b-d813-4394-8e73-aeda5d06a8f2/_dqfrSekM4JXfKOKp4neTZzdtyMQAvWUa3FiYZug_2.jpg"",""https://static.yeezyunique.ru/batches/6cb9ff7b-d813-4394-8e73-aeda5d06a8f2/_dqfrSekM4JXfKOKp4neTZzdtyMQAvWUa3FiYZug_3.jpg"",""https://static.yeezyunique.ru/batches/6cb9ff7b-d813-4394-8e73-aeda5d06a8f2/_dqfrSekM4JXfKOKp4neTZzdtyMQAvWUa3FiYZug_4.jpg"",""https://static.yeezyunique.ru/batches/6cb9ff7b-d813-4394-8e73-aeda5d06a8f2/_dqfrSekM4JXfKOKp4neTZzdtyMQAvWUa3FiYZug_5.jpg"",""https://static.yeezyunique.ru/batches/6cb9ff7b-d813-4394-8e73-aeda5d06a8f2/_dqfrSekM4JXfKOKp4neTZzdtyMQAvWUa3FiYZug_6.jpg"",""https://static.yeezyunique.ru/batches/6cb9ff7b-d813-4394-8e73-aeda5d06a8f2/_dqfrSekM4JXfKOKp4neTZzdtyMQAvWUa3FiYZug_7.jpg"",""https://static.yeezyunique.ru/batches/6cb9ff7b-d813-4394-8e73-aeda5d06a8f2/_dqfrSekM4JXfKOKp4neTZzdtyMQAvWUa3FiYZug_8.jpg""]";true
_d_IrS8mISwJgZvp-zEXaWnyX_fvtuEcuSOA0oMA;Chanel Туфли;Легендарные туфли Chanel с узнаваемым дизайном, ставшие эталоном стиля. Модель выполнена из премиальных материалов с мягкой и нежной текстурой кожи, дополнена качественной подошвой из натуральной кожи.\n\nРазмеры: 35-41.;23000;3wxtez8ckauz7o1;nzg3vsvajpiv1e8;mect3or5ztq64fc;Для женщин;"[""https://static.yeezyunique.ru/batches/6cb9ff7b-d813-4394-8e73-aeda5d06a8f2/_d_IrS8mISwJgZvp-zEXaWnyX_fvtuEcuSOA0oMA_0.jpg"",""https://static.yeezyunique.ru/batches/6cb9ff7b-d813-4394-8e73-aeda5d06a8f2/_d_IrS8mISwJgZvp-zEXaWnyX_fvtuEcuSOA0oMA_1.jpg"",""https://static.yeezyunique.ru/batches/6cb9ff7b-d813-4394-8e73-aeda5d06a8f2/_d_IrS8mISwJgZvp-zEXaWnyX_fvtuEcuSOA0oMA_2.jpg"",""https://static.yeezyunique.ru/batches/6cb9ff7b-d813-4394-8e73-aeda5d06a8f2/_d_IrS8mISwJgZvp-zEXaWnyX_fvtuEcuSOA0oMA_3.jpg"",""https://static.yeezyunique.ru/batches/6cb9ff7b-d813-4394-8e73-aeda5d06a8f2/_d_IrS8mISwJgZvp-zEXaWnyX_fvtuEcuSOA0oMA_4.jpg"",""https://static.yeezyunique.ru/batches/6cb9ff7b-d813-4394-8e73-aeda5d06a8f2/_d_IrS8mISwJgZvp-zEXaWnyX_fvtuEcuSOA0oMA_5.jpg"",""https://static.yeezyunique.ru/batches/6cb9ff7b-d813-4394-8e73-aeda5d06a8f2/_d_IrS8mISwJgZvp-zEXaWnyX_fvtuEcuSOA0oMA_6.jpg"",""https://static.yeezyunique.ru/batches/6cb9ff7b-d813-4394-8e73-aeda5d06a8f2/_d_IrS8mISwJgZvp-zEXaWnyX_fvtuEcuSOA0oMA_7.jpg"",""https://static.yeezyunique.ru/batches/6cb9ff7b-d813-4394-8e73-aeda5d06a8f2/_d_IrS8mISwJgZvp-zEXaWnyX_fvtuEcuSOA0oMA_8.jpg""]";true
_doUrSJ3n4iGsbWGl4y8mvGvDFW2jy4o5rWTYyJA;Loewe Кроссовки;Коллаборационные кроссовки из серии Cloudsolo, выполненные из высокотехнологичного сетчатого материала и прочного текстиля. Модель оснащена амортизирующей подошвой из комбинации MD и резины для максимального комфорта при движении.\n\nРазмеры: 36-40 (женские), 39-46 (унисекс).;23000;v0xek8wss4meybg;nzg3vsvajpiv1e8;ll3hofpd5wqxr81;Унисекс;"[""https://static.yeezyunique.ru/batches/6cb9ff7b-d813-4394-8e73-aeda5d06a8f2/_doUrSJ3n4iGsbWGl4y8mvGvDFW2jy4o5rWTYyJA_0.jpg"",""https://static.yeezyunique.ru/batches/6cb9ff7b-d813-4394-8e73-aeda5d06a8f2/_doUrSJ3n4iGsbWGl4y8mvGvDFW2jy4o5rWTYyJA_1.jpg"",""https://static.yeezyunique.ru/batches/6cb9ff7b-d813-4394-8e73-aeda5d06a8f2/_doUrSJ3n4iGsbWGl4y8mvGvDFW2jy4o5rWTYyJA_2.jpg"",""https://static.yeezyunique.ru/batches/6cb9ff7b-d813-4394-8e73-aeda5d06a8f2/_doUrSJ3n4iGsbWGl4y8mvGvDFW2jy4o5rWTYyJA_3.jpg"",""https://static.yeezyunique.ru/batches/6cb9ff7b-d813-4394-8e73-aeda5d06a8f2/_doUrSJ3n4iGsbWGl4y8mvGvDFW2jy4o5rWTYyJA_4.jpg"",""https://static.yeezyunique.ru/batches/6cb9ff7b-d813-4394-8e73-aeda5d06a8f2/_doUrSJ3n4iGsbWGl4y8mvGvDFW2jy4o5rWTYyJA_5.jpg"",""https://static.yeezyunique.ru/batches/6cb9ff7b-d813-4394-8e73-aeda5d06a8f2/_doUrSJ3n4iGsbWGl4y8mvGvDFW2jy4o5rWTYyJA_6.jpg"",""https://static.yeezyunique.ru/batches/6cb9ff7b-d813-4394-8e73-aeda5d06a8f2/_doUrSJ3n4iGsbWGl4y8mvGvDFW2jy4o5rWTYyJA_7.jpg"",""https://static.yeezyunique.ru/batches/6cb9ff7b-d813-4394-8e73-aeda5d06a8f2/_doUrSJ3n4iGsbWGl4y8mvGvDFW2jy4o5rWTYyJA_8.jpg""]";true
_doOrScyaB52e1f4nSG9nwP_X73umGnyqSRJOfIA;Loewe Кроссовки;Коллаборационные кроссовки из серии Cloudsolo, выполненные из высокотехнологичного сетчатого материала и прочного текстиля. Модель оснащена амортизирующей подошвой из комбинации MD и износостойкой резины для максимального комфорта при движении.\n\nРазмеры: 36-40 (женские), 39-46 (мужские).;23000;v0xek8wss4meybg;nzg3vsvajpiv1e8;ll3hofpd5wqxr81;Унисекс;"[""https://static.yeezyunique.ru/batches/6cb9ff7b-d813-4394-8e73-aeda5d06a8f2/_doOrScyaB52e1f4nSG9nwP_X73umGnyqSRJOfIA_0.jpg"",""https://static.yeezyunique.ru/batches/6cb9ff7b-d813-4394-8e73-aeda5d06a8f2/_doOrScyaB52e1f4nSG9nwP_X73umGnyqSRJOfIA_1.jpg"",""https://static.yeezyunique.ru/batches/6cb9ff7b-d813-4394-8e73-aeda5d06a8f2/_doOrScyaB52e1f4nSG9nwP_X73umGnyqSRJOfIA_2.jpg"",""https://static.yeezyunique.ru/batches/6cb9ff7b-d813-4394-8e73-aeda5d06a8f2/_doOrScyaB52e1f4nSG9nwP_X73umGnyqSRJOfIA_3.jpg"",""https://static.yeezyunique.ru/batches/6cb9ff7b-d813-4394-8e73-aeda5d06a8f2/_doOrScyaB52e1f4nSG9nwP_X73umGnyqSRJOfIA_4.jpg"",""https://static.yeezyunique.ru/batches/6cb9ff7b-d813-4394-8e73-aeda5d06a8f2/_doOrScyaB52e1f4nSG9nwP_X73umGnyqSRJOfIA_5.jpg"",""https://static.yeezyunique.ru/batches/6cb9ff7b-d813-4394-8e73-aeda5d06a8f2/_doOrScyaB52e1f4nSG9nwP_X73umGnyqSRJOfIA_6.jpg"",""https://static.yeezyunique.ru/batches/6cb9ff7b-d813-4394-8e73-aeda5d06a8f2/_doOrScyaB52e1f4nSG9nwP_X73umGnyqSRJOfIA_7.jpg"",""https://static.yeezyunique.ru/batches/6cb9ff7b-d813-4394-8e73-aeda5d06a8f2/_doOrScyaB52e1f4nSG9nwP_X73umGnyqSRJOfIA_8.jpg""]";true
_dlGrSWAIL4eGZicVFt4uVZZcyrmrNX7c0DaOXQw;Loewe Кроссовки;Коллаборационные кроссовки из серии Cloudsolo, выполненные из высокотехнологичного сетчатого материала и прочного текстиля. Модель оснащена амортизирующей подошвой из комбинации MD и износостойкой резины для максимального комфорта при движении.\n\nРазмеры: 36-40 (женские), 39-46 (мужские).;23000;v0xek8wss4meybg;nzg3vsvajpiv1e8;ll3hofpd5wqxr81;Унисекс;"[""https://static.yeezyunique.ru/batches/6cb9ff7b-d813-4394-8e73-aeda5d06a8f2/_dlGrSWAIL4eGZicVFt4uVZZcyrmrNX7c0DaOXQw_0.jpg"",""https://static.yeezyunique.ru/batches/6cb9ff7b-d813-4394-8e73-aeda5d06a8f2/_dlGrSWAIL4eGZicVFt4uVZZcyrmrNX7c0DaOXQw_1.jpg"",""https://static.yeezyunique.ru/batches/6cb9ff7b-d813-4394-8e73-aeda5d06a8f2/_dlGrSWAIL4eGZicVFt4uVZZcyrmrNX7c0DaOXQw_2.jpg"",""https://static.yeezyunique.ru/batches/6cb9ff7b-d813-4394-8e73-aeda5d06a8f2/_dlGrSWAIL4eGZicVFt4uVZZcyrmrNX7c0DaOXQw_3.jpg"",""https://static.yeezyunique.ru/batches/6cb9ff7b-d813-4394-8e73-aeda5d06a8f2/_dlGrSWAIL4eGZicVFt4uVZZcyrmrNX7c0DaOXQw_4.jpg"",""https://static.yeezyunique.ru/batches/6cb9ff7b-d813-4394-8e73-aeda5d06a8f2/_dlGrSWAIL4eGZicVFt4uVZZcyrmrNX7c0DaOXQw_5.jpg"",""https://static.yeezyunique.ru/batches/6cb9ff7b-d813-4394-8e73-aeda5d06a8f2/_dlGrSWAIL4eGZicVFt4uVZZcyrmrNX7c0DaOXQw_6.jpg"",""https://static.yeezyunique.ru/batches/6cb9ff7b-d813-4394-8e73-aeda5d06a8f2/_dlGrSWAIL4eGZicVFt4uVZZcyrmrNX7c0DaOXQw_7.jpg"",""https://static.yeezyunique.ru/batches/6cb9ff7b-d813-4394-8e73-aeda5d06a8f2/_dlGrSWAIL4eGZicVFt4uVZZcyrmrNX7c0DaOXQw_8.jpg""]";true
_d9HrSktjsMf3q4gW28V4JWO6RpcY-DNPkf44iZQ;Loewe Кроссовки;Коллаборационные кроссовки из серии Cloudsolo, выполненные из высокотехнологичного сетчатого материала и прочного текстиля. Модель оснащена амортизирующей подошвой из комбинации MD и износостойкой резины для максимального комфорта при движении.\n\nРазмеры: 36-40 (женские), 39-46 (мужские).;23000;v0xek8wss4meybg;nzg3vsvajpiv1e8;ll3hofpd5wqxr81;Унисекс;"[""https://static.yeezyunique.ru/batches/6cb9ff7b-d813-4394-8e73-aeda5d06a8f2/_d9HrSktjsMf3q4gW28V4JWO6RpcY-DNPkf44iZQ_0.jpg"",""https://static.yeezyunique.ru/batches/6cb9ff7b-d813-4394-8e73-aeda5d06a8f2/_d9HrSktjsMf3q4gW28V4JWO6RpcY-DNPkf44iZQ_1.jpg"",""https://static.yeezyunique.ru/batches/6cb9ff7b-d813-4394-8e73-aeda5d06a8f2/_d9HrSktjsMf3q4gW28V4JWO6RpcY-DNPkf44iZQ_2.jpg"",""https://static.yeezyunique.ru/batches/6cb9ff7b-d813-4394-8e73-aeda5d06a8f2/_d9HrSktjsMf3q4gW28V4JWO6RpcY-DNPkf44iZQ_3.jpg"",""https://static.yeezyunique.ru/batches/6cb9ff7b-d813-4394-8e73-aeda5d06a8f2/_d9HrSktjsMf3q4gW28V4JWO6RpcY-DNPkf44iZQ_4.jpg"",""https://static.yeezyunique.ru/batches/6cb9ff7b-d813-4394-8e73-aeda5d06a8f2/_d9HrSktjsMf3q4gW28V4JWO6RpcY-DNPkf44iZQ_5.jpg"",""https://static.yeezyunique.ru/batches/6cb9ff7b-d813-4394-8e73-aeda5d06a8f2/_d9HrSktjsMf3q4gW28V4JWO6RpcY-DNPkf44iZQ_6.jpg"",""https://static.yeezyunique.ru/batches/6cb9ff7b-d813-4394-8e73-aeda5d06a8f2/_d9HrSktjsMf3q4gW28V4JWO6RpcY-DNPkf44iZQ_7.jpg"",""https://static.yeezyunique.ru/batches/6cb9ff7b-d813-4394-8e73-aeda5d06a8f2/_d9HrSktjsMf3q4gW28V4JWO6RpcY-DNPkf44iZQ_8.jpg""]";true
_dt5rS114swxSmD5HTT3YL5UhsApAr6L-ZTCf-Bg;Loewe Кроссовки;Коллаборационные кроссовки из серии Cloudsolo, выполненные из высокотехнологичного сетчатого материала и прочного текстиля. Модель оснащена амортизирующей подошвой из комбинации MD и резины для максимального комфорта при движении.\n\nРазмеры: 36-40 (женские), 39-46 (унисекс).;23000;v0xek8wss4meybg;nzg3vsvajpiv1e8;ll3hofpd5wqxr81;Унисекс;"[""https://static.yeezyunique.ru/batches/6cb9ff7b-d813-4394-8e73-aeda5d06a8f2/_dt5rS114swxSmD5HTT3YL5UhsApAr6L-ZTCf-Bg_0.jpg"",""https://static.yeezyunique.ru/batches/6cb9ff7b-d813-4394-8e73-aeda5d06a8f2/_dt5rS114swxSmD5HTT3YL5UhsApAr6L-ZTCf-Bg_1.jpg"",""https://static.yeezyunique.ru/batches/6cb9ff7b-d813-4394-8e73-aeda5d06a8f2/_dt5rS114swxSmD5HTT3YL5UhsApAr6L-ZTCf-Bg_2.jpg"",""https://static.yeezyunique.ru/batches/6cb9ff7b-d813-4394-8e73-aeda5d06a8f2/_dt5rS114swxSmD5HTT3YL5UhsApAr6L-ZTCf-Bg_3.jpg"",""https://static.yeezyunique.ru/batches/6cb9ff7b-d813-4394-8e73-aeda5d06a8f2/_dt5rS114swxSmD5HTT3YL5UhsApAr6L-ZTCf-Bg_4.jpg"",""https://static.yeezyunique.ru/batches/6cb9ff7b-d813-4394-8e73-aeda5d06a8f2/_dt5rS114swxSmD5HTT3YL5UhsApAr6L-ZTCf-Bg_5.jpg"",""https://static.yeezyunique.ru/batches/6cb9ff7b-d813-4394-8e73-aeda5d06a8f2/_dt5rS114swxSmD5HTT3YL5UhsApAr6L-ZTCf-Bg_6.jpg"",""https://static.yeezyunique.ru/batches/6cb9ff7b-d813-4394-8e73-aeda5d06a8f2/_dt5rS114swxSmD5HTT3YL5UhsApAr6L-ZTCf-Bg_7.jpg"",""https://static.yeezyunique.ru/batches/6cb9ff7b-d813-4394-8e73-aeda5d06a8f2/_dt5rS114swxSmD5HTT3YL5UhsApAr6L-ZTCf-Bg_8.jpg""]";true
_d_OrS9aKkOj13jx6HLJivwY5TLp-9TwF3YswXLg;Loewe Кроссовки;Коллаборационные кроссовки из серии Cloudsolo, выполненные из высокотехнологичного сетчатого материала и прочного текстиля. Модель оснащена амортизирующей подошвой из комбинации MD и резины для максимального комфорта при движении.\n\nРазмеры: 36-40 (женские), 39-46 (унисекс).;23000;v0xek8wss4meybg;nzg3vsvajpiv1e8;ll3hofpd5wqxr81;Унисекс;"[""https://static.yeezyunique.ru/batches/6cb9ff7b-d813-4394-8e73-aeda5d06a8f2/_d_OrS9aKkOj13jx6HLJivwY5TLp-9TwF3YswXLg_0.jpg"",""https://static.yeezyunique.ru/batches/6cb9ff7b-d813-4394-8e73-aeda5d06a8f2/_d_OrS9aKkOj13jx6HLJivwY5TLp-9TwF3YswXLg_1.jpg"",""https://static.yeezyunique.ru/batches/6cb9ff7b-d813-4394-8e73-aeda5d06a8f2/_d_OrS9aKkOj13jx6HLJivwY5TLp-9TwF3YswXLg_2.jpg"",""https://static.yeezyunique.ru/batches/6cb9ff7b-d813-4394-8e73-aeda5d06a8f2/_d_OrS9aKkOj13jx6HLJivwY5TLp-9TwF3YswXLg_3.jpg"",""https://static.yeezyunique.ru/batches/6cb9ff7b-d813-4394-8e73-aeda5d06a8f2/_d_OrS9aKkOj13jx6HLJivwY5TLp-9TwF3YswXLg_4.jpg"",""https://static.yeezyunique.ru/batches/6cb9ff7b-d813-4394-8e73-aeda5d06a8f2/_d_OrS9aKkOj13jx6HLJivwY5TLp-9TwF3YswXLg_5.jpg"",""https://static.yeezyunique.ru/batches/6cb9ff7b-d813-4394-8e73-aeda5d06a8f2/_d_OrS9aKkOj13jx6HLJivwY5TLp-9TwF3YswXLg_6.jpg"",""https://static.yeezyunique.ru/batches/6cb9ff7b-d813-4394-8e73-aeda5d06a8f2/_d_OrS9aKkOj13jx6HLJivwY5TLp-9TwF3YswXLg_7.jpg"",""https://static.yeezyunique.ru/batches/6cb9ff7b-d813-4394-8e73-aeda5d06a8f2/_d_OrS9aKkOj13jx6HLJivwY5TLp-9TwF3YswXLg_8.jpg""]";true
_dsvrSO7ZuY7tPqgVFy2WZS9fpFuSOxSBo965Q2g;Loewe Кроссовки;Коллаборационные кроссовки из серии Cloudsolo, выполненные из высокотехнологичного сетчатого материала и прочного текстиля. Модель оснащена амортизирующей подошвой из комбинации MD и резины для максимального комфорта при движении.\n\nРазмеры: 36-40 (женские), 39-46 (унисекс).;23000;v0xek8wss4meybg;nzg3vsvajpiv1e8;ll3hofpd5wqxr81;Унисекс;"[""https://static.yeezyunique.ru/batches/6cb9ff7b-d813-4394-8e73-aeda5d06a8f2/_dsvrSO7ZuY7tPqgVFy2WZS9fpFuSOxSBo965Q2g_0.jpg"",""https://static.yeezyunique.ru/batches/6cb9ff7b-d813-4394-8e73-aeda5d06a8f2/_dsvrSO7ZuY7tPqgVFy2WZS9fpFuSOxSBo965Q2g_1.jpg"",""https://static.yeezyunique.ru/batches/6cb9ff7b-d813-4394-8e73-aeda5d06a8f2/_dsvrSO7ZuY7tPqgVFy2WZS9fpFuSOxSBo965Q2g_2.jpg"",""https://static.yeezyunique.ru/batches/6cb9ff7b-d813-4394-8e73-aeda5d06a8f2/_dsvrSO7ZuY7tPqgVFy2WZS9fpFuSOxSBo965Q2g_3.jpg"",""https://static.yeezyunique.ru/batches/6cb9ff7b-d813-4394-8e73-aeda5d06a8f2/_dsvrSO7ZuY7tPqgVFy2WZS9fpFuSOxSBo965Q2g_4.jpg"",""https://static.yeezyunique.ru/batches/6cb9ff7b-d813-4394-8e73-aeda5d06a8f2/_dsvrSO7ZuY7tPqgVFy2WZS9fpFuSOxSBo965Q2g_5.jpg"",""https://static.yeezyunique.ru/batches/6cb9ff7b-d813-4394-8e73-aeda5d06a8f2/_dsvrSO7ZuY7tPqgVFy2WZS9fpFuSOxSBo965Q2g_6.jpg"",""https://static.yeezyunique.ru/batches/6cb9ff7b-d813-4394-8e73-aeda5d06a8f2/_dsvrSO7ZuY7tPqgVFy2WZS9fpFuSOxSBo965Q2g_7.jpg"",""https://static.yeezyunique.ru/batches/6cb9ff7b-d813-4394-8e73-aeda5d06a8f2/_dsvrSO7ZuY7tPqgVFy2WZS9fpFuSOxSBo965Q2g_8.jpg""]";true
_djRrSxDdjix1Wm22WeNjwYTYewkVTJjXNlf31XQ;Loewe Кроссовки;Коллаборационные кроссовки из серии Cloudsolo, выполненные из высокотехнологичного сетчатого материала и прочного текстиля. Модель оснащена амортизирующей подошвой из комбинации MD и износостойкой резины для максимального комфорта при движении.\n\nРазмеры: 36-40 (женские), 39-46 (мужские).;23000;v0xek8wss4meybg;nzg3vsvajpiv1e8;ll3hofpd5wqxr81;Унисекс;"[""https://static.yeezyunique.ru/batches/6cb9ff7b-d813-4394-8e73-aeda5d06a8f2/_djRrSxDdjix1Wm22WeNjwYTYewkVTJjXNlf31XQ_0.jpg"",""https://static.yeezyunique.ru/batches/6cb9ff7b-d813-4394-8e73-aeda5d06a8f2/_djRrSxDdjix1Wm22WeNjwYTYewkVTJjXNlf31XQ_1.jpg"",""https://static.yeezyunique.ru/batches/6cb9ff7b-d813-4394-8e73-aeda5d06a8f2/_djRrSxDdjix1Wm22WeNjwYTYewkVTJjXNlf31XQ_2.jpg"",""https://static.yeezyunique.ru/batches/6cb9ff7b-d813-4394-8e73-aeda5d06a8f2/_djRrSxDdjix1Wm22WeNjwYTYewkVTJjXNlf31XQ_3.jpg"",""https://static.yeezyunique.ru/batches/6cb9ff7b-d813-4394-8e73-aeda5d06a8f2/_djRrSxDdjix1Wm22WeNjwYTYewkVTJjXNlf31XQ_4.jpg"",""https://static.yeezyunique.ru/batches/6cb9ff7b-d813-4394-8e73-aeda5d06a8f2/_djRrSxDdjix1Wm22WeNjwYTYewkVTJjXNlf31XQ_5.jpg"",""https://static.yeezyunique.ru/batches/6cb9ff7b-d813-4394-8e73-aeda5d06a8f2/_djRrSxDdjix1Wm22WeNjwYTYewkVTJjXNlf31XQ_6.jpg"",""https://static.yeezyunique.ru/batches/6cb9ff7b-d813-4394-8e73-aeda5d06a8f2/_djRrSxDdjix1Wm22WeNjwYTYewkVTJjXNlf31XQ_7.jpg"",""https://static.yeezyunique.ru/batches/6cb9ff7b-d813-4394-8e73-aeda5d06a8f2/_djRrSxDdjix1Wm22WeNjwYTYewkVTJjXNlf31XQ_8.jpg""]";true
_dibrS00B8LuZV1XJ3O__8hzz-c18-BBiowkesJQ;Loewe Кроссовки;Коллаборационные кроссовки из серии Cloudsolo, выполненные из высокотехнологичного сетчатого материала и прочного текстиля. Модель оснащена амортизирующей подошвой из комбинации MD и резины для максимального комфорта при движении.\n\nРазмеры: 36-40 (женские), 39-46 (унисекс).;23000;v0xek8wss4meybg;nzg3vsvajpiv1e8;ll3hofpd5wqxr81;Унисекс;"[""https://static.yeezyunique.ru/batches/6cb9ff7b-d813-4394-8e73-aeda5d06a8f2/_dibrS00B8LuZV1XJ3O__8hzz-c18-BBiowkesJQ_0.jpg"",""https://static.yeezyunique.ru/batches/6cb9ff7b-d813-4394-8e73-aeda5d06a8f2/_dibrS00B8LuZV1XJ3O__8hzz-c18-BBiowkesJQ_1.jpg"",""https://static.yeezyunique.ru/batches/6cb9ff7b-d813-4394-8e73-aeda5d06a8f2/_dibrS00B8LuZV1XJ3O__8hzz-c18-BBiowkesJQ_2.jpg"",""https://static.yeezyunique.ru/batches/6cb9ff7b-d813-4394-8e73-aeda5d06a8f2/_dibrS00B8LuZV1XJ3O__8hzz-c18-BBiowkesJQ_3.jpg"",""https://static.yeezyunique.ru/batches/6cb9ff7b-d813-4394-8e73-aeda5d06a8f2/_dibrS00B8LuZV1XJ3O__8hzz-c18-BBiowkesJQ_4.jpg"",""https://static.yeezyunique.ru/batches/6cb9ff7b-d813-4394-8e73-aeda5d06a8f2/_dibrS00B8LuZV1XJ3O__8hzz-c18-BBiowkesJQ_5.jpg"",""https://static.yeezyunique.ru/batches/6cb9ff7b-d813-4394-8e73-aeda5d06a8f2/_dibrS00B8LuZV1XJ3O__8hzz-c18-BBiowkesJQ_6.jpg"",""https://static.yeezyunique.ru/batches/6cb9ff7b-d813-4394-8e73-aeda5d06a8f2/_dibrS00B8LuZV1XJ3O__8hzz-c18-BBiowkesJQ_7.jpg"",""https://static.yeezyunique.ru/batches/6cb9ff7b-d813-4394-8e73-aeda5d06a8f2/_dibrS00B8LuZV1XJ3O__8hzz-c18-BBiowkesJQ_8.jpg""]";true
_dcorSH1znr61-zPcuybGxPVdcmhJOzC_AKPbrbg;Loewe Кроссовки;Коллаборационные кроссовки из серии Cloudsolo, выполненные из высокотехнологичного сетчатого материала и прочного текстиля. Модель оснащена амортизирующей подошвой из комбинации MD и резины для максимального комфорта при движении.\n\nРазмеры: 36-40 (женские), 39-46 (унисекс).;23000;v0xek8wss4meybg;nzg3vsvajpiv1e8;ll3hofpd5wqxr81;Унисекс;"[""https://static.yeezyunique.ru/batches/6cb9ff7b-d813-4394-8e73-aeda5d06a8f2/_dcorSH1znr61-zPcuybGxPVdcmhJOzC_AKPbrbg_0.jpg"",""https://static.yeezyunique.ru/batches/6cb9ff7b-d813-4394-8e73-aeda5d06a8f2/_dcorSH1znr61-zPcuybGxPVdcmhJOzC_AKPbrbg_1.jpg"",""https://static.yeezyunique.ru/batches/6cb9ff7b-d813-4394-8e73-aeda5d06a8f2/_dcorSH1znr61-zPcuybGxPVdcmhJOzC_AKPbrbg_2.jpg"",""https://static.yeezyunique.ru/batches/6cb9ff7b-d813-4394-8e73-aeda5d06a8f2/_dcorSH1znr61-zPcuybGxPVdcmhJOzC_AKPbrbg_3.jpg"",""https://static.yeezyunique.ru/batches/6cb9ff7b-d813-4394-8e73-aeda5d06a8f2/_dcorSH1znr61-zPcuybGxPVdcmhJOzC_AKPbrbg_4.jpg"",""https://static.yeezyunique.ru/batches/6cb9ff7b-d813-4394-8e73-aeda5d06a8f2/_dcorSH1znr61-zPcuybGxPVdcmhJOzC_AKPbrbg_5.jpg"",""https://static.yeezyunique.ru/batches/6cb9ff7b-d813-4394-8e73-aeda5d06a8f2/_dcorSH1znr61-zPcuybGxPVdcmhJOzC_AKPbrbg_6.jpg"",""https://static.yeezyunique.ru/batches/6cb9ff7b-d813-4394-8e73-aeda5d06a8f2/_dcorSH1znr61-zPcuybGxPVdcmhJOzC_AKPbrbg_7.jpg"",""https://static.yeezyunique.ru/batches/6cb9ff7b-d813-4394-8e73-aeda5d06a8f2/_dcorSH1znr61-zPcuybGxPVdcmhJOzC_AKPbrbg_8.jpg""]";true
_dbyrSh0eBUzWawjNgqrObyb0MuqkcojU9qtAcdQ;Loewe Кроссовки;Коллаборационные кроссовки из серии Cloudsolo, выполненные из высокотехнологичного сетчатого материала и прочного текстиля. Модель оснащена амортизирующей подошвой из комбинации MD и резины для максимального комфорта при движении.\n\nРазмеры: 36-40 (женские), 39-46 (унисекс).;23000;v0xek8wss4meybg;nzg3vsvajpiv1e8;ll3hofpd5wqxr81;Унисекс;"[""https://static.yeezyunique.ru/batches/6cb9ff7b-d813-4394-8e73-aeda5d06a8f2/_dbyrSh0eBUzWawjNgqrObyb0MuqkcojU9qtAcdQ_0.jpg"",""https://static.yeezyunique.ru/batches/6cb9ff7b-d813-4394-8e73-aeda5d06a8f2/_dbyrSh0eBUzWawjNgqrObyb0MuqkcojU9qtAcdQ_1.jpg"",""https://static.yeezyunique.ru/batches/6cb9ff7b-d813-4394-8e73-aeda5d06a8f2/_dbyrSh0eBUzWawjNgqrObyb0MuqkcojU9qtAcdQ_2.jpg"",""https://static.yeezyunique.ru/batches/6cb9ff7b-d813-4394-8e73-aeda5d06a8f2/_dbyrSh0eBUzWawjNgqrObyb0MuqkcojU9qtAcdQ_3.jpg"",""https://static.yeezyunique.ru/batches/6cb9ff7b-d813-4394-8e73-aeda5d06a8f2/_dbyrSh0eBUzWawjNgqrObyb0MuqkcojU9qtAcdQ_4.jpg"",""https://static.yeezyunique.ru/batches/6cb9ff7b-d813-4394-8e73-aeda5d06a8f2/_dbyrSh0eBUzWawjNgqrObyb0MuqkcojU9qtAcdQ_5.jpg"",""https://static.yeezyunique.ru/batches/6cb9ff7b-d813-4394-8e73-aeda5d06a8f2/_dbyrSh0eBUzWawjNgqrObyb0MuqkcojU9qtAcdQ_6.jpg"",""https://static.yeezyunique.ru/batches/6cb9ff7b-d813-4394-8e73-aeda5d06a8f2/_dbyrSh0eBUzWawjNgqrObyb0MuqkcojU9qtAcdQ_7.jpg"",""https://static.yeezyunique.ru/batches/6cb9ff7b-d813-4394-8e73-aeda5d06a8f2/_dbyrSh0eBUzWawjNgqrObyb0MuqkcojU9qtAcdQ_8.jpg""]";true
_da2rSrk0H_C2PbR19vEn0Z4w7Ag1aZKVlkqK6fA;Loewe Кроссовки;Коллаборационные кроссовки из серии Cloudsolo, выполненные из высокотехнологичного сетчатого материала и прочного текстиля. Модель оснащена амортизирующей подошвой из комбинации MD и резины для максимального комфорта и легкости при движении.\n\nРазмеры: 36-40 (женские), 39-46 (мужские).;23000;v0xek8wss4meybg;nzg3vsvajpiv1e8;ll3hofpd5wqxr81;Унисекс;"[""https://static.yeezyunique.ru/batches/6cb9ff7b-d813-4394-8e73-aeda5d06a8f2/_da2rSrk0H_C2PbR19vEn0Z4w7Ag1aZKVlkqK6fA_0.jpg"",""https://static.yeezyunique.ru/batches/6cb9ff7b-d813-4394-8e73-aeda5d06a8f2/_da2rSrk0H_C2PbR19vEn0Z4w7Ag1aZKVlkqK6fA_1.jpg"",""https://static.yeezyunique.ru/batches/6cb9ff7b-d813-4394-8e73-aeda5d06a8f2/_da2rSrk0H_C2PbR19vEn0Z4w7Ag1aZKVlkqK6fA_2.jpg"",""https://static.yeezyunique.ru/batches/6cb9ff7b-d813-4394-8e73-aeda5d06a8f2/_da2rSrk0H_C2PbR19vEn0Z4w7Ag1aZKVlkqK6fA_3.jpg"",""https://static.yeezyunique.ru/batches/6cb9ff7b-d813-4394-8e73-aeda5d06a8f2/_da2rSrk0H_C2PbR19vEn0Z4w7Ag1aZKVlkqK6fA_4.jpg"",""https://static.yeezyunique.ru/batches/6cb9ff7b-d813-4394-8e73-aeda5d06a8f2/_da2rSrk0H_C2PbR19vEn0Z4w7Ag1aZKVlkqK6fA_5.jpg"",""https://static.yeezyunique.ru/batches/6cb9ff7b-d813-4394-8e73-aeda5d06a8f2/_da2rSrk0H_C2PbR19vEn0Z4w7Ag1aZKVlkqK6fA_6.jpg"",""https://static.yeezyunique.ru/batches/6cb9ff7b-d813-4394-8e73-aeda5d06a8f2/_da2rSrk0H_C2PbR19vEn0Z4w7Ag1aZKVlkqK6fA_7.jpg"",""https://static.yeezyunique.ru/batches/6cb9ff7b-d813-4394-8e73-aeda5d06a8f2/_da2rSrk0H_C2PbR19vEn0Z4w7Ag1aZKVlkqK6fA_8.jpg""]";true
_drbrS6qpPs2etR97OFd0dPl3JbNnxmdHOy1AL0A;Loewe Кроссовки;Коллаборационные кроссовки из серии Cloudsolo, выполненные из высокотехнологичного сетчатого материала и прочного текстиля. Модель оснащена амортизирующей подошвой из комбинации MD и резины для максимального комфорта и легкости при движении.\n\nРазмеры: 36-40 (женские), 39-46 (мужские).;23000;v0xek8wss4meybg;nzg3vsvajpiv1e8;ll3hofpd5wqxr81;Унисекс;"[""https://static.yeezyunique.ru/batches/6cb9ff7b-d813-4394-8e73-aeda5d06a8f2/_drbrS6qpPs2etR97OFd0dPl3JbNnxmdHOy1AL0A_0.jpg"",""https://static.yeezyunique.ru/batches/6cb9ff7b-d813-4394-8e73-aeda5d06a8f2/_drbrS6qpPs2etR97OFd0dPl3JbNnxmdHOy1AL0A_1.jpg"",""https://static.yeezyunique.ru/batches/6cb9ff7b-d813-4394-8e73-aeda5d06a8f2/_drbrS6qpPs2etR97OFd0dPl3JbNnxmdHOy1AL0A_2.jpg"",""https://static.yeezyunique.ru/batches/6cb9ff7b-d813-4394-8e73-aeda5d06a8f2/_drbrS6qpPs2etR97OFd0dPl3JbNnxmdHOy1AL0A_3.jpg"",""https://static.yeezyunique.ru/batches/6cb9ff7b-d813-4394-8e73-aeda5d06a8f2/_drbrS6qpPs2etR97OFd0dPl3JbNnxmdHOy1AL0A_4.jpg"",""https://static.yeezyunique.ru/batches/6cb9ff7b-d813-4394-8e73-aeda5d06a8f2/_drbrS6qpPs2etR97OFd0dPl3JbNnxmdHOy1AL0A_5.jpg"",""https://static.yeezyunique.ru/batches/6cb9ff7b-d813-4394-8e73-aeda5d06a8f2/_drbrS6qpPs2etR97OFd0dPl3JbNnxmdHOy1AL0A_6.jpg"",""https://static.yeezyunique.ru/batches/6cb9ff7b-d813-4394-8e73-aeda5d06a8f2/_drbrS6qpPs2etR97OFd0dPl3JbNnxmdHOy1AL0A_7.jpg"",""https://static.yeezyunique.ru/batches/6cb9ff7b-d813-4394-8e73-aeda5d06a8f2/_drbrS6qpPs2etR97OFd0dPl3JbNnxmdHOy1AL0A_8.jpg""]";true
_dsPrSwLmvJDi2in15okBGauAZkcGKP46aD82_AQ;Loewe Кроссовки;Коллаборационные кроссовки из серии Cloudsolo, выполненные из высокотехнологичного сетчатого материала и прочного текстиля. Модель оснащена амортизирующей подошвой из комбинации MD и резины для максимального комфорта и легкости при движении.\n\nРазмеры: 36-40 (женские), 39-46 (мужские).;23000;v0xek8wss4meybg;nzg3vsvajpiv1e8;ll3hofpd5wqxr81;Унисекс;"[""https://static.yeezyunique.ru/batches/6cb9ff7b-d813-4394-8e73-aeda5d06a8f2/_dsPrSwLmvJDi2in15okBGauAZkcGKP46aD82_AQ_0.jpg"",""https://static.yeezyunique.ru/batches/6cb9ff7b-d813-4394-8e73-aeda5d06a8f2/_dsPrSwLmvJDi2in15okBGauAZkcGKP46aD82_AQ_1.jpg"",""https://static.yeezyunique.ru/batches/6cb9ff7b-d813-4394-8e73-aeda5d06a8f2/_dsPrSwLmvJDi2in15okBGauAZkcGKP46aD82_AQ_2.jpg"",""https://static.yeezyunique.ru/batches/6cb9ff7b-d813-4394-8e73-aeda5d06a8f2/_dsPrSwLmvJDi2in15okBGauAZkcGKP46aD82_AQ_3.jpg"",""https://static.yeezyunique.ru/batches/6cb9ff7b-d813-4394-8e73-aeda5d06a8f2/_dsPrSwLmvJDi2in15okBGauAZkcGKP46aD82_AQ_4.jpg"",""https://static.yeezyunique.ru/batches/6cb9ff7b-d813-4394-8e73-aeda5d06a8f2/_dsPrSwLmvJDi2in15okBGauAZkcGKP46aD82_AQ_5.jpg"",""https://static.yeezyunique.ru/batches/6cb9ff7b-d813-4394-8e73-aeda5d06a8f2/_dsPrSwLmvJDi2in15okBGauAZkcGKP46aD82_AQ_6.jpg"",""https://static.yeezyunique.ru/batches/6cb9ff7b-d813-4394-8e73-aeda5d06a8f2/_dsPrSwLmvJDi2in15okBGauAZkcGKP46aD82_AQ_7.jpg"",""https://static.yeezyunique.ru/batches/6cb9ff7b-d813-4394-8e73-aeda5d06a8f2/_dsPrSwLmvJDi2in15okBGauAZkcGKP46aD82_AQ_8.jpg""]";true
_dmerSNLhkBq_WLK3cknMkYO1ekf0JbtNHOEgf-Q;Loewe Кроссовки;Коллаборационные кроссовки из серии Cloudsolo, выполненные из высокотехнологичного сетчатого материала и прочного текстиля. Модель оснащена амортизирующей подошвой из комбинации MD и резины для максимального комфорта при движении.\n\nРазмеры: 36-40 (женские), 39-46 (унисекс).;23000;v0xek8wss4meybg;nzg3vsvajpiv1e8;ll3hofpd5wqxr81;Унисекс;"[""https://static.yeezyunique.ru/batches/6cb9ff7b-d813-4394-8e73-aeda5d06a8f2/_dmerSNLhkBq_WLK3cknMkYO1ekf0JbtNHOEgf-Q_0.jpg"",""https://static.yeezyunique.ru/batches/6cb9ff7b-d813-4394-8e73-aeda5d06a8f2/_dmerSNLhkBq_WLK3cknMkYO1ekf0JbtNHOEgf-Q_1.jpg"",""https://static.yeezyunique.ru/batches/6cb9ff7b-d813-4394-8e73-aeda5d06a8f2/_dmerSNLhkBq_WLK3cknMkYO1ekf0JbtNHOEgf-Q_2.jpg"",""https://static.yeezyunique.ru/batches/6cb9ff7b-d813-4394-8e73-aeda5d06a8f2/_dmerSNLhkBq_WLK3cknMkYO1ekf0JbtNHOEgf-Q_3.jpg"",""https://static.yeezyunique.ru/batches/6cb9ff7b-d813-4394-8e73-aeda5d06a8f2/_dmerSNLhkBq_WLK3cknMkYO1ekf0JbtNHOEgf-Q_4.jpg"",""https://static.yeezyunique.ru/batches/6cb9ff7b-d813-4394-8e73-aeda5d06a8f2/_dmerSNLhkBq_WLK3cknMkYO1ekf0JbtNHOEgf-Q_5.jpg"",""https://static.yeezyunique.ru/batches/6cb9ff7b-d813-4394-8e73-aeda5d06a8f2/_dmerSNLhkBq_WLK3cknMkYO1ekf0JbtNHOEgf-Q_6.jpg"",""https://static.yeezyunique.ru/batches/6cb9ff7b-d813-4394-8e73-aeda5d06a8f2/_dmerSNLhkBq_WLK3cknMkYO1ekf0JbtNHOEgf-Q_7.jpg"",""https://static.yeezyunique.ru/batches/6cb9ff7b-d813-4394-8e73-aeda5d06a8f2/_dmerSNLhkBq_WLK3cknMkYO1ekf0JbtNHOEgf-Q_8.jpg""]";true
_dyCrSarR45aCCU0JHIxlBoSQh3Mygw1lhNKVXmg;Loewe Кроссовки;Коллаборационные кроссовки из серии Cloudsolo, выполненные из высокотехнологичного сетчатого материала и прочного текстиля. Модель оснащена амортизирующей подошвой из комбинации MD и износостойкой резины для максимального комфорта при движении.\n\nРазмеры: 36-40 (женские), 39-46 (мужские).;23000;v0xek8wss4meybg;nzg3vsvajpiv1e8;ll3hofpd5wqxr81;Унисекс;"[""https://static.yeezyunique.ru/batches/6cb9ff7b-d813-4394-8e73-aeda5d06a8f2/_dyCrSarR45aCCU0JHIxlBoSQh3Mygw1lhNKVXmg_0.jpg"",""https://static.yeezyunique.ru/batches/6cb9ff7b-d813-4394-8e73-aeda5d06a8f2/_dyCrSarR45aCCU0JHIxlBoSQh3Mygw1lhNKVXmg_1.jpg"",""https://static.yeezyunique.ru/batches/6cb9ff7b-d813-4394-8e73-aeda5d06a8f2/_dyCrSarR45aCCU0JHIxlBoSQh3Mygw1lhNKVXmg_2.jpg"",""https://static.yeezyunique.ru/batches/6cb9ff7b-d813-4394-8e73-aeda5d06a8f2/_dyCrSarR45aCCU0JHIxlBoSQh3Mygw1lhNKVXmg_3.jpg"",""https://static.yeezyunique.ru/batches/6cb9ff7b-d813-4394-8e73-aeda5d06a8f2/_dyCrSarR45aCCU0JHIxlBoSQh3Mygw1lhNKVXmg_4.jpg"",""https://static.yeezyunique.ru/batches/6cb9ff7b-d813-4394-8e73-aeda5d06a8f2/_dyCrSarR45aCCU0JHIxlBoSQh3Mygw1lhNKVXmg_5.jpg"",""https://static.yeezyunique.ru/batches/6cb9ff7b-d813-4394-8e73-aeda5d06a8f2/_dyCrSarR45aCCU0JHIxlBoSQh3Mygw1lhNKVXmg_6.jpg"",""https://static.yeezyunique.ru/batches/6cb9ff7b-d813-4394-8e73-aeda5d06a8f2/_dyCrSarR45aCCU0JHIxlBoSQh3Mygw1lhNKVXmg_7.jpg"",""https://static.yeezyunique.ru/batches/6cb9ff7b-d813-4394-8e73-aeda5d06a8f2/_dyCrSarR45aCCU0JHIxlBoSQh3Mygw1lhNKVXmg_8.jpg""]";true
_dxarSMKMesI7L46WaxjwlvF2u0gKPQUTWY7KiMA;Loewe Кроссовки;Спортивные кроссовки из коллаборации Loewe и On Running серии Cloudtilt 2. Модель выполнена из высокотехнологичного сетчатого материала и прочного плетеного текстиля, обеспечивающего отличную вентиляцию и поддержку стопы.\n\nРазмеры: 36-46 (унисекс).;23000;v0xek8wss4meybg;nzg3vsvajpiv1e8;ll3hofpd5wqxr81;Унисекс;"[""https://static.yeezyunique.ru/batches/6cb9ff7b-d813-4394-8e73-aeda5d06a8f2/_dxarSMKMesI7L46WaxjwlvF2u0gKPQUTWY7KiMA_0.jpg"",""https://static.yeezyunique.ru/batches/6cb9ff7b-d813-4394-8e73-aeda5d06a8f2/_dxarSMKMesI7L46WaxjwlvF2u0gKPQUTWY7KiMA_1.jpg"",""https://static.yeezyunique.ru/batches/6cb9ff7b-d813-4394-8e73-aeda5d06a8f2/_dxarSMKMesI7L46WaxjwlvF2u0gKPQUTWY7KiMA_2.jpg"",""https://static.yeezyunique.ru/batches/6cb9ff7b-d813-4394-8e73-aeda5d06a8f2/_dxarSMKMesI7L46WaxjwlvF2u0gKPQUTWY7KiMA_3.jpg"",""https://static.yeezyunique.ru/batches/6cb9ff7b-d813-4394-8e73-aeda5d06a8f2/_dxarSMKMesI7L46WaxjwlvF2u0gKPQUTWY7KiMA_4.jpg"",""https://static.yeezyunique.ru/batches/6cb9ff7b-d813-4394-8e73-aeda5d06a8f2/_dxarSMKMesI7L46WaxjwlvF2u0gKPQUTWY7KiMA_5.jpg"",""https://static.yeezyunique.ru/batches/6cb9ff7b-d813-4394-8e73-aeda5d06a8f2/_dxarSMKMesI7L46WaxjwlvF2u0gKPQUTWY7KiMA_6.jpg"",""https://static.yeezyunique.ru/batches/6cb9ff7b-d813-4394-8e73-aeda5d06a8f2/_dxarSMKMesI7L46WaxjwlvF2u0gKPQUTWY7KiMA_7.jpg"",""https://static.yeezyunique.ru/batches/6cb9ff7b-d813-4394-8e73-aeda5d06a8f2/_dxarSMKMesI7L46WaxjwlvF2u0gKPQUTWY7KiMA_8.jpg""]";true
_dcurS26yPpeM9t_newDmmEPtwDRtCanZgR-PApg;Loewe Кроссовки;Спортивные кроссовки из коллаборации Loewe и On Running серии Cloudtilt 2. Модель выполнена из высокотехнологичного сетчатого материала и прочного текстиля, обеспечивающих отличную вентиляцию и поддержку стопы.\n\nРазмеры: 36-46 (унисекс).;23000;v0xek8wss4meybg;nzg3vsvajpiv1e8;ll3hofpd5wqxr81;Унисекс;"[""https://static.yeezyunique.ru/batches/6cb9ff7b-d813-4394-8e73-aeda5d06a8f2/_dcurS26yPpeM9t_newDmmEPtwDRtCanZgR-PApg_0.jpg"",""https://static.yeezyunique.ru/batches/6cb9ff7b-d813-4394-8e73-aeda5d06a8f2/_dcurS26yPpeM9t_newDmmEPtwDRtCanZgR-PApg_1.jpg"",""https://static.yeezyunique.ru/batches/6cb9ff7b-d813-4394-8e73-aeda5d06a8f2/_dcurS26yPpeM9t_newDmmEPtwDRtCanZgR-PApg_2.jpg"",""https://static.yeezyunique.ru/batches/6cb9ff7b-d813-4394-8e73-aeda5d06a8f2/_dcurS26yPpeM9t_newDmmEPtwDRtCanZgR-PApg_3.jpg"",""https://static.yeezyunique.ru/batches/6cb9ff7b-d813-4394-8e73-aeda5d06a8f2/_dcurS26yPpeM9t_newDmmEPtwDRtCanZgR-PApg_4.jpg"",""https://static.yeezyunique.ru/batches/6cb9ff7b-d813-4394-8e73-aeda5d06a8f2/_dcurS26yPpeM9t_newDmmEPtwDRtCanZgR-PApg_5.jpg"",""https://static.yeezyunique.ru/batches/6cb9ff7b-d813-4394-8e73-aeda5d06a8f2/_dcurS26yPpeM9t_newDmmEPtwDRtCanZgR-PApg_6.jpg"",""https://static.yeezyunique.ru/batches/6cb9ff7b-d813-4394-8e73-aeda5d06a8f2/_dcurS26yPpeM9t_newDmmEPtwDRtCanZgR-PApg_7.jpg"",""https://static.yeezyunique.ru/batches/6cb9ff7b-d813-4394-8e73-aeda5d06a8f2/_dcurS26yPpeM9t_newDmmEPtwDRtCanZgR-PApg_8.jpg""]";true
_dkbrSJHN2DjdUbD2OC2eDJht_kefiPvneE0IbFA;Loewe Кроссовки;Спортивные кроссовки из коллаборации Loewe и On Running серии Cloudtilt 2. Модель выполнена из высокотехнологичного сетчатого материала и прочного текстиля, обеспечивающих отличную вентиляцию и поддержку стопы.\n\nРазмеры: 36-46 (унисекс).;23000;v0xek8wss4meybg;nzg3vsvajpiv1e8;ll3hofpd5wqxr81;Унисекс;"[""https://static.yeezyunique.ru/batches/6cb9ff7b-d813-4394-8e73-aeda5d06a8f2/_dkbrSJHN2DjdUbD2OC2eDJht_kefiPvneE0IbFA_0.jpg"",""https://static.yeezyunique.ru/batches/6cb9ff7b-d813-4394-8e73-aeda5d06a8f2/_dkbrSJHN2DjdUbD2OC2eDJht_kefiPvneE0IbFA_1.jpg"",""https://static.yeezyunique.ru/batches/6cb9ff7b-d813-4394-8e73-aeda5d06a8f2/_dkbrSJHN2DjdUbD2OC2eDJht_kefiPvneE0IbFA_2.jpg"",""https://static.yeezyunique.ru/batches/6cb9ff7b-d813-4394-8e73-aeda5d06a8f2/_dkbrSJHN2DjdUbD2OC2eDJht_kefiPvneE0IbFA_3.jpg"",""https://static.yeezyunique.ru/batches/6cb9ff7b-d813-4394-8e73-aeda5d06a8f2/_dkbrSJHN2DjdUbD2OC2eDJht_kefiPvneE0IbFA_4.jpg"",""https://static.yeezyunique.ru/batches/6cb9ff7b-d813-4394-8e73-aeda5d06a8f2/_dkbrSJHN2DjdUbD2OC2eDJht_kefiPvneE0IbFA_5.jpg"",""https://static.yeezyunique.ru/batches/6cb9ff7b-d813-4394-8e73-aeda5d06a8f2/_dkbrSJHN2DjdUbD2OC2eDJht_kefiPvneE0IbFA_6.jpg"",""https://static.yeezyunique.ru/batches/6cb9ff7b-d813-4394-8e73-aeda5d06a8f2/_dkbrSJHN2DjdUbD2OC2eDJht_kefiPvneE0IbFA_7.jpg"",""https://static.yeezyunique.ru/batches/6cb9ff7b-d813-4394-8e73-aeda5d06a8f2/_dkbrSJHN2DjdUbD2OC2eDJht_kefiPvneE0IbFA_8.jpg""]";true
_dhorSxfCGtnDyp61sm2yPFm5b1l_MsIlPlXEz2w;Loewe Кроссовки;Спортивные кроссовки из коллаборации Loewe и On Running серии Cloudtilt 2. Модель выполнена из высокотехнологичного сетчатого материала и прочного текстиля, обеспечивающих отличную вентиляцию и поддержку стопы.\n\nРазмеры: 36-46 (унисекс).;23000;v0xek8wss4meybg;nzg3vsvajpiv1e8;ll3hofpd5wqxr81;Унисекс;"[""https://static.yeezyunique.ru/batches/6cb9ff7b-d813-4394-8e73-aeda5d06a8f2/_dhorSxfCGtnDyp61sm2yPFm5b1l_MsIlPlXEz2w_0.jpg"",""https://static.yeezyunique.ru/batches/6cb9ff7b-d813-4394-8e73-aeda5d06a8f2/_dhorSxfCGtnDyp61sm2yPFm5b1l_MsIlPlXEz2w_1.jpg"",""https://static.yeezyunique.ru/batches/6cb9ff7b-d813-4394-8e73-aeda5d06a8f2/_dhorSxfCGtnDyp61sm2yPFm5b1l_MsIlPlXEz2w_2.jpg"",""https://static.yeezyunique.ru/batches/6cb9ff7b-d813-4394-8e73-aeda5d06a8f2/_dhorSxfCGtnDyp61sm2yPFm5b1l_MsIlPlXEz2w_3.jpg"",""https://static.yeezyunique.ru/batches/6cb9ff7b-d813-4394-8e73-aeda5d06a8f2/_dhorSxfCGtnDyp61sm2yPFm5b1l_MsIlPlXEz2w_4.jpg"",""https://static.yeezyunique.ru/batches/6cb9ff7b-d813-4394-8e73-aeda5d06a8f2/_dhorSxfCGtnDyp61sm2yPFm5b1l_MsIlPlXEz2w_5.jpg"",""https://static.yeezyunique.ru/batches/6cb9ff7b-d813-4394-8e73-aeda5d06a8f2/_dhorSxfCGtnDyp61sm2yPFm5b1l_MsIlPlXEz2w_6.jpg"",""https://static.yeezyunique.ru/batches/6cb9ff7b-d813-4394-8e73-aeda5d06a8f2/_dhorSxfCGtnDyp61sm2yPFm5b1l_MsIlPlXEz2w_7.jpg"",""https://static.yeezyunique.ru/batches/6cb9ff7b-d813-4394-8e73-aeda5d06a8f2/_dhorSxfCGtnDyp61sm2yPFm5b1l_MsIlPlXEz2w_8.jpg""]";true
_dlGrSWAIL4eGZicZLtICRZJI-rW7DX7c0DaOXQw;Loewe Кроссовки;Спортивные кроссовки из коллаборации Loewe и On Running серии Cloudtilt 2. Модель выполнена из высокотехнологичного сетчатого материала и прочного текстиля, обеспечивающего отличную вентиляцию и поддержку стопы.\n\nРазмеры: 36-46.;23000;v0xek8wss4meybg;nzg3vsvajpiv1e8;ll3hofpd5wqxr81;Унисекс;"[""https://static.yeezyunique.ru/batches/6cb9ff7b-d813-4394-8e73-aeda5d06a8f2/_dlGrSWAIL4eGZicZLtICRZJI-rW7DX7c0DaOXQw_0.jpg"",""https://static.yeezyunique.ru/batches/6cb9ff7b-d813-4394-8e73-aeda5d06a8f2/_dlGrSWAIL4eGZicZLtICRZJI-rW7DX7c0DaOXQw_1.jpg"",""https://static.yeezyunique.ru/batches/6cb9ff7b-d813-4394-8e73-aeda5d06a8f2/_dlGrSWAIL4eGZicZLtICRZJI-rW7DX7c0DaOXQw_2.jpg"",""https://static.yeezyunique.ru/batches/6cb9ff7b-d813-4394-8e73-aeda5d06a8f2/_dlGrSWAIL4eGZicZLtICRZJI-rW7DX7c0DaOXQw_3.jpg"",""https://static.yeezyunique.ru/batches/6cb9ff7b-d813-4394-8e73-aeda5d06a8f2/_dlGrSWAIL4eGZicZLtICRZJI-rW7DX7c0DaOXQw_4.jpg"",""https://static.yeezyunique.ru/batches/6cb9ff7b-d813-4394-8e73-aeda5d06a8f2/_dlGrSWAIL4eGZicZLtICRZJI-rW7DX7c0DaOXQw_5.jpg"",""https://static.yeezyunique.ru/batches/6cb9ff7b-d813-4394-8e73-aeda5d06a8f2/_dlGrSWAIL4eGZicZLtICRZJI-rW7DX7c0DaOXQw_6.jpg"",""https://static.yeezyunique.ru/batches/6cb9ff7b-d813-4394-8e73-aeda5d06a8f2/_dlGrSWAIL4eGZicZLtICRZJI-rW7DX7c0DaOXQw_7.jpg"",""https://static.yeezyunique.ru/batches/6cb9ff7b-d813-4394-8e73-aeda5d06a8f2/_dlGrSWAIL4eGZicZLtICRZJI-rW7DX7c0DaOXQw_8.jpg""]";true
_dparSpI2jfJk5lgCMKmjBgDyC2xXHhJOZBtL3Rw;Loewe Кроссовки;Спортивные кроссовки из коллаборации Loewe и On Running серии Cloudtilt 2. Модель выполнена из высокотехнологичного сетчатого материала и прочного текстиля, обеспечивающих отличную вентиляцию и поддержку стопы.\n\nРазмеры: 36-46 (унисекс).;23000;v0xek8wss4meybg;nzg3vsvajpiv1e8;ll3hofpd5wqxr81;Унисекс;"[""https://static.yeezyunique.ru/batches/6cb9ff7b-d813-4394-8e73-aeda5d06a8f2/_dparSpI2jfJk5lgCMKmjBgDyC2xXHhJOZBtL3Rw_0.jpg"",""https://static.yeezyunique.ru/batches/6cb9ff7b-d813-4394-8e73-aeda5d06a8f2/_dparSpI2jfJk5lgCMKmjBgDyC2xXHhJOZBtL3Rw_1.jpg"",""https://static.yeezyunique.ru/batches/6cb9ff7b-d813-4394-8e73-aeda5d06a8f2/_dparSpI2jfJk5lgCMKmjBgDyC2xXHhJOZBtL3Rw_2.jpg"",""https://static.yeezyunique.ru/batches/6cb9ff7b-d813-4394-8e73-aeda5d06a8f2/_dparSpI2jfJk5lgCMKmjBgDyC2xXHhJOZBtL3Rw_3.jpg"",""https://static.yeezyunique.ru/batches/6cb9ff7b-d813-4394-8e73-aeda5d06a8f2/_dparSpI2jfJk5lgCMKmjBgDyC2xXHhJOZBtL3Rw_4.jpg"",""https://static.yeezyunique.ru/batches/6cb9ff7b-d813-4394-8e73-aeda5d06a8f2/_dparSpI2jfJk5lgCMKmjBgDyC2xXHhJOZBtL3Rw_5.jpg"",""https://static.yeezyunique.ru/batches/6cb9ff7b-d813-4394-8e73-aeda5d06a8f2/_dparSpI2jfJk5lgCMKmjBgDyC2xXHhJOZBtL3Rw_6.jpg"",""https://static.yeezyunique.ru/batches/6cb9ff7b-d813-4394-8e73-aeda5d06a8f2/_dparSpI2jfJk5lgCMKmjBgDyC2xXHhJOZBtL3Rw_7.jpg"",""https://static.yeezyunique.ru/batches/6cb9ff7b-d813-4394-8e73-aeda5d06a8f2/_dparSpI2jfJk5lgCMKmjBgDyC2xXHhJOZBtL3Rw_8.jpg""]";true
_dexrSXIiHUJX-8RkNBBRei1tPWZi2-yeaDWnsXA;Loewe Кроссовки;Спортивные кроссовки из коллаборации Loewe и On Running серии Cloudtilt 2. Модель выполнена из высокотехнологичного сетчатого материала и прочного текстиля, обеспечивающего отличную вентиляцию и поддержку стопы.\n\nРазмеры: 36-46 (унисекс).;23000;v0xek8wss4meybg;nzg3vsvajpiv1e8;ll3hofpd5wqxr81;Унисекс;"[""https://static.yeezyunique.ru/batches/6cb9ff7b-d813-4394-8e73-aeda5d06a8f2/_dexrSXIiHUJX-8RkNBBRei1tPWZi2-yeaDWnsXA_0.jpg"",""https://static.yeezyunique.ru/batches/6cb9ff7b-d813-4394-8e73-aeda5d06a8f2/_dexrSXIiHUJX-8RkNBBRei1tPWZi2-yeaDWnsXA_1.jpg"",""https://static.yeezyunique.ru/batches/6cb9ff7b-d813-4394-8e73-aeda5d06a8f2/_dexrSXIiHUJX-8RkNBBRei1tPWZi2-yeaDWnsXA_2.jpg"",""https://static.yeezyunique.ru/batches/6cb9ff7b-d813-4394-8e73-aeda5d06a8f2/_dexrSXIiHUJX-8RkNBBRei1tPWZi2-yeaDWnsXA_3.jpg"",""https://static.yeezyunique.ru/batches/6cb9ff7b-d813-4394-8e73-aeda5d06a8f2/_dexrSXIiHUJX-8RkNBBRei1tPWZi2-yeaDWnsXA_4.jpg"",""https://static.yeezyunique.ru/batches/6cb9ff7b-d813-4394-8e73-aeda5d06a8f2/_dexrSXIiHUJX-8RkNBBRei1tPWZi2-yeaDWnsXA_5.jpg"",""https://static.yeezyunique.ru/batches/6cb9ff7b-d813-4394-8e73-aeda5d06a8f2/_dexrSXIiHUJX-8RkNBBRei1tPWZi2-yeaDWnsXA_6.jpg"",""https://static.yeezyunique.ru/batches/6cb9ff7b-d813-4394-8e73-aeda5d06a8f2/_dexrSXIiHUJX-8RkNBBRei1tPWZi2-yeaDWnsXA_7.jpg"",""https://static.yeezyunique.ru/batches/6cb9ff7b-d813-4394-8e73-aeda5d06a8f2/_dexrSXIiHUJX-8RkNBBRei1tPWZi2-yeaDWnsXA_8.jpg""]";true
_dsvrSO7ZuY7tPqgZLyG-eQ9TjEOuHxSBo965Q2g;Loewe Кроссовки;Спортивные кроссовки из коллаборации Loewe и On Running серии Cloudtilt 2. Модель выполнена из высокотехнологичного сетчатого материала и прочного текстиля, обеспечивающих отличную вентиляцию и поддержку стопы.\n\nРазмеры: 36-46 (унисекс).;23000;v0xek8wss4meybg;nzg3vsvajpiv1e8;ll3hofpd5wqxr81;Унисекс;"[""https://static.yeezyunique.ru/batches/6cb9ff7b-d813-4394-8e73-aeda5d06a8f2/_dsvrSO7ZuY7tPqgZLyG-eQ9TjEOuHxSBo965Q2g_0.jpg"",""https://static.yeezyunique.ru/batches/6cb9ff7b-d813-4394-8e73-aeda5d06a8f2/_dsvrSO7ZuY7tPqgZLyG-eQ9TjEOuHxSBo965Q2g_1.jpg"",""https://static.yeezyunique.ru/batches/6cb9ff7b-d813-4394-8e73-aeda5d06a8f2/_dsvrSO7ZuY7tPqgZLyG-eQ9TjEOuHxSBo965Q2g_2.jpg"",""https://static.yeezyunique.ru/batches/6cb9ff7b-d813-4394-8e73-aeda5d06a8f2/_dsvrSO7ZuY7tPqgZLyG-eQ9TjEOuHxSBo965Q2g_3.jpg"",""https://static.yeezyunique.ru/batches/6cb9ff7b-d813-4394-8e73-aeda5d06a8f2/_dsvrSO7ZuY7tPqgZLyG-eQ9TjEOuHxSBo965Q2g_4.jpg"",""https://static.yeezyunique.ru/batches/6cb9ff7b-d813-4394-8e73-aeda5d06a8f2/_dsvrSO7ZuY7tPqgZLyG-eQ9TjEOuHxSBo965Q2g_5.jpg"",""https://static.yeezyunique.ru/batches/6cb9ff7b-d813-4394-8e73-aeda5d06a8f2/_dsvrSO7ZuY7tPqgZLyG-eQ9TjEOuHxSBo965Q2g_6.jpg"",""https://static.yeezyunique.ru/batches/6cb9ff7b-d813-4394-8e73-aeda5d06a8f2/_dsvrSO7ZuY7tPqgZLyG-eQ9TjEOuHxSBo965Q2g_7.jpg"",""https://static.yeezyunique.ru/batches/6cb9ff7b-d813-4394-8e73-aeda5d06a8f2/_dsvrSO7ZuY7tPqgZLyG-eQ9TjEOuHxSBo965Q2g_8.jpg""]";true
_dldrS7Bnskqp1YyK9DW4zj50LuoOT8P4Bry6pZg;Loewe Кроссовки;Спортивные кроссовки из коллаборации Loewe и On Running серии Cloudtilt 2. Модель выполнена из высокотехнологичного сетчатого материала и прочного текстиля, обеспечивающих отличную вентиляцию и поддержку стопы.\n\nРазмеры: 36-46 (унисекс).;23000;v0xek8wss4meybg;nzg3vsvajpiv1e8;ll3hofpd5wqxr81;Унисекс;"[""https://static.yeezyunique.ru/batches/6cb9ff7b-d813-4394-8e73-aeda5d06a8f2/_dldrS7Bnskqp1YyK9DW4zj50LuoOT8P4Bry6pZg_0.jpg"",""https://static.yeezyunique.ru/batches/6cb9ff7b-d813-4394-8e73-aeda5d06a8f2/_dldrS7Bnskqp1YyK9DW4zj50LuoOT8P4Bry6pZg_1.jpg"",""https://static.yeezyunique.ru/batches/6cb9ff7b-d813-4394-8e73-aeda5d06a8f2/_dldrS7Bnskqp1YyK9DW4zj50LuoOT8P4Bry6pZg_2.jpg"",""https://static.yeezyunique.ru/batches/6cb9ff7b-d813-4394-8e73-aeda5d06a8f2/_dldrS7Bnskqp1YyK9DW4zj50LuoOT8P4Bry6pZg_3.jpg"",""https://static.yeezyunique.ru/batches/6cb9ff7b-d813-4394-8e73-aeda5d06a8f2/_dldrS7Bnskqp1YyK9DW4zj50LuoOT8P4Bry6pZg_4.jpg"",""https://static.yeezyunique.ru/batches/6cb9ff7b-d813-4394-8e73-aeda5d06a8f2/_dldrS7Bnskqp1YyK9DW4zj50LuoOT8P4Bry6pZg_5.jpg"",""https://static.yeezyunique.ru/batches/6cb9ff7b-d813-4394-8e73-aeda5d06a8f2/_dldrS7Bnskqp1YyK9DW4zj50LuoOT8P4Bry6pZg_6.jpg"",""https://static.yeezyunique.ru/batches/6cb9ff7b-d813-4394-8e73-aeda5d06a8f2/_dldrS7Bnskqp1YyK9DW4zj50LuoOT8P4Bry6pZg_7.jpg"",""https://static.yeezyunique.ru/batches/6cb9ff7b-d813-4394-8e73-aeda5d06a8f2/_dldrS7Bnskqp1YyK9DW4zj50LuoOT8P4Bry6pZg_8.jpg""]";true
_d8mrSbUgpHR3ERBQRE0yC9qVGUoFPt08Gsc6kUw;Loewe Кроссовки;Спортивные кроссовки из коллаборации Loewe и On Running серии Cloudtilt 2. Модель выполнена из высокотехнологичного сетчатого материала и прочного текстиля, обеспечивающих отличную вентиляцию и поддержку стопы.\n\nРазмеры: 36-46 (унисекс).;23000;v0xek8wss4meybg;nzg3vsvajpiv1e8;ll3hofpd5wqxr81;Унисекс;"[""https://static.yeezyunique.ru/batches/6cb9ff7b-d813-4394-8e73-aeda5d06a8f2/_d8mrSbUgpHR3ERBQRE0yC9qVGUoFPt08Gsc6kUw_0.jpg"",""https://static.yeezyunique.ru/batches/6cb9ff7b-d813-4394-8e73-aeda5d06a8f2/_d8mrSbUgpHR3ERBQRE0yC9qVGUoFPt08Gsc6kUw_1.jpg"",""https://static.yeezyunique.ru/batches/6cb9ff7b-d813-4394-8e73-aeda5d06a8f2/_d8mrSbUgpHR3ERBQRE0yC9qVGUoFPt08Gsc6kUw_2.jpg"",""https://static.yeezyunique.ru/batches/6cb9ff7b-d813-4394-8e73-aeda5d06a8f2/_d8mrSbUgpHR3ERBQRE0yC9qVGUoFPt08Gsc6kUw_3.jpg"",""https://static.yeezyunique.ru/batches/6cb9ff7b-d813-4394-8e73-aeda5d06a8f2/_d8mrSbUgpHR3ERBQRE0yC9qVGUoFPt08Gsc6kUw_4.jpg"",""https://static.yeezyunique.ru/batches/6cb9ff7b-d813-4394-8e73-aeda5d06a8f2/_d8mrSbUgpHR3ERBQRE0yC9qVGUoFPt08Gsc6kUw_5.jpg"",""https://static.yeezyunique.ru/batches/6cb9ff7b-d813-4394-8e73-aeda5d06a8f2/_d8mrSbUgpHR3ERBQRE0yC9qVGUoFPt08Gsc6kUw_6.jpg"",""https://static.yeezyunique.ru/batches/6cb9ff7b-d813-4394-8e73-aeda5d06a8f2/_d8mrSbUgpHR3ERBQRE0yC9qVGUoFPt08Gsc6kUw_7.jpg"",""https://static.yeezyunique.ru/batches/6cb9ff7b-d813-4394-8e73-aeda5d06a8f2/_d8mrSbUgpHR3ERBQRE0yC9qVGUoFPt08Gsc6kUw_8.jpg""]";true
_dwerSbSAra71Wt8aIqzwZzkNvvwLbSw1VecoEag;Loewe Кроссовки;Спортивные кроссовки из коллаборации Loewe и On Running серии Cloudtilt 2. Модель выполнена из высокотехнологичного сетчатого материала и прочного текстиля, обеспечивающих отличную вентиляцию и поддержку стопы.\n\nРазмеры: 36-46 (унисекс).;23000;v0xek8wss4meybg;nzg3vsvajpiv1e8;ll3hofpd5wqxr81;Унисекс;"[""https://static.yeezyunique.ru/batches/6cb9ff7b-d813-4394-8e73-aeda5d06a8f2/_dwerSbSAra71Wt8aIqzwZzkNvvwLbSw1VecoEag_0.jpg"",""https://static.yeezyunique.ru/batches/6cb9ff7b-d813-4394-8e73-aeda5d06a8f2/_dwerSbSAra71Wt8aIqzwZzkNvvwLbSw1VecoEag_1.jpg"",""https://static.yeezyunique.ru/batches/6cb9ff7b-d813-4394-8e73-aeda5d06a8f2/_dwerSbSAra71Wt8aIqzwZzkNvvwLbSw1VecoEag_2.jpg"",""https://static.yeezyunique.ru/batches/6cb9ff7b-d813-4394-8e73-aeda5d06a8f2/_dwerSbSAra71Wt8aIqzwZzkNvvwLbSw1VecoEag_3.jpg"",""https://static.yeezyunique.ru/batches/6cb9ff7b-d813-4394-8e73-aeda5d06a8f2/_dwerSbSAra71Wt8aIqzwZzkNvvwLbSw1VecoEag_4.jpg"",""https://static.yeezyunique.ru/batches/6cb9ff7b-d813-4394-8e73-aeda5d06a8f2/_dwerSbSAra71Wt8aIqzwZzkNvvwLbSw1VecoEag_5.jpg"",""https://static.yeezyunique.ru/batches/6cb9ff7b-d813-4394-8e73-aeda5d06a8f2/_dwerSbSAra71Wt8aIqzwZzkNvvwLbSw1VecoEag_6.jpg"",""https://static.yeezyunique.ru/batches/6cb9ff7b-d813-4394-8e73-aeda5d06a8f2/_dwerSbSAra71Wt8aIqzwZzkNvvwLbSw1VecoEag_7.jpg"",""https://static.yeezyunique.ru/batches/6cb9ff7b-d813-4394-8e73-aeda5d06a8f2/_dwerSbSAra71Wt8aIqzwZzkNvvwLbSw1VecoEag_8.jpg""]";true
_de-rSMzhCxj_PnOvSopyDOAdB_rByJ3L0b4mytg;Loewe Кроссовки;Спортивные кроссовки из коллаборации Loewe и On Running серии Cloudtilt 2. Модель выполнена из высокотехнологичного сетчатого материала и прочного текстиля, обеспечивающего отличную вентиляцию и поддержку стопы.\n\nРазмеры: 36-46 (унисекс).;23000;v0xek8wss4meybg;nzg3vsvajpiv1e8;ll3hofpd5wqxr81;Унисекс;"[""https://static.yeezyunique.ru/batches/6cb9ff7b-d813-4394-8e73-aeda5d06a8f2/_de-rSMzhCxj_PnOvSopyDOAdB_rByJ3L0b4mytg_0.jpg"",""https://static.yeezyunique.ru/batches/6cb9ff7b-d813-4394-8e73-aeda5d06a8f2/_de-rSMzhCxj_PnOvSopyDOAdB_rByJ3L0b4mytg_1.jpg"",""https://static.yeezyunique.ru/batches/6cb9ff7b-d813-4394-8e73-aeda5d06a8f2/_de-rSMzhCxj_PnOvSopyDOAdB_rByJ3L0b4mytg_2.jpg"",""https://static.yeezyunique.ru/batches/6cb9ff7b-d813-4394-8e73-aeda5d06a8f2/_de-rSMzhCxj_PnOvSopyDOAdB_rByJ3L0b4mytg_3.jpg"",""https://static.yeezyunique.ru/batches/6cb9ff7b-d813-4394-8e73-aeda5d06a8f2/_de-rSMzhCxj_PnOvSopyDOAdB_rByJ3L0b4mytg_4.jpg"",""https://static.yeezyunique.ru/batches/6cb9ff7b-d813-4394-8e73-aeda5d06a8f2/_de-rSMzhCxj_PnOvSopyDOAdB_rByJ3L0b4mytg_5.jpg"",""https://static.yeezyunique.ru/batches/6cb9ff7b-d813-4394-8e73-aeda5d06a8f2/_de-rSMzhCxj_PnOvSopyDOAdB_rByJ3L0b4mytg_6.jpg"",""https://static.yeezyunique.ru/batches/6cb9ff7b-d813-4394-8e73-aeda5d06a8f2/_de-rSMzhCxj_PnOvSopyDOAdB_rByJ3L0b4mytg_7.jpg"",""https://static.yeezyunique.ru/batches/6cb9ff7b-d813-4394-8e73-aeda5d06a8f2/_de-rSMzhCxj_PnOvSopyDOAdB_rByJ3L0b4mytg_8.jpg""]";true
_dvlrSwesYg8zPOU-ioLO7iMZxvH2znBjDvU-h1A;Loro Piana Сандалии;Стильные мужские сандалии, выполненные из гладкой итальянской телячьей кожи с изысканной текстурой. Внутренняя отделка из мягкой замши ягненка обеспечивает непревзойденный комфорт и долговечность.\n\nРазмеры: 39-46.;23000;5f3npdmxcv8f190;nzg3vsvajpiv1e8;rbf3iprt2z3owjd;Унисекс;"[""https://static.yeezyunique.ru/batches/6cb9ff7b-d813-4394-8e73-aeda5d06a8f2/_dvlrSwesYg8zPOU-ioLO7iMZxvH2znBjDvU-h1A_0.jpg"",""https://static.yeezyunique.ru/batches/6cb9ff7b-d813-4394-8e73-aeda5d06a8f2/_dvlrSwesYg8zPOU-ioLO7iMZxvH2znBjDvU-h1A_1.jpg"",""https://static.yeezyunique.ru/batches/6cb9ff7b-d813-4394-8e73-aeda5d06a8f2/_dvlrSwesYg8zPOU-ioLO7iMZxvH2znBjDvU-h1A_2.jpg"",""https://static.yeezyunique.ru/batches/6cb9ff7b-d813-4394-8e73-aeda5d06a8f2/_dvlrSwesYg8zPOU-ioLO7iMZxvH2znBjDvU-h1A_3.jpg"",""https://static.yeezyunique.ru/batches/6cb9ff7b-d813-4394-8e73-aeda5d06a8f2/_dvlrSwesYg8zPOU-ioLO7iMZxvH2znBjDvU-h1A_4.jpg"",""https://static.yeezyunique.ru/batches/6cb9ff7b-d813-4394-8e73-aeda5d06a8f2/_dvlrSwesYg8zPOU-ioLO7iMZxvH2znBjDvU-h1A_5.jpg"",""https://static.yeezyunique.ru/batches/6cb9ff7b-d813-4394-8e73-aeda5d06a8f2/_dvlrSwesYg8zPOU-ioLO7iMZxvH2znBjDvU-h1A_6.jpg"",""https://static.yeezyunique.ru/batches/6cb9ff7b-d813-4394-8e73-aeda5d06a8f2/_dvlrSwesYg8zPOU-ioLO7iMZxvH2znBjDvU-h1A_7.jpg"",""https://static.yeezyunique.ru/batches/6cb9ff7b-d813-4394-8e73-aeda5d06a8f2/_dvlrSwesYg8zPOU-ioLO7iMZxvH2znBjDvU-h1A_8.jpg""]";true
_dbTrS-Ko4VrhsMxD2F1Kre0j9kbRCpN919VXR1g;Loro Piana Сандалии;Стильные мужские сандалии, выполненные из гладкой итальянской телячьей кожи с изысканной текстурой. Внутренняя отделка из мягкой итальянской замши обеспечивает непревзойденный комфорт и долговечность.\n\nРазмеры: 39-46 (мужские).;23000;5f3npdmxcv8f190;nzg3vsvajpiv1e8;rbf3iprt2z3owjd;Унисекс;"[""https://static.yeezyunique.ru/batches/6cb9ff7b-d813-4394-8e73-aeda5d06a8f2/_dbTrS-Ko4VrhsMxD2F1Kre0j9kbRCpN919VXR1g_0.jpg"",""https://static.yeezyunique.ru/batches/6cb9ff7b-d813-4394-8e73-aeda5d06a8f2/_dbTrS-Ko4VrhsMxD2F1Kre0j9kbRCpN919VXR1g_1.jpg"",""https://static.yeezyunique.ru/batches/6cb9ff7b-d813-4394-8e73-aeda5d06a8f2/_dbTrS-Ko4VrhsMxD2F1Kre0j9kbRCpN919VXR1g_2.jpg"",""https://static.yeezyunique.ru/batches/6cb9ff7b-d813-4394-8e73-aeda5d06a8f2/_dbTrS-Ko4VrhsMxD2F1Kre0j9kbRCpN919VXR1g_3.jpg"",""https://static.yeezyunique.ru/batches/6cb9ff7b-d813-4394-8e73-aeda5d06a8f2/_dbTrS-Ko4VrhsMxD2F1Kre0j9kbRCpN919VXR1g_4.jpg"",""https://static.yeezyunique.ru/batches/6cb9ff7b-d813-4394-8e73-aeda5d06a8f2/_dbTrS-Ko4VrhsMxD2F1Kre0j9kbRCpN919VXR1g_5.jpg"",""https://static.yeezyunique.ru/batches/6cb9ff7b-d813-4394-8e73-aeda5d06a8f2/_dbTrS-Ko4VrhsMxD2F1Kre0j9kbRCpN919VXR1g_6.jpg"",""https://static.yeezyunique.ru/batches/6cb9ff7b-d813-4394-8e73-aeda5d06a8f2/_dbTrS-Ko4VrhsMxD2F1Kre0j9kbRCpN919VXR1g_7.jpg"",""https://static.yeezyunique.ru/batches/6cb9ff7b-d813-4394-8e73-aeda5d06a8f2/_dbTrS-Ko4VrhsMxD2F1Kre0j9kbRCpN919VXR1g_8.jpg""]";true
_dntrS296L1PcqF5EL-8Z3O93bEWcoAihFW_qXjQ;Loro Piana Сандалии;Стильные мужские сандалии, выполненные из гладкой итальянской телячьей кожи с изысканной текстурой. Внутренняя отделка из мягкой замши ягненка обеспечивает непревзойденный комфорт и долговечность.\n\nРазмеры: 39-46 (мужские).;23000;5f3npdmxcv8f190;nzg3vsvajpiv1e8;rbf3iprt2z3owjd;Унисекс;"[""https://static.yeezyunique.ru/batches/6cb9ff7b-d813-4394-8e73-aeda5d06a8f2/_dntrS296L1PcqF5EL-8Z3O93bEWcoAihFW_qXjQ_0.jpg"",""https://static.yeezyunique.ru/batches/6cb9ff7b-d813-4394-8e73-aeda5d06a8f2/_dntrS296L1PcqF5EL-8Z3O93bEWcoAihFW_qXjQ_1.jpg"",""https://static.yeezyunique.ru/batches/6cb9ff7b-d813-4394-8e73-aeda5d06a8f2/_dntrS296L1PcqF5EL-8Z3O93bEWcoAihFW_qXjQ_2.jpg"",""https://static.yeezyunique.ru/batches/6cb9ff7b-d813-4394-8e73-aeda5d06a8f2/_dntrS296L1PcqF5EL-8Z3O93bEWcoAihFW_qXjQ_3.jpg"",""https://static.yeezyunique.ru/batches/6cb9ff7b-d813-4394-8e73-aeda5d06a8f2/_dntrS296L1PcqF5EL-8Z3O93bEWcoAihFW_qXjQ_4.jpg"",""https://static.yeezyunique.ru/batches/6cb9ff7b-d813-4394-8e73-aeda5d06a8f2/_dntrS296L1PcqF5EL-8Z3O93bEWcoAihFW_qXjQ_5.jpg"",""https://static.yeezyunique.ru/batches/6cb9ff7b-d813-4394-8e73-aeda5d06a8f2/_dntrS296L1PcqF5EL-8Z3O93bEWcoAihFW_qXjQ_6.jpg"",""https://static.yeezyunique.ru/batches/6cb9ff7b-d813-4394-8e73-aeda5d06a8f2/_dntrS296L1PcqF5EL-8Z3O93bEWcoAihFW_qXjQ_7.jpg"",""https://static.yeezyunique.ru/batches/6cb9ff7b-d813-4394-8e73-aeda5d06a8f2/_dntrS296L1PcqF5EL-8Z3O93bEWcoAihFW_qXjQ_8.jpg""]";true
_dkBrScrlmtW-vV9I52WiiZ1VnyB5awQ0rw2tiGA;Loro Piana Сандалии;Элегантные мужские сандалии Pilat Plain Walk, выполненные из гладкой итальянской телячьей кожи ручной работы. Модель дополнена мягкой подкладкой из натуральной замши и амортизирующей стелькой для исключительного комфорта в летний период.\n\nРазмеры: 39-46 (мужские).;23000;5f3npdmxcv8f190;nzg3vsvajpiv1e8;rbf3iprt2z3owjd;Унисекс;"[""https://static.yeezyunique.ru/batches/6cb9ff7b-d813-4394-8e73-aeda5d06a8f2/_dkBrScrlmtW-vV9I52WiiZ1VnyB5awQ0rw2tiGA_0.jpg"",""https://static.yeezyunique.ru/batches/6cb9ff7b-d813-4394-8e73-aeda5d06a8f2/_dkBrScrlmtW-vV9I52WiiZ1VnyB5awQ0rw2tiGA_1.jpg"",""https://static.yeezyunique.ru/batches/6cb9ff7b-d813-4394-8e73-aeda5d06a8f2/_dkBrScrlmtW-vV9I52WiiZ1VnyB5awQ0rw2tiGA_2.jpg"",""https://static.yeezyunique.ru/batches/6cb9ff7b-d813-4394-8e73-aeda5d06a8f2/_dkBrScrlmtW-vV9I52WiiZ1VnyB5awQ0rw2tiGA_3.jpg"",""https://static.yeezyunique.ru/batches/6cb9ff7b-d813-4394-8e73-aeda5d06a8f2/_dkBrScrlmtW-vV9I52WiiZ1VnyB5awQ0rw2tiGA_4.jpg"",""https://static.yeezyunique.ru/batches/6cb9ff7b-d813-4394-8e73-aeda5d06a8f2/_dkBrScrlmtW-vV9I52WiiZ1VnyB5awQ0rw2tiGA_5.jpg"",""https://static.yeezyunique.ru/batches/6cb9ff7b-d813-4394-8e73-aeda5d06a8f2/_dkBrScrlmtW-vV9I52WiiZ1VnyB5awQ0rw2tiGA_6.jpg"",""https://static.yeezyunique.ru/batches/6cb9ff7b-d813-4394-8e73-aeda5d06a8f2/_dkBrScrlmtW-vV9I52WiiZ1VnyB5awQ0rw2tiGA_7.jpg"",""https://static.yeezyunique.ru/batches/6cb9ff7b-d813-4394-8e73-aeda5d06a8f2/_dkBrScrlmtW-vV9I52WiiZ1VnyB5awQ0rw2tiGA_8.jpg""]";true
_dllrSna4Eu-4vPntZU7O_2Mi_tOMM3IkhMoNkpw;Loro Piana Сандалии;Элегантные мужские сандалии Pilat Plain Walk, выполненные из гладкой итальянской телячьей кожи ручной работы. Модель дополнена мягкой подкладкой из натуральной замши и амортизирующей стелькой для исключительного комфорта в летний период.\n\nРазмеры: 39-46 (мужские).;23000;5f3npdmxcv8f190;nzg3vsvajpiv1e8;rbf3iprt2z3owjd;Унисекс;"[""https://static.yeezyunique.ru/batches/6cb9ff7b-d813-4394-8e73-aeda5d06a8f2/_dllrSna4Eu-4vPntZU7O_2Mi_tOMM3IkhMoNkpw_0.jpg"",""https://static.yeezyunique.ru/batches/6cb9ff7b-d813-4394-8e73-aeda5d06a8f2/_dllrSna4Eu-4vPntZU7O_2Mi_tOMM3IkhMoNkpw_1.jpg"",""https://static.yeezyunique.ru/batches/6cb9ff7b-d813-4394-8e73-aeda5d06a8f2/_dllrSna4Eu-4vPntZU7O_2Mi_tOMM3IkhMoNkpw_2.jpg"",""https://static.yeezyunique.ru/batches/6cb9ff7b-d813-4394-8e73-aeda5d06a8f2/_dllrSna4Eu-4vPntZU7O_2Mi_tOMM3IkhMoNkpw_3.jpg"",""https://static.yeezyunique.ru/batches/6cb9ff7b-d813-4394-8e73-aeda5d06a8f2/_dllrSna4Eu-4vPntZU7O_2Mi_tOMM3IkhMoNkpw_4.jpg"",""https://static.yeezyunique.ru/batches/6cb9ff7b-d813-4394-8e73-aeda5d06a8f2/_dllrSna4Eu-4vPntZU7O_2Mi_tOMM3IkhMoNkpw_5.jpg"",""https://static.yeezyunique.ru/batches/6cb9ff7b-d813-4394-8e73-aeda5d06a8f2/_dllrSna4Eu-4vPntZU7O_2Mi_tOMM3IkhMoNkpw_6.jpg"",""https://static.yeezyunique.ru/batches/6cb9ff7b-d813-4394-8e73-aeda5d06a8f2/_dllrSna4Eu-4vPntZU7O_2Mi_tOMM3IkhMoNkpw_7.jpg"",""https://static.yeezyunique.ru/batches/6cb9ff7b-d813-4394-8e73-aeda5d06a8f2/_dllrSna4Eu-4vPntZU7O_2Mi_tOMM3IkhMoNkpw_8.jpg""]";true
_dtYrSkB7xHfnGuRtwaVLj3BEaDIbr0zwMPtFhWA;Loro Piana Сандалии;Элегантные мужские сандалии Pilat Plain Walk, выполненные из гладкой итальянской телячьей кожи ручной работы. Модель дополнена мягкой подкладкой из натуральной замши и амортизирующей стелькой для исключительного комфорта в летний период.\n\nРазмеры: 39-46 (мужские).;23000;5f3npdmxcv8f190;nzg3vsvajpiv1e8;rbf3iprt2z3owjd;Унисекс;"[""https://static.yeezyunique.ru/batches/6cb9ff7b-d813-4394-8e73-aeda5d06a8f2/_dtYrSkB7xHfnGuRtwaVLj3BEaDIbr0zwMPtFhWA_0.jpg"",""https://static.yeezyunique.ru/batches/6cb9ff7b-d813-4394-8e73-aeda5d06a8f2/_dtYrSkB7xHfnGuRtwaVLj3BEaDIbr0zwMPtFhWA_1.jpg"",""https://static.yeezyunique.ru/batches/6cb9ff7b-d813-4394-8e73-aeda5d06a8f2/_dtYrSkB7xHfnGuRtwaVLj3BEaDIbr0zwMPtFhWA_2.jpg"",""https://static.yeezyunique.ru/batches/6cb9ff7b-d813-4394-8e73-aeda5d06a8f2/_dtYrSkB7xHfnGuRtwaVLj3BEaDIbr0zwMPtFhWA_3.jpg"",""https://static.yeezyunique.ru/batches/6cb9ff7b-d813-4394-8e73-aeda5d06a8f2/_dtYrSkB7xHfnGuRtwaVLj3BEaDIbr0zwMPtFhWA_4.jpg"",""https://static.yeezyunique.ru/batches/6cb9ff7b-d813-4394-8e73-aeda5d06a8f2/_dtYrSkB7xHfnGuRtwaVLj3BEaDIbr0zwMPtFhWA_5.jpg"",""https://static.yeezyunique.ru/batches/6cb9ff7b-d813-4394-8e73-aeda5d06a8f2/_dtYrSkB7xHfnGuRtwaVLj3BEaDIbr0zwMPtFhWA_6.jpg"",""https://static.yeezyunique.ru/batches/6cb9ff7b-d813-4394-8e73-aeda5d06a8f2/_dtYrSkB7xHfnGuRtwaVLj3BEaDIbr0zwMPtFhWA_7.jpg"",""https://static.yeezyunique.ru/batches/6cb9ff7b-d813-4394-8e73-aeda5d06a8f2/_dtYrSkB7xHfnGuRtwaVLj3BEaDIbr0zwMPtFhWA_8.jpg""]";true
_dqDrS1zOG575Mjem0083Z2DfDuHObyz5bsmCZww;Chanel Кроссовки;Стильные повседневные кроссовки в изысканной цветовой гамме, идеально подходящей для весеннего сезона. Модель выполнена из высококачественного текстиля, включая сетчатые и нейлоновые вставки, с подкладкой из мягкой кожи ягненка и легкой подошвой из комбинации резины и полиуретана.\n\nРазмеры: 35-40.;23000;3wxtez8ckauz7o1;nzg3vsvajpiv1e8;ll3hofpd5wqxr81;Для женщин;"[""https://static.yeezyunique.ru/batches/6cb9ff7b-d813-4394-8e73-aeda5d06a8f2/_dqDrS1zOG575Mjem0083Z2DfDuHObyz5bsmCZww_0.jpg"",""https://static.yeezyunique.ru/batches/6cb9ff7b-d813-4394-8e73-aeda5d06a8f2/_dqDrS1zOG575Mjem0083Z2DfDuHObyz5bsmCZww_1.jpg"",""https://static.yeezyunique.ru/batches/6cb9ff7b-d813-4394-8e73-aeda5d06a8f2/_dqDrS1zOG575Mjem0083Z2DfDuHObyz5bsmCZww_2.jpg"",""https://static.yeezyunique.ru/batches/6cb9ff7b-d813-4394-8e73-aeda5d06a8f2/_dqDrS1zOG575Mjem0083Z2DfDuHObyz5bsmCZww_3.jpg"",""https://static.yeezyunique.ru/batches/6cb9ff7b-d813-4394-8e73-aeda5d06a8f2/_dqDrS1zOG575Mjem0083Z2DfDuHObyz5bsmCZww_4.jpg"",""https://static.yeezyunique.ru/batches/6cb9ff7b-d813-4394-8e73-aeda5d06a8f2/_dqDrS1zOG575Mjem0083Z2DfDuHObyz5bsmCZww_5.jpg"",""https://static.yeezyunique.ru/batches/6cb9ff7b-d813-4394-8e73-aeda5d06a8f2/_dqDrS1zOG575Mjem0083Z2DfDuHObyz5bsmCZww_6.jpg"",""https://static.yeezyunique.ru/batches/6cb9ff7b-d813-4394-8e73-aeda5d06a8f2/_dqDrS1zOG575Mjem0083Z2DfDuHObyz5bsmCZww_7.jpg"",""https://static.yeezyunique.ru/batches/6cb9ff7b-d813-4394-8e73-aeda5d06a8f2/_dqDrS1zOG575Mjem0083Z2DfDuHObyz5bsmCZww_8.jpg""]";true
_dherSwdHjkcSQoK-e9_oQPRaBjaCDnIqSiR5ONg;Chanel Кроссовки;Стильные повседневные кроссовки в изысканной цветовой гамме, идеально подходящей для весеннего сезона. Модель выполнена из комбинации премиального текстиля, сетки и нейлона, дополнена подкладкой из нежной кожи ягненка и легкой подошвой из сочетания резины и полиуретана.\n\nРазмеры: 35-40.;23000;3wxtez8ckauz7o1;nzg3vsvajpiv1e8;ll3hofpd5wqxr81;Для женщин;"[""https://static.yeezyunique.ru/batches/6cb9ff7b-d813-4394-8e73-aeda5d06a8f2/_dherSwdHjkcSQoK-e9_oQPRaBjaCDnIqSiR5ONg_0.jpg"",""https://static.yeezyunique.ru/batches/6cb9ff7b-d813-4394-8e73-aeda5d06a8f2/_dherSwdHjkcSQoK-e9_oQPRaBjaCDnIqSiR5ONg_1.jpg"",""https://static.yeezyunique.ru/batches/6cb9ff7b-d813-4394-8e73-aeda5d06a8f2/_dherSwdHjkcSQoK-e9_oQPRaBjaCDnIqSiR5ONg_2.jpg"",""https://static.yeezyunique.ru/batches/6cb9ff7b-d813-4394-8e73-aeda5d06a8f2/_dherSwdHjkcSQoK-e9_oQPRaBjaCDnIqSiR5ONg_3.jpg"",""https://static.yeezyunique.ru/batches/6cb9ff7b-d813-4394-8e73-aeda5d06a8f2/_dherSwdHjkcSQoK-e9_oQPRaBjaCDnIqSiR5ONg_4.jpg"",""https://static.yeezyunique.ru/batches/6cb9ff7b-d813-4394-8e73-aeda5d06a8f2/_dherSwdHjkcSQoK-e9_oQPRaBjaCDnIqSiR5ONg_5.jpg"",""https://static.yeezyunique.ru/batches/6cb9ff7b-d813-4394-8e73-aeda5d06a8f2/_dherSwdHjkcSQoK-e9_oQPRaBjaCDnIqSiR5ONg_6.jpg"",""https://static.yeezyunique.ru/batches/6cb9ff7b-d813-4394-8e73-aeda5d06a8f2/_dherSwdHjkcSQoK-e9_oQPRaBjaCDnIqSiR5ONg_7.jpg"",""https://static.yeezyunique.ru/batches/6cb9ff7b-d813-4394-8e73-aeda5d06a8f2/_dherSwdHjkcSQoK-e9_oQPRaBjaCDnIqSiR5ONg_8.jpg""]";true
_dxLrS7im6HDLhgPB_W8PLNC-H_xQdSJoecspMgQ;Chanel Кроссовки;Стильные повседневные кроссовки из весенней коллекции, выполненные из премиального сочетания сетчатого текстиля и нейлона. Внутренняя отделка из мягкой кожи ягненка обеспечивает комфорт, а легкая комбинированная подошва высотой 4 см гарантирует отличную амортизацию.\n\nРазмеры: 35-40.;23000;3wxtez8ckauz7o1;nzg3vsvajpiv1e8;ll3hofpd5wqxr81;Для женщин;"[""https://static.yeezyunique.ru/batches/6cb9ff7b-d813-4394-8e73-aeda5d06a8f2/_dxLrS7im6HDLhgPB_W8PLNC-H_xQdSJoecspMgQ_0.jpg"",""https://static.yeezyunique.ru/batches/6cb9ff7b-d813-4394-8e73-aeda5d06a8f2/_dxLrS7im6HDLhgPB_W8PLNC-H_xQdSJoecspMgQ_1.jpg"",""https://static.yeezyunique.ru/batches/6cb9ff7b-d813-4394-8e73-aeda5d06a8f2/_dxLrS7im6HDLhgPB_W8PLNC-H_xQdSJoecspMgQ_2.jpg"",""https://static.yeezyunique.ru/batches/6cb9ff7b-d813-4394-8e73-aeda5d06a8f2/_dxLrS7im6HDLhgPB_W8PLNC-H_xQdSJoecspMgQ_3.jpg"",""https://static.yeezyunique.ru/batches/6cb9ff7b-d813-4394-8e73-aeda5d06a8f2/_dxLrS7im6HDLhgPB_W8PLNC-H_xQdSJoecspMgQ_4.jpg"",""https://static.yeezyunique.ru/batches/6cb9ff7b-d813-4394-8e73-aeda5d06a8f2/_dxLrS7im6HDLhgPB_W8PLNC-H_xQdSJoecspMgQ_5.jpg"",""https://static.yeezyunique.ru/batches/6cb9ff7b-d813-4394-8e73-aeda5d06a8f2/_dxLrS7im6HDLhgPB_W8PLNC-H_xQdSJoecspMgQ_6.jpg"",""https://static.yeezyunique.ru/batches/6cb9ff7b-d813-4394-8e73-aeda5d06a8f2/_dxLrS7im6HDLhgPB_W8PLNC-H_xQdSJoecspMgQ_7.jpg"",""https://static.yeezyunique.ru/batches/6cb9ff7b-d813-4394-8e73-aeda5d06a8f2/_dxLrS7im6HDLhgPB_W8PLNC-H_xQdSJoecspMgQ_8.jpg""]";true
_dirrSsB3a29wd1NIqBiGjalANBdPLs2V5j_PQ8A;Dior Балетки;Изысканные балетки в стиле Мэри Джейн, выполненные из премиальной итальянской лакированной телячьей кожи. Модель украшена фирменной атласной лентой с логотипом Dior, которая элегантно завязывается на щиколотке.\n\nРазмеры: 35-40.;23000;ivacgwvpdne0t35;nzg3vsvajpiv1e8;gquuvxk7z0ik5jn;Для женщин;"[""https://static.yeezyunique.ru/batches/6cb9ff7b-d813-4394-8e73-aeda5d06a8f2/_dirrSsB3a29wd1NIqBiGjalANBdPLs2V5j_PQ8A_0.jpg"",""https://static.yeezyunique.ru/batches/6cb9ff7b-d813-4394-8e73-aeda5d06a8f2/_dirrSsB3a29wd1NIqBiGjalANBdPLs2V5j_PQ8A_1.jpg"",""https://static.yeezyunique.ru/batches/6cb9ff7b-d813-4394-8e73-aeda5d06a8f2/_dirrSsB3a29wd1NIqBiGjalANBdPLs2V5j_PQ8A_2.jpg"",""https://static.yeezyunique.ru/batches/6cb9ff7b-d813-4394-8e73-aeda5d06a8f2/_dirrSsB3a29wd1NIqBiGjalANBdPLs2V5j_PQ8A_3.jpg"",""https://static.yeezyunique.ru/batches/6cb9ff7b-d813-4394-8e73-aeda5d06a8f2/_dirrSsB3a29wd1NIqBiGjalANBdPLs2V5j_PQ8A_4.jpg"",""https://static.yeezyunique.ru/batches/6cb9ff7b-d813-4394-8e73-aeda5d06a8f2/_dirrSsB3a29wd1NIqBiGjalANBdPLs2V5j_PQ8A_5.jpg"",""https://static.yeezyunique.ru/batches/6cb9ff7b-d813-4394-8e73-aeda5d06a8f2/_dirrSsB3a29wd1NIqBiGjalANBdPLs2V5j_PQ8A_6.jpg"",""https://static.yeezyunique.ru/batches/6cb9ff7b-d813-4394-8e73-aeda5d06a8f2/_dirrSsB3a29wd1NIqBiGjalANBdPLs2V5j_PQ8A_7.jpg"",""https://static.yeezyunique.ru/batches/6cb9ff7b-d813-4394-8e73-aeda5d06a8f2/_dirrSsB3a29wd1NIqBiGjalANBdPLs2V5j_PQ8A_8.jpg""]";true
_dj7rSKvOdxbdsQLLmWtSI_rxNja0maBkfjYclrg;Dior Туфли;Элегантные туфли Мэри Джейн из новой коллекции, выполненные из премиальной итальянской лакированной кожи. Модель дополнена эластичным ремешком с золотистым логотипом Christian Dior Paris и комфортной подкладкой из натуральной кожи ягненка.\n\nРазмеры: 35-40.;23000;ivacgwvpdne0t35;nzg3vsvajpiv1e8;mect3or5ztq64fc;Для женщин;"[""https://static.yeezyunique.ru/batches/6cb9ff7b-d813-4394-8e73-aeda5d06a8f2/_dj7rSKvOdxbdsQLLmWtSI_rxNja0maBkfjYclrg_0.jpg"",""https://static.yeezyunique.ru/batches/6cb9ff7b-d813-4394-8e73-aeda5d06a8f2/_dj7rSKvOdxbdsQLLmWtSI_rxNja0maBkfjYclrg_1.jpg"",""https://static.yeezyunique.ru/batches/6cb9ff7b-d813-4394-8e73-aeda5d06a8f2/_dj7rSKvOdxbdsQLLmWtSI_rxNja0maBkfjYclrg_2.jpg"",""https://static.yeezyunique.ru/batches/6cb9ff7b-d813-4394-8e73-aeda5d06a8f2/_dj7rSKvOdxbdsQLLmWtSI_rxNja0maBkfjYclrg_3.jpg"",""https://static.yeezyunique.ru/batches/6cb9ff7b-d813-4394-8e73-aeda5d06a8f2/_dj7rSKvOdxbdsQLLmWtSI_rxNja0maBkfjYclrg_4.jpg"",""https://static.yeezyunique.ru/batches/6cb9ff7b-d813-4394-8e73-aeda5d06a8f2/_dj7rSKvOdxbdsQLLmWtSI_rxNja0maBkfjYclrg_5.jpg"",""https://static.yeezyunique.ru/batches/6cb9ff7b-d813-4394-8e73-aeda5d06a8f2/_dj7rSKvOdxbdsQLLmWtSI_rxNja0maBkfjYclrg_6.jpg"",""https://static.yeezyunique.ru/batches/6cb9ff7b-d813-4394-8e73-aeda5d06a8f2/_dj7rSKvOdxbdsQLLmWtSI_rxNja0maBkfjYclrg_7.jpg"",""https://static.yeezyunique.ru/batches/6cb9ff7b-d813-4394-8e73-aeda5d06a8f2/_dj7rSKvOdxbdsQLLmWtSI_rxNja0maBkfjYclrg_8.jpg""]";true
_djYrSo8OXowKntL9EJGc1oq0iTN0zAGVn3-X7dQ;Dior Туфли;Элегантные туфли Мэри Джейн из новой коллекции, выполненные из премиальной итальянской лакированной кожи. Модель дополнена эластичным ремешком с золотистым логотипом Christian Dior Paris и комфортной подкладкой из натуральной кожи ягненка.\n\nРазмеры: 35-40.;23000;ivacgwvpdne0t35;nzg3vsvajpiv1e8;mect3or5ztq64fc;Для женщин;"[""https://static.yeezyunique.ru/batches/6cb9ff7b-d813-4394-8e73-aeda5d06a8f2/_djYrSo8OXowKntL9EJGc1oq0iTN0zAGVn3-X7dQ_0.jpg"",""https://static.yeezyunique.ru/batches/6cb9ff7b-d813-4394-8e73-aeda5d06a8f2/_djYrSo8OXowKntL9EJGc1oq0iTN0zAGVn3-X7dQ_1.jpg"",""https://static.yeezyunique.ru/batches/6cb9ff7b-d813-4394-8e73-aeda5d06a8f2/_djYrSo8OXowKntL9EJGc1oq0iTN0zAGVn3-X7dQ_2.jpg"",""https://static.yeezyunique.ru/batches/6cb9ff7b-d813-4394-8e73-aeda5d06a8f2/_djYrSo8OXowKntL9EJGc1oq0iTN0zAGVn3-X7dQ_3.jpg"",""https://static.yeezyunique.ru/batches/6cb9ff7b-d813-4394-8e73-aeda5d06a8f2/_djYrSo8OXowKntL9EJGc1oq0iTN0zAGVn3-X7dQ_4.jpg"",""https://static.yeezyunique.ru/batches/6cb9ff7b-d813-4394-8e73-aeda5d06a8f2/_djYrSo8OXowKntL9EJGc1oq0iTN0zAGVn3-X7dQ_5.jpg"",""https://static.yeezyunique.ru/batches/6cb9ff7b-d813-4394-8e73-aeda5d06a8f2/_djYrSo8OXowKntL9EJGc1oq0iTN0zAGVn3-X7dQ_6.jpg"",""https://static.yeezyunique.ru/batches/6cb9ff7b-d813-4394-8e73-aeda5d06a8f2/_djYrSo8OXowKntL9EJGc1oq0iTN0zAGVn3-X7dQ_7.jpg"",""https://static.yeezyunique.ru/batches/6cb9ff7b-d813-4394-8e73-aeda5d06a8f2/_djYrSo8OXowKntL9EJGc1oq0iTN0zAGVn3-X7dQ_8.jpg""]";true
_dtqrSdA8apQisxlY9WxruK92rVLjLcFbvtQeBTA;Miu Miu Лоферы;Элегантные лоферы Мэри Джейн с изящным квадратным носком и декоративными складками. Модель выполнена из премиальной итальянской кожи буйвола с подкладкой из натуральной кожи, обеспечивающей комфорт в любое время года.\n\nРазмеры: 35-40.;23000;cn386fag2q87srw;nzg3vsvajpiv1e8;4pxynbc4fqy6aiu;Для женщин;"[""https://static.yeezyunique.ru/batches/6cb9ff7b-d813-4394-8e73-aeda5d06a8f2/_dtqrSdA8apQisxlY9WxruK92rVLjLcFbvtQeBTA_0.jpg"",""https://static.yeezyunique.ru/batches/6cb9ff7b-d813-4394-8e73-aeda5d06a8f2/_dtqrSdA8apQisxlY9WxruK92rVLjLcFbvtQeBTA_1.jpg"",""https://static.yeezyunique.ru/batches/6cb9ff7b-d813-4394-8e73-aeda5d06a8f2/_dtqrSdA8apQisxlY9WxruK92rVLjLcFbvtQeBTA_2.jpg"",""https://static.yeezyunique.ru/batches/6cb9ff7b-d813-4394-8e73-aeda5d06a8f2/_dtqrSdA8apQisxlY9WxruK92rVLjLcFbvtQeBTA_3.jpg"",""https://static.yeezyunique.ru/batches/6cb9ff7b-d813-4394-8e73-aeda5d06a8f2/_dtqrSdA8apQisxlY9WxruK92rVLjLcFbvtQeBTA_4.jpg"",""https://static.yeezyunique.ru/batches/6cb9ff7b-d813-4394-8e73-aeda5d06a8f2/_dtqrSdA8apQisxlY9WxruK92rVLjLcFbvtQeBTA_5.jpg"",""https://static.yeezyunique.ru/batches/6cb9ff7b-d813-4394-8e73-aeda5d06a8f2/_dtqrSdA8apQisxlY9WxruK92rVLjLcFbvtQeBTA_6.jpg"",""https://static.yeezyunique.ru/batches/6cb9ff7b-d813-4394-8e73-aeda5d06a8f2/_dtqrSdA8apQisxlY9WxruK92rVLjLcFbvtQeBTA_7.jpg"",""https://static.yeezyunique.ru/batches/6cb9ff7b-d813-4394-8e73-aeda5d06a8f2/_dtqrSdA8apQisxlY9WxruK92rVLjLcFbvtQeBTA_8.jpg""]";true
_drmrS7X86cwMu8rhN4gm9O_jkSMlFt7XdvnSJCQ;Miu Miu Лоферы;Элегантные лоферы Мэри Джейн с изящным квадратным носком и декоративными складками. Модель выполнена из премиальной итальянской кожи буйвола с подкладкой из натуральной кожи, обеспечивающей комфорт в любое время года.\n\nРазмеры: 35-40.;23000;cn386fag2q87srw;nzg3vsvajpiv1e8;4pxynbc4fqy6aiu;Для женщин;"[""https://static.yeezyunique.ru/batches/6cb9ff7b-d813-4394-8e73-aeda5d06a8f2/_drmrS7X86cwMu8rhN4gm9O_jkSMlFt7XdvnSJCQ_0.jpg"",""https://static.yeezyunique.ru/batches/6cb9ff7b-d813-4394-8e73-aeda5d06a8f2/_drmrS7X86cwMu8rhN4gm9O_jkSMlFt7XdvnSJCQ_1.jpg"",""https://static.yeezyunique.ru/batches/6cb9ff7b-d813-4394-8e73-aeda5d06a8f2/_drmrS7X86cwMu8rhN4gm9O_jkSMlFt7XdvnSJCQ_2.jpg"",""https://static.yeezyunique.ru/batches/6cb9ff7b-d813-4394-8e73-aeda5d06a8f2/_drmrS7X86cwMu8rhN4gm9O_jkSMlFt7XdvnSJCQ_3.jpg"",""https://static.yeezyunique.ru/batches/6cb9ff7b-d813-4394-8e73-aeda5d06a8f2/_drmrS7X86cwMu8rhN4gm9O_jkSMlFt7XdvnSJCQ_4.jpg"",""https://static.yeezyunique.ru/batches/6cb9ff7b-d813-4394-8e73-aeda5d06a8f2/_drmrS7X86cwMu8rhN4gm9O_jkSMlFt7XdvnSJCQ_5.jpg"",""https://static.yeezyunique.ru/batches/6cb9ff7b-d813-4394-8e73-aeda5d06a8f2/_drmrS7X86cwMu8rhN4gm9O_jkSMlFt7XdvnSJCQ_6.jpg"",""https://static.yeezyunique.ru/batches/6cb9ff7b-d813-4394-8e73-aeda5d06a8f2/_drmrS7X86cwMu8rhN4gm9O_jkSMlFt7XdvnSJCQ_7.jpg"",""https://static.yeezyunique.ru/batches/6cb9ff7b-d813-4394-8e73-aeda5d06a8f2/_drmrS7X86cwMu8rhN4gm9O_jkSMlFt7XdvnSJCQ_8.jpg""]";true
_dimrSud8KKgU4jdqCpW5QVoyQWBExWeq1_NxGtA;Chanel Балетки;Классические балетки с фирменным бантом, ставшие воплощением элегантности. Модель выполнена из премиальной кожи с использованием мягкой стельки из натуральной овчины и прочной подошвы из итальянской кожи высшего качества.\n\nРазмеры: 35-40.;23000;3wxtez8ckauz7o1;nzg3vsvajpiv1e8;gquuvxk7z0ik5jn;Для женщин;"[""https://static.yeezyunique.ru/batches/6cb9ff7b-d813-4394-8e73-aeda5d06a8f2/_dimrSud8KKgU4jdqCpW5QVoyQWBExWeq1_NxGtA_0.jpg"",""https://static.yeezyunique.ru/batches/6cb9ff7b-d813-4394-8e73-aeda5d06a8f2/_dimrSud8KKgU4jdqCpW5QVoyQWBExWeq1_NxGtA_1.jpg"",""https://static.yeezyunique.ru/batches/6cb9ff7b-d813-4394-8e73-aeda5d06a8f2/_dimrSud8KKgU4jdqCpW5QVoyQWBExWeq1_NxGtA_2.jpg"",""https://static.yeezyunique.ru/batches/6cb9ff7b-d813-4394-8e73-aeda5d06a8f2/_dimrSud8KKgU4jdqCpW5QVoyQWBExWeq1_NxGtA_3.jpg"",""https://static.yeezyunique.ru/batches/6cb9ff7b-d813-4394-8e73-aeda5d06a8f2/_dimrSud8KKgU4jdqCpW5QVoyQWBExWeq1_NxGtA_4.jpg"",""https://static.yeezyunique.ru/batches/6cb9ff7b-d813-4394-8e73-aeda5d06a8f2/_dimrSud8KKgU4jdqCpW5QVoyQWBExWeq1_NxGtA_5.jpg"",""https://static.yeezyunique.ru/batches/6cb9ff7b-d813-4394-8e73-aeda5d06a8f2/_dimrSud8KKgU4jdqCpW5QVoyQWBExWeq1_NxGtA_6.jpg"",""https://static.yeezyunique.ru/batches/6cb9ff7b-d813-4394-8e73-aeda5d06a8f2/_dimrSud8KKgU4jdqCpW5QVoyQWBExWeq1_NxGtA_7.jpg"",""https://static.yeezyunique.ru/batches/6cb9ff7b-d813-4394-8e73-aeda5d06a8f2/_dimrSud8KKgU4jdqCpW5QVoyQWBExWeq1_NxGtA_8.jpg""]";true
_dh4rSgvWGa_wSGoRvrI2Z2lU-BiAjR9b8lrC8ZA;Chanel Лоферы;Винтажные лоферы из премиальной импортной замши с изысканной отделкой из кристаллов Swarovski. Модель дополнена подкладкой и стелькой из натуральной козьей кожи, обеспечивающей исключительный комфорт и воздухопроницаемость.\n\nРазмеры: 35-41.;23000;3wxtez8ckauz7o1;nzg3vsvajpiv1e8;4pxynbc4fqy6aiu;Для женщин;"[""https://static.yeezyunique.ru/batches/6cb9ff7b-d813-4394-8e73-aeda5d06a8f2/_dh4rSgvWGa_wSGoRvrI2Z2lU-BiAjR9b8lrC8ZA_0.jpg"",""https://static.yeezyunique.ru/batches/6cb9ff7b-d813-4394-8e73-aeda5d06a8f2/_dh4rSgvWGa_wSGoRvrI2Z2lU-BiAjR9b8lrC8ZA_1.jpg"",""https://static.yeezyunique.ru/batches/6cb9ff7b-d813-4394-8e73-aeda5d06a8f2/_dh4rSgvWGa_wSGoRvrI2Z2lU-BiAjR9b8lrC8ZA_2.jpg"",""https://static.yeezyunique.ru/batches/6cb9ff7b-d813-4394-8e73-aeda5d06a8f2/_dh4rSgvWGa_wSGoRvrI2Z2lU-BiAjR9b8lrC8ZA_3.jpg"",""https://static.yeezyunique.ru/batches/6cb9ff7b-d813-4394-8e73-aeda5d06a8f2/_dh4rSgvWGa_wSGoRvrI2Z2lU-BiAjR9b8lrC8ZA_4.jpg"",""https://static.yeezyunique.ru/batches/6cb9ff7b-d813-4394-8e73-aeda5d06a8f2/_dh4rSgvWGa_wSGoRvrI2Z2lU-BiAjR9b8lrC8ZA_5.jpg"",""https://static.yeezyunique.ru/batches/6cb9ff7b-d813-4394-8e73-aeda5d06a8f2/_dh4rSgvWGa_wSGoRvrI2Z2lU-BiAjR9b8lrC8ZA_6.jpg"",""https://static.yeezyunique.ru/batches/6cb9ff7b-d813-4394-8e73-aeda5d06a8f2/_dh4rSgvWGa_wSGoRvrI2Z2lU-BiAjR9b8lrC8ZA_7.jpg"",""https://static.yeezyunique.ru/batches/6cb9ff7b-d813-4394-8e73-aeda5d06a8f2/_dh4rSgvWGa_wSGoRvrI2Z2lU-BiAjR9b8lrC8ZA_8.jpg""]";true
_dlLrScltlPaKppIBn9fsm2VWtAnrhaCGjqhdRng;Chanel Лоферы;Винтажные лоферы из премиальной импортной замши с изысканной фурнитурой в виде сверкающих кристаллов. Модель дополнена подкладкой и стелькой из натуральной козьей кожи для исключительного комфорта и воздухопроницаемости.\n\nРазмеры: 35-41.;23000;3wxtez8ckauz7o1;nzg3vsvajpiv1e8;4pxynbc4fqy6aiu;Для женщин;"[""https://static.yeezyunique.ru/batches/6cb9ff7b-d813-4394-8e73-aeda5d06a8f2/_dlLrScltlPaKppIBn9fsm2VWtAnrhaCGjqhdRng_0.jpg"",""https://static.yeezyunique.ru/batches/6cb9ff7b-d813-4394-8e73-aeda5d06a8f2/_dlLrScltlPaKppIBn9fsm2VWtAnrhaCGjqhdRng_1.jpg"",""https://static.yeezyunique.ru/batches/6cb9ff7b-d813-4394-8e73-aeda5d06a8f2/_dlLrScltlPaKppIBn9fsm2VWtAnrhaCGjqhdRng_2.jpg"",""https://static.yeezyunique.ru/batches/6cb9ff7b-d813-4394-8e73-aeda5d06a8f2/_dlLrScltlPaKppIBn9fsm2VWtAnrhaCGjqhdRng_3.jpg"",""https://static.yeezyunique.ru/batches/6cb9ff7b-d813-4394-8e73-aeda5d06a8f2/_dlLrScltlPaKppIBn9fsm2VWtAnrhaCGjqhdRng_4.jpg"",""https://static.yeezyunique.ru/batches/6cb9ff7b-d813-4394-8e73-aeda5d06a8f2/_dlLrScltlPaKppIBn9fsm2VWtAnrhaCGjqhdRng_5.jpg"",""https://static.yeezyunique.ru/batches/6cb9ff7b-d813-4394-8e73-aeda5d06a8f2/_dlLrScltlPaKppIBn9fsm2VWtAnrhaCGjqhdRng_6.jpg"",""https://static.yeezyunique.ru/batches/6cb9ff7b-d813-4394-8e73-aeda5d06a8f2/_dlLrScltlPaKppIBn9fsm2VWtAnrhaCGjqhdRng_7.jpg"",""https://static.yeezyunique.ru/batches/6cb9ff7b-d813-4394-8e73-aeda5d06a8f2/_dlLrScltlPaKppIBn9fsm2VWtAnrhaCGjqhdRng_8.jpg""]";true
_dPbrSJ-3fFaOQTVf0qKRhs98J68lwnrnVCFwjEg;Chanel Лоферы;Изысканные лоферы с винтажным акцентом, выполненные из специально отобранной полированной телячьей кожи премиального качества. Модель украшена фирменной фурнитурой с кристаллами в виде логотипа CC и дополнена подошвой из натуральной кожи.\n\nРазмеры: 35-40.;23000;3wxtez8ckauz7o1;nzg3vsvajpiv1e8;4pxynbc4fqy6aiu;Для женщин;"[""https://static.yeezyunique.ru/batches/6cb9ff7b-d813-4394-8e73-aeda5d06a8f2/_dPbrSJ-3fFaOQTVf0qKRhs98J68lwnrnVCFwjEg_0.jpg"",""https://static.yeezyunique.ru/batches/6cb9ff7b-d813-4394-8e73-aeda5d06a8f2/_dPbrSJ-3fFaOQTVf0qKRhs98J68lwnrnVCFwjEg_1.jpg"",""https://static.yeezyunique.ru/batches/6cb9ff7b-d813-4394-8e73-aeda5d06a8f2/_dPbrSJ-3fFaOQTVf0qKRhs98J68lwnrnVCFwjEg_2.jpg"",""https://static.yeezyunique.ru/batches/6cb9ff7b-d813-4394-8e73-aeda5d06a8f2/_dPbrSJ-3fFaOQTVf0qKRhs98J68lwnrnVCFwjEg_3.jpg"",""https://static.yeezyunique.ru/batches/6cb9ff7b-d813-4394-8e73-aeda5d06a8f2/_dPbrSJ-3fFaOQTVf0qKRhs98J68lwnrnVCFwjEg_4.jpg"",""https://static.yeezyunique.ru/batches/6cb9ff7b-d813-4394-8e73-aeda5d06a8f2/_dPbrSJ-3fFaOQTVf0qKRhs98J68lwnrnVCFwjEg_5.jpg"",""https://static.yeezyunique.ru/batches/6cb9ff7b-d813-4394-8e73-aeda5d06a8f2/_dPbrSJ-3fFaOQTVf0qKRhs98J68lwnrnVCFwjEg_6.jpg"",""https://static.yeezyunique.ru/batches/6cb9ff7b-d813-4394-8e73-aeda5d06a8f2/_dPbrSJ-3fFaOQTVf0qKRhs98J68lwnrnVCFwjEg_7.jpg"",""https://static.yeezyunique.ru/batches/6cb9ff7b-d813-4394-8e73-aeda5d06a8f2/_dPbrSJ-3fFaOQTVf0qKRhs98J68lwnrnVCFwjEg_8.jpg""]";true
_dl-rSzsgVDQEC8Astljgvnm6ixFYNi6m_H7DFug;Chanel Туфли;Изысканные туфли с открытой пяткой, сочетающие в себе минимализм и винтажный стиль. Модель выполнена из премиальной лакированной кожи с фирменным декором в виде металлической пряжки с кристаллами и логотипом CC. Подошва изготовлена из высококачественной натуральной кожи.\n\nРазмеры: 35-40.;23000;3wxtez8ckauz7o1;nzg3vsvajpiv1e8;mect3or5ztq64fc;Для женщин;"[""https://static.yeezyunique.ru/batches/6cb9ff7b-d813-4394-8e73-aeda5d06a8f2/_dl-rSzsgVDQEC8Astljgvnm6ixFYNi6m_H7DFug_0.jpg"",""https://static.yeezyunique.ru/batches/6cb9ff7b-d813-4394-8e73-aeda5d06a8f2/_dl-rSzsgVDQEC8Astljgvnm6ixFYNi6m_H7DFug_1.jpg"",""https://static.yeezyunique.ru/batches/6cb9ff7b-d813-4394-8e73-aeda5d06a8f2/_dl-rSzsgVDQEC8Astljgvnm6ixFYNi6m_H7DFug_2.jpg"",""https://static.yeezyunique.ru/batches/6cb9ff7b-d813-4394-8e73-aeda5d06a8f2/_dl-rSzsgVDQEC8Astljgvnm6ixFYNi6m_H7DFug_3.jpg"",""https://static.yeezyunique.ru/batches/6cb9ff7b-d813-4394-8e73-aeda5d06a8f2/_dl-rSzsgVDQEC8Astljgvnm6ixFYNi6m_H7DFug_4.jpg"",""https://static.yeezyunique.ru/batches/6cb9ff7b-d813-4394-8e73-aeda5d06a8f2/_dl-rSzsgVDQEC8Astljgvnm6ixFYNi6m_H7DFug_5.jpg"",""https://static.yeezyunique.ru/batches/6cb9ff7b-d813-4394-8e73-aeda5d06a8f2/_dl-rSzsgVDQEC8Astljgvnm6ixFYNi6m_H7DFug_6.jpg"",""https://static.yeezyunique.ru/batches/6cb9ff7b-d813-4394-8e73-aeda5d06a8f2/_dl-rSzsgVDQEC8Astljgvnm6ixFYNi6m_H7DFug_7.jpg"",""https://static.yeezyunique.ru/batches/6cb9ff7b-d813-4394-8e73-aeda5d06a8f2/_dl-rSzsgVDQEC8Astljgvnm6ixFYNi6m_H7DFug_8.jpg""]";true
_ddarSQ5CgiHZj-NVVRtb94f7EVKFK1TM5F90I4g;Chanel Лоферы;Элегантные лоферы из новой коллекции, дополненные оригинальным дизайном с эластичными вставками. Модель украшена фирменным декором с логотипом, выполнена из премиальной итальянской кожи с подкладкой из нежной овечьей кожи и прочной кожаной подошвой.\n\nРазмеры: 35-41.;23000;3wxtez8ckauz7o1;nzg3vsvajpiv1e8;4pxynbc4fqy6aiu;Для женщин;"[""https://static.yeezyunique.ru/batches/6cb9ff7b-d813-4394-8e73-aeda5d06a8f2/_ddarSQ5CgiHZj-NVVRtb94f7EVKFK1TM5F90I4g_0.jpg"",""https://static.yeezyunique.ru/batches/6cb9ff7b-d813-4394-8e73-aeda5d06a8f2/_ddarSQ5CgiHZj-NVVRtb94f7EVKFK1TM5F90I4g_1.jpg"",""https://static.yeezyunique.ru/batches/6cb9ff7b-d813-4394-8e73-aeda5d06a8f2/_ddarSQ5CgiHZj-NVVRtb94f7EVKFK1TM5F90I4g_2.jpg"",""https://static.yeezyunique.ru/batches/6cb9ff7b-d813-4394-8e73-aeda5d06a8f2/_ddarSQ5CgiHZj-NVVRtb94f7EVKFK1TM5F90I4g_3.jpg"",""https://static.yeezyunique.ru/batches/6cb9ff7b-d813-4394-8e73-aeda5d06a8f2/_ddarSQ5CgiHZj-NVVRtb94f7EVKFK1TM5F90I4g_4.jpg"",""https://static.yeezyunique.ru/batches/6cb9ff7b-d813-4394-8e73-aeda5d06a8f2/_ddarSQ5CgiHZj-NVVRtb94f7EVKFK1TM5F90I4g_5.jpg"",""https://static.yeezyunique.ru/batches/6cb9ff7b-d813-4394-8e73-aeda5d06a8f2/_ddarSQ5CgiHZj-NVVRtb94f7EVKFK1TM5F90I4g_6.jpg"",""https://static.yeezyunique.ru/batches/6cb9ff7b-d813-4394-8e73-aeda5d06a8f2/_ddarSQ5CgiHZj-NVVRtb94f7EVKFK1TM5F90I4g_7.jpg"",""https://static.yeezyunique.ru/batches/6cb9ff7b-d813-4394-8e73-aeda5d06a8f2/_ddarSQ5CgiHZj-NVVRtb94f7EVKFK1TM5F90I4g_8.jpg""]";true
_do0rSJ8NepCUb_SgtIKv3osHdVaubZqeDHF23tg;Chanel Лоферы;Классические лоферы с фирменным стеганым узором, выполненные из премиальной импортной кожи ягненка. Модель дополнена изысканной фурнитурой с гальваническим покрытием под золото и качественной кожаной подошвой.\n\nРазмеры: 35-41.;23000;3wxtez8ckauz7o1;nzg3vsvajpiv1e8;4pxynbc4fqy6aiu;Для женщин;"[""https://static.yeezyunique.ru/batches/6cb9ff7b-d813-4394-8e73-aeda5d06a8f2/_do0rSJ8NepCUb_SgtIKv3osHdVaubZqeDHF23tg_0.jpg"",""https://static.yeezyunique.ru/batches/6cb9ff7b-d813-4394-8e73-aeda5d06a8f2/_do0rSJ8NepCUb_SgtIKv3osHdVaubZqeDHF23tg_1.jpg"",""https://static.yeezyunique.ru/batches/6cb9ff7b-d813-4394-8e73-aeda5d06a8f2/_do0rSJ8NepCUb_SgtIKv3osHdVaubZqeDHF23tg_2.jpg"",""https://static.yeezyunique.ru/batches/6cb9ff7b-d813-4394-8e73-aeda5d06a8f2/_do0rSJ8NepCUb_SgtIKv3osHdVaubZqeDHF23tg_3.jpg"",""https://static.yeezyunique.ru/batches/6cb9ff7b-d813-4394-8e73-aeda5d06a8f2/_do0rSJ8NepCUb_SgtIKv3osHdVaubZqeDHF23tg_4.jpg"",""https://static.yeezyunique.ru/batches/6cb9ff7b-d813-4394-8e73-aeda5d06a8f2/_do0rSJ8NepCUb_SgtIKv3osHdVaubZqeDHF23tg_5.jpg"",""https://static.yeezyunique.ru/batches/6cb9ff7b-d813-4394-8e73-aeda5d06a8f2/_do0rSJ8NepCUb_SgtIKv3osHdVaubZqeDHF23tg_6.jpg"",""https://static.yeezyunique.ru/batches/6cb9ff7b-d813-4394-8e73-aeda5d06a8f2/_do0rSJ8NepCUb_SgtIKv3osHdVaubZqeDHF23tg_7.jpg"",""https://static.yeezyunique.ru/batches/6cb9ff7b-d813-4394-8e73-aeda5d06a8f2/_do0rSJ8NepCUb_SgtIKv3osHdVaubZqeDHF23tg_8.jpg""]";true
_dlJrSIyhl74mnpERcBb0i0imICrIPDfodmYNccw;Chanel Лоферы;Элегантные лоферы из премиальной итальянской вощеной телячьей кожи, отличающейся особой мягкостью и деликатной текстурой. Внутренняя отделка выполнена из дышащей натуральной козьей кожи, а подошва — из высококачественной кожи класса А.\n\nРазмеры: 35-40.;23000;3wxtez8ckauz7o1;nzg3vsvajpiv1e8;4pxynbc4fqy6aiu;Для женщин;"[""https://static.yeezyunique.ru/batches/6cb9ff7b-d813-4394-8e73-aeda5d06a8f2/_dlJrSIyhl74mnpERcBb0i0imICrIPDfodmYNccw_0.jpg"",""https://static.yeezyunique.ru/batches/6cb9ff7b-d813-4394-8e73-aeda5d06a8f2/_dlJrSIyhl74mnpERcBb0i0imICrIPDfodmYNccw_1.jpg"",""https://static.yeezyunique.ru/batches/6cb9ff7b-d813-4394-8e73-aeda5d06a8f2/_dlJrSIyhl74mnpERcBb0i0imICrIPDfodmYNccw_2.jpg"",""https://static.yeezyunique.ru/batches/6cb9ff7b-d813-4394-8e73-aeda5d06a8f2/_dlJrSIyhl74mnpERcBb0i0imICrIPDfodmYNccw_3.jpg"",""https://static.yeezyunique.ru/batches/6cb9ff7b-d813-4394-8e73-aeda5d06a8f2/_dlJrSIyhl74mnpERcBb0i0imICrIPDfodmYNccw_4.jpg"",""https://static.yeezyunique.ru/batches/6cb9ff7b-d813-4394-8e73-aeda5d06a8f2/_dlJrSIyhl74mnpERcBb0i0imICrIPDfodmYNccw_5.jpg"",""https://static.yeezyunique.ru/batches/6cb9ff7b-d813-4394-8e73-aeda5d06a8f2/_dlJrSIyhl74mnpERcBb0i0imICrIPDfodmYNccw_6.jpg"",""https://static.yeezyunique.ru/batches/6cb9ff7b-d813-4394-8e73-aeda5d06a8f2/_dlJrSIyhl74mnpERcBb0i0imICrIPDfodmYNccw_7.jpg"",""https://static.yeezyunique.ru/batches/6cb9ff7b-d813-4394-8e73-aeda5d06a8f2/_dlJrSIyhl74mnpERcBb0i0imICrIPDfodmYNccw_8.jpg""]";true
_dr6rSPYyjtWCafX-m6Qbd21nR6x1o7jzOSxKYuA;Chanel Лоферы;Классические лоферы Chanel, украшенные фирменным декором в виде камелии. Модель выполнена из премиальной лакированной кожи с подкладкой из мягкой овечьей кожи, обеспечивающей комфорт и отличную воздухопроницаемость.\n\nРазмеры: 35-41.;23000;3wxtez8ckauz7o1;nzg3vsvajpiv1e8;4pxynbc4fqy6aiu;Для женщин;"[""https://static.yeezyunique.ru/batches/6cb9ff7b-d813-4394-8e73-aeda5d06a8f2/_dr6rSPYyjtWCafX-m6Qbd21nR6x1o7jzOSxKYuA_0.jpg"",""https://static.yeezyunique.ru/batches/6cb9ff7b-d813-4394-8e73-aeda5d06a8f2/_dr6rSPYyjtWCafX-m6Qbd21nR6x1o7jzOSxKYuA_1.jpg"",""https://static.yeezyunique.ru/batches/6cb9ff7b-d813-4394-8e73-aeda5d06a8f2/_dr6rSPYyjtWCafX-m6Qbd21nR6x1o7jzOSxKYuA_2.jpg"",""https://static.yeezyunique.ru/batches/6cb9ff7b-d813-4394-8e73-aeda5d06a8f2/_dr6rSPYyjtWCafX-m6Qbd21nR6x1o7jzOSxKYuA_3.jpg"",""https://static.yeezyunique.ru/batches/6cb9ff7b-d813-4394-8e73-aeda5d06a8f2/_dr6rSPYyjtWCafX-m6Qbd21nR6x1o7jzOSxKYuA_4.jpg"",""https://static.yeezyunique.ru/batches/6cb9ff7b-d813-4394-8e73-aeda5d06a8f2/_dr6rSPYyjtWCafX-m6Qbd21nR6x1o7jzOSxKYuA_5.jpg"",""https://static.yeezyunique.ru/batches/6cb9ff7b-d813-4394-8e73-aeda5d06a8f2/_dr6rSPYyjtWCafX-m6Qbd21nR6x1o7jzOSxKYuA_6.jpg"",""https://static.yeezyunique.ru/batches/6cb9ff7b-d813-4394-8e73-aeda5d06a8f2/_dr6rSPYyjtWCafX-m6Qbd21nR6x1o7jzOSxKYuA_7.jpg"",""https://static.yeezyunique.ru/batches/6cb9ff7b-d813-4394-8e73-aeda5d06a8f2/_dr6rSPYyjtWCafX-m6Qbd21nR6x1o7jzOSxKYuA_8.jpg""]";true
_dj4rSC43Avm2UJ65hOHnPjtmAI7y9L8T-4M8QRA;Chanel Лоферы;Элегантные лоферы на массивной подошве, дополненные фирменным логотипом с серебристой фурнитурой. Модель выполнена из премиальной лакированной кожи с подкладкой из мягкой кожи ягненка, обеспечивающей комфорт и отличную воздухопроницаемость.\n\nРазмеры: 35, 38-41.;23000;3wxtez8ckauz7o1;nzg3vsvajpiv1e8;4pxynbc4fqy6aiu;Для женщин;"[""https://static.yeezyunique.ru/batches/6cb9ff7b-d813-4394-8e73-aeda5d06a8f2/_dj4rSC43Avm2UJ65hOHnPjtmAI7y9L8T-4M8QRA_0.jpg"",""https://static.yeezyunique.ru/batches/6cb9ff7b-d813-4394-8e73-aeda5d06a8f2/_dj4rSC43Avm2UJ65hOHnPjtmAI7y9L8T-4M8QRA_1.jpg"",""https://static.yeezyunique.ru/batches/6cb9ff7b-d813-4394-8e73-aeda5d06a8f2/_dj4rSC43Avm2UJ65hOHnPjtmAI7y9L8T-4M8QRA_2.jpg"",""https://static.yeezyunique.ru/batches/6cb9ff7b-d813-4394-8e73-aeda5d06a8f2/_dj4rSC43Avm2UJ65hOHnPjtmAI7y9L8T-4M8QRA_3.jpg"",""https://static.yeezyunique.ru/batches/6cb9ff7b-d813-4394-8e73-aeda5d06a8f2/_dj4rSC43Avm2UJ65hOHnPjtmAI7y9L8T-4M8QRA_4.jpg"",""https://static.yeezyunique.ru/batches/6cb9ff7b-d813-4394-8e73-aeda5d06a8f2/_dj4rSC43Avm2UJ65hOHnPjtmAI7y9L8T-4M8QRA_5.jpg"",""https://static.yeezyunique.ru/batches/6cb9ff7b-d813-4394-8e73-aeda5d06a8f2/_dj4rSC43Avm2UJ65hOHnPjtmAI7y9L8T-4M8QRA_6.jpg"",""https://static.yeezyunique.ru/batches/6cb9ff7b-d813-4394-8e73-aeda5d06a8f2/_dj4rSC43Avm2UJ65hOHnPjtmAI7y9L8T-4M8QRA_7.jpg"",""https://static.yeezyunique.ru/batches/6cb9ff7b-d813-4394-8e73-aeda5d06a8f2/_dj4rSC43Avm2UJ65hOHnPjtmAI7y9L8T-4M8QRA_8.jpg""]";true
_dwBrSPZy6QuFM5sQRL6PKV1IPGjXX40PAWxh42Q;Chanel Лоферы;Элегантные лоферы из премиальной вощеной телячьей кожи с фирменным логотипом. Модель дополнена подкладкой из нежной кожи ягненка и легкой подошвой высотой 5 см для максимального комфорта.\n\nРазмеры: 35-40.;23000;3wxtez8ckauz7o1;nzg3vsvajpiv1e8;4pxynbc4fqy6aiu;Для женщин;"[""https://static.yeezyunique.ru/batches/6cb9ff7b-d813-4394-8e73-aeda5d06a8f2/_dwBrSPZy6QuFM5sQRL6PKV1IPGjXX40PAWxh42Q_0.jpg"",""https://static.yeezyunique.ru/batches/6cb9ff7b-d813-4394-8e73-aeda5d06a8f2/_dwBrSPZy6QuFM5sQRL6PKV1IPGjXX40PAWxh42Q_1.jpg"",""https://static.yeezyunique.ru/batches/6cb9ff7b-d813-4394-8e73-aeda5d06a8f2/_dwBrSPZy6QuFM5sQRL6PKV1IPGjXX40PAWxh42Q_2.jpg"",""https://static.yeezyunique.ru/batches/6cb9ff7b-d813-4394-8e73-aeda5d06a8f2/_dwBrSPZy6QuFM5sQRL6PKV1IPGjXX40PAWxh42Q_3.jpg"",""https://static.yeezyunique.ru/batches/6cb9ff7b-d813-4394-8e73-aeda5d06a8f2/_dwBrSPZy6QuFM5sQRL6PKV1IPGjXX40PAWxh42Q_4.jpg"",""https://static.yeezyunique.ru/batches/6cb9ff7b-d813-4394-8e73-aeda5d06a8f2/_dwBrSPZy6QuFM5sQRL6PKV1IPGjXX40PAWxh42Q_5.jpg"",""https://static.yeezyunique.ru/batches/6cb9ff7b-d813-4394-8e73-aeda5d06a8f2/_dwBrSPZy6QuFM5sQRL6PKV1IPGjXX40PAWxh42Q_6.jpg"",""https://static.yeezyunique.ru/batches/6cb9ff7b-d813-4394-8e73-aeda5d06a8f2/_dwBrSPZy6QuFM5sQRL6PKV1IPGjXX40PAWxh42Q_7.jpg"",""https://static.yeezyunique.ru/batches/6cb9ff7b-d813-4394-8e73-aeda5d06a8f2/_dwBrSPZy6QuFM5sQRL6PKV1IPGjXX40PAWxh42Q_8.jpg""]";true
_dwBrSPZy6QuFN78UcL67JV1IGFDnZ40PAWxh42Q;Chanel Лоферы;Элегантные лоферы на массивной подошве с фирменным стеганым дизайном и логотипом CC. Модель выполнена из премиальной кожи теленка с подкладкой из нежной кожи ягненка и дополнена легкой износостойкой подошвой высотой 5 см.\n\nРазмеры: 35-40.;23000;3wxtez8ckauz7o1;nzg3vsvajpiv1e8;4pxynbc4fqy6aiu;Для женщин;"[""https://static.yeezyunique.ru/batches/6cb9ff7b-d813-4394-8e73-aeda5d06a8f2/_dwBrSPZy6QuFN78UcL67JV1IGFDnZ40PAWxh42Q_0.jpg"",""https://static.yeezyunique.ru/batches/6cb9ff7b-d813-4394-8e73-aeda5d06a8f2/_dwBrSPZy6QuFN78UcL67JV1IGFDnZ40PAWxh42Q_1.jpg"",""https://static.yeezyunique.ru/batches/6cb9ff7b-d813-4394-8e73-aeda5d06a8f2/_dwBrSPZy6QuFN78UcL67JV1IGFDnZ40PAWxh42Q_2.jpg"",""https://static.yeezyunique.ru/batches/6cb9ff7b-d813-4394-8e73-aeda5d06a8f2/_dwBrSPZy6QuFN78UcL67JV1IGFDnZ40PAWxh42Q_3.jpg"",""https://static.yeezyunique.ru/batches/6cb9ff7b-d813-4394-8e73-aeda5d06a8f2/_dwBrSPZy6QuFN78UcL67JV1IGFDnZ40PAWxh42Q_4.jpg"",""https://static.yeezyunique.ru/batches/6cb9ff7b-d813-4394-8e73-aeda5d06a8f2/_dwBrSPZy6QuFN78UcL67JV1IGFDnZ40PAWxh42Q_5.jpg"",""https://static.yeezyunique.ru/batches/6cb9ff7b-d813-4394-8e73-aeda5d06a8f2/_dwBrSPZy6QuFN78UcL67JV1IGFDnZ40PAWxh42Q_6.jpg"",""https://static.yeezyunique.ru/batches/6cb9ff7b-d813-4394-8e73-aeda5d06a8f2/_dwBrSPZy6QuFN78UcL67JV1IGFDnZ40PAWxh42Q_7.jpg"",""https://static.yeezyunique.ru/batches/6cb9ff7b-d813-4394-8e73-aeda5d06a8f2/_dwBrSPZy6QuFN78UcL67JV1IGFDnZ40PAWxh42Q_8.jpg""]";true
_dsIrSA2VetB91WJ8bZbhN5pOvHca1MxLyl-5HGQ;Chanel Лоферы;Элегантные лоферы на массивной подошве, выполненные из премиальной итальянской телячьей кожи. Внутренняя отделка из нежной кожи ягненка обеспечивает комфорт, а легкая подошва из материала EVA высотой 4,5 см придает модели современный вид.\n\nРазмеры: 35-40.;23000;3wxtez8ckauz7o1;nzg3vsvajpiv1e8;4pxynbc4fqy6aiu;Для женщин;"[""https://static.yeezyunique.ru/batches/6cb9ff7b-d813-4394-8e73-aeda5d06a8f2/_dsIrSA2VetB91WJ8bZbhN5pOvHca1MxLyl-5HGQ_0.jpg"",""https://static.yeezyunique.ru/batches/6cb9ff7b-d813-4394-8e73-aeda5d06a8f2/_dsIrSA2VetB91WJ8bZbhN5pOvHca1MxLyl-5HGQ_1.jpg"",""https://static.yeezyunique.ru/batches/6cb9ff7b-d813-4394-8e73-aeda5d06a8f2/_dsIrSA2VetB91WJ8bZbhN5pOvHca1MxLyl-5HGQ_2.jpg"",""https://static.yeezyunique.ru/batches/6cb9ff7b-d813-4394-8e73-aeda5d06a8f2/_dsIrSA2VetB91WJ8bZbhN5pOvHca1MxLyl-5HGQ_3.jpg"",""https://static.yeezyunique.ru/batches/6cb9ff7b-d813-4394-8e73-aeda5d06a8f2/_dsIrSA2VetB91WJ8bZbhN5pOvHca1MxLyl-5HGQ_4.jpg"",""https://static.yeezyunique.ru/batches/6cb9ff7b-d813-4394-8e73-aeda5d06a8f2/_dsIrSA2VetB91WJ8bZbhN5pOvHca1MxLyl-5HGQ_5.jpg"",""https://static.yeezyunique.ru/batches/6cb9ff7b-d813-4394-8e73-aeda5d06a8f2/_dsIrSA2VetB91WJ8bZbhN5pOvHca1MxLyl-5HGQ_6.jpg"",""https://static.yeezyunique.ru/batches/6cb9ff7b-d813-4394-8e73-aeda5d06a8f2/_dsIrSA2VetB91WJ8bZbhN5pOvHca1MxLyl-5HGQ_7.jpg"",""https://static.yeezyunique.ru/batches/6cb9ff7b-d813-4394-8e73-aeda5d06a8f2/_dsIrSA2VetB91WJ8bZbhN5pOvHca1MxLyl-5HGQ_8.jpg""]";true
_d_qrSzlLhDQJ3RWYAeoH2_hs2zvK9ojGD3C-70Q;Chanel Лоферы;Элегантные лоферы из премиальной итальянской лакированной телячьей кожи, дополненные изысканной деталью в виде фирменного логотипа с кристаллами. Внутренняя отделка выполнена из мягкой натуральной овечьей кожи, а подошва из высококачественной кожи обеспечивает комфорт и долговечность.\n\nРазмеры: 35-40.;23000;3wxtez8ckauz7o1;nzg3vsvajpiv1e8;4pxynbc4fqy6aiu;Для женщин;"[""https://static.yeezyunique.ru/batches/6cb9ff7b-d813-4394-8e73-aeda5d06a8f2/_d_qrSzlLhDQJ3RWYAeoH2_hs2zvK9ojGD3C-70Q_0.jpg"",""https://static.yeezyunique.ru/batches/6cb9ff7b-d813-4394-8e73-aeda5d06a8f2/_d_qrSzlLhDQJ3RWYAeoH2_hs2zvK9ojGD3C-70Q_1.jpg"",""https://static.yeezyunique.ru/batches/6cb9ff7b-d813-4394-8e73-aeda5d06a8f2/_d_qrSzlLhDQJ3RWYAeoH2_hs2zvK9ojGD3C-70Q_2.jpg"",""https://static.yeezyunique.ru/batches/6cb9ff7b-d813-4394-8e73-aeda5d06a8f2/_d_qrSzlLhDQJ3RWYAeoH2_hs2zvK9ojGD3C-70Q_3.jpg"",""https://static.yeezyunique.ru/batches/6cb9ff7b-d813-4394-8e73-aeda5d06a8f2/_d_qrSzlLhDQJ3RWYAeoH2_hs2zvK9ojGD3C-70Q_4.jpg"",""https://static.yeezyunique.ru/batches/6cb9ff7b-d813-4394-8e73-aeda5d06a8f2/_d_qrSzlLhDQJ3RWYAeoH2_hs2zvK9ojGD3C-70Q_5.jpg"",""https://static.yeezyunique.ru/batches/6cb9ff7b-d813-4394-8e73-aeda5d06a8f2/_d_qrSzlLhDQJ3RWYAeoH2_hs2zvK9ojGD3C-70Q_6.jpg"",""https://static.yeezyunique.ru/batches/6cb9ff7b-d813-4394-8e73-aeda5d06a8f2/_d_qrSzlLhDQJ3RWYAeoH2_hs2zvK9ojGD3C-70Q_7.jpg"",""https://static.yeezyunique.ru/batches/6cb9ff7b-d813-4394-8e73-aeda5d06a8f2/_d_qrSzlLhDQJ3RWYAeoH2_hs2zvK9ojGD3C-70Q_8.jpg""]";true
_dj3rSi70AuHyFlnvvYtEedFAV1IutIscEzv5ucA;Chanel Лоферы;Элегантные лоферы из премиальной итальянской лакированной телячьей кожи, дополненные изысканной деталью в виде фирменного логотипа со стразами. Внутренняя отделка выполнена из мягкой натуральной овечьей кожи, а подошва — из высококачественной кожи с кожаным рантом.\n\nРазмеры: 35-40.;23000;3wxtez8ckauz7o1;nzg3vsvajpiv1e8;4pxynbc4fqy6aiu;Для женщин;"[""https://static.yeezyunique.ru/batches/6cb9ff7b-d813-4394-8e73-aeda5d06a8f2/_dj3rSi70AuHyFlnvvYtEedFAV1IutIscEzv5ucA_0.jpg"",""https://static.yeezyunique.ru/batches/6cb9ff7b-d813-4394-8e73-aeda5d06a8f2/_dj3rSi70AuHyFlnvvYtEedFAV1IutIscEzv5ucA_1.jpg"",""https://static.yeezyunique.ru/batches/6cb9ff7b-d813-4394-8e73-aeda5d06a8f2/_dj3rSi70AuHyFlnvvYtEedFAV1IutIscEzv5ucA_2.jpg"",""https://static.yeezyunique.ru/batches/6cb9ff7b-d813-4394-8e73-aeda5d06a8f2/_dj3rSi70AuHyFlnvvYtEedFAV1IutIscEzv5ucA_3.jpg"",""https://static.yeezyunique.ru/batches/6cb9ff7b-d813-4394-8e73-aeda5d06a8f2/_dj3rSi70AuHyFlnvvYtEedFAV1IutIscEzv5ucA_4.jpg"",""https://static.yeezyunique.ru/batches/6cb9ff7b-d813-4394-8e73-aeda5d06a8f2/_dj3rSi70AuHyFlnvvYtEedFAV1IutIscEzv5ucA_5.jpg"",""https://static.yeezyunique.ru/batches/6cb9ff7b-d813-4394-8e73-aeda5d06a8f2/_dj3rSi70AuHyFlnvvYtEedFAV1IutIscEzv5ucA_6.jpg"",""https://static.yeezyunique.ru/batches/6cb9ff7b-d813-4394-8e73-aeda5d06a8f2/_dj3rSi70AuHyFlnvvYtEedFAV1IutIscEzv5ucA_7.jpg"",""https://static.yeezyunique.ru/batches/6cb9ff7b-d813-4394-8e73-aeda5d06a8f2/_dj3rSi70AuHyFlnvvYtEedFAV1IutIscEzv5ucA_8.jpg""]";true
_drnrSL6iGJN54C6A0-Rf-mfw1JApafBrdN-ULtw;Chanel Лоферы;Элегантные лоферы из премиальной итальянской телячьей кожи, украшенные фирменным металлическим логотипом на заднике. Модель дополнена подкладкой из нежной кожи ягненка и качественной кожаной подошвой с рантом.\n\nРазмеры: 35-41.;23000;3wxtez8ckauz7o1;nzg3vsvajpiv1e8;mect3or5ztq64fc;Для женщин;"[""https://static.yeezyunique.ru/batches/6cb9ff7b-d813-4394-8e73-aeda5d06a8f2/_drnrSL6iGJN54C6A0-Rf-mfw1JApafBrdN-ULtw_0.jpg"",""https://static.yeezyunique.ru/batches/6cb9ff7b-d813-4394-8e73-aeda5d06a8f2/_drnrSL6iGJN54C6A0-Rf-mfw1JApafBrdN-ULtw_1.jpg"",""https://static.yeezyunique.ru/batches/6cb9ff7b-d813-4394-8e73-aeda5d06a8f2/_drnrSL6iGJN54C6A0-Rf-mfw1JApafBrdN-ULtw_2.jpg"",""https://static.yeezyunique.ru/batches/6cb9ff7b-d813-4394-8e73-aeda5d06a8f2/_drnrSL6iGJN54C6A0-Rf-mfw1JApafBrdN-ULtw_3.jpg"",""https://static.yeezyunique.ru/batches/6cb9ff7b-d813-4394-8e73-aeda5d06a8f2/_drnrSL6iGJN54C6A0-Rf-mfw1JApafBrdN-ULtw_4.jpg"",""https://static.yeezyunique.ru/batches/6cb9ff7b-d813-4394-8e73-aeda5d06a8f2/_drnrSL6iGJN54C6A0-Rf-mfw1JApafBrdN-ULtw_5.jpg"",""https://static.yeezyunique.ru/batches/6cb9ff7b-d813-4394-8e73-aeda5d06a8f2/_drnrSL6iGJN54C6A0-Rf-mfw1JApafBrdN-ULtw_6.jpg"",""https://static.yeezyunique.ru/batches/6cb9ff7b-d813-4394-8e73-aeda5d06a8f2/_drnrSL6iGJN54C6A0-Rf-mfw1JApafBrdN-ULtw_7.jpg"",""https://static.yeezyunique.ru/batches/6cb9ff7b-d813-4394-8e73-aeda5d06a8f2/_drnrSL6iGJN54C6A0-Rf-mfw1JApafBrdN-ULtw_8.jpg""]";true
_decrSOCdZR1wQFYGkcMg5uxqkrvYqy19FDQO0Yw;Loro Piana Лоферы;Элегантные мужские лоферы Sergio, выполненные из премиальной итальянской телячьей кожи и замши. Модель отличается лаконичным дизайном и дополнена качественной подошвой из натуральной кожи для максимального комфорта.\n\nРазмеры: 39-46.;23000;5f3npdmxcv8f190;nzg3vsvajpiv1e8;4pxynbc4fqy6aiu;Унисекс;"[""https://static.yeezyunique.ru/batches/6cb9ff7b-d813-4394-8e73-aeda5d06a8f2/_decrSOCdZR1wQFYGkcMg5uxqkrvYqy19FDQO0Yw_0.jpg"",""https://static.yeezyunique.ru/batches/6cb9ff7b-d813-4394-8e73-aeda5d06a8f2/_decrSOCdZR1wQFYGkcMg5uxqkrvYqy19FDQO0Yw_1.jpg"",""https://static.yeezyunique.ru/batches/6cb9ff7b-d813-4394-8e73-aeda5d06a8f2/_decrSOCdZR1wQFYGkcMg5uxqkrvYqy19FDQO0Yw_2.jpg"",""https://static.yeezyunique.ru/batches/6cb9ff7b-d813-4394-8e73-aeda5d06a8f2/_decrSOCdZR1wQFYGkcMg5uxqkrvYqy19FDQO0Yw_3.jpg"",""https://static.yeezyunique.ru/batches/6cb9ff7b-d813-4394-8e73-aeda5d06a8f2/_decrSOCdZR1wQFYGkcMg5uxqkrvYqy19FDQO0Yw_4.jpg"",""https://static.yeezyunique.ru/batches/6cb9ff7b-d813-4394-8e73-aeda5d06a8f2/_decrSOCdZR1wQFYGkcMg5uxqkrvYqy19FDQO0Yw_5.jpg"",""https://static.yeezyunique.ru/batches/6cb9ff7b-d813-4394-8e73-aeda5d06a8f2/_decrSOCdZR1wQFYGkcMg5uxqkrvYqy19FDQO0Yw_6.jpg"",""https://static.yeezyunique.ru/batches/6cb9ff7b-d813-4394-8e73-aeda5d06a8f2/_decrSOCdZR1wQFYGkcMg5uxqkrvYqy19FDQO0Yw_7.jpg"",""https://static.yeezyunique.ru/batches/6cb9ff7b-d813-4394-8e73-aeda5d06a8f2/_decrSOCdZR1wQFYGkcMg5uxqkrvYqy19FDQO0Yw_8.jpg""]";true
_dn6rSVqKPk_Xv_h9jOoZo_lftkKtLnpon17SnRg;Loro Piana Лоферы;Элегантные мужские лоферы Sergio, выполненные из премиальной итальянской телячьей кожи и замши. Модель отличается лаконичным дизайном и дополнена высококачественной подошвой из натуральной кожи для максимального комфорта.\n\nРазмеры: 39-46.;23000;5f3npdmxcv8f190;nzg3vsvajpiv1e8;4pxynbc4fqy6aiu;Унисекс;"[""https://static.yeezyunique.ru/batches/6cb9ff7b-d813-4394-8e73-aeda5d06a8f2/_dn6rSVqKPk_Xv_h9jOoZo_lftkKtLnpon17SnRg_0.jpg"",""https://static.yeezyunique.ru/batches/6cb9ff7b-d813-4394-8e73-aeda5d06a8f2/_dn6rSVqKPk_Xv_h9jOoZo_lftkKtLnpon17SnRg_1.jpg"",""https://static.yeezyunique.ru/batches/6cb9ff7b-d813-4394-8e73-aeda5d06a8f2/_dn6rSVqKPk_Xv_h9jOoZo_lftkKtLnpon17SnRg_2.jpg"",""https://static.yeezyunique.ru/batches/6cb9ff7b-d813-4394-8e73-aeda5d06a8f2/_dn6rSVqKPk_Xv_h9jOoZo_lftkKtLnpon17SnRg_3.jpg"",""https://static.yeezyunique.ru/batches/6cb9ff7b-d813-4394-8e73-aeda5d06a8f2/_dn6rSVqKPk_Xv_h9jOoZo_lftkKtLnpon17SnRg_4.jpg"",""https://static.yeezyunique.ru/batches/6cb9ff7b-d813-4394-8e73-aeda5d06a8f2/_dn6rSVqKPk_Xv_h9jOoZo_lftkKtLnpon17SnRg_5.jpg"",""https://static.yeezyunique.ru/batches/6cb9ff7b-d813-4394-8e73-aeda5d06a8f2/_dn6rSVqKPk_Xv_h9jOoZo_lftkKtLnpon17SnRg_6.jpg"",""https://static.yeezyunique.ru/batches/6cb9ff7b-d813-4394-8e73-aeda5d06a8f2/_dn6rSVqKPk_Xv_h9jOoZo_lftkKtLnpon17SnRg_7.jpg"",""https://static.yeezyunique.ru/batches/6cb9ff7b-d813-4394-8e73-aeda5d06a8f2/_dn6rSVqKPk_Xv_h9jOoZo_lftkKtLnpon17SnRg_8.jpg""]";true
_d_VrSnNoHZrips1stifykAC57ZV2Y8owQdXtTTg;Hermes Кроссовки;Классические кроссовки Hermes Bouncing в культовой черно-белой расцветке. Модель выполнена из премиальных материалов, обеспечивающих исключительный комфорт и долговечность, а подошва визуально удлиняет ноги.\n\nРазмеры: 35-41.;23000;rakg8u0bx1y4qcy;nzg3vsvajpiv1e8;ll3hofpd5wqxr81;Для женщин;"[""https://static.yeezyunique.ru/batches/6cb9ff7b-d813-4394-8e73-aeda5d06a8f2/_d_VrSnNoHZrips1stifykAC57ZV2Y8owQdXtTTg_0.jpg"",""https://static.yeezyunique.ru/batches/6cb9ff7b-d813-4394-8e73-aeda5d06a8f2/_d_VrSnNoHZrips1stifykAC57ZV2Y8owQdXtTTg_1.jpg"",""https://static.yeezyunique.ru/batches/6cb9ff7b-d813-4394-8e73-aeda5d06a8f2/_d_VrSnNoHZrips1stifykAC57ZV2Y8owQdXtTTg_2.jpg"",""https://static.yeezyunique.ru/batches/6cb9ff7b-d813-4394-8e73-aeda5d06a8f2/_d_VrSnNoHZrips1stifykAC57ZV2Y8owQdXtTTg_3.jpg"",""https://static.yeezyunique.ru/batches/6cb9ff7b-d813-4394-8e73-aeda5d06a8f2/_d_VrSnNoHZrips1stifykAC57ZV2Y8owQdXtTTg_4.jpg"",""https://static.yeezyunique.ru/batches/6cb9ff7b-d813-4394-8e73-aeda5d06a8f2/_d_VrSnNoHZrips1stifykAC57ZV2Y8owQdXtTTg_5.jpg"",""https://static.yeezyunique.ru/batches/6cb9ff7b-d813-4394-8e73-aeda5d06a8f2/_d_VrSnNoHZrips1stifykAC57ZV2Y8owQdXtTTg_6.jpg"",""https://static.yeezyunique.ru/batches/6cb9ff7b-d813-4394-8e73-aeda5d06a8f2/_d_VrSnNoHZrips1stifykAC57ZV2Y8owQdXtTTg_7.jpg"",""https://static.yeezyunique.ru/batches/6cb9ff7b-d813-4394-8e73-aeda5d06a8f2/_d_VrSnNoHZrips1stifykAC57ZV2Y8owQdXtTTg_8.jpg""]";true
_dpCrSoO7NZo4JMaARsjfsMs1XMlcK9O_gR0L0hg;Hermes Кроссовки;Классические кроссовки Hermes Bouncing в культовой черно-белой расцветке. Модель выполнена из премиальных материалов, обеспечивающих исключительный комфорт и долговечность, а подошва визуально удлиняет ноги.\n\nРазмеры: 35-41.;23000;rakg8u0bx1y4qcy;nzg3vsvajpiv1e8;ll3hofpd5wqxr81;Для женщин;"[""https://static.yeezyunique.ru/batches/6cb9ff7b-d813-4394-8e73-aeda5d06a8f2/_dpCrSoO7NZo4JMaARsjfsMs1XMlcK9O_gR0L0hg_0.jpg"",""https://static.yeezyunique.ru/batches/6cb9ff7b-d813-4394-8e73-aeda5d06a8f2/_dpCrSoO7NZo4JMaARsjfsMs1XMlcK9O_gR0L0hg_1.jpg"",""https://static.yeezyunique.ru/batches/6cb9ff7b-d813-4394-8e73-aeda5d06a8f2/_dpCrSoO7NZo4JMaARsjfsMs1XMlcK9O_gR0L0hg_2.jpg"",""https://static.yeezyunique.ru/batches/6cb9ff7b-d813-4394-8e73-aeda5d06a8f2/_dpCrSoO7NZo4JMaARsjfsMs1XMlcK9O_gR0L0hg_3.jpg"",""https://static.yeezyunique.ru/batches/6cb9ff7b-d813-4394-8e73-aeda5d06a8f2/_dpCrSoO7NZo4JMaARsjfsMs1XMlcK9O_gR0L0hg_4.jpg"",""https://static.yeezyunique.ru/batches/6cb9ff7b-d813-4394-8e73-aeda5d06a8f2/_dpCrSoO7NZo4JMaARsjfsMs1XMlcK9O_gR0L0hg_5.jpg"",""https://static.yeezyunique.ru/batches/6cb9ff7b-d813-4394-8e73-aeda5d06a8f2/_dpCrSoO7NZo4JMaARsjfsMs1XMlcK9O_gR0L0hg_6.jpg"",""https://static.yeezyunique.ru/batches/6cb9ff7b-d813-4394-8e73-aeda5d06a8f2/_dpCrSoO7NZo4JMaARsjfsMs1XMlcK9O_gR0L0hg_7.jpg"",""https://static.yeezyunique.ru/batches/6cb9ff7b-d813-4394-8e73-aeda5d06a8f2/_dpCrSoO7NZo4JMaARsjfsMs1XMlcK9O_gR0L0hg_8.jpg""]";true
_dxPrSAEzCZk8tjscnBXvh8hW15bghoSn2ToBC5g;Hermes Кроссовки;Классические кроссовки Hermes Bouncing в культовой расцветке. Модель выполнена из премиальных материалов, обеспечивающих комфорт и долговечность, а продуманный дизайн визуально удлиняет ноги.\n\nРазмеры: 35-40.;23000;rakg8u0bx1y4qcy;nzg3vsvajpiv1e8;ll3hofpd5wqxr81;Для женщин;"[""https://static.yeezyunique.ru/batches/6cb9ff7b-d813-4394-8e73-aeda5d06a8f2/_dxPrSAEzCZk8tjscnBXvh8hW15bghoSn2ToBC5g_0.jpg"",""https://static.yeezyunique.ru/batches/6cb9ff7b-d813-4394-8e73-aeda5d06a8f2/_dxPrSAEzCZk8tjscnBXvh8hW15bghoSn2ToBC5g_1.jpg"",""https://static.yeezyunique.ru/batches/6cb9ff7b-d813-4394-8e73-aeda5d06a8f2/_dxPrSAEzCZk8tjscnBXvh8hW15bghoSn2ToBC5g_2.jpg"",""https://static.yeezyunique.ru/batches/6cb9ff7b-d813-4394-8e73-aeda5d06a8f2/_dxPrSAEzCZk8tjscnBXvh8hW15bghoSn2ToBC5g_3.jpg"",""https://static.yeezyunique.ru/batches/6cb9ff7b-d813-4394-8e73-aeda5d06a8f2/_dxPrSAEzCZk8tjscnBXvh8hW15bghoSn2ToBC5g_4.jpg"",""https://static.yeezyunique.ru/batches/6cb9ff7b-d813-4394-8e73-aeda5d06a8f2/_dxPrSAEzCZk8tjscnBXvh8hW15bghoSn2ToBC5g_5.jpg"",""https://static.yeezyunique.ru/batches/6cb9ff7b-d813-4394-8e73-aeda5d06a8f2/_dxPrSAEzCZk8tjscnBXvh8hW15bghoSn2ToBC5g_6.jpg"",""https://static.yeezyunique.ru/batches/6cb9ff7b-d813-4394-8e73-aeda5d06a8f2/_dxPrSAEzCZk8tjscnBXvh8hW15bghoSn2ToBC5g_7.jpg"",""https://static.yeezyunique.ru/batches/6cb9ff7b-d813-4394-8e73-aeda5d06a8f2/_dxPrSAEzCZk8tjscnBXvh8hW15bghoSn2ToBC5g_8.jpg""]";true
_dbKrS_XMxdI7mystQFMQLO2ZXjgpOkWNCD5PeZw;Hermes Кроссовки;Классическая модель кроссовок Bouncing в стильной черно-белой расцветке. Выполнены из премиальных материалов, обеспечивающих комфорт и долговечность, а продуманный дизайн визуально удлиняет ноги.\n\nРазмеры: 35-40.;23000;rakg8u0bx1y4qcy;nzg3vsvajpiv1e8;ll3hofpd5wqxr81;Для женщин;"[""https://static.yeezyunique.ru/batches/6cb9ff7b-d813-4394-8e73-aeda5d06a8f2/_dbKrS_XMxdI7mystQFMQLO2ZXjgpOkWNCD5PeZw_0.jpg"",""https://static.yeezyunique.ru/batches/6cb9ff7b-d813-4394-8e73-aeda5d06a8f2/_dbKrS_XMxdI7mystQFMQLO2ZXjgpOkWNCD5PeZw_1.jpg"",""https://static.yeezyunique.ru/batches/6cb9ff7b-d813-4394-8e73-aeda5d06a8f2/_dbKrS_XMxdI7mystQFMQLO2ZXjgpOkWNCD5PeZw_2.jpg"",""https://static.yeezyunique.ru/batches/6cb9ff7b-d813-4394-8e73-aeda5d06a8f2/_dbKrS_XMxdI7mystQFMQLO2ZXjgpOkWNCD5PeZw_3.jpg"",""https://static.yeezyunique.ru/batches/6cb9ff7b-d813-4394-8e73-aeda5d06a8f2/_dbKrS_XMxdI7mystQFMQLO2ZXjgpOkWNCD5PeZw_4.jpg"",""https://static.yeezyunique.ru/batches/6cb9ff7b-d813-4394-8e73-aeda5d06a8f2/_dbKrS_XMxdI7mystQFMQLO2ZXjgpOkWNCD5PeZw_5.jpg"",""https://static.yeezyunique.ru/batches/6cb9ff7b-d813-4394-8e73-aeda5d06a8f2/_dbKrS_XMxdI7mystQFMQLO2ZXjgpOkWNCD5PeZw_6.jpg"",""https://static.yeezyunique.ru/batches/6cb9ff7b-d813-4394-8e73-aeda5d06a8f2/_dbKrS_XMxdI7mystQFMQLO2ZXjgpOkWNCD5PeZw_7.jpg"",""https://static.yeezyunique.ru/batches/6cb9ff7b-d813-4394-8e73-aeda5d06a8f2/_dbKrS_XMxdI7mystQFMQLO2ZXjgpOkWNCD5PeZw_8.jpg""]";true
_dqzrSlWH3O9m9Qd8qoFaHrEeigMqFUE4QfV02IQ;Hermes Кроссовки;Классические кроссовки Hermes Bouncing в популярной расцветке. Модель выполнена из премиальных материалов, обеспечивающих комфорт и долговечность, а также визуально удлиняет ноги.\n\nРазмеры: 35-40.;23000;rakg8u0bx1y4qcy;nzg3vsvajpiv1e8;ll3hofpd5wqxr81;Для женщин;"[""https://static.yeezyunique.ru/batches/6cb9ff7b-d813-4394-8e73-aeda5d06a8f2/_dqzrSlWH3O9m9Qd8qoFaHrEeigMqFUE4QfV02IQ_0.jpg"",""https://static.yeezyunique.ru/batches/6cb9ff7b-d813-4394-8e73-aeda5d06a8f2/_dqzrSlWH3O9m9Qd8qoFaHrEeigMqFUE4QfV02IQ_1.jpg"",""https://static.yeezyunique.ru/batches/6cb9ff7b-d813-4394-8e73-aeda5d06a8f2/_dqzrSlWH3O9m9Qd8qoFaHrEeigMqFUE4QfV02IQ_2.jpg"",""https://static.yeezyunique.ru/batches/6cb9ff7b-d813-4394-8e73-aeda5d06a8f2/_dqzrSlWH3O9m9Qd8qoFaHrEeigMqFUE4QfV02IQ_3.jpg"",""https://static.yeezyunique.ru/batches/6cb9ff7b-d813-4394-8e73-aeda5d06a8f2/_dqzrSlWH3O9m9Qd8qoFaHrEeigMqFUE4QfV02IQ_4.jpg"",""https://static.yeezyunique.ru/batches/6cb9ff7b-d813-4394-8e73-aeda5d06a8f2/_dqzrSlWH3O9m9Qd8qoFaHrEeigMqFUE4QfV02IQ_5.jpg"",""https://static.yeezyunique.ru/batches/6cb9ff7b-d813-4394-8e73-aeda5d06a8f2/_dqzrSlWH3O9m9Qd8qoFaHrEeigMqFUE4QfV02IQ_6.jpg"",""https://static.yeezyunique.ru/batches/6cb9ff7b-d813-4394-8e73-aeda5d06a8f2/_dqzrSlWH3O9m9Qd8qoFaHrEeigMqFUE4QfV02IQ_7.jpg"",""https://static.yeezyunique.ru/batches/6cb9ff7b-d813-4394-8e73-aeda5d06a8f2/_dqzrSlWH3O9m9Qd8qoFaHrEeigMqFUE4QfV02IQ_8.jpg""]";true
_dltrShTwqWAEz5JGh4qE5SgpatQsWmPbBiKTJHA;Hermes Кроссовки;Классические кроссовки Hermes Bouncing в культовой расцветке. Модель выполнена из премиальных материалов, обеспечивающих комфорт и долговечность, а продуманный дизайн визуально удлиняет ноги.\n\nРазмеры: 35-40.;23000;rakg8u0bx1y4qcy;nzg3vsvajpiv1e8;ll3hofpd5wqxr81;Для женщин;"[""https://static.yeezyunique.ru/batches/6cb9ff7b-d813-4394-8e73-aeda5d06a8f2/_dltrShTwqWAEz5JGh4qE5SgpatQsWmPbBiKTJHA_0.jpg"",""https://static.yeezyunique.ru/batches/6cb9ff7b-d813-4394-8e73-aeda5d06a8f2/_dltrShTwqWAEz5JGh4qE5SgpatQsWmPbBiKTJHA_1.jpg"",""https://static.yeezyunique.ru/batches/6cb9ff7b-d813-4394-8e73-aeda5d06a8f2/_dltrShTwqWAEz5JGh4qE5SgpatQsWmPbBiKTJHA_2.jpg"",""https://static.yeezyunique.ru/batches/6cb9ff7b-d813-4394-8e73-aeda5d06a8f2/_dltrShTwqWAEz5JGh4qE5SgpatQsWmPbBiKTJHA_3.jpg"",""https://static.yeezyunique.ru/batches/6cb9ff7b-d813-4394-8e73-aeda5d06a8f2/_dltrShTwqWAEz5JGh4qE5SgpatQsWmPbBiKTJHA_4.jpg"",""https://static.yeezyunique.ru/batches/6cb9ff7b-d813-4394-8e73-aeda5d06a8f2/_dltrShTwqWAEz5JGh4qE5SgpatQsWmPbBiKTJHA_5.jpg"",""https://static.yeezyunique.ru/batches/6cb9ff7b-d813-4394-8e73-aeda5d06a8f2/_dltrShTwqWAEz5JGh4qE5SgpatQsWmPbBiKTJHA_6.jpg"",""https://static.yeezyunique.ru/batches/6cb9ff7b-d813-4394-8e73-aeda5d06a8f2/_dltrShTwqWAEz5JGh4qE5SgpatQsWmPbBiKTJHA_7.jpg"",""https://static.yeezyunique.ru/batches/6cb9ff7b-d813-4394-8e73-aeda5d06a8f2/_dltrShTwqWAEz5JGh4qE5SgpatQsWmPbBiKTJHA_8.jpg""]";true
_dtdrSRWniAbrmC5SHQDmp4WXA3b4sV5HqFwlUJw;Hermes Кроссовки;Классическая модель кроссовок Bouncing в стильной расцветке. Выполнены из премиальных материалов, обеспечивающих комфорт и долговечность, а продуманный дизайн визуально удлиняет ноги.\n\nРазмеры: 35-40.;23000;rakg8u0bx1y4qcy;nzg3vsvajpiv1e8;ll3hofpd5wqxr81;Для женщин;"[""https://static.yeezyunique.ru/batches/6cb9ff7b-d813-4394-8e73-aeda5d06a8f2/_dtdrSRWniAbrmC5SHQDmp4WXA3b4sV5HqFwlUJw_0.jpg"",""https://static.yeezyunique.ru/batches/6cb9ff7b-d813-4394-8e73-aeda5d06a8f2/_dtdrSRWniAbrmC5SHQDmp4WXA3b4sV5HqFwlUJw_1.jpg"",""https://static.yeezyunique.ru/batches/6cb9ff7b-d813-4394-8e73-aeda5d06a8f2/_dtdrSRWniAbrmC5SHQDmp4WXA3b4sV5HqFwlUJw_2.jpg"",""https://static.yeezyunique.ru/batches/6cb9ff7b-d813-4394-8e73-aeda5d06a8f2/_dtdrSRWniAbrmC5SHQDmp4WXA3b4sV5HqFwlUJw_3.jpg"",""https://static.yeezyunique.ru/batches/6cb9ff7b-d813-4394-8e73-aeda5d06a8f2/_dtdrSRWniAbrmC5SHQDmp4WXA3b4sV5HqFwlUJw_4.jpg"",""https://static.yeezyunique.ru/batches/6cb9ff7b-d813-4394-8e73-aeda5d06a8f2/_dtdrSRWniAbrmC5SHQDmp4WXA3b4sV5HqFwlUJw_5.jpg"",""https://static.yeezyunique.ru/batches/6cb9ff7b-d813-4394-8e73-aeda5d06a8f2/_dtdrSRWniAbrmC5SHQDmp4WXA3b4sV5HqFwlUJw_6.jpg"",""https://static.yeezyunique.ru/batches/6cb9ff7b-d813-4394-8e73-aeda5d06a8f2/_dtdrSRWniAbrmC5SHQDmp4WXA3b4sV5HqFwlUJw_7.jpg"",""https://static.yeezyunique.ru/batches/6cb9ff7b-d813-4394-8e73-aeda5d06a8f2/_dtdrSRWniAbrmC5SHQDmp4WXA3b4sV5HqFwlUJw_8.jpg""]";true
_djrrS0LXG5mZVS33s-A0H6gI_TIE8Vy607Fyqug;Hermes Туфли;Классические сандалии Oasis с узнаваемым вырезом в форме буквы H. Модель выполнена из премиальной натуральной телячьей кожи с кожаной стелькой и подошвой из высококачественной итальянской кожи.\n\nРазмеры: 35-42.;38000;rakg8u0bx1y4qcy;nzg3vsvajpiv1e8;mect3or5ztq64fc;Для женщин;"[""https://static.yeezyunique.ru/batches/6cb9ff7b-d813-4394-8e73-aeda5d06a8f2/_djrrS0LXG5mZVS33s-A0H6gI_TIE8Vy607Fyqug_0.jpg"",""https://static.yeezyunique.ru/batches/6cb9ff7b-d813-4394-8e73-aeda5d06a8f2/_djrrS0LXG5mZVS33s-A0H6gI_TIE8Vy607Fyqug_1.jpg"",""https://static.yeezyunique.ru/batches/6cb9ff7b-d813-4394-8e73-aeda5d06a8f2/_djrrS0LXG5mZVS33s-A0H6gI_TIE8Vy607Fyqug_2.jpg"",""https://static.yeezyunique.ru/batches/6cb9ff7b-d813-4394-8e73-aeda5d06a8f2/_djrrS0LXG5mZVS33s-A0H6gI_TIE8Vy607Fyqug_3.jpg"",""https://static.yeezyunique.ru/batches/6cb9ff7b-d813-4394-8e73-aeda5d06a8f2/_djrrS0LXG5mZVS33s-A0H6gI_TIE8Vy607Fyqug_4.jpg"",""https://static.yeezyunique.ru/batches/6cb9ff7b-d813-4394-8e73-aeda5d06a8f2/_djrrS0LXG5mZVS33s-A0H6gI_TIE8Vy607Fyqug_5.jpg"",""https://static.yeezyunique.ru/batches/6cb9ff7b-d813-4394-8e73-aeda5d06a8f2/_djrrS0LXG5mZVS33s-A0H6gI_TIE8Vy607Fyqug_6.jpg"",""https://static.yeezyunique.ru/batches/6cb9ff7b-d813-4394-8e73-aeda5d06a8f2/_djrrS0LXG5mZVS33s-A0H6gI_TIE8Vy607Fyqug_7.jpg"",""https://static.yeezyunique.ru/batches/6cb9ff7b-d813-4394-8e73-aeda5d06a8f2/_djrrS0LXG5mZVS33s-A0H6gI_TIE8Vy607Fyqug_8.jpg""]";true
_dj2rSd_RekxYbJq0F5u5ViTRDOdJHpAzSkJRy1g;Hermes Туфли;Классические сандалии Oasis с узнаваемым вырезом в форме буквы H. Модель выполнена из премиальной натуральной телячьей кожи с кожаной стелькой и подошвой из высококачественной итальянской кожи.\n\nРазмеры: 35-42.;38000;rakg8u0bx1y4qcy;nzg3vsvajpiv1e8;mect3or5ztq64fc;Для женщин;"[""https://static.yeezyunique.ru/batches/6cb9ff7b-d813-4394-8e73-aeda5d06a8f2/_dj2rSd_RekxYbJq0F5u5ViTRDOdJHpAzSkJRy1g_0.jpg"",""https://static.yeezyunique.ru/batches/6cb9ff7b-d813-4394-8e73-aeda5d06a8f2/_dj2rSd_RekxYbJq0F5u5ViTRDOdJHpAzSkJRy1g_1.jpg"",""https://static.yeezyunique.ru/batches/6cb9ff7b-d813-4394-8e73-aeda5d06a8f2/_dj2rSd_RekxYbJq0F5u5ViTRDOdJHpAzSkJRy1g_2.jpg"",""https://static.yeezyunique.ru/batches/6cb9ff7b-d813-4394-8e73-aeda5d06a8f2/_dj2rSd_RekxYbJq0F5u5ViTRDOdJHpAzSkJRy1g_3.jpg"",""https://static.yeezyunique.ru/batches/6cb9ff7b-d813-4394-8e73-aeda5d06a8f2/_dj2rSd_RekxYbJq0F5u5ViTRDOdJHpAzSkJRy1g_4.jpg"",""https://static.yeezyunique.ru/batches/6cb9ff7b-d813-4394-8e73-aeda5d06a8f2/_dj2rSd_RekxYbJq0F5u5ViTRDOdJHpAzSkJRy1g_5.jpg"",""https://static.yeezyunique.ru/batches/6cb9ff7b-d813-4394-8e73-aeda5d06a8f2/_dj2rSd_RekxYbJq0F5u5ViTRDOdJHpAzSkJRy1g_6.jpg"",""https://static.yeezyunique.ru/batches/6cb9ff7b-d813-4394-8e73-aeda5d06a8f2/_dj2rSd_RekxYbJq0F5u5ViTRDOdJHpAzSkJRy1g_7.jpg"",""https://static.yeezyunique.ru/batches/6cb9ff7b-d813-4394-8e73-aeda5d06a8f2/_dj2rSd_RekxYbJq0F5u5ViTRDOdJHpAzSkJRy1g_8.jpg""]";true
_doorS5Gcsrb5ACzNEftZ4c-88J5NBSTELfk85hg;Hermes Туфли;Классические сандалии Oasis с узнаваемым вырезом в форме буквы H. Модель выполнена из премиальной натуральной телячьей кожи с кожаной стелькой и подошвой из высококачественной итальянской кожи.\n\nРазмеры: 35-42.;38000;rakg8u0bx1y4qcy;nzg3vsvajpiv1e8;mect3or5ztq64fc;Для женщин;"[""https://static.yeezyunique.ru/batches/6cb9ff7b-d813-4394-8e73-aeda5d06a8f2/_doorS5Gcsrb5ACzNEftZ4c-88J5NBSTELfk85hg_0.jpg"",""https://static.yeezyunique.ru/batches/6cb9ff7b-d813-4394-8e73-aeda5d06a8f2/_doorS5Gcsrb5ACzNEftZ4c-88J5NBSTELfk85hg_1.jpg"",""https://static.yeezyunique.ru/batches/6cb9ff7b-d813-4394-8e73-aeda5d06a8f2/_doorS5Gcsrb5ACzNEftZ4c-88J5NBSTELfk85hg_2.jpg"",""https://static.yeezyunique.ru/batches/6cb9ff7b-d813-4394-8e73-aeda5d06a8f2/_doorS5Gcsrb5ACzNEftZ4c-88J5NBSTELfk85hg_3.jpg"",""https://static.yeezyunique.ru/batches/6cb9ff7b-d813-4394-8e73-aeda5d06a8f2/_doorS5Gcsrb5ACzNEftZ4c-88J5NBSTELfk85hg_4.jpg"",""https://static.yeezyunique.ru/batches/6cb9ff7b-d813-4394-8e73-aeda5d06a8f2/_doorS5Gcsrb5ACzNEftZ4c-88J5NBSTELfk85hg_5.jpg"",""https://static.yeezyunique.ru/batches/6cb9ff7b-d813-4394-8e73-aeda5d06a8f2/_doorS5Gcsrb5ACzNEftZ4c-88J5NBSTELfk85hg_6.jpg"",""https://static.yeezyunique.ru/batches/6cb9ff7b-d813-4394-8e73-aeda5d06a8f2/_doorS5Gcsrb5ACzNEftZ4c-88J5NBSTELfk85hg_7.jpg"",""https://static.yeezyunique.ru/batches/6cb9ff7b-d813-4394-8e73-aeda5d06a8f2/_doorS5Gcsrb5ACzNEftZ4c-88J5NBSTELfk85hg_8.jpg""]";true
_dpSrSH5zPz2OmQwQ_VpD-3tAxKivtmpROB7Tirw;Hermes Туфли;Классические сандалии Oasis с узнаваемым вырезом в форме буквы H. Модель выполнена из премиальной натуральной телячьей кожи с кожаной стелькой и подошвой из высококачественной итальянской кожи.\n\nРазмеры: 35-42.;38000;rakg8u0bx1y4qcy;nzg3vsvajpiv1e8;mect3or5ztq64fc;Для женщин;"[""https://static.yeezyunique.ru/batches/6cb9ff7b-d813-4394-8e73-aeda5d06a8f2/_dpSrSH5zPz2OmQwQ_VpD-3tAxKivtmpROB7Tirw_0.jpg"",""https://static.yeezyunique.ru/batches/6cb9ff7b-d813-4394-8e73-aeda5d06a8f2/_dpSrSH5zPz2OmQwQ_VpD-3tAxKivtmpROB7Tirw_1.jpg"",""https://static.yeezyunique.ru/batches/6cb9ff7b-d813-4394-8e73-aeda5d06a8f2/_dpSrSH5zPz2OmQwQ_VpD-3tAxKivtmpROB7Tirw_2.jpg"",""https://static.yeezyunique.ru/batches/6cb9ff7b-d813-4394-8e73-aeda5d06a8f2/_dpSrSH5zPz2OmQwQ_VpD-3tAxKivtmpROB7Tirw_3.jpg"",""https://static.yeezyunique.ru/batches/6cb9ff7b-d813-4394-8e73-aeda5d06a8f2/_dpSrSH5zPz2OmQwQ_VpD-3tAxKivtmpROB7Tirw_4.jpg"",""https://static.yeezyunique.ru/batches/6cb9ff7b-d813-4394-8e73-aeda5d06a8f2/_dpSrSH5zPz2OmQwQ_VpD-3tAxKivtmpROB7Tirw_5.jpg"",""https://static.yeezyunique.ru/batches/6cb9ff7b-d813-4394-8e73-aeda5d06a8f2/_dpSrSH5zPz2OmQwQ_VpD-3tAxKivtmpROB7Tirw_6.jpg"",""https://static.yeezyunique.ru/batches/6cb9ff7b-d813-4394-8e73-aeda5d06a8f2/_dpSrSH5zPz2OmQwQ_VpD-3tAxKivtmpROB7Tirw_7.jpg"",""https://static.yeezyunique.ru/batches/6cb9ff7b-d813-4394-8e73-aeda5d06a8f2/_dpSrSH5zPz2OmQwQ_VpD-3tAxKivtmpROB7Tirw_8.jpg""]";true
_dtxrSTLyD_6B6klQXmc75pL1pltLvLXjOruVcpA;Hermes Туфли;Классические сандалии Oasis с узнаваемым вырезом в форме буквы H. Модель выполнена из премиальной натуральной телячьей кожи с кожаной стелькой и подошвой из высококачественной итальянской кожи.\n\nРазмеры: 35-42.;38000;rakg8u0bx1y4qcy;nzg3vsvajpiv1e8;mect3or5ztq64fc;Для женщин;"[""https://static.yeezyunique.ru/batches/6cb9ff7b-d813-4394-8e73-aeda5d06a8f2/_dtxrSTLyD_6B6klQXmc75pL1pltLvLXjOruVcpA_0.jpg"",""https://static.yeezyunique.ru/batches/6cb9ff7b-d813-4394-8e73-aeda5d06a8f2/_dtxrSTLyD_6B6klQXmc75pL1pltLvLXjOruVcpA_1.jpg"",""https://static.yeezyunique.ru/batches/6cb9ff7b-d813-4394-8e73-aeda5d06a8f2/_dtxrSTLyD_6B6klQXmc75pL1pltLvLXjOruVcpA_2.jpg"",""https://static.yeezyunique.ru/batches/6cb9ff7b-d813-4394-8e73-aeda5d06a8f2/_dtxrSTLyD_6B6klQXmc75pL1pltLvLXjOruVcpA_3.jpg"",""https://static.yeezyunique.ru/batches/6cb9ff7b-d813-4394-8e73-aeda5d06a8f2/_dtxrSTLyD_6B6klQXmc75pL1pltLvLXjOruVcpA_4.jpg"",""https://static.yeezyunique.ru/batches/6cb9ff7b-d813-4394-8e73-aeda5d06a8f2/_dtxrSTLyD_6B6klQXmc75pL1pltLvLXjOruVcpA_5.jpg"",""https://static.yeezyunique.ru/batches/6cb9ff7b-d813-4394-8e73-aeda5d06a8f2/_dtxrSTLyD_6B6klQXmc75pL1pltLvLXjOruVcpA_6.jpg"",""https://static.yeezyunique.ru/batches/6cb9ff7b-d813-4394-8e73-aeda5d06a8f2/_dtxrSTLyD_6B6klQXmc75pL1pltLvLXjOruVcpA_7.jpg"",""https://static.yeezyunique.ru/batches/6cb9ff7b-d813-4394-8e73-aeda5d06a8f2/_dtxrSTLyD_6B6klQXmc75pL1pltLvLXjOruVcpA_8.jpg""]";true
_dI4rS7H-CdoPdft2rnxojmZABQsTaGLoVkTkM_Q;Hermes Туфли;Классические сандалии Oasis с узнаваемым вырезом в форме буквы H. Модель выполнена из премиальной натуральной телячьей кожи с кожаной стелькой и подошвой из высококачественной итальянской кожи.\n\nРазмеры: 35-42.;38000;rakg8u0bx1y4qcy;nzg3vsvajpiv1e8;mect3or5ztq64fc;Для женщин;"[""https://static.yeezyunique.ru/batches/6cb9ff7b-d813-4394-8e73-aeda5d06a8f2/_dI4rS7H-CdoPdft2rnxojmZABQsTaGLoVkTkM_Q_0.jpg"",""https://static.yeezyunique.ru/batches/6cb9ff7b-d813-4394-8e73-aeda5d06a8f2/_dI4rS7H-CdoPdft2rnxojmZABQsTaGLoVkTkM_Q_1.jpg"",""https://static.yeezyunique.ru/batches/6cb9ff7b-d813-4394-8e73-aeda5d06a8f2/_dI4rS7H-CdoPdft2rnxojmZABQsTaGLoVkTkM_Q_2.jpg"",""https://static.yeezyunique.ru/batches/6cb9ff7b-d813-4394-8e73-aeda5d06a8f2/_dI4rS7H-CdoPdft2rnxojmZABQsTaGLoVkTkM_Q_3.jpg"",""https://static.yeezyunique.ru/batches/6cb9ff7b-d813-4394-8e73-aeda5d06a8f2/_dI4rS7H-CdoPdft2rnxojmZABQsTaGLoVkTkM_Q_4.jpg"",""https://static.yeezyunique.ru/batches/6cb9ff7b-d813-4394-8e73-aeda5d06a8f2/_dI4rS7H-CdoPdft2rnxojmZABQsTaGLoVkTkM_Q_5.jpg"",""https://static.yeezyunique.ru/batches/6cb9ff7b-d813-4394-8e73-aeda5d06a8f2/_dI4rS7H-CdoPdft2rnxojmZABQsTaGLoVkTkM_Q_6.jpg"",""https://static.yeezyunique.ru/batches/6cb9ff7b-d813-4394-8e73-aeda5d06a8f2/_dI4rS7H-CdoPdft2rnxojmZABQsTaGLoVkTkM_Q_7.jpg"",""https://static.yeezyunique.ru/batches/6cb9ff7b-d813-4394-8e73-aeda5d06a8f2/_dI4rS7H-CdoPdft2rnxojmZABQsTaGLoVkTkM_Q_8.jpg""]";true
_dXarS5-QTy6NU6uiBp4rfKo85gN6QLP_Io1R7ig;Hermes Туфли;Классические сандалии Oasis с узнаваемым вырезом в форме буквы H. Модель выполнена из премиальной натуральной телячьей кожи с кожаной стелькой и подошвой из высококачественной итальянской кожи.\n\nРазмеры: 35-42.;38000;rakg8u0bx1y4qcy;nzg3vsvajpiv1e8;mect3or5ztq64fc;Для женщин;"[""https://static.yeezyunique.ru/batches/6cb9ff7b-d813-4394-8e73-aeda5d06a8f2/_dXarS5-QTy6NU6uiBp4rfKo85gN6QLP_Io1R7ig_0.jpg"",""https://static.yeezyunique.ru/batches/6cb9ff7b-d813-4394-8e73-aeda5d06a8f2/_dXarS5-QTy6NU6uiBp4rfKo85gN6QLP_Io1R7ig_1.jpg"",""https://static.yeezyunique.ru/batches/6cb9ff7b-d813-4394-8e73-aeda5d06a8f2/_dXarS5-QTy6NU6uiBp4rfKo85gN6QLP_Io1R7ig_2.jpg"",""https://static.yeezyunique.ru/batches/6cb9ff7b-d813-4394-8e73-aeda5d06a8f2/_dXarS5-QTy6NU6uiBp4rfKo85gN6QLP_Io1R7ig_3.jpg"",""https://static.yeezyunique.ru/batches/6cb9ff7b-d813-4394-8e73-aeda5d06a8f2/_dXarS5-QTy6NU6uiBp4rfKo85gN6QLP_Io1R7ig_4.jpg"",""https://static.yeezyunique.ru/batches/6cb9ff7b-d813-4394-8e73-aeda5d06a8f2/_dXarS5-QTy6NU6uiBp4rfKo85gN6QLP_Io1R7ig_5.jpg"",""https://static.yeezyunique.ru/batches/6cb9ff7b-d813-4394-8e73-aeda5d06a8f2/_dXarS5-QTy6NU6uiBp4rfKo85gN6QLP_Io1R7ig_6.jpg"",""https://static.yeezyunique.ru/batches/6cb9ff7b-d813-4394-8e73-aeda5d06a8f2/_dXarS5-QTy6NU6uiBp4rfKo85gN6QLP_Io1R7ig_7.jpg"",""https://static.yeezyunique.ru/batches/6cb9ff7b-d813-4394-8e73-aeda5d06a8f2/_dXarS5-QTy6NU6uiBp4rfKo85gN6QLP_Io1R7ig_8.jpg""]";true
_d-_rS58L1fI-TTXWH6jxKyBhA8dpsSgTU4QGE9Q;Hermes Туфли;Классические сандалии Oasis с узнаваемым вырезом в форме буквы H. Модель выполнена из премиальной натуральной телячьей кожи с кожаной стелькой и подошвой из высококачественной итальянской кожи.\n\nРазмеры: 35-42.;38000;rakg8u0bx1y4qcy;nzg3vsvajpiv1e8;mect3or5ztq64fc;Для женщин;"[""https://static.yeezyunique.ru/batches/6cb9ff7b-d813-4394-8e73-aeda5d06a8f2/_d-_rS58L1fI-TTXWH6jxKyBhA8dpsSgTU4QGE9Q_0.jpg"",""https://static.yeezyunique.ru/batches/6cb9ff7b-d813-4394-8e73-aeda5d06a8f2/_d-_rS58L1fI-TTXWH6jxKyBhA8dpsSgTU4QGE9Q_1.jpg"",""https://static.yeezyunique.ru/batches/6cb9ff7b-d813-4394-8e73-aeda5d06a8f2/_d-_rS58L1fI-TTXWH6jxKyBhA8dpsSgTU4QGE9Q_2.jpg"",""https://static.yeezyunique.ru/batches/6cb9ff7b-d813-4394-8e73-aeda5d06a8f2/_d-_rS58L1fI-TTXWH6jxKyBhA8dpsSgTU4QGE9Q_3.jpg"",""https://static.yeezyunique.ru/batches/6cb9ff7b-d813-4394-8e73-aeda5d06a8f2/_d-_rS58L1fI-TTXWH6jxKyBhA8dpsSgTU4QGE9Q_4.jpg"",""https://static.yeezyunique.ru/batches/6cb9ff7b-d813-4394-8e73-aeda5d06a8f2/_d-_rS58L1fI-TTXWH6jxKyBhA8dpsSgTU4QGE9Q_5.jpg"",""https://static.yeezyunique.ru/batches/6cb9ff7b-d813-4394-8e73-aeda5d06a8f2/_d-_rS58L1fI-TTXWH6jxKyBhA8dpsSgTU4QGE9Q_6.jpg"",""https://static.yeezyunique.ru/batches/6cb9ff7b-d813-4394-8e73-aeda5d06a8f2/_d-_rS58L1fI-TTXWH6jxKyBhA8dpsSgTU4QGE9Q_7.jpg"",""https://static.yeezyunique.ru/batches/6cb9ff7b-d813-4394-8e73-aeda5d06a8f2/_d-_rS58L1fI-TTXWH6jxKyBhA8dpsSgTU4QGE9Q_8.jpg""]";true
_d8arSqrlt22PswaL8JAF2YwHAVnhTLlN6v1K0jg;Hermes Туфли;Классические сандалии Oasis с узнаваемым вырезом в форме буквы H. Модель выполнена из премиальной натуральной телячьей кожи с кожаной стелькой и подошвой из итальянской кожи высшего качества.\n\nРазмеры: 35-42.;38000;rakg8u0bx1y4qcy;nzg3vsvajpiv1e8;mect3or5ztq64fc;Для женщин;"[""https://static.yeezyunique.ru/batches/6cb9ff7b-d813-4394-8e73-aeda5d06a8f2/_d8arSqrlt22PswaL8JAF2YwHAVnhTLlN6v1K0jg_0.jpg"",""https://static.yeezyunique.ru/batches/6cb9ff7b-d813-4394-8e73-aeda5d06a8f2/_d8arSqrlt22PswaL8JAF2YwHAVnhTLlN6v1K0jg_1.jpg"",""https://static.yeezyunique.ru/batches/6cb9ff7b-d813-4394-8e73-aeda5d06a8f2/_d8arSqrlt22PswaL8JAF2YwHAVnhTLlN6v1K0jg_2.jpg"",""https://static.yeezyunique.ru/batches/6cb9ff7b-d813-4394-8e73-aeda5d06a8f2/_d8arSqrlt22PswaL8JAF2YwHAVnhTLlN6v1K0jg_3.jpg"",""https://static.yeezyunique.ru/batches/6cb9ff7b-d813-4394-8e73-aeda5d06a8f2/_d8arSqrlt22PswaL8JAF2YwHAVnhTLlN6v1K0jg_4.jpg"",""https://static.yeezyunique.ru/batches/6cb9ff7b-d813-4394-8e73-aeda5d06a8f2/_d8arSqrlt22PswaL8JAF2YwHAVnhTLlN6v1K0jg_5.jpg"",""https://static.yeezyunique.ru/batches/6cb9ff7b-d813-4394-8e73-aeda5d06a8f2/_d8arSqrlt22PswaL8JAF2YwHAVnhTLlN6v1K0jg_6.jpg"",""https://static.yeezyunique.ru/batches/6cb9ff7b-d813-4394-8e73-aeda5d06a8f2/_d8arSqrlt22PswaL8JAF2YwHAVnhTLlN6v1K0jg_7.jpg"",""https://static.yeezyunique.ru/batches/6cb9ff7b-d813-4394-8e73-aeda5d06a8f2/_d8arSqrlt22PswaL8JAF2YwHAVnhTLlN6v1K0jg_8.jpg""]";true
_dvhrSacnPts89IA2eRAyOcFp0MEOGa22Ec_WDig;Hermes Туфли;Классические сандалии Oasis с узнаваемым вырезом в форме буквы H. Модель выполнена из премиальной натуральной телячьей кожи с кожаной стелькой и подошвой из высококачественной итальянской кожи.\n\nРазмеры: 35-42.;38000;rakg8u0bx1y4qcy;nzg3vsvajpiv1e8;mect3or5ztq64fc;Для женщин;"[""https://static.yeezyunique.ru/batches/6cb9ff7b-d813-4394-8e73-aeda5d06a8f2/_dvhrSacnPts89IA2eRAyOcFp0MEOGa22Ec_WDig_0.jpg"",""https://static.yeezyunique.ru/batches/6cb9ff7b-d813-4394-8e73-aeda5d06a8f2/_dvhrSacnPts89IA2eRAyOcFp0MEOGa22Ec_WDig_1.jpg"",""https://static.yeezyunique.ru/batches/6cb9ff7b-d813-4394-8e73-aeda5d06a8f2/_dvhrSacnPts89IA2eRAyOcFp0MEOGa22Ec_WDig_2.jpg"",""https://static.yeezyunique.ru/batches/6cb9ff7b-d813-4394-8e73-aeda5d06a8f2/_dvhrSacnPts89IA2eRAyOcFp0MEOGa22Ec_WDig_3.jpg"",""https://static.yeezyunique.ru/batches/6cb9ff7b-d813-4394-8e73-aeda5d06a8f2/_dvhrSacnPts89IA2eRAyOcFp0MEOGa22Ec_WDig_4.jpg"",""https://static.yeezyunique.ru/batches/6cb9ff7b-d813-4394-8e73-aeda5d06a8f2/_dvhrSacnPts89IA2eRAyOcFp0MEOGa22Ec_WDig_5.jpg"",""https://static.yeezyunique.ru/batches/6cb9ff7b-d813-4394-8e73-aeda5d06a8f2/_dvhrSacnPts89IA2eRAyOcFp0MEOGa22Ec_WDig_6.jpg"",""https://static.yeezyunique.ru/batches/6cb9ff7b-d813-4394-8e73-aeda5d06a8f2/_dvhrSacnPts89IA2eRAyOcFp0MEOGa22Ec_WDig_7.jpg"",""https://static.yeezyunique.ru/batches/6cb9ff7b-d813-4394-8e73-aeda5d06a8f2/_dvhrSacnPts89IA2eRAyOcFp0MEOGa22Ec_WDig_8.jpg""]";true
_dx6rSIXsUMesAtW7iP1I-4fldpRPlV5Gq7jKGfA;Hermes Туфли;Классические сандалии Oasis с узнаваемым вырезом в форме буквы H. Модель выполнена из премиальной натуральной телячьей кожи с кожаной стелькой и подошвой из высококачественной итальянской кожи.\n\nРазмеры: 35-42.;38000;rakg8u0bx1y4qcy;nzg3vsvajpiv1e8;mect3or5ztq64fc;Для женщин;"[""https://static.yeezyunique.ru/batches/6cb9ff7b-d813-4394-8e73-aeda5d06a8f2/_dx6rSIXsUMesAtW7iP1I-4fldpRPlV5Gq7jKGfA_0.jpg"",""https://static.yeezyunique.ru/batches/6cb9ff7b-d813-4394-8e73-aeda5d06a8f2/_dx6rSIXsUMesAtW7iP1I-4fldpRPlV5Gq7jKGfA_1.jpg"",""https://static.yeezyunique.ru/batches/6cb9ff7b-d813-4394-8e73-aeda5d06a8f2/_dx6rSIXsUMesAtW7iP1I-4fldpRPlV5Gq7jKGfA_2.jpg"",""https://static.yeezyunique.ru/batches/6cb9ff7b-d813-4394-8e73-aeda5d06a8f2/_dx6rSIXsUMesAtW7iP1I-4fldpRPlV5Gq7jKGfA_3.jpg"",""https://static.yeezyunique.ru/batches/6cb9ff7b-d813-4394-8e73-aeda5d06a8f2/_dx6rSIXsUMesAtW7iP1I-4fldpRPlV5Gq7jKGfA_4.jpg"",""https://static.yeezyunique.ru/batches/6cb9ff7b-d813-4394-8e73-aeda5d06a8f2/_dx6rSIXsUMesAtW7iP1I-4fldpRPlV5Gq7jKGfA_5.jpg"",""https://static.yeezyunique.ru/batches/6cb9ff7b-d813-4394-8e73-aeda5d06a8f2/_dx6rSIXsUMesAtW7iP1I-4fldpRPlV5Gq7jKGfA_6.jpg"",""https://static.yeezyunique.ru/batches/6cb9ff7b-d813-4394-8e73-aeda5d06a8f2/_dx6rSIXsUMesAtW7iP1I-4fldpRPlV5Gq7jKGfA_7.jpg"",""https://static.yeezyunique.ru/batches/6cb9ff7b-d813-4394-8e73-aeda5d06a8f2/_dx6rSIXsUMesAtW7iP1I-4fldpRPlV5Gq7jKGfA_8.jpg""]";true
_dizrStLyDXQQu6EGt39t9Am0JJy8dGAMZDuoYhw;Hermes Туфли;Классические сандалии Oasis с узнаваемым вырезом в форме буквы H. Модель выполнена из премиальной натуральной телячьей кожи с кожаной стелькой и подошвой из высококачественной итальянской кожи.\n\nРазмеры: 35-42.;38000;rakg8u0bx1y4qcy;nzg3vsvajpiv1e8;mect3or5ztq64fc;Для женщин;"[""https://static.yeezyunique.ru/batches/6cb9ff7b-d813-4394-8e73-aeda5d06a8f2/_dizrStLyDXQQu6EGt39t9Am0JJy8dGAMZDuoYhw_0.jpg"",""https://static.yeezyunique.ru/batches/6cb9ff7b-d813-4394-8e73-aeda5d06a8f2/_dizrStLyDXQQu6EGt39t9Am0JJy8dGAMZDuoYhw_1.jpg"",""https://static.yeezyunique.ru/batches/6cb9ff7b-d813-4394-8e73-aeda5d06a8f2/_dizrStLyDXQQu6EGt39t9Am0JJy8dGAMZDuoYhw_2.jpg"",""https://static.yeezyunique.ru/batches/6cb9ff7b-d813-4394-8e73-aeda5d06a8f2/_dizrStLyDXQQu6EGt39t9Am0JJy8dGAMZDuoYhw_3.jpg"",""https://static.yeezyunique.ru/batches/6cb9ff7b-d813-4394-8e73-aeda5d06a8f2/_dizrStLyDXQQu6EGt39t9Am0JJy8dGAMZDuoYhw_4.jpg"",""https://static.yeezyunique.ru/batches/6cb9ff7b-d813-4394-8e73-aeda5d06a8f2/_dizrStLyDXQQu6EGt39t9Am0JJy8dGAMZDuoYhw_5.jpg"",""https://static.yeezyunique.ru/batches/6cb9ff7b-d813-4394-8e73-aeda5d06a8f2/_dizrStLyDXQQu6EGt39t9Am0JJy8dGAMZDuoYhw_6.jpg"",""https://static.yeezyunique.ru/batches/6cb9ff7b-d813-4394-8e73-aeda5d06a8f2/_dizrStLyDXQQu6EGt39t9Am0JJy8dGAMZDuoYhw_7.jpg"",""https://static.yeezyunique.ru/batches/6cb9ff7b-d813-4394-8e73-aeda5d06a8f2/_dizrStLyDXQQu6EGt39t9Am0JJy8dGAMZDuoYhw_8.jpg""]";true
_dxNrSE-RHTSZ1Re7r7-7v4KvOmDvK7PP-AWLtQw;Hermes Туфли;Классические сандалии Oasis с узнаваемым вырезом в форме буквы H. Модель выполнена из премиальной натуральной телячьей кожи с кожаной стелькой и подошвой из высококачественной итальянской кожи.\n\nРазмеры: 35-42.;38000;rakg8u0bx1y4qcy;nzg3vsvajpiv1e8;mect3or5ztq64fc;Для женщин;"[""https://static.yeezyunique.ru/batches/6cb9ff7b-d813-4394-8e73-aeda5d06a8f2/_dxNrSE-RHTSZ1Re7r7-7v4KvOmDvK7PP-AWLtQw_0.jpg"",""https://static.yeezyunique.ru/batches/6cb9ff7b-d813-4394-8e73-aeda5d06a8f2/_dxNrSE-RHTSZ1Re7r7-7v4KvOmDvK7PP-AWLtQw_1.jpg"",""https://static.yeezyunique.ru/batches/6cb9ff7b-d813-4394-8e73-aeda5d06a8f2/_dxNrSE-RHTSZ1Re7r7-7v4KvOmDvK7PP-AWLtQw_2.jpg"",""https://static.yeezyunique.ru/batches/6cb9ff7b-d813-4394-8e73-aeda5d06a8f2/_dxNrSE-RHTSZ1Re7r7-7v4KvOmDvK7PP-AWLtQw_3.jpg"",""https://static.yeezyunique.ru/batches/6cb9ff7b-d813-4394-8e73-aeda5d06a8f2/_dxNrSE-RHTSZ1Re7r7-7v4KvOmDvK7PP-AWLtQw_4.jpg"",""https://static.yeezyunique.ru/batches/6cb9ff7b-d813-4394-8e73-aeda5d06a8f2/_dxNrSE-RHTSZ1Re7r7-7v4KvOmDvK7PP-AWLtQw_5.jpg"",""https://static.yeezyunique.ru/batches/6cb9ff7b-d813-4394-8e73-aeda5d06a8f2/_dxNrSE-RHTSZ1Re7r7-7v4KvOmDvK7PP-AWLtQw_6.jpg"",""https://static.yeezyunique.ru/batches/6cb9ff7b-d813-4394-8e73-aeda5d06a8f2/_dxNrSE-RHTSZ1Re7r7-7v4KvOmDvK7PP-AWLtQw_7.jpg"",""https://static.yeezyunique.ru/batches/6cb9ff7b-d813-4394-8e73-aeda5d06a8f2/_dxNrSE-RHTSZ1Re7r7-7v4KvOmDvK7PP-AWLtQw_8.jpg""]";true
_dnVrS4S6-zUiqEK3OmMxwkgK0lM_BBRhFllQrGw;Hermes Туфли;Классические сандалии Oasis с узнаваемым вырезом в форме буквы H. Модель выполнена из премиальной натуральной телячьей кожи с кожаной стелькой и подошвой из высококачественной итальянской кожи.\n\nРазмеры: 35-42.;38000;rakg8u0bx1y4qcy;nzg3vsvajpiv1e8;mect3or5ztq64fc;Для женщин;"[""https://static.yeezyunique.ru/batches/6cb9ff7b-d813-4394-8e73-aeda5d06a8f2/_dnVrS4S6-zUiqEK3OmMxwkgK0lM_BBRhFllQrGw_0.jpg"",""https://static.yeezyunique.ru/batches/6cb9ff7b-d813-4394-8e73-aeda5d06a8f2/_dnVrS4S6-zUiqEK3OmMxwkgK0lM_BBRhFllQrGw_1.jpg"",""https://static.yeezyunique.ru/batches/6cb9ff7b-d813-4394-8e73-aeda5d06a8f2/_dnVrS4S6-zUiqEK3OmMxwkgK0lM_BBRhFllQrGw_2.jpg"",""https://static.yeezyunique.ru/batches/6cb9ff7b-d813-4394-8e73-aeda5d06a8f2/_dnVrS4S6-zUiqEK3OmMxwkgK0lM_BBRhFllQrGw_3.jpg"",""https://static.yeezyunique.ru/batches/6cb9ff7b-d813-4394-8e73-aeda5d06a8f2/_dnVrS4S6-zUiqEK3OmMxwkgK0lM_BBRhFllQrGw_4.jpg"",""https://static.yeezyunique.ru/batches/6cb9ff7b-d813-4394-8e73-aeda5d06a8f2/_dnVrS4S6-zUiqEK3OmMxwkgK0lM_BBRhFllQrGw_5.jpg"",""https://static.yeezyunique.ru/batches/6cb9ff7b-d813-4394-8e73-aeda5d06a8f2/_dnVrS4S6-zUiqEK3OmMxwkgK0lM_BBRhFllQrGw_6.jpg"",""https://static.yeezyunique.ru/batches/6cb9ff7b-d813-4394-8e73-aeda5d06a8f2/_dnVrS4S6-zUiqEK3OmMxwkgK0lM_BBRhFllQrGw_7.jpg"",""https://static.yeezyunique.ru/batches/6cb9ff7b-d813-4394-8e73-aeda5d06a8f2/_dnVrS4S6-zUiqEK3OmMxwkgK0lM_BBRhFllQrGw_8.jpg""]";true
_dtErSS4dP65e_bUfHfvByGX1AzXvl_I1NVDmqoQ;Hermes Туфли;Классические сандалии Oasis с узнаваемым вырезом в форме буквы H. Модель выполнена из премиальной натуральной телячьей кожи с кожаной стелькой и подошвой из высококачественной итальянской кожи.\n\nРазмеры: 35-42.;38000;rakg8u0bx1y4qcy;nzg3vsvajpiv1e8;mect3or5ztq64fc;Для женщин;"[""https://static.yeezyunique.ru/batches/6cb9ff7b-d813-4394-8e73-aeda5d06a8f2/_dtErSS4dP65e_bUfHfvByGX1AzXvl_I1NVDmqoQ_0.jpg"",""https://static.yeezyunique.ru/batches/6cb9ff7b-d813-4394-8e73-aeda5d06a8f2/_dtErSS4dP65e_bUfHfvByGX1AzXvl_I1NVDmqoQ_1.jpg"",""https://static.yeezyunique.ru/batches/6cb9ff7b-d813-4394-8e73-aeda5d06a8f2/_dtErSS4dP65e_bUfHfvByGX1AzXvl_I1NVDmqoQ_2.jpg"",""https://static.yeezyunique.ru/batches/6cb9ff7b-d813-4394-8e73-aeda5d06a8f2/_dtErSS4dP65e_bUfHfvByGX1AzXvl_I1NVDmqoQ_3.jpg"",""https://static.yeezyunique.ru/batches/6cb9ff7b-d813-4394-8e73-aeda5d06a8f2/_dtErSS4dP65e_bUfHfvByGX1AzXvl_I1NVDmqoQ_4.jpg"",""https://static.yeezyunique.ru/batches/6cb9ff7b-d813-4394-8e73-aeda5d06a8f2/_dtErSS4dP65e_bUfHfvByGX1AzXvl_I1NVDmqoQ_5.jpg"",""https://static.yeezyunique.ru/batches/6cb9ff7b-d813-4394-8e73-aeda5d06a8f2/_dtErSS4dP65e_bUfHfvByGX1AzXvl_I1NVDmqoQ_6.jpg"",""https://static.yeezyunique.ru/batches/6cb9ff7b-d813-4394-8e73-aeda5d06a8f2/_dtErSS4dP65e_bUfHfvByGX1AzXvl_I1NVDmqoQ_7.jpg"",""https://static.yeezyunique.ru/batches/6cb9ff7b-d813-4394-8e73-aeda5d06a8f2/_dtErSS4dP65e_bUfHfvByGX1AzXvl_I1NVDmqoQ_8.jpg""]";true
_dpxrS6lfRbQaf59IEJc2ZzGIv5NDMftmBegZ3Qw;Hermes Туфли;Классические сандалии Oasis с узнаваемым вырезом в форме буквы H. Модель выполнена из премиальной натуральной телячьей кожи с кожаной стелькой и подошвой из высококачественной итальянской кожи.\n\nРазмеры: 35-42.;38000;rakg8u0bx1y4qcy;nzg3vsvajpiv1e8;mect3or5ztq64fc;Для женщин;"[""https://static.yeezyunique.ru/batches/6cb9ff7b-d813-4394-8e73-aeda5d06a8f2/_dpxrS6lfRbQaf59IEJc2ZzGIv5NDMftmBegZ3Qw_0.jpg"",""https://static.yeezyunique.ru/batches/6cb9ff7b-d813-4394-8e73-aeda5d06a8f2/_dpxrS6lfRbQaf59IEJc2ZzGIv5NDMftmBegZ3Qw_1.jpg"",""https://static.yeezyunique.ru/batches/6cb9ff7b-d813-4394-8e73-aeda5d06a8f2/_dpxrS6lfRbQaf59IEJc2ZzGIv5NDMftmBegZ3Qw_2.jpg"",""https://static.yeezyunique.ru/batches/6cb9ff7b-d813-4394-8e73-aeda5d06a8f2/_dpxrS6lfRbQaf59IEJc2ZzGIv5NDMftmBegZ3Qw_3.jpg"",""https://static.yeezyunique.ru/batches/6cb9ff7b-d813-4394-8e73-aeda5d06a8f2/_dpxrS6lfRbQaf59IEJc2ZzGIv5NDMftmBegZ3Qw_4.jpg"",""https://static.yeezyunique.ru/batches/6cb9ff7b-d813-4394-8e73-aeda5d06a8f2/_dpxrS6lfRbQaf59IEJc2ZzGIv5NDMftmBegZ3Qw_5.jpg"",""https://static.yeezyunique.ru/batches/6cb9ff7b-d813-4394-8e73-aeda5d06a8f2/_dpxrS6lfRbQaf59IEJc2ZzGIv5NDMftmBegZ3Qw_6.jpg"",""https://static.yeezyunique.ru/batches/6cb9ff7b-d813-4394-8e73-aeda5d06a8f2/_dpxrS6lfRbQaf59IEJc2ZzGIv5NDMftmBegZ3Qw_7.jpg"",""https://static.yeezyunique.ru/batches/6cb9ff7b-d813-4394-8e73-aeda5d06a8f2/_dpxrS6lfRbQaf59IEJc2ZzGIv5NDMftmBegZ3Qw_8.jpg""]";true
_djSrS9RJhEenJSINx_zXdIyu3uQr3MImzUxl3FA;Hermes Туфли;Классические сандалии Oasis с узнаваемым вырезом в форме буквы H. Модель выполнена из премиальной натуральной телячьей кожи с кожаной стелькой и подошвой из высококачественной итальянской кожи.\n\nРазмеры: 35-42.;38000;rakg8u0bx1y4qcy;nzg3vsvajpiv1e8;mect3or5ztq64fc;Для женщин;"[""https://static.yeezyunique.ru/batches/6cb9ff7b-d813-4394-8e73-aeda5d06a8f2/_djSrS9RJhEenJSINx_zXdIyu3uQr3MImzUxl3FA_0.jpg"",""https://static.yeezyunique.ru/batches/6cb9ff7b-d813-4394-8e73-aeda5d06a8f2/_djSrS9RJhEenJSINx_zXdIyu3uQr3MImzUxl3FA_1.jpg"",""https://static.yeezyunique.ru/batches/6cb9ff7b-d813-4394-8e73-aeda5d06a8f2/_djSrS9RJhEenJSINx_zXdIyu3uQr3MImzUxl3FA_2.jpg"",""https://static.yeezyunique.ru/batches/6cb9ff7b-d813-4394-8e73-aeda5d06a8f2/_djSrS9RJhEenJSINx_zXdIyu3uQr3MImzUxl3FA_3.jpg"",""https://static.yeezyunique.ru/batches/6cb9ff7b-d813-4394-8e73-aeda5d06a8f2/_djSrS9RJhEenJSINx_zXdIyu3uQr3MImzUxl3FA_4.jpg"",""https://static.yeezyunique.ru/batches/6cb9ff7b-d813-4394-8e73-aeda5d06a8f2/_djSrS9RJhEenJSINx_zXdIyu3uQr3MImzUxl3FA_5.jpg"",""https://static.yeezyunique.ru/batches/6cb9ff7b-d813-4394-8e73-aeda5d06a8f2/_djSrS9RJhEenJSINx_zXdIyu3uQr3MImzUxl3FA_6.jpg"",""https://static.yeezyunique.ru/batches/6cb9ff7b-d813-4394-8e73-aeda5d06a8f2/_djSrS9RJhEenJSINx_zXdIyu3uQr3MImzUxl3FA_7.jpg"",""https://static.yeezyunique.ru/batches/6cb9ff7b-d813-4394-8e73-aeda5d06a8f2/_djSrS9RJhEenJSINx_zXdIyu3uQr3MImzUxl3FA_8.jpg""]";true
_dpjrSlxGB8TneBKgMuJuUP8d0CbS2_SPAWBuN7g;Hermes Туфли;Классические сандалии Oasis с узнаваемым вырезом в форме буквы H. Модель выполнена из премиальной натуральной телячьей кожи с кожаной стелькой и подошвой из высококачественной итальянской кожи.\n\nРазмеры: 35-42.;38000;rakg8u0bx1y4qcy;nzg3vsvajpiv1e8;mect3or5ztq64fc;Для женщин;"[""https://static.yeezyunique.ru/batches/6cb9ff7b-d813-4394-8e73-aeda5d06a8f2/_dpjrSlxGB8TneBKgMuJuUP8d0CbS2_SPAWBuN7g_0.jpg"",""https://static.yeezyunique.ru/batches/6cb9ff7b-d813-4394-8e73-aeda5d06a8f2/_dpjrSlxGB8TneBKgMuJuUP8d0CbS2_SPAWBuN7g_1.jpg"",""https://static.yeezyunique.ru/batches/6cb9ff7b-d813-4394-8e73-aeda5d06a8f2/_dpjrSlxGB8TneBKgMuJuUP8d0CbS2_SPAWBuN7g_2.jpg"",""https://static.yeezyunique.ru/batches/6cb9ff7b-d813-4394-8e73-aeda5d06a8f2/_dpjrSlxGB8TneBKgMuJuUP8d0CbS2_SPAWBuN7g_3.jpg"",""https://static.yeezyunique.ru/batches/6cb9ff7b-d813-4394-8e73-aeda5d06a8f2/_dpjrSlxGB8TneBKgMuJuUP8d0CbS2_SPAWBuN7g_4.jpg"",""https://static.yeezyunique.ru/batches/6cb9ff7b-d813-4394-8e73-aeda5d06a8f2/_dpjrSlxGB8TneBKgMuJuUP8d0CbS2_SPAWBuN7g_5.jpg"",""https://static.yeezyunique.ru/batches/6cb9ff7b-d813-4394-8e73-aeda5d06a8f2/_dpjrSlxGB8TneBKgMuJuUP8d0CbS2_SPAWBuN7g_6.jpg"",""https://static.yeezyunique.ru/batches/6cb9ff7b-d813-4394-8e73-aeda5d06a8f2/_dpjrSlxGB8TneBKgMuJuUP8d0CbS2_SPAWBuN7g_7.jpg"",""https://static.yeezyunique.ru/batches/6cb9ff7b-d813-4394-8e73-aeda5d06a8f2/_dpjrSlxGB8TneBKgMuJuUP8d0CbS2_SPAWBuN7g_8.jpg""]";true
_dlqrSwBlOop_ZPJ_DKwIa0BViV0dfioXQxIyc0w;Hermes Туфли;Классические сандалии Oasis с узнаваемым вырезом в форме буквы H. Модель выполнена из премиальной натуральной телячьей кожи с кожаной стелькой и подошвой из высококачественной итальянской кожи.\n\nРазмеры: 35-42.;38000;rakg8u0bx1y4qcy;nzg3vsvajpiv1e8;mect3or5ztq64fc;Для женщин;"[""https://static.yeezyunique.ru/batches/6cb9ff7b-d813-4394-8e73-aeda5d06a8f2/_dlqrSwBlOop_ZPJ_DKwIa0BViV0dfioXQxIyc0w_0.jpg"",""https://static.yeezyunique.ru/batches/6cb9ff7b-d813-4394-8e73-aeda5d06a8f2/_dlqrSwBlOop_ZPJ_DKwIa0BViV0dfioXQxIyc0w_1.jpg"",""https://static.yeezyunique.ru/batches/6cb9ff7b-d813-4394-8e73-aeda5d06a8f2/_dlqrSwBlOop_ZPJ_DKwIa0BViV0dfioXQxIyc0w_2.jpg"",""https://static.yeezyunique.ru/batches/6cb9ff7b-d813-4394-8e73-aeda5d06a8f2/_dlqrSwBlOop_ZPJ_DKwIa0BViV0dfioXQxIyc0w_3.jpg"",""https://static.yeezyunique.ru/batches/6cb9ff7b-d813-4394-8e73-aeda5d06a8f2/_dlqrSwBlOop_ZPJ_DKwIa0BViV0dfioXQxIyc0w_4.jpg"",""https://static.yeezyunique.ru/batches/6cb9ff7b-d813-4394-8e73-aeda5d06a8f2/_dlqrSwBlOop_ZPJ_DKwIa0BViV0dfioXQxIyc0w_5.jpg"",""https://static.yeezyunique.ru/batches/6cb9ff7b-d813-4394-8e73-aeda5d06a8f2/_dlqrSwBlOop_ZPJ_DKwIa0BViV0dfioXQxIyc0w_6.jpg"",""https://static.yeezyunique.ru/batches/6cb9ff7b-d813-4394-8e73-aeda5d06a8f2/_dlqrSwBlOop_ZPJ_DKwIa0BViV0dfioXQxIyc0w_7.jpg"",""https://static.yeezyunique.ru/batches/6cb9ff7b-d813-4394-8e73-aeda5d06a8f2/_dlqrSwBlOop_ZPJ_DKwIa0BViV0dfioXQxIyc0w_8.jpg""]";true
_dgBrSCUc1fNn31VbL4I0Ev2af0hvDjoi9f_bqNQ;Hermes Туфли;Классические сандалии Oasis с узнаваемым вырезом в форме буквы H. Модель выполнена из премиальной натуральной телячьей кожи с кожаной стелькой и подошвой из высококачественной итальянской кожи.\n\nРазмеры: 35-42.;38000;rakg8u0bx1y4qcy;nzg3vsvajpiv1e8;mect3or5ztq64fc;Для женщин;"[""https://static.yeezyunique.ru/batches/6cb9ff7b-d813-4394-8e73-aeda5d06a8f2/_dgBrSCUc1fNn31VbL4I0Ev2af0hvDjoi9f_bqNQ_0.jpg"",""https://static.yeezyunique.ru/batches/6cb9ff7b-d813-4394-8e73-aeda5d06a8f2/_dgBrSCUc1fNn31VbL4I0Ev2af0hvDjoi9f_bqNQ_1.jpg"",""https://static.yeezyunique.ru/batches/6cb9ff7b-d813-4394-8e73-aeda5d06a8f2/_dgBrSCUc1fNn31VbL4I0Ev2af0hvDjoi9f_bqNQ_2.jpg"",""https://static.yeezyunique.ru/batches/6cb9ff7b-d813-4394-8e73-aeda5d06a8f2/_dgBrSCUc1fNn31VbL4I0Ev2af0hvDjoi9f_bqNQ_3.jpg"",""https://static.yeezyunique.ru/batches/6cb9ff7b-d813-4394-8e73-aeda5d06a8f2/_dgBrSCUc1fNn31VbL4I0Ev2af0hvDjoi9f_bqNQ_4.jpg"",""https://static.yeezyunique.ru/batches/6cb9ff7b-d813-4394-8e73-aeda5d06a8f2/_dgBrSCUc1fNn31VbL4I0Ev2af0hvDjoi9f_bqNQ_5.jpg"",""https://static.yeezyunique.ru/batches/6cb9ff7b-d813-4394-8e73-aeda5d06a8f2/_dgBrSCUc1fNn31VbL4I0Ev2af0hvDjoi9f_bqNQ_6.jpg"",""https://static.yeezyunique.ru/batches/6cb9ff7b-d813-4394-8e73-aeda5d06a8f2/_dgBrSCUc1fNn31VbL4I0Ev2af0hvDjoi9f_bqNQ_7.jpg"",""https://static.yeezyunique.ru/batches/6cb9ff7b-d813-4394-8e73-aeda5d06a8f2/_dgBrSCUc1fNn31VbL4I0Ev2af0hvDjoi9f_bqNQ_8.jpg""]";true
_diWrSG4Q9H_kWxIuUXpq86T_CgaZKWv_KYh4JsQ;Hermes Туфли;Классические сандалии Oasis с узнаваемым вырезом в форме буквы H. Модель выполнена из премиальной натуральной телячьей кожи с кожаной стелькой и подошвой из высококачественной итальянской кожи.\n\nРазмеры: 35-42.;38000;rakg8u0bx1y4qcy;nzg3vsvajpiv1e8;mect3or5ztq64fc;Для женщин;"[""https://static.yeezyunique.ru/batches/6cb9ff7b-d813-4394-8e73-aeda5d06a8f2/_diWrSG4Q9H_kWxIuUXpq86T_CgaZKWv_KYh4JsQ_0.jpg"",""https://static.yeezyunique.ru/batches/6cb9ff7b-d813-4394-8e73-aeda5d06a8f2/_diWrSG4Q9H_kWxIuUXpq86T_CgaZKWv_KYh4JsQ_1.jpg"",""https://static.yeezyunique.ru/batches/6cb9ff7b-d813-4394-8e73-aeda5d06a8f2/_diWrSG4Q9H_kWxIuUXpq86T_CgaZKWv_KYh4JsQ_2.jpg"",""https://static.yeezyunique.ru/batches/6cb9ff7b-d813-4394-8e73-aeda5d06a8f2/_diWrSG4Q9H_kWxIuUXpq86T_CgaZKWv_KYh4JsQ_3.jpg"",""https://static.yeezyunique.ru/batches/6cb9ff7b-d813-4394-8e73-aeda5d06a8f2/_diWrSG4Q9H_kWxIuUXpq86T_CgaZKWv_KYh4JsQ_4.jpg"",""https://static.yeezyunique.ru/batches/6cb9ff7b-d813-4394-8e73-aeda5d06a8f2/_diWrSG4Q9H_kWxIuUXpq86T_CgaZKWv_KYh4JsQ_5.jpg"",""https://static.yeezyunique.ru/batches/6cb9ff7b-d813-4394-8e73-aeda5d06a8f2/_diWrSG4Q9H_kWxIuUXpq86T_CgaZKWv_KYh4JsQ_6.jpg"",""https://static.yeezyunique.ru/batches/6cb9ff7b-d813-4394-8e73-aeda5d06a8f2/_diWrSG4Q9H_kWxIuUXpq86T_CgaZKWv_KYh4JsQ_7.jpg"",""https://static.yeezyunique.ru/batches/6cb9ff7b-d813-4394-8e73-aeda5d06a8f2/_diWrSG4Q9H_kWxIuUXpq86T_CgaZKWv_KYh4JsQ_8.jpg""]";true
_dknrSfvGSffGgT9TKnw40m4fvl-1g4i7OUr4sYQ;Hermes Туфли;Классические сандалии Oasis с узнаваемым вырезом в форме буквы H. Модель выполнена из премиальной натуральной телячьей кожи с кожаной стелькой и подошвой из высококачественной итальянской кожи.\n\nРазмеры: 35-42.;38000;rakg8u0bx1y4qcy;nzg3vsvajpiv1e8;mect3or5ztq64fc;Для женщин;"[""https://static.yeezyunique.ru/batches/6cb9ff7b-d813-4394-8e73-aeda5d06a8f2/_dknrSfvGSffGgT9TKnw40m4fvl-1g4i7OUr4sYQ_0.jpg"",""https://static.yeezyunique.ru/batches/6cb9ff7b-d813-4394-8e73-aeda5d06a8f2/_dknrSfvGSffGgT9TKnw40m4fvl-1g4i7OUr4sYQ_1.jpg"",""https://static.yeezyunique.ru/batches/6cb9ff7b-d813-4394-8e73-aeda5d06a8f2/_dknrSfvGSffGgT9TKnw40m4fvl-1g4i7OUr4sYQ_2.jpg"",""https://static.yeezyunique.ru/batches/6cb9ff7b-d813-4394-8e73-aeda5d06a8f2/_dknrSfvGSffGgT9TKnw40m4fvl-1g4i7OUr4sYQ_3.jpg"",""https://static.yeezyunique.ru/batches/6cb9ff7b-d813-4394-8e73-aeda5d06a8f2/_dknrSfvGSffGgT9TKnw40m4fvl-1g4i7OUr4sYQ_4.jpg"",""https://static.yeezyunique.ru/batches/6cb9ff7b-d813-4394-8e73-aeda5d06a8f2/_dknrSfvGSffGgT9TKnw40m4fvl-1g4i7OUr4sYQ_5.jpg"",""https://static.yeezyunique.ru/batches/6cb9ff7b-d813-4394-8e73-aeda5d06a8f2/_dknrSfvGSffGgT9TKnw40m4fvl-1g4i7OUr4sYQ_6.jpg"",""https://static.yeezyunique.ru/batches/6cb9ff7b-d813-4394-8e73-aeda5d06a8f2/_dknrSfvGSffGgT9TKnw40m4fvl-1g4i7OUr4sYQ_7.jpg"",""https://static.yeezyunique.ru/batches/6cb9ff7b-d813-4394-8e73-aeda5d06a8f2/_dknrSfvGSffGgT9TKnw40m4fvl-1g4i7OUr4sYQ_8.jpg""]";true
_d9drSpGarFvZx_I8dc8PmY2b1KnskDqX5xRLuZA;Hermes Туфли;Классические сандалии Oasis с узнаваемым вырезом в форме буквы H. Модель выполнена из премиальной натуральной телячьей кожи с кожаной стелькой и подошвой из высококачественной итальянской кожи.\n\nРазмеры: 35-42.;38000;rakg8u0bx1y4qcy;nzg3vsvajpiv1e8;mect3or5ztq64fc;Для женщин;"[""https://static.yeezyunique.ru/batches/6cb9ff7b-d813-4394-8e73-aeda5d06a8f2/_d9drSpGarFvZx_I8dc8PmY2b1KnskDqX5xRLuZA_0.jpg"",""https://static.yeezyunique.ru/batches/6cb9ff7b-d813-4394-8e73-aeda5d06a8f2/_d9drSpGarFvZx_I8dc8PmY2b1KnskDqX5xRLuZA_1.jpg"",""https://static.yeezyunique.ru/batches/6cb9ff7b-d813-4394-8e73-aeda5d06a8f2/_d9drSpGarFvZx_I8dc8PmY2b1KnskDqX5xRLuZA_2.jpg"",""https://static.yeezyunique.ru/batches/6cb9ff7b-d813-4394-8e73-aeda5d06a8f2/_d9drSpGarFvZx_I8dc8PmY2b1KnskDqX5xRLuZA_3.jpg"",""https://static.yeezyunique.ru/batches/6cb9ff7b-d813-4394-8e73-aeda5d06a8f2/_d9drSpGarFvZx_I8dc8PmY2b1KnskDqX5xRLuZA_4.jpg"",""https://static.yeezyunique.ru/batches/6cb9ff7b-d813-4394-8e73-aeda5d06a8f2/_d9drSpGarFvZx_I8dc8PmY2b1KnskDqX5xRLuZA_5.jpg"",""https://static.yeezyunique.ru/batches/6cb9ff7b-d813-4394-8e73-aeda5d06a8f2/_d9drSpGarFvZx_I8dc8PmY2b1KnskDqX5xRLuZA_6.jpg"",""https://static.yeezyunique.ru/batches/6cb9ff7b-d813-4394-8e73-aeda5d06a8f2/_d9drSpGarFvZx_I8dc8PmY2b1KnskDqX5xRLuZA_7.jpg"",""https://static.yeezyunique.ru/batches/6cb9ff7b-d813-4394-8e73-aeda5d06a8f2/_d9drSpGarFvZx_I8dc8PmY2b1KnskDqX5xRLuZA_8.jpg""]";true
_dcdrSIlvx4kmjAtWSfvxY2P94mmCe2PHAB7p11A;Hermes Сандалии;Классические сандалии Oran с узнаваемым вырезом в форме буквы H. Модель выполнена из премиальной натуральной телячьей кожи с кожаной стелькой и подошвой из высококачественной итальянской кожи.\n\nРазмеры: 35-42.;23000;rakg8u0bx1y4qcy;nzg3vsvajpiv1e8;rbf3iprt2z3owjd;Унисекс;"[""https://static.yeezyunique.ru/batches/6cb9ff7b-d813-4394-8e73-aeda5d06a8f2/_dcdrSIlvx4kmjAtWSfvxY2P94mmCe2PHAB7p11A_0.jpg"",""https://static.yeezyunique.ru/batches/6cb9ff7b-d813-4394-8e73-aeda5d06a8f2/_dcdrSIlvx4kmjAtWSfvxY2P94mmCe2PHAB7p11A_1.jpg"",""https://static.yeezyunique.ru/batches/6cb9ff7b-d813-4394-8e73-aeda5d06a8f2/_dcdrSIlvx4kmjAtWSfvxY2P94mmCe2PHAB7p11A_2.jpg"",""https://static.yeezyunique.ru/batches/6cb9ff7b-d813-4394-8e73-aeda5d06a8f2/_dcdrSIlvx4kmjAtWSfvxY2P94mmCe2PHAB7p11A_3.jpg"",""https://static.yeezyunique.ru/batches/6cb9ff7b-d813-4394-8e73-aeda5d06a8f2/_dcdrSIlvx4kmjAtWSfvxY2P94mmCe2PHAB7p11A_4.jpg"",""https://static.yeezyunique.ru/batches/6cb9ff7b-d813-4394-8e73-aeda5d06a8f2/_dcdrSIlvx4kmjAtWSfvxY2P94mmCe2PHAB7p11A_5.jpg"",""https://static.yeezyunique.ru/batches/6cb9ff7b-d813-4394-8e73-aeda5d06a8f2/_dcdrSIlvx4kmjAtWSfvxY2P94mmCe2PHAB7p11A_6.jpg"",""https://static.yeezyunique.ru/batches/6cb9ff7b-d813-4394-8e73-aeda5d06a8f2/_dcdrSIlvx4kmjAtWSfvxY2P94mmCe2PHAB7p11A_7.jpg"",""https://static.yeezyunique.ru/batches/6cb9ff7b-d813-4394-8e73-aeda5d06a8f2/_dcdrSIlvx4kmjAtWSfvxY2P94mmCe2PHAB7p11A_8.jpg""]";true
_dqBrSLgoiKurmHS7Ju9bm70_8fyRicu-Dn_pNnQ;Hermes Сандалии;Классические сандалии Oran с узнаваемым вырезом в форме буквы H. Модель выполнена из премиальной натуральной телячьей кожи с кожаной стелькой и подошвой из высококачественной итальянской кожи.\n\nРазмеры: 35-42.;23000;rakg8u0bx1y4qcy;nzg3vsvajpiv1e8;rbf3iprt2z3owjd;Унисекс;"[""https://static.yeezyunique.ru/batches/6cb9ff7b-d813-4394-8e73-aeda5d06a8f2/_dqBrSLgoiKurmHS7Ju9bm70_8fyRicu-Dn_pNnQ_0.jpg"",""https://static.yeezyunique.ru/batches/6cb9ff7b-d813-4394-8e73-aeda5d06a8f2/_dqBrSLgoiKurmHS7Ju9bm70_8fyRicu-Dn_pNnQ_1.jpg"",""https://static.yeezyunique.ru/batches/6cb9ff7b-d813-4394-8e73-aeda5d06a8f2/_dqBrSLgoiKurmHS7Ju9bm70_8fyRicu-Dn_pNnQ_2.jpg"",""https://static.yeezyunique.ru/batches/6cb9ff7b-d813-4394-8e73-aeda5d06a8f2/_dqBrSLgoiKurmHS7Ju9bm70_8fyRicu-Dn_pNnQ_3.jpg"",""https://static.yeezyunique.ru/batches/6cb9ff7b-d813-4394-8e73-aeda5d06a8f2/_dqBrSLgoiKurmHS7Ju9bm70_8fyRicu-Dn_pNnQ_4.jpg"",""https://static.yeezyunique.ru/batches/6cb9ff7b-d813-4394-8e73-aeda5d06a8f2/_dqBrSLgoiKurmHS7Ju9bm70_8fyRicu-Dn_pNnQ_5.jpg"",""https://static.yeezyunique.ru/batches/6cb9ff7b-d813-4394-8e73-aeda5d06a8f2/_dqBrSLgoiKurmHS7Ju9bm70_8fyRicu-Dn_pNnQ_6.jpg"",""https://static.yeezyunique.ru/batches/6cb9ff7b-d813-4394-8e73-aeda5d06a8f2/_dqBrSLgoiKurmHS7Ju9bm70_8fyRicu-Dn_pNnQ_7.jpg"",""https://static.yeezyunique.ru/batches/6cb9ff7b-d813-4394-8e73-aeda5d06a8f2/_dqBrSLgoiKurmHS7Ju9bm70_8fyRicu-Dn_pNnQ_8.jpg""]";true
_d9_rS6OrjLOlIYiMauDZxyE7eEOCEIo-1DfOE4w;Hermes Сандалии;Классические сандалии Oran с узнаваемым вырезом в форме буквы H. Модель выполнена из премиальной натуральной телячьей кожи с кожаной стелькой и подошвой из высококачественной итальянской кожи.\n\nРазмеры: 35-42.;23000;rakg8u0bx1y4qcy;nzg3vsvajpiv1e8;rbf3iprt2z3owjd;Для женщин;"[""https://static.yeezyunique.ru/batches/6cb9ff7b-d813-4394-8e73-aeda5d06a8f2/_d9_rS6OrjLOlIYiMauDZxyE7eEOCEIo-1DfOE4w_0.jpg"",""https://static.yeezyunique.ru/batches/6cb9ff7b-d813-4394-8e73-aeda5d06a8f2/_d9_rS6OrjLOlIYiMauDZxyE7eEOCEIo-1DfOE4w_1.jpg"",""https://static.yeezyunique.ru/batches/6cb9ff7b-d813-4394-8e73-aeda5d06a8f2/_d9_rS6OrjLOlIYiMauDZxyE7eEOCEIo-1DfOE4w_2.jpg"",""https://static.yeezyunique.ru/batches/6cb9ff7b-d813-4394-8e73-aeda5d06a8f2/_d9_rS6OrjLOlIYiMauDZxyE7eEOCEIo-1DfOE4w_3.jpg"",""https://static.yeezyunique.ru/batches/6cb9ff7b-d813-4394-8e73-aeda5d06a8f2/_d9_rS6OrjLOlIYiMauDZxyE7eEOCEIo-1DfOE4w_4.jpg"",""https://static.yeezyunique.ru/batches/6cb9ff7b-d813-4394-8e73-aeda5d06a8f2/_d9_rS6OrjLOlIYiMauDZxyE7eEOCEIo-1DfOE4w_5.jpg"",""https://static.yeezyunique.ru/batches/6cb9ff7b-d813-4394-8e73-aeda5d06a8f2/_d9_rS6OrjLOlIYiMauDZxyE7eEOCEIo-1DfOE4w_6.jpg"",""https://static.yeezyunique.ru/batches/6cb9ff7b-d813-4394-8e73-aeda5d06a8f2/_d9_rS6OrjLOlIYiMauDZxyE7eEOCEIo-1DfOE4w_7.jpg"",""https://static.yeezyunique.ru/batches/6cb9ff7b-d813-4394-8e73-aeda5d06a8f2/_d9_rS6OrjLOlIYiMauDZxyE7eEOCEIo-1DfOE4w_8.jpg""]";true
_da4rSPn6kQnJ11SYZ3v6uw2VS_gyiTx6tl5Wx8A;Hermes Сандалии;Классические сандалии Oran с узнаваемым вырезом в форме буквы H. Модель выполнена из премиальной натуральной телячьей кожи с кожаной стелькой и подошвой из высококачественной итальянской кожи.\n\nРазмеры: 35-42.;23000;rakg8u0bx1y4qcy;nzg3vsvajpiv1e8;rbf3iprt2z3owjd;Для женщин;"[""https://static.yeezyunique.ru/batches/6cb9ff7b-d813-4394-8e73-aeda5d06a8f2/_da4rSPn6kQnJ11SYZ3v6uw2VS_gyiTx6tl5Wx8A_0.jpg"",""https://static.yeezyunique.ru/batches/6cb9ff7b-d813-4394-8e73-aeda5d06a8f2/_da4rSPn6kQnJ11SYZ3v6uw2VS_gyiTx6tl5Wx8A_1.jpg"",""https://static.yeezyunique.ru/batches/6cb9ff7b-d813-4394-8e73-aeda5d06a8f2/_da4rSPn6kQnJ11SYZ3v6uw2VS_gyiTx6tl5Wx8A_2.jpg"",""https://static.yeezyunique.ru/batches/6cb9ff7b-d813-4394-8e73-aeda5d06a8f2/_da4rSPn6kQnJ11SYZ3v6uw2VS_gyiTx6tl5Wx8A_3.jpg"",""https://static.yeezyunique.ru/batches/6cb9ff7b-d813-4394-8e73-aeda5d06a8f2/_da4rSPn6kQnJ11SYZ3v6uw2VS_gyiTx6tl5Wx8A_4.jpg"",""https://static.yeezyunique.ru/batches/6cb9ff7b-d813-4394-8e73-aeda5d06a8f2/_da4rSPn6kQnJ11SYZ3v6uw2VS_gyiTx6tl5Wx8A_5.jpg"",""https://static.yeezyunique.ru/batches/6cb9ff7b-d813-4394-8e73-aeda5d06a8f2/_da4rSPn6kQnJ11SYZ3v6uw2VS_gyiTx6tl5Wx8A_6.jpg"",""https://static.yeezyunique.ru/batches/6cb9ff7b-d813-4394-8e73-aeda5d06a8f2/_da4rSPn6kQnJ11SYZ3v6uw2VS_gyiTx6tl5Wx8A_7.jpg"",""https://static.yeezyunique.ru/batches/6cb9ff7b-d813-4394-8e73-aeda5d06a8f2/_da4rSPn6kQnJ11SYZ3v6uw2VS_gyiTx6tl5Wx8A_8.jpg""]";true
_dZfrS-29NKyPu4KcuMZ1Ykw80MnFFfTcT13COTw;Hermes Сандалии;Классические сандалии Oran с узнаваемым вырезом в форме буквы H. Модель выполнена из премиальной натуральной телячьей кожи с кожаной стелькой и подошвой из высококачественной итальянской кожи.\n\nРазмеры: 35-42.;23000;rakg8u0bx1y4qcy;nzg3vsvajpiv1e8;rbf3iprt2z3owjd;Для женщин;"[""https://static.yeezyunique.ru/batches/6cb9ff7b-d813-4394-8e73-aeda5d06a8f2/_dZfrS-29NKyPu4KcuMZ1Ykw80MnFFfTcT13COTw_0.jpg"",""https://static.yeezyunique.ru/batches/6cb9ff7b-d813-4394-8e73-aeda5d06a8f2/_dZfrS-29NKyPu4KcuMZ1Ykw80MnFFfTcT13COTw_1.jpg"",""https://static.yeezyunique.ru/batches/6cb9ff7b-d813-4394-8e73-aeda5d06a8f2/_dZfrS-29NKyPu4KcuMZ1Ykw80MnFFfTcT13COTw_2.jpg"",""https://static.yeezyunique.ru/batches/6cb9ff7b-d813-4394-8e73-aeda5d06a8f2/_dZfrS-29NKyPu4KcuMZ1Ykw80MnFFfTcT13COTw_3.jpg"",""https://static.yeezyunique.ru/batches/6cb9ff7b-d813-4394-8e73-aeda5d06a8f2/_dZfrS-29NKyPu4KcuMZ1Ykw80MnFFfTcT13COTw_4.jpg"",""https://static.yeezyunique.ru/batches/6cb9ff7b-d813-4394-8e73-aeda5d06a8f2/_dZfrS-29NKyPu4KcuMZ1Ykw80MnFFfTcT13COTw_5.jpg"",""https://static.yeezyunique.ru/batches/6cb9ff7b-d813-4394-8e73-aeda5d06a8f2/_dZfrS-29NKyPu4KcuMZ1Ykw80MnFFfTcT13COTw_6.jpg"",""https://static.yeezyunique.ru/batches/6cb9ff7b-d813-4394-8e73-aeda5d06a8f2/_dZfrS-29NKyPu4KcuMZ1Ykw80MnFFfTcT13COTw_7.jpg"",""https://static.yeezyunique.ru/batches/6cb9ff7b-d813-4394-8e73-aeda5d06a8f2/_dZfrS-29NKyPu4KcuMZ1Ykw80MnFFfTcT13COTw_8.jpg""]";true
_dqwrStehTxi1XsNkEpOLfQ7evyUvMlcBuWGxmGQ;Hermes Сандалии;Классические сандалии Oran с узнаваемым вырезом в форме буквы H. Модель выполнена из премиальной натуральной телячьей кожи с кожаной стелькой и подошвой из высококачественной итальянской кожи.\n\nРазмеры: 35-42.;23000;rakg8u0bx1y4qcy;nzg3vsvajpiv1e8;rbf3iprt2z3owjd;Унисекс;"[""https://static.yeezyunique.ru/batches/6cb9ff7b-d813-4394-8e73-aeda5d06a8f2/_dqwrStehTxi1XsNkEpOLfQ7evyUvMlcBuWGxmGQ_0.jpg"",""https://static.yeezyunique.ru/batches/6cb9ff7b-d813-4394-8e73-aeda5d06a8f2/_dqwrStehTxi1XsNkEpOLfQ7evyUvMlcBuWGxmGQ_1.jpg"",""https://static.yeezyunique.ru/batches/6cb9ff7b-d813-4394-8e73-aeda5d06a8f2/_dqwrStehTxi1XsNkEpOLfQ7evyUvMlcBuWGxmGQ_2.jpg"",""https://static.yeezyunique.ru/batches/6cb9ff7b-d813-4394-8e73-aeda5d06a8f2/_dqwrStehTxi1XsNkEpOLfQ7evyUvMlcBuWGxmGQ_3.jpg"",""https://static.yeezyunique.ru/batches/6cb9ff7b-d813-4394-8e73-aeda5d06a8f2/_dqwrStehTxi1XsNkEpOLfQ7evyUvMlcBuWGxmGQ_4.jpg"",""https://static.yeezyunique.ru/batches/6cb9ff7b-d813-4394-8e73-aeda5d06a8f2/_dqwrStehTxi1XsNkEpOLfQ7evyUvMlcBuWGxmGQ_5.jpg"",""https://static.yeezyunique.ru/batches/6cb9ff7b-d813-4394-8e73-aeda5d06a8f2/_dqwrStehTxi1XsNkEpOLfQ7evyUvMlcBuWGxmGQ_6.jpg"",""https://static.yeezyunique.ru/batches/6cb9ff7b-d813-4394-8e73-aeda5d06a8f2/_dqwrStehTxi1XsNkEpOLfQ7evyUvMlcBuWGxmGQ_7.jpg"",""https://static.yeezyunique.ru/batches/6cb9ff7b-d813-4394-8e73-aeda5d06a8f2/_dqwrStehTxi1XsNkEpOLfQ7evyUvMlcBuWGxmGQ_8.jpg""]";true
_dVarSBXlM5ZfMlga69tam9dzJcXh9SsmZCQckqw;Hermes Сандалии;Классические сандалии Oran с узнаваемым вырезом в форме буквы H. Модель выполнена из премиальной натуральной телячьей кожи с кожаной стелькой и подошвой из высококачественной итальянской кожи.\n\nРазмеры: 35-42.;23000;rakg8u0bx1y4qcy;nzg3vsvajpiv1e8;rbf3iprt2z3owjd;Унисекс;"[""https://static.yeezyunique.ru/batches/6cb9ff7b-d813-4394-8e73-aeda5d06a8f2/_dVarSBXlM5ZfMlga69tam9dzJcXh9SsmZCQckqw_0.jpg"",""https://static.yeezyunique.ru/batches/6cb9ff7b-d813-4394-8e73-aeda5d06a8f2/_dVarSBXlM5ZfMlga69tam9dzJcXh9SsmZCQckqw_1.jpg"",""https://static.yeezyunique.ru/batches/6cb9ff7b-d813-4394-8e73-aeda5d06a8f2/_dVarSBXlM5ZfMlga69tam9dzJcXh9SsmZCQckqw_2.jpg"",""https://static.yeezyunique.ru/batches/6cb9ff7b-d813-4394-8e73-aeda5d06a8f2/_dVarSBXlM5ZfMlga69tam9dzJcXh9SsmZCQckqw_3.jpg"",""https://static.yeezyunique.ru/batches/6cb9ff7b-d813-4394-8e73-aeda5d06a8f2/_dVarSBXlM5ZfMlga69tam9dzJcXh9SsmZCQckqw_4.jpg"",""https://static.yeezyunique.ru/batches/6cb9ff7b-d813-4394-8e73-aeda5d06a8f2/_dVarSBXlM5ZfMlga69tam9dzJcXh9SsmZCQckqw_5.jpg"",""https://static.yeezyunique.ru/batches/6cb9ff7b-d813-4394-8e73-aeda5d06a8f2/_dVarSBXlM5ZfMlga69tam9dzJcXh9SsmZCQckqw_6.jpg"",""https://static.yeezyunique.ru/batches/6cb9ff7b-d813-4394-8e73-aeda5d06a8f2/_dVarSBXlM5ZfMlga69tam9dzJcXh9SsmZCQckqw_7.jpg"",""https://static.yeezyunique.ru/batches/6cb9ff7b-d813-4394-8e73-aeda5d06a8f2/_dVarSBXlM5ZfMlga69tam9dzJcXh9SsmZCQckqw_8.jpg""]";true
_dMBrSxawpVtf0owS2XIkugUahNEzkjrsKU3qwjg;Hermes Сандалии;Классические сандалии Oran с узнаваемым вырезом в форме буквы H. Модель выполнена из премиальной натуральной телячьей кожи с кожаной стелькой и подошвой из высококачественной итальянской кожи.\n\nРазмеры: 35-42.;23000;rakg8u0bx1y4qcy;nzg3vsvajpiv1e8;rbf3iprt2z3owjd;Унисекс;"[""https://static.yeezyunique.ru/batches/6cb9ff7b-d813-4394-8e73-aeda5d06a8f2/_dMBrSxawpVtf0owS2XIkugUahNEzkjrsKU3qwjg_0.jpg"",""https://static.yeezyunique.ru/batches/6cb9ff7b-d813-4394-8e73-aeda5d06a8f2/_dMBrSxawpVtf0owS2XIkugUahNEzkjrsKU3qwjg_1.jpg"",""https://static.yeezyunique.ru/batches/6cb9ff7b-d813-4394-8e73-aeda5d06a8f2/_dMBrSxawpVtf0owS2XIkugUahNEzkjrsKU3qwjg_2.jpg"",""https://static.yeezyunique.ru/batches/6cb9ff7b-d813-4394-8e73-aeda5d06a8f2/_dMBrSxawpVtf0owS2XIkugUahNEzkjrsKU3qwjg_3.jpg"",""https://static.yeezyunique.ru/batches/6cb9ff7b-d813-4394-8e73-aeda5d06a8f2/_dMBrSxawpVtf0owS2XIkugUahNEzkjrsKU3qwjg_4.jpg"",""https://static.yeezyunique.ru/batches/6cb9ff7b-d813-4394-8e73-aeda5d06a8f2/_dMBrSxawpVtf0owS2XIkugUahNEzkjrsKU3qwjg_5.jpg"",""https://static.yeezyunique.ru/batches/6cb9ff7b-d813-4394-8e73-aeda5d06a8f2/_dMBrSxawpVtf0owS2XIkugUahNEzkjrsKU3qwjg_6.jpg"",""https://static.yeezyunique.ru/batches/6cb9ff7b-d813-4394-8e73-aeda5d06a8f2/_dMBrSxawpVtf0owS2XIkugUahNEzkjrsKU3qwjg_7.jpg"",""https://static.yeezyunique.ru/batches/6cb9ff7b-d813-4394-8e73-aeda5d06a8f2/_dMBrSxawpVtf0owS2XIkugUahNEzkjrsKU3qwjg_8.jpg""]";true
_dq1rSAS8reTktJFr4NwcZLcih4FIIYWIG93iPuQ;Hermes Сандалии;Классические сандалии Oran с узнаваемым вырезом в форме буквы H. Модель выполнена из премиальной натуральной телячьей кожи с кожаной стелькой и подошвой из высококачественной итальянской кожи.\n\nРазмеры: 35-42.;23000;rakg8u0bx1y4qcy;nzg3vsvajpiv1e8;rbf3iprt2z3owjd;Унисекс;"[""https://static.yeezyunique.ru/batches/6cb9ff7b-d813-4394-8e73-aeda5d06a8f2/_dq1rSAS8reTktJFr4NwcZLcih4FIIYWIG93iPuQ_0.jpg"",""https://static.yeezyunique.ru/batches/6cb9ff7b-d813-4394-8e73-aeda5d06a8f2/_dq1rSAS8reTktJFr4NwcZLcih4FIIYWIG93iPuQ_1.jpg"",""https://static.yeezyunique.ru/batches/6cb9ff7b-d813-4394-8e73-aeda5d06a8f2/_dq1rSAS8reTktJFr4NwcZLcih4FIIYWIG93iPuQ_2.jpg"",""https://static.yeezyunique.ru/batches/6cb9ff7b-d813-4394-8e73-aeda5d06a8f2/_dq1rSAS8reTktJFr4NwcZLcih4FIIYWIG93iPuQ_3.jpg"",""https://static.yeezyunique.ru/batches/6cb9ff7b-d813-4394-8e73-aeda5d06a8f2/_dq1rSAS8reTktJFr4NwcZLcih4FIIYWIG93iPuQ_4.jpg"",""https://static.yeezyunique.ru/batches/6cb9ff7b-d813-4394-8e73-aeda5d06a8f2/_dq1rSAS8reTktJFr4NwcZLcih4FIIYWIG93iPuQ_5.jpg"",""https://static.yeezyunique.ru/batches/6cb9ff7b-d813-4394-8e73-aeda5d06a8f2/_dq1rSAS8reTktJFr4NwcZLcih4FIIYWIG93iPuQ_6.jpg"",""https://static.yeezyunique.ru/batches/6cb9ff7b-d813-4394-8e73-aeda5d06a8f2/_dq1rSAS8reTktJFr4NwcZLcih4FIIYWIG93iPuQ_7.jpg"",""https://static.yeezyunique.ru/batches/6cb9ff7b-d813-4394-8e73-aeda5d06a8f2/_dq1rSAS8reTktJFr4NwcZLcih4FIIYWIG93iPuQ_8.jpg""]";true
_d92rSFJHlMOuaSjIZorRWEUhhAhDqJ13mudWw5A;Hermes Сандалии;Классические сандалии Oran с узнаваемым вырезом в форме буквы H. Модель выполнена из премиальной натуральной телячьей кожи с кожаной стелькой и подошвой из высококачественной итальянской кожи.\n\nРазмеры: 35-42.;23000;rakg8u0bx1y4qcy;nzg3vsvajpiv1e8;rbf3iprt2z3owjd;Для женщин;"[""https://static.yeezyunique.ru/batches/6cb9ff7b-d813-4394-8e73-aeda5d06a8f2/_d92rSFJHlMOuaSjIZorRWEUhhAhDqJ13mudWw5A_0.jpg"",""https://static.yeezyunique.ru/batches/6cb9ff7b-d813-4394-8e73-aeda5d06a8f2/_d92rSFJHlMOuaSjIZorRWEUhhAhDqJ13mudWw5A_1.jpg"",""https://static.yeezyunique.ru/batches/6cb9ff7b-d813-4394-8e73-aeda5d06a8f2/_d92rSFJHlMOuaSjIZorRWEUhhAhDqJ13mudWw5A_2.jpg"",""https://static.yeezyunique.ru/batches/6cb9ff7b-d813-4394-8e73-aeda5d06a8f2/_d92rSFJHlMOuaSjIZorRWEUhhAhDqJ13mudWw5A_3.jpg"",""https://static.yeezyunique.ru/batches/6cb9ff7b-d813-4394-8e73-aeda5d06a8f2/_d92rSFJHlMOuaSjIZorRWEUhhAhDqJ13mudWw5A_4.jpg"",""https://static.yeezyunique.ru/batches/6cb9ff7b-d813-4394-8e73-aeda5d06a8f2/_d92rSFJHlMOuaSjIZorRWEUhhAhDqJ13mudWw5A_5.jpg"",""https://static.yeezyunique.ru/batches/6cb9ff7b-d813-4394-8e73-aeda5d06a8f2/_d92rSFJHlMOuaSjIZorRWEUhhAhDqJ13mudWw5A_6.jpg"",""https://static.yeezyunique.ru/batches/6cb9ff7b-d813-4394-8e73-aeda5d06a8f2/_d92rSFJHlMOuaSjIZorRWEUhhAhDqJ13mudWw5A_7.jpg"",""https://static.yeezyunique.ru/batches/6cb9ff7b-d813-4394-8e73-aeda5d06a8f2/_d92rSFJHlMOuaSjIZorRWEUhhAhDqJ13mudWw5A_8.jpg""]";true
_dqTrSJjjTBNZJMFalQjrpBiUPCx9AZhJSaL33mA;Hermes Сандалии;Классические сандалии Oran с узнаваемым вырезом в форме буквы H. Модель выполнена из премиальной натуральной телячьей кожи с кожаной стелькой и подошвой из высококачественной итальянской кожи.\n\nРазмеры: 35-42.;23000;rakg8u0bx1y4qcy;nzg3vsvajpiv1e8;rbf3iprt2z3owjd;Унисекс;"[""https://static.yeezyunique.ru/batches/6cb9ff7b-d813-4394-8e73-aeda5d06a8f2/_dqTrSJjjTBNZJMFalQjrpBiUPCx9AZhJSaL33mA_0.jpg"",""https://static.yeezyunique.ru/batches/6cb9ff7b-d813-4394-8e73-aeda5d06a8f2/_dqTrSJjjTBNZJMFalQjrpBiUPCx9AZhJSaL33mA_1.jpg"",""https://static.yeezyunique.ru/batches/6cb9ff7b-d813-4394-8e73-aeda5d06a8f2/_dqTrSJjjTBNZJMFalQjrpBiUPCx9AZhJSaL33mA_2.jpg"",""https://static.yeezyunique.ru/batches/6cb9ff7b-d813-4394-8e73-aeda5d06a8f2/_dqTrSJjjTBNZJMFalQjrpBiUPCx9AZhJSaL33mA_3.jpg"",""https://static.yeezyunique.ru/batches/6cb9ff7b-d813-4394-8e73-aeda5d06a8f2/_dqTrSJjjTBNZJMFalQjrpBiUPCx9AZhJSaL33mA_4.jpg"",""https://static.yeezyunique.ru/batches/6cb9ff7b-d813-4394-8e73-aeda5d06a8f2/_dqTrSJjjTBNZJMFalQjrpBiUPCx9AZhJSaL33mA_5.jpg"",""https://static.yeezyunique.ru/batches/6cb9ff7b-d813-4394-8e73-aeda5d06a8f2/_dqTrSJjjTBNZJMFalQjrpBiUPCx9AZhJSaL33mA_6.jpg"",""https://static.yeezyunique.ru/batches/6cb9ff7b-d813-4394-8e73-aeda5d06a8f2/_dqTrSJjjTBNZJMFalQjrpBiUPCx9AZhJSaL33mA_7.jpg"",""https://static.yeezyunique.ru/batches/6cb9ff7b-d813-4394-8e73-aeda5d06a8f2/_dqTrSJjjTBNZJMFalQjrpBiUPCx9AZhJSaL33mA_8.jpg""]";true
_dDurSN3k-MYV7DYiE-Ns-nM5v9uEKmk4u6ZtQYw;Hermes Сандалии;Классические сандалии Oran с узнаваемым вырезом в форме буквы H. Модель выполнена из премиальной натуральной телячьей кожи с кожаной стелькой и подошвой из высококачественной итальянской кожи.\n\nРазмеры: 35-42.;23000;rakg8u0bx1y4qcy;nzg3vsvajpiv1e8;rbf3iprt2z3owjd;Унисекс;"[""https://static.yeezyunique.ru/batches/6cb9ff7b-d813-4394-8e73-aeda5d06a8f2/_dDurSN3k-MYV7DYiE-Ns-nM5v9uEKmk4u6ZtQYw_0.jpg"",""https://static.yeezyunique.ru/batches/6cb9ff7b-d813-4394-8e73-aeda5d06a8f2/_dDurSN3k-MYV7DYiE-Ns-nM5v9uEKmk4u6ZtQYw_1.jpg"",""https://static.yeezyunique.ru/batches/6cb9ff7b-d813-4394-8e73-aeda5d06a8f2/_dDurSN3k-MYV7DYiE-Ns-nM5v9uEKmk4u6ZtQYw_2.jpg"",""https://static.yeezyunique.ru/batches/6cb9ff7b-d813-4394-8e73-aeda5d06a8f2/_dDurSN3k-MYV7DYiE-Ns-nM5v9uEKmk4u6ZtQYw_3.jpg"",""https://static.yeezyunique.ru/batches/6cb9ff7b-d813-4394-8e73-aeda5d06a8f2/_dDurSN3k-MYV7DYiE-Ns-nM5v9uEKmk4u6ZtQYw_4.jpg"",""https://static.yeezyunique.ru/batches/6cb9ff7b-d813-4394-8e73-aeda5d06a8f2/_dDurSN3k-MYV7DYiE-Ns-nM5v9uEKmk4u6ZtQYw_5.jpg"",""https://static.yeezyunique.ru/batches/6cb9ff7b-d813-4394-8e73-aeda5d06a8f2/_dDurSN3k-MYV7DYiE-Ns-nM5v9uEKmk4u6ZtQYw_6.jpg"",""https://static.yeezyunique.ru/batches/6cb9ff7b-d813-4394-8e73-aeda5d06a8f2/_dDurSN3k-MYV7DYiE-Ns-nM5v9uEKmk4u6ZtQYw_7.jpg"",""https://static.yeezyunique.ru/batches/6cb9ff7b-d813-4394-8e73-aeda5d06a8f2/_dDurSN3k-MYV7DYiE-Ns-nM5v9uEKmk4u6ZtQYw_8.jpg""]";true
_dhZrSIrJzMA8bPHJAh3fm2P2m3c1eEbzKJtughw;Hermes Сандалии;Классические сандалии Oran с узнаваемым вырезом в форме буквы H. Модель выполнена из премиальной натуральной телячьей кожи с кожаной стелькой и подошвой из высококачественной итальянской кожи.\n\nРазмеры: 35-42.;23000;rakg8u0bx1y4qcy;nzg3vsvajpiv1e8;rbf3iprt2z3owjd;Унисекс;"[""https://static.yeezyunique.ru/batches/6cb9ff7b-d813-4394-8e73-aeda5d06a8f2/_dhZrSIrJzMA8bPHJAh3fm2P2m3c1eEbzKJtughw_0.jpg"",""https://static.yeezyunique.ru/batches/6cb9ff7b-d813-4394-8e73-aeda5d06a8f2/_dhZrSIrJzMA8bPHJAh3fm2P2m3c1eEbzKJtughw_1.jpg"",""https://static.yeezyunique.ru/batches/6cb9ff7b-d813-4394-8e73-aeda5d06a8f2/_dhZrSIrJzMA8bPHJAh3fm2P2m3c1eEbzKJtughw_2.jpg"",""https://static.yeezyunique.ru/batches/6cb9ff7b-d813-4394-8e73-aeda5d06a8f2/_dhZrSIrJzMA8bPHJAh3fm2P2m3c1eEbzKJtughw_3.jpg"",""https://static.yeezyunique.ru/batches/6cb9ff7b-d813-4394-8e73-aeda5d06a8f2/_dhZrSIrJzMA8bPHJAh3fm2P2m3c1eEbzKJtughw_4.jpg"",""https://static.yeezyunique.ru/batches/6cb9ff7b-d813-4394-8e73-aeda5d06a8f2/_dhZrSIrJzMA8bPHJAh3fm2P2m3c1eEbzKJtughw_5.jpg"",""https://static.yeezyunique.ru/batches/6cb9ff7b-d813-4394-8e73-aeda5d06a8f2/_dhZrSIrJzMA8bPHJAh3fm2P2m3c1eEbzKJtughw_6.jpg"",""https://static.yeezyunique.ru/batches/6cb9ff7b-d813-4394-8e73-aeda5d06a8f2/_dhZrSIrJzMA8bPHJAh3fm2P2m3c1eEbzKJtughw_7.jpg"",""https://static.yeezyunique.ru/batches/6cb9ff7b-d813-4394-8e73-aeda5d06a8f2/_dhZrSIrJzMA8bPHJAh3fm2P2m3c1eEbzKJtughw_8.jpg""]";true
_daKrSCUQEPZd53Lk6FlY_5ggqrnCwN-DJ99rbiA;Hermes Сандалии;Классические сандалии Oran с узнаваемым вырезом в форме буквы H. Модель выполнена из премиальной натуральной телячьей кожи с кожаной стелькой и подошвой из высококачественной итальянской кожи.\n\nРазмеры: 35-42.;23000;rakg8u0bx1y4qcy;nzg3vsvajpiv1e8;rbf3iprt2z3owjd;Унисекс;"[""https://static.yeezyunique.ru/batches/6cb9ff7b-d813-4394-8e73-aeda5d06a8f2/_daKrSCUQEPZd53Lk6FlY_5ggqrnCwN-DJ99rbiA_0.jpg"",""https://static.yeezyunique.ru/batches/6cb9ff7b-d813-4394-8e73-aeda5d06a8f2/_daKrSCUQEPZd53Lk6FlY_5ggqrnCwN-DJ99rbiA_1.jpg"",""https://static.yeezyunique.ru/batches/6cb9ff7b-d813-4394-8e73-aeda5d06a8f2/_daKrSCUQEPZd53Lk6FlY_5ggqrnCwN-DJ99rbiA_2.jpg"",""https://static.yeezyunique.ru/batches/6cb9ff7b-d813-4394-8e73-aeda5d06a8f2/_daKrSCUQEPZd53Lk6FlY_5ggqrnCwN-DJ99rbiA_3.jpg"",""https://static.yeezyunique.ru/batches/6cb9ff7b-d813-4394-8e73-aeda5d06a8f2/_daKrSCUQEPZd53Lk6FlY_5ggqrnCwN-DJ99rbiA_4.jpg"",""https://static.yeezyunique.ru/batches/6cb9ff7b-d813-4394-8e73-aeda5d06a8f2/_daKrSCUQEPZd53Lk6FlY_5ggqrnCwN-DJ99rbiA_5.jpg"",""https://static.yeezyunique.ru/batches/6cb9ff7b-d813-4394-8e73-aeda5d06a8f2/_daKrSCUQEPZd53Lk6FlY_5ggqrnCwN-DJ99rbiA_6.jpg"",""https://static.yeezyunique.ru/batches/6cb9ff7b-d813-4394-8e73-aeda5d06a8f2/_daKrSCUQEPZd53Lk6FlY_5ggqrnCwN-DJ99rbiA_7.jpg"",""https://static.yeezyunique.ru/batches/6cb9ff7b-d813-4394-8e73-aeda5d06a8f2/_daKrSCUQEPZd53Lk6FlY_5ggqrnCwN-DJ99rbiA_8.jpg""]";true
_doMrSQFnIHe0-hnd8EO9_xBNQ_w0mKMkk2xdyNQ;Hermes Сандалии;Классические сандалии Oran с узнаваемым вырезом в форме буквы H. Модель выполнена из премиальной натуральной телячьей кожи с кожаной стелькой и подошвой из высококачественной итальянской кожи.\n\nРазмеры: 35-42.;23000;rakg8u0bx1y4qcy;nzg3vsvajpiv1e8;rbf3iprt2z3owjd;Для женщин;"[""https://static.yeezyunique.ru/batches/6cb9ff7b-d813-4394-8e73-aeda5d06a8f2/_doMrSQFnIHe0-hnd8EO9_xBNQ_w0mKMkk2xdyNQ_0.jpg"",""https://static.yeezyunique.ru/batches/6cb9ff7b-d813-4394-8e73-aeda5d06a8f2/_doMrSQFnIHe0-hnd8EO9_xBNQ_w0mKMkk2xdyNQ_1.jpg"",""https://static.yeezyunique.ru/batches/6cb9ff7b-d813-4394-8e73-aeda5d06a8f2/_doMrSQFnIHe0-hnd8EO9_xBNQ_w0mKMkk2xdyNQ_2.jpg"",""https://static.yeezyunique.ru/batches/6cb9ff7b-d813-4394-8e73-aeda5d06a8f2/_doMrSQFnIHe0-hnd8EO9_xBNQ_w0mKMkk2xdyNQ_3.jpg"",""https://static.yeezyunique.ru/batches/6cb9ff7b-d813-4394-8e73-aeda5d06a8f2/_doMrSQFnIHe0-hnd8EO9_xBNQ_w0mKMkk2xdyNQ_4.jpg"",""https://static.yeezyunique.ru/batches/6cb9ff7b-d813-4394-8e73-aeda5d06a8f2/_doMrSQFnIHe0-hnd8EO9_xBNQ_w0mKMkk2xdyNQ_5.jpg"",""https://static.yeezyunique.ru/batches/6cb9ff7b-d813-4394-8e73-aeda5d06a8f2/_doMrSQFnIHe0-hnd8EO9_xBNQ_w0mKMkk2xdyNQ_6.jpg"",""https://static.yeezyunique.ru/batches/6cb9ff7b-d813-4394-8e73-aeda5d06a8f2/_doMrSQFnIHe0-hnd8EO9_xBNQ_w0mKMkk2xdyNQ_7.jpg"",""https://static.yeezyunique.ru/batches/6cb9ff7b-d813-4394-8e73-aeda5d06a8f2/_doMrSQFnIHe0-hnd8EO9_xBNQ_w0mKMkk2xdyNQ_8.jpg""]";true
_duCrSfpm42p-ZZWrYaED0Aa7ZfMOjrq5YH90a3Q;Hermes Сандалии;Классические сандалии Oran с узнаваемым вырезом в форме буквы H. Модель выполнена из премиальной натуральной телячьей кожи с кожаной стелькой и подошвой из высококачественной итальянской кожи.\n\nРазмеры: 35-42.;23000;rakg8u0bx1y4qcy;nzg3vsvajpiv1e8;rbf3iprt2z3owjd;Унисекс;"[""https://static.yeezyunique.ru/batches/6cb9ff7b-d813-4394-8e73-aeda5d06a8f2/_duCrSfpm42p-ZZWrYaED0Aa7ZfMOjrq5YH90a3Q_0.jpg"",""https://static.yeezyunique.ru/batches/6cb9ff7b-d813-4394-8e73-aeda5d06a8f2/_duCrSfpm42p-ZZWrYaED0Aa7ZfMOjrq5YH90a3Q_1.jpg"",""https://static.yeezyunique.ru/batches/6cb9ff7b-d813-4394-8e73-aeda5d06a8f2/_duCrSfpm42p-ZZWrYaED0Aa7ZfMOjrq5YH90a3Q_2.jpg"",""https://static.yeezyunique.ru/batches/6cb9ff7b-d813-4394-8e73-aeda5d06a8f2/_duCrSfpm42p-ZZWrYaED0Aa7ZfMOjrq5YH90a3Q_3.jpg"",""https://static.yeezyunique.ru/batches/6cb9ff7b-d813-4394-8e73-aeda5d06a8f2/_duCrSfpm42p-ZZWrYaED0Aa7ZfMOjrq5YH90a3Q_4.jpg"",""https://static.yeezyunique.ru/batches/6cb9ff7b-d813-4394-8e73-aeda5d06a8f2/_duCrSfpm42p-ZZWrYaED0Aa7ZfMOjrq5YH90a3Q_5.jpg"",""https://static.yeezyunique.ru/batches/6cb9ff7b-d813-4394-8e73-aeda5d06a8f2/_duCrSfpm42p-ZZWrYaED0Aa7ZfMOjrq5YH90a3Q_6.jpg"",""https://static.yeezyunique.ru/batches/6cb9ff7b-d813-4394-8e73-aeda5d06a8f2/_duCrSfpm42p-ZZWrYaED0Aa7ZfMOjrq5YH90a3Q_7.jpg"",""https://static.yeezyunique.ru/batches/6cb9ff7b-d813-4394-8e73-aeda5d06a8f2/_duCrSfpm42p-ZZWrYaED0Aa7ZfMOjrq5YH90a3Q_8.jpg""]";true
_dvzrSKCELR2W-Eg8EnJobWZ1N1wH99qJWWxBFqw;Hermes Сандалии;Классические сандалии Oran с узнаваемым вырезом в форме буквы H. Модель выполнена из премиальной натуральной телячьей кожи с кожаной стелькой и подошвой из высококачественной итальянской кожи.\n\nРазмеры: 35-42.;23000;rakg8u0bx1y4qcy;nzg3vsvajpiv1e8;rbf3iprt2z3owjd;Унисекс;"[""https://static.yeezyunique.ru/batches/6cb9ff7b-d813-4394-8e73-aeda5d06a8f2/_dvzrSKCELR2W-Eg8EnJobWZ1N1wH99qJWWxBFqw_0.jpg"",""https://static.yeezyunique.ru/batches/6cb9ff7b-d813-4394-8e73-aeda5d06a8f2/_dvzrSKCELR2W-Eg8EnJobWZ1N1wH99qJWWxBFqw_1.jpg"",""https://static.yeezyunique.ru/batches/6cb9ff7b-d813-4394-8e73-aeda5d06a8f2/_dvzrSKCELR2W-Eg8EnJobWZ1N1wH99qJWWxBFqw_2.jpg"",""https://static.yeezyunique.ru/batches/6cb9ff7b-d813-4394-8e73-aeda5d06a8f2/_dvzrSKCELR2W-Eg8EnJobWZ1N1wH99qJWWxBFqw_3.jpg"",""https://static.yeezyunique.ru/batches/6cb9ff7b-d813-4394-8e73-aeda5d06a8f2/_dvzrSKCELR2W-Eg8EnJobWZ1N1wH99qJWWxBFqw_4.jpg"",""https://static.yeezyunique.ru/batches/6cb9ff7b-d813-4394-8e73-aeda5d06a8f2/_dvzrSKCELR2W-Eg8EnJobWZ1N1wH99qJWWxBFqw_5.jpg"",""https://static.yeezyunique.ru/batches/6cb9ff7b-d813-4394-8e73-aeda5d06a8f2/_dvzrSKCELR2W-Eg8EnJobWZ1N1wH99qJWWxBFqw_6.jpg"",""https://static.yeezyunique.ru/batches/6cb9ff7b-d813-4394-8e73-aeda5d06a8f2/_dvzrSKCELR2W-Eg8EnJobWZ1N1wH99qJWWxBFqw_7.jpg"",""https://static.yeezyunique.ru/batches/6cb9ff7b-d813-4394-8e73-aeda5d06a8f2/_dvzrSKCELR2W-Eg8EnJobWZ1N1wH99qJWWxBFqw_8.jpg""]";true
_dvjrSa0sRBsu_kLVUJnmAlDtf2YKdqJC7CeO5cw;Hermes Сандалии;Классические сандалии Oran с узнаваемым вырезом в форме буквы H. Модель выполнена из премиальной натуральной телячьей кожи с кожаной стелькой и подошвой из высококачественной итальянской кожи.\n\nРазмеры: 35-42.;23000;rakg8u0bx1y4qcy;nzg3vsvajpiv1e8;rbf3iprt2z3owjd;Унисекс;"[""https://static.yeezyunique.ru/batches/6cb9ff7b-d813-4394-8e73-aeda5d06a8f2/_dvjrSa0sRBsu_kLVUJnmAlDtf2YKdqJC7CeO5cw_0.jpg"",""https://static.yeezyunique.ru/batches/6cb9ff7b-d813-4394-8e73-aeda5d06a8f2/_dvjrSa0sRBsu_kLVUJnmAlDtf2YKdqJC7CeO5cw_1.jpg"",""https://static.yeezyunique.ru/batches/6cb9ff7b-d813-4394-8e73-aeda5d06a8f2/_dvjrSa0sRBsu_kLVUJnmAlDtf2YKdqJC7CeO5cw_2.jpg"",""https://static.yeezyunique.ru/batches/6cb9ff7b-d813-4394-8e73-aeda5d06a8f2/_dvjrSa0sRBsu_kLVUJnmAlDtf2YKdqJC7CeO5cw_3.jpg"",""https://static.yeezyunique.ru/batches/6cb9ff7b-d813-4394-8e73-aeda5d06a8f2/_dvjrSa0sRBsu_kLVUJnmAlDtf2YKdqJC7CeO5cw_4.jpg"",""https://static.yeezyunique.ru/batches/6cb9ff7b-d813-4394-8e73-aeda5d06a8f2/_dvjrSa0sRBsu_kLVUJnmAlDtf2YKdqJC7CeO5cw_5.jpg"",""https://static.yeezyunique.ru/batches/6cb9ff7b-d813-4394-8e73-aeda5d06a8f2/_dvjrSa0sRBsu_kLVUJnmAlDtf2YKdqJC7CeO5cw_6.jpg"",""https://static.yeezyunique.ru/batches/6cb9ff7b-d813-4394-8e73-aeda5d06a8f2/_dvjrSa0sRBsu_kLVUJnmAlDtf2YKdqJC7CeO5cw_7.jpg"",""https://static.yeezyunique.ru/batches/6cb9ff7b-d813-4394-8e73-aeda5d06a8f2/_dvjrSa0sRBsu_kLVUJnmAlDtf2YKdqJC7CeO5cw_8.jpg""]";true
_d3FrSg_CcTmyf2tZviOl9evS_MprOAplIPcBaKQ;Hermes Сандалии;Классические сандалии Oran с узнаваемым вырезом в форме буквы H. Модель выполнена из премиальной натуральной телячьей кожи с кожаной стелькой и подошвой из высококачественной итальянской кожи.\n\nРазмеры: 35-42.;23000;rakg8u0bx1y4qcy;nzg3vsvajpiv1e8;rbf3iprt2z3owjd;Унисекс;"[""https://static.yeezyunique.ru/batches/6cb9ff7b-d813-4394-8e73-aeda5d06a8f2/_d3FrSg_CcTmyf2tZviOl9evS_MprOAplIPcBaKQ_0.jpg"",""https://static.yeezyunique.ru/batches/6cb9ff7b-d813-4394-8e73-aeda5d06a8f2/_d3FrSg_CcTmyf2tZviOl9evS_MprOAplIPcBaKQ_1.jpg"",""https://static.yeezyunique.ru/batches/6cb9ff7b-d813-4394-8e73-aeda5d06a8f2/_d3FrSg_CcTmyf2tZviOl9evS_MprOAplIPcBaKQ_2.jpg"",""https://static.yeezyunique.ru/batches/6cb9ff7b-d813-4394-8e73-aeda5d06a8f2/_d3FrSg_CcTmyf2tZviOl9evS_MprOAplIPcBaKQ_3.jpg"",""https://static.yeezyunique.ru/batches/6cb9ff7b-d813-4394-8e73-aeda5d06a8f2/_d3FrSg_CcTmyf2tZviOl9evS_MprOAplIPcBaKQ_4.jpg"",""https://static.yeezyunique.ru/batches/6cb9ff7b-d813-4394-8e73-aeda5d06a8f2/_d3FrSg_CcTmyf2tZviOl9evS_MprOAplIPcBaKQ_5.jpg"",""https://static.yeezyunique.ru/batches/6cb9ff7b-d813-4394-8e73-aeda5d06a8f2/_d3FrSg_CcTmyf2tZviOl9evS_MprOAplIPcBaKQ_6.jpg"",""https://static.yeezyunique.ru/batches/6cb9ff7b-d813-4394-8e73-aeda5d06a8f2/_d3FrSg_CcTmyf2tZviOl9evS_MprOAplIPcBaKQ_7.jpg"",""https://static.yeezyunique.ru/batches/6cb9ff7b-d813-4394-8e73-aeda5d06a8f2/_d3FrSg_CcTmyf2tZviOl9evS_MprOAplIPcBaKQ_8.jpg""]";true
_dvZrSHa1165jisIW0gvoCMyqeWhehyHNmmfz8cA;Hermes Сандалии;Классические сандалии Oran с узнаваемым вырезом в форме буквы H. Модель выполнена из премиальной натуральной телячьей кожи с кожаной стелькой и подошвой из высококачественной итальянской кожи.\n\nРазмеры: 35-42.;23000;rakg8u0bx1y4qcy;nzg3vsvajpiv1e8;rbf3iprt2z3owjd;Унисекс;"[""https://static.yeezyunique.ru/batches/6cb9ff7b-d813-4394-8e73-aeda5d06a8f2/_dvZrSHa1165jisIW0gvoCMyqeWhehyHNmmfz8cA_0.jpg"",""https://static.yeezyunique.ru/batches/6cb9ff7b-d813-4394-8e73-aeda5d06a8f2/_dvZrSHa1165jisIW0gvoCMyqeWhehyHNmmfz8cA_1.jpg"",""https://static.yeezyunique.ru/batches/6cb9ff7b-d813-4394-8e73-aeda5d06a8f2/_dvZrSHa1165jisIW0gvoCMyqeWhehyHNmmfz8cA_2.jpg"",""https://static.yeezyunique.ru/batches/6cb9ff7b-d813-4394-8e73-aeda5d06a8f2/_dvZrSHa1165jisIW0gvoCMyqeWhehyHNmmfz8cA_3.jpg"",""https://static.yeezyunique.ru/batches/6cb9ff7b-d813-4394-8e73-aeda5d06a8f2/_dvZrSHa1165jisIW0gvoCMyqeWhehyHNmmfz8cA_4.jpg"",""https://static.yeezyunique.ru/batches/6cb9ff7b-d813-4394-8e73-aeda5d06a8f2/_dvZrSHa1165jisIW0gvoCMyqeWhehyHNmmfz8cA_5.jpg"",""https://static.yeezyunique.ru/batches/6cb9ff7b-d813-4394-8e73-aeda5d06a8f2/_dvZrSHa1165jisIW0gvoCMyqeWhehyHNmmfz8cA_6.jpg"",""https://static.yeezyunique.ru/batches/6cb9ff7b-d813-4394-8e73-aeda5d06a8f2/_dvZrSHa1165jisIW0gvoCMyqeWhehyHNmmfz8cA_7.jpg"",""https://static.yeezyunique.ru/batches/6cb9ff7b-d813-4394-8e73-aeda5d06a8f2/_dvZrSHa1165jisIW0gvoCMyqeWhehyHNmmfz8cA_8.jpg""]";true
_dpXrSqsDWd2Gp2bmUhq-SABIllY2-HON0vSB4EA;Hermes Сандалии;Классические сандалии Oran с узнаваемым вырезом в форме буквы H. Модель выполнена из премиальной натуральной телячьей кожи с кожаной стелькой и подошвой из высококачественной итальянской кожи.\n\nРазмеры: 35-42.;23000;rakg8u0bx1y4qcy;nzg3vsvajpiv1e8;rbf3iprt2z3owjd;Унисекс;"[""https://static.yeezyunique.ru/batches/6cb9ff7b-d813-4394-8e73-aeda5d06a8f2/_dpXrSqsDWd2Gp2bmUhq-SABIllY2-HON0vSB4EA_0.jpg"",""https://static.yeezyunique.ru/batches/6cb9ff7b-d813-4394-8e73-aeda5d06a8f2/_dpXrSqsDWd2Gp2bmUhq-SABIllY2-HON0vSB4EA_1.jpg"",""https://static.yeezyunique.ru/batches/6cb9ff7b-d813-4394-8e73-aeda5d06a8f2/_dpXrSqsDWd2Gp2bmUhq-SABIllY2-HON0vSB4EA_2.jpg"",""https://static.yeezyunique.ru/batches/6cb9ff7b-d813-4394-8e73-aeda5d06a8f2/_dpXrSqsDWd2Gp2bmUhq-SABIllY2-HON0vSB4EA_3.jpg"",""https://static.yeezyunique.ru/batches/6cb9ff7b-d813-4394-8e73-aeda5d06a8f2/_dpXrSqsDWd2Gp2bmUhq-SABIllY2-HON0vSB4EA_4.jpg"",""https://static.yeezyunique.ru/batches/6cb9ff7b-d813-4394-8e73-aeda5d06a8f2/_dpXrSqsDWd2Gp2bmUhq-SABIllY2-HON0vSB4EA_5.jpg"",""https://static.yeezyunique.ru/batches/6cb9ff7b-d813-4394-8e73-aeda5d06a8f2/_dpXrSqsDWd2Gp2bmUhq-SABIllY2-HON0vSB4EA_6.jpg"",""https://static.yeezyunique.ru/batches/6cb9ff7b-d813-4394-8e73-aeda5d06a8f2/_dpXrSqsDWd2Gp2bmUhq-SABIllY2-HON0vSB4EA_7.jpg"",""https://static.yeezyunique.ru/batches/6cb9ff7b-d813-4394-8e73-aeda5d06a8f2/_dpXrSqsDWd2Gp2bmUhq-SABIllY2-HON0vSB4EA_8.jpg""]";true
_dqurSZ_tK9Ov8ETOE4C4dDVvUJ6d0rqKSxSvUhw;Hermes Сандалии;Классические сандалии Oran с узнаваемым вырезом в форме буквы H. Модель выполнена из премиальной натуральной телячьей кожи с кожаной стелькой и подошвой из высококачественной итальянской кожи.\n\nРазмеры: 35-42.;23000;rakg8u0bx1y4qcy;nzg3vsvajpiv1e8;rbf3iprt2z3owjd;Для женщин;"[""https://static.yeezyunique.ru/batches/6cb9ff7b-d813-4394-8e73-aeda5d06a8f2/_dqurSZ_tK9Ov8ETOE4C4dDVvUJ6d0rqKSxSvUhw_0.jpg"",""https://static.yeezyunique.ru/batches/6cb9ff7b-d813-4394-8e73-aeda5d06a8f2/_dqurSZ_tK9Ov8ETOE4C4dDVvUJ6d0rqKSxSvUhw_1.jpg"",""https://static.yeezyunique.ru/batches/6cb9ff7b-d813-4394-8e73-aeda5d06a8f2/_dqurSZ_tK9Ov8ETOE4C4dDVvUJ6d0rqKSxSvUhw_2.jpg"",""https://static.yeezyunique.ru/batches/6cb9ff7b-d813-4394-8e73-aeda5d06a8f2/_dqurSZ_tK9Ov8ETOE4C4dDVvUJ6d0rqKSxSvUhw_3.jpg"",""https://static.yeezyunique.ru/batches/6cb9ff7b-d813-4394-8e73-aeda5d06a8f2/_dqurSZ_tK9Ov8ETOE4C4dDVvUJ6d0rqKSxSvUhw_4.jpg"",""https://static.yeezyunique.ru/batches/6cb9ff7b-d813-4394-8e73-aeda5d06a8f2/_dqurSZ_tK9Ov8ETOE4C4dDVvUJ6d0rqKSxSvUhw_5.jpg"",""https://static.yeezyunique.ru/batches/6cb9ff7b-d813-4394-8e73-aeda5d06a8f2/_dqurSZ_tK9Ov8ETOE4C4dDVvUJ6d0rqKSxSvUhw_6.jpg"",""https://static.yeezyunique.ru/batches/6cb9ff7b-d813-4394-8e73-aeda5d06a8f2/_dqurSZ_tK9Ov8ETOE4C4dDVvUJ6d0rqKSxSvUhw_7.jpg"",""https://static.yeezyunique.ru/batches/6cb9ff7b-d813-4394-8e73-aeda5d06a8f2/_dqurSZ_tK9Ov8ETOE4C4dDVvUJ6d0rqKSxSvUhw_8.jpg""]";true
_d-rrSIFQzAjI_TN1fMuK7TQDSs_yCLqGbOjnHcA;Hermes Сандалии;Классические сандалии Oran с узнаваемым вырезом в форме буквы H. Модель выполнена из премиальной натуральной телячьей кожи с кожаной стелькой и подошвой из высококачественной итальянской кожи.\n\nРазмеры: 35-42.;23000;rakg8u0bx1y4qcy;nzg3vsvajpiv1e8;rbf3iprt2z3owjd;Унисекс;"[""https://static.yeezyunique.ru/batches/6cb9ff7b-d813-4394-8e73-aeda5d06a8f2/_d-rrSIFQzAjI_TN1fMuK7TQDSs_yCLqGbOjnHcA_0.jpg"",""https://static.yeezyunique.ru/batches/6cb9ff7b-d813-4394-8e73-aeda5d06a8f2/_d-rrSIFQzAjI_TN1fMuK7TQDSs_yCLqGbOjnHcA_1.jpg"",""https://static.yeezyunique.ru/batches/6cb9ff7b-d813-4394-8e73-aeda5d06a8f2/_d-rrSIFQzAjI_TN1fMuK7TQDSs_yCLqGbOjnHcA_2.jpg"",""https://static.yeezyunique.ru/batches/6cb9ff7b-d813-4394-8e73-aeda5d06a8f2/_d-rrSIFQzAjI_TN1fMuK7TQDSs_yCLqGbOjnHcA_3.jpg"",""https://static.yeezyunique.ru/batches/6cb9ff7b-d813-4394-8e73-aeda5d06a8f2/_d-rrSIFQzAjI_TN1fMuK7TQDSs_yCLqGbOjnHcA_4.jpg"",""https://static.yeezyunique.ru/batches/6cb9ff7b-d813-4394-8e73-aeda5d06a8f2/_d-rrSIFQzAjI_TN1fMuK7TQDSs_yCLqGbOjnHcA_5.jpg"",""https://static.yeezyunique.ru/batches/6cb9ff7b-d813-4394-8e73-aeda5d06a8f2/_d-rrSIFQzAjI_TN1fMuK7TQDSs_yCLqGbOjnHcA_6.jpg"",""https://static.yeezyunique.ru/batches/6cb9ff7b-d813-4394-8e73-aeda5d06a8f2/_d-rrSIFQzAjI_TN1fMuK7TQDSs_yCLqGbOjnHcA_7.jpg"",""https://static.yeezyunique.ru/batches/6cb9ff7b-d813-4394-8e73-aeda5d06a8f2/_d-rrSIFQzAjI_TN1fMuK7TQDSs_yCLqGbOjnHcA_8.jpg""]";true
_dxQrSmGUxLVfTfHDgbpluJ2v54AYvh8sEGaGCJg;Hermes Сандалии;Классические сандалии Oran с узнаваемым вырезом в форме буквы H. Модель выполнена из премиальной натуральной телячьей кожи с кожаной стелькой и подошвой из высококачественной итальянской кожи.\n\nРазмеры: 35-42.;23000;rakg8u0bx1y4qcy;nzg3vsvajpiv1e8;rbf3iprt2z3owjd;Унисекс;"[""https://static.yeezyunique.ru/batches/6cb9ff7b-d813-4394-8e73-aeda5d06a8f2/_dxQrSmGUxLVfTfHDgbpluJ2v54AYvh8sEGaGCJg_0.jpg"",""https://static.yeezyunique.ru/batches/6cb9ff7b-d813-4394-8e73-aeda5d06a8f2/_dxQrSmGUxLVfTfHDgbpluJ2v54AYvh8sEGaGCJg_1.jpg"",""https://static.yeezyunique.ru/batches/6cb9ff7b-d813-4394-8e73-aeda5d06a8f2/_dxQrSmGUxLVfTfHDgbpluJ2v54AYvh8sEGaGCJg_2.jpg"",""https://static.yeezyunique.ru/batches/6cb9ff7b-d813-4394-8e73-aeda5d06a8f2/_dxQrSmGUxLVfTfHDgbpluJ2v54AYvh8sEGaGCJg_3.jpg"",""https://static.yeezyunique.ru/batches/6cb9ff7b-d813-4394-8e73-aeda5d06a8f2/_dxQrSmGUxLVfTfHDgbpluJ2v54AYvh8sEGaGCJg_4.jpg"",""https://static.yeezyunique.ru/batches/6cb9ff7b-d813-4394-8e73-aeda5d06a8f2/_dxQrSmGUxLVfTfHDgbpluJ2v54AYvh8sEGaGCJg_5.jpg"",""https://static.yeezyunique.ru/batches/6cb9ff7b-d813-4394-8e73-aeda5d06a8f2/_dxQrSmGUxLVfTfHDgbpluJ2v54AYvh8sEGaGCJg_6.jpg"",""https://static.yeezyunique.ru/batches/6cb9ff7b-d813-4394-8e73-aeda5d06a8f2/_dxQrSmGUxLVfTfHDgbpluJ2v54AYvh8sEGaGCJg_7.jpg"",""https://static.yeezyunique.ru/batches/6cb9ff7b-d813-4394-8e73-aeda5d06a8f2/_dxQrSmGUxLVfTfHDgbpluJ2v54AYvh8sEGaGCJg_8.jpg""]";true
_d9ErSWyMzcvENXPL1WYKz-K2nYgZRmy8AgSxfiA;Hermes Сандалии;Классические сандалии Oran с узнаваемым вырезом в форме буквы H. Модель выполнена из премиальной натуральной телячьей кожи с кожаной стелькой и подошвой из высококачественной итальянской кожи.\n\nРазмеры: 35-42.;23000;rakg8u0bx1y4qcy;nzg3vsvajpiv1e8;rbf3iprt2z3owjd;Унисекс;"[""https://static.yeezyunique.ru/batches/6cb9ff7b-d813-4394-8e73-aeda5d06a8f2/_d9ErSWyMzcvENXPL1WYKz-K2nYgZRmy8AgSxfiA_0.jpg"",""https://static.yeezyunique.ru/batches/6cb9ff7b-d813-4394-8e73-aeda5d06a8f2/_d9ErSWyMzcvENXPL1WYKz-K2nYgZRmy8AgSxfiA_1.jpg"",""https://static.yeezyunique.ru/batches/6cb9ff7b-d813-4394-8e73-aeda5d06a8f2/_d9ErSWyMzcvENXPL1WYKz-K2nYgZRmy8AgSxfiA_2.jpg"",""https://static.yeezyunique.ru/batches/6cb9ff7b-d813-4394-8e73-aeda5d06a8f2/_d9ErSWyMzcvENXPL1WYKz-K2nYgZRmy8AgSxfiA_3.jpg"",""https://static.yeezyunique.ru/batches/6cb9ff7b-d813-4394-8e73-aeda5d06a8f2/_d9ErSWyMzcvENXPL1WYKz-K2nYgZRmy8AgSxfiA_4.jpg"",""https://static.yeezyunique.ru/batches/6cb9ff7b-d813-4394-8e73-aeda5d06a8f2/_d9ErSWyMzcvENXPL1WYKz-K2nYgZRmy8AgSxfiA_5.jpg"",""https://static.yeezyunique.ru/batches/6cb9ff7b-d813-4394-8e73-aeda5d06a8f2/_d9ErSWyMzcvENXPL1WYKz-K2nYgZRmy8AgSxfiA_6.jpg"",""https://static.yeezyunique.ru/batches/6cb9ff7b-d813-4394-8e73-aeda5d06a8f2/_d9ErSWyMzcvENXPL1WYKz-K2nYgZRmy8AgSxfiA_7.jpg"",""https://static.yeezyunique.ru/batches/6cb9ff7b-d813-4394-8e73-aeda5d06a8f2/_d9ErSWyMzcvENXPL1WYKz-K2nYgZRmy8AgSxfiA_8.jpg""]";true
_dnTrSdXMY8UeH6qus8dwNOAToNh2dFguIG9XUUg;Hermes Сандалии;Классические сандалии Oran с узнаваемым вырезом в форме буквы H. Модель выполнена из премиальной натуральной телячьей кожи с кожаной стелькой и подошвой из высококачественной итальянской кожи.\n\nРазмеры: 35-42.;23000;rakg8u0bx1y4qcy;nzg3vsvajpiv1e8;rbf3iprt2z3owjd;Унисекс;"[""https://static.yeezyunique.ru/batches/6cb9ff7b-d813-4394-8e73-aeda5d06a8f2/_dnTrSdXMY8UeH6qus8dwNOAToNh2dFguIG9XUUg_0.jpg"",""https://static.yeezyunique.ru/batches/6cb9ff7b-d813-4394-8e73-aeda5d06a8f2/_dnTrSdXMY8UeH6qus8dwNOAToNh2dFguIG9XUUg_1.jpg"",""https://static.yeezyunique.ru/batches/6cb9ff7b-d813-4394-8e73-aeda5d06a8f2/_dnTrSdXMY8UeH6qus8dwNOAToNh2dFguIG9XUUg_2.jpg"",""https://static.yeezyunique.ru/batches/6cb9ff7b-d813-4394-8e73-aeda5d06a8f2/_dnTrSdXMY8UeH6qus8dwNOAToNh2dFguIG9XUUg_3.jpg"",""https://static.yeezyunique.ru/batches/6cb9ff7b-d813-4394-8e73-aeda5d06a8f2/_dnTrSdXMY8UeH6qus8dwNOAToNh2dFguIG9XUUg_4.jpg"",""https://static.yeezyunique.ru/batches/6cb9ff7b-d813-4394-8e73-aeda5d06a8f2/_dnTrSdXMY8UeH6qus8dwNOAToNh2dFguIG9XUUg_5.jpg"",""https://static.yeezyunique.ru/batches/6cb9ff7b-d813-4394-8e73-aeda5d06a8f2/_dnTrSdXMY8UeH6qus8dwNOAToNh2dFguIG9XUUg_6.jpg"",""https://static.yeezyunique.ru/batches/6cb9ff7b-d813-4394-8e73-aeda5d06a8f2/_dnTrSdXMY8UeH6qus8dwNOAToNh2dFguIG9XUUg_7.jpg"",""https://static.yeezyunique.ru/batches/6cb9ff7b-d813-4394-8e73-aeda5d06a8f2/_dnTrSdXMY8UeH6qus8dwNOAToNh2dFguIG9XUUg_8.jpg""]";true
_dHxrSwM1RmMmaeSL2NF49pssRnSOA-0cTHAD3ZA;Hermes Сандалии;Классические сандалии Oran с узнаваемым вырезом в форме буквы H. Модель выполнена из премиальной натуральной телячьей кожи с кожаной стелькой и подошвой из высококачественной итальянской кожи.\n\nРазмеры: 35-42.;23000;rakg8u0bx1y4qcy;nzg3vsvajpiv1e8;rbf3iprt2z3owjd;Унисекс;"[""https://static.yeezyunique.ru/batches/6cb9ff7b-d813-4394-8e73-aeda5d06a8f2/_dHxrSwM1RmMmaeSL2NF49pssRnSOA-0cTHAD3ZA_0.jpg"",""https://static.yeezyunique.ru/batches/6cb9ff7b-d813-4394-8e73-aeda5d06a8f2/_dHxrSwM1RmMmaeSL2NF49pssRnSOA-0cTHAD3ZA_1.jpg"",""https://static.yeezyunique.ru/batches/6cb9ff7b-d813-4394-8e73-aeda5d06a8f2/_dHxrSwM1RmMmaeSL2NF49pssRnSOA-0cTHAD3ZA_2.jpg"",""https://static.yeezyunique.ru/batches/6cb9ff7b-d813-4394-8e73-aeda5d06a8f2/_dHxrSwM1RmMmaeSL2NF49pssRnSOA-0cTHAD3ZA_3.jpg"",""https://static.yeezyunique.ru/batches/6cb9ff7b-d813-4394-8e73-aeda5d06a8f2/_dHxrSwM1RmMmaeSL2NF49pssRnSOA-0cTHAD3ZA_4.jpg"",""https://static.yeezyunique.ru/batches/6cb9ff7b-d813-4394-8e73-aeda5d06a8f2/_dHxrSwM1RmMmaeSL2NF49pssRnSOA-0cTHAD3ZA_5.jpg"",""https://static.yeezyunique.ru/batches/6cb9ff7b-d813-4394-8e73-aeda5d06a8f2/_dHxrSwM1RmMmaeSL2NF49pssRnSOA-0cTHAD3ZA_6.jpg"",""https://static.yeezyunique.ru/batches/6cb9ff7b-d813-4394-8e73-aeda5d06a8f2/_dHxrSwM1RmMmaeSL2NF49pssRnSOA-0cTHAD3ZA_7.jpg"",""https://static.yeezyunique.ru/batches/6cb9ff7b-d813-4394-8e73-aeda5d06a8f2/_dHxrSwM1RmMmaeSL2NF49pssRnSOA-0cTHAD3ZA_8.jpg""]";true
_dlHrSxiZHPzyzdOGof2HU5i35jM_rZHg0yhLE6w;Hermes Сандалии;Классические сандалии Oran с узнаваемым вырезом в форме буквы H. Модель выполнена из премиальной натуральной телячьей кожи с кожаной стелькой и подошвой из высококачественной итальянской кожи.\n\nРазмеры: 35-42.;23000;rakg8u0bx1y4qcy;nzg3vsvajpiv1e8;rbf3iprt2z3owjd;Унисекс;"[""https://static.yeezyunique.ru/batches/6cb9ff7b-d813-4394-8e73-aeda5d06a8f2/_dlHrSxiZHPzyzdOGof2HU5i35jM_rZHg0yhLE6w_0.jpg"",""https://static.yeezyunique.ru/batches/6cb9ff7b-d813-4394-8e73-aeda5d06a8f2/_dlHrSxiZHPzyzdOGof2HU5i35jM_rZHg0yhLE6w_1.jpg"",""https://static.yeezyunique.ru/batches/6cb9ff7b-d813-4394-8e73-aeda5d06a8f2/_dlHrSxiZHPzyzdOGof2HU5i35jM_rZHg0yhLE6w_2.jpg"",""https://static.yeezyunique.ru/batches/6cb9ff7b-d813-4394-8e73-aeda5d06a8f2/_dlHrSxiZHPzyzdOGof2HU5i35jM_rZHg0yhLE6w_3.jpg"",""https://static.yeezyunique.ru/batches/6cb9ff7b-d813-4394-8e73-aeda5d06a8f2/_dlHrSxiZHPzyzdOGof2HU5i35jM_rZHg0yhLE6w_4.jpg"",""https://static.yeezyunique.ru/batches/6cb9ff7b-d813-4394-8e73-aeda5d06a8f2/_dlHrSxiZHPzyzdOGof2HU5i35jM_rZHg0yhLE6w_5.jpg"",""https://static.yeezyunique.ru/batches/6cb9ff7b-d813-4394-8e73-aeda5d06a8f2/_dlHrSxiZHPzyzdOGof2HU5i35jM_rZHg0yhLE6w_6.jpg"",""https://static.yeezyunique.ru/batches/6cb9ff7b-d813-4394-8e73-aeda5d06a8f2/_dlHrSxiZHPzyzdOGof2HU5i35jM_rZHg0yhLE6w_7.jpg"",""https://static.yeezyunique.ru/batches/6cb9ff7b-d813-4394-8e73-aeda5d06a8f2/_dlHrSxiZHPzyzdOGof2HU5i35jM_rZHg0yhLE6w_8.jpg""]";true
_drNrSYnxAAeUVrHMc4MAYTd7-x7YbnunvlbVBfA;Hermes Сандалии;Классические сандалии Oran с узнаваемым вырезом в форме буквы H. Модель выполнена из премиальной натуральной телячьей кожи с кожаной стелькой и подошвой из высококачественной итальянской кожи.\n\nРазмеры: 35-42.;23000;rakg8u0bx1y4qcy;nzg3vsvajpiv1e8;rbf3iprt2z3owjd;Для женщин;"[""https://static.yeezyunique.ru/batches/6cb9ff7b-d813-4394-8e73-aeda5d06a8f2/_drNrSYnxAAeUVrHMc4MAYTd7-x7YbnunvlbVBfA_0.jpg"",""https://static.yeezyunique.ru/batches/6cb9ff7b-d813-4394-8e73-aeda5d06a8f2/_drNrSYnxAAeUVrHMc4MAYTd7-x7YbnunvlbVBfA_1.jpg"",""https://static.yeezyunique.ru/batches/6cb9ff7b-d813-4394-8e73-aeda5d06a8f2/_drNrSYnxAAeUVrHMc4MAYTd7-x7YbnunvlbVBfA_2.jpg"",""https://static.yeezyunique.ru/batches/6cb9ff7b-d813-4394-8e73-aeda5d06a8f2/_drNrSYnxAAeUVrHMc4MAYTd7-x7YbnunvlbVBfA_3.jpg"",""https://static.yeezyunique.ru/batches/6cb9ff7b-d813-4394-8e73-aeda5d06a8f2/_drNrSYnxAAeUVrHMc4MAYTd7-x7YbnunvlbVBfA_4.jpg"",""https://static.yeezyunique.ru/batches/6cb9ff7b-d813-4394-8e73-aeda5d06a8f2/_drNrSYnxAAeUVrHMc4MAYTd7-x7YbnunvlbVBfA_5.jpg"",""https://static.yeezyunique.ru/batches/6cb9ff7b-d813-4394-8e73-aeda5d06a8f2/_drNrSYnxAAeUVrHMc4MAYTd7-x7YbnunvlbVBfA_6.jpg"",""https://static.yeezyunique.ru/batches/6cb9ff7b-d813-4394-8e73-aeda5d06a8f2/_drNrSYnxAAeUVrHMc4MAYTd7-x7YbnunvlbVBfA_7.jpg"",""https://static.yeezyunique.ru/batches/6cb9ff7b-d813-4394-8e73-aeda5d06a8f2/_drNrSYnxAAeUVrHMc4MAYTd7-x7YbnunvlbVBfA_8.jpg""]";true
_dpjrSlxGB8TveAqsOuJqQPsJ1CLK2_SPAWBuN7g;Dior Туфли;Классические туфли на каблуке с фирменной вышитой лентой J'Adior. Модель выполнена из премиальных материалов с использованием итальянской натуральной кожи для подошвы, обеспечивающей комфорт при ходьбе.\n\nРазмеры: 35-41.;23000;ivacgwvpdne0t35;nzg3vsvajpiv1e8;mect3or5ztq64fc;Для женщин;"[""https://static.yeezyunique.ru/batches/6cb9ff7b-d813-4394-8e73-aeda5d06a8f2/_dpjrSlxGB8TveAqsOuJqQPsJ1CLK2_SPAWBuN7g_0.jpg"",""https://static.yeezyunique.ru/batches/6cb9ff7b-d813-4394-8e73-aeda5d06a8f2/_dpjrSlxGB8TveAqsOuJqQPsJ1CLK2_SPAWBuN7g_1.jpg"",""https://static.yeezyunique.ru/batches/6cb9ff7b-d813-4394-8e73-aeda5d06a8f2/_dpjrSlxGB8TveAqsOuJqQPsJ1CLK2_SPAWBuN7g_2.jpg"",""https://static.yeezyunique.ru/batches/6cb9ff7b-d813-4394-8e73-aeda5d06a8f2/_dpjrSlxGB8TveAqsOuJqQPsJ1CLK2_SPAWBuN7g_3.jpg"",""https://static.yeezyunique.ru/batches/6cb9ff7b-d813-4394-8e73-aeda5d06a8f2/_dpjrSlxGB8TveAqsOuJqQPsJ1CLK2_SPAWBuN7g_4.jpg"",""https://static.yeezyunique.ru/batches/6cb9ff7b-d813-4394-8e73-aeda5d06a8f2/_dpjrSlxGB8TveAqsOuJqQPsJ1CLK2_SPAWBuN7g_5.jpg"",""https://static.yeezyunique.ru/batches/6cb9ff7b-d813-4394-8e73-aeda5d06a8f2/_dpjrSlxGB8TveAqsOuJqQPsJ1CLK2_SPAWBuN7g_6.jpg"",""https://static.yeezyunique.ru/batches/6cb9ff7b-d813-4394-8e73-aeda5d06a8f2/_dpjrSlxGB8TveAqsOuJqQPsJ1CLK2_SPAWBuN7g_7.jpg"",""https://static.yeezyunique.ru/batches/6cb9ff7b-d813-4394-8e73-aeda5d06a8f2/_dpjrSlxGB8TveAqsOuJqQPsJ1CLK2_SPAWBuN7g_8.jpg""]";true
_deVrSDIMqQ6OsKGduEbc9DFUhnTfTswkdmTUcWw;Miu Miu Балетки;Элегантные балетки Мэри Джейн из новой весенне-летней коллекции. Модель выполнена из мягкой и приятной на ощупь итальянской кожи наппа, внутри дополнена подкладкой из нежной кожи ягненка для комфорта и воздухопроницаемости.\n\nРазмеры: 35-40.;23000;cn386fag2q87srw;nzg3vsvajpiv1e8;gquuvxk7z0ik5jn;Для женщин;"[""https://static.yeezyunique.ru/batches/6cb9ff7b-d813-4394-8e73-aeda5d06a8f2/_deVrSDIMqQ6OsKGduEbc9DFUhnTfTswkdmTUcWw_0.jpg"",""https://static.yeezyunique.ru/batches/6cb9ff7b-d813-4394-8e73-aeda5d06a8f2/_deVrSDIMqQ6OsKGduEbc9DFUhnTfTswkdmTUcWw_1.jpg"",""https://static.yeezyunique.ru/batches/6cb9ff7b-d813-4394-8e73-aeda5d06a8f2/_deVrSDIMqQ6OsKGduEbc9DFUhnTfTswkdmTUcWw_2.jpg"",""https://static.yeezyunique.ru/batches/6cb9ff7b-d813-4394-8e73-aeda5d06a8f2/_deVrSDIMqQ6OsKGduEbc9DFUhnTfTswkdmTUcWw_3.jpg"",""https://static.yeezyunique.ru/batches/6cb9ff7b-d813-4394-8e73-aeda5d06a8f2/_deVrSDIMqQ6OsKGduEbc9DFUhnTfTswkdmTUcWw_4.jpg"",""https://static.yeezyunique.ru/batches/6cb9ff7b-d813-4394-8e73-aeda5d06a8f2/_deVrSDIMqQ6OsKGduEbc9DFUhnTfTswkdmTUcWw_5.jpg"",""https://static.yeezyunique.ru/batches/6cb9ff7b-d813-4394-8e73-aeda5d06a8f2/_deVrSDIMqQ6OsKGduEbc9DFUhnTfTswkdmTUcWw_6.jpg"",""https://static.yeezyunique.ru/batches/6cb9ff7b-d813-4394-8e73-aeda5d06a8f2/_deVrSDIMqQ6OsKGduEbc9DFUhnTfTswkdmTUcWw_7.jpg"",""https://static.yeezyunique.ru/batches/6cb9ff7b-d813-4394-8e73-aeda5d06a8f2/_deVrSDIMqQ6OsKGduEbc9DFUhnTfTswkdmTUcWw_8.jpg""]";true
_d83rSuAMPWqfUhOuV29bYWubzKV4Q68_AlOsLzA;Miu Miu Балетки;Элегантные балетки в стиле Мэри Джейн из новой весенне-летней коллекции. Модель выполнена из мягкой и приятной на ощупь итальянской кожи наппа с подкладкой из нежной кожи ягненка, обеспечивающей отличную воздухопроницаемость.\n\nРазмеры: 35-40.;23000;cn386fag2q87srw;nzg3vsvajpiv1e8;gquuvxk7z0ik5jn;Для женщин;"[""https://static.yeezyunique.ru/batches/6cb9ff7b-d813-4394-8e73-aeda5d06a8f2/_d83rSuAMPWqfUhOuV29bYWubzKV4Q68_AlOsLzA_0.jpg"",""https://static.yeezyunique.ru/batches/6cb9ff7b-d813-4394-8e73-aeda5d06a8f2/_d83rSuAMPWqfUhOuV29bYWubzKV4Q68_AlOsLzA_1.jpg"",""https://static.yeezyunique.ru/batches/6cb9ff7b-d813-4394-8e73-aeda5d06a8f2/_d83rSuAMPWqfUhOuV29bYWubzKV4Q68_AlOsLzA_2.jpg"",""https://static.yeezyunique.ru/batches/6cb9ff7b-d813-4394-8e73-aeda5d06a8f2/_d83rSuAMPWqfUhOuV29bYWubzKV4Q68_AlOsLzA_3.jpg"",""https://static.yeezyunique.ru/batches/6cb9ff7b-d813-4394-8e73-aeda5d06a8f2/_d83rSuAMPWqfUhOuV29bYWubzKV4Q68_AlOsLzA_4.jpg"",""https://static.yeezyunique.ru/batches/6cb9ff7b-d813-4394-8e73-aeda5d06a8f2/_d83rSuAMPWqfUhOuV29bYWubzKV4Q68_AlOsLzA_5.jpg"",""https://static.yeezyunique.ru/batches/6cb9ff7b-d813-4394-8e73-aeda5d06a8f2/_d83rSuAMPWqfUhOuV29bYWubzKV4Q68_AlOsLzA_6.jpg"",""https://static.yeezyunique.ru/batches/6cb9ff7b-d813-4394-8e73-aeda5d06a8f2/_d83rSuAMPWqfUhOuV29bYWubzKV4Q68_AlOsLzA_7.jpg"",""https://static.yeezyunique.ru/batches/6cb9ff7b-d813-4394-8e73-aeda5d06a8f2/_d83rSuAMPWqfUhOuV29bYWubzKV4Q68_AlOsLzA_8.jpg""]";true
_dierSNRmDm23fwPMPJ2f0CJSEQzMdKhN6ouPUzg;Miu Miu Балетки;Элегантные балетки Мэри Джейн из новой весенне-летней коллекции. Модель выполнена из мягкой и приятной на ощупь итальянской кожи наппа с подкладкой из нежной кожи ягненка, обеспечивающей отличную воздухопроницаемость.\n\nРазмеры: 35-40.;23000;cn386fag2q87srw;nzg3vsvajpiv1e8;gquuvxk7z0ik5jn;Для женщин;"[""https://static.yeezyunique.ru/batches/6cb9ff7b-d813-4394-8e73-aeda5d06a8f2/_dierSNRmDm23fwPMPJ2f0CJSEQzMdKhN6ouPUzg_0.jpg"",""https://static.yeezyunique.ru/batches/6cb9ff7b-d813-4394-8e73-aeda5d06a8f2/_dierSNRmDm23fwPMPJ2f0CJSEQzMdKhN6ouPUzg_1.jpg"",""https://static.yeezyunique.ru/batches/6cb9ff7b-d813-4394-8e73-aeda5d06a8f2/_dierSNRmDm23fwPMPJ2f0CJSEQzMdKhN6ouPUzg_2.jpg"",""https://static.yeezyunique.ru/batches/6cb9ff7b-d813-4394-8e73-aeda5d06a8f2/_dierSNRmDm23fwPMPJ2f0CJSEQzMdKhN6ouPUzg_3.jpg"",""https://static.yeezyunique.ru/batches/6cb9ff7b-d813-4394-8e73-aeda5d06a8f2/_dierSNRmDm23fwPMPJ2f0CJSEQzMdKhN6ouPUzg_4.jpg"",""https://static.yeezyunique.ru/batches/6cb9ff7b-d813-4394-8e73-aeda5d06a8f2/_dierSNRmDm23fwPMPJ2f0CJSEQzMdKhN6ouPUzg_5.jpg"",""https://static.yeezyunique.ru/batches/6cb9ff7b-d813-4394-8e73-aeda5d06a8f2/_dierSNRmDm23fwPMPJ2f0CJSEQzMdKhN6ouPUzg_6.jpg"",""https://static.yeezyunique.ru/batches/6cb9ff7b-d813-4394-8e73-aeda5d06a8f2/_dierSNRmDm23fwPMPJ2f0CJSEQzMdKhN6ouPUzg_7.jpg"",""https://static.yeezyunique.ru/batches/6cb9ff7b-d813-4394-8e73-aeda5d06a8f2/_dierSNRmDm23fwPMPJ2f0CJSEQzMdKhN6ouPUzg_8.jpg""]";true
_dverSTa9K_kQJ2slR0GgxT-Xhx79X59hBSaA6aQ;Miu Miu Туфли;Элегантные туфли с заостренным мысом и тремя изящными ремешками на небольшом каблуке-рюмочке. Модель выполнена из премиальной лакированной телячьей кожи с подкладкой из мягкой кожи ягненка для максимального комфорта.\n\nРазмеры: 35-41.;23000;cn386fag2q87srw;nzg3vsvajpiv1e8;mect3or5ztq64fc;Для женщин;"[""https://static.yeezyunique.ru/batches/6cb9ff7b-d813-4394-8e73-aeda5d06a8f2/_dverSTa9K_kQJ2slR0GgxT-Xhx79X59hBSaA6aQ_0.jpg"",""https://static.yeezyunique.ru/batches/6cb9ff7b-d813-4394-8e73-aeda5d06a8f2/_dverSTa9K_kQJ2slR0GgxT-Xhx79X59hBSaA6aQ_1.jpg"",""https://static.yeezyunique.ru/batches/6cb9ff7b-d813-4394-8e73-aeda5d06a8f2/_dverSTa9K_kQJ2slR0GgxT-Xhx79X59hBSaA6aQ_2.jpg"",""https://static.yeezyunique.ru/batches/6cb9ff7b-d813-4394-8e73-aeda5d06a8f2/_dverSTa9K_kQJ2slR0GgxT-Xhx79X59hBSaA6aQ_3.jpg"",""https://static.yeezyunique.ru/batches/6cb9ff7b-d813-4394-8e73-aeda5d06a8f2/_dverSTa9K_kQJ2slR0GgxT-Xhx79X59hBSaA6aQ_4.jpg"",""https://static.yeezyunique.ru/batches/6cb9ff7b-d813-4394-8e73-aeda5d06a8f2/_dverSTa9K_kQJ2slR0GgxT-Xhx79X59hBSaA6aQ_5.jpg"",""https://static.yeezyunique.ru/batches/6cb9ff7b-d813-4394-8e73-aeda5d06a8f2/_dverSTa9K_kQJ2slR0GgxT-Xhx79X59hBSaA6aQ_6.jpg"",""https://static.yeezyunique.ru/batches/6cb9ff7b-d813-4394-8e73-aeda5d06a8f2/_dverSTa9K_kQJ2slR0GgxT-Xhx79X59hBSaA6aQ_7.jpg"",""https://static.yeezyunique.ru/batches/6cb9ff7b-d813-4394-8e73-aeda5d06a8f2/_dverSTa9K_kQJ2slR0GgxT-Xhx79X59hBSaA6aQ_8.jpg""]";true
_dtirSMxkFlMafOtE39b2url4Papywx-C5ZyWe1g;Miu Miu Туфли;Элегантные туфли с заостренным мысом и тремя изящными ремешками на небольшом каблуке-рюмочке. Модель выполнена из премиальной лакированной телячьей кожи с подкладкой из мягкой кожи ягненка для максимального комфорта.\n\nРазмеры: 35-41.;23000;cn386fag2q87srw;nzg3vsvajpiv1e8;mect3or5ztq64fc;Для женщин;"[""https://static.yeezyunique.ru/batches/6cb9ff7b-d813-4394-8e73-aeda5d06a8f2/_dtirSMxkFlMafOtE39b2url4Papywx-C5ZyWe1g_0.jpg"",""https://static.yeezyunique.ru/batches/6cb9ff7b-d813-4394-8e73-aeda5d06a8f2/_dtirSMxkFlMafOtE39b2url4Papywx-C5ZyWe1g_1.jpg"",""https://static.yeezyunique.ru/batches/6cb9ff7b-d813-4394-8e73-aeda5d06a8f2/_dtirSMxkFlMafOtE39b2url4Papywx-C5ZyWe1g_2.jpg"",""https://static.yeezyunique.ru/batches/6cb9ff7b-d813-4394-8e73-aeda5d06a8f2/_dtirSMxkFlMafOtE39b2url4Papywx-C5ZyWe1g_3.jpg"",""https://static.yeezyunique.ru/batches/6cb9ff7b-d813-4394-8e73-aeda5d06a8f2/_dtirSMxkFlMafOtE39b2url4Papywx-C5ZyWe1g_4.jpg"",""https://static.yeezyunique.ru/batches/6cb9ff7b-d813-4394-8e73-aeda5d06a8f2/_dtirSMxkFlMafOtE39b2url4Papywx-C5ZyWe1g_5.jpg"",""https://static.yeezyunique.ru/batches/6cb9ff7b-d813-4394-8e73-aeda5d06a8f2/_dtirSMxkFlMafOtE39b2url4Papywx-C5ZyWe1g_6.jpg"",""https://static.yeezyunique.ru/batches/6cb9ff7b-d813-4394-8e73-aeda5d06a8f2/_dtirSMxkFlMafOtE39b2url4Papywx-C5ZyWe1g_7.jpg"",""https://static.yeezyunique.ru/batches/6cb9ff7b-d813-4394-8e73-aeda5d06a8f2/_dtirSMxkFlMafOtE39b2url4Papywx-C5ZyWe1g_8.jpg""]";true
_dkSrSoRJylFApFaSU2KC2_ThR5OCrdO4HZNECNg;Miu Miu Туфли;Элегантные туфли с заостренным мысом и тремя изящными ремешками на небольшом каблуке-рюмочке. Модель выполнена из премиальной лакированной телячьей кожи с подкладкой из мягкой кожи ягненка для максимального комфорта.\n\nРазмеры: 35-41.;23000;cn386fag2q87srw;nzg3vsvajpiv1e8;mect3or5ztq64fc;Для женщин;"[""https://static.yeezyunique.ru/batches/6cb9ff7b-d813-4394-8e73-aeda5d06a8f2/_dkSrSoRJylFApFaSU2KC2_ThR5OCrdO4HZNECNg_0.jpg"",""https://static.yeezyunique.ru/batches/6cb9ff7b-d813-4394-8e73-aeda5d06a8f2/_dkSrSoRJylFApFaSU2KC2_ThR5OCrdO4HZNECNg_1.jpg"",""https://static.yeezyunique.ru/batches/6cb9ff7b-d813-4394-8e73-aeda5d06a8f2/_dkSrSoRJylFApFaSU2KC2_ThR5OCrdO4HZNECNg_2.jpg"",""https://static.yeezyunique.ru/batches/6cb9ff7b-d813-4394-8e73-aeda5d06a8f2/_dkSrSoRJylFApFaSU2KC2_ThR5OCrdO4HZNECNg_3.jpg"",""https://static.yeezyunique.ru/batches/6cb9ff7b-d813-4394-8e73-aeda5d06a8f2/_dkSrSoRJylFApFaSU2KC2_ThR5OCrdO4HZNECNg_4.jpg"",""https://static.yeezyunique.ru/batches/6cb9ff7b-d813-4394-8e73-aeda5d06a8f2/_dkSrSoRJylFApFaSU2KC2_ThR5OCrdO4HZNECNg_5.jpg"",""https://static.yeezyunique.ru/batches/6cb9ff7b-d813-4394-8e73-aeda5d06a8f2/_dkSrSoRJylFApFaSU2KC2_ThR5OCrdO4HZNECNg_6.jpg"",""https://static.yeezyunique.ru/batches/6cb9ff7b-d813-4394-8e73-aeda5d06a8f2/_dkSrSoRJylFApFaSU2KC2_ThR5OCrdO4HZNECNg_7.jpg"",""https://static.yeezyunique.ru/batches/6cb9ff7b-d813-4394-8e73-aeda5d06a8f2/_dkSrSoRJylFApFaSU2KC2_ThR5OCrdO4HZNECNg_8.jpg""]";true
_diXrS8o5IcaqcuXcBv9c_dM3E9aYILevs-aphGw;Miu Miu Туфли;Элегантные туфли Мэри Джейн с изящным заостренным мысом и аккуратным каблуком-рюмочкой высотой 3,5 см. Модель выполнена из премиальной итальянской лакированной кожи с подкладкой из нежной кожи ягненка и дополнена качественной кожаной подошвой.\n\nРазмеры: 35-40.;23000;cn386fag2q87srw;nzg3vsvajpiv1e8;mect3or5ztq64fc;Для женщин;"[""https://static.yeezyunique.ru/batches/6cb9ff7b-d813-4394-8e73-aeda5d06a8f2/_diXrS8o5IcaqcuXcBv9c_dM3E9aYILevs-aphGw_0.jpg"",""https://static.yeezyunique.ru/batches/6cb9ff7b-d813-4394-8e73-aeda5d06a8f2/_diXrS8o5IcaqcuXcBv9c_dM3E9aYILevs-aphGw_1.jpg"",""https://static.yeezyunique.ru/batches/6cb9ff7b-d813-4394-8e73-aeda5d06a8f2/_diXrS8o5IcaqcuXcBv9c_dM3E9aYILevs-aphGw_2.jpg"",""https://static.yeezyunique.ru/batches/6cb9ff7b-d813-4394-8e73-aeda5d06a8f2/_diXrS8o5IcaqcuXcBv9c_dM3E9aYILevs-aphGw_3.jpg"",""https://static.yeezyunique.ru/batches/6cb9ff7b-d813-4394-8e73-aeda5d06a8f2/_diXrS8o5IcaqcuXcBv9c_dM3E9aYILevs-aphGw_4.jpg"",""https://static.yeezyunique.ru/batches/6cb9ff7b-d813-4394-8e73-aeda5d06a8f2/_diXrS8o5IcaqcuXcBv9c_dM3E9aYILevs-aphGw_5.jpg"",""https://static.yeezyunique.ru/batches/6cb9ff7b-d813-4394-8e73-aeda5d06a8f2/_diXrS8o5IcaqcuXcBv9c_dM3E9aYILevs-aphGw_6.jpg"",""https://static.yeezyunique.ru/batches/6cb9ff7b-d813-4394-8e73-aeda5d06a8f2/_diXrS8o5IcaqcuXcBv9c_dM3E9aYILevs-aphGw_7.jpg"",""https://static.yeezyunique.ru/batches/6cb9ff7b-d813-4394-8e73-aeda5d06a8f2/_diXrS8o5IcaqcuXcBv9c_dM3E9aYILevs-aphGw_8.jpg""]";true
_dndrSjkdiudExRQsobEezupM1-Yfol3f2kYEtuA;Louis Vuitton Туфли;Яркие и стильные туфли из коллаборации с Такаси Мураками, украшенные культовым разноцветным узором Monogram. Модель дополнена широким ремешком на липучке с функциональным карманом на молнии, а также удобной стелькой и легкой рельефной подошвой.\n\nРазмеры: 35-40.;38000;977uh954t91spxq;nzg3vsvajpiv1e8;mect3or5ztq64fc;Для женщин;"[""https://static.yeezyunique.ru/batches/6cb9ff7b-d813-4394-8e73-aeda5d06a8f2/_dndrSjkdiudExRQsobEezupM1-Yfol3f2kYEtuA_0.jpg"",""https://static.yeezyunique.ru/batches/6cb9ff7b-d813-4394-8e73-aeda5d06a8f2/_dndrSjkdiudExRQsobEezupM1-Yfol3f2kYEtuA_1.jpg"",""https://static.yeezyunique.ru/batches/6cb9ff7b-d813-4394-8e73-aeda5d06a8f2/_dndrSjkdiudExRQsobEezupM1-Yfol3f2kYEtuA_2.jpg"",""https://static.yeezyunique.ru/batches/6cb9ff7b-d813-4394-8e73-aeda5d06a8f2/_dndrSjkdiudExRQsobEezupM1-Yfol3f2kYEtuA_3.jpg"",""https://static.yeezyunique.ru/batches/6cb9ff7b-d813-4394-8e73-aeda5d06a8f2/_dndrSjkdiudExRQsobEezupM1-Yfol3f2kYEtuA_4.jpg"",""https://static.yeezyunique.ru/batches/6cb9ff7b-d813-4394-8e73-aeda5d06a8f2/_dndrSjkdiudExRQsobEezupM1-Yfol3f2kYEtuA_5.jpg"",""https://static.yeezyunique.ru/batches/6cb9ff7b-d813-4394-8e73-aeda5d06a8f2/_dndrSjkdiudExRQsobEezupM1-Yfol3f2kYEtuA_6.jpg"",""https://static.yeezyunique.ru/batches/6cb9ff7b-d813-4394-8e73-aeda5d06a8f2/_dndrSjkdiudExRQsobEezupM1-Yfol3f2kYEtuA_7.jpg"",""https://static.yeezyunique.ru/batches/6cb9ff7b-d813-4394-8e73-aeda5d06a8f2/_dndrSjkdiudExRQsobEezupM1-Yfol3f2kYEtuA_8.jpg""]";true
_dnPrSl1cLo6E9Mm29Ra9TfPW0bIsUe602hL1H7w;Louis Vuitton Туфли;Эффектные мюли из денима с культовым узором Monogram. Модель дополнена широким ремешком на липучке с декоративным карманом и комфортной стелькой для удобства в течение всего дня.\n\nРазмеры: 35-40.;38000;977uh954t91spxq;nzg3vsvajpiv1e8;mect3or5ztq64fc;Для женщин;"[""https://static.yeezyunique.ru/batches/6cb9ff7b-d813-4394-8e73-aeda5d06a8f2/_dnPrSl1cLo6E9Mm29Ra9TfPW0bIsUe602hL1H7w_0.jpg"",""https://static.yeezyunique.ru/batches/6cb9ff7b-d813-4394-8e73-aeda5d06a8f2/_dnPrSl1cLo6E9Mm29Ra9TfPW0bIsUe602hL1H7w_1.jpg"",""https://static.yeezyunique.ru/batches/6cb9ff7b-d813-4394-8e73-aeda5d06a8f2/_dnPrSl1cLo6E9Mm29Ra9TfPW0bIsUe602hL1H7w_2.jpg"",""https://static.yeezyunique.ru/batches/6cb9ff7b-d813-4394-8e73-aeda5d06a8f2/_dnPrSl1cLo6E9Mm29Ra9TfPW0bIsUe602hL1H7w_3.jpg"",""https://static.yeezyunique.ru/batches/6cb9ff7b-d813-4394-8e73-aeda5d06a8f2/_dnPrSl1cLo6E9Mm29Ra9TfPW0bIsUe602hL1H7w_4.jpg"",""https://static.yeezyunique.ru/batches/6cb9ff7b-d813-4394-8e73-aeda5d06a8f2/_dnPrSl1cLo6E9Mm29Ra9TfPW0bIsUe602hL1H7w_5.jpg"",""https://static.yeezyunique.ru/batches/6cb9ff7b-d813-4394-8e73-aeda5d06a8f2/_dnPrSl1cLo6E9Mm29Ra9TfPW0bIsUe602hL1H7w_6.jpg"",""https://static.yeezyunique.ru/batches/6cb9ff7b-d813-4394-8e73-aeda5d06a8f2/_dnPrSl1cLo6E9Mm29Ra9TfPW0bIsUe602hL1H7w_7.jpg"",""https://static.yeezyunique.ru/batches/6cb9ff7b-d813-4394-8e73-aeda5d06a8f2/_dnPrSl1cLo6E9Mm29Ra9TfPW0bIsUe602hL1H7w_8.jpg""]";true
_df4rSRWBhTpaJrTvtDCgX8vWBT8L2ptV1m5CuFA;Louis Vuitton Тапки;Комфортные шлепанцы из лимитированной коллекции с узнаваемым узором Monogram. Модель дополнена широким ремешком на липучке с функциональным карманом на молнии, а легкая рельефная подошва обеспечивает превосходную амортизацию.\n\nРазмеры: 35-40.;23000;977uh954t91spxq;nzg3vsvajpiv1e8;mect3or5ztq64fc;Для женщин;"[""https://static.yeezyunique.ru/batches/6cb9ff7b-d813-4394-8e73-aeda5d06a8f2/_df4rSRWBhTpaJrTvtDCgX8vWBT8L2ptV1m5CuFA_0.jpg"",""https://static.yeezyunique.ru/batches/6cb9ff7b-d813-4394-8e73-aeda5d06a8f2/_df4rSRWBhTpaJrTvtDCgX8vWBT8L2ptV1m5CuFA_1.jpg"",""https://static.yeezyunique.ru/batches/6cb9ff7b-d813-4394-8e73-aeda5d06a8f2/_df4rSRWBhTpaJrTvtDCgX8vWBT8L2ptV1m5CuFA_2.jpg"",""https://static.yeezyunique.ru/batches/6cb9ff7b-d813-4394-8e73-aeda5d06a8f2/_df4rSRWBhTpaJrTvtDCgX8vWBT8L2ptV1m5CuFA_3.jpg"",""https://static.yeezyunique.ru/batches/6cb9ff7b-d813-4394-8e73-aeda5d06a8f2/_df4rSRWBhTpaJrTvtDCgX8vWBT8L2ptV1m5CuFA_4.jpg"",""https://static.yeezyunique.ru/batches/6cb9ff7b-d813-4394-8e73-aeda5d06a8f2/_df4rSRWBhTpaJrTvtDCgX8vWBT8L2ptV1m5CuFA_5.jpg"",""https://static.yeezyunique.ru/batches/6cb9ff7b-d813-4394-8e73-aeda5d06a8f2/_df4rSRWBhTpaJrTvtDCgX8vWBT8L2ptV1m5CuFA_6.jpg"",""https://static.yeezyunique.ru/batches/6cb9ff7b-d813-4394-8e73-aeda5d06a8f2/_df4rSRWBhTpaJrTvtDCgX8vWBT8L2ptV1m5CuFA_7.jpg"",""https://static.yeezyunique.ru/batches/6cb9ff7b-d813-4394-8e73-aeda5d06a8f2/_df4rSRWBhTpaJrTvtDCgX8vWBT8L2ptV1m5CuFA_8.jpg""]";true
_d9wrSHuDFth3cC3FThpcagDMUAL5_FxD_XH6Ycw;Louis Vuitton Тапки;Комфортные шлепанцы из лимитированной коллекции с узнаваемым узором Monogram. Модель дополнена широким ремешком на липучке с функциональным карманом, а также легкой износостойкой подошвой для максимального удобства в летний сезон.\n\nРазмеры: 35-40.;23000;977uh954t91spxq;nzg3vsvajpiv1e8;rbf3iprt2z3owjd;Для женщин;"[""https://static.yeezyunique.ru/batches/6cb9ff7b-d813-4394-8e73-aeda5d06a8f2/_d9wrSHuDFth3cC3FThpcagDMUAL5_FxD_XH6Ycw_0.jpg"",""https://static.yeezyunique.ru/batches/6cb9ff7b-d813-4394-8e73-aeda5d06a8f2/_d9wrSHuDFth3cC3FThpcagDMUAL5_FxD_XH6Ycw_1.jpg"",""https://static.yeezyunique.ru/batches/6cb9ff7b-d813-4394-8e73-aeda5d06a8f2/_d9wrSHuDFth3cC3FThpcagDMUAL5_FxD_XH6Ycw_2.jpg"",""https://static.yeezyunique.ru/batches/6cb9ff7b-d813-4394-8e73-aeda5d06a8f2/_d9wrSHuDFth3cC3FThpcagDMUAL5_FxD_XH6Ycw_3.jpg"",""https://static.yeezyunique.ru/batches/6cb9ff7b-d813-4394-8e73-aeda5d06a8f2/_d9wrSHuDFth3cC3FThpcagDMUAL5_FxD_XH6Ycw_4.jpg"",""https://static.yeezyunique.ru/batches/6cb9ff7b-d813-4394-8e73-aeda5d06a8f2/_d9wrSHuDFth3cC3FThpcagDMUAL5_FxD_XH6Ycw_5.jpg"",""https://static.yeezyunique.ru/batches/6cb9ff7b-d813-4394-8e73-aeda5d06a8f2/_d9wrSHuDFth3cC3FThpcagDMUAL5_FxD_XH6Ycw_6.jpg"",""https://static.yeezyunique.ru/batches/6cb9ff7b-d813-4394-8e73-aeda5d06a8f2/_d9wrSHuDFth3cC3FThpcagDMUAL5_FxD_XH6Ycw_7.jpg"",""https://static.yeezyunique.ru/batches/6cb9ff7b-d813-4394-8e73-aeda5d06a8f2/_d9wrSHuDFth3cC3FThpcagDMUAL5_FxD_XH6Ycw_8.jpg""]";true
_dnerSb38vPLOul5Q1jz-IrxMV-5UO1Hrc3VxHWA;Louis Vuitton Кроссовки;Стильные кроссовки с оригинальным объемным дизайном, обеспечивающие непревзойденный комфорт при ходьбе. Модель выполнена из премиальной итальянской замши и высококачественной кожи ягненка с дышащей подкладкой.\n\nРазмеры: 35-40 (женские), 40-45 (мужские).;23000;977uh954t91spxq;nzg3vsvajpiv1e8;ll3hofpd5wqxr81;Унисекс;"[""https://static.yeezyunique.ru/batches/6cb9ff7b-d813-4394-8e73-aeda5d06a8f2/_dnerSb38vPLOul5Q1jz-IrxMV-5UO1Hrc3VxHWA_0.jpg"",""https://static.yeezyunique.ru/batches/6cb9ff7b-d813-4394-8e73-aeda5d06a8f2/_dnerSb38vPLOul5Q1jz-IrxMV-5UO1Hrc3VxHWA_1.jpg"",""https://static.yeezyunique.ru/batches/6cb9ff7b-d813-4394-8e73-aeda5d06a8f2/_dnerSb38vPLOul5Q1jz-IrxMV-5UO1Hrc3VxHWA_2.jpg"",""https://static.yeezyunique.ru/batches/6cb9ff7b-d813-4394-8e73-aeda5d06a8f2/_dnerSb38vPLOul5Q1jz-IrxMV-5UO1Hrc3VxHWA_3.jpg"",""https://static.yeezyunique.ru/batches/6cb9ff7b-d813-4394-8e73-aeda5d06a8f2/_dnerSb38vPLOul5Q1jz-IrxMV-5UO1Hrc3VxHWA_4.jpg"",""https://static.yeezyunique.ru/batches/6cb9ff7b-d813-4394-8e73-aeda5d06a8f2/_dnerSb38vPLOul5Q1jz-IrxMV-5UO1Hrc3VxHWA_5.jpg"",""https://static.yeezyunique.ru/batches/6cb9ff7b-d813-4394-8e73-aeda5d06a8f2/_dnerSb38vPLOul5Q1jz-IrxMV-5UO1Hrc3VxHWA_6.jpg"",""https://static.yeezyunique.ru/batches/6cb9ff7b-d813-4394-8e73-aeda5d06a8f2/_dnerSb38vPLOul5Q1jz-IrxMV-5UO1Hrc3VxHWA_7.jpg"",""https://static.yeezyunique.ru/batches/6cb9ff7b-d813-4394-8e73-aeda5d06a8f2/_dnerSb38vPLOul5Q1jz-IrxMV-5UO1Hrc3VxHWA_8.jpg""]";true
_dqCrS6GcXYB23zD3ep6t4ldr1lGFw2MfckanIxw;Louis Vuitton Кроссовки;Стильные кроссовки с оригинальным объемным дизайном, обеспечивающие непревзойденный комфорт при ходьбе. Модель выполнена из премиальной итальянской замши и высококачественной кожи теленка с подкладкой из натуральной кожи.\n\nРазмеры: 35-40 (женские), 40-45 (мужские).;23000;977uh954t91spxq;nzg3vsvajpiv1e8;ll3hofpd5wqxr81;Унисекс;"[""https://static.yeezyunique.ru/batches/6cb9ff7b-d813-4394-8e73-aeda5d06a8f2/_dqCrS6GcXYB23zD3ep6t4ldr1lGFw2MfckanIxw_0.jpg"",""https://static.yeezyunique.ru/batches/6cb9ff7b-d813-4394-8e73-aeda5d06a8f2/_dqCrS6GcXYB23zD3ep6t4ldr1lGFw2MfckanIxw_1.jpg"",""https://static.yeezyunique.ru/batches/6cb9ff7b-d813-4394-8e73-aeda5d06a8f2/_dqCrS6GcXYB23zD3ep6t4ldr1lGFw2MfckanIxw_2.jpg"",""https://static.yeezyunique.ru/batches/6cb9ff7b-d813-4394-8e73-aeda5d06a8f2/_dqCrS6GcXYB23zD3ep6t4ldr1lGFw2MfckanIxw_3.jpg"",""https://static.yeezyunique.ru/batches/6cb9ff7b-d813-4394-8e73-aeda5d06a8f2/_dqCrS6GcXYB23zD3ep6t4ldr1lGFw2MfckanIxw_4.jpg"",""https://static.yeezyunique.ru/batches/6cb9ff7b-d813-4394-8e73-aeda5d06a8f2/_dqCrS6GcXYB23zD3ep6t4ldr1lGFw2MfckanIxw_5.jpg"",""https://static.yeezyunique.ru/batches/6cb9ff7b-d813-4394-8e73-aeda5d06a8f2/_dqCrS6GcXYB23zD3ep6t4ldr1lGFw2MfckanIxw_6.jpg"",""https://static.yeezyunique.ru/batches/6cb9ff7b-d813-4394-8e73-aeda5d06a8f2/_dqCrS6GcXYB23zD3ep6t4ldr1lGFw2MfckanIxw_7.jpg"",""https://static.yeezyunique.ru/batches/6cb9ff7b-d813-4394-8e73-aeda5d06a8f2/_dqCrS6GcXYB23zD3ep6t4ldr1lGFw2MfckanIxw_8.jpg""]";true
_djQrSWQ3tF5HH85r3-xLh7x3po9gnF5MtDU46Dg;Louis Vuitton Кроссовки;Легкие кроссовки из новой коллекции Olympia, выполненные из комбинации премиальных материалов: дышащей сетчатой ткани, высококачественной микрофибры и натуральной кожи с фирменным принтом. Модель дополнена дышащей внутренней подкладкой и оригинальной подошвой из термополиуретана для максимального комфорта.\n\nРазмеры: 35-40.;23000;977uh954t91spxq;nzg3vsvajpiv1e8;ll3hofpd5wqxr81;Для женщин;"[""https://static.yeezyunique.ru/batches/6cb9ff7b-d813-4394-8e73-aeda5d06a8f2/_djQrSWQ3tF5HH85r3-xLh7x3po9gnF5MtDU46Dg_0.jpg"",""https://static.yeezyunique.ru/batches/6cb9ff7b-d813-4394-8e73-aeda5d06a8f2/_djQrSWQ3tF5HH85r3-xLh7x3po9gnF5MtDU46Dg_1.jpg"",""https://static.yeezyunique.ru/batches/6cb9ff7b-d813-4394-8e73-aeda5d06a8f2/_djQrSWQ3tF5HH85r3-xLh7x3po9gnF5MtDU46Dg_2.jpg"",""https://static.yeezyunique.ru/batches/6cb9ff7b-d813-4394-8e73-aeda5d06a8f2/_djQrSWQ3tF5HH85r3-xLh7x3po9gnF5MtDU46Dg_3.jpg"",""https://static.yeezyunique.ru/batches/6cb9ff7b-d813-4394-8e73-aeda5d06a8f2/_djQrSWQ3tF5HH85r3-xLh7x3po9gnF5MtDU46Dg_4.jpg"",""https://static.yeezyunique.ru/batches/6cb9ff7b-d813-4394-8e73-aeda5d06a8f2/_djQrSWQ3tF5HH85r3-xLh7x3po9gnF5MtDU46Dg_5.jpg"",""https://static.yeezyunique.ru/batches/6cb9ff7b-d813-4394-8e73-aeda5d06a8f2/_djQrSWQ3tF5HH85r3-xLh7x3po9gnF5MtDU46Dg_6.jpg"",""https://static.yeezyunique.ru/batches/6cb9ff7b-d813-4394-8e73-aeda5d06a8f2/_djQrSWQ3tF5HH85r3-xLh7x3po9gnF5MtDU46Dg_7.jpg"",""https://static.yeezyunique.ru/batches/6cb9ff7b-d813-4394-8e73-aeda5d06a8f2/_djQrSWQ3tF5HH85r3-xLh7x3po9gnF5MtDU46Dg_8.jpg""]";true
_deIrSAgZW9aks2RKCy8Qwc3_1BfVjdBFaAzZnkQ;Louis Vuitton Кроссовки;Легкие кроссовки из новой коллекции Olympia, выполненные из комбинации премиальных материалов: дышащей сетчатой ткани, высококачественной микрофибры и натуральной кожи с фирменным принтом. Модель дополнена дышащей внутренней подкладкой и оригинальной подошвой из термополиуретана для максимального комфорта.\n\nРазмеры: 35-40.;23000;977uh954t91spxq;nzg3vsvajpiv1e8;ll3hofpd5wqxr81;Для женщин;"[""https://static.yeezyunique.ru/batches/6cb9ff7b-d813-4394-8e73-aeda5d06a8f2/_deIrSAgZW9aks2RKCy8Qwc3_1BfVjdBFaAzZnkQ_0.jpg"",""https://static.yeezyunique.ru/batches/6cb9ff7b-d813-4394-8e73-aeda5d06a8f2/_deIrSAgZW9aks2RKCy8Qwc3_1BfVjdBFaAzZnkQ_1.jpg"",""https://static.yeezyunique.ru/batches/6cb9ff7b-d813-4394-8e73-aeda5d06a8f2/_deIrSAgZW9aks2RKCy8Qwc3_1BfVjdBFaAzZnkQ_2.jpg"",""https://static.yeezyunique.ru/batches/6cb9ff7b-d813-4394-8e73-aeda5d06a8f2/_deIrSAgZW9aks2RKCy8Qwc3_1BfVjdBFaAzZnkQ_3.jpg"",""https://static.yeezyunique.ru/batches/6cb9ff7b-d813-4394-8e73-aeda5d06a8f2/_deIrSAgZW9aks2RKCy8Qwc3_1BfVjdBFaAzZnkQ_4.jpg"",""https://static.yeezyunique.ru/batches/6cb9ff7b-d813-4394-8e73-aeda5d06a8f2/_deIrSAgZW9aks2RKCy8Qwc3_1BfVjdBFaAzZnkQ_5.jpg"",""https://static.yeezyunique.ru/batches/6cb9ff7b-d813-4394-8e73-aeda5d06a8f2/_deIrSAgZW9aks2RKCy8Qwc3_1BfVjdBFaAzZnkQ_6.jpg"",""https://static.yeezyunique.ru/batches/6cb9ff7b-d813-4394-8e73-aeda5d06a8f2/_deIrSAgZW9aks2RKCy8Qwc3_1BfVjdBFaAzZnkQ_7.jpg"",""https://static.yeezyunique.ru/batches/6cb9ff7b-d813-4394-8e73-aeda5d06a8f2/_deIrSAgZW9aks2RKCy8Qwc3_1BfVjdBFaAzZnkQ_8.jpg""]";true
_dxqrSmX9QPpB70yJlzVT6RdX34cGPRbYuH75dbQ;Louis Vuitton Кроссовки;Легкие кроссовки из новой коллекции Olympia, выполненные из комбинации премиальных материалов: дышащей сетчатой ткани, высококачественной микрофибры и натуральной кожи с фирменным принтом. Модель дополнена дышащей внутренней подкладкой и оригинальной подошвой из термополиуретана для максимального комфорта.\n\nРазмеры: 35-40.;23000;977uh954t91spxq;nzg3vsvajpiv1e8;ll3hofpd5wqxr81;Для женщин;"[""https://static.yeezyunique.ru/batches/6cb9ff7b-d813-4394-8e73-aeda5d06a8f2/_dxqrSmX9QPpB70yJlzVT6RdX34cGPRbYuH75dbQ_0.jpg"",""https://static.yeezyunique.ru/batches/6cb9ff7b-d813-4394-8e73-aeda5d06a8f2/_dxqrSmX9QPpB70yJlzVT6RdX34cGPRbYuH75dbQ_1.jpg"",""https://static.yeezyunique.ru/batches/6cb9ff7b-d813-4394-8e73-aeda5d06a8f2/_dxqrSmX9QPpB70yJlzVT6RdX34cGPRbYuH75dbQ_2.jpg"",""https://static.yeezyunique.ru/batches/6cb9ff7b-d813-4394-8e73-aeda5d06a8f2/_dxqrSmX9QPpB70yJlzVT6RdX34cGPRbYuH75dbQ_3.jpg"",""https://static.yeezyunique.ru/batches/6cb9ff7b-d813-4394-8e73-aeda5d06a8f2/_dxqrSmX9QPpB70yJlzVT6RdX34cGPRbYuH75dbQ_4.jpg"",""https://static.yeezyunique.ru/batches/6cb9ff7b-d813-4394-8e73-aeda5d06a8f2/_dxqrSmX9QPpB70yJlzVT6RdX34cGPRbYuH75dbQ_5.jpg"",""https://static.yeezyunique.ru/batches/6cb9ff7b-d813-4394-8e73-aeda5d06a8f2/_dxqrSmX9QPpB70yJlzVT6RdX34cGPRbYuH75dbQ_6.jpg"",""https://static.yeezyunique.ru/batches/6cb9ff7b-d813-4394-8e73-aeda5d06a8f2/_dxqrSmX9QPpB70yJlzVT6RdX34cGPRbYuH75dbQ_7.jpg"",""https://static.yeezyunique.ru/batches/6cb9ff7b-d813-4394-8e73-aeda5d06a8f2/_dxqrSmX9QPpB70yJlzVT6RdX34cGPRbYuH75dbQ_8.jpg""]";true
_dhrrS1FcRy6bLzOe4JR4r3hILXd6LZ2PPk2yYPw;Miu Miu Лоферы;Классические лоферы Miu Miu, вдохновленные дизайном традиционной парусной обуви. Модель выполнена из премиальной итальянской телячьей кожи с эффектом легкой потертости и дополнена изящным декоративным бантом на шнуровке.\n\nРазмеры: 35-40.;23000;cn386fag2q87srw;nzg3vsvajpiv1e8;4pxynbc4fqy6aiu;Для женщин;"[""https://static.yeezyunique.ru/batches/6cb9ff7b-d813-4394-8e73-aeda5d06a8f2/_dhrrS1FcRy6bLzOe4JR4r3hILXd6LZ2PPk2yYPw_0.jpg"",""https://static.yeezyunique.ru/batches/6cb9ff7b-d813-4394-8e73-aeda5d06a8f2/_dhrrS1FcRy6bLzOe4JR4r3hILXd6LZ2PPk2yYPw_1.jpg"",""https://static.yeezyunique.ru/batches/6cb9ff7b-d813-4394-8e73-aeda5d06a8f2/_dhrrS1FcRy6bLzOe4JR4r3hILXd6LZ2PPk2yYPw_2.jpg"",""https://static.yeezyunique.ru/batches/6cb9ff7b-d813-4394-8e73-aeda5d06a8f2/_dhrrS1FcRy6bLzOe4JR4r3hILXd6LZ2PPk2yYPw_3.jpg"",""https://static.yeezyunique.ru/batches/6cb9ff7b-d813-4394-8e73-aeda5d06a8f2/_dhrrS1FcRy6bLzOe4JR4r3hILXd6LZ2PPk2yYPw_4.jpg"",""https://static.yeezyunique.ru/batches/6cb9ff7b-d813-4394-8e73-aeda5d06a8f2/_dhrrS1FcRy6bLzOe4JR4r3hILXd6LZ2PPk2yYPw_5.jpg"",""https://static.yeezyunique.ru/batches/6cb9ff7b-d813-4394-8e73-aeda5d06a8f2/_dhrrS1FcRy6bLzOe4JR4r3hILXd6LZ2PPk2yYPw_6.jpg"",""https://static.yeezyunique.ru/batches/6cb9ff7b-d813-4394-8e73-aeda5d06a8f2/_dhrrS1FcRy6bLzOe4JR4r3hILXd6LZ2PPk2yYPw_7.jpg"",""https://static.yeezyunique.ru/batches/6cb9ff7b-d813-4394-8e73-aeda5d06a8f2/_dhrrS1FcRy6bLzOe4JR4r3hILXd6LZ2PPk2yYPw_8.jpg""]";true
_dmXrS8oEBVtr-855pkOlDcCrG3Cq_WHite-M5Ow;Miu Miu Лоферы;Классические лоферы Miu Miu, вдохновленные дизайном традиционной обуви для яхтинга. Модель выполнена из премиальной итальянской телячьей кожи с эффектом легкой потертости и дополнена изящным декоративным бантом на шнуровке.\n\nРазмеры: 35-40.;23000;cn386fag2q87srw;nzg3vsvajpiv1e8;4pxynbc4fqy6aiu;Для женщин;"[""https://static.yeezyunique.ru/batches/6cb9ff7b-d813-4394-8e73-aeda5d06a8f2/_dmXrS8oEBVtr-855pkOlDcCrG3Cq_WHite-M5Ow_0.jpg"",""https://static.yeezyunique.ru/batches/6cb9ff7b-d813-4394-8e73-aeda5d06a8f2/_dmXrS8oEBVtr-855pkOlDcCrG3Cq_WHite-M5Ow_1.jpg"",""https://static.yeezyunique.ru/batches/6cb9ff7b-d813-4394-8e73-aeda5d06a8f2/_dmXrS8oEBVtr-855pkOlDcCrG3Cq_WHite-M5Ow_2.jpg"",""https://static.yeezyunique.ru/batches/6cb9ff7b-d813-4394-8e73-aeda5d06a8f2/_dmXrS8oEBVtr-855pkOlDcCrG3Cq_WHite-M5Ow_3.jpg"",""https://static.yeezyunique.ru/batches/6cb9ff7b-d813-4394-8e73-aeda5d06a8f2/_dmXrS8oEBVtr-855pkOlDcCrG3Cq_WHite-M5Ow_4.jpg"",""https://static.yeezyunique.ru/batches/6cb9ff7b-d813-4394-8e73-aeda5d06a8f2/_dmXrS8oEBVtr-855pkOlDcCrG3Cq_WHite-M5Ow_5.jpg"",""https://static.yeezyunique.ru/batches/6cb9ff7b-d813-4394-8e73-aeda5d06a8f2/_dmXrS8oEBVtr-855pkOlDcCrG3Cq_WHite-M5Ow_6.jpg"",""https://static.yeezyunique.ru/batches/6cb9ff7b-d813-4394-8e73-aeda5d06a8f2/_dmXrS8oEBVtr-855pkOlDcCrG3Cq_WHite-M5Ow_7.jpg"",""https://static.yeezyunique.ru/batches/6cb9ff7b-d813-4394-8e73-aeda5d06a8f2/_dmXrS8oEBVtr-855pkOlDcCrG3Cq_WHite-M5Ow_8.jpg""]";true
_djCrSKppJuwgE5skRGPuYxiWX_Tfx9u9mKLeUxA;Maison Margiela Балетки;Элегантные балетки Tabi в стиле Мэри Джейн от Maison Margiela. Модель выполнена из мягкой итальянской полнозернистой кожи ягненка с подкладкой из натуральной кожи и прочной кожаной подошвой.\n\nРазмеры: 35-40.;23000;j2146e3hgo0c6z7;nzg3vsvajpiv1e8;gquuvxk7z0ik5jn;Для женщин;"[""https://static.yeezyunique.ru/batches/6cb9ff7b-d813-4394-8e73-aeda5d06a8f2/_djCrSKppJuwgE5skRGPuYxiWX_Tfx9u9mKLeUxA_0.jpg"",""https://static.yeezyunique.ru/batches/6cb9ff7b-d813-4394-8e73-aeda5d06a8f2/_djCrSKppJuwgE5skRGPuYxiWX_Tfx9u9mKLeUxA_1.jpg"",""https://static.yeezyunique.ru/batches/6cb9ff7b-d813-4394-8e73-aeda5d06a8f2/_djCrSKppJuwgE5skRGPuYxiWX_Tfx9u9mKLeUxA_2.jpg"",""https://static.yeezyunique.ru/batches/6cb9ff7b-d813-4394-8e73-aeda5d06a8f2/_djCrSKppJuwgE5skRGPuYxiWX_Tfx9u9mKLeUxA_3.jpg"",""https://static.yeezyunique.ru/batches/6cb9ff7b-d813-4394-8e73-aeda5d06a8f2/_djCrSKppJuwgE5skRGPuYxiWX_Tfx9u9mKLeUxA_4.jpg"",""https://static.yeezyunique.ru/batches/6cb9ff7b-d813-4394-8e73-aeda5d06a8f2/_djCrSKppJuwgE5skRGPuYxiWX_Tfx9u9mKLeUxA_5.jpg"",""https://static.yeezyunique.ru/batches/6cb9ff7b-d813-4394-8e73-aeda5d06a8f2/_djCrSKppJuwgE5skRGPuYxiWX_Tfx9u9mKLeUxA_6.jpg"",""https://static.yeezyunique.ru/batches/6cb9ff7b-d813-4394-8e73-aeda5d06a8f2/_djCrSKppJuwgE5skRGPuYxiWX_Tfx9u9mKLeUxA_7.jpg"",""https://static.yeezyunique.ru/batches/6cb9ff7b-d813-4394-8e73-aeda5d06a8f2/_djCrSKppJuwgE5skRGPuYxiWX_Tfx9u9mKLeUxA_8.jpg""]";true
_dfVrSv4B41gbvaSHEUo3iTqS-bA36kN_dcx60-A;Maison Margiela Балетки;Элегантные балетки Tabi Mary Jane от Maison Margiela, выполненные из мягкой итальянской полнозернистой кожи ягненка. Модель отличается фирменным разделенным носком и дополнена подкладкой из натуральной кожи для непревзойденного комфорта.\n\nРазмеры: 35-40.;23000;j2146e3hgo0c6z7;nzg3vsvajpiv1e8;gquuvxk7z0ik5jn;Для женщин;"[""https://static.yeezyunique.ru/batches/6cb9ff7b-d813-4394-8e73-aeda5d06a8f2/_dfVrSv4B41gbvaSHEUo3iTqS-bA36kN_dcx60-A_0.jpg"",""https://static.yeezyunique.ru/batches/6cb9ff7b-d813-4394-8e73-aeda5d06a8f2/_dfVrSv4B41gbvaSHEUo3iTqS-bA36kN_dcx60-A_1.jpg"",""https://static.yeezyunique.ru/batches/6cb9ff7b-d813-4394-8e73-aeda5d06a8f2/_dfVrSv4B41gbvaSHEUo3iTqS-bA36kN_dcx60-A_2.jpg"",""https://static.yeezyunique.ru/batches/6cb9ff7b-d813-4394-8e73-aeda5d06a8f2/_dfVrSv4B41gbvaSHEUo3iTqS-bA36kN_dcx60-A_3.jpg"",""https://static.yeezyunique.ru/batches/6cb9ff7b-d813-4394-8e73-aeda5d06a8f2/_dfVrSv4B41gbvaSHEUo3iTqS-bA36kN_dcx60-A_4.jpg"",""https://static.yeezyunique.ru/batches/6cb9ff7b-d813-4394-8e73-aeda5d06a8f2/_dfVrSv4B41gbvaSHEUo3iTqS-bA36kN_dcx60-A_5.jpg"",""https://static.yeezyunique.ru/batches/6cb9ff7b-d813-4394-8e73-aeda5d06a8f2/_dfVrSv4B41gbvaSHEUo3iTqS-bA36kN_dcx60-A_6.jpg"",""https://static.yeezyunique.ru/batches/6cb9ff7b-d813-4394-8e73-aeda5d06a8f2/_dfVrSv4B41gbvaSHEUo3iTqS-bA36kN_dcx60-A_7.jpg"",""https://static.yeezyunique.ru/batches/6cb9ff7b-d813-4394-8e73-aeda5d06a8f2/_dfVrSv4B41gbvaSHEUo3iTqS-bA36kN_dcx60-A_8.jpg""]";true
_db6rSosUmr8QSi4Yx7jVCIuzIKwdk65tpNF0goQ;Maison Margiela Балетки;Элегантные балетки Tabi Mary Jane от Maison Margiela, выполненные из мягкой итальянской полнозернистой кожи ягненка. Модель отличается фирменным разделенным носком и дополнена подкладкой из натуральной кожи для непревзойденного комфорта.\n\nРазмеры: 35-40.;23000;j2146e3hgo0c6z7;nzg3vsvajpiv1e8;gquuvxk7z0ik5jn;Для женщин;"[""https://static.yeezyunique.ru/batches/6cb9ff7b-d813-4394-8e73-aeda5d06a8f2/_db6rSosUmr8QSi4Yx7jVCIuzIKwdk65tpNF0goQ_0.jpg"",""https://static.yeezyunique.ru/batches/6cb9ff7b-d813-4394-8e73-aeda5d06a8f2/_db6rSosUmr8QSi4Yx7jVCIuzIKwdk65tpNF0goQ_1.jpg"",""https://static.yeezyunique.ru/batches/6cb9ff7b-d813-4394-8e73-aeda5d06a8f2/_db6rSosUmr8QSi4Yx7jVCIuzIKwdk65tpNF0goQ_2.jpg"",""https://static.yeezyunique.ru/batches/6cb9ff7b-d813-4394-8e73-aeda5d06a8f2/_db6rSosUmr8QSi4Yx7jVCIuzIKwdk65tpNF0goQ_3.jpg"",""https://static.yeezyunique.ru/batches/6cb9ff7b-d813-4394-8e73-aeda5d06a8f2/_db6rSosUmr8QSi4Yx7jVCIuzIKwdk65tpNF0goQ_4.jpg"",""https://static.yeezyunique.ru/batches/6cb9ff7b-d813-4394-8e73-aeda5d06a8f2/_db6rSosUmr8QSi4Yx7jVCIuzIKwdk65tpNF0goQ_5.jpg"",""https://static.yeezyunique.ru/batches/6cb9ff7b-d813-4394-8e73-aeda5d06a8f2/_db6rSosUmr8QSi4Yx7jVCIuzIKwdk65tpNF0goQ_6.jpg"",""https://static.yeezyunique.ru/batches/6cb9ff7b-d813-4394-8e73-aeda5d06a8f2/_db6rSosUmr8QSi4Yx7jVCIuzIKwdk65tpNF0goQ_7.jpg"",""https://static.yeezyunique.ru/batches/6cb9ff7b-d813-4394-8e73-aeda5d06a8f2/_db6rSosUmr8QSi4Yx7jVCIuzIKwdk65tpNF0goQ_8.jpg""]";true
_dtsrSS6NOEY38iWWpaUup5Xj6qe_qtQGdilp3Bw;Hermes Кроссовки;Стильные и комфортные кроссовки из коллекции Match. Модель выполнена из комбинации натуральной телячьей кожи и прочного моющегося канваса, внутри — подкладка из мягкой кожи ягненка для максимального удобства.\n\nРазмеры: 35-41.;23000;rakg8u0bx1y4qcy;nzg3vsvajpiv1e8;ll3hofpd5wqxr81;Для женщин;"[""https://static.yeezyunique.ru/batches/6cb9ff7b-d813-4394-8e73-aeda5d06a8f2/_dtsrSS6NOEY38iWWpaUup5Xj6qe_qtQGdilp3Bw_0.jpg"",""https://static.yeezyunique.ru/batches/6cb9ff7b-d813-4394-8e73-aeda5d06a8f2/_dtsrSS6NOEY38iWWpaUup5Xj6qe_qtQGdilp3Bw_1.jpg"",""https://static.yeezyunique.ru/batches/6cb9ff7b-d813-4394-8e73-aeda5d06a8f2/_dtsrSS6NOEY38iWWpaUup5Xj6qe_qtQGdilp3Bw_2.jpg"",""https://static.yeezyunique.ru/batches/6cb9ff7b-d813-4394-8e73-aeda5d06a8f2/_dtsrSS6NOEY38iWWpaUup5Xj6qe_qtQGdilp3Bw_3.jpg"",""https://static.yeezyunique.ru/batches/6cb9ff7b-d813-4394-8e73-aeda5d06a8f2/_dtsrSS6NOEY38iWWpaUup5Xj6qe_qtQGdilp3Bw_4.jpg"",""https://static.yeezyunique.ru/batches/6cb9ff7b-d813-4394-8e73-aeda5d06a8f2/_dtsrSS6NOEY38iWWpaUup5Xj6qe_qtQGdilp3Bw_5.jpg"",""https://static.yeezyunique.ru/batches/6cb9ff7b-d813-4394-8e73-aeda5d06a8f2/_dtsrSS6NOEY38iWWpaUup5Xj6qe_qtQGdilp3Bw_6.jpg"",""https://static.yeezyunique.ru/batches/6cb9ff7b-d813-4394-8e73-aeda5d06a8f2/_dtsrSS6NOEY38iWWpaUup5Xj6qe_qtQGdilp3Bw_7.jpg"",""https://static.yeezyunique.ru/batches/6cb9ff7b-d813-4394-8e73-aeda5d06a8f2/_dtsrSS6NOEY38iWWpaUup5Xj6qe_qtQGdilp3Bw_8.jpg""]";true
_dtHrSlFhIDYnO3FDOVHt9kU3NUCnVzw7AMc_XXg;Hermes Кроссовки;Стильные и комфортные кроссовки из коллекции Match. Модель выполнена из комбинации натуральной телячьей кожи и прочного моющегося канваса, дополнена подкладкой из мягкой кожи и удобной стелькой из кожи ягненка.\n\nРазмеры: 35-41.;23000;rakg8u0bx1y4qcy;nzg3vsvajpiv1e8;ll3hofpd5wqxr81;Для женщин;"[""https://static.yeezyunique.ru/batches/6cb9ff7b-d813-4394-8e73-aeda5d06a8f2/_dtHrSlFhIDYnO3FDOVHt9kU3NUCnVzw7AMc_XXg_0.jpg"",""https://static.yeezyunique.ru/batches/6cb9ff7b-d813-4394-8e73-aeda5d06a8f2/_dtHrSlFhIDYnO3FDOVHt9kU3NUCnVzw7AMc_XXg_1.jpg"",""https://static.yeezyunique.ru/batches/6cb9ff7b-d813-4394-8e73-aeda5d06a8f2/_dtHrSlFhIDYnO3FDOVHt9kU3NUCnVzw7AMc_XXg_2.jpg"",""https://static.yeezyunique.ru/batches/6cb9ff7b-d813-4394-8e73-aeda5d06a8f2/_dtHrSlFhIDYnO3FDOVHt9kU3NUCnVzw7AMc_XXg_3.jpg"",""https://static.yeezyunique.ru/batches/6cb9ff7b-d813-4394-8e73-aeda5d06a8f2/_dtHrSlFhIDYnO3FDOVHt9kU3NUCnVzw7AMc_XXg_4.jpg"",""https://static.yeezyunique.ru/batches/6cb9ff7b-d813-4394-8e73-aeda5d06a8f2/_dtHrSlFhIDYnO3FDOVHt9kU3NUCnVzw7AMc_XXg_5.jpg"",""https://static.yeezyunique.ru/batches/6cb9ff7b-d813-4394-8e73-aeda5d06a8f2/_dtHrSlFhIDYnO3FDOVHt9kU3NUCnVzw7AMc_XXg_6.jpg"",""https://static.yeezyunique.ru/batches/6cb9ff7b-d813-4394-8e73-aeda5d06a8f2/_dtHrSlFhIDYnO3FDOVHt9kU3NUCnVzw7AMc_XXg_7.jpg"",""https://static.yeezyunique.ru/batches/6cb9ff7b-d813-4394-8e73-aeda5d06a8f2/_dtHrSlFhIDYnO3FDOVHt9kU3NUCnVzw7AMc_XXg_8.jpg""]";true
_dgOrSPuaG_jO5S_jeMT5zrreB9b0t7fFNQlyX5Q;Hermes Кроссовки;Стильные и комфортные кроссовки из коллекции Match. Модель выполнена из комбинации натуральной телячьей кожи и прочного моющегося канваса, дополнена подкладкой из мягкой кожи и удобной стелькой из кожи ягненка.\n\nРазмеры: 35-41.;23000;rakg8u0bx1y4qcy;nzg3vsvajpiv1e8;ll3hofpd5wqxr81;Для женщин;"[""https://static.yeezyunique.ru/batches/6cb9ff7b-d813-4394-8e73-aeda5d06a8f2/_dgOrSPuaG_jO5S_jeMT5zrreB9b0t7fFNQlyX5Q_0.jpg"",""https://static.yeezyunique.ru/batches/6cb9ff7b-d813-4394-8e73-aeda5d06a8f2/_dgOrSPuaG_jO5S_jeMT5zrreB9b0t7fFNQlyX5Q_1.jpg"",""https://static.yeezyunique.ru/batches/6cb9ff7b-d813-4394-8e73-aeda5d06a8f2/_dgOrSPuaG_jO5S_jeMT5zrreB9b0t7fFNQlyX5Q_2.jpg"",""https://static.yeezyunique.ru/batches/6cb9ff7b-d813-4394-8e73-aeda5d06a8f2/_dgOrSPuaG_jO5S_jeMT5zrreB9b0t7fFNQlyX5Q_3.jpg"",""https://static.yeezyunique.ru/batches/6cb9ff7b-d813-4394-8e73-aeda5d06a8f2/_dgOrSPuaG_jO5S_jeMT5zrreB9b0t7fFNQlyX5Q_4.jpg"",""https://static.yeezyunique.ru/batches/6cb9ff7b-d813-4394-8e73-aeda5d06a8f2/_dgOrSPuaG_jO5S_jeMT5zrreB9b0t7fFNQlyX5Q_5.jpg"",""https://static.yeezyunique.ru/batches/6cb9ff7b-d813-4394-8e73-aeda5d06a8f2/_dgOrSPuaG_jO5S_jeMT5zrreB9b0t7fFNQlyX5Q_6.jpg"",""https://static.yeezyunique.ru/batches/6cb9ff7b-d813-4394-8e73-aeda5d06a8f2/_dgOrSPuaG_jO5S_jeMT5zrreB9b0t7fFNQlyX5Q_7.jpg"",""https://static.yeezyunique.ru/batches/6cb9ff7b-d813-4394-8e73-aeda5d06a8f2/_dgOrSPuaG_jO5S_jeMT5zrreB9b0t7fFNQlyX5Q_8.jpg""]";true
_di0rScW6QKJLRxUTLXyg7uA8ARHV7EOddTduQew;Hermes Кроссовки;Стильные и комфортные кроссовки из коллекции Match. Модель выполнена из комбинации натуральной телячьей кожи и прочного моющегося канваса, дополнена подкладкой из мягкой кожи и удобной стелькой из кожи ягненка.\n\nРазмеры: 35-41.;23000;rakg8u0bx1y4qcy;nzg3vsvajpiv1e8;ll3hofpd5wqxr81;Для женщин;"[""https://static.yeezyunique.ru/batches/6cb9ff7b-d813-4394-8e73-aeda5d06a8f2/_di0rScW6QKJLRxUTLXyg7uA8ARHV7EOddTduQew_0.jpg"",""https://static.yeezyunique.ru/batches/6cb9ff7b-d813-4394-8e73-aeda5d06a8f2/_di0rScW6QKJLRxUTLXyg7uA8ARHV7EOddTduQew_1.jpg"",""https://static.yeezyunique.ru/batches/6cb9ff7b-d813-4394-8e73-aeda5d06a8f2/_di0rScW6QKJLRxUTLXyg7uA8ARHV7EOddTduQew_2.jpg"",""https://static.yeezyunique.ru/batches/6cb9ff7b-d813-4394-8e73-aeda5d06a8f2/_di0rScW6QKJLRxUTLXyg7uA8ARHV7EOddTduQew_3.jpg"",""https://static.yeezyunique.ru/batches/6cb9ff7b-d813-4394-8e73-aeda5d06a8f2/_di0rScW6QKJLRxUTLXyg7uA8ARHV7EOddTduQew_4.jpg"",""https://static.yeezyunique.ru/batches/6cb9ff7b-d813-4394-8e73-aeda5d06a8f2/_di0rScW6QKJLRxUTLXyg7uA8ARHV7EOddTduQew_5.jpg"",""https://static.yeezyunique.ru/batches/6cb9ff7b-d813-4394-8e73-aeda5d06a8f2/_di0rScW6QKJLRxUTLXyg7uA8ARHV7EOddTduQew_6.jpg"",""https://static.yeezyunique.ru/batches/6cb9ff7b-d813-4394-8e73-aeda5d06a8f2/_di0rScW6QKJLRxUTLXyg7uA8ARHV7EOddTduQew_7.jpg"",""https://static.yeezyunique.ru/batches/6cb9ff7b-d813-4394-8e73-aeda5d06a8f2/_di0rScW6QKJLRxUTLXyg7uA8ARHV7EOddTduQew_8.jpg""]";true
_dlZrS-oxdlyzoVAr1bZDOWTBZtMs7IeIFjWBEDA;Chanel Кеды;Стильные кеды в классической черно-белой расцветке с узнаваемым логотипом бренда. Модель выполнена из премиальной итальянской кожи с подкладкой из нежной овечьей кожи, что обеспечивает непревзойденный комфорт.\n\nРазмеры: 35-40.;23000;3wxtez8ckauz7o1;nzg3vsvajpiv1e8;owi4kqmgzy4veqz;Для женщин;"[""https://static.yeezyunique.ru/batches/6cb9ff7b-d813-4394-8e73-aeda5d06a8f2/_dlZrS-oxdlyzoVAr1bZDOWTBZtMs7IeIFjWBEDA_0.jpg"",""https://static.yeezyunique.ru/batches/6cb9ff7b-d813-4394-8e73-aeda5d06a8f2/_dlZrS-oxdlyzoVAr1bZDOWTBZtMs7IeIFjWBEDA_1.jpg"",""https://static.yeezyunique.ru/batches/6cb9ff7b-d813-4394-8e73-aeda5d06a8f2/_dlZrS-oxdlyzoVAr1bZDOWTBZtMs7IeIFjWBEDA_2.jpg"",""https://static.yeezyunique.ru/batches/6cb9ff7b-d813-4394-8e73-aeda5d06a8f2/_dlZrS-oxdlyzoVAr1bZDOWTBZtMs7IeIFjWBEDA_3.jpg"",""https://static.yeezyunique.ru/batches/6cb9ff7b-d813-4394-8e73-aeda5d06a8f2/_dlZrS-oxdlyzoVAr1bZDOWTBZtMs7IeIFjWBEDA_4.jpg"",""https://static.yeezyunique.ru/batches/6cb9ff7b-d813-4394-8e73-aeda5d06a8f2/_dlZrS-oxdlyzoVAr1bZDOWTBZtMs7IeIFjWBEDA_5.jpg"",""https://static.yeezyunique.ru/batches/6cb9ff7b-d813-4394-8e73-aeda5d06a8f2/_dlZrS-oxdlyzoVAr1bZDOWTBZtMs7IeIFjWBEDA_6.jpg"",""https://static.yeezyunique.ru/batches/6cb9ff7b-d813-4394-8e73-aeda5d06a8f2/_dlZrS-oxdlyzoVAr1bZDOWTBZtMs7IeIFjWBEDA_7.jpg"",""https://static.yeezyunique.ru/batches/6cb9ff7b-d813-4394-8e73-aeda5d06a8f2/_dlZrS-oxdlyzoVAr1bZDOWTBZtMs7IeIFjWBEDA_8.jpg""]";true
_dtjrSejGXrDw_6P97K4HfapvcJDRB7RvbhVvPuw;Chanel Кеды;Стильные кеды в классической черно-белой расцветке с узнаваемым логотипом бренда. Модель выполнена из премиальной итальянской кожи с подкладкой из нежной овечьей кожи, что обеспечивает непревзойденный комфорт.\n\nРазмеры: 35-40.;23000;3wxtez8ckauz7o1;nzg3vsvajpiv1e8;owi4kqmgzy4veqz;Для женщин;"[""https://static.yeezyunique.ru/batches/6cb9ff7b-d813-4394-8e73-aeda5d06a8f2/_dtjrSejGXrDw_6P97K4HfapvcJDRB7RvbhVvPuw_0.jpg"",""https://static.yeezyunique.ru/batches/6cb9ff7b-d813-4394-8e73-aeda5d06a8f2/_dtjrSejGXrDw_6P97K4HfapvcJDRB7RvbhVvPuw_1.jpg"",""https://static.yeezyunique.ru/batches/6cb9ff7b-d813-4394-8e73-aeda5d06a8f2/_dtjrSejGXrDw_6P97K4HfapvcJDRB7RvbhVvPuw_2.jpg"",""https://static.yeezyunique.ru/batches/6cb9ff7b-d813-4394-8e73-aeda5d06a8f2/_dtjrSejGXrDw_6P97K4HfapvcJDRB7RvbhVvPuw_3.jpg"",""https://static.yeezyunique.ru/batches/6cb9ff7b-d813-4394-8e73-aeda5d06a8f2/_dtjrSejGXrDw_6P97K4HfapvcJDRB7RvbhVvPuw_4.jpg"",""https://static.yeezyunique.ru/batches/6cb9ff7b-d813-4394-8e73-aeda5d06a8f2/_dtjrSejGXrDw_6P97K4HfapvcJDRB7RvbhVvPuw_5.jpg"",""https://static.yeezyunique.ru/batches/6cb9ff7b-d813-4394-8e73-aeda5d06a8f2/_dtjrSejGXrDw_6P97K4HfapvcJDRB7RvbhVvPuw_6.jpg"",""https://static.yeezyunique.ru/batches/6cb9ff7b-d813-4394-8e73-aeda5d06a8f2/_dtjrSejGXrDw_6P97K4HfapvcJDRB7RvbhVvPuw_7.jpg"",""https://static.yeezyunique.ru/batches/6cb9ff7b-d813-4394-8e73-aeda5d06a8f2/_dtjrSejGXrDw_6P97K4HfapvcJDRB7RvbhVvPuw_8.jpg""]";true
_dbZrSppsQ6JnMX9HQEdYMoIDMAiOjBMxNDUKAJg;Miu Miu Кроссовки;Элегантные кроссовки Plume из новой коллекции, сочетающие в себе легкость и эстетику классических балетных туфель. Модель выполнена из премиального итальянского шелка и мягкой замши, дополнена подкладкой из натуральной кожи ягненка для непревзойденного комфорта.\n\nРазмеры: 35-40.;23000;cn386fag2q87srw;nzg3vsvajpiv1e8;ll3hofpd5wqxr81;Для женщин;"[""https://static.yeezyunique.ru/batches/6cb9ff7b-d813-4394-8e73-aeda5d06a8f2/_dbZrSppsQ6JnMX9HQEdYMoIDMAiOjBMxNDUKAJg_0.jpg"",""https://static.yeezyunique.ru/batches/6cb9ff7b-d813-4394-8e73-aeda5d06a8f2/_dbZrSppsQ6JnMX9HQEdYMoIDMAiOjBMxNDUKAJg_1.jpg"",""https://static.yeezyunique.ru/batches/6cb9ff7b-d813-4394-8e73-aeda5d06a8f2/_dbZrSppsQ6JnMX9HQEdYMoIDMAiOjBMxNDUKAJg_2.jpg"",""https://static.yeezyunique.ru/batches/6cb9ff7b-d813-4394-8e73-aeda5d06a8f2/_dbZrSppsQ6JnMX9HQEdYMoIDMAiOjBMxNDUKAJg_3.jpg"",""https://static.yeezyunique.ru/batches/6cb9ff7b-d813-4394-8e73-aeda5d06a8f2/_dbZrSppsQ6JnMX9HQEdYMoIDMAiOjBMxNDUKAJg_4.jpg"",""https://static.yeezyunique.ru/batches/6cb9ff7b-d813-4394-8e73-aeda5d06a8f2/_dbZrSppsQ6JnMX9HQEdYMoIDMAiOjBMxNDUKAJg_5.jpg"",""https://static.yeezyunique.ru/batches/6cb9ff7b-d813-4394-8e73-aeda5d06a8f2/_dbZrSppsQ6JnMX9HQEdYMoIDMAiOjBMxNDUKAJg_6.jpg"",""https://static.yeezyunique.ru/batches/6cb9ff7b-d813-4394-8e73-aeda5d06a8f2/_dbZrSppsQ6JnMX9HQEdYMoIDMAiOjBMxNDUKAJg_7.jpg"",""https://static.yeezyunique.ru/batches/6cb9ff7b-d813-4394-8e73-aeda5d06a8f2/_dbZrSppsQ6JnMX9HQEdYMoIDMAiOjBMxNDUKAJg_8.jpg""]";true
_diErSdjDBX7RnE5qpoc_7SG32jtJZnYVaCxtafg;Miu Miu Кроссовки;Элегантные кроссовки Plume из новой коллекции, сочетающие в себе легкость спортивной обуви и эстетику классических балеток. Модель выполнена из премиального итальянского шелка и мягкой замши, дополнена подкладкой из натуральной кожи ягненка для непревзойденного комфорта.\n\nРазмеры: 35-40.;23000;cn386fag2q87srw;nzg3vsvajpiv1e8;ll3hofpd5wqxr81;Для женщин;"[""https://static.yeezyunique.ru/batches/6cb9ff7b-d813-4394-8e73-aeda5d06a8f2/_diErSdjDBX7RnE5qpoc_7SG32jtJZnYVaCxtafg_0.jpg"",""https://static.yeezyunique.ru/batches/6cb9ff7b-d813-4394-8e73-aeda5d06a8f2/_diErSdjDBX7RnE5qpoc_7SG32jtJZnYVaCxtafg_1.jpg"",""https://static.yeezyunique.ru/batches/6cb9ff7b-d813-4394-8e73-aeda5d06a8f2/_diErSdjDBX7RnE5qpoc_7SG32jtJZnYVaCxtafg_2.jpg"",""https://static.yeezyunique.ru/batches/6cb9ff7b-d813-4394-8e73-aeda5d06a8f2/_diErSdjDBX7RnE5qpoc_7SG32jtJZnYVaCxtafg_3.jpg"",""https://static.yeezyunique.ru/batches/6cb9ff7b-d813-4394-8e73-aeda5d06a8f2/_diErSdjDBX7RnE5qpoc_7SG32jtJZnYVaCxtafg_4.jpg"",""https://static.yeezyunique.ru/batches/6cb9ff7b-d813-4394-8e73-aeda5d06a8f2/_diErSdjDBX7RnE5qpoc_7SG32jtJZnYVaCxtafg_5.jpg"",""https://static.yeezyunique.ru/batches/6cb9ff7b-d813-4394-8e73-aeda5d06a8f2/_diErSdjDBX7RnE5qpoc_7SG32jtJZnYVaCxtafg_6.jpg"",""https://static.yeezyunique.ru/batches/6cb9ff7b-d813-4394-8e73-aeda5d06a8f2/_diErSdjDBX7RnE5qpoc_7SG32jtJZnYVaCxtafg_7.jpg"",""https://static.yeezyunique.ru/batches/6cb9ff7b-d813-4394-8e73-aeda5d06a8f2/_diErSdjDBX7RnE5qpoc_7SG32jtJZnYVaCxtafg_8.jpg""]";true
_dEUrSIli_jyJ5bZ0QWYCTjxu6xEpN3dXhLaD7og;Chanel Туфли;Винтажные туфли в стиле футбольных бутс с узнаваемым крупным логотипом CC. Модель выполнена из премиальной итальянской телячьей кожи и мягкой овчины с подкладкой из нежной козьей кожи.\n\nРазмеры: 35-40.;23000;3wxtez8ckauz7o1;nzg3vsvajpiv1e8;mect3or5ztq64fc;Для женщин;"[""https://static.yeezyunique.ru/batches/6cb9ff7b-d813-4394-8e73-aeda5d06a8f2/_dEUrSIli_jyJ5bZ0QWYCTjxu6xEpN3dXhLaD7og_0.jpg"",""https://static.yeezyunique.ru/batches/6cb9ff7b-d813-4394-8e73-aeda5d06a8f2/_dEUrSIli_jyJ5bZ0QWYCTjxu6xEpN3dXhLaD7og_1.jpg"",""https://static.yeezyunique.ru/batches/6cb9ff7b-d813-4394-8e73-aeda5d06a8f2/_dEUrSIli_jyJ5bZ0QWYCTjxu6xEpN3dXhLaD7og_2.jpg"",""https://static.yeezyunique.ru/batches/6cb9ff7b-d813-4394-8e73-aeda5d06a8f2/_dEUrSIli_jyJ5bZ0QWYCTjxu6xEpN3dXhLaD7og_3.jpg"",""https://static.yeezyunique.ru/batches/6cb9ff7b-d813-4394-8e73-aeda5d06a8f2/_dEUrSIli_jyJ5bZ0QWYCTjxu6xEpN3dXhLaD7og_4.jpg"",""https://static.yeezyunique.ru/batches/6cb9ff7b-d813-4394-8e73-aeda5d06a8f2/_dEUrSIli_jyJ5bZ0QWYCTjxu6xEpN3dXhLaD7og_5.jpg"",""https://static.yeezyunique.ru/batches/6cb9ff7b-d813-4394-8e73-aeda5d06a8f2/_dEUrSIli_jyJ5bZ0QWYCTjxu6xEpN3dXhLaD7og_6.jpg"",""https://static.yeezyunique.ru/batches/6cb9ff7b-d813-4394-8e73-aeda5d06a8f2/_dEUrSIli_jyJ5bZ0QWYCTjxu6xEpN3dXhLaD7og_7.jpg"",""https://static.yeezyunique.ru/batches/6cb9ff7b-d813-4394-8e73-aeda5d06a8f2/_dEUrSIli_jyJ5bZ0QWYCTjxu6xEpN3dXhLaD7og_8.jpg""]";true
_dLGrS4M-ZU7z0sPWN56gYeVkijzl33hodBQqczA;Chanel Туфли Мэри Джейн;Винтажные туфли Мэри Джейн с культовым дизайном и крупным логотипом в виде двойной буквы C. Модель выполнена из премиальной итальянской кожи ягненка с подкладкой из нежной козьей кожи и дополнена удобным ремешком на пуговице.\n\nРазмеры: 35-40.;23000;3wxtez8ckauz7o1;nzg3vsvajpiv1e8;mect3or5ztq64fc;Для женщин;"[""https://static.yeezyunique.ru/batches/6cb9ff7b-d813-4394-8e73-aeda5d06a8f2/_dLGrS4M-ZU7z0sPWN56gYeVkijzl33hodBQqczA_0.jpg"",""https://static.yeezyunique.ru/batches/6cb9ff7b-d813-4394-8e73-aeda5d06a8f2/_dLGrS4M-ZU7z0sPWN56gYeVkijzl33hodBQqczA_1.jpg"",""https://static.yeezyunique.ru/batches/6cb9ff7b-d813-4394-8e73-aeda5d06a8f2/_dLGrS4M-ZU7z0sPWN56gYeVkijzl33hodBQqczA_2.jpg"",""https://static.yeezyunique.ru/batches/6cb9ff7b-d813-4394-8e73-aeda5d06a8f2/_dLGrS4M-ZU7z0sPWN56gYeVkijzl33hodBQqczA_3.jpg"",""https://static.yeezyunique.ru/batches/6cb9ff7b-d813-4394-8e73-aeda5d06a8f2/_dLGrS4M-ZU7z0sPWN56gYeVkijzl33hodBQqczA_4.jpg"",""https://static.yeezyunique.ru/batches/6cb9ff7b-d813-4394-8e73-aeda5d06a8f2/_dLGrS4M-ZU7z0sPWN56gYeVkijzl33hodBQqczA_5.jpg"",""https://static.yeezyunique.ru/batches/6cb9ff7b-d813-4394-8e73-aeda5d06a8f2/_dLGrS4M-ZU7z0sPWN56gYeVkijzl33hodBQqczA_6.jpg"",""https://static.yeezyunique.ru/batches/6cb9ff7b-d813-4394-8e73-aeda5d06a8f2/_dLGrS4M-ZU7z0sPWN56gYeVkijzl33hodBQqczA_7.jpg"",""https://static.yeezyunique.ru/batches/6cb9ff7b-d813-4394-8e73-aeda5d06a8f2/_dLGrS4M-ZU7z0sPWN56gYeVkijzl33hodBQqczA_8.jpg""]";true
_dbcrSQhKXPwIqkmgErSc8j3AMlWNPBw7yh3WVYw;Nike Кроссовки;Культовые низкие кроссовки с эффектным дизайном и премиальной текстурой натуральной кожи. Модель отличается высоким качеством исполнения и комфортной посадкой для повседневной носки.\n\nРазмеры: 36-47.5 (женские и мужские).;23000;in8rn6nn4rfbezj;nzg3vsvajpiv1e8;ll3hofpd5wqxr81;Унисекс;"[""https://static.yeezyunique.ru/batches/6cb9ff7b-d813-4394-8e73-aeda5d06a8f2/_dbcrSQhKXPwIqkmgErSc8j3AMlWNPBw7yh3WVYw_0.jpg"",""https://static.yeezyunique.ru/batches/6cb9ff7b-d813-4394-8e73-aeda5d06a8f2/_dbcrSQhKXPwIqkmgErSc8j3AMlWNPBw7yh3WVYw_1.jpg"",""https://static.yeezyunique.ru/batches/6cb9ff7b-d813-4394-8e73-aeda5d06a8f2/_dbcrSQhKXPwIqkmgErSc8j3AMlWNPBw7yh3WVYw_2.jpg"",""https://static.yeezyunique.ru/batches/6cb9ff7b-d813-4394-8e73-aeda5d06a8f2/_dbcrSQhKXPwIqkmgErSc8j3AMlWNPBw7yh3WVYw_3.jpg"",""https://static.yeezyunique.ru/batches/6cb9ff7b-d813-4394-8e73-aeda5d06a8f2/_dbcrSQhKXPwIqkmgErSc8j3AMlWNPBw7yh3WVYw_4.jpg"",""https://static.yeezyunique.ru/batches/6cb9ff7b-d813-4394-8e73-aeda5d06a8f2/_dbcrSQhKXPwIqkmgErSc8j3AMlWNPBw7yh3WVYw_5.jpg"",""https://static.yeezyunique.ru/batches/6cb9ff7b-d813-4394-8e73-aeda5d06a8f2/_dbcrSQhKXPwIqkmgErSc8j3AMlWNPBw7yh3WVYw_6.jpg"",""https://static.yeezyunique.ru/batches/6cb9ff7b-d813-4394-8e73-aeda5d06a8f2/_dbcrSQhKXPwIqkmgErSc8j3AMlWNPBw7yh3WVYw_7.jpg"",""https://static.yeezyunique.ru/batches/6cb9ff7b-d813-4394-8e73-aeda5d06a8f2/_dbcrSQhKXPwIqkmgErSc8j3AMlWNPBw7yh3WVYw_8.jpg""]";true
_d9urSPo0-tbLG6j0AUwJOpGFcApBiidPGcQAG3Q;Nike Кроссовки;Популярные низкие кроссовки в глубоком коричневом цвете. Модель выполнена из высококачественной натуральной кожи с превосходной текстурой.\n\nРазмеры: 36-47.5.;23000;in8rn6nn4rfbezj;nzg3vsvajpiv1e8;ll3hofpd5wqxr81;Унисекс;"[""https://static.yeezyunique.ru/batches/6cb9ff7b-d813-4394-8e73-aeda5d06a8f2/_d9urSPo0-tbLG6j0AUwJOpGFcApBiidPGcQAG3Q_0.jpg"",""https://static.yeezyunique.ru/batches/6cb9ff7b-d813-4394-8e73-aeda5d06a8f2/_d9urSPo0-tbLG6j0AUwJOpGFcApBiidPGcQAG3Q_1.jpg"",""https://static.yeezyunique.ru/batches/6cb9ff7b-d813-4394-8e73-aeda5d06a8f2/_d9urSPo0-tbLG6j0AUwJOpGFcApBiidPGcQAG3Q_2.jpg"",""https://static.yeezyunique.ru/batches/6cb9ff7b-d813-4394-8e73-aeda5d06a8f2/_d9urSPo0-tbLG6j0AUwJOpGFcApBiidPGcQAG3Q_3.jpg"",""https://static.yeezyunique.ru/batches/6cb9ff7b-d813-4394-8e73-aeda5d06a8f2/_d9urSPo0-tbLG6j0AUwJOpGFcApBiidPGcQAG3Q_4.jpg"",""https://static.yeezyunique.ru/batches/6cb9ff7b-d813-4394-8e73-aeda5d06a8f2/_d9urSPo0-tbLG6j0AUwJOpGFcApBiidPGcQAG3Q_5.jpg"",""https://static.yeezyunique.ru/batches/6cb9ff7b-d813-4394-8e73-aeda5d06a8f2/_d9urSPo0-tbLG6j0AUwJOpGFcApBiidPGcQAG3Q_6.jpg"",""https://static.yeezyunique.ru/batches/6cb9ff7b-d813-4394-8e73-aeda5d06a8f2/_d9urSPo0-tbLG6j0AUwJOpGFcApBiidPGcQAG3Q_7.jpg"",""https://static.yeezyunique.ru/batches/6cb9ff7b-d813-4394-8e73-aeda5d06a8f2/_d9urSPo0-tbLG6j0AUwJOpGFcApBiidPGcQAG3Q_8.jpg""]";true
_dk6rS4_4aKIlkDOI5Bsv941gbukNRIwadpq9n9Q;Nike Кроссовки;"Культовые низкие кроссовки в расцветке ""обратная мокко"". Модель выполнена из высококачественной натуральной кожи с премиальной текстурой.\n\nРазмеры: 36-40 (женские), 40.5-47.5 (мужские).";23000;in8rn6nn4rfbezj;nzg3vsvajpiv1e8;ll3hofpd5wqxr81;Унисекс;"[""https://static.yeezyunique.ru/batches/6cb9ff7b-d813-4394-8e73-aeda5d06a8f2/_dk6rS4_4aKIlkDOI5Bsv941gbukNRIwadpq9n9Q_0.jpg"",""https://static.yeezyunique.ru/batches/6cb9ff7b-d813-4394-8e73-aeda5d06a8f2/_dk6rS4_4aKIlkDOI5Bsv941gbukNRIwadpq9n9Q_1.jpg"",""https://static.yeezyunique.ru/batches/6cb9ff7b-d813-4394-8e73-aeda5d06a8f2/_dk6rS4_4aKIlkDOI5Bsv941gbukNRIwadpq9n9Q_2.jpg"",""https://static.yeezyunique.ru/batches/6cb9ff7b-d813-4394-8e73-aeda5d06a8f2/_dk6rS4_4aKIlkDOI5Bsv941gbukNRIwadpq9n9Q_3.jpg"",""https://static.yeezyunique.ru/batches/6cb9ff7b-d813-4394-8e73-aeda5d06a8f2/_dk6rS4_4aKIlkDOI5Bsv941gbukNRIwadpq9n9Q_4.jpg"",""https://static.yeezyunique.ru/batches/6cb9ff7b-d813-4394-8e73-aeda5d06a8f2/_dk6rS4_4aKIlkDOI5Bsv941gbukNRIwadpq9n9Q_5.jpg"",""https://static.yeezyunique.ru/batches/6cb9ff7b-d813-4394-8e73-aeda5d06a8f2/_dk6rS4_4aKIlkDOI5Bsv941gbukNRIwadpq9n9Q_6.jpg"",""https://static.yeezyunique.ru/batches/6cb9ff7b-d813-4394-8e73-aeda5d06a8f2/_dk6rS4_4aKIlkDOI5Bsv941gbukNRIwadpq9n9Q_7.jpg"",""https://static.yeezyunique.ru/batches/6cb9ff7b-d813-4394-8e73-aeda5d06a8f2/_dk6rS4_4aKIlkDOI5Bsv941gbukNRIwadpq9n9Q_8.jpg""]";true
_dchrS2E5J6VvPXw3Ax5p12acSBk108qS_poPnOQ;Nike Кроссовки;Культовые низкие кроссовки с узнаваемым дизайном и премиальной текстурой натуральной кожи. Модель отличается высоким качеством материалов и комфортной посадкой для повседневной носки.\n\nРазмеры: 36-46.;23000;in8rn6nn4rfbezj;nzg3vsvajpiv1e8;ll3hofpd5wqxr81;Унисекс;"[""https://static.yeezyunique.ru/batches/6cb9ff7b-d813-4394-8e73-aeda5d06a8f2/_dchrS2E5J6VvPXw3Ax5p12acSBk108qS_poPnOQ_0.jpg"",""https://static.yeezyunique.ru/batches/6cb9ff7b-d813-4394-8e73-aeda5d06a8f2/_dchrS2E5J6VvPXw3Ax5p12acSBk108qS_poPnOQ_1.jpg"",""https://static.yeezyunique.ru/batches/6cb9ff7b-d813-4394-8e73-aeda5d06a8f2/_dchrS2E5J6VvPXw3Ax5p12acSBk108qS_poPnOQ_2.jpg"",""https://static.yeezyunique.ru/batches/6cb9ff7b-d813-4394-8e73-aeda5d06a8f2/_dchrS2E5J6VvPXw3Ax5p12acSBk108qS_poPnOQ_3.jpg"",""https://static.yeezyunique.ru/batches/6cb9ff7b-d813-4394-8e73-aeda5d06a8f2/_dchrS2E5J6VvPXw3Ax5p12acSBk108qS_poPnOQ_4.jpg"",""https://static.yeezyunique.ru/batches/6cb9ff7b-d813-4394-8e73-aeda5d06a8f2/_dchrS2E5J6VvPXw3Ax5p12acSBk108qS_poPnOQ_5.jpg"",""https://static.yeezyunique.ru/batches/6cb9ff7b-d813-4394-8e73-aeda5d06a8f2/_dchrS2E5J6VvPXw3Ax5p12acSBk108qS_poPnOQ_6.jpg"",""https://static.yeezyunique.ru/batches/6cb9ff7b-d813-4394-8e73-aeda5d06a8f2/_dchrS2E5J6VvPXw3Ax5p12acSBk108qS_poPnOQ_7.jpg"",""https://static.yeezyunique.ru/batches/6cb9ff7b-d813-4394-8e73-aeda5d06a8f2/_dchrS2E5J6VvPXw3Ax5p12acSBk108qS_poPnOQ_8.jpg""]";true
_dzsrSx22_vLSolecMrGAU_1YKKTmGjvPIYF3BmA;Nike Кроссовки;Культовые низкие кроссовки в лаконичном белом цвете. Модель выполнена из высококачественной натуральной кожи с премиальной текстурой, обеспечивающей долговечность и комфорт.\n\nРазмеры: 36-40 (женские), 40.5-47.5 (мужские).;23000;in8rn6nn4rfbezj;nzg3vsvajpiv1e8;ll3hofpd5wqxr81;Унисекс;"[""https://static.yeezyunique.ru/batches/6cb9ff7b-d813-4394-8e73-aeda5d06a8f2/_dzsrSx22_vLSolecMrGAU_1YKKTmGjvPIYF3BmA_0.jpg"",""https://static.yeezyunique.ru/batches/6cb9ff7b-d813-4394-8e73-aeda5d06a8f2/_dzsrSx22_vLSolecMrGAU_1YKKTmGjvPIYF3BmA_1.jpg"",""https://static.yeezyunique.ru/batches/6cb9ff7b-d813-4394-8e73-aeda5d06a8f2/_dzsrSx22_vLSolecMrGAU_1YKKTmGjvPIYF3BmA_2.jpg"",""https://static.yeezyunique.ru/batches/6cb9ff7b-d813-4394-8e73-aeda5d06a8f2/_dzsrSx22_vLSolecMrGAU_1YKKTmGjvPIYF3BmA_3.jpg"",""https://static.yeezyunique.ru/batches/6cb9ff7b-d813-4394-8e73-aeda5d06a8f2/_dzsrSx22_vLSolecMrGAU_1YKKTmGjvPIYF3BmA_4.jpg"",""https://static.yeezyunique.ru/batches/6cb9ff7b-d813-4394-8e73-aeda5d06a8f2/_dzsrSx22_vLSolecMrGAU_1YKKTmGjvPIYF3BmA_5.jpg"",""https://static.yeezyunique.ru/batches/6cb9ff7b-d813-4394-8e73-aeda5d06a8f2/_dzsrSx22_vLSolecMrGAU_1YKKTmGjvPIYF3BmA_6.jpg"",""https://static.yeezyunique.ru/batches/6cb9ff7b-d813-4394-8e73-aeda5d06a8f2/_dzsrSx22_vLSolecMrGAU_1YKKTmGjvPIYF3BmA_7.jpg"",""https://static.yeezyunique.ru/batches/6cb9ff7b-d813-4394-8e73-aeda5d06a8f2/_dzsrSx22_vLSolecMrGAU_1YKKTmGjvPIYF3BmA_8.jpg""]";true
_d-urS_Q2fcuV-NRDPi3B1t4GL7xWqXgw9yypDVg;Nike Кроссовки;Культовые низкие кроссовки с эффектным дизайном, выполненные из высококачественной натуральной кожи. Модель отличается премиальной текстурой материалов и превосходным комфортом при повседневной носке.\n\nРазмеры: 36-40 (женские), 40.5-47.5 (мужские).;23000;in8rn6nn4rfbezj;nzg3vsvajpiv1e8;ll3hofpd5wqxr81;Унисекс;"[""https://static.yeezyunique.ru/batches/6cb9ff7b-d813-4394-8e73-aeda5d06a8f2/_d-urS_Q2fcuV-NRDPi3B1t4GL7xWqXgw9yypDVg_0.jpg"",""https://static.yeezyunique.ru/batches/6cb9ff7b-d813-4394-8e73-aeda5d06a8f2/_d-urS_Q2fcuV-NRDPi3B1t4GL7xWqXgw9yypDVg_1.jpg"",""https://static.yeezyunique.ru/batches/6cb9ff7b-d813-4394-8e73-aeda5d06a8f2/_d-urS_Q2fcuV-NRDPi3B1t4GL7xWqXgw9yypDVg_2.jpg"",""https://static.yeezyunique.ru/batches/6cb9ff7b-d813-4394-8e73-aeda5d06a8f2/_d-urS_Q2fcuV-NRDPi3B1t4GL7xWqXgw9yypDVg_3.jpg"",""https://static.yeezyunique.ru/batches/6cb9ff7b-d813-4394-8e73-aeda5d06a8f2/_d-urS_Q2fcuV-NRDPi3B1t4GL7xWqXgw9yypDVg_4.jpg"",""https://static.yeezyunique.ru/batches/6cb9ff7b-d813-4394-8e73-aeda5d06a8f2/_d-urS_Q2fcuV-NRDPi3B1t4GL7xWqXgw9yypDVg_5.jpg"",""https://static.yeezyunique.ru/batches/6cb9ff7b-d813-4394-8e73-aeda5d06a8f2/_d-urS_Q2fcuV-NRDPi3B1t4GL7xWqXgw9yypDVg_6.jpg"",""https://static.yeezyunique.ru/batches/6cb9ff7b-d813-4394-8e73-aeda5d06a8f2/_d-urS_Q2fcuV-NRDPi3B1t4GL7xWqXgw9yypDVg_7.jpg"",""https://static.yeezyunique.ru/batches/6cb9ff7b-d813-4394-8e73-aeda5d06a8f2/_d-urS_Q2fcuV-NRDPi3B1t4GL7xWqXgw9yypDVg_8.jpg""]";true
_disrSxzKYlX44wnzTlfXEyl94MIasHxZKkaPkYw;Nike Кроссовки;Культовые низкие кроссовки с эффектным дизайном и премиальной текстурой натуральной кожи. Модель отличается высоким качеством исполнения и комфортной посадкой по стопе.\n\nРазмеры: 36-46.;23000;in8rn6nn4rfbezj;nzg3vsvajpiv1e8;ll3hofpd5wqxr81;Унисекс;"[""https://static.yeezyunique.ru/batches/6cb9ff7b-d813-4394-8e73-aeda5d06a8f2/_disrSxzKYlX44wnzTlfXEyl94MIasHxZKkaPkYw_0.jpg"",""https://static.yeezyunique.ru/batches/6cb9ff7b-d813-4394-8e73-aeda5d06a8f2/_disrSxzKYlX44wnzTlfXEyl94MIasHxZKkaPkYw_1.jpg"",""https://static.yeezyunique.ru/batches/6cb9ff7b-d813-4394-8e73-aeda5d06a8f2/_disrSxzKYlX44wnzTlfXEyl94MIasHxZKkaPkYw_2.jpg"",""https://static.yeezyunique.ru/batches/6cb9ff7b-d813-4394-8e73-aeda5d06a8f2/_disrSxzKYlX44wnzTlfXEyl94MIasHxZKkaPkYw_3.jpg"",""https://static.yeezyunique.ru/batches/6cb9ff7b-d813-4394-8e73-aeda5d06a8f2/_disrSxzKYlX44wnzTlfXEyl94MIasHxZKkaPkYw_4.jpg"",""https://static.yeezyunique.ru/batches/6cb9ff7b-d813-4394-8e73-aeda5d06a8f2/_disrSxzKYlX44wnzTlfXEyl94MIasHxZKkaPkYw_5.jpg"",""https://static.yeezyunique.ru/batches/6cb9ff7b-d813-4394-8e73-aeda5d06a8f2/_disrSxzKYlX44wnzTlfXEyl94MIasHxZKkaPkYw_6.jpg"",""https://static.yeezyunique.ru/batches/6cb9ff7b-d813-4394-8e73-aeda5d06a8f2/_disrSxzKYlX44wnzTlfXEyl94MIasHxZKkaPkYw_7.jpg"",""https://static.yeezyunique.ru/batches/6cb9ff7b-d813-4394-8e73-aeda5d06a8f2/_disrSxzKYlX44wnzTlfXEyl94MIasHxZKkaPkYw_8.jpg""]";true
_dbFrSosl9r5LvlnL0ITnABF8l09Xup4cGteEvfg;Nike Кроссовки;Культовые низкие кроссовки с эффектным дизайном и премиальной текстурой натуральной кожи. Модель отличается высоким качеством исполнения и комфортной посадкой по стопе.\n\nРазмеры: 36-46.;23000;in8rn6nn4rfbezj;nzg3vsvajpiv1e8;ll3hofpd5wqxr81;Унисекс;"[""https://static.yeezyunique.ru/batches/6cb9ff7b-d813-4394-8e73-aeda5d06a8f2/_dbFrSosl9r5LvlnL0ITnABF8l09Xup4cGteEvfg_0.jpg"",""https://static.yeezyunique.ru/batches/6cb9ff7b-d813-4394-8e73-aeda5d06a8f2/_dbFrSosl9r5LvlnL0ITnABF8l09Xup4cGteEvfg_1.jpg"",""https://static.yeezyunique.ru/batches/6cb9ff7b-d813-4394-8e73-aeda5d06a8f2/_dbFrSosl9r5LvlnL0ITnABF8l09Xup4cGteEvfg_2.jpg"",""https://static.yeezyunique.ru/batches/6cb9ff7b-d813-4394-8e73-aeda5d06a8f2/_dbFrSosl9r5LvlnL0ITnABF8l09Xup4cGteEvfg_3.jpg"",""https://static.yeezyunique.ru/batches/6cb9ff7b-d813-4394-8e73-aeda5d06a8f2/_dbFrSosl9r5LvlnL0ITnABF8l09Xup4cGteEvfg_4.jpg"",""https://static.yeezyunique.ru/batches/6cb9ff7b-d813-4394-8e73-aeda5d06a8f2/_dbFrSosl9r5LvlnL0ITnABF8l09Xup4cGteEvfg_5.jpg"",""https://static.yeezyunique.ru/batches/6cb9ff7b-d813-4394-8e73-aeda5d06a8f2/_dbFrSosl9r5LvlnL0ITnABF8l09Xup4cGteEvfg_6.jpg"",""https://static.yeezyunique.ru/batches/6cb9ff7b-d813-4394-8e73-aeda5d06a8f2/_dbFrSosl9r5LvlnL0ITnABF8l09Xup4cGteEvfg_7.jpg"",""https://static.yeezyunique.ru/batches/6cb9ff7b-d813-4394-8e73-aeda5d06a8f2/_dbFrSosl9r5LvlnL0ITnABF8l09Xup4cGteEvfg_8.jpg""]";true
_dsgrSD4F6Zf_n1KXt0Ife78q2qVWZGEvD8SVsvg;Nike Кроссовки;Популярные низкие кроссовки в яркой бело-желто-синей расцветке. Модель выполнена из высококачественной натуральной кожи с выраженной текстурой, обеспечивающей долговечность и премиальный внешний вид.\n\nРазмеры: 36-46.;23000;in8rn6nn4rfbezj;nzg3vsvajpiv1e8;ll3hofpd5wqxr81;Унисекс;"[""https://static.yeezyunique.ru/batches/6cb9ff7b-d813-4394-8e73-aeda5d06a8f2/_dsgrSD4F6Zf_n1KXt0Ife78q2qVWZGEvD8SVsvg_0.jpg"",""https://static.yeezyunique.ru/batches/6cb9ff7b-d813-4394-8e73-aeda5d06a8f2/_dsgrSD4F6Zf_n1KXt0Ife78q2qVWZGEvD8SVsvg_1.jpg"",""https://static.yeezyunique.ru/batches/6cb9ff7b-d813-4394-8e73-aeda5d06a8f2/_dsgrSD4F6Zf_n1KXt0Ife78q2qVWZGEvD8SVsvg_2.jpg"",""https://static.yeezyunique.ru/batches/6cb9ff7b-d813-4394-8e73-aeda5d06a8f2/_dsgrSD4F6Zf_n1KXt0Ife78q2qVWZGEvD8SVsvg_3.jpg"",""https://static.yeezyunique.ru/batches/6cb9ff7b-d813-4394-8e73-aeda5d06a8f2/_dsgrSD4F6Zf_n1KXt0Ife78q2qVWZGEvD8SVsvg_4.jpg"",""https://static.yeezyunique.ru/batches/6cb9ff7b-d813-4394-8e73-aeda5d06a8f2/_dsgrSD4F6Zf_n1KXt0Ife78q2qVWZGEvD8SVsvg_5.jpg"",""https://static.yeezyunique.ru/batches/6cb9ff7b-d813-4394-8e73-aeda5d06a8f2/_dsgrSD4F6Zf_n1KXt0Ife78q2qVWZGEvD8SVsvg_6.jpg"",""https://static.yeezyunique.ru/batches/6cb9ff7b-d813-4394-8e73-aeda5d06a8f2/_dsgrSD4F6Zf_n1KXt0Ife78q2qVWZGEvD8SVsvg_7.jpg"",""https://static.yeezyunique.ru/batches/6cb9ff7b-d813-4394-8e73-aeda5d06a8f2/_dsgrSD4F6Zf_n1KXt0Ife78q2qVWZGEvD8SVsvg_8.jpg""]";true
_dgTrSmh6dSL_K_DQQ8mz6tvZjjdEMctl779Ik1g;Nike Кроссовки;Популярные низкие кроссовки в стильной зелено-бежевой расцветке. Модель выполнена из высококачественной натуральной кожи с выраженной текстурой, обеспечивающей долговечность и комфорт.\n\nРазмеры: 36-46.;23000;in8rn6nn4rfbezj;nzg3vsvajpiv1e8;ll3hofpd5wqxr81;Унисекс;"[""https://static.yeezyunique.ru/batches/6cb9ff7b-d813-4394-8e73-aeda5d06a8f2/_dgTrSmh6dSL_K_DQQ8mz6tvZjjdEMctl779Ik1g_0.jpg"",""https://static.yeezyunique.ru/batches/6cb9ff7b-d813-4394-8e73-aeda5d06a8f2/_dgTrSmh6dSL_K_DQQ8mz6tvZjjdEMctl779Ik1g_1.jpg"",""https://static.yeezyunique.ru/batches/6cb9ff7b-d813-4394-8e73-aeda5d06a8f2/_dgTrSmh6dSL_K_DQQ8mz6tvZjjdEMctl779Ik1g_2.jpg"",""https://static.yeezyunique.ru/batches/6cb9ff7b-d813-4394-8e73-aeda5d06a8f2/_dgTrSmh6dSL_K_DQQ8mz6tvZjjdEMctl779Ik1g_3.jpg"",""https://static.yeezyunique.ru/batches/6cb9ff7b-d813-4394-8e73-aeda5d06a8f2/_dgTrSmh6dSL_K_DQQ8mz6tvZjjdEMctl779Ik1g_4.jpg"",""https://static.yeezyunique.ru/batches/6cb9ff7b-d813-4394-8e73-aeda5d06a8f2/_dgTrSmh6dSL_K_DQQ8mz6tvZjjdEMctl779Ik1g_5.jpg"",""https://static.yeezyunique.ru/batches/6cb9ff7b-d813-4394-8e73-aeda5d06a8f2/_dgTrSmh6dSL_K_DQQ8mz6tvZjjdEMctl779Ik1g_6.jpg"",""https://static.yeezyunique.ru/batches/6cb9ff7b-d813-4394-8e73-aeda5d06a8f2/_dgTrSmh6dSL_K_DQQ8mz6tvZjjdEMctl779Ik1g_7.jpg"",""https://static.yeezyunique.ru/batches/6cb9ff7b-d813-4394-8e73-aeda5d06a8f2/_dgTrSmh6dSL_K_DQQ8mz6tvZjjdEMctl779Ik1g_8.jpg""]";true
_dp5rST3pG5M6hik-VwU-MXP7ex2Ag_0yPIAZvNQ;Nike Кроссовки;Популярные низкие кроссовки в яркой розовой расцветке. Модель выполнена из высококачественной натуральной кожи с премиальной текстурой.\n\nРазмеры: 36-40 (женские), 40.5-47.5 (мужские).;23000;in8rn6nn4rfbezj;nzg3vsvajpiv1e8;ll3hofpd5wqxr81;Унисекс;"[""https://static.yeezyunique.ru/batches/6cb9ff7b-d813-4394-8e73-aeda5d06a8f2/_dp5rST3pG5M6hik-VwU-MXP7ex2Ag_0yPIAZvNQ_0.jpg"",""https://static.yeezyunique.ru/batches/6cb9ff7b-d813-4394-8e73-aeda5d06a8f2/_dp5rST3pG5M6hik-VwU-MXP7ex2Ag_0yPIAZvNQ_1.jpg"",""https://static.yeezyunique.ru/batches/6cb9ff7b-d813-4394-8e73-aeda5d06a8f2/_dp5rST3pG5M6hik-VwU-MXP7ex2Ag_0yPIAZvNQ_2.jpg"",""https://static.yeezyunique.ru/batches/6cb9ff7b-d813-4394-8e73-aeda5d06a8f2/_dp5rST3pG5M6hik-VwU-MXP7ex2Ag_0yPIAZvNQ_3.jpg"",""https://static.yeezyunique.ru/batches/6cb9ff7b-d813-4394-8e73-aeda5d06a8f2/_dp5rST3pG5M6hik-VwU-MXP7ex2Ag_0yPIAZvNQ_4.jpg"",""https://static.yeezyunique.ru/batches/6cb9ff7b-d813-4394-8e73-aeda5d06a8f2/_dp5rST3pG5M6hik-VwU-MXP7ex2Ag_0yPIAZvNQ_5.jpg"",""https://static.yeezyunique.ru/batches/6cb9ff7b-d813-4394-8e73-aeda5d06a8f2/_dp5rST3pG5M6hik-VwU-MXP7ex2Ag_0yPIAZvNQ_6.jpg"",""https://static.yeezyunique.ru/batches/6cb9ff7b-d813-4394-8e73-aeda5d06a8f2/_dp5rST3pG5M6hik-VwU-MXP7ex2Ag_0yPIAZvNQ_7.jpg"",""https://static.yeezyunique.ru/batches/6cb9ff7b-d813-4394-8e73-aeda5d06a8f2/_dp5rST3pG5M6hik-VwU-MXP7ex2Ag_0yPIAZvNQ_8.jpg""]";true
_diJrSHywwOU0XS1twjIbDoAPUQehKH3VmCC0BiQ;Nike Кроссовки;Популярная модель низких кроссовок в эффектной бело-синей расцветке. Верх выполнен из высококачественной натуральной кожи с премиальной текстурой.\n\nРазмеры: 36-40 (женские), 40.5-47.5 (мужские).;23000;in8rn6nn4rfbezj;nzg3vsvajpiv1e8;ll3hofpd5wqxr81;Унисекс;"[""https://static.yeezyunique.ru/batches/6cb9ff7b-d813-4394-8e73-aeda5d06a8f2/_diJrSHywwOU0XS1twjIbDoAPUQehKH3VmCC0BiQ_0.jpg"",""https://static.yeezyunique.ru/batches/6cb9ff7b-d813-4394-8e73-aeda5d06a8f2/_diJrSHywwOU0XS1twjIbDoAPUQehKH3VmCC0BiQ_1.jpg"",""https://static.yeezyunique.ru/batches/6cb9ff7b-d813-4394-8e73-aeda5d06a8f2/_diJrSHywwOU0XS1twjIbDoAPUQehKH3VmCC0BiQ_2.jpg"",""https://static.yeezyunique.ru/batches/6cb9ff7b-d813-4394-8e73-aeda5d06a8f2/_diJrSHywwOU0XS1twjIbDoAPUQehKH3VmCC0BiQ_3.jpg"",""https://static.yeezyunique.ru/batches/6cb9ff7b-d813-4394-8e73-aeda5d06a8f2/_diJrSHywwOU0XS1twjIbDoAPUQehKH3VmCC0BiQ_4.jpg"",""https://static.yeezyunique.ru/batches/6cb9ff7b-d813-4394-8e73-aeda5d06a8f2/_diJrSHywwOU0XS1twjIbDoAPUQehKH3VmCC0BiQ_5.jpg"",""https://static.yeezyunique.ru/batches/6cb9ff7b-d813-4394-8e73-aeda5d06a8f2/_diJrSHywwOU0XS1twjIbDoAPUQehKH3VmCC0BiQ_6.jpg"",""https://static.yeezyunique.ru/batches/6cb9ff7b-d813-4394-8e73-aeda5d06a8f2/_diJrSHywwOU0XS1twjIbDoAPUQehKH3VmCC0BiQ_7.jpg"",""https://static.yeezyunique.ru/batches/6cb9ff7b-d813-4394-8e73-aeda5d06a8f2/_diJrSHywwOU0XS1twjIbDoAPUQehKH3VmCC0BiQ_8.jpg""]";true
_dvQrSsNApXGKmPYPOs1VjxwfyJFU6kf1jxFtX1Q;Nike Кроссовки;Популярные низкие кроссовки в эффектной расцветке мокко. Модель выполнена из премиальной замши с выраженной текстурой, обеспечивающей стильный внешний вид и долговечность.\n\nРазмеры: 36-40 (женские), 40.5-48 (мужские).;23000;in8rn6nn4rfbezj;nzg3vsvajpiv1e8;ll3hofpd5wqxr81;Унисекс;"[""https://static.yeezyunique.ru/batches/6cb9ff7b-d813-4394-8e73-aeda5d06a8f2/_dvQrSsNApXGKmPYPOs1VjxwfyJFU6kf1jxFtX1Q_0.jpg"",""https://static.yeezyunique.ru/batches/6cb9ff7b-d813-4394-8e73-aeda5d06a8f2/_dvQrSsNApXGKmPYPOs1VjxwfyJFU6kf1jxFtX1Q_1.jpg"",""https://static.yeezyunique.ru/batches/6cb9ff7b-d813-4394-8e73-aeda5d06a8f2/_dvQrSsNApXGKmPYPOs1VjxwfyJFU6kf1jxFtX1Q_2.jpg"",""https://static.yeezyunique.ru/batches/6cb9ff7b-d813-4394-8e73-aeda5d06a8f2/_dvQrSsNApXGKmPYPOs1VjxwfyJFU6kf1jxFtX1Q_3.jpg"",""https://static.yeezyunique.ru/batches/6cb9ff7b-d813-4394-8e73-aeda5d06a8f2/_dvQrSsNApXGKmPYPOs1VjxwfyJFU6kf1jxFtX1Q_4.jpg"",""https://static.yeezyunique.ru/batches/6cb9ff7b-d813-4394-8e73-aeda5d06a8f2/_dvQrSsNApXGKmPYPOs1VjxwfyJFU6kf1jxFtX1Q_5.jpg"",""https://static.yeezyunique.ru/batches/6cb9ff7b-d813-4394-8e73-aeda5d06a8f2/_dvQrSsNApXGKmPYPOs1VjxwfyJFU6kf1jxFtX1Q_6.jpg"",""https://static.yeezyunique.ru/batches/6cb9ff7b-d813-4394-8e73-aeda5d06a8f2/_dvQrSsNApXGKmPYPOs1VjxwfyJFU6kf1jxFtX1Q_7.jpg"",""https://static.yeezyunique.ru/batches/6cb9ff7b-d813-4394-8e73-aeda5d06a8f2/_dvQrSsNApXGKmPYPOs1VjxwfyJFU6kf1jxFtX1Q_8.jpg""]";true
_dkLrSthsQ_WOw8AeHG9dQPMhZIBXN52aK2bc7Mw;Balenciaga Кроссовки 3XL;Стильные кроссовки из высококачественного сетчатого материала и полиуретана. Модель отличается эффектным дизайном с эффектом потертости на подошве и фирменным логотипом бренда на носке и заднике.\n\nРазмеры: 35-46 (унисекс).;23000;mj2732zh7c7pchi;nzg3vsvajpiv1e8;ll3hofpd5wqxr81;Унисекс;"[""https://static.yeezyunique.ru/batches/6cb9ff7b-d813-4394-8e73-aeda5d06a8f2/_dkLrSthsQ_WOw8AeHG9dQPMhZIBXN52aK2bc7Mw_0.jpg"",""https://static.yeezyunique.ru/batches/6cb9ff7b-d813-4394-8e73-aeda5d06a8f2/_dkLrSthsQ_WOw8AeHG9dQPMhZIBXN52aK2bc7Mw_1.jpg"",""https://static.yeezyunique.ru/batches/6cb9ff7b-d813-4394-8e73-aeda5d06a8f2/_dkLrSthsQ_WOw8AeHG9dQPMhZIBXN52aK2bc7Mw_2.jpg"",""https://static.yeezyunique.ru/batches/6cb9ff7b-d813-4394-8e73-aeda5d06a8f2/_dkLrSthsQ_WOw8AeHG9dQPMhZIBXN52aK2bc7Mw_3.jpg"",""https://static.yeezyunique.ru/batches/6cb9ff7b-d813-4394-8e73-aeda5d06a8f2/_dkLrSthsQ_WOw8AeHG9dQPMhZIBXN52aK2bc7Mw_4.jpg"",""https://static.yeezyunique.ru/batches/6cb9ff7b-d813-4394-8e73-aeda5d06a8f2/_dkLrSthsQ_WOw8AeHG9dQPMhZIBXN52aK2bc7Mw_5.jpg"",""https://static.yeezyunique.ru/batches/6cb9ff7b-d813-4394-8e73-aeda5d06a8f2/_dkLrSthsQ_WOw8AeHG9dQPMhZIBXN52aK2bc7Mw_6.jpg"",""https://static.yeezyunique.ru/batches/6cb9ff7b-d813-4394-8e73-aeda5d06a8f2/_dkLrSthsQ_WOw8AeHG9dQPMhZIBXN52aK2bc7Mw_7.jpg"",""https://static.yeezyunique.ru/batches/6cb9ff7b-d813-4394-8e73-aeda5d06a8f2/_dkLrSthsQ_WOw8AeHG9dQPMhZIBXN52aK2bc7Mw_8.jpg""]";true
_dkIrSCP1GrDHorLdHtmWrfsOo7NIOEqgG_wSyzw;Balenciaga Кроссовки 3XL;Популярная модель кроссовок 3XL с эффектом визуального увеличения роста и акцентом на стройность ног. Модель выполнена из высококачественной сетчатой ткани и полиуретана без использования кожи, дополнена стильным эффектом потертости на подошве и фирменным логотипом бренда на носке и пятке.\n\nРазмеры: 35-40.;23000;mj2732zh7c7pchi;nzg3vsvajpiv1e8;ll3hofpd5wqxr81;Для женщин;"[""https://static.yeezyunique.ru/batches/6cb9ff7b-d813-4394-8e73-aeda5d06a8f2/_dkIrSCP1GrDHorLdHtmWrfsOo7NIOEqgG_wSyzw_0.jpg"",""https://static.yeezyunique.ru/batches/6cb9ff7b-d813-4394-8e73-aeda5d06a8f2/_dkIrSCP1GrDHorLdHtmWrfsOo7NIOEqgG_wSyzw_1.jpg"",""https://static.yeezyunique.ru/batches/6cb9ff7b-d813-4394-8e73-aeda5d06a8f2/_dkIrSCP1GrDHorLdHtmWrfsOo7NIOEqgG_wSyzw_2.jpg"",""https://static.yeezyunique.ru/batches/6cb9ff7b-d813-4394-8e73-aeda5d06a8f2/_dkIrSCP1GrDHorLdHtmWrfsOo7NIOEqgG_wSyzw_3.jpg"",""https://static.yeezyunique.ru/batches/6cb9ff7b-d813-4394-8e73-aeda5d06a8f2/_dkIrSCP1GrDHorLdHtmWrfsOo7NIOEqgG_wSyzw_4.jpg"",""https://static.yeezyunique.ru/batches/6cb9ff7b-d813-4394-8e73-aeda5d06a8f2/_dkIrSCP1GrDHorLdHtmWrfsOo7NIOEqgG_wSyzw_5.jpg"",""https://static.yeezyunique.ru/batches/6cb9ff7b-d813-4394-8e73-aeda5d06a8f2/_dkIrSCP1GrDHorLdHtmWrfsOo7NIOEqgG_wSyzw_6.jpg"",""https://static.yeezyunique.ru/batches/6cb9ff7b-d813-4394-8e73-aeda5d06a8f2/_dkIrSCP1GrDHorLdHtmWrfsOo7NIOEqgG_wSyzw_7.jpg"",""https://static.yeezyunique.ru/batches/6cb9ff7b-d813-4394-8e73-aeda5d06a8f2/_dkIrSCP1GrDHorLdHtmWrfsOo7NIOEqgG_wSyzw_8.jpg""]";true
_dswrSqeD9E2mrdPHorNhh_7QEcjVtkBa2Nk0Czw;Salomon Кроссовки;Функциональные кроссовки Salomon XA PRO 3D, сочетающие в себе современные материалы и стильный дизайн. Модель вдохновлена профессиональной обувью для трейлраннинга, обеспечивая превосходную поддержку и комфорт как в городских условиях, так и во время активного отдыха.\n\nРазмеры: 36-46 (унисекс).;23000;2pkg7t2frmcwlzb;nzg3vsvajpiv1e8;ll3hofpd5wqxr81;Унисекс;"[""https://static.yeezyunique.ru/batches/6cb9ff7b-d813-4394-8e73-aeda5d06a8f2/_dswrSqeD9E2mrdPHorNhh_7QEcjVtkBa2Nk0Czw_0.jpg"",""https://static.yeezyunique.ru/batches/6cb9ff7b-d813-4394-8e73-aeda5d06a8f2/_dswrSqeD9E2mrdPHorNhh_7QEcjVtkBa2Nk0Czw_1.jpg"",""https://static.yeezyunique.ru/batches/6cb9ff7b-d813-4394-8e73-aeda5d06a8f2/_dswrSqeD9E2mrdPHorNhh_7QEcjVtkBa2Nk0Czw_2.jpg"",""https://static.yeezyunique.ru/batches/6cb9ff7b-d813-4394-8e73-aeda5d06a8f2/_dswrSqeD9E2mrdPHorNhh_7QEcjVtkBa2Nk0Czw_3.jpg"",""https://static.yeezyunique.ru/batches/6cb9ff7b-d813-4394-8e73-aeda5d06a8f2/_dswrSqeD9E2mrdPHorNhh_7QEcjVtkBa2Nk0Czw_4.jpg"",""https://static.yeezyunique.ru/batches/6cb9ff7b-d813-4394-8e73-aeda5d06a8f2/_dswrSqeD9E2mrdPHorNhh_7QEcjVtkBa2Nk0Czw_5.jpg"",""https://static.yeezyunique.ru/batches/6cb9ff7b-d813-4394-8e73-aeda5d06a8f2/_dswrSqeD9E2mrdPHorNhh_7QEcjVtkBa2Nk0Czw_6.jpg"",""https://static.yeezyunique.ru/batches/6cb9ff7b-d813-4394-8e73-aeda5d06a8f2/_dswrSqeD9E2mrdPHorNhh_7QEcjVtkBa2Nk0Czw_7.jpg"",""https://static.yeezyunique.ru/batches/6cb9ff7b-d813-4394-8e73-aeda5d06a8f2/_dswrSqeD9E2mrdPHorNhh_7QEcjVtkBa2Nk0Czw_8.jpg""]";true
_dkZrSI_uMYGyXeNoGzUhijFass1BBvRt07BwUzA;Salomon Кроссовки;Технологичные кроссовки Salomon XA PRO 3D, сочетающие в себе современные материалы и профессиональные характеристики для трейлраннинга. Модель отличается стильным дизайном с округлым мысом, который идеально вписывается как в повседневные образы с юбками или брюками, так и в экипировку для активного отдыха.\n\nРазмеры: 36-46.;23000;2pkg7t2frmcwlzb;nzg3vsvajpiv1e8;ll3hofpd5wqxr81;Унисекс;"[""https://static.yeezyunique.ru/batches/6cb9ff7b-d813-4394-8e73-aeda5d06a8f2/_dkZrSI_uMYGyXeNoGzUhijFass1BBvRt07BwUzA_0.jpg"",""https://static.yeezyunique.ru/batches/6cb9ff7b-d813-4394-8e73-aeda5d06a8f2/_dkZrSI_uMYGyXeNoGzUhijFass1BBvRt07BwUzA_1.jpg"",""https://static.yeezyunique.ru/batches/6cb9ff7b-d813-4394-8e73-aeda5d06a8f2/_dkZrSI_uMYGyXeNoGzUhijFass1BBvRt07BwUzA_2.jpg"",""https://static.yeezyunique.ru/batches/6cb9ff7b-d813-4394-8e73-aeda5d06a8f2/_dkZrSI_uMYGyXeNoGzUhijFass1BBvRt07BwUzA_3.jpg"",""https://static.yeezyunique.ru/batches/6cb9ff7b-d813-4394-8e73-aeda5d06a8f2/_dkZrSI_uMYGyXeNoGzUhijFass1BBvRt07BwUzA_4.jpg"",""https://static.yeezyunique.ru/batches/6cb9ff7b-d813-4394-8e73-aeda5d06a8f2/_dkZrSI_uMYGyXeNoGzUhijFass1BBvRt07BwUzA_5.jpg"",""https://static.yeezyunique.ru/batches/6cb9ff7b-d813-4394-8e73-aeda5d06a8f2/_dkZrSI_uMYGyXeNoGzUhijFass1BBvRt07BwUzA_6.jpg"",""https://static.yeezyunique.ru/batches/6cb9ff7b-d813-4394-8e73-aeda5d06a8f2/_dkZrSI_uMYGyXeNoGzUhijFass1BBvRt07BwUzA_7.jpg"",""https://static.yeezyunique.ru/batches/6cb9ff7b-d813-4394-8e73-aeda5d06a8f2/_dkZrSI_uMYGyXeNoGzUhijFass1BBvRt07BwUzA_8.jpg""]";true
_dmLrSq7zEK7G-zE4DlPyoAqcoiaxcLrzTbKkxVA;Fendi Лоферы;Элегантные лоферы с винтажным дизайном, выполненные из премиальной итальянской жатой кожи. Модель дополнена фирменной золотистой металлической фурнитурой в виде логотипа FF и прочной подошвой из кожи и TPU.\n\nРазмеры: 35-40.;23000;kxb3v0730w6mnyn;nzg3vsvajpiv1e8;4pxynbc4fqy6aiu;Для женщин;"[""https://static.yeezyunique.ru/batches/6cb9ff7b-d813-4394-8e73-aeda5d06a8f2/_dmLrSq7zEK7G-zE4DlPyoAqcoiaxcLrzTbKkxVA_0.jpg"",""https://static.yeezyunique.ru/batches/6cb9ff7b-d813-4394-8e73-aeda5d06a8f2/_dmLrSq7zEK7G-zE4DlPyoAqcoiaxcLrzTbKkxVA_1.jpg"",""https://static.yeezyunique.ru/batches/6cb9ff7b-d813-4394-8e73-aeda5d06a8f2/_dmLrSq7zEK7G-zE4DlPyoAqcoiaxcLrzTbKkxVA_2.jpg"",""https://static.yeezyunique.ru/batches/6cb9ff7b-d813-4394-8e73-aeda5d06a8f2/_dmLrSq7zEK7G-zE4DlPyoAqcoiaxcLrzTbKkxVA_3.jpg"",""https://static.yeezyunique.ru/batches/6cb9ff7b-d813-4394-8e73-aeda5d06a8f2/_dmLrSq7zEK7G-zE4DlPyoAqcoiaxcLrzTbKkxVA_4.jpg"",""https://static.yeezyunique.ru/batches/6cb9ff7b-d813-4394-8e73-aeda5d06a8f2/_dmLrSq7zEK7G-zE4DlPyoAqcoiaxcLrzTbKkxVA_5.jpg"",""https://static.yeezyunique.ru/batches/6cb9ff7b-d813-4394-8e73-aeda5d06a8f2/_dmLrSq7zEK7G-zE4DlPyoAqcoiaxcLrzTbKkxVA_6.jpg"",""https://static.yeezyunique.ru/batches/6cb9ff7b-d813-4394-8e73-aeda5d06a8f2/_dmLrSq7zEK7G-zE4DlPyoAqcoiaxcLrzTbKkxVA_7.jpg"",""https://static.yeezyunique.ru/batches/6cb9ff7b-d813-4394-8e73-aeda5d06a8f2/_dmLrSq7zEK7G-zE4DlPyoAqcoiaxcLrzTbKkxVA_8.jpg""]";true
_d_9rS9RVo_zjZPk2KA5v90ocK3He816YcovJrrw;Fendi Лоферы;Элегантные лоферы с винтажным дизайном, выполненные из премиальной итальянской жатой кожи. Модель дополнена фирменной золотистой металлической фурнитурой в виде логотипа FF и прочной подошвой из кожи и TPU.\n\nРазмеры: 35-40.;23000;kxb3v0730w6mnyn;nzg3vsvajpiv1e8;4pxynbc4fqy6aiu;Для женщин;"[""https://static.yeezyunique.ru/batches/6cb9ff7b-d813-4394-8e73-aeda5d06a8f2/_d_9rS9RVo_zjZPk2KA5v90ocK3He816YcovJrrw_0.jpg"",""https://static.yeezyunique.ru/batches/6cb9ff7b-d813-4394-8e73-aeda5d06a8f2/_d_9rS9RVo_zjZPk2KA5v90ocK3He816YcovJrrw_1.jpg"",""https://static.yeezyunique.ru/batches/6cb9ff7b-d813-4394-8e73-aeda5d06a8f2/_d_9rS9RVo_zjZPk2KA5v90ocK3He816YcovJrrw_2.jpg"",""https://static.yeezyunique.ru/batches/6cb9ff7b-d813-4394-8e73-aeda5d06a8f2/_d_9rS9RVo_zjZPk2KA5v90ocK3He816YcovJrrw_3.jpg"",""https://static.yeezyunique.ru/batches/6cb9ff7b-d813-4394-8e73-aeda5d06a8f2/_d_9rS9RVo_zjZPk2KA5v90ocK3He816YcovJrrw_4.jpg"",""https://static.yeezyunique.ru/batches/6cb9ff7b-d813-4394-8e73-aeda5d06a8f2/_d_9rS9RVo_zjZPk2KA5v90ocK3He816YcovJrrw_5.jpg"",""https://static.yeezyunique.ru/batches/6cb9ff7b-d813-4394-8e73-aeda5d06a8f2/_d_9rS9RVo_zjZPk2KA5v90ocK3He816YcovJrrw_6.jpg"",""https://static.yeezyunique.ru/batches/6cb9ff7b-d813-4394-8e73-aeda5d06a8f2/_d_9rS9RVo_zjZPk2KA5v90ocK3He816YcovJrrw_7.jpg"",""https://static.yeezyunique.ru/batches/6cb9ff7b-d813-4394-8e73-aeda5d06a8f2/_d_9rS9RVo_zjZPk2KA5v90ocK3He816YcovJrrw_8.jpg""]";true
_dlXrSlrk5ST4iYGUSkoN91RJZYYROOJ6wxhJSfg;Chanel Кроссовки;Стильные кроссовки в дизайне бейсбольной обуви с фирменной стеганой отделкой. Модель выполнена из премиальной импортной зернистой телячьей кожи в сочетании с высококачественной замшей, обеспечивающей долговечность и комфорт.\n\nРазмеры: 35-40.;23000;3wxtez8ckauz7o1;nzg3vsvajpiv1e8;ll3hofpd5wqxr81;Для женщин;"[""https://static.yeezyunique.ru/batches/6cb9ff7b-d813-4394-8e73-aeda5d06a8f2/_dlXrSlrk5ST4iYGUSkoN91RJZYYROOJ6wxhJSfg_0.jpg"",""https://static.yeezyunique.ru/batches/6cb9ff7b-d813-4394-8e73-aeda5d06a8f2/_dlXrSlrk5ST4iYGUSkoN91RJZYYROOJ6wxhJSfg_1.jpg"",""https://static.yeezyunique.ru/batches/6cb9ff7b-d813-4394-8e73-aeda5d06a8f2/_dlXrSlrk5ST4iYGUSkoN91RJZYYROOJ6wxhJSfg_2.jpg"",""https://static.yeezyunique.ru/batches/6cb9ff7b-d813-4394-8e73-aeda5d06a8f2/_dlXrSlrk5ST4iYGUSkoN91RJZYYROOJ6wxhJSfg_3.jpg"",""https://static.yeezyunique.ru/batches/6cb9ff7b-d813-4394-8e73-aeda5d06a8f2/_dlXrSlrk5ST4iYGUSkoN91RJZYYROOJ6wxhJSfg_4.jpg"",""https://static.yeezyunique.ru/batches/6cb9ff7b-d813-4394-8e73-aeda5d06a8f2/_dlXrSlrk5ST4iYGUSkoN91RJZYYROOJ6wxhJSfg_5.jpg"",""https://static.yeezyunique.ru/batches/6cb9ff7b-d813-4394-8e73-aeda5d06a8f2/_dlXrSlrk5ST4iYGUSkoN91RJZYYROOJ6wxhJSfg_6.jpg"",""https://static.yeezyunique.ru/batches/6cb9ff7b-d813-4394-8e73-aeda5d06a8f2/_dlXrSlrk5ST4iYGUSkoN91RJZYYROOJ6wxhJSfg_7.jpg"",""https://static.yeezyunique.ru/batches/6cb9ff7b-d813-4394-8e73-aeda5d06a8f2/_dlXrSlrk5ST4iYGUSkoN91RJZYYROOJ6wxhJSfg_8.jpg""]";true
_dxXrS0znRej6ESELjyJIHVsxkDYxLkHx0yI5w9w;Hermes Кроссовки;Классические кроссовки Hermes Bouncing в стильной черно-белой расцветке. Модель выполнена из премиальных материалов, обеспечивающих комфорт и долговечность, а также визуально удлиняет ноги.\n\nРазмеры: 39-46.;23000;rakg8u0bx1y4qcy;nzg3vsvajpiv1e8;ll3hofpd5wqxr81;Унисекс;"[""https://static.yeezyunique.ru/batches/6cb9ff7b-d813-4394-8e73-aeda5d06a8f2/_dxXrS0znRej6ESELjyJIHVsxkDYxLkHx0yI5w9w_0.jpg"",""https://static.yeezyunique.ru/batches/6cb9ff7b-d813-4394-8e73-aeda5d06a8f2/_dxXrS0znRej6ESELjyJIHVsxkDYxLkHx0yI5w9w_1.jpg"",""https://static.yeezyunique.ru/batches/6cb9ff7b-d813-4394-8e73-aeda5d06a8f2/_dxXrS0znRej6ESELjyJIHVsxkDYxLkHx0yI5w9w_2.jpg"",""https://static.yeezyunique.ru/batches/6cb9ff7b-d813-4394-8e73-aeda5d06a8f2/_dxXrS0znRej6ESELjyJIHVsxkDYxLkHx0yI5w9w_3.jpg"",""https://static.yeezyunique.ru/batches/6cb9ff7b-d813-4394-8e73-aeda5d06a8f2/_dxXrS0znRej6ESELjyJIHVsxkDYxLkHx0yI5w9w_4.jpg"",""https://static.yeezyunique.ru/batches/6cb9ff7b-d813-4394-8e73-aeda5d06a8f2/_dxXrS0znRej6ESELjyJIHVsxkDYxLkHx0yI5w9w_5.jpg"",""https://static.yeezyunique.ru/batches/6cb9ff7b-d813-4394-8e73-aeda5d06a8f2/_dxXrS0znRej6ESELjyJIHVsxkDYxLkHx0yI5w9w_6.jpg"",""https://static.yeezyunique.ru/batches/6cb9ff7b-d813-4394-8e73-aeda5d06a8f2/_dxXrS0znRej6ESELjyJIHVsxkDYxLkHx0yI5w9w_7.jpg"",""https://static.yeezyunique.ru/batches/6cb9ff7b-d813-4394-8e73-aeda5d06a8f2/_dxXrS0znRej6ESELjyJIHVsxkDYxLkHx0yI5w9w_8.jpg""]";true
_dlYrSlgXv-7bh3_CpalovOJ5Ncev50RqIafvUVA;Chanel Балетки;Классические балетки с фирменным бантом, ставшие воплощением элегантности. Модель выполнена из премиальной кожи с использованием мягкой стельки из натуральной овчины и прочной подошвы из итальянской кожи высшего качества.\n\nРазмеры: 35-40.;23000;3wxtez8ckauz7o1;nzg3vsvajpiv1e8;gquuvxk7z0ik5jn;Для женщин;"[""https://static.yeezyunique.ru/batches/6cb9ff7b-d813-4394-8e73-aeda5d06a8f2/_dlYrSlgXv-7bh3_CpalovOJ5Ncev50RqIafvUVA_0.jpg"",""https://static.yeezyunique.ru/batches/6cb9ff7b-d813-4394-8e73-aeda5d06a8f2/_dlYrSlgXv-7bh3_CpalovOJ5Ncev50RqIafvUVA_1.jpg"",""https://static.yeezyunique.ru/batches/6cb9ff7b-d813-4394-8e73-aeda5d06a8f2/_dlYrSlgXv-7bh3_CpalovOJ5Ncev50RqIafvUVA_2.jpg"",""https://static.yeezyunique.ru/batches/6cb9ff7b-d813-4394-8e73-aeda5d06a8f2/_dlYrSlgXv-7bh3_CpalovOJ5Ncev50RqIafvUVA_3.jpg"",""https://static.yeezyunique.ru/batches/6cb9ff7b-d813-4394-8e73-aeda5d06a8f2/_dlYrSlgXv-7bh3_CpalovOJ5Ncev50RqIafvUVA_4.jpg"",""https://static.yeezyunique.ru/batches/6cb9ff7b-d813-4394-8e73-aeda5d06a8f2/_dlYrSlgXv-7bh3_CpalovOJ5Ncev50RqIafvUVA_5.jpg"",""https://static.yeezyunique.ru/batches/6cb9ff7b-d813-4394-8e73-aeda5d06a8f2/_dlYrSlgXv-7bh3_CpalovOJ5Ncev50RqIafvUVA_6.jpg"",""https://static.yeezyunique.ru/batches/6cb9ff7b-d813-4394-8e73-aeda5d06a8f2/_dlYrSlgXv-7bh3_CpalovOJ5Ncev50RqIafvUVA_7.jpg"",""https://static.yeezyunique.ru/batches/6cb9ff7b-d813-4394-8e73-aeda5d06a8f2/_dlYrSlgXv-7bh3_CpalovOJ5Ncev50RqIafvUVA_8.jpg""]";true
_d9PrSP-4rrPFJJCYpJxAQP1uA3KYop_PvHZxF7w;Chanel Балетки;Классические балетки с фирменным бантом, ставшие эталоном элегантности. Модель выполнена из премиальной кожи с использованием мягкой стельки из натуральной овчины и прочной подошвы из итальянской кожи высшего качества.\n\nРазмеры: 35-40.;23000;3wxtez8ckauz7o1;nzg3vsvajpiv1e8;gquuvxk7z0ik5jn;Для женщин;"[""https://static.yeezyunique.ru/batches/6cb9ff7b-d813-4394-8e73-aeda5d06a8f2/_d9PrSP-4rrPFJJCYpJxAQP1uA3KYop_PvHZxF7w_0.jpg"",""https://static.yeezyunique.ru/batches/6cb9ff7b-d813-4394-8e73-aeda5d06a8f2/_d9PrSP-4rrPFJJCYpJxAQP1uA3KYop_PvHZxF7w_1.jpg"",""https://static.yeezyunique.ru/batches/6cb9ff7b-d813-4394-8e73-aeda5d06a8f2/_d9PrSP-4rrPFJJCYpJxAQP1uA3KYop_PvHZxF7w_2.jpg"",""https://static.yeezyunique.ru/batches/6cb9ff7b-d813-4394-8e73-aeda5d06a8f2/_d9PrSP-4rrPFJJCYpJxAQP1uA3KYop_PvHZxF7w_3.jpg"",""https://static.yeezyunique.ru/batches/6cb9ff7b-d813-4394-8e73-aeda5d06a8f2/_d9PrSP-4rrPFJJCYpJxAQP1uA3KYop_PvHZxF7w_4.jpg"",""https://static.yeezyunique.ru/batches/6cb9ff7b-d813-4394-8e73-aeda5d06a8f2/_d9PrSP-4rrPFJJCYpJxAQP1uA3KYop_PvHZxF7w_5.jpg"",""https://static.yeezyunique.ru/batches/6cb9ff7b-d813-4394-8e73-aeda5d06a8f2/_d9PrSP-4rrPFJJCYpJxAQP1uA3KYop_PvHZxF7w_6.jpg"",""https://static.yeezyunique.ru/batches/6cb9ff7b-d813-4394-8e73-aeda5d06a8f2/_d9PrSP-4rrPFJJCYpJxAQP1uA3KYop_PvHZxF7w_7.jpg"",""https://static.yeezyunique.ru/batches/6cb9ff7b-d813-4394-8e73-aeda5d06a8f2/_d9PrSP-4rrPFJJCYpJxAQP1uA3KYop_PvHZxF7w_8.jpg""]";true
_dsCrSwPtzNLYoMOUKpyE7O-CCbc_hh6arO_EVxA;Chanel Балетки;Классические балетки с фирменным бантом, ставшие воплощением элегантности. Модель выполнена из премиальных материалов с использованием нежной кожи ягненка и высококачественной итальянской кожаной подошвы для исключительного комфорта.\n\nРазмеры: 35-41.;23000;3wxtez8ckauz7o1;nzg3vsvajpiv1e8;gquuvxk7z0ik5jn;Для женщин;"[""https://static.yeezyunique.ru/batches/6cb9ff7b-d813-4394-8e73-aeda5d06a8f2/_dsCrSwPtzNLYoMOUKpyE7O-CCbc_hh6arO_EVxA_0.jpg"",""https://static.yeezyunique.ru/batches/6cb9ff7b-d813-4394-8e73-aeda5d06a8f2/_dsCrSwPtzNLYoMOUKpyE7O-CCbc_hh6arO_EVxA_1.jpg"",""https://static.yeezyunique.ru/batches/6cb9ff7b-d813-4394-8e73-aeda5d06a8f2/_dsCrSwPtzNLYoMOUKpyE7O-CCbc_hh6arO_EVxA_2.jpg"",""https://static.yeezyunique.ru/batches/6cb9ff7b-d813-4394-8e73-aeda5d06a8f2/_dsCrSwPtzNLYoMOUKpyE7O-CCbc_hh6arO_EVxA_3.jpg"",""https://static.yeezyunique.ru/batches/6cb9ff7b-d813-4394-8e73-aeda5d06a8f2/_dsCrSwPtzNLYoMOUKpyE7O-CCbc_hh6arO_EVxA_4.jpg"",""https://static.yeezyunique.ru/batches/6cb9ff7b-d813-4394-8e73-aeda5d06a8f2/_dsCrSwPtzNLYoMOUKpyE7O-CCbc_hh6arO_EVxA_5.jpg"",""https://static.yeezyunique.ru/batches/6cb9ff7b-d813-4394-8e73-aeda5d06a8f2/_dsCrSwPtzNLYoMOUKpyE7O-CCbc_hh6arO_EVxA_6.jpg"",""https://static.yeezyunique.ru/batches/6cb9ff7b-d813-4394-8e73-aeda5d06a8f2/_dsCrSwPtzNLYoMOUKpyE7O-CCbc_hh6arO_EVxA_7.jpg"",""https://static.yeezyunique.ru/batches/6cb9ff7b-d813-4394-8e73-aeda5d06a8f2/_dsCrSwPtzNLYoMOUKpyE7O-CCbc_hh6arO_EVxA_8.jpg""]";true
_dvwrSoeWTpA2h4hlDeeil2ZhDzZhyyHtL-XKcRQ;Chanel Балетки;Классические балетки с фирменным бантом, ставшие воплощением элегантности. Модель выполнена из премиальных материалов с использованием нежной кожи ягненка и высококачественной итальянской кожаной подошвы для максимального комфорта.\n\nРазмеры: 35-41.;23000;3wxtez8ckauz7o1;nzg3vsvajpiv1e8;gquuvxk7z0ik5jn;Для женщин;"[""https://static.yeezyunique.ru/batches/6cb9ff7b-d813-4394-8e73-aeda5d06a8f2/_dvwrSoeWTpA2h4hlDeeil2ZhDzZhyyHtL-XKcRQ_0.jpg"",""https://static.yeezyunique.ru/batches/6cb9ff7b-d813-4394-8e73-aeda5d06a8f2/_dvwrSoeWTpA2h4hlDeeil2ZhDzZhyyHtL-XKcRQ_1.jpg"",""https://static.yeezyunique.ru/batches/6cb9ff7b-d813-4394-8e73-aeda5d06a8f2/_dvwrSoeWTpA2h4hlDeeil2ZhDzZhyyHtL-XKcRQ_2.jpg"",""https://static.yeezyunique.ru/batches/6cb9ff7b-d813-4394-8e73-aeda5d06a8f2/_dvwrSoeWTpA2h4hlDeeil2ZhDzZhyyHtL-XKcRQ_3.jpg"",""https://static.yeezyunique.ru/batches/6cb9ff7b-d813-4394-8e73-aeda5d06a8f2/_dvwrSoeWTpA2h4hlDeeil2ZhDzZhyyHtL-XKcRQ_4.jpg"",""https://static.yeezyunique.ru/batches/6cb9ff7b-d813-4394-8e73-aeda5d06a8f2/_dvwrSoeWTpA2h4hlDeeil2ZhDzZhyyHtL-XKcRQ_5.jpg"",""https://static.yeezyunique.ru/batches/6cb9ff7b-d813-4394-8e73-aeda5d06a8f2/_dvwrSoeWTpA2h4hlDeeil2ZhDzZhyyHtL-XKcRQ_6.jpg"",""https://static.yeezyunique.ru/batches/6cb9ff7b-d813-4394-8e73-aeda5d06a8f2/_dvwrSoeWTpA2h4hlDeeil2ZhDzZhyyHtL-XKcRQ_7.jpg"",""https://static.yeezyunique.ru/batches/6cb9ff7b-d813-4394-8e73-aeda5d06a8f2/_dvwrSoeWTpA2h4hlDeeil2ZhDzZhyyHtL-XKcRQ_8.jpg""]";true
_d5MrSZA4EJqBY7oMtK1MZ-O2emW9c6ay5D7ZuZg;Chanel Балетки;Классические балетки с фирменным бантом, ставшие воплощением элегантности и стиля. Модель выполнена из премиальных материалов с использованием нежной кожи ягненка и высококачественной итальянской кожи на подошве для максимального комфорта.\n\nРазмеры: 35-41.;23000;3wxtez8ckauz7o1;nzg3vsvajpiv1e8;gquuvxk7z0ik5jn;Для женщин;"[""https://static.yeezyunique.ru/batches/6cb9ff7b-d813-4394-8e73-aeda5d06a8f2/_d5MrSZA4EJqBY7oMtK1MZ-O2emW9c6ay5D7ZuZg_0.jpg"",""https://static.yeezyunique.ru/batches/6cb9ff7b-d813-4394-8e73-aeda5d06a8f2/_d5MrSZA4EJqBY7oMtK1MZ-O2emW9c6ay5D7ZuZg_1.jpg"",""https://static.yeezyunique.ru/batches/6cb9ff7b-d813-4394-8e73-aeda5d06a8f2/_d5MrSZA4EJqBY7oMtK1MZ-O2emW9c6ay5D7ZuZg_2.jpg"",""https://static.yeezyunique.ru/batches/6cb9ff7b-d813-4394-8e73-aeda5d06a8f2/_d5MrSZA4EJqBY7oMtK1MZ-O2emW9c6ay5D7ZuZg_3.jpg"",""https://static.yeezyunique.ru/batches/6cb9ff7b-d813-4394-8e73-aeda5d06a8f2/_d5MrSZA4EJqBY7oMtK1MZ-O2emW9c6ay5D7ZuZg_4.jpg"",""https://static.yeezyunique.ru/batches/6cb9ff7b-d813-4394-8e73-aeda5d06a8f2/_d5MrSZA4EJqBY7oMtK1MZ-O2emW9c6ay5D7ZuZg_5.jpg"",""https://static.yeezyunique.ru/batches/6cb9ff7b-d813-4394-8e73-aeda5d06a8f2/_d5MrSZA4EJqBY7oMtK1MZ-O2emW9c6ay5D7ZuZg_6.jpg"",""https://static.yeezyunique.ru/batches/6cb9ff7b-d813-4394-8e73-aeda5d06a8f2/_d5MrSZA4EJqBY7oMtK1MZ-O2emW9c6ay5D7ZuZg_7.jpg"",""https://static.yeezyunique.ru/batches/6cb9ff7b-d813-4394-8e73-aeda5d06a8f2/_d5MrSZA4EJqBY7oMtK1MZ-O2emW9c6ay5D7ZuZg_8.jpg""]";true
_dxKrSTfUYZ_6HrkqiVpAbZ0taz8Nv2p9LQJiiMQ;Chanel Балетки;Классические балетки с декоративным бантом, ставшие воплощением элегантности. Модель выполнена из премиальных материалов с использованием нежной кожи ягненка и высококачественной итальянской кожи на подошве для исключительного комфорта.\n\nРазмеры: 35-41.;23000;3wxtez8ckauz7o1;nzg3vsvajpiv1e8;gquuvxk7z0ik5jn;Для женщин;"[""https://static.yeezyunique.ru/batches/6cb9ff7b-d813-4394-8e73-aeda5d06a8f2/_dxKrSTfUYZ_6HrkqiVpAbZ0taz8Nv2p9LQJiiMQ_0.jpg"",""https://static.yeezyunique.ru/batches/6cb9ff7b-d813-4394-8e73-aeda5d06a8f2/_dxKrSTfUYZ_6HrkqiVpAbZ0taz8Nv2p9LQJiiMQ_1.jpg"",""https://static.yeezyunique.ru/batches/6cb9ff7b-d813-4394-8e73-aeda5d06a8f2/_dxKrSTfUYZ_6HrkqiVpAbZ0taz8Nv2p9LQJiiMQ_2.jpg"",""https://static.yeezyunique.ru/batches/6cb9ff7b-d813-4394-8e73-aeda5d06a8f2/_dxKrSTfUYZ_6HrkqiVpAbZ0taz8Nv2p9LQJiiMQ_3.jpg"",""https://static.yeezyunique.ru/batches/6cb9ff7b-d813-4394-8e73-aeda5d06a8f2/_dxKrSTfUYZ_6HrkqiVpAbZ0taz8Nv2p9LQJiiMQ_4.jpg"",""https://static.yeezyunique.ru/batches/6cb9ff7b-d813-4394-8e73-aeda5d06a8f2/_dxKrSTfUYZ_6HrkqiVpAbZ0taz8Nv2p9LQJiiMQ_5.jpg"",""https://static.yeezyunique.ru/batches/6cb9ff7b-d813-4394-8e73-aeda5d06a8f2/_dxKrSTfUYZ_6HrkqiVpAbZ0taz8Nv2p9LQJiiMQ_6.jpg"",""https://static.yeezyunique.ru/batches/6cb9ff7b-d813-4394-8e73-aeda5d06a8f2/_dxKrSTfUYZ_6HrkqiVpAbZ0taz8Nv2p9LQJiiMQ_7.jpg"",""https://static.yeezyunique.ru/batches/6cb9ff7b-d813-4394-8e73-aeda5d06a8f2/_dxKrSTfUYZ_6HrkqiVpAbZ0taz8Nv2p9LQJiiMQ_8.jpg""]";true
_dsErSAYLMsHneruYF-WW7jCyKogRF7t6psudKyA;Chanel Балетки;Классические балетки с декоративным бантом, ставшие воплощением элегантности. Модель выполнена из премиальных материалов с использованием нежной кожи ягненка и высококачественной итальянской кожи на подошве для максимального комфорта.\n\nРазмеры: 35-41.;23000;3wxtez8ckauz7o1;nzg3vsvajpiv1e8;gquuvxk7z0ik5jn;Для женщин;"[""https://static.yeezyunique.ru/batches/6cb9ff7b-d813-4394-8e73-aeda5d06a8f2/_dsErSAYLMsHneruYF-WW7jCyKogRF7t6psudKyA_0.jpg"",""https://static.yeezyunique.ru/batches/6cb9ff7b-d813-4394-8e73-aeda5d06a8f2/_dsErSAYLMsHneruYF-WW7jCyKogRF7t6psudKyA_1.jpg"",""https://static.yeezyunique.ru/batches/6cb9ff7b-d813-4394-8e73-aeda5d06a8f2/_dsErSAYLMsHneruYF-WW7jCyKogRF7t6psudKyA_2.jpg"",""https://static.yeezyunique.ru/batches/6cb9ff7b-d813-4394-8e73-aeda5d06a8f2/_dsErSAYLMsHneruYF-WW7jCyKogRF7t6psudKyA_3.jpg"",""https://static.yeezyunique.ru/batches/6cb9ff7b-d813-4394-8e73-aeda5d06a8f2/_dsErSAYLMsHneruYF-WW7jCyKogRF7t6psudKyA_4.jpg"",""https://static.yeezyunique.ru/batches/6cb9ff7b-d813-4394-8e73-aeda5d06a8f2/_dsErSAYLMsHneruYF-WW7jCyKogRF7t6psudKyA_5.jpg"",""https://static.yeezyunique.ru/batches/6cb9ff7b-d813-4394-8e73-aeda5d06a8f2/_dsErSAYLMsHneruYF-WW7jCyKogRF7t6psudKyA_6.jpg"",""https://static.yeezyunique.ru/batches/6cb9ff7b-d813-4394-8e73-aeda5d06a8f2/_dsErSAYLMsHneruYF-WW7jCyKogRF7t6psudKyA_7.jpg"",""https://static.yeezyunique.ru/batches/6cb9ff7b-d813-4394-8e73-aeda5d06a8f2/_dsErSAYLMsHneruYF-WW7jCyKogRF7t6psudKyA_8.jpg""]";true
_ditrSl-ditc5c1Bl9R7R_Q2hkvn4P61Qew28B6A;Chanel Балетки;Классические балетки с декоративным бантом, ставшие воплощением элегантности. Модель выполнена из премиальных материалов с использованием нежной кожи ягненка и высококачественной итальянской кожи на подошве для максимального комфорта.\n\nРазмеры: 35-41.;23000;3wxtez8ckauz7o1;nzg3vsvajpiv1e8;gquuvxk7z0ik5jn;Для женщин;"[""https://static.yeezyunique.ru/batches/6cb9ff7b-d813-4394-8e73-aeda5d06a8f2/_ditrSl-ditc5c1Bl9R7R_Q2hkvn4P61Qew28B6A_0.jpg"",""https://static.yeezyunique.ru/batches/6cb9ff7b-d813-4394-8e73-aeda5d06a8f2/_ditrSl-ditc5c1Bl9R7R_Q2hkvn4P61Qew28B6A_1.jpg"",""https://static.yeezyunique.ru/batches/6cb9ff7b-d813-4394-8e73-aeda5d06a8f2/_ditrSl-ditc5c1Bl9R7R_Q2hkvn4P61Qew28B6A_2.jpg"",""https://static.yeezyunique.ru/batches/6cb9ff7b-d813-4394-8e73-aeda5d06a8f2/_ditrSl-ditc5c1Bl9R7R_Q2hkvn4P61Qew28B6A_3.jpg"",""https://static.yeezyunique.ru/batches/6cb9ff7b-d813-4394-8e73-aeda5d06a8f2/_ditrSl-ditc5c1Bl9R7R_Q2hkvn4P61Qew28B6A_4.jpg"",""https://static.yeezyunique.ru/batches/6cb9ff7b-d813-4394-8e73-aeda5d06a8f2/_ditrSl-ditc5c1Bl9R7R_Q2hkvn4P61Qew28B6A_5.jpg"",""https://static.yeezyunique.ru/batches/6cb9ff7b-d813-4394-8e73-aeda5d06a8f2/_ditrSl-ditc5c1Bl9R7R_Q2hkvn4P61Qew28B6A_6.jpg"",""https://static.yeezyunique.ru/batches/6cb9ff7b-d813-4394-8e73-aeda5d06a8f2/_ditrSl-ditc5c1Bl9R7R_Q2hkvn4P61Qew28B6A_7.jpg"",""https://static.yeezyunique.ru/batches/6cb9ff7b-d813-4394-8e73-aeda5d06a8f2/_ditrSl-ditc5c1Bl9R7R_Q2hkvn4P61Qew28B6A_8.jpg""]";true
_du3rS70TYHTITo3wMIqK7LP0fvEq_doRp-hoWJw;Chanel Балетки;Классические балетки с элегантным бантом, ставшие воплощением вневременного стиля. Модель выполнена из премиальных материалов с использованием нежной кожи ягненка и высококачественной итальянской кожи на подошве для максимального комфорта.\n\nРазмеры: 35-41.;23000;3wxtez8ckauz7o1;nzg3vsvajpiv1e8;gquuvxk7z0ik5jn;Для женщин;"[""https://static.yeezyunique.ru/batches/6cb9ff7b-d813-4394-8e73-aeda5d06a8f2/_du3rS70TYHTITo3wMIqK7LP0fvEq_doRp-hoWJw_0.jpg"",""https://static.yeezyunique.ru/batches/6cb9ff7b-d813-4394-8e73-aeda5d06a8f2/_du3rS70TYHTITo3wMIqK7LP0fvEq_doRp-hoWJw_1.jpg"",""https://static.yeezyunique.ru/batches/6cb9ff7b-d813-4394-8e73-aeda5d06a8f2/_du3rS70TYHTITo3wMIqK7LP0fvEq_doRp-hoWJw_2.jpg"",""https://static.yeezyunique.ru/batches/6cb9ff7b-d813-4394-8e73-aeda5d06a8f2/_du3rS70TYHTITo3wMIqK7LP0fvEq_doRp-hoWJw_3.jpg"",""https://static.yeezyunique.ru/batches/6cb9ff7b-d813-4394-8e73-aeda5d06a8f2/_du3rS70TYHTITo3wMIqK7LP0fvEq_doRp-hoWJw_4.jpg"",""https://static.yeezyunique.ru/batches/6cb9ff7b-d813-4394-8e73-aeda5d06a8f2/_du3rS70TYHTITo3wMIqK7LP0fvEq_doRp-hoWJw_5.jpg"",""https://static.yeezyunique.ru/batches/6cb9ff7b-d813-4394-8e73-aeda5d06a8f2/_du3rS70TYHTITo3wMIqK7LP0fvEq_doRp-hoWJw_6.jpg"",""https://static.yeezyunique.ru/batches/6cb9ff7b-d813-4394-8e73-aeda5d06a8f2/_du3rS70TYHTITo3wMIqK7LP0fvEq_doRp-hoWJw_7.jpg"",""https://static.yeezyunique.ru/batches/6cb9ff7b-d813-4394-8e73-aeda5d06a8f2/_du3rS70TYHTITo3wMIqK7LP0fvEq_doRp-hoWJw_8.jpg""]";true
_dp_rS1gIsS3SiwwnXpjO5xY968vhloUZVFStrlA;Chanel Балетки;Классические балетки с элегантным бантом, ставшие воплощением вневременного стиля. Модель выполнена из премиальных материалов с использованием нежной кожи ягненка и высококачественной итальянской кожи на подошве для максимального комфорта.\n\nРазмеры: 35-41.;23000;3wxtez8ckauz7o1;nzg3vsvajpiv1e8;gquuvxk7z0ik5jn;Для женщин;"[""https://static.yeezyunique.ru/batches/6cb9ff7b-d813-4394-8e73-aeda5d06a8f2/_dp_rS1gIsS3SiwwnXpjO5xY968vhloUZVFStrlA_0.jpg"",""https://static.yeezyunique.ru/batches/6cb9ff7b-d813-4394-8e73-aeda5d06a8f2/_dp_rS1gIsS3SiwwnXpjO5xY968vhloUZVFStrlA_1.jpg"",""https://static.yeezyunique.ru/batches/6cb9ff7b-d813-4394-8e73-aeda5d06a8f2/_dp_rS1gIsS3SiwwnXpjO5xY968vhloUZVFStrlA_2.jpg"",""https://static.yeezyunique.ru/batches/6cb9ff7b-d813-4394-8e73-aeda5d06a8f2/_dp_rS1gIsS3SiwwnXpjO5xY968vhloUZVFStrlA_3.jpg"",""https://static.yeezyunique.ru/batches/6cb9ff7b-d813-4394-8e73-aeda5d06a8f2/_dp_rS1gIsS3SiwwnXpjO5xY968vhloUZVFStrlA_4.jpg"",""https://static.yeezyunique.ru/batches/6cb9ff7b-d813-4394-8e73-aeda5d06a8f2/_dp_rS1gIsS3SiwwnXpjO5xY968vhloUZVFStrlA_5.jpg"",""https://static.yeezyunique.ru/batches/6cb9ff7b-d813-4394-8e73-aeda5d06a8f2/_dp_rS1gIsS3SiwwnXpjO5xY968vhloUZVFStrlA_6.jpg"",""https://static.yeezyunique.ru/batches/6cb9ff7b-d813-4394-8e73-aeda5d06a8f2/_dp_rS1gIsS3SiwwnXpjO5xY968vhloUZVFStrlA_7.jpg"",""https://static.yeezyunique.ru/batches/6cb9ff7b-d813-4394-8e73-aeda5d06a8f2/_dp_rS1gIsS3SiwwnXpjO5xY968vhloUZVFStrlA_8.jpg""]";true
_dkyrSEcmmBpWX3KyeAem_rdtVmA6zejVDoS1cxQ;Chanel Балетки;Классические балетки с декоративным бантом, ставшие воплощением элегантности. Модель выполнена из премиальных материалов с использованием нежной кожи ягненка и высококачественной итальянской кожи на подошве для максимального комфорта.\n\nРазмеры: 35-41.;23000;3wxtez8ckauz7o1;nzg3vsvajpiv1e8;gquuvxk7z0ik5jn;Для женщин;"[""https://static.yeezyunique.ru/batches/6cb9ff7b-d813-4394-8e73-aeda5d06a8f2/_dkyrSEcmmBpWX3KyeAem_rdtVmA6zejVDoS1cxQ_0.jpg"",""https://static.yeezyunique.ru/batches/6cb9ff7b-d813-4394-8e73-aeda5d06a8f2/_dkyrSEcmmBpWX3KyeAem_rdtVmA6zejVDoS1cxQ_1.jpg"",""https://static.yeezyunique.ru/batches/6cb9ff7b-d813-4394-8e73-aeda5d06a8f2/_dkyrSEcmmBpWX3KyeAem_rdtVmA6zejVDoS1cxQ_2.jpg"",""https://static.yeezyunique.ru/batches/6cb9ff7b-d813-4394-8e73-aeda5d06a8f2/_dkyrSEcmmBpWX3KyeAem_rdtVmA6zejVDoS1cxQ_3.jpg"",""https://static.yeezyunique.ru/batches/6cb9ff7b-d813-4394-8e73-aeda5d06a8f2/_dkyrSEcmmBpWX3KyeAem_rdtVmA6zejVDoS1cxQ_4.jpg"",""https://static.yeezyunique.ru/batches/6cb9ff7b-d813-4394-8e73-aeda5d06a8f2/_dkyrSEcmmBpWX3KyeAem_rdtVmA6zejVDoS1cxQ_5.jpg"",""https://static.yeezyunique.ru/batches/6cb9ff7b-d813-4394-8e73-aeda5d06a8f2/_dkyrSEcmmBpWX3KyeAem_rdtVmA6zejVDoS1cxQ_6.jpg"",""https://static.yeezyunique.ru/batches/6cb9ff7b-d813-4394-8e73-aeda5d06a8f2/_dkyrSEcmmBpWX3KyeAem_rdtVmA6zejVDoS1cxQ_7.jpg"",""https://static.yeezyunique.ru/batches/6cb9ff7b-d813-4394-8e73-aeda5d06a8f2/_dkyrSEcmmBpWX3KyeAem_rdtVmA6zejVDoS1cxQ_8.jpg""]";true
_dtTrSkE1gPnWRhMk7K-9SIkpnNbjUKdNVi8k86g;Miu Miu Сандалии;Элегантные сандалии из премиальной итальянской овечьей кожи растительного дубления с изысканной драпировкой. Модель дополнена мягкой подкладкой из натуральной кожи для оптимального комфорта и износостойкой подошвой из термополиуретана.\n\nРазмеры: 35-40.;23000;cn386fag2q87srw;nzg3vsvajpiv1e8;rbf3iprt2z3owjd;Для женщин;"[""https://static.yeezyunique.ru/batches/6cb9ff7b-d813-4394-8e73-aeda5d06a8f2/_dtTrSkE1gPnWRhMk7K-9SIkpnNbjUKdNVi8k86g_0.jpg"",""https://static.yeezyunique.ru/batches/6cb9ff7b-d813-4394-8e73-aeda5d06a8f2/_dtTrSkE1gPnWRhMk7K-9SIkpnNbjUKdNVi8k86g_1.jpg"",""https://static.yeezyunique.ru/batches/6cb9ff7b-d813-4394-8e73-aeda5d06a8f2/_dtTrSkE1gPnWRhMk7K-9SIkpnNbjUKdNVi8k86g_2.jpg"",""https://static.yeezyunique.ru/batches/6cb9ff7b-d813-4394-8e73-aeda5d06a8f2/_dtTrSkE1gPnWRhMk7K-9SIkpnNbjUKdNVi8k86g_3.jpg"",""https://static.yeezyunique.ru/batches/6cb9ff7b-d813-4394-8e73-aeda5d06a8f2/_dtTrSkE1gPnWRhMk7K-9SIkpnNbjUKdNVi8k86g_4.jpg"",""https://static.yeezyunique.ru/batches/6cb9ff7b-d813-4394-8e73-aeda5d06a8f2/_dtTrSkE1gPnWRhMk7K-9SIkpnNbjUKdNVi8k86g_5.jpg"",""https://static.yeezyunique.ru/batches/6cb9ff7b-d813-4394-8e73-aeda5d06a8f2/_dtTrSkE1gPnWRhMk7K-9SIkpnNbjUKdNVi8k86g_6.jpg"",""https://static.yeezyunique.ru/batches/6cb9ff7b-d813-4394-8e73-aeda5d06a8f2/_dtTrSkE1gPnWRhMk7K-9SIkpnNbjUKdNVi8k86g_7.jpg"",""https://static.yeezyunique.ru/batches/6cb9ff7b-d813-4394-8e73-aeda5d06a8f2/_dtTrSkE1gPnWRhMk7K-9SIkpnNbjUKdNVi8k86g_8.jpg""]";true
_dgrrSuusGkeLQeZwTm-9HgE4RPRABQbz0JzRorQ;Miu Miu Сандалии;Изящные сандалии в минималистичном стиле, идеально подходящие для летнего образа. Модель выполнена из прочного нейлонового шнура с фирменным логотипом и дополнена стелькой из натуральной телячьей кожи для комфорта при носке.\n\nРазмеры: 35-40.;23000;cn386fag2q87srw;nzg3vsvajpiv1e8;rbf3iprt2z3owjd;Для женщин;"[""https://static.yeezyunique.ru/batches/6cb9ff7b-d813-4394-8e73-aeda5d06a8f2/_dgrrSuusGkeLQeZwTm-9HgE4RPRABQbz0JzRorQ_0.jpg"",""https://static.yeezyunique.ru/batches/6cb9ff7b-d813-4394-8e73-aeda5d06a8f2/_dgrrSuusGkeLQeZwTm-9HgE4RPRABQbz0JzRorQ_1.jpg"",""https://static.yeezyunique.ru/batches/6cb9ff7b-d813-4394-8e73-aeda5d06a8f2/_dgrrSuusGkeLQeZwTm-9HgE4RPRABQbz0JzRorQ_2.jpg"",""https://static.yeezyunique.ru/batches/6cb9ff7b-d813-4394-8e73-aeda5d06a8f2/_dgrrSuusGkeLQeZwTm-9HgE4RPRABQbz0JzRorQ_3.jpg"",""https://static.yeezyunique.ru/batches/6cb9ff7b-d813-4394-8e73-aeda5d06a8f2/_dgrrSuusGkeLQeZwTm-9HgE4RPRABQbz0JzRorQ_4.jpg"",""https://static.yeezyunique.ru/batches/6cb9ff7b-d813-4394-8e73-aeda5d06a8f2/_dgrrSuusGkeLQeZwTm-9HgE4RPRABQbz0JzRorQ_5.jpg"",""https://static.yeezyunique.ru/batches/6cb9ff7b-d813-4394-8e73-aeda5d06a8f2/_dgrrSuusGkeLQeZwTm-9HgE4RPRABQbz0JzRorQ_6.jpg"",""https://static.yeezyunique.ru/batches/6cb9ff7b-d813-4394-8e73-aeda5d06a8f2/_dgrrSuusGkeLQeZwTm-9HgE4RPRABQbz0JzRorQ_7.jpg"",""https://static.yeezyunique.ru/batches/6cb9ff7b-d813-4394-8e73-aeda5d06a8f2/_dgrrSuusGkeLQeZwTm-9HgE4RPRABQbz0JzRorQ_8.jpg""]";true
_doprS-HV5gwmgQoeBLo113uSnjcBnlSpkn1gSEQ;Miu Miu Сандалии;Элегантные сандалии в минималистичном стиле, идеально подходящие для летнего сезона. Модель выполнена из прочного нейлонового шнура с фирменным металлическим логотипом и стелькой из натуральной телячьей кожи для дополнительного комфорта.\n\nРазмеры: 35-40.;23000;cn386fag2q87srw;nzg3vsvajpiv1e8;rbf3iprt2z3owjd;Для женщин;"[""https://static.yeezyunique.ru/batches/6cb9ff7b-d813-4394-8e73-aeda5d06a8f2/_doprS-HV5gwmgQoeBLo113uSnjcBnlSpkn1gSEQ_0.jpg"",""https://static.yeezyunique.ru/batches/6cb9ff7b-d813-4394-8e73-aeda5d06a8f2/_doprS-HV5gwmgQoeBLo113uSnjcBnlSpkn1gSEQ_1.jpg"",""https://static.yeezyunique.ru/batches/6cb9ff7b-d813-4394-8e73-aeda5d06a8f2/_doprS-HV5gwmgQoeBLo113uSnjcBnlSpkn1gSEQ_2.jpg"",""https://static.yeezyunique.ru/batches/6cb9ff7b-d813-4394-8e73-aeda5d06a8f2/_doprS-HV5gwmgQoeBLo113uSnjcBnlSpkn1gSEQ_3.jpg"",""https://static.yeezyunique.ru/batches/6cb9ff7b-d813-4394-8e73-aeda5d06a8f2/_doprS-HV5gwmgQoeBLo113uSnjcBnlSpkn1gSEQ_4.jpg"",""https://static.yeezyunique.ru/batches/6cb9ff7b-d813-4394-8e73-aeda5d06a8f2/_doprS-HV5gwmgQoeBLo113uSnjcBnlSpkn1gSEQ_5.jpg"",""https://static.yeezyunique.ru/batches/6cb9ff7b-d813-4394-8e73-aeda5d06a8f2/_doprS-HV5gwmgQoeBLo113uSnjcBnlSpkn1gSEQ_6.jpg"",""https://static.yeezyunique.ru/batches/6cb9ff7b-d813-4394-8e73-aeda5d06a8f2/_doprS-HV5gwmgQoeBLo113uSnjcBnlSpkn1gSEQ_7.jpg"",""https://static.yeezyunique.ru/batches/6cb9ff7b-d813-4394-8e73-aeda5d06a8f2/_doprS-HV5gwmgQoeBLo113uSnjcBnlSpkn1gSEQ_8.jpg""]";true
_dejrSaRuXLYn0NPxuMoKTYeybjHII8utQwE_xvQ;Miu Miu Сандалии;Изящные сандалии в минималистичном стиле, идеально подходящие для летнего образа. Модель выполнена из прочного нейлонового шнура с фирменным металлическим логотипом и мягкой стелькой из натуральной телячьей кожи для комфорта при ходьбе.\n\nРазмеры: 35-40.;23000;cn386fag2q87srw;nzg3vsvajpiv1e8;rbf3iprt2z3owjd;Для женщин;"[""https://static.yeezyunique.ru/batches/6cb9ff7b-d813-4394-8e73-aeda5d06a8f2/_dejrSaRuXLYn0NPxuMoKTYeybjHII8utQwE_xvQ_0.jpg"",""https://static.yeezyunique.ru/batches/6cb9ff7b-d813-4394-8e73-aeda5d06a8f2/_dejrSaRuXLYn0NPxuMoKTYeybjHII8utQwE_xvQ_1.jpg"",""https://static.yeezyunique.ru/batches/6cb9ff7b-d813-4394-8e73-aeda5d06a8f2/_dejrSaRuXLYn0NPxuMoKTYeybjHII8utQwE_xvQ_2.jpg"",""https://static.yeezyunique.ru/batches/6cb9ff7b-d813-4394-8e73-aeda5d06a8f2/_dejrSaRuXLYn0NPxuMoKTYeybjHII8utQwE_xvQ_3.jpg"",""https://static.yeezyunique.ru/batches/6cb9ff7b-d813-4394-8e73-aeda5d06a8f2/_dejrSaRuXLYn0NPxuMoKTYeybjHII8utQwE_xvQ_4.jpg"",""https://static.yeezyunique.ru/batches/6cb9ff7b-d813-4394-8e73-aeda5d06a8f2/_dejrSaRuXLYn0NPxuMoKTYeybjHII8utQwE_xvQ_5.jpg"",""https://static.yeezyunique.ru/batches/6cb9ff7b-d813-4394-8e73-aeda5d06a8f2/_dejrSaRuXLYn0NPxuMoKTYeybjHII8utQwE_xvQ_6.jpg"",""https://static.yeezyunique.ru/batches/6cb9ff7b-d813-4394-8e73-aeda5d06a8f2/_dejrSaRuXLYn0NPxuMoKTYeybjHII8utQwE_xvQ_7.jpg"",""https://static.yeezyunique.ru/batches/6cb9ff7b-d813-4394-8e73-aeda5d06a8f2/_dejrSaRuXLYn0NPxuMoKTYeybjHII8utQwE_xvQ_8.jpg""]";true
_dbMrS-9ADeCkmWQF_flqVV7Yv0c_2EFLzWKrXww;Miu Miu Лоферы;Изысканные лоферы с элементами ручного плетения, выполненные из премиальной импортной замши из кожи теленка. Мягкая внутренняя отделка обеспечивает комфорт и отличную воздухопроницаемость, а прочная резиновая подошва гарантирует долговечность и устойчивость.\n\nРазмеры: 35-40.;23000;cn386fag2q87srw;nzg3vsvajpiv1e8;4pxynbc4fqy6aiu;Для женщин;"[""https://static.yeezyunique.ru/batches/6cb9ff7b-d813-4394-8e73-aeda5d06a8f2/_dbMrS-9ADeCkmWQF_flqVV7Yv0c_2EFLzWKrXww_0.jpg"",""https://static.yeezyunique.ru/batches/6cb9ff7b-d813-4394-8e73-aeda5d06a8f2/_dbMrS-9ADeCkmWQF_flqVV7Yv0c_2EFLzWKrXww_1.jpg"",""https://static.yeezyunique.ru/batches/6cb9ff7b-d813-4394-8e73-aeda5d06a8f2/_dbMrS-9ADeCkmWQF_flqVV7Yv0c_2EFLzWKrXww_2.jpg"",""https://static.yeezyunique.ru/batches/6cb9ff7b-d813-4394-8e73-aeda5d06a8f2/_dbMrS-9ADeCkmWQF_flqVV7Yv0c_2EFLzWKrXww_3.jpg"",""https://static.yeezyunique.ru/batches/6cb9ff7b-d813-4394-8e73-aeda5d06a8f2/_dbMrS-9ADeCkmWQF_flqVV7Yv0c_2EFLzWKrXww_4.jpg"",""https://static.yeezyunique.ru/batches/6cb9ff7b-d813-4394-8e73-aeda5d06a8f2/_dbMrS-9ADeCkmWQF_flqVV7Yv0c_2EFLzWKrXww_5.jpg"",""https://static.yeezyunique.ru/batches/6cb9ff7b-d813-4394-8e73-aeda5d06a8f2/_dbMrS-9ADeCkmWQF_flqVV7Yv0c_2EFLzWKrXww_6.jpg"",""https://static.yeezyunique.ru/batches/6cb9ff7b-d813-4394-8e73-aeda5d06a8f2/_dbMrS-9ADeCkmWQF_flqVV7Yv0c_2EFLzWKrXww_7.jpg"",""https://static.yeezyunique.ru/batches/6cb9ff7b-d813-4394-8e73-aeda5d06a8f2/_dbMrS-9ADeCkmWQF_flqVV7Yv0c_2EFLzWKrXww_8.jpg""]";true
_dtsrSS6NOEY78iWarak6v4Xr4qOPvtQGdilp3Bw;Miu Miu Шлепанцы;Стильные шлепанцы из плетеной рафии, украшенные объемным логотипом бренда. Модель дополнена стелькой из натуральной кожи растительного дубления для превосходной воздухопроницаемости и комфорта.\n\nРазмеры: 35-40.;23000;cn386fag2q87srw;nzg3vsvajpiv1e8;rbf3iprt2z3owjd;Для женщин;"[""https://static.yeezyunique.ru/batches/6cb9ff7b-d813-4394-8e73-aeda5d06a8f2/_dtsrSS6NOEY78iWarak6v4Xr4qOPvtQGdilp3Bw_0.jpg"",""https://static.yeezyunique.ru/batches/6cb9ff7b-d813-4394-8e73-aeda5d06a8f2/_dtsrSS6NOEY78iWarak6v4Xr4qOPvtQGdilp3Bw_1.jpg"",""https://static.yeezyunique.ru/batches/6cb9ff7b-d813-4394-8e73-aeda5d06a8f2/_dtsrSS6NOEY78iWarak6v4Xr4qOPvtQGdilp3Bw_2.jpg"",""https://static.yeezyunique.ru/batches/6cb9ff7b-d813-4394-8e73-aeda5d06a8f2/_dtsrSS6NOEY78iWarak6v4Xr4qOPvtQGdilp3Bw_3.jpg"",""https://static.yeezyunique.ru/batches/6cb9ff7b-d813-4394-8e73-aeda5d06a8f2/_dtsrSS6NOEY78iWarak6v4Xr4qOPvtQGdilp3Bw_4.jpg"",""https://static.yeezyunique.ru/batches/6cb9ff7b-d813-4394-8e73-aeda5d06a8f2/_dtsrSS6NOEY78iWarak6v4Xr4qOPvtQGdilp3Bw_5.jpg"",""https://static.yeezyunique.ru/batches/6cb9ff7b-d813-4394-8e73-aeda5d06a8f2/_dtsrSS6NOEY78iWarak6v4Xr4qOPvtQGdilp3Bw_6.jpg"",""https://static.yeezyunique.ru/batches/6cb9ff7b-d813-4394-8e73-aeda5d06a8f2/_dtsrSS6NOEY78iWarak6v4Xr4qOPvtQGdilp3Bw_7.jpg"",""https://static.yeezyunique.ru/batches/6cb9ff7b-d813-4394-8e73-aeda5d06a8f2/_dtsrSS6NOEY78iWarak6v4Xr4qOPvtQGdilp3Bw_8.jpg""]";true
_dn0rS08UEhQGl6to1J4CXvknQZMp50s-RMdlkXA;Miu Miu Шлепанцы;Стильные шлепанцы из плетеной рафии, украшенные объемным логотипом бренда. Модель дополнена стелькой из натуральной кожи растительного дубления для превосходной воздухопроницаемости и комфорта.\n\nРазмеры: 35-40.;23000;cn386fag2q87srw;nzg3vsvajpiv1e8;rbf3iprt2z3owjd;Для женщин;"[""https://static.yeezyunique.ru/batches/6cb9ff7b-d813-4394-8e73-aeda5d06a8f2/_dn0rS08UEhQGl6to1J4CXvknQZMp50s-RMdlkXA_0.jpg"",""https://static.yeezyunique.ru/batches/6cb9ff7b-d813-4394-8e73-aeda5d06a8f2/_dn0rS08UEhQGl6to1J4CXvknQZMp50s-RMdlkXA_1.jpg"",""https://static.yeezyunique.ru/batches/6cb9ff7b-d813-4394-8e73-aeda5d06a8f2/_dn0rS08UEhQGl6to1J4CXvknQZMp50s-RMdlkXA_2.jpg"",""https://static.yeezyunique.ru/batches/6cb9ff7b-d813-4394-8e73-aeda5d06a8f2/_dn0rS08UEhQGl6to1J4CXvknQZMp50s-RMdlkXA_3.jpg"",""https://static.yeezyunique.ru/batches/6cb9ff7b-d813-4394-8e73-aeda5d06a8f2/_dn0rS08UEhQGl6to1J4CXvknQZMp50s-RMdlkXA_4.jpg"",""https://static.yeezyunique.ru/batches/6cb9ff7b-d813-4394-8e73-aeda5d06a8f2/_dn0rS08UEhQGl6to1J4CXvknQZMp50s-RMdlkXA_5.jpg"",""https://static.yeezyunique.ru/batches/6cb9ff7b-d813-4394-8e73-aeda5d06a8f2/_dn0rS08UEhQGl6to1J4CXvknQZMp50s-RMdlkXA_6.jpg"",""https://static.yeezyunique.ru/batches/6cb9ff7b-d813-4394-8e73-aeda5d06a8f2/_dn0rS08UEhQGl6to1J4CXvknQZMp50s-RMdlkXA_7.jpg"",""https://static.yeezyunique.ru/batches/6cb9ff7b-d813-4394-8e73-aeda5d06a8f2/_dn0rS08UEhQGl6to1J4CXvknQZMp50s-RMdlkXA_8.jpg""]";true
_dsErSAYLMsHzeq-UL-2K7iyuGpQRC7t6psudKyA;Golden Goose Кроссовки;Стильные кроссовки на массивной подошве с эффектом искусственного состаривания. Модель выполнена из премиальной импортной мерсеризованной телячьей кожи с подкладкой из мягкой махровой ткани и дополнена износостойкой подошвой Vibram для максимального комфорта.\n\nРазмеры: 35-40.;23000;ukpu9ejjyfys4mm;nzg3vsvajpiv1e8;ll3hofpd5wqxr81;Для женщин;"[""https://static.yeezyunique.ru/batches/6cb9ff7b-d813-4394-8e73-aeda5d06a8f2/_dsErSAYLMsHzeq-UL-2K7iyuGpQRC7t6psudKyA_0.jpg"",""https://static.yeezyunique.ru/batches/6cb9ff7b-d813-4394-8e73-aeda5d06a8f2/_dsErSAYLMsHzeq-UL-2K7iyuGpQRC7t6psudKyA_1.jpg"",""https://static.yeezyunique.ru/batches/6cb9ff7b-d813-4394-8e73-aeda5d06a8f2/_dsErSAYLMsHzeq-UL-2K7iyuGpQRC7t6psudKyA_2.jpg"",""https://static.yeezyunique.ru/batches/6cb9ff7b-d813-4394-8e73-aeda5d06a8f2/_dsErSAYLMsHzeq-UL-2K7iyuGpQRC7t6psudKyA_3.jpg"",""https://static.yeezyunique.ru/batches/6cb9ff7b-d813-4394-8e73-aeda5d06a8f2/_dsErSAYLMsHzeq-UL-2K7iyuGpQRC7t6psudKyA_4.jpg"",""https://static.yeezyunique.ru/batches/6cb9ff7b-d813-4394-8e73-aeda5d06a8f2/_dsErSAYLMsHzeq-UL-2K7iyuGpQRC7t6psudKyA_5.jpg"",""https://static.yeezyunique.ru/batches/6cb9ff7b-d813-4394-8e73-aeda5d06a8f2/_dsErSAYLMsHzeq-UL-2K7iyuGpQRC7t6psudKyA_6.jpg"",""https://static.yeezyunique.ru/batches/6cb9ff7b-d813-4394-8e73-aeda5d06a8f2/_dsErSAYLMsHzeq-UL-2K7iyuGpQRC7t6psudKyA_7.jpg"",""https://static.yeezyunique.ru/batches/6cb9ff7b-d813-4394-8e73-aeda5d06a8f2/_dsErSAYLMsHzeq-UL-2K7iyuGpQRC7t6psudKyA_8.jpg""]";true
_di3rSeh_pbcV5GApbstg5PVeSB5slw29ussSLsw;Golden Goose Кроссовки;Стильные кроссовки на массивной подошве с эффектом искусственного состаривания. Модель выполнена из премиальной импортной мерсеризованной телячьей кожи с подкладкой из мягкого махрового хлопка и дополнена износостойкой подошвой Vibram для максимального комфорта.\n\nРазмеры: 35-40.;23000;ukpu9ejjyfys4mm;nzg3vsvajpiv1e8;ll3hofpd5wqxr81;Для женщин;"[""https://static.yeezyunique.ru/batches/6cb9ff7b-d813-4394-8e73-aeda5d06a8f2/_di3rSeh_pbcV5GApbstg5PVeSB5slw29ussSLsw_0.jpg"",""https://static.yeezyunique.ru/batches/6cb9ff7b-d813-4394-8e73-aeda5d06a8f2/_di3rSeh_pbcV5GApbstg5PVeSB5slw29ussSLsw_1.jpg"",""https://static.yeezyunique.ru/batches/6cb9ff7b-d813-4394-8e73-aeda5d06a8f2/_di3rSeh_pbcV5GApbstg5PVeSB5slw29ussSLsw_2.jpg"",""https://static.yeezyunique.ru/batches/6cb9ff7b-d813-4394-8e73-aeda5d06a8f2/_di3rSeh_pbcV5GApbstg5PVeSB5slw29ussSLsw_3.jpg"",""https://static.yeezyunique.ru/batches/6cb9ff7b-d813-4394-8e73-aeda5d06a8f2/_di3rSeh_pbcV5GApbstg5PVeSB5slw29ussSLsw_4.jpg"",""https://static.yeezyunique.ru/batches/6cb9ff7b-d813-4394-8e73-aeda5d06a8f2/_di3rSeh_pbcV5GApbstg5PVeSB5slw29ussSLsw_5.jpg"",""https://static.yeezyunique.ru/batches/6cb9ff7b-d813-4394-8e73-aeda5d06a8f2/_di3rSeh_pbcV5GApbstg5PVeSB5slw29ussSLsw_6.jpg"",""https://static.yeezyunique.ru/batches/6cb9ff7b-d813-4394-8e73-aeda5d06a8f2/_di3rSeh_pbcV5GApbstg5PVeSB5slw29ussSLsw_7.jpg"",""https://static.yeezyunique.ru/batches/6cb9ff7b-d813-4394-8e73-aeda5d06a8f2/_di3rSeh_pbcV5GApbstg5PVeSB5slw29ussSLsw_8.jpg""]";true
_dx3rSIq3XyV7oxgnhQc-m6z4wCTQJHhmtX5Fsww;Loro Piana Лоферы;Элегантные лоферы из премиальной итальянской кожи, отличающиеся лаконичным дизайном и безупречным качеством исполнения. Мягкий материал идеально облегает стопу, обеспечивая непревзойденный комфорт при повседневной носке.\n\nРазмеры: 35-42.;23000;ll73bx30faqq27r;nzg3vsvajpiv1e8;4pxynbc4fqy6aiu;Для женщин;"[""https://static.yeezyunique.ru/batches/6cb9ff7b-d813-4394-8e73-aeda5d06a8f2/_dx3rSIq3XyV7oxgnhQc-m6z4wCTQJHhmtX5Fsww_0.jpg"",""https://static.yeezyunique.ru/batches/6cb9ff7b-d813-4394-8e73-aeda5d06a8f2/_dx3rSIq3XyV7oxgnhQc-m6z4wCTQJHhmtX5Fsww_1.jpg"",""https://static.yeezyunique.ru/batches/6cb9ff7b-d813-4394-8e73-aeda5d06a8f2/_dx3rSIq3XyV7oxgnhQc-m6z4wCTQJHhmtX5Fsww_2.jpg"",""https://static.yeezyunique.ru/batches/6cb9ff7b-d813-4394-8e73-aeda5d06a8f2/_dx3rSIq3XyV7oxgnhQc-m6z4wCTQJHhmtX5Fsww_3.jpg"",""https://static.yeezyunique.ru/batches/6cb9ff7b-d813-4394-8e73-aeda5d06a8f2/_dx3rSIq3XyV7oxgnhQc-m6z4wCTQJHhmtX5Fsww_4.jpg"",""https://static.yeezyunique.ru/batches/6cb9ff7b-d813-4394-8e73-aeda5d06a8f2/_dx3rSIq3XyV7oxgnhQc-m6z4wCTQJHhmtX5Fsww_5.jpg"",""https://static.yeezyunique.ru/batches/6cb9ff7b-d813-4394-8e73-aeda5d06a8f2/_dx3rSIq3XyV7oxgnhQc-m6z4wCTQJHhmtX5Fsww_6.jpg"",""https://static.yeezyunique.ru/batches/6cb9ff7b-d813-4394-8e73-aeda5d06a8f2/_dx3rSIq3XyV7oxgnhQc-m6z4wCTQJHhmtX5Fsww_7.jpg"",""https://static.yeezyunique.ru/batches/6cb9ff7b-d813-4394-8e73-aeda5d06a8f2/_dx3rSIq3XyV7oxgnhQc-m6z4wCTQJHhmtX5Fsww_8.jpg""]";true
_duHrS81wKgw7gSVI1sPA-yz-2SqrjIHPOrWu6Qg;Balenciaga Кроссовки;Популярные кроссовки модели 6XL с выраженным эффектом объема, которые визуально удлиняют ноги. Модель выполнена из высококачественной сетчатой ткани и полиуретана без использования кожи, дополнена винтажным эффектом потертости на подошве.\n\nРазмеры: 35-46 (унисекс).;23000;mj2732zh7c7pchi;nzg3vsvajpiv1e8;ll3hofpd5wqxr81;Унисекс;"[""https://static.yeezyunique.ru/batches/6cb9ff7b-d813-4394-8e73-aeda5d06a8f2/_duHrS81wKgw7gSVI1sPA-yz-2SqrjIHPOrWu6Qg_0.jpg"",""https://static.yeezyunique.ru/batches/6cb9ff7b-d813-4394-8e73-aeda5d06a8f2/_duHrS81wKgw7gSVI1sPA-yz-2SqrjIHPOrWu6Qg_1.jpg"",""https://static.yeezyunique.ru/batches/6cb9ff7b-d813-4394-8e73-aeda5d06a8f2/_duHrS81wKgw7gSVI1sPA-yz-2SqrjIHPOrWu6Qg_2.jpg"",""https://static.yeezyunique.ru/batches/6cb9ff7b-d813-4394-8e73-aeda5d06a8f2/_duHrS81wKgw7gSVI1sPA-yz-2SqrjIHPOrWu6Qg_3.jpg"",""https://static.yeezyunique.ru/batches/6cb9ff7b-d813-4394-8e73-aeda5d06a8f2/_duHrS81wKgw7gSVI1sPA-yz-2SqrjIHPOrWu6Qg_4.jpg"",""https://static.yeezyunique.ru/batches/6cb9ff7b-d813-4394-8e73-aeda5d06a8f2/_duHrS81wKgw7gSVI1sPA-yz-2SqrjIHPOrWu6Qg_5.jpg"",""https://static.yeezyunique.ru/batches/6cb9ff7b-d813-4394-8e73-aeda5d06a8f2/_duHrS81wKgw7gSVI1sPA-yz-2SqrjIHPOrWu6Qg_6.jpg"",""https://static.yeezyunique.ru/batches/6cb9ff7b-d813-4394-8e73-aeda5d06a8f2/_duHrS81wKgw7gSVI1sPA-yz-2SqrjIHPOrWu6Qg_7.jpg"",""https://static.yeezyunique.ru/batches/6cb9ff7b-d813-4394-8e73-aeda5d06a8f2/_duHrS81wKgw7gSVI1sPA-yz-2SqrjIHPOrWu6Qg_8.jpg""]";true
_dhcrSNb3NgFYq-2Ec2TvY-iza7qgflFhAidn3HQ;Balenciaga Кроссовки;Популярная модель кроссовок 6XL в стиле dad shoes, визуально удлиняющая ноги. Модель выполнена из высококачественного сетчатого материала и полиуретана с эффектом искусственного состаривания подошвы для создания винтажного образа.\n\nРазмеры: 35-40.;23000;mj2732zh7c7pchi;nzg3vsvajpiv1e8;ll3hofpd5wqxr81;Для женщин;"[""https://static.yeezyunique.ru/batches/6cb9ff7b-d813-4394-8e73-aeda5d06a8f2/_dhcrSNb3NgFYq-2Ec2TvY-iza7qgflFhAidn3HQ_0.jpg"",""https://static.yeezyunique.ru/batches/6cb9ff7b-d813-4394-8e73-aeda5d06a8f2/_dhcrSNb3NgFYq-2Ec2TvY-iza7qgflFhAidn3HQ_1.jpg"",""https://static.yeezyunique.ru/batches/6cb9ff7b-d813-4394-8e73-aeda5d06a8f2/_dhcrSNb3NgFYq-2Ec2TvY-iza7qgflFhAidn3HQ_2.jpg"",""https://static.yeezyunique.ru/batches/6cb9ff7b-d813-4394-8e73-aeda5d06a8f2/_dhcrSNb3NgFYq-2Ec2TvY-iza7qgflFhAidn3HQ_3.jpg"",""https://static.yeezyunique.ru/batches/6cb9ff7b-d813-4394-8e73-aeda5d06a8f2/_dhcrSNb3NgFYq-2Ec2TvY-iza7qgflFhAidn3HQ_4.jpg"",""https://static.yeezyunique.ru/batches/6cb9ff7b-d813-4394-8e73-aeda5d06a8f2/_dhcrSNb3NgFYq-2Ec2TvY-iza7qgflFhAidn3HQ_5.jpg"",""https://static.yeezyunique.ru/batches/6cb9ff7b-d813-4394-8e73-aeda5d06a8f2/_dhcrSNb3NgFYq-2Ec2TvY-iza7qgflFhAidn3HQ_6.jpg"",""https://static.yeezyunique.ru/batches/6cb9ff7b-d813-4394-8e73-aeda5d06a8f2/_dhcrSNb3NgFYq-2Ec2TvY-iza7qgflFhAidn3HQ_7.jpg"",""https://static.yeezyunique.ru/batches/6cb9ff7b-d813-4394-8e73-aeda5d06a8f2/_dhcrSNb3NgFYq-2Ec2TvY-iza7qgflFhAidn3HQ_8.jpg""]";true
_duyrSPScrhwDSlBPtZp2ERIDplIFVsjJynIcDlg;Golden Goose Кроссовки;Стильные кроссовки на массивной подошве с эффектом искусственного состаривания. Модель выполнена из премиальной импортной мерсеризованной телячьей кожи с подкладкой из мягкого махрового хлопка и дополнена износостойкой подошвой Vibram для максимального комфорта.\n\nРазмеры: 35-40.;23000;ukpu9ejjyfys4mm;nzg3vsvajpiv1e8;ll3hofpd5wqxr81;Для женщин;"[""https://static.yeezyunique.ru/batches/6cb9ff7b-d813-4394-8e73-aeda5d06a8f2/_duyrSPScrhwDSlBPtZp2ERIDplIFVsjJynIcDlg_0.jpg"",""https://static.yeezyunique.ru/batches/6cb9ff7b-d813-4394-8e73-aeda5d06a8f2/_duyrSPScrhwDSlBPtZp2ERIDplIFVsjJynIcDlg_1.jpg"",""https://static.yeezyunique.ru/batches/6cb9ff7b-d813-4394-8e73-aeda5d06a8f2/_duyrSPScrhwDSlBPtZp2ERIDplIFVsjJynIcDlg_2.jpg"",""https://static.yeezyunique.ru/batches/6cb9ff7b-d813-4394-8e73-aeda5d06a8f2/_duyrSPScrhwDSlBPtZp2ERIDplIFVsjJynIcDlg_3.jpg"",""https://static.yeezyunique.ru/batches/6cb9ff7b-d813-4394-8e73-aeda5d06a8f2/_duyrSPScrhwDSlBPtZp2ERIDplIFVsjJynIcDlg_4.jpg"",""https://static.yeezyunique.ru/batches/6cb9ff7b-d813-4394-8e73-aeda5d06a8f2/_duyrSPScrhwDSlBPtZp2ERIDplIFVsjJynIcDlg_5.jpg"",""https://static.yeezyunique.ru/batches/6cb9ff7b-d813-4394-8e73-aeda5d06a8f2/_duyrSPScrhwDSlBPtZp2ERIDplIFVsjJynIcDlg_6.jpg"",""https://static.yeezyunique.ru/batches/6cb9ff7b-d813-4394-8e73-aeda5d06a8f2/_duyrSPScrhwDSlBPtZp2ERIDplIFVsjJynIcDlg_7.jpg"",""https://static.yeezyunique.ru/batches/6cb9ff7b-d813-4394-8e73-aeda5d06a8f2/_duyrSPScrhwDSlBPtZp2ERIDplIFVsjJynIcDlg_8.jpg""]";true
_dsQrSlJlpDWBxM3VH-w_oQMLCiyEXpQkUbyA3wg;Golden Goose Кроссовки;Стильные кроссовки на массивной подошве с эффектом искусственного состаривания. Модель выполнена из премиальной импортной мерсеризованной телячьей кожи с подкладкой из мягкого махрового хлопка и дополнена износостойкой подошвой Vibram для максимального комфорта.\n\nРазмеры: 35-40.;23000;ukpu9ejjyfys4mm;nzg3vsvajpiv1e8;ll3hofpd5wqxr81;Для женщин;"[""https://static.yeezyunique.ru/batches/6cb9ff7b-d813-4394-8e73-aeda5d06a8f2/_dsQrSlJlpDWBxM3VH-w_oQMLCiyEXpQkUbyA3wg_0.jpg"",""https://static.yeezyunique.ru/batches/6cb9ff7b-d813-4394-8e73-aeda5d06a8f2/_dsQrSlJlpDWBxM3VH-w_oQMLCiyEXpQkUbyA3wg_1.jpg"",""https://static.yeezyunique.ru/batches/6cb9ff7b-d813-4394-8e73-aeda5d06a8f2/_dsQrSlJlpDWBxM3VH-w_oQMLCiyEXpQkUbyA3wg_2.jpg"",""https://static.yeezyunique.ru/batches/6cb9ff7b-d813-4394-8e73-aeda5d06a8f2/_dsQrSlJlpDWBxM3VH-w_oQMLCiyEXpQkUbyA3wg_3.jpg"",""https://static.yeezyunique.ru/batches/6cb9ff7b-d813-4394-8e73-aeda5d06a8f2/_dsQrSlJlpDWBxM3VH-w_oQMLCiyEXpQkUbyA3wg_4.jpg"",""https://static.yeezyunique.ru/batches/6cb9ff7b-d813-4394-8e73-aeda5d06a8f2/_dsQrSlJlpDWBxM3VH-w_oQMLCiyEXpQkUbyA3wg_5.jpg"",""https://static.yeezyunique.ru/batches/6cb9ff7b-d813-4394-8e73-aeda5d06a8f2/_dsQrSlJlpDWBxM3VH-w_oQMLCiyEXpQkUbyA3wg_6.jpg"",""https://static.yeezyunique.ru/batches/6cb9ff7b-d813-4394-8e73-aeda5d06a8f2/_dsQrSlJlpDWBxM3VH-w_oQMLCiyEXpQkUbyA3wg_7.jpg"",""https://static.yeezyunique.ru/batches/6cb9ff7b-d813-4394-8e73-aeda5d06a8f2/_dsQrSlJlpDWBxM3VH-w_oQMLCiyEXpQkUbyA3wg_8.jpg""]";true
_dtLrS8hYnrqsiZGYKxoQNvDGO5Ur6m7VpaFw_cQ;Louis Vuitton Кроссовки;Популярная модель низких кроссовок, выполненная из премиальной натуральной кожи с превосходной текстурой. Внутренняя отделка дополнена дышащей сетчатой тканью для оптимального комфорта, а подошва из TPU обеспечивает отличную амортизацию.\n\nРазмеры: 39-45 (мужские).;23000;977uh954t91spxq;nzg3vsvajpiv1e8;ll3hofpd5wqxr81;Унисекс;"[""https://static.yeezyunique.ru/batches/6cb9ff7b-d813-4394-8e73-aeda5d06a8f2/_dtLrS8hYnrqsiZGYKxoQNvDGO5Ur6m7VpaFw_cQ_0.jpg"",""https://static.yeezyunique.ru/batches/6cb9ff7b-d813-4394-8e73-aeda5d06a8f2/_dtLrS8hYnrqsiZGYKxoQNvDGO5Ur6m7VpaFw_cQ_1.jpg"",""https://static.yeezyunique.ru/batches/6cb9ff7b-d813-4394-8e73-aeda5d06a8f2/_dtLrS8hYnrqsiZGYKxoQNvDGO5Ur6m7VpaFw_cQ_2.jpg"",""https://static.yeezyunique.ru/batches/6cb9ff7b-d813-4394-8e73-aeda5d06a8f2/_dtLrS8hYnrqsiZGYKxoQNvDGO5Ur6m7VpaFw_cQ_3.jpg"",""https://static.yeezyunique.ru/batches/6cb9ff7b-d813-4394-8e73-aeda5d06a8f2/_dtLrS8hYnrqsiZGYKxoQNvDGO5Ur6m7VpaFw_cQ_4.jpg"",""https://static.yeezyunique.ru/batches/6cb9ff7b-d813-4394-8e73-aeda5d06a8f2/_dtLrS8hYnrqsiZGYKxoQNvDGO5Ur6m7VpaFw_cQ_5.jpg"",""https://static.yeezyunique.ru/batches/6cb9ff7b-d813-4394-8e73-aeda5d06a8f2/_dtLrS8hYnrqsiZGYKxoQNvDGO5Ur6m7VpaFw_cQ_6.jpg"",""https://static.yeezyunique.ru/batches/6cb9ff7b-d813-4394-8e73-aeda5d06a8f2/_dtLrS8hYnrqsiZGYKxoQNvDGO5Ur6m7VpaFw_cQ_7.jpg"",""https://static.yeezyunique.ru/batches/6cb9ff7b-d813-4394-8e73-aeda5d06a8f2/_dtLrS8hYnrqsiZGYKxoQNvDGO5Ur6m7VpaFw_cQ_8.jpg""]";true
_dkhrSyjHwnNQh8FhikJ5jgS5TVuv4sKStzKzYsw;Roger Vivier Лоферы;Элегантные лоферы на массивной платформе, украшенные фирменной сверкающей пряжкой. Модель выполнена из премиальной итальянской телячьей кожи с подкладкой из нежной кожи ягненка, обеспечивающей исключительный комфорт.\n\nРазмеры: 35-40.;23000;4vr4ukv7pdgevuy;nzg3vsvajpiv1e8;4pxynbc4fqy6aiu;Для женщин;"[""https://static.yeezyunique.ru/batches/6cb9ff7b-d813-4394-8e73-aeda5d06a8f2/_dkhrSyjHwnNQh8FhikJ5jgS5TVuv4sKStzKzYsw_0.jpg"",""https://static.yeezyunique.ru/batches/6cb9ff7b-d813-4394-8e73-aeda5d06a8f2/_dkhrSyjHwnNQh8FhikJ5jgS5TVuv4sKStzKzYsw_1.jpg"",""https://static.yeezyunique.ru/batches/6cb9ff7b-d813-4394-8e73-aeda5d06a8f2/_dkhrSyjHwnNQh8FhikJ5jgS5TVuv4sKStzKzYsw_2.jpg"",""https://static.yeezyunique.ru/batches/6cb9ff7b-d813-4394-8e73-aeda5d06a8f2/_dkhrSyjHwnNQh8FhikJ5jgS5TVuv4sKStzKzYsw_3.jpg"",""https://static.yeezyunique.ru/batches/6cb9ff7b-d813-4394-8e73-aeda5d06a8f2/_dkhrSyjHwnNQh8FhikJ5jgS5TVuv4sKStzKzYsw_4.jpg"",""https://static.yeezyunique.ru/batches/6cb9ff7b-d813-4394-8e73-aeda5d06a8f2/_dkhrSyjHwnNQh8FhikJ5jgS5TVuv4sKStzKzYsw_5.jpg"",""https://static.yeezyunique.ru/batches/6cb9ff7b-d813-4394-8e73-aeda5d06a8f2/_dkhrSyjHwnNQh8FhikJ5jgS5TVuv4sKStzKzYsw_6.jpg"",""https://static.yeezyunique.ru/batches/6cb9ff7b-d813-4394-8e73-aeda5d06a8f2/_dkhrSyjHwnNQh8FhikJ5jgS5TVuv4sKStzKzYsw_7.jpg"",""https://static.yeezyunique.ru/batches/6cb9ff7b-d813-4394-8e73-aeda5d06a8f2/_dkhrSyjHwnNQh8FhikJ5jgS5TVuv4sKStzKzYsw_8.jpg""]";true
_drOrSQ_zFz-eTmP6cIxZO46hq9iVmC0HKFySy3A;Roger Vivier Лоферы;Элегантные лоферы на массивной платформе, украшенные фирменной сверкающей пряжкой. Модель выполнена из премиальной итальянской телячьей кожи с подкладкой из нежной кожи ягненка, обеспечивающей исключительный комфорт.\n\nРазмеры: 35-40.;23000;4vr4ukv7pdgevuy;nzg3vsvajpiv1e8;4pxynbc4fqy6aiu;Для женщин;"[""https://static.yeezyunique.ru/batches/6cb9ff7b-d813-4394-8e73-aeda5d06a8f2/_drOrSQ_zFz-eTmP6cIxZO46hq9iVmC0HKFySy3A_0.jpg"",""https://static.yeezyunique.ru/batches/6cb9ff7b-d813-4394-8e73-aeda5d06a8f2/_drOrSQ_zFz-eTmP6cIxZO46hq9iVmC0HKFySy3A_1.jpg"",""https://static.yeezyunique.ru/batches/6cb9ff7b-d813-4394-8e73-aeda5d06a8f2/_drOrSQ_zFz-eTmP6cIxZO46hq9iVmC0HKFySy3A_2.jpg"",""https://static.yeezyunique.ru/batches/6cb9ff7b-d813-4394-8e73-aeda5d06a8f2/_drOrSQ_zFz-eTmP6cIxZO46hq9iVmC0HKFySy3A_3.jpg"",""https://static.yeezyunique.ru/batches/6cb9ff7b-d813-4394-8e73-aeda5d06a8f2/_drOrSQ_zFz-eTmP6cIxZO46hq9iVmC0HKFySy3A_4.jpg"",""https://static.yeezyunique.ru/batches/6cb9ff7b-d813-4394-8e73-aeda5d06a8f2/_drOrSQ_zFz-eTmP6cIxZO46hq9iVmC0HKFySy3A_5.jpg"",""https://static.yeezyunique.ru/batches/6cb9ff7b-d813-4394-8e73-aeda5d06a8f2/_drOrSQ_zFz-eTmP6cIxZO46hq9iVmC0HKFySy3A_6.jpg"",""https://static.yeezyunique.ru/batches/6cb9ff7b-d813-4394-8e73-aeda5d06a8f2/_drOrSQ_zFz-eTmP6cIxZO46hq9iVmC0HKFySy3A_7.jpg"",""https://static.yeezyunique.ru/batches/6cb9ff7b-d813-4394-8e73-aeda5d06a8f2/_drOrSQ_zFz-eTmP6cIxZO46hq9iVmC0HKFySy3A_8.jpg""]";true
_dnyrSo4V50YarzSY6lKABwPN2m8RGQoQNu0U4yw;Balenciaga Кроссовки 3XL;Популярная модель кроссовок 3XL с эффектом визуального увеличения роста и акцентом на стройность ног. Модель выполнена из высококачественного сетчатого материала и полиуретана с характерным эффектом искусственного износа подошвы, фирменным логотипом на мыске и заднике.\n\nРазмеры: 35-46 (унисекс).;23000;mj2732zh7c7pchi;nzg3vsvajpiv1e8;ll3hofpd5wqxr81;Унисекс;"[""https://static.yeezyunique.ru/batches/6cb9ff7b-d813-4394-8e73-aeda5d06a8f2/_dnyrSo4V50YarzSY6lKABwPN2m8RGQoQNu0U4yw_0.jpg"",""https://static.yeezyunique.ru/batches/6cb9ff7b-d813-4394-8e73-aeda5d06a8f2/_dnyrSo4V50YarzSY6lKABwPN2m8RGQoQNu0U4yw_1.jpg"",""https://static.yeezyunique.ru/batches/6cb9ff7b-d813-4394-8e73-aeda5d06a8f2/_dnyrSo4V50YarzSY6lKABwPN2m8RGQoQNu0U4yw_2.jpg"",""https://static.yeezyunique.ru/batches/6cb9ff7b-d813-4394-8e73-aeda5d06a8f2/_dnyrSo4V50YarzSY6lKABwPN2m8RGQoQNu0U4yw_3.jpg"",""https://static.yeezyunique.ru/batches/6cb9ff7b-d813-4394-8e73-aeda5d06a8f2/_dnyrSo4V50YarzSY6lKABwPN2m8RGQoQNu0U4yw_4.jpg"",""https://static.yeezyunique.ru/batches/6cb9ff7b-d813-4394-8e73-aeda5d06a8f2/_dnyrSo4V50YarzSY6lKABwPN2m8RGQoQNu0U4yw_5.jpg"",""https://static.yeezyunique.ru/batches/6cb9ff7b-d813-4394-8e73-aeda5d06a8f2/_dnyrSo4V50YarzSY6lKABwPN2m8RGQoQNu0U4yw_6.jpg"",""https://static.yeezyunique.ru/batches/6cb9ff7b-d813-4394-8e73-aeda5d06a8f2/_dnyrSo4V50YarzSY6lKABwPN2m8RGQoQNu0U4yw_7.jpg"",""https://static.yeezyunique.ru/batches/6cb9ff7b-d813-4394-8e73-aeda5d06a8f2/_dnyrSo4V50YarzSY6lKABwPN2m8RGQoQNu0U4yw_8.jpg""]";true
_dhtrSuAI4CBGL0ziE126VuXs_2WtxOFOMjcdPfw;Balenciaga Кроссовки 3XL;Популярная модель кроссовок 3XL с эффектом визуального увеличения роста и акцентом на стройность ног. Модель выполнена из высококачественного сетчатого материала и полиуретана с характерным эффектом искусственного износа подошвы, фирменным логотипом на мыске и заднике.\n\nРазмеры: 35-46 (унисекс).;23000;mj2732zh7c7pchi;nzg3vsvajpiv1e8;ll3hofpd5wqxr81;Унисекс;"[""https://static.yeezyunique.ru/batches/6cb9ff7b-d813-4394-8e73-aeda5d06a8f2/_dhtrSuAI4CBGL0ziE126VuXs_2WtxOFOMjcdPfw_0.jpg"",""https://static.yeezyunique.ru/batches/6cb9ff7b-d813-4394-8e73-aeda5d06a8f2/_dhtrSuAI4CBGL0ziE126VuXs_2WtxOFOMjcdPfw_1.jpg"",""https://static.yeezyunique.ru/batches/6cb9ff7b-d813-4394-8e73-aeda5d06a8f2/_dhtrSuAI4CBGL0ziE126VuXs_2WtxOFOMjcdPfw_2.jpg"",""https://static.yeezyunique.ru/batches/6cb9ff7b-d813-4394-8e73-aeda5d06a8f2/_dhtrSuAI4CBGL0ziE126VuXs_2WtxOFOMjcdPfw_3.jpg"",""https://static.yeezyunique.ru/batches/6cb9ff7b-d813-4394-8e73-aeda5d06a8f2/_dhtrSuAI4CBGL0ziE126VuXs_2WtxOFOMjcdPfw_4.jpg"",""https://static.yeezyunique.ru/batches/6cb9ff7b-d813-4394-8e73-aeda5d06a8f2/_dhtrSuAI4CBGL0ziE126VuXs_2WtxOFOMjcdPfw_5.jpg"",""https://static.yeezyunique.ru/batches/6cb9ff7b-d813-4394-8e73-aeda5d06a8f2/_dhtrSuAI4CBGL0ziE126VuXs_2WtxOFOMjcdPfw_6.jpg"",""https://static.yeezyunique.ru/batches/6cb9ff7b-d813-4394-8e73-aeda5d06a8f2/_dhtrSuAI4CBGL0ziE126VuXs_2WtxOFOMjcdPfw_7.jpg"",""https://static.yeezyunique.ru/batches/6cb9ff7b-d813-4394-8e73-aeda5d06a8f2/_dhtrSuAI4CBGL0ziE126VuXs_2WtxOFOMjcdPfw_8.jpg""]";true
_daHrS_xMlJ-BKCbtpTda9eRdmpryBllPV2gNUPw;Balenciaga Кроссовки 3XL;Популярная модель кроссовок 3XL с эффектом визуального увеличения роста и стройности ног. Модель выполнена из высококачественного сетчатого материала и полиуретана с характерным эффектом искусственного износа подошвы, фирменным логотипом на мыске и заднике.\n\nРазмеры: 35-46 (унисекс).;23000;mj2732zh7c7pchi;nzg3vsvajpiv1e8;ll3hofpd5wqxr81;Унисекс;"[""https://static.yeezyunique.ru/batches/6cb9ff7b-d813-4394-8e73-aeda5d06a8f2/_daHrS_xMlJ-BKCbtpTda9eRdmpryBllPV2gNUPw_0.jpg"",""https://static.yeezyunique.ru/batches/6cb9ff7b-d813-4394-8e73-aeda5d06a8f2/_daHrS_xMlJ-BKCbtpTda9eRdmpryBllPV2gNUPw_1.jpg"",""https://static.yeezyunique.ru/batches/6cb9ff7b-d813-4394-8e73-aeda5d06a8f2/_daHrS_xMlJ-BKCbtpTda9eRdmpryBllPV2gNUPw_2.jpg"",""https://static.yeezyunique.ru/batches/6cb9ff7b-d813-4394-8e73-aeda5d06a8f2/_daHrS_xMlJ-BKCbtpTda9eRdmpryBllPV2gNUPw_3.jpg"",""https://static.yeezyunique.ru/batches/6cb9ff7b-d813-4394-8e73-aeda5d06a8f2/_daHrS_xMlJ-BKCbtpTda9eRdmpryBllPV2gNUPw_4.jpg"",""https://static.yeezyunique.ru/batches/6cb9ff7b-d813-4394-8e73-aeda5d06a8f2/_daHrS_xMlJ-BKCbtpTda9eRdmpryBllPV2gNUPw_5.jpg"",""https://static.yeezyunique.ru/batches/6cb9ff7b-d813-4394-8e73-aeda5d06a8f2/_daHrS_xMlJ-BKCbtpTda9eRdmpryBllPV2gNUPw_6.jpg"",""https://static.yeezyunique.ru/batches/6cb9ff7b-d813-4394-8e73-aeda5d06a8f2/_daHrS_xMlJ-BKCbtpTda9eRdmpryBllPV2gNUPw_7.jpg"",""https://static.yeezyunique.ru/batches/6cb9ff7b-d813-4394-8e73-aeda5d06a8f2/_daHrS_xMlJ-BKCbtpTda9eRdmpryBllPV2gNUPw_8.jpg""]";true
_duErSrTvnGNFj60i9UyDdlT_Xr_A9SYpmfWe1XQ;Balenciaga Кроссовки 3XL;Популярная модель кроссовок 3XL с эффектом визуального увеличения роста и акцентом на стройность ног. Модель выполнена из высококачественного сетчатого материала и полиуретана без использования кожи, дополнена декоративным эффектом потертости на подошве и фирменным логотипом на мыске и заднике.\n\nРазмеры: 35-46 (унисекс).;23000;mj2732zh7c7pchi;nzg3vsvajpiv1e8;ll3hofpd5wqxr81;Унисекс;"[""https://static.yeezyunique.ru/batches/6cb9ff7b-d813-4394-8e73-aeda5d06a8f2/_duErSrTvnGNFj60i9UyDdlT_Xr_A9SYpmfWe1XQ_0.jpg"",""https://static.yeezyunique.ru/batches/6cb9ff7b-d813-4394-8e73-aeda5d06a8f2/_duErSrTvnGNFj60i9UyDdlT_Xr_A9SYpmfWe1XQ_1.jpg"",""https://static.yeezyunique.ru/batches/6cb9ff7b-d813-4394-8e73-aeda5d06a8f2/_duErSrTvnGNFj60i9UyDdlT_Xr_A9SYpmfWe1XQ_2.jpg"",""https://static.yeezyunique.ru/batches/6cb9ff7b-d813-4394-8e73-aeda5d06a8f2/_duErSrTvnGNFj60i9UyDdlT_Xr_A9SYpmfWe1XQ_3.jpg"",""https://static.yeezyunique.ru/batches/6cb9ff7b-d813-4394-8e73-aeda5d06a8f2/_duErSrTvnGNFj60i9UyDdlT_Xr_A9SYpmfWe1XQ_4.jpg"",""https://static.yeezyunique.ru/batches/6cb9ff7b-d813-4394-8e73-aeda5d06a8f2/_duErSrTvnGNFj60i9UyDdlT_Xr_A9SYpmfWe1XQ_5.jpg"",""https://static.yeezyunique.ru/batches/6cb9ff7b-d813-4394-8e73-aeda5d06a8f2/_duErSrTvnGNFj60i9UyDdlT_Xr_A9SYpmfWe1XQ_6.jpg"",""https://static.yeezyunique.ru/batches/6cb9ff7b-d813-4394-8e73-aeda5d06a8f2/_duErSrTvnGNFj60i9UyDdlT_Xr_A9SYpmfWe1XQ_7.jpg"",""https://static.yeezyunique.ru/batches/6cb9ff7b-d813-4394-8e73-aeda5d06a8f2/_duErSrTvnGNFj60i9UyDdlT_Xr_A9SYpmfWe1XQ_8.jpg""]";true
_dfHrS3SOC1VOqTE_opTBsinA6ePfjcCj1UMH9OA;Balenciaga Кроссовки 3XL;Популярная модель кроссовок 3XL с эффектом визуального увеличения роста и стройности ног. Модель выполнена из высококачественного сетчатого материала и полиуретана без использования кожи, дополнена декоративным эффектом потертости на подошве и фирменным логотипом на мыске и заднике.\n\nРазмеры: 35-46 (унисекс).;23000;mj2732zh7c7pchi;nzg3vsvajpiv1e8;ll3hofpd5wqxr81;Унисекс;"[""https://static.yeezyunique.ru/batches/6cb9ff7b-d813-4394-8e73-aeda5d06a8f2/_dfHrS3SOC1VOqTE_opTBsinA6ePfjcCj1UMH9OA_0.jpg"",""https://static.yeezyunique.ru/batches/6cb9ff7b-d813-4394-8e73-aeda5d06a8f2/_dfHrS3SOC1VOqTE_opTBsinA6ePfjcCj1UMH9OA_1.jpg"",""https://static.yeezyunique.ru/batches/6cb9ff7b-d813-4394-8e73-aeda5d06a8f2/_dfHrS3SOC1VOqTE_opTBsinA6ePfjcCj1UMH9OA_2.jpg"",""https://static.yeezyunique.ru/batches/6cb9ff7b-d813-4394-8e73-aeda5d06a8f2/_dfHrS3SOC1VOqTE_opTBsinA6ePfjcCj1UMH9OA_3.jpg"",""https://static.yeezyunique.ru/batches/6cb9ff7b-d813-4394-8e73-aeda5d06a8f2/_dfHrS3SOC1VOqTE_opTBsinA6ePfjcCj1UMH9OA_4.jpg"",""https://static.yeezyunique.ru/batches/6cb9ff7b-d813-4394-8e73-aeda5d06a8f2/_dfHrS3SOC1VOqTE_opTBsinA6ePfjcCj1UMH9OA_5.jpg"",""https://static.yeezyunique.ru/batches/6cb9ff7b-d813-4394-8e73-aeda5d06a8f2/_dfHrS3SOC1VOqTE_opTBsinA6ePfjcCj1UMH9OA_6.jpg"",""https://static.yeezyunique.ru/batches/6cb9ff7b-d813-4394-8e73-aeda5d06a8f2/_dfHrS3SOC1VOqTE_opTBsinA6ePfjcCj1UMH9OA_7.jpg"",""https://static.yeezyunique.ru/batches/6cb9ff7b-d813-4394-8e73-aeda5d06a8f2/_dfHrS3SOC1VOqTE_opTBsinA6ePfjcCj1UMH9OA_8.jpg""]";true
_d_2rSifOuOo2B7OyWnHD91CKtm1-QEm5UmbCBgg;Balenciaga Кроссовки 3XL;Популярная модель кроссовок 3XL с эффектом визуального увеличения роста и акцентом на стройность ног. Модель выполнена из высококачественного сетчатого материала и полиуретана с характерным эффектом искусственного износа подошвы, фирменным логотипом на носке и заднике.\n\nРазмеры: 35-46 (унисекс).;23000;mj2732zh7c7pchi;nzg3vsvajpiv1e8;ll3hofpd5wqxr81;Унисекс;"[""https://static.yeezyunique.ru/batches/6cb9ff7b-d813-4394-8e73-aeda5d06a8f2/_d_2rSifOuOo2B7OyWnHD91CKtm1-QEm5UmbCBgg_0.jpg"",""https://static.yeezyunique.ru/batches/6cb9ff7b-d813-4394-8e73-aeda5d06a8f2/_d_2rSifOuOo2B7OyWnHD91CKtm1-QEm5UmbCBgg_1.jpg"",""https://static.yeezyunique.ru/batches/6cb9ff7b-d813-4394-8e73-aeda5d06a8f2/_d_2rSifOuOo2B7OyWnHD91CKtm1-QEm5UmbCBgg_2.jpg"",""https://static.yeezyunique.ru/batches/6cb9ff7b-d813-4394-8e73-aeda5d06a8f2/_d_2rSifOuOo2B7OyWnHD91CKtm1-QEm5UmbCBgg_3.jpg"",""https://static.yeezyunique.ru/batches/6cb9ff7b-d813-4394-8e73-aeda5d06a8f2/_d_2rSifOuOo2B7OyWnHD91CKtm1-QEm5UmbCBgg_4.jpg"",""https://static.yeezyunique.ru/batches/6cb9ff7b-d813-4394-8e73-aeda5d06a8f2/_d_2rSifOuOo2B7OyWnHD91CKtm1-QEm5UmbCBgg_5.jpg"",""https://static.yeezyunique.ru/batches/6cb9ff7b-d813-4394-8e73-aeda5d06a8f2/_d_2rSifOuOo2B7OyWnHD91CKtm1-QEm5UmbCBgg_6.jpg"",""https://static.yeezyunique.ru/batches/6cb9ff7b-d813-4394-8e73-aeda5d06a8f2/_d_2rSifOuOo2B7OyWnHD91CKtm1-QEm5UmbCBgg_7.jpg"",""https://static.yeezyunique.ru/batches/6cb9ff7b-d813-4394-8e73-aeda5d06a8f2/_d_2rSifOuOo2B7OyWnHD91CKtm1-QEm5UmbCBgg_8.jpg""]";true
_dKSrS7Vm5XmhsmuaPbptLs0RnSkT8nFNhQlEAsg;Balenciaga Кроссовки 3XL;Популярная модель кроссовок 3XL с эффектом визуального увеличения роста и акцентом на стройность ног. Модель выполнена из высококачественного сетчатого материала и полиуретана с характерным эффектом искусственного износа подошвы, фирменным логотипом на мыске и заднике.\n\nРазмеры: 35-46 (унисекс).;23000;mj2732zh7c7pchi;nzg3vsvajpiv1e8;ll3hofpd5wqxr81;Унисекс;"[""https://static.yeezyunique.ru/batches/6cb9ff7b-d813-4394-8e73-aeda5d06a8f2/_dKSrS7Vm5XmhsmuaPbptLs0RnSkT8nFNhQlEAsg_0.jpg"",""https://static.yeezyunique.ru/batches/6cb9ff7b-d813-4394-8e73-aeda5d06a8f2/_dKSrS7Vm5XmhsmuaPbptLs0RnSkT8nFNhQlEAsg_1.jpg"",""https://static.yeezyunique.ru/batches/6cb9ff7b-d813-4394-8e73-aeda5d06a8f2/_dKSrS7Vm5XmhsmuaPbptLs0RnSkT8nFNhQlEAsg_2.jpg"",""https://static.yeezyunique.ru/batches/6cb9ff7b-d813-4394-8e73-aeda5d06a8f2/_dKSrS7Vm5XmhsmuaPbptLs0RnSkT8nFNhQlEAsg_3.jpg"",""https://static.yeezyunique.ru/batches/6cb9ff7b-d813-4394-8e73-aeda5d06a8f2/_dKSrS7Vm5XmhsmuaPbptLs0RnSkT8nFNhQlEAsg_4.jpg"",""https://static.yeezyunique.ru/batches/6cb9ff7b-d813-4394-8e73-aeda5d06a8f2/_dKSrS7Vm5XmhsmuaPbptLs0RnSkT8nFNhQlEAsg_5.jpg"",""https://static.yeezyunique.ru/batches/6cb9ff7b-d813-4394-8e73-aeda5d06a8f2/_dKSrS7Vm5XmhsmuaPbptLs0RnSkT8nFNhQlEAsg_6.jpg"",""https://static.yeezyunique.ru/batches/6cb9ff7b-d813-4394-8e73-aeda5d06a8f2/_dKSrS7Vm5XmhsmuaPbptLs0RnSkT8nFNhQlEAsg_7.jpg"",""https://static.yeezyunique.ru/batches/6cb9ff7b-d813-4394-8e73-aeda5d06a8f2/_dKSrS7Vm5XmhsmuaPbptLs0RnSkT8nFNhQlEAsg_8.jpg""]";true
_dhQrSqnTaZaScLDqerimpI5qul0jFqA3WFdS8jA;Balenciaga Кроссовки 3XL;Популярная модель кроссовок 3XL с эффектом визуального увеличения роста и стройности ног. Модель выполнена из высококачественного сетчатого материала и полиуретана с характерным эффектом искусственного износа подошвы, фирменным логотипом на мыске и заднике.\n\nРазмеры: 35-46 (унисекс).;23000;mj2732zh7c7pchi;nzg3vsvajpiv1e8;ll3hofpd5wqxr81;Унисекс;"[""https://static.yeezyunique.ru/batches/6cb9ff7b-d813-4394-8e73-aeda5d06a8f2/_dhQrSqnTaZaScLDqerimpI5qul0jFqA3WFdS8jA_0.jpg"",""https://static.yeezyunique.ru/batches/6cb9ff7b-d813-4394-8e73-aeda5d06a8f2/_dhQrSqnTaZaScLDqerimpI5qul0jFqA3WFdS8jA_1.jpg"",""https://static.yeezyunique.ru/batches/6cb9ff7b-d813-4394-8e73-aeda5d06a8f2/_dhQrSqnTaZaScLDqerimpI5qul0jFqA3WFdS8jA_2.jpg"",""https://static.yeezyunique.ru/batches/6cb9ff7b-d813-4394-8e73-aeda5d06a8f2/_dhQrSqnTaZaScLDqerimpI5qul0jFqA3WFdS8jA_3.jpg"",""https://static.yeezyunique.ru/batches/6cb9ff7b-d813-4394-8e73-aeda5d06a8f2/_dhQrSqnTaZaScLDqerimpI5qul0jFqA3WFdS8jA_4.jpg"",""https://static.yeezyunique.ru/batches/6cb9ff7b-d813-4394-8e73-aeda5d06a8f2/_dhQrSqnTaZaScLDqerimpI5qul0jFqA3WFdS8jA_5.jpg"",""https://static.yeezyunique.ru/batches/6cb9ff7b-d813-4394-8e73-aeda5d06a8f2/_dhQrSqnTaZaScLDqerimpI5qul0jFqA3WFdS8jA_6.jpg"",""https://static.yeezyunique.ru/batches/6cb9ff7b-d813-4394-8e73-aeda5d06a8f2/_dhQrSqnTaZaScLDqerimpI5qul0jFqA3WFdS8jA_7.jpg"",""https://static.yeezyunique.ru/batches/6cb9ff7b-d813-4394-8e73-aeda5d06a8f2/_dhQrSqnTaZaScLDqerimpI5qul0jFqA3WFdS8jA_8.jpg""]";true
_dlfrSq6sXAfsH6OVziB1ODVzQjkbDgdlag8OGtA;Balenciaga Кроссовки 3XL;Популярная модель кроссовок 3XL с эффектом визуального увеличения роста и акцентом на стройность ног. Модель выполнена из высококачественного сетчатого материала и полиуретана с характерным эффектом искусственного износа подошвы, фирменным логотипом на мыске и заднике.\n\nРазмеры: 35-46 (унисекс).;23000;mj2732zh7c7pchi;nzg3vsvajpiv1e8;ll3hofpd5wqxr81;Унисекс;"[""https://static.yeezyunique.ru/batches/6cb9ff7b-d813-4394-8e73-aeda5d06a8f2/_dlfrSq6sXAfsH6OVziB1ODVzQjkbDgdlag8OGtA_0.jpg"",""https://static.yeezyunique.ru/batches/6cb9ff7b-d813-4394-8e73-aeda5d06a8f2/_dlfrSq6sXAfsH6OVziB1ODVzQjkbDgdlag8OGtA_1.jpg"",""https://static.yeezyunique.ru/batches/6cb9ff7b-d813-4394-8e73-aeda5d06a8f2/_dlfrSq6sXAfsH6OVziB1ODVzQjkbDgdlag8OGtA_2.jpg"",""https://static.yeezyunique.ru/batches/6cb9ff7b-d813-4394-8e73-aeda5d06a8f2/_dlfrSq6sXAfsH6OVziB1ODVzQjkbDgdlag8OGtA_3.jpg"",""https://static.yeezyunique.ru/batches/6cb9ff7b-d813-4394-8e73-aeda5d06a8f2/_dlfrSq6sXAfsH6OVziB1ODVzQjkbDgdlag8OGtA_4.jpg"",""https://static.yeezyunique.ru/batches/6cb9ff7b-d813-4394-8e73-aeda5d06a8f2/_dlfrSq6sXAfsH6OVziB1ODVzQjkbDgdlag8OGtA_5.jpg"",""https://static.yeezyunique.ru/batches/6cb9ff7b-d813-4394-8e73-aeda5d06a8f2/_dlfrSq6sXAfsH6OVziB1ODVzQjkbDgdlag8OGtA_6.jpg"",""https://static.yeezyunique.ru/batches/6cb9ff7b-d813-4394-8e73-aeda5d06a8f2/_dlfrSq6sXAfsH6OVziB1ODVzQjkbDgdlag8OGtA_7.jpg"",""https://static.yeezyunique.ru/batches/6cb9ff7b-d813-4394-8e73-aeda5d06a8f2/_dlfrSq6sXAfsH6OVziB1ODVzQjkbDgdlag8OGtA_8.jpg""]";true
_dryrSoH0BMpVlZYSGDW5je90M8wWH-wLl4B6riA;Balenciaga Кроссовки 3XL;Популярная модель кроссовок 3XL с эффектом визуального увеличения роста и акцентом на стройность ног. Модель выполнена из высококачественного сетчатого материала и полиуретана с характерным эффектом искусственного износа подошвы, фирменным логотипом на мыске и заднике.\n\nРазмеры: 35-46 (унисекс).;23000;mj2732zh7c7pchi;nzg3vsvajpiv1e8;ll3hofpd5wqxr81;Унисекс;"[""https://static.yeezyunique.ru/batches/6cb9ff7b-d813-4394-8e73-aeda5d06a8f2/_dryrSoH0BMpVlZYSGDW5je90M8wWH-wLl4B6riA_0.jpg"",""https://static.yeezyunique.ru/batches/6cb9ff7b-d813-4394-8e73-aeda5d06a8f2/_dryrSoH0BMpVlZYSGDW5je90M8wWH-wLl4B6riA_1.jpg"",""https://static.yeezyunique.ru/batches/6cb9ff7b-d813-4394-8e73-aeda5d06a8f2/_dryrSoH0BMpVlZYSGDW5je90M8wWH-wLl4B6riA_2.jpg"",""https://static.yeezyunique.ru/batches/6cb9ff7b-d813-4394-8e73-aeda5d06a8f2/_dryrSoH0BMpVlZYSGDW5je90M8wWH-wLl4B6riA_3.jpg"",""https://static.yeezyunique.ru/batches/6cb9ff7b-d813-4394-8e73-aeda5d06a8f2/_dryrSoH0BMpVlZYSGDW5je90M8wWH-wLl4B6riA_4.jpg"",""https://static.yeezyunique.ru/batches/6cb9ff7b-d813-4394-8e73-aeda5d06a8f2/_dryrSoH0BMpVlZYSGDW5je90M8wWH-wLl4B6riA_5.jpg"",""https://static.yeezyunique.ru/batches/6cb9ff7b-d813-4394-8e73-aeda5d06a8f2/_dryrSoH0BMpVlZYSGDW5je90M8wWH-wLl4B6riA_6.jpg"",""https://static.yeezyunique.ru/batches/6cb9ff7b-d813-4394-8e73-aeda5d06a8f2/_dryrSoH0BMpVlZYSGDW5je90M8wWH-wLl4B6riA_7.jpg"",""https://static.yeezyunique.ru/batches/6cb9ff7b-d813-4394-8e73-aeda5d06a8f2/_dryrSoH0BMpVlZYSGDW5je90M8wWH-wLl4B6riA_8.jpg""]";true
_dvFrStDESgTtaRJfYlBmW4adNYanRSkTgXL0sRA;Balenciaga Кроссовки 3XL;Популярная модель кроссовок 3XL с эффектом визуального увеличения роста и стройности ног. Модель выполнена из высококачественного сетчатого материала и полиуретана с характерным эффектом искусственного износа подошвы, фирменным логотипом на мыске и заднике.\n\nРазмеры: 35-46 (унисекс).;23000;mj2732zh7c7pchi;nzg3vsvajpiv1e8;ll3hofpd5wqxr81;Унисекс;"[""https://static.yeezyunique.ru/batches/6cb9ff7b-d813-4394-8e73-aeda5d06a8f2/_dvFrStDESgTtaRJfYlBmW4adNYanRSkTgXL0sRA_0.jpg"",""https://static.yeezyunique.ru/batches/6cb9ff7b-d813-4394-8e73-aeda5d06a8f2/_dvFrStDESgTtaRJfYlBmW4adNYanRSkTgXL0sRA_1.jpg"",""https://static.yeezyunique.ru/batches/6cb9ff7b-d813-4394-8e73-aeda5d06a8f2/_dvFrStDESgTtaRJfYlBmW4adNYanRSkTgXL0sRA_2.jpg"",""https://static.yeezyunique.ru/batches/6cb9ff7b-d813-4394-8e73-aeda5d06a8f2/_dvFrStDESgTtaRJfYlBmW4adNYanRSkTgXL0sRA_3.jpg"",""https://static.yeezyunique.ru/batches/6cb9ff7b-d813-4394-8e73-aeda5d06a8f2/_dvFrStDESgTtaRJfYlBmW4adNYanRSkTgXL0sRA_4.jpg"",""https://static.yeezyunique.ru/batches/6cb9ff7b-d813-4394-8e73-aeda5d06a8f2/_dvFrStDESgTtaRJfYlBmW4adNYanRSkTgXL0sRA_5.jpg"",""https://static.yeezyunique.ru/batches/6cb9ff7b-d813-4394-8e73-aeda5d06a8f2/_dvFrStDESgTtaRJfYlBmW4adNYanRSkTgXL0sRA_6.jpg"",""https://static.yeezyunique.ru/batches/6cb9ff7b-d813-4394-8e73-aeda5d06a8f2/_dvFrStDESgTtaRJfYlBmW4adNYanRSkTgXL0sRA_7.jpg"",""https://static.yeezyunique.ru/batches/6cb9ff7b-d813-4394-8e73-aeda5d06a8f2/_dvFrStDESgTtaRJfYlBmW4adNYanRSkTgXL0sRA_8.jpg""]";true
_dbSrStVhhxYeX3HtMn1TtHPVIPWjW3QetLWdlzw;Balenciaga Кроссовки;Популярная модель кроссовок 3XL с эффектом визуального увеличения роста и стройности ног. Модель выполнена из высококачественной сетчатой ткани и полиуретана без использования кожи, дополнена стильным эффектом потертости на подошве и фирменным логотипом бренда на носке и пятке.\n\nРазмеры: 35-40.;23000;mj2732zh7c7pchi;nzg3vsvajpiv1e8;ll3hofpd5wqxr81;Для женщин;"[""https://static.yeezyunique.ru/batches/6cb9ff7b-d813-4394-8e73-aeda5d06a8f2/_dbSrStVhhxYeX3HtMn1TtHPVIPWjW3QetLWdlzw_0.jpg"",""https://static.yeezyunique.ru/batches/6cb9ff7b-d813-4394-8e73-aeda5d06a8f2/_dbSrStVhhxYeX3HtMn1TtHPVIPWjW3QetLWdlzw_1.jpg"",""https://static.yeezyunique.ru/batches/6cb9ff7b-d813-4394-8e73-aeda5d06a8f2/_dbSrStVhhxYeX3HtMn1TtHPVIPWjW3QetLWdlzw_2.jpg"",""https://static.yeezyunique.ru/batches/6cb9ff7b-d813-4394-8e73-aeda5d06a8f2/_dbSrStVhhxYeX3HtMn1TtHPVIPWjW3QetLWdlzw_3.jpg"",""https://static.yeezyunique.ru/batches/6cb9ff7b-d813-4394-8e73-aeda5d06a8f2/_dbSrStVhhxYeX3HtMn1TtHPVIPWjW3QetLWdlzw_4.jpg"",""https://static.yeezyunique.ru/batches/6cb9ff7b-d813-4394-8e73-aeda5d06a8f2/_dbSrStVhhxYeX3HtMn1TtHPVIPWjW3QetLWdlzw_5.jpg"",""https://static.yeezyunique.ru/batches/6cb9ff7b-d813-4394-8e73-aeda5d06a8f2/_dbSrStVhhxYeX3HtMn1TtHPVIPWjW3QetLWdlzw_6.jpg"",""https://static.yeezyunique.ru/batches/6cb9ff7b-d813-4394-8e73-aeda5d06a8f2/_dbSrStVhhxYeX3HtMn1TtHPVIPWjW3QetLWdlzw_7.jpg"",""https://static.yeezyunique.ru/batches/6cb9ff7b-d813-4394-8e73-aeda5d06a8f2/_dbSrStVhhxYeX3HtMn1TtHPVIPWjW3QetLWdlzw_8.jpg""]";true
_dnJrSbuyggWMX1EETtRJDjBBRCdpDLP1UtRoiew;Balenciaga Кроссовки 3XL;Популярная модель кроссовок 3XL с эффектом визуального увеличения роста и стройности ног. Модель выполнена из высококачественного сетчатого материала и полиуретана с характерным эффектом искусственного износа подошвы, фирменным логотипом на мыске и заднике.\n\nРазмеры: 35-46 (унисекс).;23000;mj2732zh7c7pchi;nzg3vsvajpiv1e8;ll3hofpd5wqxr81;Унисекс;"[""https://static.yeezyunique.ru/batches/6cb9ff7b-d813-4394-8e73-aeda5d06a8f2/_dnJrSbuyggWMX1EETtRJDjBBRCdpDLP1UtRoiew_0.jpg"",""https://static.yeezyunique.ru/batches/6cb9ff7b-d813-4394-8e73-aeda5d06a8f2/_dnJrSbuyggWMX1EETtRJDjBBRCdpDLP1UtRoiew_1.jpg"",""https://static.yeezyunique.ru/batches/6cb9ff7b-d813-4394-8e73-aeda5d06a8f2/_dnJrSbuyggWMX1EETtRJDjBBRCdpDLP1UtRoiew_2.jpg"",""https://static.yeezyunique.ru/batches/6cb9ff7b-d813-4394-8e73-aeda5d06a8f2/_dnJrSbuyggWMX1EETtRJDjBBRCdpDLP1UtRoiew_3.jpg"",""https://static.yeezyunique.ru/batches/6cb9ff7b-d813-4394-8e73-aeda5d06a8f2/_dnJrSbuyggWMX1EETtRJDjBBRCdpDLP1UtRoiew_4.jpg"",""https://static.yeezyunique.ru/batches/6cb9ff7b-d813-4394-8e73-aeda5d06a8f2/_dnJrSbuyggWMX1EETtRJDjBBRCdpDLP1UtRoiew_5.jpg"",""https://static.yeezyunique.ru/batches/6cb9ff7b-d813-4394-8e73-aeda5d06a8f2/_dnJrSbuyggWMX1EETtRJDjBBRCdpDLP1UtRoiew_6.jpg"",""https://static.yeezyunique.ru/batches/6cb9ff7b-d813-4394-8e73-aeda5d06a8f2/_dnJrSbuyggWMX1EETtRJDjBBRCdpDLP1UtRoiew_7.jpg"",""https://static.yeezyunique.ru/batches/6cb9ff7b-d813-4394-8e73-aeda5d06a8f2/_dnJrSbuyggWMX1EETtRJDjBBRCdpDLP1UtRoiew_8.jpg""]";true
_d_9rS9RVo_zrZNUyNAJD-2IUF2XW016YcovJrrw;Balenciaga Кроссовки 3XL;Популярная модель кроссовок 3XL с эффектом визуального увеличения роста и стройности ног. Модель выполнена из высококачественной сетчатой ткани и полиуретана без использования кожи, дополнена декоративным эффектом потертости на подошве и фирменным логотипом бренда на носке и заднике.\n\nРазмеры: 35-46.;23000;mj2732zh7c7pchi;nzg3vsvajpiv1e8;ll3hofpd5wqxr81;Унисекс;"[""https://static.yeezyunique.ru/batches/6cb9ff7b-d813-4394-8e73-aeda5d06a8f2/_d_9rS9RVo_zrZNUyNAJD-2IUF2XW016YcovJrrw_0.jpg"",""https://static.yeezyunique.ru/batches/6cb9ff7b-d813-4394-8e73-aeda5d06a8f2/_d_9rS9RVo_zrZNUyNAJD-2IUF2XW016YcovJrrw_1.jpg"",""https://static.yeezyunique.ru/batches/6cb9ff7b-d813-4394-8e73-aeda5d06a8f2/_d_9rS9RVo_zrZNUyNAJD-2IUF2XW016YcovJrrw_2.jpg"",""https://static.yeezyunique.ru/batches/6cb9ff7b-d813-4394-8e73-aeda5d06a8f2/_d_9rS9RVo_zrZNUyNAJD-2IUF2XW016YcovJrrw_3.jpg"",""https://static.yeezyunique.ru/batches/6cb9ff7b-d813-4394-8e73-aeda5d06a8f2/_d_9rS9RVo_zrZNUyNAJD-2IUF2XW016YcovJrrw_4.jpg"",""https://static.yeezyunique.ru/batches/6cb9ff7b-d813-4394-8e73-aeda5d06a8f2/_d_9rS9RVo_zrZNUyNAJD-2IUF2XW016YcovJrrw_5.jpg"",""https://static.yeezyunique.ru/batches/6cb9ff7b-d813-4394-8e73-aeda5d06a8f2/_d_9rS9RVo_zrZNUyNAJD-2IUF2XW016YcovJrrw_6.jpg"",""https://static.yeezyunique.ru/batches/6cb9ff7b-d813-4394-8e73-aeda5d06a8f2/_d_9rS9RVo_zrZNUyNAJD-2IUF2XW016YcovJrrw_7.jpg"",""https://static.yeezyunique.ru/batches/6cb9ff7b-d813-4394-8e73-aeda5d06a8f2/_d_9rS9RVo_zrZNUyNAJD-2IUF2XW016YcovJrrw_8.jpg""]";true
_dqwrStehTxipXsNkFperYSLWuyUrDlcBuWGxmGQ;Balenciaga Кроссовки 3XL;Популярная модель кроссовок 3XL с эффектом визуального увеличения роста и стройности ног. Модель выполнена из высококачественного сетчатого материала и полиуретана без использования кожи, дополнена декоративным эффектом потертости на подошве и фирменным логотипом на мыске и заднике.\n\nРазмеры: 35-46 (унисекс).;23000;mj2732zh7c7pchi;nzg3vsvajpiv1e8;ll3hofpd5wqxr81;Унисекс;"[""https://static.yeezyunique.ru/batches/6cb9ff7b-d813-4394-8e73-aeda5d06a8f2/_dqwrStehTxipXsNkFperYSLWuyUrDlcBuWGxmGQ_0.jpg"",""https://static.yeezyunique.ru/batches/6cb9ff7b-d813-4394-8e73-aeda5d06a8f2/_dqwrStehTxipXsNkFperYSLWuyUrDlcBuWGxmGQ_1.jpg"",""https://static.yeezyunique.ru/batches/6cb9ff7b-d813-4394-8e73-aeda5d06a8f2/_dqwrStehTxipXsNkFperYSLWuyUrDlcBuWGxmGQ_2.jpg"",""https://static.yeezyunique.ru/batches/6cb9ff7b-d813-4394-8e73-aeda5d06a8f2/_dqwrStehTxipXsNkFperYSLWuyUrDlcBuWGxmGQ_3.jpg"",""https://static.yeezyunique.ru/batches/6cb9ff7b-d813-4394-8e73-aeda5d06a8f2/_dqwrStehTxipXsNkFperYSLWuyUrDlcBuWGxmGQ_4.jpg"",""https://static.yeezyunique.ru/batches/6cb9ff7b-d813-4394-8e73-aeda5d06a8f2/_dqwrStehTxipXsNkFperYSLWuyUrDlcBuWGxmGQ_5.jpg"",""https://static.yeezyunique.ru/batches/6cb9ff7b-d813-4394-8e73-aeda5d06a8f2/_dqwrStehTxipXsNkFperYSLWuyUrDlcBuWGxmGQ_6.jpg"",""https://static.yeezyunique.ru/batches/6cb9ff7b-d813-4394-8e73-aeda5d06a8f2/_dqwrStehTxipXsNkFperYSLWuyUrDlcBuWGxmGQ_7.jpg"",""https://static.yeezyunique.ru/batches/6cb9ff7b-d813-4394-8e73-aeda5d06a8f2/_dqwrStehTxipXsNkFperYSLWuyUrDlcBuWGxmGQ_8.jpg""]";true
_dCTrSX6p79Aln8ulom0_RT0VR7rUeMbBoLCCZbg;Balenciaga Кроссовки 3XL;Популярная модель кроссовок 3XL с эффектом визуального увеличения роста и стройности ног. Модель выполнена из высококачественного сетчатого материала и полиуретана без использования кожи, дополнена декоративным эффектом потертости на подошве и фирменным логотипом на мыске и заднике.\n\nРазмеры: 35-46 (унисекс).;23000;mj2732zh7c7pchi;nzg3vsvajpiv1e8;ll3hofpd5wqxr81;Унисекс;"[""https://static.yeezyunique.ru/batches/6cb9ff7b-d813-4394-8e73-aeda5d06a8f2/_dCTrSX6p79Aln8ulom0_RT0VR7rUeMbBoLCCZbg_0.jpg"",""https://static.yeezyunique.ru/batches/6cb9ff7b-d813-4394-8e73-aeda5d06a8f2/_dCTrSX6p79Aln8ulom0_RT0VR7rUeMbBoLCCZbg_1.jpg"",""https://static.yeezyunique.ru/batches/6cb9ff7b-d813-4394-8e73-aeda5d06a8f2/_dCTrSX6p79Aln8ulom0_RT0VR7rUeMbBoLCCZbg_2.jpg"",""https://static.yeezyunique.ru/batches/6cb9ff7b-d813-4394-8e73-aeda5d06a8f2/_dCTrSX6p79Aln8ulom0_RT0VR7rUeMbBoLCCZbg_3.jpg"",""https://static.yeezyunique.ru/batches/6cb9ff7b-d813-4394-8e73-aeda5d06a8f2/_dCTrSX6p79Aln8ulom0_RT0VR7rUeMbBoLCCZbg_4.jpg"",""https://static.yeezyunique.ru/batches/6cb9ff7b-d813-4394-8e73-aeda5d06a8f2/_dCTrSX6p79Aln8ulom0_RT0VR7rUeMbBoLCCZbg_5.jpg"",""https://static.yeezyunique.ru/batches/6cb9ff7b-d813-4394-8e73-aeda5d06a8f2/_dCTrSX6p79Aln8ulom0_RT0VR7rUeMbBoLCCZbg_6.jpg"",""https://static.yeezyunique.ru/batches/6cb9ff7b-d813-4394-8e73-aeda5d06a8f2/_dCTrSX6p79Aln8ulom0_RT0VR7rUeMbBoLCCZbg_7.jpg"",""https://static.yeezyunique.ru/batches/6cb9ff7b-d813-4394-8e73-aeda5d06a8f2/_dCTrSX6p79Aln8ulom0_RT0VR7rUeMbBoLCCZbg_8.jpg""]";true
_d_YrSSs2Ae1ua9lQG30kTqDsyej2wKCb5OdJT2Q;Balenciaga Кроссовки 3XL;Популярная модель кроссовок 3XL с эффектом визуального увеличения роста и стройности ног. Модель выполнена из высококачественного сетчатого материала и полиуретана без использования кожи, дополнена декоративным эффектом потертости на подошве и фирменным логотипом на мысе и заднике.\n\nРазмеры: 35-46 (унисекс).;23000;mj2732zh7c7pchi;nzg3vsvajpiv1e8;ll3hofpd5wqxr81;Унисекс;"[""https://static.yeezyunique.ru/batches/6cb9ff7b-d813-4394-8e73-aeda5d06a8f2/_d_YrSSs2Ae1ua9lQG30kTqDsyej2wKCb5OdJT2Q_0.jpg"",""https://static.yeezyunique.ru/batches/6cb9ff7b-d813-4394-8e73-aeda5d06a8f2/_d_YrSSs2Ae1ua9lQG30kTqDsyej2wKCb5OdJT2Q_1.jpg"",""https://static.yeezyunique.ru/batches/6cb9ff7b-d813-4394-8e73-aeda5d06a8f2/_d_YrSSs2Ae1ua9lQG30kTqDsyej2wKCb5OdJT2Q_2.jpg"",""https://static.yeezyunique.ru/batches/6cb9ff7b-d813-4394-8e73-aeda5d06a8f2/_d_YrSSs2Ae1ua9lQG30kTqDsyej2wKCb5OdJT2Q_3.jpg"",""https://static.yeezyunique.ru/batches/6cb9ff7b-d813-4394-8e73-aeda5d06a8f2/_d_YrSSs2Ae1ua9lQG30kTqDsyej2wKCb5OdJT2Q_4.jpg"",""https://static.yeezyunique.ru/batches/6cb9ff7b-d813-4394-8e73-aeda5d06a8f2/_d_YrSSs2Ae1ua9lQG30kTqDsyej2wKCb5OdJT2Q_5.jpg"",""https://static.yeezyunique.ru/batches/6cb9ff7b-d813-4394-8e73-aeda5d06a8f2/_d_YrSSs2Ae1ua9lQG30kTqDsyej2wKCb5OdJT2Q_6.jpg"",""https://static.yeezyunique.ru/batches/6cb9ff7b-d813-4394-8e73-aeda5d06a8f2/_d_YrSSs2Ae1ua9lQG30kTqDsyej2wKCb5OdJT2Q_7.jpg"",""https://static.yeezyunique.ru/batches/6cb9ff7b-d813-4394-8e73-aeda5d06a8f2/_d_YrSSs2Ae1ua9lQG30kTqDsyej2wKCb5OdJT2Q_8.jpg""]";true
_ddqrS81XFpxIrCoFmVR526j5e7mXoyNJRWWsbMg;Balenciaga Кроссовки 3XL;Популярная модель кроссовок 3XL с эффектом визуального увеличения роста и стройности ног. Модель выполнена из высококачественного сетчатого материала и полиуретана с характерным эффектом искусственного износа подошвы, фирменным логотипом на мыске и заднике.\n\nРазмеры: 35-46 (унисекс).;23000;mj2732zh7c7pchi;nzg3vsvajpiv1e8;ll3hofpd5wqxr81;Унисекс;"[""https://static.yeezyunique.ru/batches/6cb9ff7b-d813-4394-8e73-aeda5d06a8f2/_ddqrS81XFpxIrCoFmVR526j5e7mXoyNJRWWsbMg_0.jpg"",""https://static.yeezyunique.ru/batches/6cb9ff7b-d813-4394-8e73-aeda5d06a8f2/_ddqrS81XFpxIrCoFmVR526j5e7mXoyNJRWWsbMg_1.jpg"",""https://static.yeezyunique.ru/batches/6cb9ff7b-d813-4394-8e73-aeda5d06a8f2/_ddqrS81XFpxIrCoFmVR526j5e7mXoyNJRWWsbMg_2.jpg"",""https://static.yeezyunique.ru/batches/6cb9ff7b-d813-4394-8e73-aeda5d06a8f2/_ddqrS81XFpxIrCoFmVR526j5e7mXoyNJRWWsbMg_3.jpg"",""https://static.yeezyunique.ru/batches/6cb9ff7b-d813-4394-8e73-aeda5d06a8f2/_ddqrS81XFpxIrCoFmVR526j5e7mXoyNJRWWsbMg_4.jpg"",""https://static.yeezyunique.ru/batches/6cb9ff7b-d813-4394-8e73-aeda5d06a8f2/_ddqrS81XFpxIrCoFmVR526j5e7mXoyNJRWWsbMg_5.jpg"",""https://static.yeezyunique.ru/batches/6cb9ff7b-d813-4394-8e73-aeda5d06a8f2/_ddqrS81XFpxIrCoFmVR526j5e7mXoyNJRWWsbMg_6.jpg"",""https://static.yeezyunique.ru/batches/6cb9ff7b-d813-4394-8e73-aeda5d06a8f2/_ddqrS81XFpxIrCoFmVR526j5e7mXoyNJRWWsbMg_7.jpg"",""https://static.yeezyunique.ru/batches/6cb9ff7b-d813-4394-8e73-aeda5d06a8f2/_ddqrS81XFpxIrCoFmVR526j5e7mXoyNJRWWsbMg_8.jpg""]";true
_dw-rSHMywbWkPkIseXTs_245YBJF181avaPvyHw;Balenciaga Кроссовки 3XL;Популярная модель кроссовок 3XL с эффектом визуального увеличения роста и акцентом на стройность ног. Модель выполнена из высококачественного сетчатого материала и полиуретана с характерным эффектом искусственного износа подошвы, фирменным логотипом на мыске и заднике.\n\nРазмеры: 35-46 (унисекс).;23000;mj2732zh7c7pchi;nzg3vsvajpiv1e8;ll3hofpd5wqxr81;Унисекс;"[""https://static.yeezyunique.ru/batches/6cb9ff7b-d813-4394-8e73-aeda5d06a8f2/_dw-rSHMywbWkPkIseXTs_245YBJF181avaPvyHw_0.jpg"",""https://static.yeezyunique.ru/batches/6cb9ff7b-d813-4394-8e73-aeda5d06a8f2/_dw-rSHMywbWkPkIseXTs_245YBJF181avaPvyHw_1.jpg"",""https://static.yeezyunique.ru/batches/6cb9ff7b-d813-4394-8e73-aeda5d06a8f2/_dw-rSHMywbWkPkIseXTs_245YBJF181avaPvyHw_2.jpg"",""https://static.yeezyunique.ru/batches/6cb9ff7b-d813-4394-8e73-aeda5d06a8f2/_dw-rSHMywbWkPkIseXTs_245YBJF181avaPvyHw_3.jpg"",""https://static.yeezyunique.ru/batches/6cb9ff7b-d813-4394-8e73-aeda5d06a8f2/_dw-rSHMywbWkPkIseXTs_245YBJF181avaPvyHw_4.jpg"",""https://static.yeezyunique.ru/batches/6cb9ff7b-d813-4394-8e73-aeda5d06a8f2/_dw-rSHMywbWkPkIseXTs_245YBJF181avaPvyHw_5.jpg"",""https://static.yeezyunique.ru/batches/6cb9ff7b-d813-4394-8e73-aeda5d06a8f2/_dw-rSHMywbWkPkIseXTs_245YBJF181avaPvyHw_6.jpg"",""https://static.yeezyunique.ru/batches/6cb9ff7b-d813-4394-8e73-aeda5d06a8f2/_dw-rSHMywbWkPkIseXTs_245YBJF181avaPvyHw_7.jpg"",""https://static.yeezyunique.ru/batches/6cb9ff7b-d813-4394-8e73-aeda5d06a8f2/_dw-rSHMywbWkPkIseXTs_245YBJF181avaPvyHw_8.jpg""]";true
_d9OrSlLhn9Bj_4aHWxDnmDI1uCQwWNk70BG9sRg;Balenciaga Кроссовки 3XL;Популярная модель кроссовок 3XL с эффектом визуального увеличения роста и стройности ног. Модель выполнена из высококачественного сетчатого материала и полиуретана без использования кожи, дополнена декоративным эффектом потертости на подошве и фирменным логотипом на мыске и заднике.\n\nРазмеры: 35-46 (унисекс).;23000;mj2732zh7c7pchi;nzg3vsvajpiv1e8;ll3hofpd5wqxr81;Унисекс;"[""https://static.yeezyunique.ru/batches/6cb9ff7b-d813-4394-8e73-aeda5d06a8f2/_d9OrSlLhn9Bj_4aHWxDnmDI1uCQwWNk70BG9sRg_0.jpg"",""https://static.yeezyunique.ru/batches/6cb9ff7b-d813-4394-8e73-aeda5d06a8f2/_d9OrSlLhn9Bj_4aHWxDnmDI1uCQwWNk70BG9sRg_1.jpg"",""https://static.yeezyunique.ru/batches/6cb9ff7b-d813-4394-8e73-aeda5d06a8f2/_d9OrSlLhn9Bj_4aHWxDnmDI1uCQwWNk70BG9sRg_2.jpg"",""https://static.yeezyunique.ru/batches/6cb9ff7b-d813-4394-8e73-aeda5d06a8f2/_d9OrSlLhn9Bj_4aHWxDnmDI1uCQwWNk70BG9sRg_3.jpg"",""https://static.yeezyunique.ru/batches/6cb9ff7b-d813-4394-8e73-aeda5d06a8f2/_d9OrSlLhn9Bj_4aHWxDnmDI1uCQwWNk70BG9sRg_4.jpg"",""https://static.yeezyunique.ru/batches/6cb9ff7b-d813-4394-8e73-aeda5d06a8f2/_d9OrSlLhn9Bj_4aHWxDnmDI1uCQwWNk70BG9sRg_5.jpg"",""https://static.yeezyunique.ru/batches/6cb9ff7b-d813-4394-8e73-aeda5d06a8f2/_d9OrSlLhn9Bj_4aHWxDnmDI1uCQwWNk70BG9sRg_6.jpg"",""https://static.yeezyunique.ru/batches/6cb9ff7b-d813-4394-8e73-aeda5d06a8f2/_d9OrSlLhn9Bj_4aHWxDnmDI1uCQwWNk70BG9sRg_7.jpg"",""https://static.yeezyunique.ru/batches/6cb9ff7b-d813-4394-8e73-aeda5d06a8f2/_d9OrSlLhn9Bj_4aHWxDnmDI1uCQwWNk70BG9sRg_8.jpg""]";true
_dgVrSLXgbOUFGYAm19wX25OJKw_zTnQzOggprAw;Louis Vuitton Кроссовки;Популярная модель низких кроссовок, выполненная из премиальной натуральной телячьей кожи. Внутренняя отделка из дышащего сетчатого материала обеспечивает комфорт, а прочная подошва из TPU гарантирует долговечность.\n\nРазмеры: 35-40 (женские), 39-45 (мужские).;23000;977uh954t91spxq;nzg3vsvajpiv1e8;ll3hofpd5wqxr81;Унисекс;"[""https://static.yeezyunique.ru/batches/6cb9ff7b-d813-4394-8e73-aeda5d06a8f2/_dgVrSLXgbOUFGYAm19wX25OJKw_zTnQzOggprAw_0.jpg"",""https://static.yeezyunique.ru/batches/6cb9ff7b-d813-4394-8e73-aeda5d06a8f2/_dgVrSLXgbOUFGYAm19wX25OJKw_zTnQzOggprAw_1.jpg"",""https://static.yeezyunique.ru/batches/6cb9ff7b-d813-4394-8e73-aeda5d06a8f2/_dgVrSLXgbOUFGYAm19wX25OJKw_zTnQzOggprAw_2.jpg"",""https://static.yeezyunique.ru/batches/6cb9ff7b-d813-4394-8e73-aeda5d06a8f2/_dgVrSLXgbOUFGYAm19wX25OJKw_zTnQzOggprAw_3.jpg"",""https://static.yeezyunique.ru/batches/6cb9ff7b-d813-4394-8e73-aeda5d06a8f2/_dgVrSLXgbOUFGYAm19wX25OJKw_zTnQzOggprAw_4.jpg"",""https://static.yeezyunique.ru/batches/6cb9ff7b-d813-4394-8e73-aeda5d06a8f2/_dgVrSLXgbOUFGYAm19wX25OJKw_zTnQzOggprAw_5.jpg"",""https://static.yeezyunique.ru/batches/6cb9ff7b-d813-4394-8e73-aeda5d06a8f2/_dgVrSLXgbOUFGYAm19wX25OJKw_zTnQzOggprAw_6.jpg"",""https://static.yeezyunique.ru/batches/6cb9ff7b-d813-4394-8e73-aeda5d06a8f2/_dgVrSLXgbOUFGYAm19wX25OJKw_zTnQzOggprAw_7.jpg"",""https://static.yeezyunique.ru/batches/6cb9ff7b-d813-4394-8e73-aeda5d06a8f2/_dgVrSLXgbOUFGYAm19wX25OJKw_zTnQzOggprAw_8.jpg""]";true
_dx3rSIq3XyV7oxgrtQc2h5j8yDDQBHhmtX5Fsww;Louis Vuitton Кроссовки;Популярная модель низких кроссовок, выполненная из премиальной натуральной телячьей кожи. Внутренняя отделка из дышащего сетчатого материала обеспечивает комфорт, а прочная подошва из TPU гарантирует долговечность.\n\nРазмеры: 35-40 (женские), 39-45 (мужские).;23000;977uh954t91spxq;nzg3vsvajpiv1e8;ll3hofpd5wqxr81;Унисекс;"[""https://static.yeezyunique.ru/batches/6cb9ff7b-d813-4394-8e73-aeda5d06a8f2/_dx3rSIq3XyV7oxgrtQc2h5j8yDDQBHhmtX5Fsww_0.jpg"",""https://static.yeezyunique.ru/batches/6cb9ff7b-d813-4394-8e73-aeda5d06a8f2/_dx3rSIq3XyV7oxgrtQc2h5j8yDDQBHhmtX5Fsww_1.jpg"",""https://static.yeezyunique.ru/batches/6cb9ff7b-d813-4394-8e73-aeda5d06a8f2/_dx3rSIq3XyV7oxgrtQc2h5j8yDDQBHhmtX5Fsww_2.jpg"",""https://static.yeezyunique.ru/batches/6cb9ff7b-d813-4394-8e73-aeda5d06a8f2/_dx3rSIq3XyV7oxgrtQc2h5j8yDDQBHhmtX5Fsww_3.jpg"",""https://static.yeezyunique.ru/batches/6cb9ff7b-d813-4394-8e73-aeda5d06a8f2/_dx3rSIq3XyV7oxgrtQc2h5j8yDDQBHhmtX5Fsww_4.jpg"",""https://static.yeezyunique.ru/batches/6cb9ff7b-d813-4394-8e73-aeda5d06a8f2/_dx3rSIq3XyV7oxgrtQc2h5j8yDDQBHhmtX5Fsww_5.jpg"",""https://static.yeezyunique.ru/batches/6cb9ff7b-d813-4394-8e73-aeda5d06a8f2/_dx3rSIq3XyV7oxgrtQc2h5j8yDDQBHhmtX5Fsww_6.jpg"",""https://static.yeezyunique.ru/batches/6cb9ff7b-d813-4394-8e73-aeda5d06a8f2/_dx3rSIq3XyV7oxgrtQc2h5j8yDDQBHhmtX5Fsww_7.jpg"",""https://static.yeezyunique.ru/batches/6cb9ff7b-d813-4394-8e73-aeda5d06a8f2/_dx3rSIq3XyV7oxgrtQc2h5j8yDDQBHhmtX5Fsww_8.jpg""]";true
_dkDrSboqK6lU1mICEzujoNPmSTq9Jc2HjcHurzA;Louis Vuitton Кроссовки;Популярные низкие кроссовки, выполненные из премиальной натуральной кожи с превосходной текстурой. Внутренняя отделка из дышащей сетчатой ткани обеспечивает комфорт, а комбинированная подошва из TPU гарантирует отличную амортизацию.\n\nРазмеры: 35-40 (женские), 39-45 (мужские).;23000;977uh954t91spxq;nzg3vsvajpiv1e8;ll3hofpd5wqxr81;Унисекс;"[""https://static.yeezyunique.ru/batches/6cb9ff7b-d813-4394-8e73-aeda5d06a8f2/_dkDrSboqK6lU1mICEzujoNPmSTq9Jc2HjcHurzA_0.jpg"",""https://static.yeezyunique.ru/batches/6cb9ff7b-d813-4394-8e73-aeda5d06a8f2/_dkDrSboqK6lU1mICEzujoNPmSTq9Jc2HjcHurzA_1.jpg"",""https://static.yeezyunique.ru/batches/6cb9ff7b-d813-4394-8e73-aeda5d06a8f2/_dkDrSboqK6lU1mICEzujoNPmSTq9Jc2HjcHurzA_2.jpg"",""https://static.yeezyunique.ru/batches/6cb9ff7b-d813-4394-8e73-aeda5d06a8f2/_dkDrSboqK6lU1mICEzujoNPmSTq9Jc2HjcHurzA_3.jpg"",""https://static.yeezyunique.ru/batches/6cb9ff7b-d813-4394-8e73-aeda5d06a8f2/_dkDrSboqK6lU1mICEzujoNPmSTq9Jc2HjcHurzA_4.jpg"",""https://static.yeezyunique.ru/batches/6cb9ff7b-d813-4394-8e73-aeda5d06a8f2/_dkDrSboqK6lU1mICEzujoNPmSTq9Jc2HjcHurzA_5.jpg"",""https://static.yeezyunique.ru/batches/6cb9ff7b-d813-4394-8e73-aeda5d06a8f2/_dkDrSboqK6lU1mICEzujoNPmSTq9Jc2HjcHurzA_6.jpg"",""https://static.yeezyunique.ru/batches/6cb9ff7b-d813-4394-8e73-aeda5d06a8f2/_dkDrSboqK6lU1mICEzujoNPmSTq9Jc2HjcHurzA_7.jpg"",""https://static.yeezyunique.ru/batches/6cb9ff7b-d813-4394-8e73-aeda5d06a8f2/_dkDrSboqK6lU1mICEzujoNPmSTq9Jc2HjcHurzA_8.jpg""]";true
_dnzrSZzbmymyqJCxi9eMmsjfBa7ZFMOijmYrtNg;Louis Vuitton Кроссовки;Популярная модель низких кроссовок, выполненная из премиальной зернистой телячьей кожи с фирменным тиснением. Внутренняя отделка дополнена дышащей сетчатой тканью для оптимального комфорта, а подошва из TPU обеспечивает отличную амортизацию.\n\nРазмеры: 35-40 (женские), 39-45 (мужские).;23000;977uh954t91spxq;nzg3vsvajpiv1e8;ll3hofpd5wqxr81;Унисекс;"[""https://static.yeezyunique.ru/batches/6cb9ff7b-d813-4394-8e73-aeda5d06a8f2/_dnzrSZzbmymyqJCxi9eMmsjfBa7ZFMOijmYrtNg_0.jpg"",""https://static.yeezyunique.ru/batches/6cb9ff7b-d813-4394-8e73-aeda5d06a8f2/_dnzrSZzbmymyqJCxi9eMmsjfBa7ZFMOijmYrtNg_1.jpg"",""https://static.yeezyunique.ru/batches/6cb9ff7b-d813-4394-8e73-aeda5d06a8f2/_dnzrSZzbmymyqJCxi9eMmsjfBa7ZFMOijmYrtNg_2.jpg"",""https://static.yeezyunique.ru/batches/6cb9ff7b-d813-4394-8e73-aeda5d06a8f2/_dnzrSZzbmymyqJCxi9eMmsjfBa7ZFMOijmYrtNg_3.jpg"",""https://static.yeezyunique.ru/batches/6cb9ff7b-d813-4394-8e73-aeda5d06a8f2/_dnzrSZzbmymyqJCxi9eMmsjfBa7ZFMOijmYrtNg_4.jpg"",""https://static.yeezyunique.ru/batches/6cb9ff7b-d813-4394-8e73-aeda5d06a8f2/_dnzrSZzbmymyqJCxi9eMmsjfBa7ZFMOijmYrtNg_5.jpg"",""https://static.yeezyunique.ru/batches/6cb9ff7b-d813-4394-8e73-aeda5d06a8f2/_dnzrSZzbmymyqJCxi9eMmsjfBa7ZFMOijmYrtNg_6.jpg"",""https://static.yeezyunique.ru/batches/6cb9ff7b-d813-4394-8e73-aeda5d06a8f2/_dnzrSZzbmymyqJCxi9eMmsjfBa7ZFMOijmYrtNg_7.jpg"",""https://static.yeezyunique.ru/batches/6cb9ff7b-d813-4394-8e73-aeda5d06a8f2/_dnzrSZzbmymyqJCxi9eMmsjfBa7ZFMOijmYrtNg_8.jpg""]";true
_dk8rSv6HqLeGEwA3G-SLOffrDAes5ID1uDSEOCg;Louis Vuitton Кроссовки;Популярная модель низких кроссовок, выполненная из премиальной зернистой телячьей кожи с фирменным тиснением. Внутренняя отделка из дышащей сетчатой ткани обеспечивает комфорт, а прочная подошва из TPU гарантирует отличную амортизацию.\n\nРазмеры: 35-40.;23000;977uh954t91spxq;nzg3vsvajpiv1e8;ll3hofpd5wqxr81;Для женщин;"[""https://static.yeezyunique.ru/batches/6cb9ff7b-d813-4394-8e73-aeda5d06a8f2/_dk8rSv6HqLeGEwA3G-SLOffrDAes5ID1uDSEOCg_0.jpg"",""https://static.yeezyunique.ru/batches/6cb9ff7b-d813-4394-8e73-aeda5d06a8f2/_dk8rSv6HqLeGEwA3G-SLOffrDAes5ID1uDSEOCg_1.jpg"",""https://static.yeezyunique.ru/batches/6cb9ff7b-d813-4394-8e73-aeda5d06a8f2/_dk8rSv6HqLeGEwA3G-SLOffrDAes5ID1uDSEOCg_2.jpg"",""https://static.yeezyunique.ru/batches/6cb9ff7b-d813-4394-8e73-aeda5d06a8f2/_dk8rSv6HqLeGEwA3G-SLOffrDAes5ID1uDSEOCg_3.jpg"",""https://static.yeezyunique.ru/batches/6cb9ff7b-d813-4394-8e73-aeda5d06a8f2/_dk8rSv6HqLeGEwA3G-SLOffrDAes5ID1uDSEOCg_4.jpg"",""https://static.yeezyunique.ru/batches/6cb9ff7b-d813-4394-8e73-aeda5d06a8f2/_dk8rSv6HqLeGEwA3G-SLOffrDAes5ID1uDSEOCg_5.jpg"",""https://static.yeezyunique.ru/batches/6cb9ff7b-d813-4394-8e73-aeda5d06a8f2/_dk8rSv6HqLeGEwA3G-SLOffrDAes5ID1uDSEOCg_6.jpg"",""https://static.yeezyunique.ru/batches/6cb9ff7b-d813-4394-8e73-aeda5d06a8f2/_dk8rSv6HqLeGEwA3G-SLOffrDAes5ID1uDSEOCg_7.jpg"",""https://static.yeezyunique.ru/batches/6cb9ff7b-d813-4394-8e73-aeda5d06a8f2/_dk8rSv6HqLeGEwA3G-SLOffrDAes5ID1uDSEOCg_8.jpg""]";true
_djVrSDQ24vvQ4DiZzuc6pud7JfTtBOhI0DQlSbA;Louis Vuitton Кроссовки;Стильные низкие кроссовки из премиальной зернистой телячьей кожи с фирменным тиснением. Модель дополнена дышащей сетчатой подкладкой и износостойкой подошвой из TPU для максимального комфорта.\n\nРазмеры: 35-40 (женские), 39-45 (мужские).;23000;977uh954t91spxq;nzg3vsvajpiv1e8;ll3hofpd5wqxr81;Унисекс;"[""https://static.yeezyunique.ru/batches/6cb9ff7b-d813-4394-8e73-aeda5d06a8f2/_djVrSDQ24vvQ4DiZzuc6pud7JfTtBOhI0DQlSbA_0.jpg"",""https://static.yeezyunique.ru/batches/6cb9ff7b-d813-4394-8e73-aeda5d06a8f2/_djVrSDQ24vvQ4DiZzuc6pud7JfTtBOhI0DQlSbA_1.jpg"",""https://static.yeezyunique.ru/batches/6cb9ff7b-d813-4394-8e73-aeda5d06a8f2/_djVrSDQ24vvQ4DiZzuc6pud7JfTtBOhI0DQlSbA_2.jpg"",""https://static.yeezyunique.ru/batches/6cb9ff7b-d813-4394-8e73-aeda5d06a8f2/_djVrSDQ24vvQ4DiZzuc6pud7JfTtBOhI0DQlSbA_3.jpg"",""https://static.yeezyunique.ru/batches/6cb9ff7b-d813-4394-8e73-aeda5d06a8f2/_djVrSDQ24vvQ4DiZzuc6pud7JfTtBOhI0DQlSbA_4.jpg"",""https://static.yeezyunique.ru/batches/6cb9ff7b-d813-4394-8e73-aeda5d06a8f2/_djVrSDQ24vvQ4DiZzuc6pud7JfTtBOhI0DQlSbA_5.jpg"",""https://static.yeezyunique.ru/batches/6cb9ff7b-d813-4394-8e73-aeda5d06a8f2/_djVrSDQ24vvQ4DiZzuc6pud7JfTtBOhI0DQlSbA_6.jpg"",""https://static.yeezyunique.ru/batches/6cb9ff7b-d813-4394-8e73-aeda5d06a8f2/_djVrSDQ24vvQ4DiZzuc6pud7JfTtBOhI0DQlSbA_7.jpg"",""https://static.yeezyunique.ru/batches/6cb9ff7b-d813-4394-8e73-aeda5d06a8f2/_djVrSDQ24vvQ4DiZzuc6pud7JfTtBOhI0DQlSbA_8.jpg""]";true
_dnhrS3KXowbBXZ9s3-A7ALRvpoZxjCuzLc-DRUg;Louis Vuitton Кроссовки;Стильные низкие кроссовки из премиальной зернистой телячьей кожи с фирменным тиснением. Модель дополнена дышащей сетчатой подкладкой и износостойкой подошвой из TPU для максимального комфорта.\n\nРазмеры: 35-40 (женские), 39-45 (мужские).;23000;977uh954t91spxq;nzg3vsvajpiv1e8;ll3hofpd5wqxr81;Унисекс;"[""https://static.yeezyunique.ru/batches/6cb9ff7b-d813-4394-8e73-aeda5d06a8f2/_dnhrS3KXowbBXZ9s3-A7ALRvpoZxjCuzLc-DRUg_0.jpg"",""https://static.yeezyunique.ru/batches/6cb9ff7b-d813-4394-8e73-aeda5d06a8f2/_dnhrS3KXowbBXZ9s3-A7ALRvpoZxjCuzLc-DRUg_1.jpg"",""https://static.yeezyunique.ru/batches/6cb9ff7b-d813-4394-8e73-aeda5d06a8f2/_dnhrS3KXowbBXZ9s3-A7ALRvpoZxjCuzLc-DRUg_2.jpg"",""https://static.yeezyunique.ru/batches/6cb9ff7b-d813-4394-8e73-aeda5d06a8f2/_dnhrS3KXowbBXZ9s3-A7ALRvpoZxjCuzLc-DRUg_3.jpg"",""https://static.yeezyunique.ru/batches/6cb9ff7b-d813-4394-8e73-aeda5d06a8f2/_dnhrS3KXowbBXZ9s3-A7ALRvpoZxjCuzLc-DRUg_4.jpg"",""https://static.yeezyunique.ru/batches/6cb9ff7b-d813-4394-8e73-aeda5d06a8f2/_dnhrS3KXowbBXZ9s3-A7ALRvpoZxjCuzLc-DRUg_5.jpg"",""https://static.yeezyunique.ru/batches/6cb9ff7b-d813-4394-8e73-aeda5d06a8f2/_dnhrS3KXowbBXZ9s3-A7ALRvpoZxjCuzLc-DRUg_6.jpg"",""https://static.yeezyunique.ru/batches/6cb9ff7b-d813-4394-8e73-aeda5d06a8f2/_dnhrS3KXowbBXZ9s3-A7ALRvpoZxjCuzLc-DRUg_7.jpg"",""https://static.yeezyunique.ru/batches/6cb9ff7b-d813-4394-8e73-aeda5d06a8f2/_dnhrS3KXowbBXZ9s3-A7ALRvpoZxjCuzLc-DRUg_8.jpg""]";true
_dd5rSXf8hj2-bowbEf502t6z1_gQKyluaLEmR6w;Louis Vuitton Кроссовки;Стильные низкие кроссовки, выполненные из премиальной зернистой телячьей кожи с фирменным тиснением. Модель дополнена дышащей сетчатой подкладкой и прочной комбинированной подошвой из TPU для максимального комфорта.\n\nРазмеры: 35-40 (женские), 39-45 (мужские).;23000;977uh954t91spxq;nzg3vsvajpiv1e8;ll3hofpd5wqxr81;Унисекс;"[""https://static.yeezyunique.ru/batches/6cb9ff7b-d813-4394-8e73-aeda5d06a8f2/_dd5rSXf8hj2-bowbEf502t6z1_gQKyluaLEmR6w_0.jpg"",""https://static.yeezyunique.ru/batches/6cb9ff7b-d813-4394-8e73-aeda5d06a8f2/_dd5rSXf8hj2-bowbEf502t6z1_gQKyluaLEmR6w_1.jpg"",""https://static.yeezyunique.ru/batches/6cb9ff7b-d813-4394-8e73-aeda5d06a8f2/_dd5rSXf8hj2-bowbEf502t6z1_gQKyluaLEmR6w_2.jpg"",""https://static.yeezyunique.ru/batches/6cb9ff7b-d813-4394-8e73-aeda5d06a8f2/_dd5rSXf8hj2-bowbEf502t6z1_gQKyluaLEmR6w_3.jpg"",""https://static.yeezyunique.ru/batches/6cb9ff7b-d813-4394-8e73-aeda5d06a8f2/_dd5rSXf8hj2-bowbEf502t6z1_gQKyluaLEmR6w_4.jpg"",""https://static.yeezyunique.ru/batches/6cb9ff7b-d813-4394-8e73-aeda5d06a8f2/_dd5rSXf8hj2-bowbEf502t6z1_gQKyluaLEmR6w_5.jpg"",""https://static.yeezyunique.ru/batches/6cb9ff7b-d813-4394-8e73-aeda5d06a8f2/_dd5rSXf8hj2-bowbEf502t6z1_gQKyluaLEmR6w_6.jpg"",""https://static.yeezyunique.ru/batches/6cb9ff7b-d813-4394-8e73-aeda5d06a8f2/_dd5rSXf8hj2-bowbEf502t6z1_gQKyluaLEmR6w_7.jpg"",""https://static.yeezyunique.ru/batches/6cb9ff7b-d813-4394-8e73-aeda5d06a8f2/_dd5rSXf8hj2-bowbEf502t6z1_gQKyluaLEmR6w_8.jpg""]";true
_donrSYyj4rEyqPcafpeCZ3TY18HwiVpCTvTnRow;Louis Vuitton Кроссовки;Популярная модель низких кроссовок, выполненная из премиальной зернистой телячьей кожи с фирменным тиснением. Внутренняя отделка дополнена дышащей сетчатой тканью для оптимального комфорта, а подошва из TPU обеспечивает отличную амортизацию.\n\nРазмеры: 35-40.;23000;977uh954t91spxq;nzg3vsvajpiv1e8;ll3hofpd5wqxr81;Для женщин;"[""https://static.yeezyunique.ru/batches/6cb9ff7b-d813-4394-8e73-aeda5d06a8f2/_donrSYyj4rEyqPcafpeCZ3TY18HwiVpCTvTnRow_0.jpg"",""https://static.yeezyunique.ru/batches/6cb9ff7b-d813-4394-8e73-aeda5d06a8f2/_donrSYyj4rEyqPcafpeCZ3TY18HwiVpCTvTnRow_1.jpg"",""https://static.yeezyunique.ru/batches/6cb9ff7b-d813-4394-8e73-aeda5d06a8f2/_donrSYyj4rEyqPcafpeCZ3TY18HwiVpCTvTnRow_2.jpg"",""https://static.yeezyunique.ru/batches/6cb9ff7b-d813-4394-8e73-aeda5d06a8f2/_donrSYyj4rEyqPcafpeCZ3TY18HwiVpCTvTnRow_3.jpg"",""https://static.yeezyunique.ru/batches/6cb9ff7b-d813-4394-8e73-aeda5d06a8f2/_donrSYyj4rEyqPcafpeCZ3TY18HwiVpCTvTnRow_4.jpg"",""https://static.yeezyunique.ru/batches/6cb9ff7b-d813-4394-8e73-aeda5d06a8f2/_donrSYyj4rEyqPcafpeCZ3TY18HwiVpCTvTnRow_5.jpg"",""https://static.yeezyunique.ru/batches/6cb9ff7b-d813-4394-8e73-aeda5d06a8f2/_donrSYyj4rEyqPcafpeCZ3TY18HwiVpCTvTnRow_6.jpg"",""https://static.yeezyunique.ru/batches/6cb9ff7b-d813-4394-8e73-aeda5d06a8f2/_donrSYyj4rEyqPcafpeCZ3TY18HwiVpCTvTnRow_7.jpg"",""https://static.yeezyunique.ru/batches/6cb9ff7b-d813-4394-8e73-aeda5d06a8f2/_donrSYyj4rEyqPcafpeCZ3TY18HwiVpCTvTnRow_8.jpg""]";true
_dmmrSOYskYBzSlDjMsciWIZ4Hy9c2PPD2c5QMAg;Louis Vuitton Кроссовки;Стильные низкие кроссовки из лимитированной коллекции, выполненные из премиальной зернистой телячьей кожи с фирменным тиснением. Модель дополнена дышащей стелькой и износостойкой подошвой из TPU для максимального комфорта при ходьбе.\n\nРазмеры: 35-40 (женские), 39-45 (мужские).;23000;977uh954t91spxq;nzg3vsvajpiv1e8;ll3hofpd5wqxr81;Унисекс;"[""https://static.yeezyunique.ru/batches/6cb9ff7b-d813-4394-8e73-aeda5d06a8f2/_dmmrSOYskYBzSlDjMsciWIZ4Hy9c2PPD2c5QMAg_0.jpg"",""https://static.yeezyunique.ru/batches/6cb9ff7b-d813-4394-8e73-aeda5d06a8f2/_dmmrSOYskYBzSlDjMsciWIZ4Hy9c2PPD2c5QMAg_1.jpg"",""https://static.yeezyunique.ru/batches/6cb9ff7b-d813-4394-8e73-aeda5d06a8f2/_dmmrSOYskYBzSlDjMsciWIZ4Hy9c2PPD2c5QMAg_2.jpg"",""https://static.yeezyunique.ru/batches/6cb9ff7b-d813-4394-8e73-aeda5d06a8f2/_dmmrSOYskYBzSlDjMsciWIZ4Hy9c2PPD2c5QMAg_3.jpg"",""https://static.yeezyunique.ru/batches/6cb9ff7b-d813-4394-8e73-aeda5d06a8f2/_dmmrSOYskYBzSlDjMsciWIZ4Hy9c2PPD2c5QMAg_4.jpg"",""https://static.yeezyunique.ru/batches/6cb9ff7b-d813-4394-8e73-aeda5d06a8f2/_dmmrSOYskYBzSlDjMsciWIZ4Hy9c2PPD2c5QMAg_5.jpg"",""https://static.yeezyunique.ru/batches/6cb9ff7b-d813-4394-8e73-aeda5d06a8f2/_dmmrSOYskYBzSlDjMsciWIZ4Hy9c2PPD2c5QMAg_6.jpg"",""https://static.yeezyunique.ru/batches/6cb9ff7b-d813-4394-8e73-aeda5d06a8f2/_dmmrSOYskYBzSlDjMsciWIZ4Hy9c2PPD2c5QMAg_7.jpg"",""https://static.yeezyunique.ru/batches/6cb9ff7b-d813-4394-8e73-aeda5d06a8f2/_dmmrSOYskYBzSlDjMsciWIZ4Hy9c2PPD2c5QMAg_8.jpg""]";true
_ddmrSE3CzJEgS6opixu8SvHB9KVPhrDMgFMbKUQ;Louis Vuitton Кроссовки;Стильные низкие кроссовки из премиальной зернистой телячьей кожи с фирменным тиснением. Модель дополнена дышащей сетчатой подкладкой и прочной комбинированной подошвой из TPU для максимального комфорта.\n\nРазмеры: 35-40 (женские), 39-45 (мужские).;23000;977uh954t91spxq;nzg3vsvajpiv1e8;ll3hofpd5wqxr81;Унисекс;"[""https://static.yeezyunique.ru/batches/6cb9ff7b-d813-4394-8e73-aeda5d06a8f2/_ddmrSE3CzJEgS6opixu8SvHB9KVPhrDMgFMbKUQ_0.jpg"",""https://static.yeezyunique.ru/batches/6cb9ff7b-d813-4394-8e73-aeda5d06a8f2/_ddmrSE3CzJEgS6opixu8SvHB9KVPhrDMgFMbKUQ_1.jpg"",""https://static.yeezyunique.ru/batches/6cb9ff7b-d813-4394-8e73-aeda5d06a8f2/_ddmrSE3CzJEgS6opixu8SvHB9KVPhrDMgFMbKUQ_2.jpg"",""https://static.yeezyunique.ru/batches/6cb9ff7b-d813-4394-8e73-aeda5d06a8f2/_ddmrSE3CzJEgS6opixu8SvHB9KVPhrDMgFMbKUQ_3.jpg"",""https://static.yeezyunique.ru/batches/6cb9ff7b-d813-4394-8e73-aeda5d06a8f2/_ddmrSE3CzJEgS6opixu8SvHB9KVPhrDMgFMbKUQ_4.jpg"",""https://static.yeezyunique.ru/batches/6cb9ff7b-d813-4394-8e73-aeda5d06a8f2/_ddmrSE3CzJEgS6opixu8SvHB9KVPhrDMgFMbKUQ_5.jpg"",""https://static.yeezyunique.ru/batches/6cb9ff7b-d813-4394-8e73-aeda5d06a8f2/_ddmrSE3CzJEgS6opixu8SvHB9KVPhrDMgFMbKUQ_6.jpg"",""https://static.yeezyunique.ru/batches/6cb9ff7b-d813-4394-8e73-aeda5d06a8f2/_ddmrSE3CzJEgS6opixu8SvHB9KVPhrDMgFMbKUQ_7.jpg"",""https://static.yeezyunique.ru/batches/6cb9ff7b-d813-4394-8e73-aeda5d06a8f2/_ddmrSE3CzJEgS6opixu8SvHB9KVPhrDMgFMbKUQ_8.jpg""]";true
_ds7rSEdLQeLo42nuy-3pW20Jtw25wgrK8bq9RkA;Louis Vuitton Кроссовки;Стильные низкие кроссовки в актуальном цвете мокко. Модель выполнена из премиальной зернистой телячьей кожи с фирменным тиснением и дополнена износостойкой подошвой из TPU.\n\nРазмеры: 35-40 (женские), 39-45 (мужские).;23000;977uh954t91spxq;nzg3vsvajpiv1e8;ll3hofpd5wqxr81;Унисекс;"[""https://static.yeezyunique.ru/batches/6cb9ff7b-d813-4394-8e73-aeda5d06a8f2/_ds7rSEdLQeLo42nuy-3pW20Jtw25wgrK8bq9RkA_0.jpg"",""https://static.yeezyunique.ru/batches/6cb9ff7b-d813-4394-8e73-aeda5d06a8f2/_ds7rSEdLQeLo42nuy-3pW20Jtw25wgrK8bq9RkA_1.jpg"",""https://static.yeezyunique.ru/batches/6cb9ff7b-d813-4394-8e73-aeda5d06a8f2/_ds7rSEdLQeLo42nuy-3pW20Jtw25wgrK8bq9RkA_2.jpg"",""https://static.yeezyunique.ru/batches/6cb9ff7b-d813-4394-8e73-aeda5d06a8f2/_ds7rSEdLQeLo42nuy-3pW20Jtw25wgrK8bq9RkA_3.jpg"",""https://static.yeezyunique.ru/batches/6cb9ff7b-d813-4394-8e73-aeda5d06a8f2/_ds7rSEdLQeLo42nuy-3pW20Jtw25wgrK8bq9RkA_4.jpg"",""https://static.yeezyunique.ru/batches/6cb9ff7b-d813-4394-8e73-aeda5d06a8f2/_ds7rSEdLQeLo42nuy-3pW20Jtw25wgrK8bq9RkA_5.jpg"",""https://static.yeezyunique.ru/batches/6cb9ff7b-d813-4394-8e73-aeda5d06a8f2/_ds7rSEdLQeLo42nuy-3pW20Jtw25wgrK8bq9RkA_6.jpg"",""https://static.yeezyunique.ru/batches/6cb9ff7b-d813-4394-8e73-aeda5d06a8f2/_ds7rSEdLQeLo42nuy-3pW20Jtw25wgrK8bq9RkA_7.jpg"",""https://static.yeezyunique.ru/batches/6cb9ff7b-d813-4394-8e73-aeda5d06a8f2/_ds7rSEdLQeLo42nuy-3pW20Jtw25wgrK8bq9RkA_8.jpg""]";true
_dkUrS2VSbvPCeMNetejk6Fe2pHxhwJy53118Cyw;Louis Vuitton Кроссовки;Стильные низкие кроссовки в глубоком синем цвете. Модель выполнена из премиальной зернистой телячьей кожи с фирменным тиснением и дополнена дышащей сетчатой подкладкой для максимального комфорта.\n\nРазмеры: 35-40 (женские), 39-45 (мужские).;23000;977uh954t91spxq;nzg3vsvajpiv1e8;ll3hofpd5wqxr81;Унисекс;"[""https://static.yeezyunique.ru/batches/6cb9ff7b-d813-4394-8e73-aeda5d06a8f2/_dkUrS2VSbvPCeMNetejk6Fe2pHxhwJy53118Cyw_0.jpg"",""https://static.yeezyunique.ru/batches/6cb9ff7b-d813-4394-8e73-aeda5d06a8f2/_dkUrS2VSbvPCeMNetejk6Fe2pHxhwJy53118Cyw_1.jpg"",""https://static.yeezyunique.ru/batches/6cb9ff7b-d813-4394-8e73-aeda5d06a8f2/_dkUrS2VSbvPCeMNetejk6Fe2pHxhwJy53118Cyw_2.jpg"",""https://static.yeezyunique.ru/batches/6cb9ff7b-d813-4394-8e73-aeda5d06a8f2/_dkUrS2VSbvPCeMNetejk6Fe2pHxhwJy53118Cyw_3.jpg"",""https://static.yeezyunique.ru/batches/6cb9ff7b-d813-4394-8e73-aeda5d06a8f2/_dkUrS2VSbvPCeMNetejk6Fe2pHxhwJy53118Cyw_4.jpg"",""https://static.yeezyunique.ru/batches/6cb9ff7b-d813-4394-8e73-aeda5d06a8f2/_dkUrS2VSbvPCeMNetejk6Fe2pHxhwJy53118Cyw_5.jpg"",""https://static.yeezyunique.ru/batches/6cb9ff7b-d813-4394-8e73-aeda5d06a8f2/_dkUrS2VSbvPCeMNetejk6Fe2pHxhwJy53118Cyw_6.jpg"",""https://static.yeezyunique.ru/batches/6cb9ff7b-d813-4394-8e73-aeda5d06a8f2/_dkUrS2VSbvPCeMNetejk6Fe2pHxhwJy53118Cyw_7.jpg"",""https://static.yeezyunique.ru/batches/6cb9ff7b-d813-4394-8e73-aeda5d06a8f2/_dkUrS2VSbvPCeMNetejk6Fe2pHxhwJy53118Cyw_8.jpg""]";true
_dlZrS-oxdlynoUgjzbZDOUzBUsME6IeIFjmJNAg;Louis Vuitton Кроссовки;Стильные низкие кроссовки из премиальной зернистой телячьей кожи с фирменным тиснением. Модель дополнена дышащей сетчатой подкладкой и износостойкой подошвой из TPU для максимального комфорта.\n\nРазмеры: 35-40 (женские), 39-45 (мужские).;23000;977uh954t91spxq;nzg3vsvajpiv1e8;ll3hofpd5wqxr81;Унисекс;"[""https://static.yeezyunique.ru/batches/6cb9ff7b-d813-4394-8e73-aeda5d06a8f2/_dlZrS-oxdlynoUgjzbZDOUzBUsME6IeIFjmJNAg_0.jpg"",""https://static.yeezyunique.ru/batches/6cb9ff7b-d813-4394-8e73-aeda5d06a8f2/_dlZrS-oxdlynoUgjzbZDOUzBUsME6IeIFjmJNAg_1.jpg"",""https://static.yeezyunique.ru/batches/6cb9ff7b-d813-4394-8e73-aeda5d06a8f2/_dlZrS-oxdlynoUgjzbZDOUzBUsME6IeIFjmJNAg_2.jpg"",""https://static.yeezyunique.ru/batches/6cb9ff7b-d813-4394-8e73-aeda5d06a8f2/_dlZrS-oxdlynoUgjzbZDOUzBUsME6IeIFjmJNAg_3.jpg"",""https://static.yeezyunique.ru/batches/6cb9ff7b-d813-4394-8e73-aeda5d06a8f2/_dlZrS-oxdlynoUgjzbZDOUzBUsME6IeIFjmJNAg_4.jpg"",""https://static.yeezyunique.ru/batches/6cb9ff7b-d813-4394-8e73-aeda5d06a8f2/_dlZrS-oxdlynoUgjzbZDOUzBUsME6IeIFjmJNAg_5.jpg"",""https://static.yeezyunique.ru/batches/6cb9ff7b-d813-4394-8e73-aeda5d06a8f2/_dlZrS-oxdlynoUgjzbZDOUzBUsME6IeIFjmJNAg_6.jpg"",""https://static.yeezyunique.ru/batches/6cb9ff7b-d813-4394-8e73-aeda5d06a8f2/_dlZrS-oxdlynoUgjzbZDOUzBUsME6IeIFjmJNAg_7.jpg"",""https://static.yeezyunique.ru/batches/6cb9ff7b-d813-4394-8e73-aeda5d06a8f2/_dlZrS-oxdlynoUgjzbZDOUzBUsME6IeIFjmJNAg_8.jpg""]";true
_dm5rSWX3hv-6lCA39yYpE2O3y3yEuIx2_Ls-gtQ;Louis Vuitton Кроссовки;Стильные низкие кроссовки из премиальной зернистой телячьей кожи с фирменным тиснением. Модель дополнена дышащей сетчатой подкладкой и прочной комбинированной подошвой из TPU для превосходного комфорта.\n\nРазмеры: 35-40 (женские), 39-45 (мужские).;23000;977uh954t91spxq;nzg3vsvajpiv1e8;ll3hofpd5wqxr81;Унисекс;"[""https://static.yeezyunique.ru/batches/6cb9ff7b-d813-4394-8e73-aeda5d06a8f2/_dm5rSWX3hv-6lCA39yYpE2O3y3yEuIx2_Ls-gtQ_0.jpg"",""https://static.yeezyunique.ru/batches/6cb9ff7b-d813-4394-8e73-aeda5d06a8f2/_dm5rSWX3hv-6lCA39yYpE2O3y3yEuIx2_Ls-gtQ_1.jpg"",""https://static.yeezyunique.ru/batches/6cb9ff7b-d813-4394-8e73-aeda5d06a8f2/_dm5rSWX3hv-6lCA39yYpE2O3y3yEuIx2_Ls-gtQ_2.jpg"",""https://static.yeezyunique.ru/batches/6cb9ff7b-d813-4394-8e73-aeda5d06a8f2/_dm5rSWX3hv-6lCA39yYpE2O3y3yEuIx2_Ls-gtQ_3.jpg"",""https://static.yeezyunique.ru/batches/6cb9ff7b-d813-4394-8e73-aeda5d06a8f2/_dm5rSWX3hv-6lCA39yYpE2O3y3yEuIx2_Ls-gtQ_4.jpg"",""https://static.yeezyunique.ru/batches/6cb9ff7b-d813-4394-8e73-aeda5d06a8f2/_dm5rSWX3hv-6lCA39yYpE2O3y3yEuIx2_Ls-gtQ_5.jpg"",""https://static.yeezyunique.ru/batches/6cb9ff7b-d813-4394-8e73-aeda5d06a8f2/_dm5rSWX3hv-6lCA39yYpE2O3y3yEuIx2_Ls-gtQ_6.jpg"",""https://static.yeezyunique.ru/batches/6cb9ff7b-d813-4394-8e73-aeda5d06a8f2/_dm5rSWX3hv-6lCA39yYpE2O3y3yEuIx2_Ls-gtQ_7.jpg"",""https://static.yeezyunique.ru/batches/6cb9ff7b-d813-4394-8e73-aeda5d06a8f2/_dm5rSWX3hv-6lCA39yYpE2O3y3yEuIx2_Ls-gtQ_8.jpg""]";true
_dkFrSzRfo5I5yhh2taRXd0SqmhpE4D8xk09pR1w;Louis Vuitton Кроссовки;Стильные низкие кроссовки из премиальной зернистой телячьей кожи с фирменным тиснением. Модель дополнена дышащей сетчатой подкладкой и прочной комбинированной подошвой из TPU для максимального комфорта.\n\nРазмеры: 35-40 (женские), 40-45 (мужские).;23000;977uh954t91spxq;nzg3vsvajpiv1e8;ll3hofpd5wqxr81;Унисекс;"[""https://static.yeezyunique.ru/batches/6cb9ff7b-d813-4394-8e73-aeda5d06a8f2/_dkFrSzRfo5I5yhh2taRXd0SqmhpE4D8xk09pR1w_0.jpg"",""https://static.yeezyunique.ru/batches/6cb9ff7b-d813-4394-8e73-aeda5d06a8f2/_dkFrSzRfo5I5yhh2taRXd0SqmhpE4D8xk09pR1w_1.jpg"",""https://static.yeezyunique.ru/batches/6cb9ff7b-d813-4394-8e73-aeda5d06a8f2/_dkFrSzRfo5I5yhh2taRXd0SqmhpE4D8xk09pR1w_2.jpg"",""https://static.yeezyunique.ru/batches/6cb9ff7b-d813-4394-8e73-aeda5d06a8f2/_dkFrSzRfo5I5yhh2taRXd0SqmhpE4D8xk09pR1w_3.jpg"",""https://static.yeezyunique.ru/batches/6cb9ff7b-d813-4394-8e73-aeda5d06a8f2/_dkFrSzRfo5I5yhh2taRXd0SqmhpE4D8xk09pR1w_4.jpg"",""https://static.yeezyunique.ru/batches/6cb9ff7b-d813-4394-8e73-aeda5d06a8f2/_dkFrSzRfo5I5yhh2taRXd0SqmhpE4D8xk09pR1w_5.jpg"",""https://static.yeezyunique.ru/batches/6cb9ff7b-d813-4394-8e73-aeda5d06a8f2/_dkFrSzRfo5I5yhh2taRXd0SqmhpE4D8xk09pR1w_6.jpg"",""https://static.yeezyunique.ru/batches/6cb9ff7b-d813-4394-8e73-aeda5d06a8f2/_dkFrSzRfo5I5yhh2taRXd0SqmhpE4D8xk09pR1w_7.jpg"",""https://static.yeezyunique.ru/batches/6cb9ff7b-d813-4394-8e73-aeda5d06a8f2/_dkFrSzRfo5I5yhh2taRXd0SqmhpE4D8xk09pR1w_8.jpg""]";true
_dj5rS010jdnSefory-ey8Nt76IXY5PwZxVP5d4A;Louis Vuitton Кроссовки;Стильные низкие кроссовки из премиальной зернистой телячьей кожи с фирменным тиснением. Модель дополнена дышащей сетчатой подкладкой и прочной комбинированной подошвой из TPU для максимального комфорта.\n\nРазмеры: 35-40 (женские), 40-45 (мужские).;23000;977uh954t91spxq;nzg3vsvajpiv1e8;ll3hofpd5wqxr81;Унисекс;"[""https://static.yeezyunique.ru/batches/6cb9ff7b-d813-4394-8e73-aeda5d06a8f2/_dj5rS010jdnSefory-ey8Nt76IXY5PwZxVP5d4A_0.jpg"",""https://static.yeezyunique.ru/batches/6cb9ff7b-d813-4394-8e73-aeda5d06a8f2/_dj5rS010jdnSefory-ey8Nt76IXY5PwZxVP5d4A_1.jpg"",""https://static.yeezyunique.ru/batches/6cb9ff7b-d813-4394-8e73-aeda5d06a8f2/_dj5rS010jdnSefory-ey8Nt76IXY5PwZxVP5d4A_2.jpg"",""https://static.yeezyunique.ru/batches/6cb9ff7b-d813-4394-8e73-aeda5d06a8f2/_dj5rS010jdnSefory-ey8Nt76IXY5PwZxVP5d4A_3.jpg"",""https://static.yeezyunique.ru/batches/6cb9ff7b-d813-4394-8e73-aeda5d06a8f2/_dj5rS010jdnSefory-ey8Nt76IXY5PwZxVP5d4A_4.jpg"",""https://static.yeezyunique.ru/batches/6cb9ff7b-d813-4394-8e73-aeda5d06a8f2/_dj5rS010jdnSefory-ey8Nt76IXY5PwZxVP5d4A_5.jpg"",""https://static.yeezyunique.ru/batches/6cb9ff7b-d813-4394-8e73-aeda5d06a8f2/_dj5rS010jdnSefory-ey8Nt76IXY5PwZxVP5d4A_6.jpg"",""https://static.yeezyunique.ru/batches/6cb9ff7b-d813-4394-8e73-aeda5d06a8f2/_dj5rS010jdnSefory-ey8Nt76IXY5PwZxVP5d4A_7.jpg"",""https://static.yeezyunique.ru/batches/6cb9ff7b-d813-4394-8e73-aeda5d06a8f2/_dj5rS010jdnSefory-ey8Nt76IXY5PwZxVP5d4A_8.jpg""]";true
_do9rSQE29ogLl9uPvcJsbqbxGyQeHJ15V4-rG3Q;Louis Vuitton Кроссовки;Стильные низкие кроссовки из премиальной зернистой телячьей кожи с фирменным тиснением. Модель дополнена дышащей сетчатой подкладкой и износостойкой подошвой из TPU для максимального комфорта.\n\nРазмеры: 35-40 (женские), 40-45 (мужские).;23000;977uh954t91spxq;nzg3vsvajpiv1e8;ll3hofpd5wqxr81;Унисекс;"[""https://static.yeezyunique.ru/batches/6cb9ff7b-d813-4394-8e73-aeda5d06a8f2/_do9rSQE29ogLl9uPvcJsbqbxGyQeHJ15V4-rG3Q_0.jpg"",""https://static.yeezyunique.ru/batches/6cb9ff7b-d813-4394-8e73-aeda5d06a8f2/_do9rSQE29ogLl9uPvcJsbqbxGyQeHJ15V4-rG3Q_1.jpg"",""https://static.yeezyunique.ru/batches/6cb9ff7b-d813-4394-8e73-aeda5d06a8f2/_do9rSQE29ogLl9uPvcJsbqbxGyQeHJ15V4-rG3Q_2.jpg"",""https://static.yeezyunique.ru/batches/6cb9ff7b-d813-4394-8e73-aeda5d06a8f2/_do9rSQE29ogLl9uPvcJsbqbxGyQeHJ15V4-rG3Q_3.jpg"",""https://static.yeezyunique.ru/batches/6cb9ff7b-d813-4394-8e73-aeda5d06a8f2/_do9rSQE29ogLl9uPvcJsbqbxGyQeHJ15V4-rG3Q_4.jpg"",""https://static.yeezyunique.ru/batches/6cb9ff7b-d813-4394-8e73-aeda5d06a8f2/_do9rSQE29ogLl9uPvcJsbqbxGyQeHJ15V4-rG3Q_5.jpg"",""https://static.yeezyunique.ru/batches/6cb9ff7b-d813-4394-8e73-aeda5d06a8f2/_do9rSQE29ogLl9uPvcJsbqbxGyQeHJ15V4-rG3Q_6.jpg"",""https://static.yeezyunique.ru/batches/6cb9ff7b-d813-4394-8e73-aeda5d06a8f2/_do9rSQE29ogLl9uPvcJsbqbxGyQeHJ15V4-rG3Q_7.jpg"",""https://static.yeezyunique.ru/batches/6cb9ff7b-d813-4394-8e73-aeda5d06a8f2/_do9rSQE29ogLl9uPvcJsbqbxGyQeHJ15V4-rG3Q_8.jpg""]";true
_dxLrS7im6HDfhgPN4WcTPMyuH9xAVSJoecspMgQ;Louis Vuitton Кроссовки;Стильные низкие кроссовки из премиальной зернистой телячьей кожи с фирменным тиснением. Модель дополнена дышащей сетчатой подкладкой и прочной комбинированной подошвой из термополиуретана для максимального комфорта.\n\nРазмеры: 35-40 (женские), 40-45 (мужские).;23000;977uh954t91spxq;nzg3vsvajpiv1e8;ll3hofpd5wqxr81;Унисекс;"[""https://static.yeezyunique.ru/batches/6cb9ff7b-d813-4394-8e73-aeda5d06a8f2/_dxLrS7im6HDfhgPN4WcTPMyuH9xAVSJoecspMgQ_0.jpg"",""https://static.yeezyunique.ru/batches/6cb9ff7b-d813-4394-8e73-aeda5d06a8f2/_dxLrS7im6HDfhgPN4WcTPMyuH9xAVSJoecspMgQ_1.jpg"",""https://static.yeezyunique.ru/batches/6cb9ff7b-d813-4394-8e73-aeda5d06a8f2/_dxLrS7im6HDfhgPN4WcTPMyuH9xAVSJoecspMgQ_2.jpg"",""https://static.yeezyunique.ru/batches/6cb9ff7b-d813-4394-8e73-aeda5d06a8f2/_dxLrS7im6HDfhgPN4WcTPMyuH9xAVSJoecspMgQ_3.jpg"",""https://static.yeezyunique.ru/batches/6cb9ff7b-d813-4394-8e73-aeda5d06a8f2/_dxLrS7im6HDfhgPN4WcTPMyuH9xAVSJoecspMgQ_4.jpg"",""https://static.yeezyunique.ru/batches/6cb9ff7b-d813-4394-8e73-aeda5d06a8f2/_dxLrS7im6HDfhgPN4WcTPMyuH9xAVSJoecspMgQ_5.jpg"",""https://static.yeezyunique.ru/batches/6cb9ff7b-d813-4394-8e73-aeda5d06a8f2/_dxLrS7im6HDfhgPN4WcTPMyuH9xAVSJoecspMgQ_6.jpg"",""https://static.yeezyunique.ru/batches/6cb9ff7b-d813-4394-8e73-aeda5d06a8f2/_dxLrS7im6HDfhgPN4WcTPMyuH9xAVSJoecspMgQ_7.jpg"",""https://static.yeezyunique.ru/batches/6cb9ff7b-d813-4394-8e73-aeda5d06a8f2/_dxLrS7im6HDfhgPN4WcTPMyuH9xAVSJoecspMgQ_8.jpg""]";true
_duErSrTvnGNdj6Uu5UCTcljnUrv41SYpmfWe1XQ;Louis Vuitton Кроссовки;Стильные кроссовки Archlight 2.0 на массивной подошве, ставшие незаменимым элементом гардероба. Модель выполнена из комбинации премиальной импортной телячьей кожи и высококачественной сетчатой ткани, обеспечивающей отличную текстуру. Удобная подошва высотой 8 см гарантирует комфорт и визуально удлиняет ноги.\n\nРазмеры: 35-39.;23000;977uh954t91spxq;nzg3vsvajpiv1e8;ll3hofpd5wqxr81;Для женщин;"[""https://static.yeezyunique.ru/batches/6cb9ff7b-d813-4394-8e73-aeda5d06a8f2/_duErSrTvnGNdj6Uu5UCTcljnUrv41SYpmfWe1XQ_0.jpg"",""https://static.yeezyunique.ru/batches/6cb9ff7b-d813-4394-8e73-aeda5d06a8f2/_duErSrTvnGNdj6Uu5UCTcljnUrv41SYpmfWe1XQ_1.jpg"",""https://static.yeezyunique.ru/batches/6cb9ff7b-d813-4394-8e73-aeda5d06a8f2/_duErSrTvnGNdj6Uu5UCTcljnUrv41SYpmfWe1XQ_2.jpg"",""https://static.yeezyunique.ru/batches/6cb9ff7b-d813-4394-8e73-aeda5d06a8f2/_duErSrTvnGNdj6Uu5UCTcljnUrv41SYpmfWe1XQ_3.jpg"",""https://static.yeezyunique.ru/batches/6cb9ff7b-d813-4394-8e73-aeda5d06a8f2/_duErSrTvnGNdj6Uu5UCTcljnUrv41SYpmfWe1XQ_4.jpg"",""https://static.yeezyunique.ru/batches/6cb9ff7b-d813-4394-8e73-aeda5d06a8f2/_duErSrTvnGNdj6Uu5UCTcljnUrv41SYpmfWe1XQ_5.jpg"",""https://static.yeezyunique.ru/batches/6cb9ff7b-d813-4394-8e73-aeda5d06a8f2/_duErSrTvnGNdj6Uu5UCTcljnUrv41SYpmfWe1XQ_6.jpg"",""https://static.yeezyunique.ru/batches/6cb9ff7b-d813-4394-8e73-aeda5d06a8f2/_duErSrTvnGNdj6Uu5UCTcljnUrv41SYpmfWe1XQ_7.jpg"",""https://static.yeezyunique.ru/batches/6cb9ff7b-d813-4394-8e73-aeda5d06a8f2/_duErSrTvnGNdj6Uu5UCTcljnUrv41SYpmfWe1XQ_8.jpg""]";true
_d-mrSKH3GbuwplwiIyUBFmet7Nz6IdrDEQvP-Fw;Louis Vuitton Кроссовки;Стильные кроссовки Archlight 2.0 на массивной подошве, ставшие незаменимым элементом гардероба. Модель выполнена из комбинации премиальной итальянской телячьей кожи и высококачественной сетчатой ткани, обеспечивающей отличную вентиляцию. Уникальная подошва из инновационных материалов гарантирует комфорт и визуально удлиняет ноги.\n\nРазмеры: 35-40.;23000;977uh954t91spxq;nzg3vsvajpiv1e8;ll3hofpd5wqxr81;Для женщин;"[""https://static.yeezyunique.ru/batches/6cb9ff7b-d813-4394-8e73-aeda5d06a8f2/_d-mrSKH3GbuwplwiIyUBFmet7Nz6IdrDEQvP-Fw_0.jpg"",""https://static.yeezyunique.ru/batches/6cb9ff7b-d813-4394-8e73-aeda5d06a8f2/_d-mrSKH3GbuwplwiIyUBFmet7Nz6IdrDEQvP-Fw_1.jpg"",""https://static.yeezyunique.ru/batches/6cb9ff7b-d813-4394-8e73-aeda5d06a8f2/_d-mrSKH3GbuwplwiIyUBFmet7Nz6IdrDEQvP-Fw_2.jpg"",""https://static.yeezyunique.ru/batches/6cb9ff7b-d813-4394-8e73-aeda5d06a8f2/_d-mrSKH3GbuwplwiIyUBFmet7Nz6IdrDEQvP-Fw_3.jpg"",""https://static.yeezyunique.ru/batches/6cb9ff7b-d813-4394-8e73-aeda5d06a8f2/_d-mrSKH3GbuwplwiIyUBFmet7Nz6IdrDEQvP-Fw_4.jpg"",""https://static.yeezyunique.ru/batches/6cb9ff7b-d813-4394-8e73-aeda5d06a8f2/_d-mrSKH3GbuwplwiIyUBFmet7Nz6IdrDEQvP-Fw_5.jpg"",""https://static.yeezyunique.ru/batches/6cb9ff7b-d813-4394-8e73-aeda5d06a8f2/_d-mrSKH3GbuwplwiIyUBFmet7Nz6IdrDEQvP-Fw_6.jpg"",""https://static.yeezyunique.ru/batches/6cb9ff7b-d813-4394-8e73-aeda5d06a8f2/_d-mrSKH3GbuwplwiIyUBFmet7Nz6IdrDEQvP-Fw_7.jpg"",""https://static.yeezyunique.ru/batches/6cb9ff7b-d813-4394-8e73-aeda5d06a8f2/_d-mrSKH3GbuwplwiIyUBFmet7Nz6IdrDEQvP-Fw_8.jpg""]";true
_dk2rSo-4SQOGYYje0nL9El5sKn1BlMc-kw30cMw;Louis Vuitton Тапки;Стильные и невероятно комфортные тапки из коллекции Pillow с узнаваемым рельефным узором монограммы. Модель выполнена из высококачественного эластичного материала с мягкой подкладкой из высокоэластичного пеноматериала и дополнена легкой износостойкой подошвой из экологичного каучука.\n\nРазмеры: 35-40.;23000;977uh954t91spxq;nzg3vsvajpiv1e8;rbf3iprt2z3owjd;Для женщин;"[""https://static.yeezyunique.ru/batches/6cb9ff7b-d813-4394-8e73-aeda5d06a8f2/_dk2rSo-4SQOGYYje0nL9El5sKn1BlMc-kw30cMw_0.jpg"",""https://static.yeezyunique.ru/batches/6cb9ff7b-d813-4394-8e73-aeda5d06a8f2/_dk2rSo-4SQOGYYje0nL9El5sKn1BlMc-kw30cMw_1.jpg"",""https://static.yeezyunique.ru/batches/6cb9ff7b-d813-4394-8e73-aeda5d06a8f2/_dk2rSo-4SQOGYYje0nL9El5sKn1BlMc-kw30cMw_2.jpg"",""https://static.yeezyunique.ru/batches/6cb9ff7b-d813-4394-8e73-aeda5d06a8f2/_dk2rSo-4SQOGYYje0nL9El5sKn1BlMc-kw30cMw_3.jpg"",""https://static.yeezyunique.ru/batches/6cb9ff7b-d813-4394-8e73-aeda5d06a8f2/_dk2rSo-4SQOGYYje0nL9El5sKn1BlMc-kw30cMw_4.jpg"",""https://static.yeezyunique.ru/batches/6cb9ff7b-d813-4394-8e73-aeda5d06a8f2/_dk2rSo-4SQOGYYje0nL9El5sKn1BlMc-kw30cMw_5.jpg"",""https://static.yeezyunique.ru/batches/6cb9ff7b-d813-4394-8e73-aeda5d06a8f2/_dk2rSo-4SQOGYYje0nL9El5sKn1BlMc-kw30cMw_6.jpg"",""https://static.yeezyunique.ru/batches/6cb9ff7b-d813-4394-8e73-aeda5d06a8f2/_dk2rSo-4SQOGYYje0nL9El5sKn1BlMc-kw30cMw_7.jpg"",""https://static.yeezyunique.ru/batches/6cb9ff7b-d813-4394-8e73-aeda5d06a8f2/_dk2rSo-4SQOGYYje0nL9El5sKn1BlMc-kw30cMw_8.jpg""]";true
_d8ArS_B78X3havIMqDkeEuxhtc7Dyg5rLTppZQw;Louis Vuitton Тапки;Стильные и невероятно комфортные тапки Pillow с узнаваемым рельефным узором бренда. Модель выполнена из высококачественного импортного лайкра-хлопка с мягкой подкладкой из эластичного пеноматериала и прочной подошвой из экологичного вспененного каучука.\n\nРазмеры: 35-40.;23000;977uh954t91spxq;nzg3vsvajpiv1e8;rbf3iprt2z3owjd;Для женщин;"[""https://static.yeezyunique.ru/batches/6cb9ff7b-d813-4394-8e73-aeda5d06a8f2/_d8ArS_B78X3havIMqDkeEuxhtc7Dyg5rLTppZQw_0.jpg"",""https://static.yeezyunique.ru/batches/6cb9ff7b-d813-4394-8e73-aeda5d06a8f2/_d8ArS_B78X3havIMqDkeEuxhtc7Dyg5rLTppZQw_1.jpg"",""https://static.yeezyunique.ru/batches/6cb9ff7b-d813-4394-8e73-aeda5d06a8f2/_d8ArS_B78X3havIMqDkeEuxhtc7Dyg5rLTppZQw_2.jpg"",""https://static.yeezyunique.ru/batches/6cb9ff7b-d813-4394-8e73-aeda5d06a8f2/_d8ArS_B78X3havIMqDkeEuxhtc7Dyg5rLTppZQw_3.jpg"",""https://static.yeezyunique.ru/batches/6cb9ff7b-d813-4394-8e73-aeda5d06a8f2/_d8ArS_B78X3havIMqDkeEuxhtc7Dyg5rLTppZQw_4.jpg"",""https://static.yeezyunique.ru/batches/6cb9ff7b-d813-4394-8e73-aeda5d06a8f2/_d8ArS_B78X3havIMqDkeEuxhtc7Dyg5rLTppZQw_5.jpg"",""https://static.yeezyunique.ru/batches/6cb9ff7b-d813-4394-8e73-aeda5d06a8f2/_d8ArS_B78X3havIMqDkeEuxhtc7Dyg5rLTppZQw_6.jpg"",""https://static.yeezyunique.ru/batches/6cb9ff7b-d813-4394-8e73-aeda5d06a8f2/_d8ArS_B78X3havIMqDkeEuxhtc7Dyg5rLTppZQw_7.jpg"",""https://static.yeezyunique.ru/batches/6cb9ff7b-d813-4394-8e73-aeda5d06a8f2/_d8ArS_B78X3havIMqDkeEuxhtc7Dyg5rLTppZQw_8.jpg""]";true
_dqIrS5Afqu2vRPEdae1px4u5lG_LeWCfSbC0Isw;Chanel Сандалии;Стильные сандалии из летней коллекции, выполненные из премиального денима с изысканной текстурой. Модель дополнена фирменным серебристым логотипом в виде переплетенных букв C и комфортной подошвой из высококачественного TPU.\n\nРазмеры: 35-40.;23000;3wxtez8ckauz7o1;nzg3vsvajpiv1e8;rbf3iprt2z3owjd;Для женщин;"[""https://static.yeezyunique.ru/batches/6cb9ff7b-d813-4394-8e73-aeda5d06a8f2/_dqIrS5Afqu2vRPEdae1px4u5lG_LeWCfSbC0Isw_0.jpg"",""https://static.yeezyunique.ru/batches/6cb9ff7b-d813-4394-8e73-aeda5d06a8f2/_dqIrS5Afqu2vRPEdae1px4u5lG_LeWCfSbC0Isw_1.jpg"",""https://static.yeezyunique.ru/batches/6cb9ff7b-d813-4394-8e73-aeda5d06a8f2/_dqIrS5Afqu2vRPEdae1px4u5lG_LeWCfSbC0Isw_2.jpg"",""https://static.yeezyunique.ru/batches/6cb9ff7b-d813-4394-8e73-aeda5d06a8f2/_dqIrS5Afqu2vRPEdae1px4u5lG_LeWCfSbC0Isw_3.jpg"",""https://static.yeezyunique.ru/batches/6cb9ff7b-d813-4394-8e73-aeda5d06a8f2/_dqIrS5Afqu2vRPEdae1px4u5lG_LeWCfSbC0Isw_4.jpg"",""https://static.yeezyunique.ru/batches/6cb9ff7b-d813-4394-8e73-aeda5d06a8f2/_dqIrS5Afqu2vRPEdae1px4u5lG_LeWCfSbC0Isw_5.jpg"",""https://static.yeezyunique.ru/batches/6cb9ff7b-d813-4394-8e73-aeda5d06a8f2/_dqIrS5Afqu2vRPEdae1px4u5lG_LeWCfSbC0Isw_6.jpg"",""https://static.yeezyunique.ru/batches/6cb9ff7b-d813-4394-8e73-aeda5d06a8f2/_dqIrS5Afqu2vRPEdae1px4u5lG_LeWCfSbC0Isw_7.jpg"",""https://static.yeezyunique.ru/batches/6cb9ff7b-d813-4394-8e73-aeda5d06a8f2/_dqIrS5Afqu2vRPEdae1px4u5lG_LeWCfSbC0Isw_8.jpg""]";true
_drgrSMCG1xwO9OcNpW4hATvrAhYtjlYn-fbRKzQ;Valentino Балетки;Элегантные балетки Мэри Джейн из мягкой телячьей кожи, дополненные фирменной золотистой застежкой VLOGO. Минималистичный дизайн и эластичная вставка обеспечивают идеальную посадку и комфорт при носке.\n\nРазмеры: 35-40.;23000;h1qgeur5z4m2gph;nzg3vsvajpiv1e8;gquuvxk7z0ik5jn;Для женщин;"[""https://static.yeezyunique.ru/batches/6cb9ff7b-d813-4394-8e73-aeda5d06a8f2/_drgrSMCG1xwO9OcNpW4hATvrAhYtjlYn-fbRKzQ_0.jpg"",""https://static.yeezyunique.ru/batches/6cb9ff7b-d813-4394-8e73-aeda5d06a8f2/_drgrSMCG1xwO9OcNpW4hATvrAhYtjlYn-fbRKzQ_1.jpg"",""https://static.yeezyunique.ru/batches/6cb9ff7b-d813-4394-8e73-aeda5d06a8f2/_drgrSMCG1xwO9OcNpW4hATvrAhYtjlYn-fbRKzQ_2.jpg"",""https://static.yeezyunique.ru/batches/6cb9ff7b-d813-4394-8e73-aeda5d06a8f2/_drgrSMCG1xwO9OcNpW4hATvrAhYtjlYn-fbRKzQ_3.jpg"",""https://static.yeezyunique.ru/batches/6cb9ff7b-d813-4394-8e73-aeda5d06a8f2/_drgrSMCG1xwO9OcNpW4hATvrAhYtjlYn-fbRKzQ_4.jpg"",""https://static.yeezyunique.ru/batches/6cb9ff7b-d813-4394-8e73-aeda5d06a8f2/_drgrSMCG1xwO9OcNpW4hATvrAhYtjlYn-fbRKzQ_5.jpg"",""https://static.yeezyunique.ru/batches/6cb9ff7b-d813-4394-8e73-aeda5d06a8f2/_drgrSMCG1xwO9OcNpW4hATvrAhYtjlYn-fbRKzQ_6.jpg"",""https://static.yeezyunique.ru/batches/6cb9ff7b-d813-4394-8e73-aeda5d06a8f2/_drgrSMCG1xwO9OcNpW4hATvrAhYtjlYn-fbRKzQ_7.jpg"",""https://static.yeezyunique.ru/batches/6cb9ff7b-d813-4394-8e73-aeda5d06a8f2/_drgrSMCG1xwO9OcNpW4hATvrAhYtjlYn-fbRKzQ_8.jpg""]";true
_djorSrctehBHVFEPgEtkSs6kzaO3i_bCAAbA1GQ;Valentino Балетки;Элегантные балетки Мэри Джейн, выполненные из мягкой натуральной телячьей кожи. Модель дополнена фирменной фурнитурой VLOGO Signature в цвете светлого золота и удобной эластичной вставкой для комфортной посадки.\n\nРазмеры: 35-40.;23000;h1qgeur5z4m2gph;nzg3vsvajpiv1e8;gquuvxk7z0ik5jn;Для женщин;"[""https://static.yeezyunique.ru/batches/6cb9ff7b-d813-4394-8e73-aeda5d06a8f2/_djorSrctehBHVFEPgEtkSs6kzaO3i_bCAAbA1GQ_0.jpg"",""https://static.yeezyunique.ru/batches/6cb9ff7b-d813-4394-8e73-aeda5d06a8f2/_djorSrctehBHVFEPgEtkSs6kzaO3i_bCAAbA1GQ_1.jpg"",""https://static.yeezyunique.ru/batches/6cb9ff7b-d813-4394-8e73-aeda5d06a8f2/_djorSrctehBHVFEPgEtkSs6kzaO3i_bCAAbA1GQ_2.jpg"",""https://static.yeezyunique.ru/batches/6cb9ff7b-d813-4394-8e73-aeda5d06a8f2/_djorSrctehBHVFEPgEtkSs6kzaO3i_bCAAbA1GQ_3.jpg"",""https://static.yeezyunique.ru/batches/6cb9ff7b-d813-4394-8e73-aeda5d06a8f2/_djorSrctehBHVFEPgEtkSs6kzaO3i_bCAAbA1GQ_4.jpg"",""https://static.yeezyunique.ru/batches/6cb9ff7b-d813-4394-8e73-aeda5d06a8f2/_djorSrctehBHVFEPgEtkSs6kzaO3i_bCAAbA1GQ_5.jpg"",""https://static.yeezyunique.ru/batches/6cb9ff7b-d813-4394-8e73-aeda5d06a8f2/_djorSrctehBHVFEPgEtkSs6kzaO3i_bCAAbA1GQ_6.jpg"",""https://static.yeezyunique.ru/batches/6cb9ff7b-d813-4394-8e73-aeda5d06a8f2/_djorSrctehBHVFEPgEtkSs6kzaO3i_bCAAbA1GQ_7.jpg"",""https://static.yeezyunique.ru/batches/6cb9ff7b-d813-4394-8e73-aeda5d06a8f2/_djorSrctehBHVFEPgEtkSs6kzaO3i_bCAAbA1GQ_8.jpg""]";true
_dr8rSdFPySLQhdssxZny0jE1dP1LZnq2Hdht8cQ;Valentino Балетки;Элегантные балетки Мэри Джейн, выполненные из мягкой натуральной телячьей кожи. Модель дополнена фирменной фурнитурой VLOGO Signature в цвете светлого золота и удобной эластичной вставкой для комфортной посадки.\n\nРазмеры: 35-40.;23000;h1qgeur5z4m2gph;nzg3vsvajpiv1e8;gquuvxk7z0ik5jn;Для женщин;"[""https://static.yeezyunique.ru/batches/6cb9ff7b-d813-4394-8e73-aeda5d06a8f2/_dr8rSdFPySLQhdssxZny0jE1dP1LZnq2Hdht8cQ_0.jpg"",""https://static.yeezyunique.ru/batches/6cb9ff7b-d813-4394-8e73-aeda5d06a8f2/_dr8rSdFPySLQhdssxZny0jE1dP1LZnq2Hdht8cQ_1.jpg"",""https://static.yeezyunique.ru/batches/6cb9ff7b-d813-4394-8e73-aeda5d06a8f2/_dr8rSdFPySLQhdssxZny0jE1dP1LZnq2Hdht8cQ_2.jpg"",""https://static.yeezyunique.ru/batches/6cb9ff7b-d813-4394-8e73-aeda5d06a8f2/_dr8rSdFPySLQhdssxZny0jE1dP1LZnq2Hdht8cQ_3.jpg"",""https://static.yeezyunique.ru/batches/6cb9ff7b-d813-4394-8e73-aeda5d06a8f2/_dr8rSdFPySLQhdssxZny0jE1dP1LZnq2Hdht8cQ_4.jpg"",""https://static.yeezyunique.ru/batches/6cb9ff7b-d813-4394-8e73-aeda5d06a8f2/_dr8rSdFPySLQhdssxZny0jE1dP1LZnq2Hdht8cQ_5.jpg"",""https://static.yeezyunique.ru/batches/6cb9ff7b-d813-4394-8e73-aeda5d06a8f2/_dr8rSdFPySLQhdssxZny0jE1dP1LZnq2Hdht8cQ_6.jpg"",""https://static.yeezyunique.ru/batches/6cb9ff7b-d813-4394-8e73-aeda5d06a8f2/_dr8rSdFPySLQhdssxZny0jE1dP1LZnq2Hdht8cQ_7.jpg"",""https://static.yeezyunique.ru/batches/6cb9ff7b-d813-4394-8e73-aeda5d06a8f2/_dr8rSdFPySLQhdssxZny0jE1dP1LZnq2Hdht8cQ_8.jpg""]";true
_db5rS5DhRJNPItTBLoigdU2L9cuyMJPSovfXPXQ;Valentino Балетки;Элегантные балетки Мэри Джейн из мягкой итальянской телячьей кожи. Модель дополнена фирменной фурнитурой VLOGO Signature в цвете светлого золота и удобной эластичной вставкой для комфортной посадки.\n\nРазмеры: 35-40.;23000;h1qgeur5z4m2gph;nzg3vsvajpiv1e8;gquuvxk7z0ik5jn;Для женщин;"[""https://static.yeezyunique.ru/batches/6cb9ff7b-d813-4394-8e73-aeda5d06a8f2/_db5rS5DhRJNPItTBLoigdU2L9cuyMJPSovfXPXQ_0.jpg"",""https://static.yeezyunique.ru/batches/6cb9ff7b-d813-4394-8e73-aeda5d06a8f2/_db5rS5DhRJNPItTBLoigdU2L9cuyMJPSovfXPXQ_1.jpg"",""https://static.yeezyunique.ru/batches/6cb9ff7b-d813-4394-8e73-aeda5d06a8f2/_db5rS5DhRJNPItTBLoigdU2L9cuyMJPSovfXPXQ_2.jpg"",""https://static.yeezyunique.ru/batches/6cb9ff7b-d813-4394-8e73-aeda5d06a8f2/_db5rS5DhRJNPItTBLoigdU2L9cuyMJPSovfXPXQ_3.jpg"",""https://static.yeezyunique.ru/batches/6cb9ff7b-d813-4394-8e73-aeda5d06a8f2/_db5rS5DhRJNPItTBLoigdU2L9cuyMJPSovfXPXQ_4.jpg"",""https://static.yeezyunique.ru/batches/6cb9ff7b-d813-4394-8e73-aeda5d06a8f2/_db5rS5DhRJNPItTBLoigdU2L9cuyMJPSovfXPXQ_5.jpg"",""https://static.yeezyunique.ru/batches/6cb9ff7b-d813-4394-8e73-aeda5d06a8f2/_db5rS5DhRJNPItTBLoigdU2L9cuyMJPSovfXPXQ_6.jpg"",""https://static.yeezyunique.ru/batches/6cb9ff7b-d813-4394-8e73-aeda5d06a8f2/_db5rS5DhRJNPItTBLoigdU2L9cuyMJPSovfXPXQ_7.jpg"",""https://static.yeezyunique.ru/batches/6cb9ff7b-d813-4394-8e73-aeda5d06a8f2/_db5rS5DhRJNPItTBLoigdU2L9cuyMJPSovfXPXQ_8.jpg""]";true
_dshrS26NVEGn4VRUDBV4phK9t5soWSqt1h-ma3w;Valentino Балетки;Элегантные балетки с актуальной стеганой прострочкой, придающей модели особый шарм. Обувь выполнена из мягкой импортной кожи ягненка с премиальной кожаной подошвой, обеспечивающей комфорт при носке.\n\nРазмеры: 34-40.;23000;h1qgeur5z4m2gph;nzg3vsvajpiv1e8;gquuvxk7z0ik5jn;Для женщин;"[""https://static.yeezyunique.ru/batches/6cb9ff7b-d813-4394-8e73-aeda5d06a8f2/_dshrS26NVEGn4VRUDBV4phK9t5soWSqt1h-ma3w_0.jpg"",""https://static.yeezyunique.ru/batches/6cb9ff7b-d813-4394-8e73-aeda5d06a8f2/_dshrS26NVEGn4VRUDBV4phK9t5soWSqt1h-ma3w_1.jpg"",""https://static.yeezyunique.ru/batches/6cb9ff7b-d813-4394-8e73-aeda5d06a8f2/_dshrS26NVEGn4VRUDBV4phK9t5soWSqt1h-ma3w_2.jpg"",""https://static.yeezyunique.ru/batches/6cb9ff7b-d813-4394-8e73-aeda5d06a8f2/_dshrS26NVEGn4VRUDBV4phK9t5soWSqt1h-ma3w_3.jpg"",""https://static.yeezyunique.ru/batches/6cb9ff7b-d813-4394-8e73-aeda5d06a8f2/_dshrS26NVEGn4VRUDBV4phK9t5soWSqt1h-ma3w_4.jpg"",""https://static.yeezyunique.ru/batches/6cb9ff7b-d813-4394-8e73-aeda5d06a8f2/_dshrS26NVEGn4VRUDBV4phK9t5soWSqt1h-ma3w_5.jpg"",""https://static.yeezyunique.ru/batches/6cb9ff7b-d813-4394-8e73-aeda5d06a8f2/_dshrS26NVEGn4VRUDBV4phK9t5soWSqt1h-ma3w_6.jpg"",""https://static.yeezyunique.ru/batches/6cb9ff7b-d813-4394-8e73-aeda5d06a8f2/_dshrS26NVEGn4VRUDBV4phK9t5soWSqt1h-ma3w_7.jpg"",""https://static.yeezyunique.ru/batches/6cb9ff7b-d813-4394-8e73-aeda5d06a8f2/_dshrS26NVEGn4VRUDBV4phK9t5soWSqt1h-ma3w_8.jpg""]";true
_djtrSxm_6dwhCTXy9BiT5NVkFkKOKMFR--VDO5w;Valentino Балетки;Элегантные балетки с актуальной стеганой отделкой, придающей модели особый шарм. Обувь выполнена из мягкой импортной кожи ягненка с премиальной кожаной подошвой, что обеспечивает исключительный комфорт при носке.\n\nРазмеры: 34-40.;23000;h1qgeur5z4m2gph;nzg3vsvajpiv1e8;gquuvxk7z0ik5jn;Для женщин;"[""https://static.yeezyunique.ru/batches/6cb9ff7b-d813-4394-8e73-aeda5d06a8f2/_djtrSxm_6dwhCTXy9BiT5NVkFkKOKMFR--VDO5w_0.jpg"",""https://static.yeezyunique.ru/batches/6cb9ff7b-d813-4394-8e73-aeda5d06a8f2/_djtrSxm_6dwhCTXy9BiT5NVkFkKOKMFR--VDO5w_1.jpg"",""https://static.yeezyunique.ru/batches/6cb9ff7b-d813-4394-8e73-aeda5d06a8f2/_djtrSxm_6dwhCTXy9BiT5NVkFkKOKMFR--VDO5w_2.jpg"",""https://static.yeezyunique.ru/batches/6cb9ff7b-d813-4394-8e73-aeda5d06a8f2/_djtrSxm_6dwhCTXy9BiT5NVkFkKOKMFR--VDO5w_3.jpg"",""https://static.yeezyunique.ru/batches/6cb9ff7b-d813-4394-8e73-aeda5d06a8f2/_djtrSxm_6dwhCTXy9BiT5NVkFkKOKMFR--VDO5w_4.jpg"",""https://static.yeezyunique.ru/batches/6cb9ff7b-d813-4394-8e73-aeda5d06a8f2/_djtrSxm_6dwhCTXy9BiT5NVkFkKOKMFR--VDO5w_5.jpg"",""https://static.yeezyunique.ru/batches/6cb9ff7b-d813-4394-8e73-aeda5d06a8f2/_djtrSxm_6dwhCTXy9BiT5NVkFkKOKMFR--VDO5w_6.jpg"",""https://static.yeezyunique.ru/batches/6cb9ff7b-d813-4394-8e73-aeda5d06a8f2/_djtrSxm_6dwhCTXy9BiT5NVkFkKOKMFR--VDO5w_7.jpg"",""https://static.yeezyunique.ru/batches/6cb9ff7b-d813-4394-8e73-aeda5d06a8f2/_djtrSxm_6dwhCTXy9BiT5NVkFkKOKMFR--VDO5w_8.jpg""]";true
_dufrS4lFvEC6t4AXRWzI43WH7_KEV8BrTO7Jx6A;Valentino Туфли;Элегантные туфли с острым мысом и декоративным бантом, ставшие воплощением стиля и утонченности. Модель выполнена из мягкой импортной кожи ягненка с премиальной кожаной подошвой, обеспечивающей комфорт при носке.\n\nРазмеры: 34-40.;23000;h1qgeur5z4m2gph;nzg3vsvajpiv1e8;mect3or5ztq64fc;Для женщин;"[""https://static.yeezyunique.ru/batches/6cb9ff7b-d813-4394-8e73-aeda5d06a8f2/_dufrS4lFvEC6t4AXRWzI43WH7_KEV8BrTO7Jx6A_0.jpg"",""https://static.yeezyunique.ru/batches/6cb9ff7b-d813-4394-8e73-aeda5d06a8f2/_dufrS4lFvEC6t4AXRWzI43WH7_KEV8BrTO7Jx6A_1.jpg"",""https://static.yeezyunique.ru/batches/6cb9ff7b-d813-4394-8e73-aeda5d06a8f2/_dufrS4lFvEC6t4AXRWzI43WH7_KEV8BrTO7Jx6A_2.jpg"",""https://static.yeezyunique.ru/batches/6cb9ff7b-d813-4394-8e73-aeda5d06a8f2/_dufrS4lFvEC6t4AXRWzI43WH7_KEV8BrTO7Jx6A_3.jpg"",""https://static.yeezyunique.ru/batches/6cb9ff7b-d813-4394-8e73-aeda5d06a8f2/_dufrS4lFvEC6t4AXRWzI43WH7_KEV8BrTO7Jx6A_4.jpg"",""https://static.yeezyunique.ru/batches/6cb9ff7b-d813-4394-8e73-aeda5d06a8f2/_dufrS4lFvEC6t4AXRWzI43WH7_KEV8BrTO7Jx6A_5.jpg"",""https://static.yeezyunique.ru/batches/6cb9ff7b-d813-4394-8e73-aeda5d06a8f2/_dufrS4lFvEC6t4AXRWzI43WH7_KEV8BrTO7Jx6A_6.jpg"",""https://static.yeezyunique.ru/batches/6cb9ff7b-d813-4394-8e73-aeda5d06a8f2/_dufrS4lFvEC6t4AXRWzI43WH7_KEV8BrTO7Jx6A_7.jpg"",""https://static.yeezyunique.ru/batches/6cb9ff7b-d813-4394-8e73-aeda5d06a8f2/_dufrS4lFvEC6t4AXRWzI43WH7_KEV8BrTO7Jx6A_8.jpg""]";true
_dqerSOKAcINU8_ISOILntF79q-xmj71neXDVvwg;Valentino Туфли;Элегантные туфли с острым мысом и декоративным бантом, ставшие воплощением стиля и утонченности. Модель выполнена из мягкой импортной кожи ягненка с премиальной кожаной подошвой, обеспечивающей комфорт при носке.\n\nРазмеры: 34-40.;23000;h1qgeur5z4m2gph;nzg3vsvajpiv1e8;mect3or5ztq64fc;Для женщин;"[""https://static.yeezyunique.ru/batches/6cb9ff7b-d813-4394-8e73-aeda5d06a8f2/_dqerSOKAcINU8_ISOILntF79q-xmj71neXDVvwg_0.jpg"",""https://static.yeezyunique.ru/batches/6cb9ff7b-d813-4394-8e73-aeda5d06a8f2/_dqerSOKAcINU8_ISOILntF79q-xmj71neXDVvwg_1.jpg"",""https://static.yeezyunique.ru/batches/6cb9ff7b-d813-4394-8e73-aeda5d06a8f2/_dqerSOKAcINU8_ISOILntF79q-xmj71neXDVvwg_2.jpg"",""https://static.yeezyunique.ru/batches/6cb9ff7b-d813-4394-8e73-aeda5d06a8f2/_dqerSOKAcINU8_ISOILntF79q-xmj71neXDVvwg_3.jpg"",""https://static.yeezyunique.ru/batches/6cb9ff7b-d813-4394-8e73-aeda5d06a8f2/_dqerSOKAcINU8_ISOILntF79q-xmj71neXDVvwg_4.jpg"",""https://static.yeezyunique.ru/batches/6cb9ff7b-d813-4394-8e73-aeda5d06a8f2/_dqerSOKAcINU8_ISOILntF79q-xmj71neXDVvwg_5.jpg"",""https://static.yeezyunique.ru/batches/6cb9ff7b-d813-4394-8e73-aeda5d06a8f2/_dqerSOKAcINU8_ISOILntF79q-xmj71neXDVvwg_6.jpg"",""https://static.yeezyunique.ru/batches/6cb9ff7b-d813-4394-8e73-aeda5d06a8f2/_dqerSOKAcINU8_ISOILntF79q-xmj71neXDVvwg_7.jpg"",""https://static.yeezyunique.ru/batches/6cb9ff7b-d813-4394-8e73-aeda5d06a8f2/_dqerSOKAcINU8_ISOILntF79q-xmj71neXDVvwg_8.jpg""]";true
_dkDrSboqK6lU0nYCLzurrOf2cS61Oc2Hjc3mrzg;Valentino Туфли;Элегантные туфли с острым мысом и декоративным бантом, ставшие воплощением стиля и утонченности. Модель выполнена из мягкой импортной кожи ягненка с премиальной кожаной подошвой, обеспечивающей комфорт при носке.\n\nРазмеры: 34-40.;23000;h1qgeur5z4m2gph;nzg3vsvajpiv1e8;mect3or5ztq64fc;Для женщин;"[""https://static.yeezyunique.ru/batches/6cb9ff7b-d813-4394-8e73-aeda5d06a8f2/_dkDrSboqK6lU0nYCLzurrOf2cS61Oc2Hjc3mrzg_0.jpg"",""https://static.yeezyunique.ru/batches/6cb9ff7b-d813-4394-8e73-aeda5d06a8f2/_dkDrSboqK6lU0nYCLzurrOf2cS61Oc2Hjc3mrzg_1.jpg"",""https://static.yeezyunique.ru/batches/6cb9ff7b-d813-4394-8e73-aeda5d06a8f2/_dkDrSboqK6lU0nYCLzurrOf2cS61Oc2Hjc3mrzg_2.jpg"",""https://static.yeezyunique.ru/batches/6cb9ff7b-d813-4394-8e73-aeda5d06a8f2/_dkDrSboqK6lU0nYCLzurrOf2cS61Oc2Hjc3mrzg_3.jpg"",""https://static.yeezyunique.ru/batches/6cb9ff7b-d813-4394-8e73-aeda5d06a8f2/_dkDrSboqK6lU0nYCLzurrOf2cS61Oc2Hjc3mrzg_4.jpg"",""https://static.yeezyunique.ru/batches/6cb9ff7b-d813-4394-8e73-aeda5d06a8f2/_dkDrSboqK6lU0nYCLzurrOf2cS61Oc2Hjc3mrzg_5.jpg"",""https://static.yeezyunique.ru/batches/6cb9ff7b-d813-4394-8e73-aeda5d06a8f2/_dkDrSboqK6lU0nYCLzurrOf2cS61Oc2Hjc3mrzg_6.jpg"",""https://static.yeezyunique.ru/batches/6cb9ff7b-d813-4394-8e73-aeda5d06a8f2/_dkDrSboqK6lU0nYCLzurrOf2cS61Oc2Hjc3mrzg_7.jpg"",""https://static.yeezyunique.ru/batches/6cb9ff7b-d813-4394-8e73-aeda5d06a8f2/_dkDrSboqK6lU0nYCLzurrOf2cS61Oc2Hjc3mrzg_8.jpg""]";true
_dewrSbHZJFf8Kyvc-T2R4RN__bqX4oAYIJLh9Yg;Valentino Балетки;Элегантные балетки с изящным бантом и заостренным мысом, которые станут идеальным дополнением любого образа. Модель выполнена из мягкой импортной кожи ягненка с премиальной кожаной подошвой итальянского производства.\n\nРазмеры: 34-40.;23000;h1qgeur5z4m2gph;nzg3vsvajpiv1e8;gquuvxk7z0ik5jn;Для женщин;"[""https://static.yeezyunique.ru/batches/6cb9ff7b-d813-4394-8e73-aeda5d06a8f2/_dewrSbHZJFf8Kyvc-T2R4RN__bqX4oAYIJLh9Yg_0.jpg"",""https://static.yeezyunique.ru/batches/6cb9ff7b-d813-4394-8e73-aeda5d06a8f2/_dewrSbHZJFf8Kyvc-T2R4RN__bqX4oAYIJLh9Yg_1.jpg"",""https://static.yeezyunique.ru/batches/6cb9ff7b-d813-4394-8e73-aeda5d06a8f2/_dewrSbHZJFf8Kyvc-T2R4RN__bqX4oAYIJLh9Yg_2.jpg"",""https://static.yeezyunique.ru/batches/6cb9ff7b-d813-4394-8e73-aeda5d06a8f2/_dewrSbHZJFf8Kyvc-T2R4RN__bqX4oAYIJLh9Yg_3.jpg"",""https://static.yeezyunique.ru/batches/6cb9ff7b-d813-4394-8e73-aeda5d06a8f2/_dewrSbHZJFf8Kyvc-T2R4RN__bqX4oAYIJLh9Yg_4.jpg"",""https://static.yeezyunique.ru/batches/6cb9ff7b-d813-4394-8e73-aeda5d06a8f2/_dewrSbHZJFf8Kyvc-T2R4RN__bqX4oAYIJLh9Yg_5.jpg"",""https://static.yeezyunique.ru/batches/6cb9ff7b-d813-4394-8e73-aeda5d06a8f2/_dewrSbHZJFf8Kyvc-T2R4RN__bqX4oAYIJLh9Yg_6.jpg"",""https://static.yeezyunique.ru/batches/6cb9ff7b-d813-4394-8e73-aeda5d06a8f2/_dewrSbHZJFf8Kyvc-T2R4RN__bqX4oAYIJLh9Yg_7.jpg"",""https://static.yeezyunique.ru/batches/6cb9ff7b-d813-4394-8e73-aeda5d06a8f2/_dewrSbHZJFf8Kyvc-T2R4RN__bqX4oAYIJLh9Yg_8.jpg""]";true
_duLrS5eOTQz67mVVsoJYqmqLd2qzYD_h9C3-Vkw;Valentino Балетки;Элегантные балетки с острым мысом, украшенные изящным бантом. Модель выполнена из мягкой импортной кожи ягненка и дополнена премиальной итальянской кожаной подошвой.\n\nРазмеры: 34-40.;23000;h1qgeur5z4m2gph;nzg3vsvajpiv1e8;gquuvxk7z0ik5jn;Для женщин;"[""https://static.yeezyunique.ru/batches/6cb9ff7b-d813-4394-8e73-aeda5d06a8f2/_duLrS5eOTQz67mVVsoJYqmqLd2qzYD_h9C3-Vkw_0.jpg"",""https://static.yeezyunique.ru/batches/6cb9ff7b-d813-4394-8e73-aeda5d06a8f2/_duLrS5eOTQz67mVVsoJYqmqLd2qzYD_h9C3-Vkw_1.jpg"",""https://static.yeezyunique.ru/batches/6cb9ff7b-d813-4394-8e73-aeda5d06a8f2/_duLrS5eOTQz67mVVsoJYqmqLd2qzYD_h9C3-Vkw_2.jpg"",""https://static.yeezyunique.ru/batches/6cb9ff7b-d813-4394-8e73-aeda5d06a8f2/_duLrS5eOTQz67mVVsoJYqmqLd2qzYD_h9C3-Vkw_3.jpg"",""https://static.yeezyunique.ru/batches/6cb9ff7b-d813-4394-8e73-aeda5d06a8f2/_duLrS5eOTQz67mVVsoJYqmqLd2qzYD_h9C3-Vkw_4.jpg"",""https://static.yeezyunique.ru/batches/6cb9ff7b-d813-4394-8e73-aeda5d06a8f2/_duLrS5eOTQz67mVVsoJYqmqLd2qzYD_h9C3-Vkw_5.jpg"",""https://static.yeezyunique.ru/batches/6cb9ff7b-d813-4394-8e73-aeda5d06a8f2/_duLrS5eOTQz67mVVsoJYqmqLd2qzYD_h9C3-Vkw_6.jpg"",""https://static.yeezyunique.ru/batches/6cb9ff7b-d813-4394-8e73-aeda5d06a8f2/_duLrS5eOTQz67mVVsoJYqmqLd2qzYD_h9C3-Vkw_7.jpg"",""https://static.yeezyunique.ru/batches/6cb9ff7b-d813-4394-8e73-aeda5d06a8f2/_duLrS5eOTQz67mVVsoJYqmqLd2qzYD_h9C3-Vkw_8.jpg""]";true
_dw_rSTgpwkv6wZmgFgNVKkP0F37FUrxu9iDt3eA;Valentino Балетки;Элегантные балетки с изящным бантом и заостренным мысом, которые станут идеальным дополнением любого образа. Модель выполнена из мягкой импортной кожи ягненка с премиальной кожаной подошвой итальянского производства.\n\nРазмеры: 34-40.;23000;h1qgeur5z4m2gph;nzg3vsvajpiv1e8;gquuvxk7z0ik5jn;Для женщин;"[""https://static.yeezyunique.ru/batches/6cb9ff7b-d813-4394-8e73-aeda5d06a8f2/_dw_rSTgpwkv6wZmgFgNVKkP0F37FUrxu9iDt3eA_0.jpg"",""https://static.yeezyunique.ru/batches/6cb9ff7b-d813-4394-8e73-aeda5d06a8f2/_dw_rSTgpwkv6wZmgFgNVKkP0F37FUrxu9iDt3eA_1.jpg"",""https://static.yeezyunique.ru/batches/6cb9ff7b-d813-4394-8e73-aeda5d06a8f2/_dw_rSTgpwkv6wZmgFgNVKkP0F37FUrxu9iDt3eA_2.jpg"",""https://static.yeezyunique.ru/batches/6cb9ff7b-d813-4394-8e73-aeda5d06a8f2/_dw_rSTgpwkv6wZmgFgNVKkP0F37FUrxu9iDt3eA_3.jpg"",""https://static.yeezyunique.ru/batches/6cb9ff7b-d813-4394-8e73-aeda5d06a8f2/_dw_rSTgpwkv6wZmgFgNVKkP0F37FUrxu9iDt3eA_4.jpg"",""https://static.yeezyunique.ru/batches/6cb9ff7b-d813-4394-8e73-aeda5d06a8f2/_dw_rSTgpwkv6wZmgFgNVKkP0F37FUrxu9iDt3eA_5.jpg"",""https://static.yeezyunique.ru/batches/6cb9ff7b-d813-4394-8e73-aeda5d06a8f2/_dw_rSTgpwkv6wZmgFgNVKkP0F37FUrxu9iDt3eA_6.jpg"",""https://static.yeezyunique.ru/batches/6cb9ff7b-d813-4394-8e73-aeda5d06a8f2/_dw_rSTgpwkv6wZmgFgNVKkP0F37FUrxu9iDt3eA_7.jpg"",""https://static.yeezyunique.ru/batches/6cb9ff7b-d813-4394-8e73-aeda5d06a8f2/_dw_rSTgpwkv6wZmgFgNVKkP0F37FUrxu9iDt3eA_8.jpg""]";true
_dyTrS2Q05arAHXJ-gB77wB8o6QOeT-Byyzw0amg;Valentino Туфли;Элегантные туфли с заостренным мысом, украшенные фирменным логотипом V. Модель выполнена из мягкой импортной лакированной кожи, обеспечивающей комфорт и безупречный внешний вид.\n\nРазмеры: 35-40.;23000;h1qgeur5z4m2gph;nzg3vsvajpiv1e8;mect3or5ztq64fc;Для женщин;"[""https://static.yeezyunique.ru/batches/6cb9ff7b-d813-4394-8e73-aeda5d06a8f2/_dyTrS2Q05arAHXJ-gB77wB8o6QOeT-Byyzw0amg_0.jpg"",""https://static.yeezyunique.ru/batches/6cb9ff7b-d813-4394-8e73-aeda5d06a8f2/_dyTrS2Q05arAHXJ-gB77wB8o6QOeT-Byyzw0amg_1.jpg"",""https://static.yeezyunique.ru/batches/6cb9ff7b-d813-4394-8e73-aeda5d06a8f2/_dyTrS2Q05arAHXJ-gB77wB8o6QOeT-Byyzw0amg_2.jpg"",""https://static.yeezyunique.ru/batches/6cb9ff7b-d813-4394-8e73-aeda5d06a8f2/_dyTrS2Q05arAHXJ-gB77wB8o6QOeT-Byyzw0amg_3.jpg"",""https://static.yeezyunique.ru/batches/6cb9ff7b-d813-4394-8e73-aeda5d06a8f2/_dyTrS2Q05arAHXJ-gB77wB8o6QOeT-Byyzw0amg_4.jpg"",""https://static.yeezyunique.ru/batches/6cb9ff7b-d813-4394-8e73-aeda5d06a8f2/_dyTrS2Q05arAHXJ-gB77wB8o6QOeT-Byyzw0amg_5.jpg"",""https://static.yeezyunique.ru/batches/6cb9ff7b-d813-4394-8e73-aeda5d06a8f2/_dyTrS2Q05arAHXJ-gB77wB8o6QOeT-Byyzw0amg_6.jpg"",""https://static.yeezyunique.ru/batches/6cb9ff7b-d813-4394-8e73-aeda5d06a8f2/_dyTrS2Q05arAHXJ-gB77wB8o6QOeT-Byyzw0amg_7.jpg"",""https://static.yeezyunique.ru/batches/6cb9ff7b-d813-4394-8e73-aeda5d06a8f2/_dyTrS2Q05arAHXJ-gB77wB8o6QOeT-Byyzw0amg_8.jpg""]";true
_dtPrSHkueh8k1ku4_SV3aUSsZsucDN6z_bS5srw;Valentino Туфли;Элегантные туфли с острым мысом, украшенные фирменным логотипом V. Модель выполнена из мягкой импортной лакированной телячьей кожи, обеспечивающей комфорт и долговечность.\n\nРазмеры: 35-40.;23000;h1qgeur5z4m2gph;nzg3vsvajpiv1e8;mect3or5ztq64fc;Для женщин;"[""https://static.yeezyunique.ru/batches/6cb9ff7b-d813-4394-8e73-aeda5d06a8f2/_dtPrSHkueh8k1ku4_SV3aUSsZsucDN6z_bS5srw_0.jpg"",""https://static.yeezyunique.ru/batches/6cb9ff7b-d813-4394-8e73-aeda5d06a8f2/_dtPrSHkueh8k1ku4_SV3aUSsZsucDN6z_bS5srw_1.jpg"",""https://static.yeezyunique.ru/batches/6cb9ff7b-d813-4394-8e73-aeda5d06a8f2/_dtPrSHkueh8k1ku4_SV3aUSsZsucDN6z_bS5srw_2.jpg"",""https://static.yeezyunique.ru/batches/6cb9ff7b-d813-4394-8e73-aeda5d06a8f2/_dtPrSHkueh8k1ku4_SV3aUSsZsucDN6z_bS5srw_3.jpg"",""https://static.yeezyunique.ru/batches/6cb9ff7b-d813-4394-8e73-aeda5d06a8f2/_dtPrSHkueh8k1ku4_SV3aUSsZsucDN6z_bS5srw_4.jpg"",""https://static.yeezyunique.ru/batches/6cb9ff7b-d813-4394-8e73-aeda5d06a8f2/_dtPrSHkueh8k1ku4_SV3aUSsZsucDN6z_bS5srw_5.jpg"",""https://static.yeezyunique.ru/batches/6cb9ff7b-d813-4394-8e73-aeda5d06a8f2/_dtPrSHkueh8k1ku4_SV3aUSsZsucDN6z_bS5srw_6.jpg"",""https://static.yeezyunique.ru/batches/6cb9ff7b-d813-4394-8e73-aeda5d06a8f2/_dtPrSHkueh8k1ku4_SV3aUSsZsucDN6z_bS5srw_7.jpg"",""https://static.yeezyunique.ru/batches/6cb9ff7b-d813-4394-8e73-aeda5d06a8f2/_dtPrSHkueh8k1ku4_SV3aUSsZsucDN6z_bS5srw_8.jpg""]";true
_doKrSWMiNXTM-CrfU0_aV11uQV7ezHgzZAJWmcA;Valentino Туфли;Элегантные туфли с заостренным мысом, украшенные фирменным логотипом V. Модель выполнена из мягкой импортной лакированной телячьей кожи, обеспечивающей комфорт и долговечность.\n\nРазмеры: 35-40.;23000;h1qgeur5z4m2gph;nzg3vsvajpiv1e8;mect3or5ztq64fc;Для женщин;"[""https://static.yeezyunique.ru/batches/6cb9ff7b-d813-4394-8e73-aeda5d06a8f2/_doKrSWMiNXTM-CrfU0_aV11uQV7ezHgzZAJWmcA_0.jpg"",""https://static.yeezyunique.ru/batches/6cb9ff7b-d813-4394-8e73-aeda5d06a8f2/_doKrSWMiNXTM-CrfU0_aV11uQV7ezHgzZAJWmcA_1.jpg"",""https://static.yeezyunique.ru/batches/6cb9ff7b-d813-4394-8e73-aeda5d06a8f2/_doKrSWMiNXTM-CrfU0_aV11uQV7ezHgzZAJWmcA_2.jpg"",""https://static.yeezyunique.ru/batches/6cb9ff7b-d813-4394-8e73-aeda5d06a8f2/_doKrSWMiNXTM-CrfU0_aV11uQV7ezHgzZAJWmcA_3.jpg"",""https://static.yeezyunique.ru/batches/6cb9ff7b-d813-4394-8e73-aeda5d06a8f2/_doKrSWMiNXTM-CrfU0_aV11uQV7ezHgzZAJWmcA_4.jpg"",""https://static.yeezyunique.ru/batches/6cb9ff7b-d813-4394-8e73-aeda5d06a8f2/_doKrSWMiNXTM-CrfU0_aV11uQV7ezHgzZAJWmcA_5.jpg"",""https://static.yeezyunique.ru/batches/6cb9ff7b-d813-4394-8e73-aeda5d06a8f2/_doKrSWMiNXTM-CrfU0_aV11uQV7ezHgzZAJWmcA_6.jpg"",""https://static.yeezyunique.ru/batches/6cb9ff7b-d813-4394-8e73-aeda5d06a8f2/_doKrSWMiNXTM-CrfU0_aV11uQV7ezHgzZAJWmcA_7.jpg"",""https://static.yeezyunique.ru/batches/6cb9ff7b-d813-4394-8e73-aeda5d06a8f2/_doKrSWMiNXTM-CrfU0_aV11uQV7ezHgzZAJWmcA_8.jpg""]";true
_dqarSsg1jAOp1TYuvScRIVU-ijthjo4DUICEmSA;Valentino Туфли;Элегантные туфли с заостренным мысом, украшенные фирменным логотипом V. Модель выполнена из мягкой импортной лакированной телячьей кожи, обеспечивающей комфорт и безупречный внешний вид.\n\nРазмеры: 35-40.;23000;h1qgeur5z4m2gph;nzg3vsvajpiv1e8;mect3or5ztq64fc;Для женщин;"[""https://static.yeezyunique.ru/batches/6cb9ff7b-d813-4394-8e73-aeda5d06a8f2/_dqarSsg1jAOp1TYuvScRIVU-ijthjo4DUICEmSA_0.jpg"",""https://static.yeezyunique.ru/batches/6cb9ff7b-d813-4394-8e73-aeda5d06a8f2/_dqarSsg1jAOp1TYuvScRIVU-ijthjo4DUICEmSA_1.jpg"",""https://static.yeezyunique.ru/batches/6cb9ff7b-d813-4394-8e73-aeda5d06a8f2/_dqarSsg1jAOp1TYuvScRIVU-ijthjo4DUICEmSA_2.jpg"",""https://static.yeezyunique.ru/batches/6cb9ff7b-d813-4394-8e73-aeda5d06a8f2/_dqarSsg1jAOp1TYuvScRIVU-ijthjo4DUICEmSA_3.jpg"",""https://static.yeezyunique.ru/batches/6cb9ff7b-d813-4394-8e73-aeda5d06a8f2/_dqarSsg1jAOp1TYuvScRIVU-ijthjo4DUICEmSA_4.jpg"",""https://static.yeezyunique.ru/batches/6cb9ff7b-d813-4394-8e73-aeda5d06a8f2/_dqarSsg1jAOp1TYuvScRIVU-ijthjo4DUICEmSA_5.jpg"",""https://static.yeezyunique.ru/batches/6cb9ff7b-d813-4394-8e73-aeda5d06a8f2/_dqarSsg1jAOp1TYuvScRIVU-ijthjo4DUICEmSA_6.jpg"",""https://static.yeezyunique.ru/batches/6cb9ff7b-d813-4394-8e73-aeda5d06a8f2/_dqarSsg1jAOp1TYuvScRIVU-ijthjo4DUICEmSA_7.jpg"",""https://static.yeezyunique.ru/batches/6cb9ff7b-d813-4394-8e73-aeda5d06a8f2/_dqarSsg1jAOp1TYuvScRIVU-ijthjo4DUICEmSA_8.jpg""]";true
_dsUrSSaJ5Hp1upVVzVD4wPFtKPyw4JOZfYFytfw;Valentino Туфли;Элегантные туфли с заостренным мысом, дополненные фирменным логотипом V. Модель выполнена из мягкой импортной лакированной телячьей кожи, обеспечивающей комфорт и долговечность при носке.\n\nРазмеры: 35-40.;23000;h1qgeur5z4m2gph;nzg3vsvajpiv1e8;mect3or5ztq64fc;Для женщин;"[""https://static.yeezyunique.ru/batches/6cb9ff7b-d813-4394-8e73-aeda5d06a8f2/_dsUrSSaJ5Hp1upVVzVD4wPFtKPyw4JOZfYFytfw_0.jpg"",""https://static.yeezyunique.ru/batches/6cb9ff7b-d813-4394-8e73-aeda5d06a8f2/_dsUrSSaJ5Hp1upVVzVD4wPFtKPyw4JOZfYFytfw_1.jpg"",""https://static.yeezyunique.ru/batches/6cb9ff7b-d813-4394-8e73-aeda5d06a8f2/_dsUrSSaJ5Hp1upVVzVD4wPFtKPyw4JOZfYFytfw_2.jpg"",""https://static.yeezyunique.ru/batches/6cb9ff7b-d813-4394-8e73-aeda5d06a8f2/_dsUrSSaJ5Hp1upVVzVD4wPFtKPyw4JOZfYFytfw_3.jpg"",""https://static.yeezyunique.ru/batches/6cb9ff7b-d813-4394-8e73-aeda5d06a8f2/_dsUrSSaJ5Hp1upVVzVD4wPFtKPyw4JOZfYFytfw_4.jpg"",""https://static.yeezyunique.ru/batches/6cb9ff7b-d813-4394-8e73-aeda5d06a8f2/_dsUrSSaJ5Hp1upVVzVD4wPFtKPyw4JOZfYFytfw_5.jpg"",""https://static.yeezyunique.ru/batches/6cb9ff7b-d813-4394-8e73-aeda5d06a8f2/_dsUrSSaJ5Hp1upVVzVD4wPFtKPyw4JOZfYFytfw_6.jpg"",""https://static.yeezyunique.ru/batches/6cb9ff7b-d813-4394-8e73-aeda5d06a8f2/_dsUrSSaJ5Hp1upVVzVD4wPFtKPyw4JOZfYFytfw_7.jpg"",""https://static.yeezyunique.ru/batches/6cb9ff7b-d813-4394-8e73-aeda5d06a8f2/_dsUrSSaJ5Hp1upVVzVD4wPFtKPyw4JOZfYFytfw_8.jpg""]";true
_dsCrSwPtzNLYpO-QLpiw7POKCaMnlh6arO_EVxA;Chanel Лоферы;Уютные лоферы из зимней коллекции, выполненные из премиальной итальянской замши. Модель украшена фирменным логотипом и дополнена подкладкой из мягкой тосканской овчины для исключительного тепла и комфорта в холодное время года.\n\nРазмеры: 35-41.;23000;3wxtez8ckauz7o1;nzg3vsvajpiv1e8;4pxynbc4fqy6aiu;Для женщин;"[""https://static.yeezyunique.ru/batches/6cb9ff7b-d813-4394-8e73-aeda5d06a8f2/_dsCrSwPtzNLYpO-QLpiw7POKCaMnlh6arO_EVxA_0.jpg"",""https://static.yeezyunique.ru/batches/6cb9ff7b-d813-4394-8e73-aeda5d06a8f2/_dsCrSwPtzNLYpO-QLpiw7POKCaMnlh6arO_EVxA_1.jpg"",""https://static.yeezyunique.ru/batches/6cb9ff7b-d813-4394-8e73-aeda5d06a8f2/_dsCrSwPtzNLYpO-QLpiw7POKCaMnlh6arO_EVxA_2.jpg"",""https://static.yeezyunique.ru/batches/6cb9ff7b-d813-4394-8e73-aeda5d06a8f2/_dsCrSwPtzNLYpO-QLpiw7POKCaMnlh6arO_EVxA_3.jpg"",""https://static.yeezyunique.ru/batches/6cb9ff7b-d813-4394-8e73-aeda5d06a8f2/_dsCrSwPtzNLYpO-QLpiw7POKCaMnlh6arO_EVxA_4.jpg"",""https://static.yeezyunique.ru/batches/6cb9ff7b-d813-4394-8e73-aeda5d06a8f2/_dsCrSwPtzNLYpO-QLpiw7POKCaMnlh6arO_EVxA_5.jpg"",""https://static.yeezyunique.ru/batches/6cb9ff7b-d813-4394-8e73-aeda5d06a8f2/_dsCrSwPtzNLYpO-QLpiw7POKCaMnlh6arO_EVxA_6.jpg"",""https://static.yeezyunique.ru/batches/6cb9ff7b-d813-4394-8e73-aeda5d06a8f2/_dsCrSwPtzNLYpO-QLpiw7POKCaMnlh6arO_EVxA_7.jpg"",""https://static.yeezyunique.ru/batches/6cb9ff7b-d813-4394-8e73-aeda5d06a8f2/_dsCrSwPtzNLYpO-QLpiw7POKCaMnlh6arO_EVxA_8.jpg""]";true
_daorSYn_6KFcs2y9xcAQMTfbfaCjc0m1XsPlvsw;Dior Кеды;Классические кеды от Dior с эффектным рельефным узором на поверхности, который придает модели утонченность и стиль. Утолщенная подошва визуально удлиняет ноги и обеспечивает комфорт при повседневной носке.\n\nРазмеры: 35-40.;23000;ivacgwvpdne0t35;nzg3vsvajpiv1e8;owi4kqmgzy4veqz;Для женщин;"[""https://static.yeezyunique.ru/batches/6cb9ff7b-d813-4394-8e73-aeda5d06a8f2/_daorSYn_6KFcs2y9xcAQMTfbfaCjc0m1XsPlvsw_0.jpg"",""https://static.yeezyunique.ru/batches/6cb9ff7b-d813-4394-8e73-aeda5d06a8f2/_daorSYn_6KFcs2y9xcAQMTfbfaCjc0m1XsPlvsw_1.jpg"",""https://static.yeezyunique.ru/batches/6cb9ff7b-d813-4394-8e73-aeda5d06a8f2/_daorSYn_6KFcs2y9xcAQMTfbfaCjc0m1XsPlvsw_2.jpg"",""https://static.yeezyunique.ru/batches/6cb9ff7b-d813-4394-8e73-aeda5d06a8f2/_daorSYn_6KFcs2y9xcAQMTfbfaCjc0m1XsPlvsw_3.jpg"",""https://static.yeezyunique.ru/batches/6cb9ff7b-d813-4394-8e73-aeda5d06a8f2/_daorSYn_6KFcs2y9xcAQMTfbfaCjc0m1XsPlvsw_4.jpg"",""https://static.yeezyunique.ru/batches/6cb9ff7b-d813-4394-8e73-aeda5d06a8f2/_daorSYn_6KFcs2y9xcAQMTfbfaCjc0m1XsPlvsw_5.jpg"",""https://static.yeezyunique.ru/batches/6cb9ff7b-d813-4394-8e73-aeda5d06a8f2/_daorSYn_6KFcs2y9xcAQMTfbfaCjc0m1XsPlvsw_6.jpg"",""https://static.yeezyunique.ru/batches/6cb9ff7b-d813-4394-8e73-aeda5d06a8f2/_daorSYn_6KFcs2y9xcAQMTfbfaCjc0m1XsPlvsw_7.jpg"",""https://static.yeezyunique.ru/batches/6cb9ff7b-d813-4394-8e73-aeda5d06a8f2/_daorSYn_6KFcs2y9xcAQMTfbfaCjc0m1XsPlvsw_8.jpg""]";true
_dpdrSkrufp69L3-D75S5iTeT9PukX8AFWQkIiLw;Dior Кеды;Классические кеды Dior с эффектным рельефным узором на поверхности, который придает модели утонченный вид. Дизайн с высокой подошвой визуально удлиняет ноги и обеспечивает комфорт в повседневной носке.\n\nРазмеры: 35-40.;23000;ivacgwvpdne0t35;nzg3vsvajpiv1e8;owi4kqmgzy4veqz;Для женщин;"[""https://static.yeezyunique.ru/batches/6cb9ff7b-d813-4394-8e73-aeda5d06a8f2/_dpdrSkrufp69L3-D75S5iTeT9PukX8AFWQkIiLw_0.jpg"",""https://static.yeezyunique.ru/batches/6cb9ff7b-d813-4394-8e73-aeda5d06a8f2/_dpdrSkrufp69L3-D75S5iTeT9PukX8AFWQkIiLw_1.jpg"",""https://static.yeezyunique.ru/batches/6cb9ff7b-d813-4394-8e73-aeda5d06a8f2/_dpdrSkrufp69L3-D75S5iTeT9PukX8AFWQkIiLw_2.jpg"",""https://static.yeezyunique.ru/batches/6cb9ff7b-d813-4394-8e73-aeda5d06a8f2/_dpdrSkrufp69L3-D75S5iTeT9PukX8AFWQkIiLw_3.jpg"",""https://static.yeezyunique.ru/batches/6cb9ff7b-d813-4394-8e73-aeda5d06a8f2/_dpdrSkrufp69L3-D75S5iTeT9PukX8AFWQkIiLw_4.jpg"",""https://static.yeezyunique.ru/batches/6cb9ff7b-d813-4394-8e73-aeda5d06a8f2/_dpdrSkrufp69L3-D75S5iTeT9PukX8AFWQkIiLw_5.jpg"",""https://static.yeezyunique.ru/batches/6cb9ff7b-d813-4394-8e73-aeda5d06a8f2/_dpdrSkrufp69L3-D75S5iTeT9PukX8AFWQkIiLw_6.jpg"",""https://static.yeezyunique.ru/batches/6cb9ff7b-d813-4394-8e73-aeda5d06a8f2/_dpdrSkrufp69L3-D75S5iTeT9PukX8AFWQkIiLw_7.jpg"",""https://static.yeezyunique.ru/batches/6cb9ff7b-d813-4394-8e73-aeda5d06a8f2/_dpdrSkrufp69L3-D75S5iTeT9PukX8AFWQkIiLw_8.jpg""]";true
_dhErSY54uwADCFpGup2xbr5sppIauhL6SP47iIQ;Dior Кеды;Классические кеды Dior с элегантным дизайном, который остается актуальным на протяжении долгого времени. Модель выполнена с использованием техники рельефного тиснения, придающей верху выразительную фактуру, а массивная подошва визуально удлиняет ноги.\n\nРазмеры: 35-40.;23000;ivacgwvpdne0t35;nzg3vsvajpiv1e8;owi4kqmgzy4veqz;Для женщин;"[""https://static.yeezyunique.ru/batches/6cb9ff7b-d813-4394-8e73-aeda5d06a8f2/_dhErSY54uwADCFpGup2xbr5sppIauhL6SP47iIQ_0.jpg"",""https://static.yeezyunique.ru/batches/6cb9ff7b-d813-4394-8e73-aeda5d06a8f2/_dhErSY54uwADCFpGup2xbr5sppIauhL6SP47iIQ_1.jpg"",""https://static.yeezyunique.ru/batches/6cb9ff7b-d813-4394-8e73-aeda5d06a8f2/_dhErSY54uwADCFpGup2xbr5sppIauhL6SP47iIQ_2.jpg"",""https://static.yeezyunique.ru/batches/6cb9ff7b-d813-4394-8e73-aeda5d06a8f2/_dhErSY54uwADCFpGup2xbr5sppIauhL6SP47iIQ_3.jpg"",""https://static.yeezyunique.ru/batches/6cb9ff7b-d813-4394-8e73-aeda5d06a8f2/_dhErSY54uwADCFpGup2xbr5sppIauhL6SP47iIQ_4.jpg"",""https://static.yeezyunique.ru/batches/6cb9ff7b-d813-4394-8e73-aeda5d06a8f2/_dhErSY54uwADCFpGup2xbr5sppIauhL6SP47iIQ_5.jpg"",""https://static.yeezyunique.ru/batches/6cb9ff7b-d813-4394-8e73-aeda5d06a8f2/_dhErSY54uwADCFpGup2xbr5sppIauhL6SP47iIQ_6.jpg"",""https://static.yeezyunique.ru/batches/6cb9ff7b-d813-4394-8e73-aeda5d06a8f2/_dhErSY54uwADCFpGup2xbr5sppIauhL6SP47iIQ_7.jpg"",""https://static.yeezyunique.ru/batches/6cb9ff7b-d813-4394-8e73-aeda5d06a8f2/_dhErSY54uwADCFpGup2xbr5sppIauhL6SP47iIQ_8.jpg""]";true
_dqErS6f9aNEhbDz7qKYw-hKyBRV6GGcrl4AdfKg;Dior Кеды;Классические кеды Dior с изысканным рельефным узором, который придает модели особую выразительность. Дизайн с высокой подошвой визуально удлиняет ноги и обеспечивает комфорт в повседневной носке.\n\nРазмеры: 35-40.;23000;ivacgwvpdne0t35;nzg3vsvajpiv1e8;owi4kqmgzy4veqz;Для женщин;"[""https://static.yeezyunique.ru/batches/6cb9ff7b-d813-4394-8e73-aeda5d06a8f2/_dqErS6f9aNEhbDz7qKYw-hKyBRV6GGcrl4AdfKg_0.jpg"",""https://static.yeezyunique.ru/batches/6cb9ff7b-d813-4394-8e73-aeda5d06a8f2/_dqErS6f9aNEhbDz7qKYw-hKyBRV6GGcrl4AdfKg_1.jpg"",""https://static.yeezyunique.ru/batches/6cb9ff7b-d813-4394-8e73-aeda5d06a8f2/_dqErS6f9aNEhbDz7qKYw-hKyBRV6GGcrl4AdfKg_2.jpg"",""https://static.yeezyunique.ru/batches/6cb9ff7b-d813-4394-8e73-aeda5d06a8f2/_dqErS6f9aNEhbDz7qKYw-hKyBRV6GGcrl4AdfKg_3.jpg"",""https://static.yeezyunique.ru/batches/6cb9ff7b-d813-4394-8e73-aeda5d06a8f2/_dqErS6f9aNEhbDz7qKYw-hKyBRV6GGcrl4AdfKg_4.jpg"",""https://static.yeezyunique.ru/batches/6cb9ff7b-d813-4394-8e73-aeda5d06a8f2/_dqErS6f9aNEhbDz7qKYw-hKyBRV6GGcrl4AdfKg_5.jpg"",""https://static.yeezyunique.ru/batches/6cb9ff7b-d813-4394-8e73-aeda5d06a8f2/_dqErS6f9aNEhbDz7qKYw-hKyBRV6GGcrl4AdfKg_6.jpg"",""https://static.yeezyunique.ru/batches/6cb9ff7b-d813-4394-8e73-aeda5d06a8f2/_dqErS6f9aNEhbDz7qKYw-hKyBRV6GGcrl4AdfKg_7.jpg"",""https://static.yeezyunique.ru/batches/6cb9ff7b-d813-4394-8e73-aeda5d06a8f2/_dqErS6f9aNEhbDz7qKYw-hKyBRV6GGcrl4AdfKg_8.jpg""]";true
_diprSSc-9vvbQoUM15XuT2bUg7xd8B-aUJeTsAw;Dior Кеды;Классические кеды Dior, выполненные из высококачественного импортного текстиля. Модель дополнена стелькой из мягкой натуральной кожи теленка и прочной подошвой из TPU для максимального комфорта при повседневной носке.\n\nРазмеры: 35-40.;23000;ivacgwvpdne0t35;nzg3vsvajpiv1e8;owi4kqmgzy4veqz;Для женщин;"[""https://static.yeezyunique.ru/batches/6cb9ff7b-d813-4394-8e73-aeda5d06a8f2/_diprSSc-9vvbQoUM15XuT2bUg7xd8B-aUJeTsAw_0.jpg"",""https://static.yeezyunique.ru/batches/6cb9ff7b-d813-4394-8e73-aeda5d06a8f2/_diprSSc-9vvbQoUM15XuT2bUg7xd8B-aUJeTsAw_1.jpg"",""https://static.yeezyunique.ru/batches/6cb9ff7b-d813-4394-8e73-aeda5d06a8f2/_diprSSc-9vvbQoUM15XuT2bUg7xd8B-aUJeTsAw_2.jpg"",""https://static.yeezyunique.ru/batches/6cb9ff7b-d813-4394-8e73-aeda5d06a8f2/_diprSSc-9vvbQoUM15XuT2bUg7xd8B-aUJeTsAw_3.jpg"",""https://static.yeezyunique.ru/batches/6cb9ff7b-d813-4394-8e73-aeda5d06a8f2/_diprSSc-9vvbQoUM15XuT2bUg7xd8B-aUJeTsAw_4.jpg"",""https://static.yeezyunique.ru/batches/6cb9ff7b-d813-4394-8e73-aeda5d06a8f2/_diprSSc-9vvbQoUM15XuT2bUg7xd8B-aUJeTsAw_5.jpg"",""https://static.yeezyunique.ru/batches/6cb9ff7b-d813-4394-8e73-aeda5d06a8f2/_diprSSc-9vvbQoUM15XuT2bUg7xd8B-aUJeTsAw_6.jpg"",""https://static.yeezyunique.ru/batches/6cb9ff7b-d813-4394-8e73-aeda5d06a8f2/_diprSSc-9vvbQoUM15XuT2bUg7xd8B-aUJeTsAw_7.jpg"",""https://static.yeezyunique.ru/batches/6cb9ff7b-d813-4394-8e73-aeda5d06a8f2/_diprSSc-9vvbQoUM15XuT2bUg7xd8B-aUJeTsAw_8.jpg""]";true
_dnDrSAEKIxf1E5PaMsctIbxpipFjPvQ_lXtMyhQ;Dior Кеды;Классические кеды Dior, выполненные из высококачественного импортного текстиля. Модель дополнена стелькой из мягкой натуральной кожи теленка и прочной подошвой из TPU для максимального комфорта при повседневной носке.\n\nРазмеры: 35-40.;23000;ivacgwvpdne0t35;nzg3vsvajpiv1e8;owi4kqmgzy4veqz;Для женщин;"[""https://static.yeezyunique.ru/batches/6cb9ff7b-d813-4394-8e73-aeda5d06a8f2/_dnDrSAEKIxf1E5PaMsctIbxpipFjPvQ_lXtMyhQ_0.jpg"",""https://static.yeezyunique.ru/batches/6cb9ff7b-d813-4394-8e73-aeda5d06a8f2/_dnDrSAEKIxf1E5PaMsctIbxpipFjPvQ_lXtMyhQ_1.jpg"",""https://static.yeezyunique.ru/batches/6cb9ff7b-d813-4394-8e73-aeda5d06a8f2/_dnDrSAEKIxf1E5PaMsctIbxpipFjPvQ_lXtMyhQ_2.jpg"",""https://static.yeezyunique.ru/batches/6cb9ff7b-d813-4394-8e73-aeda5d06a8f2/_dnDrSAEKIxf1E5PaMsctIbxpipFjPvQ_lXtMyhQ_3.jpg"",""https://static.yeezyunique.ru/batches/6cb9ff7b-d813-4394-8e73-aeda5d06a8f2/_dnDrSAEKIxf1E5PaMsctIbxpipFjPvQ_lXtMyhQ_4.jpg"",""https://static.yeezyunique.ru/batches/6cb9ff7b-d813-4394-8e73-aeda5d06a8f2/_dnDrSAEKIxf1E5PaMsctIbxpipFjPvQ_lXtMyhQ_5.jpg"",""https://static.yeezyunique.ru/batches/6cb9ff7b-d813-4394-8e73-aeda5d06a8f2/_dnDrSAEKIxf1E5PaMsctIbxpipFjPvQ_lXtMyhQ_6.jpg"",""https://static.yeezyunique.ru/batches/6cb9ff7b-d813-4394-8e73-aeda5d06a8f2/_dnDrSAEKIxf1E5PaMsctIbxpipFjPvQ_lXtMyhQ_7.jpg"",""https://static.yeezyunique.ru/batches/6cb9ff7b-d813-4394-8e73-aeda5d06a8f2/_dnDrSAEKIxf1E5PaMsctIbxpipFjPvQ_lXtMyhQ_8.jpg""]";true
_dvQrSsNApXGWmPoPBsF1kzgX-I1U8kf1jxFtX1Q;Dior Кеды;Классические кеды Dior с возможностью ношения как слипоны благодаря складной пятке. Модель выполнена из прочного канваса с отделкой из премиальной импортной замши на пятке, которая предотвращает натирание и обеспечивает долговечность.\n\nРазмеры: 35-40.;23000;ivacgwvpdne0t35;nzg3vsvajpiv1e8;owi4kqmgzy4veqz;Для женщин;"[""https://static.yeezyunique.ru/batches/6cb9ff7b-d813-4394-8e73-aeda5d06a8f2/_dvQrSsNApXGWmPoPBsF1kzgX-I1U8kf1jxFtX1Q_0.jpg"",""https://static.yeezyunique.ru/batches/6cb9ff7b-d813-4394-8e73-aeda5d06a8f2/_dvQrSsNApXGWmPoPBsF1kzgX-I1U8kf1jxFtX1Q_1.jpg"",""https://static.yeezyunique.ru/batches/6cb9ff7b-d813-4394-8e73-aeda5d06a8f2/_dvQrSsNApXGWmPoPBsF1kzgX-I1U8kf1jxFtX1Q_2.jpg"",""https://static.yeezyunique.ru/batches/6cb9ff7b-d813-4394-8e73-aeda5d06a8f2/_dvQrSsNApXGWmPoPBsF1kzgX-I1U8kf1jxFtX1Q_3.jpg"",""https://static.yeezyunique.ru/batches/6cb9ff7b-d813-4394-8e73-aeda5d06a8f2/_dvQrSsNApXGWmPoPBsF1kzgX-I1U8kf1jxFtX1Q_4.jpg"",""https://static.yeezyunique.ru/batches/6cb9ff7b-d813-4394-8e73-aeda5d06a8f2/_dvQrSsNApXGWmPoPBsF1kzgX-I1U8kf1jxFtX1Q_5.jpg"",""https://static.yeezyunique.ru/batches/6cb9ff7b-d813-4394-8e73-aeda5d06a8f2/_dvQrSsNApXGWmPoPBsF1kzgX-I1U8kf1jxFtX1Q_6.jpg"",""https://static.yeezyunique.ru/batches/6cb9ff7b-d813-4394-8e73-aeda5d06a8f2/_dvQrSsNApXGWmPoPBsF1kzgX-I1U8kf1jxFtX1Q_7.jpg"",""https://static.yeezyunique.ru/batches/6cb9ff7b-d813-4394-8e73-aeda5d06a8f2/_dvQrSsNApXGWmPoPBsF1kzgX-I1U8kf1jxFtX1Q_8.jpg""]";true
_dkDrSboqK6lM1mIGKzOroPPiVTqZOc2Hjc3mrzg;Dior Кеды;Классические кеды Dior с возможностью ношения как слипоны благодаря складной пятке. Модель выполнена из прочного канваса с отделкой из премиальной импортной замши на заднике, которая предотвращает натирание и обеспечивает долговечность.\n\nРазмеры: 35-40.;23000;ivacgwvpdne0t35;nzg3vsvajpiv1e8;owi4kqmgzy4veqz;Для женщин;"[""https://static.yeezyunique.ru/batches/6cb9ff7b-d813-4394-8e73-aeda5d06a8f2/_dkDrSboqK6lM1mIGKzOroPPiVTqZOc2Hjc3mrzg_0.jpg"",""https://static.yeezyunique.ru/batches/6cb9ff7b-d813-4394-8e73-aeda5d06a8f2/_dkDrSboqK6lM1mIGKzOroPPiVTqZOc2Hjc3mrzg_1.jpg"",""https://static.yeezyunique.ru/batches/6cb9ff7b-d813-4394-8e73-aeda5d06a8f2/_dkDrSboqK6lM1mIGKzOroPPiVTqZOc2Hjc3mrzg_2.jpg"",""https://static.yeezyunique.ru/batches/6cb9ff7b-d813-4394-8e73-aeda5d06a8f2/_dkDrSboqK6lM1mIGKzOroPPiVTqZOc2Hjc3mrzg_3.jpg"",""https://static.yeezyunique.ru/batches/6cb9ff7b-d813-4394-8e73-aeda5d06a8f2/_dkDrSboqK6lM1mIGKzOroPPiVTqZOc2Hjc3mrzg_4.jpg"",""https://static.yeezyunique.ru/batches/6cb9ff7b-d813-4394-8e73-aeda5d06a8f2/_dkDrSboqK6lM1mIGKzOroPPiVTqZOc2Hjc3mrzg_5.jpg"",""https://static.yeezyunique.ru/batches/6cb9ff7b-d813-4394-8e73-aeda5d06a8f2/_dkDrSboqK6lM1mIGKzOroPPiVTqZOc2Hjc3mrzg_6.jpg"",""https://static.yeezyunique.ru/batches/6cb9ff7b-d813-4394-8e73-aeda5d06a8f2/_dkDrSboqK6lM1mIGKzOroPPiVTqZOc2Hjc3mrzg_7.jpg"",""https://static.yeezyunique.ru/batches/6cb9ff7b-d813-4394-8e73-aeda5d06a8f2/_dkDrSboqK6lM1mIGKzOroPPiVTqZOc2Hjc3mrzg_8.jpg""]";true
_dxUrSKb6-46hCiNK829Z3n6mfjxhxnxbouCGPtg;Dior Кеды;Классические кеды Dior с возможностью ношения как слипоны благодаря складной пятке. Модель выполнена из прочного канваса с отделкой из премиальной импортной замши на заднике, которая предотвращает натирание и обеспечивает долговечность.\n\nРазмеры: 35-40.;23000;ivacgwvpdne0t35;nzg3vsvajpiv1e8;owi4kqmgzy4veqz;Для женщин;"[""https://static.yeezyunique.ru/batches/6cb9ff7b-d813-4394-8e73-aeda5d06a8f2/_dxUrSKb6-46hCiNK829Z3n6mfjxhxnxbouCGPtg_0.jpg"",""https://static.yeezyunique.ru/batches/6cb9ff7b-d813-4394-8e73-aeda5d06a8f2/_dxUrSKb6-46hCiNK829Z3n6mfjxhxnxbouCGPtg_1.jpg"",""https://static.yeezyunique.ru/batches/6cb9ff7b-d813-4394-8e73-aeda5d06a8f2/_dxUrSKb6-46hCiNK829Z3n6mfjxhxnxbouCGPtg_2.jpg"",""https://static.yeezyunique.ru/batches/6cb9ff7b-d813-4394-8e73-aeda5d06a8f2/_dxUrSKb6-46hCiNK829Z3n6mfjxhxnxbouCGPtg_3.jpg"",""https://static.yeezyunique.ru/batches/6cb9ff7b-d813-4394-8e73-aeda5d06a8f2/_dxUrSKb6-46hCiNK829Z3n6mfjxhxnxbouCGPtg_4.jpg"",""https://static.yeezyunique.ru/batches/6cb9ff7b-d813-4394-8e73-aeda5d06a8f2/_dxUrSKb6-46hCiNK829Z3n6mfjxhxnxbouCGPtg_5.jpg"",""https://static.yeezyunique.ru/batches/6cb9ff7b-d813-4394-8e73-aeda5d06a8f2/_dxUrSKb6-46hCiNK829Z3n6mfjxhxnxbouCGPtg_6.jpg"",""https://static.yeezyunique.ru/batches/6cb9ff7b-d813-4394-8e73-aeda5d06a8f2/_dxUrSKb6-46hCiNK829Z3n6mfjxhxnxbouCGPtg_7.jpg"",""https://static.yeezyunique.ru/batches/6cb9ff7b-d813-4394-8e73-aeda5d06a8f2/_dxUrSKb6-46hCiNK829Z3n6mfjxhxnxbouCGPtg_8.jpg""]";true
_dkarSWNBiSjHrTwEsx33Lr8BcupNTK_JhnZHybQ;Dior Кеды;Классические кеды Dior с возможностью ношения как слипоны благодаря складной пятке. Модель выполнена из прочного канваса с отделкой из премиальной импортной замши на заднике, которая предотвращает натирание и обеспечивает долговечность.\n\nРазмеры: 35-40.;23000;ivacgwvpdne0t35;nzg3vsvajpiv1e8;owi4kqmgzy4veqz;Для женщин;"[""https://static.yeezyunique.ru/batches/6cb9ff7b-d813-4394-8e73-aeda5d06a8f2/_dkarSWNBiSjHrTwEsx33Lr8BcupNTK_JhnZHybQ_0.jpg"",""https://static.yeezyunique.ru/batches/6cb9ff7b-d813-4394-8e73-aeda5d06a8f2/_dkarSWNBiSjHrTwEsx33Lr8BcupNTK_JhnZHybQ_1.jpg"",""https://static.yeezyunique.ru/batches/6cb9ff7b-d813-4394-8e73-aeda5d06a8f2/_dkarSWNBiSjHrTwEsx33Lr8BcupNTK_JhnZHybQ_2.jpg"",""https://static.yeezyunique.ru/batches/6cb9ff7b-d813-4394-8e73-aeda5d06a8f2/_dkarSWNBiSjHrTwEsx33Lr8BcupNTK_JhnZHybQ_3.jpg"",""https://static.yeezyunique.ru/batches/6cb9ff7b-d813-4394-8e73-aeda5d06a8f2/_dkarSWNBiSjHrTwEsx33Lr8BcupNTK_JhnZHybQ_4.jpg"",""https://static.yeezyunique.ru/batches/6cb9ff7b-d813-4394-8e73-aeda5d06a8f2/_dkarSWNBiSjHrTwEsx33Lr8BcupNTK_JhnZHybQ_5.jpg"",""https://static.yeezyunique.ru/batches/6cb9ff7b-d813-4394-8e73-aeda5d06a8f2/_dkarSWNBiSjHrTwEsx33Lr8BcupNTK_JhnZHybQ_6.jpg"",""https://static.yeezyunique.ru/batches/6cb9ff7b-d813-4394-8e73-aeda5d06a8f2/_dkarSWNBiSjHrTwEsx33Lr8BcupNTK_JhnZHybQ_7.jpg"",""https://static.yeezyunique.ru/batches/6cb9ff7b-d813-4394-8e73-aeda5d06a8f2/_dkarSWNBiSjHrTwEsx33Lr8BcupNTK_JhnZHybQ_8.jpg""]";true
_dbzrSD5sQuzmPEbKb3biJTRTprMwaTnDxXrG8pg;Dior Кеды;Стильные кеды на платформе с изысканной вышивкой, создающей эффектный объемный узор. Модель визуально удлиняет ноги и обеспечивает комфорт благодаря продуманной конструкции подошвы.\n\nРазмеры: 35-40.;23000;ivacgwvpdne0t35;nzg3vsvajpiv1e8;owi4kqmgzy4veqz;Для женщин;"[""https://static.yeezyunique.ru/batches/6cb9ff7b-d813-4394-8e73-aeda5d06a8f2/_dbzrSD5sQuzmPEbKb3biJTRTprMwaTnDxXrG8pg_0.jpg"",""https://static.yeezyunique.ru/batches/6cb9ff7b-d813-4394-8e73-aeda5d06a8f2/_dbzrSD5sQuzmPEbKb3biJTRTprMwaTnDxXrG8pg_1.jpg"",""https://static.yeezyunique.ru/batches/6cb9ff7b-d813-4394-8e73-aeda5d06a8f2/_dbzrSD5sQuzmPEbKb3biJTRTprMwaTnDxXrG8pg_2.jpg"",""https://static.yeezyunique.ru/batches/6cb9ff7b-d813-4394-8e73-aeda5d06a8f2/_dbzrSD5sQuzmPEbKb3biJTRTprMwaTnDxXrG8pg_3.jpg"",""https://static.yeezyunique.ru/batches/6cb9ff7b-d813-4394-8e73-aeda5d06a8f2/_dbzrSD5sQuzmPEbKb3biJTRTprMwaTnDxXrG8pg_4.jpg"",""https://static.yeezyunique.ru/batches/6cb9ff7b-d813-4394-8e73-aeda5d06a8f2/_dbzrSD5sQuzmPEbKb3biJTRTprMwaTnDxXrG8pg_5.jpg"",""https://static.yeezyunique.ru/batches/6cb9ff7b-d813-4394-8e73-aeda5d06a8f2/_dbzrSD5sQuzmPEbKb3biJTRTprMwaTnDxXrG8pg_6.jpg"",""https://static.yeezyunique.ru/batches/6cb9ff7b-d813-4394-8e73-aeda5d06a8f2/_dbzrSD5sQuzmPEbKb3biJTRTprMwaTnDxXrG8pg_7.jpg"",""https://static.yeezyunique.ru/batches/6cb9ff7b-d813-4394-8e73-aeda5d06a8f2/_dbzrSD5sQuzmPEbKb3biJTRTprMwaTnDxXrG8pg_8.jpg""]";true
_dw-rSHMywbW4PloocXjM82I9dBpp_81avaPvyHw;Dior Кеды;Стильные кеды на платформе с изысканной вышивкой, создающей эффектный объемный узор. Модель визуально удлиняет ноги и обеспечивает комфорт благодаря продуманной конструкции подошвы.\n\nРазмеры: 35-40.;23000;ivacgwvpdne0t35;nzg3vsvajpiv1e8;owi4kqmgzy4veqz;Для женщин;"[""https://static.yeezyunique.ru/batches/6cb9ff7b-d813-4394-8e73-aeda5d06a8f2/_dw-rSHMywbW4PloocXjM82I9dBpp_81avaPvyHw_0.jpg"",""https://static.yeezyunique.ru/batches/6cb9ff7b-d813-4394-8e73-aeda5d06a8f2/_dw-rSHMywbW4PloocXjM82I9dBpp_81avaPvyHw_1.jpg"",""https://static.yeezyunique.ru/batches/6cb9ff7b-d813-4394-8e73-aeda5d06a8f2/_dw-rSHMywbW4PloocXjM82I9dBpp_81avaPvyHw_2.jpg"",""https://static.yeezyunique.ru/batches/6cb9ff7b-d813-4394-8e73-aeda5d06a8f2/_dw-rSHMywbW4PloocXjM82I9dBpp_81avaPvyHw_3.jpg"",""https://static.yeezyunique.ru/batches/6cb9ff7b-d813-4394-8e73-aeda5d06a8f2/_dw-rSHMywbW4PloocXjM82I9dBpp_81avaPvyHw_4.jpg"",""https://static.yeezyunique.ru/batches/6cb9ff7b-d813-4394-8e73-aeda5d06a8f2/_dw-rSHMywbW4PloocXjM82I9dBpp_81avaPvyHw_5.jpg"",""https://static.yeezyunique.ru/batches/6cb9ff7b-d813-4394-8e73-aeda5d06a8f2/_dw-rSHMywbW4PloocXjM82I9dBpp_81avaPvyHw_6.jpg"",""https://static.yeezyunique.ru/batches/6cb9ff7b-d813-4394-8e73-aeda5d06a8f2/_dw-rSHMywbW4PloocXjM82I9dBpp_81avaPvyHw_7.jpg"",""https://static.yeezyunique.ru/batches/6cb9ff7b-d813-4394-8e73-aeda5d06a8f2/_dw-rSHMywbW4PloocXjM82I9dBpp_81avaPvyHw_8.jpg""]";true
_derrSXx4dnj8ZRbWEqh-iDv_7mJ5IOdOo3olFPg;Chanel Туфли;Легендарные туфли Chanel с узнаваемым дизайном, ставшим эталоном стиля. Модель выполнена из премиальных материалов с мягкой и нежной текстурой кожи, дополнена высококачественной подошвой из натуральной кожи.\n\nРазмеры: 35-41.;23000;3wxtez8ckauz7o1;nzg3vsvajpiv1e8;mect3or5ztq64fc;Для женщин;"[""https://static.yeezyunique.ru/batches/6cb9ff7b-d813-4394-8e73-aeda5d06a8f2/_derrSXx4dnj8ZRbWEqh-iDv_7mJ5IOdOo3olFPg_0.jpg"",""https://static.yeezyunique.ru/batches/6cb9ff7b-d813-4394-8e73-aeda5d06a8f2/_derrSXx4dnj8ZRbWEqh-iDv_7mJ5IOdOo3olFPg_1.jpg"",""https://static.yeezyunique.ru/batches/6cb9ff7b-d813-4394-8e73-aeda5d06a8f2/_derrSXx4dnj8ZRbWEqh-iDv_7mJ5IOdOo3olFPg_2.jpg"",""https://static.yeezyunique.ru/batches/6cb9ff7b-d813-4394-8e73-aeda5d06a8f2/_derrSXx4dnj8ZRbWEqh-iDv_7mJ5IOdOo3olFPg_3.jpg"",""https://static.yeezyunique.ru/batches/6cb9ff7b-d813-4394-8e73-aeda5d06a8f2/_derrSXx4dnj8ZRbWEqh-iDv_7mJ5IOdOo3olFPg_4.jpg"",""https://static.yeezyunique.ru/batches/6cb9ff7b-d813-4394-8e73-aeda5d06a8f2/_derrSXx4dnj8ZRbWEqh-iDv_7mJ5IOdOo3olFPg_5.jpg"",""https://static.yeezyunique.ru/batches/6cb9ff7b-d813-4394-8e73-aeda5d06a8f2/_derrSXx4dnj8ZRbWEqh-iDv_7mJ5IOdOo3olFPg_6.jpg"",""https://static.yeezyunique.ru/batches/6cb9ff7b-d813-4394-8e73-aeda5d06a8f2/_derrSXx4dnj8ZRbWEqh-iDv_7mJ5IOdOo3olFPg_7.jpg"",""https://static.yeezyunique.ru/batches/6cb9ff7b-d813-4394-8e73-aeda5d06a8f2/_derrSXx4dnj8ZRbWEqh-iDv_7mJ5IOdOo3olFPg_8.jpg""]";true
_dj6rSmNs3DaU_ltt8i6MtefE1ot8hn7-f-yy1Cg;Chanel Туфли;Легендарные туфли Chanel с узнаваемым дизайном, ставшим эталоном стиля. Модель выполнена из премиальных материалов с мягкой и нежной текстурой кожи, дополнена высококачественной подошвой из натуральной кожи.\n\nРазмеры: 35-41.;23000;3wxtez8ckauz7o1;nzg3vsvajpiv1e8;mect3or5ztq64fc;Для женщин;"[""https://static.yeezyunique.ru/batches/6cb9ff7b-d813-4394-8e73-aeda5d06a8f2/_dj6rSmNs3DaU_ltt8i6MtefE1ot8hn7-f-yy1Cg_0.jpg"",""https://static.yeezyunique.ru/batches/6cb9ff7b-d813-4394-8e73-aeda5d06a8f2/_dj6rSmNs3DaU_ltt8i6MtefE1ot8hn7-f-yy1Cg_1.jpg"",""https://static.yeezyunique.ru/batches/6cb9ff7b-d813-4394-8e73-aeda5d06a8f2/_dj6rSmNs3DaU_ltt8i6MtefE1ot8hn7-f-yy1Cg_2.jpg"",""https://static.yeezyunique.ru/batches/6cb9ff7b-d813-4394-8e73-aeda5d06a8f2/_dj6rSmNs3DaU_ltt8i6MtefE1ot8hn7-f-yy1Cg_3.jpg"",""https://static.yeezyunique.ru/batches/6cb9ff7b-d813-4394-8e73-aeda5d06a8f2/_dj6rSmNs3DaU_ltt8i6MtefE1ot8hn7-f-yy1Cg_4.jpg"",""https://static.yeezyunique.ru/batches/6cb9ff7b-d813-4394-8e73-aeda5d06a8f2/_dj6rSmNs3DaU_ltt8i6MtefE1ot8hn7-f-yy1Cg_5.jpg"",""https://static.yeezyunique.ru/batches/6cb9ff7b-d813-4394-8e73-aeda5d06a8f2/_dj6rSmNs3DaU_ltt8i6MtefE1ot8hn7-f-yy1Cg_6.jpg"",""https://static.yeezyunique.ru/batches/6cb9ff7b-d813-4394-8e73-aeda5d06a8f2/_dj6rSmNs3DaU_ltt8i6MtefE1ot8hn7-f-yy1Cg_7.jpg"",""https://static.yeezyunique.ru/batches/6cb9ff7b-d813-4394-8e73-aeda5d06a8f2/_dj6rSmNs3DaU_ltt8i6MtefE1ot8hn7-f-yy1Cg_8.jpg""]";true
_didrSIXR3xxu--pwoIfn9UP3ZBXm86ePEj5BAsA;Chanel Туфли;Легендарные туфли с открытой пяткой, ставшие эталоном безупречного стиля. Модель выполнена из премиальных материалов с использованием мягкой итальянской кожи и качественной кожаной подошвы.\n\nРазмеры: 35-41.;23000;3wxtez8ckauz7o1;nzg3vsvajpiv1e8;mect3or5ztq64fc;Для женщин;"[""https://static.yeezyunique.ru/batches/6cb9ff7b-d813-4394-8e73-aeda5d06a8f2/_didrSIXR3xxu--pwoIfn9UP3ZBXm86ePEj5BAsA_0.jpg"",""https://static.yeezyunique.ru/batches/6cb9ff7b-d813-4394-8e73-aeda5d06a8f2/_didrSIXR3xxu--pwoIfn9UP3ZBXm86ePEj5BAsA_1.jpg"",""https://static.yeezyunique.ru/batches/6cb9ff7b-d813-4394-8e73-aeda5d06a8f2/_didrSIXR3xxu--pwoIfn9UP3ZBXm86ePEj5BAsA_2.jpg"",""https://static.yeezyunique.ru/batches/6cb9ff7b-d813-4394-8e73-aeda5d06a8f2/_didrSIXR3xxu--pwoIfn9UP3ZBXm86ePEj5BAsA_3.jpg"",""https://static.yeezyunique.ru/batches/6cb9ff7b-d813-4394-8e73-aeda5d06a8f2/_didrSIXR3xxu--pwoIfn9UP3ZBXm86ePEj5BAsA_4.jpg"",""https://static.yeezyunique.ru/batches/6cb9ff7b-d813-4394-8e73-aeda5d06a8f2/_didrSIXR3xxu--pwoIfn9UP3ZBXm86ePEj5BAsA_5.jpg"",""https://static.yeezyunique.ru/batches/6cb9ff7b-d813-4394-8e73-aeda5d06a8f2/_didrSIXR3xxu--pwoIfn9UP3ZBXm86ePEj5BAsA_6.jpg"",""https://static.yeezyunique.ru/batches/6cb9ff7b-d813-4394-8e73-aeda5d06a8f2/_didrSIXR3xxu--pwoIfn9UP3ZBXm86ePEj5BAsA_7.jpg"",""https://static.yeezyunique.ru/batches/6cb9ff7b-d813-4394-8e73-aeda5d06a8f2/_didrSIXR3xxu--pwoIfn9UP3ZBXm86ePEj5BAsA_8.jpg""]";true
_d9srSyMjyxvqToH9wlxVCB4yvFTTFdc4aeCbuGA;Chanel Туфли;Легендарные туфли с открытой пяткой, ставшие эталоном элегантного дизайна. Модель выполнена из премиальных материалов с мягкой и нежной кожей, дополнена качественной итальянской кожаной подошвой.\n\nРазмеры: 35-41.;23000;3wxtez8ckauz7o1;nzg3vsvajpiv1e8;mect3or5ztq64fc;Для женщин;"[""https://static.yeezyunique.ru/batches/6cb9ff7b-d813-4394-8e73-aeda5d06a8f2/_d9srSyMjyxvqToH9wlxVCB4yvFTTFdc4aeCbuGA_0.jpg"",""https://static.yeezyunique.ru/batches/6cb9ff7b-d813-4394-8e73-aeda5d06a8f2/_d9srSyMjyxvqToH9wlxVCB4yvFTTFdc4aeCbuGA_1.jpg"",""https://static.yeezyunique.ru/batches/6cb9ff7b-d813-4394-8e73-aeda5d06a8f2/_d9srSyMjyxvqToH9wlxVCB4yvFTTFdc4aeCbuGA_2.jpg"",""https://static.yeezyunique.ru/batches/6cb9ff7b-d813-4394-8e73-aeda5d06a8f2/_d9srSyMjyxvqToH9wlxVCB4yvFTTFdc4aeCbuGA_3.jpg"",""https://static.yeezyunique.ru/batches/6cb9ff7b-d813-4394-8e73-aeda5d06a8f2/_d9srSyMjyxvqToH9wlxVCB4yvFTTFdc4aeCbuGA_4.jpg"",""https://static.yeezyunique.ru/batches/6cb9ff7b-d813-4394-8e73-aeda5d06a8f2/_d9srSyMjyxvqToH9wlxVCB4yvFTTFdc4aeCbuGA_5.jpg"",""https://static.yeezyunique.ru/batches/6cb9ff7b-d813-4394-8e73-aeda5d06a8f2/_d9srSyMjyxvqToH9wlxVCB4yvFTTFdc4aeCbuGA_6.jpg"",""https://static.yeezyunique.ru/batches/6cb9ff7b-d813-4394-8e73-aeda5d06a8f2/_d9srSyMjyxvqToH9wlxVCB4yvFTTFdc4aeCbuGA_7.jpg"",""https://static.yeezyunique.ru/batches/6cb9ff7b-d813-4394-8e73-aeda5d06a8f2/_d9srSyMjyxvqToH9wlxVCB4yvFTTFdc4aeCbuGA_8.jpg""]";true
_djlrSkhrrJ9VIFPT3gE9lX1cMNrryXMAEPhlqNw;Chanel Туфли;Легендарные туфли с открытой пяткой, ставшие эталоном элегантного дизайна. Модель выполнена из премиальных материалов с мягкой и нежной кожей, дополнена качественной итальянской кожаной подошвой.\n\nРазмеры: 35-41.;23000;3wxtez8ckauz7o1;nzg3vsvajpiv1e8;mect3or5ztq64fc;Для женщин;"[""https://static.yeezyunique.ru/batches/6cb9ff7b-d813-4394-8e73-aeda5d06a8f2/_djlrSkhrrJ9VIFPT3gE9lX1cMNrryXMAEPhlqNw_0.jpg"",""https://static.yeezyunique.ru/batches/6cb9ff7b-d813-4394-8e73-aeda5d06a8f2/_djlrSkhrrJ9VIFPT3gE9lX1cMNrryXMAEPhlqNw_1.jpg"",""https://static.yeezyunique.ru/batches/6cb9ff7b-d813-4394-8e73-aeda5d06a8f2/_djlrSkhrrJ9VIFPT3gE9lX1cMNrryXMAEPhlqNw_2.jpg"",""https://static.yeezyunique.ru/batches/6cb9ff7b-d813-4394-8e73-aeda5d06a8f2/_djlrSkhrrJ9VIFPT3gE9lX1cMNrryXMAEPhlqNw_3.jpg"",""https://static.yeezyunique.ru/batches/6cb9ff7b-d813-4394-8e73-aeda5d06a8f2/_djlrSkhrrJ9VIFPT3gE9lX1cMNrryXMAEPhlqNw_4.jpg"",""https://static.yeezyunique.ru/batches/6cb9ff7b-d813-4394-8e73-aeda5d06a8f2/_djlrSkhrrJ9VIFPT3gE9lX1cMNrryXMAEPhlqNw_5.jpg"",""https://static.yeezyunique.ru/batches/6cb9ff7b-d813-4394-8e73-aeda5d06a8f2/_djlrSkhrrJ9VIFPT3gE9lX1cMNrryXMAEPhlqNw_6.jpg"",""https://static.yeezyunique.ru/batches/6cb9ff7b-d813-4394-8e73-aeda5d06a8f2/_djlrSkhrrJ9VIFPT3gE9lX1cMNrryXMAEPhlqNw_7.jpg"",""https://static.yeezyunique.ru/batches/6cb9ff7b-d813-4394-8e73-aeda5d06a8f2/_djlrSkhrrJ9VIFPT3gE9lX1cMNrryXMAEPhlqNw_8.jpg""]";true
_dTmrShGAoVRT6kIExpvNe7txiHaKMftXL-Rc9kQ;Chanel Туфли;Легендарные туфли Chanel с узнаваемым дизайном, ставшим эталоном стиля. Модель выполнена из премиальных материалов с мягкой и нежной текстурой кожи, дополнена подошвой из высококачественной итальянской кожи.\n\nРазмеры: 35-41.;23000;3wxtez8ckauz7o1;nzg3vsvajpiv1e8;mect3or5ztq64fc;Для женщин;"[""https://static.yeezyunique.ru/batches/6cb9ff7b-d813-4394-8e73-aeda5d06a8f2/_dTmrShGAoVRT6kIExpvNe7txiHaKMftXL-Rc9kQ_0.jpg"",""https://static.yeezyunique.ru/batches/6cb9ff7b-d813-4394-8e73-aeda5d06a8f2/_dTmrShGAoVRT6kIExpvNe7txiHaKMftXL-Rc9kQ_1.jpg"",""https://static.yeezyunique.ru/batches/6cb9ff7b-d813-4394-8e73-aeda5d06a8f2/_dTmrShGAoVRT6kIExpvNe7txiHaKMftXL-Rc9kQ_2.jpg"",""https://static.yeezyunique.ru/batches/6cb9ff7b-d813-4394-8e73-aeda5d06a8f2/_dTmrShGAoVRT6kIExpvNe7txiHaKMftXL-Rc9kQ_3.jpg"",""https://static.yeezyunique.ru/batches/6cb9ff7b-d813-4394-8e73-aeda5d06a8f2/_dTmrShGAoVRT6kIExpvNe7txiHaKMftXL-Rc9kQ_4.jpg"",""https://static.yeezyunique.ru/batches/6cb9ff7b-d813-4394-8e73-aeda5d06a8f2/_dTmrShGAoVRT6kIExpvNe7txiHaKMftXL-Rc9kQ_5.jpg"",""https://static.yeezyunique.ru/batches/6cb9ff7b-d813-4394-8e73-aeda5d06a8f2/_dTmrShGAoVRT6kIExpvNe7txiHaKMftXL-Rc9kQ_6.jpg"",""https://static.yeezyunique.ru/batches/6cb9ff7b-d813-4394-8e73-aeda5d06a8f2/_dTmrShGAoVRT6kIExpvNe7txiHaKMftXL-Rc9kQ_7.jpg"",""https://static.yeezyunique.ru/batches/6cb9ff7b-d813-4394-8e73-aeda5d06a8f2/_dTmrShGAoVRT6kIExpvNe7txiHaKMftXL-Rc9kQ_8.jpg""]";true
_dmwrSYPCVgd8Os6kVkJdYBMl5AeOSW5510Z2Sug;Chanel Туфли;Легендарные туфли с открытой пяткой, ставшие эталоном элегантного дизайна. Модель выполнена из премиальных материалов с мягкой и нежной кожей, дополнена подошвой из натуральной итальянской кожи высокого качества.\n\nРазмеры: 35-41.;23000;3wxtez8ckauz7o1;nzg3vsvajpiv1e8;mect3or5ztq64fc;Для женщин;"[""https://static.yeezyunique.ru/batches/6cb9ff7b-d813-4394-8e73-aeda5d06a8f2/_dmwrSYPCVgd8Os6kVkJdYBMl5AeOSW5510Z2Sug_0.jpg"",""https://static.yeezyunique.ru/batches/6cb9ff7b-d813-4394-8e73-aeda5d06a8f2/_dmwrSYPCVgd8Os6kVkJdYBMl5AeOSW5510Z2Sug_1.jpg"",""https://static.yeezyunique.ru/batches/6cb9ff7b-d813-4394-8e73-aeda5d06a8f2/_dmwrSYPCVgd8Os6kVkJdYBMl5AeOSW5510Z2Sug_2.jpg"",""https://static.yeezyunique.ru/batches/6cb9ff7b-d813-4394-8e73-aeda5d06a8f2/_dmwrSYPCVgd8Os6kVkJdYBMl5AeOSW5510Z2Sug_3.jpg"",""https://static.yeezyunique.ru/batches/6cb9ff7b-d813-4394-8e73-aeda5d06a8f2/_dmwrSYPCVgd8Os6kVkJdYBMl5AeOSW5510Z2Sug_4.jpg"",""https://static.yeezyunique.ru/batches/6cb9ff7b-d813-4394-8e73-aeda5d06a8f2/_dmwrSYPCVgd8Os6kVkJdYBMl5AeOSW5510Z2Sug_5.jpg"",""https://static.yeezyunique.ru/batches/6cb9ff7b-d813-4394-8e73-aeda5d06a8f2/_dmwrSYPCVgd8Os6kVkJdYBMl5AeOSW5510Z2Sug_6.jpg"",""https://static.yeezyunique.ru/batches/6cb9ff7b-d813-4394-8e73-aeda5d06a8f2/_dmwrSYPCVgd8Os6kVkJdYBMl5AeOSW5510Z2Sug_7.jpg"",""https://static.yeezyunique.ru/batches/6cb9ff7b-d813-4394-8e73-aeda5d06a8f2/_dmwrSYPCVgd8Os6kVkJdYBMl5AeOSW5510Z2Sug_8.jpg""]";true
_dsCrSwPtzNLYoMOYNpCk4MOeEbs7ih6arO_EVxA;Chanel Туфли;Легендарная модель слингбэков, ставшая эталоном стиля и элегантности. Выполнены из премиальных материалов с мягкой и нежной кожей, дополнены качественной итальянской кожаной подошвой.\n\nРазмеры: 35-41.;23000;3wxtez8ckauz7o1;nzg3vsvajpiv1e8;mect3or5ztq64fc;Для женщин;"[""https://static.yeezyunique.ru/batches/6cb9ff7b-d813-4394-8e73-aeda5d06a8f2/_dsCrSwPtzNLYoMOYNpCk4MOeEbs7ih6arO_EVxA_0.jpg"",""https://static.yeezyunique.ru/batches/6cb9ff7b-d813-4394-8e73-aeda5d06a8f2/_dsCrSwPtzNLYoMOYNpCk4MOeEbs7ih6arO_EVxA_1.jpg"",""https://static.yeezyunique.ru/batches/6cb9ff7b-d813-4394-8e73-aeda5d06a8f2/_dsCrSwPtzNLYoMOYNpCk4MOeEbs7ih6arO_EVxA_2.jpg"",""https://static.yeezyunique.ru/batches/6cb9ff7b-d813-4394-8e73-aeda5d06a8f2/_dsCrSwPtzNLYoMOYNpCk4MOeEbs7ih6arO_EVxA_3.jpg"",""https://static.yeezyunique.ru/batches/6cb9ff7b-d813-4394-8e73-aeda5d06a8f2/_dsCrSwPtzNLYoMOYNpCk4MOeEbs7ih6arO_EVxA_4.jpg"",""https://static.yeezyunique.ru/batches/6cb9ff7b-d813-4394-8e73-aeda5d06a8f2/_dsCrSwPtzNLYoMOYNpCk4MOeEbs7ih6arO_EVxA_5.jpg"",""https://static.yeezyunique.ru/batches/6cb9ff7b-d813-4394-8e73-aeda5d06a8f2/_dsCrSwPtzNLYoMOYNpCk4MOeEbs7ih6arO_EVxA_6.jpg"",""https://static.yeezyunique.ru/batches/6cb9ff7b-d813-4394-8e73-aeda5d06a8f2/_dsCrSwPtzNLYoMOYNpCk4MOeEbs7ih6arO_EVxA_7.jpg"",""https://static.yeezyunique.ru/batches/6cb9ff7b-d813-4394-8e73-aeda5d06a8f2/_dsCrSwPtzNLYoMOYNpCk4MOeEbs7ih6arO_EVxA_8.jpg""]";true
_dqSrSznY_VNveq7aQCAGB_pqwQrd4tmS5wyzByQ;Chanel Туфли;Легендарная модель слингбэков, ставшая эталоном элегантного дизайна. Выполнены из премиальных материалов с мягкой и нежной кожей, дополнены качественной подошвой из натуральной кожи.\n\nРазмеры: 35-41.;23000;3wxtez8ckauz7o1;nzg3vsvajpiv1e8;mect3or5ztq64fc;Для женщин;"[""https://static.yeezyunique.ru/batches/6cb9ff7b-d813-4394-8e73-aeda5d06a8f2/_dqSrSznY_VNveq7aQCAGB_pqwQrd4tmS5wyzByQ_0.jpg"",""https://static.yeezyunique.ru/batches/6cb9ff7b-d813-4394-8e73-aeda5d06a8f2/_dqSrSznY_VNveq7aQCAGB_pqwQrd4tmS5wyzByQ_1.jpg"",""https://static.yeezyunique.ru/batches/6cb9ff7b-d813-4394-8e73-aeda5d06a8f2/_dqSrSznY_VNveq7aQCAGB_pqwQrd4tmS5wyzByQ_2.jpg"",""https://static.yeezyunique.ru/batches/6cb9ff7b-d813-4394-8e73-aeda5d06a8f2/_dqSrSznY_VNveq7aQCAGB_pqwQrd4tmS5wyzByQ_3.jpg"",""https://static.yeezyunique.ru/batches/6cb9ff7b-d813-4394-8e73-aeda5d06a8f2/_dqSrSznY_VNveq7aQCAGB_pqwQrd4tmS5wyzByQ_4.jpg"",""https://static.yeezyunique.ru/batches/6cb9ff7b-d813-4394-8e73-aeda5d06a8f2/_dqSrSznY_VNveq7aQCAGB_pqwQrd4tmS5wyzByQ_5.jpg"",""https://static.yeezyunique.ru/batches/6cb9ff7b-d813-4394-8e73-aeda5d06a8f2/_dqSrSznY_VNveq7aQCAGB_pqwQrd4tmS5wyzByQ_6.jpg"",""https://static.yeezyunique.ru/batches/6cb9ff7b-d813-4394-8e73-aeda5d06a8f2/_dqSrSznY_VNveq7aQCAGB_pqwQrd4tmS5wyzByQ_7.jpg"",""https://static.yeezyunique.ru/batches/6cb9ff7b-d813-4394-8e73-aeda5d06a8f2/_dqSrSznY_VNveq7aQCAGB_pqwQrd4tmS5wyzByQ_8.jpg""]";true
_drVrSy__4d1MPKRO4FG3Lso6Mqg1lcbXzc_0Wew;Chanel Туфли;Легендарная модель слингбэков, ставшая эталоном элегантности. Выполнены из премиальных материалов с мягкой и нежной текстурой кожи, дополнены качественной итальянской кожаной подошвой.\n\nРазмеры: 35-41.;23000;3wxtez8ckauz7o1;nzg3vsvajpiv1e8;mect3or5ztq64fc;Для женщин;"[""https://static.yeezyunique.ru/batches/6cb9ff7b-d813-4394-8e73-aeda5d06a8f2/_drVrSy__4d1MPKRO4FG3Lso6Mqg1lcbXzc_0Wew_0.jpg"",""https://static.yeezyunique.ru/batches/6cb9ff7b-d813-4394-8e73-aeda5d06a8f2/_drVrSy__4d1MPKRO4FG3Lso6Mqg1lcbXzc_0Wew_1.jpg"",""https://static.yeezyunique.ru/batches/6cb9ff7b-d813-4394-8e73-aeda5d06a8f2/_drVrSy__4d1MPKRO4FG3Lso6Mqg1lcbXzc_0Wew_2.jpg"",""https://static.yeezyunique.ru/batches/6cb9ff7b-d813-4394-8e73-aeda5d06a8f2/_drVrSy__4d1MPKRO4FG3Lso6Mqg1lcbXzc_0Wew_3.jpg"",""https://static.yeezyunique.ru/batches/6cb9ff7b-d813-4394-8e73-aeda5d06a8f2/_drVrSy__4d1MPKRO4FG3Lso6Mqg1lcbXzc_0Wew_4.jpg"",""https://static.yeezyunique.ru/batches/6cb9ff7b-d813-4394-8e73-aeda5d06a8f2/_drVrSy__4d1MPKRO4FG3Lso6Mqg1lcbXzc_0Wew_5.jpg"",""https://static.yeezyunique.ru/batches/6cb9ff7b-d813-4394-8e73-aeda5d06a8f2/_drVrSy__4d1MPKRO4FG3Lso6Mqg1lcbXzc_0Wew_6.jpg"",""https://static.yeezyunique.ru/batches/6cb9ff7b-d813-4394-8e73-aeda5d06a8f2/_drVrSy__4d1MPKRO4FG3Lso6Mqg1lcbXzc_0Wew_7.jpg"",""https://static.yeezyunique.ru/batches/6cb9ff7b-d813-4394-8e73-aeda5d06a8f2/_drVrSy__4d1MPKRO4FG3Lso6Mqg1lcbXzc_0Wew_8.jpg""]";true
_dnirSxBlfQf6G8Ilfh3kG55f_iNjJMDF2fhmrTA;Chanel Туфли;Иконическая модель слингбэков от Chanel, ставшая эталоном элегантности. Туфли украшены премиальными кристаллами Сваровски и выполнены с использованием высококачественной итальянской кожи, включая подошву.\n\nРазмеры: 35-41.;23000;3wxtez8ckauz7o1;nzg3vsvajpiv1e8;mect3or5ztq64fc;Для женщин;"[""https://static.yeezyunique.ru/batches/6cb9ff7b-d813-4394-8e73-aeda5d06a8f2/_dnirSxBlfQf6G8Ilfh3kG55f_iNjJMDF2fhmrTA_0.jpg"",""https://static.yeezyunique.ru/batches/6cb9ff7b-d813-4394-8e73-aeda5d06a8f2/_dnirSxBlfQf6G8Ilfh3kG55f_iNjJMDF2fhmrTA_1.jpg"",""https://static.yeezyunique.ru/batches/6cb9ff7b-d813-4394-8e73-aeda5d06a8f2/_dnirSxBlfQf6G8Ilfh3kG55f_iNjJMDF2fhmrTA_2.jpg"",""https://static.yeezyunique.ru/batches/6cb9ff7b-d813-4394-8e73-aeda5d06a8f2/_dnirSxBlfQf6G8Ilfh3kG55f_iNjJMDF2fhmrTA_3.jpg"",""https://static.yeezyunique.ru/batches/6cb9ff7b-d813-4394-8e73-aeda5d06a8f2/_dnirSxBlfQf6G8Ilfh3kG55f_iNjJMDF2fhmrTA_4.jpg"",""https://static.yeezyunique.ru/batches/6cb9ff7b-d813-4394-8e73-aeda5d06a8f2/_dnirSxBlfQf6G8Ilfh3kG55f_iNjJMDF2fhmrTA_5.jpg"",""https://static.yeezyunique.ru/batches/6cb9ff7b-d813-4394-8e73-aeda5d06a8f2/_dnirSxBlfQf6G8Ilfh3kG55f_iNjJMDF2fhmrTA_6.jpg"",""https://static.yeezyunique.ru/batches/6cb9ff7b-d813-4394-8e73-aeda5d06a8f2/_dnirSxBlfQf6G8Ilfh3kG55f_iNjJMDF2fhmrTA_7.jpg"",""https://static.yeezyunique.ru/batches/6cb9ff7b-d813-4394-8e73-aeda5d06a8f2/_dnirSxBlfQf6G8Ilfh3kG55f_iNjJMDF2fhmrTA_8.jpg""]";true
_dxjrSg6mkD36cftygtKXbB8wn01aOKcn-pUKRBA;Chanel Туфли;Иконическая модель слингбэков от Chanel, ставшая эталоном элегантности. Туфли декорированы премиальными кристаллами Swarovski, которые создают невероятное сияние, и дополнены высококачественной кожаной подошвой итальянского производства.\n\nРазмеры: 35-41.;23000;3wxtez8ckauz7o1;nzg3vsvajpiv1e8;mect3or5ztq64fc;Для женщин;"[""https://static.yeezyunique.ru/batches/6cb9ff7b-d813-4394-8e73-aeda5d06a8f2/_dxjrSg6mkD36cftygtKXbB8wn01aOKcn-pUKRBA_0.jpg"",""https://static.yeezyunique.ru/batches/6cb9ff7b-d813-4394-8e73-aeda5d06a8f2/_dxjrSg6mkD36cftygtKXbB8wn01aOKcn-pUKRBA_1.jpg"",""https://static.yeezyunique.ru/batches/6cb9ff7b-d813-4394-8e73-aeda5d06a8f2/_dxjrSg6mkD36cftygtKXbB8wn01aOKcn-pUKRBA_2.jpg"",""https://static.yeezyunique.ru/batches/6cb9ff7b-d813-4394-8e73-aeda5d06a8f2/_dxjrSg6mkD36cftygtKXbB8wn01aOKcn-pUKRBA_3.jpg"",""https://static.yeezyunique.ru/batches/6cb9ff7b-d813-4394-8e73-aeda5d06a8f2/_dxjrSg6mkD36cftygtKXbB8wn01aOKcn-pUKRBA_4.jpg"",""https://static.yeezyunique.ru/batches/6cb9ff7b-d813-4394-8e73-aeda5d06a8f2/_dxjrSg6mkD36cftygtKXbB8wn01aOKcn-pUKRBA_5.jpg"",""https://static.yeezyunique.ru/batches/6cb9ff7b-d813-4394-8e73-aeda5d06a8f2/_dxjrSg6mkD36cftygtKXbB8wn01aOKcn-pUKRBA_6.jpg"",""https://static.yeezyunique.ru/batches/6cb9ff7b-d813-4394-8e73-aeda5d06a8f2/_dxjrSg6mkD36cftygtKXbB8wn01aOKcn-pUKRBA_7.jpg"",""https://static.yeezyunique.ru/batches/6cb9ff7b-d813-4394-8e73-aeda5d06a8f2/_dxjrSg6mkD36cftygtKXbB8wn01aOKcn-pUKRBA_8.jpg""]";true
_dv4rSkyEs3bQpg2LnzXHK5uYDFrQWNjnqQPpdJw;Chanel Туфли;Легендарные туфли с открытой пяткой, ставшие эталоном безупречного дизайна. Модель выполнена из премиальных материалов с мягкой и нежной текстурой кожи, дополнена качественной итальянской кожаной подошвой.\n\nРазмеры: 35-41.;23000;3wxtez8ckauz7o1;nzg3vsvajpiv1e8;mect3or5ztq64fc;Для женщин;"[""https://static.yeezyunique.ru/batches/6cb9ff7b-d813-4394-8e73-aeda5d06a8f2/_dv4rSkyEs3bQpg2LnzXHK5uYDFrQWNjnqQPpdJw_0.jpg"",""https://static.yeezyunique.ru/batches/6cb9ff7b-d813-4394-8e73-aeda5d06a8f2/_dv4rSkyEs3bQpg2LnzXHK5uYDFrQWNjnqQPpdJw_1.jpg"",""https://static.yeezyunique.ru/batches/6cb9ff7b-d813-4394-8e73-aeda5d06a8f2/_dv4rSkyEs3bQpg2LnzXHK5uYDFrQWNjnqQPpdJw_2.jpg"",""https://static.yeezyunique.ru/batches/6cb9ff7b-d813-4394-8e73-aeda5d06a8f2/_dv4rSkyEs3bQpg2LnzXHK5uYDFrQWNjnqQPpdJw_3.jpg"",""https://static.yeezyunique.ru/batches/6cb9ff7b-d813-4394-8e73-aeda5d06a8f2/_dv4rSkyEs3bQpg2LnzXHK5uYDFrQWNjnqQPpdJw_4.jpg"",""https://static.yeezyunique.ru/batches/6cb9ff7b-d813-4394-8e73-aeda5d06a8f2/_dv4rSkyEs3bQpg2LnzXHK5uYDFrQWNjnqQPpdJw_5.jpg"",""https://static.yeezyunique.ru/batches/6cb9ff7b-d813-4394-8e73-aeda5d06a8f2/_dv4rSkyEs3bQpg2LnzXHK5uYDFrQWNjnqQPpdJw_6.jpg"",""https://static.yeezyunique.ru/batches/6cb9ff7b-d813-4394-8e73-aeda5d06a8f2/_dv4rSkyEs3bQpg2LnzXHK5uYDFrQWNjnqQPpdJw_7.jpg"",""https://static.yeezyunique.ru/batches/6cb9ff7b-d813-4394-8e73-aeda5d06a8f2/_dv4rSkyEs3bQpg2LnzXHK5uYDFrQWNjnqQPpdJw_8.jpg""]";true
_dsLrSsVpu2bU7gf4ZWK-2CKf_C8SK9mSCsen0tw;Chanel Туфли;Легендарные туфли Chanel с узнаваемым дизайном, ставшие эталоном стиля. Модель выполнена из премиальных материалов с мягкой и нежной кожей, а также дополнена качественной подошвой из натуральной кожи.\n\nРазмеры: 35-41.;23000;3wxtez8ckauz7o1;nzg3vsvajpiv1e8;mect3or5ztq64fc;Для женщин;"[""https://static.yeezyunique.ru/batches/6cb9ff7b-d813-4394-8e73-aeda5d06a8f2/_dsLrSsVpu2bU7gf4ZWK-2CKf_C8SK9mSCsen0tw_0.jpg"",""https://static.yeezyunique.ru/batches/6cb9ff7b-d813-4394-8e73-aeda5d06a8f2/_dsLrSsVpu2bU7gf4ZWK-2CKf_C8SK9mSCsen0tw_1.jpg"",""https://static.yeezyunique.ru/batches/6cb9ff7b-d813-4394-8e73-aeda5d06a8f2/_dsLrSsVpu2bU7gf4ZWK-2CKf_C8SK9mSCsen0tw_2.jpg"",""https://static.yeezyunique.ru/batches/6cb9ff7b-d813-4394-8e73-aeda5d06a8f2/_dsLrSsVpu2bU7gf4ZWK-2CKf_C8SK9mSCsen0tw_3.jpg"",""https://static.yeezyunique.ru/batches/6cb9ff7b-d813-4394-8e73-aeda5d06a8f2/_dsLrSsVpu2bU7gf4ZWK-2CKf_C8SK9mSCsen0tw_4.jpg"",""https://static.yeezyunique.ru/batches/6cb9ff7b-d813-4394-8e73-aeda5d06a8f2/_dsLrSsVpu2bU7gf4ZWK-2CKf_C8SK9mSCsen0tw_5.jpg"",""https://static.yeezyunique.ru/batches/6cb9ff7b-d813-4394-8e73-aeda5d06a8f2/_dsLrSsVpu2bU7gf4ZWK-2CKf_C8SK9mSCsen0tw_6.jpg"",""https://static.yeezyunique.ru/batches/6cb9ff7b-d813-4394-8e73-aeda5d06a8f2/_dsLrSsVpu2bU7gf4ZWK-2CKf_C8SK9mSCsen0tw_7.jpg"",""https://static.yeezyunique.ru/batches/6cb9ff7b-d813-4394-8e73-aeda5d06a8f2/_dsLrSsVpu2bU7gf4ZWK-2CKf_C8SK9mSCsen0tw_8.jpg""]";true
_dktrS5b5aVwuVqBXWdSCprNF6e4zOw9Ex-dvhcQ;Chanel Туфли;Иконическая модель слингбэков от Chanel, ставшая эталоном элегантного дизайна. Модель украшена премиальными кристаллами Сваровски и выполнена с использованием высококачественной итальянской кожи, включая подошву. Высота каблука составляет 2 см.\n\nРазмеры: 35-41.;23000;3wxtez8ckauz7o1;nzg3vsvajpiv1e8;mect3or5ztq64fc;Для женщин;"[""https://static.yeezyunique.ru/batches/6cb9ff7b-d813-4394-8e73-aeda5d06a8f2/_dktrS5b5aVwuVqBXWdSCprNF6e4zOw9Ex-dvhcQ_0.jpg"",""https://static.yeezyunique.ru/batches/6cb9ff7b-d813-4394-8e73-aeda5d06a8f2/_dktrS5b5aVwuVqBXWdSCprNF6e4zOw9Ex-dvhcQ_1.jpg"",""https://static.yeezyunique.ru/batches/6cb9ff7b-d813-4394-8e73-aeda5d06a8f2/_dktrS5b5aVwuVqBXWdSCprNF6e4zOw9Ex-dvhcQ_2.jpg"",""https://static.yeezyunique.ru/batches/6cb9ff7b-d813-4394-8e73-aeda5d06a8f2/_dktrS5b5aVwuVqBXWdSCprNF6e4zOw9Ex-dvhcQ_3.jpg"",""https://static.yeezyunique.ru/batches/6cb9ff7b-d813-4394-8e73-aeda5d06a8f2/_dktrS5b5aVwuVqBXWdSCprNF6e4zOw9Ex-dvhcQ_4.jpg"",""https://static.yeezyunique.ru/batches/6cb9ff7b-d813-4394-8e73-aeda5d06a8f2/_dktrS5b5aVwuVqBXWdSCprNF6e4zOw9Ex-dvhcQ_5.jpg"",""https://static.yeezyunique.ru/batches/6cb9ff7b-d813-4394-8e73-aeda5d06a8f2/_dktrS5b5aVwuVqBXWdSCprNF6e4zOw9Ex-dvhcQ_6.jpg"",""https://static.yeezyunique.ru/batches/6cb9ff7b-d813-4394-8e73-aeda5d06a8f2/_dktrS5b5aVwuVqBXWdSCprNF6e4zOw9Ex-dvhcQ_7.jpg"",""https://static.yeezyunique.ru/batches/6cb9ff7b-d813-4394-8e73-aeda5d06a8f2/_dktrS5b5aVwuVqBXWdSCprNF6e4zOw9Ex-dvhcQ_8.jpg""]";true
_dnurSti8_D32FH4P00iIKOKiiX8pF349KFJB-YA;Chanel Туфли;Иконическая модель слингбэков от Chanel, ставшая эталоном элегантности. Модель украшена сверкающими кристаллами Сваровски и выполнена с использованием премиальной итальянской кожи, включая высококачественную кожаную подошву.\n\nРазмеры: 35-41.;23000;3wxtez8ckauz7o1;nzg3vsvajpiv1e8;mect3or5ztq64fc;Для женщин;"[""https://static.yeezyunique.ru/batches/6cb9ff7b-d813-4394-8e73-aeda5d06a8f2/_dnurSti8_D32FH4P00iIKOKiiX8pF349KFJB-YA_0.jpg"",""https://static.yeezyunique.ru/batches/6cb9ff7b-d813-4394-8e73-aeda5d06a8f2/_dnurSti8_D32FH4P00iIKOKiiX8pF349KFJB-YA_1.jpg"",""https://static.yeezyunique.ru/batches/6cb9ff7b-d813-4394-8e73-aeda5d06a8f2/_dnurSti8_D32FH4P00iIKOKiiX8pF349KFJB-YA_2.jpg"",""https://static.yeezyunique.ru/batches/6cb9ff7b-d813-4394-8e73-aeda5d06a8f2/_dnurSti8_D32FH4P00iIKOKiiX8pF349KFJB-YA_3.jpg"",""https://static.yeezyunique.ru/batches/6cb9ff7b-d813-4394-8e73-aeda5d06a8f2/_dnurSti8_D32FH4P00iIKOKiiX8pF349KFJB-YA_4.jpg"",""https://static.yeezyunique.ru/batches/6cb9ff7b-d813-4394-8e73-aeda5d06a8f2/_dnurSti8_D32FH4P00iIKOKiiX8pF349KFJB-YA_5.jpg"",""https://static.yeezyunique.ru/batches/6cb9ff7b-d813-4394-8e73-aeda5d06a8f2/_dnurSti8_D32FH4P00iIKOKiiX8pF349KFJB-YA_6.jpg"",""https://static.yeezyunique.ru/batches/6cb9ff7b-d813-4394-8e73-aeda5d06a8f2/_dnurSti8_D32FH4P00iIKOKiiX8pF349KFJB-YA_7.jpg"",""https://static.yeezyunique.ru/batches/6cb9ff7b-d813-4394-8e73-aeda5d06a8f2/_dnurSti8_D32FH4P00iIKOKiiX8pF349KFJB-YA_8.jpg""]";true
_dn8rSnWTKwXGOqrmicEKulfS53eQV7IJkS6Q-rg;Chanel Туфли;Легендарные туфли Chanel slingback с безупречным дизайном. Модель выполнена из мягкой и нежной кожи премиального качества с использованием итальянской подошвы из натуральной кожи.\n\nРазмеры: 35-41.;23000;3wxtez8ckauz7o1;nzg3vsvajpiv1e8;mect3or5ztq64fc;Для женщин;"[""https://static.yeezyunique.ru/batches/6cb9ff7b-d813-4394-8e73-aeda5d06a8f2/_dn8rSnWTKwXGOqrmicEKulfS53eQV7IJkS6Q-rg_0.jpg"",""https://static.yeezyunique.ru/batches/6cb9ff7b-d813-4394-8e73-aeda5d06a8f2/_dn8rSnWTKwXGOqrmicEKulfS53eQV7IJkS6Q-rg_1.jpg"",""https://static.yeezyunique.ru/batches/6cb9ff7b-d813-4394-8e73-aeda5d06a8f2/_dn8rSnWTKwXGOqrmicEKulfS53eQV7IJkS6Q-rg_2.jpg"",""https://static.yeezyunique.ru/batches/6cb9ff7b-d813-4394-8e73-aeda5d06a8f2/_dn8rSnWTKwXGOqrmicEKulfS53eQV7IJkS6Q-rg_3.jpg"",""https://static.yeezyunique.ru/batches/6cb9ff7b-d813-4394-8e73-aeda5d06a8f2/_dn8rSnWTKwXGOqrmicEKulfS53eQV7IJkS6Q-rg_4.jpg"",""https://static.yeezyunique.ru/batches/6cb9ff7b-d813-4394-8e73-aeda5d06a8f2/_dn8rSnWTKwXGOqrmicEKulfS53eQV7IJkS6Q-rg_5.jpg"",""https://static.yeezyunique.ru/batches/6cb9ff7b-d813-4394-8e73-aeda5d06a8f2/_dn8rSnWTKwXGOqrmicEKulfS53eQV7IJkS6Q-rg_6.jpg"",""https://static.yeezyunique.ru/batches/6cb9ff7b-d813-4394-8e73-aeda5d06a8f2/_dn8rSnWTKwXGOqrmicEKulfS53eQV7IJkS6Q-rg_7.jpg"",""https://static.yeezyunique.ru/batches/6cb9ff7b-d813-4394-8e73-aeda5d06a8f2/_dn8rSnWTKwXGOqrmicEKulfS53eQV7IJkS6Q-rg_8.jpg""]";true
_da0rSh4AnYe31fRJ5qa5Tc54qwjImJXWXqa2vug;Chanel Туфли;Легендарные туфли Chanel с узнаваемым дизайном, ставшим эталоном стиля. Модель выполнена из мягкой и нежной кожи премиального качества с использованием итальянской подошвы из натуральной кожи.\n\nРазмеры: 35-41.;23000;3wxtez8ckauz7o1;nzg3vsvajpiv1e8;mect3or5ztq64fc;Для женщин;"[""https://static.yeezyunique.ru/batches/6cb9ff7b-d813-4394-8e73-aeda5d06a8f2/_da0rSh4AnYe31fRJ5qa5Tc54qwjImJXWXqa2vug_0.jpg"",""https://static.yeezyunique.ru/batches/6cb9ff7b-d813-4394-8e73-aeda5d06a8f2/_da0rSh4AnYe31fRJ5qa5Tc54qwjImJXWXqa2vug_1.jpg"",""https://static.yeezyunique.ru/batches/6cb9ff7b-d813-4394-8e73-aeda5d06a8f2/_da0rSh4AnYe31fRJ5qa5Tc54qwjImJXWXqa2vug_2.jpg"",""https://static.yeezyunique.ru/batches/6cb9ff7b-d813-4394-8e73-aeda5d06a8f2/_da0rSh4AnYe31fRJ5qa5Tc54qwjImJXWXqa2vug_3.jpg"",""https://static.yeezyunique.ru/batches/6cb9ff7b-d813-4394-8e73-aeda5d06a8f2/_da0rSh4AnYe31fRJ5qa5Tc54qwjImJXWXqa2vug_4.jpg"",""https://static.yeezyunique.ru/batches/6cb9ff7b-d813-4394-8e73-aeda5d06a8f2/_da0rSh4AnYe31fRJ5qa5Tc54qwjImJXWXqa2vug_5.jpg"",""https://static.yeezyunique.ru/batches/6cb9ff7b-d813-4394-8e73-aeda5d06a8f2/_da0rSh4AnYe31fRJ5qa5Tc54qwjImJXWXqa2vug_6.jpg"",""https://static.yeezyunique.ru/batches/6cb9ff7b-d813-4394-8e73-aeda5d06a8f2/_da0rSh4AnYe31fRJ5qa5Tc54qwjImJXWXqa2vug_7.jpg"",""https://static.yeezyunique.ru/batches/6cb9ff7b-d813-4394-8e73-aeda5d06a8f2/_da0rSh4AnYe31fRJ5qa5Tc54qwjImJXWXqa2vug_8.jpg""]";true
_dx_rSjOPM5v4ke8bk4wyaQ_VP0k__vkNK8JO4rw;Balenciaga Кроссовки;Культовые кроссовки Balenciaga Track 1.0 с обновленным дизайном и сложной многослойной конструкцией верха. Модель выполнена из высококачественных материалов, обеспечивающих долговечность и комфорт при повседневной носке.\n\nРазмеры: 35-40 (женские), 39-46 (мужские).;23000;mj2732zh7c7pchi;nzg3vsvajpiv1e8;ll3hofpd5wqxr81;Унисекс;"[""https://static.yeezyunique.ru/batches/6cb9ff7b-d813-4394-8e73-aeda5d06a8f2/_dx_rSjOPM5v4ke8bk4wyaQ_VP0k__vkNK8JO4rw_0.jpg"",""https://static.yeezyunique.ru/batches/6cb9ff7b-d813-4394-8e73-aeda5d06a8f2/_dx_rSjOPM5v4ke8bk4wyaQ_VP0k__vkNK8JO4rw_1.jpg"",""https://static.yeezyunique.ru/batches/6cb9ff7b-d813-4394-8e73-aeda5d06a8f2/_dx_rSjOPM5v4ke8bk4wyaQ_VP0k__vkNK8JO4rw_2.jpg"",""https://static.yeezyunique.ru/batches/6cb9ff7b-d813-4394-8e73-aeda5d06a8f2/_dx_rSjOPM5v4ke8bk4wyaQ_VP0k__vkNK8JO4rw_3.jpg"",""https://static.yeezyunique.ru/batches/6cb9ff7b-d813-4394-8e73-aeda5d06a8f2/_dx_rSjOPM5v4ke8bk4wyaQ_VP0k__vkNK8JO4rw_4.jpg"",""https://static.yeezyunique.ru/batches/6cb9ff7b-d813-4394-8e73-aeda5d06a8f2/_dx_rSjOPM5v4ke8bk4wyaQ_VP0k__vkNK8JO4rw_5.jpg"",""https://static.yeezyunique.ru/batches/6cb9ff7b-d813-4394-8e73-aeda5d06a8f2/_dx_rSjOPM5v4ke8bk4wyaQ_VP0k__vkNK8JO4rw_6.jpg"",""https://static.yeezyunique.ru/batches/6cb9ff7b-d813-4394-8e73-aeda5d06a8f2/_dx_rSjOPM5v4ke8bk4wyaQ_VP0k__vkNK8JO4rw_7.jpg"",""https://static.yeezyunique.ru/batches/6cb9ff7b-d813-4394-8e73-aeda5d06a8f2/_dx_rSjOPM5v4ke8bk4wyaQ_VP0k__vkNK8JO4rw_8.jpg""]";true
_d9prShZ0lYvTmUkZSHgedVB8M1ibfJibSCNd-UA;Balenciaga Кроссовки;Культовые кроссовки Balenciaga Track 1.0 с обновленным дизайном и сложной многослойной конструкцией верха. Модель выполнена из высококачественных материалов с применением передовых технологий сборки для максимальной прочности и комфорта.\n\nРазмеры: 35-46 (унисекс).;23000;mj2732zh7c7pchi;nzg3vsvajpiv1e8;ll3hofpd5wqxr81;Унисекс;"[""https://static.yeezyunique.ru/batches/6cb9ff7b-d813-4394-8e73-aeda5d06a8f2/_d9prShZ0lYvTmUkZSHgedVB8M1ibfJibSCNd-UA_0.jpg"",""https://static.yeezyunique.ru/batches/6cb9ff7b-d813-4394-8e73-aeda5d06a8f2/_d9prShZ0lYvTmUkZSHgedVB8M1ibfJibSCNd-UA_1.jpg"",""https://static.yeezyunique.ru/batches/6cb9ff7b-d813-4394-8e73-aeda5d06a8f2/_d9prShZ0lYvTmUkZSHgedVB8M1ibfJibSCNd-UA_2.jpg"",""https://static.yeezyunique.ru/batches/6cb9ff7b-d813-4394-8e73-aeda5d06a8f2/_d9prShZ0lYvTmUkZSHgedVB8M1ibfJibSCNd-UA_3.jpg"",""https://static.yeezyunique.ru/batches/6cb9ff7b-d813-4394-8e73-aeda5d06a8f2/_d9prShZ0lYvTmUkZSHgedVB8M1ibfJibSCNd-UA_4.jpg"",""https://static.yeezyunique.ru/batches/6cb9ff7b-d813-4394-8e73-aeda5d06a8f2/_d9prShZ0lYvTmUkZSHgedVB8M1ibfJibSCNd-UA_5.jpg"",""https://static.yeezyunique.ru/batches/6cb9ff7b-d813-4394-8e73-aeda5d06a8f2/_d9prShZ0lYvTmUkZSHgedVB8M1ibfJibSCNd-UA_6.jpg"",""https://static.yeezyunique.ru/batches/6cb9ff7b-d813-4394-8e73-aeda5d06a8f2/_d9prShZ0lYvTmUkZSHgedVB8M1ibfJibSCNd-UA_7.jpg"",""https://static.yeezyunique.ru/batches/6cb9ff7b-d813-4394-8e73-aeda5d06a8f2/_d9prShZ0lYvTmUkZSHgedVB8M1ibfJibSCNd-UA_8.jpg""]";true
_dgmrSwkeubu8PzP-FaoYKgbHmHy5DNGwf7PqISg;Prada Кроссовки;Стильные кроссовки в винтажном стиле с эффектным сочетанием цветов. Модель выполнена из премиальной итальянской замши с подкладкой из нежной кожи ягненка, что обеспечивает комфорт и долговечность.\n\nРазмеры: 35-40.;23000;xf3tgcf0uj7yrqf;nzg3vsvajpiv1e8;ll3hofpd5wqxr81;Для женщин;"[""https://static.yeezyunique.ru/batches/6cb9ff7b-d813-4394-8e73-aeda5d06a8f2/_dgmrSwkeubu8PzP-FaoYKgbHmHy5DNGwf7PqISg_0.jpg"",""https://static.yeezyunique.ru/batches/6cb9ff7b-d813-4394-8e73-aeda5d06a8f2/_dgmrSwkeubu8PzP-FaoYKgbHmHy5DNGwf7PqISg_1.jpg"",""https://static.yeezyunique.ru/batches/6cb9ff7b-d813-4394-8e73-aeda5d06a8f2/_dgmrSwkeubu8PzP-FaoYKgbHmHy5DNGwf7PqISg_2.jpg"",""https://static.yeezyunique.ru/batches/6cb9ff7b-d813-4394-8e73-aeda5d06a8f2/_dgmrSwkeubu8PzP-FaoYKgbHmHy5DNGwf7PqISg_3.jpg"",""https://static.yeezyunique.ru/batches/6cb9ff7b-d813-4394-8e73-aeda5d06a8f2/_dgmrSwkeubu8PzP-FaoYKgbHmHy5DNGwf7PqISg_4.jpg"",""https://static.yeezyunique.ru/batches/6cb9ff7b-d813-4394-8e73-aeda5d06a8f2/_dgmrSwkeubu8PzP-FaoYKgbHmHy5DNGwf7PqISg_5.jpg"",""https://static.yeezyunique.ru/batches/6cb9ff7b-d813-4394-8e73-aeda5d06a8f2/_dgmrSwkeubu8PzP-FaoYKgbHmHy5DNGwf7PqISg_6.jpg"",""https://static.yeezyunique.ru/batches/6cb9ff7b-d813-4394-8e73-aeda5d06a8f2/_dgmrSwkeubu8PzP-FaoYKgbHmHy5DNGwf7PqISg_7.jpg"",""https://static.yeezyunique.ru/batches/6cb9ff7b-d813-4394-8e73-aeda5d06a8f2/_dgmrSwkeubu8PzP-FaoYKgbHmHy5DNGwf7PqISg_8.jpg""]";true
_dcRrSevPAnktK7VUBMLBU6sogl134NpPRra4ogg;Prada Кроссовки;Стильные кроссовки в винтажном стиле с эффектной расцветкой. Модель выполнена из премиальной итальянской замши с подкладкой из нежной кожи ягненка, что обеспечивает исключительный комфорт и долговечность.\n\nРазмеры: 35-40.;23000;xf3tgcf0uj7yrqf;nzg3vsvajpiv1e8;ll3hofpd5wqxr81;Для женщин;"[""https://static.yeezyunique.ru/batches/6cb9ff7b-d813-4394-8e73-aeda5d06a8f2/_dcRrSevPAnktK7VUBMLBU6sogl134NpPRra4ogg_0.jpg"",""https://static.yeezyunique.ru/batches/6cb9ff7b-d813-4394-8e73-aeda5d06a8f2/_dcRrSevPAnktK7VUBMLBU6sogl134NpPRra4ogg_1.jpg"",""https://static.yeezyunique.ru/batches/6cb9ff7b-d813-4394-8e73-aeda5d06a8f2/_dcRrSevPAnktK7VUBMLBU6sogl134NpPRra4ogg_2.jpg"",""https://static.yeezyunique.ru/batches/6cb9ff7b-d813-4394-8e73-aeda5d06a8f2/_dcRrSevPAnktK7VUBMLBU6sogl134NpPRra4ogg_3.jpg"",""https://static.yeezyunique.ru/batches/6cb9ff7b-d813-4394-8e73-aeda5d06a8f2/_dcRrSevPAnktK7VUBMLBU6sogl134NpPRra4ogg_4.jpg"",""https://static.yeezyunique.ru/batches/6cb9ff7b-d813-4394-8e73-aeda5d06a8f2/_dcRrSevPAnktK7VUBMLBU6sogl134NpPRra4ogg_5.jpg"",""https://static.yeezyunique.ru/batches/6cb9ff7b-d813-4394-8e73-aeda5d06a8f2/_dcRrSevPAnktK7VUBMLBU6sogl134NpPRra4ogg_6.jpg"",""https://static.yeezyunique.ru/batches/6cb9ff7b-d813-4394-8e73-aeda5d06a8f2/_dcRrSevPAnktK7VUBMLBU6sogl134NpPRra4ogg_7.jpg"",""https://static.yeezyunique.ru/batches/6cb9ff7b-d813-4394-8e73-aeda5d06a8f2/_dcRrSevPAnktK7VUBMLBU6sogl134NpPRra4ogg_8.jpg""]";true
_dzbrS0oU6W0wNEWi4PVU_35FN_XlrJrB64X6R0w;Prada Кроссовки;Стильные кроссовки в винтажном стиле с актуальной цветовой гаммой. Модель выполнена из премиальной итальянской замши с подкладкой из нежной кожи ягненка, что обеспечивает комфорт и долговечность.\n\nРазмеры: 35-40.;23000;xf3tgcf0uj7yrqf;nzg3vsvajpiv1e8;ll3hofpd5wqxr81;Для женщин;"[""https://static.yeezyunique.ru/batches/6cb9ff7b-d813-4394-8e73-aeda5d06a8f2/_dzbrS0oU6W0wNEWi4PVU_35FN_XlrJrB64X6R0w_0.jpg"",""https://static.yeezyunique.ru/batches/6cb9ff7b-d813-4394-8e73-aeda5d06a8f2/_dzbrS0oU6W0wNEWi4PVU_35FN_XlrJrB64X6R0w_1.jpg"",""https://static.yeezyunique.ru/batches/6cb9ff7b-d813-4394-8e73-aeda5d06a8f2/_dzbrS0oU6W0wNEWi4PVU_35FN_XlrJrB64X6R0w_2.jpg"",""https://static.yeezyunique.ru/batches/6cb9ff7b-d813-4394-8e73-aeda5d06a8f2/_dzbrS0oU6W0wNEWi4PVU_35FN_XlrJrB64X6R0w_3.jpg"",""https://static.yeezyunique.ru/batches/6cb9ff7b-d813-4394-8e73-aeda5d06a8f2/_dzbrS0oU6W0wNEWi4PVU_35FN_XlrJrB64X6R0w_4.jpg"",""https://static.yeezyunique.ru/batches/6cb9ff7b-d813-4394-8e73-aeda5d06a8f2/_dzbrS0oU6W0wNEWi4PVU_35FN_XlrJrB64X6R0w_5.jpg"",""https://static.yeezyunique.ru/batches/6cb9ff7b-d813-4394-8e73-aeda5d06a8f2/_dzbrS0oU6W0wNEWi4PVU_35FN_XlrJrB64X6R0w_6.jpg"",""https://static.yeezyunique.ru/batches/6cb9ff7b-d813-4394-8e73-aeda5d06a8f2/_dzbrS0oU6W0wNEWi4PVU_35FN_XlrJrB64X6R0w_7.jpg"",""https://static.yeezyunique.ru/batches/6cb9ff7b-d813-4394-8e73-aeda5d06a8f2/_dzbrS0oU6W0wNEWi4PVU_35FN_XlrJrB64X6R0w_8.jpg""]";true
_djlrSkhrrJ9VIFff7g0tmXVYJMrr9XMAEPhlqNw;Miu Miu Кеды;Стильные кеды из премиального денима с уникальной текстурой и выразительными деталями шнуровки. Прочная и износостойкая подошва обеспечивает комфорт и долговечность при повседневной носке.\n\nРазмеры: 35-40.;23000;cn386fag2q87srw;nzg3vsvajpiv1e8;owi4kqmgzy4veqz;Для женщин;"[""https://static.yeezyunique.ru/batches/6cb9ff7b-d813-4394-8e73-aeda5d06a8f2/_djlrSkhrrJ9VIFff7g0tmXVYJMrr9XMAEPhlqNw_0.jpg"",""https://static.yeezyunique.ru/batches/6cb9ff7b-d813-4394-8e73-aeda5d06a8f2/_djlrSkhrrJ9VIFff7g0tmXVYJMrr9XMAEPhlqNw_1.jpg"",""https://static.yeezyunique.ru/batches/6cb9ff7b-d813-4394-8e73-aeda5d06a8f2/_djlrSkhrrJ9VIFff7g0tmXVYJMrr9XMAEPhlqNw_2.jpg"",""https://static.yeezyunique.ru/batches/6cb9ff7b-d813-4394-8e73-aeda5d06a8f2/_djlrSkhrrJ9VIFff7g0tmXVYJMrr9XMAEPhlqNw_3.jpg"",""https://static.yeezyunique.ru/batches/6cb9ff7b-d813-4394-8e73-aeda5d06a8f2/_djlrSkhrrJ9VIFff7g0tmXVYJMrr9XMAEPhlqNw_4.jpg"",""https://static.yeezyunique.ru/batches/6cb9ff7b-d813-4394-8e73-aeda5d06a8f2/_djlrSkhrrJ9VIFff7g0tmXVYJMrr9XMAEPhlqNw_5.jpg"",""https://static.yeezyunique.ru/batches/6cb9ff7b-d813-4394-8e73-aeda5d06a8f2/_djlrSkhrrJ9VIFff7g0tmXVYJMrr9XMAEPhlqNw_6.jpg"",""https://static.yeezyunique.ru/batches/6cb9ff7b-d813-4394-8e73-aeda5d06a8f2/_djlrSkhrrJ9VIFff7g0tmXVYJMrr9XMAEPhlqNw_7.jpg"",""https://static.yeezyunique.ru/batches/6cb9ff7b-d813-4394-8e73-aeda5d06a8f2/_djlrSkhrrJ9VIFff7g0tmXVYJMrr9XMAEPhlqNw_8.jpg""]";true
_dwArS0huVaAqtG4JqGPw2AvpEGDIK5Y49Luk6bw;Miu Miu Кеды;Стильные кеды из премиального денима с уникальной текстурой и выразительными деталями шнуровки. Модель дополнена прочной износостойкой подошвой, обеспечивающей комфорт и долговечность в повседневной носке.\n\nРазмеры: 35-40.;23000;cn386fag2q87srw;nzg3vsvajpiv1e8;owi4kqmgzy4veqz;Для женщин;"[""https://static.yeezyunique.ru/batches/6cb9ff7b-d813-4394-8e73-aeda5d06a8f2/_dwArS0huVaAqtG4JqGPw2AvpEGDIK5Y49Luk6bw_0.jpg"",""https://static.yeezyunique.ru/batches/6cb9ff7b-d813-4394-8e73-aeda5d06a8f2/_dwArS0huVaAqtG4JqGPw2AvpEGDIK5Y49Luk6bw_1.jpg"",""https://static.yeezyunique.ru/batches/6cb9ff7b-d813-4394-8e73-aeda5d06a8f2/_dwArS0huVaAqtG4JqGPw2AvpEGDIK5Y49Luk6bw_2.jpg"",""https://static.yeezyunique.ru/batches/6cb9ff7b-d813-4394-8e73-aeda5d06a8f2/_dwArS0huVaAqtG4JqGPw2AvpEGDIK5Y49Luk6bw_3.jpg"",""https://static.yeezyunique.ru/batches/6cb9ff7b-d813-4394-8e73-aeda5d06a8f2/_dwArS0huVaAqtG4JqGPw2AvpEGDIK5Y49Luk6bw_4.jpg"",""https://static.yeezyunique.ru/batches/6cb9ff7b-d813-4394-8e73-aeda5d06a8f2/_dwArS0huVaAqtG4JqGPw2AvpEGDIK5Y49Luk6bw_5.jpg"",""https://static.yeezyunique.ru/batches/6cb9ff7b-d813-4394-8e73-aeda5d06a8f2/_dwArS0huVaAqtG4JqGPw2AvpEGDIK5Y49Luk6bw_6.jpg"",""https://static.yeezyunique.ru/batches/6cb9ff7b-d813-4394-8e73-aeda5d06a8f2/_dwArS0huVaAqtG4JqGPw2AvpEGDIK5Y49Luk6bw_7.jpg"",""https://static.yeezyunique.ru/batches/6cb9ff7b-d813-4394-8e73-aeda5d06a8f2/_dwArS0huVaAqtG4JqGPw2AvpEGDIK5Y49Luk6bw_8.jpg""]";true
_dl9rSuC63tSgSsBpMYu7IfokwIrKHcUUKo-0gkQ;Miu Miu Кроссовки;Винтажные кроссовки в стиле ретро с эффектом искусственного состаривания. Модель выполнена из премиальной итальянской кожи с подкладкой из нежной кожи ягненка и дополнена комфортной латексной стелькой.\n\nРазмеры: 35-40.;23000;cn386fag2q87srw;nzg3vsvajpiv1e8;ll3hofpd5wqxr81;Для женщин;"[""https://static.yeezyunique.ru/batches/6cb9ff7b-d813-4394-8e73-aeda5d06a8f2/_dl9rSuC63tSgSsBpMYu7IfokwIrKHcUUKo-0gkQ_0.jpg"",""https://static.yeezyunique.ru/batches/6cb9ff7b-d813-4394-8e73-aeda5d06a8f2/_dl9rSuC63tSgSsBpMYu7IfokwIrKHcUUKo-0gkQ_1.jpg"",""https://static.yeezyunique.ru/batches/6cb9ff7b-d813-4394-8e73-aeda5d06a8f2/_dl9rSuC63tSgSsBpMYu7IfokwIrKHcUUKo-0gkQ_2.jpg"",""https://static.yeezyunique.ru/batches/6cb9ff7b-d813-4394-8e73-aeda5d06a8f2/_dl9rSuC63tSgSsBpMYu7IfokwIrKHcUUKo-0gkQ_3.jpg"",""https://static.yeezyunique.ru/batches/6cb9ff7b-d813-4394-8e73-aeda5d06a8f2/_dl9rSuC63tSgSsBpMYu7IfokwIrKHcUUKo-0gkQ_4.jpg"",""https://static.yeezyunique.ru/batches/6cb9ff7b-d813-4394-8e73-aeda5d06a8f2/_dl9rSuC63tSgSsBpMYu7IfokwIrKHcUUKo-0gkQ_5.jpg"",""https://static.yeezyunique.ru/batches/6cb9ff7b-d813-4394-8e73-aeda5d06a8f2/_dl9rSuC63tSgSsBpMYu7IfokwIrKHcUUKo-0gkQ_6.jpg"",""https://static.yeezyunique.ru/batches/6cb9ff7b-d813-4394-8e73-aeda5d06a8f2/_dl9rSuC63tSgSsBpMYu7IfokwIrKHcUUKo-0gkQ_7.jpg"",""https://static.yeezyunique.ru/batches/6cb9ff7b-d813-4394-8e73-aeda5d06a8f2/_dl9rSuC63tSgSsBpMYu7IfokwIrKHcUUKo-0gkQ_8.jpg""]";true
_dlErSnIZMZd2fWxiSS9KsvMBY15iUBADF8aCvbA;Miu Miu Кроссовки;Винтажные кроссовки в стиле ретро с эффектом искусственного состаривания. Модель выполнена из премиальной итальянской кожи с подкладкой из нежной кожи ягненка и дополнена комфортной латексной стелькой.\n\nРазмеры: 35-40.;23000;cn386fag2q87srw;nzg3vsvajpiv1e8;ll3hofpd5wqxr81;Для женщин;"[""https://static.yeezyunique.ru/batches/6cb9ff7b-d813-4394-8e73-aeda5d06a8f2/_dlErSnIZMZd2fWxiSS9KsvMBY15iUBADF8aCvbA_0.jpg"",""https://static.yeezyunique.ru/batches/6cb9ff7b-d813-4394-8e73-aeda5d06a8f2/_dlErSnIZMZd2fWxiSS9KsvMBY15iUBADF8aCvbA_1.jpg"",""https://static.yeezyunique.ru/batches/6cb9ff7b-d813-4394-8e73-aeda5d06a8f2/_dlErSnIZMZd2fWxiSS9KsvMBY15iUBADF8aCvbA_2.jpg"",""https://static.yeezyunique.ru/batches/6cb9ff7b-d813-4394-8e73-aeda5d06a8f2/_dlErSnIZMZd2fWxiSS9KsvMBY15iUBADF8aCvbA_3.jpg"",""https://static.yeezyunique.ru/batches/6cb9ff7b-d813-4394-8e73-aeda5d06a8f2/_dlErSnIZMZd2fWxiSS9KsvMBY15iUBADF8aCvbA_4.jpg"",""https://static.yeezyunique.ru/batches/6cb9ff7b-d813-4394-8e73-aeda5d06a8f2/_dlErSnIZMZd2fWxiSS9KsvMBY15iUBADF8aCvbA_5.jpg"",""https://static.yeezyunique.ru/batches/6cb9ff7b-d813-4394-8e73-aeda5d06a8f2/_dlErSnIZMZd2fWxiSS9KsvMBY15iUBADF8aCvbA_6.jpg"",""https://static.yeezyunique.ru/batches/6cb9ff7b-d813-4394-8e73-aeda5d06a8f2/_dlErSnIZMZd2fWxiSS9KsvMBY15iUBADF8aCvbA_7.jpg"",""https://static.yeezyunique.ru/batches/6cb9ff7b-d813-4394-8e73-aeda5d06a8f2/_dlErSnIZMZd2fWxiSS9KsvMBY15iUBADF8aCvbA_8.jpg""]";true
_dcSrSYkLgSU0xScClv9UdusZ0BfBAaL_Nl9EIvw;Miu Miu Кроссовки;Стильные кроссовки из коллекции Miu Miu, выполненные из премиальной итальянской телячьей кожи с эффектом естественного состаривания. Модель дополнена изысканной металлической фурнитурой, придающей обуви винтажный и элегантный вид.\n\nРазмеры: 35-40.;23000;cn386fag2q87srw;nzg3vsvajpiv1e8;ll3hofpd5wqxr81;Для женщин;"[""https://static.yeezyunique.ru/batches/6cb9ff7b-d813-4394-8e73-aeda5d06a8f2/_dcSrSYkLgSU0xScClv9UdusZ0BfBAaL_Nl9EIvw_0.jpg"",""https://static.yeezyunique.ru/batches/6cb9ff7b-d813-4394-8e73-aeda5d06a8f2/_dcSrSYkLgSU0xScClv9UdusZ0BfBAaL_Nl9EIvw_1.jpg"",""https://static.yeezyunique.ru/batches/6cb9ff7b-d813-4394-8e73-aeda5d06a8f2/_dcSrSYkLgSU0xScClv9UdusZ0BfBAaL_Nl9EIvw_2.jpg"",""https://static.yeezyunique.ru/batches/6cb9ff7b-d813-4394-8e73-aeda5d06a8f2/_dcSrSYkLgSU0xScClv9UdusZ0BfBAaL_Nl9EIvw_3.jpg"",""https://static.yeezyunique.ru/batches/6cb9ff7b-d813-4394-8e73-aeda5d06a8f2/_dcSrSYkLgSU0xScClv9UdusZ0BfBAaL_Nl9EIvw_4.jpg"",""https://static.yeezyunique.ru/batches/6cb9ff7b-d813-4394-8e73-aeda5d06a8f2/_dcSrSYkLgSU0xScClv9UdusZ0BfBAaL_Nl9EIvw_5.jpg"",""https://static.yeezyunique.ru/batches/6cb9ff7b-d813-4394-8e73-aeda5d06a8f2/_dcSrSYkLgSU0xScClv9UdusZ0BfBAaL_Nl9EIvw_6.jpg"",""https://static.yeezyunique.ru/batches/6cb9ff7b-d813-4394-8e73-aeda5d06a8f2/_dcSrSYkLgSU0xScClv9UdusZ0BfBAaL_Nl9EIvw_7.jpg"",""https://static.yeezyunique.ru/batches/6cb9ff7b-d813-4394-8e73-aeda5d06a8f2/_dcSrSYkLgSU0xScClv9UdusZ0BfBAaL_Nl9EIvw_8.jpg""]";true
_dttrSMHKEiu8fMLBqDt2cbzHQz0jZBXvjCE1krQ;Miu Miu Кроссовки;Стильные кроссовки из новой коллекции, ставшие хитом сезона. Модель выполнена из комбинации высококачественного текстиля и премиальной кожи с эффектом змеиной кожи, а также дополнена эксклюзивной износостойкой подошвой из TPU.\n\nРазмеры: 35-39.;23000;cn386fag2q87srw;nzg3vsvajpiv1e8;ll3hofpd5wqxr81;Для женщин;"[""https://static.yeezyunique.ru/batches/6cb9ff7b-d813-4394-8e73-aeda5d06a8f2/_dttrSMHKEiu8fMLBqDt2cbzHQz0jZBXvjCE1krQ_0.jpg"",""https://static.yeezyunique.ru/batches/6cb9ff7b-d813-4394-8e73-aeda5d06a8f2/_dttrSMHKEiu8fMLBqDt2cbzHQz0jZBXvjCE1krQ_1.jpg"",""https://static.yeezyunique.ru/batches/6cb9ff7b-d813-4394-8e73-aeda5d06a8f2/_dttrSMHKEiu8fMLBqDt2cbzHQz0jZBXvjCE1krQ_2.jpg"",""https://static.yeezyunique.ru/batches/6cb9ff7b-d813-4394-8e73-aeda5d06a8f2/_dttrSMHKEiu8fMLBqDt2cbzHQz0jZBXvjCE1krQ_3.jpg"",""https://static.yeezyunique.ru/batches/6cb9ff7b-d813-4394-8e73-aeda5d06a8f2/_dttrSMHKEiu8fMLBqDt2cbzHQz0jZBXvjCE1krQ_4.jpg"",""https://static.yeezyunique.ru/batches/6cb9ff7b-d813-4394-8e73-aeda5d06a8f2/_dttrSMHKEiu8fMLBqDt2cbzHQz0jZBXvjCE1krQ_5.jpg"",""https://static.yeezyunique.ru/batches/6cb9ff7b-d813-4394-8e73-aeda5d06a8f2/_dttrSMHKEiu8fMLBqDt2cbzHQz0jZBXvjCE1krQ_6.jpg"",""https://static.yeezyunique.ru/batches/6cb9ff7b-d813-4394-8e73-aeda5d06a8f2/_dttrSMHKEiu8fMLBqDt2cbzHQz0jZBXvjCE1krQ_7.jpg"",""https://static.yeezyunique.ru/batches/6cb9ff7b-d813-4394-8e73-aeda5d06a8f2/_dttrSMHKEiu8fMLBqDt2cbzHQz0jZBXvjCE1krQ_8.jpg""]";true
_dtCrSxmqay1QCLakvpWdKGPLEKcfKsfSRTl_fhQ;Miu Miu Кроссовки;Стильные кроссовки из новой коллекции, выполненные из комбинации высококачественного текстиля и премиальной замши. Модель дополнена эксклюзивной подошвой из износостойкого TPU, обеспечивающей отличную амортизацию и комфорт.\n\nРазмеры: 35-41.;23000;cn386fag2q87srw;nzg3vsvajpiv1e8;ll3hofpd5wqxr81;Для женщин;"[""https://static.yeezyunique.ru/batches/6cb9ff7b-d813-4394-8e73-aeda5d06a8f2/_dtCrSxmqay1QCLakvpWdKGPLEKcfKsfSRTl_fhQ_0.jpg"",""https://static.yeezyunique.ru/batches/6cb9ff7b-d813-4394-8e73-aeda5d06a8f2/_dtCrSxmqay1QCLakvpWdKGPLEKcfKsfSRTl_fhQ_1.jpg"",""https://static.yeezyunique.ru/batches/6cb9ff7b-d813-4394-8e73-aeda5d06a8f2/_dtCrSxmqay1QCLakvpWdKGPLEKcfKsfSRTl_fhQ_2.jpg"",""https://static.yeezyunique.ru/batches/6cb9ff7b-d813-4394-8e73-aeda5d06a8f2/_dtCrSxmqay1QCLakvpWdKGPLEKcfKsfSRTl_fhQ_3.jpg"",""https://static.yeezyunique.ru/batches/6cb9ff7b-d813-4394-8e73-aeda5d06a8f2/_dtCrSxmqay1QCLakvpWdKGPLEKcfKsfSRTl_fhQ_4.jpg"",""https://static.yeezyunique.ru/batches/6cb9ff7b-d813-4394-8e73-aeda5d06a8f2/_dtCrSxmqay1QCLakvpWdKGPLEKcfKsfSRTl_fhQ_5.jpg"",""https://static.yeezyunique.ru/batches/6cb9ff7b-d813-4394-8e73-aeda5d06a8f2/_dtCrSxmqay1QCLakvpWdKGPLEKcfKsfSRTl_fhQ_6.jpg"",""https://static.yeezyunique.ru/batches/6cb9ff7b-d813-4394-8e73-aeda5d06a8f2/_dtCrSxmqay1QCLakvpWdKGPLEKcfKsfSRTl_fhQ_7.jpg"",""https://static.yeezyunique.ru/batches/6cb9ff7b-d813-4394-8e73-aeda5d06a8f2/_dtCrSxmqay1QCLakvpWdKGPLEKcfKsfSRTl_fhQ_8.jpg""]";true
_djQrSWQ3tF5HH9Zv3-Rfn6B_qq9cmF5MtDU46Dg;Miu Miu Кроссовки;Стильные кроссовки из новой коллекции, выполненные из комбинации высококачественного текстиля и премиальной замши. Модель дополнена эксклюзивной подошвой из износостойкого TPU, обеспечивающей отличную амортизацию и комфорт.\n\nРазмеры: 35-41.;23000;cn386fag2q87srw;nzg3vsvajpiv1e8;ll3hofpd5wqxr81;Для женщин;"[""https://static.yeezyunique.ru/batches/6cb9ff7b-d813-4394-8e73-aeda5d06a8f2/_djQrSWQ3tF5HH9Zv3-Rfn6B_qq9cmF5MtDU46Dg_0.jpg"",""https://static.yeezyunique.ru/batches/6cb9ff7b-d813-4394-8e73-aeda5d06a8f2/_djQrSWQ3tF5HH9Zv3-Rfn6B_qq9cmF5MtDU46Dg_1.jpg"",""https://static.yeezyunique.ru/batches/6cb9ff7b-d813-4394-8e73-aeda5d06a8f2/_djQrSWQ3tF5HH9Zv3-Rfn6B_qq9cmF5MtDU46Dg_2.jpg"",""https://static.yeezyunique.ru/batches/6cb9ff7b-d813-4394-8e73-aeda5d06a8f2/_djQrSWQ3tF5HH9Zv3-Rfn6B_qq9cmF5MtDU46Dg_3.jpg"",""https://static.yeezyunique.ru/batches/6cb9ff7b-d813-4394-8e73-aeda5d06a8f2/_djQrSWQ3tF5HH9Zv3-Rfn6B_qq9cmF5MtDU46Dg_4.jpg"",""https://static.yeezyunique.ru/batches/6cb9ff7b-d813-4394-8e73-aeda5d06a8f2/_djQrSWQ3tF5HH9Zv3-Rfn6B_qq9cmF5MtDU46Dg_5.jpg"",""https://static.yeezyunique.ru/batches/6cb9ff7b-d813-4394-8e73-aeda5d06a8f2/_djQrSWQ3tF5HH9Zv3-Rfn6B_qq9cmF5MtDU46Dg_6.jpg"",""https://static.yeezyunique.ru/batches/6cb9ff7b-d813-4394-8e73-aeda5d06a8f2/_djQrSWQ3tF5HH9Zv3-Rfn6B_qq9cmF5MtDU46Dg_7.jpg"",""https://static.yeezyunique.ru/batches/6cb9ff7b-d813-4394-8e73-aeda5d06a8f2/_djQrSWQ3tF5HH9Zv3-Rfn6B_qq9cmF5MtDU46Dg_8.jpg""]";true
_dmLrSq7zEK7K-zU0AlP6tAaQvi69fLrzTbKkxVA;Miu Miu Кроссовки;Стильные кроссовки из новой коллекции, выполненные из комбинации высококачественного текстиля и премиальной замши. Модель дополнена эксклюзивной подошвой из износостойкого TPU, обеспечивающей отличную амортизацию и комфорт.\n\nРазмеры: 35-41.;23000;cn386fag2q87srw;nzg3vsvajpiv1e8;ll3hofpd5wqxr81;Для женщин;"[""https://static.yeezyunique.ru/batches/6cb9ff7b-d813-4394-8e73-aeda5d06a8f2/_dmLrSq7zEK7K-zU0AlP6tAaQvi69fLrzTbKkxVA_0.jpg"",""https://static.yeezyunique.ru/batches/6cb9ff7b-d813-4394-8e73-aeda5d06a8f2/_dmLrSq7zEK7K-zU0AlP6tAaQvi69fLrzTbKkxVA_1.jpg"",""https://static.yeezyunique.ru/batches/6cb9ff7b-d813-4394-8e73-aeda5d06a8f2/_dmLrSq7zEK7K-zU0AlP6tAaQvi69fLrzTbKkxVA_2.jpg"",""https://static.yeezyunique.ru/batches/6cb9ff7b-d813-4394-8e73-aeda5d06a8f2/_dmLrSq7zEK7K-zU0AlP6tAaQvi69fLrzTbKkxVA_3.jpg"",""https://static.yeezyunique.ru/batches/6cb9ff7b-d813-4394-8e73-aeda5d06a8f2/_dmLrSq7zEK7K-zU0AlP6tAaQvi69fLrzTbKkxVA_4.jpg"",""https://static.yeezyunique.ru/batches/6cb9ff7b-d813-4394-8e73-aeda5d06a8f2/_dmLrSq7zEK7K-zU0AlP6tAaQvi69fLrzTbKkxVA_5.jpg"",""https://static.yeezyunique.ru/batches/6cb9ff7b-d813-4394-8e73-aeda5d06a8f2/_dmLrSq7zEK7K-zU0AlP6tAaQvi69fLrzTbKkxVA_6.jpg"",""https://static.yeezyunique.ru/batches/6cb9ff7b-d813-4394-8e73-aeda5d06a8f2/_dmLrSq7zEK7K-zU0AlP6tAaQvi69fLrzTbKkxVA_7.jpg"",""https://static.yeezyunique.ru/batches/6cb9ff7b-d813-4394-8e73-aeda5d06a8f2/_dmLrSq7zEK7K-zU0AlP6tAaQvi69fLrzTbKkxVA_8.jpg""]";true
_dpGrSkYO9hkVLMzZjqKm5eOR6pjgZSuxdPRJ12g;Miu Miu Кроссовки;Стильные и популярные кроссовки от Miu Miu, которые станут идеальным дополнением к повседневному образу. Модель выполнена из комбинации качественного текстиля и премиальной замши, обеспечивая отличную износостойкость и комфорт.\n\nРазмеры: 36-39.;23000;cn386fag2q87srw;nzg3vsvajpiv1e8;ll3hofpd5wqxr81;Для женщин;"[""https://static.yeezyunique.ru/batches/6cb9ff7b-d813-4394-8e73-aeda5d06a8f2/_dpGrSkYO9hkVLMzZjqKm5eOR6pjgZSuxdPRJ12g_0.jpg"",""https://static.yeezyunique.ru/batches/6cb9ff7b-d813-4394-8e73-aeda5d06a8f2/_dpGrSkYO9hkVLMzZjqKm5eOR6pjgZSuxdPRJ12g_1.jpg"",""https://static.yeezyunique.ru/batches/6cb9ff7b-d813-4394-8e73-aeda5d06a8f2/_dpGrSkYO9hkVLMzZjqKm5eOR6pjgZSuxdPRJ12g_2.jpg"",""https://static.yeezyunique.ru/batches/6cb9ff7b-d813-4394-8e73-aeda5d06a8f2/_dpGrSkYO9hkVLMzZjqKm5eOR6pjgZSuxdPRJ12g_3.jpg"",""https://static.yeezyunique.ru/batches/6cb9ff7b-d813-4394-8e73-aeda5d06a8f2/_dpGrSkYO9hkVLMzZjqKm5eOR6pjgZSuxdPRJ12g_4.jpg"",""https://static.yeezyunique.ru/batches/6cb9ff7b-d813-4394-8e73-aeda5d06a8f2/_dpGrSkYO9hkVLMzZjqKm5eOR6pjgZSuxdPRJ12g_5.jpg"",""https://static.yeezyunique.ru/batches/6cb9ff7b-d813-4394-8e73-aeda5d06a8f2/_dpGrSkYO9hkVLMzZjqKm5eOR6pjgZSuxdPRJ12g_6.jpg"",""https://static.yeezyunique.ru/batches/6cb9ff7b-d813-4394-8e73-aeda5d06a8f2/_dpGrSkYO9hkVLMzZjqKm5eOR6pjgZSuxdPRJ12g_7.jpg"",""https://static.yeezyunique.ru/batches/6cb9ff7b-d813-4394-8e73-aeda5d06a8f2/_dpGrSkYO9hkVLMzZjqKm5eOR6pjgZSuxdPRJ12g_8.jpg""]";true
_db3rSwbTH-g_vFTD42eacgSKj3hk5MJXqJZHoGA;Miu Miu Кроссовки;Стильные кроссовки в стиле Мэри Джейн с удобной застежкой на липучке. Модель выполнена из комбинации качественного текстиля и премиальной замши, обеспечивая комфорт и долговечность.\n\nРазмеры: 35-40.;23000;cn386fag2q87srw;nzg3vsvajpiv1e8;ll3hofpd5wqxr81;Для женщин;"[""https://static.yeezyunique.ru/batches/6cb9ff7b-d813-4394-8e73-aeda5d06a8f2/_db3rSwbTH-g_vFTD42eacgSKj3hk5MJXqJZHoGA_0.jpg"",""https://static.yeezyunique.ru/batches/6cb9ff7b-d813-4394-8e73-aeda5d06a8f2/_db3rSwbTH-g_vFTD42eacgSKj3hk5MJXqJZHoGA_1.jpg"",""https://static.yeezyunique.ru/batches/6cb9ff7b-d813-4394-8e73-aeda5d06a8f2/_db3rSwbTH-g_vFTD42eacgSKj3hk5MJXqJZHoGA_2.jpg"",""https://static.yeezyunique.ru/batches/6cb9ff7b-d813-4394-8e73-aeda5d06a8f2/_db3rSwbTH-g_vFTD42eacgSKj3hk5MJXqJZHoGA_3.jpg"",""https://static.yeezyunique.ru/batches/6cb9ff7b-d813-4394-8e73-aeda5d06a8f2/_db3rSwbTH-g_vFTD42eacgSKj3hk5MJXqJZHoGA_4.jpg"",""https://static.yeezyunique.ru/batches/6cb9ff7b-d813-4394-8e73-aeda5d06a8f2/_db3rSwbTH-g_vFTD42eacgSKj3hk5MJXqJZHoGA_5.jpg"",""https://static.yeezyunique.ru/batches/6cb9ff7b-d813-4394-8e73-aeda5d06a8f2/_db3rSwbTH-g_vFTD42eacgSKj3hk5MJXqJZHoGA_6.jpg"",""https://static.yeezyunique.ru/batches/6cb9ff7b-d813-4394-8e73-aeda5d06a8f2/_db3rSwbTH-g_vFTD42eacgSKj3hk5MJXqJZHoGA_7.jpg"",""https://static.yeezyunique.ru/batches/6cb9ff7b-d813-4394-8e73-aeda5d06a8f2/_db3rSwbTH-g_vFTD42eacgSKj3hk5MJXqJZHoGA_8.jpg""]";true
_dnxrSkZBgrxM0st_bQ--izcmJ1ZTZ76X4tnApTw;Miu Miu Кроссовки;Стильные кроссовки в стиле Мэри Джейн с удобной застежкой на липучке. Модель выполнена из комбинации качественного текстиля и премиальной замши, обеспечивая комфорт и долговечность.\n\nРазмеры: 35-40.;23000;cn386fag2q87srw;nzg3vsvajpiv1e8;ll3hofpd5wqxr81;Для женщин;"[""https://static.yeezyunique.ru/batches/6cb9ff7b-d813-4394-8e73-aeda5d06a8f2/_dnxrSkZBgrxM0st_bQ--izcmJ1ZTZ76X4tnApTw_0.jpg"",""https://static.yeezyunique.ru/batches/6cb9ff7b-d813-4394-8e73-aeda5d06a8f2/_dnxrSkZBgrxM0st_bQ--izcmJ1ZTZ76X4tnApTw_1.jpg"",""https://static.yeezyunique.ru/batches/6cb9ff7b-d813-4394-8e73-aeda5d06a8f2/_dnxrSkZBgrxM0st_bQ--izcmJ1ZTZ76X4tnApTw_2.jpg"",""https://static.yeezyunique.ru/batches/6cb9ff7b-d813-4394-8e73-aeda5d06a8f2/_dnxrSkZBgrxM0st_bQ--izcmJ1ZTZ76X4tnApTw_3.jpg"",""https://static.yeezyunique.ru/batches/6cb9ff7b-d813-4394-8e73-aeda5d06a8f2/_dnxrSkZBgrxM0st_bQ--izcmJ1ZTZ76X4tnApTw_4.jpg"",""https://static.yeezyunique.ru/batches/6cb9ff7b-d813-4394-8e73-aeda5d06a8f2/_dnxrSkZBgrxM0st_bQ--izcmJ1ZTZ76X4tnApTw_5.jpg"",""https://static.yeezyunique.ru/batches/6cb9ff7b-d813-4394-8e73-aeda5d06a8f2/_dnxrSkZBgrxM0st_bQ--izcmJ1ZTZ76X4tnApTw_6.jpg"",""https://static.yeezyunique.ru/batches/6cb9ff7b-d813-4394-8e73-aeda5d06a8f2/_dnxrSkZBgrxM0st_bQ--izcmJ1ZTZ76X4tnApTw_7.jpg"",""https://static.yeezyunique.ru/batches/6cb9ff7b-d813-4394-8e73-aeda5d06a8f2/_dnxrSkZBgrxM0st_bQ--izcmJ1ZTZ76X4tnApTw_8.jpg""]";true
_dgprSlSyfqRdAjS_A4bzMS6rw3BOEz-C1Pmh16Q;Miu Miu Кроссовки;Стильные и популярные кроссовки, которые идеально дополнят любой повседневный образ, включая джинсы. Верх модели выполнен из комбинации качественного текстиля и премиальной замши, а подошва изготовлена из износостойкого материала по индивидуальному заказу.\n\nРазмеры: 35-40.;23000;cn386fag2q87srw;nzg3vsvajpiv1e8;ll3hofpd5wqxr81;Для женщин;"[""https://static.yeezyunique.ru/batches/6cb9ff7b-d813-4394-8e73-aeda5d06a8f2/_dgprSlSyfqRdAjS_A4bzMS6rw3BOEz-C1Pmh16Q_0.jpg"",""https://static.yeezyunique.ru/batches/6cb9ff7b-d813-4394-8e73-aeda5d06a8f2/_dgprSlSyfqRdAjS_A4bzMS6rw3BOEz-C1Pmh16Q_1.jpg"",""https://static.yeezyunique.ru/batches/6cb9ff7b-d813-4394-8e73-aeda5d06a8f2/_dgprSlSyfqRdAjS_A4bzMS6rw3BOEz-C1Pmh16Q_2.jpg"",""https://static.yeezyunique.ru/batches/6cb9ff7b-d813-4394-8e73-aeda5d06a8f2/_dgprSlSyfqRdAjS_A4bzMS6rw3BOEz-C1Pmh16Q_3.jpg"",""https://static.yeezyunique.ru/batches/6cb9ff7b-d813-4394-8e73-aeda5d06a8f2/_dgprSlSyfqRdAjS_A4bzMS6rw3BOEz-C1Pmh16Q_4.jpg"",""https://static.yeezyunique.ru/batches/6cb9ff7b-d813-4394-8e73-aeda5d06a8f2/_dgprSlSyfqRdAjS_A4bzMS6rw3BOEz-C1Pmh16Q_5.jpg"",""https://static.yeezyunique.ru/batches/6cb9ff7b-d813-4394-8e73-aeda5d06a8f2/_dgprSlSyfqRdAjS_A4bzMS6rw3BOEz-C1Pmh16Q_6.jpg"",""https://static.yeezyunique.ru/batches/6cb9ff7b-d813-4394-8e73-aeda5d06a8f2/_dgprSlSyfqRdAjS_A4bzMS6rw3BOEz-C1Pmh16Q_7.jpg"",""https://static.yeezyunique.ru/batches/6cb9ff7b-d813-4394-8e73-aeda5d06a8f2/_dgprSlSyfqRdAjS_A4bzMS6rw3BOEz-C1Pmh16Q_8.jpg""]";true
_deXrSQvtjj89fy0OMMZddSa7lnSWfeDzEPrEdqg;Miu Miu Кроссовки;Стильные и популярные кроссовки, которые идеально дополнят любой повседневный образ, включая джинсы. Верх модели выполнен из комбинации качественного текстиля и премиальной замши, а подошва изготовлена из износостойкого материала по индивидуальному заказу.\n\nРазмеры: 35-40.;23000;cn386fag2q87srw;nzg3vsvajpiv1e8;ll3hofpd5wqxr81;Для женщин;"[""https://static.yeezyunique.ru/batches/6cb9ff7b-d813-4394-8e73-aeda5d06a8f2/_deXrSQvtjj89fy0OMMZddSa7lnSWfeDzEPrEdqg_0.jpg"",""https://static.yeezyunique.ru/batches/6cb9ff7b-d813-4394-8e73-aeda5d06a8f2/_deXrSQvtjj89fy0OMMZddSa7lnSWfeDzEPrEdqg_1.jpg"",""https://static.yeezyunique.ru/batches/6cb9ff7b-d813-4394-8e73-aeda5d06a8f2/_deXrSQvtjj89fy0OMMZddSa7lnSWfeDzEPrEdqg_2.jpg"",""https://static.yeezyunique.ru/batches/6cb9ff7b-d813-4394-8e73-aeda5d06a8f2/_deXrSQvtjj89fy0OMMZddSa7lnSWfeDzEPrEdqg_3.jpg"",""https://static.yeezyunique.ru/batches/6cb9ff7b-d813-4394-8e73-aeda5d06a8f2/_deXrSQvtjj89fy0OMMZddSa7lnSWfeDzEPrEdqg_4.jpg"",""https://static.yeezyunique.ru/batches/6cb9ff7b-d813-4394-8e73-aeda5d06a8f2/_deXrSQvtjj89fy0OMMZddSa7lnSWfeDzEPrEdqg_5.jpg"",""https://static.yeezyunique.ru/batches/6cb9ff7b-d813-4394-8e73-aeda5d06a8f2/_deXrSQvtjj89fy0OMMZddSa7lnSWfeDzEPrEdqg_6.jpg"",""https://static.yeezyunique.ru/batches/6cb9ff7b-d813-4394-8e73-aeda5d06a8f2/_deXrSQvtjj89fy0OMMZddSa7lnSWfeDzEPrEdqg_7.jpg"",""https://static.yeezyunique.ru/batches/6cb9ff7b-d813-4394-8e73-aeda5d06a8f2/_deXrSQvtjj89fy0OMMZddSa7lnSWfeDzEPrEdqg_8.jpg""]";true
_duyrSPScrhwXSkRPoZ5yBQ4Hok4FcsjJynIcDlg;Miu Miu Кеды;Классические белые кеды, ставшие хитом сезона благодаря своей универсальности и стильному дизайну. Модель выполнена из премиальной итальянской телячьей кожи, а внутренняя отделка из мягкой импортной овечьей кожи обеспечивает исключительный комфорт и воздухопроницаемость. Легкая подошва из вспененной резины гарантирует удобство при повседневной носке.\n\nРазмеры: 35-40.;23000;cn386fag2q87srw;nzg3vsvajpiv1e8;owi4kqmgzy4veqz;Для женщин;"[""https://static.yeezyunique.ru/batches/6cb9ff7b-d813-4394-8e73-aeda5d06a8f2/_duyrSPScrhwXSkRPoZ5yBQ4Hok4FcsjJynIcDlg_0.jpg"",""https://static.yeezyunique.ru/batches/6cb9ff7b-d813-4394-8e73-aeda5d06a8f2/_duyrSPScrhwXSkRPoZ5yBQ4Hok4FcsjJynIcDlg_1.jpg"",""https://static.yeezyunique.ru/batches/6cb9ff7b-d813-4394-8e73-aeda5d06a8f2/_duyrSPScrhwXSkRPoZ5yBQ4Hok4FcsjJynIcDlg_2.jpg"",""https://static.yeezyunique.ru/batches/6cb9ff7b-d813-4394-8e73-aeda5d06a8f2/_duyrSPScrhwXSkRPoZ5yBQ4Hok4FcsjJynIcDlg_3.jpg"",""https://static.yeezyunique.ru/batches/6cb9ff7b-d813-4394-8e73-aeda5d06a8f2/_duyrSPScrhwXSkRPoZ5yBQ4Hok4FcsjJynIcDlg_4.jpg"",""https://static.yeezyunique.ru/batches/6cb9ff7b-d813-4394-8e73-aeda5d06a8f2/_duyrSPScrhwXSkRPoZ5yBQ4Hok4FcsjJynIcDlg_5.jpg"",""https://static.yeezyunique.ru/batches/6cb9ff7b-d813-4394-8e73-aeda5d06a8f2/_duyrSPScrhwXSkRPoZ5yBQ4Hok4FcsjJynIcDlg_6.jpg"",""https://static.yeezyunique.ru/batches/6cb9ff7b-d813-4394-8e73-aeda5d06a8f2/_duyrSPScrhwXSkRPoZ5yBQ4Hok4FcsjJynIcDlg_7.jpg"",""https://static.yeezyunique.ru/batches/6cb9ff7b-d813-4394-8e73-aeda5d06a8f2/_duyrSPScrhwXSkRPoZ5yBQ4Hok4FcsjJynIcDlg_8.jpg""]";true
_dvOrStqvzun2FIMsL8Uv4gC3rojkFbbPf3qpvYQ;Chanel Кроссовки;Классические кроссовки в культовой черно-белой расцветке. Модель выполнена из комбинации премиальной зернистой телячьей кожи, нежной замши и дышащих сетчатых вставок, обеспечивающих комфорт в течение всего дня. Высокоэластичная подошва из материала EVA визуально удлиняет ноги и обеспечивает отличную амортизацию.\n\nРазмеры: 35-40.;23000;3wxtez8ckauz7o1;nzg3vsvajpiv1e8;ll3hofpd5wqxr81;Для женщин;"[""https://static.yeezyunique.ru/batches/6cb9ff7b-d813-4394-8e73-aeda5d06a8f2/_dvOrStqvzun2FIMsL8Uv4gC3rojkFbbPf3qpvYQ_0.jpg"",""https://static.yeezyunique.ru/batches/6cb9ff7b-d813-4394-8e73-aeda5d06a8f2/_dvOrStqvzun2FIMsL8Uv4gC3rojkFbbPf3qpvYQ_1.jpg"",""https://static.yeezyunique.ru/batches/6cb9ff7b-d813-4394-8e73-aeda5d06a8f2/_dvOrStqvzun2FIMsL8Uv4gC3rojkFbbPf3qpvYQ_2.jpg"",""https://static.yeezyunique.ru/batches/6cb9ff7b-d813-4394-8e73-aeda5d06a8f2/_dvOrStqvzun2FIMsL8Uv4gC3rojkFbbPf3qpvYQ_3.jpg"",""https://static.yeezyunique.ru/batches/6cb9ff7b-d813-4394-8e73-aeda5d06a8f2/_dvOrStqvzun2FIMsL8Uv4gC3rojkFbbPf3qpvYQ_4.jpg"",""https://static.yeezyunique.ru/batches/6cb9ff7b-d813-4394-8e73-aeda5d06a8f2/_dvOrStqvzun2FIMsL8Uv4gC3rojkFbbPf3qpvYQ_5.jpg"",""https://static.yeezyunique.ru/batches/6cb9ff7b-d813-4394-8e73-aeda5d06a8f2/_dvOrStqvzun2FIMsL8Uv4gC3rojkFbbPf3qpvYQ_6.jpg"",""https://static.yeezyunique.ru/batches/6cb9ff7b-d813-4394-8e73-aeda5d06a8f2/_dvOrStqvzun2FIMsL8Uv4gC3rojkFbbPf3qpvYQ_7.jpg"",""https://static.yeezyunique.ru/batches/6cb9ff7b-d813-4394-8e73-aeda5d06a8f2/_dvOrStqvzun2FIMsL8Uv4gC3rojkFbbPf3qpvYQ_8.jpg""]";true
_dk2rSo-4SQOCYYDWwn7hDk5oImF9sMc-kwH8bPQ;Chanel Кроссовки;Стильные кроссовки из новой коллекции, выполненные из премиальной импортной зернистой телячьей кожи в сочетании с высококачественной замшей. Модель отличается легкостью, комфортом и износостойкой подошвой из термополиуретана.\n\nРазмеры: 35-41.;23000;3wxtez8ckauz7o1;nzg3vsvajpiv1e8;ll3hofpd5wqxr81;Для женщин;"[""https://static.yeezyunique.ru/batches/6cb9ff7b-d813-4394-8e73-aeda5d06a8f2/_dk2rSo-4SQOCYYDWwn7hDk5oImF9sMc-kwH8bPQ_0.jpg"",""https://static.yeezyunique.ru/batches/6cb9ff7b-d813-4394-8e73-aeda5d06a8f2/_dk2rSo-4SQOCYYDWwn7hDk5oImF9sMc-kwH8bPQ_1.jpg"",""https://static.yeezyunique.ru/batches/6cb9ff7b-d813-4394-8e73-aeda5d06a8f2/_dk2rSo-4SQOCYYDWwn7hDk5oImF9sMc-kwH8bPQ_2.jpg"",""https://static.yeezyunique.ru/batches/6cb9ff7b-d813-4394-8e73-aeda5d06a8f2/_dk2rSo-4SQOCYYDWwn7hDk5oImF9sMc-kwH8bPQ_3.jpg"",""https://static.yeezyunique.ru/batches/6cb9ff7b-d813-4394-8e73-aeda5d06a8f2/_dk2rSo-4SQOCYYDWwn7hDk5oImF9sMc-kwH8bPQ_4.jpg"",""https://static.yeezyunique.ru/batches/6cb9ff7b-d813-4394-8e73-aeda5d06a8f2/_dk2rSo-4SQOCYYDWwn7hDk5oImF9sMc-kwH8bPQ_5.jpg"",""https://static.yeezyunique.ru/batches/6cb9ff7b-d813-4394-8e73-aeda5d06a8f2/_dk2rSo-4SQOCYYDWwn7hDk5oImF9sMc-kwH8bPQ_6.jpg"",""https://static.yeezyunique.ru/batches/6cb9ff7b-d813-4394-8e73-aeda5d06a8f2/_dk2rSo-4SQOCYYDWwn7hDk5oImF9sMc-kwH8bPQ_7.jpg"",""https://static.yeezyunique.ru/batches/6cb9ff7b-d813-4394-8e73-aeda5d06a8f2/_dk2rSo-4SQOCYYDWwn7hDk5oImF9sMc-kwH8bPQ_8.jpg""]";true
_dsbrSiEobQCl9cvciyjs0bFtUzra6_pCkd0rOCw;Chanel Кроссовки;Стильные кроссовки из новой коллекции, выполненные из премиальной импортной зернистой телячьей кожи в сочетании с высококачественной замшей. Модель отличается легкостью, комфортом и износостойкой подошвой из термополиуретана.\n\nРазмеры: 35-41.;23000;3wxtez8ckauz7o1;nzg3vsvajpiv1e8;ll3hofpd5wqxr81;Для женщин;"[""https://static.yeezyunique.ru/batches/6cb9ff7b-d813-4394-8e73-aeda5d06a8f2/_dsbrSiEobQCl9cvciyjs0bFtUzra6_pCkd0rOCw_0.jpg"",""https://static.yeezyunique.ru/batches/6cb9ff7b-d813-4394-8e73-aeda5d06a8f2/_dsbrSiEobQCl9cvciyjs0bFtUzra6_pCkd0rOCw_1.jpg"",""https://static.yeezyunique.ru/batches/6cb9ff7b-d813-4394-8e73-aeda5d06a8f2/_dsbrSiEobQCl9cvciyjs0bFtUzra6_pCkd0rOCw_2.jpg"",""https://static.yeezyunique.ru/batches/6cb9ff7b-d813-4394-8e73-aeda5d06a8f2/_dsbrSiEobQCl9cvciyjs0bFtUzra6_pCkd0rOCw_3.jpg"",""https://static.yeezyunique.ru/batches/6cb9ff7b-d813-4394-8e73-aeda5d06a8f2/_dsbrSiEobQCl9cvciyjs0bFtUzra6_pCkd0rOCw_4.jpg"",""https://static.yeezyunique.ru/batches/6cb9ff7b-d813-4394-8e73-aeda5d06a8f2/_dsbrSiEobQCl9cvciyjs0bFtUzra6_pCkd0rOCw_5.jpg"",""https://static.yeezyunique.ru/batches/6cb9ff7b-d813-4394-8e73-aeda5d06a8f2/_dsbrSiEobQCl9cvciyjs0bFtUzra6_pCkd0rOCw_6.jpg"",""https://static.yeezyunique.ru/batches/6cb9ff7b-d813-4394-8e73-aeda5d06a8f2/_dsbrSiEobQCl9cvciyjs0bFtUzra6_pCkd0rOCw_7.jpg"",""https://static.yeezyunique.ru/batches/6cb9ff7b-d813-4394-8e73-aeda5d06a8f2/_dsbrSiEobQCl9cvciyjs0bFtUzra6_pCkd0rOCw_8.jpg""]";true
_de5rSVYSzFRnUoEXtamYEB9bb0HTTabJA2w7j6A;Chanel Кроссовки;Стильные кроссовки из новой коллекции, выполненные из премиальной импортной зернистой телячьей кожи в сочетании с качественной замшей. Модель отличается легкостью, комфортом и износостойкой подошвой из термополиуретана.\n\nРазмеры: 35-41.;23000;3wxtez8ckauz7o1;nzg3vsvajpiv1e8;ll3hofpd5wqxr81;Для женщин;"[""https://static.yeezyunique.ru/batches/6cb9ff7b-d813-4394-8e73-aeda5d06a8f2/_de5rSVYSzFRnUoEXtamYEB9bb0HTTabJA2w7j6A_0.jpg"",""https://static.yeezyunique.ru/batches/6cb9ff7b-d813-4394-8e73-aeda5d06a8f2/_de5rSVYSzFRnUoEXtamYEB9bb0HTTabJA2w7j6A_1.jpg"",""https://static.yeezyunique.ru/batches/6cb9ff7b-d813-4394-8e73-aeda5d06a8f2/_de5rSVYSzFRnUoEXtamYEB9bb0HTTabJA2w7j6A_2.jpg"",""https://static.yeezyunique.ru/batches/6cb9ff7b-d813-4394-8e73-aeda5d06a8f2/_de5rSVYSzFRnUoEXtamYEB9bb0HTTabJA2w7j6A_3.jpg"",""https://static.yeezyunique.ru/batches/6cb9ff7b-d813-4394-8e73-aeda5d06a8f2/_de5rSVYSzFRnUoEXtamYEB9bb0HTTabJA2w7j6A_4.jpg"",""https://static.yeezyunique.ru/batches/6cb9ff7b-d813-4394-8e73-aeda5d06a8f2/_de5rSVYSzFRnUoEXtamYEB9bb0HTTabJA2w7j6A_5.jpg"",""https://static.yeezyunique.ru/batches/6cb9ff7b-d813-4394-8e73-aeda5d06a8f2/_de5rSVYSzFRnUoEXtamYEB9bb0HTTabJA2w7j6A_6.jpg"",""https://static.yeezyunique.ru/batches/6cb9ff7b-d813-4394-8e73-aeda5d06a8f2/_de5rSVYSzFRnUoEXtamYEB9bb0HTTabJA2w7j6A_7.jpg"",""https://static.yeezyunique.ru/batches/6cb9ff7b-d813-4394-8e73-aeda5d06a8f2/_de5rSVYSzFRnUoEXtamYEB9bb0HTTabJA2w7j6A_8.jpg""]";true
_dvUrSRi1t-ATuIbvYlJ9y4jvhize8WznSIG068A;Chanel Кроссовки;Стильные кроссовки в эффектном серебристом исполнении, которые станут ярким акцентом вашего образа. Модель выполнена из премиальной натуральной кожи с использованием высококачественной фурнитуры и износостойкой подошвы.\n\nРазмеры: 35-40.;23000;3wxtez8ckauz7o1;nzg3vsvajpiv1e8;ll3hofpd5wqxr81;Для женщин;"[""https://static.yeezyunique.ru/batches/6cb9ff7b-d813-4394-8e73-aeda5d06a8f2/_dvUrSRi1t-ATuIbvYlJ9y4jvhize8WznSIG068A_0.jpg"",""https://static.yeezyunique.ru/batches/6cb9ff7b-d813-4394-8e73-aeda5d06a8f2/_dvUrSRi1t-ATuIbvYlJ9y4jvhize8WznSIG068A_1.jpg"",""https://static.yeezyunique.ru/batches/6cb9ff7b-d813-4394-8e73-aeda5d06a8f2/_dvUrSRi1t-ATuIbvYlJ9y4jvhize8WznSIG068A_2.jpg"",""https://static.yeezyunique.ru/batches/6cb9ff7b-d813-4394-8e73-aeda5d06a8f2/_dvUrSRi1t-ATuIbvYlJ9y4jvhize8WznSIG068A_3.jpg"",""https://static.yeezyunique.ru/batches/6cb9ff7b-d813-4394-8e73-aeda5d06a8f2/_dvUrSRi1t-ATuIbvYlJ9y4jvhize8WznSIG068A_4.jpg"",""https://static.yeezyunique.ru/batches/6cb9ff7b-d813-4394-8e73-aeda5d06a8f2/_dvUrSRi1t-ATuIbvYlJ9y4jvhize8WznSIG068A_5.jpg"",""https://static.yeezyunique.ru/batches/6cb9ff7b-d813-4394-8e73-aeda5d06a8f2/_dvUrSRi1t-ATuIbvYlJ9y4jvhize8WznSIG068A_6.jpg"",""https://static.yeezyunique.ru/batches/6cb9ff7b-d813-4394-8e73-aeda5d06a8f2/_dvUrSRi1t-ATuIbvYlJ9y4jvhize8WznSIG068A_7.jpg"",""https://static.yeezyunique.ru/batches/6cb9ff7b-d813-4394-8e73-aeda5d06a8f2/_dvUrSRi1t-ATuIbvYlJ9y4jvhize8WznSIG068A_8.jpg""]";true
_dnbrSy4tTvj55IiPaihLl4qQhALg_1-_wLML-bA;Chanel Кроссовки;Стильные кроссовки в популярной расцветке, выполненные из комбинации премиальной телячьей кожи и мягкой замши. Модель дополнена дышащей внутренней отделкой и износостойкой подошвой из термополиуретана для максимального комфорта.\n\nРазмеры: 35-40.;23000;3wxtez8ckauz7o1;nzg3vsvajpiv1e8;ll3hofpd5wqxr81;Для женщин;"[""https://static.yeezyunique.ru/batches/6cb9ff7b-d813-4394-8e73-aeda5d06a8f2/_dnbrSy4tTvj55IiPaihLl4qQhALg_1-_wLML-bA_0.jpg"",""https://static.yeezyunique.ru/batches/6cb9ff7b-d813-4394-8e73-aeda5d06a8f2/_dnbrSy4tTvj55IiPaihLl4qQhALg_1-_wLML-bA_1.jpg"",""https://static.yeezyunique.ru/batches/6cb9ff7b-d813-4394-8e73-aeda5d06a8f2/_dnbrSy4tTvj55IiPaihLl4qQhALg_1-_wLML-bA_2.jpg"",""https://static.yeezyunique.ru/batches/6cb9ff7b-d813-4394-8e73-aeda5d06a8f2/_dnbrSy4tTvj55IiPaihLl4qQhALg_1-_wLML-bA_3.jpg"",""https://static.yeezyunique.ru/batches/6cb9ff7b-d813-4394-8e73-aeda5d06a8f2/_dnbrSy4tTvj55IiPaihLl4qQhALg_1-_wLML-bA_4.jpg"",""https://static.yeezyunique.ru/batches/6cb9ff7b-d813-4394-8e73-aeda5d06a8f2/_dnbrSy4tTvj55IiPaihLl4qQhALg_1-_wLML-bA_5.jpg"",""https://static.yeezyunique.ru/batches/6cb9ff7b-d813-4394-8e73-aeda5d06a8f2/_dnbrSy4tTvj55IiPaihLl4qQhALg_1-_wLML-bA_6.jpg"",""https://static.yeezyunique.ru/batches/6cb9ff7b-d813-4394-8e73-aeda5d06a8f2/_dnbrSy4tTvj55IiPaihLl4qQhALg_1-_wLML-bA_7.jpg"",""https://static.yeezyunique.ru/batches/6cb9ff7b-d813-4394-8e73-aeda5d06a8f2/_dnbrSy4tTvj55IiPaihLl4qQhALg_1-_wLML-bA_8.jpg""]";true
_d-QrSsPXDjoQ2611Nx77V4JiUde2aTtOKdPMcJA;Chanel Кроссовки;Стильные кроссовки в популярной расцветке, выполненные из комбинации премиальной телячьей кожи и мягкой замши. Модель дополнена дышащей внутренней отделкой и прочной подошвой из TPU для максимального комфорта при ходьбе.\n\nРазмеры: 35-40.;23000;3wxtez8ckauz7o1;nzg3vsvajpiv1e8;ll3hofpd5wqxr81;Для женщин;"[""https://static.yeezyunique.ru/batches/6cb9ff7b-d813-4394-8e73-aeda5d06a8f2/_d-QrSsPXDjoQ2611Nx77V4JiUde2aTtOKdPMcJA_0.jpg"",""https://static.yeezyunique.ru/batches/6cb9ff7b-d813-4394-8e73-aeda5d06a8f2/_d-QrSsPXDjoQ2611Nx77V4JiUde2aTtOKdPMcJA_1.jpg"",""https://static.yeezyunique.ru/batches/6cb9ff7b-d813-4394-8e73-aeda5d06a8f2/_d-QrSsPXDjoQ2611Nx77V4JiUde2aTtOKdPMcJA_2.jpg"",""https://static.yeezyunique.ru/batches/6cb9ff7b-d813-4394-8e73-aeda5d06a8f2/_d-QrSsPXDjoQ2611Nx77V4JiUde2aTtOKdPMcJA_3.jpg"",""https://static.yeezyunique.ru/batches/6cb9ff7b-d813-4394-8e73-aeda5d06a8f2/_d-QrSsPXDjoQ2611Nx77V4JiUde2aTtOKdPMcJA_4.jpg"",""https://static.yeezyunique.ru/batches/6cb9ff7b-d813-4394-8e73-aeda5d06a8f2/_d-QrSsPXDjoQ2611Nx77V4JiUde2aTtOKdPMcJA_5.jpg"",""https://static.yeezyunique.ru/batches/6cb9ff7b-d813-4394-8e73-aeda5d06a8f2/_d-QrSsPXDjoQ2611Nx77V4JiUde2aTtOKdPMcJA_6.jpg"",""https://static.yeezyunique.ru/batches/6cb9ff7b-d813-4394-8e73-aeda5d06a8f2/_d-QrSsPXDjoQ2611Nx77V4JiUde2aTtOKdPMcJA_7.jpg"",""https://static.yeezyunique.ru/batches/6cb9ff7b-d813-4394-8e73-aeda5d06a8f2/_d-QrSsPXDjoQ2611Nx77V4JiUde2aTtOKdPMcJA_8.jpg""]";true
_dBGrSaCQWw2z90HDIFyqVxPj_4rCrOVcdBr6_2w;Chanel Кроссовки;Стильные кроссовки в популярной расцветке, выполненные из комбинации премиальной телячьей кожи и мягкой замши. Модель дополнена дышащей внутренней отделкой и прочной подошвой из TPU для максимального комфорта при ходьбе.\n\nРазмеры: 35-40.;23000;3wxtez8ckauz7o1;nzg3vsvajpiv1e8;ll3hofpd5wqxr81;Для женщин;"[""https://static.yeezyunique.ru/batches/6cb9ff7b-d813-4394-8e73-aeda5d06a8f2/_dBGrSaCQWw2z90HDIFyqVxPj_4rCrOVcdBr6_2w_0.jpg"",""https://static.yeezyunique.ru/batches/6cb9ff7b-d813-4394-8e73-aeda5d06a8f2/_dBGrSaCQWw2z90HDIFyqVxPj_4rCrOVcdBr6_2w_1.jpg"",""https://static.yeezyunique.ru/batches/6cb9ff7b-d813-4394-8e73-aeda5d06a8f2/_dBGrSaCQWw2z90HDIFyqVxPj_4rCrOVcdBr6_2w_2.jpg"",""https://static.yeezyunique.ru/batches/6cb9ff7b-d813-4394-8e73-aeda5d06a8f2/_dBGrSaCQWw2z90HDIFyqVxPj_4rCrOVcdBr6_2w_3.jpg"",""https://static.yeezyunique.ru/batches/6cb9ff7b-d813-4394-8e73-aeda5d06a8f2/_dBGrSaCQWw2z90HDIFyqVxPj_4rCrOVcdBr6_2w_4.jpg"",""https://static.yeezyunique.ru/batches/6cb9ff7b-d813-4394-8e73-aeda5d06a8f2/_dBGrSaCQWw2z90HDIFyqVxPj_4rCrOVcdBr6_2w_5.jpg"",""https://static.yeezyunique.ru/batches/6cb9ff7b-d813-4394-8e73-aeda5d06a8f2/_dBGrSaCQWw2z90HDIFyqVxPj_4rCrOVcdBr6_2w_6.jpg"",""https://static.yeezyunique.ru/batches/6cb9ff7b-d813-4394-8e73-aeda5d06a8f2/_dBGrSaCQWw2z90HDIFyqVxPj_4rCrOVcdBr6_2w_7.jpg"",""https://static.yeezyunique.ru/batches/6cb9ff7b-d813-4394-8e73-aeda5d06a8f2/_dBGrSaCQWw2z90HDIFyqVxPj_4rCrOVcdBr6_2w_8.jpg""]";true
_dxJrSu50tJDlrlshp8RNhKOW3tnb2ZTs2ul78aw;Chanel Кроссовки;Стильные кроссовки в нежном кремовом оттенке из новой весенней коллекции. Модель выполнена из премиальной мягкой итальянской телячьей кожи с подкладкой из натуральной кожи ягненка, обеспечивающей исключительный комфорт.\n\nРазмеры: 35-40.;23000;3wxtez8ckauz7o1;nzg3vsvajpiv1e8;ll3hofpd5wqxr81;Для женщин;"[""https://static.yeezyunique.ru/batches/6cb9ff7b-d813-4394-8e73-aeda5d06a8f2/_dxJrSu50tJDlrlshp8RNhKOW3tnb2ZTs2ul78aw_0.jpg"",""https://static.yeezyunique.ru/batches/6cb9ff7b-d813-4394-8e73-aeda5d06a8f2/_dxJrSu50tJDlrlshp8RNhKOW3tnb2ZTs2ul78aw_1.jpg"",""https://static.yeezyunique.ru/batches/6cb9ff7b-d813-4394-8e73-aeda5d06a8f2/_dxJrSu50tJDlrlshp8RNhKOW3tnb2ZTs2ul78aw_2.jpg"",""https://static.yeezyunique.ru/batches/6cb9ff7b-d813-4394-8e73-aeda5d06a8f2/_dxJrSu50tJDlrlshp8RNhKOW3tnb2ZTs2ul78aw_3.jpg"",""https://static.yeezyunique.ru/batches/6cb9ff7b-d813-4394-8e73-aeda5d06a8f2/_dxJrSu50tJDlrlshp8RNhKOW3tnb2ZTs2ul78aw_4.jpg"",""https://static.yeezyunique.ru/batches/6cb9ff7b-d813-4394-8e73-aeda5d06a8f2/_dxJrSu50tJDlrlshp8RNhKOW3tnb2ZTs2ul78aw_5.jpg"",""https://static.yeezyunique.ru/batches/6cb9ff7b-d813-4394-8e73-aeda5d06a8f2/_dxJrSu50tJDlrlshp8RNhKOW3tnb2ZTs2ul78aw_6.jpg"",""https://static.yeezyunique.ru/batches/6cb9ff7b-d813-4394-8e73-aeda5d06a8f2/_dxJrSu50tJDlrlshp8RNhKOW3tnb2ZTs2ul78aw_7.jpg"",""https://static.yeezyunique.ru/batches/6cb9ff7b-d813-4394-8e73-aeda5d06a8f2/_dxJrSu50tJDlrlshp8RNhKOW3tnb2ZTs2ul78aw_8.jpg""]";true
_dZ3rSZ2XhSrt74rIVmW9UEJ1jdPfRV_xhk1xC2w;Chanel Кроссовки;Стильные кроссовки в нежном кремовом оттенке из новой весенней коллекции. Модель выполнена из премиальной мягкой итальянской телячьей кожи с подкладкой из натуральной кожи ягненка, обеспечивающей исключительный комфорт.\n\nРазмеры: 35-40.;23000;3wxtez8ckauz7o1;nzg3vsvajpiv1e8;ll3hofpd5wqxr81;Для женщин;"[""https://static.yeezyunique.ru/batches/6cb9ff7b-d813-4394-8e73-aeda5d06a8f2/_dZ3rSZ2XhSrt74rIVmW9UEJ1jdPfRV_xhk1xC2w_0.jpg"",""https://static.yeezyunique.ru/batches/6cb9ff7b-d813-4394-8e73-aeda5d06a8f2/_dZ3rSZ2XhSrt74rIVmW9UEJ1jdPfRV_xhk1xC2w_1.jpg"",""https://static.yeezyunique.ru/batches/6cb9ff7b-d813-4394-8e73-aeda5d06a8f2/_dZ3rSZ2XhSrt74rIVmW9UEJ1jdPfRV_xhk1xC2w_2.jpg"",""https://static.yeezyunique.ru/batches/6cb9ff7b-d813-4394-8e73-aeda5d06a8f2/_dZ3rSZ2XhSrt74rIVmW9UEJ1jdPfRV_xhk1xC2w_3.jpg"",""https://static.yeezyunique.ru/batches/6cb9ff7b-d813-4394-8e73-aeda5d06a8f2/_dZ3rSZ2XhSrt74rIVmW9UEJ1jdPfRV_xhk1xC2w_4.jpg"",""https://static.yeezyunique.ru/batches/6cb9ff7b-d813-4394-8e73-aeda5d06a8f2/_dZ3rSZ2XhSrt74rIVmW9UEJ1jdPfRV_xhk1xC2w_5.jpg"",""https://static.yeezyunique.ru/batches/6cb9ff7b-d813-4394-8e73-aeda5d06a8f2/_dZ3rSZ2XhSrt74rIVmW9UEJ1jdPfRV_xhk1xC2w_6.jpg"",""https://static.yeezyunique.ru/batches/6cb9ff7b-d813-4394-8e73-aeda5d06a8f2/_dZ3rSZ2XhSrt74rIVmW9UEJ1jdPfRV_xhk1xC2w_7.jpg"",""https://static.yeezyunique.ru/batches/6cb9ff7b-d813-4394-8e73-aeda5d06a8f2/_dZ3rSZ2XhSrt74rIVmW9UEJ1jdPfRV_xhk1xC2w_8.jpg""]";true
_dp9rSyk2l64BPQfMKPud4ML4wGp3XnGwMOOzRag;Chanel Кроссовки;Классические кроссовки с фирменным стеганым узором в виде ромбов. Модель выполнена из высококачественных материалов на удобной утолщенной подошве, которая визуально удлиняет ноги и обеспечивает комфорт при ходьбе.\n\nРазмеры: 35-40.;23000;3wxtez8ckauz7o1;nzg3vsvajpiv1e8;ll3hofpd5wqxr81;Для женщин;"[""https://static.yeezyunique.ru/batches/6cb9ff7b-d813-4394-8e73-aeda5d06a8f2/_dp9rSyk2l64BPQfMKPud4ML4wGp3XnGwMOOzRag_0.jpg"",""https://static.yeezyunique.ru/batches/6cb9ff7b-d813-4394-8e73-aeda5d06a8f2/_dp9rSyk2l64BPQfMKPud4ML4wGp3XnGwMOOzRag_1.jpg"",""https://static.yeezyunique.ru/batches/6cb9ff7b-d813-4394-8e73-aeda5d06a8f2/_dp9rSyk2l64BPQfMKPud4ML4wGp3XnGwMOOzRag_2.jpg"",""https://static.yeezyunique.ru/batches/6cb9ff7b-d813-4394-8e73-aeda5d06a8f2/_dp9rSyk2l64BPQfMKPud4ML4wGp3XnGwMOOzRag_3.jpg"",""https://static.yeezyunique.ru/batches/6cb9ff7b-d813-4394-8e73-aeda5d06a8f2/_dp9rSyk2l64BPQfMKPud4ML4wGp3XnGwMOOzRag_4.jpg"",""https://static.yeezyunique.ru/batches/6cb9ff7b-d813-4394-8e73-aeda5d06a8f2/_dp9rSyk2l64BPQfMKPud4ML4wGp3XnGwMOOzRag_5.jpg"",""https://static.yeezyunique.ru/batches/6cb9ff7b-d813-4394-8e73-aeda5d06a8f2/_dp9rSyk2l64BPQfMKPud4ML4wGp3XnGwMOOzRag_6.jpg"",""https://static.yeezyunique.ru/batches/6cb9ff7b-d813-4394-8e73-aeda5d06a8f2/_dp9rSyk2l64BPQfMKPud4ML4wGp3XnGwMOOzRag_7.jpg"",""https://static.yeezyunique.ru/batches/6cb9ff7b-d813-4394-8e73-aeda5d06a8f2/_dp9rSyk2l64BPQfMKPud4ML4wGp3XnGwMOOzRag_8.jpg""]";true
_dldrS7Bnskqh0YCK7DWA3iJsLuIaT8P4Bry6pZg;Chanel Кроссовки;Стильные кроссовки из премиальной комбинации натуральной кожи и высококачественного нейлона. Модель дополнена высокоточной вышивкой, дышащей сетчатой подкладкой и технологичной прозрачной подошвой из TPU для максимального комфорта.\n\nРазмеры: 35-40.;23000;3wxtez8ckauz7o1;nzg3vsvajpiv1e8;ll3hofpd5wqxr81;Для женщин;"[""https://static.yeezyunique.ru/batches/6cb9ff7b-d813-4394-8e73-aeda5d06a8f2/_dldrS7Bnskqh0YCK7DWA3iJsLuIaT8P4Bry6pZg_0.jpg"",""https://static.yeezyunique.ru/batches/6cb9ff7b-d813-4394-8e73-aeda5d06a8f2/_dldrS7Bnskqh0YCK7DWA3iJsLuIaT8P4Bry6pZg_1.jpg"",""https://static.yeezyunique.ru/batches/6cb9ff7b-d813-4394-8e73-aeda5d06a8f2/_dldrS7Bnskqh0YCK7DWA3iJsLuIaT8P4Bry6pZg_2.jpg"",""https://static.yeezyunique.ru/batches/6cb9ff7b-d813-4394-8e73-aeda5d06a8f2/_dldrS7Bnskqh0YCK7DWA3iJsLuIaT8P4Bry6pZg_3.jpg"",""https://static.yeezyunique.ru/batches/6cb9ff7b-d813-4394-8e73-aeda5d06a8f2/_dldrS7Bnskqh0YCK7DWA3iJsLuIaT8P4Bry6pZg_4.jpg"",""https://static.yeezyunique.ru/batches/6cb9ff7b-d813-4394-8e73-aeda5d06a8f2/_dldrS7Bnskqh0YCK7DWA3iJsLuIaT8P4Bry6pZg_5.jpg"",""https://static.yeezyunique.ru/batches/6cb9ff7b-d813-4394-8e73-aeda5d06a8f2/_dldrS7Bnskqh0YCK7DWA3iJsLuIaT8P4Bry6pZg_6.jpg"",""https://static.yeezyunique.ru/batches/6cb9ff7b-d813-4394-8e73-aeda5d06a8f2/_dldrS7Bnskqh0YCK7DWA3iJsLuIaT8P4Bry6pZg_7.jpg"",""https://static.yeezyunique.ru/batches/6cb9ff7b-d813-4394-8e73-aeda5d06a8f2/_dldrS7Bnskqh0YCK7DWA3iJsLuIaT8P4Bry6pZg_8.jpg""]";true
_dg0rSuWSQVn77EWNNK_7C-CrOkSQJP-qgvv3yNQ;Chanel Кроссовки;Стильные высокие кроссовки в классической черно-белой расцветке. Модель выполнена из премиальной итальянской замши с подкладкой из нежной кожи ягненка для максимального комфорта при носке.\n\nРазмеры: 35-40.;23000;3wxtez8ckauz7o1;nzg3vsvajpiv1e8;ll3hofpd5wqxr81;Для женщин;"[""https://static.yeezyunique.ru/batches/6cb9ff7b-d813-4394-8e73-aeda5d06a8f2/_dg0rSuWSQVn77EWNNK_7C-CrOkSQJP-qgvv3yNQ_0.jpg"",""https://static.yeezyunique.ru/batches/6cb9ff7b-d813-4394-8e73-aeda5d06a8f2/_dg0rSuWSQVn77EWNNK_7C-CrOkSQJP-qgvv3yNQ_1.jpg"",""https://static.yeezyunique.ru/batches/6cb9ff7b-d813-4394-8e73-aeda5d06a8f2/_dg0rSuWSQVn77EWNNK_7C-CrOkSQJP-qgvv3yNQ_2.jpg"",""https://static.yeezyunique.ru/batches/6cb9ff7b-d813-4394-8e73-aeda5d06a8f2/_dg0rSuWSQVn77EWNNK_7C-CrOkSQJP-qgvv3yNQ_3.jpg"",""https://static.yeezyunique.ru/batches/6cb9ff7b-d813-4394-8e73-aeda5d06a8f2/_dg0rSuWSQVn77EWNNK_7C-CrOkSQJP-qgvv3yNQ_4.jpg"",""https://static.yeezyunique.ru/batches/6cb9ff7b-d813-4394-8e73-aeda5d06a8f2/_dg0rSuWSQVn77EWNNK_7C-CrOkSQJP-qgvv3yNQ_5.jpg"",""https://static.yeezyunique.ru/batches/6cb9ff7b-d813-4394-8e73-aeda5d06a8f2/_dg0rSuWSQVn77EWNNK_7C-CrOkSQJP-qgvv3yNQ_6.jpg"",""https://static.yeezyunique.ru/batches/6cb9ff7b-d813-4394-8e73-aeda5d06a8f2/_dg0rSuWSQVn77EWNNK_7C-CrOkSQJP-qgvv3yNQ_7.jpg"",""https://static.yeezyunique.ru/batches/6cb9ff7b-d813-4394-8e73-aeda5d06a8f2/_dg0rSuWSQVn77EWNNK_7C-CrOkSQJP-qgvv3yNQ_8.jpg""]";true
_d_zrSe5dgbAV2bdktRJKxq0Ps3vKdcymr1HJYDw;Chanel Кроссовки;Стильные кроссовки из круизной коллекции с узнаваемым стеганым дизайном в технике капитоне. Модель выполнена из премиальной итальянской кожи и замши с подкладкой из мягкой кожи ягненка и лайкры для идеальной посадки.\n\nРазмеры: 35-40.;23000;3wxtez8ckauz7o1;nzg3vsvajpiv1e8;ll3hofpd5wqxr81;Для женщин;"[""https://static.yeezyunique.ru/batches/6cb9ff7b-d813-4394-8e73-aeda5d06a8f2/_d_zrSe5dgbAV2bdktRJKxq0Ps3vKdcymr1HJYDw_0.jpg"",""https://static.yeezyunique.ru/batches/6cb9ff7b-d813-4394-8e73-aeda5d06a8f2/_d_zrSe5dgbAV2bdktRJKxq0Ps3vKdcymr1HJYDw_1.jpg"",""https://static.yeezyunique.ru/batches/6cb9ff7b-d813-4394-8e73-aeda5d06a8f2/_d_zrSe5dgbAV2bdktRJKxq0Ps3vKdcymr1HJYDw_2.jpg"",""https://static.yeezyunique.ru/batches/6cb9ff7b-d813-4394-8e73-aeda5d06a8f2/_d_zrSe5dgbAV2bdktRJKxq0Ps3vKdcymr1HJYDw_3.jpg"",""https://static.yeezyunique.ru/batches/6cb9ff7b-d813-4394-8e73-aeda5d06a8f2/_d_zrSe5dgbAV2bdktRJKxq0Ps3vKdcymr1HJYDw_4.jpg"",""https://static.yeezyunique.ru/batches/6cb9ff7b-d813-4394-8e73-aeda5d06a8f2/_d_zrSe5dgbAV2bdktRJKxq0Ps3vKdcymr1HJYDw_5.jpg"",""https://static.yeezyunique.ru/batches/6cb9ff7b-d813-4394-8e73-aeda5d06a8f2/_d_zrSe5dgbAV2bdktRJKxq0Ps3vKdcymr1HJYDw_6.jpg"",""https://static.yeezyunique.ru/batches/6cb9ff7b-d813-4394-8e73-aeda5d06a8f2/_d_zrSe5dgbAV2bdktRJKxq0Ps3vKdcymr1HJYDw_7.jpg"",""https://static.yeezyunique.ru/batches/6cb9ff7b-d813-4394-8e73-aeda5d06a8f2/_d_zrSe5dgbAV2bdktRJKxq0Ps3vKdcymr1HJYDw_8.jpg""]";true
_dhlrSWneH5TqPmNODmMjfilx-eRohOSdOh_LuOQ;Chanel Кроссовки;Стильные кроссовки из круизной коллекции с узнаваемым стеганым дизайном в технике капитоне. Модель выполнена из премиальной итальянской кожи и замши с подкладкой из мягкой кожи ягненка и лайкры для идеальной посадки.\n\nРазмеры: 35-40.;23000;3wxtez8ckauz7o1;nzg3vsvajpiv1e8;ll3hofpd5wqxr81;Для женщин;"[""https://static.yeezyunique.ru/batches/6cb9ff7b-d813-4394-8e73-aeda5d06a8f2/_dhlrSWneH5TqPmNODmMjfilx-eRohOSdOh_LuOQ_0.jpg"",""https://static.yeezyunique.ru/batches/6cb9ff7b-d813-4394-8e73-aeda5d06a8f2/_dhlrSWneH5TqPmNODmMjfilx-eRohOSdOh_LuOQ_1.jpg"",""https://static.yeezyunique.ru/batches/6cb9ff7b-d813-4394-8e73-aeda5d06a8f2/_dhlrSWneH5TqPmNODmMjfilx-eRohOSdOh_LuOQ_2.jpg"",""https://static.yeezyunique.ru/batches/6cb9ff7b-d813-4394-8e73-aeda5d06a8f2/_dhlrSWneH5TqPmNODmMjfilx-eRohOSdOh_LuOQ_3.jpg"",""https://static.yeezyunique.ru/batches/6cb9ff7b-d813-4394-8e73-aeda5d06a8f2/_dhlrSWneH5TqPmNODmMjfilx-eRohOSdOh_LuOQ_4.jpg"",""https://static.yeezyunique.ru/batches/6cb9ff7b-d813-4394-8e73-aeda5d06a8f2/_dhlrSWneH5TqPmNODmMjfilx-eRohOSdOh_LuOQ_5.jpg"",""https://static.yeezyunique.ru/batches/6cb9ff7b-d813-4394-8e73-aeda5d06a8f2/_dhlrSWneH5TqPmNODmMjfilx-eRohOSdOh_LuOQ_6.jpg"",""https://static.yeezyunique.ru/batches/6cb9ff7b-d813-4394-8e73-aeda5d06a8f2/_dhlrSWneH5TqPmNODmMjfilx-eRohOSdOh_LuOQ_7.jpg"",""https://static.yeezyunique.ru/batches/6cb9ff7b-d813-4394-8e73-aeda5d06a8f2/_dhlrSWneH5TqPmNODmMjfilx-eRohOSdOh_LuOQ_8.jpg""]";true
_dbcrSQhKXPwIrlmgCriM6jXAGkmBNBw7yh3WVYw;Chanel Кроссовки;Стильные кроссовки из мягкой и эластичной премиальной телячьей кожи. Модель дополнена подкладкой из натуральной кожи ягненка и легкой комбинированной подошвой из IP и TPU для максимального комфорта.\n\nРазмеры: 35-40.;23000;3wxtez8ckauz7o1;nzg3vsvajpiv1e8;ll3hofpd5wqxr81;Для женщин;"[""https://static.yeezyunique.ru/batches/6cb9ff7b-d813-4394-8e73-aeda5d06a8f2/_dbcrSQhKXPwIrlmgCriM6jXAGkmBNBw7yh3WVYw_0.jpg"",""https://static.yeezyunique.ru/batches/6cb9ff7b-d813-4394-8e73-aeda5d06a8f2/_dbcrSQhKXPwIrlmgCriM6jXAGkmBNBw7yh3WVYw_1.jpg"",""https://static.yeezyunique.ru/batches/6cb9ff7b-d813-4394-8e73-aeda5d06a8f2/_dbcrSQhKXPwIrlmgCriM6jXAGkmBNBw7yh3WVYw_2.jpg"",""https://static.yeezyunique.ru/batches/6cb9ff7b-d813-4394-8e73-aeda5d06a8f2/_dbcrSQhKXPwIrlmgCriM6jXAGkmBNBw7yh3WVYw_3.jpg"",""https://static.yeezyunique.ru/batches/6cb9ff7b-d813-4394-8e73-aeda5d06a8f2/_dbcrSQhKXPwIrlmgCriM6jXAGkmBNBw7yh3WVYw_4.jpg"",""https://static.yeezyunique.ru/batches/6cb9ff7b-d813-4394-8e73-aeda5d06a8f2/_dbcrSQhKXPwIrlmgCriM6jXAGkmBNBw7yh3WVYw_5.jpg"",""https://static.yeezyunique.ru/batches/6cb9ff7b-d813-4394-8e73-aeda5d06a8f2/_dbcrSQhKXPwIrlmgCriM6jXAGkmBNBw7yh3WVYw_6.jpg"",""https://static.yeezyunique.ru/batches/6cb9ff7b-d813-4394-8e73-aeda5d06a8f2/_dbcrSQhKXPwIrlmgCriM6jXAGkmBNBw7yh3WVYw_7.jpg"",""https://static.yeezyunique.ru/batches/6cb9ff7b-d813-4394-8e73-aeda5d06a8f2/_dbcrSQhKXPwIrlmgCriM6jXAGkmBNBw7yh3WVYw_8.jpg""]";true
_dswrSqeD9E2qrcPPprNpg9LYGdjRrkBa2NEMCzQ;Chanel Кроссовки;Стильные кроссовки из мягкой и эластичной премиальной телячьей кожи. Модель дополнена подкладкой из натуральной кожи ягненка и легкой комбинированной подошвой из IP и TPU для максимального комфорта при ходьбе.\n\nРазмеры: 35-40.;23000;3wxtez8ckauz7o1;nzg3vsvajpiv1e8;ll3hofpd5wqxr81;Для женщин;"[""https://static.yeezyunique.ru/batches/6cb9ff7b-d813-4394-8e73-aeda5d06a8f2/_dswrSqeD9E2qrcPPprNpg9LYGdjRrkBa2NEMCzQ_0.jpg"",""https://static.yeezyunique.ru/batches/6cb9ff7b-d813-4394-8e73-aeda5d06a8f2/_dswrSqeD9E2qrcPPprNpg9LYGdjRrkBa2NEMCzQ_1.jpg"",""https://static.yeezyunique.ru/batches/6cb9ff7b-d813-4394-8e73-aeda5d06a8f2/_dswrSqeD9E2qrcPPprNpg9LYGdjRrkBa2NEMCzQ_2.jpg"",""https://static.yeezyunique.ru/batches/6cb9ff7b-d813-4394-8e73-aeda5d06a8f2/_dswrSqeD9E2qrcPPprNpg9LYGdjRrkBa2NEMCzQ_3.jpg"",""https://static.yeezyunique.ru/batches/6cb9ff7b-d813-4394-8e73-aeda5d06a8f2/_dswrSqeD9E2qrcPPprNpg9LYGdjRrkBa2NEMCzQ_4.jpg"",""https://static.yeezyunique.ru/batches/6cb9ff7b-d813-4394-8e73-aeda5d06a8f2/_dswrSqeD9E2qrcPPprNpg9LYGdjRrkBa2NEMCzQ_5.jpg"",""https://static.yeezyunique.ru/batches/6cb9ff7b-d813-4394-8e73-aeda5d06a8f2/_dswrSqeD9E2qrcPPprNpg9LYGdjRrkBa2NEMCzQ_6.jpg"",""https://static.yeezyunique.ru/batches/6cb9ff7b-d813-4394-8e73-aeda5d06a8f2/_dswrSqeD9E2qrcPPprNpg9LYGdjRrkBa2NEMCzQ_7.jpg"",""https://static.yeezyunique.ru/batches/6cb9ff7b-d813-4394-8e73-aeda5d06a8f2/_dswrSqeD9E2qrcPPprNpg9LYGdjRrkBa2NEMCzQ_8.jpg""]";true
_dngrSKY4TMxajUwU9hJXVkt1g2OY6rdcV5zszzA;Chanel Кроссовки;Стильные кроссовки в классической черно-белой расцветке. Модель выполнена из премиальной зернистой телячьей кожи в сочетании с элементами из лакированной кожи, обеспечивающими превосходную текстуру. Внутренняя отделка из дышащего материала и прочная подошва из термополиуретана гарантируют комфорт при повседневной носке.\n\nРазмеры: 35-40.;23000;3wxtez8ckauz7o1;nzg3vsvajpiv1e8;ll3hofpd5wqxr81;Для женщин;"[""https://static.yeezyunique.ru/batches/6cb9ff7b-d813-4394-8e73-aeda5d06a8f2/_dngrSKY4TMxajUwU9hJXVkt1g2OY6rdcV5zszzA_0.jpg"",""https://static.yeezyunique.ru/batches/6cb9ff7b-d813-4394-8e73-aeda5d06a8f2/_dngrSKY4TMxajUwU9hJXVkt1g2OY6rdcV5zszzA_1.jpg"",""https://static.yeezyunique.ru/batches/6cb9ff7b-d813-4394-8e73-aeda5d06a8f2/_dngrSKY4TMxajUwU9hJXVkt1g2OY6rdcV5zszzA_2.jpg"",""https://static.yeezyunique.ru/batches/6cb9ff7b-d813-4394-8e73-aeda5d06a8f2/_dngrSKY4TMxajUwU9hJXVkt1g2OY6rdcV5zszzA_3.jpg"",""https://static.yeezyunique.ru/batches/6cb9ff7b-d813-4394-8e73-aeda5d06a8f2/_dngrSKY4TMxajUwU9hJXVkt1g2OY6rdcV5zszzA_4.jpg"",""https://static.yeezyunique.ru/batches/6cb9ff7b-d813-4394-8e73-aeda5d06a8f2/_dngrSKY4TMxajUwU9hJXVkt1g2OY6rdcV5zszzA_5.jpg"",""https://static.yeezyunique.ru/batches/6cb9ff7b-d813-4394-8e73-aeda5d06a8f2/_dngrSKY4TMxajUwU9hJXVkt1g2OY6rdcV5zszzA_6.jpg"",""https://static.yeezyunique.ru/batches/6cb9ff7b-d813-4394-8e73-aeda5d06a8f2/_dngrSKY4TMxajUwU9hJXVkt1g2OY6rdcV5zszzA_7.jpg"",""https://static.yeezyunique.ru/batches/6cb9ff7b-d813-4394-8e73-aeda5d06a8f2/_dngrSKY4TMxajUwU9hJXVkt1g2OY6rdcV5zszzA_8.jpg""]";true
_dQgrS38G3R-WVcrCUL7_9USLgarOQuuOHcZfbKw;Chanel Кроссовки;Стильные кроссовки с фирменным стеганым дизайном в классической черно-белой расцветке. Модель выполнена из премиальной замши в сочетании с мягкой овчиной, обеспечивающей тепло и комфорт, а внутренняя отделка из натуральной кожи ягненка гарантирует идеальную посадку.\n\nРазмеры: 35-40.;23000;3wxtez8ckauz7o1;nzg3vsvajpiv1e8;ll3hofpd5wqxr81;Для женщин;"[""https://static.yeezyunique.ru/batches/6cb9ff7b-d813-4394-8e73-aeda5d06a8f2/_dQgrS38G3R-WVcrCUL7_9USLgarOQuuOHcZfbKw_0.jpg"",""https://static.yeezyunique.ru/batches/6cb9ff7b-d813-4394-8e73-aeda5d06a8f2/_dQgrS38G3R-WVcrCUL7_9USLgarOQuuOHcZfbKw_1.jpg"",""https://static.yeezyunique.ru/batches/6cb9ff7b-d813-4394-8e73-aeda5d06a8f2/_dQgrS38G3R-WVcrCUL7_9USLgarOQuuOHcZfbKw_2.jpg"",""https://static.yeezyunique.ru/batches/6cb9ff7b-d813-4394-8e73-aeda5d06a8f2/_dQgrS38G3R-WVcrCUL7_9USLgarOQuuOHcZfbKw_3.jpg"",""https://static.yeezyunique.ru/batches/6cb9ff7b-d813-4394-8e73-aeda5d06a8f2/_dQgrS38G3R-WVcrCUL7_9USLgarOQuuOHcZfbKw_4.jpg"",""https://static.yeezyunique.ru/batches/6cb9ff7b-d813-4394-8e73-aeda5d06a8f2/_dQgrS38G3R-WVcrCUL7_9USLgarOQuuOHcZfbKw_5.jpg"",""https://static.yeezyunique.ru/batches/6cb9ff7b-d813-4394-8e73-aeda5d06a8f2/_dQgrS38G3R-WVcrCUL7_9USLgarOQuuOHcZfbKw_6.jpg"",""https://static.yeezyunique.ru/batches/6cb9ff7b-d813-4394-8e73-aeda5d06a8f2/_dQgrS38G3R-WVcrCUL7_9USLgarOQuuOHcZfbKw_7.jpg"",""https://static.yeezyunique.ru/batches/6cb9ff7b-d813-4394-8e73-aeda5d06a8f2/_dQgrS38G3R-WVcrCUL7_9USLgarOQuuOHcZfbKw_8.jpg""]";true
_dq5rSdfbYNXhKU-caK_h6SDZuldikRMf8QcS2-A;Chanel Кроссовки;Стильные кроссовки с фирменным стеганым дизайном в классической черно-белой расцветке. Модель выполнена из комбинации премиальной замши и натуральной телячьей кожи с дышащей внутренней отделкой и прочной подошвой из TPU.\n\nРазмеры: 35-40.;23000;3wxtez8ckauz7o1;nzg3vsvajpiv1e8;ll3hofpd5wqxr81;Для женщин;"[""https://static.yeezyunique.ru/batches/6cb9ff7b-d813-4394-8e73-aeda5d06a8f2/_dq5rSdfbYNXhKU-caK_h6SDZuldikRMf8QcS2-A_0.jpg"",""https://static.yeezyunique.ru/batches/6cb9ff7b-d813-4394-8e73-aeda5d06a8f2/_dq5rSdfbYNXhKU-caK_h6SDZuldikRMf8QcS2-A_1.jpg"",""https://static.yeezyunique.ru/batches/6cb9ff7b-d813-4394-8e73-aeda5d06a8f2/_dq5rSdfbYNXhKU-caK_h6SDZuldikRMf8QcS2-A_2.jpg"",""https://static.yeezyunique.ru/batches/6cb9ff7b-d813-4394-8e73-aeda5d06a8f2/_dq5rSdfbYNXhKU-caK_h6SDZuldikRMf8QcS2-A_3.jpg"",""https://static.yeezyunique.ru/batches/6cb9ff7b-d813-4394-8e73-aeda5d06a8f2/_dq5rSdfbYNXhKU-caK_h6SDZuldikRMf8QcS2-A_4.jpg"",""https://static.yeezyunique.ru/batches/6cb9ff7b-d813-4394-8e73-aeda5d06a8f2/_dq5rSdfbYNXhKU-caK_h6SDZuldikRMf8QcS2-A_5.jpg"",""https://static.yeezyunique.ru/batches/6cb9ff7b-d813-4394-8e73-aeda5d06a8f2/_dq5rSdfbYNXhKU-caK_h6SDZuldikRMf8QcS2-A_6.jpg"",""https://static.yeezyunique.ru/batches/6cb9ff7b-d813-4394-8e73-aeda5d06a8f2/_dq5rSdfbYNXhKU-caK_h6SDZuldikRMf8QcS2-A_7.jpg"",""https://static.yeezyunique.ru/batches/6cb9ff7b-d813-4394-8e73-aeda5d06a8f2/_dq5rSdfbYNXhKU-caK_h6SDZuldikRMf8QcS2-A_8.jpg""]";true
_dcDrSVScJeKVqQ53y8TDjAif_obYBcWuefcK7GA;Chanel Кроссовки;Стильные кроссовки с фирменным стеганым дизайном в классической черно-белой расцветке. Модель выполнена из комбинации премиальной замши и натуральной телячьей кожи с дышащей внутренней отделкой и прочной подошвой из TPU.\n\nРазмеры: 35-40.;23000;3wxtez8ckauz7o1;nzg3vsvajpiv1e8;ll3hofpd5wqxr81;Для женщин;"[""https://static.yeezyunique.ru/batches/6cb9ff7b-d813-4394-8e73-aeda5d06a8f2/_dcDrSVScJeKVqQ53y8TDjAif_obYBcWuefcK7GA_0.jpg"",""https://static.yeezyunique.ru/batches/6cb9ff7b-d813-4394-8e73-aeda5d06a8f2/_dcDrSVScJeKVqQ53y8TDjAif_obYBcWuefcK7GA_1.jpg"",""https://static.yeezyunique.ru/batches/6cb9ff7b-d813-4394-8e73-aeda5d06a8f2/_dcDrSVScJeKVqQ53y8TDjAif_obYBcWuefcK7GA_2.jpg"",""https://static.yeezyunique.ru/batches/6cb9ff7b-d813-4394-8e73-aeda5d06a8f2/_dcDrSVScJeKVqQ53y8TDjAif_obYBcWuefcK7GA_3.jpg"",""https://static.yeezyunique.ru/batches/6cb9ff7b-d813-4394-8e73-aeda5d06a8f2/_dcDrSVScJeKVqQ53y8TDjAif_obYBcWuefcK7GA_4.jpg"",""https://static.yeezyunique.ru/batches/6cb9ff7b-d813-4394-8e73-aeda5d06a8f2/_dcDrSVScJeKVqQ53y8TDjAif_obYBcWuefcK7GA_5.jpg"",""https://static.yeezyunique.ru/batches/6cb9ff7b-d813-4394-8e73-aeda5d06a8f2/_dcDrSVScJeKVqQ53y8TDjAif_obYBcWuefcK7GA_6.jpg"",""https://static.yeezyunique.ru/batches/6cb9ff7b-d813-4394-8e73-aeda5d06a8f2/_dcDrSVScJeKVqQ53y8TDjAif_obYBcWuefcK7GA_7.jpg"",""https://static.yeezyunique.ru/batches/6cb9ff7b-d813-4394-8e73-aeda5d06a8f2/_dcDrSVScJeKVqQ53y8TDjAif_obYBcWuefcK7GA_8.jpg""]";true
_dhlrSWneH5TuPmNCDmcvcjVxzfhQmOSdOh_LuOQ;Chanel Кроссовки;Стильные кроссовки с фирменным стеганым дизайном в классической черно-белой расцветке. Модель выполнена из комбинации премиальной замши и натуральной телячьей кожи с дышащей внутренней отделкой и прочной подошвой из TPU.\n\nРазмеры: 35-40.;23000;3wxtez8ckauz7o1;nzg3vsvajpiv1e8;ll3hofpd5wqxr81;Для женщин;"[""https://static.yeezyunique.ru/batches/6cb9ff7b-d813-4394-8e73-aeda5d06a8f2/_dhlrSWneH5TuPmNCDmcvcjVxzfhQmOSdOh_LuOQ_0.jpg"",""https://static.yeezyunique.ru/batches/6cb9ff7b-d813-4394-8e73-aeda5d06a8f2/_dhlrSWneH5TuPmNCDmcvcjVxzfhQmOSdOh_LuOQ_1.jpg"",""https://static.yeezyunique.ru/batches/6cb9ff7b-d813-4394-8e73-aeda5d06a8f2/_dhlrSWneH5TuPmNCDmcvcjVxzfhQmOSdOh_LuOQ_2.jpg"",""https://static.yeezyunique.ru/batches/6cb9ff7b-d813-4394-8e73-aeda5d06a8f2/_dhlrSWneH5TuPmNCDmcvcjVxzfhQmOSdOh_LuOQ_3.jpg"",""https://static.yeezyunique.ru/batches/6cb9ff7b-d813-4394-8e73-aeda5d06a8f2/_dhlrSWneH5TuPmNCDmcvcjVxzfhQmOSdOh_LuOQ_4.jpg"",""https://static.yeezyunique.ru/batches/6cb9ff7b-d813-4394-8e73-aeda5d06a8f2/_dhlrSWneH5TuPmNCDmcvcjVxzfhQmOSdOh_LuOQ_5.jpg"",""https://static.yeezyunique.ru/batches/6cb9ff7b-d813-4394-8e73-aeda5d06a8f2/_dhlrSWneH5TuPmNCDmcvcjVxzfhQmOSdOh_LuOQ_6.jpg"",""https://static.yeezyunique.ru/batches/6cb9ff7b-d813-4394-8e73-aeda5d06a8f2/_dhlrSWneH5TuPmNCDmcvcjVxzfhQmOSdOh_LuOQ_7.jpg"",""https://static.yeezyunique.ru/batches/6cb9ff7b-d813-4394-8e73-aeda5d06a8f2/_dhlrSWneH5TuPmNCDmcvcjVxzfhQmOSdOh_LuOQ_8.jpg""]";true
_dmzrSoRzLs-IFJ8nr7oBHAO2w0E_ebHA5AHUvSQ;Chanel Кроссовки;Стильные кроссовки с фирменным стеганым дизайном в классической черно-белой расцветке. Модель выполнена из комбинации премиальной замши и натуральной телячьей кожи с дышащей внутренней отделкой и прочной подошвой из TPU.\n\nРазмеры: 35-40.;23000;3wxtez8ckauz7o1;nzg3vsvajpiv1e8;ll3hofpd5wqxr81;Для женщин;"[""https://static.yeezyunique.ru/batches/6cb9ff7b-d813-4394-8e73-aeda5d06a8f2/_dmzrSoRzLs-IFJ8nr7oBHAO2w0E_ebHA5AHUvSQ_0.jpg"",""https://static.yeezyunique.ru/batches/6cb9ff7b-d813-4394-8e73-aeda5d06a8f2/_dmzrSoRzLs-IFJ8nr7oBHAO2w0E_ebHA5AHUvSQ_1.jpg"",""https://static.yeezyunique.ru/batches/6cb9ff7b-d813-4394-8e73-aeda5d06a8f2/_dmzrSoRzLs-IFJ8nr7oBHAO2w0E_ebHA5AHUvSQ_2.jpg"",""https://static.yeezyunique.ru/batches/6cb9ff7b-d813-4394-8e73-aeda5d06a8f2/_dmzrSoRzLs-IFJ8nr7oBHAO2w0E_ebHA5AHUvSQ_3.jpg"",""https://static.yeezyunique.ru/batches/6cb9ff7b-d813-4394-8e73-aeda5d06a8f2/_dmzrSoRzLs-IFJ8nr7oBHAO2w0E_ebHA5AHUvSQ_4.jpg"",""https://static.yeezyunique.ru/batches/6cb9ff7b-d813-4394-8e73-aeda5d06a8f2/_dmzrSoRzLs-IFJ8nr7oBHAO2w0E_ebHA5AHUvSQ_5.jpg"",""https://static.yeezyunique.ru/batches/6cb9ff7b-d813-4394-8e73-aeda5d06a8f2/_dmzrSoRzLs-IFJ8nr7oBHAO2w0E_ebHA5AHUvSQ_6.jpg"",""https://static.yeezyunique.ru/batches/6cb9ff7b-d813-4394-8e73-aeda5d06a8f2/_dmzrSoRzLs-IFJ8nr7oBHAO2w0E_ebHA5AHUvSQ_7.jpg"",""https://static.yeezyunique.ru/batches/6cb9ff7b-d813-4394-8e73-aeda5d06a8f2/_dmzrSoRzLs-IFJ8nr7oBHAO2w0E_ebHA5AHUvSQ_8.jpg""]";true
_d97rSSY9oBHyLBWm6i6-MeUgEPopjvJydZbHwjg;Loro Piana Кроссовки;Стильные кроссовки Tennis Walk, выполненные из премиальной итальянской кожи с невероятно нежной и гладкой текстурой. Модель отличается лаконичным дизайном и дополнена износостойкой подошвой из каучука для максимального комфорта.\n\nРазмеры: 35-42 (женские), 39-46 (мужские).;23000;5f3npdmxcv8f190;nzg3vsvajpiv1e8;ll3hofpd5wqxr81;Унисекс;"[""https://static.yeezyunique.ru/batches/6cb9ff7b-d813-4394-8e73-aeda5d06a8f2/_d97rSSY9oBHyLBWm6i6-MeUgEPopjvJydZbHwjg_0.jpg"",""https://static.yeezyunique.ru/batches/6cb9ff7b-d813-4394-8e73-aeda5d06a8f2/_d97rSSY9oBHyLBWm6i6-MeUgEPopjvJydZbHwjg_1.jpg"",""https://static.yeezyunique.ru/batches/6cb9ff7b-d813-4394-8e73-aeda5d06a8f2/_d97rSSY9oBHyLBWm6i6-MeUgEPopjvJydZbHwjg_2.jpg"",""https://static.yeezyunique.ru/batches/6cb9ff7b-d813-4394-8e73-aeda5d06a8f2/_d97rSSY9oBHyLBWm6i6-MeUgEPopjvJydZbHwjg_3.jpg"",""https://static.yeezyunique.ru/batches/6cb9ff7b-d813-4394-8e73-aeda5d06a8f2/_d97rSSY9oBHyLBWm6i6-MeUgEPopjvJydZbHwjg_4.jpg"",""https://static.yeezyunique.ru/batches/6cb9ff7b-d813-4394-8e73-aeda5d06a8f2/_d97rSSY9oBHyLBWm6i6-MeUgEPopjvJydZbHwjg_5.jpg"",""https://static.yeezyunique.ru/batches/6cb9ff7b-d813-4394-8e73-aeda5d06a8f2/_d97rSSY9oBHyLBWm6i6-MeUgEPopjvJydZbHwjg_6.jpg"",""https://static.yeezyunique.ru/batches/6cb9ff7b-d813-4394-8e73-aeda5d06a8f2/_d97rSSY9oBHyLBWm6i6-MeUgEPopjvJydZbHwjg_7.jpg"",""https://static.yeezyunique.ru/batches/6cb9ff7b-d813-4394-8e73-aeda5d06a8f2/_d97rSSY9oBHyLBWm6i6-MeUgEPopjvJydZbHwjg_8.jpg""]";true
_diErSdjDBX7RnE5mqo8z4TWj5j99ZnYVaCxtafg;Loro Piana Кроссовки;Элегантные кроссовки Tennis Walk, выполненные из премиальной итальянской кожи с невероятно мягкой и细腻 текстурой. Модель отличается лаконичным дизайном, который идеально дополняет любой образ и визуально корректирует форму стопы, обеспечивая комфорт благодаря износостойкой резиновой подошве.\n\nРазмеры: 35-42 (женские), 39-46 (мужские).;23000;5f3npdmxcv8f190;nzg3vsvajpiv1e8;ll3hofpd5wqxr81;Унисекс;"[""https://static.yeezyunique.ru/batches/6cb9ff7b-d813-4394-8e73-aeda5d06a8f2/_diErSdjDBX7RnE5mqo8z4TWj5j99ZnYVaCxtafg_0.jpg"",""https://static.yeezyunique.ru/batches/6cb9ff7b-d813-4394-8e73-aeda5d06a8f2/_diErSdjDBX7RnE5mqo8z4TWj5j99ZnYVaCxtafg_1.jpg"",""https://static.yeezyunique.ru/batches/6cb9ff7b-d813-4394-8e73-aeda5d06a8f2/_diErSdjDBX7RnE5mqo8z4TWj5j99ZnYVaCxtafg_2.jpg"",""https://static.yeezyunique.ru/batches/6cb9ff7b-d813-4394-8e73-aeda5d06a8f2/_diErSdjDBX7RnE5mqo8z4TWj5j99ZnYVaCxtafg_3.jpg"",""https://static.yeezyunique.ru/batches/6cb9ff7b-d813-4394-8e73-aeda5d06a8f2/_diErSdjDBX7RnE5mqo8z4TWj5j99ZnYVaCxtafg_4.jpg"",""https://static.yeezyunique.ru/batches/6cb9ff7b-d813-4394-8e73-aeda5d06a8f2/_diErSdjDBX7RnE5mqo8z4TWj5j99ZnYVaCxtafg_5.jpg"",""https://static.yeezyunique.ru/batches/6cb9ff7b-d813-4394-8e73-aeda5d06a8f2/_diErSdjDBX7RnE5mqo8z4TWj5j99ZnYVaCxtafg_6.jpg"",""https://static.yeezyunique.ru/batches/6cb9ff7b-d813-4394-8e73-aeda5d06a8f2/_diErSdjDBX7RnE5mqo8z4TWj5j99ZnYVaCxtafg_7.jpg"",""https://static.yeezyunique.ru/batches/6cb9ff7b-d813-4394-8e73-aeda5d06a8f2/_diErSdjDBX7RnE5mqo8z4TWj5j99ZnYVaCxtafg_8.jpg""]";true
_duLrS5eOTQz26mldjoJkunKLU26TbD_h9C3-Vkw;Salomon Кроссовки;Функциональные кроссовки Salomon XA PRO 3D, сочетающие в себе современные материалы и стильный дизайн. Модель вдохновлена профессиональной обувью для трейлраннинга, обеспечивая превосходную поддержку и комфорт как в городских условиях, так и во время активного отдыха на природе.\n\nРазмеры: 36-46 (унисекс).;23000;2pkg7t2frmcwlzb;nzg3vsvajpiv1e8;ll3hofpd5wqxr81;Унисекс;"[""https://static.yeezyunique.ru/batches/6cb9ff7b-d813-4394-8e73-aeda5d06a8f2/_duLrS5eOTQz26mldjoJkunKLU26TbD_h9C3-Vkw_0.jpg"",""https://static.yeezyunique.ru/batches/6cb9ff7b-d813-4394-8e73-aeda5d06a8f2/_duLrS5eOTQz26mldjoJkunKLU26TbD_h9C3-Vkw_1.jpg"",""https://static.yeezyunique.ru/batches/6cb9ff7b-d813-4394-8e73-aeda5d06a8f2/_duLrS5eOTQz26mldjoJkunKLU26TbD_h9C3-Vkw_2.jpg"",""https://static.yeezyunique.ru/batches/6cb9ff7b-d813-4394-8e73-aeda5d06a8f2/_duLrS5eOTQz26mldjoJkunKLU26TbD_h9C3-Vkw_3.jpg"",""https://static.yeezyunique.ru/batches/6cb9ff7b-d813-4394-8e73-aeda5d06a8f2/_duLrS5eOTQz26mldjoJkunKLU26TbD_h9C3-Vkw_4.jpg"",""https://static.yeezyunique.ru/batches/6cb9ff7b-d813-4394-8e73-aeda5d06a8f2/_duLrS5eOTQz26mldjoJkunKLU26TbD_h9C3-Vkw_5.jpg"",""https://static.yeezyunique.ru/batches/6cb9ff7b-d813-4394-8e73-aeda5d06a8f2/_duLrS5eOTQz26mldjoJkunKLU26TbD_h9C3-Vkw_6.jpg"",""https://static.yeezyunique.ru/batches/6cb9ff7b-d813-4394-8e73-aeda5d06a8f2/_duLrS5eOTQz26mldjoJkunKLU26TbD_h9C3-Vkw_7.jpg"",""https://static.yeezyunique.ru/batches/6cb9ff7b-d813-4394-8e73-aeda5d06a8f2/_duLrS5eOTQz26mldjoJkunKLU26TbD_h9C3-Vkw_8.jpg""]";true
_dmdrSOI8mxrcvAnLJRHNLqDphhvVhhA5cbEfsDQ;Dior Кеды;Стильные кеды на платформе с изысканной вышивкой, выполненные из премиальных материалов с теплой подкладкой из натуральной шерсти. Дизайн с объемным декором визуально удлиняет ноги, а высокая подошва обеспечивает комфорт и эффектный подъем.\n\nРазмеры: 35-40.;23000;ivacgwvpdne0t35;nzg3vsvajpiv1e8;owi4kqmgzy4veqz;Для женщин;"[""https://static.yeezyunique.ru/batches/6cb9ff7b-d813-4394-8e73-aeda5d06a8f2/_dmdrSOI8mxrcvAnLJRHNLqDphhvVhhA5cbEfsDQ_0.jpg"",""https://static.yeezyunique.ru/batches/6cb9ff7b-d813-4394-8e73-aeda5d06a8f2/_dmdrSOI8mxrcvAnLJRHNLqDphhvVhhA5cbEfsDQ_1.jpg"",""https://static.yeezyunique.ru/batches/6cb9ff7b-d813-4394-8e73-aeda5d06a8f2/_dmdrSOI8mxrcvAnLJRHNLqDphhvVhhA5cbEfsDQ_2.jpg"",""https://static.yeezyunique.ru/batches/6cb9ff7b-d813-4394-8e73-aeda5d06a8f2/_dmdrSOI8mxrcvAnLJRHNLqDphhvVhhA5cbEfsDQ_3.jpg"",""https://static.yeezyunique.ru/batches/6cb9ff7b-d813-4394-8e73-aeda5d06a8f2/_dmdrSOI8mxrcvAnLJRHNLqDphhvVhhA5cbEfsDQ_4.jpg"",""https://static.yeezyunique.ru/batches/6cb9ff7b-d813-4394-8e73-aeda5d06a8f2/_dmdrSOI8mxrcvAnLJRHNLqDphhvVhhA5cbEfsDQ_5.jpg"",""https://static.yeezyunique.ru/batches/6cb9ff7b-d813-4394-8e73-aeda5d06a8f2/_dmdrSOI8mxrcvAnLJRHNLqDphhvVhhA5cbEfsDQ_6.jpg"",""https://static.yeezyunique.ru/batches/6cb9ff7b-d813-4394-8e73-aeda5d06a8f2/_dmdrSOI8mxrcvAnLJRHNLqDphhvVhhA5cbEfsDQ_7.jpg"",""https://static.yeezyunique.ru/batches/6cb9ff7b-d813-4394-8e73-aeda5d06a8f2/_dmdrSOI8mxrcvAnLJRHNLqDphhvVhhA5cbEfsDQ_8.jpg""]";true
_dsnrSoTHMt2-6e5DFIdMT3te28yk7G8hrDcmm-A;Dior Кеды;Стильные кеды на платформе с изысканной вышивкой, выполненные из премиальных материалов с теплой подкладкой из натуральной шерсти. Дизайн с объемным декором визуально удлиняет ноги, а высокая подошва обеспечивает комфорт и эффектный подъем.\n\nРазмеры: 35-40.;23000;ivacgwvpdne0t35;nzg3vsvajpiv1e8;owi4kqmgzy4veqz;Для женщин;"[""https://static.yeezyunique.ru/batches/6cb9ff7b-d813-4394-8e73-aeda5d06a8f2/_dsnrSoTHMt2-6e5DFIdMT3te28yk7G8hrDcmm-A_0.jpg"",""https://static.yeezyunique.ru/batches/6cb9ff7b-d813-4394-8e73-aeda5d06a8f2/_dsnrSoTHMt2-6e5DFIdMT3te28yk7G8hrDcmm-A_1.jpg"",""https://static.yeezyunique.ru/batches/6cb9ff7b-d813-4394-8e73-aeda5d06a8f2/_dsnrSoTHMt2-6e5DFIdMT3te28yk7G8hrDcmm-A_2.jpg"",""https://static.yeezyunique.ru/batches/6cb9ff7b-d813-4394-8e73-aeda5d06a8f2/_dsnrSoTHMt2-6e5DFIdMT3te28yk7G8hrDcmm-A_3.jpg"",""https://static.yeezyunique.ru/batches/6cb9ff7b-d813-4394-8e73-aeda5d06a8f2/_dsnrSoTHMt2-6e5DFIdMT3te28yk7G8hrDcmm-A_4.jpg"",""https://static.yeezyunique.ru/batches/6cb9ff7b-d813-4394-8e73-aeda5d06a8f2/_dsnrSoTHMt2-6e5DFIdMT3te28yk7G8hrDcmm-A_5.jpg"",""https://static.yeezyunique.ru/batches/6cb9ff7b-d813-4394-8e73-aeda5d06a8f2/_dsnrSoTHMt2-6e5DFIdMT3te28yk7G8hrDcmm-A_6.jpg"",""https://static.yeezyunique.ru/batches/6cb9ff7b-d813-4394-8e73-aeda5d06a8f2/_dsnrSoTHMt2-6e5DFIdMT3te28yk7G8hrDcmm-A_7.jpg"",""https://static.yeezyunique.ru/batches/6cb9ff7b-d813-4394-8e73-aeda5d06a8f2/_dsnrSoTHMt2-6e5DFIdMT3te28yk7G8hrDcmm-A_8.jpg""]";true
_drUrSRNVZjOi8xsDxCijFMZXVXdbchFvPxPZv_g;Dior Кеды;Стильные кеды на платформе с изысканной вышивкой, выполненные из премиальных материалов с теплой подкладкой из натуральной шерсти. Дизайн с объемным декором визуально удлиняет ноги, а высокая подошва обеспечивает комфорт и эффектный подъем.\n\nРазмеры: 35-40.;23000;ivacgwvpdne0t35;nzg3vsvajpiv1e8;owi4kqmgzy4veqz;Для женщин;"[""https://static.yeezyunique.ru/batches/6cb9ff7b-d813-4394-8e73-aeda5d06a8f2/_drUrSRNVZjOi8xsDxCijFMZXVXdbchFvPxPZv_g_0.jpg"",""https://static.yeezyunique.ru/batches/6cb9ff7b-d813-4394-8e73-aeda5d06a8f2/_drUrSRNVZjOi8xsDxCijFMZXVXdbchFvPxPZv_g_1.jpg"",""https://static.yeezyunique.ru/batches/6cb9ff7b-d813-4394-8e73-aeda5d06a8f2/_drUrSRNVZjOi8xsDxCijFMZXVXdbchFvPxPZv_g_2.jpg"",""https://static.yeezyunique.ru/batches/6cb9ff7b-d813-4394-8e73-aeda5d06a8f2/_drUrSRNVZjOi8xsDxCijFMZXVXdbchFvPxPZv_g_3.jpg"",""https://static.yeezyunique.ru/batches/6cb9ff7b-d813-4394-8e73-aeda5d06a8f2/_drUrSRNVZjOi8xsDxCijFMZXVXdbchFvPxPZv_g_4.jpg"",""https://static.yeezyunique.ru/batches/6cb9ff7b-d813-4394-8e73-aeda5d06a8f2/_drUrSRNVZjOi8xsDxCijFMZXVXdbchFvPxPZv_g_5.jpg"",""https://static.yeezyunique.ru/batches/6cb9ff7b-d813-4394-8e73-aeda5d06a8f2/_drUrSRNVZjOi8xsDxCijFMZXVXdbchFvPxPZv_g_6.jpg"",""https://static.yeezyunique.ru/batches/6cb9ff7b-d813-4394-8e73-aeda5d06a8f2/_drUrSRNVZjOi8xsDxCijFMZXVXdbchFvPxPZv_g_7.jpg"",""https://static.yeezyunique.ru/batches/6cb9ff7b-d813-4394-8e73-aeda5d06a8f2/_drUrSRNVZjOi8xsDxCijFMZXVXdbchFvPxPZv_g_8.jpg""]";true
_dvCrSO96KCCsD86gj2m4P80KTIokOQKLGJFU5Dw;Dior Мюли;Стильные мюли на платформе с изысканной вышивкой, выполненные с применением техники рельефного плетения. Модель дополнена теплой подкладкой из натуральной овчины и высокой подошвой, которая визуально удлиняет ноги.\n\nРазмеры: 35-40.;23000;ivacgwvpdne0t35;nzg3vsvajpiv1e8;mgkrw7ofqwfh95s;Для женщин;"[""https://static.yeezyunique.ru/batches/6cb9ff7b-d813-4394-8e73-aeda5d06a8f2/_dvCrSO96KCCsD86gj2m4P80KTIokOQKLGJFU5Dw_0.jpg"",""https://static.yeezyunique.ru/batches/6cb9ff7b-d813-4394-8e73-aeda5d06a8f2/_dvCrSO96KCCsD86gj2m4P80KTIokOQKLGJFU5Dw_1.jpg"",""https://static.yeezyunique.ru/batches/6cb9ff7b-d813-4394-8e73-aeda5d06a8f2/_dvCrSO96KCCsD86gj2m4P80KTIokOQKLGJFU5Dw_2.jpg"",""https://static.yeezyunique.ru/batches/6cb9ff7b-d813-4394-8e73-aeda5d06a8f2/_dvCrSO96KCCsD86gj2m4P80KTIokOQKLGJFU5Dw_3.jpg"",""https://static.yeezyunique.ru/batches/6cb9ff7b-d813-4394-8e73-aeda5d06a8f2/_dvCrSO96KCCsD86gj2m4P80KTIokOQKLGJFU5Dw_4.jpg"",""https://static.yeezyunique.ru/batches/6cb9ff7b-d813-4394-8e73-aeda5d06a8f2/_dvCrSO96KCCsD86gj2m4P80KTIokOQKLGJFU5Dw_5.jpg"",""https://static.yeezyunique.ru/batches/6cb9ff7b-d813-4394-8e73-aeda5d06a8f2/_dvCrSO96KCCsD86gj2m4P80KTIokOQKLGJFU5Dw_6.jpg"",""https://static.yeezyunique.ru/batches/6cb9ff7b-d813-4394-8e73-aeda5d06a8f2/_dvCrSO96KCCsD86gj2m4P80KTIokOQKLGJFU5Dw_7.jpg"",""https://static.yeezyunique.ru/batches/6cb9ff7b-d813-4394-8e73-aeda5d06a8f2/_dvCrSO96KCCsD86gj2m4P80KTIokOQKLGJFU5Dw_8.jpg""]";true
_drxrScZxYcZ8F63YkAGEWBfoxG5ixBvPQMAzAhw;Dior Кеды;Стильные кеды на платформе с изысканной вышивкой, создающей эффектный объемный узор. Модель визуально удлиняет ноги и обеспечивает комфорт благодаря продуманной конструкции подошвы.\n\nРазмеры: 35-41.;23000;ivacgwvpdne0t35;nzg3vsvajpiv1e8;owi4kqmgzy4veqz;Для женщин;"[""https://static.yeezyunique.ru/batches/6cb9ff7b-d813-4394-8e73-aeda5d06a8f2/_drxrScZxYcZ8F63YkAGEWBfoxG5ixBvPQMAzAhw_0.jpg"",""https://static.yeezyunique.ru/batches/6cb9ff7b-d813-4394-8e73-aeda5d06a8f2/_drxrScZxYcZ8F63YkAGEWBfoxG5ixBvPQMAzAhw_1.jpg"",""https://static.yeezyunique.ru/batches/6cb9ff7b-d813-4394-8e73-aeda5d06a8f2/_drxrScZxYcZ8F63YkAGEWBfoxG5ixBvPQMAzAhw_2.jpg"",""https://static.yeezyunique.ru/batches/6cb9ff7b-d813-4394-8e73-aeda5d06a8f2/_drxrScZxYcZ8F63YkAGEWBfoxG5ixBvPQMAzAhw_3.jpg"",""https://static.yeezyunique.ru/batches/6cb9ff7b-d813-4394-8e73-aeda5d06a8f2/_drxrScZxYcZ8F63YkAGEWBfoxG5ixBvPQMAzAhw_4.jpg"",""https://static.yeezyunique.ru/batches/6cb9ff7b-d813-4394-8e73-aeda5d06a8f2/_drxrScZxYcZ8F63YkAGEWBfoxG5ixBvPQMAzAhw_5.jpg"",""https://static.yeezyunique.ru/batches/6cb9ff7b-d813-4394-8e73-aeda5d06a8f2/_drxrScZxYcZ8F63YkAGEWBfoxG5ixBvPQMAzAhw_6.jpg"",""https://static.yeezyunique.ru/batches/6cb9ff7b-d813-4394-8e73-aeda5d06a8f2/_drxrScZxYcZ8F63YkAGEWBfoxG5ixBvPQMAzAhw_7.jpg"",""https://static.yeezyunique.ru/batches/6cb9ff7b-d813-4394-8e73-aeda5d06a8f2/_drxrScZxYcZ8F63YkAGEWBfoxG5ixBvPQMAzAhw_8.jpg""]";true
_dkqrS4O2lc7KrbntD2-NLuuThw_WRijv53ql1yQ;Dior Кеды;Стильные кеды на платформе с изысканной вышивкой, создающей эффектный объемный узор. Модель визуально удлиняет ноги и обеспечивает комфорт благодаря продуманной конструкции подошвы.\n\nРазмеры: 35-40.;23000;ivacgwvpdne0t35;nzg3vsvajpiv1e8;owi4kqmgzy4veqz;Для женщин;"[""https://static.yeezyunique.ru/batches/6cb9ff7b-d813-4394-8e73-aeda5d06a8f2/_dkqrS4O2lc7KrbntD2-NLuuThw_WRijv53ql1yQ_0.jpg"",""https://static.yeezyunique.ru/batches/6cb9ff7b-d813-4394-8e73-aeda5d06a8f2/_dkqrS4O2lc7KrbntD2-NLuuThw_WRijv53ql1yQ_1.jpg"",""https://static.yeezyunique.ru/batches/6cb9ff7b-d813-4394-8e73-aeda5d06a8f2/_dkqrS4O2lc7KrbntD2-NLuuThw_WRijv53ql1yQ_2.jpg"",""https://static.yeezyunique.ru/batches/6cb9ff7b-d813-4394-8e73-aeda5d06a8f2/_dkqrS4O2lc7KrbntD2-NLuuThw_WRijv53ql1yQ_3.jpg"",""https://static.yeezyunique.ru/batches/6cb9ff7b-d813-4394-8e73-aeda5d06a8f2/_dkqrS4O2lc7KrbntD2-NLuuThw_WRijv53ql1yQ_4.jpg"",""https://static.yeezyunique.ru/batches/6cb9ff7b-d813-4394-8e73-aeda5d06a8f2/_dkqrS4O2lc7KrbntD2-NLuuThw_WRijv53ql1yQ_5.jpg"",""https://static.yeezyunique.ru/batches/6cb9ff7b-d813-4394-8e73-aeda5d06a8f2/_dkqrS4O2lc7KrbntD2-NLuuThw_WRijv53ql1yQ_6.jpg"",""https://static.yeezyunique.ru/batches/6cb9ff7b-d813-4394-8e73-aeda5d06a8f2/_dkqrS4O2lc7KrbntD2-NLuuThw_WRijv53ql1yQ_7.jpg"",""https://static.yeezyunique.ru/batches/6cb9ff7b-d813-4394-8e73-aeda5d06a8f2/_dkqrS4O2lc7KrbntD2-NLuuThw_WRijv53ql1yQ_8.jpg""]";true
_d_8rSmxCfELbFVNTYS-Jjkxf4iN8M59zmpe4rNw;Dior Кеды;Стильные кеды на платформе с изысканной вышивкой, создающей эффектный объемный узор. Модель визуально удлиняет ноги и обеспечивает комфорт благодаря продуманной конструкции подошвы.\n\nРазмеры: 35-40.;23000;ivacgwvpdne0t35;nzg3vsvajpiv1e8;owi4kqmgzy4veqz;Для женщин;"[""https://static.yeezyunique.ru/batches/6cb9ff7b-d813-4394-8e73-aeda5d06a8f2/_d_8rSmxCfELbFVNTYS-Jjkxf4iN8M59zmpe4rNw_0.jpg"",""https://static.yeezyunique.ru/batches/6cb9ff7b-d813-4394-8e73-aeda5d06a8f2/_d_8rSmxCfELbFVNTYS-Jjkxf4iN8M59zmpe4rNw_1.jpg"",""https://static.yeezyunique.ru/batches/6cb9ff7b-d813-4394-8e73-aeda5d06a8f2/_d_8rSmxCfELbFVNTYS-Jjkxf4iN8M59zmpe4rNw_2.jpg"",""https://static.yeezyunique.ru/batches/6cb9ff7b-d813-4394-8e73-aeda5d06a8f2/_d_8rSmxCfELbFVNTYS-Jjkxf4iN8M59zmpe4rNw_3.jpg"",""https://static.yeezyunique.ru/batches/6cb9ff7b-d813-4394-8e73-aeda5d06a8f2/_d_8rSmxCfELbFVNTYS-Jjkxf4iN8M59zmpe4rNw_4.jpg"",""https://static.yeezyunique.ru/batches/6cb9ff7b-d813-4394-8e73-aeda5d06a8f2/_d_8rSmxCfELbFVNTYS-Jjkxf4iN8M59zmpe4rNw_5.jpg"",""https://static.yeezyunique.ru/batches/6cb9ff7b-d813-4394-8e73-aeda5d06a8f2/_d_8rSmxCfELbFVNTYS-Jjkxf4iN8M59zmpe4rNw_6.jpg"",""https://static.yeezyunique.ru/batches/6cb9ff7b-d813-4394-8e73-aeda5d06a8f2/_d_8rSmxCfELbFVNTYS-Jjkxf4iN8M59zmpe4rNw_7.jpg"",""https://static.yeezyunique.ru/batches/6cb9ff7b-d813-4394-8e73-aeda5d06a8f2/_d_8rSmxCfELbFVNTYS-Jjkxf4iN8M59zmpe4rNw_8.jpg""]";true
_dnNrSBHjyb6WQFrqQnCbyroBy-UWX95IXzGlscw;Chanel Балетки;Очаровательные балетки из коллекции Chanel, выполненные в классическом черно-белом дизайне с изящным декоративным бантом. Модель изготовлена из мягкой и нежной кожи ягненка с подкладкой из натуральной кожи, обеспечивающей исключительный комфорт при носке.\n\nРазмеры: 35-40.;23000;3wxtez8ckauz7o1;nzg3vsvajpiv1e8;gquuvxk7z0ik5jn;Для женщин;"[""https://static.yeezyunique.ru/batches/6cb9ff7b-d813-4394-8e73-aeda5d06a8f2/_dnNrSBHjyb6WQFrqQnCbyroBy-UWX95IXzGlscw_0.jpg"",""https://static.yeezyunique.ru/batches/6cb9ff7b-d813-4394-8e73-aeda5d06a8f2/_dnNrSBHjyb6WQFrqQnCbyroBy-UWX95IXzGlscw_1.jpg"",""https://static.yeezyunique.ru/batches/6cb9ff7b-d813-4394-8e73-aeda5d06a8f2/_dnNrSBHjyb6WQFrqQnCbyroBy-UWX95IXzGlscw_2.jpg"",""https://static.yeezyunique.ru/batches/6cb9ff7b-d813-4394-8e73-aeda5d06a8f2/_dnNrSBHjyb6WQFrqQnCbyroBy-UWX95IXzGlscw_3.jpg"",""https://static.yeezyunique.ru/batches/6cb9ff7b-d813-4394-8e73-aeda5d06a8f2/_dnNrSBHjyb6WQFrqQnCbyroBy-UWX95IXzGlscw_4.jpg"",""https://static.yeezyunique.ru/batches/6cb9ff7b-d813-4394-8e73-aeda5d06a8f2/_dnNrSBHjyb6WQFrqQnCbyroBy-UWX95IXzGlscw_5.jpg"",""https://static.yeezyunique.ru/batches/6cb9ff7b-d813-4394-8e73-aeda5d06a8f2/_dnNrSBHjyb6WQFrqQnCbyroBy-UWX95IXzGlscw_6.jpg"",""https://static.yeezyunique.ru/batches/6cb9ff7b-d813-4394-8e73-aeda5d06a8f2/_dnNrSBHjyb6WQFrqQnCbyroBy-UWX95IXzGlscw_7.jpg"",""https://static.yeezyunique.ru/batches/6cb9ff7b-d813-4394-8e73-aeda5d06a8f2/_dnNrSBHjyb6WQFrqQnCbyroBy-UWX95IXzGlscw_8.jpg""]";true