external_id;name;description;price;brand;category;subcategory;gender;photos
_dkSrSoRJylFApEaWR2aWw_D9W5uKqdO4HZ9MDOA;;VALEN 26W 棕黑双色缎面蝴蝶结百褶半身裙 轻盈真丝两件套半身裙 材质垂坠感、百褶侧开衩造型 走路自带飘逸氛围感！高腰设计同色腰带蝴蝶结 优雅又显身材比例;0;;lrg3k8cd5bgw3jv;;Для женщин;"[""https://xcimg.szwego.com/imgHD/9404f147/20260503/cmp_i1777789218945_7433_0_0.jpg"", ""https://xcimg.szwego.com/imgHD/9404f147/20260503/cmp_i1777789225546_3000_0_1.jpg"", ""https://xcimg.szwego.com/imgHD/9404f147/20260503/cmp_i1777789232936_7464_0_2.jpg"", ""https://xcimg.szwego.com/imgHD/9404f147/20260503/cmp_i1777789218896_1099_0_3.jpg"", ""https://xcimg.szwego.com/imgHD/9404f147/20260503/cmp_i1777789225485_3122_0_4.jpg"", ""https://xcimg.szwego.com/imgHD/9404f147/20260503/cmp_i1777789225424_6360_0_5.jpg"", ""https://xcimg.szwego.com/imgHD/9404f147/20260503/cmp_i1777789218958_6099_0_6.jpg"", ""https://xcimg.szwego.com/imgHD/9404f147/20260503/cmp_i1777789225490_7386_0_7.jpg"", ""https://xcimg.szwego.com/imgHD/9404f147/20260503/cmp_i1777789231565_2430_0_8.jpg""]"
_dherSwdHjkcSQpq2Z9PwQOBGPh6mBnIqSiR5ONg;;VALEN 26W 棕黑双色缎面蝴蝶结百褶半身裙 轻盈真丝两件套半身裙 材质垂坠感、百褶侧开衩造型 走路自带飘逸氛围感！高腰设计同色腰带蝴蝶结 优雅又显身材比例;0;;lrg3k8cd5bgw3jv;;Для женщин;"[""https://xcimg.szwego.com/imgHD/9404f147/20260503/cmp_i1777788877266_8957_0_0.jpg"", ""https://xcimg.szwego.com/imgHD/9404f147/20260503/cmp_i1777788868824_1282_0_1.jpg"", ""https://xcimg.szwego.com/imgHD/9404f147/20260503/cmp_i1777788868249_1066_0_2.jpg"", ""https://xcimg.szwego.com/imgHD/9404f147/20260503/cmp_i1777788876858_9507_0_3.jpg"", ""https://xcimg.szwego.com/imgHD/9404f147/20260503/cmp_i1777788877261_2406_0_4.jpg"", ""https://xcimg.szwego.com/imgHD/9404f147/20260503/cmp_i1777788868430_322_0_5.jpg"", ""https://xcimg.szwego.com/imgHD/9404f147/20260503/cmp_i1777788876871_6479_0_6.jpg"", ""https://xcimg.szwego.com/imgHD/9404f147/20260503/cmp_i1777788877209_7994_0_7.jpg"", ""https://xcimg.szwego.com/imgHD/9404f147/20260503/cmp_i1777788868770_526_0_8.jpg""]"
_doVrSh8o3S_wTDc4m0otto-d79k8U1fWTJYPUWw;;VALEN 26W 立体肩垫黑色蕾丝立领上衣 Fireflies系列黑色主调优雅浪漫氛围感、轻盈肩垫收腰廓形上衣凸显腰部曲线、复古摩登美学融合 日常或正式场合都能轻松驾驭;0;;lrg3k8cd5bgw3jv;;Для женщин;"[""https://xcimg.szwego.com/imgHD/9404f147/20260503/cmp_i1777788225514_1255_0_0.jpg"", ""https://xcimg.szwego.com/imgHD/9404f147/20260503/cmp_i1777788233640_232_0_1.jpg"", ""https://xcimg.szwego.com/imgHD/9404f147/20260503/cmp_i1777788233570_4680_0_2.jpg"", ""https://xcimg.szwego.com/imgHD/9404f147/20260503/cmp_i1777788225377_1270_0_3.jpg"", ""https://xcimg.szwego.com/imgHD/9404f147/20260503/cmp_i1777788225389_8477_0_4.jpg"", ""https://xcimg.szwego.com/imgHD/9404f147/20260503/cmp_i1777788229708_2914_0_5.jpg"", ""https://xcimg.szwego.com/imgHD/9404f147/20260503/cmp_i1777788230150_7605_0_6.jpg"", ""https://xcimg.szwego.com/imgHD/9404f147/20260503/cmp_i1777788225458_7655_0_7.jpg"", ""https://xcimg.szwego.com/imgHD/9404f147/20260503/cmp_i1777788225368_5867_0_8.jpg""]"
_dlzrS51fFsRe656y1wyi2rZhnFiz1SnPs6tF2aQ;;VALEN 26W 立体蕾丝人鱼裙摆真丝流苏半裙 Fireflies系列黑色主调优雅浪漫氛围感、轻盈垂坠鱼尾裙摆灵动飘逸，复古摩登美学融合 日常或正式场合都能轻松驾驭;0;;lrg3k8cd5bgw3jv;;Для женщин;"[""https://xcimg.szwego.com/imgHD/9404f147/20260503/cmp_i1777787549692_389_0_0.jpg"", ""https://xcimg.szwego.com/imgHD/9404f147/20260503/cmp_i1777787541519_817_0_1.jpg"", ""https://xcimg.szwego.com/imgHD/9404f147/20260503/cmp_i1777787549537_6940_0_2.jpg"", ""https://xcimg.szwego.com/imgHD/9404f147/20260503/cmp_i1777787541357_1550_0_8.jpg"", ""https://xcimg.szwego.com/imgHD/9404f147/20260503/cmp_i1777787541475_2577_0_3.jpg"", ""https://xcimg.szwego.com/imgHD/9404f147/20260503/cmp_i1777787549133_9779_0_4.jpg"", ""https://xcimg.szwego.com/imgHD/9404f147/20260503/cmp_i1777787541498_9787_0_5.jpg"", ""https://xcimg.szwego.com/imgHD/9404f147/20260503/cmp_i1777787549590_516_0_6.jpg"", ""https://xcimg.szwego.com/imgHD/9404f147/20260503/cmp_i1777787541408_5642_0_7.jpg""]"
_dpXrSqsDWd2Gp37iXha-XARInlo67HON0vyJ4Eg;;VALEN 26W 白色褶裥荷叶边喇叭袖上衣 真丝面料圆领设计简约 袖口褶皱细节丰富层次感，优雅又灵动的立体褶裥手袖造型 面料轻薄柔软 贴身穿着舒适高贵;0;;lrg3k8cd5bgw3jv;;Для женщин;"[""https://xcimg.szwego.com/imgHD/9404f147/20260503/cmp_i1777786898127_6572_0_0.jpg"", ""https://xcimg.szwego.com/imgHD/9404f147/20260503/cmp_i1777786890872_8763_0_1.jpg"", ""https://xcimg.szwego.com/imgHD/9404f147/20260503/cmp_i1777786908584_7967_0_2.jpg"", ""https://xcimg.szwego.com/imgHD/9404f147/20260503/cmp_i1777786897679_2632_0_3.jpg"", ""https://xcimg.szwego.com/imgHD/9404f147/20260503/cmp_i1777786890260_4853_0_4.jpg"", ""https://xcimg.szwego.com/imgHD/9404f147/20260503/cmp_i1777786890263_9822_0_5.jpg"", ""https://xcimg.szwego.com/imgHD/9404f147/20260503/cmp_i1777786898101_7864_0_6.jpg"", ""https://xcimg.szwego.com/imgHD/9404f147/20260503/cmp_i1777786897681_4260_0_7.jpg"", ""https://xcimg.szwego.com/imgHD/9404f147/20260503/cmp_i1777786907558_3526_0_8.jpg""]"
_dvirSriXFGO-Vl9K1Di4VQFKjbcJ49IwepjAKqg;;VALEN 26W 刺绣流苏珠片泡泡袖礼服连衣裙 米色系渐变三角珠片流苏刺绣 优雅闪亮华美色彩、轻薄真丝纱质 层叠裙摆超飘逸 黑色蝴蝶结点缀领结 绝美飘逸;0;;lrg3k8cd5bgw3jv;;Для женщин;"[""https://xcimg.szwego.com/imgHD/9404f147/20260502/cmp_i1777702433420_854_0_0.jpg"", ""https://xcimg.szwego.com/imgHD/9404f147/20260502/cmp_i1777702432681_544_0_1.jpg"", ""https://xcimg.szwego.com/imgHD/9404f147/20260502/cmp_i1777702432685_4170_0_2.jpg"", ""https://xcimg.szwego.com/imgHD/9404f147/20260502/cmp_i1777702428037_8878_0_3.jpg"", ""https://xcimg.szwego.com/imgHD/9404f147/20260502/cmp_i1777702428034_9627_0_4.jpg"", ""https://xcimg.szwego.com/imgHD/9404f147/20260502/cmp_i1777702440586_7188_0_5.jpg"", ""https://xcimg.szwego.com/imgHD/9404f147/20260502/cmp_i1777702428040_658_0_6.jpg"", ""https://xcimg.szwego.com/imgHD/9404f147/20260502/cmp_i1777702432677_9485_0_7.jpg"", ""https://xcimg.szwego.com/imgHD/9404f147/20260502/cmp_i1777702440598_3708_0_8.jpg""]"
_dG3rSEVXTvA7fPNuOtAHgoOs968pejWlqXXXQ6g;;VALEN 26W 法式印花腰带真丝连衣裙 桑蚕丝材质柔滑有光泽垂坠 黑白小碎花复古优雅又不失活力，衬衫领长袖收腰设计修饰身形 腰带细节中长款裙摆 灵动高贵;0;;lrg3k8cd5bgw3jv;;Для женщин;"[""https://xcimg.szwego.com/imgHD/9404f147/20260502/cmp_i1777702168875_9153_0_0.jpg"", ""https://xcimg.szwego.com/imgHD/9404f147/20260502/cmp_i1777702156024_1590_0_1.jpg"", ""https://xcimg.szwego.com/imgHD/9404f147/20260502/cmp_i1777702161064_7963_0_2.jpg"", ""https://xcimg.szwego.com/imgHD/9404f147/20260502/cmp_i1777702156021_6831_0_3.jpg"", ""https://xcimg.szwego.com/imgHD/9404f147/20260502/cmp_i1777702156021_6552_0_4.jpg"", ""https://xcimg.szwego.com/imgHD/9404f147/20260502/cmp_i1777702156018_6227_0_5.jpg"", ""https://xcimg.szwego.com/imgHD/9404f147/20260502/cmp_i1777702159961_9521_0_6.jpg"", ""https://xcimg.szwego.com/imgHD/9404f147/20260502/cmp_i1777702161059_9777_0_7.jpg"", ""https://xcimg.szwego.com/imgHD/9404f147/20260502/cmp_i1777702159967_1323_0_8.jpg""]"
_du8rShqW7HoIjoyX13pi_90rpyOuQxiQkfslX9g;;VALEN 26W 黑色桃心刺绣真丝礼服连衣裙 采用重磅加厚真丝垂感 领袖口金色亮片刺绣细节精致低调奢华，胸前穿珠丝绒桃心流苏系带 优雅晚宴派对都ok;0;;lrg3k8cd5bgw3jv;;Для женщин;"[""https://xcimg.szwego.com/imgHD/9404f147/20260502/cmp_i1777701829951_4763_0_0.jpg"", ""https://xcimg.szwego.com/imgHD/9404f147/20260502/cmp_i1777701830731_7003_0_1.jpg"", ""https://xcimg.szwego.com/imgHD/9404f147/20260502/cmp_i1777701843001_938_0_2.jpg"", ""https://xcimg.szwego.com/imgHD/9404f147/20260502/cmp_i1777701829951_7763_0_3.jpg"", ""https://xcimg.szwego.com/imgHD/9404f147/20260502/cmp_i1777701829951_869_0_4.jpg"", ""https://xcimg.szwego.com/imgHD/9404f147/20260502/cmp_i1777701829952_1910_0_5.jpg"", ""https://xcimg.szwego.com/imgHD/9404f147/20260502/cmp_i1777701842988_1592_0_6.jpg"", ""https://xcimg.szwego.com/imgHD/9404f147/20260502/cmp_i1777701843001_8771_0_7.jpg"", ""https://xcimg.szwego.com/imgHD/9404f147/20260502/cmp_i1777701824628_4673_0_8.jpg""]"
_d8PrSaknT2pPwb3VYbyuHblz4vG1Fecqboh0Taw;;DIO 26W 颗粒羊毛灰绿色夹克半裙套装 夹克卡其色绵羊毛混纺毛圈花式线面料精心制作、直筒廓形衣领 饰以点缀以金色饰面金属CD标志的罗缎蝴蝶结 内里真丝;0;;lrg3k8cd5bgw3jv;;Для женщин;"[""https://xcimg.szwego.com/imgHD/9404f147/20260501/cmp_i1777615057907_6713_0_0.jpg"", ""https://xcimg.szwego.com/imgHD/9404f147/20260430/cmp_i1777523607582_4262_0_3.jpg"", ""https://xcimg.szwego.com/imgHD/9404f147/20260501/cmp_i1777615129463_4394_0_2.jpg"", ""https://xcimg.szwego.com/imgHD/9404f147/20260501/cmp_i1777615125013_2434_0_3.jpg"", ""https://xcimg.szwego.com/imgHD/9404f147/20260501/cmp_i1777615134449_6271_0_4.jpg"", ""https://xcimg.szwego.com/imgHD/9404f147/20260501/cmp_i1777615129467_4911_0_5.jpg"", ""https://xcimg.szwego.com/imgHD/9404f147/20260501/cmp_i1777615124387_9732_0_6.jpg"", ""https://xcimg.szwego.com/imgHD/9404f147/20260501/cmp_i1777615129543_7184_0_7.jpg"", ""https://xcimg.szwego.com/imgHD/9404f147/20260501/cmp_i1777615129499_9024_0_8.jpg""]"
_dsqrSSuaEzyWeSxmxBKy6yonbmCS_DVzd2rwAyQ;;DIO 26W 颗粒羊毛灰绿色夹克半裙套装 迷你裙采用卡其色绵羊毛混纺毛圈花式线面料精心制作、高雅的微喇剪裁 饰以CD金色饰品标志提升格调 内里真丝迷你包臀;0;;lrg3k8cd5bgw3jv;;Для женщин;"[""https://xcimg.szwego.com/imgHD/9404f147/20260501/cmp_i1777615057907_6713_0_0.jpg"", ""https://xcimg.szwego.com/imgHD/9404f147/20260501/cmp_i1777615064990_6304_0_1.jpg"", ""https://xcimg.szwego.com/imgHD/9404f147/20260501/cmp_i1777615052768_756_0_2.jpg"", ""https://xcimg.szwego.com/imgHD/9404f147/20260501/cmp_i1777615052850_4184_0_3.jpg"", ""https://xcimg.szwego.com/imgHD/9404f147/20260501/cmp_i1777615057740_7947_0_4.jpg"", ""https://xcimg.szwego.com/imgHD/9404f147/20260501/cmp_i1777615052100_642_0_5.jpg"", ""https://xcimg.szwego.com/imgHD/9404f147/20260501/cmp_i1777615052754_5925_0_6.jpg"", ""https://xcimg.szwego.com/imgHD/9404f147/20260501/cmp_i1777615057839_7582_0_7.jpg"", ""https://xcimg.szwego.com/imgHD/9404f147/20260501/cmp_i1777615064927_5028_0_8.jpg""]"
_dgWrSr89NVPyj6S0XA05Wu436V02VM0mu9cVwQQ;;DIO 26W 茹伊印花真丝缎衬衫半裙套装 FloralGarden采用白色和勿忘我蓝缎面桑蚕丝常规翻领衬衫版型搭配长袖设计，可搭配该系列半裙搭配 顶级品质;0;;lrg3k8cd5bgw3jv;;Для женщин;"[""https://xcimg.szwego.com/imgHD/9404f147/20260501/cmp_i1777614062913_7761_0_1.jpg"", ""https://xcimg.szwego.com/imgHD/9404f147/20260501/cmp_i1777614099050_8964_0_1.jpg"", ""https://xcimg.szwego.com/imgHD/9404f147/20260501/cmp_i1777614093973_9019_0_2.jpg"", ""https://xcimg.szwego.com/imgHD/9404f147/20260501/cmp_i1777614093975_9407_0_3.jpg"", ""https://xcimg.szwego.com/imgHD/9404f147/20260501/cmp_i1777614107271_1797_0_4.jpg"", ""https://xcimg.szwego.com/imgHD/9404f147/20260501/cmp_i1777614093969_8208_0_5.jpg"", ""https://xcimg.szwego.com/imgHD/9404f147/20260501/cmp_i1777614099045_3665_0_6.jpg"", ""https://xcimg.szwego.com/imgHD/9404f147/20260501/cmp_i1777614099059_5231_0_7.jpg"", ""https://xcimg.szwego.com/imgHD/9404f147/20260501/cmp_i1777614093970_1513_0_8.jpg""]"
_dfcrSs0_0r89yVV2BMA1v9yDV21BY3xDXApmefg;;DIO 26W 茹伊印花真丝缎衬衫半裙套装 FloralGarden采用白色和勿忘我蓝缎面桑蚕丝 优雅的喇叭形廓形更显精致 灵感源自18世纪的装饰艺术 以诗意风格致敬花卉与大自然;0;;lrg3k8cd5bgw3jv;;Для женщин;"[""https://xcimg.szwego.com/imgHD/9404f147/20260501/cmp_i1777614020223_3010_0_0.jpg"", ""https://xcimg.szwego.com/imgHD/9404f147/20260501/cmp_i1777614018742_4970_0_1.jpg"", ""https://xcimg.szwego.com/imgHD/9404f147/20260501/cmp_i1777614013619_5728_0_2.jpg"", ""https://xcimg.szwego.com/imgHD/9404f147/20260501/cmp_i1777614018738_7822_0_3.jpg"", ""https://xcimg.szwego.com/imgHD/9404f147/20260501/cmp_i1777614018739_8895_0_4.jpg"", ""https://xcimg.szwego.com/imgHD/9404f147/20260501/cmp_i1777614013616_3417_0_5.jpg"", ""https://xcimg.szwego.com/imgHD/9404f147/20260501/cmp_i1777614013618_9003_0_6.jpg"", ""https://xcimg.szwego.com/imgHD/9404f147/20260501/cmp_i1777614013621_1982_0_7.jpg"", ""https://xcimg.szwego.com/imgHD/9404f147/20260501/cmp_i1777614013614_4343_0_8.jpg""]"
_d-zrSB3nnkiSVFUC14HhDtB20HEKyqWrrNsP_7A;;DIO 26W 火烈鸟花卉印花衬衫半裙套装 丝绵面料轻盈透气 米白底配粉色花卉 东方韵味古典又时髦、宽松剪裁单穿或叠搭都很出彩 灵感来自传统花鸟画，搭配半裙 顶级品质;0;;lrg3k8cd5bgw3jv;;Для женщин;"[""https://xcimg.szwego.com/imgHD/9404f147/20260501/cmp_i1777613031808_2417_0_0.jpg"", ""https://xcimg.szwego.com/imgHD/9404f147/20260501/cmp_i1777613037596_2399_0_1.jpg"", ""https://xcimg.szwego.com/imgHD/9404f147/20260501/cmp_i1777613031807_1272_0_2.jpg"", ""https://xcimg.szwego.com/imgHD/9404f147/20260501/cmp_i1777613037592_3749_0_3.jpg"", ""https://xcimg.szwego.com/imgHD/9404f147/20260501/cmp_i1777613031805_5987_0_4.jpg"", ""https://xcimg.szwego.com/imgHD/9404f147/20260501/cmp_i1777613037589_4644_0_5.jpg"", ""https://xcimg.szwego.com/imgHD/9404f147/20260501/cmp_i1777613037594_6004_0_6.jpg"", ""https://xcimg.szwego.com/imgHD/9404f147/20260501/cmp_i1777613037595_5297_0_7.jpg"", ""https://xcimg.szwego.com/imgHD/9404f147/20260501/cmp_i1777613031804_8182_0_8.jpg""]"
_dsbrSiEobQCt9cPchyj4yb1tby7G5_pCkd0rOCw;;DIO 26W 火烈鸟花卉印花衬衫半裙套装 丝绵面料轻盈透气 米白底配粉色花卉 法式浪漫氛围感，中长款弹力腰围褶皱设计层次感和垂坠感都ok 优雅又灵动;0;;lrg3k8cd5bgw3jv;;Для женщин;"[""https://xcimg.szwego.com/imgHD/9404f147/20260501/cmp_i1777612947391_1452_0_0.jpg"", ""https://xcimg.szwego.com/imgHD/9404f147/20260501/cmp_i1777612941090_4654_0_1.jpg"", ""https://xcimg.szwego.com/imgHD/9404f147/20260501/cmp_i1777612946515_2559_0_2.jpg"", ""https://xcimg.szwego.com/imgHD/9404f147/20260501/cmp_i1777612941082_3966_0_3.jpg"", ""https://xcimg.szwego.com/imgHD/9404f147/20260501/cmp_i1777612955331_8535_0_4.jpg"", ""https://xcimg.szwego.com/imgHD/9404f147/20260501/cmp_i1777612941085_6249_0_5.jpg"", ""https://xcimg.szwego.com/imgHD/9404f147/20260501/cmp_i1777612941084_5692_0_6.jpg"", ""https://xcimg.szwego.com/imgHD/9404f147/20260501/cmp_i1777612946518_6754_0_7.jpg"", ""https://xcimg.szwego.com/imgHD/9404f147/20260501/cmp_i1777612946511_2515_0_8.jpg""]"
_dd_rSMlIPVOoiDSTVePQxdylQkAUWzc2TB8KiTg;;DIO 26W 包法利夫人封面字母针织上衣 (Madame Bo vary)》的第一版封面 采用米白色和红色轻盈桑蚕丝针织面料精心制作，短款修身版型 饰以罗纹细节更显精致;0;;lrg3k8cd5bgw3jv;;Для женщин;"[""https://xcimg.szwego.com/imgHD/9404f147/20260501/cmp_i1777612596828_9563_0_0.jpg"", ""https://xcimg.szwego.com/imgHD/9404f147/20260501/cmp_i1777612600993_2985_0_1.jpg"", ""https://xcimg.szwego.com/imgHD/9404f147/20260501/cmp_i1777612614776_6246_0_2.jpg"", ""https://xcimg.szwego.com/imgHD/9404f147/20260501/cmp_i1777612614020_1412_0_3.jpg"", ""https://xcimg.szwego.com/imgHD/9404f147/20260501/cmp_i1777612600994_9321_0_4.jpg"", ""https://xcimg.szwego.com/imgHD/9404f147/20260501/cmp_i1777612596827_2058_0_5.jpg"", ""https://xcimg.szwego.com/imgHD/9404f147/20260501/cmp_i1777612600993_9185_0_6.jpg"", ""https://xcimg.szwego.com/imgHD/9404f147/20260501/cmp_i1777612600994_6277_0_7.jpg"", ""https://xcimg.szwego.com/imgHD/9404f147/20260501/cmp_i1777612614024_8958_0_8.jpg""]"
_dxirS2eVgTTpWC0Kp4771c4B4UWfN9fsoIPnZnw;;DIO 26W 黑色廓形立体褶裥羊毛西裤 长裤采用黑色绵羊毛面料精心制作 呈优雅的常规版型，不对称垂褶效果别具一格 可与该系列的外套搭配 打造经典风格造型;0;;lrg3k8cd5bgw3jv;;Для женщин;"[""https://xcimg.szwego.com/imgHD/9404f147/20260428/cmp_i1777355443379_7650_0_1.jpg"", ""https://xcimg.szwego.com/imgHD/9404f147/20260430/cmp_i1777522813483_6956_0_1.jpg"", ""https://xcimg.szwego.com/imgHD/9404f147/20260430/cmp_i1777527953839_2108_0_2.jpg"", ""https://xcimg.szwego.com/imgHD/9404f147/20260430/cmp_i1777527949452_475_0_3.jpg"", ""https://xcimg.szwego.com/imgHD/9404f147/20260430/cmp_i1777527949651_5493_0_4.jpg"", ""https://xcimg.szwego.com/imgHD/9404f147/20260430/cmp_i1777527953436_2150_0_5.jpg"", ""https://xcimg.szwego.com/imgHD/9404f147/20260430/cmp_i1777527949646_7254_0_6.jpg"", ""https://xcimg.szwego.com/imgHD/9404f147/20260430/cmp_i1777527953886_4668_0_7.jpg"", ""https://xcimg.szwego.com/imgHD/9404f147/20260430/cmp_i1777527949873_1269_0_8.jpg""]"
_d9CrS3vuzPP9g_EWF0Z-KyjotLSJIy80FNwhShA;;DIO 26S 洛可可徽章印花连帽抽绳外套 卡其色连帽风衣 轻便防风面料 简约设计+洛可可徽章刺绣，品牌感满满 连帽+拉链，实用又时髦 宽松版型 顶级品质发售;0;;lrg3k8cd5bgw3jv;;Для женщин;"[""https://xcimg.szwego.com/imgHD/9404f147/20260430/cmp_i1777526496500_3521_0_0.jpg"", ""https://xcimg.szwego.com/imgHD/9404f147/20260430/cmp_i1777526496499_4971_0_1.jpg"", ""https://xcimg.szwego.com/imgHD/9404f147/20260430/cmp_i1777526502110_2869_0_2.jpg"", ""https://xcimg.szwego.com/imgHD/9404f147/20260430/cmp_i1777526501349_3012_0_3.jpg"", ""https://xcimg.szwego.com/imgHD/9404f147/20260430/cmp_i1777526496499_5432_0_4.jpg"", ""https://xcimg.szwego.com/imgHD/9404f147/20260430/cmp_i1777526501349_776_0_5.jpg"", ""https://xcimg.szwego.com/imgHD/9404f147/20260430/cmp_i1777526496495_8930_0_6.jpg"", ""https://xcimg.szwego.com/imgHD/9404f147/20260430/cmp_i1777526496499_5151_0_7.jpg"", ""https://xcimg.szwego.com/imgHD/9404f147/20260430/cmp_i1777526501356_1865_0_8.jpg""]"
_dr0rSSGAuNUGDM8-5qUuhteT7nsxgVJTj3Z-MQA;;DIO 26S 立体CD蝴蝶结粉色蕾丝花边针织衫 采用粉色桑蚕丝针织面料精心制作 常规版型 正面饰以米白色蕾丝细节，衣领饰以罗缎蝴蝶结 点缀以银色饰面金属C和D首字母 搭配罗纹细节更显精致 顶级品质发售;0;;lrg3k8cd5bgw3jv;;Для женщин;"[""https://xcimg.szwego.com/imgHD/9404f147/20260430/cmp_i1777525718874_5131_0_0.jpg"", ""https://xcimg.szwego.com/imgHD/9404f147/20260430/cmp_i1777525718871_1430_0_1.jpg"", ""https://xcimg.szwego.com/imgHD/9404f147/20260430/cmp_i1777525719666_666_0_8.jpg"", ""https://xcimg.szwego.com/imgHD/9404f147/20260430/cmp_i1777525758751_7927_0_7.jpg"", ""https://xcimg.szwego.com/imgHD/9404f147/20260430/cmp_i1777525718871_9467_0_3.jpg"", ""https://xcimg.szwego.com/imgHD/9404f147/20260430/cmp_i1777525758754_3652_0_8.jpg"", ""https://xcimg.szwego.com/imgHD/9404f147/20260430/cmp_i1777525718871_9866_0_6.jpg"", ""https://xcimg.szwego.com/imgHD/9404f147/20260430/cmp_i1777525726622_9245_0_5.jpg"", ""https://xcimg.szwego.com/imgHD/9404f147/20260430/cmp_i1777525726622_755_0_7.jpg""]"
_dJsrSFsFCjp49vf77sBvNtW2r0pfYpJycqSK8UA;;DIO 26S 洛可可徽章印花腰带连衣裙 饰以同色调Medaillon标志补丁刺绣 采用米色棉质混纺华达呢面料精心制作，优雅的喇叭形廓形搭配带有银色饰面金属腰带扣的同色调腰带提升格调 顶级品质发售;0;;lrg3k8cd5bgw3jv;;Для женщин;"[""https://xcimg.szwego.com/imgHD/9404f147/20260430/cmp_i1777524663131_1224_0_0.jpg"", ""https://xcimg.szwego.com/imgHD/9404f147/20260430/cmp_i1777524657973_9202_0_2.jpg"", ""https://xcimg.szwego.com/imgHD/9404f147/20260430/cmp_i1777524657975_666_0_3.jpg"", ""https://xcimg.szwego.com/imgHD/9404f147/20260430/cmp_i1777524663118_4513_0_4.jpg"", ""https://xcimg.szwego.com/imgHD/9404f147/20260430/cmp_i1777524657974_1031_0_5.jpg"", ""https://xcimg.szwego.com/imgHD/9404f147/20260430/cmp_i1777524663116_2129_0_6.jpg"", ""https://xcimg.szwego.com/imgHD/9404f147/20260430/cmp_i1777524663118_3992_0_1.jpg"", ""https://xcimg.szwego.com/imgHD/9404f147/20260430/cmp_i1777524663126_622_0_7.jpg"", ""https://xcimg.szwego.com/imgHD/9404f147/20260430/cmp_i1777524657973_2585_0_9.jpg""]"
_dvnrSY3JA2I3o7zDTgVLNckKyEVPDdtDt683IOA;;DIO 26S 全幅CD暗纹提花丹宁牛仔外套 饰以经典的 Oblique 印花 采用海军蓝色棉质牛仔布精心制作，短款常规版型 背面饰以CD皮革标牌 打造精致造型 顶级品质发售;0;;lrg3k8cd5bgw3jv;;Для женщин;"[""https://xcimg.szwego.com/imgHD/9404f147/20260430/cmp_i1777523607570_3806_0_2.jpg"", ""https://xcimg.szwego.com/imgHD/9404f147/20260430/cmp_i1777523607467_7722_0_0.jpg"", ""https://xcimg.szwego.com/imgHD/9404f147/20260430/cmp_i1777523650926_5840_0_2.jpg"", ""https://xcimg.szwego.com/imgHD/9404f147/20260430/cmp_i1777523648166_8557_0_3.jpg"", ""https://xcimg.szwego.com/imgHD/9404f147/20260430/cmp_i1777523648159_4881_0_4.jpg"", ""https://xcimg.szwego.com/imgHD/9404f147/20260430/cmp_i1777523607566_4129_0_6.jpg"", ""https://xcimg.szwego.com/imgHD/9404f147/20260430/cmp_i1777523650828_3333_0_6.jpg"", ""https://xcimg.szwego.com/imgHD/9404f147/20260430/cmp_i1777523650929_7848_0_7.jpg"", ""https://xcimg.szwego.com/imgHD/9404f147/20260430/cmp_i1777523607581_2538_0_9.jpg""]"
_dx1rSBMyYbu2iqn2PVV8yz-rZDIliwwhMdpBirw;;DIO 26S 华达呢米咖色高腰西裤 高腰垂感阔腿裤采用浅米色西装面料 垂坠感满分 宽松阔腿设计，腰部松紧+CD腰带 修饰腰线又实用 慵懒高级感轻松get 顶级品质发售;0;;lrg3k8cd5bgw3jv;;Для женщин;"[""https://xcimg.szwego.com/imgHD/9404f147/20260430/cmp_i1777522685760_3539_0_7.jpg"", ""https://xcimg.szwego.com/imgHD/9404f147/20260430/cmp_i1777522686236_2219_0_0.jpg"", ""https://xcimg.szwego.com/imgHD/9404f147/20260430/cmp_i1777522704645_199_0_1.jpg"", ""https://xcimg.szwego.com/imgHD/9404f147/20260430/cmp_i1777522704554_3182_0_3.jpg"", ""https://xcimg.szwego.com/imgHD/9404f147/20260430/cmp_i1777522685768_7844_0_4.jpg"", ""https://xcimg.szwego.com/imgHD/9404f147/20260430/cmp_i1777522686217_9126_0_2.jpg"", ""https://xcimg.szwego.com/imgHD/9404f147/20260430/cmp_i1777522704610_2053_0_5.jpg"", ""https://xcimg.szwego.com/imgHD/9404f147/20260430/cmp_i1777522686244_1297_0_6.jpg"", ""https://xcimg.szwego.com/imgHD/9404f147/20260430/cmp_i1777522702816_6475_0_8.jpg""]"
_dierSNRmDm27fwPMOJGDxD5OLRj0eKhN6oeHVyA;;DIO 26S 蓝拼绿格真丝半身裙 迷你裙于从英式精裁工艺和格子图案传统汲取灵感 融入高订风格重新诠释，彰显醒目时尚的优雅气质 背面饰以黑色皮革标牌提升格调;0;;lrg3k8cd5bgw3jv;;Для женщин;"[""https://xcimg.szwego.com/imgHD/9404f147/20260429/cmp_i1777443444504_5583_0_0.jpg"", ""https://xcimg.szwego.com/imgHD/9404f147/20260429/cmp_i1777443453984_56_0_1.jpg"", ""https://xcimg.szwego.com/imgHD/9404f147/20260428/cmp_i1777355825444_7570_0_2.jpg"", ""https://xcimg.szwego.com/imgHD/9404f147/20260429/cmp_i1777443453572_4462_0_3.jpg"", ""https://xcimg.szwego.com/imgHD/9404f147/20260429/cmp_i1777443444000_6751_0_4.jpg"", ""https://xcimg.szwego.com/imgHD/9404f147/20260429/cmp_i1777443444001_5434_0_5.jpg"", ""https://xcimg.szwego.com/imgHD/9404f147/20260429/cmp_i1777443456920_2760_0_6.jpg"", ""https://xcimg.szwego.com/imgHD/9404f147/20260429/cmp_i1777443453577_1526_0_7.jpg"", ""https://xcimg.szwego.com/imgHD/9404f147/20260429/cmp_i1777443443997_1657_0_8.jpg""]"
_dvhrSacnPts89Jw6VRwmOclt0M0iEa22Ecf2AhA;;DIO 26S 绿拼紫格纹立体蝴蝶结针织衬衫 衬衫突显Check'n图案 从英式精裁工艺和格子图案传统汲取灵感，融入高订风格重新诠释 彰显醒目时尚的优雅气质 顶级品质发售;0;;lrg3k8cd5bgw3jv;;Для женщин;"[""https://xcimg.szwego.com/imgHD/9404f147/20260429/cmp_i1777443177039_5779_0_0.jpg"", ""https://xcimg.szwego.com/imgHD/9404f147/20260429/cmp_i1777443191203_8874_0_1.jpg"", ""https://xcimg.szwego.com/imgHD/9404f147/20260429/cmp_i1777443177042_4423_0_2.jpg"", ""https://xcimg.szwego.com/imgHD/9404f147/20260429/cmp_i1777443172810_8352_0_3.jpg"", ""https://xcimg.szwego.com/imgHD/9404f147/20260429/cmp_i1777443177043_3586_0_4.jpg"", ""https://xcimg.szwego.com/imgHD/9404f147/20260429/cmp_i1777443191202_8697_0_5.jpg"", ""https://xcimg.szwego.com/imgHD/9404f147/20260429/cmp_i1777443177038_1998_0_6.jpg"", ""https://xcimg.szwego.com/imgHD/9404f147/20260429/cmp_i1777443177044_2096_0_7.jpg"", ""https://xcimg.szwego.com/imgHD/9404f147/20260429/cmp_i1777443172810_9210_0_8.jpg""]"
_dl8rSCHLkq2Q0ZN7ofme_km-51JnB8f_8rBzPYw;;DIO 26S 铃兰花缎面真丝吊带礼服连衣裙 春夏新款连衣裙 黑色底配铃兰花印花 优雅复古气质满分，桑蚕丝面料垂坠感十足 吊带+方领设计修饰肩颈 腰部腰带打揽显瘦 裙摆飘逸灵动 顶级品质发售;0;;lrg3k8cd5bgw3jv;;Для женщин;"[""https://xcimg.szwego.com/imgHD/9404f147/20260429/cmp_i1777442884877_2968_0_0.jpg"", ""https://xcimg.szwego.com/imgHD/9404f147/20260429/cmp_i1777442884744_6596_0_1.jpg"", ""https://xcimg.szwego.com/imgHD/9404f147/20260429/cmp_i1777442884828_944_0_2.jpg"", ""https://xcimg.szwego.com/imgHD/9404f147/20260429/cmp_i1777442878775_4860_0_3.jpg"", ""https://xcimg.szwego.com/imgHD/9404f147/20260429/cmp_i1777442882630_8395_0_4.jpg"", ""https://xcimg.szwego.com/imgHD/9404f147/20260429/cmp_i1777442878765_5850_0_5.jpg"", ""https://xcimg.szwego.com/imgHD/9404f147/20260429/cmp_i1777442884489_7634_0_6.jpg"", ""https://xcimg.szwego.com/imgHD/9404f147/20260429/cmp_i1777442878850_6889_0_7.jpg"", ""https://xcimg.szwego.com/imgHD/9404f147/20260429/cmp_i1777442878712_5100_0_8.jpg""]"
_d8rrSDqccECiGUQx6vOzS9X35BRKFjKMVe94o9w;;DIO 26S 花卉棉质廓形蝴蝶结腰带连衣 中长款连衣裙饰以多色DaisyGarden图案 通过色彩缤纷的田园设计彰显雏菊，采用棉府绸面料精心制作 饰以多色图案 饰以缩褶突显腰部曲线 顶级品质发售;0;;lrg3k8cd5bgw3jv;;Для женщин;"[""https://xcimg.szwego.com/imgHD/9404f147/20260429/cmp_i1777442546336_5826_0_0.jpg"", ""https://xcimg.szwego.com/imgHD/9404f147/20260429/cmp_i1777442545397_6554_0_1.jpg"", ""https://xcimg.szwego.com/imgHD/9404f147/20260429/cmp_i1777442545397_2403_0_2.jpg"", ""https://xcimg.szwego.com/imgHD/9404f147/20260429/cmp_i1777442545392_5396_0_3.jpg"", ""https://xcimg.szwego.com/imgHD/9404f147/20260429/cmp_i1777442571223_4813_0_4.jpg"", ""https://xcimg.szwego.com/imgHD/9404f147/20260429/cmp_i1777442571222_136_0_5.jpg"", ""https://xcimg.szwego.com/imgHD/9404f147/20260429/cmp_i1777442556078_2601_0_4.jpg"", ""https://xcimg.szwego.com/imgHD/9404f147/20260429/cmp_i1777442556084_7369_0_5.jpg"", ""https://xcimg.szwego.com/imgHD/9404f147/20260429/cmp_i1777442545400_7175_0_6.jpg""]"
_defrSbyHR7_t2_SnHVzlNi3J6ty15ER6luKwRZQ;;DIO 26S 千鸟格粗花呢立体蝴蝶结无袖连衣裙 以摩登风范全新演绎优雅气质采用黑色和白色绵羊毛混纺面料精心制作，饰以千乌格纹 衣领点缀以银色金属CD标志的黑色缎面蝴蝶结 打造高雅的造型;0;;lrg3k8cd5bgw3jv;;Для женщин;"[""https://xcimg.szwego.com/imgHD/9404f147/20260429/cmp_i1777442222031_3205_0_0.jpg"", ""https://xcimg.szwego.com/imgHD/9404f147/20260429/cmp_i1777442221988_5341_0_1.jpg"", ""https://xcimg.szwego.com/imgHD/9404f147/20260429/cmp_i1777442228004_8835_0_2.jpg"", ""https://xcimg.szwego.com/imgHD/9404f147/20260429/cmp_i1777442221811_5164_0_3.jpg"", ""https://xcimg.szwego.com/imgHD/9404f147/20260429/cmp_i1777442227327_1220_0_4.jpg"", ""https://xcimg.szwego.com/imgHD/9404f147/20260429/cmp_i1777442221930_6121_0_6.jpg"", ""https://xcimg.szwego.com/imgHD/9404f147/20260429/cmp_i1777442227826_5700_0_7.jpg"", ""https://xcimg.szwego.com/imgHD/9404f147/20260429/cmp_i1777442228173_4776_0_8.jpg"", ""https://xcimg.szwego.com/imgHD/9404f147/20260429/cmp_i1777442227849_9363_0_9.jpg""]"
_dqlrSqHw2pb05xq7pfaN8gtpe59E0P9fjs_MU1A;;DIO 26S 蕾丝花朵刺绣水洗米色牛仔裤 米色牛仔裤点缀Millefiori图案同色调蕾丝缀饰 灵感源自巴洛克风格绘画，采用仿旧效果棉质和亚麻混纺牛仔布精心制作 顶级品质发售;0;;lrg3k8cd5bgw3jv;;Для женщин;"[""https://xcimg.szwego.com/imgHD/9404f147/20260429/cmp_i1777442043037_8112_0_0.jpg"", ""https://xcimg.szwego.com/imgHD/9404f147/20260429/cmp_i1777442041077_5694_0_1.jpg"", ""https://xcimg.szwego.com/imgHD/9404f147/20260429/cmp_i1777442035743_137_0_2.jpg"", ""https://xcimg.szwego.com/imgHD/9404f147/20260429/cmp_i1777442054542_2588_0_3.jpg"", ""https://xcimg.szwego.com/imgHD/9404f147/20260429/cmp_i1777442041072_6931_0_4.jpg"", ""https://xcimg.szwego.com/imgHD/9404f147/20260429/cmp_i1777442054539_8291_0_5.jpg"", ""https://xcimg.szwego.com/imgHD/9404f147/20260429/cmp_i1777442041072_7755_0_6.jpg"", ""https://xcimg.szwego.com/imgHD/9404f147/20260429/cmp_i1777442035742_6623_0_7.jpg"", ""https://xcimg.szwego.com/imgHD/9404f147/20260429/cmp_i1777442041070_9515_0_8.jpg""]"
_dvnrSY3JA2I3o7zHagVPKf0C1EFfBdtDt683IOA;;DIO 26S 蕾丝花卉刺绣水洗米色牛仔夹克 米色牛仔夹克点缀Millefiori图案同色调蕾丝缀饰 灵感源自巴洛克风格绘画，采用仿旧效果棉质和亚麻混纺牛仔布精心制作 呈短款廓形 顶级品质发售;0;;lrg3k8cd5bgw3jv;;Для женщин;"[""https://xcimg.szwego.com/imgHD/9404f147/20260429/cmp_i1777441741874_5059_0_0.jpg"", ""https://xcimg.szwego.com/imgHD/9404f147/20260429/cmp_i1777441741876_9912_0_1.jpg"", ""https://xcimg.szwego.com/imgHD/9404f147/20260429/cmp_i1777441738307_3876_0_2.jpg"", ""https://xcimg.szwego.com/imgHD/9404f147/20260429/cmp_i1777441741869_6040_0_3.jpg"", ""https://xcimg.szwego.com/imgHD/9404f147/20260429/cmp_i1777441752185_2673_0_4.jpg"", ""https://xcimg.szwego.com/imgHD/9404f147/20260429/cmp_i1777441752185_9465_0_5.jpg"", ""https://xcimg.szwego.com/imgHD/9404f147/20260429/cmp_i1777441738306_5479_0_6.jpg"", ""https://xcimg.szwego.com/imgHD/9404f147/20260429/cmp_i1777441741867_8082_0_7.jpg"", ""https://xcimg.szwego.com/imgHD/9404f147/20260429/cmp_i1777441738307_2814_0_8.jpg""]"
_dfjrSIAVKgwKd6MD9iWNe2i6uRwRRH8F_5hAbmQ;;DIO 26S 领结波浪花纹钩花短袖上衣 以充满艺术感的视角全新演绎经典单品 采用海军蓝色和白色混纺蕾丝面料精心制作，衣领罗缎蝴蝶结点缀以银色金属C和D首字母 打造优雅造型;0;;lrg3k8cd5bgw3jv;;Для женщин;"[""https://xcimg.szwego.com/imgHD/9404f147/20260429/cmp_i1777441527351_4525_0_0.jpg"", ""https://xcimg.szwego.com/imgHD/9404f147/20260429/cmp_i1777441533418_1151_0_1.jpg"", ""https://xcimg.szwego.com/imgHD/9404f147/20260429/cmp_i1777441520110_7034_0_2.jpg"", ""https://xcimg.szwego.com/imgHD/9404f147/20260429/cmp_i1777441526717_7902_0_3.jpg"", ""https://xcimg.szwego.com/imgHD/9404f147/20260429/cmp_i1777441533439_4465_0_4.jpg"", ""https://xcimg.szwego.com/imgHD/9404f147/20260429/cmp_i1777441519604_4370_0_5.jpg"", ""https://xcimg.szwego.com/imgHD/9404f147/20260429/cmp_i1777441520064_1620_0_6.jpg"", ""https://xcimg.szwego.com/imgHD/9404f147/20260429/cmp_i1777441526925_393_0_7.jpg"", ""https://xcimg.szwego.com/imgHD/9404f147/20260429/cmp_i1777441526719_5887_0_8.jpg""]"
_dq4rSfzolUHPJ5jIflq5rcfnuyaRmKBy3e8NU5A;;DIO 26S 蝴蝶领结贝母扣弹力针织开衫 短款外套采用米白色科技针织面料精心制作 常规版型，衣领饰以罗缎蝴蝶结点缀以银色饰面金属CD 标志提升格调 可打造高雅的造型;0;;lrg3k8cd5bgw3jv;;Для женщин;"[""https://xcimg.szwego.com/imgHD/9404f147/20260428/cmp_i1777356508063_8498_0_0.jpg"", ""https://xcimg.szwego.com/imgHD/9404f147/20260428/cmp_i1777356508008_8856_0_1.jpg"", ""https://xcimg.szwego.com/imgHD/9404f147/20260428/cmp_i1777356516347_3018_0_2.jpg"", ""https://xcimg.szwego.com/imgHD/9404f147/20260428/cmp_i1777356507192_8259_0_3.jpg"", ""https://xcimg.szwego.com/imgHD/9404f147/20260428/cmp_i1777356511741_6284_0_4.jpg"", ""https://xcimg.szwego.com/imgHD/9404f147/20260428/cmp_i1777356507188_173_0_5.jpg"", ""https://xcimg.szwego.com/imgHD/9404f147/20260428/cmp_i1777356507903_802_0_6.jpg"", ""https://xcimg.szwego.com/imgHD/9404f147/20260428/cmp_i1777356513366_9246_0_7.jpg"", ""https://xcimg.szwego.com/imgHD/9404f147/20260428/cmp_i1777356511746_6664_0_8.jpg""]"
_drDrSPRmUu_woldBgW6gMmr5OtOfD_OMtQRq7Ww;;DIO 26S 粉色蝴蝶刺绣弹力针织冰丝上衣 采用白色绵羊毛和真丝混纺面料制作而成 常规版型搭配罗纹饰边、粉色茹伊印花图案刺绣 以诗意风格致敬花朵与大自然 顶级品质发售;0;;lrg3k8cd5bgw3jv;;Для женщин;"[""https://xcimg.szwego.com/imgHD/9404f147/20260428/cmp_i1777356248583_8864_0_0.jpg"", ""https://xcimg.szwego.com/imgHD/9404f147/20260428/cmp_i1777356241551_2730_0_1.jpg"", ""https://xcimg.szwego.com/imgHD/9404f147/20260428/cmp_i1777356241504_3208_0_2.jpg"", ""https://xcimg.szwego.com/imgHD/9404f147/20260428/cmp_i1777356247013_2685_0_3.jpg"", ""https://xcimg.szwego.com/imgHD/9404f147/20260428/cmp_i1777356240632_4458_0_4.jpg"", ""https://xcimg.szwego.com/imgHD/9404f147/20260428/cmp_i1777356248148_583_0_5.jpg"", ""https://xcimg.szwego.com/imgHD/9404f147/20260428/cmp_i1777356240996_3525_0_6.jpg"", ""https://xcimg.szwego.com/imgHD/9404f147/20260428/cmp_i1777356241526_3207_0_7.jpg"", ""https://xcimg.szwego.com/imgHD/9404f147/20260428/cmp_i1777356245880_547_0_8.jpg""]"
_dzurSiYnq0HuIjUu9z0XKX_OcBbFRF51XQjJuGQ;;DIO 26S 海军风领结弹力罗纹针织连衣裙 海军领条纹针织裙 柔软针织面料 蓝白条纹+大翻领领结设计，优雅又有气质 轻松修饰身形 轻松get精致名媛风 顶级品质发售;0;;lrg3k8cd5bgw3jv;;Для женщин;"[""https://xcimg.szwego.com/imgHD/9404f147/20260428/cmp_i1777356082625_5909_0_0.jpg"", ""https://xcimg.szwego.com/imgHD/9404f147/20260428/cmp_i1777356100300_40_0_1.jpg"", ""https://xcimg.szwego.com/imgHD/9404f147/20260428/cmp_i1777356082659_4909_0_2.jpg"", ""https://xcimg.szwego.com/imgHD/9404f147/20260428/cmp_i1777356100200_6520_0_3.jpg"", ""https://xcimg.szwego.com/imgHD/9404f147/20260428/cmp_i1777356082808_6238_0_4.jpg"", ""https://xcimg.szwego.com/imgHD/9404f147/20260428/cmp_i1777356100174_5488_0_5.jpg"", ""https://xcimg.szwego.com/imgHD/9404f147/20260428/cmp_i1777356082715_936_0_6.jpg"", ""https://xcimg.szwego.com/imgHD/9404f147/20260428/cmp_i1777356100293_3830_0_7.jpg"", ""https://xcimg.szwego.com/imgHD/9404f147/20260428/cmp_i1777356082665_3556_0_8.jpg""]"
_diwrSD7av8HUanVDftB0aNbw7fqQk9JvG3DHLNg;;DIO 26S 洛可可风翻领白色短袖polo Polo衫精心设计 突显同色调Medaillon标志刺绣 呼应沙龙十八世纪洛可可风格美学，白色棉质混纺珠地布面料制作 打造休闲高雅的造型 顶级品质发售;0;;lrg3k8cd5bgw3jv;;Для женщин;"[""https://xcimg.szwego.com/imgHD/9404f147/20260428/cmp_i1777355825400_2185_0_0.jpg"", ""https://xcimg.szwego.com/imgHD/9404f147/20260428/cmp_i1777355815472_7938_0_1.jpg"", ""https://xcimg.szwego.com/imgHD/9404f147/20260428/cmp_i1777355825444_7570_0_2.jpg"", ""https://xcimg.szwego.com/imgHD/9404f147/20260428/cmp_i1777355814159_8053_0_3.jpg"", ""https://xcimg.szwego.com/imgHD/9404f147/20260428/cmp_i1777355814162_1404_0_4.jpg"", ""https://xcimg.szwego.com/imgHD/9404f147/20260428/cmp_i1777355814162_9993_0_5.jpg"", ""https://xcimg.szwego.com/imgHD/9404f147/20260428/cmp_i1777355811377_38_0_6.jpg"", ""https://xcimg.szwego.com/imgHD/9404f147/20260428/cmp_i1777355811500_7940_0_7.jpg"", ""https://xcimg.szwego.com/imgHD/9404f147/20260428/cmp_i1777355814163_5862_0_8.jpg""]"
_d17rS9acpL5X80R1AUf13r2FFZHursbBDlGdEWQ;;DIO 26S 立体花边刺绣条纹针织上衣 条纹针织背心 条纹设计+镂空菱格 学院风满满 白色立体花边领+抽绳设计，细节感拉满 轻松get优雅休闲风 顶级品质发售;0;;lrg3k8cd5bgw3jv;;Для женщин;"[""https://xcimg.szwego.com/imgHD/9404f147/20260428/cmp_i1777355443379_7650_0_1.jpg"", ""https://xcimg.szwego.com/imgHD/9404f147/20260428/cmp_i1777355555438_5467_0_1.jpg"", ""https://xcimg.szwego.com/imgHD/9404f147/20260428/cmp_i1777355267186_5304_0_2.jpg"", ""https://xcimg.szwego.com/imgHD/9404f147/20260428/cmp_i1777355550531_6222_0_3.jpg"", ""https://xcimg.szwego.com/imgHD/9404f147/20260428/cmp_i1777355554579_2111_0_4.jpg"", ""https://xcimg.szwego.com/imgHD/9404f147/20260428/cmp_i1777355554866_2931_0_5.jpg"", ""https://xcimg.szwego.com/imgHD/9404f147/20260428/cmp_i1777355550767_51_0_6.jpg"", ""https://xcimg.szwego.com/imgHD/9404f147/20260428/cmp_i1777355555409_1209_0_7.jpg"", ""https://xcimg.szwego.com/imgHD/9404f147/20260428/cmp_i1777355550535_840_0_8.jpg""]"
_dsNrSFcgOFxTN3_pWAgnHSkfWldDlV6cwRZfJYQ;;DIO 26S 洛可可风刺绣白色棉质T恤 白色短袖T恤 采用高品质纯棉 柔软舒适，胸前品牌标志+洛可可洛Medaillon徽章印花 简约又有辨识度 宽松剪裁 顶级品质发售;0;;lrg3k8cd5bgw3jv;;Для женщин;"[""https://xcimg.szwego.com/imgHD/9404f147/20260428/cmp_i1777355272120_8826_0_0.jpg"", ""https://xcimg.szwego.com/imgHD/9404f147/20260428/cmp_i1777355262207_6060_0_1.jpg"", ""https://xcimg.szwego.com/imgHD/9404f147/20260428/cmp_i1777355267186_5304_0_2.jpg"", ""https://xcimg.szwego.com/imgHD/9404f147/20260428/cmp_i1777355271598_8599_0_3.jpg"", ""https://xcimg.szwego.com/imgHD/9404f147/20260428/cmp_i1777355261915_7368_0_4.jpg"", ""https://xcimg.szwego.com/imgHD/9404f147/20260428/cmp_i1777355261605_4643_0_5.jpg"", ""https://xcimg.szwego.com/imgHD/9404f147/20260428/cmp_i1777355271809_6397_0_6.jpg"", ""https://xcimg.szwego.com/imgHD/9404f147/20260428/cmp_i1777355267156_7352_0_7.jpg"", ""https://xcimg.szwego.com/imgHD/9404f147/20260428/cmp_i1777355265623_3256_0_8.jpg""]"
_doNrSr9QrwsHoxPEbPJ9T2gRnNg107hnSSJlskA;;DIO 26S 胸前洛可可立体刺绣钩花上衣 白色针织衫色调超温柔 柔软针织面料 胸前镂空刺绣+洛可可风蝴蝶结徽章设计，少女感满满 短款剪裁 轻松展现腰线 顶级品质发售;0;;lrg3k8cd5bgw3jv;;Для женщин;"[""https://xcimg.szwego.com/imgHD/9404f147/20260428/cmp_i1777355023560_8321_0_0.jpg"", ""https://xcimg.szwego.com/imgHD/9404f147/20260428/cmp_i1777355011805_2560_0_1.jpg"", ""https://xcimg.szwego.com/imgHD/9404f147/20260428/cmp_i1777355011897_5628_0_2.jpg"", ""https://xcimg.szwego.com/imgHD/9404f147/20260428/cmp_i1777355019789_8528_0_3.jpg"", ""https://xcimg.szwego.com/imgHD/9404f147/20260428/cmp_i1777355011100_1773_0_4.jpg"", ""https://xcimg.szwego.com/imgHD/9404f147/20260428/cmp_i1777355019784_2076_0_5.jpg"", ""https://xcimg.szwego.com/imgHD/9404f147/20260428/cmp_i1777355011721_5352_0_6.jpg"", ""https://xcimg.szwego.com/imgHD/9404f147/20260428/cmp_i1777355023519_1322_0_7.jpg"", ""https://xcimg.szwego.com/imgHD/9404f147/20260428/cmp_i1777355011748_3266_0_8.jpg""]"
_dr5rSq0MkTuJ7akme8BO2Fx3lUJfj9dUqBsms8w;;DIO 26S 蓝色钩花洛可可徽章弹力针织上衣 蓝色针织衫奶蓝色调超温柔 柔软针织面料 胸前镂空刺绣+蝴蝶结徽章设计，少女感满满 短款剪裁 轻松展现腰线 顶级品质发售;0;;lrg3k8cd5bgw3jv;;Для женщин;"[""https://xcimg.szwego.com/imgHD/9404f147/20260428/cmp_i1777354805716_4527_0_0.jpg"", ""https://xcimg.szwego.com/imgHD/9404f147/20260428/cmp_i1777354800516_1639_0_1.jpg"", ""https://xcimg.szwego.com/imgHD/9404f147/20260428/cmp_i1777354801419_2748_0_2.jpg"", ""https://xcimg.szwego.com/imgHD/9404f147/20260428/cmp_i1777354800516_7755_0_3.jpg"", ""https://xcimg.szwego.com/imgHD/9404f147/20260428/cmp_i1777354800516_9415_0_4.jpg"", ""https://xcimg.szwego.com/imgHD/9404f147/20260428/cmp_i1777354805727_9249_0_5.jpg"", ""https://xcimg.szwego.com/imgHD/9404f147/20260428/cmp_i1777354805713_3794_0_6.jpg"", ""https://xcimg.szwego.com/imgHD/9404f147/20260428/cmp_i1777354805728_5056_0_7.jpg"", ""https://xcimg.szwego.com/imgHD/9404f147/20260428/cmp_i1777354800516_830_0_8.jpg""]"
_duyrSPScrhwDSkRPkZpuGQ4DukIZdsjJynokDlA;;DIO 26S 洛可可风徽章印花罗纹收口卫衣 针织衫突显Medaillon标志 呼应沙龙十八世纪洛可可风格美学，采用灰色绵羊毛混纺面料制作 饰以超大版型Medaillon 标志 顶级品质发售;0;;lrg3k8cd5bgw3jv;;Для женщин;"[""https://xcimg.szwego.com/imgHD/9404f147/20260428/cmp_i1777354536008_4807_0_0.jpg"", ""https://xcimg.szwego.com/imgHD/9404f147/20260428/cmp_i1777354535815_2330_0_1.jpg"", ""https://xcimg.szwego.com/imgHD/9404f147/20260428/cmp_i1777354544346_6482_0_2.jpg"", ""https://xcimg.szwego.com/imgHD/9404f147/20260428/cmp_i1777354531442_2586_0_3.jpg"", ""https://xcimg.szwego.com/imgHD/9404f147/20260428/cmp_i1777354531736_1915_0_4.jpg"", ""https://xcimg.szwego.com/imgHD/9404f147/20260428/cmp_i1777354535834_4998_0_5.jpg"", ""https://xcimg.szwego.com/imgHD/9404f147/20260428/cmp_i1777354535884_4123_0_6.jpg"", ""https://xcimg.szwego.com/imgHD/9404f147/20260428/cmp_i1777354544342_2943_0_7.jpg"", ""https://xcimg.szwego.com/imgHD/9404f147/20260428/cmp_i1777354544263_4281_0_8.jpg""]"
_dfCrSODmkaLfGH_IcWMvInVGlBWmBjNtTSpI9Zw;;CHA 26P度假 菱格纹彩色花卉休闲套装 印花衬衫黑白几何格纹花卉图案 真丝轻盈柔滑黑白花卉印花、复古又时髦 短袖翻领设计 日常或轻正式场合都能轻松驾驭;0;;lrg3k8cd5bgw3jv;;Для женщин;"[""https://xcimg.szwego.com/imgHD/9404f147/20260427/cmp_i1777270483987_7114_0_0.jpg"", ""https://xcimg.szwego.com/imgHD/9404f147/20260427/cmp_i1777270521027_458_0_1.jpg"", ""https://xcimg.szwego.com/imgHD/9404f147/20260427/cmp_i1777270520575_3099_0_2.jpg"", ""https://xcimg.szwego.com/imgHD/9404f147/20260427/cmp_i1777270510359_7495_0_3.jpg"", ""https://xcimg.szwego.com/imgHD/9404f147/20260427/cmp_i1777270520591_9969_0_4.jpg"", ""https://xcimg.szwego.com/imgHD/9404f147/20260427/cmp_i1777270510410_5162_0_5.jpg"", ""https://xcimg.szwego.com/imgHD/9404f147/20260427/cmp_i1777270515074_9086_0_6.jpg"", ""https://xcimg.szwego.com/imgHD/9404f147/20260427/cmp_i1777270515286_5571_0_7.jpg"", ""https://xcimg.szwego.com/imgHD/9404f147/20260427/cmp_i1777270515051_5600_0_8.jpg""]"
_daArSTdSZhyE3X7IX7AACOvBYwoqiG2h3L4Y0mQ;;CHA 26P度假 菱格纹彩色花卉休闲套装 印花短裤黑白几何格纹花卉图案 优雅又时髦后现代、真丝轻薄面料 腰部条纹拼接金属纽扣 高腰弹力休闲时髦廓形套装;0;;lrg3k8cd5bgw3jv;;Для женщин;"[""https://xcimg.szwego.com/imgHD/9404f147/20260427/cmp_i1777270456909_6215_0_0.jpg"", ""https://xcimg.szwego.com/imgHD/9404f147/20260427/cmp_i1777270442459_2634_0_1.jpg"", ""https://xcimg.szwego.com/imgHD/9404f147/20260427/cmp_i1777270441611_9988_0_2.jpg"", ""https://xcimg.szwego.com/imgHD/9404f147/20260427/cmp_i1777270442140_8554_0_3.jpg"", ""https://xcimg.szwego.com/imgHD/9404f147/20260427/cmp_i1777270456309_7601_0_4.jpg"", ""https://xcimg.szwego.com/imgHD/9404f147/20260427/cmp_i1777270442276_3920_0_5.jpg"", ""https://xcimg.szwego.com/imgHD/9404f147/20260427/cmp_i1777270456758_4747_0_6.jpg"", ""https://xcimg.szwego.com/imgHD/9404f147/20260427/cmp_i1777270456849_1592_0_7.jpg"", ""https://xcimg.szwego.com/imgHD/9404f147/20260427/cmp_i1777270442136_9512_0_8.jpg""]"
_drXrSeDR975SanAuLx4X_IwPC-TPfsn3ce_7Ojw;;HER 26W 1930年经典橙棉麻马甲西裤套装 高品质棉麻廓形面料 爱马橙拼棕色高腰腰带轮廓、高腰阔腿裤线条利落 深棕滚边细节超有层次感 复古又现代;0;;lrg3k8cd5bgw3jv;;Для женщин;"[""https://xcimg.szwego.com/imgHD/9404f147/20260427/cmp_i1777269762637_2278_0_0.jpg"", ""https://xcimg.szwego.com/imgHD/9404f147/20260427/cmp_i1777269744669_9656_0_1.jpg"", ""https://xcimg.szwego.com/imgHD/9404f147/20260427/cmp_i1777269744671_5964_0_2.jpg"", ""https://xcimg.szwego.com/imgHD/9404f147/20260427/cmp_i1777269744670_7238_0_3.jpg"", ""https://xcimg.szwego.com/imgHD/9404f147/20260427/cmp_i1777269762633_9805_0_4.jpg"", ""https://xcimg.szwego.com/imgHD/9404f147/20260427/cmp_i1777269762635_1204_0_5.jpg"", ""https://xcimg.szwego.com/imgHD/9404f147/20260427/cmp_i1777269744668_2525_0_6.jpg"", ""https://xcimg.szwego.com/imgHD/9404f147/20260427/cmp_i1777269694197_33_0_5.jpg"", ""https://xcimg.szwego.com/imgHD/9404f147/20260427/cmp_i1777269744669_6177_0_8.jpg""]"
_d8irSJBf2xQNFgBMLxuQD5MX0cgbg-U5iOEAULw;;HER 26W 1930年经典橙棉麻马甲西裤套装 高品质棉麻廓形面料 爱马橙拼棕色边饰描绘轮廓、胸前立体真皮几何图案 复刻百年前设计，致敬长期主义 跨时代单品;0;;lrg3k8cd5bgw3jv;;Для женщин;"[""https://xcimg.szwego.com/imgHD/9404f147/20260427/cmp_i1777269642869_139_0_0.jpg"", ""https://xcimg.szwego.com/imgHD/9404f147/20260427/cmp_i1777269656092_386_0_1.jpg"", ""https://xcimg.szwego.com/imgHD/9404f147/20260427/cmp_i1777269656091_3814_0_2.jpg"", ""https://xcimg.szwego.com/imgHD/9404f147/20260427/cmp_i1777269642013_4271_0_3.jpg"", ""https://xcimg.szwego.com/imgHD/9404f147/20260427/cmp_i1777269642005_7133_0_4.jpg"", ""https://xcimg.szwego.com/imgHD/9404f147/20260427/cmp_i1777269656094_937_0_5.jpg"", ""https://xcimg.szwego.com/imgHD/9404f147/20260427/cmp_i1777269632926_9644_0_6.jpg"", ""https://xcimg.szwego.com/imgHD/9404f147/20260427/cmp_i1777269642013_1578_0_7.jpg"", ""https://xcimg.szwego.com/imgHD/9404f147/20260427/cmp_i1777269656087_1435_0_8.jpg""]"
_d42rSCyduIdTcc0CQlPGqSxfBaYivpRqXx0WNuQ;;HER 26W 黑白立体花边浮雕蕾丝短袖 白黑双色蕾丝短袖采用轻薄针织面料 搭配镂空立体的精致蕾丝花边，简约又优雅 正肩剪裁修饰肩部线条，荷叶边袖口增添柔美感;0;;lrg3k8cd5bgw3jv;;Для женщин;"[""https://xcimg.szwego.com/imgHD/9404f147/20260427/cmp_i1777269362070_1487_0_0.jpg"", ""https://xcimg.szwego.com/imgHD/9404f147/20260427/cmp_i1777269353815_2658_0_1.jpg"", ""https://xcimg.szwego.com/imgHD/9404f147/20260427/cmp_i1777269353814_2741_0_2.jpg"", ""https://xcimg.szwego.com/imgHD/9404f147/20260427/cmp_i1777269362061_1263_0_3.jpg"", ""https://xcimg.szwego.com/imgHD/9404f147/20260427/cmp_i1777269348534_4962_0_4.jpg"", ""https://xcimg.szwego.com/imgHD/9404f147/20260427/cmp_i1777269348541_4881_0_5.jpg"", ""https://xcimg.szwego.com/imgHD/9404f147/20260427/cmp_i1777269348535_2151_0_6.jpg"", ""https://xcimg.szwego.com/imgHD/9404f147/20260427/cmp_i1777269353815_1325_0_7.jpg"", ""https://xcimg.szwego.com/imgHD/9404f147/20260427/cmp_i1777269353815_501_0_8.jpg""]"
_d5rrSF6D8Tw8L9ZKzt2M2wiQqsih3ZyCKuwEsFw;;HER 26W 黑白立体花边浮雕蕾丝短袖 白黑双色蕾丝短袖采用轻薄针织面料 搭配镂空立体的精致蕾丝花边，简约又优雅 正肩剪裁修饰肩部线条，荷叶边袖口增添柔美感;0;;lrg3k8cd5bgw3jv;;Для женщин;"[""https://xcimg.szwego.com/imgHD/9404f147/20260427/cmp_i1777269134117_334_0_0.jpg"", ""https://xcimg.szwego.com/imgHD/9404f147/20260427/cmp_i1777269085762_522_0_1.jpg"", ""https://xcimg.szwego.com/imgHD/9404f147/20260427/cmp_i1777269085761_2211_0_2.jpg"", ""https://xcimg.szwego.com/imgHD/9404f147/20260427/cmp_i1777269085769_9742_0_3.jpg"", ""https://xcimg.szwego.com/imgHD/9404f147/20260427/cmp_i1777269134113_8831_0_4.jpg"", ""https://xcimg.szwego.com/imgHD/9404f147/20260427/cmp_i1777269085763_8158_0_5.jpg"", ""https://xcimg.szwego.com/imgHD/9404f147/20260427/cmp_i1777269134118_4688_0_6.jpg"", ""https://xcimg.szwego.com/imgHD/9404f147/20260427/cmp_i1777269085763_4928_0_7.jpg"", ""https://xcimg.szwego.com/imgHD/9404f147/20260427/cmp_i1777269081969_1203_0_8.jpg""]"
_d_wrSit-3u0INNxS3HcDsLUrosg9FwiHSckfN2w;;DIO 26S 花卉真丝中长款半身裙 全新演绎经典廓形多色SecretGarden图案 灵感源自古典花卉挂毯散发诗意与精致高雅的气息，采用米白色桑蚕丝斜纹面料精心制作 饰以多色图案 顶级品质发售;0;;lrg3k8cd5bgw3jv;;Для женщин;"[""https://xcimg.szwego.com/imgHD/9404f147/20260426/cmp_i1777188294147_4602_0_0.jpg"", ""https://xcimg.szwego.com/imgHD/9404f147/20260426/cmp_i1777187841907_3403_0_0.jpg"", ""https://xcimg.szwego.com/imgHD/9404f147/20260426/cmp_i1777188288983_8728_0_2.jpg"", ""https://xcimg.szwego.com/imgHD/9404f147/20260426/cmp_i1777188294125_1596_0_3.jpg"", ""https://xcimg.szwego.com/imgHD/9404f147/20260426/cmp_i1777188288984_5958_0_4.jpg"", ""https://xcimg.szwego.com/imgHD/9404f147/20260426/cmp_i1777188288981_8834_0_5.jpg"", ""https://xcimg.szwego.com/imgHD/9404f147/20260426/cmp_i1777188288982_5451_0_6.jpg"", ""https://xcimg.szwego.com/imgHD/9404f147/20260426/cmp_i1777188294143_6654_0_7.jpg"", ""https://xcimg.szwego.com/imgHD/9404f147/20260426/cmp_i1777188294128_6615_0_8.jpg""]"
_dPrrSTfLRKl8eCH_PSQxujuVbnZvXgOWzr5CCBw;;DIO baby 26S 蝴蝶领结花卉真丝衬衫半裙套装 衬衫于突显Secret Garden 图案 灵感源自经典花卉挂毯 散发诗意与精致高雅的气息，米白色桑蚕丝斜纹面料精心制作 顶级品质发售;0;;lrg3k8cd5bgw3jv;;Для женщин;"[""https://xcimg.szwego.com/imgHD/9404f147/20260426/cmp_i1777187841907_3403_0_0.jpg"", ""https://xcimg.szwego.com/imgHD/9404f147/20260426/cmp_i1777187806709_223_0_1.jpg"", ""https://xcimg.szwego.com/imgHD/9404f147/20260426/cmp_i1777187835124_3177_0_2.jpg"", ""https://xcimg.szwego.com/imgHD/9404f147/20260426/cmp_i1777187841905_8248_0_3.jpg"", ""https://xcimg.szwego.com/imgHD/9404f147/20260426/cmp_i1777187806709_5260_0_4.jpg"", ""https://xcimg.szwego.com/imgHD/9404f147/20260426/cmp_i1777187806707_8914_0_5.jpg"", ""https://xcimg.szwego.com/imgHD/9404f147/20260426/cmp_i1777187806704_1710_0_6.jpg"", ""https://xcimg.szwego.com/imgHD/9404f147/20260426/cmp_i1777187806711_6074_0_7.jpg"", ""https://xcimg.szwego.com/imgHD/9404f147/20260426/cmp_i1777187802780_8389_0_8.jpg""]"
_dxprSjRKUYDkDC67_x2--Nb4ytu2F6lDMOObb9g;;DIO 26S 花卉翻领蝴蝶领结花卉真丝连衣裙 中长款连衣裙突显Secret Garden图案 灵感源自经典花卉挂毯，散发诗意与精致高雅的气息采用米白色桑蚕丝斜纹面料精心制作 饰以多色图案 顶级品质发售;0;;lrg3k8cd5bgw3jv;;Для женщин;"[""https://xcimg.szwego.com/imgHD/9404f147/20260426/cmp_i1777187390714_4624_0_0.jpg"", ""https://xcimg.szwego.com/imgHD/9404f147/20260426/cmp_i1777187414990_532_0_1.jpg"", ""https://xcimg.szwego.com/imgHD/9404f147/20260426/cmp_i1777187414996_1845_0_2.jpg"", ""https://xcimg.szwego.com/imgHD/9404f147/20260426/cmp_i1777187390689_2474_0_3.jpg"", ""https://xcimg.szwego.com/imgHD/9404f147/20260426/cmp_i1777187414978_668_0_4.jpg"", ""https://xcimg.szwego.com/imgHD/9404f147/20260426/cmp_i1777187390703_5824_0_5.jpg"", ""https://xcimg.szwego.com/imgHD/9404f147/20260426/cmp_i1777187414983_1931_0_6.jpg"", ""https://xcimg.szwego.com/imgHD/9404f147/20260426/cmp_i1777187390691_6836_0_7.jpg"", ""https://xcimg.szwego.com/imgHD/9404f147/20260426/cmp_i1777187390704_4408_0_8.jpg""]"
_dy4rSMsPyLIKVF9xv0-3ib4tDivyDAu5ebWga3w;;DIO 26S 三色老花腰带针织连衣裙 连衣裙彰显优雅气质与休闲风范 天蓝色面料制作 饰以Oblique印花，喇叭形廓形 搭配罗缎腰带别具一格 饰以蝴蝶结和银色饰面金属C和D首字母 突显腰部曲线 顶级品质发售;0;;lrg3k8cd5bgw3jv;;Для женщин;"[""https://xcimg.szwego.com/imgHD/9404f147/20260426/cmp_i1777178901235_6484_0_0.jpg"", ""https://xcimg.szwego.com/imgHD/9404f147/20260426/cmp_i1777178892003_9543_0_1.jpg"", ""https://xcimg.szwego.com/imgHD/9404f147/20260426/cmp_i1777178892003_2536_0_2.jpg"", ""https://xcimg.szwego.com/imgHD/9404f147/20260426/cmp_i1777178897898_4612_0_3.jpg"", ""https://xcimg.szwego.com/imgHD/9404f147/20260426/cmp_i1777178730583_556_0_6.jpg"", ""https://xcimg.szwego.com/imgHD/9404f147/20260426/cmp_i1777178897890_2756_0_5.jpg"", ""https://xcimg.szwego.com/imgHD/9404f147/20260426/cmp_i1777178897903_8142_0_6.jpg"", ""https://xcimg.szwego.com/imgHD/9404f147/20260426/cmp_i1777178909312_6097_0_7.jpg"", ""https://xcimg.szwego.com/imgHD/9404f147/20260426/cmp_i1777178897895_5495_0_8.jpg""]"
_djErSzdgwlqqDQL__edVq2DDLiMCtoDNf8NS9Kg;;DIO 26S 三色老花腰带针织连衣裙 连衣裙彰显优雅气质与休闲风范 海军蓝色面料制作 饰以Oblique印花，喇叭形廓形 搭配罗缎腰带别具一格 饰以蝴蝶结和银色饰面金属C和D首字母 突显腰部曲线 顶级品质发售;0;;lrg3k8cd5bgw3jv;;Для женщин;"[""https://xcimg.szwego.com/imgHD/9404f147/20260426/cmp_i1777178723020_8046_0_0.jpg"", ""https://xcimg.szwego.com/imgHD/9404f147/20260426/cmp_i1777178703554_8605_0_1.jpg"", ""https://xcimg.szwego.com/imgHD/9404f147/20260426/cmp_i1777178723002_922_0_2.jpg"", ""https://xcimg.szwego.com/imgHD/9404f147/20260426/cmp_i1777178707110_9521_0_3.jpg"", ""https://xcimg.szwego.com/imgHD/9404f147/20260426/cmp_i1777178723010_8293_0_4.jpg"", ""https://xcimg.szwego.com/imgHD/9404f147/20260426/cmp_i1777178707114_6191_0_5.jpg"", ""https://xcimg.szwego.com/imgHD/9404f147/20260426/cmp_i1777178707110_2006_0_6.jpg"", ""https://xcimg.szwego.com/imgHD/9404f147/20260426/cmp_i1777178710648_9212_0_7.jpg"", ""https://xcimg.szwego.com/imgHD/9404f147/20260426/cmp_i1777178707111_6598_0_8.jpg""]"
_dx2rSvjA5Bx8lamDTg_AtOsvYm9Ic5Kfsy-jO8Q;;DIO 26S 三色老花腰带针织连衣裙 彰显优雅气质与休闲风范 饰以 Oblique 印花喇叭形廓形，搭配罗缎腰带 饰以蝴蝶结和纯钢五金C 和 D 首字母 突显腰部曲线 顶级品质发售;0;;lrg3k8cd5bgw3jv;;Для женщин;"[""https://xcimg.szwego.com/imgHD/9404f147/20260426/cmp_i1777178567192_5745_0_0.jpg"", ""https://xcimg.szwego.com/imgHD/9404f147/20260426/cmp_i1777178565261_9048_0_1.jpg"", ""https://xcimg.szwego.com/imgHD/9404f147/20260426/cmp_i1777178561501_8189_0_2.jpg"", ""https://xcimg.szwego.com/imgHD/9404f147/20260426/cmp_i1777178561496_3876_0_3.jpg"", ""https://xcimg.szwego.com/imgHD/9404f147/20260426/cmp_i1777178581716_8299_0_4.jpg"", ""https://xcimg.szwego.com/imgHD/9404f147/20260426/cmp_i1777178565260_6364_0_5.jpg"", ""https://xcimg.szwego.com/imgHD/9404f147/20260426/cmp_i1777178565254_8116_0_6.jpg"", ""https://xcimg.szwego.com/imgHD/9404f147/20260426/cmp_i1777178565256_4244_0_7.jpg"", ""https://xcimg.szwego.com/imgHD/9404f147/20260426/cmp_i1777178581714_5142_0_8.jpg""]"
_d3srSFxgBiBTgCsPrDoNggxG48DMcBz4-hSFc_w;;DIO baby 26S 千鸟格蝴蝶领结短袖针织上衣 千鸟格针织衫 黑白经典格纹+黑色蝴蝶结 优雅又有辨识度，针织面料柔软舒适 短袖设计千鸟格元素复古时髦 顶级品质发售;0;;lrg3k8cd5bgw3jv;;Для женщин;"[""https://xcimg.szwego.com/imgHD/9404f147/20260426/cmp_i1777178219044_8213_0_2.jpg"", ""https://xcimg.szwego.com/imgHD/9404f147/20260426/cmp_i1777178381450_9514_0_1.jpg"", ""https://xcimg.szwego.com/imgHD/9404f147/20260426/cmp_i1777178365967_9568_0_2.jpg"", ""https://xcimg.szwego.com/imgHD/9404f147/20260426/cmp_i1777178365114_4293_0_3.jpg"", ""https://xcimg.szwego.com/imgHD/9404f147/20260426/cmp_i1777178370702_3507_0_4.jpg"", ""https://xcimg.szwego.com/imgHD/9404f147/20260426/cmp_i1777178370721_8801_0_5.jpg"", ""https://xcimg.szwego.com/imgHD/9404f147/20260426/cmp_i1777178370719_2683_0_6.jpg"", ""https://xcimg.szwego.com/imgHD/9404f147/20260426/cmp_i1777178370740_4203_0_7.jpg"", ""https://xcimg.szwego.com/imgHD/9404f147/20260426/cmp_i1777178365112_3979_0_8.jpg""]"
_d9vrS_BiL_wbzoc4IqufATbVC5LpxSkzjcWsMOQ;;DIO 26S 藏蓝盘花洛可可徽章藏蓝针织上衣 绞花针织短袖 100%羊绒针织衫 柔软透气 深蓝色+立体绞花纹理，质感满分 圆领微宽松胸前刺绣徽章超有辨识度 顶级品质发售;0;;lrg3k8cd5bgw3jv;;Для женщин;"[""https://xcimg.szwego.com/imgHD/9404f147/20260426/cmp_i1777178219039_5786_0_0.jpg"", ""https://xcimg.szwego.com/imgHD/9404f147/20260426/cmp_i1777178228922_8004_0_1.jpg"", ""https://xcimg.szwego.com/imgHD/9404f147/20260426/cmp_i1777178219044_8213_0_2.jpg"", ""https://xcimg.szwego.com/imgHD/9404f147/20260426/cmp_i1777178225016_6329_0_3.jpg"", ""https://xcimg.szwego.com/imgHD/9404f147/20260426/cmp_i1777178219040_6306_0_4.jpg"", ""https://xcimg.szwego.com/imgHD/9404f147/20260426/cmp_i1777178219040_5094_0_5.jpg"", ""https://xcimg.szwego.com/imgHD/9404f147/20260426/cmp_i1777178225020_1417_0_6.jpg"", ""https://xcimg.szwego.com/imgHD/9404f147/20260426/cmp_i1777178219042_9247_0_7.jpg"", ""https://xcimg.szwego.com/imgHD/9404f147/20260426/cmp_i1777178225022_1410_0_8.jpg""]"
_dtgrSz2J2jZiK3oi3eWaJHA7DGShZQENF3-jPLg;;DIO 26S 米色弹力条纹短袖针织上衣 条纹针织短袖 白色底配黑色横条纹 简约优雅又经典 高品质针织面料，柔软亲肤 圆领+短袖设计 修身剪裁 轻松展现身材曲线 顶级品质发售;0;;lrg3k8cd5bgw3jv;;Для женщин;"[""https://xcimg.szwego.com/imgHD/9404f147/20260426/cmp_i1777177871473_2458_0_0.jpg"", ""https://xcimg.szwego.com/imgHD/9404f147/20260426/cmp_i1777177867998_2420_0_1.jpg"", ""https://xcimg.szwego.com/imgHD/9404f147/20260426/cmp_i1777177424173_4903_0_1.jpg"", ""https://xcimg.szwego.com/imgHD/9404f147/20260426/cmp_i1777177871466_4359_0_3.jpg"", ""https://xcimg.szwego.com/imgHD/9404f147/20260426/cmp_i1777177867171_9938_0_4.jpg"", ""https://xcimg.szwego.com/imgHD/9404f147/20260426/cmp_i1777177867171_8944_0_5.jpg"", ""https://xcimg.szwego.com/imgHD/9404f147/20260426/cmp_i1777177871473_6537_0_8.jpg"", ""https://xcimg.szwego.com/imgHD/9404f147/20260426/cmp_i1777177871473_9840_0_9.jpg"", ""https://xcimg.szwego.com/imgHD/9404f147/20260426/cmp_i1777177871465_973_0_7.jpg""]"
_ddirSsc4ZWnIpc07mYqESHSYW-CJRRp7QDEufLw;;DIO 26S 立体花边刺绣弹力针织背心 针织背心重新诠释优雅的经典标识 采用海军蓝色桑蚕丝针织面料精心制作，常规版型 正面饰以白色蕾丝细节提升格调 顶级品质发售;0;;lrg3k8cd5bgw3jv;;Для женщин;"[""https://xcimg.szwego.com/imgHD/9404f147/20260426/cmp_i1777177619965_4719_0_0.jpg"", ""https://xcimg.szwego.com/imgHD/9404f147/20260426/cmp_i1777177619192_3393_0_1.jpg"", ""https://xcimg.szwego.com/imgHD/9404f147/20260426/cmp_i1777177619649_1160_0_2.jpg"", ""https://xcimg.szwego.com/imgHD/9404f147/20260426/cmp_i1777177630355_701_0_3.jpg"", ""https://xcimg.szwego.com/imgHD/9404f147/20260426/cmp_i1777177619189_935_0_4.jpg"", ""https://xcimg.szwego.com/imgHD/9404f147/20260426/cmp_i1777177630355_9611_0_5.jpg"", ""https://xcimg.szwego.com/imgHD/9404f147/20260426/cmp_i1777177615280_1904_0_6.jpg"", ""https://xcimg.szwego.com/imgHD/9404f147/20260426/cmp_i1777177619194_7955_0_7.jpg"", ""https://xcimg.szwego.com/imgHD/9404f147/20260426/cmp_i1777177615282_243_0_8.jpg""]"
_doGrS90xLkRlerc5GM_xDHofIdPHoqnS2P8wKVw;;DIO 26S 蓝色条纹针织短袖上衣 浅蓝条纹针织衫 高密度坑条罗纹织法弹力十足 无缝一体成型，胸前Logo+条纹设计 细节满分 圆领短袖 修身剪裁 轻松展现曲线 顶级品质发售;0;;lrg3k8cd5bgw3jv;;Для женщин;"[""https://xcimg.szwego.com/imgHD/9404f147/20260426/cmp_i1777177358645_885_0_0.jpg"", ""https://xcimg.szwego.com/imgHD/9404f147/20260426/cmp_i1777177355682_3911_0_1.jpg"", ""https://xcimg.szwego.com/imgHD/9404f147/20260426/cmp_i1777177350296_4995_0_2.jpg"", ""https://xcimg.szwego.com/imgHD/9404f147/20260426/cmp_i1777177349298_4469_0_3.jpg"", ""https://xcimg.szwego.com/imgHD/9404f147/20260426/cmp_i1777177354018_1688_0_4.jpg"", ""https://xcimg.szwego.com/imgHD/9404f147/20260426/cmp_i1777177354005_890_0_5.jpg"", ""https://xcimg.szwego.com/imgHD/9404f147/20260426/cmp_i1777177354020_9490_0_6.jpg"", ""https://xcimg.szwego.com/imgHD/9404f147/20260426/cmp_i1777177349304_2685_0_7.jpg"", ""https://xcimg.szwego.com/imgHD/9404f147/20260426/cmp_i1777177349300_4751_0_8.jpg""]"
_dtKrSJjivLQoQAEzrpwRz3EqgSWjTq3vntnf5dQ;;DIO 26S 藏蓝弹力条纹短袖针织上衣 条纹针织短袖 黑色底配白色横条纹 简约优雅又经典 高品质针织面料，柔软亲肤 圆领+短袖设计 修身剪裁 轻松展现身材曲线 顶级品质发售;0;;lrg3k8cd5bgw3jv;;Для женщин;"[""https://xcimg.szwego.com/imgHD/9404f147/20260426/cmp_i1777177169535_8256_0_0.jpg"", ""https://xcimg.szwego.com/imgHD/9404f147/20260426/cmp_i1777177183548_8192_0_1.jpg"", ""https://xcimg.szwego.com/imgHD/9404f147/20260426/cmp_i1777177174702_1001_0_2.jpg"", ""https://xcimg.szwego.com/imgHD/9404f147/20260426/cmp_i1777177173898_1324_0_3.jpg"", ""https://xcimg.szwego.com/imgHD/9404f147/20260426/cmp_i1777177173896_5868_0_4.jpg"", ""https://xcimg.szwego.com/imgHD/9404f147/20260426/cmp_i1777177182522_2876_0_5.jpg"", ""https://xcimg.szwego.com/imgHD/9404f147/20260426/cmp_i1777177182521_1377_0_6.jpg"", ""https://xcimg.szwego.com/imgHD/9404f147/20260426/cmp_i1777177173897_5630_0_7.jpg"", ""https://xcimg.szwego.com/imgHD/9404f147/20260426/cmp_i1777177173895_5993_0_8.jpg""]"
_dsCrSwPtzNLUoPeYMpys8OeeBasjjh6arO_EVxA;;MIU 26W 蓝色格纹细腻羊绒针织Polo衫 优雅色彩搭配以精细的交互针织工艺定义经典格纹图案和女性化剪影，鲜明的polo领口设计 唤起经典童年衣橱的回忆;0;;lrg3k8cd5bgw3jv;;Для женщин;"[""https://xcimg.szwego.com/imgHD/9404f147/20260425/cmp_i1777096250143_9094_0_0.jpg"", ""https://xcimg.szwego.com/imgHD/9404f147/20260425/cmp_i1777096265380_9625_0_1.jpg"", ""https://xcimg.szwego.com/imgHD/9404f147/20260425/cmp_i1777096246887_3400_0_2.jpg"", ""https://xcimg.szwego.com/imgHD/9404f147/20260425/cmp_i1777096246886_6119_0_3.jpg"", ""https://xcimg.szwego.com/imgHD/9404f147/20260425/cmp_i1777096241358_8641_0_4.jpg"", ""https://xcimg.szwego.com/imgHD/9404f147/20260425/cmp_i1777096264652_1755_0_5.jpg"", ""https://xcimg.szwego.com/imgHD/9404f147/20260425/cmp_i1777096241355_9155_0_6.jpg"", ""https://xcimg.szwego.com/imgHD/9404f147/20260425/cmp_i1777096246894_4778_0_7.jpg"", ""https://xcimg.szwego.com/imgHD/9404f147/20260425/cmp_i1777096241358_6202_0_8.jpg""]"
_durrSZ78QN2YaBKxgFlXau4ePpy5iox88QvtvAw;;ZIMM 26W 浅蓝色牛仔镂空刺绣度假套装 Daylight 系列牛仔衬衫 水洗棉牛仔布轻盈透气、袖口和下摆的英式刺绣花边 棕榈树贝壳木槿花元素超浪漫 扇贝形下摆精致甜美;0;;lrg3k8cd5bgw3jv;;Для женщин;"[""https://xcimg.szwego.com/imgHD/9404f147/20260424/cmp_i1777010886544_8339_0_0.jpg"", ""https://xcimg.szwego.com/imgHD/9404f147/20260424/cmp_i1777010885729_2867_0_1.jpg"", ""https://xcimg.szwego.com/imgHD/9404f147/20260424/cmp_i1777010889722_7078_0_2.jpg"", ""https://xcimg.szwego.com/imgHD/9404f147/20260424/cmp_i1777010889721_1369_0_3.jpg"", ""https://xcimg.szwego.com/imgHD/9404f147/20260424/cmp_i1777010885724_7005_0_4.jpg"", ""https://xcimg.szwego.com/imgHD/9404f147/20260424/cmp_i1777010885724_7115_0_5.jpg"", ""https://xcimg.szwego.com/imgHD/9404f147/20260424/cmp_i1777010885725_152_0_6.jpg"", ""https://xcimg.szwego.com/imgHD/9404f147/20260424/cmp_i1777010889728_1357_0_7.jpg"", ""https://xcimg.szwego.com/imgHD/9404f147/20260424/cmp_i1777010889723_856_0_8.jpg""]"
_dwirSJSEoEo-0GtOhgErRgaG_3N7WRp5VPlNN-w;;ZIMM 26W 浅蓝色牛仔镂空刺绣度假套装 采用精致花卉刺绣Daylight 下摆的英式刺绣花边，棕榈树贝壳木槿花元素超浪漫 高腰绑带 扇贝形下摆设计精致感;0;;lrg3k8cd5bgw3jv;;Для женщин;"[""https://xcimg.szwego.com/imgHD/9404f147/20260424/cmp_i1777010815433_5713_0_0.jpg"", ""https://xcimg.szwego.com/imgHD/9404f147/20260424/cmp_i1777010817740_6529_0_1.jpg"", ""https://xcimg.szwego.com/imgHD/9404f147/20260424/cmp_i1777010809540_7765_0_2.jpg"", ""https://xcimg.szwego.com/imgHD/9404f147/20260424/cmp_i1777010809541_946_0_3.jpg"", ""https://xcimg.szwego.com/imgHD/9404f147/20260424/cmp_i1777010809540_1851_0_4.jpg"", ""https://xcimg.szwego.com/imgHD/9404f147/20260424/cmp_i1777010813520_358_0_5.jpg"", ""https://xcimg.szwego.com/imgHD/9404f147/20260424/cmp_i1777010817733_6068_0_6.jpg"", ""https://xcimg.szwego.com/imgHD/9404f147/20260424/cmp_i1777010813512_1594_0_7.jpg"", ""https://xcimg.szwego.com/imgHD/9404f147/20260424/cmp_i1777010809540_4807_0_8.jpg""]"
_dilrSk9vrnn04WpyK3ViMvUOIs1bi-g8B36RR2g;;CHL 26W 白色荷叶边真丝泡泡袖衬衫 法式浪漫真丝轻薄透气面料 V领荷叶蕾丝花边装饰细节精致、袖口和下摆绑带设计超灵动 收腰剪裁修饰身形，优雅又高贵;0;;lrg3k8cd5bgw3jv;;Для женщин;"[""https://xcimg.szwego.com/imgHD/9404f147/20260424/cmp_i1777010006535_1515_0_0.jpg"", ""https://xcimg.szwego.com/imgHD/9404f147/20260424/cmp_i1777010270069_2703_0_1.jpg"", ""https://xcimg.szwego.com/imgHD/9404f147/20260424/cmp_i1777010266114_5825_0_2.jpg"", ""https://xcimg.szwego.com/imgHD/9404f147/20260424/cmp_i1777010270060_413_0_3.jpg"", ""https://xcimg.szwego.com/imgHD/9404f147/20260424/cmp_i1777010266113_7044_0_4.jpg"", ""https://xcimg.szwego.com/imgHD/9404f147/20260424/cmp_i1777010266114_96_0_5.jpg"", ""https://xcimg.szwego.com/imgHD/9404f147/20260424/cmp_i1777010266114_5133_0_6.jpg"", ""https://xcimg.szwego.com/imgHD/9404f147/20260424/cmp_i1777010270064_2287_0_7.jpg"", ""https://xcimg.szwego.com/imgHD/9404f147/20260424/cmp_i1777010270059_5278_0_8.jpg""]"
_dt6rSfZKt-3_BAZVr6Nqr4OZtDa9hGAZLRyi8fg;;CHA 26P 菱形格纹真丝开衫半裙套装 衬衫式设计上衣 黑白几何图案真丝面料、腰带可调节轻松勾勒身形曲线，搭配鱼尾半身裙下装与上衣图案呼应，整体高贵迷人;0;;lrg3k8cd5bgw3jv;;Для женщин;"[""https://xcimg.szwego.com/imgHD/9404f147/20260423/cmp_i1776928442169_9066_0_0.jpg"", ""https://xcimg.szwego.com/imgHD/9404f147/20260423/cmp_i1776928560341_544_0_1.jpg"", ""https://xcimg.szwego.com/imgHD/9404f147/20260423/cmp_i1776928551782_4443_0_2.jpg"", ""https://xcimg.szwego.com/imgHD/9404f147/20260423/cmp_i1776928560334_180_0_3.jpg"", ""https://xcimg.szwego.com/imgHD/9404f147/20260423/cmp_i1776928548377_5788_0_4.jpg"", ""https://xcimg.szwego.com/imgHD/9404f147/20260423/cmp_i1776928551781_3226_0_5.jpg"", ""https://xcimg.szwego.com/imgHD/9404f147/20260423/cmp_i1776928551780_1530_0_6.jpg"", ""https://xcimg.szwego.com/imgHD/9404f147/20260423/cmp_i1776928551784_6238_0_7.jpg"", ""https://xcimg.szwego.com/imgHD/9404f147/20260423/cmp_i1776928551784_1829_0_8.jpg""]"
_dgurSfLG6Qpaz5_3M7i-sjkufUh5-HiDc7Tr0oQ;;CHA 26S 白色/浅蓝色微喇牛仔裤 采用高腰水洗牛仔蓝设计 微喇叭裤型修饰腿型，定染色泽 后腰围双C交叉logo装饰 纯白色清新百搭 蓝白双色之选顶级品质;0;;lrg3k8cd5bgw3jv;;Для женщин;"[""https://xcimg.szwego.com/imgHD/9404f147/20260423/cmp_i1776923258378_7604_0_0.jpg"", ""https://xcimg.szwego.com/imgHD/9404f147/20260423/cmp_i1776923719786_9654_0_1.jpg"", ""https://xcimg.szwego.com/imgHD/9404f147/20260423/cmp_i1776923713355_8695_0_2.jpg"", ""https://xcimg.szwego.com/imgHD/9404f147/20260423/cmp_i1776923708420_2598_0_3.jpg"", ""https://xcimg.szwego.com/imgHD/9404f147/20260423/cmp_i1776923713351_712_0_4.jpg"", ""https://xcimg.szwego.com/imgHD/9404f147/20260423/cmp_i1776923708419_907_0_5.jpg"", ""https://xcimg.szwego.com/imgHD/9404f147/20260423/cmp_i1776923713352_6463_0_6.jpg"", ""https://xcimg.szwego.com/imgHD/9404f147/20260423/cmp_i1776923708422_9374_0_7.jpg"", ""https://xcimg.szwego.com/imgHD/9404f147/20260423/cmp_i1776923708422_8932_0_8.jpg""]"
_dAprSAB45dPoKxkMW_ctg1UiQ9firaTE8pbMq-Q;;CHA 26S 白色/浅蓝色微喇牛仔裤 采用高腰水洗牛仔蓝设计 微喇叭裤型修饰腿型，定染色泽 后腰围双C交叉logo装饰 浅蓝色清新百搭 蓝白双色之选顶级品质;0;;lrg3k8cd5bgw3jv;;Для женщин;"[""https://xcimg.szwego.com/imgHD/9404f147/20260423/cmp_i1776923258378_7604_0_0.jpg"", ""https://xcimg.szwego.com/imgHD/9404f147/20260423/cmp_i1776923258437_5053_0_1.jpg"", ""https://xcimg.szwego.com/imgHD/9404f147/20260423/cmp_i1776923268954_4655_0_2.jpg"", ""https://xcimg.szwego.com/imgHD/9404f147/20260423/cmp_i1776923256310_8247_0_3.jpg"", ""https://xcimg.szwego.com/imgHD/9404f147/20260423/cmp_i1776923256307_8474_0_4.jpg"", ""https://xcimg.szwego.com/imgHD/9404f147/20260423/cmp_i1776923252275_3052_0_5.jpg"", ""https://xcimg.szwego.com/imgHD/9404f147/20260423/cmp_i1776923256307_2011_0_6.jpg"", ""https://xcimg.szwego.com/imgHD/9404f147/20260423/cmp_i1776923269714_5356_0_7.jpg"", ""https://xcimg.szwego.com/imgHD/9404f147/20260423/cmp_i1776923252275_1850_0_8.jpg""]"
_dskrSE8nl9AxFzuZhjW3RAkYNkfU2eS6ikt6BfA;;CELI 26W 山羊绒真丝混纺黑灰双色Polo衫 Polo衫采用羊绒+桑蚕丝混纺 柔软亲肤又保暖、黑白撞色设计简约优雅，凯旋门刺绣呈现品牌辨识度 顶级品质;0;;lrg3k8cd5bgw3jv;;Для женщин;"[""https://xcimg.szwego.com/imgHD/9404f147/20260422/cmp_i1776831720027_4476_0_0.jpg"", ""https://xcimg.szwego.com/imgHD/9404f147/20260422/cmp_i1776831714759_4537_0_1.jpg"", ""https://xcimg.szwego.com/imgHD/9404f147/20260422/cmp_i1776831720076_498_0_2.jpg"", ""https://xcimg.szwego.com/imgHD/9404f147/20260422/cmp_i1776831714244_4304_0_3.jpg"", ""https://xcimg.szwego.com/imgHD/9404f147/20260422/cmp_i1776831718316_6245_0_4.jpg"", ""https://xcimg.szwego.com/imgHD/9404f147/20260422/cmp_i1776831725491_3319_0_5.jpg"", ""https://xcimg.szwego.com/imgHD/9404f147/20260422/cmp_i1776831718318_3749_0_6.jpg"", ""https://xcimg.szwego.com/imgHD/9404f147/20260422/cmp_i1776831719922_3863_0_7.jpg"", ""https://xcimg.szwego.com/imgHD/9404f147/20260422/cmp_i1776831714245_7840_0_8.jpg""]"
_djbrSQvUGqPdpYfmEFPsVqJWWjndwuvEfyK_-7g;;CELI 26W 山羊绒真丝混纺黑灰双色Polo衫 Polo衫采用羊绒+桑蚕丝混纺 柔软亲肤又保暖、深浅灰色撞色设计简约优雅，凯旋门刺绣呈现品牌辨识度 顶级品质;0;;lrg3k8cd5bgw3jv;;Для женщин;"[""https://xcimg.szwego.com/imgHD/9404f147/20260422/cmp_i1776831058797_5322_0_0.jpg"", ""https://xcimg.szwego.com/imgHD/9404f147/20260422/cmp_i1776831551740_8939_0_1.jpg"", ""https://xcimg.szwego.com/imgHD/9404f147/20260422/cmp_i1776831547989_312_0_2.jpg"", ""https://xcimg.szwego.com/imgHD/9404f147/20260422/cmp_i1776831547563_9568_0_3.jpg"", ""https://xcimg.szwego.com/imgHD/9404f147/20260422/cmp_i1776831547565_2975_0_4.jpg"", ""https://xcimg.szwego.com/imgHD/9404f147/20260422/cmp_i1776831551150_8774_0_5.jpg"", ""https://xcimg.szwego.com/imgHD/9404f147/20260422/cmp_i1776831547565_351_0_6.jpg"", ""https://xcimg.szwego.com/imgHD/9404f147/20260422/cmp_i1776831547566_4410_0_7.jpg"", ""https://xcimg.szwego.com/imgHD/9404f147/20260422/cmp_i1776831553705_7521_0_8.jpg""]"
_dknrSfvGSffOgTNfLnA40nITul-1p4i7OUr4sYQ;;CEL 26S 羊毛阔腿裤渐变裤腿高腰西裤 黑色西裤可以说是衣橱里的硬通货 兼具了高级质感与百搭实穿性，高腰剪裁拉长腿部比例显高显瘦 极简高级感 顶级品质发售;0;;lrg3k8cd5bgw3jv;;Для женщин;"[""https://xcimg.szwego.com/imgHD/9404f147/20260422/cmp_i1776831013385_4305_0_0.jpg"", ""https://xcimg.szwego.com/imgHD/9404f147/20260422/cmp_i1776831026156_4587_0_1.jpg"", ""https://xcimg.szwego.com/imgHD/9404f147/20260422/cmp_i1776831013379_6943_0_2.jpg"", ""https://xcimg.szwego.com/imgHD/9404f147/20260422/cmp_i1776831013351_5495_0_3.jpg"", ""https://xcimg.szwego.com/imgHD/9404f147/20260422/cmp_i1776831010870_4890_0_4.jpg"", ""https://xcimg.szwego.com/imgHD/9404f147/20260422/cmp_i1776831004225_8623_0_5.jpg"", ""https://xcimg.szwego.com/imgHD/9404f147/20260422/cmp_i1776831013252_347_0_6.jpg"", ""https://xcimg.szwego.com/imgHD/9404f147/20260422/cmp_i1776831026524_6948_0_7.jpg"", ""https://xcimg.szwego.com/imgHD/9404f147/20260422/cmp_i1776831004569_9541_0_8.jpg""]"
_dilrSk9vrnn04WpyP3V-NuESBsVPn-g8B36RR2g;;LOUIS 26W 老花领结翻领白色真丝衬衫 衬衫取材柔滑桑蚕丝绉纱 以袖口明线与柔和色彩形成视觉反差、Mini Monogram图案点缀圆润衣领和飘逸垂饰 顶级品质;0;;lrg3k8cd5bgw3jv;;Для женщин;"[""https://xcimg.szwego.com/imgHD/9404f147/20260421/cmp_i1776753155261_2401_0_0.jpg"", ""https://xcimg.szwego.com/imgHD/9404f147/20260421/cmp_i1776753753293_2589_0_1.jpg"", ""https://xcimg.szwego.com/imgHD/9404f147/20260421/cmp_i1776753753082_2647_0_2.jpg"", ""https://xcimg.szwego.com/imgHD/9404f147/20260421/cmp_i1776753765820_797_0_3.jpg"", ""https://xcimg.szwego.com/imgHD/9404f147/20260421/cmp_i1776753752918_8047_0_4.jpg"", ""https://xcimg.szwego.com/imgHD/9404f147/20260421/cmp_i1776753747049_730_0_5.jpg"", ""https://xcimg.szwego.com/imgHD/9404f147/20260421/cmp_i1776753751107_6480_0_6.jpg"", ""https://xcimg.szwego.com/imgHD/9404f147/20260421/cmp_i1776753753267_5338_0_7.jpg"", ""https://xcimg.szwego.com/imgHD/9404f147/20260421/cmp_i1776753766045_8218_0_8.jpg""]"
_d9grSQNU4-32-DJyqelab2qAvLPeQ99vu8bM89w;;LOUIS 26W 老花真丝领结黑白长款衬衫 采用桑蚕丝绉绸 为纽扣前襟和袖口勾勒撞色镶边，再以袖珍Monogram印花点缀圆领和大号衣领垂饰、华美灵动;0;;lrg3k8cd5bgw3jv;;Для женщин;"[""https://xcimg.szwego.com/imgHD/9404f147/20260421/cmp_i1776753468631_713_0_0.jpg"", ""https://xcimg.szwego.com/imgHD/9404f147/20260421/cmp_i1776753468572_1869_0_1.jpg"", ""https://xcimg.szwego.com/imgHD/9404f147/20260421/cmp_i1776753461608_9483_0_2.jpg"", ""https://xcimg.szwego.com/imgHD/9404f147/20260421/cmp_i1776753479444_4724_0_3.jpg"", ""https://xcimg.szwego.com/imgHD/9404f147/20260421/cmp_i1776753479410_5879_0_4.jpg"", ""https://xcimg.szwego.com/imgHD/9404f147/20260421/cmp_i1776753461636_3974_0_6.jpg"", ""https://xcimg.szwego.com/imgHD/9404f147/20260421/cmp_i1776753468191_6862_0_7.jpg"", ""https://xcimg.szwego.com/imgHD/9404f147/20260421/cmp_i1776753479469_8137_0_8.jpg"", ""https://xcimg.szwego.com/imgHD/9404f147/20260421/cmp_i1776753468051_5915_0_9.jpg""]"
_dkTrST3ik3aIw-4u6ks32CaJsN5VbDuwLkeP-YQ;;LOUIS 26W 老花侧腰绑带及膝真丝半身裙 选用飘逸桑蚕丝绉绸 以隐藏式拉链在后部束紧、腰部的斜纹桑蚕丝巾铺陈全幅Mini Monogram图案 搭配衬衫高贵曼妙;0;;lrg3k8cd5bgw3jv;;Для женщин;"[""https://xcimg.szwego.com/imgHD/9404f147/20260421/cmp_i1776753155261_2401_0_0.jpg"", ""https://xcimg.szwego.com/imgHD/9404f147/20260421/cmp_i1776753161366_7531_0_1.jpg"", ""https://xcimg.szwego.com/imgHD/9404f147/20260421/cmp_i1776753176096_3104_0_2.jpg"", ""https://xcimg.szwego.com/imgHD/9404f147/20260421/cmp_i1776753161305_1536_0_3.jpg"", ""https://xcimg.szwego.com/imgHD/9404f147/20260421/cmp_i1776753155104_7110_0_4.jpg"", ""https://xcimg.szwego.com/imgHD/9404f147/20260421/cmp_i1776753155088_3895_0_5.jpg"", ""https://xcimg.szwego.com/imgHD/9404f147/20260421/cmp_i1776753175878_860_0_6.jpg"", ""https://xcimg.szwego.com/imgHD/9404f147/20260421/cmp_i1776753161244_4148_0_7.jpg"", ""https://xcimg.szwego.com/imgHD/9404f147/20260421/cmp_i1776753176077_2570_0_8.jpg""]"
_dgprSlSyfqRRAjS_F4rnIRqr_0ROEz-C1Pmh16Q;;LOUIS 26W 老花真丝方巾围脖棉质T恤 基础款黑色T恤再度优雅升级 领口系着桑蚕丝方巾、其印花与louis典藏硬箱内饰的图案一脉相承，时髦精致造型;0;;lrg3k8cd5bgw3jv;;Для женщин;"[""https://xcimg.szwego.com/imgHD/9404f147/20260421/cmp_i1776752367960_673_0_0.jpg"", ""https://xcimg.szwego.com/imgHD/9404f147/20260421/cmp_i1776752373286_1484_0_1.jpg"", ""https://xcimg.szwego.com/imgHD/9404f147/20260421/cmp_i1776752367958_3195_0_2.jpg"", ""https://xcimg.szwego.com/imgHD/9404f147/20260421/cmp_i1776752362944_7896_0_3.jpg"", ""https://xcimg.szwego.com/imgHD/9404f147/20260421/cmp_i1776752367954_2322_0_4.jpg"", ""https://xcimg.szwego.com/imgHD/9404f147/20260421/cmp_i1776752367943_656_0_5.jpg"", ""https://xcimg.szwego.com/imgHD/9404f147/20260421/cmp_i1776752362941_673_0_6.jpg"", ""https://xcimg.szwego.com/imgHD/9404f147/20260421/cmp_i1776752367960_6553_0_7.jpg"", ""https://xcimg.szwego.com/imgHD/9404f147/20260421/cmp_i1776752362941_8340_0_8.jpg""]"
_d9ZrShrnKbSpo0iMedl95I8YVd-maJq4mOdNIHw;;LOUIS 26W 卡其色双排船锚金扣工装半裙 采用华达尼廓形面料耐磨又舒适，喜欢猫金色双排扣点缀腰带设计 工装风双侧口 实用又有型！任意搭配系列T恤/衬衫/夹克;0;;lrg3k8cd5bgw3jv;;Для женщин;"[""https://xcimg.szwego.com/imgHD/9404f147/20260421/cmp_i1776752117826_5790_0_0.jpg"", ""https://xcimg.szwego.com/imgHD/9404f147/20260421/cmp_i1776752123293_5658_0_1.jpg"", ""https://xcimg.szwego.com/imgHD/9404f147/20260421/cmp_i1776752122237_9126_0_2.jpg"", ""https://xcimg.szwego.com/imgHD/9404f147/20260421/cmp_i1776752117038_688_0_3.jpg"", ""https://xcimg.szwego.com/imgHD/9404f147/20260421/cmp_i1776752117039_1379_0_4.jpg"", ""https://xcimg.szwego.com/imgHD/9404f147/20260421/cmp_i1776752122254_3208_0_5.jpg"", ""https://xcimg.szwego.com/imgHD/9404f147/20260421/cmp_i1776752117037_8858_0_6.jpg"", ""https://xcimg.szwego.com/imgHD/9404f147/20260421/cmp_i1776752117042_4776_0_7.jpg"", ""https://xcimg.szwego.com/imgHD/9404f147/20260421/cmp_i1776752122235_5768_0_8.jpg""]"
_d9FrSuiBPHhs6jLKCFhgsswCvT2LnDmSZbmIbRg;;LOUIS 26W 老花行李牌印花领巾真丝背心 Monogram印花 灰黑色调超有质感，重磅真丝低调又奢华面料 穿着舒适、无袖设计环绕领结宽松剪裁 单穿或叠轻松打造层次感;0;;lrg3k8cd5bgw3jv;;Для женщин;"[""https://xcimg.szwego.com/imgHD/9404f147/20260421/cmp_i1776751699580_1120_0_0.jpg"", ""https://xcimg.szwego.com/imgHD/9404f147/20260421/cmp_i1776751698770_2379_0_1.jpg"", ""https://xcimg.szwego.com/imgHD/9404f147/20260421/cmp_i1776751692319_1047_0_2.jpg"", ""https://xcimg.szwego.com/imgHD/9404f147/20260421/cmp_i1776751698768_7690_0_3.jpg"", ""https://xcimg.szwego.com/imgHD/9404f147/20260421/cmp_i1776751692316_9852_0_4.jpg"", ""https://xcimg.szwego.com/imgHD/9404f147/20260421/cmp_i1776751692318_3454_0_5.jpg"", ""https://xcimg.szwego.com/imgHD/9404f147/20260421/cmp_i1776751692317_1856_0_6.jpg"", ""https://xcimg.szwego.com/imgHD/9404f147/20260421/cmp_i1776751692324_9021_0_7.jpg"", ""https://xcimg.szwego.com/imgHD/9404f147/20260421/cmp_i1776751698771_4209_0_8.jpg""]"
_dn0rS08UEhQKl7ds1JIOXuknRZ8B70s-RMdlkXA;;LOUIS 26W 行李牌印花真丝抽绳休闲裤 以品牌行李牌印花为亮点 灰蓝色调增添个性辨识度，宽松直筒版型松紧抽绳腰 穿着舒适慵懒又显腿长 搭配系列衬衫造型;0;;lrg3k8cd5bgw3jv;;Для женщин;"[""https://xcimg.szwego.com/imgHD/9404f147/20260421/cmp_i1776750682616_3549_0_0.jpg"", ""https://xcimg.szwego.com/imgHD/9404f147/20260421/cmp_i1776750937092_1451_0_1.jpg"", ""https://xcimg.szwego.com/imgHD/9404f147/20260421/cmp_i1776750936236_2655_0_2.jpg"", ""https://xcimg.szwego.com/imgHD/9404f147/20260421/cmp_i1776750931541_5029_0_3.jpg"", ""https://xcimg.szwego.com/imgHD/9404f147/20260421/cmp_i1776750936238_2193_0_4.jpg"", ""https://xcimg.szwego.com/imgHD/9404f147/20260421/cmp_i1776750931537_4785_0_5.jpg"", ""https://xcimg.szwego.com/imgHD/9404f147/20260421/cmp_i1776750931539_8002_0_6.jpg"", ""https://xcimg.szwego.com/imgHD/9404f147/20260421/cmp_i1776750931536_65_0_7.jpg"", ""https://xcimg.szwego.com/imgHD/9404f147/20260421/cmp_i1776750937088_9608_0_8.jpg""]"
_dmarSKZ9hnuHi-la8z9uO8I7c_vD6Qor0fnq9Nw;;SLP 26W YSL字母刺绣水洗牛仔蓝衬衫 复古水洗牛仔面料柔软又透气 法式慵懒风设计 翻领胸前刺绣ysl logo细节满分、版型宽松 单穿或叠搭都很OK;0;;lrg3k8cd5bgw3jv;;Для женщин;"[""https://xcimg.szwego.com/imgHD/9404f147/20260420/cmp_i1776684722100_4912_0_0.jpg"", ""https://xcimg.szwego.com/imgHD/9404f147/20260420/cmp_i1776684727231_4441_0_1.jpg"", ""https://xcimg.szwego.com/imgHD/9404f147/20260420/cmp_i1776684727235_1367_0_2.jpg"", ""https://xcimg.szwego.com/imgHD/9404f147/20260420/cmp_i1776684721372_97_0_3.jpg"", ""https://xcimg.szwego.com/imgHD/9404f147/20260420/cmp_i1776684721371_6370_0_4.jpg"", ""https://xcimg.szwego.com/imgHD/9404f147/20260420/cmp_i1776684721368_8034_0_5.jpg"", ""https://xcimg.szwego.com/imgHD/9404f147/20260420/cmp_i1776684727227_4815_0_6.jpg"", ""https://xcimg.szwego.com/imgHD/9404f147/20260420/cmp_i1776684721381_1670_0_7.jpg"", ""https://xcimg.szwego.com/imgHD/9404f147/20260420/cmp_i1776684727225_7623_0_8.jpg""]"
_dxnrSKt-WsdY_oz4bLi--vOPEdO2mtWtajXSlwQ;;SLP 26W 撞色运动立领华达尼休闲夹克 米色衣身深蓝立领复古运动风 胸前深蓝条纹配金色刺绣logo 品牌辨识度超高，拉链开合 双侧插手口袋 设计感与实用性兼具;0;;lrg3k8cd5bgw3jv;;Для женщин;"[""https://xcimg.szwego.com/imgHD/9404f147/20260420/cmp_i1776684400898_1790_0_0.jpg"", ""https://xcimg.szwego.com/imgHD/9404f147/20260420/cmp_i1776684405424_3629_0_1.jpg"", ""https://xcimg.szwego.com/imgHD/9404f147/20260420/cmp_i1776684405413_1616_0_2.jpg"", ""https://xcimg.szwego.com/imgHD/9404f147/20260420/cmp_i1776684405413_5362_0_3.jpg"", ""https://xcimg.szwego.com/imgHD/9404f147/20260420/cmp_i1776684419141_5735_0_4.jpg"", ""https://xcimg.szwego.com/imgHD/9404f147/20260420/cmp_i1776684400899_5250_0_5.jpg"", ""https://xcimg.szwego.com/imgHD/9404f147/20260420/cmp_i1776684419138_786_0_6.jpg"", ""https://xcimg.szwego.com/imgHD/9404f147/20260420/cmp_i1776684405415_5522_0_7.jpg"", ""https://xcimg.szwego.com/imgHD/9404f147/20260420/cmp_i1776684405420_6848_0_8.jpg""]"
_dfMrS9nbpCvjO9avu_vW2OHG6aErtS7XcVG6TVg;;Loro Pia 26W 裸粉色蝴蝶领结双层真丝背心 选用重磅双层真丝 触感柔滑细腻轻盈透气 裸粉色点缀蝴蝶结设计优雅又甜美，V领修饰颈部线条 无袖清爽利落;0;;lrg3k8cd5bgw3jv;;Для женщин;"[""https://xcimg.szwego.com/imgHD/9404f147/20260420/cmp_i1776662964615_1523_0_0.jpg"", ""https://xcimg.szwego.com/imgHD/9404f147/20260420/cmp_i1776662953608_4901_0_1.jpg"", ""https://xcimg.szwego.com/imgHD/9404f147/20260420/cmp_i1776662957928_633_0_2.jpg"", ""https://xcimg.szwego.com/imgHD/9404f147/20260420/cmp_i1776662957935_2048_0_3.jpg"", ""https://xcimg.szwego.com/imgHD/9404f147/20260420/cmp_i1776662953609_6403_0_4.jpg"", ""https://xcimg.szwego.com/imgHD/9404f147/20260420/cmp_i1776662964609_1621_0_5.jpg"", ""https://xcimg.szwego.com/imgHD/9404f147/20260420/cmp_i1776662954081_1617_0_6.jpg"", ""https://xcimg.szwego.com/imgHD/9404f147/20260420/cmp_i1776662957931_4156_0_7.jpg"", ""https://xcimg.szwego.com/imgHD/9404f147/20260420/cmp_i1776662964759_1449_0_8.jpg""]"
_dvSrSsnEN4q5AQoSAgfqeXneEY0V51MMPxHKYOg;;设计师 26W 玫瑰印花两件套收腰微喇真丝连衣裙 采用100%桑蚕丝 外层顺纡绉内衬双绉 轻盈透气超舒适、黑底红玫瑰印花 收腰玲珑有致 法式复古氛围感;0;;lrg3k8cd5bgw3jv;;Для женщин;"[""https://xcimg.szwego.com/imgHD/9404f147/20260420/cmp_i1776661969476_1562_0_0.jpg"", ""https://xcimg.szwego.com/imgHD/9404f147/20260420/cmp_i1776661979026_5637_0_1.jpg"", ""https://xcimg.szwego.com/imgHD/9404f147/20260420/cmp_i1776661976257_2484_0_2.jpg"", ""https://xcimg.szwego.com/imgHD/9404f147/20260420/cmp_i1776661969477_1425_0_3.jpg"", ""https://xcimg.szwego.com/imgHD/9404f147/20260420/cmp_i1776661969472_7290_0_4.jpg"", ""https://xcimg.szwego.com/imgHD/9404f147/20260420/cmp_i1776661976254_8802_0_5.jpg"", ""https://xcimg.szwego.com/imgHD/9404f147/20260420/cmp_i1776661976258_4611_0_6.jpg"", ""https://xcimg.szwego.com/imgHD/9404f147/20260420/cmp_i1776661976256_3522_0_7.jpg"", ""https://xcimg.szwego.com/imgHD/9404f147/20260420/cmp_i1776661969477_3160_0_8.jpg""]"
_dq6rSWY89HSc4RNS0rUunPVTulSqr3MMevqjaZQ;;DIO 26S 领结假两件米色拼蓝针织上衣 以现代设计别具一格 采用山羊绒和桑蚕丝混纺针织面料精心制作，饰以黄色和蓝色条纹 点缀以品牌标志的装饰性衣袖系于肩部 顶级品质发售;0;;lrg3k8cd5bgw3jv;;Для женщин;"[""https://xcimg.szwego.com/imgHD/9404f147/20260419/cmp_i1776580180663_4702_0_0.jpg"", ""https://xcimg.szwego.com/imgHD/9404f147/20260419/cmp_i1776579732093_2334_0_0.jpg"", ""https://xcimg.szwego.com/imgHD/9404f147/20260419/cmp_i1776580175571_5913_0_2.jpg"", ""https://xcimg.szwego.com/imgHD/9404f147/20260419/cmp_i1776580175572_8417_0_3.jpg"", ""https://xcimg.szwego.com/imgHD/9404f147/20260419/cmp_i1776580192903_8452_0_4.jpg"", ""https://xcimg.szwego.com/imgHD/9404f147/20260419/cmp_i1776580179399_5071_0_5.jpg"", ""https://xcimg.szwego.com/imgHD/9404f147/20260419/cmp_i1776580179408_2498_0_6.jpg"", ""https://xcimg.szwego.com/imgHD/9404f147/20260419/cmp_i1776580193640_3919_0_7.jpg"", ""https://xcimg.szwego.com/imgHD/9404f147/20260419/cmp_i1776580179401_3333_0_8.jpg""]"
_dnxrSkZBgrxA0stzWQOmgz86E15Pa76X4tHYpTQ;;DIO 26S 领结假两件藏蓝拼蓝针织上衣 以现代设计别具一格 采用山羊绒和桑蚕丝混纺针织面料精心制作，饰以海军蓝色和白色条纹 点缀以品牌标志的装饰性衣袖系于肩部 顶级品质发售;0;;lrg3k8cd5bgw3jv;;Для женщин;"[""https://xcimg.szwego.com/imgHD/9404f147/20260419/cmp_i1776579732093_2334_0_0.jpg"", ""https://xcimg.szwego.com/imgHD/9404f147/20260419/cmp_i1776579864337_8388_0_1.jpg"", ""https://xcimg.szwego.com/imgHD/9404f147/20260419/cmp_i1776579864334_3425_0_2.jpg"", ""https://xcimg.szwego.com/imgHD/9404f147/20260419/cmp_i1776579869224_313_0_3.jpg"", ""https://xcimg.szwego.com/imgHD/9404f147/20260419/cmp_i1776579869236_4428_0_4.jpg"", ""https://xcimg.szwego.com/imgHD/9404f147/20260419/cmp_i1776579864334_3684_0_5.jpg"", ""https://xcimg.szwego.com/imgHD/9404f147/20260419/cmp_i1776579869231_3732_0_6.jpg"", ""https://xcimg.szwego.com/imgHD/9404f147/20260419/cmp_i1776579864334_7074_0_7.jpg"", ""https://xcimg.szwego.com/imgHD/9404f147/20260419/cmp_i1776579869249_6205_0_8.jpg""]"
_dtZrSFAcQxR9WDWIMkwkFPLLv5QU-7Mv_NHtHKQ;;DIO 26W 复古格纹真丝包臀半身裙 半裙才用蓝绿拼色格纹设计 复古又百搭 真丝醋酸面料柔软透气、高腰半裙线条流畅 裙摆自然垂坠出开衩造型 修饰身形显瘦高贵;0;;lrg3k8cd5bgw3jv;;Для женщин;"[""https://xcimg.szwego.com/imgHD/9404f147/20260419/cmp_i1776579732093_2334_0_0.jpg"", ""https://xcimg.szwego.com/imgHD/9404f147/20260419/cmp_i1776579724762_1931_0_1.jpg"", ""https://xcimg.szwego.com/imgHD/9404f147/20260419/cmp_i1776579718298_5046_0_2.jpg"", ""https://xcimg.szwego.com/imgHD/9404f147/20260419/cmp_i1776579718295_5221_0_3.jpg"", ""https://xcimg.szwego.com/imgHD/9404f147/20260419/cmp_i1776579722322_7323_0_4.jpg"", ""https://xcimg.szwego.com/imgHD/9404f147/20260419/cmp_i1776579722322_5716_0_5.jpg"", ""https://xcimg.szwego.com/imgHD/9404f147/20260419/cmp_i1776579732085_7223_0_6.jpg"", ""https://xcimg.szwego.com/imgHD/9404f147/20260419/cmp_i1776579724785_1687_0_7.jpg"", ""https://xcimg.szwego.com/imgHD/9404f147/20260419/cmp_i1776579722319_2405_0_8.jpg""]"
_dtfrSLPHE3IZaSwiQmhXQM6NgUQ5cDv0yMzag2w;;DIO 26W 侧边花边做旧水洗蓝牛仔裤 优雅的喇叭形廓形搭配不对称垂褶效果 别具一格、采用蓝色石洗棉质牛仔布精心制作 搭配侧面斜插口袋和后侧贴袋 上身时髦造型;0;;lrg3k8cd5bgw3jv;;Для женщин;"[""https://xcimg.szwego.com/imgHD/9404f147/20260419/cmp_i1776578876241_6791_0_0.jpg"", ""https://xcimg.szwego.com/imgHD/9404f147/20260419/cmp_i1776579482365_7226_0_1.jpg"", ""https://xcimg.szwego.com/imgHD/9404f147/20260419/cmp_i1776579479572_3810_0_2.jpg"", ""https://xcimg.szwego.com/imgHD/9404f147/20260419/cmp_i1776579482255_3949_0_3.jpg"", ""https://xcimg.szwego.com/imgHD/9404f147/20260419/cmp_i1776579476055_4746_0_4.jpg"", ""https://xcimg.szwego.com/imgHD/9404f147/20260419/cmp_i1776579479571_4573_0_5.jpg"", ""https://xcimg.szwego.com/imgHD/9404f147/20260419/cmp_i1776579488042_3952_0_6.jpg"", ""https://xcimg.szwego.com/imgHD/9404f147/20260419/cmp_i1776579482381_7936_0_7.jpg"", ""https://xcimg.szwego.com/imgHD/9404f147/20260419/cmp_i1776579488043_1680_0_8.jpg""]"
_dtVrSAjEgge20Vgk4NMOiL-ukaj6rVTJEtduJlg;;FEN 26W 水貂绒花朵胸针棉质T恤 圆领短袖T恤 白色棉质平纹布材质、胸前点缀粉色貂绒和红色水貂毛皮胸针 可随意调节位置，下摆粉色logo刺绣 饱满细节;0;;lrg3k8cd5bgw3jv;;Для женщин;"[""https://xcimg.szwego.com/imgHD/9404f147/20260418/cmp_i1776491801852_2683_0_0.jpg"", ""https://xcimg.szwego.com/imgHD/9404f147/20260418/cmp_i1776491776265_8515_0_1.jpg"", ""https://xcimg.szwego.com/imgHD/9404f147/20260418/cmp_i1776491769144_4674_0_2.jpg"", ""https://xcimg.szwego.com/imgHD/9404f147/20260418/cmp_i1776491776262_7501_0_3.jpg"", ""https://xcimg.szwego.com/imgHD/9404f147/20260418/cmp_i1776491776262_1656_0_4.jpg"", ""https://xcimg.szwego.com/imgHD/9404f147/20260418/cmp_i1776491769144_3450_0_5.jpg"", ""https://xcimg.szwego.com/imgHD/9404f147/20260418/cmp_i1776491776260_1789_0_6.jpg"", ""https://xcimg.szwego.com/imgHD/9404f147/20260418/cmp_i1776491776263_380_0_7.jpg"", ""https://xcimg.szwego.com/imgHD/9404f147/20260418/cmp_i1776491801852_3874_0_8.jpg""]"
_djOrS1zI9WASC4e42a9L8SPHRjp1g28kR7HYx0g;;FEN 26W FF提花阔腿直筒高腰牛仔裤 米色牛仔布材质 黄色FF图案衬里和棕色皮革后饰带，饰有Selleria FF细节 撞色缝线和银色饰面金属铆钉 时髦look;0;;lrg3k8cd5bgw3jv;;Для женщин;"[""https://xcimg.szwego.com/imgHD/9404f147/20260418/cmp_i1776491109733_2627_0_0.jpg"", ""https://xcimg.szwego.com/imgHD/9404f147/20260418/cmp_i1776491302860_6112_0_1.jpg"", ""https://xcimg.szwego.com/imgHD/9404f147/20260418/cmp_i1776491325317_1890_0_2.jpg"", ""https://xcimg.szwego.com/imgHD/9404f147/20260418/cmp_i1776491302840_6100_0_3.jpg"", ""https://xcimg.szwego.com/imgHD/9404f147/20260418/cmp_i1776491325326_768_0_4.jpg"", ""https://xcimg.szwego.com/imgHD/9404f147/20260418/cmp_i1776491302839_8859_0_5.jpg"", ""https://xcimg.szwego.com/imgHD/9404f147/20260418/cmp_i1776491325326_7396_0_6.jpg"", ""https://xcimg.szwego.com/imgHD/9404f147/20260418/cmp_i1776491302842_9463_0_7.jpg"", ""https://xcimg.szwego.com/imgHD/9404f147/20260418/cmp_i1776491302843_9658_0_8.jpg""]"
_dHlrSeXL5rW4c_MB583_J4g_qp2nGJpAglRVIBQ;;FEN 26S FF拼色短款丹宁牛仔夹克 米色短款夹克内里FF全幅老花拼色、下摆内置松紧带 搭配扣眼调节 可调整合身度和凸显廓形的量感，搭配休闲裤一套时髦look;0;;lrg3k8cd5bgw3jv;;Для женщин;"[""https://xcimg.szwego.com/imgHD/9404f147/20260418/cmp_i1776491109733_2627_0_0.jpg"", ""https://xcimg.szwego.com/imgHD/9404f147/20260418/cmp_i1776491109729_8272_0_1.jpg"", ""https://xcimg.szwego.com/imgHD/9404f147/20260418/cmp_i1776491185289_2679_0_2.jpg"", ""https://xcimg.szwego.com/imgHD/9404f147/20260418/cmp_i1776491184483_1956_0_3.jpg"", ""https://xcimg.szwego.com/imgHD/9404f147/20260418/cmp_i1776491109726_1703_0_4.jpg"", ""https://xcimg.szwego.com/imgHD/9404f147/20260418/cmp_i1776491109743_7834_0_5.jpg"", ""https://xcimg.szwego.com/imgHD/9404f147/20260418/cmp_i1776491104417_3234_0_6.jpg"", ""https://xcimg.szwego.com/imgHD/9404f147/20260418/cmp_i1776491109730_461_0_7.jpg"", ""https://xcimg.szwego.com/imgHD/9404f147/20260418/cmp_i1776491184479_1727_0_8.jpg""]"
_d_frSA18oVKqN_Pt_tZF31W6yXWTue2oYYKWxUQ;;PRA 26S 蓝拼红弹力条纹针织T恤 采用轻盈棉质平纹针织面料 呈现修身版型 对比色装饰边缘为风格增添特色，并饰有涂珐琅金属三角形徽标 顶级品质发售;0;;lrg3k8cd5bgw3jv;;Для женщин;"[""https://xcimg.szwego.com/img/9404f147/20260418/i1776490012073_5811_0_0.jpg"", ""https://xcimg.szwego.com/img/9404f147/20260418/i1776490320221_1797_0_8.jpg"", ""https://xcimg.szwego.com/img/9404f147/20260418/i1776490265151_1414_0_1.jpg"", ""https://xcimg.szwego.com/img/9404f147/20260418/i1776490264892_1499_0_3.jpg"", ""https://xcimg.szwego.com/img/9404f147/20260418/i1776490260921_4109_0_4.jpg"", ""https://xcimg.szwego.com/img/9404f147/20260418/i1776490265353_423_0_5.jpg"", ""https://xcimg.szwego.com/img/9404f147/20260418/i1776490261014_6201_0_6.jpg"", ""https://xcimg.szwego.com/img/9404f147/20260418/i1776490260871_8792_0_7.jpg"", ""https://xcimg.szwego.com/img/9404f147/20260418/i1776490260910_9779_0_8.jpg""]"
_dwcrS_Qj7_hIjwp04RoGgj0UG--jEmfhM4yDwag;;PRA 26S 蓝拼红弹力条纹针织背心 采用轻盈棉质平纹针织面料 呈现修身版型 对比色装饰边缘为风格增添特色，并饰有涂珐琅金属三角形徽标 顶级品质发售;0;;lrg3k8cd5bgw3jv;;Для женщин;"[""https://xcimg.szwego.com/img/9404f147/20260418/i1776490012073_5811_0_0.jpg"", ""https://xcimg.szwego.com/img/9404f147/20260418/i1776490016446_7528_0_1.jpg"", ""https://xcimg.szwego.com/img/9404f147/20260418/i1776490012357_6577_0_2.jpg"", ""https://xcimg.szwego.com/img/9404f147/20260418/i1776490016491_2743_0_3.jpg"", ""https://xcimg.szwego.com/img/9404f147/20260418/i1776490012410_1988_0_4.jpg"", ""https://xcimg.szwego.com/img/9404f147/20260418/i1776490016379_5471_0_5.jpg"", ""https://xcimg.szwego.com/img/9404f147/20260418/i1776490012347_9490_0_6.jpg"", ""https://xcimg.szwego.com/img/9404f147/20260418/i1776490012373_7659_0_7.jpg"", ""https://xcimg.szwego.com/img/9404f147/20260418/i1776490020956_5599_0_8.jpg""]"
_dacrScp4cK2Yr7xFT3LXi1WH_4a2o3266QNS0Uw;;PRA 26S 蓝色轻质尼龙材质连帽短款夹克 采用创新的Re-Nylon面料 灵感源自现代运动世界，将科技服饰引入生活方式领域 这款方正廓形饰以涂珐琅金属三角形徽标 顶级品质发售;0;;lrg3k8cd5bgw3jv;;Для женщин;"[""https://xcimg.szwego.com/img/9404f147/20260418/i1776490777857_3811_0_0.jpg"", ""https://xcimg.szwego.com/img/9404f147/20260418/i1776490770971_591_0_1.jpg"", ""https://xcimg.szwego.com/img/9404f147/20260418/i1776490770943_8192_0_2.jpg"", ""https://xcimg.szwego.com/img/9404f147/20260418/i1776490777591_9100_0_3.jpg"", ""https://xcimg.szwego.com/img/9404f147/20260418/i1776490784930_9858_0_4.jpg"", ""https://xcimg.szwego.com/img/9404f147/20260418/i1776490784916_6586_0_5.jpg"", ""https://xcimg.szwego.com/img/9404f147/20260418/i1776490771001_9102_0_6.jpg"", ""https://xcimg.szwego.com/img/9404f147/20260418/i1776490777482_2387_0_7.jpg"", ""https://xcimg.szwego.com/img/9404f147/20260418/i1776490777593_6319_0_8.jpg""]"
_dxNrSE-RHTSZ1Qu7h7Ozs5qrJmDvK7PP-A2ruRQ;;PRA 26S 蓝色条纹拼色罗纹针织短袖 丝质的流畅与高雅轻盈赋予这款条纹毛衣精致的特性，是日常造型的夏季经典 品牌徽标点缀修身版型 增添独特魅力 顶级品质发售;0;;lrg3k8cd5bgw3jv;;Для женщин;"[""https://xcimg.szwego.com/img/9404f147/20260418/i1776490492016_2944_0_0.jpg"", ""https://xcimg.szwego.com/img/9404f147/20260418/i1776490492007_6725_0_1.jpg"", ""https://xcimg.szwego.com/img/9404f147/20260418/i1776490498252_5264_0_2.jpg"", ""https://xcimg.szwego.com/img/9404f147/20260418/i1776490491998_4278_0_3.jpg"", ""https://xcimg.szwego.com/img/9404f147/20260418/i1776490498361_4691_0_4.jpg"", ""https://xcimg.szwego.com/img/9404f147/20260418/i1776490497983_5430_0_5.jpg"", ""https://xcimg.szwego.com/img/9404f147/20260418/i1776490491920_2794_0_6.jpg"", ""https://xcimg.szwego.com/img/9404f147/20260418/i1776490505378_5950_0_7.jpg"", ""https://xcimg.szwego.com/img/9404f147/20260418/i1776490498300_1774_0_8.jpg""]"
_dubrSolXZ8Hu92sZ7-eY7ZasAb4Qr18ENwp1atA;;PRA 26S 镂空竖排扣 镂空针织开衫 白色镂空针织短袖开衫 采用透气针织 轻盈透气 镂空+麻花纹理设计，细节满分 圆领短袖+正面纽扣 简约优雅风格 顶级品质发售;0;;lrg3k8cd5bgw3jv;;Для женщин;"[""https://xcimg.szwego.com/img/9404f147/20260418/i1776488897580_5772_0_4.jpg"", ""https://xcimg.szwego.com/img/9404f147/20260418/i1776488811411_2920_0_1.jpg"", ""https://xcimg.szwego.com/img/9404f147/20260418/i1776489865599_9006_0_2.jpg"", ""https://xcimg.szwego.com/img/9404f147/20260418/i1776489863281_6198_0_3.jpg"", ""https://xcimg.szwego.com/img/9404f147/20260418/i1776489863278_7689_0_4.jpg"", ""https://xcimg.szwego.com/img/9404f147/20260418/i1776489863308_3885_0_5.jpg"", ""https://xcimg.szwego.com/img/9404f147/20260418/i1776489863224_923_0_6.jpg"", ""https://xcimg.szwego.com/img/9404f147/20260418/i1776489867386_1570_0_7.jpg"", ""https://xcimg.szwego.com/img/9404f147/20260418/i1776489867310_4277_0_8.jpg""]"
_dnsrSZYfM7IohkxFY0lMB391-QzRTeXbG3mnyPg;;PRA 26S 镂空针织短款吊带背心 白色针织吊带背心采用轻薄透气针织材质 简约设计+精致镂空纹理，细肩带+修身剪裁 轻松打造简约时尚感 顶级品质发售;0;;lrg3k8cd5bgw3jv;;Для женщин;"[""https://xcimg.szwego.com/img/9404f147/20260418/i1776488809399_2741_0_0.jpg"", ""https://xcimg.szwego.com/img/9404f147/20260418/i1776488809400_1264_0_2.jpg"", ""https://xcimg.szwego.com/img/9404f147/20260418/i1776488811411_2920_0_1.jpg"", ""https://xcimg.szwego.com/img/9404f147/20260418/i1776488809371_3359_0_3.jpg"", ""https://xcimg.szwego.com/img/9404f147/20260418/i1776488811378_3666_0_4.jpg"", ""https://xcimg.szwego.com/img/9404f147/20260418/i1776488809270_3958_0_5.jpg"", ""https://xcimg.szwego.com/img/9404f147/20260418/i1776488811462_1923_0_6.jpg"", ""https://xcimg.szwego.com/img/9404f147/20260418/i1776488811435_6546_0_7.jpg"", ""https://xcimg.szwego.com/img/9404f147/20260418/i1776488809399_6787_0_8.jpg""]"
_dyJrSqHZDgvQXjX1apd_NLiE4LBQzHyf0UPsPfw;;MIU 26S 粉色条纹翻领针织polo上衣 色彩与条纹在标志性的Polo衫中相遇 采用柔软的棉质针织面料，融入俏皮的季节性元素 完美适合多层次搭配 顶级品质发售;0;;lrg3k8cd5bgw3jv;;Для женщин;"[""https://xcimg.szwego.com/img/9404f147/20260418/i1776488380148_5185_0_3.jpg"", ""https://xcimg.szwego.com/img/9404f147/20260418/i1776488379906_3511_0_1.jpg"", ""https://xcimg.szwego.com/img/9404f147/20260418/i1776488377459_5602_0_2.jpg"", ""https://xcimg.szwego.com/img/9404f147/20260418/i1776488379997_5226_0_4.jpg"", ""https://xcimg.szwego.com/img/9404f147/20260418/i1776488377372_4777_0_5.jpg"", ""https://xcimg.szwego.com/img/9404f147/20260418/i1776488377283_4572_0_9.jpg"", ""https://xcimg.szwego.com/img/9404f147/20260418/i1776488377300_5678_0_6.jpg"", ""https://xcimg.szwego.com/img/9404f147/20260418/i1776488379973_4084_0_0.jpg"", ""https://xcimg.szwego.com/img/9404f147/20260418/i1776488380045_7294_0_7.jpg""]"
_dr9rS3Pu5QPujT0v4CsRxF0KXLGyn3MAo3Yq9LQ;;MIU 26S 翻领假两件芥绿针织镂空上衣 芥绿镂空针织衫 搭配可拆卸白色衬衫领 复古又俏皮针织面料透气舒适，短袖设计+胸前品牌刺绣 轻松get复古摩登风 顶级品质发售;0;;lrg3k8cd5bgw3jv;;Для женщин;"[""https://xcimg.szwego.com/img/9404f147/20260418/i1776488100230_6638_0_0.jpg"", ""https://xcimg.szwego.com/img/9404f147/20260418/i1776488105289_6460_0_2.jpg"", ""https://xcimg.szwego.com/img/9404f147/20260418/i1776488100184_9906_0_1.jpg"", ""https://xcimg.szwego.com/img/9404f147/20260418/i1776488105236_5331_0_3.jpg"", ""https://xcimg.szwego.com/img/9404f147/20260418/i1776488100190_4047_0_4.jpg"", ""https://xcimg.szwego.com/img/9404f147/20260418/i1776488100268_5214_0_5.jpg"", ""https://xcimg.szwego.com/img/9404f147/20260418/i1776488100194_4781_0_6.jpg"", ""https://xcimg.szwego.com/img/9404f147/20260418/i1776488105168_5265_0_7.jpg"", ""https://xcimg.szwego.com/img/9404f147/20260418/i1776488105256_5178_0_8.jpg""]"
_dycrS6hLA6ejYqRfY2IOGJ7RfP0HpIvvUGKqGlw;;MIU 26S 裸粉色珍珠丝毛水钻刺绣连衣裙 精致与女性魅力在这款连衣裙中得以体现 面料的光泽与闪亮的花卉刺绣相得益彰，提升了简约剪裁和优雅气质 为这款特别造型增添独特魅力;0;;lrg3k8cd5bgw3jv;;Для женщин;"[""https://xcimg.szwego.com/img/9404f147/20260417/i1776407415974_5161_0_0.jpg"", ""https://xcimg.szwego.com/img/9404f147/20260417/i1776407420648_5372_0_1.jpg"", ""https://xcimg.szwego.com/img/9404f147/20260417/i1776407420666_9546_0_2.jpg"", ""https://xcimg.szwego.com/img/9404f147/20260417/i1776407416105_9584_0_4.jpg"", ""https://xcimg.szwego.com/img/9404f147/20260417/i1776407416079_1054_0_5.jpg"", ""https://xcimg.szwego.com/img/9404f147/20260417/i1776407416169_4971_0_6.jpg"", ""https://xcimg.szwego.com/img/9404f147/20260417/i1776407420658_8863_0_7.jpg"", ""https://xcimg.szwego.com/img/9404f147/20260417/i1776407420708_9162_0_8.jpg"", ""https://xcimg.szwego.com/img/9404f147/20260417/i1776407420641_2310_0_9.jpg""]"
_dkorSw8YunwAicGx8_2h-6lWUrhRuCMn0B1VrpA;;MIU 26S 立体花边蓝色棉质学院风衬衫 从童年衣橱汲取灵感 这款柔软版型府绸质感，衬衫将经典的格纹图案与领口和袖子上的优雅刺绣相结合 展现出一种轻松活泼的感觉;0;;lrg3k8cd5bgw3jv;;Для женщин;"[""https://xcimg.szwego.com/img/9404f147/20260417/i1776406816068_2074_0_0.jpg"", ""https://xcimg.szwego.com/img/9404f147/20260417/i1776406816071_3521_0_1.jpg"", ""https://xcimg.szwego.com/img/9404f147/20260417/i1776406819800_7686_0_2.jpg"", ""https://xcimg.szwego.com/img/9404f147/20260417/i1776406815988_2626_0_3.jpg"", ""https://xcimg.szwego.com/img/9404f147/20260417/i1776406819641_5203_0_4.jpg"", ""https://xcimg.szwego.com/img/9404f147/20260417/i1776406819778_5127_0_5.jpg"", ""https://xcimg.szwego.com/img/9404f147/20260417/i1776406816061_848_0_6.jpg"", ""https://xcimg.szwego.com/img/9404f147/20260417/i1776406815920_6735_0_7.jpg"", ""https://xcimg.szwego.com/img/9404f147/20260417/i1776406819756_8974_0_8.jpg""]"
_djnrSlAfXkDtGukM8fNJ3foa2Ovk3JvpItheiIw;;MIU 26S 侧方镂空蝴蝶结绑带学院风连衣裙 灵感源自童装风格 这款府绸质感喇叭裙结合，经典的格纹图案与优雅的刺绣和蝴蝶结 展现活泼而精致的个性 顶级品质发售;0;;lrg3k8cd5bgw3jv;;Для женщин;"[""https://xcimg.szwego.com/img/9404f147/20260417/i1776406242384_3223_0_0.jpg"", ""https://xcimg.szwego.com/img/9404f147/20260417/i1776406238587_9753_0_1.jpg"", ""https://xcimg.szwego.com/img/9404f147/20260417/i1776406238580_3376_0_2.jpg"", ""https://xcimg.szwego.com/img/9404f147/20260417/i1776406238548_8316_0_3.jpg"", ""https://xcimg.szwego.com/img/9404f147/20260417/i1776406242286_968_0_4.jpg"", ""https://xcimg.szwego.com/img/9404f147/20260417/i1776406238541_356_0_5.jpg"", ""https://xcimg.szwego.com/img/9404f147/20260417/i1776406242409_2636_0_6.jpg"", ""https://xcimg.szwego.com/img/9404f147/20260417/i1776406242378_2814_0_7.jpg"", ""https://xcimg.szwego.com/img/9404f147/20260417/i1776406238370_8631_0_8.jpg""]"
_dearSbW_AuRoI6NYD92i7dchkV6FNPTEYp9dSGg;;DIO 26S 四叶草燕子领真丝大摆连衣裙 四叶草连衣裙 桑蚕丝材质 轻盈柔滑 绿色四叶草印花+腰带收腰设计，优雅又显身材 法式复古氛围感拉满 顶级品质发售;0;;lrg3k8cd5bgw3jv;;Для женщин;"[""https://xcimg.szwego.com/img/9404f147/20260417/i1776405964389_1682_0_0.jpg"", ""https://xcimg.szwego.com/img/9404f147/20260417/i1776405964405_2_0_1.jpg"", ""https://xcimg.szwego.com/img/9404f147/20260417/i1776405966201_5981_0_2.jpg"", ""https://xcimg.szwego.com/img/9404f147/20260417/i1776405966169_9545_0_3.jpg"", ""https://xcimg.szwego.com/img/9404f147/20260417/i1776405964398_7184_0_4.jpg"", ""https://xcimg.szwego.com/img/9404f147/20260417/i1776405964280_8531_0_5.jpg"", ""https://xcimg.szwego.com/img/9404f147/20260417/i1776405966197_2522_0_6.jpg"", ""https://xcimg.szwego.com/img/9404f147/20260417/i1776405966223_7401_0_7.jpg"", ""https://xcimg.szwego.com/img/9404f147/20260417/i1776405964451_4487_0_8.jpg""]"
_dglrSMDnb7fE7UQIurhYxJQ0_-bKCm_eUOIO1Vw;;DIO 26S 蓝色小碎花燕子领真丝连衣裙 蓝色碎花连衣裙 采用桑蚕丝面料制作 蓝白碎花图案超清新，衬衫式领口＋腰带设计 法式优雅轻松get 顶级品质发售;0;;lrg3k8cd5bgw3jv;;Для женщин;"[""https://xcimg.szwego.com/img/9404f147/20260417/i1776405679315_4901_0_0.jpg"", ""https://xcimg.szwego.com/img/9404f147/20260417/i1776405688905_8326_0_1.jpg"", ""https://xcimg.szwego.com/img/9404f147/20260417/i1776405679097_3674_0_2.jpg"", ""https://xcimg.szwego.com/img/9404f147/20260417/i1776405674555_828_0_3.jpg"", ""https://xcimg.szwego.com/img/9404f147/20260417/i1776405674500_5131_0_4.jpg"", ""https://xcimg.szwego.com/img/9404f147/20260417/i1776405679133_1142_0_5.jpg"", ""https://xcimg.szwego.com/img/9404f147/20260417/i1776405679098_4485_0_6.jpg"", ""https://xcimg.szwego.com/img/9404f147/20260417/i1776405679217_5193_0_7.jpg"", ""https://xcimg.szwego.com/img/9404f147/20260417/i1776405688939_7697_0_8.jpg""]"
_djMrSlOASgOMTe2hStWvn1cuvCywdV4ZHgm6Zrg;;DIO 26S 清新碎花真丝翻领衬衫 采用桑蚕丝斜纹面料 饰以DaisyGarden图案 以充满田园风情和色彩缤纷的设计展现雏菊的风采，致敬品牌钟爱花卉的传承 顶级品质发售;0;;lrg3k8cd5bgw3jv;;Для женщин;"[""https://xcimg.szwego.com/img/9404f147/20260417/i1776405386366_9186_0_0.jpg"", ""https://xcimg.szwego.com/img/9404f147/20260417/i1776405390175_1317_0_1.jpg"", ""https://xcimg.szwego.com/img/9404f147/20260417/i1776405403243_4828_0_2.jpg"", ""https://xcimg.szwego.com/img/9404f147/20260417/i1776405403222_4605_0_3.jpg"", ""https://xcimg.szwego.com/img/9404f147/20260417/i1776405390155_9118_0_4.jpg"", ""https://xcimg.szwego.com/img/9404f147/20260417/i1776405390276_349_0_5.jpg"", ""https://xcimg.szwego.com/img/9404f147/20260417/i1776405403197_4338_0_6.jpg"", ""https://xcimg.szwego.com/img/9404f147/20260417/i1776405390285_8166_0_7.jpg"", ""https://xcimg.szwego.com/img/9404f147/20260417/i1776405390368_7692_0_8.jpg""]"
_dpWrSEP0TGHlMURd-tXC__dVZv8XoGY_ErqRDlw;;PRA 26S 尼龙连帽立领廓形抽绳夹克 米咖色Re-Nylon以其创新的技术特性和高雅的精致感，表达了PD美学的双重性 可隐藏连帽立领设计 下摆抽绳简约风格，时髦短款增添运动元素;0;;lrg3k8cd5bgw3jv;;Для женщин;"[""https://xcimg.szwego.com/img/9404f147/20260416/i1776316038941_5854_0_0.jpg"", ""https://xcimg.szwego.com/img/9404f147/20260416/i1776316235020_1099_0_1.jpg"", ""https://xcimg.szwego.com/img/9404f147/20260416/i1776316238004_4738_0_2.jpg"", ""https://xcimg.szwego.com/img/9404f147/20260416/i1776316237999_7317_0_3.jpg"", ""https://xcimg.szwego.com/img/9404f147/20260416/i1776316235165_4655_0_4.jpg"", ""https://xcimg.szwego.com/img/9404f147/20260416/i1776316238057_6661_0_5.jpg"", ""https://xcimg.szwego.com/img/9404f147/20260416/i1776316235153_152_0_6.jpg"", ""https://xcimg.szwego.com/img/9404f147/20260416/i1776316237896_1806_0_7.jpg"", ""https://xcimg.szwego.com/img/9404f147/20260416/i1776316235288_4182_0_8.jpg""]"
_dk2rSo-4SQOKYYzS0n71HlpkNmlFpMc-kwH8bPQ;;PRA 26W 米咖色尼龙工装风腰带半身裙 高腰A字版型轻薄聚酯纤维材质 PD金属扣腰带可调节 实用又有设计感、两侧大口袋 日常出行很方便 可搭配出多种时装造型;0;;lrg3k8cd5bgw3jv;;Для женщин;"[""https://xcimg.szwego.com/img/9404f147/20260416/i1776316038941_5854_0_0.jpg"", ""https://xcimg.szwego.com/img/9404f147/20260416/i1776316036107_5064_0_1.jpg"", ""https://xcimg.szwego.com/img/9404f147/20260416/i1776316039003_3664_0_2.jpg"", ""https://xcimg.szwego.com/img/9404f147/20260416/i1776316036094_7935_0_3.jpg"", ""https://xcimg.szwego.com/img/9404f147/20260416/i1776316043770_8988_0_4.jpg"", ""https://xcimg.szwego.com/img/9404f147/20260416/i1776316036283_4515_0_5.jpg"", ""https://xcimg.szwego.com/img/9404f147/20260416/i1776316036214_1637_0_6.jpg"", ""https://xcimg.szwego.com/img/9404f147/20260416/i1776316036382_6975_0_7.jpg"", ""https://xcimg.szwego.com/img/9404f147/20260416/i1776316038943_5791_0_8.jpg""]"
_dq-rSzzReDEW8fBs7J2dPtVulRdBECa7d_PM6zA;;PRA 26W 黑色尼龙工装风腰带半身裙 高腰A字版型轻薄聚酯纤维材质 PD金属扣腰带可调节 实用又有设计感、两侧大口袋 日常出行很方便 可搭配出多种时装造型;0;;lrg3k8cd5bgw3jv;;Для женщин;"[""https://xcimg.szwego.com/img/9404f147/20260416/i1776315854472_2378_0_0.jpg"", ""https://xcimg.szwego.com/img/9404f147/20260416/i1776315857367_4338_0_1.jpg"", ""https://xcimg.szwego.com/img/9404f147/20260416/i1776315854327_3420_0_2.jpg"", ""https://xcimg.szwego.com/img/9404f147/20260416/i1776315854151_3684_0_3.jpg"", ""https://xcimg.szwego.com/img/9404f147/20260416/i1776315857318_8605_0_4.jpg"", ""https://xcimg.szwego.com/img/9404f147/20260416/i1776315854192_5262_0_5.jpg"", ""https://xcimg.szwego.com/img/9404f147/20260416/i1776315854161_5211_0_6.jpg"", ""https://xcimg.szwego.com/img/9404f147/20260416/i1776315857313_5282_0_7.jpg"", ""https://xcimg.szwego.com/img/9404f147/20260416/i1776315857289_5271_0_8.jpg""]"
_dxKrSTfUYZ_uHr0qsVZIda0xfxMlu2p9LQJiiMQ;;"CHA 26W 黑白花边手绘立体字母针织短袖 黑色撞色边饰正面""C logo""签字体刺绣 简约又超有辨识度、无袖设计春夏单穿叠穿都ok 小短款时髦可爱";0;;lrg3k8cd5bgw3jv;;Для женщин;"[""https://xcimg.szwego.com/img/9404f147/20260416/i1776314766289_1260_0_0.jpg"", ""https://xcimg.szwego.com/img/9404f147/20260416/i1776315344948_1358_0_1.jpg"", ""https://xcimg.szwego.com/img/9404f147/20260416/i1776314847874_3822_0_1.jpg"", ""https://xcimg.szwego.com/img/9404f147/20260416/i1776315342276_8670_0_3.jpg"", ""https://xcimg.szwego.com/img/9404f147/20260416/i1776315342276_5006_0_4.jpg"", ""https://xcimg.szwego.com/img/9404f147/20260416/i1776315342366_4589_0_5.jpg"", ""https://xcimg.szwego.com/img/9404f147/20260416/i1776315344881_8847_0_6.jpg"", ""https://xcimg.szwego.com/img/9404f147/20260416/i1776315344967_7568_0_7.jpg"", ""https://xcimg.szwego.com/img/9404f147/20260416/i1776315342278_4232_0_8.jpg""]"
_ddjrSFOSfVa3ulF4HZLvgEK6Zw7dcc7fr64vZAA;;"CHA 26W 黑白花边手绘立体字母针织背心 黑色撞色边饰正面""C logo""签字体刺绣 简约又超有辨识度、无袖设计春夏单穿叠穿都ok 小背心时髦可爱";0;;lrg3k8cd5bgw3jv;;Для женщин;"[""https://xcimg.szwego.com/img/9404f147/20260416/i1776314848022_5445_0_5.jpg"", ""https://xcimg.szwego.com/img/9404f147/20260416/i1776315074811_7715_0_1.jpg"", ""https://xcimg.szwego.com/img/9404f147/20260416/i1776315072990_6350_0_2.jpg"", ""https://xcimg.szwego.com/img/9404f147/20260416/i1776315074764_8533_0_3.jpg"", ""https://xcimg.szwego.com/img/9404f147/20260416/i1776315072585_7008_0_4.jpg"", ""https://xcimg.szwego.com/img/9404f147/20260416/i1776315074819_4876_0_5.jpg"", ""https://xcimg.szwego.com/img/9404f147/20260416/i1776315074840_6897_0_6.jpg"", ""https://xcimg.szwego.com/img/9404f147/20260416/i1776315073084_5496_0_7.jpg"", ""https://xcimg.szwego.com/img/9404f147/20260416/i1776315072529_5430_0_8.jpg""]"
_duLrS5eOTQz26n1ZvoJsvlKbU0KLbD_h9C3-Vkw;;DIO 26W 灰色渐变水洗廓形休闲牛仔裤 高腰阔腿版型复古做旧水洗工艺 面料柔软细腻、穿着舒适不紧绷 宽松剪裁超显腿长 渐变灰色百搭又时髦 今年必留款look;0;;lrg3k8cd5bgw3jv;;Для женщин;"[""https://xcimg.szwego.com/img/9404f147/20260415/i1776236410901_4161_0_0.jpg"", ""https://xcimg.szwego.com/img/9404f147/20260415/i1776237476648_4113_0_2.jpg"", ""https://xcimg.szwego.com/img/9404f147/20260415/i1776237476539_6668_0_3.jpg"", ""https://xcimg.szwego.com/img/9404f147/20260415/i1776237477806_1894_0_4.jpg"", ""https://xcimg.szwego.com/img/9404f147/20260415/i1776237205488_1834_0_0.jpg"", ""https://xcimg.szwego.com/img/9404f147/20260415/i1776237477811_6449_0_6.jpg"", ""https://xcimg.szwego.com/img/9404f147/20260415/i1776237476641_296_0_7.jpg"", ""https://xcimg.szwego.com/img/9404f147/20260415/i1776237477846_9651_0_8.jpg"", ""https://xcimg.szwego.com/img/9404f147/20260415/i1776237476597_5701_0_9.jpg""]"
_djgrSXRQeaiO_jjVzI0zXTxWx1aVEe2m8CbGQQw;;DIO 26W 蓝色格纹真丝廓形衬衫 从英式精裁工艺和格子图案传统汲取灵感 融入高订风格重新诠释、采用深蓝色桑蚕丝斜纹面料精心制作 常规版型搭配长袖 个性时髦;0;;lrg3k8cd5bgw3jv;;Для женщин;"[""https://xcimg.szwego.com/img/9404f147/20260415/i1776236855904_8056_0_0.jpg"", ""https://xcimg.szwego.com/img/9404f147/20260415/i1776236855893_9203_0_1.jpg"", ""https://xcimg.szwego.com/img/9404f147/20260415/i1776236857187_1806_0_2.jpg"", ""https://xcimg.szwego.com/img/9404f147/20260415/i1776236857195_3454_0_3.jpg"", ""https://xcimg.szwego.com/img/9404f147/20260415/i1776236855789_1715_0_4.jpg"", ""https://xcimg.szwego.com/img/9404f147/20260415/i1776236855824_2533_0_5.jpg"", ""https://xcimg.szwego.com/img/9404f147/20260415/i1776236857224_2791_0_6.jpg"", ""https://xcimg.szwego.com/img/9404f147/20260415/i1776236857265_5170_0_7.jpg"", ""https://xcimg.szwego.com/img/9404f147/20260415/i1776236855839_3927_0_8.jpg""]"
_dl1rS8guENcmojAk_dNHobnLgiAktooamaqeH9Q;;DIO 26W 立体蝴蝶结针织黑色连衣裙 彰显优雅气质与休闲风范 采用黑色科技针织面料精心制作，喇叭形廓形搭配绞花针织衣领别具一格，CD蝴蝶结装饰 顶级品质;0;;lrg3k8cd5bgw3jv;;Для женщин;"[""https://xcimg.szwego.com/img/9404f147/20260415/i1776235569602_4324_0_0.jpg"", ""https://xcimg.szwego.com/img/9404f147/20260415/i1776235569746_1996_0_1.jpg"", ""https://xcimg.szwego.com/img/9404f147/20260415/i1776235569556_8541_0_2.jpg"", ""https://xcimg.szwego.com/img/9404f147/20260415/i1776235568355_2690_0_3.jpg"", ""https://xcimg.szwego.com/img/9404f147/20260415/i1776235569603_1735_0_4.jpg"", ""https://xcimg.szwego.com/img/9404f147/20260415/i1776235568338_8162_0_5.jpg"", ""https://xcimg.szwego.com/img/9404f147/20260415/i1776235568304_7835_0_6.jpg"", ""https://xcimg.szwego.com/img/9404f147/20260415/i1776235568347_1207_0_7.jpg"", ""https://xcimg.szwego.com/img/9404f147/20260415/i1776235568357_7154_0_8.jpg""]"
_dhrrS1FcRy6XLyuS7Jhos1RcIX96KZ2PPk2yYPw;;DIO 26W 巴洛克蝴蝶结刺绣水洗蓝牛仔裤 呈现优雅的喇叭形剪裁 采用蓝色石洗棉质牛仔布精心制作，正面饰以蝴蝶结CD标志刺绣 提升格调 全年搭配打造经典造型;0;;lrg3k8cd5bgw3jv;;Для женщин;"[""https://xcimg.szwego.com/img/9404f147/20260415/i1776234754914_6097_0_0.jpg"", ""https://xcimg.szwego.com/img/9404f147/20260415/i1776234755262_9760_0_1.jpg"", ""https://xcimg.szwego.com/img/9404f147/20260415/i1776234756799_8231_0_2.jpg"", ""https://xcimg.szwego.com/img/9404f147/20260415/i1776234755210_6947_0_3.jpg"", ""https://xcimg.szwego.com/img/9404f147/20260415/i1776234756755_3224_0_4.jpg"", ""https://xcimg.szwego.com/img/9404f147/20260415/i1776234756793_2436_0_5.jpg"", ""https://xcimg.szwego.com/img/9404f147/20260415/i1776234755213_4380_0_6.jpg"", ""https://xcimg.szwego.com/img/9404f147/20260415/i1776234755222_5469_0_7.jpg"", ""https://xcimg.szwego.com/img/9404f147/20260415/i1776234756794_4615_0_8.jpg""]"
_dj1rSNwG7zKzOLCPXewzj3DZaQDetSUdf0-VTEw;;DIO 26W 三色老花针织蝴蝶领结上衣 休闲优雅的经典标识 采用藏蓝科技面料精心制作、饰以同色调Oblique印花图案 饰以罗缎CD蝴蝶结 顶级品质 三色之选;0;;lrg3k8cd5bgw3jv;;Для женщин;"[""https://xcimg.szwego.com/img/9404f147/20260415/i1776233686039_5048_0_0.jpg"", ""https://xcimg.szwego.com/img/9404f147/20260415/i1776233118584_8094_0_2.jpg"", ""https://xcimg.szwego.com/img/9404f147/20260415/i1776233685998_901_0_2.jpg"", ""https://xcimg.szwego.com/img/9404f147/20260415/i1776233688171_8863_0_3.jpg"", ""https://xcimg.szwego.com/img/9404f147/20260415/i1776233686012_6057_0_4.jpg"", ""https://xcimg.szwego.com/img/9404f147/20260415/i1776233688240_2948_0_5.jpg"", ""https://xcimg.szwego.com/img/9404f147/20260415/i1776233685972_5686_0_6.jpg"", ""https://xcimg.szwego.com/img/9404f147/20260415/i1776233688262_4693_0_7.jpg"", ""https://xcimg.szwego.com/img/9404f147/20260415/i1776233685980_4578_0_8.jpg""]"
_dikrSjPiCHJ-KBAtpV3kdiQt5cWbiMtK9DByR8w;;DIO 26W 三色老花针织蝴蝶领结上衣 休闲优雅的经典标识 采用白色科技面料精心制作、饰以同色调Oblique印花图案 饰以罗缎CD蝴蝶结 顶级品质 三色之选;0;;lrg3k8cd5bgw3jv;;Для женщин;"[""https://xcimg.szwego.com/img/9404f147/20260415/i1776233418559_7241_0_0.jpg"", ""https://xcimg.szwego.com/img/9404f147/20260415/i1776233424022_6873_0_1.jpg"", ""https://xcimg.szwego.com/img/9404f147/20260415/i1776233418735_500_0_2.jpg"", ""https://xcimg.szwego.com/img/9404f147/20260415/i1776233424539_1428_0_3.jpg"", ""https://xcimg.szwego.com/img/9404f147/20260415/i1776233424582_3156_0_4.jpg"", ""https://xcimg.szwego.com/img/9404f147/20260415/i1776233418677_802_0_5.jpg"", ""https://xcimg.szwego.com/img/9404f147/20260415/i1776233424956_7688_0_6.jpg"", ""https://xcimg.szwego.com/img/9404f147/20260415/i1776233418683_5646_0_7.jpg"", ""https://xcimg.szwego.com/img/9404f147/20260415/i1776233418638_610_0_8.jpg""]"
_dkdrSzQiZ0sN_VGo0P5lgLCdL-ODbHG15GNxdnA;;DIO 26W 三色老花针织蝴蝶领结上衣 休闲优雅的经典标识 采用蓝色科技面料精心制作、饰以同色调Oblique印花图案 饰以罗缎CD蝴蝶结 顶级品质 三色之选;0;;lrg3k8cd5bgw3jv;;Для женщин;"[""https://xcimg.szwego.com/img/9404f147/20260415/i1776233111412_1797_0_0.jpg"", ""https://xcimg.szwego.com/img/9404f147/20260415/i1776233111412_1547_0_1.jpg"", ""https://xcimg.szwego.com/img/9404f147/20260415/i1776233118584_8094_0_2.jpg"", ""https://xcimg.szwego.com/img/9404f147/20260415/i1776233111412_750_0_3.jpg"", ""https://xcimg.szwego.com/img/9404f147/20260415/i1776233114922_6460_0_4.jpg"", ""https://xcimg.szwego.com/img/9404f147/20260415/i1776233118391_4030_0_5.jpg"", ""https://xcimg.szwego.com/img/9404f147/20260415/i1776233111412_777_0_6.jpg"", ""https://xcimg.szwego.com/img/9404f147/20260415/i1776233111412_3841_0_7.jpg"", ""https://xcimg.szwego.com/img/9404f147/20260415/i1776233118388_686_0_8.jpg""]"
_d81rS1K2BfgIMxLjn5vdfQ-rkBGBVnrw5MWdFBA;;CHA 26W 卡其色diy廓形花苞长款风衣 采用科技面料遇水显双CLogo暗纹，可以DIY在面料之上进行喷水，呈现出C提花！翻领宽松落肩设计 抽绳和花苞下摆超有层次感;0;;lrg3k8cd5bgw3jv;;Для женщин;"[""https://xcimg.szwego.com/img/9404f147/20260414/i1776146171302_4203_0_0.jpg"", ""https://xcimg.szwego.com/img/9404f147/20260414/i1776146171307_4311_0_1.jpg"", ""https://xcimg.szwego.com/img/9404f147/20260414/i1776146173702_5735_0_2.jpg"", ""https://xcimg.szwego.com/img/9404f147/20260414/i1776146171297_9095_0_3.jpg"", ""https://xcimg.szwego.com/img/9404f147/20260414/i1776146173712_7062_0_4.jpg"", ""https://xcimg.szwego.com/img/9404f147/20260414/i1776146173661_5453_0_5.jpg"", ""https://xcimg.szwego.com/img/9404f147/20260414/i1776146173701_633_0_6.jpg"", ""https://xcimg.szwego.com/img/9404f147/20260414/i1776146171280_548_0_7.jpg"", ""https://xcimg.szwego.com/img/9404f147/20260414/i1776146171329_2622_0_8.jpg""]"
_dlDrS3dRv64HWBA8MOlYjiSELZUpXtnKRYjgSSQ;;HER 26W 马车真丝印花拼棉蓝色上衣 轻盈透气柔软舒适的重磅斜纹真丝面料 浅蓝主色复古马车印花 营造艺术感，宽松剪裁出弹力廓型造型 高贵曼妙 精致优雅;0;;lrg3k8cd5bgw3jv;;Для женщин;"[""https://xcimg.szwego.com/img/9404f147/20260414/i1776145800308_9785_0_0.jpg"", ""https://xcimg.szwego.com/img/9404f147/20260414/i1776145793261_6850_0_1.jpg"", ""https://xcimg.szwego.com/img/9404f147/20260414/i1776145793054_8633_0_2.jpg"", ""https://xcimg.szwego.com/img/9404f147/20260414/i1776145799475_6493_0_3.jpg"", ""https://xcimg.szwego.com/img/9404f147/20260414/i1776145796223_7679_0_4.jpg"", ""https://xcimg.szwego.com/img/9404f147/20260414/i1776145793124_8873_0_5.jpg"", ""https://xcimg.szwego.com/img/9404f147/20260414/i1776145793220_7030_0_6.jpg"", ""https://xcimg.szwego.com/img/9404f147/20260414/i1776145793057_4735_0_7.jpg"", ""https://xcimg.szwego.com/img/9404f147/20260414/i1776145796167_4448_0_8.jpg""]"
_dxLrS7im6HDLhh_N_WMLPMC6P9RMcSJoecMJMgw;;HER 26S 黑拼彩锁头印花真丝拼针织上衣 印花短袖上衣 采用重磅斜纹丝绸拼高品质冰丝混纺面料，触感柔滑透气性佳，印花灵感复古马术图案+精致线条 低调奢华老钱风;0;;lrg3k8cd5bgw3jv;;Для женщин;"[""https://xcimg.szwego.com/img/9404f147/20260414/i1776145286283_5973_0_0.jpg"", ""https://xcimg.szwego.com/img/9404f147/20260414/i1776145554541_4627_0_1.jpg"", ""https://xcimg.szwego.com/img/9404f147/20260414/i1776145557087_180_0_2.jpg"", ""https://xcimg.szwego.com/img/9404f147/20260414/i1776145554605_8167_0_3.jpg"", ""https://xcimg.szwego.com/img/9404f147/20260414/i1776145554555_5305_0_4.jpg"", ""https://xcimg.szwego.com/img/9404f147/20260414/i1776145557081_3445_0_5.jpg"", ""https://xcimg.szwego.com/img/9404f147/20260414/i1776145557082_9882_0_6.jpg"", ""https://xcimg.szwego.com/img/9404f147/20260414/i1776145557107_2298_0_7.jpg"", ""https://xcimg.szwego.com/img/9404f147/20260414/i1776145554591_2637_0_8.jpg""]"
_dA4rSOAK39IJmrgAXeEwvfXmbCW_Opsec5QK9AQ;;HER 26S 黑白锁头印花真丝拼针织上衣 印花短袖上衣 采用重磅斜纹丝绸拼高品质冰丝混纺面料，触感柔滑透气性佳，印花灵感复古马术图案+精致线条 低调奢华老钱风;0;;lrg3k8cd5bgw3jv;;Для женщин;"[""https://xcimg.szwego.com/img/9404f147/20260414/i1776145286283_5973_0_0.jpg"", ""https://xcimg.szwego.com/img/9404f147/20260414/i1776145286252_3048_0_1.jpg"", ""https://xcimg.szwego.com/img/9404f147/20260414/i1776145282557_1664_0_2.jpg"", ""https://xcimg.szwego.com/img/9404f147/20260414/i1776145282559_5685_0_3.jpg"", ""https://xcimg.szwego.com/img/9404f147/20260414/i1776145286221_3418_0_4.jpg"", ""https://xcimg.szwego.com/img/9404f147/20260414/i1776145282552_6885_0_5.jpg"", ""https://xcimg.szwego.com/img/9404f147/20260414/i1776145282552_3210_0_6.jpg"", ""https://xcimg.szwego.com/img/9404f147/20260414/i1776145286216_1370_0_7.jpg"", ""https://xcimg.szwego.com/img/9404f147/20260414/i1776145282592_4176_0_8.jpg""]"
_dhcrSNb3NgFYq_mIZ2T7f_C7a5KsUlFhAidn3HQ;;HER 26W 黑白双色短袖侧方拉链立领衬衫 白色短袖衬衫采用廓形棉透气面料 简约又有细节感，腰部抽绳设计轻松调节版型 穿着舒适又显身材 马车图案刺绣点缀;0;;lrg3k8cd5bgw3jv;;Для женщин;"[""https://xcimg.szwego.com/img/9404f147/20260414/i1776145025303_7043_0_0.jpg"", ""https://xcimg.szwego.com/img/9404f147/20260414/i1776145025759_1426_0_1.jpg"", ""https://xcimg.szwego.com/img/9404f147/20260414/i1776145019296_8439_0_2.jpg"", ""https://xcimg.szwego.com/img/9404f147/20260414/i1776145019251_7383_0_3.jpg"", ""https://xcimg.szwego.com/img/9404f147/20260414/i1776145019260_7797_0_4.jpg"", ""https://xcimg.szwego.com/img/9404f147/20260414/i1776145019275_5884_0_5.jpg"", ""https://xcimg.szwego.com/img/9404f147/20260414/i1776145019230_9012_0_6.jpg"", ""https://xcimg.szwego.com/img/9404f147/20260414/i1776145025760_2665_0_7.jpg"", ""https://xcimg.szwego.com/img/9404f147/20260414/i1776145025587_2530_0_8.jpg""]"
_d--rSJ7-VADnCwn4Q7B0o8yCEP7mFKnM4VDj2Rw;;HER 26W 黑白双色短袖侧方拉链立领衬衫 黑色短袖衬衫采用廓形棉透气面料 简约又有细节感，腰部抽绳设计轻松调节版型 穿着舒适又显身材 马车图案刺绣点缀;0;;lrg3k8cd5bgw3jv;;Для женщин;"[""https://xcimg.szwego.com/img/9404f147/20260414/i1776143848397_5008_0_0.jpg"", ""https://xcimg.szwego.com/img/9404f147/20260414/i1776143848164_843_0_1.jpg"", ""https://xcimg.szwego.com/img/9404f147/20260414/i1776143848115_3001_0_2.jpg"", ""https://xcimg.szwego.com/img/9404f147/20260414/i1776143848346_2828_0_3.jpg"", ""https://xcimg.szwego.com/img/9404f147/20260414/i1776143841742_884_0_4.jpg"", ""https://xcimg.szwego.com/img/9404f147/20260414/i1776143841778_6624_0_5.jpg"", ""https://xcimg.szwego.com/img/9404f147/20260414/i1776143841739_2684_0_6.jpg"", ""https://xcimg.szwego.com/img/9404f147/20260414/i1776143841782_4765_0_7.jpg"", ""https://xcimg.szwego.com/img/9404f147/20260414/i1776143848141_6020_0_8.jpg""]"
_dogrSZ9QbJKPeUG1XLuP11uXKURmYH9L_aq_hfA;;VALEN 26W 柔粉钉珠刺绣花边袖礼服连衣裙 重磅真丝面料立体剪裁 超显气质优雅又复古 黑色珍珠水钻刺绣边、灵动飞袖设计灵动飘逸 腰间同色系带可调节 修饰身形 高贵曼妙;0;;lrg3k8cd5bgw3jv;;Для женщин;"[""https://xcimg.szwego.com/img/9404f147/20260413/i1776057566042_8386_0_0.jpg"", ""https://xcimg.szwego.com/img/9404f147/20260413/i1776057569251_5643_0_1.jpg"", ""https://xcimg.szwego.com/img/9404f147/20260413/i1776057566119_7390_0_2.jpg"", ""https://xcimg.szwego.com/img/9404f147/20260413/i1776057565997_6430_0_3.jpg"", ""https://xcimg.szwego.com/img/9404f147/20260413/i1776057566161_8651_0_4.jpg"", ""https://xcimg.szwego.com/img/9404f147/20260413/i1776057569327_6142_0_5.jpg"", ""https://xcimg.szwego.com/img/9404f147/20260413/i1776057569424_8222_0_6.jpg"", ""https://xcimg.szwego.com/img/9404f147/20260413/i1776057569361_4915_0_7.jpg"", ""https://xcimg.szwego.com/img/9404f147/20260413/i1776057565939_9141_0_8.jpg""]"
_d-NrS8rvH-e65X64WHUlBYssAYXP8ufqiEjEATQ;;VALEN 26W 黑色蕾丝拼接蝴蝶结针织衫 采用针织面料蕾丝细节与蝴蝶结的装饰 更显层次感，法式优雅高领 胸前蝴蝶结设计 修身显瘦 内搭或单穿都ok;0;;lrg3k8cd5bgw3jv;;Для женщин;"[""https://xcimg.szwego.com/img/9404f147/20260413/i1776056677170_2031_0_0.jpg"", ""https://xcimg.szwego.com/img/9404f147/20260413/i1776056677329_7139_0_1.jpg"", ""https://xcimg.szwego.com/img/9404f147/20260413/i1776056675051_6357_0_2.jpg"", ""https://xcimg.szwego.com/img/9404f147/20260413/i1776056675066_4187_0_3.jpg"", ""https://xcimg.szwego.com/img/9404f147/20260413/i1776056675098_4149_0_4.jpg"", ""https://xcimg.szwego.com/img/9404f147/20260413/i1776056675088_1691_0_5.jpg"", ""https://xcimg.szwego.com/img/9404f147/20260413/i1776056681000_6201_0_6.jpg"", ""https://xcimg.szwego.com/img/9404f147/20260413/i1776056677180_3613_0_7.jpg"", ""https://xcimg.szwego.com/img/9404f147/20260413/i1776056675048_4229_0_8.jpg""]"
_dt0rS6gTSpcpN6xOgNcr8KPKMOKvv-kRLmDkwNw;;CHL 26W 白月光三色真丝花边蕾丝吊带 16姆米真丝缎面 珠光粉自带柔光感 触感丝滑垂顺、V领绑带 法式蕾丝花边点缀造型 细节精致，抽绳吊坠设计 高贵甜美;0;;lrg3k8cd5bgw3jv;;Для женщин;"[""https://xcimg.szwego.com/img/9404f147/20260413/i1776056363143_6827_0_0.jpg"", ""https://xcimg.szwego.com/img/9404f147/20260413/i1776056359465_1820_0_1.jpg"", ""https://xcimg.szwego.com/img/9404f147/20260413/i1776056359638_5206_0_2.jpg"", ""https://xcimg.szwego.com/img/9404f147/20260413/i1776056363082_9298_0_3.jpg"", ""https://xcimg.szwego.com/img/9404f147/20260413/i1776056363173_2294_0_4.jpg"", ""https://xcimg.szwego.com/img/9404f147/20260413/i1776056359612_9092_0_5.jpg"", ""https://xcimg.szwego.com/img/9404f147/20260413/i1776056363094_2479_0_6.jpg"", ""https://xcimg.szwego.com/img/9404f147/20260413/i1776056359446_7278_0_7.jpg"", ""https://xcimg.szwego.com/img/9404f147/20260413/i1776056359592_3108_0_8.jpg""]"
_djPrS9LTVhCceFPYLSHrC6NLV61rm08Wh19xChw;;CHL 26W 白月光三色真丝花边蕾丝吊带 16姆米真丝缎面 珠光冰川蓝自带柔光感 触感丝滑垂顺、V领绑带 法式蕾丝花边点缀造型 细节精致，抽绳吊坠设计 高贵甜美;0;;lrg3k8cd5bgw3jv;;Для женщин;"[""https://xcimg.szwego.com/img/9404f147/20260413/i1776056036575_1450_0_0.jpg"", ""https://xcimg.szwego.com/img/9404f147/20260413/i1776056038651_5402_0_1.jpg"", ""https://xcimg.szwego.com/img/9404f147/20260413/i1776056036469_366_0_2.jpg"", ""https://xcimg.szwego.com/img/9404f147/20260413/i1776056038781_6277_0_3.jpg"", ""https://xcimg.szwego.com/img/9404f147/20260413/i1776056036371_9143_0_4.jpg"", ""https://xcimg.szwego.com/img/9404f147/20260413/i1776056036521_406_0_5.jpg"", ""https://xcimg.szwego.com/img/9404f147/20260413/i1776056036575_4307_0_6.jpg"", ""https://xcimg.szwego.com/img/9404f147/20260413/i1776056038755_9643_0_7.jpg"", ""https://xcimg.szwego.com/img/9404f147/20260413/i1776056038691_2506_0_8.jpg""]"
_dvyrSCnTzr1ombfFjoBq64klClNUSSM8GeCMDUQ;;CHL 26W 白月光三色真丝花边蕾丝吊带 16姆米真丝缎面 珠光白色自带柔光感 触感丝滑垂顺、V领绑带 法式蕾丝花边点缀造型 细节精致，抽绳吊坠设计 高贵甜美;0;;lrg3k8cd5bgw3jv;;Для женщин;"[""https://xcimg.szwego.com/img/9404f147/20260413/i1776055728782_5757_0_0.jpg"", ""https://xcimg.szwego.com/img/9404f147/20260413/i1776055728567_4600_0_1.jpg"", ""https://xcimg.szwego.com/img/9404f147/20260413/i1776055731088_2199_0_2.jpg"", ""https://xcimg.szwego.com/img/9404f147/20260413/i1776055731118_1205_0_3.jpg"", ""https://xcimg.szwego.com/img/9404f147/20260413/i1776055735197_2314_0_4.jpg"", ""https://xcimg.szwego.com/img/9404f147/20260413/i1776055728523_5718_0_5.jpg"", ""https://xcimg.szwego.com/img/9404f147/20260413/i1776055728559_6466_0_6.jpg"", ""https://xcimg.szwego.com/img/9404f147/20260413/i1776055728703_5938_0_7.jpg"", ""https://xcimg.szwego.com/img/9404f147/20260413/i1776055731096_9904_0_8.jpg""]"
_dstrSrL8DgLFv_M_drICqmihvk9FQs7R_naZsMQ;;GUC 26W 巴洛克宝蓝荷叶边真丝衬衫 La Famiglia系列 采用高饱和度克莱因蓝提花缎面 复古光泽十足、层叠荷叶边灯笼袖设计浪漫又复古 巴洛克风格高贵迷人;0;;lrg3k8cd5bgw3jv;;Для женщин;"[""https://xcimg.szwego.com/img/9404f147/20260413/i1776055342670_8964_0_0.jpg"", ""https://xcimg.szwego.com/img/9404f147/20260413/i1776055342525_4546_0_1.jpg"", ""https://xcimg.szwego.com/img/9404f147/20260413/i1776055342648_2227_0_2.jpg"", ""https://xcimg.szwego.com/img/9404f147/20260413/i1776055340015_1231_0_3.jpg"", ""https://xcimg.szwego.com/img/9404f147/20260413/i1776055340021_9094_0_4.jpg"", ""https://xcimg.szwego.com/img/9404f147/20260413/i1776055342678_3044_0_5.jpg"", ""https://xcimg.szwego.com/img/9404f147/20260413/i1776055339825_3883_0_6.jpg"", ""https://xcimg.szwego.com/img/9404f147/20260413/i1776055340019_6847_0_7.jpg"", ""https://xcimg.szwego.com/img/9404f147/20260413/i1776055339912_2522_0_8.jpg""]"
_dGwrSiB6hXM1zoPFRte8rDOa2V_day2F212-0xg;;GUC 26W La Famiglia系列花卉真丝衬衫 重磅斜纹真丝面料顺滑有光泽 黑色底配高饱和繁花印花复古春日花园氛围感、立领宽松版型，松弛奢华风格;0;;lrg3k8cd5bgw3jv;;Для женщин;"[""https://xcimg.szwego.com/img/9404f147/20260413/i1776055045853_3946_0_0.jpg"", ""https://xcimg.szwego.com/img/9404f147/20260413/i1776055042891_5015_0_1.jpg"", ""https://xcimg.szwego.com/img/9404f147/20260413/i1776055042890_3421_0_2.jpg"", ""https://xcimg.szwego.com/img/9404f147/20260413/i1776055045960_2641_0_3.jpg"", ""https://xcimg.szwego.com/img/9404f147/20260413/i1776055042891_8273_0_4.jpg"", ""https://xcimg.szwego.com/img/9404f147/20260413/i1776055042891_9208_0_5.jpg"", ""https://xcimg.szwego.com/img/9404f147/20260413/i1776055042891_6372_0_6.jpg"", ""https://xcimg.szwego.com/img/9404f147/20260413/i1776055046022_4150_0_7.jpg"", ""https://xcimg.szwego.com/img/9404f147/20260413/i1776055045995_2861_0_8.jpg""]"
_dbRrSkhVOI0LrHDui7gEvd3HzIDEujvbYHwqihw;;VALEN 26W 流金岁月丝绒花朵领结真丝衬衫 采用金线真丝面料 触感柔滑有光泽，灵感源自于萤火虫 面料穿插绿色花卉印花 领口点缀紫色蝴蝶结 浪漫优雅、宽松剪裁喇叭袖 贵气华美;0;;lrg3k8cd5bgw3jv;;Для женщин;"[""https://xcimg.szwego.com/img/9404f147/20260412/i1775988623658_7855_0_0.jpg"", ""https://xcimg.szwego.com/img/9404f147/20260412/i1775988623650_6802_0_1.jpg"", ""https://xcimg.szwego.com/img/9404f147/20260412/i1775988623674_6376_0_2.jpg"", ""https://xcimg.szwego.com/img/9404f147/20260412/i1775988623386_7097_0_3.jpg"", ""https://xcimg.szwego.com/img/9404f147/20260412/i1775988629713_7419_0_4.jpg"", ""https://xcimg.szwego.com/img/9404f147/20260412/i1775988628136_3838_0_5.jpg"", ""https://xcimg.szwego.com/img/9404f147/20260412/i1775988628135_6352_0_6.jpg"", ""https://xcimg.szwego.com/img/9404f147/20260412/i1775988628187_1314_0_7.jpg"", ""https://xcimg.szwego.com/img/9404f147/20260412/i1775988623699_3221_0_8.jpg""]"
_dxorSS_xYg2SURjniScRcmWBK66b0UFTlf8ZCPQ;;VALEN 26W 流金岁月重磅真丝缎波点衬衫 真丝材质轻盈柔滑 黑色丝绒蝴蝶结领口点缀复古感，立体肩垫廓形 宽松剪裁袖口微收 优雅又舒适，通勤或正式场合都ok;0;;lrg3k8cd5bgw3jv;;Для женщин;"[""https://xcimg.szwego.com/img/9404f147/20260412/i1775988282780_8095_0_1.jpg"", ""https://xcimg.szwego.com/img/9404f147/20260412/i1775988278694_5926_0_0.jpg"", ""https://xcimg.szwego.com/img/9404f147/20260412/i1775988278698_4980_0_2.jpg"", ""https://xcimg.szwego.com/img/9404f147/20260412/i1775988282794_2597_0_3.jpg"", ""https://xcimg.szwego.com/img/9404f147/20260412/i1775988282720_8628_0_4.jpg"", ""https://xcimg.szwego.com/img/9404f147/20260412/i1775988278647_2834_0_5.jpg"", ""https://xcimg.szwego.com/img/9404f147/20260412/i1775988282755_8014_0_6.jpg"", ""https://xcimg.szwego.com/img/9404f147/20260412/i1775988278655_460_0_7.jpg"", ""https://xcimg.szwego.com/img/9404f147/20260412/i1775988278586_4262_0_8.jpg""]"
_doxrShwpzRzInJJ4Mw1pheGUMNjn3qymPRFfXNg;;VALEN 26W 天鹅绒黑色祖母绿褶皱半身裙 高腰包臀设计 中间褶皱细节优雅又高级 深色哑光丝绒材质超有保暖又显气质、裙长适中通勤正式场合都ok 高贵饱满;0;;lrg3k8cd5bgw3jv;;Для женщин;"[""https://xcimg.szwego.com/img/9404f147/20260412/i1775987945939_5969_0_0.jpg"", ""https://xcimg.szwego.com/img/9404f147/20260412/i1775987945743_8018_0_1.jpg"", ""https://xcimg.szwego.com/img/9404f147/20260412/i1775987947957_2651_0_2.jpg"", ""https://xcimg.szwego.com/img/9404f147/20260412/i1775987945763_2337_0_3.jpg"", ""https://xcimg.szwego.com/img/9404f147/20260412/i1775987947963_947_0_4.jpg"", ""https://xcimg.szwego.com/img/9404f147/20260412/i1775987945720_2584_0_5.jpg"", ""https://xcimg.szwego.com/img/9404f147/20260412/i1775987945789_8553_0_6.jpg"", ""https://xcimg.szwego.com/img/9404f147/20260412/i1775987948007_8786_0_7.jpg"", ""https://xcimg.szwego.com/img/9404f147/20260412/i1775987947990_877_0_8.jpg""]"
_dpdrSkrufp6xL3-P-5ipkSuXzP-8X8AFWQEAjJw;;VALEN 26W 天鹅绒黑色祖母绿褶皱半身裙 高腰包臀设计 中间褶皱细节优雅又高级 深色哑光丝绒材质超有保暖又显气质、裙长适中通勤正式场合都ok 高贵饱满;0;;lrg3k8cd5bgw3jv;;Для женщин;"[""https://xcimg.szwego.com/img/9404f147/20260412/i1775987685971_9580_0_0.jpg"", ""https://xcimg.szwego.com/img/9404f147/20260412/i1775987683354_4713_0_1.jpg"", ""https://xcimg.szwego.com/img/9404f147/20260412/i1775987685951_4290_0_2.jpg"", ""https://xcimg.szwego.com/img/9404f147/20260412/i1775987683323_1060_0_3.jpg"", ""https://xcimg.szwego.com/img/9404f147/20260412/i1775987683329_7283_0_4.jpg"", ""https://xcimg.szwego.com/img/9404f147/20260412/i1775987683309_907_0_5.jpg"", ""https://xcimg.szwego.com/img/9404f147/20260412/i1775987685923_7392_0_6.jpg"", ""https://xcimg.szwego.com/img/9404f147/20260412/i1775987685972_1372_0_7.jpg"", ""https://xcimg.szwego.com/img/9404f147/20260412/i1775987683336_7411_0_8.jpg""]"
_dkXrSc8Epvc7Dzpnu-4EPShJtnXBDyqDdJ4wLAg;;VALEN 26W 绿色千鸟格粗花呢半裙夹克套装 经典千鸟格纹清新绿色拼米色 羊毛混纺材质 全手工立体钉珠环绕在夹克的轮廓之上，华美精致 搭配半裙一套高贵时髦;0;;lrg3k8cd5bgw3jv;;Для женщин;"[""https://xcimg.szwego.com/img/9404f147/20260412/i1775987135978_5226_0_0.jpg"", ""https://xcimg.szwego.com/img/9404f147/20260412/i1775987136011_432_0_1.jpg"", ""https://xcimg.szwego.com/img/9404f147/20260412/i1775987131971_1799_0_2.jpg"", ""https://xcimg.szwego.com/img/9404f147/20260412/i1775987135896_5296_0_3.jpg"", ""https://xcimg.szwego.com/img/9404f147/20260412/i1775987131923_5448_0_4.jpg"", ""https://xcimg.szwego.com/img/9404f147/20260412/i1775987132054_9804_0_5.jpg"", ""https://xcimg.szwego.com/img/9404f147/20260412/i1775987132018_4305_0_6.jpg"", ""https://xcimg.szwego.com/img/9404f147/20260412/i1775987135991_2063_0_7.jpg"", ""https://xcimg.szwego.com/img/9404f147/20260412/i1775987132166_8421_0_8.jpg""]"
_dvjrSa0sRBsu_l7VXJ3-BkD5S2oucqJC7CeO5cw;;VALEN 26W 绿色千鸟格粗花呢半裙夹克套装 经典千鸟格纹清新绿色拼米色 复古又时髦 羊毛混纺材质，柔软有垂感 A字版型侧边口袋 搭配夹克一套高贵时髦;0;;lrg3k8cd5bgw3jv;;Для женщин;"[""https://xcimg.szwego.com/img/9404f147/20260412/i1775986804120_6194_0_0.jpg"", ""https://xcimg.szwego.com/img/9404f147/20260412/i1775986801349_416_0_1.jpg"", ""https://xcimg.szwego.com/img/9404f147/20260412/i1775986804082_1436_0_2.jpg"", ""https://xcimg.szwego.com/img/9404f147/20260412/i1775986804099_1542_0_3.jpg"", ""https://xcimg.szwego.com/img/9404f147/20260412/i1775986801184_5028_0_4.jpg"", ""https://xcimg.szwego.com/img/9404f147/20260412/i1775986801362_4795_0_5.jpg"", ""https://xcimg.szwego.com/img/9404f147/20260412/i1775986801309_9945_0_6.jpg"", ""https://xcimg.szwego.com/img/9404f147/20260412/i1775986801352_6950_0_7.jpg"", ""https://xcimg.szwego.com/img/9404f147/20260412/i1775986804013_7648_0_8.jpg""]"
_dk_rSzglkDMOCZ5pwCFdPt8fzKvt-jduffi8jDw;;CEL 26W 凯旋门刺绣BOYFRIE白月光牛仔裤 土耳其环保棉轻薄透气 直筒阔腿设计修饰腿型，后侧口袋蓝色刺绣logo超有辨识度 白色清爽百搭白月光直筒裤，松弛感拉满;0;;lrg3k8cd5bgw3jv;;Для женщин;"[""https://xcimg.szwego.com/img/9404f147/20260411/i1775880689084_2512_0_0.jpg"", ""https://xcimg.szwego.com/img/9404f147/20260411/i1775881288933_1064_0_1.jpg"", ""https://xcimg.szwego.com/img/9404f147/20260411/i1775881288890_6014_0_2.jpg"", ""https://xcimg.szwego.com/img/9404f147/20260411/i1775881291608_3445_0_3.jpg"", ""https://xcimg.szwego.com/img/9404f147/20260411/i1775881288928_6601_0_4.jpg"", ""https://xcimg.szwego.com/img/9404f147/20260411/i1775881291567_8538_0_5.jpg"", ""https://xcimg.szwego.com/img/9404f147/20260411/i1775881288865_3891_0_6.jpg"", ""https://xcimg.szwego.com/img/9404f147/20260411/i1775881291631_4969_0_7.jpg"", ""https://xcimg.szwego.com/img/9404f147/20260411/i1775881291626_1836_0_8.jpg""]"
_dwErSOSP4Ph1StFgI8YybV1Cr-ZIV1CH4G-4b3g;;CEL 26W 黑白双色凯旋门半高领短袖T恤 纯棉材质柔软亲肤 黑白主色胸前蓝色logo刺绣 简约又有细节感，半高领设计带点清冷气质，短袖清爽 单穿内搭超适合;0;;lrg3k8cd5bgw3jv;;Для женщин;"[""https://xcimg.szwego.com/img/9404f147/20260411/i1775879536665_4598_0_0.jpg"", ""https://xcimg.szwego.com/img/9404f147/20260411/i1775880421348_2076_0_1.jpg"", ""https://xcimg.szwego.com/img/9404f147/20260411/i1775880418815_9063_0_2.jpg"", ""https://xcimg.szwego.com/img/9404f147/20260411/i1775880418792_3832_0_3.jpg"", ""https://xcimg.szwego.com/img/9404f147/20260411/i1775880418782_1483_0_4.jpg"", ""https://xcimg.szwego.com/img/9404f147/20260411/i1775880418766_3226_0_5.jpg"", ""https://xcimg.szwego.com/img/9404f147/20260411/i1775880418717_7396_0_6.jpg"", ""https://xcimg.szwego.com/img/9404f147/20260411/i1775880421360_1495_0_7.jpg"", ""https://xcimg.szwego.com/img/9404f147/20260411/i1775880421287_9096_0_8.jpg""]"
_duGrSomG1ZvscOlHw40nEWSrWXSMyWF3YeYTtMw;;CEL 26W 黑白双色凯旋门半高领短袖T恤 纯棉材质柔软亲肤 黑白主色胸前蓝色logo刺绣 简约又有细节感，半高领设计带点清冷气质，短袖清爽 单穿内搭超适合;0;;lrg3k8cd5bgw3jv;;Для женщин;"[""https://xcimg.szwego.com/img/9404f147/20260411/i1775879536665_4598_0_0.jpg"", ""https://xcimg.szwego.com/img/9404f147/20260411/i1775879539192_5051_0_1.jpg"", ""https://xcimg.szwego.com/img/9404f147/20260411/i1775879536640_7526_0_2.jpg"", ""https://xcimg.szwego.com/img/9404f147/20260411/i1775879536610_8175_0_3.jpg"", ""https://xcimg.szwego.com/img/9404f147/20260411/i1775879539157_1013_0_4.jpg"", ""https://xcimg.szwego.com/img/9404f147/20260411/i1775879536604_8339_0_5.jpg"", ""https://xcimg.szwego.com/img/9404f147/20260411/i1775879536623_4385_0_6.jpg"", ""https://xcimg.szwego.com/img/9404f147/20260411/i1775879539149_3952_0_7.jpg"", ""https://xcimg.szwego.com/img/9404f147/20260411/i1775879539161_8216_0_8.jpg""]"
_dAPrSJkbjFc9OXH01vHG2kHorJYQgUnUtQMhfbw;;CEL 26W 凯旋门字母刺绣灰色短袖T恤 纯棉材质柔软舒适 日常穿着超友好、胸前凯旋门logo低调有辨识度 宽松版型灰色百搭 搭配牛仔裤 简约又时髦;0;;lrg3k8cd5bgw3jv;;Для женщин;"[""https://xcimg.szwego.com/imgHD/9404f147/20260411/cmp_i1775878448589_8938_0_0.jpg"", ""https://xcimg.szwego.com/imgHD/9404f147/20260411/cmp_i1775878434239_1228_0_2.jpg"", ""https://xcimg.szwego.com/imgHD/9404f147/20260411/cmp_i1775878434204_7122_0_3.jpg"", ""https://xcimg.szwego.com/imgHD/9404f147/20260411/cmp_i1775878434164_5091_0_5.jpg"", ""https://xcimg.szwego.com/imgHD/9404f147/20260411/cmp_i1775878448291_5994_0_8.jpg"", ""https://xcimg.szwego.com/imgHD/9404f147/20260411/cmp_i1775878448072_9073_0_4.jpg"", ""https://xcimg.szwego.com/imgHD/9404f147/20260411/cmp_i1775878448484_687_0_6.jpg"", ""https://xcimg.szwego.com/imgHD/9404f147/20260411/cmp_i1775878434252_8159_0_1.jpg"", ""https://xcimg.szwego.com/imgHD/9404f147/20260411/cmp_i1775878434106_5643_0_7.jpg""]"
_d_6rShvlwy9YwSA6SdGen-AeAlld2dfSEUjVPgg;;MIU 26W 条纹亨利弹力针织翻领上衣 黑白细条纹设计简约复古又百搭 亨利领三颗纽扣穿法多变 随性又有层次感、面料柔软亲肤弹力宽松版型 时髦高级休闲;0;;lrg3k8cd5bgw3jv;;Для женщин;"[""https://xcimg.szwego.com/imgHD/9404f147/20260410/cmp_i1775799863285_615_0_0.jpg"", ""https://xcimg.szwego.com/imgHD/9404f147/20260410/cmp_i1775799860229_4942_0_1.jpg"", ""https://xcimg.szwego.com/imgHD/9404f147/20260410/cmp_i1775799860236_1943_0_2.jpg"", ""https://xcimg.szwego.com/imgHD/9404f147/20260410/cmp_i1775799863178_2572_0_3.jpg"", ""https://xcimg.szwego.com/imgHD/9404f147/20260410/cmp_i1775799859405_3368_0_4.jpg"", ""https://xcimg.szwego.com/imgHD/9404f147/20260410/cmp_i1775799860129_2488_0_5.jpg"", ""https://xcimg.szwego.com/imgHD/9404f147/20260410/cmp_i1775799867100_2466_0_6.jpg"", ""https://xcimg.szwego.com/imgHD/9404f147/20260410/cmp_i1775799860147_3553_0_7.jpg"", ""https://xcimg.szwego.com/imgHD/9404f147/20260410/cmp_i1775799863265_8717_0_8.jpg""]"
_dvMrSwDu-n2FAkLqq2HYnG5G3CYw5LSUKcd87wA;;MIU 26S 可可色/藏蓝双色花边针织背心 坑条肌理面料柔软亲肤弹性好 领口和袖口蕾丝花边点缀精致甜美感，可可棕色复古显白 内搭外穿 轻松切换甜美休闲风;0;;lrg3k8cd5bgw3jv;;Для женщин;"[""https://xcimg.szwego.com/imgHD/9404f147/20260410/cmp_i1775798430830_1274_0_0.jpg"", ""https://xcimg.szwego.com/imgHD/9404f147/20260410/cmp_i1775798421850_2667_0_1.jpg"", ""https://xcimg.szwego.com/imgHD/9404f147/20260410/cmp_i1775798420826_9914_0_2.jpg"", ""https://xcimg.szwego.com/imgHD/9404f147/20260410/cmp_i1775798420826_6228_0_3.jpg"", ""https://xcimg.szwego.com/imgHD/9404f147/20260410/cmp_i1775798430800_8685_0_4.jpg"", ""https://xcimg.szwego.com/imgHD/9404f147/20260410/cmp_i1775798420825_3302_0_5.jpg"", ""https://xcimg.szwego.com/imgHD/9404f147/20260410/cmp_i1775798420798_646_0_6.jpg"", ""https://xcimg.szwego.com/imgHD/9404f147/20260410/cmp_i1775798430802_44_0_7.jpg"", ""https://xcimg.szwego.com/imgHD/9404f147/20260410/cmp_i1775798430801_3232_0_8.jpg""]"
_diYrS9QuZX8azP7FKhx-ywNbqtuJXKUJqByH7DQ;;THE RO 26S 黑白针织微透长袖打底T恤 合身微宽松剪裁 不多一分 不少一毫 既能修饰身形 又不会过分紧绷或臃肿，精准的松弛感上身效果利落挺拔 顶级品质发售;0;;lrg3k8cd5bgw3jv;;Для женщин;"[""https://xcimg.szwego.com/imgHD/9404f147/20260409/cmp_i1775731440733_3928_0_0.jpg"", ""https://xcimg.szwego.com/imgHD/9404f147/20260409/cmp_i1775731436808_2853_0_1.jpg"", ""https://xcimg.szwego.com/imgHD/9404f147/20260409/cmp_i1775731440734_2419_0_2.jpg"", ""https://xcimg.szwego.com/imgHD/9404f147/20260409/cmp_i1775731436804_7510_0_3.jpg"", ""https://xcimg.szwego.com/imgHD/9404f147/20260409/cmp_i1775731440732_5058_0_4.jpg"", ""https://xcimg.szwego.com/imgHD/9404f147/20260409/cmp_i1775731440737_3779_0_5.jpg"", ""https://xcimg.szwego.com/imgHD/9404f147/20260409/cmp_i1775731436805_942_0_6.jpg"", ""https://xcimg.szwego.com/imgHD/9404f147/20260409/cmp_i1775731436809_3406_0_7.jpg"", ""https://xcimg.szwego.com/imgHD/9404f147/20260409/cmp_i1775731436806_7726_0_8.jpg""]"
_dRorScuYZuOzURJiqSKIHo5AHOBErQpuPHfYB3w;;MIU 26S 镂空针织杏色学院风翻领上衣 杏色镂空针织Polo衫 采用柔软透气针织材质经典Polo领+短袖设计，胸前logo超有辨识度 镂空纹理层次感十足 顶级品质发售;0;;lrg3k8cd5bgw3jv;;Для женщин;"[""https://xcimg.szwego.com/imgHD/9404f147/20260409/cmp_i1775730920973_8198_0_0.jpg"", ""https://xcimg.szwego.com/imgHD/9404f147/20260409/cmp_i1775731014252_7274_0_1.jpg"", ""https://xcimg.szwego.com/imgHD/9404f147/20260409/cmp_i1775731013315_6951_0_2.jpg"", ""https://xcimg.szwego.com/imgHD/9404f147/20260409/cmp_i1775731013309_4447_0_3.jpg"", ""https://xcimg.szwego.com/imgHD/9404f147/20260409/cmp_i1775731010374_6637_0_4.jpg"", ""https://xcimg.szwego.com/imgHD/9404f147/20260409/cmp_i1775731013308_6780_0_5.jpg"", ""https://xcimg.szwego.com/imgHD/9404f147/20260409/cmp_i1775731010401_3236_0_6.jpg"", ""https://xcimg.szwego.com/imgHD/9404f147/20260409/cmp_i1775731010401_405_0_7.jpg"", ""https://xcimg.szwego.com/imgHD/9404f147/20260409/cmp_i1775731010402_566_0_8.jpg""]"
_dgarSZxWK6guF0sOAntEoGEVLVo-M1SS1fjiWfw;;MIU 26S 镂空针织藏蓝学院风翻领上衣 镂空针织Polo衫采用柔软透气针织材质 经典翻领短袖设计，胸前logo超有辨识度 镂空纹理层次感十足 顶级品质发售;0;;lrg3k8cd5bgw3jv;;Для женщин;"[""https://xcimg.szwego.com/imgHD/9404f147/20260409/cmp_i1775730920973_8198_0_0.jpg"", ""https://xcimg.szwego.com/imgHD/9404f147/20260409/cmp_i1775730917556_1690_0_1.jpg"", ""https://xcimg.szwego.com/imgHD/9404f147/20260409/cmp_i1775730920093_6359_0_2.jpg"", ""https://xcimg.szwego.com/imgHD/9404f147/20260409/cmp_i1775730917530_2118_0_3.jpg"", ""https://xcimg.szwego.com/imgHD/9404f147/20260409/cmp_i1775730920096_2492_0_4.jpg"", ""https://xcimg.szwego.com/imgHD/9404f147/20260409/cmp_i1775730920096_5486_0_5.jpg"", ""https://xcimg.szwego.com/imgHD/9404f147/20260409/cmp_i1775730917531_3698_0_6.jpg"", ""https://xcimg.szwego.com/imgHD/9404f147/20260409/cmp_i1775730917555_1531_0_7.jpg"", ""https://xcimg.szwego.com/imgHD/9404f147/20260409/cmp_i1775730917556_4798_0_8.jpg""]"
_dnyrSo4V50YaryCc7lKEHyvJ1nsVAQoQNu0U4yw;;MIU 26S 学院风镂空拉链针织夹克半裙套装 米杏色镂空针织开衫 搭配黑色撞色罗纹领口 袖口和下摆 甜酷复古风，手工钩织扇贝形镂空纹理 透气又有层次感 顶级品质发售;0;;lrg3k8cd5bgw3jv;;Для женщин;"[""https://xcimg.szwego.com/imgHD/9404f147/20260409/cmp_i1775730211415_4124_0_0.jpg"", ""https://xcimg.szwego.com/imgHD/9404f147/20260409/cmp_i1775730211415_6848_0_1.jpg"", ""https://xcimg.szwego.com/imgHD/9404f147/20260409/cmp_i1775730211415_8539_0_2.jpg"", ""https://xcimg.szwego.com/imgHD/9404f147/20260409/cmp_i1775730214578_8417_0_3.jpg"", ""https://xcimg.szwego.com/imgHD/9404f147/20260409/cmp_i1775730214573_3277_0_4.jpg"", ""https://xcimg.szwego.com/imgHD/9404f147/20260409/cmp_i1775730211390_9169_0_5.jpg"", ""https://xcimg.szwego.com/imgHD/9404f147/20260409/cmp_i1775730211390_6546_0_6.jpg"", ""https://xcimg.szwego.com/imgHD/9404f147/20260409/cmp_i1775730214578_3544_0_7.jpg"", ""https://xcimg.szwego.com/imgHD/9404f147/20260409/cmp_i1775730214582_1803_0_8.jpg""]"
_dtBrSxUuaLTHAIgfBbX-svur2RrNSh5_PPK8NVw;;CHA 26S 翻领白灰拼色翻领针织羊毛上衣 灰色半拉链针织衫 采用高品质羊绒柔软亲肤半拉链翻领设计 简约又实用，灰色低调百搭 宽松版型 顶级品质发售;0;;lrg3k8cd5bgw3jv;;Для женщин;"[""https://xcimg.szwego.com/imgHD/9404f147/20260409/cmp_i1775729948704_6627_0_2.jpg"", ""https://xcimg.szwego.com/imgHD/9404f147/20260409/cmp_i1775729953603_2772_0_0.jpg"", ""https://xcimg.szwego.com/imgHD/9404f147/20260409/cmp_i1775729952757_4592_0_1.jpg"", ""https://xcimg.szwego.com/imgHD/9404f147/20260409/cmp_i1775729952756_6105_0_3.jpg"", ""https://xcimg.szwego.com/imgHD/9404f147/20260409/cmp_i1775729948679_4694_0_4.jpg"", ""https://xcimg.szwego.com/imgHD/9404f147/20260409/cmp_i1775729948679_7214_0_5.jpg"", ""https://xcimg.szwego.com/imgHD/9404f147/20260409/cmp_i1775729948678_341_0_6.jpg"", ""https://xcimg.szwego.com/imgHD/9404f147/20260409/cmp_i1775729952769_9004_0_7.jpg"", ""https://xcimg.szwego.com/imgHD/9404f147/20260409/cmp_i1775729948679_6490_0_8.jpg""]"
_duerSNKGspv_njJiw8cC2P68Tg2dx7jr0-JPNpw;;CHA 26S 黑白粗花呢深V针织上衣 经典粗花呢材质 质感厚实有层次 左下角双C标志超有辨识度 V领设计修饰颈部线条，无袖剪裁清爽舒适 优雅随性风 顶级品质发售;0;;lrg3k8cd5bgw3jv;;Для женщин;"[""https://xcimg.szwego.com/imgHD/9404f147/20260409/cmp_i1775729429347_1730_0_0.jpg"", ""https://xcimg.szwego.com/imgHD/9404f147/20260409/cmp_i1775729432978_1364_0_2.jpg"", ""https://xcimg.szwego.com/imgHD/9404f147/20260409/cmp_i1775729429341_9655_0_1.jpg"", ""https://xcimg.szwego.com/imgHD/9404f147/20260409/cmp_i1775729432099_7970_0_3.jpg"", ""https://xcimg.szwego.com/imgHD/9404f147/20260409/cmp_i1775729432111_7772_0_4.jpg"", ""https://xcimg.szwego.com/imgHD/9404f147/20260409/cmp_i1775729429339_4810_0_5.jpg"", ""https://xcimg.szwego.com/imgHD/9404f147/20260409/cmp_i1775729429339_2361_0_6.jpg"", ""https://xcimg.szwego.com/imgHD/9404f147/20260409/cmp_i1775729432116_5154_0_7.jpg"", ""https://xcimg.szwego.com/imgHD/9404f147/20260409/cmp_i1775729429340_7794_0_8.jpg""]"
_dq1rSAS8reTwtI1jwNg8bLsqi4lYNYWIG93iPuQ;;CHA 26S 黑白粗花呢深V针织上衣 经典粗花呢材质 质感厚实有层次 左下角双C标志超有辨识度 V领设计修饰颈部线条，无袖剪裁清爽舒适 优雅随性风 顶级品质发售;0;;lrg3k8cd5bgw3jv;;Для женщин;"[""https://xcimg.szwego.com/imgHD/9404f147/20260409/cmp_i1775729167098_3818_0_0.jpg"", ""https://xcimg.szwego.com/imgHD/9404f147/20260409/cmp_i1775729167054_9640_0_1.jpg"", ""https://xcimg.szwego.com/imgHD/9404f147/20260409/cmp_i1775729169379_3757_0_2.jpg"", ""https://xcimg.szwego.com/imgHD/9404f147/20260409/cmp_i1775729166019_2223_0_3.jpg"", ""https://xcimg.szwego.com/imgHD/9404f147/20260409/cmp_i1775729166019_6736_0_4.jpg"", ""https://xcimg.szwego.com/imgHD/9404f147/20260409/cmp_i1775729166019_269_0_5.jpg"", ""https://xcimg.szwego.com/imgHD/9404f147/20260409/cmp_i1775729169385_5752_0_6.jpg"", ""https://xcimg.szwego.com/imgHD/9404f147/20260409/cmp_i1775729169383_7375_0_7.jpg"", ""https://xcimg.szwego.com/imgHD/9404f147/20260409/cmp_i1775729169385_4775_0_8.jpg""]"
_dwZrSNNCwtOj1Wi9AXCpur2_jksIsFEQlPLpZkw;;CHA 26S 奶油色双C金扣弹力针织开衫 奶油黄针织开衫 经典罗纹纹理柔软贴肤 圆领金色双C纽扣 细节满分，温柔优雅 修身剪裁 轻松切换多种风格 顶级品质发售;0;;lrg3k8cd5bgw3jv;;Для женщин;"[""https://xcimg.szwego.com/imgHD/9404f147/20260409/cmp_i1775723988753_3603_0_0.jpg"", ""https://xcimg.szwego.com/imgHD/9404f147/20260409/cmp_i1775724164925_7261_0_1.jpg"", ""https://xcimg.szwego.com/imgHD/9404f147/20260409/cmp_i1775723988752_6271_0_2.jpg"", ""https://xcimg.szwego.com/imgHD/9404f147/20260409/cmp_i1775723988753_1060_0_3.jpg"", ""https://xcimg.szwego.com/imgHD/9404f147/20260409/cmp_i1775724006024_6111_0_4.jpg"", ""https://xcimg.szwego.com/imgHD/9404f147/20260409/cmp_i1775723988726_317_0_5.jpg"", ""https://xcimg.szwego.com/imgHD/9404f147/20260409/cmp_i1775724006218_7826_0_6.jpg"", ""https://xcimg.szwego.com/imgHD/9404f147/20260409/cmp_i1775724001770_3024_0_7.jpg"", ""https://xcimg.szwego.com/imgHD/9404f147/20260409/cmp_i1775723988751_5590_0_8.jpg""]"
_devrSpluwYb6WbIjqxxC3VYol4AvTcnxEeE4XrQ;;CHA 26S 酒红色双C金扣弹力针织开衫 酒红色针织开衫 经典罗纹纹理柔软贴肤 圆领金色双C纽扣 细节满分，酒红色温柔优雅 修身剪裁 轻松切换多种风格 顶级品质发售;0;;lrg3k8cd5bgw3jv;;Для женщин;"[""https://xcimg.szwego.com/imgHD/9404f147/20260409/cmp_i1775722403959_7366_0_0.jpg"", ""https://xcimg.szwego.com/imgHD/9404f147/20260409/cmp_i1775722402965_4074_0_1.jpg"", ""https://xcimg.szwego.com/imgHD/9404f147/20260409/cmp_i1775722407362_9835_0_2.jpg"", ""https://xcimg.szwego.com/imgHD/9404f147/20260409/cmp_i1775722407372_3981_0_3.jpg"", ""https://xcimg.szwego.com/imgHD/9404f147/20260409/cmp_i1775722402941_9293_0_4.jpg"", ""https://xcimg.szwego.com/imgHD/9404f147/20260409/cmp_i1775722408155_867_0_5.jpg"", ""https://xcimg.szwego.com/imgHD/9404f147/20260409/cmp_i1775722402965_5368_0_6.jpg"", ""https://xcimg.szwego.com/imgHD/9404f147/20260409/cmp_i1775722407367_9243_0_7.jpg"", ""https://xcimg.szwego.com/imgHD/9404f147/20260409/cmp_i1775722402965_3109_0_8.jpg""]"
_dm3rSCY8IxEn9ZwnmbZiX9o1rosaJGAdXPaP8mw;;CHA 26S 黑色双C金扣弹力针织开衫 黑色针织开衫 经典罗纹纹理 柔软贴肤 圆领+金色双C纽扣 细节满分，黑色温柔优雅 修身剪裁 轻松切换多种风格 顶级品质发售;0;;lrg3k8cd5bgw3jv;;Для женщин;"[""https://xcimg.szwego.com/imgHD/9404f147/20260409/cmp_i1775722050550_7571_0_0.jpg"", ""https://xcimg.szwego.com/imgHD/9404f147/20260409/cmp_i1775722049643_9115_0_1.jpg"", ""https://xcimg.szwego.com/imgHD/9404f147/20260409/cmp_i1775722055520_3389_0_2.jpg"", ""https://xcimg.szwego.com/imgHD/9404f147/20260409/cmp_i1775722055518_1779_0_3.jpg"", ""https://xcimg.szwego.com/imgHD/9404f147/20260409/cmp_i1775722044864_1033_0_4.jpg"", ""https://xcimg.szwego.com/imgHD/9404f147/20260409/cmp_i1775722049642_171_0_5.jpg"", ""https://xcimg.szwego.com/imgHD/9404f147/20260409/cmp_i1775722044865_3068_0_6.jpg"", ""https://xcimg.szwego.com/imgHD/9404f147/20260409/cmp_i1775722056318_7042_0_7.jpg"", ""https://xcimg.szwego.com/imgHD/9404f147/20260409/cmp_i1775722049684_2201_0_8.jpg""]"
_d-erSYv3W9Uadze0e_XNDRJ0dXLaZpsNEBxxUsw;;DIO 26S 马蹄扣刺绣网纱百褶半身裙 Jonathan Anderson 设计 一件精致的作品 网纱具有空灵的诱惑力，经典百褶造型饱满灵动 绣有马蹄铁图案 向幸运符象征致敬 顶级品质;0;;lrg3k8cd5bgw3jv;;Для женщин;"[""https://xcimg.szwego.com/imgHD/9404f147/20260408/cmp_i1775629489175_3521_0_0.jpg"", ""https://xcimg.szwego.com/imgHD/9404f147/20260408/cmp_i1775629494870_5422_0_1.jpg"", ""https://xcimg.szwego.com/imgHD/9404f147/20260408/cmp_i1775629489113_192_0_2.jpg"", ""https://xcimg.szwego.com/imgHD/9404f147/20260408/cmp_i1775629488356_3016_0_3.jpg"", ""https://xcimg.szwego.com/imgHD/9404f147/20260408/cmp_i1775629492394_968_0_4.jpg"", ""https://xcimg.szwego.com/imgHD/9404f147/20260408/cmp_i1775629492397_3963_0_5.jpg"", ""https://xcimg.szwego.com/imgHD/9404f147/20260408/cmp_i1775629489189_5172_0_6.jpg"", ""https://xcimg.szwego.com/imgHD/9404f147/20260408/cmp_i1775629494863_5269_0_7.jpg"", ""https://xcimg.szwego.com/imgHD/9404f147/20260408/cmp_i1775629489097_1178_0_8.jpg""]"
_dnprSZPvYPLoQxDANlrjsac5QjUN4rZfnA-dKZA;;DIO 26W 洛可可美学徽章刺绣丝毛西装 采用四毛面料精心立裁制作 修身版型突显腰部曲线 别具一格，沙龙十八世纪洛可可风格美学 内里真丝CD牛角扣 上身高贵廓形;0;;lrg3k8cd5bgw3jv;;Для женщин;"[""https://xcimg.szwego.com/imgHD/9404f147/20260408/cmp_i1775628987327_392_0_0.jpg"", ""https://xcimg.szwego.com/imgHD/9404f147/20260408/cmp_i1775628987353_8467_0_1.jpg"", ""https://xcimg.szwego.com/imgHD/9404f147/20260408/cmp_i1775628992674_3236_0_2.jpg"", ""https://xcimg.szwego.com/imgHD/9404f147/20260408/cmp_i1775628992673_962_0_3.jpg"", ""https://xcimg.szwego.com/imgHD/9404f147/20260408/cmp_i1775628986829_3847_0_4.jpg"", ""https://xcimg.szwego.com/imgHD/9404f147/20260408/cmp_i1775628987288_4530_0_5.jpg"", ""https://xcimg.szwego.com/imgHD/9404f147/20260408/cmp_i1775628995790_2986_0_6.jpg"", ""https://xcimg.szwego.com/imgHD/9404f147/20260408/cmp_i1775628992834_7517_0_7.jpg"", ""https://xcimg.szwego.com/imgHD/9404f147/20260408/cmp_i1775628987260_2702_0_8.jpg""]"
_daQrS7s6yY6hbjBmkGoAPw__mFUsZxxem2FmmVw;;DIO 26W 黑色不规则侧方纽结丝毛半身裙 丝毛面料 垂坠感和舒适度伞状廓形剪裁、腰部蝴蝶结系带设计优雅又有层次感 伞裙下摆 走路飘逸灵动 法式浪漫氛围感;0;;lrg3k8cd5bgw3jv;;Для женщин;"[""https://xcimg.szwego.com/imgHD/9404f147/20260408/cmp_i1775628631549_4188_0_0.jpg"", ""https://xcimg.szwego.com/imgHD/9404f147/20260408/cmp_i1775628641732_3458_0_1.jpg"", ""https://xcimg.szwego.com/imgHD/9404f147/20260408/cmp_i1775628637758_8315_0_2.jpg"", ""https://xcimg.szwego.com/imgHD/9404f147/20260408/cmp_i1775628630932_9055_0_3.jpg"", ""https://xcimg.szwego.com/imgHD/9404f147/20260408/cmp_i1775628637893_9749_0_4.jpg"", ""https://xcimg.szwego.com/imgHD/9404f147/20260408/cmp_i1775628630933_9499_0_5.jpg"", ""https://xcimg.szwego.com/imgHD/9404f147/20260408/cmp_i1775628646369_5499_0_6.jpg"", ""https://xcimg.szwego.com/imgHD/9404f147/20260408/cmp_i1775628646393_755_0_7.jpg"", ""https://xcimg.szwego.com/imgHD/9404f147/20260408/cmp_i1775628630933_7189_0_8.jpg""]"
_dxVrSG2c30vVRL7AckDGmGEx5FFGC5RwmjNy-2w;;DIO 26W 碎花落肩丝绵花卉三件套连衣裙 轻薄丝绵面料飘逸又透气 花卉清新淡雅 表达出D先生对大自然的热爱，白色底配淡雅碎花 搭配腰带 温柔绝美气质;0;;lrg3k8cd5bgw3jv;;Для женщин;"[""https://xcimg.szwego.com/imgHD/9404f147/20260408/cmp_i1775626676673_7204_0_0.jpg"", ""https://xcimg.szwego.com/imgHD/9404f147/20260408/cmp_i1775626686593_3278_0_1.jpg"", ""https://xcimg.szwego.com/imgHD/9404f147/20260408/cmp_i1775626686495_776_0_2.jpg"", ""https://xcimg.szwego.com/imgHD/9404f147/20260408/cmp_i1775626686081_4857_0_3.jpg"", ""https://xcimg.szwego.com/imgHD/9404f147/20260408/cmp_i1775626673991_8484_0_4.jpg"", ""https://xcimg.szwego.com/imgHD/9404f147/20260408/cmp_i1775626674011_7134_0_5.jpg"", ""https://xcimg.szwego.com/imgHD/9404f147/20260408/cmp_i1775626667724_1923_0_6.jpg"", ""https://xcimg.szwego.com/imgHD/9404f147/20260408/cmp_i1775626676650_5979_0_7.jpg"", ""https://xcimg.szwego.com/imgHD/9404f147/20260408/cmp_i1775626676579_8133_0_8.jpg""]"
_dsPrSwLmvJDi2j35wo0JCaeEZkcCEP46aD82_AQ;;设计师 26W 巴黎线系列锁链背心连衣裙 采用重磅斜纹真丝面料轻盈廓形 弧形剪裁环形锁链图案 时髦又有辨识度，腰带设计修饰腰线 凸显高贵层次 高贵曼妙;0;;lrg3k8cd5bgw3jv;;Для женщин;"[""https://xcimg.szwego.com/imgHD/9404f147/20260408/cmp_i1775625405312_7948_0_0.jpg"", ""https://xcimg.szwego.com/imgHD/9404f147/20260408/cmp_i1775625405088_2107_0_1.jpg"", ""https://xcimg.szwego.com/imgHD/9404f147/20260408/cmp_i1775625412162_8493_0_2.jpg"", ""https://xcimg.szwego.com/imgHD/9404f147/20260408/cmp_i1775625412099_2403_0_3.jpg"", ""https://xcimg.szwego.com/imgHD/9404f147/20260408/cmp_i1775625405275_3109_0_4.jpg"", ""https://xcimg.szwego.com/imgHD/9404f147/20260408/cmp_i1775625412141_3713_0_5.jpg"", ""https://xcimg.szwego.com/imgHD/9404f147/20260408/cmp_i1775625405111_9599_0_6.jpg"", ""https://xcimg.szwego.com/imgHD/9404f147/20260408/cmp_i1775625412235_4521_0_7.jpg"", ""https://xcimg.szwego.com/imgHD/9404f147/20260408/cmp_i1775625412151_504_0_8.jpg""]"
_dysrS1n6-2v6GrdtXwSQgkNDCgQ1a7xfOZoVNDQ;;LOUIS 26W 灰色绵羊毛抽绳腰带迷你半裙 精裁绵羊毛 运用两种不同织法的廓型面料 融合利落剪裁与悠闲格调、层层荷叶边下摆舞动丰盈立体质感 点缀五金扣 顶级品质;0;;lrg3k8cd5bgw3jv;;Для женщин;"[""https://xcimg.szwego.com/imgHD/9404f147/20260407/cmp_i1775557422769_4216_0_0.jpg"", ""https://xcimg.szwego.com/imgHD/9404f147/20260407/cmp_i1775557422840_9700_0_1.jpg"", ""https://xcimg.szwego.com/imgHD/9404f147/20260407/cmp_i1775557422676_9447_0_2.jpg"", ""https://xcimg.szwego.com/imgHD/9404f147/20260407/cmp_i1775557428983_7447_0_3.jpg"", ""https://xcimg.szwego.com/imgHD/9404f147/20260407/cmp_i1775557429108_8491_0_4.jpg"", ""https://xcimg.szwego.com/imgHD/9404f147/20260407/cmp_i1775557422659_4509_0_5.jpg"", ""https://xcimg.szwego.com/imgHD/9404f147/20260407/cmp_i1775557421695_4474_0_6.jpg"", ""https://xcimg.szwego.com/imgHD/9404f147/20260407/cmp_i1775557429436_5572_0_7.jpg"", ""https://xcimg.szwego.com/imgHD/9404f147/20260407/cmp_i1775557429152_1910_0_8.jpg""]"
_dlBrSuJ24FJh7lu579Ydyps3QvDFdGLcuXnLRtA;;CHL 26W 柔粉色蕾丝甜美吊带真丝背心 YB真丝顺纡纱廓形面料 轻盈透气蕾丝花纹精致 花边蕾丝层叠设计出立体感，肩部飘带灵动 前襟镂空细节优雅又性感;0;;lrg3k8cd5bgw3jv;;Для женщин;"[""https://xcimg.szwego.com/imgHD/9404f147/20260407/cmp_i1775548004743_4368_0_0.jpg"", ""https://xcimg.szwego.com/imgHD/9404f147/20260407/cmp_i1775548010521_1075_0_1.jpg"", ""https://xcimg.szwego.com/imgHD/9404f147/20260407/cmp_i1775548010519_2169_0_2.jpg"", ""https://xcimg.szwego.com/imgHD/9404f147/20260407/cmp_i1775548010506_1997_0_3.jpg"", ""https://xcimg.szwego.com/imgHD/9404f147/20260407/cmp_i1775548010505_3533_0_4.jpg"", ""https://xcimg.szwego.com/imgHD/9404f147/20260407/cmp_i1775548088831_2861_0_5.jpg"", ""https://xcimg.szwego.com/imgHD/9404f147/20260407/cmp_i1775548004741_3639_0_6.jpg"", ""https://xcimg.szwego.com/imgHD/9404f147/20260407/cmp_i1775548083091_4227_0_7.jpg"", ""https://xcimg.szwego.com/imgHD/9404f147/20260407/cmp_i1775548004741_7271_0_8.jpg""]"
_dlFrSAdE4SHifWe7rHC4Woez-ZD6LLEte27NQkQ;;CHL 26W 黑色蕾丝甜美吊带真丝背心 YB真丝顺纡纱廓形面料 轻盈透气蕾丝花纹精致 花边蕾丝层叠设计出立体感，肩部飘带灵动 前襟镂空细节优雅又性感;0;;lrg3k8cd5bgw3jv;;Для женщин;"[""https://xcimg.szwego.com/imgHD/9404f147/20260407/cmp_i1775547709284_868_0_0.jpg"", ""https://xcimg.szwego.com/imgHD/9404f147/20260407/cmp_i1775547696802_3162_0_1.jpg"", ""https://xcimg.szwego.com/imgHD/9404f147/20260407/cmp_i1775547696802_6681_0_2.jpg"", ""https://xcimg.szwego.com/imgHD/9404f147/20260407/cmp_i1775547696642_5790_0_3.jpg"", ""https://xcimg.szwego.com/imgHD/9404f147/20260407/cmp_i1775547690810_5401_0_4.jpg"", ""https://xcimg.szwego.com/imgHD/9404f147/20260407/cmp_i1775547696643_4068_0_5.jpg"", ""https://xcimg.szwego.com/imgHD/9404f147/20260407/cmp_i1775547690810_520_0_6.jpg"", ""https://xcimg.szwego.com/imgHD/9404f147/20260407/cmp_i1775547709281_6312_0_7.jpg"", ""https://xcimg.szwego.com/imgHD/9404f147/20260407/cmp_i1775547709281_3659_0_8.jpg""]"
_dterSj3vU5kJD-MzEkzOey1Q4VED-OUKGiDWyAg;;ZIMM 26S 黑白手工编织流苏背心半裙套装 波西米亚风套装 黑白条纹手工镂空编织 镂空造型轻盈透气，工艺十分复杂 流苏设计灵动飘逸 搭配系列背心高贵出彩;0;;lrg3k8cd5bgw3jv;;Для женщин;"[""https://xcimg.szwego.com/imgHD/9404f147/20260407/cmp_i1775542674769_2599_0_0.jpg"", ""https://xcimg.szwego.com/imgHD/9404f147/20260407/cmp_i1775542738136_5364_0_1.jpg"", ""https://xcimg.szwego.com/imgHD/9404f147/20260407/cmp_i1775542737839_3030_0_2.jpg"", ""https://xcimg.szwego.com/imgHD/9404f147/20260407/cmp_i1775542735857_6478_0_3.jpg"", ""https://xcimg.szwego.com/imgHD/9404f147/20260407/cmp_i1775542730474_2593_0_4.jpg"", ""https://xcimg.szwego.com/imgHD/9404f147/20260407/cmp_i1775542745749_1204_0_5.jpg"", ""https://xcimg.szwego.com/imgHD/9404f147/20260407/cmp_i1775542745702_8535_0_6.jpg"", ""https://xcimg.szwego.com/imgHD/9404f147/20260407/cmp_i1775542735853_4496_0_7.jpg"", ""https://xcimg.szwego.com/imgHD/9404f147/20260407/cmp_i1775542731092_6456_0_8.jpg""]"
_daBrShkkolRsNIEcVsj61EWwKAApqa5eDfxEBzQ;;ZIMM 26S 黑白手工编织流苏背心半裙套装 波西米亚风套装 黑白条纹手工镂空编织 镂空造型轻盈透气，工艺十分复杂 流苏设计灵动飘逸 搭配系列裙装高贵出彩;0;;lrg3k8cd5bgw3jv;;Для женщин;"[""https://xcimg.szwego.com/imgHD/9404f147/20260407/cmp_i1775542674769_2599_0_0.jpg"", ""https://xcimg.szwego.com/imgHD/9404f147/20260407/cmp_i1775542674737_1797_0_1.jpg"", ""https://xcimg.szwego.com/imgHD/9404f147/20260407/cmp_i1775542674405_6391_0_2.jpg"", ""https://xcimg.szwego.com/imgHD/9404f147/20260407/cmp_i1775542667494_2009_0_3.jpg"", ""https://xcimg.szwego.com/imgHD/9404f147/20260407/cmp_i1775542683075_3005_0_4.jpg"", ""https://xcimg.szwego.com/imgHD/9404f147/20260407/cmp_i1775542682537_2623_0_5.jpg"", ""https://xcimg.szwego.com/imgHD/9404f147/20260407/cmp_i1775542673299_9050_0_6.jpg"", ""https://xcimg.szwego.com/imgHD/9404f147/20260407/cmp_i1775542683213_191_0_7.jpg"", ""https://xcimg.szwego.com/imgHD/9404f147/20260407/cmp_i1775542683120_82_0_8.jpg""]"
_dtRrSEx5SIgmefM6Sb1kqnnY3_rIktowSx_u64A;;Loro Pia 26W 老钱风豹纹波点印花衬衫 轻薄透气真丝面料柔软舒适 蝴蝶结领口设计优雅又柔美，细小的豹纹印花图案低调有质感 搭配半裙 通勤或度假都能轻松驾驭;0;;lrg3k8cd5bgw3jv;;Для женщин;"[""https://xcimg.szwego.com/img/9404f147/20260407/i1775542205785_3021_0_1.jpg"", ""https://xcimg.szwego.com/img/9404f147/20260407/i1775542239466_2414_0_1.jpg"", ""https://xcimg.szwego.com/img/9404f147/20260407/i1775542236805_6971_0_2.jpg"", ""https://xcimg.szwego.com/img/9404f147/20260407/i1775542236801_4279_0_3.jpg"", ""https://xcimg.szwego.com/img/9404f147/20260407/i1775542236799_258_0_4.jpg"", ""https://xcimg.szwego.com/img/9404f147/20260407/i1775542239412_5367_0_5.jpg"", ""https://xcimg.szwego.com/img/9404f147/20260407/i1775542236819_7999_0_6.jpg"", ""https://xcimg.szwego.com/img/9404f147/20260407/i1775542239478_977_0_7.jpg"", ""https://xcimg.szwego.com/img/9404f147/20260407/i1775542239447_6137_0_8.jpg""]"
_dkTrST3ik3aIw-4m8ks31A6VsPpFaDuwLkuH_bw;;Loro Pia 26W 老钱风波点印花衬衫半裙套装 轻薄透气双层提花真丝面料柔软舒适，通勤或度假都能轻松驾驭 下摆微大摆剪裁灵动曼妙～搭配衬衫 顶级品质发售;0;;lrg3k8cd5bgw3jv;;Для женщин;"[""https://xcimg.szwego.com/img/9404f147/20260407/i1775542124290_2862_0_0.jpg"", ""https://xcimg.szwego.com/img/9404f147/20260407/i1775542124328_7617_0_1.jpg"", ""https://xcimg.szwego.com/img/9404f147/20260407/i1775542124349_1791_0_2.jpg"", ""https://xcimg.szwego.com/img/9404f147/20260407/i1775542128254_2268_0_3.jpg"", ""https://xcimg.szwego.com/img/9404f147/20260407/i1775542131048_1911_0_4.jpg"", ""https://xcimg.szwego.com/img/9404f147/20260407/i1775542131396_7550_0_5.jpg"", ""https://xcimg.szwego.com/img/9404f147/20260407/i1775542128256_3641_0_6.jpg"", ""https://xcimg.szwego.com/img/9404f147/20260407/i1775542124353_4920_0_7.jpg"", ""https://xcimg.szwego.com/img/9404f147/20260407/i1775542124352_3377_0_8.jpg""]"
_dFHrSp-4Sswk2gUp29PkqnQHp4PEbDC3Vv38QyA;;CHA 26P 白色双C镂空刺绣白色棉质T恤 采用柔软棉质面料透气又舒适，圆领卷边袖口设计简约大方 衣身点缀精致双C花卉刺绣 、日常清爽又精致 顶级品质;0;;lrg3k8cd5bgw3jv;;Для женщин;"[""https://xcimg.szwego.com/img/9404f147/20260406/i1775455965762_3582_0_0.jpg"", ""https://xcimg.szwego.com/img/9404f147/20260406/i1775456119027_5074_0_1.jpg"", ""https://xcimg.szwego.com/img/9404f147/20260406/i1775456120309_9025_0_2.jpg"", ""https://xcimg.szwego.com/img/9404f147/20260406/i1775456118950_3310_0_3.jpg"", ""https://xcimg.szwego.com/img/9404f147/20260406/i1775456118971_3421_0_4.jpg"", ""https://xcimg.szwego.com/img/9404f147/20260406/i1775456120317_6323_0_5.jpg"", ""https://xcimg.szwego.com/img/9404f147/20260406/i1775456118979_104_0_6.jpg"", ""https://xcimg.szwego.com/img/9404f147/20260406/i1775456120370_4928_0_7.jpg"", ""https://xcimg.szwego.com/img/9404f147/20260406/i1775456120334_9233_0_8.jpg""]"
_dqprSFGdbPbMVTOUX2uK6esEp214ncC3OLivp_w;;CHA 26W 双C小鸡黄镂空针织背心 V领无袖设计镂空针织工艺 轻盈透气超适合春夏穿搭，左下角双C刺绣标志 奶油黄配色清新活力 搭牛仔裤或半裙都很出彩;0;;lrg3k8cd5bgw3jv;;Для женщин;"[""https://xcimg.szwego.com/img/9404f147/20260406/i1775455692777_9227_0_0.jpg"", ""https://xcimg.szwego.com/img/9404f147/20260406/i1775455692742_3276_0_1.jpg"", ""https://xcimg.szwego.com/img/9404f147/20260406/i1775455698814_6879_0_2.jpg"", ""https://xcimg.szwego.com/img/9404f147/20260406/i1775455698793_248_0_3.jpg"", ""https://xcimg.szwego.com/img/9404f147/20260406/i1775455701903_2663_0_4.jpg"", ""https://xcimg.szwego.com/img/9404f147/20260406/i1775455698939_909_0_5.jpg"", ""https://xcimg.szwego.com/img/9404f147/20260406/i1775455701841_1899_0_6.jpg"", ""https://xcimg.szwego.com/img/9404f147/20260406/i1775455692747_9298_0_7.jpg"", ""https://xcimg.szwego.com/img/9404f147/20260406/i1775455698457_5528_0_8.jpg""]"
_dbdrS5l27YLu-NW4pKOea2ntNvDqCLef0gy7Shw;;CHA 26P 系列环形黑白拼色V领针织背心 白色主调黑色撞色边 定制高纤维弹力针织面料 简约又有辨识度，环形肩部 V领设计拉长颈部线条 黑白双色之选;0;;lrg3k8cd5bgw3jv;;Для женщин;"[""https://xcimg.szwego.com/img/9404f147/20260406/i1775455505008_9288_0_0.jpg"", ""https://xcimg.szwego.com/img/9404f147/20260406/i1775455496865_7703_0_1.jpg"", ""https://xcimg.szwego.com/img/9404f147/20260406/i1775455492807_592_0_2.jpg"", ""https://xcimg.szwego.com/img/9404f147/20260406/i1775455496616_5112_0_3.jpg"", ""https://xcimg.szwego.com/img/9404f147/20260406/i1775455505059_2456_0_4.jpg"", ""https://xcimg.szwego.com/img/9404f147/20260406/i1775455492733_5667_0_5.jpg"", ""https://xcimg.szwego.com/img/9404f147/20260406/i1775455492804_8299_0_6.jpg"", ""https://xcimg.szwego.com/img/9404f147/20260406/i1775455496810_3466_0_7.jpg"", ""https://xcimg.szwego.com/img/9404f147/20260406/i1775455492752_7808_0_8.jpg""]"
_d-SrSQKpxqo28VZMP_xzohdHsAMFzokkymW_0Kw;;CHA 26P 系列环形黑白拼色V领针织背心 黑色主调白色撞色边 定制高纤维弹力针织面料 简约又有辨识度，环形肩部 V领设计拉长颈部线条 黑白双色之选;0;;lrg3k8cd5bgw3jv;;Для женщин;"[""https://xcimg.szwego.com/img/9404f147/20260406/i1775455293405_8214_0_0.jpg"", ""https://xcimg.szwego.com/img/9404f147/20260406/i1775455293134_1685_0_1.jpg"", ""https://xcimg.szwego.com/img/9404f147/20260406/i1775455300982_2563_0_2.jpg"", ""https://xcimg.szwego.com/img/9404f147/20260406/i1775455287727_9441_0_3.jpg"", ""https://xcimg.szwego.com/img/9404f147/20260406/i1775455293465_3881_0_4.jpg"", ""https://xcimg.szwego.com/img/9404f147/20260406/i1775455293476_2576_0_5.jpg"", ""https://xcimg.szwego.com/img/9404f147/20260406/i1775455293334_6227_0_6.jpg"", ""https://xcimg.szwego.com/img/9404f147/20260406/i1775455300990_5953_0_7.jpg"", ""https://xcimg.szwego.com/img/9404f147/20260406/i1775455301016_1528_0_8.jpg""]"
_dkXrSc8Epvc7Dzpjp-4MOTRJtl3ZFyqDdJI4LAA;;BAL 26S 丹宁牛仔拼格式衬衫假两件夹克 复古格纹拼接夹克 采用做旧灰蓝调+格纹撞色 假两件设计超有层次感，领口 下摆和袖口拼接格纹 随性又高级 顶级品质发售;0;;lrg3k8cd5bgw3jv;;Для женщин;"[""https://xcimg.szwego.com/img/9404f147/20260405/i1775375557504_5489_0_0.jpg"", ""https://xcimg.szwego.com/img/9404f147/20260405/i1775375555170_1248_0_1.jpg"", ""https://xcimg.szwego.com/img/9404f147/20260405/i1775372047966_4476_0_4.jpg"", ""https://xcimg.szwego.com/img/9404f147/20260405/i1775375555210_8845_0_3.jpg"", ""https://xcimg.szwego.com/img/9404f147/20260405/i1775375557504_7360_0_4.jpg"", ""https://xcimg.szwego.com/img/9404f147/20260405/i1775375555170_8957_0_5.jpg"", ""https://xcimg.szwego.com/img/9404f147/20260405/i1775375557455_374_0_6.jpg"", ""https://xcimg.szwego.com/img/9404f147/20260405/i1775375555170_452_0_7.jpg"", ""https://xcimg.szwego.com/img/9404f147/20260405/i1775375557442_8326_0_8.jpg""]"
_dp6rSG6Xqw1HzJDR3_a6z-AGC5r3j0QQk8Z1Ttg;;AW 26S 肩部浮雕字母抽绳牛仔休闲夹克 牛仔布经过重新洗色设计 呈现休闲运动夹克廓形，服饰肩部与袖部延展压纹aw字母徽标镶片 营造机车风 顶级品质;0;;lrg3k8cd5bgw3jv;;Для женщин;"[""https://xcimg.szwego.com/img/9404f147/20260405/i1775371796774_7703_0_0.jpg"", ""https://xcimg.szwego.com/img/9404f147/20260405/i1775371796692_8071_0_1.jpg"", ""https://xcimg.szwego.com/img/9404f147/20260405/i1775371796722_967_0_2.jpg"", ""https://xcimg.szwego.com/img/9404f147/20260405/i1775371790787_5412_0_3.jpg"", ""https://xcimg.szwego.com/img/9404f147/20260405/i1775371790793_2218_0_4.jpg"", ""https://xcimg.szwego.com/img/9404f147/20260405/i1775371790791_6616_0_5.jpg"", ""https://xcimg.szwego.com/img/9404f147/20260405/i1775371790824_463_0_6.jpg"", ""https://xcimg.szwego.com/img/9404f147/20260405/i1775371790776_3442_0_7.jpg"", ""https://xcimg.szwego.com/img/9404f147/20260405/i1775371796603_2855_0_8.jpg""]"
_dsmrS8r-Vf1bP2N4JoLwKFBwsIQiZ78Uu8Yyv1Q;;AW 26S 斜纹布双层弹力中腰运动裤 运动裤以休闲实用裁型呈现 膝部采用褶裥设计，YB斜纹尼龙面料廓形 辅以aw侧拉链口袋 弹力抽绳双腰头 顶级品质;0;;lrg3k8cd5bgw3jv;;Для женщин;"[""https://xcimg.szwego.com/img/9404f147/20260405/i1775371577372_929_0_0.jpg"", ""https://xcimg.szwego.com/img/9404f147/20260405/i1775371575085_8453_0_1.jpg"", ""https://xcimg.szwego.com/img/9404f147/20260405/i1775371575117_8890_0_2.jpg"", ""https://xcimg.szwego.com/img/9404f147/20260405/i1775371575058_1903_0_3.jpg"", ""https://xcimg.szwego.com/img/9404f147/20260405/i1775371577518_863_0_4.jpg"", ""https://xcimg.szwego.com/img/9404f147/20260405/i1775371574997_3019_0_5.jpg"", ""https://xcimg.szwego.com/img/9404f147/20260405/i1775371577337_497_0_7.jpg"", ""https://xcimg.szwego.com/img/9404f147/20260405/i1775371577459_5445_0_8.jpg"", ""https://xcimg.szwego.com/img/9404f147/20260405/i1775371577456_1877_0_9.jpg""]"
_djQrSWQ3tF5LH8pjy-hPn6xntr9UhF5MtDU46Dg;;CEL 26S 果绿拼粉条纹长袖针织弹力Polo衫 棉质面料柔软舒适 日常通勤或休闲都ok 清新撞色条纹活力又浪漫、正肩收身版型 修饰身材比例 双色之选;0;;lrg3k8cd5bgw3jv;;Для женщин;"[""https://xcimg.szwego.com/img/9404f147/20260405/i1775371241374_2856_0_0.jpg"", ""https://xcimg.szwego.com/img/9404f147/20260405/i1775371249288_1693_0_1.jpg"", ""https://xcimg.szwego.com/img/9404f147/20260405/i1775371247332_6331_0_2.jpg"", ""https://xcimg.szwego.com/img/9404f147/20260405/i1775371241387_8671_0_3.jpg"", ""https://xcimg.szwego.com/img/9404f147/20260405/i1775371246962_1195_0_4.jpg"", ""https://xcimg.szwego.com/img/9404f147/20260405/i1775371249226_9027_0_5.jpg"", ""https://xcimg.szwego.com/img/9404f147/20260405/i1775371241359_7449_0_6.jpg"", ""https://xcimg.szwego.com/img/9404f147/20260405/i1775371241394_1325_0_7.jpg"", ""https://xcimg.szwego.com/img/9404f147/20260405/i1775371247298_8581_0_8.jpg""]"
_dxgrSInQ9_PRzc_Gj7SiTU1qU6cHLvlpYWPL0uQ;;CEL 26S 红黑条纹长袖针织弹力Polo衫 棉质面料柔软舒适 日常通勤或休闲都ok 黑红拼米色撞色条纹活力又浪漫、正肩收身版型 修饰身材比例 双色之选;0;;lrg3k8cd5bgw3jv;;Для женщин;"[""https://xcimg.szwego.com/img/9404f147/20260405/i1775371017398_3262_0_0.jpg"", ""https://xcimg.szwego.com/img/9404f147/20260405/i1775371004527_2167_0_1.jpg"", ""https://xcimg.szwego.com/img/9404f147/20260405/i1775371004512_8616_0_2.jpg"", ""https://xcimg.szwego.com/img/9404f147/20260405/i1775371010668_8766_0_3.jpg"", ""https://xcimg.szwego.com/img/9404f147/20260405/i1775371010754_7270_0_4.jpg"", ""https://xcimg.szwego.com/img/9404f147/20260405/i1775371004517_8174_0_5.jpg"", ""https://xcimg.szwego.com/img/9404f147/20260405/i1775371010541_1427_0_6.jpg"", ""https://xcimg.szwego.com/img/9404f147/20260405/i1775371010647_8664_0_7.jpg"", ""https://xcimg.szwego.com/img/9404f147/20260405/i1775371010676_2456_0_8.jpg""]"
_dnHrSKWGGUSDLqxNC8rRkqFXzxkyph25lV9aQ0w;;DIO 26S 米灰拼藏蓝几何藤格纹针织短袖 采用软糯亲肤面料透气舒适 几何格纹深蓝V领拼米卡色 袖口和下摆弹力罗纹 复古又优雅的品牌藤格纹元素，休闲实用 顶级品质;0;;lrg3k8cd5bgw3jv;;Для женщин;"[""https://xcimg.szwego.com/img/9404f147/20260404/i1775288820322_1885_0_0.jpg"", ""https://xcimg.szwego.com/img/9404f147/20260404/i1775288827113_2711_0_1.jpg"", ""https://xcimg.szwego.com/img/9404f147/20260404/i1775288820079_1197_0_2.jpg"", ""https://xcimg.szwego.com/img/9404f147/20260404/i1775288822731_4059_0_3.jpg"", ""https://xcimg.szwego.com/img/9404f147/20260404/i1775288826426_9119_0_4.jpg"", ""https://xcimg.szwego.com/img/9404f147/20260404/i1775288820229_4892_0_5.jpg"", ""https://xcimg.szwego.com/img/9404f147/20260404/i1775288822646_8954_0_6.jpg"", ""https://xcimg.szwego.com/img/9404f147/20260404/i1775288820297_8037_0_7.jpg"", ""https://xcimg.szwego.com/img/9404f147/20260404/i1775288820149_3808_0_8.jpg""]"
_dtJrSoArt7csRNwaJMr9vSurxBGuLtfAlc2iZCA;;DIO 26S CD老花竖排扣针织休闲开衫 米白色科技针织面料 饰以同色Oblique印花 常规版型点缀以银色饰面金属CD标志的珍珠母贝纽扣提升格调 顶级品质;0;;lrg3k8cd5bgw3jv;;Для женщин;"[""https://xcimg.szwego.com/img/9404f147/20260404/i1775288641254_5716_0_0.jpg"", ""https://xcimg.szwego.com/img/9404f147/20260404/i1775288641313_9811_0_1.jpg"", ""https://xcimg.szwego.com/img/9404f147/20260404/i1775288648353_7795_0_2.jpg"", ""https://xcimg.szwego.com/img/9404f147/20260404/i1775288648242_4371_0_3.jpg"", ""https://xcimg.szwego.com/img/9404f147/20260404/i1775288648391_3320_0_4.jpg"", ""https://xcimg.szwego.com/img/9404f147/20260404/i1775288651835_4166_0_5.jpg"", ""https://xcimg.szwego.com/img/9404f147/20260404/i1775288648354_3445_0_6.jpg"", ""https://xcimg.szwego.com/img/9404f147/20260404/i1775288641211_3985_0_7.jpg"", ""https://xcimg.szwego.com/img/9404f147/20260404/i1775288641324_7788_0_8.jpg""]"
_dqcrScp1OiCSXhlqkYtG34DxuuCZuwQ97c7YXkg;;DIO 26S 藤蔓蝴蝶花卉水洗破洞做旧牛仔裤 Barocco图案突显花朵蝴蝶和精致藤蔓 采用米色棉质和亚麻混纺牛仔布，喇叭形剪裁背面饰以 CD Paris皮革标签提升格调;0;;lrg3k8cd5bgw3jv;;Для женщин;"[""https://xcimg.szwego.com/img/9404f147/20260404/i1775288456173_9998_0_0.jpg"", ""https://xcimg.szwego.com/img/9404f147/20260404/i1775288455587_8837_0_1.jpg"", ""https://xcimg.szwego.com/img/9404f147/20260404/i1775288456141_1300_0_2.jpg"", ""https://xcimg.szwego.com/img/9404f147/20260404/i1775288449831_2497_0_3.jpg"", ""https://xcimg.szwego.com/img/9404f147/20260404/i1775288449891_3642_0_4.jpg"", ""https://xcimg.szwego.com/img/9404f147/20260404/i1775288455933_4910_0_5.jpg"", ""https://xcimg.szwego.com/img/9404f147/20260404/i1775288449742_7563_0_6.jpg"", ""https://xcimg.szwego.com/img/9404f147/20260404/i1775288449959_8042_0_7.jpg"", ""https://xcimg.szwego.com/img/9404f147/20260404/i1775288456287_174_0_8.jpg""]"
_d_srSl1zn0ciGy8b2YSm6KZbB1ePtH3UiEnrnGQ;;DIO 26S 藤蔓花卉水洗灰鱼骨腰带牛仔夹克 Barocco图案灵感突显花朵蝴蝶 米色棉质和亚麻混纺牛仔布精心制作 鱼骨收腰定位休闲短款版型 CD小蜜蜂刺绣 休闲时髦廓形;0;;lrg3k8cd5bgw3jv;;Для женщин;"[""https://xcimg.szwego.com/img/9404f147/20260404/i1775288148993_8401_0_0.jpg"", ""https://xcimg.szwego.com/img/9404f147/20260404/i1775288135229_1912_0_1.jpg"", ""https://xcimg.szwego.com/img/9404f147/20260404/i1775288148981_6066_0_2.jpg"", ""https://xcimg.szwego.com/img/9404f147/20260404/i1775288140965_2258_0_3.jpg"", ""https://xcimg.szwego.com/img/9404f147/20260404/i1775288135242_166_0_4.jpg"", ""https://xcimg.szwego.com/img/9404f147/20260404/i1775288141150_5313_0_5.jpg"", ""https://xcimg.szwego.com/img/9404f147/20260404/i1775288140752_8557_0_6.jpg"", ""https://xcimg.szwego.com/img/9404f147/20260404/i1775288140990_3875_0_7.jpg"", ""https://xcimg.szwego.com/img/9404f147/20260404/i1775288135238_7776_0_8.jpg""]"
_drlrSeve-2bj1Smrh0BY87jAWdP_eUVsIYVAv-g;;DIO 26S 洛可可徽章刺绣短袖白衬衫 采用白色棉府绸面料精心制作 短款常规版型别具一格、呼应 CD沙龙十八世纪洛可可风格美学 D刻字纽扣 短袖翻领高级廓形;0;;lrg3k8cd5bgw3jv;;Для женщин;"[""https://xcimg.szwego.com/img/9404f147/20260404/i1775277974545_2782_0_0.jpg"", ""https://xcimg.szwego.com/img/9404f147/20260404/i1775277974425_2604_0_1.jpg"", ""https://xcimg.szwego.com/img/9404f147/20260404/i1775277968154_5999_0_2.jpg"", ""https://xcimg.szwego.com/img/9404f147/20260404/i1775277968154_3650_0_3.jpg"", ""https://xcimg.szwego.com/img/9404f147/20260404/i1775277968154_8771_0_4.jpg"", ""https://xcimg.szwego.com/img/9404f147/20260404/i1775277974262_9224_0_5.jpg"", ""https://xcimg.szwego.com/img/9404f147/20260404/i1775277968154_6416_0_6.jpg"", ""https://xcimg.szwego.com/img/9404f147/20260404/i1775277968154_5354_0_7.jpg"", ""https://xcimg.szwego.com/img/9404f147/20260404/i1775277974364_3848_0_8.jpg""]"
_diRrSx0zYyw4GUP02y39iEuC5LfA4yLChQ7ZdIw;;DIO 26S 蓝色蝴蝶花卉刺绣短袖针织上衣 采用白色绵羊毛和桑蚕丝混纺针织面料 常规版型搭配罗纹饰边、蓝色茹伊印花图案刺绣 以诗意风格致敬花朵与大自然;0;;lrg3k8cd5bgw3jv;;Для женщин;"[""https://xcimg.szwego.com/imgHD/9404f147/20260404/cmp_i1775277748192_7927_0_0.jpg"", ""https://xcimg.szwego.com/imgHD/9404f147/20260404/cmp_i1775277748201_2462_0_1.jpg"", ""https://xcimg.szwego.com/imgHD/9404f147/20260404/cmp_i1775277748195_6121_0_2.jpg"", ""https://xcimg.szwego.com/imgHD/9404f147/20260404/cmp_i1775277748196_1460_0_3.jpg"", ""https://xcimg.szwego.com/imgHD/9404f147/20260404/cmp_i1775277741801_5592_0_4.jpg"", ""https://xcimg.szwego.com/imgHD/9404f147/20260404/cmp_i1775277741802_5635_0_5.jpg"", ""https://xcimg.szwego.com/imgHD/9404f147/20260404/cmp_i1775277741801_3889_0_6.jpg"", ""https://xcimg.szwego.com/imgHD/9404f147/20260404/cmp_i1775277741802_3087_0_7.jpg"", ""https://xcimg.szwego.com/imgHD/9404f147/20260404/cmp_i1775277748194_4609_0_8.jpg""]"
_dknrSfvGSffOgTNXNnA0wnofmnutp4i7OUr4sYQ;;LOUIS 26S 老花提花红色竖排扣针织开衫 令双面绵羊毛和棉混纺呈现粗花呢质感 提花织纹焕现鲜明色彩，点缀LV镂空纽扣 以直身廓形实现温暖舒适的穿着体验;0;;lrg3k8cd5bgw3jv;;Для женщин;"[""https://xcimg.szwego.com/imgHD/9404f147/20260404/cmp_i1775274411498_5485_0_0.jpg"", ""https://xcimg.szwego.com/imgHD/9404f147/20260404/cmp_i1775274741646_4665_0_1.jpg"", ""https://xcimg.szwego.com/imgHD/9404f147/20260404/cmp_i1775274741639_2680_0_2.jpg"", ""https://xcimg.szwego.com/imgHD/9404f147/20260404/cmp_i1775274735690_7878_0_3.jpg"", ""https://xcimg.szwego.com/imgHD/9404f147/20260404/cmp_i1775274741638_4636_0_4.jpg"", ""https://xcimg.szwego.com/imgHD/9404f147/20260404/cmp_i1775274735690_6737_0_5.jpg"", ""https://xcimg.szwego.com/imgHD/9404f147/20260404/cmp_i1775274741637_3659_0_6.jpg"", ""https://xcimg.szwego.com/imgHD/9404f147/20260404/cmp_i1775274735690_4587_0_7.jpg"", ""https://xcimg.szwego.com/imgHD/9404f147/20260404/cmp_i1775274735690_8918_0_8.jpg""]"
_dfkrS3KxIzkmsZRCX-aOO3uxWFN2FXWpHefQCvw;;LOUIS 26W 老花提花红色圆领半袖针织衫 为双面绵羊毛和棉混纺融入全幅Monogram提花织纹，以粗花呢效果彰显Nautical系列的个性笔触 正红色 时髦明媚;0;;lrg3k8cd5bgw3jv;;Для женщин;"[""https://xcimg.szwego.com/imgHD/9404f147/20260404/cmp_i1775274411498_5485_0_0.jpg"", ""https://xcimg.szwego.com/imgHD/9404f147/20260404/cmp_i1775274407289_6665_0_1.jpg"", ""https://xcimg.szwego.com/imgHD/9404f147/20260404/cmp_i1775274397937_9253_0_2.jpg"", ""https://xcimg.szwego.com/imgHD/9404f147/20260404/cmp_i1775274420430_2191_0_3.jpg"", ""https://xcimg.szwego.com/imgHD/9404f147/20260404/cmp_i1775274407611_4726_0_4.jpg"", ""https://xcimg.szwego.com/imgHD/9404f147/20260404/cmp_i1775274397937_4756_0_5.jpg"", ""https://xcimg.szwego.com/imgHD/9404f147/20260404/cmp_i1775274420431_2943_0_6.jpg"", ""https://xcimg.szwego.com/imgHD/9404f147/20260404/cmp_i1775274407291_4256_0_7.jpg"", ""https://xcimg.szwego.com/imgHD/9404f147/20260404/cmp_i1775274397937_4765_0_8.jpg""]"
_d-OrSZ0MPgbwhY1AYppH9yDcNSAjKN6-icfXpOg;;ES 蕾丝之王 26S 冰川蓝竖排扣翻领立体花朵西装 进口面料蓝色低调优雅、前片和肩袖手工立体花朵设计 每一朵花朵都是定位立体刺绣 超精致 细节满分还原、内里真丝 顶级品质;0;;lrg3k8cd5bgw3jv;;Для женщин;"[""https://xcimg.szwego.com/imgHD/9404f147/20260402/cmp_i1775128049419_7584_0_0.jpg"", ""https://xcimg.szwego.com/imgHD/9404f147/20260402/cmp_i1775128055219_9670_0_1.jpg"", ""https://xcimg.szwego.com/imgHD/9404f147/20260402/cmp_i1775128049393_2734_0_2.jpg"", ""https://xcimg.szwego.com/imgHD/9404f147/20260402/cmp_i1775128049418_1621_0_3.jpg"", ""https://xcimg.szwego.com/imgHD/9404f147/20260402/cmp_i1775128061665_1838_0_4.jpg"", ""https://xcimg.szwego.com/imgHD/9404f147/20260402/cmp_i1775128055220_9721_0_5.jpg"", ""https://xcimg.szwego.com/imgHD/9404f147/20260402/cmp_i1775128049419_1187_0_6.jpg"", ""https://xcimg.szwego.com/imgHD/9404f147/20260402/cmp_i1775128055215_2709_0_7.jpg"", ""https://xcimg.szwego.com/imgHD/9404f147/20260402/cmp_i1775128061636_4408_0_8.jpg""]"
_dc5rSt42a_pYLqOmaCiqb79zq00f75q4LGc53qg;;ES 26S 立体花朵刺绣蓝色高腰短裤 YB钉珠廓形轻盈面料精致花朵刺绣 营造梦幻浪漫氛围感～剪裁贴合身形优雅又舒适 立体花朵刺绣 展现品牌高级手工坊魅力;0;;lrg3k8cd5bgw3jv;;Для женщин;"[""https://xcimg.szwego.com/imgHD/9404f147/20260402/cmp_i1775125416955_3371_0_0.jpg"", ""https://xcimg.szwego.com/imgHD/9404f147/20260402/cmp_i1775127714083_249_0_1.jpg"", ""https://xcimg.szwego.com/imgHD/9404f147/20260402/cmp_i1775127707212_8402_0_2.jpg"", ""https://xcimg.szwego.com/imgHD/9404f147/20260402/cmp_i1775127707213_2608_0_3.jpg"", ""https://xcimg.szwego.com/imgHD/9404f147/20260402/cmp_i1775127707212_8003_0_4.jpg"", ""https://xcimg.szwego.com/imgHD/9404f147/20260402/cmp_i1775127714031_4636_0_5.jpg"", ""https://xcimg.szwego.com/imgHD/9404f147/20260402/cmp_i1775127714033_4064_0_6.jpg"", ""https://xcimg.szwego.com/imgHD/9404f147/20260402/cmp_i1775127707212_9287_0_7.jpg"", ""https://xcimg.szwego.com/imgHD/9404f147/20260402/cmp_i1775127714082_1983_0_8.jpg""]"
_djnrSlAfXkDtGukI5fN50fYazPvk3JvpItRWrIQ;;ES 26S 梦幻蓝廓形高腰拼缎长款西裤 浪漫氛围感高腰剪裁贴合身形 优雅又舒适的YB西装材质 挺括立体 品牌以奢华细节和仙女风著称，搭配系列夹克 时髦个性;0;;lrg3k8cd5bgw3jv;;Для женщин;"[""https://xcimg.szwego.com/imgHD/9404f147/20260402/cmp_i1775125423583_8776_0_1.jpg"", ""https://xcimg.szwego.com/imgHD/9404f147/20260402/cmp_i1775125416955_3371_0_0.jpg"", ""https://xcimg.szwego.com/imgHD/9404f147/20260402/cmp_i1775125423579_2776_0_3.jpg"", ""https://xcimg.szwego.com/imgHD/9404f147/20260402/cmp_i1775125416956_2044_0_2.jpg"", ""https://xcimg.szwego.com/imgHD/9404f147/20260402/cmp_i1775125416955_2358_0_4.jpg"", ""https://xcimg.szwego.com/imgHD/9404f147/20260402/cmp_i1775125416955_2493_0_5.jpg"", ""https://xcimg.szwego.com/imgHD/9404f147/20260402/cmp_i1775125425725_2244_0_6.jpg"", ""https://xcimg.szwego.com/imgHD/9404f147/20260402/cmp_i1775125416955_7776_0_7.jpg"", ""https://xcimg.szwego.com/imgHD/9404f147/20260402/cmp_i1775125423585_7755_0_8.jpg""]"
_dwqrS3peZjFYBhvJnU5pEqCZYg_YDF_v3Cy72LQ;;ES 26S 镂空蕾丝立体花朵真丝粉衬衫 法式樱花粉绝美衬衫 立领镂空蕾丝领口立体镶嵌真丝花朵，高贵迷人的设计尽显女性优雅迷人气质 优雅日常约会都ok;0;;lrg3k8cd5bgw3jv;;Для женщин;"[""https://xcimg.szwego.com/imgHD/9404f147/20260402/cmp_i1775124476385_5238_0_0.jpg"", ""https://xcimg.szwego.com/imgHD/9404f147/20260402/cmp_i1775124471285_1041_0_1.jpg"", ""https://xcimg.szwego.com/imgHD/9404f147/20260402/cmp_i1775124476351_5748_0_2.jpg"", ""https://xcimg.szwego.com/imgHD/9404f147/20260402/cmp_i1775124471285_7132_0_3.jpg"", ""https://xcimg.szwego.com/imgHD/9404f147/20260402/cmp_i1775124476352_8942_0_4.jpg"", ""https://xcimg.szwego.com/imgHD/9404f147/20260402/cmp_i1775124471285_8872_0_5.jpg"", ""https://xcimg.szwego.com/imgHD/9404f147/20260402/cmp_i1775124476350_4741_0_6.jpg"", ""https://xcimg.szwego.com/imgHD/9404f147/20260402/cmp_i1775124471285_2226_0_7.jpg"", ""https://xcimg.szwego.com/imgHD/9404f147/20260402/cmp_i1775124476351_75_0_8.jpg""]"
_dwxrSQurLdCQExId7f4wf5DOLXaegbVf4coMwLA;;CHL 26S 粉缎面真丝蕾丝深V法式连衣裙 法式浪漫氛围感 珠光真丝面料自带细腻珠光质地，柔软亲肤穿着超舒适V领+定制蕾丝花边 收腰绑带精致带点小性感 曼妙性感;0;;lrg3k8cd5bgw3jv;;Для женщин;"[""https://xcimg.szwego.com/imgHD/9404f147/20260402/cmp_i1775109468758_8773_0_0.jpg"", ""https://xcimg.szwego.com/imgHD/9404f147/20260402/cmp_i1775109474064_9816_0_1.jpg"", ""https://xcimg.szwego.com/imgHD/9404f147/20260402/cmp_i1775109468758_9444_0_2.jpg"", ""https://xcimg.szwego.com/imgHD/9404f147/20260402/cmp_i1775109468758_571_0_3.jpg"", ""https://xcimg.szwego.com/imgHD/9404f147/20260402/cmp_i1775109468758_1869_0_4.jpg"", ""https://xcimg.szwego.com/imgHD/9404f147/20260402/cmp_i1775109474102_4522_0_5.jpg"", ""https://xcimg.szwego.com/imgHD/9404f147/20260402/cmp_i1775109468757_2278_0_6.jpg"", ""https://xcimg.szwego.com/imgHD/9404f147/20260402/cmp_i1775109477964_7956_0_7.jpg"", ""https://xcimg.szwego.com/imgHD/9404f147/20260402/cmp_i1775109474074_7338_0_8.jpg""]"
_dx2rSvjA5Bx8lamLXg_ErPc_aldAY5KfsyeDP-Q;;ZIMM 26S 雪纺真丝纱法式立体泡泡袖衬衫 轻盈雪纺材质杏色木耳边 领口绑带设计 法式浪漫氛围感、宽松廓形灯笼袖 花边领结修饰肩部线条 内里可拆卸吊带 舒适又优雅;0;;lrg3k8cd5bgw3jv;;Для женщин;"[""https://xcimg.szwego.com/imgHD/9404f147/20260402/cmp_i1775107507718_5795_0_0.jpg"", ""https://xcimg.szwego.com/imgHD/9404f147/20260402/cmp_i1775107502406_9425_0_1.jpg"", ""https://xcimg.szwego.com/imgHD/9404f147/20260402/cmp_i1775107502405_9737_0_2.jpg"", ""https://xcimg.szwego.com/imgHD/9404f147/20260402/cmp_i1775106597650_8191_0_0.jpg"", ""https://xcimg.szwego.com/imgHD/9404f147/20260402/cmp_i1775107507713_6789_0_4.jpg"", ""https://xcimg.szwego.com/imgHD/9404f147/20260402/cmp_i1775107502405_2788_0_5.jpg"", ""https://xcimg.szwego.com/imgHD/9404f147/20260402/cmp_i1775107502404_8740_0_6.jpg"", ""https://xcimg.szwego.com/imgHD/9404f147/20260402/cmp_i1775107507716_537_0_7.jpg"", ""https://xcimg.szwego.com/imgHD/9404f147/20260402/cmp_i1775107507715_357_0_8.jpg""]"
_dnYrSo-NjmHaPTDd7A846_nWR3OMsDS83g8SB4w;;CHL 26S 泡泡袖衬衫荷叶边半裙法式套装 蛋糕裙花边双层裙摆 重磅真丝廓形面料 穿着超舒适高贵灵动，高腰松紧抽绳 裙摆层叠荷叶边 飘逸又立体 法式浪漫氛围感;0;;lrg3k8cd5bgw3jv;;Для женщин;"[""https://xcimg.szwego.com/imgHD/9404f147/20260402/cmp_i1775106548593_9177_0_0.jpg"", ""https://xcimg.szwego.com/imgHD/9404f147/20260402/cmp_i1775106548467_6608_0_1.jpg"", ""https://xcimg.szwego.com/imgHD/9404f147/20260402/cmp_i1775106557511_6462_0_2.jpg"", ""https://xcimg.szwego.com/imgHD/9404f147/20260402/cmp_i1775106557100_9583_0_3.jpg"", ""https://xcimg.szwego.com/imgHD/9404f147/20260402/cmp_i1775106548484_1777_0_4.jpg"", ""https://xcimg.szwego.com/imgHD/9404f147/20260402/cmp_i1775106542444_1312_0_5.jpg"", ""https://xcimg.szwego.com/imgHD/9404f147/20260402/cmp_i1775106542444_6691_0_6.jpg"", ""https://xcimg.szwego.com/imgHD/9404f147/20260402/cmp_i1775106548370_3363_0_7.jpg"", ""https://xcimg.szwego.com/imgHD/9404f147/20260402/cmp_i1775106542444_9719_0_8.jpg""]"
_dpQrSmCBoUHKQlpC8LzlWwaWm6E60de5O5t3DqA;;PRA 26S 军旅尼龙金刚色工装半身裙 冷灰棕色调质感 金扣尼龙哑光缎材质高级廓形，高腰古铜PD腰扣A字伞裙版型 显瘦又修饰身材，机车时髦个性 顶级品质;0;;lrg3k8cd5bgw3jv;;Для женщин;"[""https://xcimg.szwego.com/imgHD/9404f147/20260401/cmp_i1775031414004_5445_0_0.jpg"", ""https://xcimg.szwego.com/imgHD/9404f147/20260401/cmp_i1775030965581_6895_0_0.jpg"", ""https://xcimg.szwego.com/imgHD/9404f147/20260401/cmp_i1775031408710_3156_0_2.jpg"", ""https://xcimg.szwego.com/imgHD/9404f147/20260401/cmp_i1775031408709_4708_0_3.jpg"", ""https://xcimg.szwego.com/imgHD/9404f147/20260401/cmp_i1775031408737_1579_0_4.jpg"", ""https://xcimg.szwego.com/imgHD/9404f147/20260401/cmp_i1775031413987_3560_0_5.jpg"", ""https://xcimg.szwego.com/imgHD/9404f147/20260401/cmp_i1775031408709_5361_0_6.jpg"", ""https://xcimg.szwego.com/imgHD/9404f147/20260401/cmp_i1775031413993_9779_0_7.jpg"", ""https://xcimg.szwego.com/imgHD/9404f147/20260401/cmp_i1775031408710_2981_0_8.jpg""]"
_dkZrSI_uMYGyXfdgPzEtijlahsFFHvRt07x4Tyg;;PRA 26S 米色廓形短款腰带翻领休闲夹克 春夏系列米白色夹克 轻薄面料 简约大方 剪裁利落 腰部绑带设计超有层次感，米白色百搭时尚感满满 顶级品质发售;0;;lrg3k8cd5bgw3jv;;Для женщин;"[""https://xcimg.szwego.com/imgHD/9404f147/20260401/cmp_i1775030788395_4359_0_0.jpg"", ""https://xcimg.szwego.com/imgHD/9404f147/20260401/cmp_i1775030783930_5274_0_1.jpg"", ""https://xcimg.szwego.com/imgHD/9404f147/20260401/cmp_i1775030783930_3507_0_2.jpg"", ""https://xcimg.szwego.com/imgHD/9404f147/20260401/cmp_i1775030783900_1714_0_3.jpg"", ""https://xcimg.szwego.com/imgHD/9404f147/20260401/cmp_i1775030788392_4850_0_4.jpg"", ""https://xcimg.szwego.com/imgHD/9404f147/20260401/cmp_i1775030783900_8750_0_5.jpg"", ""https://xcimg.szwego.com/imgHD/9404f147/20260401/cmp_i1775030788402_8437_0_6.jpg"", ""https://xcimg.szwego.com/imgHD/9404f147/20260401/cmp_i1775030788399_3777_0_7.jpg"", ""https://xcimg.szwego.com/imgHD/9404f147/20260401/cmp_i1775030783901_9630_0_8.jpg""]"
_d4YrSvRU8OjA4_YWYg_86Su8CsYqXN3iPM1jOMA;;PRA 26S 黄黑条纹拼军绿弹力抽绳棉质短款 春夏系列短裤 深绿色调 轻质棉面料 简约又有细节感，腰部罗纹黄黑撞色设计+弹力抽绳 裤腿宽松 舒适又时髦 顶级品质发售;0;;lrg3k8cd5bgw3jv;;Для женщин;"[""https://xcimg.szwego.com/imgHD/9404f147/20260401/cmp_i1775030438487_3841_0_2.jpg"", ""https://xcimg.szwego.com/imgHD/9404f147/20260401/cmp_i1775030432021_2990_0_0.jpg"", ""https://xcimg.szwego.com/imgHD/9404f147/20260401/cmp_i1775030430756_6321_0_1.jpg"", ""https://xcimg.szwego.com/imgHD/9404f147/20260401/cmp_i1775030438490_5661_0_3.jpg"", ""https://xcimg.szwego.com/imgHD/9404f147/20260401/cmp_i1775030438483_4660_0_4.jpg"", ""https://xcimg.szwego.com/imgHD/9404f147/20260401/cmp_i1775030430756_6159_0_5.jpg"", ""https://xcimg.szwego.com/imgHD/9404f147/20260401/cmp_i1775030430758_729_0_6.jpg"", ""https://xcimg.szwego.com/imgHD/9404f147/20260401/cmp_i1775030431995_1111_0_7.jpg"", ""https://xcimg.szwego.com/imgHD/9404f147/20260401/cmp_i1775030438484_6458_0_8.jpg""]"
_d-rrSIFQzAjI_S9xeMeS-SwTavvyALqGbOjnHcA;;PRA 26S 粉白拼色条纹三角徽标翻领T恤 细腻的条纹图案为这款长袖Piqu Polo领衬衫增添活力 呈现Oversize造型，并饰以三角形徽标 顶级品质发售;0;;lrg3k8cd5bgw3jv;;Для женщин;"[""https://xcimg.szwego.com/imgHD/9404f147/20260401/cmp_i1775030102959_3239_0_0.jpg"", ""https://xcimg.szwego.com/imgHD/9404f147/20260401/cmp_i1775030113964_7388_0_2.jpg"", ""https://xcimg.szwego.com/imgHD/9404f147/20260401/cmp_i1775030110243_8548_0_1.jpg"", ""https://xcimg.szwego.com/imgHD/9404f147/20260401/cmp_i1775030101936_7262_0_3.jpg"", ""https://xcimg.szwego.com/imgHD/9404f147/20260401/cmp_i1775030101936_4637_0_4.jpg"", ""https://xcimg.szwego.com/imgHD/9404f147/20260401/cmp_i1775030110211_7234_0_5.jpg"", ""https://xcimg.szwego.com/imgHD/9404f147/20260401/cmp_i1775030101939_5699_0_6.jpg"", ""https://xcimg.szwego.com/imgHD/9404f147/20260401/cmp_i1775030101941_8126_0_7.jpg"", ""https://xcimg.szwego.com/imgHD/9404f147/20260401/cmp_i1775030110243_1930_0_8.jpg""]"
_dAorSvfQu_KJxLq-POa-b4Yn_wvGuMwDcDY_A1Q;;PRA 26S 徽章刺绣口袋圆领破洞短袖 以棉质修身版型重新诠释 并呈现做旧效果 风格由赞蓝手工徽标标签点缀，低调而精致的细节彰显永恒风尚 顶级品质发售;0;;lrg3k8cd5bgw3jv;;Для женщин;"[""https://xcimg.szwego.com/imgHD/9404f147/20260401/cmp_i1775029850683_6760_0_0.jpg"", ""https://xcimg.szwego.com/imgHD/9404f147/20260401/cmp_i1775029841816_3815_0_1.jpg"", ""https://xcimg.szwego.com/imgHD/9404f147/20260401/cmp_i1775029849824_9162_0_2.jpg"", ""https://xcimg.szwego.com/imgHD/9404f147/20260401/cmp_i1775029841809_4409_0_3.jpg"", ""https://xcimg.szwego.com/imgHD/9404f147/20260401/cmp_i1775029849828_8971_0_4.jpg"", ""https://xcimg.szwego.com/imgHD/9404f147/20260401/cmp_i1775029841810_3618_0_5.jpg"", ""https://xcimg.szwego.com/imgHD/9404f147/20260401/cmp_i1775029849829_2830_0_6.jpg"", ""https://xcimg.szwego.com/imgHD/9404f147/20260401/cmp_i1775029841813_2759_0_7.jpg"", ""https://xcimg.szwego.com/imgHD/9404f147/20260401/cmp_i1775029841811_5571_0_8.jpg""]"
_dtXrS0THrUMmqhjAr69JA4tvf7ge-u89mU9LVLw;;MIU 26S 学院风藏蓝箱褶羊毛中腰半身裙 半裙藏青色A字版型 羊毛材质剪裁利落 线条感十足 面料挺括有型，学院风与复古风兼具甜酷 轻松打造层次感穿搭 顶级品质发售;0;;lrg3k8cd5bgw3jv;;Для женщин;"[""https://xcimg.szwego.com/imgHD/9404f147/20260401/cmp_i1775029477379_2984_0_0.jpg"", ""https://xcimg.szwego.com/imgHD/9404f147/20260401/cmp_i1775029477373_2091_0_1.jpg"", ""https://xcimg.szwego.com/imgHD/9404f147/20260401/cmp_i1775029472252_2283_0_2.jpg"", ""https://xcimg.szwego.com/imgHD/9404f147/20260401/cmp_i1775029472226_8198_0_3.jpg"", ""https://xcimg.szwego.com/imgHD/9404f147/20260401/cmp_i1775029477372_8788_0_4.jpg"", ""https://xcimg.szwego.com/imgHD/9404f147/20260401/cmp_i1775029472225_3556_0_5.jpg"", ""https://xcimg.szwego.com/imgHD/9404f147/20260401/cmp_i1775029472226_8604_0_6.jpg"", ""https://xcimg.szwego.com/imgHD/9404f147/20260401/cmp_i1775029477381_6716_0_7.jpg"", ""https://xcimg.szwego.com/imgHD/9404f147/20260401/cmp_i1775029472226_3604_0_8.jpg""]"
_dxHrSWyEivDNgcq4Fz47Qr95J4i5HJKLo7l1sEw;;MIU 26S蕾丝花边娃娃领短款棉质蓝衬衫 浅蓝色短袖衬衫 搭配白色娃娃领和蕾丝花边 复古学院风满满 ，棉质面料 轻薄透气 胸前品牌刺绣 细节精致 顶级品质发售;0;;lrg3k8cd5bgw3jv;;Для женщин;"[""https://xcimg.szwego.com/imgHD/9404f147/20260401/cmp_i1775029085547_5155_0_0.jpg"", ""https://xcimg.szwego.com/imgHD/9404f147/20260401/cmp_i1775029084600_1405_0_1.jpg"", ""https://xcimg.szwego.com/imgHD/9404f147/20260401/cmp_i1775029081043_1152_0_2.jpg"", ""https://xcimg.szwego.com/imgHD/9404f147/20260401/cmp_i1775029080010_3541_0_3.jpg"", ""https://xcimg.szwego.com/imgHD/9404f147/20260401/cmp_i1775029080038_6065_0_4.jpg"", ""https://xcimg.szwego.com/imgHD/9404f147/20260401/cmp_i1775029080011_3117_0_5.jpg"", ""https://xcimg.szwego.com/imgHD/9404f147/20260401/cmp_i1775029080011_5992_0_6.jpg"", ""https://xcimg.szwego.com/imgHD/9404f147/20260401/cmp_i1775029085542_8092_0_7.jpg"", ""https://xcimg.szwego.com/imgHD/9404f147/20260401/cmp_i1775029084598_4088_0_8.jpg""]"
_d_FrSqhf_HaKBAu6UfaMU2HL6ES4o7DYPha7MAA;;MIU 26S 徽章刺绣白色廓形棉质连衣裙 无袖小白裙 简约设计+高品纯棉面料 宽松A字版型超显瘦 胸前miu刺绣低调又有辨识度，裙摆轻盈灵动 法式优雅 顶级品质发售;0;;lrg3k8cd5bgw3jv;;Для женщин;"[""https://xcimg.szwego.com/imgHD/9404f147/20260401/cmp_i1775028448589_6278_0_0.jpg"", ""https://xcimg.szwego.com/imgHD/9404f147/20260401/cmp_i1775028687602_7214_0_1.jpg"", ""https://xcimg.szwego.com/imgHD/9404f147/20260401/cmp_i1775028690764_7841_0_2.jpg"", ""https://xcimg.szwego.com/imgHD/9404f147/20260401/cmp_i1775028687573_8489_0_3.jpg"", ""https://xcimg.szwego.com/imgHD/9404f147/20260401/cmp_i1775028687602_6930_0_4.jpg"", ""https://xcimg.szwego.com/imgHD/9404f147/20260401/cmp_i1775028690756_4696_0_5.jpg"", ""https://xcimg.szwego.com/imgHD/9404f147/20260401/cmp_i1775028690760_8394_0_6.jpg"", ""https://xcimg.szwego.com/imgHD/9404f147/20260401/cmp_i1775028690760_6067_0_7.jpg"", ""https://xcimg.szwego.com/imgHD/9404f147/20260401/cmp_i1775028687572_7364_0_8.jpg""]"
_daTrS_UnmemRm3_YEpnafh3cQ-SiDd6Qyc7kNYA;;MIU 26S 菱格镂空花纹蓝色V领针织毛衣 浅蓝色镂空针织衫 V领设计+精致菱格镂空花纹 轻盈透气，清爽蓝适合春夏 面料柔软舒适，宽松版型慵懒又显瘦 顶级品质发售;0;;lrg3k8cd5bgw3jv;;Для женщин;"[""https://xcimg.szwego.com/imgHD/9404f147/20260401/cmp_i1775028448589_6278_0_0.jpg"", ""https://xcimg.szwego.com/imgHD/9404f147/20260401/cmp_i1775028457443_2154_0_1.jpg"", ""https://xcimg.szwego.com/imgHD/9404f147/20260401/cmp_i1775028456445_9811_0_2.jpg"", ""https://xcimg.szwego.com/imgHD/9404f147/20260401/cmp_i1775028448584_1667_0_3.jpg"", ""https://xcimg.szwego.com/imgHD/9404f147/20260401/cmp_i1775028448586_1045_0_4.jpg"", ""https://xcimg.szwego.com/imgHD/9404f147/20260401/cmp_i1775028448583_7125_0_5.jpg"", ""https://xcimg.szwego.com/imgHD/9404f147/20260401/cmp_i1775028448586_7021_0_6.jpg"", ""https://xcimg.szwego.com/imgHD/9404f147/20260401/cmp_i1775028457444_547_0_7.jpg"", ""https://xcimg.szwego.com/imgHD/9404f147/20260401/cmp_i1775028456452_6415_0_8.jpg""]"
_dwmrSvSDFvVVm2Scgk5hGetzHJEr3wYCuvTEfuQ;;MIU 26S 藏蓝拼红条纹长袖圆领休闲T恤 复古运动服饰启发平纹针织T恤的精神 ，侧边的赛车条纹和运动风滚边 与标志性的风格及多功能性相互交织，顶级品质发售;0;;lrg3k8cd5bgw3jv;;Для женщин;"[""https://xcimg.szwego.com/imgHD/9404f147/20260401/cmp_i1775028099451_633_0_0.jpg"", ""https://xcimg.szwego.com/imgHD/9404f147/20260401/cmp_i1775028105787_8478_0_1.jpg"", ""https://xcimg.szwego.com/imgHD/9404f147/20260401/cmp_i1775028105787_4711_0_2.jpg"", ""https://xcimg.szwego.com/imgHD/9404f147/20260401/cmp_i1775028099427_1592_0_3.jpg"", ""https://xcimg.szwego.com/imgHD/9404f147/20260401/cmp_i1775028105787_729_0_4.jpg"", ""https://xcimg.szwego.com/imgHD/9404f147/20260401/cmp_i1775028099427_9874_0_5.jpg"", ""https://xcimg.szwego.com/imgHD/9404f147/20260401/cmp_i1775028105786_4373_0_6.jpg"", ""https://xcimg.szwego.com/imgHD/9404f147/20260401/cmp_i1775028099451_1607_0_8.jpg"", ""https://xcimg.szwego.com/imgHD/9404f147/20260401/cmp_i1775028103395_6112_0_9.jpg""]"
_d-NrS8rvH-e65X68UHU9AY8sPYnb8ufqiEjEATQ;;MIU 26S 藏青拼棕条纹翻领针织长袖T恤 条纹羊毛Polo衫 采用柔软亲肤羊毛 秋冬穿超舒服 棕蓝撞色条纹+藏青翻领，复古学院风满满 宽松版型随性又时髦 顶级品质发售;0;;lrg3k8cd5bgw3jv;;Для женщин;"[""https://xcimg.szwego.com/imgHD/9404f147/20260401/cmp_i1775027733512_8853_0_0.jpg"", ""https://xcimg.szwego.com/imgHD/9404f147/20260401/cmp_i1775027737454_3039_0_1.jpg"", ""https://xcimg.szwego.com/imgHD/9404f147/20260401/cmp_i1775027732421_8928_0_2.jpg"", ""https://xcimg.szwego.com/imgHD/9404f147/20260401/cmp_i1775027732421_4684_0_3.jpg"", ""https://xcimg.szwego.com/imgHD/9404f147/20260401/cmp_i1775027737425_2232_0_4.jpg"", ""https://xcimg.szwego.com/imgHD/9404f147/20260401/cmp_i1775027745466_7044_0_5.jpg"", ""https://xcimg.szwego.com/imgHD/9404f147/20260401/cmp_i1775027732421_3462_0_6.jpg"", ""https://xcimg.szwego.com/imgHD/9404f147/20260401/cmp_i1775027737455_2567_0_7.jpg"", ""https://xcimg.szwego.com/imgHD/9404f147/20260401/cmp_i1775027738315_9838_0_8.jpg""]"
_dEUrSIli_jyJ5ap0TWIWXixiyzkdM3dXhLaD7og;;MIU 26S 米拼绿色弹力条纹口袋针织T恤 米拼绿色条纹长袖T恤 绵羊毛面料 春夏穿超舒服 细条纹+胸前小口袋，简约又有细节感宽松圆领版型 顶级品质发售;0;;lrg3k8cd5bgw3jv;;Для женщин;"[""https://xcimg.szwego.com/imgHD/9404f147/20260401/cmp_i1775027475042_2723_0_0.jpg"", ""https://xcimg.szwego.com/imgHD/9404f147/20260401/cmp_i1775027476101_4332_0_2.jpg"", ""https://xcimg.szwego.com/imgHD/9404f147/20260401/cmp_i1775027475042_345_0_1.jpg"", ""https://xcimg.szwego.com/imgHD/9404f147/20260401/cmp_i1775027482633_9824_0_3.jpg"", ""https://xcimg.szwego.com/imgHD/9404f147/20260401/cmp_i1775027475041_9497_0_4.jpg"", ""https://xcimg.szwego.com/imgHD/9404f147/20260401/cmp_i1775027475042_3627_0_5.jpg"", ""https://xcimg.szwego.com/imgHD/9404f147/20260401/cmp_i1775027482642_5603_0_6.jpg"", ""https://xcimg.szwego.com/imgHD/9404f147/20260401/cmp_i1775027482634_5613_0_7.jpg"", ""https://xcimg.szwego.com/imgHD/9404f147/20260401/cmp_i1775027482631_3742_0_8.jpg""]"
_dvFrStDESgThaQ5bblxyW6KRMYa7WSkTgXrwvSg;;MIU 26S 米拼咖色条纹弹力口袋针织T恤 YB高弹力针织机 经典圆领+宽松版型舒适又时髦 浅色底配细条纹，胸前miu刺绣口袋超精致 细节满分 轻松get慵懒高级感;0;;lrg3k8cd5bgw3jv;;Для женщин;"[""https://xcimg.szwego.com/imgHD/9404f147/20260401/cmp_i1775027266638_6823_0_0.jpg"", ""https://xcimg.szwego.com/imgHD/9404f147/20260401/cmp_i1775027255245_4120_0_1.jpg"", ""https://xcimg.szwego.com/imgHD/9404f147/20260401/cmp_i1775027255954_8752_0_2.jpg"", ""https://xcimg.szwego.com/imgHD/9404f147/20260401/cmp_i1775027265787_8348_0_3.jpg"", ""https://xcimg.szwego.com/imgHD/9404f147/20260401/cmp_i1775027265789_4497_0_4.jpg"", ""https://xcimg.szwego.com/imgHD/9404f147/20260401/cmp_i1775027255245_9783_0_5.jpg"", ""https://xcimg.szwego.com/imgHD/9404f147/20260401/cmp_i1775027255245_8751_0_6.jpg"", ""https://xcimg.szwego.com/imgHD/9404f147/20260401/cmp_i1775027265795_972_0_7.jpg"", ""https://xcimg.szwego.com/imgHD/9404f147/20260401/cmp_i1775027255245_4231_0_8.jpg""]"
_d-_rS58L1fI-TTXeE6TlPzhxL-99uSgTU5QaE8Q;;CHA 26S 双C灰色立体条纹钩花针织背心 灰色针织坎肩 柔软针织材质 简约大方 黑色线条+双C Logo超有辨识度 无袖设计，叠穿超方便 轻松打造层次感 顶级品质发售;0;;lrg3k8cd5bgw3jv;;Для женщин;"[""https://xcimg.szwego.com/imgHD/9404f147/20260331/cmp_i1774939334839_6333_0_0.jpg"", ""https://xcimg.szwego.com/imgHD/9404f147/20260331/cmp_i1774939353245_8660_0_1.jpg"", ""https://xcimg.szwego.com/imgHD/9404f147/20260331/cmp_i1774939140436_2832_0_2.jpg"", ""https://xcimg.szwego.com/imgHD/9404f147/20260331/cmp_i1774939334831_8580_0_3.jpg"", ""https://xcimg.szwego.com/imgHD/9404f147/20260331/cmp_i1774939334842_6755_0_4.jpg"", ""https://xcimg.szwego.com/imgHD/9404f147/20260331/cmp_i1774939353245_4206_0_5.jpg"", ""https://xcimg.szwego.com/imgHD/9404f147/20260331/cmp_i1774939353246_894_0_6.jpg"", ""https://xcimg.szwego.com/imgHD/9404f147/20260331/cmp_i1774939334850_7875_0_7.jpg"", ""https://xcimg.szwego.com/imgHD/9404f147/20260331/cmp_i1774939334844_1255_0_8.jpg""]"
_dmKrSfiea5JfbXCx-gsOnKRbr0mhQHmz-f-NVVw;;CHA 26S 双C黑色立体条纹钩花针织背心 灰色针织坎肩 柔软针织材质 简约大方 白色线条+双C Logo超有辨识度 无袖设计，叠穿超方便 轻松打造层次感 顶级品质发售;0;;lrg3k8cd5bgw3jv;;Для женщин;"[""https://xcimg.szwego.com/imgHD/9404f147/20260331/cmp_i1774939145011_6592_0_0.jpg"", ""https://xcimg.szwego.com/imgHD/9404f147/20260331/cmp_i1774939139700_5532_0_1.jpg"", ""https://xcimg.szwego.com/imgHD/9404f147/20260331/cmp_i1774939140436_2832_0_2.jpg"", ""https://xcimg.szwego.com/imgHD/9404f147/20260331/cmp_i1774939145016_1004_0_3.jpg"", ""https://xcimg.szwego.com/imgHD/9404f147/20260331/cmp_i1774939134520_2318_0_4.jpg"", ""https://xcimg.szwego.com/imgHD/9404f147/20260331/cmp_i1774939134524_3735_0_5.jpg"", ""https://xcimg.szwego.com/imgHD/9404f147/20260331/cmp_i1774939134522_7553_0_6.jpg"", ""https://xcimg.szwego.com/imgHD/9404f147/20260331/cmp_i1774939139701_9684_0_7.jpg"", ""https://xcimg.szwego.com/imgHD/9404f147/20260331/cmp_i1774939145018_869_0_8.jpg""]"
_djerSolk4r7kY_SNltzOhin5OiSrQYveeU1zYxQ;;CHA 26S 白色深V弹力罗纹针织背心 白色V领针织背心 采用高品质羊毛 柔软又保暖 V领+黑色滚边设计，简约优雅 极简风格满分 无袖剪裁 顶级品质发售;0;;lrg3k8cd5bgw3jv;;Для женщин;"[""https://xcimg.szwego.com/imgHD/9404f147/20260331/cmp_i1774938736437_815_0_0.jpg"", ""https://xcimg.szwego.com/imgHD/9404f147/20260331/cmp_i1774938736441_357_0_1.jpg"", ""https://xcimg.szwego.com/imgHD/9404f147/20260331/cmp_i1774938729928_4457_0_2.jpg"", ""https://xcimg.szwego.com/imgHD/9404f147/20260331/cmp_i1774938736429_8566_0_3.jpg"", ""https://xcimg.szwego.com/imgHD/9404f147/20260331/cmp_i1774938736428_3546_0_4.jpg"", ""https://xcimg.szwego.com/imgHD/9404f147/20260331/cmp_i1774938729902_6159_0_5.jpg"", ""https://xcimg.szwego.com/imgHD/9404f147/20260331/cmp_i1774938729975_2983_0_6.jpg"", ""https://xcimg.szwego.com/imgHD/9404f147/20260331/cmp_i1774938729928_9255_0_7.jpg"", ""https://xcimg.szwego.com/imgHD/9404f147/20260331/cmp_i1774938729929_5864_0_8.jpg""]"
_ds7rSEdLQeL852Xi7-3tV2EFtw25wgrK8bq9RkA;;CHA 26S 黑色深V弹力罗纹针织背心 黑色V领针织背心 采用高品质羊毛 柔软又保暖 V领+白色滚边设计，简约优雅 极简风格满分 无袖剪裁 顶级品质发售;0;;lrg3k8cd5bgw3jv;;Для женщин;"[""https://xcimg.szwego.com/imgHD/9404f147/20260331/cmp_i1774938674161_2984_0_0.jpg"", ""https://xcimg.szwego.com/imgHD/9404f147/20260331/cmp_i1774938680947_7348_0_1.jpg"", ""https://xcimg.szwego.com/imgHD/9404f147/20260331/cmp_i1774938674161_2985_0_2.jpg"", ""https://xcimg.szwego.com/imgHD/9404f147/20260331/cmp_i1774938686238_3929_0_3.jpg"", ""https://xcimg.szwego.com/imgHD/9404f147/20260331/cmp_i1774938674135_7355_0_4.jpg"", ""https://xcimg.szwego.com/imgHD/9404f147/20260331/cmp_i1774938686238_8398_0_5.jpg"", ""https://xcimg.szwego.com/imgHD/9404f147/20260331/cmp_i1774938674161_8811_0_6.jpg"", ""https://xcimg.szwego.com/imgHD/9404f147/20260331/cmp_i1774938674161_62_0_7.jpg"", ""https://xcimg.szwego.com/imgHD/9404f147/20260331/cmp_i1774938680616_6051_0_8.jpg""]"
_dtJrSoArt7csRMAWMMr5pSev3BWWMtfAlc2iZCA;;FEN 26S FF立体钩花拼色针织半身裙 奶咖色针织半身裙 采用柔软针织面料 贴合舒适 中长款设计 裙身简约，粉色拼接边缘点缀层次感满满又很温柔 顶级品质发售;0;;lrg3k8cd5bgw3jv;;Для женщин;"[""https://xcimg.szwego.com/imgHD/9404f147/20260331/cmp_i1774938440092_285_0_0.jpg"", ""https://xcimg.szwego.com/imgHD/9404f147/20260331/cmp_i1774938211045_93_0_0.jpg"", ""https://xcimg.szwego.com/imgHD/9404f147/20260331/cmp_i1774938440092_535_0_2.jpg"", ""https://xcimg.szwego.com/imgHD/9404f147/20260331/cmp_i1774938429048_1446_0_3.jpg"", ""https://xcimg.szwego.com/imgHD/9404f147/20260331/cmp_i1774938433597_7087_0_4.jpg"", ""https://xcimg.szwego.com/imgHD/9404f147/20260331/cmp_i1774938429048_6680_0_5.jpg"", ""https://xcimg.szwego.com/imgHD/9404f147/20260331/cmp_i1774938433542_3322_0_6.jpg"", ""https://xcimg.szwego.com/imgHD/9404f147/20260331/cmp_i1774938433742_1581_0_7.jpg"", ""https://xcimg.szwego.com/imgHD/9404f147/20260331/cmp_i1774938429048_4146_0_8.jpg""]"
_dc-rSrq6CJHNjIQ3uv6FbjieXSttz1lE6tug2IA;;FEN 26S FF立体钩花弹力针织上衣 柔软针织材质 低饱和奶咖色+粉色撞色袖口温柔又有层次感 版型修身，凸显身材曲线 轻松get高级感穿搭 顶级品质发售;0;;lrg3k8cd5bgw3jv;;Для женщин;"[""https://xcimg.szwego.com/imgHD/9404f147/20260331/cmp_i1774938211045_93_0_0.jpg"", ""https://xcimg.szwego.com/imgHD/9404f147/20260331/cmp_i1774938198907_7737_0_1.jpg"", ""https://xcimg.szwego.com/imgHD/9404f147/20260331/cmp_i1774938210061_6060_0_2.jpg"", ""https://xcimg.szwego.com/imgHD/9404f147/20260331/cmp_i1774938221584_8691_0_3.jpg"", ""https://xcimg.szwego.com/imgHD/9404f147/20260331/cmp_i1774938210026_5455_0_4.jpg"", ""https://xcimg.szwego.com/imgHD/9404f147/20260331/cmp_i1774938221587_8668_0_5.jpg"", ""https://xcimg.szwego.com/imgHD/9404f147/20260331/cmp_i1774938198881_9403_0_6.jpg"", ""https://xcimg.szwego.com/imgHD/9404f147/20260331/cmp_i1774938198906_6145_0_7.jpg"", ""https://xcimg.szwego.com/imgHD/9404f147/20260331/cmp_i1774938210026_3936_0_8.jpg""]"
_dlarSC3HsIZ3h-rfZIiff6wgo5Bfif87-htTcDA;;PRA 26S 咖色拼粉下摆抽绳短款休闲上衣 粉棕条纹Polo衫 采用Filo di Scozia棉 柔软轻盈 亲肤舒适 粉棕撞色条纹+经典翻领，学院风与复古感兼具 顶级品质发售;0;;lrg3k8cd5bgw3jv;;Для женщин;"[""https://xcimg.szwego.com/imgHD/9404f147/20260331/cmp_i1774937374515_311_0_1.jpg"", ""https://xcimg.szwego.com/imgHD/9404f147/20260331/cmp_i1774937933063_4518_0_1.jpg"", ""https://xcimg.szwego.com/imgHD/9404f147/20260331/cmp_i1774937933066_4146_0_2.jpg"", ""https://xcimg.szwego.com/imgHD/9404f147/20260331/cmp_i1774937917156_3156_0_3.jpg"", ""https://xcimg.szwego.com/imgHD/9404f147/20260331/cmp_i1774937922162_1265_0_4.jpg"", ""https://xcimg.szwego.com/imgHD/9404f147/20260331/cmp_i1774937933062_9548_0_5.jpg"", ""https://xcimg.szwego.com/imgHD/9404f147/20260331/cmp_i1774937922161_7179_0_6.jpg"", ""https://xcimg.szwego.com/imgHD/9404f147/20260331/cmp_i1774937922161_4926_0_7.jpg"", ""https://xcimg.szwego.com/imgHD/9404f147/20260331/cmp_i1774937922161_9355_0_8.jpg""]"
_d-6rSvZh9tAK7bpXCZzL9ePr97m1ps7qvSHReTg;;PRA 26S 弹力蓝紫色拼色针织背心 莫迪蓝+奶杏色条纹 简约又有辨识度 针织材质 柔软透气，落肩宽松版型 休闲感满满 胸前 标志低调提升质感 顶级品质发售;0;;lrg3k8cd5bgw3jv;;Для женщин;"[""https://xcimg.szwego.com/imgHD/9404f147/20260331/cmp_i1774937634155_6984_0_0.jpg"", ""https://xcimg.szwego.com/imgHD/9404f147/20260331/cmp_i1774937639022_449_0_1.jpg"", ""https://xcimg.szwego.com/imgHD/9404f147/20260331/cmp_i1774937634184_3524_0_2.jpg"", ""https://xcimg.szwego.com/imgHD/9404f147/20260331/cmp_i1774937638846_5002_0_3.jpg"", ""https://xcimg.szwego.com/imgHD/9404f147/20260331/cmp_i1774937638845_7536_0_4.jpg"", ""https://xcimg.szwego.com/imgHD/9404f147/20260331/cmp_i1774937647587_8278_0_5.jpg"", ""https://xcimg.szwego.com/imgHD/9404f147/20260331/cmp_i1774937638847_6752_0_6.jpg"", ""https://xcimg.szwego.com/imgHD/9404f147/20260331/cmp_i1774937647586_3564_0_7.jpg"", ""https://xcimg.szwego.com/imgHD/9404f147/20260331/cmp_i1774937647587_5537_0_8.jpg""]"
_d9XrSzVjyEYS7yDADuQnLJdBGtguRkJuJZLE8mw;;PRA 26S 咖色拼红条纹破洞棉质T恤 早春系列粉棕条纹T恤 高支棉+水洗工艺 宽松落肩设计 左胸口袋+微型标识，轻松打造慵懒氛围感 细节满分 顶级品质发售;0;;lrg3k8cd5bgw3jv;;Для женщин;"[""https://xcimg.szwego.com/imgHD/9404f147/20260331/cmp_i1774937333809_1432_0_0.jpg"", ""https://xcimg.szwego.com/imgHD/9404f147/20260331/cmp_i1774937333809_5625_0_1.jpg"", ""https://xcimg.szwego.com/imgHD/9404f147/20260331/cmp_i1774937333809_5847_0_2.jpg"", ""https://xcimg.szwego.com/imgHD/9404f147/20260331/cmp_i1774937327445_9693_0_3.jpg"", ""https://xcimg.szwego.com/imgHD/9404f147/20260331/cmp_i1774937327446_6243_0_4.jpg"", ""https://xcimg.szwego.com/imgHD/9404f147/20260331/cmp_i1774937327421_5492_0_5.jpg"", ""https://xcimg.szwego.com/imgHD/9404f147/20260331/cmp_i1774937333773_1547_0_6.jpg"", ""https://xcimg.szwego.com/imgHD/9404f147/20260331/cmp_i1774937466685_4249_0_7.jpg"", ""https://xcimg.szwego.com/imgHD/9404f147/20260331/cmp_i1774937327446_4584_0_8.jpg""]"
_dvzrSKCELR2W-Eg0EnZ8eWppH2gv99qJWWxBFqw;;LOUIS 26S 3D老花高腰阔腿休闲牛仔裤 3DMonogram牛仔长裤采用提花工艺 立体老花图案超有辨识度 高腰+微喇设计，轻松打造慵懒时尚氛围感 顶级品质发售;0;;lrg3k8cd5bgw3jv;;Для женщин;"[""https://xcimg.szwego.com/imgHD/9404f147/20260331/cmp_i1774936698979_4437_0_0.jpg"", ""https://xcimg.szwego.com/imgHD/9404f147/20260331/cmp_i1774937072599_9602_0_1.jpg"", ""https://xcimg.szwego.com/imgHD/9404f147/20260331/cmp_i1774936728915_7142_0_0.jpg"", ""https://xcimg.szwego.com/imgHD/9404f147/20260331/cmp_i1774937072051_790_0_3.jpg"", ""https://xcimg.szwego.com/imgHD/9404f147/20260331/cmp_i1774937064240_601_0_4.jpg"", ""https://xcimg.szwego.com/imgHD/9404f147/20260331/cmp_i1774937065029_806_0_5.jpg"", ""https://xcimg.szwego.com/imgHD/9404f147/20260331/cmp_i1774937064889_2583_0_6.jpg"", ""https://xcimg.szwego.com/imgHD/9404f147/20260331/cmp_i1774937072610_2974_0_7.jpg"", ""https://xcimg.szwego.com/imgHD/9404f147/20260331/cmp_i1774937072858_7592_0_8.jpg""]"
_dxqrSmX9QPpN71SNkzFX5RNbx7MCORbYuH75dbQ;;LOUIS 26S 藏蓝拼米色镂空老花条纹针织上衣 Nautical系列条纹提花短袖针织衫 藏蓝拼色+几何提花 细节感满满，细节感满满经典条纹+镂空工艺 法式复古氛围感拉满 顶级品质发售;0;;lrg3k8cd5bgw3jv;;Для женщин;"[""https://xcimg.szwego.com/imgHD/9404f147/20260331/cmp_i1774936873554_4159_0_0.jpg"", ""https://xcimg.szwego.com/imgHD/9404f147/20260331/cmp_i1774936885005_5913_0_1.jpg"", ""https://xcimg.szwego.com/imgHD/9404f147/20260331/cmp_i1774936873444_878_0_2.jpg"", ""https://xcimg.szwego.com/imgHD/9404f147/20260331/cmp_i1774936872378_1009_0_3.jpg"", ""https://xcimg.szwego.com/imgHD/9404f147/20260331/cmp_i1774936884870_6566_0_4.jpg"", ""https://xcimg.szwego.com/imgHD/9404f147/20260331/cmp_i1774936872369_1150_0_5.jpg"", ""https://xcimg.szwego.com/imgHD/9404f147/20260331/cmp_i1774936884822_247_0_6.jpg"", ""https://xcimg.szwego.com/imgHD/9404f147/20260331/cmp_i1774936884917_1603_0_7.jpg"", ""https://xcimg.szwego.com/imgHD/9404f147/20260331/cmp_i1774936872656_5845_0_8.jpg""]"
_dp6rSG6Xqw1HzIzdz_amy-QWD4LXm0QQk8Z1Ttg;;LOUIS 26S 卡其拼米色镂空老花条纹针织上衣 Nautical系列条纹提花短袖针织衫 棕米拼色+几何提花 细节感满满，细节感满满经典条纹+镂空工艺 法式复古氛围感拉满 顶级品质发售;0;;lrg3k8cd5bgw3jv;;Для женщин;"[""https://xcimg.szwego.com/imgHD/9404f147/20260331/cmp_i1774936698979_4437_0_0.jpg"", ""https://xcimg.szwego.com/imgHD/9404f147/20260331/cmp_i1774936692608_2319_0_1.jpg"", ""https://xcimg.szwego.com/imgHD/9404f147/20260331/cmp_i1774936692650_9240_0_2.jpg"", ""https://xcimg.szwego.com/imgHD/9404f147/20260331/cmp_i1774936709126_3921_0_3.jpg"", ""https://xcimg.szwego.com/imgHD/9404f147/20260331/cmp_i1774936692551_246_0_4.jpg"", ""https://xcimg.szwego.com/imgHD/9404f147/20260331/cmp_i1774936692533_1456_0_5.jpg"", ""https://xcimg.szwego.com/imgHD/9404f147/20260331/cmp_i1774936709201_3575_0_6.jpg"", ""https://xcimg.szwego.com/imgHD/9404f147/20260331/cmp_i1774936698897_3401_0_7.jpg"", ""https://xcimg.szwego.com/imgHD/9404f147/20260331/cmp_i1774936698840_4846_0_8.jpg""]"
_dfmrSCmcj5SOrCRea7_EbMeYAllokR-zUFRW8Tg;;AW 26S 胸前水钻高级灰色棉质T恤 高街风格超有辨识度 正面烫钻打火机图案 视觉冲击力满分 纯棉材质，宽松版型 品牌设计感和潮流属性超强 顶级品质发售;0;;lrg3k8cd5bgw3jv;;Для женщин;"[""https://xcimg.szwego.com/imgHD/9404f147/20260331/cmp_i1774936336976_4145_0_0.jpg"", ""https://xcimg.szwego.com/imgHD/9404f147/20260331/cmp_i1774936337119_7897_0_1.jpg"", ""https://xcimg.szwego.com/imgHD/9404f147/20260331/cmp_i1774936331333_1168_0_2.jpg"", ""https://xcimg.szwego.com/imgHD/9404f147/20260331/cmp_i1774936336955_9250_0_3.jpg"", ""https://xcimg.szwego.com/imgHD/9404f147/20260331/cmp_i1774936357816_5633_0_4.jpg"", ""https://xcimg.szwego.com/imgHD/9404f147/20260331/cmp_i1774936358260_7511_0_5.jpg"", ""https://xcimg.szwego.com/imgHD/9404f147/20260331/cmp_i1774936357816_2643_0_6.jpg"", ""https://xcimg.szwego.com/imgHD/9404f147/20260331/cmp_i1774936337120_5991_0_7.jpg"", ""https://xcimg.szwego.com/imgHD/9404f147/20260331/cmp_i1774936336877_3847_0_8.jpg""]"
_dv_rSBJjlOOERjteFsiSS5JLPrPxgJuL1hVPT2w;;D&G 26S 重磅真丝两件套褶边泡泡袖连衣裙 雪纺真丝材质满载优雅柔美气质 助力考究独特造型，抽褶绣缝工艺与宽摆褶裙相映成趣赋予单品浪漫永恒的韵味 顶级品质发售;0;;lrg3k8cd5bgw3jv;;Для женщин;"[""https://xcimg.szwego.com/imgHD/9404f147/20260330/cmp_i1774856368187_2904_0_0.jpg"", ""https://xcimg.szwego.com/imgHD/9404f147/20260330/cmp_i1774856360478_6133_0_1.jpg"", ""https://xcimg.szwego.com/imgHD/9404f147/20260330/cmp_i1774856368176_2082_0_2.jpg"", ""https://xcimg.szwego.com/imgHD/9404f147/20260330/cmp_i1774856360376_8921_0_3.jpg"", ""https://xcimg.szwego.com/imgHD/9404f147/20260330/cmp_i1774856359883_7720_0_4.jpg"", ""https://xcimg.szwego.com/imgHD/9404f147/20260330/cmp_i1774856360529_942_0_5.jpg"", ""https://xcimg.szwego.com/imgHD/9404f147/20260330/cmp_i1774856360448_4385_0_6.jpg"", ""https://xcimg.szwego.com/imgHD/9404f147/20260330/cmp_i1774856368026_3113_0_7.jpg"", ""https://xcimg.szwego.com/imgHD/9404f147/20260330/cmp_i1774856368207_3249_0_8.jpg""]"
_dNQrS2L6_7Rjr_xshRQA62NVN369ExZuDDVC1Sg;;Loro Pian 26S 老钱风绝美柔粉真丝半身裙 柔粉色高腰半身裙 100%桑蚕丝材质 触感柔滑 珠光光泽感，半身裙弧形接缝 线条优雅 雕塑感十足 顶级品质发售;0;;lrg3k8cd5bgw3jv;;Для женщин;"[""https://xcimg.szwego.com/imgHD/9404f147/20260330/cmp_i1774855845520_91_0_0.jpg"", ""https://xcimg.szwego.com/imgHD/9404f147/20260330/cmp_i1774855845523_8116_0_2.jpg"", ""https://xcimg.szwego.com/imgHD/9404f147/20260330/cmp_i1774855840230_7126_0_1.jpg"", ""https://xcimg.szwego.com/imgHD/9404f147/20260330/cmp_i1774855840231_9276_0_3.jpg"", ""https://xcimg.szwego.com/imgHD/9404f147/20260330/cmp_i1774855845523_5610_0_4.jpg"", ""https://xcimg.szwego.com/imgHD/9404f147/20260330/cmp_i1774855845526_7242_0_5.jpg"", ""https://xcimg.szwego.com/imgHD/9404f147/20260330/cmp_i1774855840234_9759_0_6.jpg"", ""https://xcimg.szwego.com/imgHD/9404f147/20260330/cmp_i1774855840227_8587_0_7.jpg"", ""https://xcimg.szwego.com/imgHD/9404f147/20260330/cmp_i1774855840233_1204_0_8.jpg""]"
_duXrS3xDfr20MJGEcPH9baUvP2oxIdrsLNxfYDQ;;Loro Pia 26S 老钱风温柔粉真丝衬衫 柔粉色100%桑蚕丝材质 触感柔滑珠光质地，衬衫是经典Andr廓形 金色金属纽扣细节精致 老钱风顶级品质发售;0;;lrg3k8cd5bgw3jv;;Для женщин;"[""https://xcimg.szwego.com/imgHD/9404f147/20260330/cmp_i1774855620479_8292_0_0.jpg"", ""https://xcimg.szwego.com/imgHD/9404f147/20260330/cmp_i1774855626529_9876_0_1.jpg"", ""https://xcimg.szwego.com/imgHD/9404f147/20260330/cmp_i1774855620479_7789_0_2.jpg"", ""https://xcimg.szwego.com/imgHD/9404f147/20260330/cmp_i1774855620479_3199_0_3.jpg"", ""https://xcimg.szwego.com/imgHD/9404f147/20260330/cmp_i1774855626525_2587_0_4.jpg"", ""https://xcimg.szwego.com/imgHD/9404f147/20260330/cmp_i1774855626533_4335_0_5.jpg"", ""https://xcimg.szwego.com/imgHD/9404f147/20260330/cmp_i1774855620478_519_0_6.jpg"", ""https://xcimg.szwego.com/imgHD/9404f147/20260330/cmp_i1774855626527_8581_0_7.jpg"", ""https://xcimg.szwego.com/imgHD/9404f147/20260330/cmp_i1774855620455_7758_0_8.jpg""]"
_dVkrS5ftOIwg01ppftlIj80WYpVvhaRyMWCKXtw;;D&G 26S 西西里真丝花卉超大摆连衣裙 玫瑰印花素绉缎连衣裙 高腰大裙摆优雅风范与女性魅力的典范之作，专为钟爱以精致风尚脱颖而出的您匠心打造 顶级品质发售;0;;lrg3k8cd5bgw3jv;;Для женщин;"[""https://xcimg.szwego.com/imgHD/9404f147/20260330/cmp_i1774855261348_6618_0_0.jpg"", ""https://xcimg.szwego.com/imgHD/9404f147/20260330/cmp_i1774855261359_2505_0_1.jpg"", ""https://xcimg.szwego.com/imgHD/9404f147/20260330/cmp_i1774855273016_8628_0_2.jpg"", ""https://xcimg.szwego.com/imgHD/9404f147/20260330/cmp_i1774855272902_2402_0_3.jpg"", ""https://xcimg.szwego.com/imgHD/9404f147/20260330/cmp_i1774855272906_4196_0_4.jpg"", ""https://xcimg.szwego.com/imgHD/9404f147/20260330/cmp_i1774855261359_3967_0_5.jpg"", ""https://xcimg.szwego.com/imgHD/9404f147/20260330/cmp_i1774855261358_4561_0_6.jpg"", ""https://xcimg.szwego.com/imgHD/9404f147/20260330/cmp_i1774855261338_6541_0_7.jpg"", ""https://xcimg.szwego.com/imgHD/9404f147/20260330/cmp_i1774855272960_760_0_8.jpg""]"
_dfYrSz8FlIn0Xa26aToWm1wM7YxL4HXXa8kKyjg;;Loro Pia 26S 老钱风珊瑚红立体腰带棉麻连衣裙 珊瑚红束腰连衣裙 绵羊毛材质 柔软又保暖 春秋穿超合适 衬衫式翻领+束腰设计，显瘦又优雅 珊瑚红复古高级 顶级品质发售;0;;lrg3k8cd5bgw3jv;;Для женщин;"[""https://xcimg.szwego.com/imgHD/9404f147/20260330/cmp_i1774848315305_3210_0_0.jpg"", ""https://xcimg.szwego.com/imgHD/9404f147/20260330/cmp_i1774848315417_6576_0_1.jpg"", ""https://xcimg.szwego.com/imgHD/9404f147/20260330/cmp_i1774848318028_9832_0_2.jpg"", ""https://xcimg.szwego.com/imgHD/9404f147/20260330/cmp_i1774848315399_9403_0_3.jpg"", ""https://xcimg.szwego.com/imgHD/9404f147/20260330/cmp_i1774848315366_4487_0_4.jpg"", ""https://xcimg.szwego.com/imgHD/9404f147/20260330/cmp_i1774848318067_9657_0_5.jpg"", ""https://xcimg.szwego.com/imgHD/9404f147/20260330/cmp_i1774848317952_375_0_6.jpg"", ""https://xcimg.szwego.com/imgHD/9404f147/20260330/cmp_i1774848315352_7277_0_7.jpg"", ""https://xcimg.szwego.com/imgHD/9404f147/20260330/cmp_i1774848317995_4863_0_8.jpg""]"
_d_FrSqhf_HaKBBe2VfaUW0XT5ESEt7DYPha7MAA;;Loro Pia 26S 老钱风藏蓝立体腰带棉麻连衣裙 藏蓝色束腰连衣裙 绵羊毛材质 柔软又保暖 春秋穿超合适 衬衫式翻领+束腰设计，显瘦又优雅 藏蓝色低调高级 顶级品质发售;0;;lrg3k8cd5bgw3jv;;Для женщин;"[""https://xcimg.szwego.com/imgHD/9404f147/20260330/cmp_i1774847916371_3432_0_0.jpg"", ""https://xcimg.szwego.com/imgHD/9404f147/20260330/cmp_i1774847911325_4706_0_1.jpg"", ""https://xcimg.szwego.com/imgHD/9404f147/20260330/cmp_i1774847911355_7206_0_2.jpg"", ""https://xcimg.szwego.com/imgHD/9404f147/20260330/cmp_i1774847914015_4867_0_3.jpg"", ""https://xcimg.szwego.com/imgHD/9404f147/20260330/cmp_i1774847916284_8409_0_4.jpg"", ""https://xcimg.szwego.com/imgHD/9404f147/20260330/cmp_i1774847911263_4367_0_5.jpg"", ""https://xcimg.szwego.com/imgHD/9404f147/20260330/cmp_i1774847911269_3880_0_6.jpg"", ""https://xcimg.szwego.com/imgHD/9404f147/20260330/cmp_i1774847911331_6352_0_7.jpg"", ""https://xcimg.szwego.com/imgHD/9404f147/20260330/cmp_i1774847914626_1807_0_8.jpg""]"
_dqxrSSHSf4Ul7w_Svd6Tokg1geP2QqdV51UO0fw;;Loro Pia 26S 老钱风珊瑚红棉麻高腰阔型休闲裤 真丝与亚麻混纺 轻盈透气 春夏穿超舒服 裤子收腰设计 下装高腰阔腿裤 线条流畅，优雅又利落 珊瑚红热烈高级感 顶级品质发售;0;;lrg3k8cd5bgw3jv;;Для женщин;"[""https://xcimg.szwego.com/imgHD/9404f147/20260330/cmp_i1774846974882_8529_0_0.jpg"", ""https://xcimg.szwego.com/imgHD/9404f147/20260330/cmp_i1774847568850_7844_0_1.jpg"", ""https://xcimg.szwego.com/imgHD/9404f147/20260330/cmp_i1774847571332_7034_0_2.jpg"", ""https://xcimg.szwego.com/imgHD/9404f147/20260330/cmp_i1774847568703_9728_0_3.jpg"", ""https://xcimg.szwego.com/imgHD/9404f147/20260330/cmp_i1774846968475_9971_0_4.jpg"", ""https://xcimg.szwego.com/imgHD/9404f147/20260330/cmp_i1774847571429_6028_0_5.jpg"", ""https://xcimg.szwego.com/imgHD/9404f147/20260330/cmp_i1774847568836_2592_0_6.jpg"", ""https://xcimg.szwego.com/imgHD/9404f147/20260330/cmp_i1774847568856_6056_0_7.jpg"", ""https://xcimg.szwego.com/imgHD/9404f147/20260330/cmp_i1774847571421_8803_0_8.jpg""]"
_dlVrSRw1dZ9LkBQZ8VWZWuxYAz1ukQWvlxtTjkg;;Loro Pia 26S 老钱风珊瑚红棉麻短款廓形衬衫 真丝与亚麻混纺 轻盈透气 春夏穿超舒服 上衣是宽松衬衫+胸前双口袋超有型，红色热烈 优雅又利落 顶级品质发售;0;;lrg3k8cd5bgw3jv;;Для женщин;"[""https://xcimg.szwego.com/imgHD/9404f147/20260330/cmp_i1774846974882_8529_0_0.jpg"", ""https://xcimg.szwego.com/imgHD/9404f147/20260330/cmp_i1774846968303_9910_0_1.jpg"", ""https://xcimg.szwego.com/imgHD/9404f147/20260330/cmp_i1774846960246_9693_0_2.jpg"", ""https://xcimg.szwego.com/imgHD/9404f147/20260330/cmp_i1774846974763_9046_0_3.jpg"", ""https://xcimg.szwego.com/imgHD/9404f147/20260330/cmp_i1774846968475_9971_0_4.jpg"", ""https://xcimg.szwego.com/imgHD/9404f147/20260330/cmp_i1774846968419_7603_0_5.jpg"", ""https://xcimg.szwego.com/imgHD/9404f147/20260330/cmp_i1774846968635_4977_0_6.jpg"", ""https://xcimg.szwego.com/imgHD/9404f147/20260330/cmp_i1774846960189_8623_0_7.jpg"", ""https://xcimg.szwego.com/imgHD/9404f147/20260330/cmp_i1774846968062_9802_0_8.jpg""]"
_d9grSQNU4-32-C52relCd26EsLvSS99vu8bM89w;;BC 26S 高腰压褶阔型老钱风牛仔裤 休闲量感与明亮元素组合 定义出这款阔腿喇叭裤的风格 兼具休闲与精美，裤管宽松的标准裁剪版型相得益彰 珍贵的镶珠刺绣细节;0;;lrg3k8cd5bgw3jv;;Для женщин;"[""https://xcimg.szwego.com/imgHD/9404f147/20260330/cmp_i1774846406735_3302_0_0.jpg"", ""https://xcimg.szwego.com/imgHD/9404f147/20260330/cmp_i1774846613462_65_0_1.jpg"", ""https://xcimg.szwego.com/imgHD/9404f147/20260330/cmp_i1774846613440_7719_0_2.jpg"", ""https://xcimg.szwego.com/imgHD/9404f147/20260330/cmp_i1774846613373_4455_0_3.jpg"", ""https://xcimg.szwego.com/imgHD/9404f147/20260330/cmp_i1774846613302_6716_0_4.jpg"", ""https://xcimg.szwego.com/imgHD/9404f147/20260330/cmp_i1774846613399_7901_0_5.jpg"", ""https://xcimg.szwego.com/imgHD/9404f147/20260330/cmp_i1774846619142_7325_0_6.jpg"", ""https://xcimg.szwego.com/imgHD/9404f147/20260330/cmp_i1774846619212_3224_0_7.jpg"", ""https://xcimg.szwego.com/imgHD/9404f147/20260330/cmp_i1774846619158_3705_0_8.jpg""]"
_dpzrSx-Zz7u8W1IIvZeU7zEH2GOgk5RtZiGJjjg;;BC 26S 老钱风金扣牛仔蓝休闲夹克 采用深蓝水洗丹宁 棉麻混纺材质 柔软透气 穿着超舒适 短款剪裁+翻领+金属纽扣，复古又利落 明线缝制细节满满 顶级品质发售;0;;lrg3k8cd5bgw3jv;;Для женщин;"[""https://xcimg.szwego.com/imgHD/9404f147/20260330/cmp_i1774846406735_3302_0_0.jpg"", ""https://xcimg.szwego.com/imgHD/9404f147/20260330/cmp_i1774846406623_5171_0_1.jpg"", ""https://xcimg.szwego.com/imgHD/9404f147/20260330/cmp_i1774846397915_7972_0_2.jpg"", ""https://xcimg.szwego.com/imgHD/9404f147/20260330/cmp_i1774846397828_7298_0_3.jpg"", ""https://xcimg.szwego.com/imgHD/9404f147/20260330/cmp_i1774846397828_8806_0_4.jpg"", ""https://xcimg.szwego.com/imgHD/9404f147/20260330/cmp_i1774846397746_151_0_5.jpg"", ""https://xcimg.szwego.com/imgHD/9404f147/20260330/cmp_i1774846406649_3857_0_6.jpg"", ""https://xcimg.szwego.com/imgHD/9404f147/20260330/cmp_i1774846403278_1919_0_7.jpg"", ""https://xcimg.szwego.com/imgHD/9404f147/20260330/cmp_i1774846397900_1156_0_8.jpg""]"
_doDrShqxE1oztZMtlUDk1FxxiUuRISm_JnIz87g;;BC 26S 老钱风棉质连帽夹克卫裤 考究材质与旅行装系列的休闲随性风格相遇 拥有别样惬意的时尚，采用棉Smooth毛圈布制作的运动裤 在柔软的质感中彰显简约的风格;0;;lrg3k8cd5bgw3jv;;Для женщин;"[""https://xcimg.szwego.com/imgHD/9404f147/20260330/cmp_i1774846116275_4967_0_0.jpg"", ""https://xcimg.szwego.com/imgHD/9404f147/20260330/cmp_i1774846122682_6926_0_1.jpg"", ""https://xcimg.szwego.com/imgHD/9404f147/20260330/cmp_i1774846115139_7305_0_2.jpg"", ""https://xcimg.szwego.com/imgHD/9404f147/20260330/cmp_i1774846115138_1410_0_3.jpg"", ""https://xcimg.szwego.com/imgHD/9404f147/20260330/cmp_i1774846118270_959_0_4.jpg"", ""https://xcimg.szwego.com/imgHD/9404f147/20260330/cmp_i1774846118268_7061_0_5.jpg"", ""https://xcimg.szwego.com/imgHD/9404f147/20260330/cmp_i1774846115139_4256_0_6.jpg"", ""https://xcimg.szwego.com/imgHD/9404f147/20260330/cmp_i1774846115139_793_0_7.jpg"", ""https://xcimg.szwego.com/imgHD/9404f147/20260330/cmp_i1774846118273_1748_0_8.jpg""]"
_dn0rS08UEhQKl6to0JIKWvE_Tac550s-RMdlkXA;;BC 26S 老钱风棉质连帽拉链夹克 珍贵材质与旅行装系列的休闲风格相遇 专为放松与休闲时光而设计，Smooth纯棉毛圈布 装在拉链头 点缀闪亮的珠饰刺绣，为整体增添了细腻的光泽;0;;lrg3k8cd5bgw3jv;;Для женщин;"[""https://xcimg.szwego.com/imgHD/9404f147/20260330/cmp_i1774845832586_4134_0_0.jpg"", ""https://xcimg.szwego.com/imgHD/9404f147/20260330/cmp_i1774845839276_1835_0_1.jpg"", ""https://xcimg.szwego.com/imgHD/9404f147/20260330/cmp_i1774845832586_8329_0_2.jpg"", ""https://xcimg.szwego.com/imgHD/9404f147/20260330/cmp_i1774845851229_4868_0_3.jpg"", ""https://xcimg.szwego.com/imgHD/9404f147/20260330/cmp_i1774845832586_8107_0_4.jpg"", ""https://xcimg.szwego.com/imgHD/9404f147/20260330/cmp_i1774845839276_5145_0_5.jpg"", ""https://xcimg.szwego.com/imgHD/9404f147/20260330/cmp_i1774845839276_9737_0_6.jpg"", ""https://xcimg.szwego.com/imgHD/9404f147/20260330/cmp_i1774845851229_1087_0_7.jpg"", ""https://xcimg.szwego.com/imgHD/9404f147/20260330/cmp_i1774845839277_9815_0_8.jpg""]"
_d9lrS6G2iuOAVv_VzamxCM5jviVFbWNhCv3qQ_Q;;VALEN 26S 水钻钉珠薄荷绿羽毛礼服连衣裙 V领处巴洛克风刺绣 点缀水晶钉珠，定染真丝立体丰盈鸵鸟毛手袖 自带高贵仙气 增添优雅灵动感、适合晚宴派对 焦点之作;0;;lrg3k8cd5bgw3jv;;Для женщин;"[""https://xcimg.szwego.com/imgHD/9404f147/20260329/cmp_i1774768017011_854_0_0.jpg"", ""https://xcimg.szwego.com/imgHD/9404f147/20260329/cmp_i1774768017011_5452_0_1.jpg"", ""https://xcimg.szwego.com/imgHD/9404f147/20260329/cmp_i1774768017011_3076_0_2.jpg"", ""https://xcimg.szwego.com/imgHD/9404f147/20260329/cmp_i1774768021432_2394_0_3.jpg"", ""https://xcimg.szwego.com/imgHD/9404f147/20260329/cmp_i1774768017011_3452_0_4.jpg"", ""https://xcimg.szwego.com/imgHD/9404f147/20260329/cmp_i1774768021458_1892_0_5.jpg"", ""https://xcimg.szwego.com/imgHD/9404f147/20260329/cmp_i1774768017011_4176_0_6.jpg"", ""https://xcimg.szwego.com/imgHD/9404f147/20260329/cmp_i1774768021457_2280_0_7.jpg"", ""https://xcimg.szwego.com/imgHD/9404f147/20260329/cmp_i1774768021552_7132_0_8.jpg""]"
_dvdrSrgDD7MnLMCmoFMQxHVTvoG8CNihHgyAd2w;;VALEN 26S 定织彩色碎花短款夹克 Alessandro Michele设计 采用奢华3D提花面料 交织出花卉图案精致色彩柔和，点缀VT双口袋 展现中世纪复古浪漫情怀;0;;lrg3k8cd5bgw3jv;;Для женщин;"[""https://xcimg.szwego.com/imgHD/9404f147/20260329/cmp_i1774767571191_7701_0_0.jpg"", ""https://xcimg.szwego.com/imgHD/9404f147/20260329/cmp_i1774767570764_3119_0_1.jpg"", ""https://xcimg.szwego.com/imgHD/9404f147/20260329/cmp_i1774767563057_5905_0_2.jpg"", ""https://xcimg.szwego.com/imgHD/9404f147/20260329/cmp_i1774767563058_824_0_3.jpg"", ""https://xcimg.szwego.com/imgHD/9404f147/20260329/cmp_i1774767566961_636_0_4.jpg"", ""https://xcimg.szwego.com/imgHD/9404f147/20260329/cmp_i1774767563058_654_0_5.jpg"", ""https://xcimg.szwego.com/imgHD/9404f147/20260329/cmp_i1774767566960_437_0_6.jpg"", ""https://xcimg.szwego.com/imgHD/9404f147/20260329/cmp_i1774767563058_7212_0_7.jpg"", ""https://xcimg.szwego.com/imgHD/9404f147/20260329/cmp_i1774767563037_302_0_8.jpg""]"
_dlArSCxft1MYSPbFTmdUA_BFVwycoOO2C2Z1f8A;;VALEN 26S 定织彩色碎花流苏短裤 Alessandro Michele设计 采用奢华3D提花面料 交织出花卉图案精致色彩柔和，展现中世纪复古浪漫情怀 高腰流苏细节灵动飘逸;0;;lrg3k8cd5bgw3jv;;Для женщин;"[""https://xcimg.szwego.com/imgHD/9404f147/20260329/cmp_i1774767184742_5134_0_1.jpg"", ""https://xcimg.szwego.com/imgHD/9404f147/20260329/cmp_i1774767415308_2309_0_1.jpg"", ""https://xcimg.szwego.com/imgHD/9404f147/20260329/cmp_i1774767418003_8410_0_2.jpg"", ""https://xcimg.szwego.com/imgHD/9404f147/20260329/cmp_i1774767410890_1287_0_3.jpg"", ""https://xcimg.szwego.com/imgHD/9404f147/20260329/cmp_i1774767415307_6938_0_4.jpg"", ""https://xcimg.szwego.com/imgHD/9404f147/20260329/cmp_i1774767421687_9902_0_5.jpg"", ""https://xcimg.szwego.com/imgHD/9404f147/20260329/cmp_i1774767410890_6073_0_6.jpg"", ""https://xcimg.szwego.com/imgHD/9404f147/20260329/cmp_i1774767415301_6555_0_7.jpg"", ""https://xcimg.szwego.com/imgHD/9404f147/20260329/cmp_i1774767421689_9938_0_8.jpg""]"
_duHrS81wKgw7gS1I9sPI_zT65QKPuIHPOrWu6Qg;;FEN 26S 波点翻领斜纹真丝衬衫 波点真丝衬衫 采用100%桑蚕丝 质地柔滑亲肤 透气又舒适 白色底配黑色波点，点缀彩色细节 简约又有艺术感 顶级品质发售;0;;lrg3k8cd5bgw3jv;;Для женщин;"[""https://xcimg.szwego.com/imgHD/9404f147/20260329/cmp_i1774767113546_5706_0_0.jpg"", ""https://xcimg.szwego.com/imgHD/9404f147/20260329/cmp_i1774767118681_6231_0_1.jpg"", ""https://xcimg.szwego.com/imgHD/9404f147/20260329/cmp_i1774767118678_2414_0_2.jpg"", ""https://xcimg.szwego.com/imgHD/9404f147/20260329/cmp_i1774767118679_2645_0_3.jpg"", ""https://xcimg.szwego.com/imgHD/9404f147/20260329/cmp_i1774767118678_1966_0_4.jpg"", ""https://xcimg.szwego.com/imgHD/9404f147/20260329/cmp_i1774767113527_1683_0_5.jpg"", ""https://xcimg.szwego.com/imgHD/9404f147/20260329/cmp_i1774767113527_6013_0_6.jpg"", ""https://xcimg.szwego.com/imgHD/9404f147/20260329/cmp_i1774767113527_3606_0_7.jpg"", ""https://xcimg.szwego.com/imgHD/9404f147/20260329/cmp_i1774767113526_3297_0_8.jpg""]"
_d_HrSJSg1akJ9fEnPNvXWnWgZv0piF4WgNBftyw;;VALEN 26S 环形钉珠刺绣针织弹力连衣裙 黑色针织连衣裙 简约优雅 经典小黑裙风格 柔软亲肤 透气舒适，撞色领口+白色纽扣+口袋 细节满分 顶级品质发售;0;;lrg3k8cd5bgw3jv;;Для женщин;"[""https://xcimg.szwego.com/imgHD/9404f147/20260329/cmp_i1774766839587_6390_0_0.jpg"", ""https://xcimg.szwego.com/imgHD/9404f147/20260329/cmp_i1774766831869_3321_0_1.jpg"", ""https://xcimg.szwego.com/imgHD/9404f147/20260329/cmp_i1774766831823_3001_0_2.jpg"", ""https://xcimg.szwego.com/imgHD/9404f147/20260329/cmp_i1774766827719_5146_0_3.jpg"", ""https://xcimg.szwego.com/imgHD/9404f147/20260329/cmp_i1774766831868_6018_0_4.jpg"", ""https://xcimg.szwego.com/imgHD/9404f147/20260329/cmp_i1774766827717_6056_0_5.jpg"", ""https://xcimg.szwego.com/imgHD/9404f147/20260329/cmp_i1774766839588_8621_0_6.jpg"", ""https://xcimg.szwego.com/imgHD/9404f147/20260329/cmp_i1774766831868_1163_0_7.jpg"", ""https://xcimg.szwego.com/imgHD/9404f147/20260329/cmp_i1774766839592_8469_0_8.jpg""]"
_dmIrSxsajtyc01hClRzf72Gk45K6oxDIqKCwWVA;;VALEN 26S 领口立体玫瑰花正红色丝毛连衣裙 采用经典圆领+短袖设计 优雅又实用 领口立体花卉刺绣超精致 细节满分，裙身剪裁修身线条流畅 顶级品质发售;0;;lrg3k8cd5bgw3jv;;Для женщин;"[""https://xcimg.szwego.com/imgHD/9404f147/20260329/cmp_i1774766515062_9362_0_0.jpg"", ""https://xcimg.szwego.com/imgHD/9404f147/20260329/cmp_i1774766523273_4077_0_1.jpg"", ""https://xcimg.szwego.com/imgHD/9404f147/20260329/cmp_i1774766519241_3221_0_2.jpg"", ""https://xcimg.szwego.com/imgHD/9404f147/20260329/cmp_i1774766519177_9772_0_3.jpg"", ""https://xcimg.szwego.com/imgHD/9404f147/20260329/cmp_i1774766523274_8815_0_4.jpg"", ""https://xcimg.szwego.com/imgHD/9404f147/20260329/cmp_i1774766519241_8410_0_5.jpg"", ""https://xcimg.szwego.com/imgHD/9404f147/20260329/cmp_i1774766519179_3425_0_6.jpg"", ""https://xcimg.szwego.com/imgHD/9404f147/20260329/cmp_i1774766515120_9075_0_7.jpg"", ""https://xcimg.szwego.com/imgHD/9404f147/20260329/cmp_i1774766523271_3305_0_8.jpg""]"
_d5GrSWyE8Aga4HNqmz6rR51bFHwFRaqbzCEpW_w;;VALEN 26S 领口立体玫瑰花黑色丝毛连衣裙 采用经典圆领+短袖设计 优雅又实用 领口立体花卉刺绣超精致 细节满分，裙身剪裁修身线条流畅 顶级品质发售;0;;lrg3k8cd5bgw3jv;;Для женщин;"[""https://xcimg.szwego.com/imgHD/9404f147/20260329/cmp_i1774766265385_8293_0_0.jpg"", ""https://xcimg.szwego.com/imgHD/9404f147/20260329/cmp_i1774766265366_5020_0_1.jpg"", ""https://xcimg.szwego.com/imgHD/9404f147/20260329/cmp_i1774766270364_884_0_2.jpg"", ""https://xcimg.szwego.com/imgHD/9404f147/20260329/cmp_i1774766265386_4059_0_3.jpg"", ""https://xcimg.szwego.com/imgHD/9404f147/20260329/cmp_i1774766265385_9431_0_4.jpg"", ""https://xcimg.szwego.com/imgHD/9404f147/20260329/cmp_i1774766270368_5392_0_5.jpg"", ""https://xcimg.szwego.com/imgHD/9404f147/20260329/cmp_i1774766270372_9014_0_6.jpg"", ""https://xcimg.szwego.com/imgHD/9404f147/20260329/cmp_i1774766270372_4320_0_7.jpg"", ""https://xcimg.szwego.com/imgHD/9404f147/20260329/cmp_i1774766270360_8206_0_8.jpg""]"
_d9RrSu48CM3KjqMJpS670wnbV_FDePa-DqIwXkg;;VALEN 26S 羽毛七分袖立体蕾丝开衫 白色蕾丝毛衣开衫 采用精致蕾丝面料 细腻花纹超有质感 袖口毛绒装饰，柔软又奢华 圆领+纽扣设计 优雅气质满分 顶级品质发售;0;;lrg3k8cd5bgw3jv;;Для женщин;"[""https://xcimg.szwego.com/imgHD/9404f147/20260329/cmp_i1774765929067_7916_0_0.jpg"", ""https://xcimg.szwego.com/imgHD/9404f147/20260329/cmp_i1774763992257_2667_0_0.jpg"", ""https://xcimg.szwego.com/imgHD/9404f147/20260329/cmp_i1774765924403_4123_0_2.jpg"", ""https://xcimg.szwego.com/imgHD/9404f147/20260329/cmp_i1774765924384_8988_0_3.jpg"", ""https://xcimg.szwego.com/imgHD/9404f147/20260329/cmp_i1774765924384_5258_0_4.jpg"", ""https://xcimg.szwego.com/imgHD/9404f147/20260329/cmp_i1774765929067_6089_0_5.jpg"", ""https://xcimg.szwego.com/imgHD/9404f147/20260329/cmp_i1774765934006_7337_0_6.jpg"", ""https://xcimg.szwego.com/imgHD/9404f147/20260329/cmp_i1774765933949_4706_0_7.jpg"", ""https://xcimg.szwego.com/imgHD/9404f147/20260329/cmp_i1774765924384_5773_0_8.jpg""]"
_du-rSj_KOB0v6YmwRDsHqh6BEcToBII1SO97Hvg;;D&G 26S真丝碎花蕾丝鱼尾半身裙 黑底碎花半裙 桑蚕丝材质 垂坠感满分 穿着舒适亲肤 黑底配微缩花束印花，裙摆荷叶边 +蕾丝细节超精致 复古又浪漫 顶级品质发售;0;;lrg3k8cd5bgw3jv;;Для женщин;"[""https://xcimg.szwego.com/imgHD/9404f147/20260329/cmp_i1774763992257_2667_0_0.jpg"", ""https://xcimg.szwego.com/imgHD/9404f147/20260329/cmp_i1774763987866_9747_0_1.jpg"", ""https://xcimg.szwego.com/imgHD/9404f147/20260329/cmp_i1774763987598_5215_0_2.jpg"", ""https://xcimg.szwego.com/imgHD/9404f147/20260329/cmp_i1774763991186_5642_0_3.jpg"", ""https://xcimg.szwego.com/imgHD/9404f147/20260329/cmp_i1774763987499_3806_0_4.jpg"", ""https://xcimg.szwego.com/imgHD/9404f147/20260329/cmp_i1774763982425_8987_0_5.jpg"", ""https://xcimg.szwego.com/imgHD/9404f147/20260329/cmp_i1774763991220_4022_0_6.jpg"", ""https://xcimg.szwego.com/imgHD/9404f147/20260329/cmp_i1774763982444_4879_0_7.jpg"", ""https://xcimg.szwego.com/imgHD/9404f147/20260329/cmp_i1774763982444_9203_0_8.jpg""]"
_dmarSKZ9hnuHi_Va1z9GJ9o7Z9vL4Qor0fnq9Nw;;D&G 26S 西西里真丝花卉直筒半身裙 诠释了优雅风范与匠心创意 专为追求独特单品者设计 其精湛剪裁与雅致设计，无论是特别场合或日常衣橱升级 皆为理想之选 顶级品质发售;0;;lrg3k8cd5bgw3jv;;Для женщин;"[""https://xcimg.szwego.com/imgHD/9404f147/20260329/cmp_i1774763113844_220_0_0.jpg"", ""https://xcimg.szwego.com/imgHD/9404f147/20260329/cmp_i1774763104753_3568_0_1.jpg"", ""https://xcimg.szwego.com/imgHD/9404f147/20260329/cmp_i1774763104753_8560_0_2.jpg"", ""https://xcimg.szwego.com/imgHD/9404f147/20260329/cmp_i1774763112852_4157_0_3.jpg"", ""https://xcimg.szwego.com/imgHD/9404f147/20260329/cmp_i1774763122027_3998_0_4.jpg"", ""https://xcimg.szwego.com/imgHD/9404f147/20260329/cmp_i1774763112861_85_0_5.jpg"", ""https://xcimg.szwego.com/imgHD/9404f147/20260329/cmp_i1774763122027_4144_0_6.jpg"", ""https://xcimg.szwego.com/imgHD/9404f147/20260329/cmp_i1774763112852_6136_0_7.jpg"", ""https://xcimg.szwego.com/imgHD/9404f147/20260329/cmp_i1774763104753_6331_0_8.jpg""]"
_dI9rSD4HhYpVBCqx5IDHD2SA6YEhIhjk2FFB14g;;SLP 26W 红拼克莱因蓝撞色双层休闲夹克 轻质不皱不变形双层尼龙材质 舒适又时髦的肌理感、红蓝撞色蓝色拉链 增添视觉冲击力 短款剪裁搭配高腰裤或裙装 打造甜酷休闲感;0;;lrg3k8cd5bgw3jv;;Для женщин;"[""https://xcimg.szwego.com/imgHD/9404f147/20260328/cmp_i1774674711621_4784_0_1.jpg"", ""https://xcimg.szwego.com/imgHD/9404f147/20260328/cmp_i1774674708021_7264_0_2.jpg"", ""https://xcimg.szwego.com/imgHD/9404f147/20260328/cmp_i1774674711615_8585_0_3.jpg"", ""https://xcimg.szwego.com/imgHD/9404f147/20260328/cmp_i1774674708021_5839_0_4.jpg"", ""https://xcimg.szwego.com/imgHD/9404f147/20260328/cmp_i1774674708021_6288_0_5.jpg"", ""https://xcimg.szwego.com/imgHD/9404f147/20260328/cmp_i1774674708021_8924_0_6.jpg"", ""https://xcimg.szwego.com/imgHD/9404f147/20260328/cmp_i1774674711621_7408_0_7.jpg"", ""https://xcimg.szwego.com/imgHD/9404f147/20260328/cmp_i1774674708021_1509_0_8.jpg"", ""https://xcimg.szwego.com/imgHD/9404f147/20260328/cmp_i1774674711622_907_0_9.jpg""]"
_dffrSdbjob_S9KJaXfhj_iKkfAlZd-Xp0s54k7w;;SLP 26S 蓝白条纹弹力针织背心 蓝白条纹无袖设计简约又经典 胸前YSL标志彰显品牌感、棉质混纺高弹力材质透气亲肤 夏天搭配 轻松纸片人 宽松版型显瘦又百搭;0;;lrg3k8cd5bgw3jv;;Для женщин;"[""https://xcimg.szwego.com/imgHD/9404f147/20260328/cmp_i1774674019196_8317_0_3.jpg"", ""https://xcimg.szwego.com/imgHD/9404f147/20260328/cmp_i1774674396370_318_0_1.jpg"", ""https://xcimg.szwego.com/imgHD/9404f147/20260328/cmp_i1774674395306_4467_0_2.jpg"", ""https://xcimg.szwego.com/imgHD/9404f147/20260328/cmp_i1774674397248_9376_0_3.jpg"", ""https://xcimg.szwego.com/imgHD/9404f147/20260328/cmp_i1774674397252_7984_0_4.jpg"", ""https://xcimg.szwego.com/imgHD/9404f147/20260328/cmp_i1774674395232_7535_0_5.jpg"", ""https://xcimg.szwego.com/imgHD/9404f147/20260328/cmp_i1774674395260_9749_0_6.jpg"", ""https://xcimg.szwego.com/imgHD/9404f147/20260328/cmp_i1774674397249_2865_0_7.jpg"", ""https://xcimg.szwego.com/imgHD/9404f147/20260328/cmp_i1774674395231_4467_0_8.jpg""]"
_d-3rSTRwUCz7TmsegdbkrTxRLA65gDcbDnuMxKQ;;SLP 26W 北欧风双色罗纹针织背心 橄榄色系背心采用有机棉材质柔软亲肤 高弹力设计弹性好修身显瘦，U领简约大方 单穿或内搭都ok 清新自然 基础顶级品质必留款;0;;lrg3k8cd5bgw3jv;;Для женщин;"[""https://xcimg.szwego.com/imgHD/9404f147/20260328/cmp_i1774673954213_554_0_0.jpg"", ""https://xcimg.szwego.com/imgHD/9404f147/20260328/cmp_i1774674166463_1934_0_1.jpg"", ""https://xcimg.szwego.com/imgHD/9404f147/20260328/cmp_i1774674164464_3113_0_2.jpg"", ""https://xcimg.szwego.com/imgHD/9404f147/20260328/cmp_i1774674166452_1923_0_3.jpg"", ""https://xcimg.szwego.com/imgHD/9404f147/20260328/cmp_i1774674164464_7718_0_4.jpg"", ""https://xcimg.szwego.com/imgHD/9404f147/20260328/cmp_i1774674166455_8767_0_5.jpg"", ""https://xcimg.szwego.com/imgHD/9404f147/20260328/cmp_i1774674164464_5255_0_6.jpg"", ""https://xcimg.szwego.com/imgHD/9404f147/20260328/cmp_i1774674164464_1954_0_7.jpg"", ""https://xcimg.szwego.com/imgHD/9404f147/20260328/cmp_i1774674166459_4847_0_8.jpg""]"
_dhSrS6bTaujN0jUb5ALq62cI-_ksSGRcCQsjQqQ;;SLP 26W 北欧风双色罗纹针织背心 姜黄色系背心采用有机棉材质柔软亲肤 高弹力设计弹性好修身显瘦，U领简约大方 单穿或内搭都ok 清新自然 基础顶级品质必留款;0;;lrg3k8cd5bgw3jv;;Для женщин;"[""https://xcimg.szwego.com/imgHD/9404f147/20260328/cmp_i1774673954213_554_0_0.jpg"", ""https://xcimg.szwego.com/imgHD/9404f147/20260328/cmp_i1774673954213_8099_0_1.jpg"", ""https://xcimg.szwego.com/imgHD/9404f147/20260328/cmp_i1774673959883_6957_0_2.jpg"", ""https://xcimg.szwego.com/imgHD/9404f147/20260328/cmp_i1774673957572_8770_0_3.jpg"", ""https://xcimg.szwego.com/imgHD/9404f147/20260328/cmp_i1774673954213_2514_0_4.jpg"", ""https://xcimg.szwego.com/imgHD/9404f147/20260328/cmp_i1774673954213_1783_0_5.jpg"", ""https://xcimg.szwego.com/imgHD/9404f147/20260328/cmp_i1774673954213_4440_0_6.jpg"", ""https://xcimg.szwego.com/imgHD/9404f147/20260328/cmp_i1774673957561_1178_0_7.jpg"", ""https://xcimg.szwego.com/imgHD/9404f147/20260328/cmp_i1774673959785_8680_0_8.jpg""]"
_dmTrSHHqEWfNIweHKbwoecDrQ7MNyhgU6p_QQHQ;;DIO 26W 高级成衣系列红色蕾丝真丝长裙 由Maria Grazia Chiuri设计 灵感源自罗马人文与戏剧艺术，精致立体植绒蕾丝面料 古典剪裁 修身长袖及地裙摆 双层真丝面料优雅复古气质;0;;lrg3k8cd5bgw3jv;;Для женщин;"[""https://xcimg.szwego.com/imgHD/9404f147/20260327/cmp_i1774592685720_3168_0_0.jpg"", ""https://xcimg.szwego.com/imgHD/9404f147/20260327/cmp_i1774592687505_1220_0_1.jpg"", ""https://xcimg.szwego.com/imgHD/9404f147/20260327/cmp_i1774592687504_6957_0_2.jpg"", ""https://xcimg.szwego.com/imgHD/9404f147/20260327/cmp_i1774592684653_4629_0_3.jpg"", ""https://xcimg.szwego.com/imgHD/9404f147/20260327/cmp_i1774592684636_3791_0_4.jpg"", ""https://xcimg.szwego.com/imgHD/9404f147/20260327/cmp_i1774592684635_7344_0_5.jpg"", ""https://xcimg.szwego.com/imgHD/9404f147/20260327/cmp_i1774592684653_3509_0_6.jpg"", ""https://xcimg.szwego.com/imgHD/9404f147/20260327/cmp_i1774592687509_9862_0_7.jpg"", ""https://xcimg.szwego.com/imgHD/9404f147/20260327/cmp_i1774592687511_3060_0_8.jpg""]"
_daorSYn_6KFQs3i1ycQMPS_fZaCPb0m1XsPlvsw;;DIO 26S 白色丝毛花朵刺绣贝母扣西装 廓形重磅丝毛面料 内衬真丝，延续1947经典西装版型 修身收腰剪裁沙漏廓形超显身材曲线，左胸点缀立体花朵刺绣 精致高贵迷人;0;;lrg3k8cd5bgw3jv;;Для женщин;"[""https://xcimg.szwego.com/imgHD/9404f147/20260327/cmp_i1774592268312_2091_0_0.jpg"", ""https://xcimg.szwego.com/imgHD/9404f147/20260327/cmp_i1774592270831_4763_0_1.jpg"", ""https://xcimg.szwego.com/imgHD/9404f147/20260327/cmp_i1774592270830_1835_0_2.jpg"", ""https://xcimg.szwego.com/imgHD/9404f147/20260327/cmp_i1774592268294_8775_0_3.jpg"", ""https://xcimg.szwego.com/imgHD/9404f147/20260327/cmp_i1774592268312_572_0_4.jpg"", ""https://xcimg.szwego.com/imgHD/9404f147/20260327/cmp_i1774592270827_507_0_5.jpg"", ""https://xcimg.szwego.com/imgHD/9404f147/20260327/cmp_i1774592268312_9109_0_6.jpg"", ""https://xcimg.szwego.com/imgHD/9404f147/20260327/cmp_i1774592270828_4820_0_7.jpg"", ""https://xcimg.szwego.com/imgHD/9404f147/20260327/cmp_i1774592268293_7083_0_8.jpg""]"
_dn9rStJFnBUXEKEUnFT1lJekHHclzwEg7QPue5Q;;DIO 26W 赫本风蝴蝶领结丝毛礼服连衣裙 法式赫本风 黑色丝毛廓形面料主调点缀立体缎面蝴蝶结领口，正肩短袖设计修饰肩部线条 A字收腰剪裁勾勒身材比例 高贵复古;0;;lrg3k8cd5bgw3jv;;Для женщин;"[""https://xcimg.szwego.com/imgHD/9404f147/20260327/cmp_i1774591990625_8794_0_0.jpg"", ""https://xcimg.szwego.com/imgHD/9404f147/20260327/cmp_i1774591990560_548_0_1.jpg"", ""https://xcimg.szwego.com/imgHD/9404f147/20260327/cmp_i1774591988113_4822_0_2.jpg"", ""https://xcimg.szwego.com/imgHD/9404f147/20260327/cmp_i1774591989961_2470_0_3.jpg"", ""https://xcimg.szwego.com/imgHD/9404f147/20260327/cmp_i1774591990504_3397_0_4.jpg"", ""https://xcimg.szwego.com/imgHD/9404f147/20260327/cmp_i1774591988098_1520_0_5.jpg"", ""https://xcimg.szwego.com/imgHD/9404f147/20260327/cmp_i1774591990510_4973_0_6.jpg"", ""https://xcimg.szwego.com/imgHD/9404f147/20260327/cmp_i1774591988084_9498_0_7.jpg"", ""https://xcimg.szwego.com/imgHD/9404f147/20260327/cmp_i1774591988145_9878_0_9.jpg""]"
_drprS7tI3nmjc7jG10YhrItwVHk5mJkAW9qFZrg;;DIO 26S 绿色格纹蝴蝶领结真丝衬衫 由Jonathan Anderson设计 绿色格纹可拆卸领结复古又精致，重磅真丝面料柔软舒适 长袖设计适合四季 顶级品质发售;0;;lrg3k8cd5bgw3jv;;Для женщин;"[""https://xcimg.szwego.com/imgHD/9404f147/20260327/cmp_i1774591428349_354_0_0.jpg"", ""https://xcimg.szwego.com/imgHD/9404f147/20260327/cmp_i1774591420673_5329_0_1.jpg"", ""https://xcimg.szwego.com/imgHD/9404f147/20260327/cmp_i1774591424730_2648_0_2.jpg"", ""https://xcimg.szwego.com/imgHD/9404f147/20260327/cmp_i1774591431971_5700_0_3.jpg"", ""https://xcimg.szwego.com/imgHD/9404f147/20260327/cmp_i1774591431963_4233_0_4.jpg"", ""https://xcimg.szwego.com/imgHD/9404f147/20260327/cmp_i1774591431967_8521_0_5.jpg"", ""https://xcimg.szwego.com/imgHD/9404f147/20260327/cmp_i1774591424703_3202_0_6.jpg"", ""https://xcimg.szwego.com/imgHD/9404f147/20260327/cmp_i1774591420055_3676_0_7.jpg"", ""https://xcimg.szwego.com/imgHD/9404f147/20260327/cmp_i1774591424773_2263_0_8.jpg""]"
_ddRrSn7zrfPlqGwj0SNu3Q14aZN-bzAvh3UtvGA;;DIO 26S 黑色蕾丝网纱开衩半身裙 定制YB镂空多层蛋糕裙 轻盈网纱+精致蕾丝刺绣 曼妙浪漫优雅氛围感、裙摆蕾丝花边超有立体感，设计显腿长又饱满轻巧;0;;lrg3k8cd5bgw3jv;;Для женщин;"[""https://xcimg.szwego.com/imgHD/9404f147/20260327/cmp_i1774590950321_4108_0_0.jpg"", ""https://xcimg.szwego.com/imgHD/9404f147/20260327/cmp_i1774590949349_8321_0_1.jpg"", ""https://xcimg.szwego.com/imgHD/9404f147/20260327/cmp_i1774590942894_4531_0_2.jpg"", ""https://xcimg.szwego.com/imgHD/9404f147/20260327/cmp_i1774590942702_1243_0_3.jpg"", ""https://xcimg.szwego.com/imgHD/9404f147/20260327/cmp_i1774590950316_9151_0_4.jpg"", ""https://xcimg.szwego.com/imgHD/9404f147/20260327/cmp_i1774590941924_3482_0_5.jpg"", ""https://xcimg.szwego.com/imgHD/9404f147/20260327/cmp_i1774590958182_2944_0_6.jpg"", ""https://xcimg.szwego.com/imgHD/9404f147/20260327/cmp_i1774590942839_1912_0_7.jpg"", ""https://xcimg.szwego.com/imgHD/9404f147/20260327/cmp_i1774590950342_6268_0_8.jpg""]"
_d9trSb2z5rXFZzJUUqWtah_CUrDwmECCMnk-NDA;;"DIO 26S 洛可可花卉短袖刺绣针织上衣 米白色羊绒混纺针织柔软舒适 衣身点缀粉绿小花刺绣，胸前""CD""标志彰显品牌感 短袖设计俏皮又优雅，轻松打造春日氛围感穿搭";0;;lrg3k8cd5bgw3jv;;Для женщин;"[""https://xcimg.szwego.com/imgHD/9404f147/20260327/cmp_i1774590746139_4271_0_0.jpg"", ""https://xcimg.szwego.com/imgHD/9404f147/20260327/cmp_i1774590746137_7993_0_1.jpg"", ""https://xcimg.szwego.com/imgHD/9404f147/20260327/cmp_i1774590222936_6396_0_2.jpg"", ""https://xcimg.szwego.com/imgHD/9404f147/20260327/cmp_i1774590740897_9739_0_3.jpg"", ""https://xcimg.szwego.com/imgHD/9404f147/20260327/cmp_i1774590746136_6616_0_4.jpg"", ""https://xcimg.szwego.com/imgHD/9404f147/20260327/cmp_i1774590746138_4437_0_5.jpg"", ""https://xcimg.szwego.com/imgHD/9404f147/20260327/cmp_i1774590243506_5438_0_6.jpg"", ""https://xcimg.szwego.com/imgHD/9404f147/20260327/cmp_i1774590746134_6215_0_7.jpg"", ""https://xcimg.szwego.com/imgHD/9404f147/20260327/cmp_i1774590740896_7042_0_8.jpg""]"
_dizrStLyDXQQu6EKo3Nl5BGsIJCoTGAMZDegZgQ;;DIO 26W 洛可可梦幻花园羊绒刺绣针织衫 米白色羊绒混纺材质柔软又细腻 正面椭圆花环刺绣CD洛可可风格标志，蝴蝶结和花卉点缀浪漫甜美优雅 顶级品质发售;0;;lrg3k8cd5bgw3jv;;Для женщин;"[""https://xcimg.szwego.com/imgHD/9404f147/20260327/cmp_i1774590223054_3924_0_0.jpg"", ""https://xcimg.szwego.com/imgHD/9404f147/20260327/cmp_i1774590218419_508_0_1.jpg"", ""https://xcimg.szwego.com/imgHD/9404f147/20260327/cmp_i1774590222936_6396_0_2.jpg"", ""https://xcimg.szwego.com/imgHD/9404f147/20260327/cmp_i1774590243506_7702_0_3.jpg"", ""https://xcimg.szwego.com/imgHD/9404f147/20260327/cmp_i1774590218421_315_0_4.jpg"", ""https://xcimg.szwego.com/imgHD/9404f147/20260327/cmp_i1774590243507_946_0_5.jpg"", ""https://xcimg.szwego.com/imgHD/9404f147/20260327/cmp_i1774590243506_5438_0_6.jpg"", ""https://xcimg.szwego.com/imgHD/9404f147/20260327/cmp_i1774590223054_4800_0_7.jpg"", ""https://xcimg.szwego.com/imgHD/9404f147/20260327/cmp_i1774590222937_6101_0_8.jpg""]"
_d_8rSmxCfELXEVtfWS-dnlhD7gdIE59zmpe4rNw;;DIO 26S 梦幻花园刺绣蓝色麻花针织短袖 针织棉混纺面料柔软亲肤 立体麻花纹理胸前圆形花环徽章 低调又有辨识度，圆领短袖设计简约大方 浅蓝色清新优雅甜美;0;;lrg3k8cd5bgw3jv;;Для женщин;"[""https://xcimg.szwego.com/imgHD/9404f147/20260326/cmp_i1774504137022_3376_0_2.jpg"", ""https://xcimg.szwego.com/imgHD/9404f147/20260327/cmp_i1774590037295_2258_0_1.jpg"", ""https://xcimg.szwego.com/imgHD/9404f147/20260327/cmp_i1774590037296_1828_0_2.jpg"", ""https://xcimg.szwego.com/imgHD/9404f147/20260327/cmp_i1774590037292_8687_0_3.jpg"", ""https://xcimg.szwego.com/imgHD/9404f147/20260327/cmp_i1774590037294_4944_0_4.jpg"", ""https://xcimg.szwego.com/imgHD/9404f147/20260327/cmp_i1774590086262_3326_0_5.jpg"", ""https://xcimg.szwego.com/imgHD/9404f147/20260327/cmp_i1774590037294_8553_0_6.jpg"", ""https://xcimg.szwego.com/imgHD/9404f147/20260327/cmp_i1774590086287_4637_0_7.jpg"", ""https://xcimg.szwego.com/imgHD/9404f147/20260327/cmp_i1774590086261_6520_0_8.jpg""]"
_dierSNRmDm27fx_MBJ2TwAZCJRToeKhN6ouPUzg;;DIO baby小礼服 26S 重工花卉蕾丝亮片刺绣网纱连衣裙 薄荷绿纱裙采用轻薄网纱+精致花卉蕾丝刺绣并点缀亮片 清新优雅，层叠裙摆超有立体感 无袖设计+肩部小翅膀 童趣满满 顶级品质发售;0;;lrg3k8cd5bgw3jv;;Для женщин;"[""https://xcimg.szwego.com/imgHD/9404f147/20260326/cmp_i1774526931741_2029_0_0.jpg"", ""https://xcimg.szwego.com/imgHD/9404f147/20260326/cmp_i1774526934437_5140_0_1.jpg"", ""https://xcimg.szwego.com/imgHD/9404f147/20260326/cmp_i1774526934429_4355_0_2.jpg"", ""https://xcimg.szwego.com/imgHD/9404f147/20260326/cmp_i1774526931740_7563_0_3.jpg"", ""https://xcimg.szwego.com/imgHD/9404f147/20260326/cmp_i1774526931740_7857_0_4.jpg"", ""https://xcimg.szwego.com/imgHD/9404f147/20260326/cmp_i1774526934430_2835_0_5.jpg"", ""https://xcimg.szwego.com/imgHD/9404f147/20260326/cmp_i1774526934429_3228_0_6.jpg"", ""https://xcimg.szwego.com/imgHD/9404f147/20260326/cmp_i1774526931760_1825_0_7.jpg"", ""https://xcimg.szwego.com/imgHD/9404f147/20260326/cmp_i1774526931741_6046_0_8.jpg""]"
_deOrSb7bouxFyQOT1f9sI2ea6eslJ7i3WM9MpUw;;DIO baby 小礼服 26S 立体花卉多层网纱重工礼服连衣裙 白色立体花卉公主裙采用多层网纱 轻盈飘逸 点缀精致立体花卉贴片刺绣，梦幻感满满 荷叶设计修饰肩部线条 裙摆蓬松 顶级品质发售;0;;lrg3k8cd5bgw3jv;;Для женщин;"[""https://xcimg.szwego.com/imgHD/9404f147/20260326/cmp_i1774526437705_6658_0_0.jpg"", ""https://xcimg.szwego.com/imgHD/9404f147/20260326/cmp_i1774526548264_750_0_1.jpg"", ""https://xcimg.szwego.com/imgHD/9404f147/20260326/cmp_i1774526542950_2363_0_2.jpg"", ""https://xcimg.szwego.com/imgHD/9404f147/20260326/cmp_i1774526542950_3605_0_3.jpg"", ""https://xcimg.szwego.com/imgHD/9404f147/20260326/cmp_i1774526542932_2292_0_4.jpg"", ""https://xcimg.szwego.com/imgHD/9404f147/20260326/cmp_i1774526542951_7904_0_5.jpg"", ""https://xcimg.szwego.com/imgHD/9404f147/20260326/cmp_i1774526542930_3730_0_6.jpg"", ""https://xcimg.szwego.com/imgHD/9404f147/20260326/cmp_i1774526545215_6317_0_7.jpg"", ""https://xcimg.szwego.com/imgHD/9404f147/20260326/cmp_i1774526545211_6691_0_8.jpg""]"
_dp3rSpalR_RovVbbZmZ-qleMiqCJQN-LvdfQaAQ;;FED baby小礼服 26S 重工花卉刺绣网纱泡泡袖连衣裙 连衣裙奶杏色调+重工精致花卉刺绣 优雅又童趣轻薄 立体欧根纱材质，透气舒适 立领泡泡袖设计复古感 顶级品质发售;0;;lrg3k8cd5bgw3jv;;Для женщин;"[""https://xcimg.szwego.com/imgHD/9404f147/20260326/cmp_i1774526044028_3699_0_0.jpg"", ""https://xcimg.szwego.com/imgHD/9404f147/20260326/cmp_i1774526060425_9067_0_1.jpg"", ""https://xcimg.szwego.com/imgHD/9404f147/20260326/cmp_i1774526054414_4487_0_2.jpg"", ""https://xcimg.szwego.com/imgHD/9404f147/20260326/cmp_i1774526044010_113_0_3.jpg"", ""https://xcimg.szwego.com/imgHD/9404f147/20260326/cmp_i1774526054411_8092_0_4.jpg"", ""https://xcimg.szwego.com/imgHD/9404f147/20260326/cmp_i1774526054411_9845_0_5.jpg"", ""https://xcimg.szwego.com/imgHD/9404f147/20260326/cmp_i1774526044007_7298_0_6.jpg"", ""https://xcimg.szwego.com/imgHD/9404f147/20260326/cmp_i1774526060425_5316_0_7.jpg"", ""https://xcimg.szwego.com/imgHD/9404f147/20260326/cmp_i1774526044028_7837_0_8.jpg""]"
_dmarSKZ9hnuHi_Va6z9uJ9o_a9vb8Qor0fnq9Nw;;GUC baby 26S 满幅马衔扣印花翻领粉色连衣裙 连衣裙采用粉白底色＋满印马衔扣图案 清新又童趣白色翻领设计，甜美感满分 短袖A字版型裙摆自带压褶微散 灵动可爱 顶级品质发售;0;;lrg3k8cd5bgw3jv;;Для женщин;"[""https://xcimg.szwego.com/imgHD/9404f147/20260326/cmp_i1774525499363_4918_0_0.jpg"", ""https://xcimg.szwego.com/imgHD/9404f147/20260326/cmp_i1774525503748_9298_0_1.jpg"", ""https://xcimg.szwego.com/imgHD/9404f147/20260326/cmp_i1774525499363_2259_0_2.jpg"", ""https://xcimg.szwego.com/imgHD/9404f147/20260326/cmp_i1774525499363_7731_0_3.jpg"", ""https://xcimg.szwego.com/imgHD/9404f147/20260326/cmp_i1774525501886_1496_0_4.jpg"", ""https://xcimg.szwego.com/imgHD/9404f147/20260326/cmp_i1774525499363_2017_0_5.jpg"", ""https://xcimg.szwego.com/imgHD/9404f147/20260326/cmp_i1774525499363_226_0_6.jpg"", ""https://xcimg.szwego.com/imgHD/9404f147/20260326/cmp_i1774525504126_9063_0_7.jpg"", ""https://xcimg.szwego.com/imgHD/9404f147/20260326/cmp_i1774525501892_2613_0_8.jpg""]"
_d9DrSnQJC2SGs2givu1PQE6hLw1wzKzs1xtCBXQ;;DIO 26S 蝴蝶吊坠腰带老花浮雕针织连衣裙 彰显优雅气质与休闲风范 饰以 Oblique 印花喇叭形廓形，搭配罗缎腰带 饰以蝴蝶结和纯钢五金C 和 D 首字母 突显腰部曲线 顶级品质发售;0;;lrg3k8cd5bgw3jv;;Для женщин;"[""https://xcimg.szwego.com/imgHD/9404f147/20260326/cmp_i1774506209936_4344_0_0.jpg"", ""https://xcimg.szwego.com/imgHD/9404f147/20260326/cmp_i1774506209911_7055_0_1.jpg"", ""https://xcimg.szwego.com/imgHD/9404f147/20260326/cmp_i1774506209923_5097_0_2.jpg"", ""https://xcimg.szwego.com/imgHD/9404f147/20260326/cmp_i1774506209173_1486_0_3.jpg"", ""https://xcimg.szwego.com/imgHD/9404f147/20260326/cmp_i1774506209173_1284_0_4.jpg"", ""https://xcimg.szwego.com/imgHD/9404f147/20260326/cmp_i1774506204761_6783_0_5.jpg"", ""https://xcimg.szwego.com/imgHD/9404f147/20260326/cmp_i1774506217791_9921_0_6.jpg"", ""https://xcimg.szwego.com/imgHD/9404f147/20260326/cmp_i1774506205582_4523_0_7.jpg"", ""https://xcimg.szwego.com/imgHD/9404f147/20260326/cmp_i1774506205473_776_0_8.jpg""]"
_dq2rSgz4PCJYmQVBS82_ALPRfvJZhkBv9iRHxXQ;;DIO 26S 领结蝴蝶结吊坠老花浮雕针织上衣 重新诠释休闲优雅的经典标识 采用米白色科技面料精心制作，饰以同色调Oblique印花图案 常规版型 顶级品质发售;0;;lrg3k8cd5bgw3jv;;Для женщин;"[""https://xcimg.szwego.com/imgHD/9404f147/20260326/cmp_i1774506006848_8347_0_0.jpg"", ""https://xcimg.szwego.com/imgHD/9404f147/20260326/cmp_i1774506006886_5477_0_1.jpg"", ""https://xcimg.szwego.com/imgHD/9404f147/20260326/cmp_i1774506006299_38_0_2.jpg"", ""https://xcimg.szwego.com/imgHD/9404f147/20260326/cmp_i1774506010882_7051_0_3.jpg"", ""https://xcimg.szwego.com/imgHD/9404f147/20260326/cmp_i1774506006299_6014_0_4.jpg"", ""https://xcimg.szwego.com/imgHD/9404f147/20260326/cmp_i1774506006299_2739_0_5.jpg"", ""https://xcimg.szwego.com/imgHD/9404f147/20260326/cmp_i1774506017314_6129_0_6.jpg"", ""https://xcimg.szwego.com/imgHD/9404f147/20260326/cmp_i1774506012585_8534_0_7.jpg"", ""https://xcimg.szwego.com/imgHD/9404f147/20260326/cmp_i1774506010907_9164_0_8.jpg""]"
_dkarSWNBiSjTrSAItxHvKqsNbtpBaK_JhnZHybQ;;DIO 26S 蓝色徽章字母刺绣针织T恤 T恤饰以DIO Mdaillon标志 呼应沙龙十八世纪洛可可风格美学，采用蓝色棉质平纹针织面料精心制作 修身剪裁别具一格 顶级品质发售;0;;lrg3k8cd5bgw3jv;;Для женщин;"[""https://xcimg.szwego.com/imgHD/9404f147/20260326/cmp_i1774505010888_9371_0_1.jpg"", ""https://xcimg.szwego.com/imgHD/9404f147/20260326/cmp_i1774505193611_8961_0_1.jpg"", ""https://xcimg.szwego.com/imgHD/9404f147/20260326/cmp_i1774505197764_1376_0_2.jpg"", ""https://xcimg.szwego.com/imgHD/9404f147/20260326/cmp_i1774505193589_2948_0_3.jpg"", ""https://xcimg.szwego.com/imgHD/9404f147/20260326/cmp_i1774505197763_8119_0_4.jpg"", ""https://xcimg.szwego.com/imgHD/9404f147/20260326/cmp_i1774505193611_3629_0_5.jpg"", ""https://xcimg.szwego.com/imgHD/9404f147/20260326/cmp_i1774505205140_2442_0_6.jpg"", ""https://xcimg.szwego.com/imgHD/9404f147/20260326/cmp_i1774505193611_2071_0_7.jpg"", ""https://xcimg.szwego.com/imgHD/9404f147/20260326/cmp_i1774505197763_4338_0_8.jpg""]"
_dvOrStqvzuniFJcgK8E39hyjhoTQMbbPf3qpvYQ;;DIO 26S 粉色徽章字母刺绣针织T恤 T恤饰以DIO Mdaillon标志 呼应沙龙十八世纪洛可可风格美学，采用粉色棉质平纹针织面料精心制作 修身剪裁别具一格 顶级品质发售;0;;lrg3k8cd5bgw3jv;;Для женщин;"[""https://xcimg.szwego.com/imgHD/9404f147/20260326/cmp_i1774504971851_2919_0_0.jpg"", ""https://xcimg.szwego.com/imgHD/9404f147/20260326/cmp_i1774504966202_5615_0_1.jpg"", ""https://xcimg.szwego.com/imgHD/9404f147/20260326/cmp_i1774504965770_3727_0_2.jpg"", ""https://xcimg.szwego.com/imgHD/9404f147/20260326/cmp_i1774504970643_789_0_3.jpg"", ""https://xcimg.szwego.com/imgHD/9404f147/20260326/cmp_i1774504965751_4680_0_4.jpg"", ""https://xcimg.szwego.com/imgHD/9404f147/20260326/cmp_i1774504965749_9993_0_5.jpg"", ""https://xcimg.szwego.com/imgHD/9404f147/20260326/cmp_i1774504970642_4656_0_6.jpg"", ""https://xcimg.szwego.com/imgHD/9404f147/20260326/cmp_i1774504965770_30_0_7.jpg"", ""https://xcimg.szwego.com/imgHD/9404f147/20260326/cmp_i1774504970643_8591_0_8.jpg""]"
_dxQrSmGUxLVfTfHPmbZlrIGzw4gUgh8sEGaGCJg;;DIO 26S 蓝色徽章字母刺绣针织上衣 灰蓝色平纹针织 正面LES FLEURS DU MAL刺绣 灵感源自文学元素，艺术感满满 宽松圆领设计 舒适又时髦 顶级品质发售;0;;lrg3k8cd5bgw3jv;;Для женщин;"[""https://xcimg.szwego.com/imgHD/9404f147/20260326/cmp_i1774504662594_9712_0_0.jpg"", ""https://xcimg.szwego.com/imgHD/9404f147/20260326/cmp_i1774504657042_3200_0_1.jpg"", ""https://xcimg.szwego.com/imgHD/9404f147/20260326/cmp_i1774504657006_1704_0_2.jpg"", ""https://xcimg.szwego.com/imgHD/9404f147/20260326/cmp_i1774504662612_8987_0_3.jpg"", ""https://xcimg.szwego.com/imgHD/9404f147/20260326/cmp_i1774504662625_4799_0_4.jpg"", ""https://xcimg.szwego.com/imgHD/9404f147/20260326/cmp_i1774504662585_409_0_5.jpg"", ""https://xcimg.szwego.com/imgHD/9404f147/20260326/cmp_i1774504657086_5121_0_6.jpg"", ""https://xcimg.szwego.com/imgHD/9404f147/20260326/cmp_i1774504657040_6248_0_7.jpg"", ""https://xcimg.szwego.com/imgHD/9404f147/20260326/cmp_i1774504657087_8410_0_8.jpg""]"
_d9brScFJMW37-D3Of-3OY6j6YmmgZp9udK1ii6Q;;DIO 26S 立体灰色字母刺绣白色棉质T恤 字母刺绣短袖T恤 采用高品质棉料 柔软舒适 米白色简约设计，正面No Dietrich刺绣 彰显品牌态度与个性表达 顶级品质发售;0;;lrg3k8cd5bgw3jv;;Для женщин;"[""https://xcimg.szwego.com/imgHD/9404f147/20260326/cmp_i1774504360939_5627_0_0.jpg"", ""https://xcimg.szwego.com/imgHD/9404f147/20260326/cmp_i1774504360935_4095_0_1.jpg"", ""https://xcimg.szwego.com/imgHD/9404f147/20260326/cmp_i1774504361175_9616_0_2.jpg"", ""https://xcimg.szwego.com/imgHD/9404f147/20260326/cmp_i1774504350185_9358_0_3.jpg"", ""https://xcimg.szwego.com/imgHD/9404f147/20260326/cmp_i1774504360119_7556_0_4.jpg"", ""https://xcimg.szwego.com/imgHD/9404f147/20260326/cmp_i1774504369077_6263_0_5.jpg"", ""https://xcimg.szwego.com/imgHD/9404f147/20260326/cmp_i1774504350488_5518_0_6.jpg"", ""https://xcimg.szwego.com/imgHD/9404f147/20260326/cmp_i1774504360893_9820_0_7.jpg"", ""https://xcimg.szwego.com/imgHD/9404f147/20260326/cmp_i1774504350558_6392_0_8.jpg""]"
_dAarS3RwrV_eGg3fTmGbmY7dPxw-mUxOOBsV-Zg;;DIO 26S 粉色吊坠领结弹力针织上衣 针织衫重新诠释经典标识 彰显优雅的风格 采用粉色轻盈桑蚕丝针织面料精心制作，修身版型 衣领饰以装饰性蝴蝶结 顶级品质发售;0;;lrg3k8cd5bgw3jv;;Для женщин;"[""https://xcimg.szwego.com/imgHD/9404f147/20260326/cmp_i1774504108104_988_0_0.jpg"", ""https://xcimg.szwego.com/imgHD/9404f147/20260326/cmp_i1774504108103_0_0_1.jpg"", ""https://xcimg.szwego.com/imgHD/9404f147/20260326/cmp_i1774504103217_7960_0_2.jpg"", ""https://xcimg.szwego.com/imgHD/9404f147/20260326/cmp_i1774504108101_4915_0_3.jpg"", ""https://xcimg.szwego.com/imgHD/9404f147/20260326/cmp_i1774504103198_2512_0_4.jpg"", ""https://xcimg.szwego.com/imgHD/9404f147/20260326/cmp_i1774504116865_4414_0_5.jpg"", ""https://xcimg.szwego.com/imgHD/9404f147/20260326/cmp_i1774504103217_3794_0_7.jpg"", ""https://xcimg.szwego.com/imgHD/9404f147/20260326/cmp_i1774504103217_968_0_8.jpg"", ""https://xcimg.szwego.com/imgHD/9404f147/20260326/cmp_i1774504108100_4219_0_9.jpg""]"
_dwSrSvHqJt4Y0lwb5Fkfn_Lpdtv-QXFSQ2MUXdw;;DIO 26S 黑白缎面立体蝴蝶结针织毛衣 针织衫以高雅经典标识彰显时尚美感 采用白色绵羊毛混纺针织制作，衣领饰以黑色缎面蝴蝶结 点缀银色金属标志 别具一格 顶级品质发售;0;;lrg3k8cd5bgw3jv;;Для женщин;"[""https://xcimg.szwego.com/imgHD/9404f147/20260326/cmp_i1774503860287_9161_0_0.jpg"", ""https://xcimg.szwego.com/imgHD/9404f147/20260326/cmp_i1774503853955_5749_0_1.jpg"", ""https://xcimg.szwego.com/imgHD/9404f147/20260326/cmp_i1774503853912_2688_0_2.jpg"", ""https://xcimg.szwego.com/imgHD/9404f147/20260326/cmp_i1774503848575_1069_0_3.jpg"", ""https://xcimg.szwego.com/imgHD/9404f147/20260326/cmp_i1774503853222_6558_0_4.jpg"", ""https://xcimg.szwego.com/imgHD/9404f147/20260326/cmp_i1774503848575_7113_0_5.jpg"", ""https://xcimg.szwego.com/imgHD/9404f147/20260326/cmp_i1774503859814_7680_0_6.jpg"", ""https://xcimg.szwego.com/imgHD/9404f147/20260326/cmp_i1774503849167_5321_0_7.jpg"", ""https://xcimg.szwego.com/imgHD/9404f147/20260326/cmp_i1774503849095_1227_0_8.jpg""]"
_d-drSvgf409qSejMv_zIkgktnZMpA8y2769mwvQ;;DIO 26S 黑色缎面立体蝴蝶结针织毛衣 针织衫以高雅经典标识彰显时尚美感 采用黑色绵羊毛混纺针织制作，衣领饰以黑色缎面蝴蝶结 点缀银色金属标志 别具一格 顶级品质发售;0;;lrg3k8cd5bgw3jv;;Для женщин;"[""https://xcimg.szwego.com/imgHD/9404f147/20260326/cmp_i1774503574268_6623_0_0.jpg"", ""https://xcimg.szwego.com/imgHD/9404f147/20260326/cmp_i1774503566025_5214_0_1.jpg"", ""https://xcimg.szwego.com/imgHD/9404f147/20260326/cmp_i1774503566114_4182_0_2.jpg"", ""https://xcimg.szwego.com/imgHD/9404f147/20260326/cmp_i1774503565513_5228_0_5.jpg"", ""https://xcimg.szwego.com/imgHD/9404f147/20260326/cmp_i1774503560888_9491_0_3.jpg"", ""https://xcimg.szwego.com/imgHD/9404f147/20260326/cmp_i1774503565514_1409_0_4.jpg"", ""https://xcimg.szwego.com/imgHD/9404f147/20260326/cmp_i1774503574037_118_0_6.jpg"", ""https://xcimg.szwego.com/imgHD/9404f147/20260326/cmp_i1774503566059_387_0_7.jpg"", ""https://xcimg.szwego.com/imgHD/9404f147/20260326/cmp_i1774503574021_1309_0_8.jpg""]"
_dw8rSmd90lxuMEKf1lczCud6hkUZ_UJ1HMAN0hg;;ES蕾丝之王 26S 蕾丝网纱吊带花苞礼服连衣裙 精致立体蕾丝与轻盈薄纱下摆相组合、吊带设计凸显肩颈线条，内衬定位花苞裙摆造型 外层蕾丝网纱透视感十足，优雅又性感;0;;lrg3k8cd5bgw3jv;;Для женщин;"[""https://xcimg.szwego.com/imgHD/9404f147/20260325/cmp_i1774418056426_8717_0_0.jpg"", ""https://xcimg.szwego.com/imgHD/9404f147/20260325/cmp_i1774418037450_3944_0_1.jpg"", ""https://xcimg.szwego.com/imgHD/9404f147/20260325/cmp_i1774418056423_824_0_2.jpg"", ""https://xcimg.szwego.com/imgHD/9404f147/20260325/cmp_i1774418038039_4602_0_3.jpg"", ""https://xcimg.szwego.com/imgHD/9404f147/20260325/cmp_i1774418029057_3375_0_4.jpg"", ""https://xcimg.szwego.com/imgHD/9404f147/20260325/cmp_i1774418056398_9642_0_5.jpg"", ""https://xcimg.szwego.com/imgHD/9404f147/20260325/cmp_i1774418029112_5841_0_6.jpg"", ""https://xcimg.szwego.com/imgHD/9404f147/20260325/cmp_i1774418038445_9646_0_7.jpg"", ""https://xcimg.szwego.com/imgHD/9404f147/20260325/cmp_i1774418061892_9529_0_8.jpg""]"
_dkzrSvOV8T1GrQ8OLqHVZyYplR0b_kdeNrUz_aQ;;D&G 26S 黑白撞色立体花朵车线西装 定制YB复合面料 黑白拼色主义，黑色戗驳领点缀超大花朵造型 优雅又干练！缎面翻领自带光泽感 与西装白色哑光面料 描绘高贵轮廓;0;;lrg3k8cd5bgw3jv;;Для женщин;"[""https://xcimg.szwego.com/imgHD/9404f147/20260325/cmp_i1774417631840_9551_0_0.jpg"", ""https://xcimg.szwego.com/imgHD/9404f147/20260325/cmp_i1774417631841_9963_0_1.jpg"", ""https://xcimg.szwego.com/imgHD/9404f147/20260325/cmp_i1774417643364_9320_0_2.jpg"", ""https://xcimg.szwego.com/imgHD/9404f147/20260325/cmp_i1774417643364_9409_0_3.jpg"", ""https://xcimg.szwego.com/imgHD/9404f147/20260325/cmp_i1774417643364_8772_0_4.jpg"", ""https://xcimg.szwego.com/imgHD/9404f147/20260325/cmp_i1774417631970_2806_0_5.jpg"", ""https://xcimg.szwego.com/imgHD/9404f147/20260325/cmp_i1774417622638_2203_0_6.jpg"", ""https://xcimg.szwego.com/imgHD/9404f147/20260325/cmp_i1774417631821_5845_0_7.jpg"", ""https://xcimg.szwego.com/imgHD/9404f147/20260325/cmp_i1774417643364_5431_0_8.jpg""]"
_dGbrSNYSyE1LbvjSO9_gCkKNZJwkFbS6Ie_M4zA;;ES 26S 冰川蓝蕾丝衬衫休闲裤套装 牛仔印花在YB人丝面料之上 高级蕾丝拼接出品牌的象征意义，清新优雅又有层次感 轻薄透气面料 蕾丝细节优雅精致，搭配系列休闲裤 慵懒华美;0;;lrg3k8cd5bgw3jv;;Для женщин;"[""https://xcimg.szwego.com/imgHD/9404f147/20260325/cmp_i1774415503760_6162_0_0.jpg"", ""https://xcimg.szwego.com/imgHD/9404f147/20260325/cmp_i1774415502783_1976_0_1.jpg"", ""https://xcimg.szwego.com/imgHD/9404f147/20260325/cmp_i1774415493580_4579_0_2.jpg"", ""https://xcimg.szwego.com/imgHD/9404f147/20260325/cmp_i1774415489622_7343_0_3.jpg"", ""https://xcimg.szwego.com/imgHD/9404f147/20260325/cmp_i1774415493564_9424_0_4.jpg"", ""https://xcimg.szwego.com/imgHD/9404f147/20260325/cmp_i1774415493571_6125_0_5.jpg"", ""https://xcimg.szwego.com/imgHD/9404f147/20260325/cmp_i1774415493564_416_0_6.jpg"", ""https://xcimg.szwego.com/imgHD/9404f147/20260325/cmp_i1774415502782_5296_0_7.jpg"", ""https://xcimg.szwego.com/imgHD/9404f147/20260325/cmp_i1774415493566_8826_0_8.jpg""]"
_drfrSRkxnyqa0he3D70bnlLchvwA3Zp2tP4xIKA;;ES 26S 千鸟格纹黑色花卉刺绣休闲套装 优雅又有艺术感的定制YB轻薄面料，翻领廓形衬衫造型宽松剪裁显气质 花卉精致刺绣在花卉之上 饱满高贵典雅大方;0;;lrg3k8cd5bgw3jv;;Для женщин;"[""https://xcimg.szwego.com/imgHD/9404f147/20260325/cmp_i1774414986286_8541_0_0.jpg"", ""https://xcimg.szwego.com/imgHD/9404f147/20260325/cmp_i1774414992757_8278_0_1.jpg"", ""https://xcimg.szwego.com/imgHD/9404f147/20260325/cmp_i1774414978845_6041_0_2.jpg"", ""https://xcimg.szwego.com/imgHD/9404f147/20260325/cmp_i1774414978845_4263_0_3.jpg"", ""https://xcimg.szwego.com/imgHD/9404f147/20260325/cmp_i1774414982666_5362_0_4.jpg"", ""https://xcimg.szwego.com/imgHD/9404f147/20260325/cmp_i1774414982679_5328_0_5.jpg"", ""https://xcimg.szwego.com/imgHD/9404f147/20260325/cmp_i1774414982669_551_0_6.jpg"", ""https://xcimg.szwego.com/imgHD/9404f147/20260325/cmp_i1774414982672_9638_0_7.jpg"", ""https://xcimg.szwego.com/imgHD/9404f147/20260325/cmp_i1774414991831_4828_0_8.jpg""]"
_dyJrSqHZDgvQXin5Xpd7ILyI-KBY3Hyf0UPsPfw;;ES 26S 黑色水钻渐变高贵夹克西裤套装 定制廓形混纺面料 点缀竖排细密渐变水钻亮片，华丽的细闪光泽低调又奢华 经典翻领双口袋设计立体剪裁利落，职场或正式场合都能驾驭;0;;lrg3k8cd5bgw3jv;;Для женщин;"[""https://xcimg.szwego.com/imgHD/9404f147/20260325/cmp_i1774414282359_8677_0_0.jpg"", ""https://xcimg.szwego.com/imgHD/9404f147/20260325/cmp_i1774414289841_2006_0_1.jpg"", ""https://xcimg.szwego.com/imgHD/9404f147/20260325/cmp_i1774414299126_4887_0_2.jpg"", ""https://xcimg.szwego.com/imgHD/9404f147/20260325/cmp_i1774414299073_2048_0_3.jpg"", ""https://xcimg.szwego.com/imgHD/9404f147/20260325/cmp_i1774414298805_6405_0_4.jpg"", ""https://xcimg.szwego.com/imgHD/9404f147/20260325/cmp_i1774414289597_479_0_5.jpg"", ""https://xcimg.szwego.com/imgHD/9404f147/20260325/cmp_i1774414282878_9253_0_6.jpg"", ""https://xcimg.szwego.com/imgHD/9404f147/20260325/cmp_i1774414289727_4937_0_7.jpg"", ""https://xcimg.szwego.com/imgHD/9404f147/20260325/cmp_i1774414289416_9549_0_8.jpg""]"
_dtzrSVakVMspgm1p-Y637t7EJeQ8aF8oXbNI7Bw;;ES 26S 蕾丝之王大摆渐变蓝真丝连衣裙 采用轻盈桑蚕丝晕染蓝色调 立体网纱精致刺绣，层叠8米超大裙摆灵动飘逸 腰部收紧花卉设计勾勒身形曲线，法式慵懒风高贵曼妙;0;;lrg3k8cd5bgw3jv;;Для женщин;"[""https://xcimg.szwego.com/imgHD/9404f147/20260324/cmp_i1774340347561_7593_0_0.jpg"", ""https://xcimg.szwego.com/imgHD/9404f147/20260324/cmp_i1774340346561_6719_0_1.jpg"", ""https://xcimg.szwego.com/imgHD/9404f147/20260324/cmp_i1774340346561_6894_0_2.jpg"", ""https://xcimg.szwego.com/imgHD/9404f147/20260324/cmp_i1774340346561_7187_0_3.jpg"", ""https://xcimg.szwego.com/imgHD/9404f147/20260324/cmp_i1774340355779_4121_0_4.jpg"", ""https://xcimg.szwego.com/imgHD/9404f147/20260324/cmp_i1774340350260_8933_0_5.jpg"", ""https://xcimg.szwego.com/imgHD/9404f147/20260324/cmp_i1774340346561_6990_0_6.jpg"", ""https://xcimg.szwego.com/imgHD/9404f147/20260324/cmp_i1774340350277_2164_0_7.jpg"", ""https://xcimg.szwego.com/imgHD/9404f147/20260324/cmp_i1774340350264_1818_0_8.jpg""]"
_dfGrSTmJPz_uhoOAN3zxtbx1zu4DLO7AEScbmFQ;;ES 26S 蕾丝之王灰色刺绣阔腿牛仔裤 定染浅灰水洗做旧细腻质地 赋予牛仔别样的复古韵味，阔腿剪裁的松弛感 让每一步都走得随性自在 后腰盘花刺绣的巧思 展现品牌魅力;0;;lrg3k8cd5bgw3jv;;Для женщин;"[""https://xcimg.szwego.com/imgHD/9404f147/20260324/cmp_i1774339500277_6082_0_0.jpg"", ""https://xcimg.szwego.com/imgHD/9404f147/20260324/cmp_i1774339501515_799_0_1.jpg"", ""https://xcimg.szwego.com/imgHD/9404f147/20260324/cmp_i1774339495164_355_0_2.jpg"", ""https://xcimg.szwego.com/imgHD/9404f147/20260324/cmp_i1774339495163_7563_0_3.jpg"", ""https://xcimg.szwego.com/imgHD/9404f147/20260324/cmp_i1774339495160_7272_0_4.jpg"", ""https://xcimg.szwego.com/imgHD/9404f147/20260324/cmp_i1774339495159_872_0_5.jpg"", ""https://xcimg.szwego.com/imgHD/9404f147/20260324/cmp_i1774339500245_7668_0_6.jpg"", ""https://xcimg.szwego.com/imgHD/9404f147/20260324/cmp_i1774339495163_9791_0_7.jpg"", ""https://xcimg.szwego.com/imgHD/9404f147/20260324/cmp_i1774339500248_6904_0_8.jpg""]"
_daGrSnDLypDWt534yUjSQdOGuiBP3F7-s-3lCjA;;D&G 26S DNA系列粉色羊毛西装西裤套装 全新雷切尔织机工艺 羊毛材质呈现微型收腰西装夹克 定染绝美粉红色廓形 创新手法新绎经典剪裁，手工走线描绘轮廓 顶级高贵套装;0;;lrg3k8cd5bgw3jv;;Для женщин;"[""https://xcimg.szwego.com/imgHD/9404f147/20260324/cmp_i1774338675410_8487_0_0.jpg"", ""https://xcimg.szwego.com/imgHD/9404f147/20260324/cmp_i1774338680310_7052_0_1.jpg"", ""https://xcimg.szwego.com/imgHD/9404f147/20260324/cmp_i1774338670426_7337_0_2.jpg"", ""https://xcimg.szwego.com/imgHD/9404f147/20260324/cmp_i1774338680314_9082_0_3.jpg"", ""https://xcimg.szwego.com/imgHD/9404f147/20260324/cmp_i1774338670426_6821_0_4.jpg"", ""https://xcimg.szwego.com/imgHD/9404f147/20260324/cmp_i1774338670408_6820_0_5.jpg"", ""https://xcimg.szwego.com/imgHD/9404f147/20260324/cmp_i1774338670426_588_0_6.jpg"", ""https://xcimg.szwego.com/imgHD/9404f147/20260324/cmp_i1774338675173_2482_0_7.jpg"", ""https://xcimg.szwego.com/imgHD/9404f147/20260324/cmp_i1774338675173_7293_0_8.jpg""]"
_duQrSq8d-rGGVKWu2I2mo77O_xAfj-h8X-4gpCw;;ES 26S 镂空蕾丝立体花朵真丝白衬衫 法式复古风绝美衬衫 立领镂空蕾丝领口立体镶嵌真丝花朵，高贵迷人的设计尽显女性优雅迷人气质 优雅日常约会都ok;0;;lrg3k8cd5bgw3jv;;Для женщин;"[""https://xcimg.szwego.com/imgHD/9404f147/20260324/cmp_i1774338082504_2605_0_0.jpg"", ""https://xcimg.szwego.com/imgHD/9404f147/20260324/cmp_i1774338082504_5863_0_1.jpg"", ""https://xcimg.szwego.com/imgHD/9404f147/20260324/cmp_i1774338082504_185_0_2.jpg"", ""https://xcimg.szwego.com/imgHD/9404f147/20260324/cmp_i1774338082485_485_0_3.jpg"", ""https://xcimg.szwego.com/imgHD/9404f147/20260324/cmp_i1774338085715_1358_0_4.jpg"", ""https://xcimg.szwego.com/imgHD/9404f147/20260324/cmp_i1774338085713_7894_0_5.jpg"", ""https://xcimg.szwego.com/imgHD/9404f147/20260324/cmp_i1774338082504_2634_0_6.jpg"", ""https://xcimg.szwego.com/imgHD/9404f147/20260324/cmp_i1774338087500_8513_0_7.jpg"", ""https://xcimg.szwego.com/imgHD/9404f147/20260324/cmp_i1774338087449_7606_0_8.jpg""]"
_d8drSLNUbqMAo0sOH5fIo0UCRfIOM1smt4ijUQA;;ES 26S 黑白双色镂空蕾丝高腰半身裙 采用精致钩花蕾丝 立体镂空浮雕纹理营造出层次感，中长A字版型高腰设计修饰腰线 下摆处的镂空更显优雅 上身高贵迷人;0;;lrg3k8cd5bgw3jv;;Для женщин;"[""https://xcimg.szwego.com/imgHD/9404f147/20260324/cmp_i1774337371111_5372_0_0.jpg"", ""https://xcimg.szwego.com/imgHD/9404f147/20260324/cmp_i1774337387040_1984_0_1.jpg"", ""https://xcimg.szwego.com/imgHD/9404f147/20260324/cmp_i1774337387039_8866_0_2.jpg"", ""https://xcimg.szwego.com/imgHD/9404f147/20260324/cmp_i1774337370465_1422_0_3.jpg"", ""https://xcimg.szwego.com/imgHD/9404f147/20260324/cmp_i1774337387036_751_0_4.jpg"", ""https://xcimg.szwego.com/imgHD/9404f147/20260324/cmp_i1774337370465_9537_0_5.jpg"", ""https://xcimg.szwego.com/imgHD/9404f147/20260324/cmp_i1774337387031_3097_0_6.jpg"", ""https://xcimg.szwego.com/imgHD/9404f147/20260324/cmp_i1774337380924_9985_0_7.jpg"", ""https://xcimg.szwego.com/imgHD/9404f147/20260324/cmp_i1774337370465_8648_0_8.jpg""]"
_dayrSSXeVAj6oMU5YNDGqQFFu6OwTM5dnycSuaA;;TOTEME 26S 蓝白撞色条纹抽绳半身裙 条纹抽绳半裙 采用轻薄透气棉质面料 蓝白竖条纹设计简约清新，抽绳松紧腰 轻松get韩系松弛感穿搭 顶级品质发售;0;;lrg3k8cd5bgw3jv;;Для женщин;"[""https://xcimg.szwego.com/imgHD/9404f147/20260323/cmp_i1774251759923_4277_0_0.jpg"", ""https://xcimg.szwego.com/imgHD/9404f147/20260323/cmp_i1774252142591_3751_0_1.jpg"", ""https://xcimg.szwego.com/imgHD/9404f147/20260323/cmp_i1774251738368_2009_0_2.jpg"", ""https://xcimg.szwego.com/imgHD/9404f147/20260323/cmp_i1774252142591_6748_0_3.jpg"", ""https://xcimg.szwego.com/imgHD/9404f147/20260323/cmp_i1774252147459_9678_0_4.jpg"", ""https://xcimg.szwego.com/imgHD/9404f147/20260323/cmp_i1774252142591_9273_0_5.jpg"", ""https://xcimg.szwego.com/imgHD/9404f147/20260323/cmp_i1774252147461_4436_0_6.jpg"", ""https://xcimg.szwego.com/imgHD/9404f147/20260323/cmp_i1774252147377_446_0_7.jpg"", ""https://xcimg.szwego.com/imgHD/9404f147/20260323/cmp_i1774252142591_933_0_8.jpg""]"
_d_YrSSs2Ae1ma9lcB30sVoj4xcjyyKCb5OdJT2Q;;TOTEME 26S 蓝白撞色条纹休闲长袖衬衫 蓝色条纹宽松衬衫采用经典竖条纹设计 轻薄透气面料，春秋季节穿着超舒适 翻领+白色纽扣 简约复古风满满 顶级品质发售;0;;lrg3k8cd5bgw3jv;;Для женщин;"[""https://xcimg.szwego.com/imgHD/9404f147/20260323/cmp_i1774251759923_4277_0_0.jpg"", ""https://xcimg.szwego.com/imgHD/9404f147/20260323/cmp_i1774251758782_4322_0_1.jpg"", ""https://xcimg.szwego.com/imgHD/9404f147/20260323/cmp_i1774251738368_2009_0_2.jpg"", ""https://xcimg.szwego.com/imgHD/9404f147/20260323/cmp_i1774251758782_7985_0_3.jpg"", ""https://xcimg.szwego.com/imgHD/9404f147/20260323/cmp_i1774251738364_244_0_4.jpg"", ""https://xcimg.szwego.com/imgHD/9404f147/20260323/cmp_i1774251738366_3738_0_5.jpg"", ""https://xcimg.szwego.com/imgHD/9404f147/20260323/cmp_i1774251738364_2175_0_6.jpg"", ""https://xcimg.szwego.com/imgHD/9404f147/20260323/cmp_i1774251738368_8277_0_7.jpg"", ""https://xcimg.szwego.com/imgHD/9404f147/20260323/cmp_i1774251758782_8795_0_8.jpg""]"
_dGHrSnt8V2r5ZW8_1L3ewitNI-vFWGw1fdbGGDA;;D&G 26S 西西里碎花腰部褶皱真丝连衣裙 黑底碎花连衣裙 贴身舒适 垂坠感满分 复古小碎花+黑色底色，低调优雅 裙身褶皱修饰腰臀 开叉裙摆增添灵动感 顶级品质发售;0;;lrg3k8cd5bgw3jv;;Для женщин;"[""https://xcimg.szwego.com/imgHD/9404f147/20260323/cmp_i1774251261831_5711_0_0.jpg"", ""https://xcimg.szwego.com/imgHD/9404f147/20260323/cmp_i1774251261780_7291_0_1.jpg"", ""https://xcimg.szwego.com/imgHD/9404f147/20260323/cmp_i1774251257537_9226_0_2.jpg"", ""https://xcimg.szwego.com/imgHD/9404f147/20260323/cmp_i1774251257360_9818_0_3.jpg"", ""https://xcimg.szwego.com/imgHD/9404f147/20260323/cmp_i1774251261661_2919_0_4.jpg"", ""https://xcimg.szwego.com/imgHD/9404f147/20260323/cmp_i1774251257275_3205_0_5.jpg"", ""https://xcimg.szwego.com/imgHD/9404f147/20260323/cmp_i1774251261823_5453_0_6.jpg"", ""https://xcimg.szwego.com/imgHD/9404f147/20260323/cmp_i1774251261682_7722_0_7.jpg"", ""https://xcimg.szwego.com/imgHD/9404f147/20260323/cmp_i1774251270623_749_0_8.jpg""]"
_daDrSRkJor1l6vTMA4zU0i3MR0dF9zZh3H0HgSQ;;THM BRON 26S 粉色腊肠狗镂空弹力针织短袖 粉色镂空针织短袖 采用镂空针法 轻盈透气 春夏穿超舒服，正面Hector小狗镂空图案 趣味又辨识度满分 顶级品质发售;0;;lrg3k8cd5bgw3jv;;Для женщин;"[""https://xcimg.szwego.com/imgHD/9404f147/20260323/cmp_i1774246015079_6225_0_0.jpg"", ""https://xcimg.szwego.com/imgHD/9404f147/20260323/cmp_i1774246019706_1681_0_1.jpg"", ""https://xcimg.szwego.com/imgHD/9404f147/20260323/cmp_i1774246015079_7413_0_2.jpg"", ""https://xcimg.szwego.com/imgHD/9404f147/20260323/cmp_i1774246019694_3637_0_3.jpg"", ""https://xcimg.szwego.com/imgHD/9404f147/20260323/cmp_i1774246019697_3072_0_4.jpg"", ""https://xcimg.szwego.com/imgHD/9404f147/20260323/cmp_i1774246019692_8695_0_5.jpg"", ""https://xcimg.szwego.com/imgHD/9404f147/20260323/cmp_i1774246015080_1108_0_6.jpg"", ""https://xcimg.szwego.com/imgHD/9404f147/20260323/cmp_i1774246015080_1332_0_7.jpg"", ""https://xcimg.szwego.com/imgHD/9404f147/20260323/cmp_i1774246015057_1786_0_8.jpg""]"
_dvmrSzMENyXwa1vxqVtlc8pyqs5TfuaXJJLAyww;;CHL 26S 粉色火烈鸟印花印花圆领T恤 火烈鸟印花T恤 黑色纯棉材质 正面粉色火烈鸟+品牌Logo，简约又有辨识度 宽松版型 舒适透气 顶级品质发售;0;;lrg3k8cd5bgw3jv;;Для женщин;"[""https://xcimg.szwego.com/imgHD/9404f147/20260323/cmp_i1774245718640_8943_0_0.jpg"", ""https://xcimg.szwego.com/imgHD/9404f147/20260323/cmp_i1774245719939_492_0_1.jpg"", ""https://xcimg.szwego.com/imgHD/9404f147/20260323/cmp_i1774245720209_9212_0_2.jpg"", ""https://xcimg.szwego.com/imgHD/9404f147/20260323/cmp_i1774245727793_8493_0_3.jpg"", ""https://xcimg.szwego.com/imgHD/9404f147/20260323/cmp_i1774245718762_5717_0_4.jpg"", ""https://xcimg.szwego.com/imgHD/9404f147/20260323/cmp_i1774245719975_9790_0_5.jpg"", ""https://xcimg.szwego.com/imgHD/9404f147/20260323/cmp_i1774245727794_6484_0_6.jpg"", ""https://xcimg.szwego.com/imgHD/9404f147/20260323/cmp_i1774245728314_2126_0_7.jpg"", ""https://xcimg.szwego.com/imgHD/9404f147/20260323/cmp_i1774245728026_3771_0_8.jpg""]"
_daErSTq2X6XE_v5IkQmmPfIBCPIT6p6c4RnjjXw;;MIU 26S miu蓝色廓形休闲翻领夹克 采用轻便梭织面料 防风又舒适 春秋季节穿超合适 胸前品牌徽标刺绣，辨识度满分 袖口和下摆抽绳设计 实用又时髦 顶级品质发售;0;;lrg3k8cd5bgw3jv;;Для женщин;"[""https://xcimg.szwego.com/imgHD/9404f147/20260323/cmp_i1774245199895_3612_0_2.jpg"", ""https://xcimg.szwego.com/imgHD/9404f147/20260323/cmp_i1774245495614_1145_0_1.jpg"", ""https://xcimg.szwego.com/imgHD/9404f147/20260323/cmp_i1774245499802_3395_0_2.jpg"", ""https://xcimg.szwego.com/imgHD/9404f147/20260323/cmp_i1774245499761_5272_0_3.jpg"", ""https://xcimg.szwego.com/imgHD/9404f147/20260323/cmp_i1774245499802_7538_0_4.jpg"", ""https://xcimg.szwego.com/imgHD/9404f147/20260323/cmp_i1774245495595_174_0_5.jpg"", ""https://xcimg.szwego.com/imgHD/9404f147/20260323/cmp_i1774245495595_1788_0_6.jpg"", ""https://xcimg.szwego.com/imgHD/9404f147/20260323/cmp_i1774245505874_748_0_7.jpg"", ""https://xcimg.szwego.com/imgHD/9404f147/20260323/cmp_i1774245499759_1132_0_8.jpg""]"
_daKrSCUQEPZd53Lo4Flc67QkoqHKwN-DJ99rbiA;;MIU 26S miu卡其廓形休闲翻领夹克 采用轻便梭织面料 防风又舒适 春秋季节穿超合适 胸前品牌徽标刺绣，辨识度满分 袖口和下摆抽绳设计 实用又时髦 顶级品质发售;0;;lrg3k8cd5bgw3jv;;Для женщин;"[""https://xcimg.szwego.com/imgHD/9404f147/20260323/cmp_i1774245215094_2481_0_0.jpg"", ""https://xcimg.szwego.com/imgHD/9404f147/20260323/cmp_i1774245215099_9477_0_1.jpg"", ""https://xcimg.szwego.com/imgHD/9404f147/20260323/cmp_i1774245199895_3612_0_2.jpg"", ""https://xcimg.szwego.com/imgHD/9404f147/20260323/cmp_i1774245204805_8130_0_3.jpg"", ""https://xcimg.szwego.com/imgHD/9404f147/20260323/cmp_i1774245205537_4390_0_4.jpg"", ""https://xcimg.szwego.com/imgHD/9404f147/20260323/cmp_i1774245204805_6262_0_5.jpg"", ""https://xcimg.szwego.com/imgHD/9404f147/20260323/cmp_i1774245204804_5234_0_6.jpg"", ""https://xcimg.szwego.com/imgHD/9404f147/20260323/cmp_i1774245215161_8530_0_7.jpg"", ""https://xcimg.szwego.com/imgHD/9404f147/20260323/cmp_i1774245215085_5446_0_8.jpg""]"
_drirS22f5RlhNz7sAIGtPefgsZ9hWX0i--Lymgw;;MIU 26S 镂空花纹弹力针织圆领短袖 白色镂空针织短袖 羊毛混纺材质 柔软亲肤 透气性超赞 复古镂空花纹，细节满满 圆领+短袖设计 简约优雅 顶级品质发售;0;;lrg3k8cd5bgw3jv;;Для женщин;"[""https://xcimg.szwego.com/imgHD/9404f147/20260323/cmp_i1774245034126_4409_0_0.jpg"", ""https://xcimg.szwego.com/imgHD/9404f147/20260323/cmp_i1774245019508_7912_0_1.jpg"", ""https://xcimg.szwego.com/imgHD/9404f147/20260323/cmp_i1774245025595_1798_0_2.jpg"", ""https://xcimg.szwego.com/imgHD/9404f147/20260323/cmp_i1774245033597_9347_0_3.jpg"", ""https://xcimg.szwego.com/imgHD/9404f147/20260323/cmp_i1774245019238_1201_0_4.jpg"", ""https://xcimg.szwego.com/imgHD/9404f147/20260323/cmp_i1774245033650_9389_0_5.jpg"", ""https://xcimg.szwego.com/imgHD/9404f147/20260323/cmp_i1774245024070_4970_0_6.jpg"", ""https://xcimg.szwego.com/imgHD/9404f147/20260323/cmp_i1774245025520_3795_0_7.jpg"", ""https://xcimg.szwego.com/imgHD/9404f147/20260323/cmp_i1774245025459_1313_0_8.jpg""]"
_diYrS9QuZX8azOLNAhxSyw9Tps-ZbKUJqByH7DQ;;MIU 26S 一字肩吊带棕色V领开衫 棕色针织开衫 羊毛混纺材质柔软又保暖 春秋季节超适合，一字肩+可调节肩带 穿法多变正面反面都能穿 顶级品质发售;0;;lrg3k8cd5bgw3jv;;Для женщин;"[""https://xcimg.szwego.com/imgHD/9404f147/20260323/cmp_i1774244817334_2361_0_0.jpg"", ""https://xcimg.szwego.com/imgHD/9404f147/20260323/cmp_i1774244817296_4169_0_1.jpg"", ""https://xcimg.szwego.com/imgHD/9404f147/20260323/cmp_i1774244570014_1177_0_2.jpg"", ""https://xcimg.szwego.com/imgHD/9404f147/20260323/cmp_i1774244816499_45_0_3.jpg"", ""https://xcimg.szwego.com/imgHD/9404f147/20260323/cmp_i1774244829606_9768_0_4.jpg"", ""https://xcimg.szwego.com/imgHD/9404f147/20260323/cmp_i1774244826708_7552_0_5.jpg"", ""https://xcimg.szwego.com/imgHD/9404f147/20260323/cmp_i1774244817273_8116_0_6.jpg"", ""https://xcimg.szwego.com/imgHD/9404f147/20260323/cmp_i1774244817322_9194_0_7.jpg"", ""https://xcimg.szwego.com/imgHD/9404f147/20260323/cmp_i1774244829694_8145_0_8.jpg""]"
_dpurSUVTlk5UWmYglxLJ33a7bCMB8N-N_Mi7I6A;;MIU 26S 墨绿拼色休闲Polo领短袖T恤 墨绿色Polo衫 复古运动风设计 棉质面料柔软透气 夏天穿超舒服，肩部白色条纹+深色拼接 层次感满满 顶级品质发售;0;;lrg3k8cd5bgw3jv;;Для женщин;"[""https://xcimg.szwego.com/imgHD/9404f147/20260323/cmp_i1774244564329_9478_0_0.jpg"", ""https://xcimg.szwego.com/imgHD/9404f147/20260323/cmp_i1774244569717_6916_0_1.jpg"", ""https://xcimg.szwego.com/imgHD/9404f147/20260323/cmp_i1774244570014_1177_0_2.jpg"", ""https://xcimg.szwego.com/imgHD/9404f147/20260323/cmp_i1774244567613_6894_0_3.jpg"", ""https://xcimg.szwego.com/imgHD/9404f147/20260323/cmp_i1774244586222_3034_0_4.jpg"", ""https://xcimg.szwego.com/imgHD/9404f147/20260323/cmp_i1774244586284_7410_0_5.jpg"", ""https://xcimg.szwego.com/imgHD/9404f147/20260323/cmp_i1774244568450_5634_0_6.jpg"", ""https://xcimg.szwego.com/imgHD/9404f147/20260323/cmp_i1774244569835_979_0_7.jpg"", ""https://xcimg.szwego.com/imgHD/9404f147/20260323/cmp_i1774244586633_8418_0_8.jpg""]"
_dxlrSrLarUnmbAAk6Z7GSxT1rwkt43Oo_SHAWmg;;MIU 26S 黑白墨绿条纹弹力针织T恤 条纹针织短袖 奶白底配深绿黑条纹 清新简约超有春夏氛围感，高品质针织 亲肤透气 修身版型显瘦又贴合 细节满分 顶级品质发售;0;;lrg3k8cd5bgw3jv;;Для женщин;"[""https://xcimg.szwego.com/imgHD/9404f147/20260323/cmp_i1774244161250_1018_0_8.jpg"", ""https://xcimg.szwego.com/imgHD/9404f147/20260323/cmp_i1774244378101_5086_0_1.jpg"", ""https://xcimg.szwego.com/imgHD/9404f147/20260323/cmp_i1774244388680_7619_0_2.jpg"", ""https://xcimg.szwego.com/imgHD/9404f147/20260323/cmp_i1774244378183_7331_0_3.jpg"", ""https://xcimg.szwego.com/imgHD/9404f147/20260323/cmp_i1774244376354_3703_0_4.jpg"", ""https://xcimg.szwego.com/imgHD/9404f147/20260323/cmp_i1774244372594_1860_0_5.jpg"", ""https://xcimg.szwego.com/imgHD/9404f147/20260323/cmp_i1774244388544_4058_0_6.jpg"", ""https://xcimg.szwego.com/imgHD/9404f147/20260323/cmp_i1774244388599_8906_0_7.jpg"", ""https://xcimg.szwego.com/imgHD/9404f147/20260323/cmp_i1774244377894_7813_0_8.jpg""]"
_dkXrSc8Epvc7DyZrv-4UISRFgmntByqDdJ4wLAg;;MIU 26S 蓝黄条纹弹力针织无袖背心 深蓝色 黄 白条纹针织背心 柔软贴身 夏天穿超舒服 无袖设计+miu字，品牌感满满 条纹元素经典百搭 顶级品质发售;0;;lrg3k8cd5bgw3jv;;Для женщин;"[""https://xcimg.szwego.com/imgHD/9404f147/20260323/cmp_i1774244161948_3014_0_6.jpg"", ""https://xcimg.szwego.com/imgHD/9404f147/20260323/cmp_i1774244149153_3217_0_7.jpg"", ""https://xcimg.szwego.com/imgHD/9404f147/20260323/cmp_i1774244161250_1018_0_8.jpg"", ""https://xcimg.szwego.com/imgHD/9404f147/20260323/cmp_i1774244161910_8306_0_9.jpg"", ""https://xcimg.szwego.com/imgHD/9404f147/20260323/cmp_i1774244148838_5117_0_10.jpg"", ""https://xcimg.szwego.com/imgHD/9404f147/20260323/cmp_i1774244161939_626_0_11.jpg"", ""https://xcimg.szwego.com/imgHD/9404f147/20260323/cmp_i1774244149128_3796_0_12.jpg"", ""https://xcimg.szwego.com/imgHD/9404f147/20260323/cmp_i1774244168422_3752_0_13.jpg"", ""https://xcimg.szwego.com/imgHD/9404f147/20260323/cmp_i1774244161930_6615_0_14.jpg""]"
_dlXrSlrk5ST0jYWcYkYV73xJTaY9IOJ6wxRBbfA;;CEL 26S CHASSEUR黑金羊毛呢腰带夹克 黑色粗花呢羊毛混纺，肩垫腰带廓形时髦高贵 凯旋门双排扣五金金属装饰，腰带可调节 打造宽肩窄腰比例 系列明星单品;0;;lrg3k8cd5bgw3jv;;Для женщин;"[""https://xcimg.szwego.com/imgHD/9404f147/20260322/cmp_i1774162741379_6109_0_0.jpg"", ""https://xcimg.szwego.com/imgHD/9404f147/20260322/cmp_i1774162741308_5390_0_1.jpg"", ""https://xcimg.szwego.com/imgHD/9404f147/20260322/cmp_i1774162741322_2075_0_2.jpg"", ""https://xcimg.szwego.com/imgHD/9404f147/20260322/cmp_i1774162741293_2588_0_3.jpg"", ""https://xcimg.szwego.com/imgHD/9404f147/20260322/cmp_i1774162756443_7289_0_8.jpg"", ""https://xcimg.szwego.com/imgHD/9404f147/20260322/cmp_i1774162747698_9853_0_5.jpg"", ""https://xcimg.szwego.com/imgHD/9404f147/20260322/cmp_i1774162748297_3322_0_6.jpg"", ""https://xcimg.szwego.com/imgHD/9404f147/20260322/cmp_i1774162748253_5033_0_7.jpg"", ""https://xcimg.szwego.com/imgHD/9404f147/20260322/cmp_i1774162748293_6923_0_8.jpg""]"
_djTrSSbBblG3B6JkVwO7x-3sR0oiAbF6I9kRA7A;;"CEL 26S 凯旋门马车双色斜纹真丝方巾 选用重磅斜纹真丝面料 经典""C""字母马车图案 彰显品牌辨识度、红色与摩卡红棕拼色 适合做围巾 发带或裹胸 轻松提升造型感";0;;lrg3k8cd5bgw3jv;;Для женщин;"[""https://xcimg.szwego.com/imgHD/9404f147/20260322/cmp_i1774162458613_2766_0_0.jpg"", ""https://xcimg.szwego.com/imgHD/9404f147/20260322/cmp_i1774162458655_4296_0_1.jpg"", ""https://xcimg.szwego.com/imgHD/9404f147/20260322/cmp_i1774162458533_9566_0_2.jpg"", ""https://xcimg.szwego.com/imgHD/9404f147/20260322/cmp_i1774162458587_3450_0_3.jpg"", ""https://xcimg.szwego.com/imgHD/9404f147/20260322/cmp_i1774162464622_7176_0_4.jpg"", ""https://xcimg.szwego.com/imgHD/9404f147/20260322/cmp_i1774162464525_6830_0_5.jpg"", ""https://xcimg.szwego.com/imgHD/9404f147/20260322/cmp_i1774162469433_425_0_6.jpg"", ""https://xcimg.szwego.com/imgHD/9404f147/20260322/cmp_i1774162469431_4374_0_7.jpg"", ""https://xcimg.szwego.com/imgHD/9404f147/20260322/cmp_i1774162458557_5456_0_8.jpg""]"
_dlkrSlixfpgyXMC7y8ELoCjbjNdLPH4RPEYGVJw;;"CEL 26S 凯旋门马车双色斜纹真丝方巾 选用重磅斜纹真丝面料 经典""C""字母马车图案 彰显品牌辨识度、棕色与米色拼色 适合做围巾 发带或裹胸 轻松提升造型感";0;;lrg3k8cd5bgw3jv;;Для женщин;"[""https://xcimg.szwego.com/imgHD/9404f147/20260322/cmp_i1774162200835_9725_0_0.jpg"", ""https://xcimg.szwego.com/imgHD/9404f147/20260322/cmp_i1774162200608_6684_0_1.jpg"", ""https://xcimg.szwego.com/imgHD/9404f147/20260322/cmp_i1774162194783_2715_0_2.jpg"", ""https://xcimg.szwego.com/imgHD/9404f147/20260322/cmp_i1774162194758_81_0_3.jpg"", ""https://xcimg.szwego.com/imgHD/9404f147/20260322/cmp_i1774162200706_5590_0_4.jpg"", ""https://xcimg.szwego.com/imgHD/9404f147/20260322/cmp_i1774162200209_7243_0_5.jpg"", ""https://xcimg.szwego.com/imgHD/9404f147/20260322/cmp_i1774162200415_2162_0_6.jpg"", ""https://xcimg.szwego.com/imgHD/9404f147/20260322/cmp_i1774162212148_6745_0_7.jpg"", ""https://xcimg.szwego.com/imgHD/9404f147/20260322/cmp_i1774162194592_587_0_8.jpg""]"
_d9-rSa8KLceiG3eCbTa8K7O_gQUKJyn5Kir1CNQ;;"CEL 26S 复古手绘涂鸦街头感长袖T恤 宽松版型男女同款 舒适透气纯棉材质 正面红蓝涂鸦+""PARIS""字样，背面也有涂鸦 呈现艺术感街头风 顶级品质发售";0;;lrg3k8cd5bgw3jv;;Для женщин;"[""https://xcimg.szwego.com/imgHD/9404f147/20260322/cmp_i1774161989557_8886_0_0.jpg"", ""https://xcimg.szwego.com/imgHD/9404f147/20260322/cmp_i1774161995094_6978_0_1.jpg"", ""https://xcimg.szwego.com/imgHD/9404f147/20260322/cmp_i1774161989408_2781_0_2.jpg"", ""https://xcimg.szwego.com/imgHD/9404f147/20260322/cmp_i1774161983289_1855_0_3.jpg"", ""https://xcimg.szwego.com/imgHD/9404f147/20260322/cmp_i1774161995039_3449_0_4.jpg"", ""https://xcimg.szwego.com/imgHD/9404f147/20260322/cmp_i1774161987178_7224_0_5.jpg"", ""https://xcimg.szwego.com/imgHD/9404f147/20260322/cmp_i1774161989288_7961_0_6.jpg"", ""https://xcimg.szwego.com/imgHD/9404f147/20260322/cmp_i1774161989547_9177_0_7.jpg"", ""https://xcimg.szwego.com/imgHD/9404f147/20260322/cmp_i1774161995021_2363_0_8.jpg""]"
_dn4rSL5y8GQ9_B8ccgQ_RXBBO6VmOulwS-Fhn4Q;;LOUIS 26S 金扣连帽抽绳休闲真丝连衣裙 高质感重磅真丝面料连帽翻领设计，腰间抽绳可调节廓形 老花金属装饰呈现品牌感 抽绳造型 黑金配色贵气简约;0;;lrg3k8cd5bgw3jv;;Для женщин;"[""https://xcimg.szwego.com/imgHD/9404f147/20260322/cmp_i1774161680911_7242_0_0.jpg"", ""https://xcimg.szwego.com/imgHD/9404f147/20260322/cmp_i1774161686509_5067_0_1.jpg"", ""https://xcimg.szwego.com/imgHD/9404f147/20260322/cmp_i1774161688808_6086_0_2.jpg"", ""https://xcimg.szwego.com/imgHD/9404f147/20260322/cmp_i1774161688395_6388_0_3.jpg"", ""https://xcimg.szwego.com/imgHD/9404f147/20260322/cmp_i1774161688394_8625_0_4.jpg"", ""https://xcimg.szwego.com/imgHD/9404f147/20260322/cmp_i1774161680070_3884_0_5.jpg"", ""https://xcimg.szwego.com/imgHD/9404f147/20260322/cmp_i1774161680455_2057_0_10.jpg"", ""https://xcimg.szwego.com/imgHD/9404f147/20260322/cmp_i1774161680941_2084_0_11.jpg"", ""https://xcimg.szwego.com/imgHD/9404f147/20260322/cmp_i1774161680888_1718_0_12.jpg""]"
_dagrS3_NUuqP7DhsstT2zZY1TViVoi1mDg6y-MQ;;MIU 26S 黄绿条纹交叉露背针织背心 柔软针织面料修身剪裁 复古美式风格无袖露背设计，肩颈线条露背造型感适合夏装清爽 内里可搭配衬衫或T恤 撞色条纹显白又活力;0;;lrg3k8cd5bgw3jv;;Для женщин;"[""https://xcimg.szwego.com/imgHD/9404f147/20260322/cmp_i1774161220654_9490_0_0.jpg"", ""https://xcimg.szwego.com/imgHD/9404f147/20260322/cmp_i1774161220655_3185_0_1.jpg"", ""https://xcimg.szwego.com/imgHD/9404f147/20260322/cmp_i1774161220658_5693_0_2.jpg"", ""https://xcimg.szwego.com/imgHD/9404f147/20260322/cmp_i1774161215854_7671_0_3.jpg"", ""https://xcimg.szwego.com/imgHD/9404f147/20260322/cmp_i1774161220654_6649_0_4.jpg"", ""https://xcimg.szwego.com/imgHD/9404f147/20260322/cmp_i1774161215873_9400_0_5.jpg"", ""https://xcimg.szwego.com/imgHD/9404f147/20260322/cmp_i1774161220651_7238_0_6.jpg"", ""https://xcimg.szwego.com/imgHD/9404f147/20260322/cmp_i1774161215873_2139_0_7.jpg"", ""https://xcimg.szwego.com/imgHD/9404f147/20260322/cmp_i1774161215873_4253_0_8.jpg""]"
_dmOrSZIImk3ESL16edD6vvO9IOz1U2YqWFLY2Ww;;PRA 26S 尼龙腰带翻领廓形大摆连衣裙 Re-Nylon以其创新的技术特性和高雅的精致感 表达了PD美学的双重性，立领超大摆连衣裙结合了女性化线条和简约风格，辅以腰带实用细节和运动元素;0;;lrg3k8cd5bgw3jv;;Для женщин;"[""https://xcimg.szwego.com/imgHD/9404f147/20260322/cmp_i1774159756996_1864_0_0.jpg"", ""https://xcimg.szwego.com/imgHD/9404f147/20260322/cmp_i1774159756958_5798_0_1.jpg"", ""https://xcimg.szwego.com/imgHD/9404f147/20260322/cmp_i1774159745219_39_0_2.jpg"", ""https://xcimg.szwego.com/imgHD/9404f147/20260322/cmp_i1774159745295_9496_0_3.jpg"", ""https://xcimg.szwego.com/imgHD/9404f147/20260322/cmp_i1774159745201_2680_0_4.jpg"", ""https://xcimg.szwego.com/imgHD/9404f147/20260322/cmp_i1774159750783_5122_0_5.jpg"", ""https://xcimg.szwego.com/imgHD/9404f147/20260322/cmp_i1774159744412_8935_0_6.jpg"", ""https://xcimg.szwego.com/imgHD/9404f147/20260322/cmp_i1774159750768_3141_0_7.jpg"", ""https://xcimg.szwego.com/imgHD/9404f147/20260322/cmp_i1774159750796_1740_0_8.jpg""]"
_drGrSxBfjfSY3T8ZkElaEaUe2rci5vUOK1tzpEg;;PRA 26S 尼龙连帽立领廓形抽绳夹克 Re-Nylon以其创新的技术特性和高雅的精致感，表达了PD美学的双重性 可隐藏连帽立领设计 下摆抽绳简约风格，时髦短款增添运动元素;0;;lrg3k8cd5bgw3jv;;Для женщин;"[""https://xcimg.szwego.com/imgHD/9404f147/20260322/cmp_i1774158804896_1287_0_0.jpg"", ""https://xcimg.szwego.com/imgHD/9404f147/20260322/cmp_i1774158804827_9866_0_1.jpg"", ""https://xcimg.szwego.com/imgHD/9404f147/20260322/cmp_i1774158809890_7744_0_2.jpg"", ""https://xcimg.szwego.com/imgHD/9404f147/20260322/cmp_i1774158809689_2898_0_3.jpg"", ""https://xcimg.szwego.com/imgHD/9404f147/20260322/cmp_i1774158804233_3374_0_4.jpg"", ""https://xcimg.szwego.com/imgHD/9404f147/20260322/cmp_i1774158809503_3511_0_5.jpg"", ""https://xcimg.szwego.com/imgHD/9404f147/20260322/cmp_i1774158804870_350_0_6.jpg"", ""https://xcimg.szwego.com/imgHD/9404f147/20260322/cmp_i1774158809500_2144_0_7.jpg"", ""https://xcimg.szwego.com/imgHD/9404f147/20260322/cmp_i1774158804862_5376_0_8.jpg""]"
_d-UrSl9K13mh1JorR0puP_PaesGWOc6gkn812cQ;;PRA 26S 尼龙腰带翻领廓形连衣裙 Re-Nylon以其创新的技术特性和高雅的精致感，表达了PD美学的双重性 迷你连衣裙结合了女性化线条和简约风格，辅以腰带实用细节和运动元素;0;;lrg3k8cd5bgw3jv;;Для женщин;"[""https://xcimg.szwego.com/imgHD/9404f147/20260322/cmp_i1774158375988_6135_0_0.jpg"", ""https://xcimg.szwego.com/imgHD/9404f147/20260322/cmp_i1774158380850_5141_0_1.jpg"", ""https://xcimg.szwego.com/imgHD/9404f147/20260322/cmp_i1774158370061_5647_0_2.jpg"", ""https://xcimg.szwego.com/imgHD/9404f147/20260322/cmp_i1774158375931_8741_0_3.jpg"", ""https://xcimg.szwego.com/imgHD/9404f147/20260322/cmp_i1774158380747_7820_0_4.jpg"", ""https://xcimg.szwego.com/imgHD/9404f147/20260322/cmp_i1774158375711_2718_0_5.jpg"", ""https://xcimg.szwego.com/imgHD/9404f147/20260322/cmp_i1774158370062_9400_0_6.jpg"", ""https://xcimg.szwego.com/imgHD/9404f147/20260322/cmp_i1774158375955_7547_0_7.jpg"", ""https://xcimg.szwego.com/imgHD/9404f147/20260322/cmp_i1774158380758_2422_0_8.jpg""]"
_djDrSlWKc88sGDFjgYVSYcWxS_Aj1hfngLoB4Dg;;BC 26S 摩卡红棉麻棕色西装西裤套装 高品质棉麻廓形 质地哑光高级色泽，双排扣戗驳领设计复古大气 剪裁利落，肩线腰线修饰身形 点缀天然牛角扣 沉稳高贵;0;;lrg3k8cd5bgw3jv;;Для женщин;"[""https://xcimg.szwego.com/imgHD/9404f147/20260321/cmp_i1774075958225_1551_0_0.jpg"", ""https://xcimg.szwego.com/imgHD/9404f147/20260321/cmp_i1774075961157_1943_0_1.jpg"", ""https://xcimg.szwego.com/imgHD/9404f147/20260321/cmp_i1774075954465_3201_0_2.jpg"", ""https://xcimg.szwego.com/imgHD/9404f147/20260321/cmp_i1774075948330_5705_0_3.jpg"", ""https://xcimg.szwego.com/imgHD/9404f147/20260321/cmp_i1774075948326_2287_0_4.jpg"", ""https://xcimg.szwego.com/imgHD/9404f147/20260321/cmp_i1774075961159_5676_0_5.jpg"", ""https://xcimg.szwego.com/imgHD/9404f147/20260321/cmp_i1774075948326_2723_0_6.jpg"", ""https://xcimg.szwego.com/imgHD/9404f147/20260321/cmp_i1774075948328_5490_0_7.jpg"", ""https://xcimg.szwego.com/imgHD/9404f147/20260321/cmp_i1774075948328_765_0_8.jpg""]"
_dufrS4lFvEC2t5AbXWjY-2WL286cS8BrTObxx6g;;BC 26S 靓丽珠片花卉刺绣真丝背心 轻盈却有挺度的Crispy真丝材质 立体花朵刺绣在成衣之上，精致刺绣搭配低调亮片 带来恰到好处的光泽感 绝美低调闪耀;0;;lrg3k8cd5bgw3jv;;Для женщин;"[""https://xcimg.szwego.com/imgHD/9404f147/20260321/cmp_i1774075514632_4354_0_0.jpg"", ""https://xcimg.szwego.com/imgHD/9404f147/20260321/cmp_i1774075514632_6989_0_1.jpg"", ""https://xcimg.szwego.com/imgHD/9404f147/20260321/cmp_i1774075520264_249_0_2.jpg"", ""https://xcimg.szwego.com/imgHD/9404f147/20260321/cmp_i1774075514632_467_0_3.jpg"", ""https://xcimg.szwego.com/imgHD/9404f147/20260321/cmp_i1774075520272_2400_0_4.jpg"", ""https://xcimg.szwego.com/imgHD/9404f147/20260321/cmp_i1774075514614_1373_0_5.jpg"", ""https://xcimg.szwego.com/imgHD/9404f147/20260321/cmp_i1774075520264_7103_0_6.jpg"", ""https://xcimg.szwego.com/imgHD/9404f147/20260321/cmp_i1774075520269_1910_0_7.jpg"", ""https://xcimg.szwego.com/imgHD/9404f147/20260321/cmp_i1774075514613_1666_0_8.jpg""]"
_d_KrS-OhlIFtfahYY_fA1FFfdy6xk-znl9RXgdw;;BC 26S 双肩串珠花卉老钱风连衣裙 府绸棉材质轻盈廓形 米白底配抽象花卉 优雅又有度假感，V领弹力收腰设计修饰身形 裙摆及踝 通勤度假正式场合都能轻松驾驭;0;;lrg3k8cd5bgw3jv;;Для женщин;"[""https://xcimg.szwego.com/imgHD/9404f147/20260321/cmp_i1774075054696_1301_0_0.jpg"", ""https://xcimg.szwego.com/imgHD/9404f147/20260321/cmp_i1774075065336_3719_0_1.jpg"", ""https://xcimg.szwego.com/imgHD/9404f147/20260321/cmp_i1774075065332_8550_0_2.jpg"", ""https://xcimg.szwego.com/imgHD/9404f147/20260321/cmp_i1774075065331_1545_0_3.jpg"", ""https://xcimg.szwego.com/imgHD/9404f147/20260321/cmp_i1774075052848_8818_0_4.jpg"", ""https://xcimg.szwego.com/imgHD/9404f147/20260321/cmp_i1774075048577_7719_0_5.jpg"", ""https://xcimg.szwego.com/imgHD/9404f147/20260321/cmp_i1774075048578_6119_0_6.jpg"", ""https://xcimg.szwego.com/imgHD/9404f147/20260321/cmp_i1774075052874_9763_0_7.jpg"", ""https://xcimg.szwego.com/imgHD/9404f147/20260321/cmp_i1774075052850_6048_0_8.jpg""]"
_dugrSq5pKA-OK4X_kCMkZianCoKxqPBIXEVVdag;;BC 26S 老钱风亚麻翻领下摆抽绳衬衫 采用进口亚麻混纺透气抗皱处理 宽松廓形落肩袖随性慵懒，轻松打造老钱风松弛感！浅 卡其色低调百搭 通勤度假都能轻松驾驭;0;;lrg3k8cd5bgw3jv;;Для женщин;"[""https://xcimg.szwego.com/imgHD/9404f147/20260321/cmp_i1774074730688_2186_0_0.jpg"", ""https://xcimg.szwego.com/imgHD/9404f147/20260321/cmp_i1774074729813_3597_0_1.jpg"", ""https://xcimg.szwego.com/imgHD/9404f147/20260321/cmp_i1774074724167_251_0_2.jpg"", ""https://xcimg.szwego.com/imgHD/9404f147/20260321/cmp_i1774074729816_2158_0_3.jpg"", ""https://xcimg.szwego.com/imgHD/9404f147/20260321/cmp_i1774074729823_1864_0_4.jpg"", ""https://xcimg.szwego.com/imgHD/9404f147/20260321/cmp_i1774074724164_6358_0_5.jpg"", ""https://xcimg.szwego.com/imgHD/9404f147/20260321/cmp_i1774074724165_215_0_6.jpg"", ""https://xcimg.szwego.com/imgHD/9404f147/20260321/cmp_i1774074724168_5580_0_7.jpg"", ""https://xcimg.szwego.com/imgHD/9404f147/20260321/cmp_i1774074724167_9670_0_8.jpg""]"
_dihrSzgB6BGgGlzr9Kz0d0oJMh1qsAX6vyPz24Q;;Zimm Wanderlust 26S 系列斑马纹棉纱吊带裙 棕米色斑马纹设计轻盈飘逸面料 细肩带超大裙摆 修身显瘦吊带凸显颈部线条，裙摆宽松灵动，营造度假氛围;0;;lrg3k8cd5bgw3jv;;Для женщин;"[""https://xcimg.szwego.com/imgHD/9404f147/20260321/cmp_i1774074355666_3999_0_0.jpg"", ""https://xcimg.szwego.com/imgHD/9404f147/20260321/cmp_i1774074361750_6155_0_1.jpg"", ""https://xcimg.szwego.com/imgHD/9404f147/20260321/cmp_i1774074361760_4966_0_2.jpg"", ""https://xcimg.szwego.com/imgHD/9404f147/20260321/cmp_i1774074349676_7328_0_3.jpg"", ""https://xcimg.szwego.com/imgHD/9404f147/20260321/cmp_i1774074354295_2814_0_4.jpg"", ""https://xcimg.szwego.com/imgHD/9404f147/20260321/cmp_i1774074361745_7045_0_5.jpg"", ""https://xcimg.szwego.com/imgHD/9404f147/20260321/cmp_i1774074354295_1541_0_6.jpg"", ""https://xcimg.szwego.com/imgHD/9404f147/20260321/cmp_i1774074354295_1804_0_7.jpg"", ""https://xcimg.szwego.com/imgHD/9404f147/20260321/cmp_i1774074354296_3013_0_8.jpg""]"
_dxerSO_q5E9OmgvslZASja7IE3dXXfWlmUyWjzw;;Loro Pia 26W Simona植物花卉提花真丝半裙 采用提花桑蚕丝质地轻盈垂坠 触感柔滑的A字廓形，ArundelGardens植物图案灵感源自英式花园，色调自然交织 优雅复古风情;0;;lrg3k8cd5bgw3jv;;Для женщин;"[""https://xcimg.szwego.com/imgHD/9404f147/20260321/cmp_i1774073668119_7521_0_0.jpg"", ""https://xcimg.szwego.com/imgHD/9404f147/20260321/cmp_i1774073661170_9592_0_1.jpg"", ""https://xcimg.szwego.com/imgHD/9404f147/20260321/cmp_i1774073666363_3669_0_2.jpg"", ""https://xcimg.szwego.com/imgHD/9404f147/20260321/cmp_i1774073661168_8992_0_3.jpg"", ""https://xcimg.szwego.com/imgHD/9404f147/20260321/cmp_i1774073661168_5001_0_4.jpg"", ""https://xcimg.szwego.com/imgHD/9404f147/20260321/cmp_i1774073661168_938_0_5.jpg"", ""https://xcimg.szwego.com/imgHD/9404f147/20260321/cmp_i1774073668144_5045_0_6.jpg"", ""https://xcimg.szwego.com/imgHD/9404f147/20260321/cmp_i1774073673973_7992_0_7.jpg"", ""https://xcimg.szwego.com/imgHD/9404f147/20260321/cmp_i1774073666325_1078_0_8.jpg""]"
_d8LrSU-eduEJpndodCB8nByx9Tfsog3ei9I4GMQ;;BC 26S 老钱风棉质连帽夹克卫裤套装 珍贵材质与旅行装系列的休闲风格相遇 专为放松与休闲时光而设计，Smooth纯棉毛圈布 装在拉链头 点缀闪亮的珠饰刺绣，为整体增添了细腻的光泽;0;;lrg3k8cd5bgw3jv;;Для женщин;"[""https://xcimg.szwego.com/imgHD/9404f147/20260321/cmp_i1774073308369_3411_0_0.jpg"", ""https://xcimg.szwego.com/imgHD/9404f147/20260321/cmp_i1774073302539_1657_0_8.jpg"", ""https://xcimg.szwego.com/imgHD/9404f147/20260321/cmp_i1774073308370_8133_0_1.jpg"", ""https://xcimg.szwego.com/imgHD/9404f147/20260321/cmp_i1774073308366_1070_0_2.jpg"", ""https://xcimg.szwego.com/imgHD/9404f147/20260321/cmp_i1774073302539_9107_0_3.jpg"", ""https://xcimg.szwego.com/imgHD/9404f147/20260321/cmp_i1774073302538_3112_0_4.jpg"", ""https://xcimg.szwego.com/imgHD/9404f147/20260321/cmp_i1774073302520_8697_0_5.jpg"", ""https://xcimg.szwego.com/imgHD/9404f147/20260321/cmp_i1774073302538_6589_0_6.jpg"", ""https://xcimg.szwego.com/imgHD/9404f147/20260321/cmp_i1774073308365_6920_0_7.jpg""]"
_dkRrS4uaRnFbmZqAcYDYF9Sy6PuOSVn-3mC_JMA;;DIO 26S 黑白花卉钉珠刺绣丝绒外套 采用廓形天鹅绒材质 手感软糯有垂坠感到经典版型，白色花卉刺绣 点缀镂空金色纽扣 复古又精致、内里真丝 高贵典雅;0;;lrg3k8cd5bgw3jv;;Для женщин;"[""https://xcimg.szwego.com/imgHD/9404f147/20260320/cmp_i1773987188399_798_0_0.jpg"", ""https://xcimg.szwego.com/imgHD/9404f147/20260320/cmp_i1773987193487_6828_0_1.jpg"", ""https://xcimg.szwego.com/imgHD/9404f147/20260320/cmp_i1773987187861_1408_0_2.jpg"", ""https://xcimg.szwego.com/imgHD/9404f147/20260320/cmp_i1773987192861_1345_0_3.jpg"", ""https://xcimg.szwego.com/imgHD/9404f147/20260320/cmp_i1773987198987_4856_0_4.jpg"", ""https://xcimg.szwego.com/imgHD/9404f147/20260320/cmp_i1773987193470_3590_0_5.jpg"", ""https://xcimg.szwego.com/imgHD/9404f147/20260320/cmp_i1773987193458_4284_0_8.jpg"", ""https://xcimg.szwego.com/imgHD/9404f147/20260320/cmp_i1773987192861_2686_0_7.jpg"", ""https://xcimg.szwego.com/imgHD/9404f147/20260320/cmp_i1773987198986_70_0_6.jpg""]"
_dtNrSo1ZFjp3QauQfpQ6i8deOC3JtMJeQE8z1YQ;;Ralph L拉夫 26S 绝美白月光腰带大摆真丝连衣裙 采用100%桑蚕丝轻盈透气 独特压皱纹理 营造立体感、奶白色调温柔优雅 花边立领灯笼袖荷叶边设计，法式浪漫高贵氛围;0;;lrg3k8cd5bgw3jv;;Для женщин;"[""https://xcimg.szwego.com/imgHD/9404f147/20260320/cmp_i1773984554701_6237_0_0.jpg"", ""https://xcimg.szwego.com/imgHD/9404f147/20260320/cmp_i1773984559707_1756_0_1.jpg"", ""https://xcimg.szwego.com/imgHD/9404f147/20260320/cmp_i1773984554680_6772_0_2.jpg"", ""https://xcimg.szwego.com/imgHD/9404f147/20260320/cmp_i1773984558877_5554_0_3.jpg"", ""https://xcimg.szwego.com/imgHD/9404f147/20260320/cmp_i1773984553901_1719_0_4.jpg"", ""https://xcimg.szwego.com/imgHD/9404f147/20260320/cmp_i1773984559659_4532_0_5.jpg"", ""https://xcimg.szwego.com/imgHD/9404f147/20260320/cmp_i1773984554629_474_0_6.jpg"", ""https://xcimg.szwego.com/imgHD/9404f147/20260320/cmp_i1773984554697_371_0_7.jpg"", ""https://xcimg.szwego.com/imgHD/9404f147/20260320/cmp_i1773984559625_5800_0_8.jpg""]"
_dlRrS97-CBoPG4smM1c7I7Tc6f05Pfpt_cLilfg;;CHL 26S 古铜吊坠法式蕾丝喇叭袖衬衫 米白色真丝材质轻盈透气 双层花边喇叭袖蕾丝边浪漫优雅感，前襟抽绳设计点缀古铜扣 随心调节褶皱层次感 慵懒氛围曼妙;0;;lrg3k8cd5bgw3jv;;Для женщин;"[""https://xcimg.szwego.com/imgHD/9404f147/20260320/cmp_i1773983966645_6013_0_1.jpg"", ""https://xcimg.szwego.com/imgHD/9404f147/20260320/cmp_i1773983966695_1486_0_0.jpg"", ""https://xcimg.szwego.com/imgHD/9404f147/20260320/cmp_i1773983966246_5588_0_2.jpg"", ""https://xcimg.szwego.com/imgHD/9404f147/20260320/cmp_i1773983962347_9235_0_3.jpg"", ""https://xcimg.szwego.com/imgHD/9404f147/20260320/cmp_i1773983962347_3699_0_4.jpg"", ""https://xcimg.szwego.com/imgHD/9404f147/20260320/cmp_i1773983962347_8155_0_5.jpg"", ""https://xcimg.szwego.com/imgHD/9404f147/20260320/cmp_i1773983966248_2961_0_6.jpg"", ""https://xcimg.szwego.com/imgHD/9404f147/20260320/cmp_i1773983962815_8222_0_7.jpg"", ""https://xcimg.szwego.com/imgHD/9404f147/20260320/cmp_i1773983962546_7226_0_8.jpg""]"
_dsdrSqSnBxyHTg_mtok_pIPtqBRohget26HsgPg;;DIO 26S 立体浮雕白色提花半身裙 采用精致3D提花工艺 低调纹理质感，高腰A字伞裙设计修饰腰线拉长腿部比例 内里真丝 搭配腰带 优雅又显法式高贵气质;0;;lrg3k8cd5bgw3jv;;Для женщин;"[""https://xcimg.szwego.com/imgHD/9404f147/20260320/cmp_i1773983498205_5827_0_0.jpg"", ""https://xcimg.szwego.com/imgHD/9404f147/20260320/cmp_i1773983491344_9326_0_1.jpg"", ""https://xcimg.szwego.com/imgHD/9404f147/20260320/cmp_i1773983498129_8062_0_2.jpg"", ""https://xcimg.szwego.com/imgHD/9404f147/20260320/cmp_i1773983490725_7844_0_3.jpg"", ""https://xcimg.szwego.com/imgHD/9404f147/20260320/cmp_i1773983490725_715_0_4.jpg"", ""https://xcimg.szwego.com/imgHD/9404f147/20260320/cmp_i1773983497628_4330_0_5.jpg"", ""https://xcimg.szwego.com/imgHD/9404f147/20260320/cmp_i1773983490725_3373_0_6.jpg"", ""https://xcimg.szwego.com/imgHD/9404f147/20260320/cmp_i1773983491347_4669_0_7.jpg"", ""https://xcimg.szwego.com/imgHD/9404f147/20260320/cmp_i1773983497853_2030_0_8.jpg""]"
_dnorSL5_kVcRcBT_1zQzki4feunH5Quwzw7RCgw;;DIO 26S 丝缎蝴蝶结领藏蓝粗花呢小外套 深海军蓝主色黑色蝴蝶结立领设计 优雅精致、高品质羊毛混纺挺括 CD珍珠纽扣点缀 短款经典剪裁 适合多种身材;0;;lrg3k8cd5bgw3jv;;Для женщин;"[""https://xcimg.szwego.com/imgHD/9404f147/20260320/cmp_i1773983100151_9998_0_0.jpg"", ""https://xcimg.szwego.com/imgHD/9404f147/20260320/cmp_i1773983100119_2556_0_1.jpg"", ""https://xcimg.szwego.com/imgHD/9404f147/20260320/cmp_i1773983100123_7393_0_2.jpg"", ""https://xcimg.szwego.com/imgHD/9404f147/20260320/cmp_i1773983100007_5039_0_3.jpg"", ""https://xcimg.szwego.com/imgHD/9404f147/20260320/cmp_i1773983104894_5370_0_4.jpg"", ""https://xcimg.szwego.com/imgHD/9404f147/20260320/cmp_i1773983104801_1652_0_5.jpg"", ""https://xcimg.szwego.com/imgHD/9404f147/20260320/cmp_i1773983104899_9473_0_7.jpg"", ""https://xcimg.szwego.com/imgHD/9404f147/20260320/cmp_i1773983104902_1143_0_6.jpg"", ""https://xcimg.szwego.com/imgHD/9404f147/20260320/cmp_i1773983100137_4063_0_8.jpg""]"
_djwrSY0TPizaxJGC1GiSijO055tfrp943scKY0Q;;DIO 26S 藏蓝粗花呢高腰A字短裙 采用毛呢面料质感挺括 高腰设计拉长腿部比例显瘦又显高，高腰小半裙身简约 左侧CD五金标志 低调又有辨识度 内里真丝;0;;lrg3k8cd5bgw3jv;;Для женщин;"[""https://xcimg.szwego.com/imgHD/9404f147/20260320/cmp_i1773982856464_7403_0_0.jpg"", ""https://xcimg.szwego.com/imgHD/9404f147/20260320/cmp_i1773982851735_9936_0_1.jpg"", ""https://xcimg.szwego.com/imgHD/9404f147/20260320/cmp_i1773982856375_3420_0_2.jpg"", ""https://xcimg.szwego.com/imgHD/9404f147/20260320/cmp_i1773982851761_3621_0_3.jpg"", ""https://xcimg.szwego.com/imgHD/9404f147/20260320/cmp_i1773982856261_1738_0_4.jpg"", ""https://xcimg.szwego.com/imgHD/9404f147/20260320/cmp_i1773982863280_7931_0_5.jpg"", ""https://xcimg.szwego.com/imgHD/9404f147/20260320/cmp_i1773982850990_2185_0_6.jpg"", ""https://xcimg.szwego.com/imgHD/9404f147/20260320/cmp_i1773982856398_474_0_7.jpg"", ""https://xcimg.szwego.com/imgHD/9404f147/20260320/cmp_i1773982851650_498_0_8.jpg""]"
_db-rSUurjp1hwP8Y1XbFwM9eSg7odvwLhljc-1Q;;VALEN 26S 蝴蝶结风琴手袖翻领白衬衫 采用高品质棉质面料廓形又透气 袖口黑色蝴蝶结设计优雅又俏皮，经典翻领宽松版型 包容多种身材 通勤正式场合或日常都ok;0;;lrg3k8cd5bgw3jv;;Для женщин;"[""https://xcimg.szwego.com/imgHD/9404f147/20260320/cmp_i1773982548066_7586_0_0.jpg"", ""https://xcimg.szwego.com/imgHD/9404f147/20260320/cmp_i1773982542205_5832_0_1.jpg"", ""https://xcimg.szwego.com/imgHD/9404f147/20260320/cmp_i1773982542768_2354_0_2.jpg"", ""https://xcimg.szwego.com/imgHD/9404f147/20260320/cmp_i1773982537074_8917_0_3.jpg"", ""https://xcimg.szwego.com/imgHD/9404f147/20260320/cmp_i1773982542733_8048_0_4.jpg"", ""https://xcimg.szwego.com/imgHD/9404f147/20260320/cmp_i1773982542208_1154_0_5.jpg"", ""https://xcimg.szwego.com/imgHD/9404f147/20260320/cmp_i1773982542208_2015_0_6.jpg"", ""https://xcimg.szwego.com/imgHD/9404f147/20260320/cmp_i1773982548101_8738_0_7.jpg"", ""https://xcimg.szwego.com/imgHD/9404f147/20260320/cmp_i1773982537074_8067_0_8.jpg""]"
_dsBrSZyLO-SiPKlHzNo3-e3iq9x0PEZs3dp4dAw;;DIO 26S 丝缎蝴蝶结藏蓝粗花呢连衣裙 无袖连衣裙采用粗花呢立裁廓形面料 藏蓝细腻纹理，领口黑色缎带 点缀金属CD标志 无袖设计宽松剪裁舒适又显气质;0;;lrg3k8cd5bgw3jv;;Для женщин;"[""https://xcimg.szwego.com/imgHD/9404f147/20260320/cmp_i1773982273228_2145_0_0.jpg"", ""https://xcimg.szwego.com/imgHD/9404f147/20260320/cmp_i1773982279399_7782_0_1.jpg"", ""https://xcimg.szwego.com/imgHD/9404f147/20260320/cmp_i1773982284044_9944_0_2.jpg"", ""https://xcimg.szwego.com/imgHD/9404f147/20260320/cmp_i1773982273056_5157_0_3.jpg"", ""https://xcimg.szwego.com/imgHD/9404f147/20260320/cmp_i1773982273109_3135_0_4.jpg"", ""https://xcimg.szwego.com/imgHD/9404f147/20260320/cmp_i1773982284019_6072_0_5.jpg"", ""https://xcimg.szwego.com/imgHD/9404f147/20260320/cmp_i1773982273143_9962_0_6.jpg"", ""https://xcimg.szwego.com/imgHD/9404f147/20260320/cmp_i1773982273183_8272_0_7.jpg"", ""https://xcimg.szwego.com/imgHD/9404f147/20260320/cmp_i1773982279500_2635_0_8.jpg""]"
_dworSRH70hElUUgBOj8HD2D480GfaOzKXry3Gpw;;Sea New 26S 镂空蕾丝天鹅绒泡泡袖衬衫 黑色丝绒米白蕾丝拼接 营造中世纪复古优雅感、领口系带袖口和下摆波浪蕾丝边 灯笼袖设计藏肉显气质 营造法式浪漫风;0;;lrg3k8cd5bgw3jv;;Для женщин;"[""https://xcimg.szwego.com/imgHD/9404f147/20260320/cmp_i1773981906188_5891_0_0.jpg"", ""https://xcimg.szwego.com/imgHD/9404f147/20260320/cmp_i1773981906318_659_0_1.jpg"", ""https://xcimg.szwego.com/imgHD/9404f147/20260320/cmp_i1773981917699_2177_0_2.jpg"", ""https://xcimg.szwego.com/imgHD/9404f147/20260320/cmp_i1773981916891_2972_0_3.jpg"", ""https://xcimg.szwego.com/imgHD/9404f147/20260320/cmp_i1773981904578_1388_0_4.jpg"", ""https://xcimg.szwego.com/imgHD/9404f147/20260320/cmp_i1773981905308_3737_0_5.jpg"", ""https://xcimg.szwego.com/imgHD/9404f147/20260320/cmp_i1773981900197_8626_0_6.jpg"", ""https://xcimg.szwego.com/imgHD/9404f147/20260320/cmp_i1773981919186_3227_0_7.jpg"", ""https://xcimg.szwego.com/imgHD/9404f147/20260320/cmp_i1773981906249_8613_0_8.jpg""]"
_dxvrSPSEwxrgwSRCXOZurBkLudnKMV-MBZRfJdQ;;CHA 26P 浅蓝色吊带套装 轻薄细腻纹理针织面料 浅冰蓝色清新优雅气质满分，吊带设计简约细肩带+V领剪裁 C五金扣点缀 修饰颈部线条 下装同色系半裙 饱满精致灵动;0;;lrg3k8cd5bgw3jv;;Для женщин;"[""https://xcimg.szwego.com/imgHD/9404f147/20260319/cmp_i1773898137555_8558_0_0.jpg"", ""https://xcimg.szwego.com/imgHD/9404f147/20260319/cmp_i1773898129142_3840_0_1.jpg"", ""https://xcimg.szwego.com/imgHD/9404f147/20260319/cmp_i1773898129142_6279_0_2.jpg"", ""https://xcimg.szwego.com/imgHD/9404f147/20260319/cmp_i1773898129142_5359_0_3.jpg"", ""https://xcimg.szwego.com/imgHD/9404f147/20260319/cmp_i1773898134575_2397_0_4.jpg"", ""https://xcimg.szwego.com/imgHD/9404f147/20260319/cmp_i1773898129142_1922_0_5.jpg"", ""https://xcimg.szwego.com/imgHD/9404f147/20260319/cmp_i1773898132439_3924_0_7.jpg"", ""https://xcimg.szwego.com/imgHD/9404f147/20260319/cmp_i1773898134600_8444_0_8.jpg"", ""https://xcimg.szwego.com/imgHD/9404f147/20260319/cmp_i1773898132437_5671_0_9.jpg""]"
_ddsrS_nX5anR71XO7TYxTTFGQxsz9ll1wElbGmw;;CHA 26P 黑白拼色翻领字母刺绣腰带开衫 Yb定制弹力纱线 德国进口机工艺刺绣 黑色滚边左胸C品牌刺绣增添品牌辨识度，宽松睡袍风版型 居家or外穿都OK 打造慵懒感;0;;lrg3k8cd5bgw3jv;;Для женщин;"[""https://xcimg.szwego.com/imgHD/9404f147/20260319/cmp_i1773897902412_5216_0_0.jpg"", ""https://xcimg.szwego.com/imgHD/9404f147/20260319/cmp_i1773897905350_345_0_1.jpg"", ""https://xcimg.szwego.com/imgHD/9404f147/20260319/cmp_i1773897907789_865_0_2.jpg"", ""https://xcimg.szwego.com/imgHD/9404f147/20260319/cmp_i1773897905350_6108_0_3.jpg"", ""https://xcimg.szwego.com/imgHD/9404f147/20260319/cmp_i1773897905356_9145_0_4.jpg"", ""https://xcimg.szwego.com/imgHD/9404f147/20260319/cmp_i1773897902393_6941_0_5.jpg"", ""https://xcimg.szwego.com/imgHD/9404f147/20260319/cmp_i1773897902394_3828_0_6.jpg"", ""https://xcimg.szwego.com/imgHD/9404f147/20260319/cmp_i1773897902413_3010_0_7.jpg"", ""https://xcimg.szwego.com/imgHD/9404f147/20260319/cmp_i1773897902413_852_0_8.jpg""]"
_disrSxzKYlXs4yH_elfDGyF14MoqqHxZKkqHjbQ;;CHA 26P 粉白双色环形Clogo针织背心 柔软针织材质 定染纱线拼接黑色线条 腰间双C logo标志，前后片开衩造型 内里可搭配衬衫毛衣 轻松打造层次感;0;;lrg3k8cd5bgw3jv;;Для женщин;"[""https://xcimg.szwego.com/imgHD/9404f147/20260319/cmp_i1773897624584_315_0_0.jpg"", ""https://xcimg.szwego.com/imgHD/9404f147/20260319/cmp_i1773897616889_775_0_1.jpg"", ""https://xcimg.szwego.com/imgHD/9404f147/20260319/cmp_i1773897621619_9888_0_2.jpg"", ""https://xcimg.szwego.com/imgHD/9404f147/20260319/cmp_i1773897616869_5754_0_3.jpg"", ""https://xcimg.szwego.com/imgHD/9404f147/20260319/cmp_i1773897621478_8848_0_4.jpg"", ""https://xcimg.szwego.com/imgHD/9404f147/20260319/cmp_i1773897621580_6048_0_5.jpg"", ""https://xcimg.szwego.com/imgHD/9404f147/20260319/cmp_i1773897616871_57_0_6.jpg"", ""https://xcimg.szwego.com/imgHD/9404f147/20260319/cmp_i1773897616889_6216_0_7.jpg"", ""https://xcimg.szwego.com/imgHD/9404f147/20260319/cmp_i1773897616872_9741_0_8.jpg""]"
_dK3rSPqi-Gag5yx6U2pjSLVRMTWR8EUGoAl1J0w;;CHA 26P 黑白双色环形C字母拼色针织开衫 柔软针织材质舒适又保暖 经典黑色搭配白色条纹线条简约大气，袖口和下摆有标志性双C logo 细节精致 呈现老钱风品牌感;0;;lrg3k8cd5bgw3jv;;Для женщин;"[""https://xcimg.szwego.com/imgHD/9404f147/20260319/cmp_i1773897151660_2100_0_1.jpg"", ""https://xcimg.szwego.com/imgHD/9404f147/20260319/cmp_i1773897151660_2428_0_2.jpg"", ""https://xcimg.szwego.com/imgHD/9404f147/20260319/cmp_i1773897157314_8429_0_3.jpg"", ""https://xcimg.szwego.com/imgHD/9404f147/20260319/cmp_i1773897151660_7436_0_4.jpg"", ""https://xcimg.szwego.com/imgHD/9404f147/20260319/cmp_i1773897151660_7210_0_5.jpg"", ""https://xcimg.szwego.com/imgHD/9404f147/20260319/cmp_i1773897153977_7404_0_6.jpg"", ""https://xcimg.szwego.com/imgHD/9404f147/20260319/cmp_i1773897151660_2449_0_7.jpg"", ""https://xcimg.szwego.com/imgHD/9404f147/20260319/cmp_i1773897153985_9304_0_8.jpg"", ""https://xcimg.szwego.com/imgHD/9404f147/20260319/cmp_i1773897157314_5868_0_9.jpg""]"
_dyzrSwKF8PiyJQlX7HANQiV7y9xTBA79D_kUkmQ;;CHA 26P 黑白双色环形C字母拼色针织开衫 柔软针织材质舒适又保暖 经典黑色搭配白色条纹线条简约大气，袖口和下摆有标志性双C logo 细节精致 呈现老钱风品牌感;0;;lrg3k8cd5bgw3jv;;Для женщин;"[""https://xcimg.szwego.com/imgHD/9404f147/20260319/cmp_i1773896900103_5793_0_0.jpg"", ""https://xcimg.szwego.com/imgHD/9404f147/20260319/cmp_i1773896904226_8793_0_1.jpg"", ""https://xcimg.szwego.com/imgHD/9404f147/20260319/cmp_i1773896899008_3922_0_2.jpg"", ""https://xcimg.szwego.com/imgHD/9404f147/20260319/cmp_i1773896904222_2323_0_3.jpg"", ""https://xcimg.szwego.com/imgHD/9404f147/20260319/cmp_i1773896904225_315_0_4.jpg"", ""https://xcimg.szwego.com/imgHD/9404f147/20260319/cmp_i1773896904222_3059_0_5.jpg"", ""https://xcimg.szwego.com/imgHD/9404f147/20260319/cmp_i1773896898990_6488_0_6.jpg"", ""https://xcimg.szwego.com/imgHD/9404f147/20260319/cmp_i1773896899009_5707_0_7.jpg"", ""https://xcimg.szwego.com/imgHD/9404f147/20260319/cmp_i1773896898990_790_0_8.jpg""]"
_dazrSFf9qXantdTUgu0pUn9kP_2dYlsgc1u2vfA;;CHA 26P 黑白波浪纹花边针织上衣 黑白经典配色 白色波浪纹凸起花纹设计 营造层次感，高品质针织面料柔软亲肤 弹力罗纹领口 纽扣开襟，简约又实用 春季必备款;0;;lrg3k8cd5bgw3jv;;Для женщин;"[""https://xcimg.szwego.com/imgHD/9404f147/20260319/cmp_i1773896649194_8300_0_0.jpg"", ""https://xcimg.szwego.com/imgHD/9404f147/20260319/cmp_i1773896648511_1955_0_1.jpg"", ""https://xcimg.szwego.com/imgHD/9404f147/20260319/cmp_i1773896649128_8117_0_2.jpg"", ""https://xcimg.szwego.com/imgHD/9404f147/20260319/cmp_i1773896649095_8687_0_3.jpg"", ""https://xcimg.szwego.com/imgHD/9404f147/20260319/cmp_i1773896651145_4135_0_4.jpg"", ""https://xcimg.szwego.com/imgHD/9404f147/20260319/cmp_i1773896654854_7710_0_5.jpg"", ""https://xcimg.szwego.com/imgHD/9404f147/20260319/cmp_i1773896648510_8785_0_6.jpg"", ""https://xcimg.szwego.com/imgHD/9404f147/20260319/cmp_i1773896654996_2497_0_7.jpg"", ""https://xcimg.szwego.com/imgHD/9404f147/20260319/cmp_i1773896654828_7936_0_8.jpg""]"
_dcbrSJ_gX33fXqpZjqEdvjqoBim54LGTUPRXN1g;;CHA 26P白红针织拼色竖排扣开衫 经典Polo翻领正面纽扣设计 羊绒混纺材质柔软舒适 白拼红经典高贵拼色 通勤休闲都能轻松驾驭，单穿或叠搭都很出彩;0;;lrg3k8cd5bgw3jv;;Для женщин;"[""https://xcimg.szwego.com/imgHD/9404f147/20260319/cmp_i1773896313626_746_0_0.jpg"", ""https://xcimg.szwego.com/imgHD/9404f147/20260319/cmp_i1773896313626_9039_0_1.jpg"", ""https://xcimg.szwego.com/imgHD/9404f147/20260319/cmp_i1773896319497_99_0_2.jpg"", ""https://xcimg.szwego.com/imgHD/9404f147/20260319/cmp_i1773896319494_7408_0_3.jpg"", ""https://xcimg.szwego.com/imgHD/9404f147/20260319/cmp_i1773896319492_5025_0_4.jpg"", ""https://xcimg.szwego.com/imgHD/9404f147/20260319/cmp_i1773896313607_5072_0_5.jpg"", ""https://xcimg.szwego.com/imgHD/9404f147/20260319/cmp_i1773896313607_8914_0_6.jpg"", ""https://xcimg.szwego.com/imgHD/9404f147/20260319/cmp_i1773896319495_4054_0_7.jpg"", ""https://xcimg.szwego.com/imgHD/9404f147/20260319/cmp_i1773896313626_7195_0_8.jpg""]"
_dedrS-lBT8cBFKnNXl3LpQ6MLXvKxhDnK5Poc8A;;"GUC 26S GG字母两件套网纱短袖T恤 外层轻薄透气网纱+棉质白色内衬 舒适又有层次感，正面""GG 1921 FIRENZE""字样低调彰显品牌身份、透纱设计 高级出彩";0;;lrg3k8cd5bgw3jv;;Для женщин;"[""https://xcimg.szwego.com/imgHD/9404f147/20260318/cmp_i1773816341717_8670_0_0.jpg"", ""https://xcimg.szwego.com/imgHD/9404f147/20260318/cmp_i1773818217559_48_0_1.jpg"", ""https://xcimg.szwego.com/imgHD/9404f147/20260318/cmp_i1773818217560_549_0_2.jpg"", ""https://xcimg.szwego.com/imgHD/9404f147/20260318/cmp_i1773818222085_2284_0_3.jpg"", ""https://xcimg.szwego.com/imgHD/9404f147/20260318/cmp_i1773818222082_9780_0_4.jpg"", ""https://xcimg.szwego.com/imgHD/9404f147/20260318/cmp_i1773818217560_1007_0_5.jpg"", ""https://xcimg.szwego.com/imgHD/9404f147/20260318/cmp_i1773818222083_7499_0_6.jpg"", ""https://xcimg.szwego.com/imgHD/9404f147/20260318/cmp_i1773818217560_7565_0_7.jpg"", ""https://xcimg.szwego.com/imgHD/9404f147/20260318/cmp_i1773818222081_3741_0_8.jpg""]"
_d89rSPKOxW8bZ2POZOqebchD5DbKGe2esmJJQtg;;"SLP 26S 蓝色字母拼色刺绣罗纹背心 柔软平纹针织面料 U领设计修饰颈部线条 胸前白色""YSL""刺绣呈现品牌感、版型宽松 单穿或内搭都很OK 街头风十足";0;;lrg3k8cd5bgw3jv;;Для женщин;"[""https://xcimg.szwego.com/imgHD/9404f147/20260318/cmp_i1773817704946_1760_0_0.jpg"", ""https://xcimg.szwego.com/imgHD/9404f147/20260318/cmp_i1773817704887_2050_0_1.jpg"", ""https://xcimg.szwego.com/imgHD/9404f147/20260318/cmp_i1773817710471_7843_0_2.jpg"", ""https://xcimg.szwego.com/imgHD/9404f147/20260318/cmp_i1773817704907_393_0_3.jpg"", ""https://xcimg.szwego.com/imgHD/9404f147/20260318/cmp_i1773817704116_505_0_4.jpg"", ""https://xcimg.szwego.com/imgHD/9404f147/20260318/cmp_i1773817710760_2665_0_5.jpg"", ""https://xcimg.szwego.com/imgHD/9404f147/20260318/cmp_i1773817709077_8291_0_6.jpg"", ""https://xcimg.szwego.com/imgHD/9404f147/20260318/cmp_i1773817704935_5589_0_7.jpg"", ""https://xcimg.szwego.com/imgHD/9404f147/20260318/cmp_i1773817709428_8637_0_8.jpg""]"
_decrSOCdZR1wQFYGrc80_vx2lqvUiy19FDQO0Yw;;LOE 26S 奶白色老花口袋刺绣翻领衬衫 宽松版型超显松弛感 纯棉肌理材质 呈现出廓形筋骨干、胸前暗纹老花logo刺绣低调又有辨识度！单穿or叠搭T恤都ok 顶级品质;0;;lrg3k8cd5bgw3jv;;Для женщин;"[""https://xcimg.szwego.com/imgHD/9404f147/20260318/cmp_i1773814506729_6231_0_3.jpg"", ""https://xcimg.szwego.com/imgHD/9404f147/20260318/cmp_i1773816989234_5760_0_1.jpg"", ""https://xcimg.szwego.com/imgHD/9404f147/20260318/cmp_i1773816993660_1883_0_2.jpg"", ""https://xcimg.szwego.com/imgHD/9404f147/20260318/cmp_i1773816993167_4800_0_3.jpg"", ""https://xcimg.szwego.com/imgHD/9404f147/20260318/cmp_i1773816992001_7898_0_4.jpg"", ""https://xcimg.szwego.com/imgHD/9404f147/20260318/cmp_i1773816988612_7933_0_5.jpg"", ""https://xcimg.szwego.com/imgHD/9404f147/20260318/cmp_i1773816988614_1622_0_6.jpg"", ""https://xcimg.szwego.com/imgHD/9404f147/20260318/cmp_i1773816989207_6149_0_7.jpg"", ""https://xcimg.szwego.com/imgHD/9404f147/20260318/cmp_i1773816993405_921_0_8.jpg""]"
_dqxrSSHSf4Ul7w_and6PtlQhqf_WQqdV510G3eQ;;AW 26S 粉色烫钻弹力针织短袖T恤 采用柔软棉质面料 穿着舒适贴身，胸前aw渐变水钻字母工艺设计闪耀 圆领紧身剪裁 轻松凸显身材曲线，浅粉色清新甜美 顶级品质;0;;lrg3k8cd5bgw3jv;;Для женщин;"[""https://xcimg.szwego.com/imgHD/9404f147/20260318/cmp_i1773816301741_7425_0_0.jpg"", ""https://xcimg.szwego.com/imgHD/9404f147/20260318/cmp_i1773816299056_4909_0_1.jpg"", ""https://xcimg.szwego.com/imgHD/9404f147/20260318/cmp_i1773816301740_5141_0_2.jpg"", ""https://xcimg.szwego.com/imgHD/9404f147/20260318/cmp_i1773816301741_6631_0_3.jpg"", ""https://xcimg.szwego.com/imgHD/9404f147/20260318/cmp_i1773816301733_7909_0_4.jpg"", ""https://xcimg.szwego.com/imgHD/9404f147/20260318/cmp_i1773816299056_5457_0_5.jpg"", ""https://xcimg.szwego.com/imgHD/9404f147/20260318/cmp_i1773816299056_8941_0_6.jpg"", ""https://xcimg.szwego.com/imgHD/9404f147/20260318/cmp_i1773816299056_290_0_7.jpg"", ""https://xcimg.szwego.com/imgHD/9404f147/20260318/cmp_i1773816299056_6250_0_8.jpg""]"
_dvjrSa0sRBsu_kLVdJ3yHmD1Y3IOZqJC7CeO5cw;;LOE 26S 巧克力色褶皱拼皮扣拉链夹克 高品质棉质面料定染色泽 高级廓形下摆褶皱拼皮带扣设计，后背插肩袖和捏褶营造廓形 胸前品牌刺绣低调又有辨识度 时髦人必备;0;;lrg3k8cd5bgw3jv;;Для женщин;"[""https://xcimg.szwego.com/imgHD/9404f147/20260318/cmp_i1773815300354_747_0_0.jpg"", ""https://xcimg.szwego.com/imgHD/9404f147/20260318/cmp_i1773815300377_1277_0_1.jpg"", ""https://xcimg.szwego.com/imgHD/9404f147/20260318/cmp_i1773815303028_3948_0_2.jpg"", ""https://xcimg.szwego.com/imgHD/9404f147/20260318/cmp_i1773815300227_1541_0_3.jpg"", ""https://xcimg.szwego.com/imgHD/9404f147/20260318/cmp_i1773815300347_2001_0_4.jpg"", ""https://xcimg.szwego.com/imgHD/9404f147/20260318/cmp_i1773815304706_4323_0_5.jpg"", ""https://xcimg.szwego.com/imgHD/9404f147/20260318/cmp_i1773815300231_8118_0_6.jpg"", ""https://xcimg.szwego.com/imgHD/9404f147/20260318/cmp_i1773815304720_4479_0_7.jpg"", ""https://xcimg.szwego.com/imgHD/9404f147/20260318/cmp_i1773815304666_3294_0_8.jpg""]"
_dkqrS4O2lc7KrbHpO2-NIsOTowvKVijv53at0zw;;LOE 26S 军绿色高腰立体口袋工装西裤 采用挺括纯棉垂感面料 腰部压褶立体廓形设计 腰带拼皮呈现品牌感，高腰腰带设计 收腰显高 九分直筒裤型利落不拖沓 顶级品质;0;;lrg3k8cd5bgw3jv;;Для женщин;"[""https://xcimg.szwego.com/imgHD/9404f147/20260318/cmp_i1773814186506_1063_0_0.jpg"", ""https://xcimg.szwego.com/imgHD/9404f147/20260318/cmp_i1773814192788_4737_0_1.jpg"", ""https://xcimg.szwego.com/imgHD/9404f147/20260318/cmp_i1773814186489_8370_0_2.jpg"", ""https://xcimg.szwego.com/imgHD/9404f147/20260318/cmp_i1773814192700_2599_0_3.jpg"", ""https://xcimg.szwego.com/imgHD/9404f147/20260318/cmp_i1773814186473_9762_0_4.jpg"", ""https://xcimg.szwego.com/imgHD/9404f147/20260318/cmp_i1773814185959_5999_0_5.jpg"", ""https://xcimg.szwego.com/imgHD/9404f147/20260318/cmp_i1773814192471_4872_0_6.jpg"", ""https://xcimg.szwego.com/imgHD/9404f147/20260318/cmp_i1773814186533_4946_0_7.jpg"", ""https://xcimg.szwego.com/imgHD/9404f147/20260318/cmp_i1773814192707_5456_0_8.jpg""]"
_dr3rSjuZPmOcTW_A-7eGfkBpWtcQqmRnMLotKig;;"Acn Studios 1996夹克 26S 宽松立领设计做旧廓形休闲夹克 男女同款主打做旧 外层水洗燕麦色涤纶 内衬透气网眼，背部""STOCK 1996""字母印花 手工喷漆做旧 顶级复古感";0;;lrg3k8cd5bgw3jv;;Для женщин;"[""https://xcimg.szwego.com/imgHD/9404f147/20260318/cmp_i1773812851592_2143_0_0.jpg"", ""https://xcimg.szwego.com/imgHD/9404f147/20260318/cmp_i1773812851058_4506_0_1.jpg"", ""https://xcimg.szwego.com/imgHD/9404f147/20260318/cmp_i1773812851057_4227_0_2.jpg"", ""https://xcimg.szwego.com/imgHD/9404f147/20260318/cmp_i1773812851057_1760_0_3.jpg"", ""https://xcimg.szwego.com/imgHD/9404f147/20260318/cmp_i1773812855400_7997_0_4.jpg"", ""https://xcimg.szwego.com/imgHD/9404f147/20260318/cmp_i1773812851057_5695_0_5.jpg"", ""https://xcimg.szwego.com/imgHD/9404f147/20260318/cmp_i1773812855401_8809_0_6.jpg"", ""https://xcimg.szwego.com/imgHD/9404f147/20260318/cmp_i1773812855401_5572_0_7.jpg"", ""https://xcimg.szwego.com/imgHD/9404f147/20260318/cmp_i1773812855400_7229_0_8.jpg""]"
_dcOrSbfu-Kiiyty3VKjraV44PeL8zT0jjEG-49w;;"Acn Studios 1996字母T恤 经典1996字母T恤 胸前""STOCKHOLM""字样超有辨识度，做旧水洗棉纱工艺 呈现自然褪色和褶皱感 营造复古氛围感，轻松打造随性街头风";0;;lrg3k8cd5bgw3jv;;Для женщин;"[""https://xcimg.szwego.com/imgHD/9404f147/20260318/cmp_i1773808755414_7728_0_0.jpg"", ""https://xcimg.szwego.com/imgHD/9404f147/20260318/cmp_i1773808765025_1742_0_2.jpg"", ""https://xcimg.szwego.com/imgHD/9404f147/20260318/cmp_i1773808755905_9803_0_1.jpg"", ""https://xcimg.szwego.com/imgHD/9404f147/20260318/cmp_i1773808765015_235_0_3.jpg"", ""https://xcimg.szwego.com/imgHD/9404f147/20260318/cmp_i1773808755413_3949_0_4.jpg"", ""https://xcimg.szwego.com/imgHD/9404f147/20260318/cmp_i1773808765020_24_0_5.jpg"", ""https://xcimg.szwego.com/imgHD/9404f147/20260318/cmp_i1773808755413_4971_0_6.jpg"", ""https://xcimg.szwego.com/imgHD/9404f147/20260318/cmp_i1773808765019_7738_0_7.jpg"", ""https://xcimg.szwego.com/imgHD/9404f147/20260318/cmp_i1773808765014_2060_0_8.jpg""]"
_dvMrSwDu-n2FAl7qi2HcmH5C9B481LSUKc9c6wg;;"Acn Studios 1996字母T恤 经典1996字母T恤 胸前""STOCKHOLM""字样超有辨识度，做旧水洗棉纱工艺 呈现自然褪色和褶皱感 营造复古氛围感，轻松打造随性街头风";0;;lrg3k8cd5bgw3jv;;Для женщин;"[""https://xcimg.szwego.com/imgHD/9404f147/20260318/cmp_i1773808479934_8085_0_0.jpg"", ""https://xcimg.szwego.com/imgHD/9404f147/20260318/cmp_i1773808476806_5463_0_1.jpg"", ""https://xcimg.szwego.com/imgHD/9404f147/20260318/cmp_i1773808470101_1327_0_2.jpg"", ""https://xcimg.szwego.com/imgHD/9404f147/20260318/cmp_i1773808476709_1743_0_3.jpg"", ""https://xcimg.szwego.com/imgHD/9404f147/20260318/cmp_i1773808476729_1327_0_4.jpg"", ""https://xcimg.szwego.com/imgHD/9404f147/20260318/cmp_i1773808479924_3724_0_5.jpg"", ""https://xcimg.szwego.com/imgHD/9404f147/20260318/cmp_i1773808478691_4852_0_6.jpg"", ""https://xcimg.szwego.com/imgHD/9404f147/20260318/cmp_i1773808470857_1010_0_7.jpg"", ""https://xcimg.szwego.com/imgHD/9404f147/20260318/cmp_i1773808470489_3855_0_8.jpg""]"
_dBOrS7nnNBWa8L1ThKW0C4fnn5xdmvxZbIKfE7w;;Acn Studios破洞拉链卫衣 26S 纽扣系列破洞拉链卫衣夹克 藏蓝主色调背部圆形Logo辨识度超高，棉料柔软舒适 破洞做旧设计超有街头感，宽松版型 拉链开合 日常慵懒;0;;lrg3k8cd5bgw3jv;;Для женщин;"[""https://xcimg.szwego.com/imgHD/9404f147/20260318/cmp_i1773807200257_4567_0_0.jpg"", ""https://xcimg.szwego.com/imgHD/9404f147/20260318/cmp_i1773807200251_6550_0_1.jpg"", ""https://xcimg.szwego.com/imgHD/9404f147/20260318/cmp_i1773807196396_6666_0_2.jpg"", ""https://xcimg.szwego.com/imgHD/9404f147/20260318/cmp_i1773807195563_4745_0_3.jpg"", ""https://xcimg.szwego.com/imgHD/9404f147/20260318/cmp_i1773807196374_8294_0_4.jpg"", ""https://xcimg.szwego.com/imgHD/9404f147/20260318/cmp_i1773807196237_4926_0_5.jpg"", ""https://xcimg.szwego.com/imgHD/9404f147/20260318/cmp_i1773807200211_588_0_6.jpg"", ""https://xcimg.szwego.com/imgHD/9404f147/20260318/cmp_i1773807200223_577_0_7.jpg"", ""https://xcimg.szwego.com/imgHD/9404f147/20260318/cmp_i1773807196331_5817_0_8.jpg""]"
_dpJrS3kT6w1jD3E9UhXfmO1Md_VGbtj_F5DCzRQ;;Acn Studios 26S 黑白双色翻领棉质针织polo衫 高品质棉面料柔软又保暖 简约翻领点缀ac三颗牛角纽扣设计，左胸有品牌刺绣logo 低调又有辨识度 宽松版型单穿或叠穿都ok;0;;lrg3k8cd5bgw3jv;;Для женщин;"[""https://xcimg.szwego.com/imgHD/9404f147/20260318/cmp_i1773806817223_1948_0_0.jpg"", ""https://xcimg.szwego.com/imgHD/9404f147/20260318/cmp_i1773806813818_5438_0_1.jpg"", ""https://xcimg.szwego.com/imgHD/9404f147/20260318/cmp_i1773806813919_6895_0_2.jpg"", ""https://xcimg.szwego.com/imgHD/9404f147/20260318/cmp_i1773806807004_4889_0_3.jpg"", ""https://xcimg.szwego.com/imgHD/9404f147/20260318/cmp_i1773806807004_59_0_4.jpg"", ""https://xcimg.szwego.com/imgHD/9404f147/20260318/cmp_i1773806807004_1621_0_5.jpg"", ""https://xcimg.szwego.com/imgHD/9404f147/20260318/cmp_i1773806817606_5400_0_6.jpg"", ""https://xcimg.szwego.com/imgHD/9404f147/20260318/cmp_i1773806807448_1108_0_7.jpg"", ""https://xcimg.szwego.com/imgHD/9404f147/20260318/cmp_i1773806813820_6803_0_8.jpg""]"
_d88rS-gWSrtErcthiYSw7vW2zo9yoA2aWnLr1yg;;Acn Studios 1996枚红植绒字母黑白双色棉纱短袖 黑灰色/白色 纯棉棉纱材质 正面玫红植绒字母营造立体感，触感柔软正肩剪裁修身版型 单穿或叠穿都很出彩 轻松打造北欧极简风;0;;lrg3k8cd5bgw3jv;;Для женщин;"[""https://xcimg.szwego.com/imgHD/9404f147/20260318/cmp_i1773806211170_4925_0_0.jpg"", ""https://xcimg.szwego.com/imgHD/9404f147/20260318/cmp_i1773806490910_6255_0_1.jpg"", ""https://xcimg.szwego.com/imgHD/9404f147/20260318/cmp_i1773806607433_9364_0_2.jpg"", ""https://xcimg.szwego.com/imgHD/9404f147/20260318/cmp_i1773806490850_7572_0_3.jpg"", ""https://xcimg.szwego.com/imgHD/9404f147/20260318/cmp_i1773806249300_2673_0_6.jpg"", ""https://xcimg.szwego.com/imgHD/9404f147/20260318/cmp_i1773806486240_3962_0_5.jpg"", ""https://xcimg.szwego.com/imgHD/9404f147/20260318/cmp_i1773806486238_2342_0_6.jpg"", ""https://xcimg.szwego.com/imgHD/9404f147/20260318/cmp_i1773806490894_688_0_7.jpg"", ""https://xcimg.szwego.com/imgHD/9404f147/20260318/cmp_i1773806604935_4790_0_8.jpg""]"
_dqlrSqHw2pb05wa3ofaF8gN9e59A2P9fjs_MU1A;;Acn Studios 1996枚红植绒字母黑白双色棉纱短袖 黑灰色/白色 纯棉棉纱材质 正面玫红植绒字母营造立体感，触感柔软正肩剪裁修身版型 单穿或叠穿都很出彩 轻松打造北欧极简风;0;;lrg3k8cd5bgw3jv;;Для женщин;"[""https://xcimg.szwego.com/imgHD/9404f147/20260318/cmp_i1773806211170_4925_0_0.jpg"", ""https://xcimg.szwego.com/imgHD/9404f147/20260318/cmp_i1773806206561_5847_0_1.jpg"", ""https://xcimg.szwego.com/imgHD/9404f147/20260318/cmp_i1773806206561_7243_0_2.jpg"", ""https://xcimg.szwego.com/imgHD/9404f147/20260318/cmp_i1773806206561_2488_0_3.jpg"", ""https://xcimg.szwego.com/imgHD/9404f147/20260318/cmp_i1773806211152_8741_0_4.jpg"", ""https://xcimg.szwego.com/imgHD/9404f147/20260318/cmp_i1773806211152_8480_0_5.jpg"", ""https://xcimg.szwego.com/imgHD/9404f147/20260318/cmp_i1773806206561_7805_0_6.jpg"", ""https://xcimg.szwego.com/imgHD/9404f147/20260318/cmp_i1773806227766_7947_0_7.jpg"", ""https://xcimg.szwego.com/imgHD/9404f147/20260318/cmp_i1773806211153_732_0_8.jpg""]"
_djxrS_Uk82l8xU2FBrdkqfJ35PQSRBRk88xKDtg;;DIO 26S 白金蕾丝夹克半裙套装 精致浮雕蕾丝面料花纹 竖排金色珍珠纽扣 点缀法式优雅感，立领肩垫收腰廓形 复古金属纽扣细节华丽 泡泡袖设计增添中世纪风情 顶级品质;0;;lrg3k8cd5bgw3jv;;Для женщин;"[""https://xcimg.szwego.com/imgHD/9404f147/20260317/cmp_i1773730438835_6698_0_0.jpg"", ""https://xcimg.szwego.com/imgHD/9404f147/20260317/cmp_i1773730432735_6901_0_1.jpg"", ""https://xcimg.szwego.com/imgHD/9404f147/20260317/cmp_i1773730445648_3937_0_2.jpg"", ""https://xcimg.szwego.com/imgHD/9404f147/20260317/cmp_i1773730438810_6543_0_3.jpg"", ""https://xcimg.szwego.com/imgHD/9404f147/20260317/cmp_i1773730432733_8443_0_4.jpg"", ""https://xcimg.szwego.com/imgHD/9404f147/20260317/cmp_i1773730432729_7146_0_5.jpg"", ""https://xcimg.szwego.com/imgHD/9404f147/20260317/cmp_i1773730438812_64_0_6.jpg"", ""https://xcimg.szwego.com/imgHD/9404f147/20260317/cmp_i1773730438836_2764_0_7.jpg"", ""https://xcimg.szwego.com/imgHD/9404f147/20260317/cmp_i1773730432731_948_0_8.jpg""]"
_d-6rSvZh9tAK7bpfEZzL5efr87WFrs7qvSHReTg;;DIO 26S 白金蕾丝西装半裙套装 精致立体浮雕镂空蕾丝面料 立体盘花花纹细腻 高腰直筒设计长度适中，内衬柔软真丝材质 穿着舒适 日常通勤或约会都很适合;0;;lrg3k8cd5bgw3jv;;Для женщин;"[""https://xcimg.szwego.com/imgHD/9404f147/20260317/cmp_i1773730366188_2342_0_0.jpg"", ""https://xcimg.szwego.com/imgHD/9404f147/20260317/cmp_i1773730371225_1234_0_1.jpg"", ""https://xcimg.szwego.com/imgHD/9404f147/20260317/cmp_i1773730365220_1390_0_2.jpg"", ""https://xcimg.szwego.com/imgHD/9404f147/20260317/cmp_i1773730371216_1330_0_3.jpg"", ""https://xcimg.szwego.com/imgHD/9404f147/20260317/cmp_i1773730365218_4969_0_4.jpg"", ""https://xcimg.szwego.com/imgHD/9404f147/20260317/cmp_i1773730365216_7955_0_5.jpg"", ""https://xcimg.szwego.com/imgHD/9404f147/20260317/cmp_i1773730365213_1702_0_6.jpg"", ""https://xcimg.szwego.com/imgHD/9404f147/20260317/cmp_i1773730371222_9874_0_7.jpg"", ""https://xcimg.szwego.com/imgHD/9404f147/20260317/cmp_i1773730371227_8162_0_8.jpg""]"
_dqurSZ_tK9Ov8ETOD4ykZCV7WJaJ8rqKSxSvUhw;;DIO 26S 蝴蝶鸢尾花衬衫式腰带连衣裙 米白底配水墨印花营造诗意，YB廓形府绸棉材质轻盈透气 翻领小飞袖法式优雅，腰间CD系带可调节 A字裙摆显瘦高贵浪漫;0;;lrg3k8cd5bgw3jv;;Для женщин;"[""https://xcimg.szwego.com/imgHD/9404f147/20260317/cmp_i1773729786554_7859_0_0.jpg"", ""https://xcimg.szwego.com/imgHD/9404f147/20260317/cmp_i1773729773697_2611_0_1.jpg"", ""https://xcimg.szwego.com/imgHD/9404f147/20260317/cmp_i1773729787081_1685_0_2.jpg"", ""https://xcimg.szwego.com/imgHD/9404f147/20260317/cmp_i1773729773677_6022_0_3.jpg"", ""https://xcimg.szwego.com/imgHD/9404f147/20260317/cmp_i1773729780670_1066_0_4.jpg"", ""https://xcimg.szwego.com/imgHD/9404f147/20260317/cmp_i1773729786554_5565_0_5.jpg"", ""https://xcimg.szwego.com/imgHD/9404f147/20260317/cmp_i1773729772889_3354_0_6.jpg"", ""https://xcimg.szwego.com/imgHD/9404f147/20260317/cmp_i1773729773697_1584_0_7.jpg"", ""https://xcimg.szwego.com/imgHD/9404f147/20260317/cmp_i1773729780567_4440_0_8.jpg""]"
_duurSTVkJc1deq0AZ-7UCHyIYaRU9eMQtuqBuFA;;DIO 26S 千鸟格蝴蝶领结腰带礼服连衣裙 绵羊毛混纺材质经典黑白格纹 领口点缀缎面黑色蝴蝶结，优雅复古无袖剪裁收腰设计 修饰身形 内里真丝，展现女性线条复古文艺美感;0;;lrg3k8cd5bgw3jv;;Для женщин;"[""https://xcimg.szwego.com/imgHD/9404f147/20260317/cmp_i1773729448069_8669_0_0.jpg"", ""https://xcimg.szwego.com/imgHD/9404f147/20260317/cmp_i1773729447009_1439_0_1.jpg"", ""https://xcimg.szwego.com/imgHD/9404f147/20260317/cmp_i1773729460360_3328_0_2.jpg"", ""https://xcimg.szwego.com/imgHD/9404f147/20260317/cmp_i1773729442531_9185_0_3.jpg"", ""https://xcimg.szwego.com/imgHD/9404f147/20260317/cmp_i1773729447018_71_0_4.jpg"", ""https://xcimg.szwego.com/imgHD/9404f147/20260317/cmp_i1773729459489_9540_0_5.jpg"", ""https://xcimg.szwego.com/imgHD/9404f147/20260317/cmp_i1773729442531_2582_0_6.jpg"", ""https://xcimg.szwego.com/imgHD/9404f147/20260317/cmp_i1773729448068_1218_0_7.jpg"", ""https://xcimg.szwego.com/imgHD/9404f147/20260317/cmp_i1773729447016_3418_0_8.jpg""]"
_dtXrS0THrUMmqgTEt69NH59vS7wK_u89mU9LVLw;;DIO 26S 白色3D浮雕提花礼服连衣裙 采用48姆米丝棉浮雕提花 搭配16姆米真丝里衬、质感饱满沉甸浮雕暗纹低调显贵 立领手工包扣设计 搭配立体腰带 A字廓形优雅气质高贵;0;;lrg3k8cd5bgw3jv;;Для женщин;"[""https://xcimg.szwego.com/imgHD/9404f147/20260317/cmp_i1773729009088_7563_0_0.jpg"", ""https://xcimg.szwego.com/imgHD/9404f147/20260317/cmp_i1773729002443_3033_0_1.jpg"", ""https://xcimg.szwego.com/imgHD/9404f147/20260317/cmp_i1773729009088_255_0_2.jpg"", ""https://xcimg.szwego.com/imgHD/9404f147/20260317/cmp_i1773729002442_8280_0_3.jpg"", ""https://xcimg.szwego.com/imgHD/9404f147/20260317/cmp_i1773729009115_8183_0_4.jpg"", ""https://xcimg.szwego.com/imgHD/9404f147/20260317/cmp_i1773729002442_9631_0_5.jpg"", ""https://xcimg.szwego.com/imgHD/9404f147/20260317/cmp_i1773729009088_4877_0_6.jpg"", ""https://xcimg.szwego.com/imgHD/9404f147/20260317/cmp_i1773729022038_7951_0_7.jpg"", ""https://xcimg.szwego.com/imgHD/9404f147/20260317/cmp_i1773729022038_5926_0_8.jpg""]"
_duHrS81wKgw7gS1EzsPI4zzu7S6fkIHPOr2W5QA;;DIO 26S 蝴蝶结羊毛呢夹克百褶半裙套装 优雅的短款外套彰显时尚标识 采用灰蓝色绵羊毛粗花呢精心制作，常规直肩版型 搭配蝴蝶结领结 饰以CD纽扣标志，立领提升格调 打造精致造型;0;;lrg3k8cd5bgw3jv;;Для женщин;"[""https://xcimg.szwego.com/imgHD/9404f147/20260317/cmp_i1773728585810_5706_0_0.jpg"", ""https://xcimg.szwego.com/imgHD/9404f147/20260317/cmp_i1773728585723_3124_0_1.jpg"", ""https://xcimg.szwego.com/imgHD/9404f147/20260317/cmp_i1773728577734_108_0_2.jpg"", ""https://xcimg.szwego.com/imgHD/9404f147/20260317/cmp_i1773728577711_1070_0_3.jpg"", ""https://xcimg.szwego.com/imgHD/9404f147/20260317/cmp_i1773728585664_257_0_4.jpg"", ""https://xcimg.szwego.com/imgHD/9404f147/20260317/cmp_i1773728585055_8338_0_5.jpg"", ""https://xcimg.szwego.com/imgHD/9404f147/20260317/cmp_i1773728577788_796_0_8.jpg"", ""https://xcimg.szwego.com/imgHD/9404f147/20260317/cmp_i1773728585659_1259_0_7.jpg"", ""https://xcimg.szwego.com/imgHD/9404f147/20260317/cmp_i1773728577750_3078_0_6.jpg""]"
_dn_rSh0VVHrHP10pLQqF_MJu-1YPZ8e75r9gBHA;;DIO 26S 蝴蝶结羊毛呢夹克百褶半裙套装 优雅的迷你裙彰显CD的现代优雅标识，采用灰蓝色绵羊毛粗花呢面料精心制作 喇叭形廓形、内里真丝 搭配优雅褶裥灵动百搭;0;;lrg3k8cd5bgw3jv;;Для женщин;"[""https://xcimg.szwego.com/imgHD/9404f147/20260317/cmp_i1773728518535_2272_0_0.jpg"", ""https://xcimg.szwego.com/imgHD/9404f147/20260317/cmp_i1773728506122_8839_0_1.jpg"", ""https://xcimg.szwego.com/imgHD/9404f147/20260317/cmp_i1773728518447_9993_0_2.jpg"", ""https://xcimg.szwego.com/imgHD/9404f147/20260317/cmp_i1773728505775_5091_0_3.jpg"", ""https://xcimg.szwego.com/imgHD/9404f147/20260317/cmp_i1773728499240_8123_0_4.jpg"", ""https://xcimg.szwego.com/imgHD/9404f147/20260317/cmp_i1773728505706_9107_0_5.jpg"", ""https://xcimg.szwego.com/imgHD/9404f147/20260317/cmp_i1773728518460_3368_0_6.jpg"", ""https://xcimg.szwego.com/imgHD/9404f147/20260317/cmp_i1773728506269_2747_0_7.jpg"", ""https://xcimg.szwego.com/imgHD/9404f147/20260317/cmp_i1773728506196_7654_0_8.jpg""]"
_dgMrSJ8A3IM_7jpuDZyWyqj3S8FlL3-oWBWHejg;;DIO 26S 蝴蝶结羊毛呢夹克百褶半裙套装 优雅的短款外套彰显时尚标识 采用麻灰色绵羊毛粗花呢精心制作，常规直肩版型 搭配蝴蝶结领结 饰以CD纽扣标志，立领提升格调 打造精致造型;0;;lrg3k8cd5bgw3jv;;Для женщин;"[""https://xcimg.szwego.com/imgHD/9404f147/20260317/cmp_i1773727948637_6687_0_0.jpg"", ""https://xcimg.szwego.com/imgHD/9404f147/20260317/cmp_i1773728022390_3201_0_1.jpg"", ""https://xcimg.szwego.com/imgHD/9404f147/20260317/cmp_i1773728016541_9504_0_2.jpg"", ""https://xcimg.szwego.com/imgHD/9404f147/20260317/cmp_i1773728016502_7617_0_3.jpg"", ""https://xcimg.szwego.com/imgHD/9404f147/20260317/cmp_i1773728022435_5900_0_4.jpg"", ""https://xcimg.szwego.com/imgHD/9404f147/20260317/cmp_i1773728016481_204_0_5.jpg"", ""https://xcimg.szwego.com/imgHD/9404f147/20260317/cmp_i1773728021688_5620_0_6.jpg"", ""https://xcimg.szwego.com/imgHD/9404f147/20260317/cmp_i1773728016598_8797_0_7.jpg"", ""https://xcimg.szwego.com/imgHD/9404f147/20260317/cmp_i1773728022409_7483_0_8.jpg""]"
_dxirS2eVgTTpWDECu47nwdId4VW_A9fsoIPnZnw;;DIO 26S 蝴蝶结羊毛呢夹克百褶半裙套装 优雅的迷你裙彰显CD的现代优雅标识，采用麻灰色绵羊毛粗花呢面料精心制作 喇叭形廓形、内里真丝 搭配优雅褶裥灵动百搭;0;;lrg3k8cd5bgw3jv;;Для женщин;"[""https://xcimg.szwego.com/imgHD/9404f147/20260317/cmp_i1773727948637_6687_0_0.jpg"", ""https://xcimg.szwego.com/imgHD/9404f147/20260317/cmp_i1773727943197_6021_0_1.jpg"", ""https://xcimg.szwego.com/imgHD/9404f147/20260317/cmp_i1773727943076_8067_0_2.jpg"", ""https://xcimg.szwego.com/imgHD/9404f147/20260317/cmp_i1773727948425_6846_0_3.jpg"", ""https://xcimg.szwego.com/imgHD/9404f147/20260317/cmp_i1773727948454_5152_0_4.jpg"", ""https://xcimg.szwego.com/imgHD/9404f147/20260317/cmp_i1773727954321_6014_0_5.jpg"", ""https://xcimg.szwego.com/imgHD/9404f147/20260317/cmp_i1773727943214_3188_0_6.jpg"", ""https://xcimg.szwego.com/imgHD/9404f147/20260317/cmp_i1773727954390_4714_0_7.jpg"", ""https://xcimg.szwego.com/imgHD/9404f147/20260317/cmp_i1773727943155_719_0_8.jpg""]"
_dqwrStehTxihXsNoCpebdTLSvy0jNlcBuWGxmGQ;;DIO 26S 梦幻图书馆藏蝴蝶结字母刺绣T恤 米色棉质平纹针织棉精心制作 超大版型剪裁 别具一格，演绎文学作品《DByD》封面 饰以精美的刺绣边框蝴蝶结，以现代视角打造18世纪的华丽风格;0;;lrg3k8cd5bgw3jv;;Для женщин;"[""https://xcimg.szwego.com/imgHD/9404f147/20260317/cmp_i1773727591188_5403_0_0.jpg"", ""https://xcimg.szwego.com/imgHD/9404f147/20260317/cmp_i1773727591269_8984_0_1.jpg"", ""https://xcimg.szwego.com/imgHD/9404f147/20260317/cmp_i1773727591166_1962_0_2.jpg"", ""https://xcimg.szwego.com/imgHD/9404f147/20260317/cmp_i1773727596083_9015_0_3.jpg"", ""https://xcimg.szwego.com/imgHD/9404f147/20260317/cmp_i1773727599888_6695_0_4.jpg"", ""https://xcimg.szwego.com/imgHD/9404f147/20260317/cmp_i1773727595830_7170_0_5.jpg"", ""https://xcimg.szwego.com/imgHD/9404f147/20260317/cmp_i1773727595133_7480_0_6.jpg"", ""https://xcimg.szwego.com/imgHD/9404f147/20260317/cmp_i1773727596017_8878_0_7.jpg"", ""https://xcimg.szwego.com/imgHD/9404f147/20260317/cmp_i1773727591115_2352_0_8.jpg""]"
_ddsrS_nX5anR71XO0TYtTTVWTycX-ll1wElbGmw;;LOUIS 26S 3D立体老花廓形短款金扣夹克 棉质华达呢铺陈全幅3D错视效果老花图案 再以撞色缝线勾勒精巧结构，翻盖口袋和不对称金属老花花卉纽扣再添灵动一笔;0;;lrg3k8cd5bgw3jv;;Для женщин;"[""https://xcimg.szwego.com/imgHD/9404f147/20260316/cmp_i1773642286573_9260_0_0.jpg"", ""https://xcimg.szwego.com/imgHD/9404f147/20260316/cmp_i1773642292812_1008_0_1.jpg"", ""https://xcimg.szwego.com/imgHD/9404f147/20260316/cmp_i1773641623743_2434_0_3.jpg"", ""https://xcimg.szwego.com/imgHD/9404f147/20260316/cmp_i1773642282748_448_0_3.jpg"", ""https://xcimg.szwego.com/imgHD/9404f147/20260316/cmp_i1773642292720_6952_0_4.jpg"", ""https://xcimg.szwego.com/imgHD/9404f147/20260316/cmp_i1773642286446_3105_0_5.jpg"", ""https://xcimg.szwego.com/imgHD/9404f147/20260316/cmp_i1773642286446_6888_0_6.jpg"", ""https://xcimg.szwego.com/imgHD/9404f147/20260316/cmp_i1773642286447_4770_0_7.jpg"", ""https://xcimg.szwego.com/imgHD/9404f147/20260316/cmp_i1773642282750_3303_0_8.jpg""]"
_dtFrSHCNY_ehy1aYwI-Lj6xaE_Tu2zdecMc-lsA;;LOUIS 26S 老花金扣呢料针织翻领弹力上衣 拥有柔暖质感 以短袖和下摆的宽幅罗纹定格修身廓形 平翻领增添结构层次，细节迥异的老花花卉纽扣注入雅致气息 顶级品质发售;0;;lrg3k8cd5bgw3jv;;Для женщин;"[""https://xcimg.szwego.com/imgHD/9404f147/20260316/cmp_i1773641623743_1576_0_6.jpg"", ""https://xcimg.szwego.com/imgHD/9404f147/20260316/cmp_i1773642041351_7910_0_1.jpg"", ""https://xcimg.szwego.com/imgHD/9404f147/20260316/cmp_i1773642041351_4507_0_2.jpg"", ""https://xcimg.szwego.com/imgHD/9404f147/20260316/cmp_i1773642041330_4403_0_3.jpg"", ""https://xcimg.szwego.com/imgHD/9404f147/20260316/cmp_i1773642041331_1008_0_4.jpg"", ""https://xcimg.szwego.com/imgHD/9404f147/20260316/cmp_i1773642041351_6567_0_5.jpg"", ""https://xcimg.szwego.com/imgHD/9404f147/20260316/cmp_i1773642044974_707_0_6.jpg"", ""https://xcimg.szwego.com/imgHD/9404f147/20260316/cmp_i1773642045022_5515_0_7.jpg"", ""https://xcimg.szwego.com/imgHD/9404f147/20260316/cmp_i1773642044977_9991_0_8.jpg""]"
_dk7rSdScuv_NYCyKbklC-ij4VeDGf74VsfHiGdw;;LOUIS 26S 侧方老花箱扣拼皮抽绳冲锋衣 风衣轻盈挺括面料 拉链配老花皮革装饰牌和金属锁扣，肩章低调有质感 连帽+抽绳收腰设计 修饰身形又实用 顶级品质发售;0;;lrg3k8cd5bgw3jv;;Для женщин;"[""https://xcimg.szwego.com/imgHD/9404f147/20260316/cmp_i1773641836083_4295_0_0.jpg"", ""https://xcimg.szwego.com/imgHD/9404f147/20260316/cmp_i1773641902634_377_0_1.jpg"", ""https://xcimg.szwego.com/imgHD/9404f147/20260316/cmp_i1773641902659_8319_0_2.jpg"", ""https://xcimg.szwego.com/imgHD/9404f147/20260316/cmp_i1773641901752_9725_0_3.jpg"", ""https://xcimg.szwego.com/imgHD/9404f147/20260316/cmp_i1773641845137_1989_0_4.jpg"", ""https://xcimg.szwego.com/imgHD/9404f147/20260316/cmp_i1773641846075_4240_0_5.jpg"", ""https://xcimg.szwego.com/imgHD/9404f147/20260316/cmp_i1773641902590_3074_0_6.jpg"", ""https://xcimg.szwego.com/imgHD/9404f147/20260316/cmp_i1773641846114_7159_0_7.jpg"", ""https://xcimg.szwego.com/imgHD/9404f147/20260316/cmp_i1773641845677_2483_0_8.jpg""]"
_dkBrScrlmtW-vVdE62WWjYlVkzRhewQ0rw2tiGA;;LOUIS 26S 老花口袋棉质针织短款T恤 柔软棉质塑造经典直身版型与罗纹圆领相得益彰，棉质华达呢构筑胸前贴袋 其上的3D效果Monogram案再添品牌意趣 顶级品质发售;0;;lrg3k8cd5bgw3jv;;Для женщин;"[""https://xcimg.szwego.com/imgHD/9404f147/20260316/cmp_i1773641545362_1402_0_0.jpg"", ""https://xcimg.szwego.com/imgHD/9404f147/20260316/cmp_i1773641547179_6415_0_1.jpg"", ""https://xcimg.szwego.com/imgHD/9404f147/20260316/cmp_i1773641547182_9009_0_2.jpg"", ""https://xcimg.szwego.com/imgHD/9404f147/20260316/cmp_i1773641545363_7690_0_3.jpg"", ""https://xcimg.szwego.com/imgHD/9404f147/20260316/cmp_i1773641547180_2586_0_4.jpg"", ""https://xcimg.szwego.com/imgHD/9404f147/20260316/cmp_i1773641545382_4206_0_5.jpg"", ""https://xcimg.szwego.com/imgHD/9404f147/20260316/cmp_i1773641547185_5067_0_6.jpg"", ""https://xcimg.szwego.com/imgHD/9404f147/20260316/cmp_i1773641545382_8347_0_7.jpg"", ""https://xcimg.szwego.com/imgHD/9404f147/20260316/cmp_i1773641545382_7700_0_8.jpg""]"
_dxcrSrogPCeJpHRSGpVrIBTj4vv-QgqAMTOHy1w;;PRA 26S 立体扭花边 可可棕棉质长袖T恤 可可棕长袖T恤 采用高品质棉质面料 柔软舒适 胸前三角标设计，品牌辨识度满分 经典长袖+可塑下摆 搭配灵活 顶级品质发售;0;;lrg3k8cd5bgw3jv;;Для женщин;"[""https://xcimg.szwego.com/imgHD/9404f147/20260316/cmp_i1773640468340_634_0_0.jpg"", ""https://xcimg.szwego.com/imgHD/9404f147/20260316/cmp_i1773640472692_4107_0_1.jpg"", ""https://xcimg.szwego.com/imgHD/9404f147/20260316/cmp_i1773640468340_6258_0_2.jpg"", ""https://xcimg.szwego.com/imgHD/9404f147/20260316/cmp_i1773640468321_4317_0_3.jpg"", ""https://xcimg.szwego.com/imgHD/9404f147/20260316/cmp_i1773640480231_4267_0_4.jpg"", ""https://xcimg.szwego.com/imgHD/9404f147/20260316/cmp_i1773640468340_3738_0_5.jpg"", ""https://xcimg.szwego.com/imgHD/9404f147/20260316/cmp_i1773640480230_8803_0_6.jpg"", ""https://xcimg.szwego.com/imgHD/9404f147/20260316/cmp_i1773640472742_4431_0_7.jpg"", ""https://xcimg.szwego.com/imgHD/9404f147/20260316/cmp_i1773640472743_1354_0_8.jpg""]"
_djDrSlWKc88sGDFvnYVOYcW5Z-wD2hfngLYJ5AA;;PRA 26S 黄蓝条纹弹力针织圆领短袖T恤 黄蓝条纹针织短袖 采用高品质针织面料 弹性好又贴身，黄蓝条纹配色清新亮眼 圆领设计简约大方 顶级品质发售;0;;lrg3k8cd5bgw3jv;;Для женщин;"[""https://xcimg.szwego.com/imgHD/9404f147/20260316/cmp_i1773640336327_4674_0_0.jpg"", ""https://xcimg.szwego.com/imgHD/9404f147/20260316/cmp_i1773640342035_1758_0_1.jpg"", ""https://xcimg.szwego.com/imgHD/9404f147/20260316/cmp_i1773639611912_9557_0_2.jpg"", ""https://xcimg.szwego.com/imgHD/9404f147/20260316/cmp_i1773640336296_7221_0_3.jpg"", ""https://xcimg.szwego.com/imgHD/9404f147/20260316/cmp_i1773640336238_3237_0_4.jpg"", ""https://xcimg.szwego.com/imgHD/9404f147/20260316/cmp_i1773640341896_529_0_5.jpg"", ""https://xcimg.szwego.com/imgHD/9404f147/20260316/cmp_i1773640341836_2772_0_6.jpg"", ""https://xcimg.szwego.com/imgHD/9404f147/20260316/cmp_i1773640336352_4412_0_7.jpg"", ""https://xcimg.szwego.com/imgHD/9404f147/20260316/cmp_i1773640341594_58_0_8.jpg""]"
_dpNrSOctuKNSWkgfC_8ruBIl206-S1Df6IdugsQ;;PRA 26S 藏蓝拼果绿弹力棉质长袖T恤 早春系列绿蓝条纹长袖T恤 采用100%高支精梳棉 柔软又挺括，宽松版型+V领设计 胸前小口袋点缀 细节满分 顶级品质发售;0;;lrg3k8cd5bgw3jv;;Для женщин;"[""https://xcimg.szwego.com/imgHD/9404f147/20260316/cmp_i1773640119289_8009_0_0.jpg"", ""https://xcimg.szwego.com/imgHD/9404f147/20260316/cmp_i1773640119290_5009_0_1.jpg"", ""https://xcimg.szwego.com/imgHD/9404f147/20260316/cmp_i1773640114626_200_0_2.jpg"", ""https://xcimg.szwego.com/imgHD/9404f147/20260316/cmp_i1773640114657_7019_0_3.jpg"", ""https://xcimg.szwego.com/imgHD/9404f147/20260316/cmp_i1773640114626_488_0_4.jpg"", ""https://xcimg.szwego.com/imgHD/9404f147/20260316/cmp_i1773640114626_8509_0_5.jpg"", ""https://xcimg.szwego.com/imgHD/9404f147/20260316/cmp_i1773640119289_1984_0_6.jpg"", ""https://xcimg.szwego.com/imgHD/9404f147/20260316/cmp_i1773640119291_6191_0_7.jpg"", ""https://xcimg.szwego.com/imgHD/9404f147/20260316/cmp_i1773640119288_3106_0_8.jpg""]"
_dwwrSerqUtQyl4d97VbE2s808AydEM8amhr36og;;PRA 26S 天蓝拼棕色弹力针织背心上衣 背心是对夏季经典款的精致演绎 适合日常造型 条纹印花丰富了修身廓形的设计，低圆领以对比色刺绣徽标装饰 顶级品质发售;0;;lrg3k8cd5bgw3jv;;Для женщин;"[""https://xcimg.szwego.com/imgHD/9404f147/20260316/cmp_i1773639387309_1378_0_2.jpg"", ""https://xcimg.szwego.com/imgHD/9404f147/20260316/cmp_i1773639804542_6713_0_1.jpg"", ""https://xcimg.szwego.com/imgHD/9404f147/20260316/cmp_i1773639812940_3272_0_2.jpg"", ""https://xcimg.szwego.com/imgHD/9404f147/20260316/cmp_i1773639804541_4326_0_3.jpg"", ""https://xcimg.szwego.com/imgHD/9404f147/20260316/cmp_i1773639804542_2588_0_4.jpg"", ""https://xcimg.szwego.com/imgHD/9404f147/20260316/cmp_i1773639809436_5017_0_5.jpg"", ""https://xcimg.szwego.com/imgHD/9404f147/20260316/cmp_i1773639804542_956_0_6.jpg"", ""https://xcimg.szwego.com/imgHD/9404f147/20260316/cmp_i1773639809497_3053_0_7.jpg"", ""https://xcimg.szwego.com/imgHD/9404f147/20260316/cmp_i1773639809494_3733_0_8.jpg""]"
_dnUrSLR8mWsV6ihmzQFo7JnPswKQxObGyqzmZ5w;;PRA 26S 蓝黑拼色条纹吊带针织背心 上衣是对夏季经典的精致诠释 直条纹印花提升修身版型，搭配窄肩带和低圆领 并以同色系三角形徽标点缀 顶级品质发售;0;;lrg3k8cd5bgw3jv;;Для женщин;"[""https://xcimg.szwego.com/imgHD/9404f147/20260316/cmp_i1773639606856_4244_0_0.jpg"", ""https://xcimg.szwego.com/imgHD/9404f147/20260316/cmp_i1773639611663_4400_0_1.jpg"", ""https://xcimg.szwego.com/imgHD/9404f147/20260316/cmp_i1773639611912_9557_0_2.jpg"", ""https://xcimg.szwego.com/imgHD/9404f147/20260316/cmp_i1773639606756_886_0_3.jpg"", ""https://xcimg.szwego.com/imgHD/9404f147/20260316/cmp_i1773639617168_6139_0_4.jpg"", ""https://xcimg.szwego.com/imgHD/9404f147/20260316/cmp_i1773639609627_5523_0_5.jpg"", ""https://xcimg.szwego.com/imgHD/9404f147/20260316/cmp_i1773639606772_5706_0_6.jpg"", ""https://xcimg.szwego.com/imgHD/9404f147/20260316/cmp_i1773639611777_4670_0_7.jpg"", ""https://xcimg.szwego.com/imgHD/9404f147/20260316/cmp_i1773639611029_7437_0_8.jpg""]"
_dvYrSl0LfSj_P01dNBdfJDnCYZCUudZTTq5xXNw;;PRA 26S 亮黄色条纹拼色弹力针织短袖T恤 早春系列姜黄色针织短袖 羊毛混纺材质 柔软又保暖 春秋季穿超合适，圆领+袖口条纹撞色 设计感满满 顶级品质发售;0;;lrg3k8cd5bgw3jv;;Для женщин;"[""https://xcimg.szwego.com/imgHD/9404f147/20260316/cmp_i1773639393887_5359_0_0.jpg"", ""https://xcimg.szwego.com/imgHD/9404f147/20260316/cmp_i1773639383793_6397_0_1.jpg"", ""https://xcimg.szwego.com/imgHD/9404f147/20260316/cmp_i1773639387309_1378_0_2.jpg"", ""https://xcimg.szwego.com/imgHD/9404f147/20260316/cmp_i1773639379716_4178_0_3.jpg"", ""https://xcimg.szwego.com/imgHD/9404f147/20260316/cmp_i1773639383793_1975_0_4.jpg"", ""https://xcimg.szwego.com/imgHD/9404f147/20260316/cmp_i1773639393880_40_0_5.jpg"", ""https://xcimg.szwego.com/imgHD/9404f147/20260316/cmp_i1773639383793_3641_0_6.jpg"", ""https://xcimg.szwego.com/imgHD/9404f147/20260316/cmp_i1773639393887_6701_0_7.jpg"", ""https://xcimg.szwego.com/imgHD/9404f147/20260316/cmp_i1773639379716_8955_0_8.jpg""]"
_dczrSZU05bkeD3wgF9GcnwXICO1r2YUJr_V01RA;;FED baby 26S FF提花彩虹渐变印花半身裙 彩虹印花半身裙 采用轻薄透气面料 柔软亲肤 彩虹渐变色+FF字母提花，童趣又时尚 松紧腰设计 穿脱方便 设计与色彩兼具 顶级品质发售;0;;lrg3k8cd5bgw3jv;;Для женщин;"[""https://xcimg.szwego.com/imgHD/9404f147/20260315/cmp_i1773574792027_5570_0_0.jpg"", ""https://xcimg.szwego.com/imgHD/9404f147/20260315/cmp_i1773574465192_8538_0_0.jpg"", ""https://xcimg.szwego.com/imgHD/9404f147/20260315/cmp_i1773574793739_7645_0_2.jpg"", ""https://xcimg.szwego.com/imgHD/9404f147/20260315/cmp_i1773574792025_2078_0_3.jpg"", ""https://xcimg.szwego.com/imgHD/9404f147/20260315/cmp_i1773574793738_161_0_4.jpg"", ""https://xcimg.szwego.com/imgHD/9404f147/20260315/cmp_i1773574793739_7310_0_5.jpg"", ""https://xcimg.szwego.com/imgHD/9404f147/20260315/cmp_i1773574792027_8996_0_6.jpg"", ""https://xcimg.szwego.com/imgHD/9404f147/20260315/cmp_i1773574792026_7158_0_7.jpg"", ""https://xcimg.szwego.com/imgHD/9404f147/20260315/cmp_i1773574792025_5425_0_8.jpg""]"
_dmsrSW_uEeoeUiT60WKryeKoqSwLoTolwB_c9DA;;CHA baby 26S 双C蝴蝶结粗花呢芭蕾风平底鞋 经典粉色粗花呢芭蕾风鞋 黑色鞋头+粉白粗花呢拼接 鞋头双C刺绣超有辨识度，蝴蝶结点缀 优雅又俏皮 顶级品质发售;0;;lrg3k8cd5bgw3jv;;Для женщин;"[""https://xcimg.szwego.com/imgHD/9404f147/20260315/cmp_i1773575390579_9108_0_0.jpg"", ""https://xcimg.szwego.com/imgHD/9404f147/20260315/cmp_i1773575393357_6038_0_1.jpg"", ""https://xcimg.szwego.com/imgHD/9404f147/20260315/cmp_i1773575390576_5234_0_2.jpg"", ""https://xcimg.szwego.com/imgHD/9404f147/20260315/cmp_i1773575393355_3364_0_3.jpg"", ""https://xcimg.szwego.com/imgHD/9404f147/20260315/cmp_i1773575390581_8416_0_4.jpg"", ""https://xcimg.szwego.com/imgHD/9404f147/20260315/cmp_i1773575393357_341_0_5.jpg"", ""https://xcimg.szwego.com/imgHD/9404f147/20260315/cmp_i1773575390581_8735_0_6.jpg"", ""https://xcimg.szwego.com/imgHD/9404f147/20260315/cmp_i1773575390579_9960_0_7.jpg"", ""https://xcimg.szwego.com/imgHD/9404f147/20260315/cmp_i1773575393357_6238_0_8.jpg""]"
_d-nrSv91og8ulFf1g-yTFkfqCw2xzkyyHGrWpSQ;;FED baby 26S马术元素FF条纹提花T恤 白色棉质面料 舒适透气 夏天穿超合适 卡通马匹+品牌标志 红白条纹和FF图案，童趣又时尚 宽松版型 轻松打造时髦童装 顶级品质发售;0;;lrg3k8cd5bgw3jv;;Для женщин;"[""https://xcimg.szwego.com/imgHD/9404f147/20260315/cmp_i1773574929925_3463_0_6.jpg"", ""https://xcimg.szwego.com/imgHD/9404f147/20260315/cmp_i1773575123014_7813_0_1.jpg"", ""https://xcimg.szwego.com/imgHD/9404f147/20260315/cmp_i1773575121077_115_0_2.jpg"", ""https://xcimg.szwego.com/imgHD/9404f147/20260315/cmp_i1773575123012_3268_0_3.jpg"", ""https://xcimg.szwego.com/imgHD/9404f147/20260315/cmp_i1773575121073_5976_0_4.jpg"", ""https://xcimg.szwego.com/imgHD/9404f147/20260315/cmp_i1773575121076_6964_0_5.jpg"", ""https://xcimg.szwego.com/imgHD/9404f147/20260315/cmp_i1773575123013_4239_0_6.jpg"", ""https://xcimg.szwego.com/imgHD/9404f147/20260315/cmp_i1773575121077_297_0_7.jpg"", ""https://xcimg.szwego.com/imgHD/9404f147/20260315/cmp_i1773575123017_1366_0_8.jpg""]"
_d8DrSk-UHQJ4PT_FyBZk_WWPiyAuld9upuCu6Hg;;FED baby 26S 泰迪熊印花FF装饰画元素T恤 T恤采用纯棉材质 柔软舒适 白色底色搭配卡通刺绣 泰迪熊玩偶和装饰画元素超童趣，细节满满 袖口印有字母标志 品牌感十足 顶级品质发售;0;;lrg3k8cd5bgw3jv;;Для женщин;"[""https://xcimg.szwego.com/imgHD/9404f147/20260315/cmp_i1773574465192_8538_0_0.jpg"", ""https://xcimg.szwego.com/imgHD/9404f147/20260315/cmp_i1773574459256_8753_0_1.jpg"", ""https://xcimg.szwego.com/imgHD/9404f147/20260315/cmp_i1773574459255_7220_0_2.jpg"", ""https://xcimg.szwego.com/imgHD/9404f147/20260315/cmp_i1773574465068_4747_0_3.jpg"", ""https://xcimg.szwego.com/imgHD/9404f147/20260315/cmp_i1773574465338_4814_0_4.jpg"", ""https://xcimg.szwego.com/imgHD/9404f147/20260315/cmp_i1773574465077_1045_0_5.jpg"", ""https://xcimg.szwego.com/imgHD/9404f147/20260315/cmp_i1773574459236_8548_0_6.jpg"", ""https://xcimg.szwego.com/imgHD/9404f147/20260315/cmp_i1773574459258_9268_0_7.jpg"", ""https://xcimg.szwego.com/imgHD/9404f147/20260315/cmp_i1773574459236_1275_0_8.jpg""]"
_dskrSE8nl9AxFyeVmjWbQAkIJl_cweS6ikt6BfA;;FED baby 26S FF提花水洗蓝丹宁牛仔短裤 牛仔短裤 采用高品质牛仔布 耐磨又透气 裤脚FF标志印花，品牌感满满 松紧腰设计 穿脱方便 正面FF刺绣 细节精致 顶级品质发售;0;;lrg3k8cd5bgw3jv;;Для женщин;"[""https://xcimg.szwego.com/imgHD/9404f147/20260315/cmp_i1773574160839_5813_0_0.jpg"", ""https://xcimg.szwego.com/imgHD/9404f147/20260315/cmp_i1773574160820_7230_0_1.jpg"", ""https://xcimg.szwego.com/imgHD/9404f147/20260315/cmp_i1773574162469_367_0_7.jpg"", ""https://xcimg.szwego.com/imgHD/9404f147/20260315/cmp_i1773574271359_6092_0_3.jpg"", ""https://xcimg.szwego.com/imgHD/9404f147/20260315/cmp_i1773574273336_6661_0_4.jpg"", ""https://xcimg.szwego.com/imgHD/9404f147/20260315/cmp_i1773574275218_4193_0_5.jpg"", ""https://xcimg.szwego.com/imgHD/9404f147/20260315/cmp_i1773574275175_7504_0_6.jpg"", ""https://xcimg.szwego.com/imgHD/9404f147/20260315/cmp_i1773574275201_1837_0_7.jpg"", ""https://xcimg.szwego.com/imgHD/9404f147/20260315/cmp_i1773574271276_8178_0_8.jpg""]"
_dk-rSnLmqRZMp_auLpWDalcYU-CTyQE2HUn7G7g;;FED baby 26S FF提花泰迪熊黑色圆领T恤 T恤黑色纯棉材质 柔软舒适 夏天穿超合适 正面有黄色手提包图案+FF泰迪熊标志，超有辨识度 圆领设计简约百搭 顶级品质发售;0;;lrg3k8cd5bgw3jv;;Для женщин;"[""https://xcimg.szwego.com/imgHD/9404f147/20260315/cmp_i1773574074891_216_0_0.jpg"", ""https://xcimg.szwego.com/imgHD/9404f147/20260315/cmp_i1773574072091_413_0_1.jpg"", ""https://xcimg.szwego.com/imgHD/9404f147/20260315/cmp_i1773574072136_499_0_2.jpg"", ""https://xcimg.szwego.com/imgHD/9404f147/20260315/cmp_i1773574072139_8762_0_3.jpg"", ""https://xcimg.szwego.com/imgHD/9404f147/20260315/cmp_i1773574072124_9654_0_4.jpg"", ""https://xcimg.szwego.com/imgHD/9404f147/20260315/cmp_i1773574072131_766_0_5.jpg"", ""https://xcimg.szwego.com/imgHD/9404f147/20260315/cmp_i1773574074807_4715_0_6.jpg"", ""https://xcimg.szwego.com/imgHD/9404f147/20260315/cmp_i1773574074811_3311_0_7.jpg"", ""https://xcimg.szwego.com/imgHD/9404f147/20260315/cmp_i1773574074285_4650_0_8.jpg""]"
_d8KrS7EDkU71rjYoMBuBCQlFcck33moKFH7rnIA;;FED baby 26S 多种彩色木马印花白色短裤 印花短裤白色底布配彩色木马图案 童趣满满 材质柔软透气 春夏穿超舒服，松紧腰设计 穿脱方便 细节精致 品质感十足 顶级品质发售;0;;lrg3k8cd5bgw3jv;;Для женщин;"[""https://xcimg.szwego.com/imgHD/9404f147/20260315/cmp_i1773573756668_1069_0_0.jpg"", ""https://xcimg.szwego.com/imgHD/9404f147/20260315/cmp_i1773573756670_943_0_1.jpg"", ""https://xcimg.szwego.com/imgHD/9404f147/20260315/cmp_i1773573755779_4834_0_2.jpg"", ""https://xcimg.szwego.com/imgHD/9404f147/20260315/cmp_i1773573755778_6295_0_3.jpg"", ""https://xcimg.szwego.com/imgHD/9404f147/20260315/cmp_i1773573755778_7745_0_4.jpg"", ""https://xcimg.szwego.com/imgHD/9404f147/20260315/cmp_i1773573755779_7780_0_5.jpg"", ""https://xcimg.szwego.com/imgHD/9404f147/20260315/cmp_i1773573755779_6052_0_6.jpg"", ""https://xcimg.szwego.com/imgHD/9404f147/20260315/cmp_i1773573756668_3062_0_7.jpg"", ""https://xcimg.szwego.com/imgHD/9404f147/20260315/cmp_i1773573756668_44_0_8.jpg""]"
_doyrSjs63W_fyZO7HxECIdPBVmRGkkaZFH76l4w;;FED baby 26S 多种彩色木马印花翻领衬衫 短袖衬衫以白色为底 搭配彩色木马印花 童趣满满 面料柔软透气，宽松剪裁+翻领设计木马图案超有童真氛围 清新可爱风轻松get 顶级品质发售;0;;lrg3k8cd5bgw3jv;;Для женщин;"[""https://xcimg.szwego.com/imgHD/9404f147/20260315/cmp_i1773573144116_5050_0_0.jpg"", ""https://xcimg.szwego.com/imgHD/9404f147/20260315/cmp_i1773573147040_386_0_1.jpg"", ""https://xcimg.szwego.com/imgHD/9404f147/20260315/cmp_i1773573147037_9241_0_2.jpg"", ""https://xcimg.szwego.com/imgHD/9404f147/20260315/cmp_i1773573144116_418_0_3.jpg"", ""https://xcimg.szwego.com/imgHD/9404f147/20260315/cmp_i1773573147039_2980_0_4.jpg"", ""https://xcimg.szwego.com/imgHD/9404f147/20260315/cmp_i1773573144116_7453_0_5.jpg"", ""https://xcimg.szwego.com/imgHD/9404f147/20260315/cmp_i1773573144116_1291_0_6.jpg"", ""https://xcimg.szwego.com/imgHD/9404f147/20260315/cmp_i1773573144116_1546_0_7.jpg"", ""https://xcimg.szwego.com/imgHD/9404f147/20260315/cmp_i1773573147040_9496_0_8.jpg""]"
_dyNrSOSF3LmPwy9XW0Ko9MwGsl56mwU3580uDiQ;;CHL 26S 双色法式蕾丝娃娃领真丝衬衫 真丝材质柔软亲肤 立体精致镂空刺绣镶嵌在娃娃领和手袖之上，营造法式优雅感 喇叭袖口细节华美 高贵迷人、顶级品质;0;;lrg3k8cd5bgw3jv;;Для женщин;"[""https://xcimg.szwego.com/imgHD/9404f147/20260315/cmp_i1773551752605_5483_0_0.jpg"", ""https://xcimg.szwego.com/imgHD/9404f147/20260315/cmp_i1773551752605_6387_0_1.jpg"", ""https://xcimg.szwego.com/imgHD/9404f147/20260315/cmp_i1773551758391_9795_0_2.jpg"", ""https://xcimg.szwego.com/imgHD/9404f147/20260315/cmp_i1773551752586_1003_0_3.jpg"", ""https://xcimg.szwego.com/imgHD/9404f147/20260315/cmp_i1773551758364_9113_0_4.jpg"", ""https://xcimg.szwego.com/imgHD/9404f147/20260315/cmp_i1773551752605_648_0_5.jpg"", ""https://xcimg.szwego.com/imgHD/9404f147/20260315/cmp_i1773551758367_1828_0_6.jpg"", ""https://xcimg.szwego.com/imgHD/9404f147/20260315/cmp_i1773551758369_1783_0_7.jpg"", ""https://xcimg.szwego.com/imgHD/9404f147/20260315/cmp_i1773551752605_4732_0_8.jpg""]"
_dm0rSSPUCgSQGSjci4ytu_TkYOPj_g1wDkCJdYg;;CHL 26S 双色法式蕾丝娃娃领真丝衬衫 真丝材质柔软亲肤 立体精致镂空刺绣镶嵌在娃娃领和手袖之上，营造法式优雅感 喇叭袖口细节华美 高贵迷人、顶级品质;0;;lrg3k8cd5bgw3jv;;Для женщин;"[""https://xcimg.szwego.com/imgHD/9404f147/20260315/cmp_i1773551404987_3930_0_0.jpg"", ""https://xcimg.szwego.com/imgHD/9404f147/20260315/cmp_i1773551410157_9745_0_1.jpg"", ""https://xcimg.szwego.com/imgHD/9404f147/20260315/cmp_i1773551410141_3856_0_2.jpg"", ""https://xcimg.szwego.com/imgHD/9404f147/20260315/cmp_i1773551404969_5288_0_3.jpg"", ""https://xcimg.szwego.com/imgHD/9404f147/20260315/cmp_i1773551410126_5313_0_4.jpg"", ""https://xcimg.szwego.com/imgHD/9404f147/20260315/cmp_i1773551410147_2654_0_5.jpg"", ""https://xcimg.szwego.com/imgHD/9404f147/20260315/cmp_i1773551404987_8075_0_6.jpg"", ""https://xcimg.szwego.com/imgHD/9404f147/20260315/cmp_i1773551404987_7088_0_7.jpg"", ""https://xcimg.szwego.com/imgHD/9404f147/20260315/cmp_i1773551410129_9241_0_8.jpg""]"
_d49rS0jt2Ov9A_InFHQg0iNpCTMDbrI4gUUqgaA;;ISABEL 26S 法式风琴褶白月光衬衫短裤套装 法式风琴褶白色衬衫+花苞短裤 采用100%水洗纯棉廓形剪裁 柔软贴肤，风琴褶立体木耳花边蕾丝拼接，优雅又甜美的清新度假款;0;;lrg3k8cd5bgw3jv;;Для женщин;"[""https://xcimg.szwego.com/imgHD/9404f147/20260315/cmp_i1773550814527_2205_0_0.jpg"", ""https://xcimg.szwego.com/imgHD/9404f147/20260315/cmp_i1773550806210_3805_0_1.jpg"", ""https://xcimg.szwego.com/imgHD/9404f147/20260315/cmp_i1773550806166_8837_0_2.jpg"", ""https://xcimg.szwego.com/imgHD/9404f147/20260315/cmp_i1773550801398_6834_0_3.jpg"", ""https://xcimg.szwego.com/imgHD/9404f147/20260315/cmp_i1773550801398_8341_0_4.jpg"", ""https://xcimg.szwego.com/imgHD/9404f147/20260315/cmp_i1773550801398_1596_0_5.jpg"", ""https://xcimg.szwego.com/imgHD/9404f147/20260315/cmp_i1773550806166_3422_0_6.jpg"", ""https://xcimg.szwego.com/imgHD/9404f147/20260315/cmp_i1773550806168_4564_0_7.jpg"", ""https://xcimg.szwego.com/imgHD/9404f147/20260315/cmp_i1773550801399_6284_0_8.jpg""]"
_dkNrSUPcRblB0Y8T6eYUa9gG1_dKjToe7-3Rryw;;SHIATZY 26S 蜻蜓花卉钉珠刺绣中式真丝背心 多层立体真丝纱轻盈透气、蜻蜓花卉 银色丝线刺绣超精致 营造东方美学氛围感！中式立领宽松剪裁 舒适又贵气;0;;lrg3k8cd5bgw3jv;;Для женщин;"[""https://xcimg.szwego.com/imgHD/9404f147/20260315/cmp_i1773550424739_7219_0_0.jpg"", ""https://xcimg.szwego.com/imgHD/9404f147/20260315/cmp_i1773550418193_1995_0_1.jpg"", ""https://xcimg.szwego.com/imgHD/9404f147/20260315/cmp_i1773550418196_2459_0_2.jpg"", ""https://xcimg.szwego.com/imgHD/9404f147/20260315/cmp_i1773550418193_8720_0_3.jpg"", ""https://xcimg.szwego.com/imgHD/9404f147/20260315/cmp_i1773550424730_4206_0_4.jpg"", ""https://xcimg.szwego.com/imgHD/9404f147/20260315/cmp_i1773550424733_8199_0_5.jpg"", ""https://xcimg.szwego.com/imgHD/9404f147/20260315/cmp_i1773550424735_6532_0_6.jpg"", ""https://xcimg.szwego.com/imgHD/9404f147/20260315/cmp_i1773550418196_6636_0_7.jpg"", ""https://xcimg.szwego.com/imgHD/9404f147/20260315/cmp_i1773550424736_8598_0_8.jpg""]"
_dz8rSs_ZfwQzCu8JqPJyCs1u--hdElfCP6FX8BA;;SHIATZY 26S 蜻蜓花卉钉珠刺绣中式真丝夹克 多层立体真丝纱轻盈透气、蜻蜓花卉 银色丝线刺绣超精致 营造东方美学氛围感！中式立领宽松剪裁 舒适又贵气;0;;lrg3k8cd5bgw3jv;;Для женщин;"[""https://xcimg.szwego.com/imgHD/9404f147/20260315/cmp_i1773548183543_6118_0_0.jpg"", ""https://xcimg.szwego.com/imgHD/9404f147/20260315/cmp_i1773548183536_2551_0_1.jpg"", ""https://xcimg.szwego.com/imgHD/9404f147/20260315/cmp_i1773548183538_1139_0_2.jpg"", ""https://xcimg.szwego.com/imgHD/9404f147/20260315/cmp_i1773548183536_9827_0_3.jpg"", ""https://xcimg.szwego.com/imgHD/9404f147/20260315/cmp_i1773548190700_3553_0_4.jpg"", ""https://xcimg.szwego.com/imgHD/9404f147/20260315/cmp_i1773548183535_1010_0_5.jpg"", ""https://xcimg.szwego.com/imgHD/9404f147/20260315/cmp_i1773548190700_6227_0_6.jpg"", ""https://xcimg.szwego.com/imgHD/9404f147/20260315/cmp_i1773548190700_7708_0_7.jpg"", ""https://xcimg.szwego.com/imgHD/9404f147/20260315/cmp_i1773548190699_4818_0_8.jpg""]"
_d9NrSXIvvbo_tpfDJsgdC4KKDAOSfVq3lMt-RPA;;Cete 26S 米色刺绣花边廓形娃娃连衣裙 采用轻薄透气棉质面料 春夏天穿超精致 镂空刺绣+波浪领口，复古又优雅宽松剪裁包容性强 度假户外日常都ok 减龄又甜美;0;;lrg3k8cd5bgw3jv;;Для женщин;"[""https://xcimg.szwego.com/imgHD/9404f147/20260315/cmp_i1773547844509_4710_0_0.jpg"", ""https://xcimg.szwego.com/imgHD/9404f147/20260315/cmp_i1773547851672_9394_0_1.jpg"", ""https://xcimg.szwego.com/imgHD/9404f147/20260315/cmp_i1773547844531_2230_0_2.jpg"", ""https://xcimg.szwego.com/imgHD/9404f147/20260315/cmp_i1773547851673_1314_0_3.jpg"", ""https://xcimg.szwego.com/imgHD/9404f147/20260315/cmp_i1773547844508_5274_0_4.jpg"", ""https://xcimg.szwego.com/imgHD/9404f147/20260315/cmp_i1773547844488_9086_0_5.jpg"", ""https://xcimg.szwego.com/imgHD/9404f147/20260315/cmp_i1773547840045_9549_0_6.jpg"", ""https://xcimg.szwego.com/imgHD/9404f147/20260315/cmp_i1773547840045_7238_0_7.jpg"", ""https://xcimg.szwego.com/imgHD/9404f147/20260315/cmp_i1773547840044_205_0_8.jpg""]"
_dg1rSy-5KGxE06MnpvZr1qY6OGhpNY3WeAa1fdQ;;Gia studios 26S 黑色羊毛拼金网纱西装外套 黑色西装夹克廓形简约设计 定制混纺羊毛面料剪裁利落 线条感十足，方正廓形 增添正式感 下摆拼金色网纱 华丽质感 顶级品质;0;;lrg3k8cd5bgw3jv;;Для женщин;"[""https://xcimg.szwego.com/imgHD/9404f147/20260315/cmp_i1773547414113_2419_0_0.jpg"", ""https://xcimg.szwego.com/imgHD/9404f147/20260315/cmp_i1773547404987_2023_0_1.jpg"", ""https://xcimg.szwego.com/imgHD/9404f147/20260315/cmp_i1773547404987_9070_0_2.jpg"", ""https://xcimg.szwego.com/imgHD/9404f147/20260315/cmp_i1773547404987_7206_0_3.jpg"", ""https://xcimg.szwego.com/imgHD/9404f147/20260315/cmp_i1773547404987_1793_0_4.jpg"", ""https://xcimg.szwego.com/imgHD/9404f147/20260315/cmp_i1773547414140_8627_0_5.jpg"", ""https://xcimg.szwego.com/imgHD/9404f147/20260315/cmp_i1773547414140_4228_0_6.jpg"", ""https://xcimg.szwego.com/imgHD/9404f147/20260315/cmp_i1773547414109_4350_0_7.jpg"", ""https://xcimg.szwego.com/imgHD/9404f147/20260315/cmp_i1773547414140_8301_0_8.jpg""]"
_dk1rSAe1rGdtZiFhlOCmrtc_QjFkj6luU67a1PA;;Loro Pia 26S Maremma麂皮绒老钱风羊皮夹克 Portobello Suede羊皮绒面革 触感柔软细腻，衣领袖口和下摆拼接WishR羊毛针织 舒适又有弹性活动自如，沙鹿色低调老钱风搭配;0;;lrg3k8cd5bgw3jv;;Для женщин;"[""https://xcimg.szwego.com/imgHD/9404f147/20260314/cmp_i1773470900644_9260_0_0.jpg"", ""https://xcimg.szwego.com/imgHD/9404f147/20260314/cmp_i1773470895953_1173_0_1.jpg"", ""https://xcimg.szwego.com/imgHD/9404f147/20260314/cmp_i1773470895958_9435_0_2.jpg"", ""https://xcimg.szwego.com/imgHD/9404f147/20260314/cmp_i1773470900642_5593_0_3.jpg"", ""https://xcimg.szwego.com/imgHD/9404f147/20260314/cmp_i1773470900641_9177_0_4.jpg"", ""https://xcimg.szwego.com/imgHD/9404f147/20260314/cmp_i1773470908558_1530_0_5.jpg"", ""https://xcimg.szwego.com/imgHD/9404f147/20260314/cmp_i1773470900642_7911_0_6.jpg"", ""https://xcimg.szwego.com/imgHD/9404f147/20260314/cmp_i1773470900644_5569_0_7.jpg"", ""https://xcimg.szwego.com/imgHD/9404f147/20260314/cmp_i1773470895957_6428_0_8.jpg""]"
_dhHrSzGNyIP_wHC8RGS1fSk36k-Rm7lDQuRMdWw;;Loro Pia 26S 老钱风正反两穿金扣针织开衫 BABY羊绒开衫正反两穿设计超实用、柔软亲肤定混纺羊绒材质 ，一面圆领 一面V领低调百搭 金属纽扣装饰老钱风造型;0;;lrg3k8cd5bgw3jv;;Для женщин;"[""https://xcimg.szwego.com/imgHD/9404f147/20260314/cmp_i1773470576666_3456_0_0.jpg"", ""https://xcimg.szwego.com/imgHD/9404f147/20260314/cmp_i1773470567013_8297_0_1.jpg"", ""https://xcimg.szwego.com/imgHD/9404f147/20260314/cmp_i1773470562080_1227_0_2.jpg"", ""https://xcimg.szwego.com/imgHD/9404f147/20260314/cmp_i1773470567013_9783_0_3.jpg"", ""https://xcimg.szwego.com/imgHD/9404f147/20260314/cmp_i1773470567036_6731_0_4.jpg"", ""https://xcimg.szwego.com/imgHD/9404f147/20260314/cmp_i1773470567014_3181_0_5.jpg"", ""https://xcimg.szwego.com/imgHD/9404f147/20260314/cmp_i1773470575640_9732_0_6.jpg"", ""https://xcimg.szwego.com/imgHD/9404f147/20260314/cmp_i1773470575649_3612_0_7.jpg"", ""https://xcimg.szwego.com/imgHD/9404f147/20260314/cmp_i1773470562064_1507_0_8.jpg""]"
_daZrSWvL6Q4sV_cJG-uBaZCneQFj1HL_Jpf6xMA;;Lpro Pia 26S 翻领牛角扣冰紫色老钱风羊绒衫 山羊绒手感软糯轻盈 定染紫色纱线色泽高贵迷人、小海军领牛角粒扣设计 修饰颈部线条 优雅清冷高级又显气质;0;;lrg3k8cd5bgw3jv;;Для женщин;"[""https://xcimg.szwego.com/imgHD/9404f147/20260314/cmp_i1773470138316_4899_0_0.jpg"", ""https://xcimg.szwego.com/imgHD/9404f147/20260314/cmp_i1773470145854_2132_0_1.jpg"", ""https://xcimg.szwego.com/imgHD/9404f147/20260314/cmp_i1773470145819_8259_0_2.jpg"", ""https://xcimg.szwego.com/imgHD/9404f147/20260314/cmp_i1773470138221_6045_0_3.jpg"", ""https://xcimg.szwego.com/imgHD/9404f147/20260314/cmp_i1773470138195_6948_0_4.jpg"", ""https://xcimg.szwego.com/imgHD/9404f147/20260314/cmp_i1773470138216_1362_0_5.jpg"", ""https://xcimg.szwego.com/imgHD/9404f147/20260314/cmp_i1773470145497_8856_0_6.jpg"", ""https://xcimg.szwego.com/imgHD/9404f147/20260314/cmp_i1773470138257_3163_0_7.jpg"", ""https://xcimg.szwego.com/imgHD/9404f147/20260314/cmp_i1773470145753_6295_0_8.jpg""]"
_doGrS90xLkRleqs1EM_pCHYDPdfTtqnS2P8wKVw;;Loro Pia 26S 老钱风碎花金扣翻领真丝衬衫 采用缎面真丝高贵珠光提花色泽 日常穿着超舒适，法式小碎花设计色彩柔和 复古优雅老钱风气质，点缀金扣更添华美;0;;lrg3k8cd5bgw3jv;;Для женщин;"[""https://xcimg.szwego.com/imgHD/9404f147/20260314/cmp_i1773469908580_5120_0_0.jpg"", ""https://xcimg.szwego.com/imgHD/9404f147/20260314/cmp_i1773469912101_2040_0_1.jpg"", ""https://xcimg.szwego.com/imgHD/9404f147/20260314/cmp_i1773469905660_308_0_2.jpg"", ""https://xcimg.szwego.com/imgHD/9404f147/20260314/cmp_i1773469905635_1734_0_3.jpg"", ""https://xcimg.szwego.com/imgHD/9404f147/20260314/cmp_i1773469912101_6146_0_4.jpg"", ""https://xcimg.szwego.com/imgHD/9404f147/20260314/cmp_i1773469901230_4974_0_5.jpg"", ""https://xcimg.szwego.com/imgHD/9404f147/20260314/cmp_i1773469912103_3651_0_6.jpg"", ""https://xcimg.szwego.com/imgHD/9404f147/20260314/cmp_i1773469901230_6278_0_7.jpg"", ""https://xcimg.szwego.com/imgHD/9404f147/20260314/cmp_i1773469905660_4456_0_8.jpg""]"
_divrS-w-oPngM7yqnXPmvShh504PmJ8zlDuP2hA;;Loro Pia 26S 华夫格纹双色针织羊绒开衫 山羊绒棉混纺柔软亲肤细腻材质，燕麦色针织开衫复古百搭 华夫格纹理立体营造老钱风造型look 短款圆领单穿或叠搭都很出彩;0;;lrg3k8cd5bgw3jv;;Для женщин;"[""https://xcimg.szwego.com/imgHD/9404f147/20260314/cmp_i1773469647591_8091_0_0.jpg"", ""https://xcimg.szwego.com/imgHD/9404f147/20260314/cmp_i1773469642597_7036_0_1.jpg"", ""https://xcimg.szwego.com/imgHD/9404f147/20260314/cmp_i1773469647566_2780_0_2.jpg"", ""https://xcimg.szwego.com/imgHD/9404f147/20260314/cmp_i1773469642597_6561_0_3.jpg"", ""https://xcimg.szwego.com/imgHD/9404f147/20260314/cmp_i1773469652411_3404_0_4.jpg"", ""https://xcimg.szwego.com/imgHD/9404f147/20260314/cmp_i1773469642597_2770_0_5.jpg"", ""https://xcimg.szwego.com/imgHD/9404f147/20260314/cmp_i1773469652413_7994_0_6.jpg"", ""https://xcimg.szwego.com/imgHD/9404f147/20260314/cmp_i1773469647543_1952_0_7.jpg"", ""https://xcimg.szwego.com/imgHD/9404f147/20260314/cmp_i1773469642597_9024_0_8.jpg""]"
_dlDrS3dRv64HWAw8MOlElhSALZkpdtnKRYjgSSQ;;Loro Pia 26S 老钱风三件套华夫格针织半裙 燕麦色双面混羊绒针织弹力面料 质地厚实垂感、高腰A字版型显瘦又修饰腿型 中长款裙长通勤日常都ok 老钱风造型;0;;lrg3k8cd5bgw3jv;;Для женщин;"[""https://xcimg.szwego.com/imgHD/9404f147/20260314/cmp_i1773469553598_448_0_0.jpg"", ""https://xcimg.szwego.com/imgHD/9404f147/20260314/cmp_i1773469547795_2609_0_1.jpg"", ""https://xcimg.szwego.com/imgHD/9404f147/20260314/cmp_i1773469542197_9793_0_2.jpg"", ""https://xcimg.szwego.com/imgHD/9404f147/20260314/cmp_i1773469542197_8009_0_3.jpg"", ""https://xcimg.szwego.com/imgHD/9404f147/20260314/cmp_i1773469542197_6963_0_4.jpg"", ""https://xcimg.szwego.com/imgHD/9404f147/20260314/cmp_i1773469542197_5471_0_5.jpg"", ""https://xcimg.szwego.com/imgHD/9404f147/20260314/cmp_i1773469546881_2322_0_6.jpg"", ""https://xcimg.szwego.com/imgHD/9404f147/20260314/cmp_i1773469546882_3884_0_7.jpg"", ""https://xcimg.szwego.com/imgHD/9404f147/20260314/cmp_i1773469546885_393_0_8.jpg""]"
_dwArS0huVaAmtEIJmGP00AfpOGDkO5Y49LOE1YQ;;Loro Pia 26S 老钱风三件套华夫格针织短袖 燕麦色立体华夫格纹纹理低调又高级，羊绒混纺面料柔软亲肤 圆领设计简约大方、正肩剪裁修饰身形 轻松打造慵懒氛围感;0;;lrg3k8cd5bgw3jv;;Для женщин;"[""https://xcimg.szwego.com/imgHD/9404f147/20260314/cmp_i1773469414395_870_0_0.jpg"", ""https://xcimg.szwego.com/imgHD/9404f147/20260314/cmp_i1773469418984_4397_0_1.jpg"", ""https://xcimg.szwego.com/imgHD/9404f147/20260314/cmp_i1773469414298_716_0_2.jpg"", ""https://xcimg.szwego.com/imgHD/9404f147/20260314/cmp_i1773469410190_6772_0_3.jpg"", ""https://xcimg.szwego.com/imgHD/9404f147/20260314/cmp_i1773469404857_5520_0_4.jpg"", ""https://xcimg.szwego.com/imgHD/9404f147/20260314/cmp_i1773469418975_942_0_5.jpg"", ""https://xcimg.szwego.com/imgHD/9404f147/20260314/cmp_i1773469418976_5367_0_6.jpg"", ""https://xcimg.szwego.com/imgHD/9404f147/20260314/cmp_i1773469404876_4994_0_7.jpg"", ""https://xcimg.szwego.com/imgHD/9404f147/20260314/cmp_i1773469418982_844_0_8.jpg""]"
_d_HrSJSg1akJ9fErCNvXTnGsQsElhF4WgNBftyw;;Loro Pia 26S 华夫格纹双色针织羊绒开衫 山羊绒棉混纺柔软亲肤细腻材质，深咖色针织开衫复古百搭 华夫格纹理立体营造老钱风造型look 短款圆领单穿或叠搭都很出彩;0;;lrg3k8cd5bgw3jv;;Для женщин;"[""https://xcimg.szwego.com/imgHD/9404f147/20260314/cmp_i1773468990497_4885_0_0.jpg"", ""https://xcimg.szwego.com/imgHD/9404f147/20260314/cmp_i1773468990499_7951_0_1.jpg"", ""https://xcimg.szwego.com/imgHD/9404f147/20260314/cmp_i1773468986200_7203_0_2.jpg"", ""https://xcimg.szwego.com/imgHD/9404f147/20260314/cmp_i1773468990501_5452_0_3.jpg"", ""https://xcimg.szwego.com/imgHD/9404f147/20260314/cmp_i1773468986200_6337_0_4.jpg"", ""https://xcimg.szwego.com/imgHD/9404f147/20260314/cmp_i1773468986199_9865_0_5.jpg"", ""https://xcimg.szwego.com/imgHD/9404f147/20260314/cmp_i1773468986200_1494_0_6.jpg"", ""https://xcimg.szwego.com/imgHD/9404f147/20260314/cmp_i1773468990494_2622_0_7.jpg"", ""https://xcimg.szwego.com/imgHD/9404f147/20260314/cmp_i1773468986200_9327_0_8.jpg""]"
_dk4rSLJkXOnjIn4wLzL2tCGAoLxFw8bDGITScng;;Loro Pia 26S 老钱风三件套华夫格针织半裙 深棕色双面混羊绒针织弹力面料 质地厚实垂感、高腰A字版型显瘦又修饰腿型 中长款裙长通勤日常都ok 老钱风造型;0;;lrg3k8cd5bgw3jv;;Для женщин;"[""https://xcimg.szwego.com/imgHD/9404f147/20260314/cmp_i1773468797600_7186_0_0.jpg"", ""https://xcimg.szwego.com/imgHD/9404f147/20260314/cmp_i1773468885754_3402_0_1.jpg"", ""https://xcimg.szwego.com/imgHD/9404f147/20260314/cmp_i1773468791610_8232_0_2.jpg"", ""https://xcimg.szwego.com/imgHD/9404f147/20260314/cmp_i1773468890281_343_0_3.jpg"", ""https://xcimg.szwego.com/imgHD/9404f147/20260314/cmp_i1773468890276_3353_0_4.jpg"", ""https://xcimg.szwego.com/imgHD/9404f147/20260314/cmp_i1773468885751_5810_0_5.jpg"", ""https://xcimg.szwego.com/imgHD/9404f147/20260314/cmp_i1773468885751_3888_0_6.jpg"", ""https://xcimg.szwego.com/imgHD/9404f147/20260314/cmp_i1773468890345_7201_0_7.jpg"", ""https://xcimg.szwego.com/imgHD/9404f147/20260314/cmp_i1773468885755_6383_0_8.jpg""]"
_dxnrSKt-WsdY_pD0fLiK9uebEcuqjtWtajXSlwQ;;Loro Pia 26S 老钱风三件套华夫格针织短袖 深棕色立体华夫格纹纹理低调又高级，羊绒混纺面料柔软亲肤 圆领设计简约大方、正肩剪裁修饰身形 轻松打造慵懒氛围感;0;;lrg3k8cd5bgw3jv;;Для женщин;"[""https://xcimg.szwego.com/imgHD/9404f147/20260314/cmp_i1773468797600_7186_0_0.jpg"", ""https://xcimg.szwego.com/imgHD/9404f147/20260314/cmp_i1773468796510_20_0_1.jpg"", ""https://xcimg.szwego.com/imgHD/9404f147/20260314/cmp_i1773468791610_8232_0_2.jpg"", ""https://xcimg.szwego.com/imgHD/9404f147/20260314/cmp_i1773468796508_7916_0_3.jpg"", ""https://xcimg.szwego.com/imgHD/9404f147/20260314/cmp_i1773468791590_4406_0_4.jpg"", ""https://xcimg.szwego.com/imgHD/9404f147/20260314/cmp_i1773468802548_2911_0_5.jpg"", ""https://xcimg.szwego.com/imgHD/9404f147/20260314/cmp_i1773468796478_2269_0_6.jpg"", ""https://xcimg.szwego.com/imgHD/9404f147/20260314/cmp_i1773468791595_4911_0_7.jpg"", ""https://xcimg.szwego.com/imgHD/9404f147/20260314/cmp_i1773468802567_9502_0_8.jpg""]"
_db0rS-n6uChmKzZRGZ9wkxNhiZzVXJZnpMNQ2jg;;BC 26S 老钱风亮片V领毛衣半裙套装 采用绵羊毛马海毛混纺银丝珠片 闪闪亮亮细节点缀低调老钱风，V领设计修饰颈部线条 宽松廓形 搭配系列半裙 超显松弛感;0;;lrg3k8cd5bgw3jv;;Для женщин;"[""https://xcimg.szwego.com/imgHD/9404f147/20260314/cmp_i1773468275678_9537_0_0.jpg"", ""https://xcimg.szwego.com/imgHD/9404f147/20260314/cmp_i1773468275401_6416_0_1.jpg"", ""https://xcimg.szwego.com/imgHD/9404f147/20260314/cmp_i1773468273397_2001_0_2.jpg"", ""https://xcimg.szwego.com/imgHD/9404f147/20260314/cmp_i1773468273393_1569_0_3.jpg"", ""https://xcimg.szwego.com/imgHD/9404f147/20260314/cmp_i1773468283700_2640_0_4.jpg"", ""https://xcimg.szwego.com/imgHD/9404f147/20260314/cmp_i1773468283697_508_0_5.jpg"", ""https://xcimg.szwego.com/imgHD/9404f147/20260314/cmp_i1773468283697_1019_0_6.jpg"", ""https://xcimg.szwego.com/imgHD/9404f147/20260314/cmp_i1773468273397_8062_0_7.jpg"", ""https://xcimg.szwego.com/imgHD/9404f147/20260314/cmp_i1773468268967_1295_0_8.jpg""]"
_dm4rSjNH_He0PGU9_KJfa36PO95Qn9V_o9YlR-Q;;BC 26S 老钱风亚麻拼真丝猎装外套 采用亚麻与欧根纱真丝拼接 营造视觉的层次感，白色衣身配黑色纽扣 工装风翻盖口袋廓形时髦大方 搭配系列半裙 老钱风必备;0;;lrg3k8cd5bgw3jv;;Для женщин;"[""https://xcimg.szwego.com/imgHD/9404f147/20260313/cmp_i1773380018076_6113_0_7.jpg"", ""https://xcimg.szwego.com/imgHD/9404f147/20260313/cmp_i1773380351678_5064_0_1.jpg"", ""https://xcimg.szwego.com/imgHD/9404f147/20260313/cmp_i1773380351675_3195_0_2.jpg"", ""https://xcimg.szwego.com/imgHD/9404f147/20260313/cmp_i1773380346482_2259_0_3.jpg"", ""https://xcimg.szwego.com/imgHD/9404f147/20260313/cmp_i1773380346482_1519_0_4.jpg"", ""https://xcimg.szwego.com/imgHD/9404f147/20260313/cmp_i1773380346481_3312_0_5.jpg"", ""https://xcimg.szwego.com/imgHD/9404f147/20260313/cmp_i1773380346480_8278_0_6.jpg"", ""https://xcimg.szwego.com/imgHD/9404f147/20260313/cmp_i1773380346500_6494_0_7.jpg"", ""https://xcimg.szwego.com/imgHD/9404f147/20260313/cmp_i1773380351678_296_0_8.jpg""]"
_d4DrScO0HHPulm_IzrcfBLQawnn4rGGSc9sOETw;;BC 26S 老钱风褶纱真丝翻领衬衫 轻盈透气的YB褶纱面料 慵懒宽松长袖经典翻领 营造老钱风简约优雅，白色百搭 单穿或叠穿都OK 面料流光感 温柔高贵曼妙;0;;lrg3k8cd5bgw3jv;;Для женщин;"[""https://xcimg.szwego.com/imgHD/9404f147/20260313/cmp_i1773379304046_4490_0_0.jpg"", ""https://xcimg.szwego.com/imgHD/9404f147/20260313/cmp_i1773379307899_5541_0_1.jpg"", ""https://xcimg.szwego.com/imgHD/9404f147/20260313/cmp_i1773379307894_5742_0_2.jpg"", ""https://xcimg.szwego.com/imgHD/9404f147/20260313/cmp_i1773379307891_1335_0_3.jpg"", ""https://xcimg.szwego.com/imgHD/9404f147/20260313/cmp_i1773379304045_3055_0_4.jpg"", ""https://xcimg.szwego.com/imgHD/9404f147/20260313/cmp_i1773379304041_7065_0_5.jpg"", ""https://xcimg.szwego.com/imgHD/9404f147/20260313/cmp_i1773379304043_9887_0_6.jpg"", ""https://xcimg.szwego.com/imgHD/9404f147/20260313/cmp_i1773379307900_4495_0_7.jpg"", ""https://xcimg.szwego.com/imgHD/9404f147/20260313/cmp_i1773379304042_8144_0_8.jpg""]"
_drxrScZxYcZwF7nUuAGsSAvg_GZ2wBvPQMAzAhw;;BC 26S 豆沙色珠光缎翻领真丝衬衫 豆沙粉缎面真丝衬衫 采用高品质真丝 触感柔滑 光泽感满满，经典翻领+门襟纽扣设计 袖口可调节 细节精致 顶级品质发售;0;;lrg3k8cd5bgw3jv;;Для женщин;"[""https://xcimg.szwego.com/imgHD/9404f147/20260313/cmp_i1773378997987_9690_0_0.jpg"", ""https://xcimg.szwego.com/imgHD/9404f147/20260313/cmp_i1773378981812_1874_0_1.jpg"", ""https://xcimg.szwego.com/imgHD/9404f147/20260313/cmp_i1773378981812_9343_0_2.jpg"", ""https://xcimg.szwego.com/imgHD/9404f147/20260313/cmp_i1773378991013_7831_0_3.jpg"", ""https://xcimg.szwego.com/imgHD/9404f147/20260313/cmp_i1773378981813_5815_0_4.jpg"", ""https://xcimg.szwego.com/imgHD/9404f147/20260313/cmp_i1773378991016_8708_0_5.jpg"", ""https://xcimg.szwego.com/imgHD/9404f147/20260313/cmp_i1773378981812_3845_0_6.jpg"", ""https://xcimg.szwego.com/imgHD/9404f147/20260313/cmp_i1773378991020_6178_0_7.jpg"", ""https://xcimg.szwego.com/imgHD/9404f147/20260313/cmp_i1773378981812_5839_0_8.jpg""]"
_deVrSDIMqQ6OsKmdoErU9C1IknDbbswkdmTUcWw;;BC 26S 棉麻U型领口老钱风立体背心 荡领无袖上衣 采用亚麻混纺面料 垂感好不易皱 亲肤舒适，兼具层次感与实用性 荡领设计修饰颈部线条 优雅气质满分 顶级品质发售;0;;lrg3k8cd5bgw3jv;;Для женщин;"[""https://xcimg.szwego.com/imgHD/9404f147/20260313/cmp_i1773378402199_3392_0_0.jpg"", ""https://xcimg.szwego.com/imgHD/9404f147/20260313/cmp_i1773378399144_8567_0_1.jpg"", ""https://xcimg.szwego.com/imgHD/9404f147/20260313/cmp_i1773378399144_5524_0_2.jpg"", ""https://xcimg.szwego.com/imgHD/9404f147/20260313/cmp_i1773378399141_7783_0_3.jpg"", ""https://xcimg.szwego.com/imgHD/9404f147/20260313/cmp_i1773378402191_1165_0_4.jpg"", ""https://xcimg.szwego.com/imgHD/9404f147/20260313/cmp_i1773378399142_8902_0_5.jpg"", ""https://xcimg.szwego.com/imgHD/9404f147/20260313/cmp_i1773378399142_1933_0_6.jpg"", ""https://xcimg.szwego.com/imgHD/9404f147/20260313/cmp_i1773378402193_7139_0_7.jpg"", ""https://xcimg.szwego.com/imgHD/9404f147/20260313/cmp_i1773378402197_7251_0_8.jpg""]"
_dg4rSOoo8nJOp9BSQPNG_aoOgODEeTK8xKPKTEw;;BC 26S 豆沙绿真丝缎廓形老钱风衬衫 真丝立领衬衫 采用高品质真丝 触感柔滑 垂坠感满分 浅灰绿色调，简约优雅 立领+中式斜襟设计 细节精致 顶级品质发售;0;;lrg3k8cd5bgw3jv;;Для женщин;"[""https://xcimg.szwego.com/imgHD/9404f147/20260313/cmp_i1773378078782_4093_0_0.jpg"", ""https://xcimg.szwego.com/imgHD/9404f147/20260313/cmp_i1773378086106_8213_0_1.jpg"", ""https://xcimg.szwego.com/imgHD/9404f147/20260313/cmp_i1773378086107_9464_0_2.jpg"", ""https://xcimg.szwego.com/imgHD/9404f147/20260313/cmp_i1773378086106_8877_0_3.jpg"", ""https://xcimg.szwego.com/imgHD/9404f147/20260313/cmp_i1773378078782_7532_0_4.jpg"", ""https://xcimg.szwego.com/imgHD/9404f147/20260313/cmp_i1773378078782_1058_0_5.jpg"", ""https://xcimg.szwego.com/imgHD/9404f147/20260313/cmp_i1773378078782_2269_0_6.jpg"", ""https://xcimg.szwego.com/imgHD/9404f147/20260313/cmp_i1773378078782_3932_0_7.jpg"", ""https://xcimg.szwego.com/imgHD/9404f147/20260313/cmp_i1773378086105_5439_0_8.jpg""]"
_dq9rS1OLvrAuG5JSLiy3JhEe76xy1wdUlC6PohA;;LOUIS 26S 老花丹宁牛仔做旧嵌花休闲夹克 牛仔夹克 经典版型+Monogram提花 水洗做旧工艺 复古又时髦，金属纽扣+翻领设计 细节满分 灵感来自英伦乡间薄雾 顶级品质发售;0;;lrg3k8cd5bgw3jv;;Для женщин;"[""https://xcimg.szwego.com/imgHD/9404f147/20260313/cmp_i1773377741576_3119_0_0.jpg"", ""https://xcimg.szwego.com/imgHD/9404f147/20260313/cmp_i1773377740530_2109_0_1.jpg"", ""https://xcimg.szwego.com/imgHD/9404f147/20260313/cmp_i1773377740530_1809_0_2.jpg"", ""https://xcimg.szwego.com/imgHD/9404f147/20260313/cmp_i1773377747784_6361_0_3.jpg"", ""https://xcimg.szwego.com/imgHD/9404f147/20260313/cmp_i1773377740530_8107_0_4.jpg"", ""https://xcimg.szwego.com/imgHD/9404f147/20260313/cmp_i1773377747785_9954_0_5.jpg"", ""https://xcimg.szwego.com/imgHD/9404f147/20260313/cmp_i1773377747793_9282_0_6.jpg"", ""https://xcimg.szwego.com/imgHD/9404f147/20260313/cmp_i1773377747791_9094_0_7.jpg"", ""https://xcimg.szwego.com/imgHD/9404f147/20260313/cmp_i1773377740530_3362_0_8.jpg""]"
_duOrSqGBXrT8MX1mydglLM8nIjLp-VS353aT_5g;;LOUIS 26S 手绘字母马术字母棉质T恤 早春马年限定T恤 白色纯棉材质 舒适透气 正面线条奔马+红色手写字母，艺术感满满 寓意马到成功人 顶级品质发售;0;;lrg3k8cd5bgw3jv;;Для женщин;"[""https://xcimg.szwego.com/imgHD/9404f147/20260313/cmp_i1773377253725_9659_0_0.jpg"", ""https://xcimg.szwego.com/imgHD/9404f147/20260313/cmp_i1773377265388_1377_0_1.jpg"", ""https://xcimg.szwego.com/imgHD/9404f147/20260313/cmp_i1773377262543_6048_0_2.jpg"", ""https://xcimg.szwego.com/imgHD/9404f147/20260313/cmp_i1773377265388_9700_0_3.jpg"", ""https://xcimg.szwego.com/imgHD/9404f147/20260313/cmp_i1773377265388_561_0_4.jpg"", ""https://xcimg.szwego.com/imgHD/9404f147/20260313/cmp_i1773377253725_3639_0_5.jpg"", ""https://xcimg.szwego.com/imgHD/9404f147/20260313/cmp_i1773377253724_8123_0_6.jpg"", ""https://xcimg.szwego.com/imgHD/9404f147/20260313/cmp_i1773377253725_5634_0_7.jpg"", ""https://xcimg.szwego.com/imgHD/9404f147/20260313/cmp_i1773377253725_2049_0_8.jpg""]"
_dairS-NJvUyxUHnRlrqAdrAhgzhe8e2_OBNXvGQ;;HER 26S 锁链印花深V真丝腰带连衣裙 真丝系列优雅精致气质 Palefroi Remix图案定位印花、真丝斜纹绸质感垂感都超赞 配色全定位印花显高级，收腰腰带开衩版型不挑人 完美做工品质;0;;lrg3k8cd5bgw3jv;;Для женщин;"[""https://xcimg.szwego.com/imgHD/9404f147/20260312/cmp_i1773296353531_8444_0_0.jpg"", ""https://xcimg.szwego.com/imgHD/9404f147/20260312/cmp_i1773296359727_2760_0_1.jpg"", ""https://xcimg.szwego.com/imgHD/9404f147/20260312/cmp_i1773296368617_8219_0_2.jpg"", ""https://xcimg.szwego.com/imgHD/9404f147/20260312/cmp_i1773296359722_2773_0_3.jpg"", ""https://xcimg.szwego.com/imgHD/9404f147/20260312/cmp_i1773296368583_8838_0_4.jpg"", ""https://xcimg.szwego.com/imgHD/9404f147/20260312/cmp_i1773296359718_5529_0_5.jpg"", ""https://xcimg.szwego.com/imgHD/9404f147/20260312/cmp_i1773296359726_6042_0_6.jpg"", ""https://xcimg.szwego.com/imgHD/9404f147/20260312/cmp_i1773296368584_5233_0_7.jpg"", ""https://xcimg.szwego.com/imgHD/9404f147/20260312/cmp_i1773296352528_8670_0_8.jpg""]"
_dsqrSSuaEzyWeTRiyBKu_xIvcliW6DVzd2rwAyQ;;HER 26S 黑白马车印花真丝拼针织上衣 印花长袖上衣 采用重磅斜纹丝绸拼高品质冰丝混纺面料，触感柔滑透气性佳，印花灵感复古马车图案+精致线条 低调奢华老钱风;0;;lrg3k8cd5bgw3jv;;Для женщин;"[""https://xcimg.szwego.com/imgHD/9404f147/20260312/cmp_i1773294264137_2772_0_0.jpg"", ""https://xcimg.szwego.com/imgHD/9404f147/20260312/cmp_i1773295745025_9232_0_1.jpg"", ""https://xcimg.szwego.com/imgHD/9404f147/20260312/cmp_i1773291959685_5544_0_6.jpg"", ""https://xcimg.szwego.com/imgHD/9404f147/20260312/cmp_i1773295745026_5674_0_3.jpg"", ""https://xcimg.szwego.com/imgHD/9404f147/20260312/cmp_i1773295747915_819_0_4.jpg"", ""https://xcimg.szwego.com/imgHD/9404f147/20260312/cmp_i1773295747916_4323_0_5.jpg"", ""https://xcimg.szwego.com/imgHD/9404f147/20260312/cmp_i1773295745007_2203_0_6.jpg"", ""https://xcimg.szwego.com/imgHD/9404f147/20260312/cmp_i1773295745025_4832_0_7.jpg"", ""https://xcimg.szwego.com/imgHD/9404f147/20260312/cmp_i1773295747900_8862_0_8.jpg""]"
_d-orSakzvM11yr1uUDbKARivkY6pS-cbH9WsvxA;;HER 26S 黑白锁头印花真丝拼针织上衣 印花短袖上衣 采用重磅斜纹丝绸拼高品质冰丝混纺面料，触感柔滑透气性佳，印花灵感复古马术图案+精致线条 低调奢华老钱风;0;;lrg3k8cd5bgw3jv;;Для женщин;"[""https://xcimg.szwego.com/imgHD/9404f147/20260312/cmp_i1773294264137_2772_0_0.jpg"", ""https://xcimg.szwego.com/imgHD/9404f147/20260312/cmp_i1773294259818_7391_0_1.jpg"", ""https://xcimg.szwego.com/imgHD/9404f147/20260312/cmp_i1773294259818_5268_0_2.jpg"", ""https://xcimg.szwego.com/imgHD/9404f147/20260312/cmp_i1773294259818_9836_0_3.jpg"", ""https://xcimg.szwego.com/imgHD/9404f147/20260312/cmp_i1773294259818_7943_0_4.jpg"", ""https://xcimg.szwego.com/imgHD/9404f147/20260312/cmp_i1773294264116_2296_0_5.jpg"", ""https://xcimg.szwego.com/imgHD/9404f147/20260312/cmp_i1773294264118_5968_0_6.jpg"", ""https://xcimg.szwego.com/imgHD/9404f147/20260312/cmp_i1773294259818_9983_0_7.jpg"", ""https://xcimg.szwego.com/imgHD/9404f147/20260312/cmp_i1773294264119_2097_0_8.jpg""]"
_d80rSa-pIrPunc5peSuoCNRLJX_ZQjItmRnII5A;;HER 26S 黑色波浪花纹绵羊毛针织开衫 针织开衫采用高品质羊毛柔软又细腻，正面白色流线装饰+镂空花纹金属纽扣，内里可搭配T恤上衣也可单穿 顶级品质发售;0;;lrg3k8cd5bgw3jv;;Для женщин;"[""https://xcimg.szwego.com/imgHD/9404f147/20260312/cmp_i1773293927574_8099_0_0.jpg"", ""https://xcimg.szwego.com/imgHD/9404f147/20260312/cmp_i1773293927599_3381_0_1.jpg"", ""https://xcimg.szwego.com/imgHD/9404f147/20260312/cmp_i1773293927548_1055_0_2.jpg"", ""https://xcimg.szwego.com/imgHD/9404f147/20260312/cmp_i1773293922890_9351_0_3.jpg"", ""https://xcimg.szwego.com/imgHD/9404f147/20260312/cmp_i1773293927574_9047_0_4.jpg"", ""https://xcimg.szwego.com/imgHD/9404f147/20260312/cmp_i1773293922874_9111_0_5.jpg"", ""https://xcimg.szwego.com/imgHD/9404f147/20260312/cmp_i1773293922890_3640_0_6.jpg"", ""https://xcimg.szwego.com/imgHD/9404f147/20260312/cmp_i1773293922890_6882_0_7.jpg"", ""https://xcimg.szwego.com/imgHD/9404f147/20260312/cmp_i1773293922890_4633_0_8.jpg""]"
_d_nrSgzGQgl6-h04WOL9RmpTNSyKbpaQ8q-DRbA;;HER 26S 黑米双色肌理真丝缎飘带衬衫 重磅廓形肌理真丝面料垂坠感哑光细腻，亲肤又透气不易皱的质地 穿着高贵舒适~立领飘带领结设计 优雅有层次，通勤商务日常都ok;0;;lrg3k8cd5bgw3jv;;Для женщин;"[""https://xcimg.szwego.com/imgHD/9404f147/20260312/cmp_i1773293353799_6834_0_0.jpg"", ""https://xcimg.szwego.com/imgHD/9404f147/20260312/cmp_i1773293110266_5489_0_0.jpg"", ""https://xcimg.szwego.com/imgHD/9404f147/20260312/cmp_i1773293353780_6345_0_2.jpg"", ""https://xcimg.szwego.com/imgHD/9404f147/20260312/cmp_i1773293356400_2464_0_3.jpg"", ""https://xcimg.szwego.com/imgHD/9404f147/20260312/cmp_i1773293356394_5256_0_4.jpg"", ""https://xcimg.szwego.com/imgHD/9404f147/20260312/cmp_i1773293353798_2782_0_5.jpg"", ""https://xcimg.szwego.com/imgHD/9404f147/20260312/cmp_i1773293356401_796_0_6.jpg"", ""https://xcimg.szwego.com/imgHD/9404f147/20260312/cmp_i1773293356396_6180_0_7.jpg"", ""https://xcimg.szwego.com/imgHD/9404f147/20260312/cmp_i1773293353801_1114_0_8.jpg""]"
_duyrSPScrhwDSlhDuZpuHQ4PjkIVcsjJynIcDlg;;HER 26S 黑米双色肌理真丝缎飘带衬衫 重磅廓形肌理真丝面料垂坠感哑光细腻，亲肤又透气不易皱的质地 穿着高贵舒适~立领飘带领结设计 优雅有层次，通勤商务日常都ok;0;;lrg3k8cd5bgw3jv;;Для женщин;"[""https://xcimg.szwego.com/imgHD/9404f147/20260312/cmp_i1773293110266_5489_0_0.jpg"", ""https://xcimg.szwego.com/imgHD/9404f147/20260312/cmp_i1773293123268_6149_0_1.jpg"", ""https://xcimg.szwego.com/imgHD/9404f147/20260312/cmp_i1773293123220_7914_0_2.jpg"", ""https://xcimg.szwego.com/imgHD/9404f147/20260312/cmp_i1773293105384_525_0_3.jpg"", ""https://xcimg.szwego.com/imgHD/9404f147/20260312/cmp_i1773293105384_1801_0_4.jpg"", ""https://xcimg.szwego.com/imgHD/9404f147/20260312/cmp_i1773293119346_1919_0_5.jpg"", ""https://xcimg.szwego.com/imgHD/9404f147/20260312/cmp_i1773293105976_1488_0_6.jpg"", ""https://xcimg.szwego.com/imgHD/9404f147/20260312/cmp_i1773293122974_8317_0_7.jpg"", ""https://xcimg.szwego.com/imgHD/9404f147/20260312/cmp_i1773293119347_2232_0_8.jpg""]"
_dxFrSMQJ4rVgrTCiVTG_KFLYjO9pIQm6Nr2yNlg;;HER 26S 黑白高腰九分廓形微喇西裤 采用挺括垂感斜纹棉西裤面料 修身显瘦微喇裤脚修饰腿型，九分裤造型拉长比例 轻松打造优雅复古风 高腰设计提升腰线;0;;lrg3k8cd5bgw3jv;;Для женщин;"[""https://xcimg.szwego.com/imgHD/9404f147/20260312/cmp_i1773292527521_3328_0_0.jpg"", ""https://xcimg.szwego.com/imgHD/9404f147/20260312/cmp_i1773292785157_3553_0_1.jpg"", ""https://xcimg.szwego.com/imgHD/9404f147/20260312/cmp_i1773292785147_2258_0_2.jpg"", ""https://xcimg.szwego.com/imgHD/9404f147/20260312/cmp_i1773292780788_564_0_3.jpg"", ""https://xcimg.szwego.com/imgHD/9404f147/20260312/cmp_i1773292780835_7293_0_4.jpg"", ""https://xcimg.szwego.com/imgHD/9404f147/20260312/cmp_i1773292783871_3229_0_5.jpg"", ""https://xcimg.szwego.com/imgHD/9404f147/20260312/cmp_i1773292780789_9265_0_6.jpg"", ""https://xcimg.szwego.com/imgHD/9404f147/20260312/cmp_i1773292785151_675_0_7.jpg"", ""https://xcimg.szwego.com/imgHD/9404f147/20260312/cmp_i1773292780789_953_0_8.jpg""]"
_dkHrSIk7jT3RGWdImZPHC1tXa0YG3ZWtmooh1MQ;;HER 26S 黑白高腰九分廓形微喇西裤 采用挺括垂感斜纹棉西裤面料 修身显瘦微喇裤脚修饰腿型，九分裤造型拉长比例 轻松打造优雅复古风 高腰设计提升腰线;0;;lrg3k8cd5bgw3jv;;Для женщин;"[""https://xcimg.szwego.com/imgHD/9404f147/20260312/cmp_i1773292527521_3328_0_0.jpg"", ""https://xcimg.szwego.com/imgHD/9404f147/20260312/cmp_i1773292539733_9853_0_1.jpg"", ""https://xcimg.szwego.com/imgHD/9404f147/20260312/cmp_i1773292519184_7655_0_2.jpg"", ""https://xcimg.szwego.com/imgHD/9404f147/20260312/cmp_i1773292519168_4561_0_3.jpg"", ""https://xcimg.szwego.com/imgHD/9404f147/20260312/cmp_i1773292539734_2309_0_4.jpg"", ""https://xcimg.szwego.com/imgHD/9404f147/20260312/cmp_i1773292539728_2346_0_5.jpg"", ""https://xcimg.szwego.com/imgHD/9404f147/20260312/cmp_i1773292527663_1207_0_6.jpg"", ""https://xcimg.szwego.com/imgHD/9404f147/20260312/cmp_i1773292527521_4754_0_7.jpg"", ""https://xcimg.szwego.com/imgHD/9404f147/20260312/cmp_i1773292527379_1269_0_8.jpg""]"
_dlOrSpqI3HLYjZMmBV5L7nNOUqapgWWntSl-SqA;;HER 26S 猪鼻子镂空提花针织上衣 采用100%粘胶纤维柔软垂坠 一字肩贴身穿超舒适，高密网眼+重工镂空提花 立体菱纹肌理，边缘细腻 腔调老钱风搭配;0;;lrg3k8cd5bgw3jv;;Для женщин;"[""https://xcimg.szwego.com/imgHD/9404f147/20260312/cmp_i1773292221691_9226_0_0.jpg"", ""https://xcimg.szwego.com/imgHD/9404f147/20260312/cmp_i1773292227162_8548_0_1.jpg"", ""https://xcimg.szwego.com/imgHD/9404f147/20260312/cmp_i1773292221691_9095_0_2.jpg"", ""https://xcimg.szwego.com/imgHD/9404f147/20260312/cmp_i1773292227139_6083_0_3.jpg"", ""https://xcimg.szwego.com/imgHD/9404f147/20260312/cmp_i1773292221673_4903_0_4.jpg"", ""https://xcimg.szwego.com/imgHD/9404f147/20260312/cmp_i1773292221691_4028_0_5.jpg"", ""https://xcimg.szwego.com/imgHD/9404f147/20260312/cmp_i1773292221691_3575_0_6.jpg"", ""https://xcimg.szwego.com/imgHD/9404f147/20260312/cmp_i1773292227139_4433_0_7.jpg"", ""https://xcimg.szwego.com/imgHD/9404f147/20260312/cmp_i1773292227139_3733_0_8.jpg""]"
_diUrSbaL5UQupaq4qqvCeOsDkpYqq_WgMfdCWUg;;HER 26S 白色3D锁头印花短袖T恤 采用纯棉弹力罗纹针织 简约圆领正肩剪裁 修身显瘦，春夏搭配清爽高级 锁头印花无需过多的logo，同样彰显品牌魅力！老钱风搭配;0;;lrg3k8cd5bgw3jv;;Для женщин;"[""https://xcimg.szwego.com/imgHD/9404f147/20260312/cmp_i1773291688823_4638_0_0.jpg"", ""https://xcimg.szwego.com/imgHD/9404f147/20260312/cmp_i1773291699581_4882_0_1.jpg"", ""https://xcimg.szwego.com/imgHD/9404f147/20260312/cmp_i1773291688823_987_0_2.jpg"", ""https://xcimg.szwego.com/imgHD/9404f147/20260312/cmp_i1773291699582_3145_0_3.jpg"", ""https://xcimg.szwego.com/imgHD/9404f147/20260312/cmp_i1773291696161_4041_0_4.jpg"", ""https://xcimg.szwego.com/imgHD/9404f147/20260312/cmp_i1773291696167_6799_0_5.jpg"", ""https://xcimg.szwego.com/imgHD/9404f147/20260312/cmp_i1773291699579_8147_0_6.jpg"", ""https://xcimg.szwego.com/imgHD/9404f147/20260312/cmp_i1773291696291_9608_0_7.jpg"", ""https://xcimg.szwego.com/imgHD/9404f147/20260312/cmp_i1773291688823_9240_0_8.jpg""]"
_dbYrSXzfvii-UQsz03IN9x60ube40vZu0gIp-fw;;FEN 26S FF提花超长领巾腰带真丝连衣裙 这款连衣裙采用FF花卉提花 立体感满满 质感高级 深V领+系带收腰设计，修饰身形 优雅又显气质 轻松诠释华丽艺术感;0;;lrg3k8cd5bgw3jv;;Для женщин;"[""https://xcimg.szwego.com/imgHD/9404f147/20260311/cmp_i1773208283709_8124_0_0.jpg"", ""https://xcimg.szwego.com/imgHD/9404f147/20260311/cmp_i1773208279346_7805_0_1.jpg"", ""https://xcimg.szwego.com/imgHD/9404f147/20260311/cmp_i1773208279351_9610_0_2.jpg"", ""https://xcimg.szwego.com/imgHD/9404f147/20260311/cmp_i1773208279344_7430_0_3.jpg"", ""https://xcimg.szwego.com/imgHD/9404f147/20260311/cmp_i1773208293106_8970_0_4.jpg"", ""https://xcimg.szwego.com/imgHD/9404f147/20260311/cmp_i1773208274191_5884_0_5.jpg"", ""https://xcimg.szwego.com/imgHD/9404f147/20260311/cmp_i1773208279346_1830_0_6.jpg"", ""https://xcimg.szwego.com/imgHD/9404f147/20260311/cmp_i1773208293103_8965_0_7.jpg"", ""https://xcimg.szwego.com/imgHD/9404f147/20260311/cmp_i1773208293102_2217_0_8.jpg""]"
_d8VrSZ-EJo35pMjTiRE_7kWrl8FxvNy4tTX9Oiw;;FEN 26S FF真丝提花 侧方扣翻领衬衫 FF提花真丝衬衫 采用高品质桑蚕丝 手感柔滑有光泽，深棕FF提花图案超有辨识度 经典衬衫领+长袖设计 奢华感满满;0;;lrg3k8cd5bgw3jv;;Для женщин;"[""https://xcimg.szwego.com/imgHD/9404f147/20260311/cmp_i1773207934053_3145_0_0.jpg"", ""https://xcimg.szwego.com/imgHD/9404f147/20260311/cmp_i1773207934053_2919_0_1.jpg"", ""https://xcimg.szwego.com/imgHD/9404f147/20260311/cmp_i1773207949863_5496_0_2.jpg"", ""https://xcimg.szwego.com/imgHD/9404f147/20260311/cmp_i1773207948851_5631_0_3.jpg"", ""https://xcimg.szwego.com/imgHD/9404f147/20260311/cmp_i1773207945395_6984_0_4.jpg"", ""https://xcimg.szwego.com/imgHD/9404f147/20260311/cmp_i1773207945391_6804_0_5.jpg"", ""https://xcimg.szwego.com/imgHD/9404f147/20260311/cmp_i1773207934053_1476_0_6.jpg"", ""https://xcimg.szwego.com/imgHD/9404f147/20260311/cmp_i1773207934053_5942_0_7.jpg"", ""https://xcimg.szwego.com/imgHD/9404f147/20260311/cmp_i1773207934053_1362_0_8.jpg""]"
_dwErSOSP4Ph1Ss1gI8YyfUles-5oV1CH4GeYb3A;;AW 26S 后腰水钻字母水洗灰弯刀牛仔裤 水洗高级灰牛仔面料 刀裤型小腿外侧弧形剪裁，烫钻全铺在后袋 blingbling钻排渐变重工又高级、高腰腰线小腹收平 侧面薄片造型 必留款;0;;lrg3k8cd5bgw3jv;;Для женщин;"[""https://xcimg.szwego.com/imgHD/9404f147/20260311/cmp_i1773204157972_168_0_0.jpg"", ""https://xcimg.szwego.com/imgHD/9404f147/20260311/cmp_i1773204157973_8180_0_1.jpg"", ""https://xcimg.szwego.com/imgHD/9404f147/20260311/cmp_i1773204158836_1499_0_2.jpg"", ""https://xcimg.szwego.com/imgHD/9404f147/20260311/cmp_i1773204202042_5365_0_3.jpg"", ""https://xcimg.szwego.com/imgHD/9404f147/20260311/cmp_i1773204202019_4891_0_4.jpg"", ""https://xcimg.szwego.com/imgHD/9404f147/20260311/cmp_i1773204202019_6268_0_5.jpg"", ""https://xcimg.szwego.com/imgHD/9404f147/20260311/cmp_i1773204157970_4062_0_6.jpg"", ""https://xcimg.szwego.com/imgHD/9404f147/20260311/cmp_i1773204157969_6688_0_7.jpg"", ""https://xcimg.szwego.com/imgHD/9404f147/20260311/cmp_i1773204150913_2617_0_8.jpg""]"
_dicrSuNhKTHIrpe-524JjiIHJZ7QMUmVJB7kQVQ;;AW 26S 黑白手写体水钻字母棉质T恤 白色主色+黑银色手写体水钻Logo 简约又有辨识度，棉质面料柔软透气 宽松小短款版型 随便搭高腰裤or半裙 街头感都很时髦;0;;lrg3k8cd5bgw3jv;;Для женщин;"[""https://xcimg.szwego.com/imgHD/9404f147/20260311/cmp_i1773203846053_494_0_0.jpg"", ""https://xcimg.szwego.com/imgHD/9404f147/20260311/cmp_i1773203521698_971_0_1.jpg"", ""https://xcimg.szwego.com/imgHD/9404f147/20260311/cmp_i1773203838918_9369_0_2.jpg"", ""https://xcimg.szwego.com/imgHD/9404f147/20260311/cmp_i1773203846048_5113_0_3.jpg"", ""https://xcimg.szwego.com/imgHD/9404f147/20260311/cmp_i1773203514743_3118_0_2.jpg"", ""https://xcimg.szwego.com/imgHD/9404f147/20260311/cmp_i1773203846050_8782_0_5.jpg"", ""https://xcimg.szwego.com/imgHD/9404f147/20260311/cmp_i1773203846048_363_0_6.jpg"", ""https://xcimg.szwego.com/imgHD/9404f147/20260311/cmp_i1773203838902_4621_0_7.jpg"", ""https://xcimg.szwego.com/imgHD/9404f147/20260311/cmp_i1773203651645_3871_0_6.jpg""]"
_dkDrSboqK6lY0mYCNz-jpPf2dSahHc2HjcHurzA;;AW 26S 黑白手写体水钻字母棉质T恤 黑色主色+白色手写体水钻Logo 简约又有辨识度，棉质面料柔软透气 宽松小短款版型 随便搭高腰裤or半裙 街头感都很时髦;0;;lrg3k8cd5bgw3jv;;Для женщин;"[""https://xcimg.szwego.com/imgHD/9404f147/20260311/cmp_i1773203519313_8266_0_0.jpg"", ""https://xcimg.szwego.com/imgHD/9404f147/20260311/cmp_i1773203521698_971_0_1.jpg"", ""https://xcimg.szwego.com/imgHD/9404f147/20260311/cmp_i1773203514743_3118_0_2.jpg"", ""https://xcimg.szwego.com/imgHD/9404f147/20260311/cmp_i1773203519313_3587_0_3.jpg"", ""https://xcimg.szwego.com/imgHD/9404f147/20260311/cmp_i1773203519303_4858_0_4.jpg"", ""https://xcimg.szwego.com/imgHD/9404f147/20260311/cmp_i1773203514726_194_0_5.jpg"", ""https://xcimg.szwego.com/imgHD/9404f147/20260311/cmp_i1773203535026_2458_0_6.jpg"", ""https://xcimg.szwego.com/imgHD/9404f147/20260311/cmp_i1773203519303_157_0_7.jpg"", ""https://xcimg.szwego.com/imgHD/9404f147/20260311/cmp_i1773203535023_2015_0_8.jpg""]"
_daFrS3JmuWySDS-Ty67lQCP3m26j9ss7wPZGNxQ;;SLP 26S 字母刺绣墨绿格纹抓绒棉衬衫 经典格纹设计低调复古，抓绒棉材质柔软透气 超细腻的材质穿着舒软、宽松版型小翻领+单侧YSL刺绣胸袋 高级时髦廓形;0;;lrg3k8cd5bgw3jv;;Для женщин;"[""https://xcimg.szwego.com/imgHD/9404f147/20260311/cmp_i1773203274239_2583_0_0.jpg"", ""https://xcimg.szwego.com/imgHD/9404f147/20260311/cmp_i1773203274259_2502_0_1.jpg"", ""https://xcimg.szwego.com/imgHD/9404f147/20260311/cmp_i1773203274021_4415_0_2.jpg"", ""https://xcimg.szwego.com/imgHD/9404f147/20260311/cmp_i1773203265529_1802_0_3.jpg"", ""https://xcimg.szwego.com/imgHD/9404f147/20260311/cmp_i1773203284877_5226_0_4.jpg"", ""https://xcimg.szwego.com/imgHD/9404f147/20260311/cmp_i1773203265614_3177_0_5.jpg"", ""https://xcimg.szwego.com/imgHD/9404f147/20260311/cmp_i1773203274265_9431_0_6.jpg"", ""https://xcimg.szwego.com/imgHD/9404f147/20260311/cmp_i1773203274220_9521_0_7.jpg"", ""https://xcimg.szwego.com/imgHD/9404f147/20260311/cmp_i1773203265585_5618_0_8.jpg""]"
_dzSrSHQs2nyS-IDafOCxKzl-db22zADx1eEEKHA;;AW 26S 绿色格纹牛仔包臀衬衫裙 棉质军绿拼米色格纹复古美式风格、宽松剪裁不规则拼接牛仔蓝半裙 时髦又有层次感，可侧方扣收腰造型 凸显时髦个性魅力;0;;lrg3k8cd5bgw3jv;;Для женщин;"[""https://xcimg.szwego.com/imgHD/9404f147/20260311/cmp_i1773203043814_340_0_0.jpg"", ""https://xcimg.szwego.com/imgHD/9404f147/20260311/cmp_i1773203043809_7874_0_1.jpg"", ""https://xcimg.szwego.com/imgHD/9404f147/20260311/cmp_i1773203043831_3388_0_2.jpg"", ""https://xcimg.szwego.com/imgHD/9404f147/20260311/cmp_i1773203039161_9924_0_3.jpg"", ""https://xcimg.szwego.com/imgHD/9404f147/20260311/cmp_i1773203043737_9916_0_4.jpg"", ""https://xcimg.szwego.com/imgHD/9404f147/20260311/cmp_i1773203039191_5239_0_5.jpg"", ""https://xcimg.szwego.com/imgHD/9404f147/20260311/cmp_i1773203043718_2105_0_6.jpg"", ""https://xcimg.szwego.com/imgHD/9404f147/20260311/cmp_i1773203056182_3552_0_7.jpg"", ""https://xcimg.szwego.com/imgHD/9404f147/20260311/cmp_i1773203056177_8570_0_8.jpg""]"
_doZrS6pHCtWQMaqyfxFV8GMONj-OwINyfKk-hTQ;;BAL 26S 抓绒棉黑白格纹破洞街头风衬衫 黑白格纹长袖衬衫 复古又百搭，宽松版型超显随性 破洞棉质面料柔软亲肤 慵懒感街头随意搭配，单穿或叠穿都很出彩;0;;lrg3k8cd5bgw3jv;;Для женщин;"[""https://xcimg.szwego.com/imgHD/9404f147/20260311/cmp_i1773202638106_3804_0_0.jpg"", ""https://xcimg.szwego.com/imgHD/9404f147/20260311/cmp_i1773202002438_6770_0_0.jpg"", ""https://xcimg.szwego.com/imgHD/9404f147/20260311/cmp_i1773202633537_8608_0_2.jpg"", ""https://xcimg.szwego.com/imgHD/9404f147/20260311/cmp_i1773202638106_2203_0_3.jpg"", ""https://xcimg.szwego.com/imgHD/9404f147/20260311/cmp_i1773202638106_4723_0_4.jpg"", ""https://xcimg.szwego.com/imgHD/9404f147/20260311/cmp_i1773202647483_2499_0_5.jpg"", ""https://xcimg.szwego.com/imgHD/9404f147/20260311/cmp_i1773202638106_4295_0_6.jpg"", ""https://xcimg.szwego.com/imgHD/9404f147/20260311/cmp_i1773202647481_3918_0_7.jpg"", ""https://xcimg.szwego.com/imgHD/9404f147/20260311/cmp_i1773202633537_2564_0_8.jpg""]"
_d_krSi3Y7scV565D4NVqiJfyIPpC_36ym1dTitQ;;AW 26S 藏青色肩垫廓形短款夹克 采用轻质棉质面料简约利落、短款设计+超大肩垫轮廓 翻领拉链袖口和下摆松紧收口，内衬红色格纹 营造复古感 顶级品质;0;;lrg3k8cd5bgw3jv;;Для женщин;"[""https://xcimg.szwego.com/imgHD/9404f147/20260311/cmp_i1773202346634_628_0_0.jpg"", ""https://xcimg.szwego.com/imgHD/9404f147/20260311/cmp_i1773202355181_7788_0_1.jpg"", ""https://xcimg.szwego.com/imgHD/9404f147/20260311/cmp_i1773202351450_8253_0_2.jpg"", ""https://xcimg.szwego.com/imgHD/9404f147/20260311/cmp_i1773202360458_5440_0_3.jpg"", ""https://xcimg.szwego.com/imgHD/9404f147/20260311/cmp_i1773202351429_8697_0_4.jpg"", ""https://xcimg.szwego.com/imgHD/9404f147/20260311/cmp_i1773202346634_5358_0_5.jpg"", ""https://xcimg.szwego.com/imgHD/9404f147/20260311/cmp_i1773202360457_1853_0_6.jpg"", ""https://xcimg.szwego.com/imgHD/9404f147/20260311/cmp_i1773202351450_3094_0_7.jpg"", ""https://xcimg.szwego.com/imgHD/9404f147/20260311/cmp_i1773202346634_8372_0_8.jpg""]"
_dosrSbPCpIlzvkTjL8su2L9PJR2OMEHoJGj8q5Q;;GAN 26S 蝴蝶领结兔子印花棉质T恤 炭黑色棉质面料 微微做旧洗的有一点暗黑风格，休闲版型 穿着舒适不挑身材，胸前立体兔子印花 点缀红色蝴蝶结 童趣又复古;0;;lrg3k8cd5bgw3jv;;Для женщин;"[""https://xcimg.szwego.com/imgHD/9404f147/20260311/cmp_i1773202002438_6770_0_0.jpg"", ""https://xcimg.szwego.com/imgHD/9404f147/20260311/cmp_i1773202001513_761_0_1.jpg"", ""https://xcimg.szwego.com/imgHD/9404f147/20260311/cmp_i1773201986159_7947_0_2.jpg"", ""https://xcimg.szwego.com/imgHD/9404f147/20260311/cmp_i1773201990091_1160_0_3.jpg"", ""https://xcimg.szwego.com/imgHD/9404f147/20260311/cmp_i1773201990067_1429_0_4.jpg"", ""https://xcimg.szwego.com/imgHD/9404f147/20260311/cmp_i1773202001533_7467_0_5.jpg"", ""https://xcimg.szwego.com/imgHD/9404f147/20260311/cmp_i1773202001512_8195_0_6.jpg"", ""https://xcimg.szwego.com/imgHD/9404f147/20260311/cmp_i1773201990069_1810_0_7.jpg"", ""https://xcimg.szwego.com/imgHD/9404f147/20260311/cmp_i1773201990134_4507_0_8.jpg""]"
_d-crS3c5Qra0I7Sc_trAfC6UCt3VVQmE9Gncmfw;;DIO 26S 海军风黑白立领羊毛廓形连衣裙 白色立体羊毛立裁设计立裁廓形 立领蜜蜂刺绣超精致 全开扣设计，领口和袖口织带拼接 收腰高贵饱满 内里真丝华丽高级;0;;lrg3k8cd5bgw3jv;;Для женщин;"[""https://xcimg.szwego.com/imgHD/9404f147/20260310/cmp_i1773124558964_9902_0_0.jpg"", ""https://xcimg.szwego.com/imgHD/9404f147/20260310/cmp_i1773125301503_6666_0_1.jpg"", ""https://xcimg.szwego.com/imgHD/9404f147/20260310/cmp_i1773125305877_5434_0_2.jpg"", ""https://xcimg.szwego.com/imgHD/9404f147/20260310/cmp_i1773125301500_2148_0_3.jpg"", ""https://xcimg.szwego.com/imgHD/9404f147/20260310/cmp_i1773125305878_634_0_4.jpg"", ""https://xcimg.szwego.com/imgHD/9404f147/20260310/cmp_i1773125301496_9165_0_5.jpg"", ""https://xcimg.szwego.com/imgHD/9404f147/20260310/cmp_i1773125301496_5662_0_6.jpg"", ""https://xcimg.szwego.com/imgHD/9404f147/20260310/cmp_i1773125301498_4752_0_7.jpg"", ""https://xcimg.szwego.com/imgHD/9404f147/20260310/cmp_i1773125305875_6434_0_8.jpg""]"
_dkFrSzRfo5Ityhh2uaBTc2iiohp02D8xk0NlS0Q;;DIO 26S 立体收腰蕾丝竖排扣立领西装 YB立体米白色调精致蕾丝刺绣 营造出古典浪漫氛围感，蕾丝拼接在立体网纱之上 表现出D手工坊匠心 文艺复兴灵感 剪裁贴合身形;0;;lrg3k8cd5bgw3jv;;Для женщин;"[""https://xcimg.szwego.com/imgHD/9404f147/20260310/cmp_i1773124555292_6698_0_1.jpg"", ""https://xcimg.szwego.com/imgHD/9404f147/20260310/cmp_i1773124558964_9902_0_0.jpg"", ""https://xcimg.szwego.com/imgHD/9404f147/20260310/cmp_i1773124922470_9245_0_2.jpg"", ""https://xcimg.szwego.com/imgHD/9404f147/20260310/cmp_i1773124925274_6888_0_3.jpg"", ""https://xcimg.szwego.com/imgHD/9404f147/20260310/cmp_i1773124922452_8153_0_4.jpg"", ""https://xcimg.szwego.com/imgHD/9404f147/20260310/cmp_i1773124927357_3341_0_5.jpg"", ""https://xcimg.szwego.com/imgHD/9404f147/20260310/cmp_i1773124927357_3347_0_6.jpg"", ""https://xcimg.szwego.com/imgHD/9404f147/20260310/cmp_i1773124925284_2189_0_7.jpg"", ""https://xcimg.szwego.com/imgHD/9404f147/20260310/cmp_i1773124922469_950_0_8.jpg""]"
_dmQrS4pIv5FESEq7RN59IQ8mchhr2J08P4hSwsw;;DIO 26S 白色蕾丝网纱开衩半身裙 定制YB镂空多层蛋糕裙 轻盈网纱+精致蕾丝刺绣 曼妙浪漫优雅氛围感、裙摆蕾丝花边超有立体感，设计显腿长又饱满轻巧;0;;lrg3k8cd5bgw3jv;;Для женщин;"[""https://xcimg.szwego.com/imgHD/9404f147/20260310/cmp_i1773124558964_9902_0_0.jpg"", ""https://xcimg.szwego.com/imgHD/9404f147/20260310/cmp_i1773124555292_6698_0_1.jpg"", ""https://xcimg.szwego.com/imgHD/9404f147/20260310/cmp_i1773124554195_6836_0_2.jpg"", ""https://xcimg.szwego.com/imgHD/9404f147/20260310/cmp_i1773124554200_5134_0_3.jpg"", ""https://xcimg.szwego.com/imgHD/9404f147/20260310/cmp_i1773124554166_7125_0_4.jpg"", ""https://xcimg.szwego.com/imgHD/9404f147/20260310/cmp_i1773124558963_8084_0_5.jpg"", ""https://xcimg.szwego.com/imgHD/9404f147/20260310/cmp_i1773124554162_594_0_6.jpg"", ""https://xcimg.szwego.com/imgHD/9404f147/20260310/cmp_i1773124558964_1238_0_7.jpg"", ""https://xcimg.szwego.com/imgHD/9404f147/20260310/cmp_i1773124558965_2457_0_8.jpg""]"
_dhCrSj4YlAx5WB6OUFkLV_9Tw9qLAhU73me5Ywg;;DIO 26S 马蹄扣刺绣网纱衬衫两件套 Jonathan Anderson 设计 一件精致的作品 网纱衬衫具有空灵的诱惑力，内里独立真丝吊带背心 绣有马蹄铁图案 向幸运符象征致敬 顶级品质;0;;lrg3k8cd5bgw3jv;;Для женщин;"[""https://xcimg.szwego.com/imgHD/9404f147/20260310/cmp_i1773124225226_38_0_0.jpg"", ""https://xcimg.szwego.com/imgHD/9404f147/20260310/cmp_i1773124224149_2888_0_1.jpg"", ""https://xcimg.szwego.com/imgHD/9404f147/20260310/cmp_i1773124219460_5949_0_2.jpg"", ""https://xcimg.szwego.com/imgHD/9404f147/20260310/cmp_i1773124224149_6842_0_3.jpg"", ""https://xcimg.szwego.com/imgHD/9404f147/20260310/cmp_i1773124224143_6952_0_4.jpg"", ""https://xcimg.szwego.com/imgHD/9404f147/20260310/cmp_i1773124219441_5153_0_5.jpg"", ""https://xcimg.szwego.com/imgHD/9404f147/20260310/cmp_i1773124219459_4863_0_6.jpg"", ""https://xcimg.szwego.com/imgHD/9404f147/20260310/cmp_i1773124219442_513_0_7.jpg"", ""https://xcimg.szwego.com/imgHD/9404f147/20260310/cmp_i1773124224146_2278_0_8.jpg""]"
_dm_rSHQ6JbXSu4AwswogBSHr6IHU7TfXe__O6Aw;;DIO 26S 铃兰花真丝绑带上衣半裙套装 铃兰珠光缎印花宽松上衣 白色底色配清新铃兰图案 营造法式优雅氛围感，宽松落肩版型 露背蝴蝶结绑带 搭配半裙灵动高贵;0;;lrg3k8cd5bgw3jv;;Для женщин;"[""https://xcimg.szwego.com/imgHD/9404f147/20260310/cmp_i1773123794717_5409_0_0.jpg"", ""https://xcimg.szwego.com/imgHD/9404f147/20260310/cmp_i1773123789608_7924_0_1.jpg"", ""https://xcimg.szwego.com/imgHD/9404f147/20260310/cmp_i1773123792141_5798_0_2.jpg"", ""https://xcimg.szwego.com/imgHD/9404f147/20260310/cmp_i1773123789587_797_0_3.jpg"", ""https://xcimg.szwego.com/imgHD/9404f147/20260310/cmp_i1773123789591_3458_0_4.jpg"", ""https://xcimg.szwego.com/imgHD/9404f147/20260310/cmp_i1773123789591_1390_0_5.jpg"", ""https://xcimg.szwego.com/imgHD/9404f147/20260310/cmp_i1773123794824_7232_0_6.jpg"", ""https://xcimg.szwego.com/imgHD/9404f147/20260310/cmp_i1773123789590_815_0_7.jpg"", ""https://xcimg.szwego.com/imgHD/9404f147/20260310/cmp_i1773123792140_7579_0_8.jpg""]"
_dsmrS8r-Vf1bP398MoLwMExkkIQyd78Uu84Kv1w;;DIO 26S 铃兰花真丝绑带上衣半裙套装 半裙以重磅缎面真丝铃兰花印花为亮点 白色底色搭配绿色叶片，清新自装点春日氛围感 A字版型宽松显瘦 灵动饱满;0;;lrg3k8cd5bgw3jv;;Для женщин;"[""https://xcimg.szwego.com/imgHD/9404f147/20260310/cmp_i1773123701853_1606_0_0.jpg"", ""https://xcimg.szwego.com/imgHD/9404f147/20260310/cmp_i1773123696719_5134_0_1.jpg"", ""https://xcimg.szwego.com/imgHD/9404f147/20260310/cmp_i1773123696719_7870_0_2.jpg"", ""https://xcimg.szwego.com/imgHD/9404f147/20260310/cmp_i1773123701827_3289_0_3.jpg"", ""https://xcimg.szwego.com/imgHD/9404f147/20260310/cmp_i1773123696719_4628_0_4.jpg"", ""https://xcimg.szwego.com/imgHD/9404f147/20260310/cmp_i1773123696701_780_0_5.jpg"", ""https://xcimg.szwego.com/imgHD/9404f147/20260310/cmp_i1773123696702_3660_0_6.jpg"", ""https://xcimg.szwego.com/imgHD/9404f147/20260310/cmp_i1773123701854_2256_0_7.jpg"", ""https://xcimg.szwego.com/imgHD/9404f147/20260310/cmp_i1773123699191_4021_0_8.jpg""]"
_dqwrStehTxihXsNoFpebcS7WuxELKlcBuWGxmGQ;;DIO 26S 粉色花朵镂空背心开衫套装 竖排珍珠扣粉色马海毛开衫+背心 两件套、柔软轻盈触感超舒适细腻的材质 镂空针织立体钩花玫瑰图案 浪漫优雅甜美感;0;;lrg3k8cd5bgw3jv;;Для женщин;"[""https://xcimg.szwego.com/imgHD/9404f147/20260310/cmp_i1773123082110_1670_0_0.jpg"", ""https://xcimg.szwego.com/imgHD/9404f147/20260310/cmp_i1773123091561_1583_0_1.jpg"", ""https://xcimg.szwego.com/imgHD/9404f147/20260310/cmp_i1773123082108_6964_0_2.jpg"", ""https://xcimg.szwego.com/imgHD/9404f147/20260310/cmp_i1773123082109_6137_0_3.jpg"", ""https://xcimg.szwego.com/imgHD/9404f147/20260310/cmp_i1773123082106_2885_0_4.jpg"", ""https://xcimg.szwego.com/imgHD/9404f147/20260310/cmp_i1773123082107_95_0_5.jpg"", ""https://xcimg.szwego.com/imgHD/9404f147/20260310/cmp_i1773123087461_8655_0_6.jpg"", ""https://xcimg.szwego.com/imgHD/9404f147/20260310/cmp_i1773123087789_8313_0_7.jpg"", ""https://xcimg.szwego.com/imgHD/9404f147/20260310/cmp_i1773123091559_1586_0_8.jpg""]"
_dbirSm6YFYU_Tv0WMx-WXQ0-iN8LWvFcIF2XZwA;;DIO 26S 和平鸽花卉刺绣水洗蓝牛仔外套 浅色水洗牛仔布 白鸽辉映玫瑰刺绣 清新又有辨识度，棕色灯芯绒翻领复古造型 短款剪裁显身材比例 顶级品质发售;0;;lrg3k8cd5bgw3jv;;Для женщин;"[""https://xcimg.szwego.com/imgHD/9404f147/20260310/cmp_i1773122255179_8349_0_0.jpg"", ""https://xcimg.szwego.com/imgHD/9404f147/20260310/cmp_i1773122251915_392_0_1.jpg"", ""https://xcimg.szwego.com/imgHD/9404f147/20260310/cmp_i1773122250799_5570_0_2.jpg"", ""https://xcimg.szwego.com/imgHD/9404f147/20260310/cmp_i1773122250816_4618_0_3.jpg"", ""https://xcimg.szwego.com/imgHD/9404f147/20260310/cmp_i1773122250816_7269_0_4.jpg"", ""https://xcimg.szwego.com/imgHD/9404f147/20260310/cmp_i1773122255206_6384_0_5.jpg"", ""https://xcimg.szwego.com/imgHD/9404f147/20260310/cmp_i1773122250816_6203_0_6.jpg"", ""https://xcimg.szwego.com/imgHD/9404f147/20260310/cmp_i1773122255180_1924_0_7.jpg"", ""https://xcimg.szwego.com/imgHD/9404f147/20260310/cmp_i1773122255206_9543_0_8.jpg""]"
_dhwrSCPPeSCnbb3Wl8KCdoU6eFt8hhzjmnu3eGg;;DIO 26S 千鸟格竖排扣收腰西装外套 炫彩千鸟格黑白经典格纹羊毛混纺材质，挺括又保暖收腰剪裁 竖排扣设计 复古优雅，内里真丝 高级细闪 职场通勤或正式场合都能轻松驾驭;0;;lrg3k8cd5bgw3jv;;Для женщин;"[""https://xcimg.szwego.com/imgHD/9404f147/20260310/cmp_i1773121571196_3312_0_0.jpg"", ""https://xcimg.szwego.com/imgHD/9404f147/20260310/cmp_i1773121883415_710_0_1.jpg"", ""https://xcimg.szwego.com/imgHD/9404f147/20260310/cmp_i1773121883432_857_0_2.jpg"", ""https://xcimg.szwego.com/imgHD/9404f147/20260310/cmp_i1773121887313_1379_0_3.jpg"", ""https://xcimg.szwego.com/imgHD/9404f147/20260310/cmp_i1773121883432_3539_0_4.jpg"", ""https://xcimg.szwego.com/imgHD/9404f147/20260310/cmp_i1773121887328_6843_0_5.jpg"", ""https://xcimg.szwego.com/imgHD/9404f147/20260310/cmp_i1773121883432_551_0_6.jpg"", ""https://xcimg.szwego.com/imgHD/9404f147/20260310/cmp_i1773121887325_2000_0_7.jpg"", ""https://xcimg.szwego.com/imgHD/9404f147/20260310/cmp_i1773121883431_9004_0_8.jpg""]"
_dxgrSInQ9_PRzdPCm7S-UU16V68rLvlpZW_j6tQ;;DIO 26S 炫彩千鸟格包臀迷你半身裙 黑白千鸟格纹毛呢材质 穿插炫彩丝线 质感高级细闪光泽，远近看效果不一样，A字包臀小短款造型内里真丝 顶级品质最新款;0;;lrg3k8cd5bgw3jv;;Для женщин;"[""https://xcimg.szwego.com/imgHD/9404f147/20260310/cmp_i1773121571196_3312_0_0.jpg"", ""https://xcimg.szwego.com/imgHD/9404f147/20260310/cmp_i1773121605337_4311_0_1.jpg"", ""https://xcimg.szwego.com/imgHD/9404f147/20260310/cmp_i1773121605620_9520_0_2.jpg"", ""https://xcimg.szwego.com/imgHD/9404f147/20260310/cmp_i1773121570276_525_0_3.jpg"", ""https://xcimg.szwego.com/imgHD/9404f147/20260310/cmp_i1773121570300_5851_0_4.jpg"", ""https://xcimg.szwego.com/imgHD/9404f147/20260310/cmp_i1773121570276_8974_0_5.jpg"", ""https://xcimg.szwego.com/imgHD/9404f147/20260310/cmp_i1773121559941_1061_0_6.jpg"", ""https://xcimg.szwego.com/imgHD/9404f147/20260310/cmp_i1773121559959_478_0_7.jpg"", ""https://xcimg.szwego.com/imgHD/9404f147/20260310/cmp_i1773121605336_3501_0_8.jpg""]"
_du6rS7SSaqb1c_OkdmOA4vso2ZucRpmA7KFP3GQ;;DIO 26S 炫彩千鸟格大口袋背心连衣裙 黑白千鸟格纹毛呢材质 穿插炫彩丝线 质感高级细闪光泽，远近看效果不一样，A字版型无袖设计简约大方 内里真丝 顶级品质最新款;0;;lrg3k8cd5bgw3jv;;Для женщин;"[""https://xcimg.szwego.com/imgHD/9404f147/20260310/cmp_i1773121231068_5237_0_0.jpg"", ""https://xcimg.szwego.com/imgHD/9404f147/20260310/cmp_i1773121254479_3201_0_1.jpg"", ""https://xcimg.szwego.com/imgHD/9404f147/20260310/cmp_i1773121254479_8946_0_2.jpg"", ""https://xcimg.szwego.com/imgHD/9404f147/20260310/cmp_i1773121230081_474_0_3.jpg"", ""https://xcimg.szwego.com/imgHD/9404f147/20260310/cmp_i1773121220464_8893_0_4.jpg"", ""https://xcimg.szwego.com/imgHD/9404f147/20260310/cmp_i1773121230081_5751_0_5.jpg"", ""https://xcimg.szwego.com/imgHD/9404f147/20260310/cmp_i1773121254491_4644_0_6.jpg"", ""https://xcimg.szwego.com/imgHD/9404f147/20260310/cmp_i1773121220464_600_0_7.jpg"", ""https://xcimg.szwego.com/imgHD/9404f147/20260310/cmp_i1773121230103_6560_0_8.jpg""]"
_dp7rSwqY8VUP75-yStyDoUu5gwcPxUX4Pu_uLmw;;VALEN 26S 浅蓝流苏羽毛手袖真丝连衣裙 重磅真丝面料 立体剪裁、袖口立体丰盈羽毛装饰出灵动层次感，流苏绑带可自由调节造型 裙长及地婚礼宴会正式场合都能轻松驾驭，高贵迷人;0;;lrg3k8cd5bgw3jv;;Для женщин;"[""https://xcimg.szwego.com/imgHD/9404f147/20260309/cmp_i1773037348296_1359_0_0.jpg"", ""https://xcimg.szwego.com/imgHD/9404f147/20260309/cmp_i1773037339595_8219_0_1.jpg"", ""https://xcimg.szwego.com/imgHD/9404f147/20260309/cmp_i1773037341536_9833_0_2.jpg"", ""https://xcimg.szwego.com/imgHD/9404f147/20260309/cmp_i1773037332092_958_0_3.jpg"", ""https://xcimg.szwego.com/imgHD/9404f147/20260309/cmp_i1773037332092_252_0_4.jpg"", ""https://xcimg.szwego.com/imgHD/9404f147/20260309/cmp_i1773037347432_2769_0_5.jpg"", ""https://xcimg.szwego.com/imgHD/9404f147/20260309/cmp_i1773037339651_7143_0_6.jpg"", ""https://xcimg.szwego.com/imgHD/9404f147/20260309/cmp_i1773037332091_5589_0_7.jpg"", ""https://xcimg.szwego.com/imgHD/9404f147/20260309/cmp_i1773037347431_9531_0_8.jpg""]"
_dpQrSmCBoUHKQkZC0LztWz6Cj7k64de5O5t3DqA;;VALEN 26S 黑白双色水钻蝴蝶结刺绣连衣裙 领口立体蝴蝶结刺绣 水晶+串珠点缀出精致奢华的镂空蝴蝶造型、丝毛面料挺括剪裁利落 内里真丝 优雅闪耀气质;0;;lrg3k8cd5bgw3jv;;Для женщин;"[""https://xcimg.szwego.com/imgHD/9404f147/20260309/cmp_i1773036773588_7616_0_0.jpg"", ""https://xcimg.szwego.com/imgHD/9404f147/20260309/cmp_i1773037077046_1051_0_2.jpg"", ""https://xcimg.szwego.com/imgHD/9404f147/20260309/cmp_i1773037079072_6415_0_0.jpg"", ""https://xcimg.szwego.com/imgHD/9404f147/20260309/cmp_i1773037077048_6851_0_3.jpg"", ""https://xcimg.szwego.com/imgHD/9404f147/20260309/cmp_i1773037079071_2031_0_4.jpg"", ""https://xcimg.szwego.com/imgHD/9404f147/20260309/cmp_i1773037077049_1214_0_5.jpg"", ""https://xcimg.szwego.com/imgHD/9404f147/20260309/cmp_i1773037077044_6646_0_6.jpg"", ""https://xcimg.szwego.com/imgHD/9404f147/20260309/cmp_i1773037077048_4163_0_7.jpg"", ""https://xcimg.szwego.com/imgHD/9404f147/20260309/cmp_i1773037079071_510_0_8.jpg""]"
_dJTrSouP6boin5qb-23W9uNbFcXZjf6GaQolUgg;;VALEN 26S 黑白双色水钻蝴蝶结刺绣连衣裙 领口立体蝴蝶结刺绣 水晶+串珠点缀出精致奢华的镂空蝴蝶造型、丝毛面料挺括剪裁利落 内里真丝 优雅闪耀气质;0;;lrg3k8cd5bgw3jv;;Для женщин;"[""https://xcimg.szwego.com/imgHD/9404f147/20260309/cmp_i1773036773588_7616_0_0.jpg"", ""https://xcimg.szwego.com/imgHD/9404f147/20260309/cmp_i1773036775146_4486_0_1.jpg"", ""https://xcimg.szwego.com/imgHD/9404f147/20260309/cmp_i1773036773583_491_0_2.jpg"", ""https://xcimg.szwego.com/imgHD/9404f147/20260309/cmp_i1773036773586_9331_0_3.jpg"", ""https://xcimg.szwego.com/imgHD/9404f147/20260309/cmp_i1773036773585_750_0_4.jpg"", ""https://xcimg.szwego.com/imgHD/9404f147/20260309/cmp_i1773036773584_1627_0_5.jpg"", ""https://xcimg.szwego.com/imgHD/9404f147/20260309/cmp_i1773036775139_8015_0_6.jpg"", ""https://xcimg.szwego.com/imgHD/9404f147/20260309/cmp_i1773036775148_665_0_7.jpg"", ""https://xcimg.szwego.com/imgHD/9404f147/20260309/cmp_i1773036775152_2577_0_8.jpg""]"
_ddqrS81XFpxArCoFmVR5y5D9f62DmyNJRWWsbMg;;VALEN 26S 水钻蝴蝶结刺绣双色丝毛连衣裙 进口廓形丝毛面料 重工水晶刺绣蝴蝶结领口 清冷又贵气，短袖设计超适合春夏 鱼纹网纱镂空环绕水钻 上身曼妙 顶级华丽精致;0;;lrg3k8cd5bgw3jv;;Для женщин;"[""https://xcimg.szwego.com/imgHD/9404f147/20260309/cmp_i1773035879657_7194_0_0.jpg"", ""https://xcimg.szwego.com/imgHD/9404f147/20260309/cmp_i1773036356293_5049_0_1.jpg"", ""https://xcimg.szwego.com/imgHD/9404f147/20260309/cmp_i1773036358170_6207_0_2.jpg"", ""https://xcimg.szwego.com/imgHD/9404f147/20260309/cmp_i1773036358171_1678_0_3.jpg"", ""https://xcimg.szwego.com/imgHD/9404f147/20260309/cmp_i1773036356297_6142_0_4.jpg"", ""https://xcimg.szwego.com/imgHD/9404f147/20260309/cmp_i1773036356290_8792_0_5.jpg"", ""https://xcimg.szwego.com/imgHD/9404f147/20260309/cmp_i1773036358173_2718_0_6.jpg"", ""https://xcimg.szwego.com/imgHD/9404f147/20260309/cmp_i1773036356294_8393_0_7.jpg"", ""https://xcimg.szwego.com/imgHD/9404f147/20260309/cmp_i1773036356287_7020_0_8.jpg""]"
_dyNrSOSF3LmPwy9Ta0Ko5PgaqlJqswU3580uDiQ;;VALEN 26S 水钻蝴蝶结刺绣双色丝毛连衣裙 进口廓形丝毛面料 重工水晶刺绣蝴蝶结领口 清冷又贵气，短袖设计超适合春夏 鱼纹网纱镂空环绕水钻 上身曼妙 顶级华丽精致;0;;lrg3k8cd5bgw3jv;;Для женщин;"[""https://xcimg.szwego.com/imgHD/9404f147/20260309/cmp_i1773035879657_7194_0_0.jpg"", ""https://xcimg.szwego.com/imgHD/9404f147/20260309/cmp_i1773035889078_3518_0_1.jpg"", ""https://xcimg.szwego.com/imgHD/9404f147/20260309/cmp_i1773035879657_359_0_2.jpg"", ""https://xcimg.szwego.com/imgHD/9404f147/20260309/cmp_i1773035889084_30_0_3.jpg"", ""https://xcimg.szwego.com/imgHD/9404f147/20260309/cmp_i1773035879657_6482_0_4.jpg"", ""https://xcimg.szwego.com/imgHD/9404f147/20260309/cmp_i1773035889077_7345_0_5.jpg"", ""https://xcimg.szwego.com/imgHD/9404f147/20260309/cmp_i1773035879657_7954_0_6.jpg"", ""https://xcimg.szwego.com/imgHD/9404f147/20260309/cmp_i1773035889081_530_0_7.jpg"", ""https://xcimg.szwego.com/imgHD/9404f147/20260309/cmp_i1773035879657_6939_0_8.jpg""]"
_dtOrSz5GwIpMTl1BHbLJ2g9QVaADiMxfNy3ymwQ;;CHL 26S 蓝色碎花超大摆吊带连衣裙 真丝顺纡丝面料 9米用料营造轻盈飘逸法式浪漫氛围感，淡蓝底色配粉紫花卉 清新又柔美、细吊带+大裙摆 优雅又松弛;0;;lrg3k8cd5bgw3jv;;Для женщин;"[""https://xcimg.szwego.com/imgHD/9404f147/20260307/cmp_i1772858145468_9819_0_0.jpg"", ""https://xcimg.szwego.com/imgHD/9404f147/20260307/cmp_i1772858022584_5286_0_1.jpg"", ""https://xcimg.szwego.com/imgHD/9404f147/20260307/cmp_i1772858022622_2729_0_2.jpg"", ""https://xcimg.szwego.com/imgHD/9404f147/20260307/cmp_i1772858020536_7515_0_3.jpg"", ""https://xcimg.szwego.com/imgHD/9404f147/20260307/cmp_i1772858020526_2294_0_4.jpg"", ""https://xcimg.szwego.com/imgHD/9404f147/20260307/cmp_i1772858020523_4856_0_5.jpg"", ""https://xcimg.szwego.com/imgHD/9404f147/20260307/cmp_i1772858145467_6472_0_6.jpg"", ""https://xcimg.szwego.com/imgHD/9404f147/20260307/cmp_i1772858016017_9754_0_7.jpg"", ""https://xcimg.szwego.com/imgHD/9404f147/20260307/cmp_i1772858016018_4718_0_8.jpg""]"
_drtrSWX2RhZLrI4JCF5b9f_Ce_uYRmMD8GHOo1A;;Doen Aure 26S 复古油画超大花卉花边真丝连衣裙 轻盈真丝皱触感柔软如云朵 立体花边裙摆随风飘逸 优雅灵动，复古花卉印花灵感来自20年代油画，深V领口荷叶边 高贵迷人;0;;lrg3k8cd5bgw3jv;;Для женщин;"[""https://xcimg.szwego.com/imgHD/9404f147/20260307/cmp_i1772857672970_1732_0_0.jpg"", ""https://xcimg.szwego.com/imgHD/9404f147/20260307/cmp_i1772857663680_3566_0_1.jpg"", ""https://xcimg.szwego.com/imgHD/9404f147/20260307/cmp_i1772857673049_4859_0_2.jpg"", ""https://xcimg.szwego.com/imgHD/9404f147/20260307/cmp_i1772857669075_6982_0_3.jpg"", ""https://xcimg.szwego.com/imgHD/9404f147/20260307/cmp_i1772856782841_5848_0_0.jpg"", ""https://xcimg.szwego.com/imgHD/9404f147/20260307/cmp_i1772857663681_4931_0_5.jpg"", ""https://xcimg.szwego.com/imgHD/9404f147/20260307/cmp_i1772857679647_4901_0_6.jpg"", ""https://xcimg.szwego.com/imgHD/9404f147/20260307/cmp_i1772857663680_7007_0_7.jpg"", ""https://xcimg.szwego.com/imgHD/9404f147/20260307/cmp_i1772857672947_9414_0_8.jpg""]"
_dxPrSAEzCZkwthMYoBX_h8RO55L8uoSn2TIhB5A;;GUC 26S GG斜纹提花米色休闲套装 GG斜纹真丝翻领绑带真丝上衣 轻薄透气面料超适合春夏，上衣是宽松短款 领口系带+精致刺绣 日常通勤休闲都能轻松驾驭 温柔又高级;0;;lrg3k8cd5bgw3jv;;Для женщин;"[""https://xcimg.szwego.com/imgHD/9404f147/20260307/cmp_i1772856903201_511_0_0.jpg"", ""https://xcimg.szwego.com/imgHD/9404f147/20260307/cmp_i1772856896103_9319_0_1.jpg"", ""https://xcimg.szwego.com/imgHD/9404f147/20260307/cmp_i1772856896050_8094_0_2.jpg"", ""https://xcimg.szwego.com/imgHD/9404f147/20260307/cmp_i1772856892232_3128_0_3.jpg"", ""https://xcimg.szwego.com/imgHD/9404f147/20260307/cmp_i1772856892234_7475_0_4.jpg"", ""https://xcimg.szwego.com/imgHD/9404f147/20260307/cmp_i1772856896077_5507_0_5.jpg"", ""https://xcimg.szwego.com/imgHD/9404f147/20260307/cmp_i1772856903202_4041_0_6.jpg"", ""https://xcimg.szwego.com/imgHD/9404f147/20260307/cmp_i1772856896051_9771_0_7.jpg"", ""https://xcimg.szwego.com/imgHD/9404f147/20260307/cmp_i1772856892231_5160_0_8.jpg""]"
_dAFrShRl25YSnLWyc3xjXOeV_uLFIORd0cuiZvA;;GUC 26S GG斜纹提花米色休闲套装 GG斜纹真丝休闲裤 轻薄透气面料超适合春夏，高腰阔腿裤 裤脚刺绣呼应 修饰腿型又舒适，日常通勤休闲都能轻松驾驭 温柔又高级;0;;lrg3k8cd5bgw3jv;;Для женщин;"[""https://xcimg.szwego.com/imgHD/9404f147/20260307/cmp_i1772856789787_5819_0_1.jpg"", ""https://xcimg.szwego.com/imgHD/9404f147/20260307/cmp_i1772856788884_1602_0_2.jpg"", ""https://xcimg.szwego.com/imgHD/9404f147/20260307/cmp_i1772856782841_8009_0_3.jpg"", ""https://xcimg.szwego.com/imgHD/9404f147/20260307/cmp_i1772856782825_9050_0_4.jpg"", ""https://xcimg.szwego.com/imgHD/9404f147/20260307/cmp_i1772856788884_8818_0_5.jpg"", ""https://xcimg.szwego.com/imgHD/9404f147/20260307/cmp_i1772856782826_3265_0_6.jpg"", ""https://xcimg.szwego.com/imgHD/9404f147/20260307/cmp_i1772856782822_8897_0_7.jpg"", ""https://xcimg.szwego.com/imgHD/9404f147/20260307/cmp_i1772856788890_3529_0_7.jpg"", ""https://xcimg.szwego.com/imgHD/9404f147/20260307/cmp_i1772856788881_32_0_8.jpg""]"
_dAdrSRhQBSTt0sui-iizCVzNnWbxI1sRiBZY78g;;GUC 26S GG印花La Famiglia粉色真丝衬衫 桑蚕丝材质轻盈柔滑 满印双G暗纹超有低调奢华感，蝴蝶结领结设计甜美又优雅，意式浪漫氛围拉满 轻松切换柔媚与酷感风格;0;;lrg3k8cd5bgw3jv;;Для женщин;"[""https://xcimg.szwego.com/imgHD/9404f147/20260307/cmp_i1772856463483_1998_0_0.jpg"", ""https://xcimg.szwego.com/imgHD/9404f147/20260307/cmp_i1772856461869_6384_0_1.jpg"", ""https://xcimg.szwego.com/imgHD/9404f147/20260307/cmp_i1772856461872_4099_0_2.jpg"", ""https://xcimg.szwego.com/imgHD/9404f147/20260307/cmp_i1772856456974_4075_0_3.jpg"", ""https://xcimg.szwego.com/imgHD/9404f147/20260307/cmp_i1772856461875_6102_0_4.jpg"", ""https://xcimg.szwego.com/imgHD/9404f147/20260307/cmp_i1772856456975_3521_0_5.jpg"", ""https://xcimg.szwego.com/imgHD/9404f147/20260307/cmp_i1772856456975_4667_0_6.jpg"", ""https://xcimg.szwego.com/imgHD/9404f147/20260307/cmp_i1772856488910_1129_0_7.jpg"", ""https://xcimg.szwego.com/imgHD/9404f147/20260307/cmp_i1772856461868_2963_0_8.jpg""]"
_dkGrS4H7_WBnUFjZjaS0brvtfpjFCq_ifXQV_-g;;PRA 26S 条纹弹力嵌花字母针织短袖 黑白细条纹设计 胸前品牌字母徽标 辨识度超高，针织面料弹性好贴身舒适 修身版型显身材曲线，圆领袖口深色边饰 细节满分;0;;lrg3k8cd5bgw3jv;;Для женщин;"[""https://xcimg.szwego.com/imgHD/9404f147/20260307/cmp_i1772856100028_4281_0_0.jpg"", ""https://xcimg.szwego.com/imgHD/9404f147/20260307/cmp_i1772856100025_8487_0_1.jpg"", ""https://xcimg.szwego.com/imgHD/9404f147/20260307/cmp_i1772856111108_357_0_2.jpg"", ""https://xcimg.szwego.com/imgHD/9404f147/20260307/cmp_i1772856099178_7020_0_3.jpg"", ""https://xcimg.szwego.com/imgHD/9404f147/20260307/cmp_i1772856105368_7885_0_4.jpg"", ""https://xcimg.szwego.com/imgHD/9404f147/20260307/cmp_i1772856111067_2374_0_5.jpg"", ""https://xcimg.szwego.com/imgHD/9404f147/20260307/cmp_i1772856105004_7821_0_6.jpg"", ""https://xcimg.szwego.com/imgHD/9404f147/20260307/cmp_i1772856111166_7377_0_7.jpg"", ""https://xcimg.szwego.com/imgHD/9404f147/20260307/cmp_i1772856100020_1911_0_8.jpg""]"
_dwyrSfts8oJVWEmFNGrXlU68sZ6oK_5L4fi9CRg;;PRA 26S 黑色尼龙弹力腰扣大摆半身裙 轻盈尼龙材质伞状裙摆设计 搭配PD五金扣腰带 修饰腰线超显瘦，尼龙面料耐磨又舒适日常通勤 休闲都能轻松驾驭 打造摩登造型;0;;lrg3k8cd5bgw3jv;;Для женщин;"[""https://xcimg.szwego.com/imgHD/9404f147/20260307/cmp_i1772855738290_1818_0_0.jpg"", ""https://xcimg.szwego.com/imgHD/9404f147/20260307/cmp_i1772855738055_4053_0_1.jpg"", ""https://xcimg.szwego.com/imgHD/9404f147/20260307/cmp_i1772855737922_4476_0_2.jpg"", ""https://xcimg.szwego.com/imgHD/9404f147/20260307/cmp_i1772855736027_8419_0_3.jpg"", ""https://xcimg.szwego.com/imgHD/9404f147/20260307/cmp_i1772855731701_6363_0_4.jpg"", ""https://xcimg.szwego.com/imgHD/9404f147/20260307/cmp_i1772855743962_519_0_5.jpg"", ""https://xcimg.szwego.com/imgHD/9404f147/20260307/cmp_i1772855744216_5387_0_6.jpg"", ""https://xcimg.szwego.com/imgHD/9404f147/20260307/cmp_i1772855732413_1808_0_7.jpg"", ""https://xcimg.szwego.com/imgHD/9404f147/20260307/cmp_i1772855736031_4972_0_8.jpg""]"
_dq0rSK_2drSGnAbsHiFf7504PVhqvCihHB_Czcg;;PRA 26S 白灰拼色两件套叠穿吊带背心 黑灰色外层+白色内层背心 今年必留的一个款式！内里白色背心整体轮廓造型可任意塑造 外部绵羊毛背心搭配出层次 棉质面料柔软亲肤;0;;lrg3k8cd5bgw3jv;;Для женщин;"[""https://xcimg.szwego.com/imgHD/9404f147/20260307/cmp_i1772855217314_5080_0_0.jpg"", ""https://xcimg.szwego.com/imgHD/9404f147/20260307/cmp_i1772855199021_919_0_1.jpg"", ""https://xcimg.szwego.com/imgHD/9404f147/20260307/cmp_i1772855204983_8616_0_2.jpg"", ""https://xcimg.szwego.com/imgHD/9404f147/20260307/cmp_i1772855199045_2349_0_3.jpg"", ""https://xcimg.szwego.com/imgHD/9404f147/20260307/cmp_i1772855199021_237_0_4.jpg"", ""https://xcimg.szwego.com/imgHD/9404f147/20260307/cmp_i1772855204768_8841_0_5.jpg"", ""https://xcimg.szwego.com/imgHD/9404f147/20260307/cmp_i1772855217254_755_0_6.jpg"", ""https://xcimg.szwego.com/imgHD/9404f147/20260307/cmp_i1772855204937_2812_0_7.jpg"", ""https://xcimg.szwego.com/imgHD/9404f147/20260307/cmp_i1772855204829_4310_0_8.jpg""]"
_desrSeRjBbiBT55VhXPZPdkD8gKGbZrID61OhkA;;DIO 26S 铃兰花刺绣镂空开衫半裙套装 棉质混纺网眼半裙经过精心钩编而成，两件套设计 内里真丝里料 微微廓形灵动大摆彰显铃兰造型 可与配套的开衫搭配，打造精致造型;0;;lrg3k8cd5bgw3jv;;Для женщин;"[""https://xcimg.szwego.com/imgHD/9404f147/20260306/cmp_i1772781913632_2326_0_0.jpg"", ""https://xcimg.szwego.com/imgHD/9404f147/20260306/cmp_i1772781913628_7477_0_1.jpg"", ""https://xcimg.szwego.com/imgHD/9404f147/20260306/cmp_i1772781930503_7561_0_2.jpg"", ""https://xcimg.szwego.com/imgHD/9404f147/20260306/cmp_i1772781913632_9133_0_3.jpg"", ""https://xcimg.szwego.com/imgHD/9404f147/20260306/cmp_i1772781913632_3740_0_4.jpg"", ""https://xcimg.szwego.com/imgHD/9404f147/20260306/cmp_i1772781930325_5057_0_5.jpg"", ""https://xcimg.szwego.com/imgHD/9404f147/20260306/cmp_i1772781913632_1545_0_6.jpg"", ""https://xcimg.szwego.com/imgHD/9404f147/20260306/cmp_i1772781930458_2076_0_7.jpg"", ""https://xcimg.szwego.com/imgHD/9404f147/20260306/cmp_i1772781930388_7381_0_8.jpg""]"
_dkJrS7YygtqPErYZY5gD3UTk0DSmRAJVzt_grHA;;DIO 26S 渐变花卉蝴蝶结腰带丝绵连衣裙 采用白色棉府绸面料 呈优雅的喇叭形剪裁 渐变花卉图案，搭配燕子领 系带式腰带饰以银色饰面金属C和D首字母提升格调，凸显腰部曲线 顶级品质廓形;0;;lrg3k8cd5bgw3jv;;Для женщин;"[""https://xcimg.szwego.com/imgHD/9404f147/20260306/cmp_i1772781528077_9299_0_0.jpg"", ""https://xcimg.szwego.com/imgHD/9404f147/20260306/cmp_i1772781514810_6218_0_1.jpg"", ""https://xcimg.szwego.com/imgHD/9404f147/20260306/cmp_i1772781514810_7100_0_2.jpg"", ""https://xcimg.szwego.com/imgHD/9404f147/20260306/cmp_i1772781514792_6594_0_3.jpg"", ""https://xcimg.szwego.com/imgHD/9404f147/20260306/cmp_i1772781528079_4447_0_4.jpg"", ""https://xcimg.szwego.com/imgHD/9404f147/20260306/cmp_i1772781528073_9160_0_5.jpg"", ""https://xcimg.szwego.com/imgHD/9404f147/20260306/cmp_i1772781514792_9299_0_6.jpg"", ""https://xcimg.szwego.com/imgHD/9404f147/20260306/cmp_i1772781514810_6835_0_7.jpg"", ""https://xcimg.szwego.com/imgHD/9404f147/20260306/cmp_i1772781528073_28_0_8.jpg""]"
_dlXrSlrk5ST0jYWUckYR_1hdYaY5OOJ6wxhJSfg;;DIO 26S 蝴蝶结腰带衬衫式铃兰花连衣裙 白色棉府绸喇叭形剪裁，搭配燕子领 系带式腰带饰以银色饰面金属C和D首字母提升格调 凸显腰部曲线，铃兰图案彰显幸运与好运寓意的传承;0;;lrg3k8cd5bgw3jv;;Для женщин;"[""https://xcimg.szwego.com/imgHD/9404f147/20260306/cmp_i1772781054698_5269_0_0.jpg"", ""https://xcimg.szwego.com/imgHD/9404f147/20260306/cmp_i1772781045095_8260_0_1.jpg"", ""https://xcimg.szwego.com/imgHD/9404f147/20260306/cmp_i1772781045095_7062_0_2.jpg"", ""https://xcimg.szwego.com/imgHD/9404f147/20260306/cmp_i1772781039859_9683_0_3.jpg"", ""https://xcimg.szwego.com/imgHD/9404f147/20260306/cmp_i1772781039860_4191_0_4.jpg"", ""https://xcimg.szwego.com/imgHD/9404f147/20260306/cmp_i1772781039860_6540_0_5.jpg"", ""https://xcimg.szwego.com/imgHD/9404f147/20260306/cmp_i1772781045095_7090_0_6.jpg"", ""https://xcimg.szwego.com/imgHD/9404f147/20260306/cmp_i1772781054701_4145_0_7.jpg"", ""https://xcimg.szwego.com/imgHD/9404f147/20260306/cmp_i1772781045092_5965_0_8.jpg""]"
_dh3rSC7tjZwmYTPzhFVXbn6W-AnqeJuwrlIXzCw;;DIO 26S 和平鸽刺绣绵羊毛针织开衫 白色绵羊毛材质柔软亲肤 圆领长袖CD单排扣设计 穿脱超方便，衣身点缀和平鸽与花卉刺绣 缔造少女感 活力十足 顶级品质;0;;lrg3k8cd5bgw3jv;;Для женщин;"[""https://xcimg.szwego.com/imgHD/9404f147/20260306/cmp_i1772780361455_1849_0_0.jpg"", ""https://xcimg.szwego.com/imgHD/9404f147/20260306/cmp_i1772780738856_560_0_1.jpg"", ""https://xcimg.szwego.com/imgHD/9404f147/20260306/cmp_i1772780746424_2275_0_2.jpg"", ""https://xcimg.szwego.com/imgHD/9404f147/20260306/cmp_i1772780732409_641_0_3.jpg"", ""https://xcimg.szwego.com/imgHD/9404f147/20260306/cmp_i1772780731874_917_0_4.jpg"", ""https://xcimg.szwego.com/imgHD/9404f147/20260306/cmp_i1772780736870_3363_0_5.jpg"", ""https://xcimg.szwego.com/imgHD/9404f147/20260306/cmp_i1772780746391_7522_0_6.jpg"", ""https://xcimg.szwego.com/imgHD/9404f147/20260306/cmp_i1772780738787_4513_0_7.jpg"", ""https://xcimg.szwego.com/imgHD/9404f147/20260306/cmp_i1772780738662_2265_0_8.jpg""]"
_dxhrSburI4Dv6QaSNGZblgZipBpr_uhjq5DzNmw;;DIO 26S 和平鸽花朵刺绣浅蓝阔腿牛仔裤 采用水洗蓝棉质面料 裤身点缀和平鸽与花卉精致刺绣 呈现艺术感，高腰直筒设计 显腿长又显瘦，时髦清爽look;0;;lrg3k8cd5bgw3jv;;Для женщин;"[""https://xcimg.szwego.com/imgHD/9404f147/20260306/cmp_i1772780361455_1849_0_0.jpg"", ""https://xcimg.szwego.com/imgHD/9404f147/20260306/cmp_i1772780363071_9373_0_1.jpg"", ""https://xcimg.szwego.com/imgHD/9404f147/20260306/cmp_i1772780371263_9390_0_2.jpg"", ""https://xcimg.szwego.com/imgHD/9404f147/20260306/cmp_i1772780359988_297_0_3.jpg"", ""https://xcimg.szwego.com/imgHD/9404f147/20260306/cmp_i1772780359988_4292_0_4.jpg"", ""https://xcimg.szwego.com/imgHD/9404f147/20260306/cmp_i1772780355539_8642_0_5.jpg"", ""https://xcimg.szwego.com/imgHD/9404f147/20260306/cmp_i1772780355539_7557_0_6.jpg"", ""https://xcimg.szwego.com/imgHD/9404f147/20260306/cmp_i1772780363079_3155_0_7.jpg"", ""https://xcimg.szwego.com/imgHD/9404f147/20260306/cmp_i1772780371281_5320_0_8.jpg""]"
_drIrScUYYDbLupwnOz07yDFEDsknFaiqNhuQMvA;;DIO 26S 和平鸽碎花刺绣羊绒针织开衫 Jonathan Anderson从典藏汲取灵感，米白色山羊绒针织面料 常规开衫版型搭配罗纹 正面饰以CD标志别具一格 浪漫优雅清爽迷人;0;;lrg3k8cd5bgw3jv;;Для женщин;"[""https://xcimg.szwego.com/imgHD/9404f147/20260306/cmp_i1772774052821_2480_0_0.jpg"", ""https://xcimg.szwego.com/imgHD/9404f147/20260306/cmp_i1772774133156_7775_0_1.jpg"", ""https://xcimg.szwego.com/imgHD/9404f147/20260306/cmp_i1772774058535_1558_0_2.jpg"", ""https://xcimg.szwego.com/imgHD/9404f147/20260306/cmp_i1772774052788_4155_0_3.jpg"", ""https://xcimg.szwego.com/imgHD/9404f147/20260306/cmp_i1772774052253_2868_0_4.jpg"", ""https://xcimg.szwego.com/imgHD/9404f147/20260306/cmp_i1772774052253_2101_0_5.jpg"", ""https://xcimg.szwego.com/imgHD/9404f147/20260306/cmp_i1772774052253_4280_0_6.jpg"", ""https://xcimg.szwego.com/imgHD/9404f147/20260306/cmp_i1772774058019_8812_0_7.jpg"", ""https://xcimg.szwego.com/imgHD/9404f147/20260306/cmp_i1772774058021_1277_0_8.jpg""]"
_dgKrSt5lptgRpejHf9FrYMFgT889ywleoy4DSgA;;"DIO 26S 燕麦米色8字卫衣卫裤休闲套装 柔软棉质抓绒面料 卫衣胸前""CD PARIS""字样品牌徽标，低调又有辨识度 宽松版型+抽绳运动裤 休闲时髦感造型";0;;lrg3k8cd5bgw3jv;;Для женщин;"[""https://xcimg.szwego.com/imgHD/9404f147/20260306/cmp_i1772772858434_4548_0_0.jpg"", ""https://xcimg.szwego.com/imgHD/9404f147/20260306/cmp_i1772772864654_8998_0_1.jpg"", ""https://xcimg.szwego.com/imgHD/9404f147/20260306/cmp_i1772772858431_2755_0_2.jpg"", ""https://xcimg.szwego.com/imgHD/9404f147/20260306/cmp_i1772772858432_8191_0_3.jpg"", ""https://xcimg.szwego.com/imgHD/9404f147/20260306/cmp_i1772772858433_4475_0_4.jpg"", ""https://xcimg.szwego.com/imgHD/9404f147/20260306/cmp_i1772772864648_680_0_5.jpg"", ""https://xcimg.szwego.com/imgHD/9404f147/20260306/cmp_i1772772864654_3797_0_6.jpg"", ""https://xcimg.szwego.com/imgHD/9404f147/20260306/cmp_i1772772858434_9821_0_7.jpg"", ""https://xcimg.szwego.com/imgHD/9404f147/20260306/cmp_i1772772864657_5657_0_8.jpg""]"
_dvmrSzMENyXwa1v5vVt9Y8piosZfYuaXJJLAyww;;DIO 26S 浅灰字母刺绣弹力羊绒针织衫 高品质山羊绒羊毛混纺柔软又保暖，麻灰色圆领设计简约大方 胸前CD刺绣 细节满分，修身剪裁 贴合身形不臃肿 顶级品质;0;;lrg3k8cd5bgw3jv;;Для женщин;"[""https://xcimg.szwego.com/imgHD/9404f147/20260306/cmp_i1772772079091_7270_0_0.jpg"", ""https://xcimg.szwego.com/imgHD/9404f147/20260306/cmp_i1772772079110_5713_0_1.jpg"", ""https://xcimg.szwego.com/imgHD/9404f147/20260306/cmp_i1772772070794_7221_0_2.jpg"", ""https://xcimg.szwego.com/imgHD/9404f147/20260306/cmp_i1772772078958_1342_0_3.jpg"", ""https://xcimg.szwego.com/imgHD/9404f147/20260306/cmp_i1772772070650_2412_0_4.jpg"", ""https://xcimg.szwego.com/imgHD/9404f147/20260306/cmp_i1772772087719_5964_0_5.jpg"", ""https://xcimg.szwego.com/imgHD/9404f147/20260306/cmp_i1772772078992_6110_0_6.jpg"", ""https://xcimg.szwego.com/imgHD/9404f147/20260306/cmp_i1772772087662_4260_0_7.jpg"", ""https://xcimg.szwego.com/imgHD/9404f147/20260306/cmp_i1772772087719_8311_0_8.jpg""]"
_ddprS6EN_wT-1RxGlNacQdKmwaNc0eA1Jtu2wVA;;DIO 26S 黑白双色露背蝴蝶结真丝上衣 Jonathan Anderson设计精致高雅，采用白色桑蚕丝缎面面料精心制作 短款常规版型 露背系带提升格调，黑白双色 高贵迷人;0;;lrg3k8cd5bgw3jv;;Для женщин;"[""https://xcimg.szwego.com/imgHD/9404f147/20260306/cmp_i1772771482823_8816_0_0.jpg"", ""https://xcimg.szwego.com/imgHD/9404f147/20260306/cmp_i1772771776779_6096_0_1.jpg"", ""https://xcimg.szwego.com/imgHD/9404f147/20260306/cmp_i1772771785170_2949_0_2.jpg"", ""https://xcimg.szwego.com/imgHD/9404f147/20260306/cmp_i1772771770613_4232_0_3.jpg"", ""https://xcimg.szwego.com/imgHD/9404f147/20260306/cmp_i1772771770613_1725_0_4.jpg"", ""https://xcimg.szwego.com/imgHD/9404f147/20260306/cmp_i1772771776777_8410_0_5.jpg"", ""https://xcimg.szwego.com/imgHD/9404f147/20260306/cmp_i1772771776767_8827_0_6.jpg"", ""https://xcimg.szwego.com/imgHD/9404f147/20260306/cmp_i1772771770617_8956_0_7.jpg"", ""https://xcimg.szwego.com/imgHD/9404f147/20260306/cmp_i1772771770612_5938_0_8.jpg""]"
_dnCrShwIYxz41rBA7UnRk1E7ktW7EKwItSWltxg;;DIO 26S 黑白双色露背蝴蝶结真丝上衣 Jonathan Anderson设计精致高雅，采用白色桑蚕丝缎面面料精心制作 短款常规版型 露背系带提升格调，黑白双色 高贵迷人;0;;lrg3k8cd5bgw3jv;;Для женщин;"[""https://xcimg.szwego.com/imgHD/9404f147/20260306/cmp_i1772771482823_8816_0_0.jpg"", ""https://xcimg.szwego.com/imgHD/9404f147/20260306/cmp_i1772771493808_4427_0_1.jpg"", ""https://xcimg.szwego.com/imgHD/9404f147/20260306/cmp_i1772771482823_8158_0_2.jpg"", ""https://xcimg.szwego.com/imgHD/9404f147/20260306/cmp_i1772771493808_2360_0_3.jpg"", ""https://xcimg.szwego.com/imgHD/9404f147/20260306/cmp_i1772771478046_5333_0_4.jpg"", ""https://xcimg.szwego.com/imgHD/9404f147/20260306/cmp_i1772771478046_3997_0_5.jpg"", ""https://xcimg.szwego.com/imgHD/9404f147/20260306/cmp_i1772771482823_7675_0_6.jpg"", ""https://xcimg.szwego.com/imgHD/9404f147/20260306/cmp_i1772771478045_2851_0_7.jpg"", ""https://xcimg.szwego.com/imgHD/9404f147/20260306/cmp_i1772771482823_3651_0_8.jpg""]"
_dqarSsg1jAO91S4utSctJXkuojNxuo4DUICEmSA;;Acn Studio 26S 粉蓝色蝴蝶结刺绣亚麻衬衫 采用亚麻与棉混纺透气又舒适，满足多个季节叠穿搭配 宽松廓形浅色格纹 胸前粉色蝴蝶结超有辨识，时髦look加分;0;;lrg3k8cd5bgw3jv;;Для женщин;"[""https://xcimg.szwego.com/imgHD/9404f147/20260305/cmp_i1772698369617_5489_0_0.jpg"", ""https://xcimg.szwego.com/imgHD/9404f147/20260305/cmp_i1772696395828_3386_0_1.jpg"", ""https://xcimg.szwego.com/imgHD/9404f147/20260305/cmp_i1772698369616_3936_0_2.jpg"", ""https://xcimg.szwego.com/imgHD/9404f147/20260305/cmp_i1772698369568_7874_0_3.jpg"", ""https://xcimg.szwego.com/imgHD/9404f147/20260305/cmp_i1772698363472_5782_0_4.jpg"", ""https://xcimg.szwego.com/imgHD/9404f147/20260305/cmp_i1772698363476_6821_0_5.jpg"", ""https://xcimg.szwego.com/imgHD/9404f147/20260305/cmp_i1772698363471_5905_0_6.jpg"", ""https://xcimg.szwego.com/imgHD/9404f147/20260305/cmp_i1772698363475_7930_0_7.jpg"", ""https://xcimg.szwego.com/imgHD/9404f147/20260305/cmp_i1772698366984_6452_0_8.jpg""]"
_ds5rSJAGlC7OsYIDdqMUxr3rzBIVGVlziHx1hVg;;Acn Studios 26S 抽象艺术叠层印花白色针织T恤 采用高支数精梳棉加厚柔软有筋骨感 垂坠利落、正面抽象艺术印花CON字母环绕字样 营造艺术氛围感;0;;lrg3k8cd5bgw3jv;;Для женщин;"[""https://xcimg.szwego.com/imgHD/9404f147/20260305/cmp_i1772697237743_5194_0_0.jpg"", ""https://xcimg.szwego.com/imgHD/9404f147/20260305/cmp_i1772697245258_5974_0_1.jpg"", ""https://xcimg.szwego.com/imgHD/9404f147/20260305/cmp_i1772697242318_2298_0_2.jpg"", ""https://xcimg.szwego.com/imgHD/9404f147/20260305/cmp_i1772697252886_6536_0_3.jpg"", ""https://xcimg.szwego.com/imgHD/9404f147/20260305/cmp_i1772697242315_7980_0_4.jpg"", ""https://xcimg.szwego.com/imgHD/9404f147/20260305/cmp_i1772697252888_9304_0_5.jpg"", ""https://xcimg.szwego.com/imgHD/9404f147/20260305/cmp_i1772697237743_8472_0_6.jpg"", ""https://xcimg.szwego.com/imgHD/9404f147/20260305/cmp_i1772697242312_1830_0_7.jpg"", ""https://xcimg.szwego.com/imgHD/9404f147/20260305/cmp_i1772697242316_4990_0_8.jpg""]"
_d_yrS1fyMOYFpI2CJdamwToE216aHvouYVNKL7Q;;Acn Studios 26S 做旧水洗蓝3D链条牛仔裤 采用高街风格设计 水洗牛仔3D数码印花链条图案营造立体感，宽松阔腿版型轻薄牛仔面料 日常或街头都能轻松驾驭;0;;lrg3k8cd5bgw3jv;;Для женщин;"[""https://xcimg.szwego.com/imgHD/9404f147/20260305/cmp_i1772696339555_1086_0_0.jpg"", ""https://xcimg.szwego.com/imgHD/9404f147/20260305/cmp_i1772696330857_419_0_1.jpg"", ""https://xcimg.szwego.com/imgHD/9404f147/20260305/cmp_i1772696349965_8211_0_2.jpg"", ""https://xcimg.szwego.com/imgHD/9404f147/20260305/cmp_i1772696346877_7360_0_3.jpg"", ""https://xcimg.szwego.com/imgHD/9404f147/20260305/cmp_i1772696329798_4416_0_4.jpg"", ""https://xcimg.szwego.com/imgHD/9404f147/20260305/cmp_i1772696329795_5340_0_5.jpg"", ""https://xcimg.szwego.com/imgHD/9404f147/20260305/cmp_i1772696339451_1505_0_6.jpg"", ""https://xcimg.szwego.com/imgHD/9404f147/20260305/cmp_i1772696336206_8737_0_7.jpg"", ""https://xcimg.szwego.com/imgHD/9404f147/20260305/cmp_i1772696329800_7502_0_8.jpg""]"
_dcirSz0WdHCKzQRfwGJmZ_7vscnkaibk3rfPcHQ;;Acn 26S 黑色缎面拼蕾丝不规则半裙 进口醋酸缎拼蕾丝下摆造型，不规则剪裁+层叠裙摆 走路自带飘逸感、高腰设计修饰身材比例 蕾丝细节点缀甜酷or法式风;0;;lrg3k8cd5bgw3jv;;Для женщин;"[""https://xcimg.szwego.com/imgHD/9404f147/20260305/cmp_i1772691284225_3853_0_0.jpg"", ""https://xcimg.szwego.com/imgHD/9404f147/20260305/cmp_i1772694175368_9167_0_1.jpg"", ""https://xcimg.szwego.com/imgHD/9404f147/20260305/cmp_i1772694175337_4793_0_2.jpg"", ""https://xcimg.szwego.com/imgHD/9404f147/20260305/cmp_i1772694170628_2222_0_3.jpg"", ""https://xcimg.szwego.com/imgHD/9404f147/20260305/cmp_i1772694170630_8894_0_4.jpg"", ""https://xcimg.szwego.com/imgHD/9404f147/20260305/cmp_i1772694183901_2578_0_5.jpg"", ""https://xcimg.szwego.com/imgHD/9404f147/20260305/cmp_i1772694183900_1497_0_6.jpg"", ""https://xcimg.szwego.com/imgHD/9404f147/20260305/cmp_i1772694170629_8898_0_7.jpg"", ""https://xcimg.szwego.com/imgHD/9404f147/20260305/cmp_i1772694170628_2843_0_8.jpg""]"
_dq7rS9bItDESIo026vez1TwPqw5_gP9yThII40Q;;Acn 26S 黑色蕾丝边百褶迷你半身裙 定制YB羊毛立体剪裁 学院甜酷风兼具 裙摆蕾丝花边双层造型，百褶设计立体显瘦又灵动 内里醋酸缎 轻松拉长腿部比例;0;;lrg3k8cd5bgw3jv;;Для женщин;"[""https://xcimg.szwego.com/imgHD/9404f147/20260305/cmp_i1772689572814_5111_0_2.jpg"", ""https://xcimg.szwego.com/imgHD/9404f147/20260305/cmp_i1772692764247_8878_0_1.jpg"", ""https://xcimg.szwego.com/imgHD/9404f147/20260305/cmp_i1772692783756_4912_0_2.jpg"", ""https://xcimg.szwego.com/imgHD/9404f147/20260305/cmp_i1772692783535_4536_0_3.jpg"", ""https://xcimg.szwego.com/imgHD/9404f147/20260305/cmp_i1772692764329_650_0_4.jpg"", ""https://xcimg.szwego.com/imgHD/9404f147/20260305/cmp_i1772692763283_640_0_5.jpg"", ""https://xcimg.szwego.com/imgHD/9404f147/20260305/cmp_i1772692757105_699_0_6.jpg"", ""https://xcimg.szwego.com/imgHD/9404f147/20260305/cmp_i1772692764341_6845_0_7.jpg"", ""https://xcimg.szwego.com/imgHD/9404f147/20260305/cmp_i1772692757603_5615_0_8.jpg""]"
_dwSrSvHqJt4Y0lwT6FkDi-rhetv-TXFSQ2MUXdw;;Anc 26S 灰色抓绒细格纹翻领针织衬衫 黑白细格纹衬衫设计 纯棉抓绒柔软舒适 宽松版型超显随性时髦，翻领+单侧刺绣胸袋 格纹元素复古百搭 简约又有个性;0;;lrg3k8cd5bgw3jv;;Для женщин;"[""https://xcimg.szwego.com/imgHD/9404f147/20260305/cmp_i1772691140574_1218_0_0.jpg"", ""https://xcimg.szwego.com/imgHD/9404f147/20260305/cmp_i1772691139718_8621_0_1.jpg"", ""https://xcimg.szwego.com/imgHD/9404f147/20260305/cmp_i1772691148741_4461_0_8.jpg"", ""https://xcimg.szwego.com/imgHD/9404f147/20260305/cmp_i1772691132762_8273_0_3.jpg"", ""https://xcimg.szwego.com/imgHD/9404f147/20260305/cmp_i1772691132762_1728_0_4.jpg"", ""https://xcimg.szwego.com/imgHD/9404f147/20260305/cmp_i1772691132762_5065_0_5.jpg"", ""https://xcimg.szwego.com/imgHD/9404f147/20260305/cmp_i1772691132762_5706_0_6.jpg"", ""https://xcimg.szwego.com/imgHD/9404f147/20260305/cmp_i1772691139720_5433_0_7.jpg"", ""https://xcimg.szwego.com/imgHD/9404f147/20260305/cmp_i1772691132762_9315_0_8.jpg""]"
_dkZrSI_uMYGyXetgLzElij1emt1xCvRt07x4Tyg;;Acn 26S 字母刺绣灰色翻领长袖针织polo 灰色羊毛polo衫柔软又保暖 耗牛毛混纺材质高级细腻、经典polo领+胸前刺绣logo 简约有辨识度 宽松版型 随性慵懒风;0;;lrg3k8cd5bgw3jv;;Для женщин;"[""https://xcimg.szwego.com/imgHD/9404f147/20260305/cmp_i1772690740086_2410_0_0.jpg"", ""https://xcimg.szwego.com/imgHD/9404f147/20260305/cmp_i1772690730666_4010_0_1.jpg"", ""https://xcimg.szwego.com/imgHD/9404f147/20260305/cmp_i1772690730671_7911_0_2.jpg"", ""https://xcimg.szwego.com/imgHD/9404f147/20260305/cmp_i1772690740079_6947_0_3.jpg"", ""https://xcimg.szwego.com/imgHD/9404f147/20260305/cmp_i1772690730664_9036_0_4.jpg"", ""https://xcimg.szwego.com/imgHD/9404f147/20260305/cmp_i1772690730663_2798_0_5.jpg"", ""https://xcimg.szwego.com/imgHD/9404f147/20260305/cmp_i1772690730666_1520_0_6.jpg"", ""https://xcimg.szwego.com/imgHD/9404f147/20260305/cmp_i1772690740082_203_0_7.jpg"", ""https://xcimg.szwego.com/imgHD/9404f147/20260305/cmp_i1772690740082_1195_0_8.jpg""]"
_d-TrSLj3UVUs2NOEAo0aSlwTWxiv5GVjOJVMi4w;;LOE 26S黑灰双色压褶弹力针织腰带连衣裙 早春系列褶皱背心裙 黑色针织材质 简约优雅腰部褶皱+可调节腰带设计，修饰腰线 层次感满满 裙摆不规则剪裁 灵动飘逸;0;;lrg3k8cd5bgw3jv;;Для женщин;"[""https://xcimg.szwego.com/imgHD/9404f147/20260305/cmp_i1772689772860_8387_0_0.jpg"", ""https://xcimg.szwego.com/imgHD/9404f147/20260305/cmp_i1772690179087_6850_0_1.jpg"", ""https://xcimg.szwego.com/imgHD/9404f147/20260305/cmp_i1772689772883_6542_0_2.jpg"", ""https://xcimg.szwego.com/imgHD/9404f147/20260305/cmp_i1772690176362_8358_0_3.jpg"", ""https://xcimg.szwego.com/imgHD/9404f147/20260305/cmp_i1772690173599_2246_0_4.jpg"", ""https://xcimg.szwego.com/imgHD/9404f147/20260305/cmp_i1772690179043_7089_0_5.jpg"", ""https://xcimg.szwego.com/imgHD/9404f147/20260305/cmp_i1772690174144_6212_0_6.jpg"", ""https://xcimg.szwego.com/imgHD/9404f147/20260305/cmp_i1772690179077_8372_0_7.jpg"", ""https://xcimg.szwego.com/imgHD/9404f147/20260305/cmp_i1772690174161_5158_0_8.jpg""]"
_dwKrSfZdPQv5hpmfeDqdJ__uFh_u8YiJaxsjgXA;;LOE 26S 黑灰双色压褶弹力针织腰带连衣裙 早春系列褶皱背心裙 黑色针织材质 简约优雅腰部褶皱+可调节腰带设计，修饰腰线 层次感满满 裙摆不规则剪裁 灵动飘逸;0;;lrg3k8cd5bgw3jv;;Для женщин;"[""https://xcimg.szwego.com/imgHD/9404f147/20260305/cmp_i1772689772883_6542_0_2.jpg"", ""https://xcimg.szwego.com/imgHD/9404f147/20260305/cmp_i1772689780888_4552_0_1.jpg"", ""https://xcimg.szwego.com/imgHD/9404f147/20260305/cmp_i1772689772860_8387_0_0.jpg"", ""https://xcimg.szwego.com/imgHD/9404f147/20260305/cmp_i1772689771903_8351_0_3.jpg"", ""https://xcimg.szwego.com/imgHD/9404f147/20260305/cmp_i1772689780310_1706_0_4.jpg"", ""https://xcimg.szwego.com/imgHD/9404f147/20260305/cmp_i1772689772775_452_0_5.jpg"", ""https://xcimg.szwego.com/imgHD/9404f147/20260305/cmp_i1772689780775_8915_0_6.jpg"", ""https://xcimg.szwego.com/imgHD/9404f147/20260305/cmp_i1772689780874_9827_0_7.jpg"", ""https://xcimg.szwego.com/imgHD/9404f147/20260305/cmp_i1772689772808_4213_0_8.jpg""]"
_dj2rSd_RekxYbJqwC5exSjzNFPtNApAzSkJRy1g;;LOE 26S 立体签字字母刺绣灰色棉质T恤 灰色短袖T恤采用高品质棉料柔软亲肤 透气性超棒，胸前Ineedyou字样，简约又有个性 宽松版型包容性强 轻松打造慵懒随性风;0;;lrg3k8cd5bgw3jv;;Для женщин;"[""https://xcimg.szwego.com/imgHD/9404f147/20260305/cmp_i1772689572823_4744_0_0.jpg"", ""https://xcimg.szwego.com/imgHD/9404f147/20260305/cmp_i1772689572789_1791_0_1.jpg"", ""https://xcimg.szwego.com/imgHD/9404f147/20260305/cmp_i1772689572814_5111_0_2.jpg"", ""https://xcimg.szwego.com/imgHD/9404f147/20260305/cmp_i1772689581565_1385_0_3.jpg"", ""https://xcimg.szwego.com/imgHD/9404f147/20260305/cmp_i1772689572218_9149_0_4.jpg"", ""https://xcimg.szwego.com/imgHD/9404f147/20260305/cmp_i1772689581602_3720_0_5.jpg"", ""https://xcimg.szwego.com/imgHD/9404f147/20260305/cmp_i1772689572806_7718_0_6.jpg"", ""https://xcimg.szwego.com/imgHD/9404f147/20260305/cmp_i1772689581623_3787_0_7.jpg"", ""https://xcimg.szwego.com/imgHD/9404f147/20260305/cmp_i1772689581546_840_0_8.jpg""]"
_dm_rSHQ6JbXSu4A0owo8CTH79K34yTfXe_fW1BQ;;VALEN 26S 水钻蝴蝶结刺绣丝毛礼服连衣裙 上身欧根纱拼接 点缀彩色亮片蝴蝶结，下身丝毛面料廓形剪裁勾勒身形曲线，高贵闪耀 内里真丝 适合晚宴派对日常场合;0;;lrg3k8cd5bgw3jv;;Для женщин;"[""https://xcimg.szwego.com/imgHD/9404f147/20260304/cmp_i1772601476307_9082_0_0.jpg"", ""https://xcimg.szwego.com/imgHD/9404f147/20260304/cmp_i1772601476499_2127_0_1.jpg"", ""https://xcimg.szwego.com/imgHD/9404f147/20260304/cmp_i1772601470816_4001_0_2.jpg"", ""https://xcimg.szwego.com/imgHD/9404f147/20260304/cmp_i1772601470771_3072_0_3.jpg"", ""https://xcimg.szwego.com/imgHD/9404f147/20260304/cmp_i1772601470705_3360_0_4.jpg"", ""https://xcimg.szwego.com/imgHD/9404f147/20260304/cmp_i1772601470859_4903_0_5.jpg"", ""https://xcimg.szwego.com/imgHD/9404f147/20260304/cmp_i1772601474886_3347_0_6.jpg"", ""https://xcimg.szwego.com/imgHD/9404f147/20260304/cmp_i1772601476429_2771_0_7.jpg"", ""https://xcimg.szwego.com/imgHD/9404f147/20260304/cmp_i1772601470785_1656_0_8.jpg""]"
_ddDrSI9VggIR0oyzm2SCg7aIjVnCm5HageBjiYw;;VALEN 26S 风琴褶花朵水钻钉珠廓形白衬衫 白衬衫采用琴褶手工钉珠设计 营造法式宫廷感、优雅又有细节感廓形柔软 高贵通勤 正式场合或度假都能ok;0;;lrg3k8cd5bgw3jv;;Для женщин;"[""https://xcimg.szwego.com/imgHD/9404f147/20260304/cmp_i1772601164416_7264_0_0.jpg"", ""https://xcimg.szwego.com/imgHD/9404f147/20260304/cmp_i1772601158592_1367_0_1.jpg"", ""https://xcimg.szwego.com/imgHD/9404f147/20260304/cmp_i1772601171381_4491_0_2.jpg"", ""https://xcimg.szwego.com/imgHD/9404f147/20260304/cmp_i1772601171382_6874_0_3.jpg"", ""https://xcimg.szwego.com/imgHD/9404f147/20260304/cmp_i1772601157532_9994_0_4.jpg"", ""https://xcimg.szwego.com/imgHD/9404f147/20260304/cmp_i1772601157532_7541_0_5.jpg"", ""https://xcimg.szwego.com/imgHD/9404f147/20260304/cmp_i1772601157531_2598_0_6.jpg"", ""https://xcimg.szwego.com/imgHD/9404f147/20260304/cmp_i1772601165535_60_0_7.jpg"", ""https://xcimg.szwego.com/imgHD/9404f147/20260304/cmp_i1772601157532_4739_0_8.jpg""]"
_dd6rSus3sJ6rdFQRLPmnqET7NqkMc2mTgEVmcfg;;VALEN 26S 红色花边长袖真丝廓形衬衫 重磅真丝面料设计柔软有垂感 花边手袖优雅灵动，正红色显白又高贵 极简廓形非常考究面料 节日聚会通勤都能轻松驾驭;0;;lrg3k8cd5bgw3jv;;Для женщин;"[""https://xcimg.szwego.com/imgHD/9404f147/20260304/cmp_i1772600784410_8452_0_0.jpg"", ""https://xcimg.szwego.com/imgHD/9404f147/20260304/cmp_i1772600793001_8610_0_1.jpg"", ""https://xcimg.szwego.com/imgHD/9404f147/20260304/cmp_i1772600784392_8792_0_2.jpg"", ""https://xcimg.szwego.com/imgHD/9404f147/20260304/cmp_i1772600784410_8332_0_3.jpg"", ""https://xcimg.szwego.com/imgHD/9404f147/20260304/cmp_i1772600784410_7686_0_4.jpg"", ""https://xcimg.szwego.com/imgHD/9404f147/20260304/cmp_i1772600793003_4593_0_5.jpg"", ""https://xcimg.szwego.com/imgHD/9404f147/20260304/cmp_i1772600793006_9402_0_6.jpg"", ""https://xcimg.szwego.com/imgHD/9404f147/20260304/cmp_i1772600793001_6287_0_7.jpg"", ""https://xcimg.szwego.com/imgHD/9404f147/20260304/cmp_i1772600784393_5911_0_8.jpg""]"
_dyOrSoBtfm0WvVTqCHsCEfPvZ-2BVMyDnC2GhSA;;VALEN 26S 黑白双色丝毛高腰西装短裤 重磅丝毛廓形面料剪裁利落质感 高腰设计修饰腰线 腰部镂空V金扣造型，拉长腿部比例显瘦显高 内里真丝、满足多种场合;0;;lrg3k8cd5bgw3jv;;Для женщин;"[""https://xcimg.szwego.com/imgHD/9404f147/20260304/cmp_i1772600423053_4377_0_0.jpg"", ""https://xcimg.szwego.com/imgHD/9404f147/20260304/cmp_i1772600422584_7341_0_1.jpg"", ""https://xcimg.szwego.com/imgHD/9404f147/20260304/cmp_i1772600427044_7339_0_2.jpg"", ""https://xcimg.szwego.com/imgHD/9404f147/20260304/cmp_i1772600422611_3501_0_3.jpg"", ""https://xcimg.szwego.com/imgHD/9404f147/20260304/cmp_i1772600422567_6856_0_4.jpg"", ""https://xcimg.szwego.com/imgHD/9404f147/20260304/cmp_i1772600427039_2403_0_5.jpg"", ""https://xcimg.szwego.com/imgHD/9404f147/20260304/cmp_i1772600427042_1161_0_6.jpg"", ""https://xcimg.szwego.com/imgHD/9404f147/20260304/cmp_i1772600422584_6560_0_7.jpg"", ""https://xcimg.szwego.com/imgHD/9404f147/20260304/cmp_i1772600427038_2942_0_8.jpg""]"
_dtCrSxmqay1cCLaorpmVLGfHKJsfAsfSRTl_fhQ;;VALEN 26S 黑色波点蕾丝边真丝连衣裙 材质轻盈柔滑的真丝 复古娃娃领+精致刺绣长袖修身剪裁，优雅又显气质 波点元素俏皮复古，通勤正式场合都能驾驭;0;;lrg3k8cd5bgw3jv;;Для женщин;"[""https://xcimg.szwego.com/imgHD/9404f147/20260304/cmp_i1772600110289_5528_0_0.jpg"", ""https://xcimg.szwego.com/imgHD/9404f147/20260304/cmp_i1772600100561_2519_0_1.jpg"", ""https://xcimg.szwego.com/imgHD/9404f147/20260304/cmp_i1772600100650_3780_0_2.jpg"", ""https://xcimg.szwego.com/imgHD/9404f147/20260304/cmp_i1772600100570_4141_0_3.jpg"", ""https://xcimg.szwego.com/imgHD/9404f147/20260304/cmp_i1772600100660_8813_0_4.jpg"", ""https://xcimg.szwego.com/imgHD/9404f147/20260304/cmp_i1772600109484_6523_0_5.jpg"", ""https://xcimg.szwego.com/imgHD/9404f147/20260304/cmp_i1772600100057_1759_0_6.jpg"", ""https://xcimg.szwego.com/imgHD/9404f147/20260304/cmp_i1772600110356_2448_0_7.jpg"", ""https://xcimg.szwego.com/imgHD/9404f147/20260304/cmp_i1772600109932_6199_0_8.jpg""]"
_dp5rST3pG5M2hikyQwUWIUf_dyGEr_0yPIgRsPQ;;VALEN 26S 荷叶边蕾丝泡泡袖真丝衬衫 奶油白色调轻盈柔软面料 单排扣+精致立体蕾丝荷叶边 法式优雅气质，定位车条袖口保证泡泡袖的廓形感 高贵优雅迷人;0;;lrg3k8cd5bgw3jv;;Для женщин;"[""https://xcimg.szwego.com/imgHD/9404f147/20260304/cmp_i1772599732613_8356_0_0.jpg"", ""https://xcimg.szwego.com/imgHD/9404f147/20260304/cmp_i1772599728388_4819_0_1.jpg"", ""https://xcimg.szwego.com/imgHD/9404f147/20260304/cmp_i1772599732617_4898_0_2.jpg"", ""https://xcimg.szwego.com/imgHD/9404f147/20260304/cmp_i1772599728388_2797_0_3.jpg"", ""https://xcimg.szwego.com/imgHD/9404f147/20260304/cmp_i1772599732616_9948_0_4.jpg"", ""https://xcimg.szwego.com/imgHD/9404f147/20260304/cmp_i1772599728414_9596_0_5.jpg"", ""https://xcimg.szwego.com/imgHD/9404f147/20260304/cmp_i1772599728368_9087_0_6.jpg"", ""https://xcimg.szwego.com/imgHD/9404f147/20260304/cmp_i1772599732609_8861_0_7.jpg"", ""https://xcimg.szwego.com/imgHD/9404f147/20260304/cmp_i1772599732617_314_0_8.jpg""]"
_dvNrSFHJxp8InglX2SNhSbKMk5-hTcKfDBtmjsQ;;VALEN 26S 钉珠刺绣羊毛呢中长款半身裙 高品质羊毛混纺柔软又保暖 下摆重工钉珠设计 精致灵动感、直筒及膝剪裁 修饰腿型还很显气质 通勤正式场合都能轻松驾驭;0;;lrg3k8cd5bgw3jv;;Для женщин;"[""https://xcimg.szwego.com/imgHD/9404f147/20260304/cmp_i1772599538587_9642_0_0.jpg"", ""https://xcimg.szwego.com/imgHD/9404f147/20260304/cmp_i1772599538548_1051_0_1.jpg"", ""https://xcimg.szwego.com/imgHD/9404f147/20260304/cmp_i1772599538562_9868_0_2.jpg"", ""https://xcimg.szwego.com/imgHD/9404f147/20260304/cmp_i1772599538062_6412_0_3.jpg"", ""https://xcimg.szwego.com/imgHD/9404f147/20260304/cmp_i1772599534059_9208_0_4.jpg"", ""https://xcimg.szwego.com/imgHD/9404f147/20260304/cmp_i1772599546432_4006_0_5.jpg"", ""https://xcimg.szwego.com/imgHD/9404f147/20260304/cmp_i1772599537756_4162_0_6.jpg"", ""https://xcimg.szwego.com/imgHD/9404f147/20260304/cmp_i1772599546498_7454_0_7.jpg"", ""https://xcimg.szwego.com/imgHD/9404f147/20260304/cmp_i1772599546519_5515_0_8.jpg""]"
_dxRrSKrh_M62L4LKW5zW1yVFhEh2YCnd15y_vvg;;VALEN 26S 哑光金扣绵羊毛V领针织衫 柔软羊毛针织面料宽松版型超显气质，V金标哑光点缀 简约又有辨识度 袖口微收弧形下摆 修饰线条，日常通勤或休闲都能轻松驾驭;0;;lrg3k8cd5bgw3jv;;Для женщин;"[""https://xcimg.szwego.com/imgHD/9404f147/20260304/cmp_i1772599326881_4421_0_0.jpg"", ""https://xcimg.szwego.com/imgHD/9404f147/20260304/cmp_i1772599338820_1329_0_1.jpg"", ""https://xcimg.szwego.com/imgHD/9404f147/20260304/cmp_i1772599326810_4505_0_2.jpg"", ""https://xcimg.szwego.com/imgHD/9404f147/20260304/cmp_i1772599338323_6738_0_3.jpg"", ""https://xcimg.szwego.com/imgHD/9404f147/20260304/cmp_i1772599338838_8860_0_4.jpg"", ""https://xcimg.szwego.com/imgHD/9404f147/20260304/cmp_i1772599326810_1874_0_5.jpg"", ""https://xcimg.szwego.com/imgHD/9404f147/20260304/cmp_i1772599338317_4044_0_6.jpg"", ""https://xcimg.szwego.com/imgHD/9404f147/20260304/cmp_i1772599326935_6559_0_7.jpg"", ""https://xcimg.szwego.com/imgHD/9404f147/20260304/cmp_i1772599344948_9835_0_8.jpg""]"
_d8krSx8ptAI37K8t2aUF1CKTO2J9eyJt-xGlzOA;;DIO 26S白色蕾丝印花腰带礼服连衣裙 真丝欧根纱面料蕾丝花卉装饰出暗纹精致效果，方领吊带设计优雅又显锁骨CD刺绣蝴蝶结束腰勾勒纤细腰线，裙摆垂坠感满分自带贵气;0;;lrg3k8cd5bgw3jv;;Для женщин;"[""https://xcimg.szwego.com/imgHD/9404f147/20260303/cmp_i1772520416280_4186_0_0.jpg"", ""https://xcimg.szwego.com/imgHD/9404f147/20260303/cmp_i1772520404518_2021_0_1.jpg"", ""https://xcimg.szwego.com/imgHD/9404f147/20260303/cmp_i1772520404998_7025_0_2.jpg"", ""https://xcimg.szwego.com/imgHD/9404f147/20260303/cmp_i1772520415502_5389_0_3.jpg"", ""https://xcimg.szwego.com/imgHD/9404f147/20260303/cmp_i1772520409094_7260_0_4.jpg"", ""https://xcimg.szwego.com/imgHD/9404f147/20260303/cmp_i1772520409094_3842_0_5.jpg"", ""https://xcimg.szwego.com/imgHD/9404f147/20260303/cmp_i1772520404915_5477_0_6.jpg"", ""https://xcimg.szwego.com/imgHD/9404f147/20260303/cmp_i1772520404960_5732_0_7.jpg"", ""https://xcimg.szwego.com/imgHD/9404f147/20260303/cmp_i1772520410279_6267_0_8.jpg""]"
_dkDrSboqK6lY0mYGPz-7vOviXS6dLc2HjcHurzA;;DIO 26S马蹄扣印花真丝大摆半身裙 半身裙以白色为底 黑色马蹄铁印花超有个性 轻薄面料垂坠感满分，穿着舒适又透气 A字版型+腰部松紧 时髦感直接拉满;0;;lrg3k8cd5bgw3jv;;Для женщин;"[""https://xcimg.szwego.com/imgHD/9404f147/20260303/cmp_i1772519117947_9582_0_0.jpg"", ""https://xcimg.szwego.com/imgHD/9404f147/20260303/cmp_i1772520970881_4037_0_1.jpg"", ""https://xcimg.szwego.com/imgHD/9404f147/20260303/cmp_i1772519117947_3980_0_2.jpg"", ""https://xcimg.szwego.com/imgHD/9404f147/20260303/cmp_i1772520964067_5031_0_3.jpg"", ""https://xcimg.szwego.com/imgHD/9404f147/20260303/cmp_i1772520959025_7564_0_4.jpg"", ""https://xcimg.szwego.com/imgHD/9404f147/20260303/cmp_i1772520964045_5458_0_5.jpg"", ""https://xcimg.szwego.com/imgHD/9404f147/20260303/cmp_i1772520964127_1824_0_6.jpg"", ""https://xcimg.szwego.com/imgHD/9404f147/20260303/cmp_i1772520964208_2401_0_7.jpg"", ""https://xcimg.szwego.com/imgHD/9404f147/20260303/cmp_i1772520959387_4408_0_8.jpg""]"
_dbqrS3oB85f5gZrnZKZiPwJosKytXty8-v1xCtQ;;DIO 26S 马蹄纹印花双飘带真丝衬衫 选用重磅斜纹真丝印花米白色底黑色马蹄纹印花的飘带衬衫 设计感十足，搭配可系于颈间的长飘带 整体风格温柔又不失个性;0;;lrg3k8cd5bgw3jv;;Для женщин;"[""https://xcimg.szwego.com/imgHD/9404f147/20260303/cmp_i1772519465052_5749_0_11.jpg"", ""https://xcimg.szwego.com/imgHD/9404f147/20260303/cmp_i1772519970564_4298_0_1.jpg"", ""https://xcimg.szwego.com/imgHD/9404f147/20260303/cmp_i1772519970518_3357_0_2.jpg"", ""https://xcimg.szwego.com/imgHD/9404f147/20260303/cmp_i1772519970473_7672_0_3.jpg"", ""https://xcimg.szwego.com/imgHD/9404f147/20260303/cmp_i1772519978510_8575_0_4.jpg"", ""https://xcimg.szwego.com/imgHD/9404f147/20260303/cmp_i1772519979020_8291_0_5.jpg"", ""https://xcimg.szwego.com/imgHD/9404f147/20260303/cmp_i1772519970431_400_0_6.jpg"", ""https://xcimg.szwego.com/imgHD/9404f147/20260303/cmp_i1772519979080_7181_0_7.jpg"", ""https://xcimg.szwego.com/imgHD/9404f147/20260303/cmp_i1772519970424_8509_0_8.jpg""]"
_dmGrSymTux0eiuTS3-lIj4D0g2sr9vBFrGGBb_g;;DIO 26S 蝴蝶领结粗花呢廓形西装外套 以现代风格全新诠释优雅的经典标识 采用海军蓝色绵羊毛混纺面料 直筒廓形，搭配衣领罗缎蝴蝶结 饰以金色饰面金属CD标志 打造协调的造型;0;;lrg3k8cd5bgw3jv;;Для женщин;"[""https://xcimg.szwego.com/imgHD/9404f147/20260303/cmp_i1772519433573_4834_0_0.jpg"", ""https://xcimg.szwego.com/imgHD/9404f147/20260303/cmp_i1772519439716_4456_0_1.jpg"", ""https://xcimg.szwego.com/imgHD/9404f147/20260303/cmp_i1772519439703_9288_0_2.jpg"", ""https://xcimg.szwego.com/imgHD/9404f147/20260303/cmp_i1772519433471_8285_0_3.jpg"", ""https://xcimg.szwego.com/imgHD/9404f147/20260303/cmp_i1772519439646_1083_0_4.jpg"", ""https://xcimg.szwego.com/imgHD/9404f147/20260303/cmp_i1772519439161_3792_0_5.jpg"", ""https://xcimg.szwego.com/imgHD/9404f147/20260303/cmp_i1772519427789_8564_0_6.jpg"", ""https://xcimg.szwego.com/imgHD/9404f147/20260303/cmp_i1772519433553_9675_0_7.jpg"", ""https://xcimg.szwego.com/imgHD/9404f147/20260303/cmp_i1772519433441_5897_0_8.jpg""]"
_dwDrStUV2RJ4hge-8jNIKZdvzQB-QrMq0mzbdyw;;DIO 26S 中央花卉刺绣羊绒毛衣 春夏系列花卉刺绣针织短袖 采用高品质羊绒 柔软亲肤 穿着超舒适，米白色主调+精致花卉刺绣 中央花环图案 浪漫优雅满分;0;;lrg3k8cd5bgw3jv;;Для женщин;"[""https://xcimg.szwego.com/imgHD/9404f147/20260303/cmp_i1772519117947_9582_0_0.jpg"", ""https://xcimg.szwego.com/imgHD/9404f147/20260303/cmp_i1772519117949_2370_0_1.jpg"", ""https://xcimg.szwego.com/imgHD/9404f147/20260303/cmp_i1772519117947_3980_0_2.jpg"", ""https://xcimg.szwego.com/imgHD/9404f147/20260303/cmp_i1772519113276_9300_0_3.jpg"", ""https://xcimg.szwego.com/imgHD/9404f147/20260303/cmp_i1772519127078_7605_0_4.jpg"", ""https://xcimg.szwego.com/imgHD/9404f147/20260303/cmp_i1772519127078_8264_0_5.jpg"", ""https://xcimg.szwego.com/imgHD/9404f147/20260303/cmp_i1772519113276_426_0_6.jpg"", ""https://xcimg.szwego.com/imgHD/9404f147/20260303/cmp_i1772519127080_9095_0_7.jpg"", ""https://xcimg.szwego.com/imgHD/9404f147/20260303/cmp_i1772519117974_5441_0_8.jpg""]"
_dlmrS_1JZyxzBc4nWM2SkRE3vRjDeNsQ3f664bA;;DIO 26S 四叶草立体刺绣水洗蓝牛仔裤 牛仔裤饰以Clover图案刺绣 由乔纳森安德森全新演绎经典幸运符号，采用蓝色石洗棉质牛仔布精心制作 搭配侧面斜插口袋和后侧贴袋打造协调造型;0;;lrg3k8cd5bgw3jv;;Для женщин;"[""https://xcimg.szwego.com/imgHD/9404f147/20260303/cmp_i1772518588079_9807_0_0.jpg"", ""https://xcimg.szwego.com/imgHD/9404f147/20260303/cmp_i1772518172051_2352_0_1.jpg"", ""https://xcimg.szwego.com/imgHD/9404f147/20260303/cmp_i1772518595881_1192_0_2.jpg"", ""https://xcimg.szwego.com/imgHD/9404f147/20260303/cmp_i1772518594471_5207_0_3.jpg"", ""https://xcimg.szwego.com/imgHD/9404f147/20260227/cmp_i1772169612243_8996_0_9.jpg"", ""https://xcimg.szwego.com/imgHD/9404f147/20260303/cmp_i1772518601947_5838_0_5.jpg"", ""https://xcimg.szwego.com/imgHD/9404f147/20260303/cmp_i1772518595757_1959_0_6.jpg"", ""https://xcimg.szwego.com/imgHD/9404f147/20260303/cmp_i1772518588060_4156_0_8.jpg"", ""https://xcimg.szwego.com/imgHD/9404f147/20260303/cmp_i1772518588048_1439_0_9.jpg""]"
_d_-rSFo5gayz3ZQqAkWjLa512qQ3f-07ihWfadQ;;DIO 26S 四草刺绣白色翻领棉质衬衫 衬衫饰以Clover图案刺绣 彰显乔纳森安德森焕新演绎的经典幸运符号，饰以幸运四叶草绿刺绣 突显短款常规版型;0;;lrg3k8cd5bgw3jv;;Для женщин;"[""https://xcimg.szwego.com/imgHD/9404f147/20260303/cmp_i1772518171878_1304_0_0.jpg"", ""https://xcimg.szwego.com/imgHD/9404f147/20260303/cmp_i1772518172051_2352_0_1.jpg"", ""https://xcimg.szwego.com/imgHD/9404f147/20260303/cmp_i1772518171855_9262_0_2.jpg"", ""https://xcimg.szwego.com/imgHD/9404f147/20260303/cmp_i1772518166013_4113_0_3.jpg"", ""https://xcimg.szwego.com/imgHD/9404f147/20260303/cmp_i1772518187386_6164_0_4.jpg"", ""https://xcimg.szwego.com/imgHD/9404f147/20260303/cmp_i1772518187331_2457_0_5.jpg"", ""https://xcimg.szwego.com/imgHD/9404f147/20260303/cmp_i1772518170113_508_0_6.jpg"", ""https://xcimg.szwego.com/imgHD/9404f147/20260303/cmp_i1772518172098_841_0_7.jpg"", ""https://xcimg.szwego.com/imgHD/9404f147/20260303/cmp_i1772518166621_1678_0_8.jpg""]"
_dj_rSeEdj8fB0a0BJ3LZQRdKUHfyNEiGRO5PnLw;;CHA 26S红色字母刺绣链条下摆白衬衫 白衬衫由Matthieu Blazy首秀设计 采用高品质棉质面料 简约大气，红色刺绣 Logo超有辨识度 宽松廓形+小尖领 舒适又时髦;0;;lrg3k8cd5bgw3jv;;Для женщин;"[""https://xcimg.szwego.com/imgHD/9404f147/20260302/cmp_i1772436905190_4198_0_0.jpg"", ""https://xcimg.szwego.com/imgHD/9404f147/20260302/cmp_i1772436905903_293_0_1.jpg"", ""https://xcimg.szwego.com/imgHD/9404f147/20260302/cmp_i1772436901137_7334_0_2.jpg"", ""https://xcimg.szwego.com/imgHD/9404f147/20260302/cmp_i1772436905181_1944_0_3.jpg"", ""https://xcimg.szwego.com/imgHD/9404f147/20260302/cmp_i1772436909303_7607_0_4.jpg"", ""https://xcimg.szwego.com/imgHD/9404f147/20260302/cmp_i1772436900892_8703_0_5.jpg"", ""https://xcimg.szwego.com/imgHD/9404f147/20260302/cmp_i1772436905180_1428_0_6.jpg"", ""https://xcimg.szwego.com/imgHD/9404f147/20260302/cmp_i1772436905903_5761_0_7.jpg"", ""https://xcimg.szwego.com/imgHD/9404f147/20260302/cmp_i1772436909306_8742_0_8.jpg""]"
_djhrSUr0m932WfYLLSlf5xe91hv2C5KEISZYM-g;;CHA 26S双侧立体花边缎面真丝高腰西裤 黑色阔腿裤采用高腰设计 垂坠感面料+网纱拼接 层次感满满 优雅又灵动，裤身两侧网纱如羽毛般轻盈 走路自带飘逸感 轻松get高级感;0;;lrg3k8cd5bgw3jv;;Для женщин;"[""https://xcimg.szwego.com/imgHD/9404f147/20260302/cmp_i1772438991287_816_0_0.jpg"", ""https://xcimg.szwego.com/imgHD/9404f147/20260302/cmp_i1772438991450_740_0_1.jpg"", ""https://xcimg.szwego.com/imgHD/9404f147/20260302/cmp_i1772438991184_9027_0_2.jpg"", ""https://xcimg.szwego.com/imgHD/9404f147/20260302/cmp_i1772438985176_7309_0_3.jpg"", ""https://xcimg.szwego.com/imgHD/9404f147/20260302/cmp_i1772438985210_1608_0_4.jpg"", ""https://xcimg.szwego.com/imgHD/9404f147/20260302/cmp_i1772438997692_2163_0_5.jpg"", ""https://xcimg.szwego.com/imgHD/9404f147/20260302/cmp_i1772438984460_5982_0_6.jpg"", ""https://xcimg.szwego.com/imgHD/9404f147/20260302/cmp_i1772438991435_3504_0_7.jpg"", ""https://xcimg.szwego.com/imgHD/9404f147/20260302/cmp_i1772438985223_4439_0_8.jpg""]"
_duorSCRd8L76hN99hpLWkPO1dOPXJwhM8QiGvGQ;;CHA 26S立体羽毛花边七分袖缎面真丝衬衫 黑色荷叶边上衣 轻薄纱质+层叠荷叶边 飘逸又有立体感 圆领宽松版型，袖口微喇叭 优雅灵动 轻松get高级感穿搭;0;;lrg3k8cd5bgw3jv;;Для женщин;"[""https://xcimg.szwego.com/imgHD/9404f147/20260302/cmp_i1772438547147_210_0_0.jpg"", ""https://xcimg.szwego.com/imgHD/9404f147/20260302/cmp_i1772438542064_9870_0_1.jpg"", ""https://xcimg.szwego.com/imgHD/9404f147/20260302/cmp_i1772438535703_5822_0_2.jpg"", ""https://xcimg.szwego.com/imgHD/9404f147/20260302/cmp_i1772438535262_5548_0_3.jpg"", ""https://xcimg.szwego.com/imgHD/9404f147/20260302/cmp_i1772438546869_2642_0_4.jpg"", ""https://xcimg.szwego.com/imgHD/9404f147/20260302/cmp_i1772438535669_7801_0_5.jpg"", ""https://xcimg.szwego.com/imgHD/9404f147/20260302/cmp_i1772438541661_7614_0_6.jpg"", ""https://xcimg.szwego.com/imgHD/9404f147/20260302/cmp_i1772438541892_1248_0_7.jpg"", ""https://xcimg.szwego.com/imgHD/9404f147/20260302/cmp_i1772438535153_4259_0_8.jpg""]"
_dvxrSXqJLhRsQqeOpIuWYge2t5YgDw_f_vgNqTQ;;CHA 26S立体珍珠风琴领结开衩真丝衬衫 高级手工坊系列褶皱衬衫 真丝材质 轻盈柔滑精致褶皱+荷叶边设计，层次感满满 立领+宝塔袖 东方韵味与现代时尚融合;0;;lrg3k8cd5bgw3jv;;Для женщин;"[""https://xcimg.szwego.com/imgHD/9404f147/20260302/cmp_i1772437966796_1649_0_0.jpg"", ""https://xcimg.szwego.com/imgHD/9404f147/20260302/cmp_i1772437966556_3440_0_1.jpg"", ""https://xcimg.szwego.com/imgHD/9404f147/20260302/cmp_i1772437960416_5059_0_2.jpg"", ""https://xcimg.szwego.com/imgHD/9404f147/20260302/cmp_i1772437959640_885_0_3.jpg"", ""https://xcimg.szwego.com/imgHD/9404f147/20260302/cmp_i1772437971803_9359_0_4.jpg"", ""https://xcimg.szwego.com/imgHD/9404f147/20260302/cmp_i1772437960052_7726_0_5.jpg"", ""https://xcimg.szwego.com/imgHD/9404f147/20260302/cmp_i1772437960345_4738_0_6.jpg"", ""https://xcimg.szwego.com/imgHD/9404f147/20260302/cmp_i1772437972208_1021_0_7.jpg"", ""https://xcimg.szwego.com/imgHD/9404f147/20260302/cmp_i1772437971804_8222_0_8.jpg""]"
_de5rSVYSzFRvUpEXtamUDB9Df2H_XabJA2w7j6A;;CHA Vintag中古白色棉麻金扣高腰西裤 白色高腰阔腿裤采用轻盈透气面料 春夏穿超舒服 高腰设计拉长比例，侧边金色纽扣点缀精致又有设计感 vintage系列跨时代收藏价值高;0;;lrg3k8cd5bgw3jv;;Для женщин;"[""https://xcimg.szwego.com/imgHD/9404f147/20260302/cmp_i1772436125506_4679_0_2.jpg"", ""https://xcimg.szwego.com/imgHD/9404f147/20260302/cmp_i1772436625581_5654_0_1.jpg"", ""https://xcimg.szwego.com/imgHD/9404f147/20260302/cmp_i1772436620697_3596_0_2.jpg"", ""https://xcimg.szwego.com/imgHD/9404f147/20260302/cmp_i1772436634821_5530_0_3.jpg"", ""https://xcimg.szwego.com/imgHD/9404f147/20260302/cmp_i1772436620310_622_0_4.jpg"", ""https://xcimg.szwego.com/imgHD/9404f147/20260302/cmp_i1772436624484_5857_0_5.jpg"", ""https://xcimg.szwego.com/imgHD/9404f147/20260302/cmp_i1772436624481_9664_0_6.jpg"", ""https://xcimg.szwego.com/imgHD/9404f147/20260302/cmp_i1772436625551_8282_0_7.jpg"", ""https://xcimg.szwego.com/imgHD/9404f147/20260302/cmp_i1772436620598_1009_0_8.jpg""]"
_dkPrSdBRXRv54HX927FemyGLZ0UY53KbOHQvSGw;;CHA Vintage中古白色棉麻金扣翻领西装 白色双排扣西装外套 采用戗驳领设计 简约又正式 金色双C纽扣点缀超有质感，面料轻薄透气 垂感好不易皱 vintage系列跨时代收藏价值高;0;;lrg3k8cd5bgw3jv;;Для женщин;"[""https://xcimg.szwego.com/imgHD/9404f147/20260302/cmp_i1772435753898_2555_0_0.jpg"", ""https://xcimg.szwego.com/imgHD/9404f147/20260302/cmp_i1772436134921_708_0_1.jpg"", ""https://xcimg.szwego.com/imgHD/9404f147/20260302/cmp_i1772436125506_4679_0_2.jpg"", ""https://xcimg.szwego.com/imgHD/9404f147/20260302/cmp_i1772436124488_4754_0_3.jpg"", ""https://xcimg.szwego.com/imgHD/9404f147/20260302/cmp_i1772436124471_6440_0_4.jpg"", ""https://xcimg.szwego.com/imgHD/9404f147/20260302/cmp_i1772436124474_6078_0_5.jpg"", ""https://xcimg.szwego.com/imgHD/9404f147/20260302/cmp_i1772436134499_4517_0_6.jpg"", ""https://xcimg.szwego.com/imgHD/9404f147/20260302/cmp_i1772436125408_4461_0_7.jpg"", ""https://xcimg.szwego.com/imgHD/9404f147/20260302/cmp_i1772436121060_6779_0_8.jpg""]"
_dA3rS3YupSWDP-Dl-s3xTAK8JkJf9iN6MmrDdQA;;CHA Vintage中古金扣腰带棉麻翻领马甲 白色无袖马甲 采用轻薄透气的亚麻材质 夏天穿超舒服 V领+金属纽扣+腰带设计，简约又精致 休闲感满满 vintage系列跨时代收藏价值高;0;;lrg3k8cd5bgw3jv;;Для женщин;"[""https://xcimg.szwego.com/imgHD/9404f147/20260302/cmp_i1772435753898_2555_0_0.jpg"", ""https://xcimg.szwego.com/imgHD/9404f147/20260302/cmp_i1772435745526_8457_0_1.jpg"", ""https://xcimg.szwego.com/imgHD/9404f147/20260302/cmp_i1772435758207_4361_0_2.jpg"", ""https://xcimg.szwego.com/imgHD/9404f147/20260302/cmp_i1772435752537_8203_0_3.jpg"", ""https://xcimg.szwego.com/imgHD/9404f147/20260302/cmp_i1772435757712_7512_0_4.jpg"", ""https://xcimg.szwego.com/imgHD/9404f147/20260302/cmp_i1772435745029_5792_0_5.jpg"", ""https://xcimg.szwego.com/imgHD/9404f147/20260302/cmp_i1772435757899_5243_0_6.jpg"", ""https://xcimg.szwego.com/imgHD/9404f147/20260302/cmp_i1772435745518_4071_0_7.jpg"", ""https://xcimg.szwego.com/imgHD/9404f147/20260302/cmp_i1772435752411_7511_0_8.jpg""]"
_dtErSS4dP65e_bUbHffV3FX1HwnTl_I1NVDmqoQ;;CHA Vintage中古格纹手袖扣真丝衬衫 白色长袖上衣 采用轻薄柔软面料 穿着舒适贴身 胸前几何格纹刺绣+袖口金属纽扣，优雅又有现代感 vintage系列跨时代收藏价值高;0;;lrg3k8cd5bgw3jv;;Для женщин;"[""https://xcimg.szwego.com/imgHD/9404f147/20260302/cmp_i1772435353311_5528_0_0.jpg"", ""https://xcimg.szwego.com/imgHD/9404f147/20260302/cmp_i1772435353239_4079_0_1.jpg"", ""https://xcimg.szwego.com/imgHD/9404f147/20260302/cmp_i1772435359718_5103_0_2.jpg"", ""https://xcimg.szwego.com/imgHD/9404f147/20260302/cmp_i1772435352785_7744_0_3.jpg"", ""https://xcimg.szwego.com/imgHD/9404f147/20260302/cmp_i1772435363624_1478_0_4.jpg"", ""https://xcimg.szwego.com/imgHD/9404f147/20260302/cmp_i1772435359703_9037_0_5.jpg"", ""https://xcimg.szwego.com/imgHD/9404f147/20260302/cmp_i1772435353157_292_0_6.jpg"", ""https://xcimg.szwego.com/imgHD/9404f147/20260302/cmp_i1772435364026_1696_0_7.jpg"", ""https://xcimg.szwego.com/imgHD/9404f147/20260302/cmp_i1772435363627_2657_0_8.jpg""]"
_d-DrSMNDYlakqMEA1Zk82c7P_SorxMsVxSCvJgw;;CHA Vintage中古款双C刺绣衬衫 这款白色衬衫 简约设计+经典尖领 柔软透气 春秋穿超舒服，胸前双C刺绣 低调又有辨识度 宽松版型 轻松切换风格 vintage系列跨时代收藏价值高;0;;lrg3k8cd5bgw3jv;;Для женщин;"[""https://xcimg.szwego.com/imgHD/9404f147/20260302/cmp_i1772434975928_195_0_0.jpg"", ""https://xcimg.szwego.com/imgHD/9404f147/20260302/cmp_i1772434988146_9994_0_1.jpg"", ""https://xcimg.szwego.com/imgHD/9404f147/20260302/cmp_i1772434975928_4384_0_2.jpg"", ""https://xcimg.szwego.com/imgHD/9404f147/20260302/cmp_i1772434975928_6139_0_3.jpg"", ""https://xcimg.szwego.com/imgHD/9404f147/20260302/cmp_i1772434988139_8241_0_4.jpg"", ""https://xcimg.szwego.com/imgHD/9404f147/20260302/cmp_i1772434988143_2351_0_5.jpg"", ""https://xcimg.szwego.com/imgHD/9404f147/20260302/cmp_i1772434988142_2013_0_6.jpg"", ""https://xcimg.szwego.com/imgHD/9404f147/20260302/cmp_i1772434975928_7276_0_7.jpg"", ""https://xcimg.szwego.com/imgHD/9404f147/20260302/cmp_i1772434975928_255_0_8.jpg""]"
_dfIrSXvRPOhXaqqj0TjZ1MWAHvpyWTf0HQF-3Og;;CHA 26S 弹力金扣珍珠链条腰带 优雅刻进骨子里的艺术品 多层珍珠串起温柔光泽，金色圆环扣饱满高贵 既能点亮白衬衫的利落感 也能为裙装添一份复古贵气;0;;lrg3k8cd5bgw3jv;;Для женщин;"[""https://xcimg.szwego.com/imgHD/9404f147/20260301/cmp_i1772343465670_44_0_0.jpg"", ""https://xcimg.szwego.com/imgHD/9404f147/20260301/cmp_i1772343470131_6274_0_1.jpg"", ""https://xcimg.szwego.com/imgHD/9404f147/20260301/cmp_i1772343470141_9498_0_2.jpg"", ""https://xcimg.szwego.com/imgHD/9404f147/20260301/cmp_i1772343465670_3558_0_3.jpg"", ""https://xcimg.szwego.com/imgHD/9404f147/20260301/cmp_i1772343465670_5280_0_4.jpg"", ""https://xcimg.szwego.com/imgHD/9404f147/20260301/cmp_i1772343480523_7422_0_5.jpg"", ""https://xcimg.szwego.com/imgHD/9404f147/20260301/cmp_i1772343469881_948_0_6.jpg"", ""https://xcimg.szwego.com/imgHD/9404f147/20260301/cmp_i1772343469876_2342_0_7.jpg"", ""https://xcimg.szwego.com/imgHD/9404f147/20260301/cmp_i1772343469873_9243_0_8.jpg""]"
_dpNrSOctuKNSWkgbF_8rpDI531KOT1Df6IdugsQ;;CHA 26S 蝴蝶结喇叭袖真丝礼服连衣裙 象牙白重磅缎面真丝 领口立体蝴蝶结装饰设计 与喇叭袖优雅复古气质呈现、黑色蝴蝶结领饰+珍珠腰带点缀，整体法式氛围感;0;;lrg3k8cd5bgw3jv;;Для женщин;"[""https://xcimg.szwego.com/imgHD/9404f147/20260301/cmp_i1772343050009_674_0_0.jpg"", ""https://xcimg.szwego.com/imgHD/9404f147/20260301/cmp_i1772343051614_4689_0_1.jpg"", ""https://xcimg.szwego.com/imgHD/9404f147/20260301/cmp_i1772343045702_6191_0_2.jpg"", ""https://xcimg.szwego.com/imgHD/9404f147/20260301/cmp_i1772343050020_6737_0_3.jpg"", ""https://xcimg.szwego.com/imgHD/9404f147/20260301/cmp_i1772343045300_516_0_4.jpg"", ""https://xcimg.szwego.com/imgHD/9404f147/20260301/cmp_i1772343045302_9572_0_5.jpg"", ""https://xcimg.szwego.com/imgHD/9404f147/20260301/cmp_i1772343045300_9318_0_6.jpg"", ""https://xcimg.szwego.com/imgHD/9404f147/20260301/cmp_i1772343051602_9549_0_7.jpg"", ""https://xcimg.szwego.com/imgHD/9404f147/20260301/cmp_i1772343051398_7418_0_8.jpg""]"
_dw4rSWLFxww9LmD6LusA4zAQjmMcrx-gSVwnh9g;;CHA 26S度假 塔夫绸水钻泡泡袖真丝衬衫 采用轻盈塔夫绸重磅真丝 迷你珠子与莱茵石环绕衣服刺绣 点缀滚边设计超精致，高贵泡泡袖廓形 营造法式优雅氛围感;0;;lrg3k8cd5bgw3jv;;Для женщин;"[""https://xcimg.szwego.com/imgHD/9404f147/20260301/cmp_i1772340687830_5594_0_1.jpg"", ""https://xcimg.szwego.com/imgHD/9404f147/20260301/cmp_i1772342602077_2193_0_1.jpg"", ""https://xcimg.szwego.com/imgHD/9404f147/20260301/cmp_i1772342609338_1214_0_2.jpg"", ""https://xcimg.szwego.com/imgHD/9404f147/20260301/cmp_i1772342602033_8187_0_3.jpg"", ""https://xcimg.szwego.com/imgHD/9404f147/20260301/cmp_i1772342597242_4257_0_4.jpg"", ""https://xcimg.szwego.com/imgHD/9404f147/20260301/cmp_i1772342597240_1360_0_5.jpg"", ""https://xcimg.szwego.com/imgHD/9404f147/20260301/cmp_i1772342608867_6996_0_6.jpg"", ""https://xcimg.szwego.com/imgHD/9404f147/20260301/cmp_i1772342597243_9240_0_7.jpg"", ""https://xcimg.szwego.com/imgHD/9404f147/20260301/cmp_i1772342602035_6112_0_8.jpg""]"
_dz4rScqDWDEtFtI8gwEj3tumZW8c4zKRI_qeUDA;;CHA 26S coco手绘山茶花真丝弹力休闲裤 重磅斜纹真丝触感柔滑垂坠感廓形 黑白手绘风印花，融合星星山茶花双C标志等经典元素，弹力腰围 艺术感与品牌辨识度兼具;0;;lrg3k8cd5bgw3jv;;Для женщин;"[""https://xcimg.szwego.com/imgHD/9404f147/20260301/cmp_i1772340620855_7588_0_0.jpg"", ""https://xcimg.szwego.com/imgHD/9404f147/20260301/cmp_i1772341356078_2955_0_1.jpg"", ""https://xcimg.szwego.com/imgHD/9404f147/20260301/cmp_i1772341366244_2316_0_2.jpg"", ""https://xcimg.szwego.com/imgHD/9404f147/20260301/cmp_i1772341356078_4714_0_3.jpg"", ""https://xcimg.szwego.com/imgHD/9404f147/20260301/cmp_i1772341361455_3528_0_4.jpg"", ""https://xcimg.szwego.com/imgHD/9404f147/20260301/cmp_i1772341366170_8454_0_5.jpg"", ""https://xcimg.szwego.com/imgHD/9404f147/20260301/cmp_i1772341361457_2639_0_6.jpg"", ""https://xcimg.szwego.com/imgHD/9404f147/20260301/cmp_i1772341356078_688_0_7.jpg"", ""https://xcimg.szwego.com/imgHD/9404f147/20260301/cmp_i1772341356079_8215_0_8.jpg""]"
_dyDrSG3WKfEW5mF8BEU4p7h5komxAyUAMrHUVTA;;CHA 1992Vintage 中古竖排扣牛仔夹克 浅米色单宁牛仔布拼接黑色条纹 简约又有辨识度，C珐琅金属纽扣点缀细节 袖口和胸前口袋都很有设计感. vintage系列 跨时代收藏价值高;0;;lrg3k8cd5bgw3jv;;Для женщин;"[""https://xcimg.szwego.com/imgHD/9404f147/20260301/cmp_i1772340931146_1876_0_0.jpg"", ""https://xcimg.szwego.com/imgHD/9404f147/20260301/cmp_i1772340930856_1158_0_1.jpg"", ""https://xcimg.szwego.com/imgHD/9404f147/20260301/cmp_i1772340923207_8718_0_2.jpg"", ""https://xcimg.szwego.com/imgHD/9404f147/20260301/cmp_i1772340922659_575_0_3.jpg"", ""https://xcimg.szwego.com/imgHD/9404f147/20260301/cmp_i1772340923215_8781_0_4.jpg"", ""https://xcimg.szwego.com/imgHD/9404f147/20260301/cmp_i1772340917956_1231_0_5.jpg"", ""https://xcimg.szwego.com/imgHD/9404f147/20260301/cmp_i1772340922659_4981_0_6.jpg"", ""https://xcimg.szwego.com/imgHD/9404f147/20260301/cmp_i1772340918390_4824_0_7.jpg"", ""https://xcimg.szwego.com/imgHD/9404f147/20260301/cmp_i1772340922663_97_0_8.jpg""]"
_dwErSOSP4Ph1SslsB8YqYWVeq_pEU1CH4GeYb3A;;CHA 26S 黑色水钻刺绣欧根纱真丝连衣裙 重磅欧根纱真丝廓形剪裁 飘逸灵动岛领结点缀造型，百褶收腰设计勾勒优雅曲线 灵感来自南法花园 浪漫又现代，适合秀场 晚宴或高端场合穿搭;0;;lrg3k8cd5bgw3jv;;Для женщин;"[""https://xcimg.szwego.com/imgHD/9404f147/20260228/cmp_i1772260767583_8259_0_0.jpg"", ""https://xcimg.szwego.com/imgHD/9404f147/20260228/cmp_i1772260782302_6440_0_1.jpg"", ""https://xcimg.szwego.com/imgHD/9404f147/20260228/cmp_i1772260782304_671_0_2.jpg"", ""https://xcimg.szwego.com/imgHD/9404f147/20260228/cmp_i1772260774207_4681_0_3.jpg"", ""https://xcimg.szwego.com/imgHD/9404f147/20260228/cmp_i1772260781729_9567_0_4.jpg"", ""https://xcimg.szwego.com/imgHD/9404f147/20260228/cmp_i1772260772913_5697_0_5.jpg"", ""https://xcimg.szwego.com/imgHD/9404f147/20260228/cmp_i1772260774332_4046_0_6.jpg"", ""https://xcimg.szwego.com/imgHD/9404f147/20260228/cmp_i1772260772943_2383_0_7.jpg"", ""https://xcimg.szwego.com/imgHD/9404f147/20260228/cmp_i1772260782312_1863_0_8.jpg""]"
_d-nrSv91og8ulFP5t-ynDnfqNwGFxkyyHGrWpSQ;;CHA 26S 度假玫红色柞蚕丝水钻翻领背心 灵感来自意大利科莫湖畔庄园 融合文艺复兴美学与地中海度假风，飘逸面料剪裁宽松 舒适自在 超大露背翻领点缀水钻，精致高贵又明媚（柞蚕丝存在丝节 介意勿买）;0;;lrg3k8cd5bgw3jv;;Для женщин;"[""https://xcimg.szwego.com/imgHD/9404f147/20260228/cmp_i1772259138670_6289_0_0.jpg"", ""https://xcimg.szwego.com/imgHD/9404f147/20260228/cmp_i1772260175044_7450_0_1.jpg"", ""https://xcimg.szwego.com/imgHD/9404f147/20260228/cmp_i1772260164611_3283_0_2.jpg"", ""https://xcimg.szwego.com/imgHD/9404f147/20260228/cmp_i1772260170525_4298_0_3.jpg"", ""https://xcimg.szwego.com/imgHD/9404f147/20260228/cmp_i1772260170453_1391_0_4.jpg"", ""https://xcimg.szwego.com/imgHD/9404f147/20260228/cmp_i1772260175048_3745_0_5.jpg"", ""https://xcimg.szwego.com/imgHD/9404f147/20260228/cmp_i1772260164611_4230_0_6.jpg"", ""https://xcimg.szwego.com/imgHD/9404f147/20260228/cmp_i1772260175046_1977_0_7.jpg"", ""https://xcimg.szwego.com/imgHD/9404f147/20260228/cmp_i1772260164611_3647_0_8.jpg""]"
_dcArSglri8KsEmtZ9zn3VKLovQ53VLdfmBJcu6A;;CHA 26S 度假玫红色柞蚕丝水钻翻领衬衫 灵感来自意大利科莫湖畔庄园 融合文艺复兴美学与地中海度假风，飘逸面料剪裁宽松 舒适自在 竖排翻领点缀水钻，精致高贵又明媚（柞蚕丝存在丝节 介意勿买）;0;;lrg3k8cd5bgw3jv;;Для женщин;"[""https://xcimg.szwego.com/imgHD/9404f147/20260228/cmp_i1772259193066_5660_0_5.jpg"", ""https://xcimg.szwego.com/imgHD/9404f147/20260228/cmp_i1772259644789_4577_0_1.jpg"", ""https://xcimg.szwego.com/imgHD/9404f147/20260228/cmp_i1772259647972_5343_0_2.jpg"", ""https://xcimg.szwego.com/imgHD/9404f147/20260228/cmp_i1772259650432_7757_0_3.jpg"", ""https://xcimg.szwego.com/imgHD/9404f147/20260228/cmp_i1772259644789_8737_0_4.jpg"", ""https://xcimg.szwego.com/imgHD/9404f147/20260228/cmp_i1772259644789_9784_0_5.jpg"", ""https://xcimg.szwego.com/imgHD/9404f147/20260228/cmp_i1772259138655_1723_0_6.jpg"", ""https://xcimg.szwego.com/imgHD/9404f147/20260228/cmp_i1772259644789_2301_0_7.jpg"", ""https://xcimg.szwego.com/imgHD/9404f147/20260228/cmp_i1772259647975_752_0_8.jpg""]"
_dpMrS41ejKmAqFBok8HqfW4d1pLwTbcQv8ohgHg;;CHA 26S 度假玫红色柞蚕丝水钻阔腿裤 灵感来自意大利科莫湖畔庄园 融合文艺复兴美学与地中海度假风，飘逸面料剪裁宽松 舒适自在 腰部点缀水钻，精致高贵又明媚（柞蚕丝存在丝节 介意勿买）;0;;lrg3k8cd5bgw3jv;;Для женщин;"[""https://xcimg.szwego.com/imgHD/9404f147/20260228/cmp_i1772259138670_6289_0_0.jpg"", ""https://xcimg.szwego.com/imgHD/9404f147/20260228/cmp_i1772259128706_2505_0_1.jpg"", ""https://xcimg.szwego.com/imgHD/9404f147/20260228/cmp_i1772259138664_3119_0_2.jpg"", ""https://xcimg.szwego.com/imgHD/9404f147/20260228/cmp_i1772259128691_3189_0_3.jpg"", ""https://xcimg.szwego.com/imgHD/9404f147/20260228/cmp_i1772259128689_3153_0_4.jpg"", ""https://xcimg.szwego.com/imgHD/9404f147/20260228/cmp_i1772259128707_8866_0_5.jpg"", ""https://xcimg.szwego.com/imgHD/9404f147/20260228/cmp_i1772259138655_1723_0_6.jpg"", ""https://xcimg.szwego.com/imgHD/9404f147/20260228/cmp_i1772259133225_7158_0_7.jpg"", ""https://xcimg.szwego.com/imgHD/9404f147/20260228/cmp_i1772259133222_5923_0_8.jpg""]"
_dslrSKrWb3oAXxOhz7cbcE4ZXqnhVCghnxCBiHA;;CHA 26S 蝴蝶领结水钻扣泡泡袖真丝衬衫 轻薄绸缎白色调超优雅极致，领袖口层叠蝴蝶结设计 竖排水钻柔美又浪漫 宽松廓形+领结系带，绝美灵动 梦幻氛围感;0;;lrg3k8cd5bgw3jv;;Для женщин;"[""https://xcimg.szwego.com/imgHD/9404f147/20260228/cmp_i1772258706498_9878_0_0.jpg"", ""https://xcimg.szwego.com/imgHD/9404f147/20260228/cmp_i1772258702127_2595_0_1.jpg"", ""https://xcimg.szwego.com/imgHD/9404f147/20260228/cmp_i1772258704632_4746_0_2.jpg"", ""https://xcimg.szwego.com/imgHD/9404f147/20260228/cmp_i1772258701510_5696_0_3.jpg"", ""https://xcimg.szwego.com/imgHD/9404f147/20260228/cmp_i1772258706498_1659_0_4.jpg"", ""https://xcimg.szwego.com/imgHD/9404f147/20260228/cmp_i1772258701510_8085_0_5.jpg"", ""https://xcimg.szwego.com/imgHD/9404f147/20260228/cmp_i1772258701763_8309_0_6.jpg"", ""https://xcimg.szwego.com/imgHD/9404f147/20260228/cmp_i1772258707375_4791_0_7.jpg"", ""https://xcimg.szwego.com/imgHD/9404f147/20260228/cmp_i1772258701510_1375_0_8.jpg""]"
_drLrSL6UtvtLxB0e0yQjFcSO_LxZgkiSnKIFvQw;;CHA 1990 Vintage中古 丝绒翻领金扣真丝衬衫 重磅缎面真丝丝绸触感柔滑有光泽，黑色天鹅绒翻领和袖口设计 复古金色纽扣点缀优雅复古气质，呈现跨时代单品;0;;lrg3k8cd5bgw3jv;;Для женщин;"[""https://xcimg.szwego.com/imgHD/9404f147/20260228/cmp_i1772258276080_1928_0_0.jpg"", ""https://xcimg.szwego.com/imgHD/9404f147/20260228/cmp_i1772258275586_7332_0_1.jpg"", ""https://xcimg.szwego.com/imgHD/9404f147/20260228/cmp_i1772258279467_3978_0_2.jpg"", ""https://xcimg.szwego.com/imgHD/9404f147/20260228/cmp_i1772258275570_8804_0_3.jpg"", ""https://xcimg.szwego.com/imgHD/9404f147/20260228/cmp_i1772258279375_6194_0_4.jpg"", ""https://xcimg.szwego.com/imgHD/9404f147/20260228/cmp_i1772258275587_1883_0_5.jpg"", ""https://xcimg.szwego.com/imgHD/9404f147/20260228/cmp_i1772258279375_5651_0_6.jpg"", ""https://xcimg.szwego.com/imgHD/9404f147/20260228/cmp_i1772258275587_2682_0_7.jpg"", ""https://xcimg.szwego.com/imgHD/9404f147/20260228/cmp_i1772258279373_471_0_8.jpg""]"
_d9DrSnQJC2SGs2wihu1TWF6tGwVU2Kzs1xtCBXQ;;CHA 26S度假 柞蚕丝黑白双色衬衫西裤套装 柞蚕丝织品材质自带柔和光泽 透爽垂坠感优雅高级，超大翻领竖排水钻纽扣点缀，轻松穿出法式慵懒氛围感（特殊面料存在丝节 介意勿拍）;0;;lrg3k8cd5bgw3jv;;Для женщин;"[""https://xcimg.szwego.com/imgHD/9404f147/20260228/cmp_i1772257632062_1053_0_0.jpg"", ""https://xcimg.szwego.com/imgHD/9404f147/20260228/cmp_i1772257631916_635_0_1.jpg"", ""https://xcimg.szwego.com/imgHD/9404f147/20260228/cmp_i1772257631372_5487_0_2.jpg"", ""https://xcimg.szwego.com/imgHD/9404f147/20260228/cmp_i1772257587286_5352_0_4.jpg"", ""https://xcimg.szwego.com/imgHD/9404f147/20260228/cmp_i1772257636005_3629_0_4.jpg"", ""https://xcimg.szwego.com/imgHD/9404f147/20260228/cmp_i1772257636005_1921_0_5.jpg"", ""https://xcimg.szwego.com/imgHD/9404f147/20260228/cmp_i1772257570224_7557_0_5.jpg"", ""https://xcimg.szwego.com/imgHD/9404f147/20260228/cmp_i1772257631980_1734_0_7.jpg"", ""https://xcimg.szwego.com/imgHD/9404f147/20260228/cmp_i1772257631368_1898_0_8.jpg""]"
_dkHrSIk7jT3RGWNEsZPHH19Ld04m8ZWtmooh1MQ;;CHA 26S度假 柞蚕丝黑白双色衬衫西裤套装 柞蚕丝织品材质自带柔和光泽 透爽垂坠感优雅高级，高腰宽松剪裁点缀水钻纽扣 修饰腿型，轻松穿出法式慵懒氛围感（特殊面料存在丝节 介意勿拍）;0;;lrg3k8cd5bgw3jv;;Для женщин;"[""https://xcimg.szwego.com/imgHD/9404f147/20260228/cmp_i1772257494636_6746_0_0.jpg"", ""https://xcimg.szwego.com/imgHD/9404f147/20260228/cmp_i1772257507913_4565_0_1.jpg"", ""https://xcimg.szwego.com/imgHD/9404f147/20260228/cmp_i1772257488702_9117_0_2.jpg"", ""https://xcimg.szwego.com/imgHD/9404f147/20260228/cmp_i1772257488402_2674_0_3.jpg"", ""https://xcimg.szwego.com/imgHD/9404f147/20260228/cmp_i1772257494279_6959_0_4.jpg"", ""https://xcimg.szwego.com/imgHD/9404f147/20260228/cmp_i1772257494005_4850_0_5.jpg"", ""https://xcimg.szwego.com/imgHD/9404f147/20260228/cmp_i1772257494626_9881_0_6.jpg"", ""https://xcimg.szwego.com/imgHD/9404f147/20260228/cmp_i1772257507910_7005_0_7.jpg"", ""https://xcimg.szwego.com/imgHD/9404f147/20260228/cmp_i1772257494361_3565_0_8.jpg""]"
_dc-rSrq6CJHNjIAznv6ZajCGcTNR-1lE6tug2IA;;CHA 26S度假 柞蚕丝黑白双色衬衫西裤套装 柞蚕丝织品材质自带柔和光泽 透爽垂坠感优雅高级，超大翻领竖排水钻纽扣点缀，轻松穿出法式慵懒氛围感（特殊面料存在丝节 介意勿拍）;0;;lrg3k8cd5bgw3jv;;Для женщин;"[""https://xcimg.szwego.com/imgHD/9404f147/20260228/cmp_i1772256704020_779_0_0.jpg"", ""https://xcimg.szwego.com/imgHD/9404f147/20260228/cmp_i1772256706666_1391_0_1.jpg"", ""https://xcimg.szwego.com/imgHD/9404f147/20260228/cmp_i1772256703950_969_0_2.jpg"", ""https://xcimg.szwego.com/imgHD/9404f147/20260228/cmp_i1772256699440_5407_0_3.jpg"", ""https://xcimg.szwego.com/imgHD/9404f147/20260228/cmp_i1772256703544_7497_0_4.jpg"", ""https://xcimg.szwego.com/imgHD/9404f147/20260228/cmp_i1772256699413_9770_0_5.jpg"", ""https://xcimg.szwego.com/imgHD/9404f147/20260228/cmp_i1772256614099_4173_0_7.jpg"", ""https://xcimg.szwego.com/imgHD/9404f147/20260228/cmp_i1772256699462_8479_0_7.jpg"", ""https://xcimg.szwego.com/imgHD/9404f147/20260228/cmp_i1772256699048_3007_0_8.jpg""]"
_dxMrSo3bS4f0NIekMpsBR-OEvMDU8_KRKtzRJUg;;CHA 26S度假 柞蚕丝黑白双色衬衫西裤套装 柞蚕丝织品材质自带柔和光泽 透爽垂坠感优雅高级，高腰宽松剪裁点缀水钻纽扣 修饰腿型，轻松穿出法式慵懒氛围感（特殊面料存在丝节 介意勿拍）;0;;lrg3k8cd5bgw3jv;;Для женщин;"[""https://xcimg.szwego.com/imgHD/9404f147/20260228/cmp_i1772256605546_1849_0_0.jpg"", ""https://xcimg.szwego.com/imgHD/9404f147/20260228/cmp_i1772256610714_4079_0_1.jpg"", ""https://xcimg.szwego.com/imgHD/9404f147/20260228/cmp_i1772256605546_3892_0_2.jpg"", ""https://xcimg.szwego.com/imgHD/9404f147/20260228/cmp_i1772256605546_4122_0_3.jpg"", ""https://xcimg.szwego.com/imgHD/9404f147/20260228/cmp_i1772256610052_6702_0_4.jpg"", ""https://xcimg.szwego.com/imgHD/9404f147/20260228/cmp_i1772256610409_2586_0_5.jpg"", ""https://xcimg.szwego.com/imgHD/9404f147/20260228/cmp_i1772256605546_3646_0_6.jpg"", ""https://xcimg.szwego.com/imgHD/9404f147/20260228/cmp_i1772256614099_4173_0_7.jpg"", ""https://xcimg.szwego.com/imgHD/9404f147/20260228/cmp_i1772256605546_303_0_8.jpg""]"
_djXrS7xes7jCdqP-IKkJ-EPtbsFr8l1iagtuyaw;;DIO 26S 裸色层叠网纱百褶吊带礼服裙 轻盈网纱柔和裸色系 多层不规则裙摆设计层次感丰富，胸前立体花朵钉珠装饰+鱼骨挺括造型 细节精致，浪漫优雅气质 适合晚宴;0;;lrg3k8cd5bgw3jv;;Для женщин;"[""https://xcimg.szwego.com/imgHD/9404f147/20260227/cmp_i1772172334678_2452_0_0.jpg"", ""https://xcimg.szwego.com/imgHD/9404f147/20260227/cmp_i1772172328755_998_0_1.jpg"", ""https://xcimg.szwego.com/imgHD/9404f147/20260227/cmp_i1772172334682_1132_0_2.jpg"", ""https://xcimg.szwego.com/imgHD/9404f147/20260227/cmp_i1772172328755_6814_0_3.jpg"", ""https://xcimg.szwego.com/imgHD/9404f147/20260227/cmp_i1772172328759_1406_0_4.jpg"", ""https://xcimg.szwego.com/imgHD/9404f147/20260227/cmp_i1772172328755_5476_0_5.jpg"", ""https://xcimg.szwego.com/imgHD/9404f147/20260227/cmp_i1772172334678_5618_0_6.jpg"", ""https://xcimg.szwego.com/imgHD/9404f147/20260227/cmp_i1772172334681_7985_0_7.jpg"", ""https://xcimg.szwego.com/imgHD/9404f147/20260227/cmp_i1772172328754_5646_0_8.jpg""]"
_dIirSC3VT3bLskbUrqTF3_ODmn-IJ5NRWrTR1ow;;DIO 26S 条纹刺绣领结立领真丝衬衫 由Jonathan Anderson演绎优雅气质与摩登风范，蓝白条纹桑蚕丝面料 饰以D-Stripes条纹图案 优雅的燕子领搭配系带效果衣领 顶级品质;0;;lrg3k8cd5bgw3jv;;Для женщин;"[""https://xcimg.szwego.com/imgHD/9404f147/20260227/cmp_i1772171880331_6508_0_0.jpg"", ""https://xcimg.szwego.com/imgHD/9404f147/20260227/cmp_i1772171875122_6076_0_1.jpg"", ""https://xcimg.szwego.com/imgHD/9404f147/20260227/cmp_i1772171875126_148_0_2.jpg"", ""https://xcimg.szwego.com/imgHD/9404f147/20260227/cmp_i1772171875122_4291_0_3.jpg"", ""https://xcimg.szwego.com/imgHD/9404f147/20260227/cmp_i1772171880315_3821_0_4.jpg"", ""https://xcimg.szwego.com/imgHD/9404f147/20260227/cmp_i1772171880316_9105_0_5.jpg"", ""https://xcimg.szwego.com/imgHD/9404f147/20260227/cmp_i1772171875122_9405_0_6.jpg"", ""https://xcimg.szwego.com/imgHD/9404f147/20260227/cmp_i1772171880331_6664_0_7.jpg"", ""https://xcimg.szwego.com/imgHD/9404f147/20260227/cmp_i1772171880321_1684_0_8.jpg""]"
_dvFrStDESgThaRZTdlxqV5KdDYKzVSkTgXrwvSg;;DIO 26S 花卉刺绣包臀牛仔迷你半裙 Clover图案刺绣 蓝色石洗棉质牛仔布精心制作、直筒剪裁 搭配侧面斜插口袋和后侧贴袋 背面饰以CD标牌 顶级品质;0;;lrg3k8cd5bgw3jv;;Для женщин;"[""https://xcimg.szwego.com/imgHD/9404f147/20260227/cmp_i1772170462942_8012_0_0.jpg"", ""https://xcimg.szwego.com/imgHD/9404f147/20260227/cmp_i1772170468436_6711_0_1.jpg"", ""https://xcimg.szwego.com/imgHD/9404f147/20260227/cmp_i1772170462893_9294_0_2.jpg"", ""https://xcimg.szwego.com/imgHD/9404f147/20260227/cmp_i1772170468452_7225_0_3.jpg"", ""https://xcimg.szwego.com/imgHD/9404f147/20260227/cmp_i1772170468346_2053_0_4.jpg"", ""https://xcimg.szwego.com/imgHD/9404f147/20260227/cmp_i1772170467893_1839_0_5.jpg"", ""https://xcimg.szwego.com/imgHD/9404f147/20260227/cmp_i1772170462883_4033_0_6.jpg"", ""https://xcimg.szwego.com/imgHD/9404f147/20260227/cmp_i1772170462905_823_0_7.jpg"", ""https://xcimg.szwego.com/imgHD/9404f147/20260227/cmp_i1772170462927_8953_0_8.jpg""]"
_dhnrSwOg_saf93emOoc4vw5qTV7ohYnmMeTqKaw;;DIO 26S 文学字母封面弹力针织上衣 灵感来自弗朗索瓦丝 萨冈《Bonjour tristesse》文学封面，米白色针织面料+绿色边框，简约文艺感 弹力针织穿着舒适 春夏季节超适合;0;;lrg3k8cd5bgw3jv;;Для женщин;"[""https://xcimg.szwego.com/imgHD/9404f147/20260227/cmp_i1772169962505_5240_0_0.jpg"", ""https://xcimg.szwego.com/imgHD/9404f147/20260227/cmp_i1772169962469_1192_0_1.jpg"", ""https://xcimg.szwego.com/imgHD/9404f147/20260227/cmp_i1772169957882_8931_0_2.jpg"", ""https://xcimg.szwego.com/imgHD/9404f147/20260227/cmp_i1772169957912_2603_0_3.jpg"", ""https://xcimg.szwego.com/imgHD/9404f147/20260227/cmp_i1772169962497_9843_0_4.jpg"", ""https://xcimg.szwego.com/imgHD/9404f147/20260227/cmp_i1772170029464_5706_0_5.jpg"", ""https://xcimg.szwego.com/imgHD/9404f147/20260227/cmp_i1772169962288_3321_0_6.jpg"", ""https://xcimg.szwego.com/imgHD/9404f147/20260227/cmp_i1772169962443_8142_0_7.jpg"", ""https://xcimg.szwego.com/imgHD/9404f147/20260227/cmp_i1772169957489_1221_0_8.jpg""]"
_dbUrSmbZwtWm_3bgGOAp8GmDjmH37bfSSCfjNrg;;DIO 26S 四叶草瓢虫刺绣印花短袖T恤 Jonathan Anderson设计 柔软棉质面料穿着舒适透气，正面四叶草+瓢虫刺绣图案 象征幸运与自然 清新又有艺术感;0;;lrg3k8cd5bgw3jv;;Для женщин;"[""https://xcimg.szwego.com/imgHD/9404f147/20260227/cmp_i1772169626336_5230_0_0.jpg"", ""https://xcimg.szwego.com/imgHD/9404f147/20260227/cmp_i1772169626280_4954_0_1.jpg"", ""https://xcimg.szwego.com/imgHD/9404f147/20260227/cmp_i1772169612240_6939_0_2.jpg"", ""https://xcimg.szwego.com/imgHD/9404f147/20260227/cmp_i1772169626236_1049_0_3.jpg"", ""https://xcimg.szwego.com/imgHD/9404f147/20260227/cmp_i1772169612222_5421_0_4.jpg"", ""https://xcimg.szwego.com/imgHD/9404f147/20260227/cmp_i1772169625834_6917_0_5.jpg"", ""https://xcimg.szwego.com/imgHD/9404f147/20260227/cmp_i1772169611721_7448_0_6.jpg"", ""https://xcimg.szwego.com/imgHD/9404f147/20260227/cmp_i1772169612272_3761_0_7.jpg"", ""https://xcimg.szwego.com/imgHD/9404f147/20260227/cmp_i1772169626273_8877_0_8.jpg""]"
_dk3rSuTXBZLtQSY4qvXIk-l1EC_p4NR3uOwegMg;;HER 26S 黑白双色绑带大翻领腰带连衣裙 大翻领+垂坠领绑带设计修饰颈部线条，棉质材质柔软透气，H纯钢刻字纽扣 搭配腰带 可挽袖 随性又有设计感 干练又优雅;0;;lrg3k8cd5bgw3jv;;Для женщин;"[""https://xcimg.szwego.com/imgHD/9404f147/20260226/cmp_i1772085708651_3183_0_0.jpg"", ""https://xcimg.szwego.com/imgHD/9404f147/20260226/cmp_i1772085708381_6495_0_1.jpg"", ""https://xcimg.szwego.com/imgHD/9404f147/20260226/cmp_i1772085705369_2636_0_2.jpg"", ""https://xcimg.szwego.com/imgHD/9404f147/20260226/cmp_i1772085704901_8906_0_3.jpg"", ""https://xcimg.szwego.com/imgHD/9404f147/20260226/cmp_i1772085704902_8897_0_4.jpg"", ""https://xcimg.szwego.com/imgHD/9404f147/20260226/cmp_i1772085704902_2212_0_5.jpg"", ""https://xcimg.szwego.com/imgHD/9404f147/20260226/cmp_i1772085704901_332_0_6.jpg"", ""https://xcimg.szwego.com/imgHD/9404f147/20260226/cmp_i1772085710358_8560_0_7.jpg"", ""https://xcimg.szwego.com/imgHD/9404f147/20260226/cmp_i1772085708691_5052_0_8.jpg""]"
_d_FrSqhf_HaKBBOyTfaUS33P8ESEv7DYPha7MAA;;HER 26S 黑白双色绑带大翻领腰带连衣裙 大翻领+垂坠领绑带设计修饰颈部线条，棉质材质柔软透气，H纯钢刻字纽扣 搭配腰带 可挽袖 随性又有设计感 干练又优雅;0;;lrg3k8cd5bgw3jv;;Для женщин;"[""https://xcimg.szwego.com/imgHD/9404f147/20260226/cmp_i1772085403473_248_0_0.jpg"", ""https://xcimg.szwego.com/imgHD/9404f147/20260226/cmp_i1772085396477_111_0_1.jpg"", ""https://xcimg.szwego.com/imgHD/9404f147/20260226/cmp_i1772085396507_738_0_2.jpg"", ""https://xcimg.szwego.com/imgHD/9404f147/20260226/cmp_i1772085403535_9377_0_3.jpg"", ""https://xcimg.szwego.com/imgHD/9404f147/20260226/cmp_i1772085403036_5408_0_4.jpg"", ""https://xcimg.szwego.com/imgHD/9404f147/20260226/cmp_i1772085396097_2261_0_5.jpg"", ""https://xcimg.szwego.com/imgHD/9404f147/20260226/cmp_i1772085396440_4124_0_6.jpg"", ""https://xcimg.szwego.com/imgHD/9404f147/20260226/cmp_i1772085396099_2614_0_7.jpg"", ""https://xcimg.szwego.com/imgHD/9404f147/20260226/cmp_i1772085403525_1452_0_8.jpg""]"
_dogrSZ9QbJKPeVm5SLuP33-bPVhqeH9L_aKngdA;;HER 26S H拼皮口袋羊绒拉链针织开衫 口袋拉链开衫 重磅针织厚实保暖，高领小羊皮H字口袋 彰显品牌细节！柳条针织工艺让整体挺阔有型 奶白色温柔百搭 搭配各种风格;0;;lrg3k8cd5bgw3jv;;Для женщин;"[""https://xcimg.szwego.com/imgHD/9404f147/20260226/cmp_i1772083801800_4520_0_0.jpg"", ""https://xcimg.szwego.com/imgHD/9404f147/20260226/cmp_i1772083798241_4248_0_1.jpg"", ""https://xcimg.szwego.com/imgHD/9404f147/20260226/cmp_i1772083798233_3901_0_2.jpg"", ""https://xcimg.szwego.com/imgHD/9404f147/20260226/cmp_i1772083794900_432_0_3.jpg"", ""https://xcimg.szwego.com/imgHD/9404f147/20260226/cmp_i1772083795624_5652_0_4.jpg"", ""https://xcimg.szwego.com/imgHD/9404f147/20260226/cmp_i1772083794900_1188_0_5.jpg"", ""https://xcimg.szwego.com/imgHD/9404f147/20260226/cmp_i1772083797744_5893_0_6.jpg"", ""https://xcimg.szwego.com/imgHD/9404f147/20260226/cmp_i1772083795643_4553_0_7.jpg"", ""https://xcimg.szwego.com/imgHD/9404f147/20260226/cmp_i1772083795619_50_0_8.jpg""]"
_dtUrSX77PCzOvo50JWIt8gUACs0lVjStgcpgTKA;;HER 26S 黑白双色绑带大翻领白衬衫 衬衫采用大翻领+垂坠领绑带设计 修饰颈部线条，棉质材质柔软透气，H刻字纽扣 侧方刺绣马车logo、宽松版型随性又有设计感 干练又优雅;0;;lrg3k8cd5bgw3jv;;Для женщин;"[""https://xcimg.szwego.com/imgHD/9404f147/20260226/cmp_i1772083437519_6922_0_0.jpg"", ""https://xcimg.szwego.com/imgHD/9404f147/20260226/cmp_i1772083437557_3121_0_1.jpg"", ""https://xcimg.szwego.com/imgHD/9404f147/20260226/cmp_i1772083413113_3029_0_2.jpg"", ""https://xcimg.szwego.com/imgHD/9404f147/20260226/cmp_i1772083437096_2939_0_3.jpg"", ""https://xcimg.szwego.com/imgHD/9404f147/20260226/cmp_i1772083404544_230_0_4.jpg"", ""https://xcimg.szwego.com/imgHD/9404f147/20260226/cmp_i1772083437102_4646_0_5.jpg"", ""https://xcimg.szwego.com/imgHD/9404f147/20260226/cmp_i1772083412874_6571_0_6.jpg"", ""https://xcimg.szwego.com/imgHD/9404f147/20260226/cmp_i1772083413360_7651_0_7.jpg"", ""https://xcimg.szwego.com/imgHD/9404f147/20260226/cmp_i1772083404544_6406_0_8.jpg""]"
_dnqrSWynQmgalN46oqaA3xsxHTXtK9JGKqqBnbw;;HER 26S 黑白双色绑带大翻领白衬衫 衬衫采用大翻领+垂坠领绑带设计 修饰颈部线条，棉质材质柔软透气，H刻字纽扣 侧方刺绣马车logo、宽松版型随性又有设计感 干练又优雅;0;;lrg3k8cd5bgw3jv;;Для женщин;"[""https://xcimg.szwego.com/imgHD/9404f147/20260226/cmp_i1772082797461_8182_0_0.jpg"", ""https://xcimg.szwego.com/imgHD/9404f147/20260226/cmp_i1772082780428_3755_0_1.jpg"", ""https://xcimg.szwego.com/imgHD/9404f147/20260226/cmp_i1772082780428_3979_0_2.jpg"", ""https://xcimg.szwego.com/imgHD/9404f147/20260226/cmp_i1772082797015_722_0_3.jpg"", ""https://xcimg.szwego.com/imgHD/9404f147/20260226/cmp_i1772082797014_931_0_4.jpg"", ""https://xcimg.szwego.com/imgHD/9404f147/20260226/cmp_i1772082797189_2101_0_5.jpg"", ""https://xcimg.szwego.com/imgHD/9404f147/20260226/cmp_i1772082780428_8986_0_6.jpg"", ""https://xcimg.szwego.com/imgHD/9404f147/20260226/cmp_i1772082780428_5282_0_7.jpg"", ""https://xcimg.szwego.com/imgHD/9404f147/20260226/cmp_i1772082780428_4719_0_8.jpg""]"
_d_2rSifOuOo6B6O-Qn3X-1iCmll6WEm5UmbCBgg;;GUC 26S 黑金马衔扣提花腰带真丝连衣裙 系列以华美面料黑色马衔扣桑蚕丝切丝面料匠心打造、缀饰自系式丝带领结 演绎基础廓形 黑金配色超有辨识度，搭配腰带 低调又奢华;0;;lrg3k8cd5bgw3jv;;Для женщин;"[""https://xcimg.szwego.com/imgHD/9404f147/20260225/cmp_i1772001220311_4952_0_0.jpg"", ""https://xcimg.szwego.com/imgHD/9404f147/20260225/cmp_i1772001214025_2309_0_1.jpg"", ""https://xcimg.szwego.com/imgHD/9404f147/20260225/cmp_i1772001220276_4070_0_2.jpg"", ""https://xcimg.szwego.com/imgHD/9404f147/20260225/cmp_i1772001220150_4047_0_3.jpg"", ""https://xcimg.szwego.com/imgHD/9404f147/20260225/cmp_i1772001213978_6570_0_4.jpg"", ""https://xcimg.szwego.com/imgHD/9404f147/20260225/cmp_i1772001214000_4708_0_5.jpg"", ""https://xcimg.szwego.com/imgHD/9404f147/20260225/cmp_i1772001213927_6700_0_6.jpg"", ""https://xcimg.szwego.com/imgHD/9404f147/20260225/cmp_i1772001220293_9902_0_7.jpg"", ""https://xcimg.szwego.com/imgHD/9404f147/20260225/cmp_i1772001220266_9572_0_8.jpg""]"
_dgXrSci0jmtt2Gk5LlWtozTqHhGj4Kv66KhlIug;;GUC 26S 斜纹提花真丝飘带开衩连衣裙 GG连衣裙采用斜纹真丝提花肌理面料，质感细腻哑光与缎面相拼接出层次感 高领+长袖+侧系带 修饰身形又增添高贵层次感;0;;lrg3k8cd5bgw3jv;;Для женщин;"[""https://xcimg.szwego.com/imgHD/9404f147/20260225/cmp_i1772000227631_6147_0_0.jpg"", ""https://xcimg.szwego.com/imgHD/9404f147/20260225/cmp_i1772000216166_7378_0_1.jpg"", ""https://xcimg.szwego.com/imgHD/9404f147/20260225/cmp_i1772000217098_6950_0_2.jpg"", ""https://xcimg.szwego.com/imgHD/9404f147/20260225/cmp_i1772000217120_8290_0_3.jpg"", ""https://xcimg.szwego.com/imgHD/9404f147/20260225/cmp_i1772000211919_1813_0_4.jpg"", ""https://xcimg.szwego.com/imgHD/9404f147/20260225/cmp_i1772000227103_2838_0_5.jpg"", ""https://xcimg.szwego.com/imgHD/9404f147/20260225/cmp_i1772000217115_8771_0_6.jpg"", ""https://xcimg.szwego.com/imgHD/9404f147/20260225/cmp_i1772000227563_6295_0_7.jpg"", ""https://xcimg.szwego.com/imgHD/9404f147/20260225/cmp_i1772000216988_5576_0_8.jpg""]"
_dhKrSm_2zC_zIDXLR_LCnNvxSRs_NN9x11L8GqA;;GUC 26S 黑金马衔扣提花绑带真丝衬衫 女士成衣系列以华美面料演绎基础廓形，衬衫以黑色马衔扣桑蚕丝铅华切丝面料匠心打造 缀饰自系式丝带细节 令整个设计魅力倍增;0;;lrg3k8cd5bgw3jv;;Для женщин;"[""https://xcimg.szwego.com/imgHD/9404f147/20260225/cmp_i1771999014515_7411_0_0.jpg"", ""https://xcimg.szwego.com/imgHD/9404f147/20260225/cmp_i1771999026886_1085_0_1.jpg"", ""https://xcimg.szwego.com/imgHD/9404f147/20260225/cmp_i1771999020008_1338_0_2.jpg"", ""https://xcimg.szwego.com/imgHD/9404f147/20260225/cmp_i1771999014438_7596_0_3.jpg"", ""https://xcimg.szwego.com/imgHD/9404f147/20260225/cmp_i1771999014488_2571_0_4.jpg"", ""https://xcimg.szwego.com/imgHD/9404f147/20260225/cmp_i1771999020043_980_0_5.jpg"", ""https://xcimg.szwego.com/imgHD/9404f147/20260225/cmp_i1771999019920_3559_0_6.jpg"", ""https://xcimg.szwego.com/imgHD/9404f147/20260225/cmp_i1771999026889_8609_0_7.jpg"", ""https://xcimg.szwego.com/imgHD/9404f147/20260225/cmp_i1771999020051_379_0_8.jpg""]"
_doirS5_3-MQJ8KDcm2eoP-7-ze5k_ajFNdlKStw;;GUC 26S GG马衔扣格纹真丝家居服套装 系列印花套装 重磅斜纹真丝面料经典马衔扣黑色几何格纹，翻领修身衬衫 点缀G法郎纽扣 舒适又有型通勤旅行度假都ok;0;;lrg3k8cd5bgw3jv;;Для женщин;"[""https://xcimg.szwego.com/imgHD/9404f147/20260225/cmp_i1771997752269_2456_0_0.jpg"", ""https://xcimg.szwego.com/imgHD/9404f147/20260225/cmp_i1771997742377_6474_0_1.jpg"", ""https://xcimg.szwego.com/imgHD/9404f147/20260225/cmp_i1771997742339_5944_0_2.jpg"", ""https://xcimg.szwego.com/imgHD/9404f147/20260225/cmp_i1771997741914_616_0_3.jpg"", ""https://xcimg.szwego.com/imgHD/9404f147/20260225/cmp_i1771997747547_4056_0_4.jpg"", ""https://xcimg.szwego.com/imgHD/9404f147/20260225/cmp_i1771997747470_1910_0_5.jpg"", ""https://xcimg.szwego.com/imgHD/9404f147/20260225/cmp_i1771997741626_4713_0_6.jpg"", ""https://xcimg.szwego.com/imgHD/9404f147/20260225/cmp_i1771997747512_4070_0_7.jpg"", ""https://xcimg.szwego.com/imgHD/9404f147/20260225/cmp_i1771997742284_1266_0_8.jpg""]"
_dvFrStDESgThaRZTflxqV46RNYqzUSkTgXrwvSg;;GUC 26S GG马衔扣格纹真丝家居服套装 系列印花套装 重磅斜纹真丝面料经典马衔扣黑色几何格纹，弹力腰围阔腿裤 点缀G法郎纽扣 舒适又有型通勤旅行度假都ok;0;;lrg3k8cd5bgw3jv;;Для женщин;"[""https://xcimg.szwego.com/imgHD/9404f147/20260225/cmp_i1771997588839_5440_0_0.jpg"", ""https://xcimg.szwego.com/imgHD/9404f147/20260225/cmp_i1771997588108_1991_0_1.jpg"", ""https://xcimg.szwego.com/imgHD/9404f147/20260225/cmp_i1771997594888_9187_0_2.jpg"", ""https://xcimg.szwego.com/imgHD/9404f147/20260225/cmp_i1771997583016_7758_0_3.jpg"", ""https://xcimg.szwego.com/imgHD/9404f147/20260225/cmp_i1771997588780_5606_0_4.jpg"", ""https://xcimg.szwego.com/imgHD/9404f147/20260225/cmp_i1771997594409_6252_0_5.jpg"", ""https://xcimg.szwego.com/imgHD/9404f147/20260225/cmp_i1771997583758_6266_0_6.jpg"", ""https://xcimg.szwego.com/imgHD/9404f147/20260225/cmp_i1771997588830_5076_0_7.jpg"", ""https://xcimg.szwego.com/imgHD/9404f147/20260225/cmp_i1771997583810_3513_0_8.jpg""]"
_dozrSS2fO-goftebhGy5OJdXdJh8e1VCLJXfz7g;;GUC 26S GG波浪印花领结泡泡袖真丝衬衫 宽肩廓形匠心诠释挺括造型和感性魅力的巧妙糅合 缔造个性风范，以灰色和棕色斜纹桑蚕丝匠心打造 自系式丝带印花领结 一展别致韵调;0;;lrg3k8cd5bgw3jv;;Для женщин;"[""https://xcimg.szwego.com/imgHD/9404f147/20260225/cmp_i1771995989024_8240_0_0.jpg"", ""https://xcimg.szwego.com/imgHD/9404f147/20260225/cmp_i1771995983114_2104_0_1.jpg"", ""https://xcimg.szwego.com/imgHD/9404f147/20260225/cmp_i1771995989023_820_0_2.jpg"", ""https://xcimg.szwego.com/imgHD/9404f147/20260225/cmp_i1771995983114_8548_0_3.jpg"", ""https://xcimg.szwego.com/imgHD/9404f147/20260225/cmp_i1771995989024_1273_0_4.jpg"", ""https://xcimg.szwego.com/imgHD/9404f147/20260225/cmp_i1771995983114_400_0_5.jpg"", ""https://xcimg.szwego.com/imgHD/9404f147/20260225/cmp_i1771995983114_4007_0_6.jpg"", ""https://xcimg.szwego.com/imgHD/9404f147/20260225/cmp_i1771995989023_3955_0_7.jpg"", ""https://xcimg.szwego.com/imgHD/9404f147/20260225/cmp_i1771995989024_1794_0_8.jpg""]"
_dgtrSU08tmm1uJgDmLKrBw82HmblsyaAnCpadVA;;GUC 26S 深V格纹马衔扣真丝领结连衣裙 采用重磅斜纹真丝面料 藏青底色GG复古锁链纹优雅又高级，垂坠感领口蝴蝶结设计 手袖定位GG字母 柔美气质满分;0;;lrg3k8cd5bgw3jv;;Для женщин;"[""https://xcimg.szwego.com/imgHD/9404f147/20260225/cmp_i1771994480960_5753_0_0.jpg"", ""https://xcimg.szwego.com/imgHD/9404f147/20260225/cmp_i1771994470635_8984_0_1.jpg"", ""https://xcimg.szwego.com/imgHD/9404f147/20260225/cmp_i1771994470738_740_0_2.jpg"", ""https://xcimg.szwego.com/imgHD/9404f147/20260225/cmp_i1771994475907_2379_0_3.jpg"", ""https://xcimg.szwego.com/imgHD/9404f147/20260225/cmp_i1771994470613_1614_0_4.jpg"", ""https://xcimg.szwego.com/imgHD/9404f147/20260225/cmp_i1771994480626_1861_0_5.jpg"", ""https://xcimg.szwego.com/imgHD/9404f147/20260225/cmp_i1771994476378_3124_0_6.jpg"", ""https://xcimg.szwego.com/imgHD/9404f147/20260225/cmp_i1771994470718_9247_0_7.jpg"", ""https://xcimg.szwego.com/imgHD/9404f147/20260225/cmp_i1771994470674_7348_0_8.jpg""]"
_dwWrSEAE35nS5Lx4Viq2Opi5t1hIleU5PVNQb1w;;GUC 26S 卡其斜纹真丝花边半裙衬衫套装 GG衬衫采用斜纹真丝提花肌理面料，质感细腻哑光与缎面相拼接出层次感 经典翻领+单排扣设计，剪裁修身日常穿着超舒适;0;;lrg3k8cd5bgw3jv;;Для женщин;"[""https://xcimg.szwego.com/imgHD/9404f147/20260225/cmp_i1771993082829_2486_0_0.jpg"", ""https://xcimg.szwego.com/imgHD/9404f147/20260225/cmp_i1771993082848_2014_0_1.jpg"", ""https://xcimg.szwego.com/imgHD/9404f147/20260225/cmp_i1771993091533_8025_0_2.jpg"", ""https://xcimg.szwego.com/imgHD/9404f147/20260225/cmp_i1771993091160_394_0_3.jpg"", ""https://xcimg.szwego.com/imgHD/9404f147/20260225/cmp_i1771993091597_3862_0_4.jpg"", ""https://xcimg.szwego.com/imgHD/9404f147/20260225/cmp_i1771993082436_6408_0_5.jpg"", ""https://xcimg.szwego.com/imgHD/9404f147/20260225/cmp_i1771993082421_677_0_6.jpg"", ""https://xcimg.szwego.com/imgHD/9404f147/20260225/cmp_i1771993091579_6547_0_7.jpg"", ""https://xcimg.szwego.com/imgHD/9404f147/20260225/cmp_i1771993082848_9758_0_8.jpg""]"
_d84rSCcaYu2ww98TAYt6o1ZiHi1YWpM7KqeN4nQ;;GUC 26S 卡其斜纹真丝花边半裙衬衫套装 GG花边裙摆半裙 采用斜纹真丝提花肌理面料，质感细腻哑光与缎面相拼接出层次感 荷叶边裙摆设计增添柔美气息;0;;lrg3k8cd5bgw3jv;;Для женщин;"[""https://xcimg.szwego.com/imgHD/9404f147/20260225/cmp_i1771993020296_5658_0_0.jpg"", ""https://xcimg.szwego.com/imgHD/9404f147/20260225/cmp_i1771993020281_7258_0_1.jpg"", ""https://xcimg.szwego.com/imgHD/9404f147/20260225/cmp_i1771993015829_2861_0_2.jpg"", ""https://xcimg.szwego.com/imgHD/9404f147/20260225/cmp_i1771993009967_8293_0_3.jpg"", ""https://xcimg.szwego.com/imgHD/9404f147/20260225/cmp_i1771993015561_9558_0_4.jpg"", ""https://xcimg.szwego.com/imgHD/9404f147/20260225/cmp_i1771993010569_3717_0_5.jpg"", ""https://xcimg.szwego.com/imgHD/9404f147/20260225/cmp_i1771993019984_9594_0_6.jpg"", ""https://xcimg.szwego.com/imgHD/9404f147/20260225/cmp_i1771993010586_1784_0_7.jpg"", ""https://xcimg.szwego.com/imgHD/9404f147/20260225/cmp_i1771993015844_6673_0_8.jpg""]"
_dqbrSPlLaoy3-Z4WRZG4nFC1mR2C4-iOuff70lw;;GUC 26S GG牛仔蓝印花真丝翻领衬衫 经典GG图案 浅蓝低饱和度呈现出哑光真丝的优雅感，宽松翻领剪裁单穿或叠搭外套都很出彩 通勤休闲搭配look;0;;lrg3k8cd5bgw3jv;;Для женщин;"[""https://xcimg.szwego.com/imgHD/9404f147/20260225/cmp_i1771992520723_8829_0_0.jpg"", ""https://xcimg.szwego.com/imgHD/9404f147/20260225/cmp_i1771992520704_7599_0_1.jpg"", ""https://xcimg.szwego.com/imgHD/9404f147/20260225/cmp_i1771992505165_4902_0_2.jpg"", ""https://xcimg.szwego.com/imgHD/9404f147/20260225/cmp_i1771992505165_3609_0_3.jpg"", ""https://xcimg.szwego.com/imgHD/9404f147/20260225/cmp_i1771992520703_9689_0_4.jpg"", ""https://xcimg.szwego.com/imgHD/9404f147/20260225/cmp_i1771992505165_8004_0_5.jpg"", ""https://xcimg.szwego.com/imgHD/9404f147/20260225/cmp_i1771992505165_9492_0_6.jpg"", ""https://xcimg.szwego.com/imgHD/9404f147/20260225/cmp_i1771992505165_1968_0_7.jpg"", ""https://xcimg.szwego.com/imgHD/9404f147/20260225/cmp_i1771992520703_9063_0_8.jpg""]"
_dkOrSjVtMqDxp6huwKa4LdRYyqJf2rgbKrJi7Pw;;LOUIS 26S 黑白领结拼色真丝家居套装 Monogram飘带衬衫 黑色真丝材质柔软有光泽、领口黑白老花Twilly丝巾点缀灵动 宽松版型单穿或内搭都很OK;0;;lrg3k8cd5bgw3jv;;Для женщин;"[""https://xcimg.szwego.com/imgHD/9404f147/20260224/cmp_i1771921598756_4670_0_0.jpg"", ""https://xcimg.szwego.com/imgHD/9404f147/20260224/cmp_i1771921605370_4680_0_1.jpg"", ""https://xcimg.szwego.com/imgHD/9404f147/20260224/cmp_i1771921605322_9047_0_2.jpg"", ""https://xcimg.szwego.com/imgHD/9404f147/20260224/cmp_i1771921605264_7926_0_3.jpg"", ""https://xcimg.szwego.com/imgHD/9404f147/20260224/cmp_i1771921605323_1820_0_4.jpg"", ""https://xcimg.szwego.com/imgHD/9404f147/20260224/cmp_i1771921598745_9420_0_5.jpg"", ""https://xcimg.szwego.com/imgHD/9404f147/20260224/cmp_i1771921448218_4768_0_6.jpg"", ""https://xcimg.szwego.com/imgHD/9404f147/20260224/cmp_i1771921598650_7082_0_7.jpg"", ""https://xcimg.szwego.com/imgHD/9404f147/20260224/cmp_i1771921598311_8235_0_8.jpg""]"
_d7krSWtpchCxYZo4LsmPrggshWTeFVyq8EEB9mQ;;LOUIS 26S 黑白领结拼色真丝家居套装 阔腿裤 选用轻柔斜纹桑蚕丝 搭配利落前褶和后部嵌线袋，彰显摩登雅致！弹力腰围褶皱 双侧口袋剪裁理念 顶级品质;0;;lrg3k8cd5bgw3jv;;Для женщин;"[""https://xcimg.szwego.com/imgHD/9404f147/20260224/cmp_i1771921449052_5647_0_0.jpg"", ""https://xcimg.szwego.com/imgHD/9404f147/20260224/cmp_i1771921455349_1598_0_1.jpg"", ""https://xcimg.szwego.com/imgHD/9404f147/20260224/cmp_i1771921449031_2613_0_2.jpg"", ""https://xcimg.szwego.com/imgHD/9404f147/20260224/cmp_i1771921455313_8545_0_3.jpg"", ""https://xcimg.szwego.com/imgHD/9404f147/20260224/cmp_i1771921455335_2822_0_4.jpg"", ""https://xcimg.szwego.com/imgHD/9404f147/20260224/cmp_i1771921448991_8904_0_5.jpg"", ""https://xcimg.szwego.com/imgHD/9404f147/20260224/cmp_i1771921448218_4768_0_6.jpg"", ""https://xcimg.szwego.com/imgHD/9404f147/20260224/cmp_i1771921455298_4761_0_7.jpg"", ""https://xcimg.szwego.com/imgHD/9404f147/20260224/cmp_i1771921449028_3181_0_8.jpg""]"
_dvTrS_tNXERFtvp4QG8nHhhrK4dWGWTfjSNcESA;;LOUIS 26S 老花真丝休闲衬衫西裤家居套装 衬衫为莹泽斜纹桑蚕丝 全幅铺陈老花镂花图案、以点线效果解读品牌经典元素 直身版型搭配利落衣领，搭配西裤 顶级品质;0;;lrg3k8cd5bgw3jv;;Для женщин;"[""https://xcimg.szwego.com/imgHD/9404f147/20260224/cmp_i1771920582445_9865_0_0.jpg"", ""https://xcimg.szwego.com/imgHD/9404f147/20260224/cmp_i1771920576110_4251_0_1.jpg"", ""https://xcimg.szwego.com/imgHD/9404f147/20260224/cmp_i1771920571149_5521_0_2.jpg"", ""https://xcimg.szwego.com/imgHD/9404f147/20260224/cmp_i1771920571149_2571_0_3.jpg"", ""https://xcimg.szwego.com/imgHD/9404f147/20260224/cmp_i1771920571133_9635_0_4.jpg"", ""https://xcimg.szwego.com/imgHD/9404f147/20260224/cmp_i1771920576077_165_0_5.jpg"", ""https://xcimg.szwego.com/imgHD/9404f147/20260224/cmp_i1771920442849_6283_0_5.jpg"", ""https://xcimg.szwego.com/imgHD/9404f147/20260224/cmp_i1771920576131_6516_0_7.jpg"", ""https://xcimg.szwego.com/imgHD/9404f147/20260224/cmp_i1771920571149_9373_0_8.jpg""]"
_ddzrSCeQyUYKIjs00xcYdUpKg3Vt9SQs2UI_Z8A;;LOUIS 26S 老花真丝休闲衬衫西裤家居套装 睡衣式长裤 斜纹桑蚕丝的流畅质感与亮泽肌理，全幅老花波点镂花图案 宽松廓形与弹力抽绳腰部 呈现慵懒格调;0;;lrg3k8cd5bgw3jv;;Для женщин;"[""https://xcimg.szwego.com/imgHD/9404f147/20260224/cmp_i1771920445275_2411_0_0.jpg"", ""https://xcimg.szwego.com/imgHD/9404f147/20260224/cmp_i1771920436394_4700_0_1.jpg"", ""https://xcimg.szwego.com/imgHD/9404f147/20260224/cmp_i1771920451271_8636_0_2.jpg"", ""https://xcimg.szwego.com/imgHD/9404f147/20260224/cmp_i1771920436391_7494_0_3.jpg"", ""https://xcimg.szwego.com/imgHD/9404f147/20260224/cmp_i1771920436392_7682_0_4.jpg"", ""https://xcimg.szwego.com/imgHD/9404f147/20260224/cmp_i1771920442849_6283_0_5.jpg"", ""https://xcimg.szwego.com/imgHD/9404f147/20260224/cmp_i1771920436394_6315_0_6.jpg"", ""https://xcimg.szwego.com/imgHD/9404f147/20260224/cmp_i1771920442867_6608_0_7.jpg"", ""https://xcimg.szwego.com/imgHD/9404f147/20260224/cmp_i1771920442847_5545_0_8.jpg""]"
_dkjrSbekk2PZn2pHn6Mce41itVNBh6NGYwPtkfw;;LOUIS 26S 双排扣深V飘带领真丝衬衫 轻盈真丝面料垂坠感，V领修饰颈部线条 飘带可系蝴蝶结或做丝巾 法式浪漫氛围感 点缀金色老花纽扣 更显高贵精致;0;;lrg3k8cd5bgw3jv;;Для женщин;"[""https://xcimg.szwego.com/imgHD/9404f147/20260224/cmp_i1771919944403_4169_0_0.jpg"", ""https://xcimg.szwego.com/imgHD/9404f147/20260224/cmp_i1771919944099_8056_0_1.jpg"", ""https://xcimg.szwego.com/imgHD/9404f147/20260224/cmp_i1771919950252_9401_0_2.jpg"", ""https://xcimg.szwego.com/imgHD/9404f147/20260224/cmp_i1771919943783_3863_0_3.jpg"", ""https://xcimg.szwego.com/imgHD/9404f147/20260224/cmp_i1771919943784_2692_0_4.jpg"", ""https://xcimg.szwego.com/imgHD/9404f147/20260224/cmp_i1771919944365_7180_0_5.jpg"", ""https://xcimg.szwego.com/imgHD/9404f147/20260224/cmp_i1771919950252_2216_0_6.jpg"", ""https://xcimg.szwego.com/imgHD/9404f147/20260224/cmp_i1771919950642_2011_0_7.jpg"", ""https://xcimg.szwego.com/imgHD/9404f147/20260224/cmp_i1771919950249_5351_0_8.jpg""]"
_dnerSb38vPLOulpY1jz2LpBQQ-Z0O1Hrc3VxHWA;;LOUIS 26S 老花扣喇叭袖真丝领结衬衫 真丝材质触感柔滑垂坠感、领口蝴蝶结设计优雅又精致，喇叭袖剪裁让整体更有层次和女性气质 通勤或正式场合都ok 顶级品质;0;;lrg3k8cd5bgw3jv;;Для женщин;"[""https://xcimg.szwego.com/imgHD/9404f147/20260224/cmp_i1771917502305_3262_0_0.jpg"", ""https://xcimg.szwego.com/imgHD/9404f147/20260224/cmp_i1771917502220_3101_0_1.jpg"", ""https://xcimg.szwego.com/imgHD/9404f147/20260224/cmp_i1771917507439_7447_0_2.jpg"", ""https://xcimg.szwego.com/imgHD/9404f147/20260224/cmp_i1771917502315_1495_0_3.jpg"", ""https://xcimg.szwego.com/imgHD/9404f147/20260224/cmp_i1771917502319_1823_0_4.jpg"", ""https://xcimg.szwego.com/imgHD/9404f147/20260224/cmp_i1771917507421_5217_0_5.jpg"", ""https://xcimg.szwego.com/imgHD/9404f147/20260224/cmp_i1771917506966_5574_0_6.jpg"", ""https://xcimg.szwego.com/imgHD/9404f147/20260224/cmp_i1771917502319_5915_0_7.jpg"", ""https://xcimg.szwego.com/imgHD/9404f147/20260224/cmp_i1771917507172_828_0_8.jpg""]"
_djxrS_Uk82l8xUmJCrdguf5r9NASeBRk88xKDtg;;LOUIS 26S 马衔扣羊毛高腰直筒西裤 黑色羊毛廓形西装面料垂坠感，高腰设计 内里全包边设计干练又优雅，腰部金属马衔扣链条装饰 精致细节超加分 顶级品质;0;;lrg3k8cd5bgw3jv;;Для женщин;"[""https://xcimg.szwego.com/imgHD/9404f147/20260224/cmp_i1771917013347_87_0_0.jpg"", ""https://xcimg.szwego.com/imgHD/9404f147/20260224/cmp_i1771917030668_4721_0_1.jpg"", ""https://xcimg.szwego.com/imgHD/9404f147/20260224/cmp_i1771917024554_6438_0_2.jpg"", ""https://xcimg.szwego.com/imgHD/9404f147/20260224/cmp_i1771917024611_6477_0_3.jpg"", ""https://xcimg.szwego.com/imgHD/9404f147/20260224/cmp_i1771917013343_7592_0_4.jpg"", ""https://xcimg.szwego.com/imgHD/9404f147/20260224/cmp_i1771917024623_5407_0_5.jpg"", ""https://xcimg.szwego.com/imgHD/9404f147/20260224/cmp_i1771917012917_1511_0_6.jpg"", ""https://xcimg.szwego.com/imgHD/9404f147/20260224/cmp_i1771917030676_16_0_7.jpg"", ""https://xcimg.szwego.com/imgHD/9404f147/20260224/cmp_i1771917024616_9250_0_8.jpg""]"
_dqarSsg1jAO91SoqoScRMXUqhjdNko4DUIiMmSg;;VALEN 26S 铃兰花珍珠刺绣羊毛针织上衣 针织黑白双色之选 柔软贴身领口处立体珍珠蝴蝶结 装饰在叶片刺绣之上，精致又有辨识度 可爱灵动饱满 打造优雅气质;0;;lrg3k8cd5bgw3jv;;Для женщин;"[""https://xcimg.szwego.com/imgHD/9404f147/20260210/cmp_i1770723712744_9841_0_0.jpg"", ""https://xcimg.szwego.com/imgHD/9404f147/20260210/cmp_i1770723712744_2099_0_1.jpg"", ""https://xcimg.szwego.com/imgHD/9404f147/20260210/cmp_i1770723712719_652_0_2.jpg"", ""https://xcimg.szwego.com/imgHD/9404f147/20260210/cmp_i1770723712744_6295_0_3.jpg"", ""https://xcimg.szwego.com/imgHD/9404f147/20260210/cmp_i1770723708713_1497_0_4.jpg"", ""https://xcimg.szwego.com/imgHD/9404f147/20260210/cmp_i1770723718218_3523_0_5.jpg"", ""https://xcimg.szwego.com/imgHD/9404f147/20260210/cmp_i1770723708713_3210_0_6.jpg"", ""https://xcimg.szwego.com/imgHD/9404f147/20260210/cmp_i1770723708729_83_0_7.jpg"", ""https://xcimg.szwego.com/imgHD/9404f147/20260210/cmp_i1770723708713_4774_0_8.jpg""]"
_drOrSQ_zFz-eTm_2cIxpN4alr-CtgC0HKFySy3A;;VALEN 26S 铃兰花珍珠刺绣羊毛针织上衣 针织黑白双色之选 柔软贴身领口处立体珍珠蝴蝶结 装饰在叶片刺绣之上，精致又有辨识度 可爱灵动饱满 打造优雅气质;0;;lrg3k8cd5bgw3jv;;Для женщин;"[""https://xcimg.szwego.com/imgHD/9404f147/20260210/cmp_i1770723446523_4672_0_0.jpg"", ""https://xcimg.szwego.com/imgHD/9404f147/20260210/cmp_i1770723441599_3639_0_1.jpg"", ""https://xcimg.szwego.com/imgHD/9404f147/20260210/cmp_i1770723446523_7968_0_2.jpg"", ""https://xcimg.szwego.com/imgHD/9404f147/20260210/cmp_i1770723446523_5382_0_3.jpg"", ""https://xcimg.szwego.com/imgHD/9404f147/20260210/cmp_i1770723441599_3113_0_4.jpg"", ""https://xcimg.szwego.com/imgHD/9404f147/20260210/cmp_i1770723453368_9961_0_5.jpg"", ""https://xcimg.szwego.com/imgHD/9404f147/20260210/cmp_i1770723441599_1453_0_6.jpg"", ""https://xcimg.szwego.com/imgHD/9404f147/20260210/cmp_i1770723446523_14_0_7.jpg"", ""https://xcimg.szwego.com/imgHD/9404f147/20260210/cmp_i1770723441599_3661_0_8.jpg""]"
_dr3rSjuZPmOcTWvA27euYlhhausInmRnMLotKig;;VALEN 26S 铃兰花珍珠刺绣羊毛针织开衫 黑色针织开衫柔软贴身 领口和门襟的立体珍珠装饰在叶片刺绣之上，精致又有辨识度 可爱灵动饱满 打造优雅气质;0;;lrg3k8cd5bgw3jv;;Для женщин;"[""https://xcimg.szwego.com/imgHD/9404f147/20260210/cmp_i1770723084830_9328_0_0.jpg"", ""https://xcimg.szwego.com/imgHD/9404f147/20260210/cmp_i1770723080333_4300_0_1.jpg"", ""https://xcimg.szwego.com/imgHD/9404f147/20260210/cmp_i1770723075507_543_0_2.jpg"", ""https://xcimg.szwego.com/imgHD/9404f147/20260210/cmp_i1770723085249_9040_0_3.jpg"", ""https://xcimg.szwego.com/imgHD/9404f147/20260210/cmp_i1770723075915_6836_0_4.jpg"", ""https://xcimg.szwego.com/imgHD/9404f147/20260210/cmp_i1770723079724_3958_0_5.jpg"", ""https://xcimg.szwego.com/imgHD/9404f147/20260210/cmp_i1770723079701_5737_0_6.jpg"", ""https://xcimg.szwego.com/imgHD/9404f147/20260210/cmp_i1770723075946_9470_0_7.jpg"", ""https://xcimg.szwego.com/imgHD/9404f147/20260210/cmp_i1770723080426_8452_0_8.jpg""]"
_djkrSwMkLQoMdynRnfqf4QEh6aNfxKAJ9M-lRyg;;VALEN 26S 蕾丝花边珍珠扣裸粉针织开衫 蕾丝花边针织开衫 柔软针织面料+精致蕾丝下摆 营造温柔优雅气质、圆领点缀珍珠扣 短款蕾丝下摆造型显身材 顶级品质;0;;lrg3k8cd5bgw3jv;;Для женщин;"[""https://xcimg.szwego.com/imgHD/9404f147/20260210/cmp_i1770722163332_4776_0_0.jpg"", ""https://xcimg.szwego.com/imgHD/9404f147/20260210/cmp_i1770722162832_7499_0_1.jpg"", ""https://xcimg.szwego.com/imgHD/9404f147/20260210/cmp_i1770722156056_5655_0_2.jpg"", ""https://xcimg.szwego.com/imgHD/9404f147/20260210/cmp_i1770722162830_3414_0_3.jpg"", ""https://xcimg.szwego.com/imgHD/9404f147/20260210/cmp_i1770722162831_6524_0_4.jpg"", ""https://xcimg.szwego.com/imgHD/9404f147/20260210/cmp_i1770722156052_9161_0_5.jpg"", ""https://xcimg.szwego.com/imgHD/9404f147/20260210/cmp_i1770722156056_3350_0_6.jpg"", ""https://xcimg.szwego.com/imgHD/9404f147/20260210/cmp_i1770722162799_6673_0_7.jpg"", ""https://xcimg.szwego.com/imgHD/9404f147/20260210/cmp_i1770722156058_5660_0_8.jpg""]"
_dtbrSwNrrWX4CPX2Nn4Rgt8VPrcrSSq-sEh66uQ;;VALEN 26S 马卡龙双色羽毛下摆半身裙 奶油紫色系立体丝毛面料贴合身形、简约设计直筒剪裁 环绕裙摆鸵鸟毛细节饱满灵动又温柔！低饱和淡黄色 香芋紫温柔又清晰 甜美动人;0;;lrg3k8cd5bgw3jv;;Для женщин;"[""https://xcimg.szwego.com/imgHD/9404f147/20260210/cmp_i1770721329228_1579_0_2.jpg"", ""https://xcimg.szwego.com/imgHD/9404f147/20260210/cmp_i1770721680359_9722_0_1.jpg"", ""https://xcimg.szwego.com/imgHD/9404f147/20260210/cmp_i1770721676278_3452_0_2.jpg"", ""https://xcimg.szwego.com/imgHD/9404f147/20260210/cmp_i1770721676282_6792_0_3.jpg"", ""https://xcimg.szwego.com/imgHD/9404f147/20260210/cmp_i1770721676280_4459_0_4.jpg"", ""https://xcimg.szwego.com/imgHD/9404f147/20260210/cmp_i1770721680355_4588_0_5.jpg"", ""https://xcimg.szwego.com/imgHD/9404f147/20260210/cmp_i1770721676276_6274_0_6.jpg"", ""https://xcimg.szwego.com/imgHD/9404f147/20260210/cmp_i1770721680360_1898_0_7.jpg"", ""https://xcimg.szwego.com/imgHD/9404f147/20260210/cmp_i1770721680356_8989_0_8.jpg""]"
_dntrS296L1PcqFpIO-s10PN_QG28qAihFW_qXjQ;;VALEN 26S 马卡龙双色羽毛下摆半身裙 奶油黄色系立体丝毛面料贴合身形、简约设计直筒剪裁 环绕裙摆鸵鸟毛细节饱满灵动又温柔！低饱和淡黄色 香芋紫温柔又清晰 甜美动人;0;;lrg3k8cd5bgw3jv;;Для женщин;"[""https://xcimg.szwego.com/imgHD/9404f147/20260210/cmp_i1770721333872_1032_0_0.jpg"", ""https://xcimg.szwego.com/imgHD/9404f147/20260210/cmp_i1770721321893_2045_0_1.jpg"", ""https://xcimg.szwego.com/imgHD/9404f147/20260210/cmp_i1770721329228_1579_0_2.jpg"", ""https://xcimg.szwego.com/imgHD/9404f147/20260210/cmp_i1770721333877_3010_0_3.jpg"", ""https://xcimg.szwego.com/imgHD/9404f147/20260210/cmp_i1770721329224_5602_0_4.jpg"", ""https://xcimg.szwego.com/imgHD/9404f147/20260210/cmp_i1770721329223_3934_0_5.jpg"", ""https://xcimg.szwego.com/imgHD/9404f147/20260210/cmp_i1770721321893_223_0_6.jpg"", ""https://xcimg.szwego.com/imgHD/9404f147/20260210/cmp_i1770721329224_1244_0_7.jpg"", ""https://xcimg.szwego.com/imgHD/9404f147/20260210/cmp_i1770721333873_3552_0_8.jpg""]"
_dk5rSrruMZbN8-bU8FFdb3mIg3QI0JKxJzPkMRQ;;VALEN 26S 丝绒蝴蝶结碎花真丝连衣裙 采用高品质真丝轻盈柔滑 黑白碎花+棕色蝴蝶结 点缀优雅复古气质，修身剪裁 花边双层裙摆短袖设计 无论正式场合还是日常都ok;0;;lrg3k8cd5bgw3jv;;Для женщин;"[""https://xcimg.szwego.com/imgHD/9404f147/20260209/cmp_i1770622005596_1783_0_0.jpg"", ""https://xcimg.szwego.com/imgHD/9404f147/20260209/cmp_i1770622005602_1296_0_1.jpg"", ""https://xcimg.szwego.com/imgHD/9404f147/20260209/cmp_i1770621993332_8060_0_2.jpg"", ""https://xcimg.szwego.com/imgHD/9404f147/20260209/cmp_i1770621993253_5072_0_3.jpg"", ""https://xcimg.szwego.com/imgHD/9404f147/20260209/cmp_i1770622005613_5623_0_4.jpg"", ""https://xcimg.szwego.com/imgHD/9404f147/20260209/cmp_i1770621993324_7264_0_5.jpg"", ""https://xcimg.szwego.com/imgHD/9404f147/20260209/cmp_i1770622002579_5281_0_6.jpg"", ""https://xcimg.szwego.com/imgHD/9404f147/20260209/cmp_i1770621993387_9177_0_7.jpg"", ""https://xcimg.szwego.com/imgHD/9404f147/20260209/cmp_i1770621993304_5501_0_8.jpg""]"
_dn4rSL5y8GQ9_BsUXgQ7XXBJN616OulwS-l5n4w;;VALEN 26S 绿色粗花呢千鸟格蝴蝶结连衣裙 复古千鸟格纹+绿色主色 营造春日氛围 短袖A字版型剪裁利落优雅又时髦，胸前镂空+蝴蝶结设计 层次感和女性气质都在线;0;;lrg3k8cd5bgw3jv;;Для женщин;"[""https://xcimg.szwego.com/imgHD/9404f147/20260209/cmp_i1770621684884_6127_0_0.jpg"", ""https://xcimg.szwego.com/imgHD/9404f147/20260209/cmp_i1770621665617_6493_0_1.jpg"", ""https://xcimg.szwego.com/imgHD/9404f147/20260209/cmp_i1770621643022_8682_0_2.jpg"", ""https://xcimg.szwego.com/imgHD/9404f147/20260209/cmp_i1770621673484_8083_0_3.jpg"", ""https://xcimg.szwego.com/imgHD/9404f147/20260209/cmp_i1770621673484_629_0_4.jpg"", ""https://xcimg.szwego.com/imgHD/9404f147/20260209/cmp_i1770621643022_8777_0_5.jpg"", ""https://xcimg.szwego.com/imgHD/9404f147/20260209/cmp_i1770621643006_7071_0_6.jpg"", ""https://xcimg.szwego.com/imgHD/9404f147/20260209/cmp_i1770621665646_3837_0_7.jpg"", ""https://xcimg.szwego.com/imgHD/9404f147/20260209/cmp_i1770621684904_8299_0_8.jpg""]"
_dnkrSkRS4lin3xW_CXogwrrpxsPacXuAyvTmj9w;;VALEN 26S 黑金粗花呢水钻刺绣七分袖夹克 经典小夹克设计修身剪裁超显气质，圆领水晶环形水钻刺绣细节 精致又高级、七分袖造型 简约大方通勤晚宴都能ok;0;;lrg3k8cd5bgw3jv;;Для женщин;"[""https://xcimg.szwego.com/imgHD/9404f147/20260209/cmp_i1770614787107_9421_0_0.jpg"", ""https://xcimg.szwego.com/imgHD/9404f147/20260209/cmp_i1770614780628_5329_0_1.jpg"", ""https://xcimg.szwego.com/imgHD/9404f147/20260209/cmp_i1770614780625_1221_0_2.jpg"", ""https://xcimg.szwego.com/imgHD/9404f147/20260209/cmp_i1770614780526_7054_0_3.jpg"", ""https://xcimg.szwego.com/imgHD/9404f147/20260209/cmp_i1770614791816_2165_0_4.jpg"", ""https://xcimg.szwego.com/imgHD/9404f147/20260209/cmp_i1770614780603_2411_0_5.jpg"", ""https://xcimg.szwego.com/imgHD/9404f147/20260209/cmp_i1770614787147_7387_0_6.jpg"", ""https://xcimg.szwego.com/imgHD/9404f147/20260209/cmp_i1770614780631_6475_0_7.jpg"", ""https://xcimg.szwego.com/imgHD/9404f147/20260209/cmp_i1770614791929_1424_0_8.jpg""]"
_dn3rSOJHuW8AwiNubJOSnYt6vPivvTNK2uODn_w;;VALEN 26S 黑白印花真丝领结衬衫 复古优雅风花卉设计精致 面料轻盈垂坠穿着舒适又显高级的小高领+宽松袖口，修饰身形还很时髦 通勤聚会都能轻松驾驭;0;;lrg3k8cd5bgw3jv;;Для женщин;"[""https://xcimg.szwego.com/imgHD/9404f147/20260209/cmp_i1770614383180_7128_0_0.jpg"", ""https://xcimg.szwego.com/imgHD/9404f147/20260209/cmp_i1770614383046_242_0_1.jpg"", ""https://xcimg.szwego.com/imgHD/9404f147/20260209/cmp_i1770614379326_2362_0_2.jpg"", ""https://xcimg.szwego.com/imgHD/9404f147/20260209/cmp_i1770614379222_7021_0_3.jpg"", ""https://xcimg.szwego.com/imgHD/9404f147/20260209/cmp_i1770614378432_5215_0_4.jpg"", ""https://xcimg.szwego.com/imgHD/9404f147/20260209/cmp_i1770614379162_8891_0_5.jpg"", ""https://xcimg.szwego.com/imgHD/9404f147/20260209/cmp_i1770614383102_4860_0_6.jpg"", ""https://xcimg.szwego.com/imgHD/9404f147/20260209/cmp_i1770614379302_17_0_7.jpg"", ""https://xcimg.szwego.com/imgHD/9404f147/20260209/cmp_i1770614383150_6654_0_8.jpg""]"
_dcPrS4qU4HrtsEVgqzH5V4GBh0zo8UgovdNDObg;;"VALEN 26S 美洲花豹红蓝拼色做旧T恤 T恤采用浅蓝渐变色 搭配红色袖子和黑色领口 撞色设计超吸睛，正面黄色金钱豹印花+""PANTHER""字样 野性又时尚";0;;lrg3k8cd5bgw3jv;;Для женщин;"[""https://xcimg.szwego.com/imgHD/9404f147/20260209/cmp_i1770609129156_3388_0_0.jpg"", ""https://xcimg.szwego.com/imgHD/9404f147/20260209/cmp_i1770609130048_9287_0_1.jpg"", ""https://xcimg.szwego.com/imgHD/9404f147/20260209/cmp_i1770609137108_7308_0_2.jpg"", ""https://xcimg.szwego.com/imgHD/9404f147/20260209/cmp_i1770609137109_1663_0_3.jpg"", ""https://xcimg.szwego.com/imgHD/9404f147/20260209/cmp_i1770609129156_3261_0_4.jpg"", ""https://xcimg.szwego.com/imgHD/9404f147/20260209/cmp_i1770609137110_4099_0_5.jpg"", ""https://xcimg.szwego.com/imgHD/9404f147/20260209/cmp_i1770609129154_5015_0_7.jpg"", ""https://xcimg.szwego.com/imgHD/9404f147/20260209/cmp_i1770609129154_2456_0_8.jpg"", ""https://xcimg.szwego.com/imgHD/9404f147/20260209/cmp_i1770609137111_2312_0_6.jpg""]"
_d8qrSqAugDLMIiTSXs_iOXBP1Hk_I5rbngNi4aQ;;VALEN 26S 立体花卉字母刺绣棉麻T恤 印花T恤柔软棉质面料 穿着超舒适 正面CONTINENTAL字母+花卉图案，复古又时髦宽松版型 日常休闲 街头风都能轻松驾驭;0;;lrg3k8cd5bgw3jv;;Для женщин;"[""https://xcimg.szwego.com/imgHD/9404f147/20260209/cmp_i1770608636346_8594_0_0.jpg"", ""https://xcimg.szwego.com/imgHD/9404f147/20260209/cmp_i1770608642300_5023_0_1.jpg"", ""https://xcimg.szwego.com/imgHD/9404f147/20260209/cmp_i1770608636343_3438_0_2.jpg"", ""https://xcimg.szwego.com/imgHD/9404f147/20260209/cmp_i1770608642294_2478_0_3.jpg"", ""https://xcimg.szwego.com/imgHD/9404f147/20260209/cmp_i1770608636347_2686_0_4.jpg"", ""https://xcimg.szwego.com/imgHD/9404f147/20260209/cmp_i1770608642294_3247_0_5.jpg"", ""https://xcimg.szwego.com/imgHD/9404f147/20260209/cmp_i1770608642292_1739_0_6.jpg"", ""https://xcimg.szwego.com/imgHD/9404f147/20260209/cmp_i1770608636344_2915_0_7.jpg"", ""https://xcimg.szwego.com/imgHD/9404f147/20260209/cmp_i1770608636345_6052_0_8.jpg""]"
_dparSpI2jfJk5lwKCKmDCgj-J3R3OhJOZBtL3Rw;;VALEN 26S灰色做旧立体刺绣T恤 早春系列字母印花短袖T恤 炭黑色面料亲肤透气 日常穿着超舒适，胸前豹纹肌理字母+爱心细节 复古又俏皮 品牌辨识度满分;0;;lrg3k8cd5bgw3jv;;Для женщин;"[""https://xcimg.szwego.com/imgHD/9404f147/20260209/cmp_i1770607871052_9294_0_2.jpg"", ""https://xcimg.szwego.com/imgHD/9404f147/20260209/cmp_i1770607879583_5823_0_0.jpg"", ""https://xcimg.szwego.com/imgHD/9404f147/20260209/cmp_i1770607878779_8899_0_1.jpg"", ""https://xcimg.szwego.com/imgHD/9404f147/20260209/cmp_i1770607871052_8562_0_3.jpg"", ""https://xcimg.szwego.com/imgHD/9404f147/20260209/cmp_i1770607878778_2486_0_4.jpg"", ""https://xcimg.szwego.com/imgHD/9404f147/20260209/cmp_i1770607893948_5416_0_5.jpg"", ""https://xcimg.szwego.com/imgHD/9404f147/20260209/cmp_i1770607871052_5153_0_6.jpg"", ""https://xcimg.szwego.com/imgHD/9404f147/20260209/cmp_i1770607878780_701_0_7.jpg"", ""https://xcimg.szwego.com/imgHD/9404f147/20260209/cmp_i1770607878778_286_0_8.jpg""]"
_d-ArSR16__gm-1tPgdMDfNcnLgjLFRyy_pSihvQ;;MIU 26S镂空菠萝纹针织竖排扣开衫 羊绒的精致柔软通过精美的蕾丝效果镂空针织表现出来，定义了这款多功能开衫的魅力 既适合优雅造型、也适合休闲风格 背面标志标签更添特色;0;;lrg3k8cd5bgw3jv;;Для женщин;"[""https://xcimg.szwego.com/imgHD/9404f147/20260208/cmp_i1770529894858_3473_0_0.jpg"", ""https://xcimg.szwego.com/imgHD/9404f147/20260208/cmp_i1770529929264_3181_0_1.jpg"", ""https://xcimg.szwego.com/imgHD/9404f147/20260208/cmp_i1770530128658_2341_0_2.jpg"", ""https://xcimg.szwego.com/imgHD/9404f147/20260208/cmp_i1770530133493_4412_0_3.jpg"", ""https://xcimg.szwego.com/imgHD/9404f147/20260208/cmp_i1770530128657_6665_0_4.jpg"", ""https://xcimg.szwego.com/imgHD/9404f147/20260208/cmp_i1770530133491_5624_0_5.jpg"", ""https://xcimg.szwego.com/imgHD/9404f147/20260208/cmp_i1770530128658_3688_0_6.jpg"", ""https://xcimg.szwego.com/imgHD/9404f147/20260208/cmp_i1770530133536_1888_0_7.jpg"", ""https://xcimg.szwego.com/imgHD/9404f147/20260208/cmp_i1770530128641_721_0_8.jpg""]"
_dn1rSn8ghFITv0adgyy4LjRDMypbNb_VPnuJR1w;;MIU 26S菠萝纹钩花翻领针织Polo上衣 系列红色镂空针织衫 羊绒材质超柔软 V字镂空提花设计精致感满满，短袖+罗纹领口 叠穿白衬衫学院风轻松get;0;;lrg3k8cd5bgw3jv;;Для женщин;"[""https://xcimg.szwego.com/imgHD/9404f147/20260208/cmp_i1770529894858_3473_0_0.jpg"", ""https://xcimg.szwego.com/imgHD/9404f147/20260208/cmp_i1770529894865_4137_0_1.jpg"", ""https://xcimg.szwego.com/imgHD/9404f147/20260208/cmp_i1770529894868_5061_0_2.jpg"", ""https://xcimg.szwego.com/imgHD/9404f147/20260208/cmp_i1770529892130_4693_0_3.jpg"", ""https://xcimg.szwego.com/imgHD/9404f147/20260208/cmp_i1770529894866_9009_0_4.jpg"", ""https://xcimg.szwego.com/imgHD/9404f147/20260208/cmp_i1770529892112_2780_0_5.jpg"", ""https://xcimg.szwego.com/imgHD/9404f147/20260208/cmp_i1770529892130_7794_0_6.jpg"", ""https://xcimg.szwego.com/imgHD/9404f147/20260208/cmp_i1770529892130_7114_0_7.jpg"", ""https://xcimg.szwego.com/imgHD/9404f147/20260208/cmp_i1770529892130_5373_0_8.jpg""]"
_dlSrSVq3wRd03IDsKAjdkQYz87vKKXPK3R0orpA;;DG 26S泡泡袖碎花缎面真丝包臀连衣裙 早春黑底碎花连衣裙 亲肤又高级 黑色底布配灰调复古玫瑰 优雅复古，气质满分 灯笼薄纱袖设计 柔雾感十足 女性气质 UP;0;;lrg3k8cd5bgw3jv;;Для женщин;"[""https://xcimg.szwego.com/imgHD/9404f147/20260208/cmp_i1770529238581_9020_0_0.jpg"", ""https://xcimg.szwego.com/imgHD/9404f147/20260208/cmp_i1770529238660_243_0_1.jpg"", ""https://xcimg.szwego.com/imgHD/9404f147/20260208/cmp_i1770529227950_297_0_2.jpg"", ""https://xcimg.szwego.com/imgHD/9404f147/20260208/cmp_i1770529232675_8769_0_3.jpg"", ""https://xcimg.szwego.com/imgHD/9404f147/20260208/cmp_i1770529227069_6075_0_4.jpg"", ""https://xcimg.szwego.com/imgHD/9404f147/20260208/cmp_i1770529227878_6456_0_5.jpg"", ""https://xcimg.szwego.com/imgHD/9404f147/20260208/cmp_i1770529232956_8639_0_6.jpg"", ""https://xcimg.szwego.com/imgHD/9404f147/20260208/cmp_i1770529233293_3304_0_7.jpg"", ""https://xcimg.szwego.com/imgHD/9404f147/20260208/cmp_i1770529238615_3143_0_8.jpg""]"
_dqdrSlOHc6mnP5cGITgwJqZqVKxr8wUCJFYXP-g;;MIU baby 26S翻领镂空羊绒花边领上衣 米白色长袖针织开衫 采用羊绒纱线 柔软亲肤穿着超舒适，镂空织法+定制纽扣 细节满分 Polo领设计 优雅又实用;0;;lrg3k8cd5bgw3jv;;Для женщин;"[""https://xcimg.szwego.com/imgHD/9404f147/20260208/cmp_i1770526965615_37_0_2.jpg"", ""https://xcimg.szwego.com/imgHD/9404f147/20260208/cmp_i1770526920750_7075_0_0.jpg"", ""https://xcimg.szwego.com/imgHD/9404f147/20260208/cmp_i1770529003903_5783_0_2.jpg"", ""https://xcimg.szwego.com/imgHD/9404f147/20260208/cmp_i1770529000134_3369_0_3.jpg"", ""https://xcimg.szwego.com/imgHD/9404f147/20260208/cmp_i1770529007571_142_0_4.jpg"", ""https://xcimg.szwego.com/imgHD/9404f147/20260208/cmp_i1770529000134_8079_0_5.jpg"", ""https://xcimg.szwego.com/imgHD/9404f147/20260208/cmp_i1770529000134_3470_0_6.jpg"", ""https://xcimg.szwego.com/imgHD/9404f147/20260208/cmp_i1770529003918_7634_0_7.jpg"", ""https://xcimg.szwego.com/imgHD/9404f147/20260208/cmp_i1770529007577_5277_0_8.jpg""]"
_dgCrSYTcMVbULKVAuM4YYAS0YL_lzPIabQ2sUKQ;;DG 26S泡泡袖碎花真丝大摆连衣裙 黑底碎花连衣裙 真丝材质 轻盈飘逸 复古法式优雅风格 V领+收腰设计，勾勒身形曲线 裙摆及小腿 适合多种身高 气质满分;0;;lrg3k8cd5bgw3jv;;Для женщин;"[""https://xcimg.szwego.com/imgHD/9404f147/20260208/cmp_i1770528606709_4799_0_0.jpg"", ""https://xcimg.szwego.com/imgHD/9404f147/20260208/cmp_i1770528616232_5142_0_1.jpg"", ""https://xcimg.szwego.com/imgHD/9404f147/20260208/cmp_i1770528606766_6783_0_2.jpg"", ""https://xcimg.szwego.com/imgHD/9404f147/20260208/cmp_i1770528614856_8083_0_3.jpg"", ""https://xcimg.szwego.com/imgHD/9404f147/20260208/cmp_i1770528615519_6201_0_4.jpg"", ""https://xcimg.szwego.com/imgHD/9404f147/20260208/cmp_i1770528606661_842_0_5.jpg"", ""https://xcimg.szwego.com/imgHD/9404f147/20260208/cmp_i1770528615675_7712_0_6.jpg"", ""https://xcimg.szwego.com/imgHD/9404f147/20260208/cmp_i1770528606768_8827_0_7.jpg"", ""https://xcimg.szwego.com/imgHD/9404f147/20260208/cmp_i1770528616370_9956_0_8.jpg""]"
_dDUrSJO2yfA0ORCj0c2tE4AKxJp7YbIrSNv5_aA;;DG 26S 黑底碎花包臀缎面真丝连衣裙 西西里街韵系列 黑色底布配细碎花卉 低调优雅又浪漫、无袖包臀设计勾勒肩颈线条，修身剪裁凸显身材曲线 适合约会 通勤或轻晚宴;0;;lrg3k8cd5bgw3jv;;Для женщин;"[""https://xcimg.szwego.com/imgHD/9404f147/20260208/cmp_i1770526573944_1227_0_0.jpg"", ""https://xcimg.szwego.com/imgHD/9404f147/20260208/cmp_i1770526562910_2357_0_1.jpg"", ""https://xcimg.szwego.com/imgHD/9404f147/20260208/cmp_i1770526562719_3495_0_2.jpg"", ""https://xcimg.szwego.com/imgHD/9404f147/20260208/cmp_i1770526573804_7080_0_3.jpg"", ""https://xcimg.szwego.com/imgHD/9404f147/20260208/cmp_i1770526557293_3085_0_4.jpg"", ""https://xcimg.szwego.com/imgHD/9404f147/20260208/cmp_i1770526563013_9064_0_5.jpg"", ""https://xcimg.szwego.com/imgHD/9404f147/20260208/cmp_i1770526573842_1919_0_6.jpg"", ""https://xcimg.szwego.com/imgHD/9404f147/20260208/cmp_i1770526563180_8934_0_7.jpg"", ""https://xcimg.szwego.com/imgHD/9404f147/20260208/cmp_i1770526562539_155_0_8.jpg""]"
_dubrSolXZ8Hu93Md0-eA4YKgOaYYk18ENwp1atA;;LOUIS 26S 老花波点真丝腰带系扣衬衫连衣裙 桑蚕丝绉绸裁出温婉中长版型，搭配缩褶短袖和清爽平驳肩垫领，花边竖排扣 再以纤细腰带勾勒曲线 华美灵动;0;;lrg3k8cd5bgw3jv;;Для женщин;"[""https://xcimg.szwego.com/imgHD/9404f147/20260207/cmp_i1770448279745_9248_0_0.jpg"", ""https://xcimg.szwego.com/imgHD/9404f147/20260207/cmp_i1770448279677_9717_0_1.jpg"", ""https://xcimg.szwego.com/imgHD/9404f147/20260207/cmp_i1770448289204_9536_0_2.jpg"", ""https://xcimg.szwego.com/imgHD/9404f147/20260207/cmp_i1770448279774_6349_0_3.jpg"", ""https://xcimg.szwego.com/imgHD/9404f147/20260207/cmp_i1770448274252_4572_0_4.jpg"", ""https://xcimg.szwego.com/imgHD/9404f147/20260207/cmp_i1770448279645_3136_0_5.jpg"", ""https://xcimg.szwego.com/imgHD/9404f147/20260207/cmp_i1770448288716_7308_0_6.jpg"", ""https://xcimg.szwego.com/imgHD/9404f147/20260207/cmp_i1770448279826_9524_0_7.jpg"", ""https://xcimg.szwego.com/imgHD/9404f147/20260207/cmp_i1770448289214_1037_0_8.jpg""]"
_dggrSv3ek5nZPzPJrU_dqRDs51_qSe2zf7dbf1w;;LOUIS 26S 竖排金扣黑红双色针织开衫 开衫拥有绵羊毛混纺针织的柔暖质感，以厚实罗纹点亮圆领 袖口和下摆、纯钢五金花卉纽扣流露活力气息 为日常造型注入摩登格调;0;;lrg3k8cd5bgw3jv;;Для женщин;"[""https://xcimg.szwego.com/imgHD/9404f147/20260207/cmp_i1770448108139_5592_0_0.jpg"", ""https://xcimg.szwego.com/imgHD/9404f147/20260207/cmp_i1770448102153_3959_0_1.jpg"", ""https://xcimg.szwego.com/imgHD/9404f147/20260207/cmp_i1770448108032_2536_0_2.jpg"", ""https://xcimg.szwego.com/imgHD/9404f147/20260207/cmp_i1770448102125_8816_0_3.jpg"", ""https://xcimg.szwego.com/imgHD/9404f147/20260207/cmp_i1770448102128_1616_0_4.jpg"", ""https://xcimg.szwego.com/imgHD/9404f147/20260207/cmp_i1770448108157_6026_0_5.jpg"", ""https://xcimg.szwego.com/imgHD/9404f147/20260207/cmp_i1770448108050_4893_0_6.jpg"", ""https://xcimg.szwego.com/imgHD/9404f147/20260207/cmp_i1770448102041_987_0_7.jpg"", ""https://xcimg.szwego.com/imgHD/9404f147/20260207/cmp_i1770448102137_4802_0_8.jpg""]"
_dihrSzgB6BGgGljj7Kzwf1IJPgl-tAX6vyPz24Q;;LOUIS 26S 竖排金扣黑红双色针织开衫 开衫拥有绵羊毛混纺针织的柔暖质感，以厚实罗纹点亮圆领 袖口和下摆、纯钢五金花卉纽扣流露活力气息 为日常造型注入摩登格调;0;;lrg3k8cd5bgw3jv;;Для женщин;"[""https://xcimg.szwego.com/imgHD/9404f147/20260207/cmp_i1770447805816_2600_0_0.jpg"", ""https://xcimg.szwego.com/imgHD/9404f147/20260207/cmp_i1770447797063_8325_0_1.jpg"", ""https://xcimg.szwego.com/imgHD/9404f147/20260207/cmp_i1770447805725_2200_0_2.jpg"", ""https://xcimg.szwego.com/imgHD/9404f147/20260207/cmp_i1770447805704_2044_0_3.jpg"", ""https://xcimg.szwego.com/imgHD/9404f147/20260207/cmp_i1770447796272_1140_0_4.jpg"", ""https://xcimg.szwego.com/imgHD/9404f147/20260207/cmp_i1770447805727_5774_0_5.jpg"", ""https://xcimg.szwego.com/imgHD/9404f147/20260207/cmp_i1770447797058_4070_0_6.jpg"", ""https://xcimg.szwego.com/imgHD/9404f147/20260207/cmp_i1770447797070_8384_0_7.jpg"", ""https://xcimg.szwego.com/imgHD/9404f147/20260207/cmp_i1770447797006_6968_0_8.jpg""]"
_dznrSVCpgw8kit6gfVkNx6RrozW_uU7ABt_VQjw;;LOUIS 26S 双色老花弹力针织短袖上衣 轻盈弹性绵羊毛混纺浸染当季优雅色调 藏蓝/卡其色 并以贴身T恤构型解锁多种造型可能，经典Monogram图案全幅铺陈 时髦修身;0;;lrg3k8cd5bgw3jv;;Для женщин;"[""https://xcimg.szwego.com/imgHD/9404f147/20260207/cmp_i1770443713296_7315_0_0.jpg"", ""https://xcimg.szwego.com/imgHD/9404f147/20260207/cmp_i1770443713307_3629_0_2.jpg"", ""https://xcimg.szwego.com/imgHD/9404f147/20260207/cmp_i1770443700298_3787_0_3.jpg"", ""https://xcimg.szwego.com/imgHD/9404f147/20260207/cmp_i1770443713303_4261_0_4.jpg"", ""https://xcimg.szwego.com/imgHD/9404f147/20260207/cmp_i1770443700298_88_0_5.jpg"", ""https://xcimg.szwego.com/imgHD/9404f147/20260207/cmp_i1770443700295_8795_0_6.jpg"", ""https://xcimg.szwego.com/imgHD/9404f147/20260207/cmp_i1770443694991_2034_0_7.jpg"", ""https://xcimg.szwego.com/imgHD/9404f147/20260207/cmp_i1770443700285_5178_0_8.jpg"", ""https://xcimg.szwego.com/imgHD/9404f147/20260207/cmp_i1770443700288_8889_0_9.jpg""]"
_ddqrS81XFpxArC4FoVRl34zpf62bnyNJRWWsbMg;;LOUIS 26S 双色老花弹力针织短袖上衣 轻盈弹性绵羊毛混纺浸染当季优雅色调 藏蓝/卡其色 并以贴身T恤构型解锁多种造型可能，经典Monogram图案全幅铺陈 时髦修身;0;;lrg3k8cd5bgw3jv;;Для женщин;"[""https://xcimg.szwego.com/imgHD/9404f147/20260207/cmp_i1770443519758_3911_0_0.jpg"", ""https://xcimg.szwego.com/imgHD/9404f147/20260207/cmp_i1770443506866_4004_0_1.jpg"", ""https://xcimg.szwego.com/imgHD/9404f147/20260207/cmp_i1770443520186_1539_0_2.jpg"", ""https://xcimg.szwego.com/imgHD/9404f147/20260207/cmp_i1770443506762_41_0_3.jpg"", ""https://xcimg.szwego.com/imgHD/9404f147/20260207/cmp_i1770443514761_4144_0_4.jpg"", ""https://xcimg.szwego.com/imgHD/9404f147/20260207/cmp_i1770443514452_2683_0_5.jpg"", ""https://xcimg.szwego.com/imgHD/9404f147/20260207/cmp_i1770443506751_2163_0_6.jpg"", ""https://xcimg.szwego.com/imgHD/9404f147/20260207/cmp_i1770443514822_986_0_8.jpg"", ""https://xcimg.szwego.com/imgHD/9404f147/20260207/cmp_i1770443506839_8175_0_9.jpg""]"
_denrSesKKVU2XAoKNSyALPj8xdV1U7-vHlQBfrQ;;"CEL 26S 凯旋门山羊毛马车印花双色毛衣 亮黄色经典马车印花+""CE PARIS""字样，高品质开什米羊毛面料柔软亲肤，马车元素呼应马年主题 寓意""马到成功"" 节日或特别场合穿超有仪式感";0;;lrg3k8cd5bgw3jv;;Для женщин;"[""https://xcimg.szwego.com/imgHD/9404f147/20260207/cmp_i1770443166576_1175_0_0.jpg"", ""https://xcimg.szwego.com/imgHD/9404f147/20260207/cmp_i1770443170433_7944_0_1.jpg"", ""https://xcimg.szwego.com/imgHD/9404f147/20260207/cmp_i1770443166591_8459_0_2.jpg"", ""https://xcimg.szwego.com/imgHD/9404f147/20260207/cmp_i1770443170428_2415_0_3.jpg"", ""https://xcimg.szwego.com/imgHD/9404f147/20260207/cmp_i1770443165758_6098_0_4.jpg"", ""https://xcimg.szwego.com/imgHD/9404f147/20260207/cmp_i1770443165760_400_0_5.jpg"", ""https://xcimg.szwego.com/imgHD/9404f147/20260207/cmp_i1770443165755_8986_0_6.jpg"", ""https://xcimg.szwego.com/imgHD/9404f147/20260207/cmp_i1770443170422_7667_0_7.jpg"", ""https://xcimg.szwego.com/imgHD/9404f147/20260207/cmp_i1770443170421_8982_0_8.jpg""]"
_dgdrSURCvlqAiChwqf_BRguPjcZ2j0yl0sJeh3A;;"CEL 26S 凯旋门山羊毛马车印花双色毛衣 经典马车印花+""CE PARIS""字样，高品质开什米羊毛面料柔软亲肤，马车元素呼应马年主题 寓意""马到成功"" 节日或特别场合穿超有仪式感";0;;lrg3k8cd5bgw3jv;;Для женщин;"[""https://xcimg.szwego.com/imgHD/9404f147/20260207/cmp_i1770442811551_8019_0_0.jpg"", ""https://xcimg.szwego.com/imgHD/9404f147/20260207/cmp_i1770442804332_9971_0_1.jpg"", ""https://xcimg.szwego.com/imgHD/9404f147/20260207/cmp_i1770442805244_1124_0_2.jpg"", ""https://xcimg.szwego.com/imgHD/9404f147/20260207/cmp_i1770442805092_1475_0_3.jpg"", ""https://xcimg.szwego.com/imgHD/9404f147/20260207/cmp_i1770442811196_2107_0_4.jpg"", ""https://xcimg.szwego.com/imgHD/9404f147/20260207/cmp_i1770442810950_2657_0_5.jpg"", ""https://xcimg.szwego.com/imgHD/9404f147/20260207/cmp_i1770442804336_2641_0_6.jpg"", ""https://xcimg.szwego.com/imgHD/9404f147/20260207/cmp_i1770442805180_9568_0_7.jpg"", ""https://xcimg.szwego.com/imgHD/9404f147/20260207/cmp_i1770442810844_6385_0_8.jpg""]"
_dt6rSfZKt-3_BB5dv6Nyo4uNpDa1hGAZLRSe_cA;;"CEL 26S 双向马车字母印花棉质T恤 高支精梳棉材质柔软亲肤，白色圆领宽松版型 不挑身材 双面马车印花+""CE PARIS""字样 辨识度满分，可挽袖做造型";0;;lrg3k8cd5bgw3jv;;Для женщин;"[""https://xcimg.szwego.com/imgHD/9404f147/20260207/cmp_i1770442026532_6351_0_0.jpg"", ""https://xcimg.szwego.com/imgHD/9404f147/20260207/cmp_i1770442023196_2709_0_1.jpg"", ""https://xcimg.szwego.com/imgHD/9404f147/20260207/cmp_i1770442015697_5141_0_2.jpg"", ""https://xcimg.szwego.com/imgHD/9404f147/20260207/cmp_i1770442015163_6744_0_3.jpg"", ""https://xcimg.szwego.com/imgHD/9404f147/20260207/cmp_i1770442015141_2429_0_4.jpg"", ""https://xcimg.szwego.com/imgHD/9404f147/20260207/cmp_i1770442015163_7934_0_5.jpg"", ""https://xcimg.szwego.com/imgHD/9404f147/20260207/cmp_i1770442022657_8914_0_6.jpg"", ""https://xcimg.szwego.com/imgHD/9404f147/20260207/cmp_i1770442015719_4583_0_7.jpg"", ""https://xcimg.szwego.com/imgHD/9404f147/20260207/cmp_i1770442026399_6809_0_8.jpg""]"
_dlBrSuJ24FJh7kO579YF0ocvatztfGLcuXXDesg;;LOE 26S 墨绿色拼皮弹力腰羊毛西裤 高品质羊毛西装面料 垂坠感满分剪裁利落造型、直筒阔腿设计超显腿长 高腰拼接羊皮腰封细节 修饰腰线，舒适又时髦;0;;lrg3k8cd5bgw3jv;;Для женщин;"[""https://xcimg.szwego.com/imgHD/9404f147/20260207/cmp_i1770441710043_5225_0_0.jpg"", ""https://xcimg.szwego.com/imgHD/9404f147/20260207/cmp_i1770441702386_3006_0_1.jpg"", ""https://xcimg.szwego.com/imgHD/9404f147/20260207/cmp_i1770441696100_8723_0_2.jpg"", ""https://xcimg.szwego.com/imgHD/9404f147/20260207/cmp_i1770441702161_9028_0_3.jpg"", ""https://xcimg.szwego.com/imgHD/9404f147/20260207/cmp_i1770441702195_430_0_4.jpg"", ""https://xcimg.szwego.com/imgHD/9404f147/20260207/cmp_i1770441695617_6042_0_5.jpg"", ""https://xcimg.szwego.com/imgHD/9404f147/20260207/cmp_i1770441696127_9004_0_6.jpg"", ""https://xcimg.szwego.com/imgHD/9404f147/20260207/cmp_i1770441702294_4556_0_7.jpg"", ""https://xcimg.szwego.com/imgHD/9404f147/20260207/cmp_i1770441696137_518_0_8.jpg""]"
_d_grSRDwBYt1DLL3A_v6RC27BwGfJGGPYtDbf2w;;DIO 26S 剪边碎花蝴蝶结丝绵廓形半身裙 黄色和绿色Buttercup图案 致敬花卉的一贯钟爱，白色棉府绸面料 优雅的喇叭形剪裁 搭配系带式蝴蝶结腰带，饰以银色金属C和D首字母提升格调;0;;lrg3k8cd5bgw3jv;;Для женщин;"[""https://xcimg.szwego.com/imgHD/9404f147/20260206/cmp_i1770359036934_8357_0_0.jpg"", ""https://xcimg.szwego.com/imgHD/9404f147/20260206/cmp_i1770359041460_8637_0_1.jpg"", ""https://xcimg.szwego.com/imgHD/9404f147/20260206/cmp_i1770359036851_7487_0_2.jpg"", ""https://xcimg.szwego.com/imgHD/9404f147/20260206/cmp_i1770359044494_5738_0_3.jpg"", ""https://xcimg.szwego.com/imgHD/9404f147/20260206/cmp_i1770359036754_8950_0_4.jpg"", ""https://xcimg.szwego.com/imgHD/9404f147/20260206/cmp_i1770359044476_9310_0_5.jpg"", ""https://xcimg.szwego.com/imgHD/9404f147/20260206/cmp_i1770359035958_6873_0_6.jpg"", ""https://xcimg.szwego.com/imgHD/9404f147/20260206/cmp_i1770359041382_9750_0_7.jpg"", ""https://xcimg.szwego.com/imgHD/9404f147/20260206/cmp_i1770359041197_8384_0_8.jpg""]"
_dk3rSuTXBZLtQSYwqvXIl8ltPCPhyNR3uOwegMg;;DIO 26S 浅蓝色蝴蝶领结短袖针织衫 采用天蓝色轻盈桑蚕丝针织面料，修身版型 衣领饰以装饰性蝴蝶结，搭配银色饰面金属C和 D首字母提升格调 清爽迷人;0;;lrg3k8cd5bgw3jv;;Для женщин;"[""https://xcimg.szwego.com/imgHD/9404f147/20260206/cmp_i1770358766088_6466_0_0.jpg"", ""https://xcimg.szwego.com/imgHD/9404f147/20260206/cmp_i1770358775950_9874_0_1.jpg"", ""https://xcimg.szwego.com/imgHD/9404f147/20260206/cmp_i1770358765361_8020_0_2.jpg"", ""https://xcimg.szwego.com/imgHD/9404f147/20260206/cmp_i1770358765642_8847_0_3.jpg"", ""https://xcimg.szwego.com/imgHD/9404f147/20260206/cmp_i1770358765634_4400_0_4.jpg"", ""https://xcimg.szwego.com/imgHD/9404f147/20260206/cmp_i1770358775448_8316_0_5.jpg"", ""https://xcimg.szwego.com/imgHD/9404f147/20260206/cmp_i1770358760030_1484_0_6.jpg"", ""https://xcimg.szwego.com/imgHD/9404f147/20260206/cmp_i1770358765680_9519_0_7.jpg"", ""https://xcimg.szwego.com/imgHD/9404f147/20260206/cmp_i1770358775909_9452_0_8.jpg""]"
_dh5rSnhk9tSNKXQqHtFy5H5inYVrh3kj984wCYg;;DIO 26S 黑白条纹连帽针织开衫 条纹山羊绒拼真丝针织面料柔软亲肤，宽松版型+连帽拉链营造休闲感、短款剪裁优化身材比例 搭配高腰牛仔休闲裤，韩系慵懒风造型;0;;lrg3k8cd5bgw3jv;;Для женщин;"[""https://xcimg.szwego.com/imgHD/9404f147/20260206/cmp_i1770358534250_2886_0_0.jpg"", ""https://xcimg.szwego.com/imgHD/9404f147/20260206/cmp_i1770358540829_5973_0_1.jpg"", ""https://xcimg.szwego.com/imgHD/9404f147/20260206/cmp_i1770358546061_5734_0_2.jpg"", ""https://xcimg.szwego.com/imgHD/9404f147/20260206/cmp_i1770358533411_9906_0_3.jpg"", ""https://xcimg.szwego.com/imgHD/9404f147/20260206/cmp_i1770358546050_6523_0_4.jpg"", ""https://xcimg.szwego.com/imgHD/9404f147/20260206/cmp_i1770358534107_2224_0_5.jpg"", ""https://xcimg.szwego.com/imgHD/9404f147/20260206/cmp_i1770358545595_3130_0_6.jpg"", ""https://xcimg.szwego.com/imgHD/9404f147/20260206/cmp_i1770358540770_273_0_7.jpg"", ""https://xcimg.szwego.com/imgHD/9404f147/20260206/cmp_i1770358540765_3777_0_8.jpg""]"
_dpprSDfLPrZTo8C4l84q0SRfVNodZDwr0dahjIQ;;DIO 26S 白色字母徽章刺绣廓形白衬衫 高品质纯棉柔软透气，胸前CD品牌刺绣超有辨识度 细节满分，经典正肩设计+圆弧下摆 优雅又成熟 通勤日常正式场合都能轻松驾驭;0;;lrg3k8cd5bgw3jv;;Для женщин;"[""https://xcimg.szwego.com/imgHD/9404f147/20260206/cmp_i1770357532188_98_0_0.jpg"", ""https://xcimg.szwego.com/imgHD/9404f147/20260206/cmp_i1770357536435_866_0_1.jpg"", ""https://xcimg.szwego.com/imgHD/9404f147/20260206/cmp_i1770357536503_5224_0_2.jpg"", ""https://xcimg.szwego.com/imgHD/9404f147/20260206/cmp_i1770357531496_8882_0_3.jpg"", ""https://xcimg.szwego.com/imgHD/9404f147/20260206/cmp_i1770357535733_214_0_4.jpg"", ""https://xcimg.szwego.com/imgHD/9404f147/20260206/cmp_i1770357531778_411_0_5.jpg"", ""https://xcimg.szwego.com/imgHD/9404f147/20260206/cmp_i1770357318149_9465_0_4.jpg"", ""https://xcimg.szwego.com/imgHD/9404f147/20260206/cmp_i1770357536576_5614_0_7.jpg"", ""https://xcimg.szwego.com/imgHD/9404f147/20260206/cmp_i1770357536498_6554_0_8.jpg""]"
_dcHrSogP4ejpMncmeQXkaVpYdmftStQTm21o9PA;;DIO 26S 浅蓝色直筒徽章休闲牛仔裤 浅色直筒牛仔裤采用水洗做旧工艺 浅蓝色调超清新、棉质面料柔软透气 高腰直筒设计修饰腿型 显瘦又显高 百搭时髦;0;;lrg3k8cd5bgw3jv;;Для женщин;"[""https://xcimg.szwego.com/imgHD/9404f147/20260206/cmp_i1770356820930_1612_0_0.jpg"", ""https://xcimg.szwego.com/imgHD/9404f147/20260206/cmp_i1770356828717_9485_0_1.jpg"", ""https://xcimg.szwego.com/imgHD/9404f147/20260206/cmp_i1770356820698_4397_0_2.jpg"", ""https://xcimg.szwego.com/imgHD/9404f147/20260206/cmp_i1770356818183_9517_0_3.jpg"", ""https://xcimg.szwego.com/imgHD/9404f147/20260206/cmp_i1770356814810_5496_0_4.jpg"", ""https://xcimg.szwego.com/imgHD/9404f147/20260206/cmp_i1770356819795_3707_0_5.jpg"", ""https://xcimg.szwego.com/imgHD/9404f147/20260206/cmp_i1770356828615_9993_0_6.jpg"", ""https://xcimg.szwego.com/imgHD/9404f147/20260206/cmp_i1770356814935_8237_0_7.jpg"", ""https://xcimg.szwego.com/imgHD/9404f147/20260206/cmp_i1770356820793_2918_0_8.jpg""]"
_dpOrScV_lvTpdqE1BKgJv4Jzxg0qcp6dd6N_QPA;;CHA 26P 珍珠白盘花羊绒针织毛衣 粗针织工艺羊绒材质柔软又保暖、立体麻花纹理圆领设计简约大气，奶白色调温柔 搭配丝绒裤或裙装 轻松打造慵懒高级感;0;;lrg3k8cd5bgw3jv;;Для женщин;"[""https://xcimg.szwego.com/imgHD/9404f147/20260205/cmp_i1770264023068_4559_0_0.jpg"", ""https://xcimg.szwego.com/imgHD/9404f147/20260205/cmp_i1770264018789_6483_0_1.jpg"", ""https://xcimg.szwego.com/imgHD/9404f147/20260205/cmp_i1770264018741_1356_0_2.jpg"", ""https://xcimg.szwego.com/imgHD/9404f147/20260205/cmp_i1770264029059_6715_0_3.jpg"", ""https://xcimg.szwego.com/imgHD/9404f147/20260205/cmp_i1770264017934_4463_0_4.jpg"", ""https://xcimg.szwego.com/imgHD/9404f147/20260205/cmp_i1770264022503_6751_0_5.jpg"", ""https://xcimg.szwego.com/imgHD/9404f147/20260205/cmp_i1770264029058_7313_0_6.jpg"", ""https://xcimg.szwego.com/imgHD/9404f147/20260205/cmp_i1770264018823_9751_0_7.jpg"", ""https://xcimg.szwego.com/imgHD/9404f147/20260205/cmp_i1770264022928_9983_0_8.jpg""]"
_di0rScW6QKJLRxETNXyw_vg4BQXdwEOddTduQew;;CHA 26P 藏蓝拼黑格式条纹羊绒针织毛衣 经典的藏青白黑撞色 刻在审美里的配色高级感、软糯的针织面料贴身 罗纹收边不挑身形 后领口C字母图案显现品牌感;0;;lrg3k8cd5bgw3jv;;Для женщин;"[""https://xcimg.szwego.com/imgHD/9404f147/20260205/cmp_i1770263802583_2983_0_0.jpg"", ""https://xcimg.szwego.com/imgHD/9404f147/20260205/cmp_i1770263798593_8349_0_1.jpg"", ""https://xcimg.szwego.com/imgHD/9404f147/20260205/cmp_i1770263802475_1441_0_2.jpg"", ""https://xcimg.szwego.com/imgHD/9404f147/20260205/cmp_i1770263798426_9880_0_3.jpg"", ""https://xcimg.szwego.com/imgHD/9404f147/20260205/cmp_i1770263798457_5676_0_4.jpg"", ""https://xcimg.szwego.com/imgHD/9404f147/20260205/cmp_i1770263801895_6035_0_5.jpg"", ""https://xcimg.szwego.com/imgHD/9404f147/20260205/cmp_i1770263808890_884_0_6.jpg"", ""https://xcimg.szwego.com/imgHD/9404f147/20260205/cmp_i1770263798577_3634_0_7.jpg"", ""https://xcimg.szwego.com/imgHD/9404f147/20260205/cmp_i1770263802479_1012_0_8.jpg""]"
_dqsrSC84ESD11VVnr33XTsHB4_1sKjonhE2FcWA;;FEN 26S FF字母粉色针织背心半裙套装 经典FF老花图案超有辨识度 针织面料弹性好 贴身又舒适、无袖背心+高腰短裙 修饰身材比例 减龄又甜美优雅;0;;lrg3k8cd5bgw3jv;;Для женщин;"[""https://xcimg.szwego.com/imgHD/9404f147/20260205/cmp_i1770263086487_2583_0_0.jpg"", ""https://xcimg.szwego.com/imgHD/9404f147/20260205/cmp_i1770263086385_8977_0_1.jpg"", ""https://xcimg.szwego.com/imgHD/9404f147/20260126/cmp_i1769402880495_7954_0_6.jpg"", ""https://xcimg.szwego.com/imgHD/9404f147/20260205/cmp_i1770263091874_4614_0_3.jpg"", ""https://xcimg.szwego.com/imgHD/9404f147/20260205/cmp_i1770263091751_6467_0_4.jpg"", ""https://xcimg.szwego.com/imgHD/9404f147/20260205/cmp_i1770263091833_8365_0_5.jpg"", ""https://xcimg.szwego.com/imgHD/9404f147/20260205/cmp_i1770263091684_9222_0_6.jpg"", ""https://xcimg.szwego.com/imgHD/9404f147/20260205/cmp_i1770263086411_921_0_7.jpg"", ""https://xcimg.szwego.com/imgHD/9404f147/20260205/cmp_i1770263086229_2327_0_8.jpg""]"
_d9yrSn9-cUnkOp40YiepOOSF3zl5ENH5zh53Kag;;CHL 26S 玫红顺纡真丝两件套花边连衣裙 轻盈飘逸的轻薄真丝质地 层叠荷叶边设计超有浪漫氛围感，高领+荷叶摆宽松袖口 优雅又灵动 后背镂空造型 华美性感;0;;lrg3k8cd5bgw3jv;;Для женщин;"[""https://xcimg.szwego.com/imgHD/9404f147/20260205/cmp_i1770262604156_1399_0_0.jpg"", ""https://xcimg.szwego.com/imgHD/9404f147/20260205/cmp_i1770262622791_6501_0_1.jpg"", ""https://xcimg.szwego.com/imgHD/9404f147/20260205/cmp_i1770262593080_2943_0_2.jpg"", ""https://xcimg.szwego.com/imgHD/9404f147/20260205/cmp_i1770262593080_1859_0_3.jpg"", ""https://xcimg.szwego.com/imgHD/9404f147/20260205/cmp_i1770262622791_9300_0_4.jpg"", ""https://xcimg.szwego.com/imgHD/9404f147/20260205/cmp_i1770262604157_4851_0_5.jpg"", ""https://xcimg.szwego.com/imgHD/9404f147/20260205/cmp_i1770262604156_4805_0_6.jpg"", ""https://xcimg.szwego.com/imgHD/9404f147/20260205/cmp_i1770262604150_32_0_7.jpg"", ""https://xcimg.szwego.com/imgHD/9404f147/20260205/cmp_i1770262604150_720_0_8.jpg""]"
_daarSbd30jhz6CYfOQijhTkXhBy50izdXqZvRIQ;;ES 蕾丝之王 26E 橄榄绿蕾丝吊带礼服开衩连衣裙 采用精致蕾丝立体花纹刺绣设计 优雅又性感的吊带+收腰开衩剪裁，完美展现身材曲线 鱼尾裙摆增添灵动气质;0;;lrg3k8cd5bgw3jv;;Для женщин;"[""https://xcimg.szwego.com/imgHD/9404f147/20260204/cmp_i1770189935484_948_0_0.jpg"", ""https://xcimg.szwego.com/imgHD/9404f147/20260204/cmp_i1770190595741_5827_0_1.jpg"", ""https://xcimg.szwego.com/imgHD/9404f147/20260204/cmp_i1770190586779_5623_0_2.jpg"", ""https://xcimg.szwego.com/imgHD/9404f147/20260204/cmp_i1770190586706_9460_0_3.jpg"", ""https://xcimg.szwego.com/imgHD/9404f147/20260204/cmp_i1770190594913_9078_0_4.jpg"", ""https://xcimg.szwego.com/imgHD/9404f147/20260204/cmp_i1770190578509_6198_0_5.jpg"", ""https://xcimg.szwego.com/imgHD/9404f147/20260204/cmp_i1770190578509_5978_0_6.jpg"", ""https://xcimg.szwego.com/imgHD/9404f147/20260204/cmp_i1770190594910_2160_0_7.jpg"", ""https://xcimg.szwego.com/imgHD/9404f147/20260204/cmp_i1770190586755_709_0_8.jpg""]"
_dfqrSxuxP-WBle6z1tSp-5hEIjRxM5sBUUYOAoA;;ES 蕾丝之王 26E 黑色蕾丝吊带礼服开衩连衣裙 采用精致蕾丝立体花纹刺绣设计 优雅又性感的吊带+收腰开衩剪裁，完美展现身材曲线 鱼尾裙摆增添灵动气质;0;;lrg3k8cd5bgw3jv;;Для женщин;"[""https://xcimg.szwego.com/imgHD/9404f147/20260204/cmp_i1770189935484_948_0_0.jpg"", ""https://xcimg.szwego.com/imgHD/9404f147/20260204/cmp_i1770189936200_9390_0_1.jpg"", ""https://xcimg.szwego.com/imgHD/9404f147/20260204/cmp_i1770189936188_6007_0_2.jpg"", ""https://xcimg.szwego.com/imgHD/9404f147/20260204/cmp_i1770189935484_375_0_3.jpg"", ""https://xcimg.szwego.com/imgHD/9404f147/20260204/cmp_i1770189943520_2669_0_4.jpg"", ""https://xcimg.szwego.com/imgHD/9404f147/20260204/cmp_i1770189943546_7268_0_5.jpg"", ""https://xcimg.szwego.com/imgHD/9404f147/20260204/cmp_i1770189936090_6350_0_6.jpg"", ""https://xcimg.szwego.com/imgHD/9404f147/20260204/cmp_i1770189943572_9983_0_7.jpg"", ""https://xcimg.szwego.com/imgHD/9404f147/20260204/cmp_i1770189943519_2320_0_8.jpg""]"
_dc1rSc6Vu5xfoitbtEWag29tQw4fJyYuQaaxPDw;;ES 蕾丝之王 26S 立体水钻花朵刺绣牛仔蓝衬衫 浅蓝色牛仔布+亮片刺绣 精致又丰富了层次感、绝美闪耀华美精致 搭配刺绣短裤 一套明艳动人，顶级品质;0;;lrg3k8cd5bgw3jv;;Для женщин;"[""https://xcimg.szwego.com/imgHD/9404f147/20260204/cmp_i1770185900403_2424_0_0.jpg"", ""https://xcimg.szwego.com/imgHD/9404f147/20260204/cmp_i1770186528446_6702_0_1.jpg"", ""https://xcimg.szwego.com/imgHD/9404f147/20260204/cmp_i1770186541541_7940_0_2.jpg"", ""https://xcimg.szwego.com/imgHD/9404f147/20260204/cmp_i1770186534165_1821_0_3.jpg"", ""https://xcimg.szwego.com/imgHD/9404f147/20260204/cmp_i1770186534210_3896_0_4.jpg"", ""https://xcimg.szwego.com/imgHD/9404f147/20260204/cmp_i1770186528322_2607_0_5.jpg"", ""https://xcimg.szwego.com/imgHD/9404f147/20260204/cmp_i1770186528227_4988_0_6.jpg"", ""https://xcimg.szwego.com/imgHD/9404f147/20260204/cmp_i1770186534166_3018_0_7.jpg"", ""https://xcimg.szwego.com/imgHD/9404f147/20260204/cmp_i1770186534109_1178_0_8.jpg""]"
_dvKrSst1u4keDQXNGUAHCJfN4Bahco9tJY74vAA;;ES 蕾丝之王 立体水钻花朵蕾丝花边牛仔短裤 浅蓝水洗面料精致花卉刺绣 点缀亮片和钉珠细节超美、裤脚蕾丝花边柔美又有层次感 复古低腰设计 高贵迷人闪耀;0;;lrg3k8cd5bgw3jv;;Для женщин;"[""https://xcimg.szwego.com/imgHD/9404f147/20260204/cmp_i1770185900403_2424_0_0.jpg"", ""https://xcimg.szwego.com/imgHD/9404f147/20260204/cmp_i1770185899861_4041_0_1.jpg"", ""https://xcimg.szwego.com/imgHD/9404f147/20260204/cmp_i1770185899854_9002_0_2.jpg"", ""https://xcimg.szwego.com/imgHD/9404f147/20260204/cmp_i1770185899855_5620_0_3.jpg"", ""https://xcimg.szwego.com/imgHD/9404f147/20260204/cmp_i1770185916283_6569_0_4.jpg"", ""https://xcimg.szwego.com/imgHD/9404f147/20260204/cmp_i1770185916287_7118_0_5.jpg"", ""https://xcimg.szwego.com/imgHD/9404f147/20260204/cmp_i1770185916279_7607_0_6.jpg"", ""https://xcimg.szwego.com/imgHD/9404f147/20260204/cmp_i1770185899857_8645_0_7.jpg"", ""https://xcimg.szwego.com/imgHD/9404f147/20260204/cmp_i1770185916278_616_0_8.jpg""]"
_dvErShXsTz5zgcIgSy9n0nohnlE77x5RvlbzgAw;;ES 蕾丝之王 26S系列 立体真丝廓形大摆衬衫 质地垂顺柔滑养肤又贵气、领口肩颈和前襟大面积水溶绣花蕾丝 袖部透视设计 性感华丽又优雅、华美迷人顶级品质;0;;lrg3k8cd5bgw3jv;;Для женщин;"[""https://xcimg.szwego.com/imgHD/9404f147/20260204/cmp_i1770185402512_3050_0_0.jpg"", ""https://xcimg.szwego.com/imgHD/9404f147/20260204/cmp_i1770185378311_4674_0_1.jpg"", ""https://xcimg.szwego.com/imgHD/9404f147/20260204/cmp_i1770185378362_7205_0_2.jpg"", ""https://xcimg.szwego.com/imgHD/9404f147/20260204/cmp_i1770185401978_8757_0_3.jpg"", ""https://xcimg.szwego.com/imgHD/9404f147/20260204/cmp_i1770185378347_6241_0_4.jpg"", ""https://xcimg.szwego.com/imgHD/9404f147/20260204/cmp_i1770185378415_7769_0_5.jpg"", ""https://xcimg.szwego.com/imgHD/9404f147/20260204/cmp_i1770185402509_6829_0_6.jpg"", ""https://xcimg.szwego.com/imgHD/9404f147/20260204/cmp_i1770185378358_8138_0_7.jpg"", ""https://xcimg.szwego.com/imgHD/9404f147/20260204/cmp_i1770185402511_3274_0_8.jpg""]"
_dpOrScV_lvTpdqE1AKgJv5Z73h0Oep6dd6N_QPA;;CHA 26S 三色羊绒C刺绣针织短袖 软糯亲肤面料 羊绒圆领罗纹同色包边，左下角迷你双C刺绣 低调又有辨识度、奶黄色/灰色/卡其色 三色选择清新柔和 细腻万分;0;;lrg3k8cd5bgw3jv;;Для женщин;"[""https://xcimg.szwego.com/imgHD/9404f147/20260204/cmp_i1770177315387_6226_0_0.jpg"", ""https://xcimg.szwego.com/imgHD/9404f147/20260204/cmp_i1770177901738_9420_0_1.jpg"", ""https://xcimg.szwego.com/imgHD/9404f147/20260204/cmp_i1770177901701_1500_0_2.jpg"", ""https://xcimg.szwego.com/imgHD/9404f147/20260204/cmp_i1770177901656_1891_0_3.jpg"", ""https://xcimg.szwego.com/imgHD/9404f147/20260204/cmp_i1770177908000_3210_0_4.jpg"", ""https://xcimg.szwego.com/imgHD/9404f147/20260204/cmp_i1770177908499_3783_0_5.jpg"", ""https://xcimg.szwego.com/imgHD/9404f147/20260204/cmp_i1770177901727_8938_0_6.jpg"", ""https://xcimg.szwego.com/imgHD/9404f147/20260204/cmp_i1770177908505_8887_0_7.jpg"", ""https://xcimg.szwego.com/imgHD/9404f147/20260204/cmp_i1770177901625_5466_0_8.jpg""]"
_dEqrSQVsyuTWqM3yw7pHkOF-mo0G-VSZATLeleg;;CHA 26S 三色羊绒C刺绣针织短袖 软糯亲肤面料 羊绒圆领罗纹同色包边，左下角迷你双C刺绣 低调又有辨识度、奶黄色/灰色/卡其色 三色选择清新柔和 细腻万分;0;;lrg3k8cd5bgw3jv;;Для женщин;"[""https://xcimg.szwego.com/imgHD/9404f147/20260204/cmp_i1770177627258_4018_0_0.jpg"", ""https://xcimg.szwego.com/imgHD/9404f147/20260204/cmp_i1770177627957_3262_0_1.jpg"", ""https://xcimg.szwego.com/imgHD/9404f147/20260204/cmp_i1770177639114_5690_0_2.jpg"", ""https://xcimg.szwego.com/imgHD/9404f147/20260204/cmp_i1770177633058_1420_0_3.jpg"", ""https://xcimg.szwego.com/imgHD/9404f147/20260204/cmp_i1770177638905_9873_0_4.jpg"", ""https://xcimg.szwego.com/imgHD/9404f147/20260204/cmp_i1770177627924_1751_0_5.jpg"", ""https://xcimg.szwego.com/imgHD/9404f147/20260204/cmp_i1770177633140_7013_0_6.jpg"", ""https://xcimg.szwego.com/imgHD/9404f147/20260204/cmp_i1770177633084_7659_0_7.jpg"", ""https://xcimg.szwego.com/imgHD/9404f147/20260204/cmp_i1770177639191_3849_0_8.jpg""]"
_dqBrSLgoiKurmHC_Mu9Xm6E31dS1mcu-Dn_pNnQ;;CHA 26S 三色羊绒C刺绣针织短袖 软糯亲肤面料 羊绒圆领罗纹同色包边，左下角迷你双C刺绣 低调又有辨识度、奶黄色/灰色/卡其色 三色选择清新柔和 细腻万分;0;;lrg3k8cd5bgw3jv;;Для женщин;"[""https://xcimg.szwego.com/imgHD/9404f147/20260204/cmp_i1770177315387_6226_0_0.jpg"", ""https://xcimg.szwego.com/imgHD/9404f147/20260204/cmp_i1770177321431_5941_0_1.jpg"", ""https://xcimg.szwego.com/imgHD/9404f147/20260204/cmp_i1770177335890_9684_0_2.jpg"", ""https://xcimg.szwego.com/imgHD/9404f147/20260204/cmp_i1770177335659_4153_0_3.jpg"", ""https://xcimg.szwego.com/imgHD/9404f147/20260204/cmp_i1770177315399_6580_0_4.jpg"", ""https://xcimg.szwego.com/imgHD/9404f147/20260204/cmp_i1770177321298_1596_0_5.jpg"", ""https://xcimg.szwego.com/imgHD/9404f147/20260204/cmp_i1770177321442_8739_0_6.jpg"", ""https://xcimg.szwego.com/imgHD/9404f147/20260204/cmp_i1770177321448_664_0_7.jpg"", ""https://xcimg.szwego.com/imgHD/9404f147/20260204/cmp_i1770177321403_4523_0_8.jpg""]"
_diKrSEYCJ7ksm3513V3s6t_oZOoF-AdK2E894qg;;ES 26S 蓝色真丝缎蕾丝吊带礼服连衣裙 轻薄蕾丝+重磅珠光缎烧花面料 精致花朵刺绣与镂空胸前装饰、优雅又性感细肩带设计 凸显锁骨线条 裙摆微拖地曼妙动人;0;;lrg3k8cd5bgw3jv;;Для женщин;"[""https://xcimg.szwego.com/imgHD/9404f147/20260203/cmp_i1770101403119_4196_0_0.jpg"", ""https://xcimg.szwego.com/imgHD/9404f147/20260203/cmp_i1770101402635_2752_0_8.jpg"", ""https://xcimg.szwego.com/imgHD/9404f147/20260203/cmp_i1770101402797_2843_0_1.jpg"", ""https://xcimg.szwego.com/imgHD/9404f147/20260203/cmp_i1770101394109_9137_0_2.jpg"", ""https://xcimg.szwego.com/imgHD/9404f147/20260202/cmp_i1770015365125_9058_0_1.jpg"", ""https://xcimg.szwego.com/imgHD/9404f147/20260203/cmp_i1770101394203_7400_0_4.jpg"", ""https://xcimg.szwego.com/imgHD/9404f147/20260203/cmp_i1770101403465_4240_0_5.jpg"", ""https://xcimg.szwego.com/imgHD/9404f147/20260203/cmp_i1770101394090_4249_0_6.jpg"", ""https://xcimg.szwego.com/imgHD/9404f147/20260203/cmp_i1770101394117_9923_0_7.jpg""]"
_dfYrSz8FlIn0Xam2ZToKm0AE1ZxHzHXXa8kKyjg;;ES 蕾丝之王 26S 浅驼色竖排扣翻领立体花朵西装 进口面料浅米色低调优雅、前片和肩袖手工立体花朵设计 每一朵花朵都是定位立体刺绣 超精致 细节满分还原、内里真丝 顶级品质;0;;lrg3k8cd5bgw3jv;;Для женщин;"[""https://xcimg.szwego.com/imgHD/9404f147/20260203/cmp_i1770099747391_1245_0_0.jpg"", ""https://xcimg.szwego.com/imgHD/9404f147/20260203/cmp_i1770099747349_4161_0_1.jpg"", ""https://xcimg.szwego.com/imgHD/9404f147/20260203/cmp_i1770099747369_4721_0_2.jpg"", ""https://xcimg.szwego.com/imgHD/9404f147/20260203/cmp_i1770099746632_5679_0_3.jpg"", ""https://xcimg.szwego.com/imgHD/9404f147/20260203/cmp_i1770099757342_275_0_4.jpg"", ""https://xcimg.szwego.com/imgHD/9404f147/20260203/cmp_i1770099754049_4867_0_5.jpg"", ""https://xcimg.szwego.com/imgHD/9404f147/20260203/cmp_i1770099747424_5099_0_6.jpg"", ""https://xcimg.szwego.com/imgHD/9404f147/20260203/cmp_i1770099754045_464_0_7.jpg"", ""https://xcimg.szwego.com/imgHD/9404f147/20260203/cmp_i1770099757027_702_0_8.jpg""]"
_dm0rSSPUCgSQGSzYk4yxu_TsWPPj-g1wDkCJdYg;;ES 蕾丝之王 26S 立体花朵水洗蓝丹宁夹克 浅蓝水洗斜纹牛仔+立体花朵精致刺绣 硬朗与柔美兼具、经典双排金属纽扣 可在内里搭配连衣裙 帅气又柔美 顶级品质;0;;lrg3k8cd5bgw3jv;;Для женщин;"[""https://xcimg.szwego.com/imgHD/9404f147/20260203/cmp_i1770099028673_1737_0_0.jpg"", ""https://xcimg.szwego.com/imgHD/9404f147/20260203/cmp_i1770099042725_2798_0_1.jpg"", ""https://xcimg.szwego.com/imgHD/9404f147/20260203/cmp_i1770099023252_5116_0_2.jpg"", ""https://xcimg.szwego.com/imgHD/9404f147/20260203/cmp_i1770099042671_397_0_3.jpg"", ""https://xcimg.szwego.com/imgHD/9404f147/20260203/cmp_i1770099028595_4748_0_4.jpg"", ""https://xcimg.szwego.com/imgHD/9404f147/20260203/cmp_i1770099028512_9493_0_5.jpg"", ""https://xcimg.szwego.com/imgHD/9404f147/20260203/cmp_i1770099023252_9632_0_6.jpg"", ""https://xcimg.szwego.com/imgHD/9404f147/20260203/cmp_i1770099028622_721_0_7.jpg"", ""https://xcimg.szwego.com/imgHD/9404f147/20260203/cmp_i1770099042653_7623_0_8.jpg""]"
_djUrSIpEq46lBRNUzc1hoL8Lw5VMh-1ogwi75Ww;;CHA 26P 格纹双色针织竖排扣流苏边开衫 优雅复古气质短款剪裁，果绿色格纹针织毛边描绘轮廓造型 竖排C珐琅扣，延续品牌精致工艺 搭配高腰裤或裙装超显身材比例;0;;lrg3k8cd5bgw3jv;;Для женщин;"[""https://xcimg.szwego.com/imgHD/9404f147/20260203/cmp_i1770092090200_5710_0_0.jpg"", ""https://xcimg.szwego.com/imgHD/9404f147/20260203/cmp_i1770092080882_4312_0_1.jpg"", ""https://xcimg.szwego.com/imgHD/9404f147/20260203/cmp_i1770092080883_7764_0_5.jpg"", ""https://xcimg.szwego.com/imgHD/9404f147/20260203/cmp_i1770092090205_6492_0_2.jpg"", ""https://xcimg.szwego.com/imgHD/9404f147/20260203/cmp_i1770091269386_4044_0_0.jpg"", ""https://xcimg.szwego.com/imgHD/9404f147/20260203/cmp_i1770092080883_5954_0_4.jpg"", ""https://xcimg.szwego.com/imgHD/9404f147/20260203/cmp_i1770092080883_8867_0_6.jpg"", ""https://xcimg.szwego.com/imgHD/9404f147/20260203/cmp_i1770092090205_3262_0_7.jpg"", ""https://xcimg.szwego.com/imgHD/9404f147/20260203/cmp_i1770092080883_4941_0_8.jpg""]"
_dbxrSiICsEeK_rvTSCtsk-J-jKlNDSBlgLsNUpA;;CHA 26P 格纹双色针织竖排扣流苏边开衫 优雅复古气质短款剪裁，格纹针织毛边描绘轮廓造型 竖排C珐琅扣，延续品牌精致工艺 搭配高腰裤或裙装超显身材比例;0;;lrg3k8cd5bgw3jv;;Для женщин;"[""https://xcimg.szwego.com/imgHD/9404f147/20260203/cmp_i1770091809737_3215_0_0.jpg"", ""https://xcimg.szwego.com/imgHD/9404f147/20260203/cmp_i1770091809242_7940_0_1.jpg"", ""https://xcimg.szwego.com/imgHD/9404f147/20260203/cmp_i1770091809662_3515_0_2.jpg"", ""https://xcimg.szwego.com/imgHD/9404f147/20260203/cmp_i1770091809242_9093_0_3.jpg"", ""https://xcimg.szwego.com/imgHD/9404f147/20260203/cmp_i1770091817820_8508_0_4.jpg"", ""https://xcimg.szwego.com/imgHD/9404f147/20260203/cmp_i1770091809242_9736_0_5.jpg"", ""https://xcimg.szwego.com/imgHD/9404f147/20260203/cmp_i1770091817618_7621_0_6.jpg"", ""https://xcimg.szwego.com/imgHD/9404f147/20260203/cmp_i1770091818056_4867_0_7.jpg"", ""https://xcimg.szwego.com/imgHD/9404f147/20260203/cmp_i1770091817615_2750_0_8.jpg""]"
_d8krSx8ptAI37Kst2aURyBqHG25tcyJt-xGlzOA;;"CEL 26S PARIS白色双层反向字母T恤 纯棉材质柔软透气 胸前""PARIS""字母简约又有辨识度，可挽袖做层次叠穿 宽松版型圆领设计，双层反向字母印花 增添时髦度";0;;lrg3k8cd5bgw3jv;;Для женщин;"[""https://xcimg.szwego.com/imgHD/9404f147/20260203/cmp_i1770089876784_4624_0_0.jpg"", ""https://xcimg.szwego.com/imgHD/9404f147/20260203/cmp_i1770089855833_7104_0_1.jpg"", ""https://xcimg.szwego.com/imgHD/9404f147/20260203/cmp_i1770089876782_2409_0_2.jpg"", ""https://xcimg.szwego.com/imgHD/9404f147/20260203/cmp_i1770089855533_7138_0_3.jpg"", ""https://xcimg.szwego.com/imgHD/9404f147/20260203/cmp_i1770089855483_4963_0_4.jpg"", ""https://xcimg.szwego.com/imgHD/9404f147/20260203/cmp_i1770089855409_5235_0_5.jpg"", ""https://xcimg.szwego.com/imgHD/9404f147/20260203/cmp_i1770089855409_4673_0_6.jpg"", ""https://xcimg.szwego.com/imgHD/9404f147/20260203/cmp_i1770089877199_7833_0_7.jpg"", ""https://xcimg.szwego.com/imgHD/9404f147/20260203/cmp_i1770089876972_4980_0_8.jpg""]"
_dlVrSRw1dZ9LkBAV-VWBUuhcAx1mrQWvlxtTjkg;;ES 蕾丝之王 26S 蓝色蕾丝牛仔蓝真丝吊带连衣裙 上身精致镂空蕾丝 超长款吊带设计华美灵动超优雅，真丝打造出牛仔的深浅水洗变化 带拖尾 轻盈透气华美;0;;lrg3k8cd5bgw3jv;;Для женщин;"[""https://xcimg.szwego.com/imgHD/9404f147/20260202/cmp_i1770017034971_4165_0_0.jpg"", ""https://xcimg.szwego.com/imgHD/9404f147/20260202/cmp_i1770016438529_6673_0_0.jpg"", ""https://xcimg.szwego.com/imgHD/9404f147/20260202/cmp_i1770017034971_9392_0_2.jpg"", ""https://xcimg.szwego.com/imgHD/9404f147/20260202/cmp_i1770017025276_2436_0_3.jpg"", ""https://xcimg.szwego.com/imgHD/9404f147/20260202/cmp_i1770017034970_5683_0_5.jpg"", ""https://xcimg.szwego.com/imgHD/9404f147/20260202/cmp_i1770017035808_9619_0_4.jpg"", ""https://xcimg.szwego.com/imgHD/9404f147/20260202/cmp_i1770017025269_4777_0_6.jpg"", ""https://xcimg.szwego.com/imgHD/9404f147/20260202/cmp_i1770017025277_4741_0_7.jpg"", ""https://xcimg.szwego.com/imgHD/9404f147/20260202/cmp_i1770017034971_6328_0_8.jpg""]"
_dxerSO_q5E9Omg_kmZAWja7AG3tPXfWlmUyWjzw;;ES 蕾丝之王 手工山茶花马海毛镂空V领开衫 米白色手工柔软针织钩花材质，慵懒宽松版型超显气质适合多种身材，V领+手工山茶花花朵装饰 轻松打造松弛感穿搭风格;0;;lrg3k8cd5bgw3jv;;Для женщин;"[""https://xcimg.szwego.com/imgHD/9404f147/20260202/cmp_i1770016438529_6673_0_0.jpg"", ""https://xcimg.szwego.com/imgHD/9404f147/20260202/cmp_i1770016438523_7820_0_1.jpg"", ""https://xcimg.szwego.com/imgHD/9404f147/20260202/cmp_i1770016460530_2595_0_2.jpg"", ""https://xcimg.szwego.com/imgHD/9404f147/20260202/cmp_i1770016438530_6289_0_3.jpg"", ""https://xcimg.szwego.com/imgHD/9404f147/20260202/cmp_i1770016438526_9930_0_4.jpg"", ""https://xcimg.szwego.com/imgHD/9404f147/20260202/cmp_i1770016460527_5026_0_5.jpg"", ""https://xcimg.szwego.com/imgHD/9404f147/20260202/cmp_i1770016448488_8055_0_6.jpg"", ""https://xcimg.szwego.com/imgHD/9404f147/20260202/cmp_i1770016448521_6251_0_7.jpg"", ""https://xcimg.szwego.com/imgHD/9404f147/20260202/cmp_i1770016448484_1840_0_8.jpg""]"
_dvErShXsTz5zgcIgUy9j0kopnm0P6x5Rvl73jDQ;;ES蕾丝之王 蓝色碎花真丝长裙吊带衬衫三件套 吊带上衣和翻领衬衫 真丝轻薄透气面料碎花图案清新自然，衬衫可单穿或外搭 吊带+长裙组合层次感满满 设计灵动飘逸;0;;lrg3k8cd5bgw3jv;;Для женщин;"[""https://xcimg.szwego.com/imgHD/9404f147/20260202/cmp_i1770015907439_365_0_0.jpg"", ""https://xcimg.szwego.com/imgHD/9404f147/20260202/cmp_i1770015917497_4285_0_1.jpg"", ""https://xcimg.szwego.com/imgHD/9404f147/20260202/cmp_i1770015907439_7171_0_2.jpg"", ""https://xcimg.szwego.com/imgHD/9404f147/20260202/cmp_i1770015917495_6409_0_3.jpg"", ""https://xcimg.szwego.com/imgHD/9404f147/20260202/cmp_i1770015906280_7975_0_4.jpg"", ""https://xcimg.szwego.com/imgHD/9404f147/20260202/cmp_i1770015917498_4232_0_5.jpg"", ""https://xcimg.szwego.com/imgHD/9404f147/20260202/cmp_i1770015906281_7907_0_6.jpg"", ""https://xcimg.szwego.com/imgHD/9404f147/20260202/cmp_i1770015917499_957_0_7.jpg"", ""https://xcimg.szwego.com/imgHD/9404f147/20260202/cmp_i1770015906281_1064_0_8.jpg""]"
_ddurS0ModhUuoEE-TmYP0hkdZ8h9JeBkNs18PEQ;;ES蕾丝之王 蓝色碎花真丝长裙吊带衬衫三件套 蕾丝拼长裙选用真丝轻薄透气面料，浅蓝底色配细碎花纹 清新又优雅，12米超大裙摆叠加 蕾丝走边饱满裙摆 层次感满满;0;;lrg3k8cd5bgw3jv;;Для женщин;"[""https://xcimg.szwego.com/imgHD/9404f147/20260202/cmp_i1770015403240_8320_0_2.jpg"", ""https://xcimg.szwego.com/imgHD/9404f147/20260202/cmp_i1770015365125_9058_0_1.jpg"", ""https://xcimg.szwego.com/imgHD/9404f147/20260202/cmp_i1770015381195_1660_0_0.jpg"", ""https://xcimg.szwego.com/imgHD/9404f147/20260202/cmp_i1770015380580_3091_0_3.jpg"", ""https://xcimg.szwego.com/imgHD/9404f147/20260202/cmp_i1770015365125_2174_0_4.jpg"", ""https://xcimg.szwego.com/imgHD/9404f147/20260202/cmp_i1770015365125_5435_0_5.jpg"", ""https://xcimg.szwego.com/imgHD/9404f147/20260202/cmp_i1770015380615_6008_0_6.jpg"", ""https://xcimg.szwego.com/imgHD/9404f147/20260202/cmp_i1770015380582_3540_0_7.jpg"", ""https://xcimg.szwego.com/imgHD/9404f147/20260202/cmp_i1770015380580_7398_0_8.jpg""]"
_d5UrSvcHo0qGhvdIUsj06UhpIuQ54oLLOYrmOiQ;;DIO 26S 白色立领短袖府绸棉质衬衫 重新诠释时尚廓形 采用白色棉府绸面料精心制作，短款常规版型搭配藏蓝绲边 突显燕子领，短袖和隐藏式纽扣开合提升格调;0;;lrg3k8cd5bgw3jv;;Для женщин;"[""https://xcimg.szwego.com/imgHD/9404f147/20260202/cmp_i1770005496777_2741_0_1.jpg"", ""https://xcimg.szwego.com/imgHD/9404f147/20260202/cmp_i1770005496780_5979_0_0.jpg"", ""https://xcimg.szwego.com/imgHD/9404f147/20260202/cmp_i1770004304631_3063_0_4.jpg"", ""https://xcimg.szwego.com/imgHD/9404f147/20260202/cmp_i1770005537838_3692_0_3.jpg"", ""https://xcimg.szwego.com/imgHD/9404f147/20260202/cmp_i1770005537833_478_0_4.jpg"", ""https://xcimg.szwego.com/imgHD/9404f147/20260202/cmp_i1770005496308_4247_0_5.jpg"", ""https://xcimg.szwego.com/imgHD/9404f147/20260202/cmp_i1770005496309_4556_0_6.jpg"", ""https://xcimg.szwego.com/imgHD/9404f147/20260202/cmp_i1770005538246_8075_0_7.jpg"", ""https://xcimg.szwego.com/imgHD/9404f147/20260202/cmp_i1770005524573_7673_0_8.jpg""]"
_dmIrSxsajtyc01xKuRzH_2m4x5ayuxDIqKioXVg;;DIO 26S 藏蓝立领短袖府绸棉质衬衫 重新诠释时尚廓形 采用藏蓝棉府绸面料精心制作，短款常规版型搭配白色绲边 突显燕子领，短袖和隐藏式纽扣开合提升格调;0;;lrg3k8cd5bgw3jv;;Для женщин;"[""https://xcimg.szwego.com/imgHD/9404f147/20260202/cmp_i1770004991624_9630_0_0.jpg"", ""https://xcimg.szwego.com/imgHD/9404f147/20260202/cmp_i1770004985477_8940_0_1.jpg"", ""https://xcimg.szwego.com/imgHD/9404f147/20260202/cmp_i1770004985392_8872_0_2.jpg"", ""https://xcimg.szwego.com/imgHD/9404f147/20260202/cmp_i1770004985468_3477_0_3.jpg"", ""https://xcimg.szwego.com/imgHD/9404f147/20260202/cmp_i1770004991542_3864_0_4.jpg"", ""https://xcimg.szwego.com/imgHD/9404f147/20260202/cmp_i1770004985428_2697_0_5.jpg"", ""https://xcimg.szwego.com/imgHD/9404f147/20260202/cmp_i1770004991082_8863_0_6.jpg"", ""https://xcimg.szwego.com/imgHD/9404f147/20260202/cmp_i1770004985498_6284_0_7.jpg"", ""https://xcimg.szwego.com/imgHD/9404f147/20260202/cmp_i1770004991514_9014_0_8.jpg""]"
_diwrSD7av8HUam1LVtB8aM7s-eqsm9JvG3DHLNg;;DIO 26S 梦幻图书馆藏字母蕾丝刺绣T恤 经典单品演绎居斯塔夫《包法利夫人(Madame Bovary)》的原版封面、采用米色和红色棉质平纹针织面料制作，超大版型剪裁 别具一格;0;;lrg3k8cd5bgw3jv;;Для женщин;"[""https://xcimg.szwego.com/imgHD/9404f147/20260202/cmp_i1770004202388_7371_0_0.jpg"", ""https://xcimg.szwego.com/imgHD/9404f147/20260202/cmp_i1770004209239_9684_0_1.jpg"", ""https://xcimg.szwego.com/imgHD/9404f147/20260202/cmp_i1770004209016_9233_0_2.jpg"", ""https://xcimg.szwego.com/imgHD/9404f147/20260202/cmp_i1770004202378_3243_0_3.jpg"", ""https://xcimg.szwego.com/imgHD/9404f147/20260202/cmp_i1770004208989_6012_0_4.jpg"", ""https://xcimg.szwego.com/imgHD/9404f147/20260202/cmp_i1770004209239_2426_0_5.jpg"", ""https://xcimg.szwego.com/imgHD/9404f147/20260202/cmp_i1770004201732_4580_0_6.jpg"", ""https://xcimg.szwego.com/imgHD/9404f147/20260202/cmp_i1770004202324_8497_0_7.jpg"", ""https://xcimg.szwego.com/imgHD/9404f147/20260202/cmp_i1770004201994_6086_0_8.jpg""]"
_dcprSx8yfssvfTGm4Q_MnThsKiZQUP90WTur5hg;;DIO 26S amour限定 多色爱心花卉T恤 心形图案从18世纪的刺绣汲取灵感，采用白色棉质平纹针织面料 修身剪裁 搭配CD标志刺绣别具一格，法式织物向传统致敬;0;;lrg3k8cd5bgw3jv;;Для женщин;"[""https://xcimg.szwego.com/imgHD/9404f147/20260202/cmp_i1770003727320_3810_0_0.jpg"", ""https://xcimg.szwego.com/imgHD/9404f147/20260202/cmp_i1770003759432_1827_0_1.jpg"", ""https://xcimg.szwego.com/imgHD/9404f147/20260202/cmp_i1770003759387_1092_0_2.jpg"", ""https://xcimg.szwego.com/imgHD/9404f147/20260202/cmp_i1770003727335_4665_0_3.jpg"", ""https://xcimg.szwego.com/imgHD/9404f147/20260202/cmp_i1770003759027_5860_0_4.jpg"", ""https://xcimg.szwego.com/imgHD/9404f147/20260202/cmp_i1770003726907_4507_0_5.jpg"", ""https://xcimg.szwego.com/imgHD/9404f147/20260202/cmp_i1770003726970_5685_0_6.jpg"", ""https://xcimg.szwego.com/imgHD/9404f147/20260202/cmp_i1770003726950_8985_0_7.jpg"", ""https://xcimg.szwego.com/imgHD/9404f147/20260202/cmp_i1770003759370_2629_0_8.jpg""]"
_djsrSYvw8aenXj7zVjB4W3THN0e2vOqRzEKN7_w;;MIU 26S 正红色拉链立领绵羊毛针织背心 风格密码的运动特性与优雅针织服饰相融合 定义了这款无袖羊毛半拉链毛衣的多功能和现代魅力，饰以对比色徽标 明艳动人;0;;lrg3k8cd5bgw3jv;;Для женщин;"[""https://xcimg.szwego.com/imgHD/9404f147/20260131/cmp_i1769843125900_6594_0_0.jpg"", ""https://xcimg.szwego.com/imgHD/9404f147/20260131/cmp_i1769843125951_6686_0_1.jpg"", ""https://xcimg.szwego.com/imgHD/9404f147/20260131/cmp_i1769843130737_3687_0_2.jpg"", ""https://xcimg.szwego.com/imgHD/9404f147/20260131/cmp_i1769843126002_5041_0_3.jpg"", ""https://xcimg.szwego.com/imgHD/9404f147/20260131/cmp_i1769843126130_7320_0_4.jpg"", ""https://xcimg.szwego.com/imgHD/9404f147/20260131/cmp_i1769843125915_9419_0_5.jpg"", ""https://xcimg.szwego.com/imgHD/9404f147/20260131/cmp_i1769843130051_691_0_6.jpg"", ""https://xcimg.szwego.com/imgHD/9404f147/20260131/cmp_i1769843130736_5577_0_7.jpg"", ""https://xcimg.szwego.com/imgHD/9404f147/20260131/cmp_i1769843130754_3515_0_8.jpg""]"
_daarSbd30jhz6CoTLQinhSkbmAC1yizdXqZvRIQ;;MIU 26S 奶油蓝亨利竖排扣羊绒针织衫 重新诠释了男装经典 以极细羊绒材质展现Miu Miu的简约风格，为丰富层次的造型提供了不同于 Polo衫的选择 精致清爽;0;;lrg3k8cd5bgw3jv;;Для женщин;"[""https://xcimg.szwego.com/imgHD/9404f147/20260131/cmp_i1769841128758_3793_0_0.jpg"", ""https://xcimg.szwego.com/imgHD/9404f147/20260131/cmp_i1769841128647_2882_0_1.jpg"", ""https://xcimg.szwego.com/imgHD/9404f147/20260131/cmp_i1769841124011_6082_0_2.jpg"", ""https://xcimg.szwego.com/imgHD/9404f147/20260131/cmp_i1769841124009_4442_0_3.jpg"", ""https://xcimg.szwego.com/imgHD/9404f147/20260131/cmp_i1769841128704_17_0_4.jpg"", ""https://xcimg.szwego.com/imgHD/9404f147/20260131/cmp_i1769841124048_4390_0_5.jpg"", ""https://xcimg.szwego.com/imgHD/9404f147/20260131/cmp_i1769841128408_3874_0_6.jpg"", ""https://xcimg.szwego.com/imgHD/9404f147/20260131/cmp_i1769841124030_9405_0_7.jpg"", ""https://xcimg.szwego.com/imgHD/9404f147/20260131/cmp_i1769841123986_8481_0_8.jpg""]"
_dwerSbSAra71WtceOqzAbx0NuvwXfSw1Ve8MHYg;;MIU 26S 酒红拼米色字母棉质T恤 休闲风格与Miu Miu徽标的标志性态度相结合 形成独特的色彩对比，顶级品质的材质细腻度 立体徽标造型 彰显其现代休闲的个性;0;;lrg3k8cd5bgw3jv;;Для женщин;"[""https://xcimg.szwego.com/imgHD/9404f147/20260131/cmp_i1769839880896_8108_0_0.jpg"", ""https://xcimg.szwego.com/imgHD/9404f147/20260131/cmp_i1769839886221_1923_0_2.jpg"", ""https://xcimg.szwego.com/imgHD/9404f147/20260131/cmp_i1769839886190_4227_0_1.jpg"", ""https://xcimg.szwego.com/imgHD/9404f147/20260131/cmp_i1769839880823_2495_0_3.jpg"", ""https://xcimg.szwego.com/imgHD/9404f147/20260131/cmp_i1769839880759_1179_0_4.jpg"", ""https://xcimg.szwego.com/imgHD/9404f147/20260131/cmp_i1769839886292_4472_0_5.jpg"", ""https://xcimg.szwego.com/imgHD/9404f147/20260131/cmp_i1769839880902_7419_0_6.jpg"", ""https://xcimg.szwego.com/imgHD/9404f147/20260131/cmp_i1769839886146_4860_0_7.jpg"", ""https://xcimg.szwego.com/imgHD/9404f147/20260131/cmp_i1769839880388_7445_0_8.jpg""]"
_dA2rSPoLEdT2dkordBwKN-gOvxUcLzkJEYpoLfQ;;"MIU 26S 灰色V领绵羊毛羊绒针织衫 采用竖条纹罗纹针织设计，版型宽松慵懒 胸前点缀""Miu""刺绣徽章，高级灰自带高级感与随性气质 适合打造法式慵懒风";0;;lrg3k8cd5bgw3jv;;Для женщин;"[""https://xcimg.szwego.com/imgHD/9404f147/20260131/cmp_i1769839552205_1641_0_0.jpg"", ""https://xcimg.szwego.com/imgHD/9404f147/20260131/cmp_i1769839560803_8710_0_1.jpg"", ""https://xcimg.szwego.com/imgHD/9404f147/20260131/cmp_i1769839560807_4397_0_2.jpg"", ""https://xcimg.szwego.com/imgHD/9404f147/20260131/cmp_i1769839551448_9468_0_3.jpg"", ""https://xcimg.szwego.com/imgHD/9404f147/20260131/cmp_i1769839552174_6377_0_4.jpg"", ""https://xcimg.szwego.com/imgHD/9404f147/20260131/cmp_i1769839560692_3809_0_5.jpg"", ""https://xcimg.szwego.com/imgHD/9404f147/20260131/cmp_i1769839552124_2371_0_6.jpg"", ""https://xcimg.szwego.com/imgHD/9404f147/20260131/cmp_i1769839560827_6155_0_7.jpg"", ""https://xcimg.szwego.com/imgHD/9404f147/20260131/cmp_i1769839552144_1255_0_8.jpg""]"
_ddBrSQO1HcePsX20cQd--i5whI_X5azFzPFEIfg;;MIU 26S 条纹翻领弹力针织Polo上衣 标志性的条纹在经典灰色混纺中以色彩对比重新演绎，提升了针织面料的休闲特性和这款Polo衫的廓形 非常适合叠穿造型;0;;lrg3k8cd5bgw3jv;;Для женщин;"[""https://xcimg.szwego.com/imgHD/9404f147/20260131/cmp_i1769838980381_6411_0_0.jpg"", ""https://xcimg.szwego.com/imgHD/9404f147/20260131/cmp_i1769838984903_9962_0_1.jpg"", ""https://xcimg.szwego.com/imgHD/9404f147/20260131/cmp_i1769838980430_4307_0_2.jpg"", ""https://xcimg.szwego.com/imgHD/9404f147/20260131/cmp_i1769838980420_4587_0_3.jpg"", ""https://xcimg.szwego.com/imgHD/9404f147/20260131/cmp_i1769838980445_7325_0_4.jpg"", ""https://xcimg.szwego.com/imgHD/9404f147/20260131/cmp_i1769838984840_4442_0_5.jpg"", ""https://xcimg.szwego.com/imgHD/9404f147/20260131/cmp_i1769838979995_2979_0_6.jpg"", ""https://xcimg.szwego.com/imgHD/9404f147/20260131/cmp_i1769838984827_1240_0_7.jpg"", ""https://xcimg.szwego.com/imgHD/9404f147/20260131/cmp_i1769838984862_4462_0_8.jpg""]"
_ddMrSC9yy1Qao3PS4nqoko6wDlR9L1Vu4ye2rAg;;"MIU 26S 深蓝亨利领竖排扣针织polo衫 深蓝色亨利领针织衫 经典圆领+三颗纽扣设计 简约中透着高级感，左胸处的""miu miu""小标低调点睛，叠穿百搭又显质感的单品";0;;lrg3k8cd5bgw3jv;;Для женщин;"[""https://xcimg.szwego.com/imgHD/9404f147/20260131/cmp_i1769838757002_8219_0_0.jpg"", ""https://xcimg.szwego.com/imgHD/9404f147/20260131/cmp_i1769838752374_6750_0_1.jpg"", ""https://xcimg.szwego.com/imgHD/9404f147/20260131/cmp_i1769838757070_9793_0_2.jpg"", ""https://xcimg.szwego.com/imgHD/9404f147/20260131/cmp_i1769838746881_4939_0_3.jpg"", ""https://xcimg.szwego.com/imgHD/9404f147/20260131/cmp_i1769838752249_1990_0_4.jpg"", ""https://xcimg.szwego.com/imgHD/9404f147/20260131/cmp_i1769838752316_6034_0_5.jpg"", ""https://xcimg.szwego.com/imgHD/9404f147/20260131/cmp_i1769838746598_6499_0_6.jpg"", ""https://xcimg.szwego.com/imgHD/9404f147/20260131/cmp_i1769838757021_1084_0_7.jpg"", ""https://xcimg.szwego.com/imgHD/9404f147/20260131/cmp_i1769838747202_6468_0_8.jpg""]"
_dtVrSAjEgge20UwsxNMOjK-6hYz6gVTJEt9WIlA;;MIU 26S 红色嵌花翻领针织Polo衫 早春系列的标志性单品 融合了学院风与高级时装的精致感，采用柔软的羊毛混纺针织面料 版型宽松可叠穿 顶级品质发售;0;;lrg3k8cd5bgw3jv;;Для женщин;"[""https://xcimg.szwego.com/imgHD/9404f147/20260124/cmp_i1769225208627_9531_0_0.jpg"", ""https://xcimg.szwego.com/imgHD/9404f147/20260131/cmp_i1769838161652_1961_0_1.jpg"", ""https://xcimg.szwego.com/imgHD/9404f147/20260131/cmp_i1769838153382_8666_0_2.jpg"", ""https://xcimg.szwego.com/imgHD/9404f147/20260131/cmp_i1769838161725_7787_0_3.jpg"", ""https://xcimg.szwego.com/imgHD/9404f147/20260131/cmp_i1769838161808_9236_0_4.jpg"", ""https://xcimg.szwego.com/imgHD/9404f147/20260131/cmp_i1769838175991_2552_0_5.jpg"", ""https://xcimg.szwego.com/imgHD/9404f147/20260131/cmp_i1769838161657_3801_0_6.jpg"", ""https://xcimg.szwego.com/imgHD/9404f147/20260131/cmp_i1769838175952_9973_0_7.jpg"", ""https://xcimg.szwego.com/imgHD/9404f147/20260131/cmp_i1769838161607_9927_0_8.jpg""]"
_dmrrSTwMRAguKMeBMZVR1WCTb_QXhjteMWvfpoA;;DIO 26S 条纹网纱衬衫三件套礼服连衣裙 三件套含一条真丝吊带裙+腰带，采用米白与浅裸色相间的斜条纹设计，搭配经典翻领和短袖剪裁 整体风格清新高贵优雅 曼妙迷人;0;;lrg3k8cd5bgw3jv;;Для женщин;"[""https://xcimg.szwego.com/imgHD/9404f147/20260130/cmp_i1769744633843_4102_0_0.jpg"", ""https://xcimg.szwego.com/imgHD/9404f147/20260130/cmp_i1769744624537_5455_0_1.jpg"", ""https://xcimg.szwego.com/imgHD/9404f147/20260130/cmp_i1769744624630_9900_0_2.jpg"", ""https://xcimg.szwego.com/imgHD/9404f147/20260130/cmp_i1769744633546_2573_0_3.jpg"", ""https://xcimg.szwego.com/imgHD/9404f147/20260130/cmp_i1769744633841_8163_0_4.jpg"", ""https://xcimg.szwego.com/imgHD/9404f147/20260130/cmp_i1769744624546_1449_0_5.jpg"", ""https://xcimg.szwego.com/imgHD/9404f147/20260130/cmp_i1769744623688_5516_0_6.jpg"", ""https://xcimg.szwego.com/imgHD/9404f147/20260130/cmp_i1769744624694_6608_0_7.jpg"", ""https://xcimg.szwego.com/imgHD/9404f147/20260130/cmp_i1769744633763_850_0_8.jpg""]"
_duTrSGvSDw66EIrjKkVCGv754to92_pheWbHTqQ;;DIO 26S 马蹄纹印花双飘带真丝衬衫 选用重磅斜纹真丝印花 米白色底黑色马蹄纹印花的飘带衬衫 设计感十足，搭配可系于颈间的长飘带，整体风格温柔又不失个性;0;;lrg3k8cd5bgw3jv;;Для женщин;"[""https://xcimg.szwego.com/imgHD/9404f147/20260130/cmp_i1769744302308_6146_0_0.jpg"", ""https://xcimg.szwego.com/imgHD/9404f147/20260130/cmp_i1769744302290_940_0_1.jpg"", ""https://xcimg.szwego.com/imgHD/9404f147/20260130/cmp_i1769744302305_3895_0_2.jpg"", ""https://xcimg.szwego.com/imgHD/9404f147/20260130/cmp_i1769744311678_3329_0_3.jpg"", ""https://xcimg.szwego.com/imgHD/9404f147/20260130/cmp_i1769744297976_9512_0_4.jpg"", ""https://xcimg.szwego.com/imgHD/9404f147/20260130/cmp_i1769744302303_7270_0_5.jpg"", ""https://xcimg.szwego.com/imgHD/9404f147/20260130/cmp_i1769744297974_8462_0_6.jpg"", ""https://xcimg.szwego.com/imgHD/9404f147/20260130/cmp_i1769744302305_9209_0_7.jpg"", ""https://xcimg.szwego.com/imgHD/9404f147/20260130/cmp_i1769744297975_4124_0_8.jpg""]"
_dBwrSCYvNKKqzN4R3zaeoZJjgXlPzv5HZhRBNWw;;DIO 26S 灰色系带双面老花腰带羊毛大衣 一款经典灰色系带羊毛大衣，剪裁利落质感高级，内里拼接老花造型 搭配腰带 增添高雅风格、整体风格兼具通勤优雅与日常休闲;0;;lrg3k8cd5bgw3jv;;Для женщин;"[""https://xcimg.szwego.com/imgHD/9404f147/20260130/cmp_i1769744003849_293_0_0.jpg"", ""https://xcimg.szwego.com/imgHD/9404f147/20260130/cmp_i1769743997773_6036_0_1.jpg"", ""https://xcimg.szwego.com/imgHD/9404f147/20260130/cmp_i1769743997789_4076_0_2.jpg"", ""https://xcimg.szwego.com/imgHD/9404f147/20260130/cmp_i1769744003722_7106_0_3.jpg"", ""https://xcimg.szwego.com/imgHD/9404f147/20260130/cmp_i1769743991329_1913_0_4.jpg"", ""https://xcimg.szwego.com/imgHD/9404f147/20260130/cmp_i1769744003749_517_0_5.jpg"", ""https://xcimg.szwego.com/imgHD/9404f147/20260130/cmp_i1769743997665_3048_0_6.jpg"", ""https://xcimg.szwego.com/imgHD/9404f147/20260130/cmp_i1769743991137_3850_0_7.jpg"", ""https://xcimg.szwego.com/imgHD/9404f147/20260130/cmp_i1769743997597_6296_0_8.jpg""]"
_dvvrSzNwDfaawXqk34sNnx_F7LYNrFjSU6qOarw;;DIO 26S 粉色花卉徽章刺绣T恤 T恤彰显amour限定系列精致诗意气质，以多色Doves&Roses图案 致敬普世之爱、采用粉色棉质平纹针织面料精心制作，版型短款剪裁 粉色甜美可人;0;;lrg3k8cd5bgw3jv;;Для женщин;"[""https://xcimg.szwego.com/imgHD/9404f147/20260130/cmp_i1769743732915_7380_0_0.jpg"", ""https://xcimg.szwego.com/imgHD/9404f147/20260130/cmp_i1769743754454_9363_0_1.jpg"", ""https://xcimg.szwego.com/imgHD/9404f147/20260130/cmp_i1769743754223_220_0_2.jpg"", ""https://xcimg.szwego.com/imgHD/9404f147/20260130/cmp_i1769743738313_5551_0_3.jpg"", ""https://xcimg.szwego.com/imgHD/9404f147/20260130/cmp_i1769743738601_5306_0_4.jpg"", ""https://xcimg.szwego.com/imgHD/9404f147/20260130/cmp_i1769743737182_3479_0_5.jpg"", ""https://xcimg.szwego.com/imgHD/9404f147/20260130/cmp_i1769743738318_5837_0_6.jpg"", ""https://xcimg.szwego.com/imgHD/9404f147/20260130/cmp_i1769743738345_5545_0_7.jpg"", ""https://xcimg.szwego.com/imgHD/9404f147/20260130/cmp_i1769743754230_5044_0_8.jpg""]"
_dlUrSrOk14ai20xahHfesr-rk2jdYNAEYLgUwpQ;;DIO 26S 铃兰花刺绣图案藏蓝盘花毛衣 幸运寓意的传承 采用海军蓝色绵羊毛混纺绞花针织面料精心制作，常规修身版型搭配罗纹饰边提升格调 可与各式装扮搭配全年皆宜;0;;lrg3k8cd5bgw3jv;;Для женщин;"[""https://xcimg.szwego.com/imgHD/9404f147/20260130/cmp_i1769743301713_9281_0_0.jpg"", ""https://xcimg.szwego.com/imgHD/9404f147/20260130/cmp_i1769743301766_8350_0_1.jpg"", ""https://xcimg.szwego.com/imgHD/9404f147/20260130/cmp_i1769743295590_1781_0_2.jpg"", ""https://xcimg.szwego.com/imgHD/9404f147/20260130/cmp_i1769743301276_1392_0_3.jpg"", ""https://xcimg.szwego.com/imgHD/9404f147/20260130/cmp_i1769743295595_1836_0_4.jpg"", ""https://xcimg.szwego.com/imgHD/9404f147/20260130/cmp_i1769743295426_8050_0_5.jpg"", ""https://xcimg.szwego.com/imgHD/9404f147/20260130/cmp_i1769743301579_6031_0_6.jpg"", ""https://xcimg.szwego.com/imgHD/9404f147/20260130/cmp_i1769743295573_8050_0_7.jpg"", ""https://xcimg.szwego.com/imgHD/9404f147/20260130/cmp_i1769743301679_4640_0_8.jpg""]"
_drOrSQ_zFz-eTmP-cIxJP7qhm_CtjC0HKFySy3A;;DIO 26S 蓝白菱格拼色V领针织衫 经典与现代感的融合 深蓝色底色搭配白色菱格纹，V领设计拉长颈部线条，胸前CD刺绣Logo低调点睛，整体风格优雅中带点法式慵懒;0;;lrg3k8cd5bgw3jv;;Для женщин;"[""https://xcimg.szwego.com/imgHD/9404f147/20260130/cmp_i1769742924672_1920_0_0.jpg"", ""https://xcimg.szwego.com/imgHD/9404f147/20260130/cmp_i1769743115842_9387_0_1.jpg"", ""https://xcimg.szwego.com/imgHD/9404f147/20260130/cmp_i1769743122958_5402_0_2.jpg"", ""https://xcimg.szwego.com/imgHD/9404f147/20260130/cmp_i1769743122871_5589_0_3.jpg"", ""https://xcimg.szwego.com/imgHD/9404f147/20260130/cmp_i1769743123050_7309_0_4.jpg"", ""https://xcimg.szwego.com/imgHD/9404f147/20260130/cmp_i1769743122761_3751_0_5.jpg"", ""https://xcimg.szwego.com/imgHD/9404f147/20260130/cmp_i1769743115803_7607_0_6.jpg"", ""https://xcimg.szwego.com/imgHD/9404f147/20260130/cmp_i1769743123062_8727_0_7.jpg"", ""https://xcimg.szwego.com/imgHD/9404f147/20260130/cmp_i1769743115765_1161_0_8.jpg""]"
_dgfrSajeGOEjNc4OvgTVmjoKjdJxmcDS-lfguBA;;"CEL 26S 凯旋门印花黑色连帽卫衣 采用oversize纯棉面料版型 胸前是品牌标志性的银色刺绣Logo，设计简约辨识度极高 做旧质地自带高级感、打造""松弛感""穿搭";0;;lrg3k8cd5bgw3jv;;Для женщин;"[""https://xcimg.szwego.com/imgHD/9404f147/20260129/cmp_i1769667764643_9315_0_0.jpg"", ""https://xcimg.szwego.com/imgHD/9404f147/20260129/cmp_i1769667764807_3934_0_1.jpg"", ""https://xcimg.szwego.com/imgHD/9404f147/20260129/cmp_i1769667770356_7742_0_2.jpg"", ""https://xcimg.szwego.com/imgHD/9404f147/20260129/cmp_i1769667764684_803_0_3.jpg"", ""https://xcimg.szwego.com/imgHD/9404f147/20260129/cmp_i1769667778588_9647_0_4.jpg"", ""https://xcimg.szwego.com/imgHD/9404f147/20260129/cmp_i1769667764818_7281_0_5.jpg"", ""https://xcimg.szwego.com/imgHD/9404f147/20260129/cmp_i1769667768814_2503_0_6.jpg"", ""https://xcimg.szwego.com/imgHD/9404f147/20260129/cmp_i1769667770379_6300_0_7.jpg"", ""https://xcimg.szwego.com/imgHD/9404f147/20260129/cmp_i1769667770338_7527_0_8.jpg""]"
_dxsrSK15_QtzZ7DOF4Hss1rD_jikS3EeQoxN4Yw;;CEL 26S 凯旋门黑色抽绳阔腿卫裤 采用宽松直筒剪裁 纯棉材质腰部配有白色抽绳设计、侧方点缀凯旋门品牌标识刺绣 整体风格简约百搭 适合日常休闲，运动风或街头混搭;0;;lrg3k8cd5bgw3jv;;Для женщин;"[""https://xcimg.szwego.com/imgHD/9404f147/20260129/cmp_i1769667512601_6969_0_0.jpg"", ""https://xcimg.szwego.com/imgHD/9404f147/20260129/cmp_i1769667508263_2388_0_1.jpg"", ""https://xcimg.szwego.com/imgHD/9404f147/20260129/cmp_i1769667512651_5475_0_2.jpg"", ""https://xcimg.szwego.com/imgHD/9404f147/20260129/cmp_i1769667512074_2990_0_3.jpg"", ""https://xcimg.szwego.com/imgHD/9404f147/20260129/cmp_i1769667512063_2992_0_4.jpg"", ""https://xcimg.szwego.com/imgHD/9404f147/20260129/cmp_i1769667526844_2300_0_5.jpg"", ""https://xcimg.szwego.com/imgHD/9404f147/20260129/cmp_i1769667512069_8060_0_6.jpg"", ""https://xcimg.szwego.com/imgHD/9404f147/20260129/cmp_i1769667508281_3452_0_7.jpg"", ""https://xcimg.szwego.com/imgHD/9404f147/20260129/cmp_i1769667508265_7167_0_8.jpg""]"
_dTFrSTa2xJOiEilzFFkOWGIt2fhLVGpL4-CAtAw;;CEL 26S 凯旋门白色宽松刺绣长袖T恤 胸前有小巧的深色刺绣logo，版型oversize整体风格偏向极简慵懒风 适合日常通勤，饱满刺绣 适合休闲出街等多种场景;0;;lrg3k8cd5bgw3jv;;Для женщин;"[""https://xcimg.szwego.com/imgHD/9404f147/20260129/cmp_i1769667258311_1429_0_0.jpg"", ""https://xcimg.szwego.com/imgHD/9404f147/20260129/cmp_i1769667249863_2789_0_1.jpg"", ""https://xcimg.szwego.com/imgHD/9404f147/20260129/cmp_i1769667249783_1611_0_2.jpg"", ""https://xcimg.szwego.com/imgHD/9404f147/20260129/cmp_i1769667249199_912_0_3.jpg"", ""https://xcimg.szwego.com/imgHD/9404f147/20260129/cmp_i1769667257700_2882_0_4.jpg"", ""https://xcimg.szwego.com/imgHD/9404f147/20260129/cmp_i1769667257694_7683_0_5.jpg"", ""https://xcimg.szwego.com/imgHD/9404f147/20260129/cmp_i1769667254828_863_0_6.jpg"", ""https://xcimg.szwego.com/imgHD/9404f147/20260129/cmp_i1769667007963_6659_0_3.jpg"", ""https://xcimg.szwego.com/imgHD/9404f147/20260129/cmp_i1769667249507_4420_0_8.jpg""]"
_dAprSAB45dPoKw0Mc_cxk20qU8vqvaTE8pbMq-Q;;CEL 26S 凯旋门灰色抽绳阔腿卫裤 采用宽松直筒剪裁 纯棉材质腰部配有白色抽绳设计、侧方点缀凯旋门品牌标识刺绣 整体风格简约百搭 适合日常休闲，运动风或街头混搭;0;;lrg3k8cd5bgw3jv;;Для женщин;"[""https://xcimg.szwego.com/imgHD/9404f147/20260129/cmp_i1769666947093_9287_0_0.jpg"", ""https://xcimg.szwego.com/imgHD/9404f147/20260129/cmp_i1769666947913_8585_0_1.jpg"", ""https://xcimg.szwego.com/imgHD/9404f147/20260129/cmp_i1769666953549_2297_0_2.jpg"", ""https://xcimg.szwego.com/imgHD/9404f147/20260129/cmp_i1769666947797_5748_0_3.jpg"", ""https://xcimg.szwego.com/imgHD/9404f147/20260129/cmp_i1769666952827_5487_0_4.jpg"", ""https://xcimg.szwego.com/imgHD/9404f147/20260129/cmp_i1769666947800_6442_0_5.jpg"", ""https://xcimg.szwego.com/imgHD/9404f147/20260129/cmp_i1769666947098_4534_0_6.jpg"", ""https://xcimg.szwego.com/imgHD/9404f147/20260129/cmp_i1769666953496_1449_0_7.jpg"", ""https://xcimg.szwego.com/imgHD/9404f147/20260129/cmp_i1769666953303_8964_0_8.jpg""]"
_djLrSiE7iHuHnsUf1HLdZH9htD7ZWNEWjsIC2lg;;CEL 26S 白色水洗牛仔九分牛仔裤 采用经典直筒剪裁 高腰设计搭配后方拼皮徽章细节，9分卷边长度恰到好处，露出脚踝 视觉上拉长腿部线条 人手一件 百搭单品;0;;lrg3k8cd5bgw3jv;;Для женщин;"[""https://xcimg.szwego.com/imgHD/9404f147/20260129/cmp_i1769666691858_7685_0_0.jpg"", ""https://xcimg.szwego.com/imgHD/9404f147/20260129/cmp_i1769666698967_4460_0_1.jpg"", ""https://xcimg.szwego.com/imgHD/9404f147/20260129/cmp_i1769666698508_7347_0_2.jpg"", ""https://xcimg.szwego.com/imgHD/9404f147/20260129/cmp_i1769666690436_1450_0_3.jpg"", ""https://xcimg.szwego.com/imgHD/9404f147/20260129/cmp_i1769666691825_1171_0_4.jpg"", ""https://xcimg.szwego.com/imgHD/9404f147/20260129/cmp_i1769666697712_9357_0_5.jpg"", ""https://xcimg.szwego.com/imgHD/9404f147/20260129/cmp_i1769666697713_3462_0_6.jpg"", ""https://xcimg.szwego.com/imgHD/9404f147/20260129/cmp_i1769666691842_909_0_7.jpg"", ""https://xcimg.szwego.com/imgHD/9404f147/20260129/cmp_i1769666691814_4615_0_8.jpg""]"
_dxqrSmX9QPpN71yJszFX5RdP57sOPRbYuHbZUbw;;BUR 26S 金色亮丝骑士图案针织T恤 采用细腻的亮丝混纺面料 呈现出低调细闪奢华的光泽感，经典圆领短袖剪裁 胸前白色骑士徽标刺绣极具辨识度，显现英伦风;0;;lrg3k8cd5bgw3jv;;Для женщин;"[""https://xcimg.szwego.com/imgHD/9404f147/20260129/cmp_i1769666452870_2366_0_0.jpg"", ""https://xcimg.szwego.com/imgHD/9404f147/20260129/cmp_i1769666452881_4771_0_1.jpg"", ""https://xcimg.szwego.com/imgHD/9404f147/20260129/cmp_i1769666465183_4892_0_2.jpg"", ""https://xcimg.szwego.com/imgHD/9404f147/20260129/cmp_i1769666452813_1557_0_3.jpg"", ""https://xcimg.szwego.com/imgHD/9404f147/20260129/cmp_i1769666465215_9914_0_4.jpg"", ""https://xcimg.szwego.com/imgHD/9404f147/20260129/cmp_i1769666465073_8140_0_5.jpg"", ""https://xcimg.szwego.com/imgHD/9404f147/20260129/cmp_i1769666452729_8486_0_6.jpg"", ""https://xcimg.szwego.com/imgHD/9404f147/20260129/cmp_i1769666465166_5578_0_7.jpg"", ""https://xcimg.szwego.com/imgHD/9404f147/20260129/cmp_i1769666452937_8021_0_8.jpg""]"
_daxrS5s0mB2tRk_cX2B5qWjSdcKJ5hkA-480e3A;;LOE 26S卡通刺绣米白色圆领毛衣 细腻的羊毛混纺材质打造 整体呈现温柔的奶油质感，衣身遍布精致的小动物刺绣图案包括兔子 小熊 花朵等，色彩柔和 充满童趣与艺术感;0;;lrg3k8cd5bgw3jv;;Для женщин;"[""https://xcimg.szwego.com/imgHD/9404f147/20260129/cmp_i1769665992056_7451_0_0.jpg"", ""https://xcimg.szwego.com/imgHD/9404f147/20260129/cmp_i1769665996051_270_0_1.jpg"", ""https://xcimg.szwego.com/imgHD/9404f147/20260129/cmp_i1769665997706_3658_0_2.jpg"", ""https://xcimg.szwego.com/imgHD/9404f147/20260129/cmp_i1769666005611_6786_0_3.jpg"", ""https://xcimg.szwego.com/imgHD/9404f147/20260129/cmp_i1769665991272_4281_0_4.jpg"", ""https://xcimg.szwego.com/imgHD/9404f147/20260129/cmp_i1769665996051_9337_0_5.jpg"", ""https://xcimg.szwego.com/imgHD/9404f147/20260129/cmp_i1769665991270_6071_0_6.jpg"", ""https://xcimg.szwego.com/imgHD/9404f147/20260129/cmp_i1769666006036_5600_0_7.jpg"", ""https://xcimg.szwego.com/imgHD/9404f147/20260129/cmp_i1769665997657_2324_0_8.jpg""]"
_d8prSn35OZjEh5kDjv4sBJQ5mk_4iWgl4BjpEMg;;PRA 26S 黑色工装腰带包臀立体短裙 极具街头机能感的工装短裙 采用高光泽感尼龙面料，搭配松紧腰头+金属扣带设计 两侧大口袋实用又具有风格 中性利落;0;;lrg3k8cd5bgw3jv;;Для женщин;"[""https://xcimg.szwego.com/imgHD/9404f147/20260128/cmp_i1769583102026_5122_0_2.jpg"", ""https://xcimg.szwego.com/imgHD/9404f147/20260128/cmp_i1769584263422_9086_0_1.jpg"", ""https://xcimg.szwego.com/imgHD/9404f147/20260128/cmp_i1769584244904_5779_0_2.jpg"", ""https://xcimg.szwego.com/imgHD/9404f147/20260128/cmp_i1769584245145_1200_0_3.jpg"", ""https://xcimg.szwego.com/imgHD/9404f147/20260128/cmp_i1769584262712_3151_0_4.jpg"", ""https://xcimg.szwego.com/imgHD/9404f147/20260128/cmp_i1769584244618_9997_0_5.jpg"", ""https://xcimg.szwego.com/imgHD/9404f147/20260128/cmp_i1769584244618_5664_0_6.jpg"", ""https://xcimg.szwego.com/imgHD/9404f147/20260128/cmp_i1769584263412_6308_0_7.jpg"", ""https://xcimg.szwego.com/imgHD/9404f147/20260128/cmp_i1769584245161_7664_0_8.jpg""]"
_dxArSrgzlE4SyQw8l1sCtUwXRqAUKwcaId5FRDw;;PRA 26S 翻领刺绣白色短袖衬衫 简约利落的白色棉质廓形 左下角品牌刺绣 方正版型宽松，面料轻盈挺括 既保留了经典衬衫的正式感，短袖设计宽松剪裁增添了休闲与随性;0;;lrg3k8cd5bgw3jv;;Для женщин;"[""https://xcimg.szwego.com/imgHD/9404f147/20260128/cmp_i1769583112546_2076_0_0.jpg"", ""https://xcimg.szwego.com/imgHD/9404f147/20260128/cmp_i1769583102026_6886_0_1.jpg"", ""https://xcimg.szwego.com/imgHD/9404f147/20260128/cmp_i1769583102026_5122_0_2.jpg"", ""https://xcimg.szwego.com/imgHD/9404f147/20260128/cmp_i1769583109133_6823_0_3.jpg"", ""https://xcimg.szwego.com/imgHD/9404f147/20260128/cmp_i1769583102025_1064_0_4.jpg"", ""https://xcimg.szwego.com/imgHD/9404f147/20260128/cmp_i1769583109123_8873_0_5.jpg"", ""https://xcimg.szwego.com/imgHD/9404f147/20260128/cmp_i1769583102026_6075_0_6.jpg"", ""https://xcimg.szwego.com/imgHD/9404f147/20260128/cmp_i1769583112540_9332_0_7.jpg"", ""https://xcimg.szwego.com/imgHD/9404f147/20260128/cmp_i1769583102026_6987_0_8.jpg""]"
_dvjrSa0sRBsu_krZdJ3uBkTpb2ImeqJC7CeO5cw;;PRA 26S 珐琅彩黑白三角徽标黑色T恤 标志性黑T纯棉材质 胸前银色三角标logo点睛之笔 低调又不失辨识度，领袖口下摆磨毛破洞 打造慵懒随性的时髦感;0;;lrg3k8cd5bgw3jv;;Для женщин;"[""https://xcimg.szwego.com/imgHD/9404f147/20260128/cmp_i1769578705868_4870_0_1.jpg"", ""https://xcimg.szwego.com/imgHD/9404f147/20260128/cmp_i1769579214725_5326_0_1.jpg"", ""https://xcimg.szwego.com/imgHD/9404f147/20260128/cmp_i1769578911234_4802_0_2.jpg"", ""https://xcimg.szwego.com/imgHD/9404f147/20260128/cmp_i1769578911234_5427_0_3.jpg"", ""https://xcimg.szwego.com/imgHD/9404f147/20260128/cmp_i1769578910967_8293_0_4.jpg"", ""https://xcimg.szwego.com/imgHD/9404f147/20260128/cmp_i1769579214333_1060_0_5.jpg"", ""https://xcimg.szwego.com/imgHD/9404f147/20260128/cmp_i1769578910968_2141_0_6.jpg"", ""https://xcimg.szwego.com/imgHD/9404f147/20260128/cmp_i1769579214745_6332_0_7.jpg"", ""https://xcimg.szwego.com/imgHD/9404f147/20260128/cmp_i1769578911220_2042_0_8.jpg""]"
_do4rSndTPHOaHspN6Ym9MsoAZA65V2RZ9jeNpeg;;PRA 26S 珐琅彩粉色三角徽标短袖白T恤 标志性白T纯棉材质 胸前粉色三角标logo点睛之笔 低调又不失辨识度，领袖口下摆磨毛破洞 打造慵懒随性的时髦感;0;;lrg3k8cd5bgw3jv;;Для женщин;"[""https://xcimg.szwego.com/imgHD/9404f147/20260128/cmp_i1769578486203_8444_0_0.jpg"", ""https://xcimg.szwego.com/imgHD/9404f147/20260128/cmp_i1769578486168_1488_0_1.jpg"", ""https://xcimg.szwego.com/imgHD/9404f147/20260128/cmp_i1769578480936_12_0_2.jpg"", ""https://xcimg.szwego.com/imgHD/9404f147/20260128/cmp_i1769578485666_4594_0_3.jpg"", ""https://xcimg.szwego.com/imgHD/9404f147/20260128/cmp_i1769578486128_7063_0_4.jpg"", ""https://xcimg.szwego.com/imgHD/9404f147/20260128/cmp_i1769578480357_3582_0_5.jpg"", ""https://xcimg.szwego.com/imgHD/9404f147/20260128/cmp_i1769577638964_7712_0_4.jpg"", ""https://xcimg.szwego.com/imgHD/9404f147/20260128/cmp_i1769578480933_1175_0_7.jpg"", ""https://xcimg.szwego.com/imgHD/9404f147/20260128/cmp_i1769578480591_4471_0_8.jpg""]"
_dicrSuNhKTHIrp-yw24Nii4DLY7UKUmVJBLsQVw;;PRA 26S 珐琅彩黑白三角徽标长袖黑T恤 标志性黑T纯棉材质 胸前银色三角标logo点睛之笔 低调又不失辨识度，领袖口下摆磨毛破洞 打造慵懒随性的时髦感;0;;lrg3k8cd5bgw3jv;;Для женщин;"[""https://xcimg.szwego.com/imgHD/9404f147/20260128/cmp_i1769577878206_9914_0_0.jpg"", ""https://xcimg.szwego.com/imgHD/9404f147/20260128/cmp_i1769577878435_3326_0_1.jpg"", ""https://xcimg.szwego.com/imgHD/9404f147/20260128/cmp_i1769577878210_3520_0_2.jpg"", ""https://xcimg.szwego.com/imgHD/9404f147/20260128/cmp_i1769577889043_7346_0_3.jpg"", ""https://xcimg.szwego.com/imgHD/9404f147/20260128/cmp_i1769577872796_4745_0_4.jpg"", ""https://xcimg.szwego.com/imgHD/9404f147/20260128/cmp_i1769577877979_3638_0_5.jpg"", ""https://xcimg.szwego.com/imgHD/9404f147/20260128/cmp_i1769577877978_5108_0_6.jpg"", ""https://xcimg.szwego.com/imgHD/9404f147/20260128/cmp_i1769577891167_5413_0_7.jpg"", ""https://xcimg.szwego.com/imgHD/9404f147/20260128/cmp_i1769577873058_1080_0_8.jpg""]"
_d9SrStvoC0n6myNY3qdVx-cBc9CCTKzvrH8YcAQ;;PRA 26S 珐琅彩粉色三角徽标长袖白T恤 标志性白T纯棉材质 胸前粉色三角标logo点睛之笔 低调又不失辨识度，领袖口下摆磨毛破洞 打造慵懒随性的时髦感;0;;lrg3k8cd5bgw3jv;;Для женщин;"[""https://xcimg.szwego.com/imgHD/9404f147/20260128/cmp_i1769577634442_5797_0_0.jpg"", ""https://xcimg.szwego.com/imgHD/9404f147/20260128/cmp_i1769577634397_438_0_1.jpg"", ""https://xcimg.szwego.com/imgHD/9404f147/20260128/cmp_i1769577638963_5898_0_2.jpg"", ""https://xcimg.szwego.com/imgHD/9404f147/20260128/cmp_i1769577633832_9527_0_3.jpg"", ""https://xcimg.szwego.com/imgHD/9404f147/20260128/cmp_i1769577638964_7712_0_4.jpg"", ""https://xcimg.szwego.com/imgHD/9404f147/20260128/cmp_i1769577633833_3611_0_5.jpg"", ""https://xcimg.szwego.com/imgHD/9404f147/20260128/cmp_i1769577634072_1852_0_6.jpg"", ""https://xcimg.szwego.com/imgHD/9404f147/20260128/cmp_i1769577639394_9245_0_7.jpg"", ""https://xcimg.szwego.com/imgHD/9404f147/20260128/cmp_i1769577638966_3072_0_8.jpg""]"
_dqurSZ_tK9Ov8EzCM4y4cC1jZJ6h4rqKSxSvUhw;;PRA 26S 黑色三角徽标棉质T恤 纯棉天然透气亲肤 罗纹领三角形徽标点缀与这款圆领短袖之上、长绒棉通过双面丝光工艺处理 罗纹针织圆领 男女同款顶级品质;0;;lrg3k8cd5bgw3jv;;Для женщин;"[""https://xcimg.szwego.com/imgHD/9404f147/20260128/cmp_i1769577030809_2934_0_0.jpg"", ""https://xcimg.szwego.com/imgHD/9404f147/20260128/cmp_i1769577039476_116_0_1.jpg"", ""https://xcimg.szwego.com/imgHD/9404f147/20260128/cmp_i1769577039315_5802_0_2.jpg"", ""https://xcimg.szwego.com/imgHD/9404f147/20260128/cmp_i1769577030372_8773_0_3.jpg"", ""https://xcimg.szwego.com/imgHD/9404f147/20260128/cmp_i1769577039314_9843_0_4.jpg"", ""https://xcimg.szwego.com/imgHD/9404f147/20260128/cmp_i1769577043923_1351_0_5.jpg"", ""https://xcimg.szwego.com/imgHD/9404f147/20260128/cmp_i1769577030045_7987_0_6.jpg"", ""https://xcimg.szwego.com/imgHD/9404f147/20260128/cmp_i1769577030743_6848_0_7.jpg"", ""https://xcimg.szwego.com/imgHD/9404f147/20260128/cmp_i1769577030360_5602_0_8.jpg""]"
_du1rSGErVvBnhBisMK0doksYNWzLPRIs-ReFpyw;;PRA 26S 绿宝石金棕色羊毛针织毛衣 宝石绿珠宝配饰点缀这款短袖毛衣，采用羊毛和羊绒纱线制作 赋予轮廓柔软和结构感，并在圆领处饰以水晶装饰 高贵迷人;0;;lrg3k8cd5bgw3jv;;Для женщин;"[""https://xcimg.szwego.com/imgHD/9404f147/20260128/cmp_i1769575315401_2744_0_1.jpg"", ""https://xcimg.szwego.com/imgHD/9404f147/20260128/cmp_i1769575327462_8141_0_0.jpg"", ""https://xcimg.szwego.com/imgHD/9404f147/20260128/cmp_i1769575327450_3809_0_2.jpg"", ""https://xcimg.szwego.com/imgHD/9404f147/20260128/cmp_i1769575314870_2804_0_3.jpg"", ""https://xcimg.szwego.com/imgHD/9404f147/20260128/cmp_i1769575315340_3862_0_4.jpg"", ""https://xcimg.szwego.com/imgHD/9404f147/20260128/cmp_i1769575315350_5547_0_5.jpg"", ""https://xcimg.szwego.com/imgHD/9404f147/20260128/cmp_i1769575327344_6688_0_6.jpg"", ""https://xcimg.szwego.com/imgHD/9404f147/20260128/cmp_i1769575327454_2472_0_7.jpg"", ""https://xcimg.szwego.com/imgHD/9404f147/20260128/cmp_i1769575315408_1246_0_8.jpg""]"
_dnUrSLR8mWsV6iBqyQFs7JXPlwKU2ObGyqzmZ5w;;LOUIS 26S 老花米色拼接双面呢圆领大衣 经典与现代的完美融合 米色羊毛质感大衣主体搭配标志性的老花，拼接徽章侧边贴标设计 显现品牌感 版型宽松落肩设计自带慵懒氛围;0;;lrg3k8cd5bgw3jv;;Для женщин;"[""https://xcimg.szwego.com/imgHD/9404f147/20260127/cmp_i1769488984569_5881_0_0.jpg"", ""https://xcimg.szwego.com/imgHD/9404f147/20260127/cmp_i1769489006776_6669_0_1.jpg"", ""https://xcimg.szwego.com/imgHD/9404f147/20260127/cmp_i1769488984474_5012_0_2.jpg"", ""https://xcimg.szwego.com/imgHD/9404f147/20260127/cmp_i1769489006784_6558_0_3.jpg"", ""https://xcimg.szwego.com/imgHD/9404f147/20260127/cmp_i1769488984638_3250_0_4.jpg"", ""https://xcimg.szwego.com/imgHD/9404f147/20260127/cmp_i1769488978770_3544_0_5.jpg"", ""https://xcimg.szwego.com/imgHD/9404f147/20260127/cmp_i1769489007170_991_0_6.jpg"", ""https://xcimg.szwego.com/imgHD/9404f147/20260127/cmp_i1769488984238_1179_0_7.jpg"", ""https://xcimg.szwego.com/imgHD/9404f147/20260127/cmp_i1769488984325_1736_0_8.jpg""]"
_dtwrSXa-2TQmZcOUM83KCxiccJW7AcGjvkrmAWg;;LOUIS 26S 棕色羊毛牛角扣学院风大衣 采用经典Duffle Coat廓形 搭配品牌标志性牛角扣和立体贴袋设计，翻领厚实羊毛整体质感厚实高级 自带复古学院英伦风;0;;lrg3k8cd5bgw3jv;;Для женщин;"[""https://xcimg.szwego.com/imgHD/9404f147/20260127/cmp_i1769487887000_6052_0_1.jpg"", ""https://xcimg.szwego.com/imgHD/9404f147/20260127/cmp_i1769487874735_2894_0_0.jpg"", ""https://xcimg.szwego.com/imgHD/9404f147/20260127/cmp_i1769487875481_339_0_2.jpg"", ""https://xcimg.szwego.com/imgHD/9404f147/20260127/cmp_i1769487882708_6816_0_3.jpg"", ""https://xcimg.szwego.com/imgHD/9404f147/20260127/cmp_i1769487886915_3170_0_4.jpg"", ""https://xcimg.szwego.com/imgHD/9404f147/20260127/cmp_i1769487886886_1014_0_5.jpg"", ""https://xcimg.szwego.com/imgHD/9404f147/20260127/cmp_i1769487875385_9155_0_6.jpg"", ""https://xcimg.szwego.com/imgHD/9404f147/20260127/cmp_i1769487882697_8381_0_7.jpg"", ""https://xcimg.szwego.com/imgHD/9404f147/20260127/cmp_i1769487882716_3228_0_8.jpg""]"
_dqlrSqHw2pb05w67nfaJ5jtld4tsyP9fjs_MU1A;;LOUIS 26S 米白拼咖色老花绑带连帽大衣 经典双面设计 外层米白羊毛混纺面料，内衬则是标志性的Monogram老花图案，超大翻领搭配腰带 兼具高级质感与品牌辨识度;0;;lrg3k8cd5bgw3jv;;Для женщин;"[""https://xcimg.szwego.com/imgHD/9404f147/20260127/cmp_i1769486907487_3270_0_0.jpg"", ""https://xcimg.szwego.com/imgHD/9404f147/20260127/cmp_i1769486907499_4399_0_2.jpg"", ""https://xcimg.szwego.com/imgHD/9404f147/20260127/cmp_i1769486914985_8022_0_1.jpg"", ""https://xcimg.szwego.com/imgHD/9404f147/20260127/cmp_i1769486907028_9470_0_3.jpg"", ""https://xcimg.szwego.com/imgHD/9404f147/20260127/cmp_i1769486914978_5972_0_4.jpg"", ""https://xcimg.szwego.com/imgHD/9404f147/20260127/cmp_i1769486907031_8118_0_5.jpg"", ""https://xcimg.szwego.com/imgHD/9404f147/20260127/cmp_i1769486914575_4214_0_6.jpg"", ""https://xcimg.szwego.com/imgHD/9404f147/20260127/cmp_i1769486907028_6988_0_7.jpg"", ""https://xcimg.szwego.com/imgHD/9404f147/20260127/cmp_i1769486914576_7852_0_8.jpg""]"
_dlZrS-oxdlyzoVAvzbZfJVTVYs8E8IeIFjWBEDA;;LOUIS 26S 牛仔蓝粗花呢连帽短夹克 夹克以羊毛混纺浸染柔和色调，YB粗花呢呈现出肌理感 老花全副造型 连帽短夹克，下摆弹力收腰 大号贴袋和皮革拉链完善整体;0;;lrg3k8cd5bgw3jv;;Для женщин;"[""https://xcimg.szwego.com/imgHD/9404f147/20260127/cmp_i1769486111326_4339_0_0.jpg"", ""https://xcimg.szwego.com/imgHD/9404f147/20260127/cmp_i1769486111472_3152_0_1.jpg"", ""https://xcimg.szwego.com/imgHD/9404f147/20260127/cmp_i1769486111218_5001_0_2.jpg"", ""https://xcimg.szwego.com/imgHD/9404f147/20260127/cmp_i1769486103690_5334_0_3.jpg"", ""https://xcimg.szwego.com/imgHD/9404f147/20260127/cmp_i1769486103698_4247_0_4.jpg"", ""https://xcimg.szwego.com/imgHD/9404f147/20260127/cmp_i1769486110940_1151_0_5.jpg"", ""https://xcimg.szwego.com/imgHD/9404f147/20260127/cmp_i1769486103676_7309_0_6.jpg"", ""https://xcimg.szwego.com/imgHD/9404f147/20260127/cmp_i1769486116533_5106_0_7.jpg"", ""https://xcimg.szwego.com/imgHD/9404f147/20260127/cmp_i1769486111549_9529_0_8.jpg""]"
_d-zrSB3nnkiSVEUKz4HpFsxyxHkO0qWrrNsP_7A;;LOUIS 26S 老花双面呢米色廓形短款大衣 老花拼接米色大衣 采用经典Monogram老花与双面呢 拼接羊皮走线轮廓设计，廓形宽松 肩部线条利落 侧方扣 内里绑带，顶级品质慵懒造型;0;;lrg3k8cd5bgw3jv;;Для женщин;"[""https://xcimg.szwego.com/imgHD/9404f147/20260127/cmp_i1769485474638_6214_0_1.jpg"", ""https://xcimg.szwego.com/imgHD/9404f147/20260127/cmp_i1769485483461_5741_0_0.jpg"", ""https://xcimg.szwego.com/imgHD/9404f147/20260127/cmp_i1769485474634_4889_0_2.jpg"", ""https://xcimg.szwego.com/imgHD/9404f147/20260127/cmp_i1769485475184_6230_0_3.jpg"", ""https://xcimg.szwego.com/imgHD/9404f147/20260127/cmp_i1769485483452_2942_0_4.jpg"", ""https://xcimg.szwego.com/imgHD/9404f147/20260127/cmp_i1769485483418_6286_0_5.jpg"", ""https://xcimg.szwego.com/imgHD/9404f147/20260127/cmp_i1769485475154_9855_0_6.jpg"", ""https://xcimg.szwego.com/imgHD/9404f147/20260127/cmp_i1769485475261_7286_0_7.jpg"", ""https://xcimg.szwego.com/imgHD/9404f147/20260127/cmp_i1769485483430_3289_0_8.jpg""]"
_daZrSWvL6Q4sV_8FF-uVYZC3ZQVj5HL_Jpf6xMA;;LOUIS 26S 灰色短款定位抽绳连帽卫衣 采用经典灰调混色太空棉质面料，版型宽松 低调刺绣Logo 阔型简约高级、定位字母抽绳刺绣 短款设计拉腿部比例;0;;lrg3k8cd5bgw3jv;;Для женщин;"[""https://xcimg.szwego.com/imgHD/9404f147/20260127/cmp_i1769483705943_9094_0_0.jpg"", ""https://xcimg.szwego.com/imgHD/9404f147/20260127/cmp_i1769483709585_6670_0_1.jpg"", ""https://xcimg.szwego.com/imgHD/9404f147/20260127/cmp_i1769483705981_8166_0_2.jpg"", ""https://xcimg.szwego.com/imgHD/9404f147/20260127/cmp_i1769483701024_5606_0_3.jpg"", ""https://xcimg.szwego.com/imgHD/9404f147/20260127/cmp_i1769483701141_7365_0_4.jpg"", ""https://xcimg.szwego.com/imgHD/9404f147/20260127/cmp_i1769483701084_1849_0_5.jpg"", ""https://xcimg.szwego.com/imgHD/9404f147/20260127/cmp_i1769483700366_9653_0_6.jpg"", ""https://xcimg.szwego.com/imgHD/9404f147/20260127/cmp_i1769483701101_3543_0_7.jpg"", ""https://xcimg.szwego.com/imgHD/9404f147/20260127/cmp_i1769483705928_7069_0_8.jpg""]"
_dcyrSFBKU8Rs4s0XKJF8_PUd_wT_g6h9XWm51MA;;LOUIS 26S 立体老花棕色金扣羊毛开衫 开衫取材柔暖绵羊毛和山羊绒混纺 以毛巾布质感烘托立体Monogram花卉图案，厚实罗纹下摆定格宽松廓形 金扣点缀造型;0;;lrg3k8cd5bgw3jv;;Для женщин;"[""https://xcimg.szwego.com/imgHD/9404f147/20260127/cmp_i1769483253865_7945_0_0.jpg"", ""https://xcimg.szwego.com/imgHD/9404f147/20260127/cmp_i1769483246177_317_0_1.jpg"", ""https://xcimg.szwego.com/imgHD/9404f147/20260127/cmp_i1769483246217_4429_0_2.jpg"", ""https://xcimg.szwego.com/imgHD/9404f147/20260127/cmp_i1769483246125_5890_0_3.jpg"", ""https://xcimg.szwego.com/imgHD/9404f147/20260127/cmp_i1769483250675_7216_0_4.jpg"", ""https://xcimg.szwego.com/imgHD/9404f147/20260127/cmp_i1769483246078_7399_0_5.jpg"", ""https://xcimg.szwego.com/imgHD/9404f147/20260127/cmp_i1769483246184_1645_0_6.jpg"", ""https://xcimg.szwego.com/imgHD/9404f147/20260127/cmp_i1769483253751_6598_0_7.jpg"", ""https://xcimg.szwego.com/imgHD/9404f147/20260127/cmp_i1769483253837_9151_0_8.jpg""]"
_dq2rSgz4PCJYmQ1BT82rCLvRfuJlhkBv9ixPxXw;;LOUIS 26S 老花浮雕短款七分袖羊毛夹克 绵羊毛和山羊绒混纺毛巾布，其上浮现全幅 Monogram花卉的立体肌理 短款廓形搭配七分袖设计 夹扣收束利落前襟;0;;lrg3k8cd5bgw3jv;;Для женщин;"[""https://xcimg.szwego.com/imgHD/9404f147/20260127/cmp_i1769482926131_1625_0_0.jpg"", ""https://xcimg.szwego.com/imgHD/9404f147/20260127/cmp_i1769482926092_6729_0_1.jpg"", ""https://xcimg.szwego.com/imgHD/9404f147/20260127/cmp_i1769482930499_3567_0_2.jpg"", ""https://xcimg.szwego.com/imgHD/9404f147/20260127/cmp_i1769482925413_9005_0_3.jpg"", ""https://xcimg.szwego.com/imgHD/9404f147/20260127/cmp_i1769482930257_1236_0_4.jpg"", ""https://xcimg.szwego.com/imgHD/9404f147/20260127/cmp_i1769482930033_4410_0_5.jpg"", ""https://xcimg.szwego.com/imgHD/9404f147/20260127/cmp_i1769482807866_8_0_6.jpg"", ""https://xcimg.szwego.com/imgHD/9404f147/20260127/cmp_i1769482926048_1493_0_7.jpg"", ""https://xcimg.szwego.com/imgHD/9404f147/20260127/cmp_i1769482930450_6335_0_8.jpg""]"
_dk-rSnLmqRZMp_6iJpWjYksMW_yr9QE2HUn7G7g;;LOUIS 26S 老花浮雕羊毛针织半身裙 丰盈毛绒混纺呈现毛巾布的细腻肌理，搭配全幅Monogram花卉凸纹 罗纹腰部可通过抽绳系紧 令休闲设计流露运动活力;0;;lrg3k8cd5bgw3jv;;Для женщин;"[""https://xcimg.szwego.com/imgHD/9404f147/20260127/cmp_i1769482820732_1458_0_0.jpg"", ""https://xcimg.szwego.com/imgHD/9404f147/20260127/cmp_i1769482808453_7683_0_1.jpg"", ""https://xcimg.szwego.com/imgHD/9404f147/20260127/cmp_i1769482819555_5890_0_2.jpg"", ""https://xcimg.szwego.com/imgHD/9404f147/20260127/cmp_i1769482807864_4796_0_3.jpg"", ""https://xcimg.szwego.com/imgHD/9404f147/20260127/cmp_i1769482803343_5470_0_4.jpg"", ""https://xcimg.szwego.com/imgHD/9404f147/20260127/cmp_i1769482807868_1774_0_5.jpg"", ""https://xcimg.szwego.com/imgHD/9404f147/20260127/cmp_i1769482807866_8_0_6.jpg"", ""https://xcimg.szwego.com/imgHD/9404f147/20260127/cmp_i1769482808355_1021_0_7.jpg"", ""https://xcimg.szwego.com/imgHD/9404f147/20260127/cmp_i1769482820413_1106_0_8.jpg""]"
_dp1rSKKKgdUArxksTrsLSkU1xRxHdEN1WIxpfSg;;DIO 26S 立体蝴蝶刺绣马海毛针织两件套 采用白色羊驼毛山羊绒和桑蚕丝混纺针织面料，包含一件圆领背心和一件纽扣开衫、多色蝴蝶花卉图案 呈现柔和的水彩效果;0;;lrg3k8cd5bgw3jv;;Для женщин;"[""https://xcimg.szwego.com/imgHD/9404f147/20260126/cmp_i1769404077314_6895_0_0.jpg"", ""https://xcimg.szwego.com/imgHD/9404f147/20260126/cmp_i1769404084768_8835_0_1.jpg"", ""https://xcimg.szwego.com/imgHD/9404f147/20260126/cmp_i1769404084707_1816_0_2.jpg"", ""https://xcimg.szwego.com/imgHD/9404f147/20260126/cmp_i1769404076143_6222_0_3.jpg"", ""https://xcimg.szwego.com/imgHD/9404f147/20260126/cmp_i1769404077030_3411_0_4.jpg"", ""https://xcimg.szwego.com/imgHD/9404f147/20260126/cmp_i1769404071364_3674_0_5.jpg"", ""https://xcimg.szwego.com/imgHD/9404f147/20260126/cmp_i1769404076876_3600_0_6.jpg"", ""https://xcimg.szwego.com/imgHD/9404f147/20260126/cmp_i1769404084750_489_0_7.jpg"", ""https://xcimg.szwego.com/imgHD/9404f147/20260126/cmp_i1769404084747_2136_0_8.jpg""]"
_dtirSMxkFlMafOtI39L-tqV4KY5axx-C5ZyWe1g;;DIO 26S 金色飞马刺绣羊绒短袖针织衫 奶油白为底色 金色飞马与花卉刺绣 设计浪漫又不失高级感，羊绒短袖针织的版型兼具春夏的清爽与秋冬的温暖，泡泡袖打造法式优雅;0;;lrg3k8cd5bgw3jv;;Для женщин;"[""https://xcimg.szwego.com/imgHD/9404f147/20260126/cmp_i1769403773246_1113_0_0.jpg"", ""https://xcimg.szwego.com/imgHD/9404f147/20260126/cmp_i1769403773269_8086_0_1.jpg"", ""https://xcimg.szwego.com/imgHD/9404f147/20260126/cmp_i1769403772923_3635_0_2.jpg"", ""https://xcimg.szwego.com/imgHD/9404f147/20260126/cmp_i1769403768981_261_0_3.jpg"", ""https://xcimg.szwego.com/imgHD/9404f147/20260126/cmp_i1769403768990_2760_0_4.jpg"", ""https://xcimg.szwego.com/imgHD/9404f147/20260126/cmp_i1769403769103_5010_0_5.jpg"", ""https://xcimg.szwego.com/imgHD/9404f147/20260126/cmp_i1769403772609_6273_0_6.jpg"", ""https://xcimg.szwego.com/imgHD/9404f147/20260126/cmp_i1769403768977_9290_0_7.jpg"", ""https://xcimg.szwego.com/imgHD/9404f147/20260126/cmp_i1769403772918_3020_0_8.jpg""]"
_drFrSyQQtdoP--M9htvHYdt2MzqhKgqIqqKh3KA;;DIO 26S Mariniere条纹字母针织衫 轻盈的海军蓝色和白色山羊绒和桑蚕丝混纺针织面料精心制作，正面饰以CD 8字母标志提高格调 可提升全年各式休闲造型 彰显鲜明风格;0;;lrg3k8cd5bgw3jv;;Для женщин;"[""https://xcimg.szwego.com/imgHD/9404f147/20260126/cmp_i1769403446383_2287_0_0.jpg"", ""https://xcimg.szwego.com/imgHD/9404f147/20260126/cmp_i1769403449704_5294_0_1.jpg"", ""https://xcimg.szwego.com/imgHD/9404f147/20260126/cmp_i1769403449689_5254_0_2.jpg"", ""https://xcimg.szwego.com/imgHD/9404f147/20260126/cmp_i1769403441641_5310_0_3.jpg"", ""https://xcimg.szwego.com/imgHD/9404f147/20260126/cmp_i1769403449738_7058_0_4.jpg"", ""https://xcimg.szwego.com/imgHD/9404f147/20260126/cmp_i1769403445732_2231_0_5.jpg"", ""https://xcimg.szwego.com/imgHD/9404f147/20260126/cmp_i1769403441690_8486_0_6.jpg"", ""https://xcimg.szwego.com/imgHD/9404f147/20260126/cmp_i1769403446348_5210_0_7.jpg"", ""https://xcimg.szwego.com/imgHD/9404f147/20260126/cmp_i1769403446296_3347_0_8.jpg""]"
_dtZrSFAcQxR9WCGEDkw8CP7fr6wY97Mv_NHtHKQ;;DIO 26S 金色独角兽棉质印花T恤 棉质+亚麻面料 圆领设计搭配金色独角兽与花卉印花，整体风格兼具梦幻感与高级 日常或个性出街造型 可叠穿提升穿搭层次感;0;;lrg3k8cd5bgw3jv;;Для женщин;"[""https://xcimg.szwego.com/imgHD/9404f147/20260126/cmp_i1769403117410_3214_0_0.jpg"", ""https://xcimg.szwego.com/imgHD/9404f147/20260126/cmp_i1769403111722_7314_0_1.jpg"", ""https://xcimg.szwego.com/imgHD/9404f147/20260126/cmp_i1769403111580_2751_0_2.jpg"", ""https://xcimg.szwego.com/imgHD/9404f147/20260126/cmp_i1769403124356_6081_0_3.jpg"", ""https://xcimg.szwego.com/imgHD/9404f147/20260126/cmp_i1769403117354_1697_0_4.jpg"", ""https://xcimg.szwego.com/imgHD/9404f147/20260126/cmp_i1769403117384_4127_0_5.jpg"", ""https://xcimg.szwego.com/imgHD/9404f147/20260126/cmp_i1769403116738_9729_0_6.jpg"", ""https://xcimg.szwego.com/imgHD/9404f147/20260126/cmp_i1769403111637_6105_0_7.jpg"", ""https://xcimg.szwego.com/imgHD/9404f147/20260126/cmp_i1769403111670_739_0_8.jpg""]"
_du2rS0EqQNRlLi9o8K7iCBLrPMENZ0FOq70hNrg;;DIO 26S 蓝棕格纹立体蝴蝶结针织毛衣 经典千鸟格羊毛材质 搭配蓝色丝质蝴蝶结点缀、兼具复古优雅与法式浪漫，针织材质柔软亲肤 蓝棕撞色明艳 精致可爱;0;;lrg3k8cd5bgw3jv;;Для женщин;"[""https://xcimg.szwego.com/imgHD/9404f147/20260126/cmp_i1769402880478_8548_0_0.jpg"", ""https://xcimg.szwego.com/imgHD/9404f147/20260126/cmp_i1769402885727_9566_0_1.jpg"", ""https://xcimg.szwego.com/imgHD/9404f147/20260126/cmp_i1769402885690_38_0_2.jpg"", ""https://xcimg.szwego.com/imgHD/9404f147/20260126/cmp_i1769402885659_791_0_3.jpg"", ""https://xcimg.szwego.com/imgHD/9404f147/20260126/cmp_i1769402885557_8960_0_4.jpg"", ""https://xcimg.szwego.com/imgHD/9404f147/20260126/cmp_i1769402880469_1629_0_5.jpg"", ""https://xcimg.szwego.com/imgHD/9404f147/20260126/cmp_i1769402880485_8179_0_7.jpg"", ""https://xcimg.szwego.com/imgHD/9404f147/20260126/cmp_i1769402889603_1627_0_8.jpg"", ""https://xcimg.szwego.com/imgHD/9404f147/20260126/cmp_i1769402880472_5002_0_9.jpg""]"
_dsVrSGvqKVQl43hAcmBhjhbVT9vFLw-3nIGZPEw;;DIO 26S 黑色立体蝴蝶结羊毛针织上衣 丝质蝴蝶结点缀 兼具复古优雅与法式浪漫、羊毛针织材质柔软亲肤 领口的CD标志丝带蝴蝶结是点睛之笔 自带精致高级感;0;;lrg3k8cd5bgw3jv;;Для женщин;"[""https://xcimg.szwego.com/imgHD/9404f147/20260126/cmp_i1769402705297_8208_0_0.jpg"", ""https://xcimg.szwego.com/imgHD/9404f147/20260126/cmp_i1769402699802_461_0_1.jpg"", ""https://xcimg.szwego.com/imgHD/9404f147/20260126/cmp_i1769402699783_5051_0_2.jpg"", ""https://xcimg.szwego.com/imgHD/9404f147/20260126/cmp_i1769402699751_3287_0_3.jpg"", ""https://xcimg.szwego.com/imgHD/9404f147/20260126/cmp_i1769402699819_7205_0_4.jpg"", ""https://xcimg.szwego.com/imgHD/9404f147/20260126/cmp_i1769402699763_7046_0_5.jpg"", ""https://xcimg.szwego.com/imgHD/9404f147/20260126/cmp_i1769402705309_8666_0_6.jpg"", ""https://xcimg.szwego.com/imgHD/9404f147/20260126/cmp_i1769402705347_521_0_7.jpg"", ""https://xcimg.szwego.com/imgHD/9404f147/20260126/cmp_i1769402705302_2185_0_8.jpg""]"
_dkBrScrlmtW-vV9I62WOhaFJizxdcwQ0rw2tiGA;;DIO 26S 米色连帽蝴蝶结字母刺绣卫衣 采用柔和的麻灰色调 搭配蝴蝶结立体刺绣字母轮廓设计、面料为柔软棉质混纺 版型宽松但不拖沓 整体风格兼具高级感与休闲气质;0;;lrg3k8cd5bgw3jv;;Для женщин;"[""https://xcimg.szwego.com/imgHD/9404f147/20260126/cmp_i1769402318683_440_0_0.jpg"", ""https://xcimg.szwego.com/imgHD/9404f147/20260126/cmp_i1769402318665_9050_0_1.jpg"", ""https://xcimg.szwego.com/imgHD/9404f147/20260126/cmp_i1769402318670_9221_0_2.jpg"", ""https://xcimg.szwego.com/imgHD/9404f147/20260126/cmp_i1769402318633_5347_0_3.jpg"", ""https://xcimg.szwego.com/imgHD/9404f147/20260126/cmp_i1769402318743_6811_0_4.jpg"", ""https://xcimg.szwego.com/imgHD/9404f147/20260126/cmp_i1769402324516_6917_0_5.jpg"", ""https://xcimg.szwego.com/imgHD/9404f147/20260126/cmp_i1769402324554_2784_0_6.jpg"", ""https://xcimg.szwego.com/imgHD/9404f147/20260126/cmp_i1769402324547_3941_0_7.jpg"", ""https://xcimg.szwego.com/imgHD/9404f147/20260126/cmp_i1769402324526_8439_0_8.jpg""]"
_dc0rSRAPpI4KWuJ6ynBHMQnLp5-T2S5_kl-Hlhw;;"DIO 26S 红白条纹针织刺绣翻领Polo衫 采用红白相间宽条纹设计，搭配白色翻领和小立领细节 胸前刺绣""CD""Logo低调点睛，整体剪裁 学院风与高级质感的完美融合";0;;lrg3k8cd5bgw3jv;;Для женщин;"[""https://xcimg.szwego.com/imgHD/9404f147/20260126/cmp_i1769402107351_2566_0_1.jpg"", ""https://xcimg.szwego.com/imgHD/9404f147/20260126/cmp_i1769402088834_5770_0_0.jpg"", ""https://xcimg.szwego.com/imgHD/9404f147/20260126/cmp_i1769402088834_8108_0_2.jpg"", ""https://xcimg.szwego.com/imgHD/9404f147/20260126/cmp_i1769402088834_1786_0_3.jpg"", ""https://xcimg.szwego.com/imgHD/9404f147/20260126/cmp_i1769402107364_2918_0_4.jpg"", ""https://xcimg.szwego.com/imgHD/9404f147/20260126/cmp_i1769402088834_7095_0_5.jpg"", ""https://xcimg.szwego.com/imgHD/9404f147/20260126/cmp_i1769402107385_8678_0_6.jpg"", ""https://xcimg.szwego.com/imgHD/9404f147/20260126/cmp_i1769402088834_2396_0_7.jpg"", ""https://xcimg.szwego.com/imgHD/9404f147/20260126/cmp_i1769402107352_4050_0_8.jpg""]"
_dnirSxBlfQfuG9IpYhngH6JT4jdrGMDF2fhmrTA;;MIU 26S 灰色羊毛翻领针织Polo衫 采用卷边翻领设计 胸前配有标志性miu徽标口袋、整体剪裁利落 质感高级，细腻羊绒触感柔软且有垂坠感 适合多种搭配;0;;lrg3k8cd5bgw3jv;;Для женщин;"[""https://xcimg.szwego.com/imgHD/9404f147/20260125/cmp_i1769327242870_9609_0_0.jpg"", ""https://xcimg.szwego.com/imgHD/9404f147/20260125/cmp_i1769327242887_4269_0_1.jpg"", ""https://xcimg.szwego.com/imgHD/9404f147/20260125/cmp_i1769327242927_713_0_2.jpg"", ""https://xcimg.szwego.com/imgHD/9404f147/20260125/cmp_i1769327250247_7969_0_3.jpg"", ""https://xcimg.szwego.com/imgHD/9404f147/20260125/cmp_i1769327242874_7333_0_4.jpg"", ""https://xcimg.szwego.com/imgHD/9404f147/20260125/cmp_i1769327250239_270_0_5.jpg"", ""https://xcimg.szwego.com/imgHD/9404f147/20260125/cmp_i1769327249732_4930_0_6.jpg"", ""https://xcimg.szwego.com/imgHD/9404f147/20260125/cmp_i1769327250276_395_0_7.jpg"", ""https://xcimg.szwego.com/imgHD/9404f147/20260125/cmp_i1769327242892_4312_0_8.jpg""]"
_dvbrSw_rLg-VLPLzt5gIojHlHWE530ALttXqSqA;;MIU 26S 苏格兰羊羔绒灰棕色格纹夹克 经典苏格兰格纹设计 以咖灰色与黑色交织 搭配柔软蓬松的羊羔绒材质，立领拉链设计+袖口抽绳细节 兼具复古质感与冬日暖意;0;;lrg3k8cd5bgw3jv;;Для женщин;"[""https://xcimg.szwego.com/imgHD/9404f147/20260125/cmp_i1769325374063_6936_0_0.jpg"", ""https://xcimg.szwego.com/imgHD/9404f147/20260125/cmp_i1769325374063_8016_0_1.jpg"", ""https://xcimg.szwego.com/imgHD/9404f147/20260125/cmp_i1769325374063_8102_0_2.jpg"", ""https://xcimg.szwego.com/imgHD/9404f147/20260125/cmp_i1769325378759_3930_0_3.jpg"", ""https://xcimg.szwego.com/imgHD/9404f147/20260125/cmp_i1769325381432_2213_0_4.jpg"", ""https://xcimg.szwego.com/imgHD/9404f147/20260125/cmp_i1769325374063_5665_0_5.jpg"", ""https://xcimg.szwego.com/imgHD/9404f147/20260125/cmp_i1769325374063_5988_0_6.jpg"", ""https://xcimg.szwego.com/imgHD/9404f147/20260125/cmp_i1769325381472_855_0_7.jpg"", ""https://xcimg.szwego.com/imgHD/9404f147/20260125/cmp_i1769325378817_193_0_8.jpg""]"
_dyOrSoBtfm0WvVziDHseGefne92FXMyDnCWCiQA;;MIU 26S 鹿皮绒棕色翻领徽标羽绒马甲 60年代复古灵感定义了这款温暖的科技pong羽绒背心的设计，柔和的廓形搭配对比色羊皮反面绒细节 唤起经典男装的魅力;0;;lrg3k8cd5bgw3jv;;Для женщин;"[""https://xcimg.szwego.com/imgHD/9404f147/20260125/cmp_i1769322313091_521_0_0.jpg"", ""https://xcimg.szwego.com/imgHD/9404f147/20260125/cmp_i1769322317363_2481_0_1.jpg"", ""https://xcimg.szwego.com/imgHD/9404f147/20260125/cmp_i1769322317268_7075_0_2.jpg"", ""https://xcimg.szwego.com/imgHD/9404f147/20260125/cmp_i1769322317277_1155_0_3.jpg"", ""https://xcimg.szwego.com/imgHD/9404f147/20260125/cmp_i1769322319142_4429_0_4.jpg"", ""https://xcimg.szwego.com/imgHD/9404f147/20260125/cmp_i1769322313161_6990_0_5.jpg"", ""https://xcimg.szwego.com/imgHD/9404f147/20260125/cmp_i1769322312467_7979_0_6.jpg"", ""https://xcimg.szwego.com/imgHD/9404f147/20260125/cmp_i1769322313153_7934_0_7.jpg"", ""https://xcimg.szwego.com/imgHD/9404f147/20260125/cmp_i1769322313133_5529_0_8.jpg""]"
_dOArSpH2HRlrlArqqtfeC14iIdfPEuVgCQuR0mQ;;MIU 26S 藏蓝尼龙双面法兰绒夹克 科技Gazar尼龙与内里羊毛软料相结合，这款双面行员夹克传递舒适感和酷炫态度、灵感源自经典运动制服 展现多功能魅力;0;;lrg3k8cd5bgw3jv;;Для женщин;"[""https://xcimg.szwego.com/imgHD/9404f147/20260125/cmp_i1769320978045_7407_0_0.jpg"", ""https://xcimg.szwego.com/imgHD/9404f147/20260125/cmp_i1769320889470_3194_0_1.jpg"", ""https://xcimg.szwego.com/imgHD/9404f147/20260125/cmp_i1769320889278_3615_0_2.jpg"", ""https://xcimg.szwego.com/imgHD/9404f147/20260125/cmp_i1769320887891_7046_0_3.jpg"", ""https://xcimg.szwego.com/imgHD/9404f147/20260125/cmp_i1769320978016_2949_0_4.jpg"", ""https://xcimg.szwego.com/imgHD/9404f147/20260125/cmp_i1769320978028_7741_0_5.jpg"", ""https://xcimg.szwego.com/imgHD/9404f147/20260125/cmp_i1769320889390_9325_0_6.jpg"", ""https://xcimg.szwego.com/imgHD/9404f147/20260125/cmp_i1769320978041_3053_0_7.jpg"", ""https://xcimg.szwego.com/imgHD/9404f147/20260125/cmp_i1769320889334_8365_0_8.jpg""]"
_deyrSQR7aLW9b_74Re9JUG_foqpGy7tcNDfXnLw;;MIU 26S 苏格兰羊羔绒蓝绿色格纹夹克 经典苏格兰格纹设计 以深绿酒红与黑色交织 搭配柔软蓬松的羊羔绒材质，立领拉链设计+袖口抽绳细节 兼具复古质感与冬日暖意;0;;lrg3k8cd5bgw3jv;;Для женщин;"[""https://xcimg.szwego.com/imgHD/9404f147/20260125/cmp_i1769319418107_6823_0_0.jpg"", ""https://xcimg.szwego.com/imgHD/9404f147/20260125/cmp_i1769319497388_6746_0_1.jpg"", ""https://xcimg.szwego.com/imgHD/9404f147/20260125/cmp_i1769319497476_7176_0_2.jpg"", ""https://xcimg.szwego.com/imgHD/9404f147/20260125/cmp_i1769319497396_3688_0_3.jpg"", ""https://xcimg.szwego.com/imgHD/9404f147/20260125/cmp_i1769319464096_2320_0_4.jpg"", ""https://xcimg.szwego.com/imgHD/9404f147/20260125/cmp_i1769319497339_1700_0_5.jpg"", ""https://xcimg.szwego.com/imgHD/9404f147/20260125/cmp_i1769319418046_9986_0_6.jpg"", ""https://xcimg.szwego.com/imgHD/9404f147/20260125/cmp_i1769319426744_8540_0_7.jpg"", ""https://xcimg.szwego.com/imgHD/9404f147/20260125/cmp_i1769319418073_2429_0_8.jpg""]"
_doKrSWMiNXTY-DrXW0PWU0ViVV7i4HgzZAJWmcA;;MIU 26S拼色翻领棕色学院风拉链夹克 运动衫的精致运动风格通过舒适的线条和细腻的刺绣徽标细节得以提升，体现miu实验精神 并表达了不断发展的女性气质;0;;lrg3k8cd5bgw3jv;;Для женщин;"[""https://xcimg.szwego.com/imgHD/9404f147/20260125/cmp_i1769317377885_2179_0_0.jpg"", ""https://xcimg.szwego.com/imgHD/9404f147/20260125/cmp_i1769317633832_5872_0_2.jpg"", ""https://xcimg.szwego.com/imgHD/9404f147/20260125/cmp_i1769317628439_2331_0_1.jpg"", ""https://xcimg.szwego.com/imgHD/9404f147/20260125/cmp_i1769317628482_3398_0_3.jpg"", ""https://xcimg.szwego.com/imgHD/9404f147/20260125/cmp_i1769317633793_308_0_4.jpg"", ""https://xcimg.szwego.com/imgHD/9404f147/20260125/cmp_i1769317628299_5272_0_5.jpg"", ""https://xcimg.szwego.com/imgHD/9404f147/20260125/cmp_i1769317628435_9864_0_6.jpg"", ""https://xcimg.szwego.com/imgHD/9404f147/20260125/cmp_i1769317628497_1494_0_7.jpg"", ""https://xcimg.szwego.com/imgHD/9404f147/20260125/cmp_i1769317633790_5548_0_8.jpg""]"
_dm5rSWX3hv-ulDg7_yY5D3-zw2yItIx2_Ls-gtQ;;MIU 26S 棕色羽绒拼羊绒针织夹克 经典绗缝设计搭配针织罗纹领口和下摆 半高领质感高级又保暖、深棕色调 前片羽绒填充 后片羊绒针织 随意搭配下装轻松都市休闲风;0;;lrg3k8cd5bgw3jv;;Для женщин;"[""https://xcimg.szwego.com/imgHD/9404f147/20260125/cmp_i1769316845268_9360_0_0.jpg"", ""https://xcimg.szwego.com/imgHD/9404f147/20260125/cmp_i1769316842129_3517_0_2.jpg"", ""https://xcimg.szwego.com/imgHD/9404f147/20260125/cmp_i1769316845252_5480_0_1.jpg"", ""https://xcimg.szwego.com/imgHD/9404f147/20260125/cmp_i1769316845193_3831_0_3.jpg"", ""https://xcimg.szwego.com/imgHD/9404f147/20260125/cmp_i1769316842094_9391_0_4.jpg"", ""https://xcimg.szwego.com/imgHD/9404f147/20260125/cmp_i1769316842165_1568_0_5.jpg"", ""https://xcimg.szwego.com/imgHD/9404f147/20260125/cmp_i1769316844705_7987_0_6.jpg"", ""https://xcimg.szwego.com/imgHD/9404f147/20260125/cmp_i1769316842187_8615_0_7.jpg"", ""https://xcimg.szwego.com/imgHD/9404f147/20260125/cmp_i1769316842118_7934_0_8.jpg""]"
_dCFrSNueWX9MbDN99xg_l_hHSbb3RvyTRTTXZzg;;MIU 26S 棕色羽绒拼羊绒针织马甲 经典绗缝设计搭配针织罗纹领口和下摆 质感高级又保暖、马甲的深棕色调 前片羽绒填充 后片羊绒针织 随意搭配下装轻松都市休闲风;0;;lrg3k8cd5bgw3jv;;Для женщин;"[""https://xcimg.szwego.com/imgHD/9404f147/20260125/cmp_i1769316540128_2824_0_0.jpg"", ""https://xcimg.szwego.com/imgHD/9404f147/20260125/cmp_i1769316530069_2460_0_1.jpg"", ""https://xcimg.szwego.com/imgHD/9404f147/20260125/cmp_i1769316530069_7038_0_2.jpg"", ""https://xcimg.szwego.com/imgHD/9404f147/20260125/cmp_i1769316539718_6120_0_3.jpg"", ""https://xcimg.szwego.com/imgHD/9404f147/20260125/cmp_i1769316530069_3482_0_4.jpg"", ""https://xcimg.szwego.com/imgHD/9404f147/20260125/cmp_i1769316530069_2570_0_5.jpg"", ""https://xcimg.szwego.com/imgHD/9404f147/20260125/cmp_i1769316539717_4138_0_6.jpg"", ""https://xcimg.szwego.com/imgHD/9404f147/20260125/cmp_i1769316530071_2296_0_7.jpg"", ""https://xcimg.szwego.com/imgHD/9404f147/20260125/cmp_i1769316540157_6406_0_8.jpg""]"
_dlkrSlixfpgyXMi708EfvADDnPNPLH4RPEYGVJw;;DIO 26S 铃兰花和平鸽🕊️刺绣花朵针织毛衣 羊毛材质柔软亲肤V领长袖设计、简约大方衣身点缀精致铃兰花朵刺绣细节满满，春日氛围感拉满轻盈舒适 绝美精致;0;;lrg3k8cd5bgw3jv;;Для женщин;"[""https://xcimg.szwego.com/imgHD/9404f147/20260124/cmp_i1769225609747_3238_0_0.jpg"", ""https://xcimg.szwego.com/imgHD/9404f147/20260124/cmp_i1769224471708_5282_0_2.jpg"", ""https://xcimg.szwego.com/imgHD/9404f147/20260124/cmp_i1769225605734_9638_0_2.jpg"", ""https://xcimg.szwego.com/imgHD/9404f147/20260124/cmp_i1769225605168_5516_0_3.jpg"", ""https://xcimg.szwego.com/imgHD/9404f147/20260124/cmp_i1769225605166_8681_0_4.jpg"", ""https://xcimg.szwego.com/imgHD/9404f147/20260124/cmp_i1769225605167_9524_0_5.jpg"", ""https://xcimg.szwego.com/imgHD/9404f147/20260124/cmp_i1769225605732_1855_0_6.jpg"", ""https://xcimg.szwego.com/imgHD/9404f147/20260124/cmp_i1769225609277_9195_0_7.jpg"", ""https://xcimg.szwego.com/imgHD/9404f147/20260124/cmp_i1769225609719_2614_0_8.jpg""]"
_dlwrSaNNNKdzgrT5rAAth37Ev0bJguwle_Fe67A;;DIO 26S 安德森蓝色条纹针织上衣 (Jonathan Anderson)设计的长袖Polo衫饰以Mariniere图案，采用粉色和浅灰棉质条纹针织面料精心制作 以高订精神重新诠释运动服饰美感;0;;lrg3k8cd5bgw3jv;;Для женщин;"[""https://xcimg.szwego.com/imgHD/9404f147/20260124/cmp_i1769224366066_3451_0_1.jpg"", ""https://xcimg.szwego.com/imgHD/9404f147/20260124/cmp_i1769225217363_2608_0_1.jpg"", ""https://xcimg.szwego.com/imgHD/9404f147/20260124/cmp_i1769224875681_8580_0_0.jpg"", ""https://xcimg.szwego.com/imgHD/9404f147/20260124/cmp_i1769225217342_4258_0_4.jpg"", ""https://xcimg.szwego.com/imgHD/9404f147/20260124/cmp_i1769225208618_3766_0_5.jpg"", ""https://xcimg.szwego.com/imgHD/9404f147/20260124/cmp_i1769225208662_5352_0_6.jpg"", ""https://xcimg.szwego.com/imgHD/9404f147/20260124/cmp_i1769225216796_5435_0_7.jpg"", ""https://xcimg.szwego.com/imgHD/9404f147/20260124/cmp_i1769225208673_7191_0_8.jpg"", ""https://xcimg.szwego.com/imgHD/9404f147/20260124/cmp_i1769225217314_7910_0_9.jpg""]"
_dj7rSKvOdxbdsQrLhWdSI9r9HhaonaBkfjoUqoA;;DIO 26S 安德森蓝色条纹针织上衣 (Jonathan Anderson)设计的长袖Polo衫饰以Mariniere图案，采用蓝色和米白色棉质条纹针织面料精心制作 以高订精神重新诠释运动服饰美感;0;;lrg3k8cd5bgw3jv;;Для женщин;"[""https://xcimg.szwego.com/imgHD/9404f147/20260124/cmp_i1769224875681_8580_0_0.jpg"", ""https://xcimg.szwego.com/imgHD/9404f147/20260124/cmp_i1769224366066_3451_0_1.jpg"", ""https://xcimg.szwego.com/imgHD/9404f147/20260124/cmp_i1769224884201_455_0_2.jpg"", ""https://xcimg.szwego.com/imgHD/9404f147/20260124/cmp_i1769224875292_9659_0_3.jpg"", ""https://xcimg.szwego.com/imgHD/9404f147/20260124/cmp_i1769224881611_1991_0_4.jpg"", ""https://xcimg.szwego.com/imgHD/9404f147/20260124/cmp_i1769224875290_5955_0_5.jpg"", ""https://xcimg.szwego.com/imgHD/9404f147/20260124/cmp_i1769224875289_932_0_6.jpg"", ""https://xcimg.szwego.com/imgHD/9404f147/20260124/cmp_i1769224884197_4436_0_7.jpg"", ""https://xcimg.szwego.com/imgHD/9404f147/20260124/cmp_i1769224881632_5115_0_8.jpg""]"
_ddrrSF5fvSyHZ1LhA7FzryemRkhrr84rFYVLo6g;;DIO 26S 梦幻图书馆印花针织短袖 斯托克(Bram StokerTM)的作品《德古拉(Dracula)》第一版封面，采用亮黄色针织面料 短款饰以罗纹细节更显精致、可与各式装扮搭配 全年皆宜;0;;lrg3k8cd5bgw3jv;;Для женщин;"[""https://xcimg.szwego.com/imgHD/9404f147/20260124/cmp_i1769224591679_2049_0_0.jpg"", ""https://xcimg.szwego.com/imgHD/9404f147/20260124/cmp_i1769224592620_8145_0_1.jpg"", ""https://xcimg.szwego.com/imgHD/9404f147/20260124/cmp_i1769224591679_3437_0_2.jpg"", ""https://xcimg.szwego.com/imgHD/9404f147/20260124/cmp_i1769224585929_64_0_3.jpg"", ""https://xcimg.szwego.com/imgHD/9404f147/20260124/cmp_i1769224585931_1757_0_4.jpg"", ""https://xcimg.szwego.com/imgHD/9404f147/20260124/cmp_i1769224585928_8658_0_5.jpg"", ""https://xcimg.szwego.com/imgHD/9404f147/20260124/cmp_i1769224585932_3243_0_6.jpg"", ""https://xcimg.szwego.com/imgHD/9404f147/20260124/cmp_i1769224591665_1291_0_7.jpg"", ""https://xcimg.szwego.com/imgHD/9404f147/20260124/cmp_i1769224585931_5795_0_8.jpg""]"
_dt_rSWI76VNTIFI1dZjhDTjoO4Ub-VcdXspxnuw;;DIO 26S 梦幻图书馆藏粉色针织上衣 设计师以德拉克洛(Choderlos de Laclos)《危险关系》的原版封面、粉黑色混纺针织面料 短款饰以罗纹细节 可与各式装扮搭配全年皆宜;0;;lrg3k8cd5bgw3jv;;Для женщин;"[""https://xcimg.szwego.com/imgHD/9404f147/20260124/cmp_i1769224370414_7558_0_0.jpg"", ""https://xcimg.szwego.com/imgHD/9404f147/20260124/cmp_i1769224366066_3451_0_1.jpg"", ""https://xcimg.szwego.com/imgHD/9404f147/20260124/cmp_i1769224370413_7963_0_2.jpg"", ""https://xcimg.szwego.com/imgHD/9404f147/20260124/cmp_i1769224366076_5103_0_3.jpg"", ""https://xcimg.szwego.com/imgHD/9404f147/20260124/cmp_i1769224366075_8876_0_4.jpg"", ""https://xcimg.szwego.com/imgHD/9404f147/20260124/cmp_i1769224366066_601_0_5.jpg"", ""https://xcimg.szwego.com/imgHD/9404f147/20260124/cmp_i1769224366076_7217_0_6.jpg"", ""https://xcimg.szwego.com/imgHD/9404f147/20260124/cmp_i1769224370414_6790_0_7.jpg"", ""https://xcimg.szwego.com/imgHD/9404f147/20260124/cmp_i1769224370413_6963_0_8.jpg""]"
_dktrS5b5aVw6VrBbQdCSrrtN-eoHLw9Ex-tngcw;;LOE 26S 侧方腰包黑色高腰羊毛阔腿西裤 剪裁利落垂坠感强的羊毛廓形剪裁 自带慵懒高级感、裤型采用高腰设计+宽大裤腿 搭配腰带 整体风格干练又极简时髦;0;;lrg3k8cd5bgw3jv;;Для женщин;"[""https://xcimg.szwego.com/imgHD/9404f147/20260124/cmp_i1769223782509_6180_0_0.jpg"", ""https://xcimg.szwego.com/imgHD/9404f147/20260124/cmp_i1769223774448_5698_0_1.jpg"", ""https://xcimg.szwego.com/imgHD/9404f147/20260124/cmp_i1769223782327_4302_0_2.jpg"", ""https://xcimg.szwego.com/imgHD/9404f147/20260124/cmp_i1769223774445_6487_0_3.jpg"", ""https://xcimg.szwego.com/imgHD/9404f147/20260124/cmp_i1769223782541_1443_0_4.jpg"", ""https://xcimg.szwego.com/imgHD/9404f147/20260124/cmp_i1769223774028_6347_0_5.jpg"", ""https://xcimg.szwego.com/imgHD/9404f147/20260124/cmp_i1769223782409_3943_0_6.jpg"", ""https://xcimg.szwego.com/imgHD/9404f147/20260124/cmp_i1769223774510_1208_0_7.jpg"", ""https://xcimg.szwego.com/imgHD/9404f147/20260124/cmp_i1769223774479_137_0_8.jpg""]"
_dqHrSu7EgBspB4PXqaUOpC_3wWN0zCFj4EZwomw;;GUC 26S 裸粉色荷叶边泡泡袖真丝衬衫 重磅斜纹真丝触感柔滑轻盈 双层叠荷叶边设计 法式浪漫氛围、领口和Ｇ纽扣前襟细节超优雅 百搭通勤约会 正式场合都ok;0;;lrg3k8cd5bgw3jv;;Для женщин;"[""https://xcimg.szwego.com/imgHD/9404f147/20260123/cmp_i1769151024292_454_0_0.jpg"", ""https://xcimg.szwego.com/imgHD/9404f147/20260123/cmp_i1769151025159_8805_0_1.jpg"", ""https://xcimg.szwego.com/imgHD/9404f147/20260123/cmp_i1769151027457_1804_0_2.jpg"", ""https://xcimg.szwego.com/imgHD/9404f147/20260123/cmp_i1769151025147_7533_0_3.jpg"", ""https://xcimg.szwego.com/imgHD/9404f147/20260123/cmp_i1769151025035_3993_0_4.jpg"", ""https://xcimg.szwego.com/imgHD/9404f147/20260123/cmp_i1769151027418_4608_0_5.jpg"", ""https://xcimg.szwego.com/imgHD/9404f147/20260123/cmp_i1769151025167_4872_0_6.jpg"", ""https://xcimg.szwego.com/imgHD/9404f147/20260123/cmp_i1769151027479_1875_0_7.jpg"", ""https://xcimg.szwego.com/imgHD/9404f147/20260123/cmp_i1769151027456_8509_0_8.jpg""]"
_dp4rSeqa9HMm4qj6dz5SolgSBny4821cfAhpHVw;;GUC 26S GG浅蓝色提花真丝腰带连衣裙 简约大方 长袖+翻领设计 G马衔扣金属扣腰带修饰腰线，A字裙摆显瘦又优雅 提花面料珠光色泽有纹理，顶级品质典雅高贵气质;0;;lrg3k8cd5bgw3jv;;Для женщин;"[""https://xcimg.szwego.com/imgHD/9404f147/20260123/cmp_i1769150384948_4916_0_0.jpg"", ""https://xcimg.szwego.com/imgHD/9404f147/20260123/cmp_i1769150382406_2467_0_1.jpg"", ""https://xcimg.szwego.com/imgHD/9404f147/20260123/cmp_i1769150379576_5280_0_2.jpg"", ""https://xcimg.szwego.com/imgHD/9404f147/20260123/cmp_i1769150379580_5167_0_3.jpg"", ""https://xcimg.szwego.com/imgHD/9404f147/20260123/cmp_i1769150384075_7800_0_4.jpg"", ""https://xcimg.szwego.com/imgHD/9404f147/20260123/cmp_i1769150379576_9116_0_5.jpg"", ""https://xcimg.szwego.com/imgHD/9404f147/20260123/cmp_i1769150379577_3088_0_6.jpg"", ""https://xcimg.szwego.com/imgHD/9404f147/20260123/cmp_i1769150384075_9223_0_7.jpg"", ""https://xcimg.szwego.com/imgHD/9404f147/20260123/cmp_i1769150379577_3113_0_8.jpg""]"
_diPrShTypSxzoqaaUrCS7F9Zep4Fug8TPoG_NaQ;;GUC 26SGG字母印花棉质短袖T恤 这款T恤甄选针织棉打造 巧妙融入Firenze since1921印花，以混色搭配趣致糅合品牌典藏元素与佛罗伦萨传承意蕴 顶级品质发售;0;;lrg3k8cd5bgw3jv;;Для женщин;"[""https://xcimg.szwego.com/imgHD/9404f147/20260123/cmp_i1769147029851_5339_0_0.jpg"", ""https://xcimg.szwego.com/imgHD/9404f147/20260123/cmp_i1769147030139_450_0_1.jpg"", ""https://xcimg.szwego.com/imgHD/9404f147/20260123/cmp_i1769147029593_2688_0_2.jpg"", ""https://xcimg.szwego.com/imgHD/9404f147/20260123/cmp_i1769147025098_9039_0_3.jpg"", ""https://xcimg.szwego.com/imgHD/9404f147/20260123/cmp_i1769147025098_9247_0_4.jpg"", ""https://xcimg.szwego.com/imgHD/9404f147/20260123/cmp_i1769147025097_9283_0_5.jpg"", ""https://xcimg.szwego.com/imgHD/9404f147/20260123/cmp_i1769147025299_1991_0_6.jpg"", ""https://xcimg.szwego.com/imgHD/9404f147/20260123/cmp_i1769147025551_2450_0_7.jpg"", ""https://xcimg.szwego.com/imgHD/9404f147/20260123/cmp_i1769147029598_1206_0_8.jpg""]"
_dwxrSQurLdCQEwYV6f4wZ5DeIXq2obVf4coMwLA;;GUC 26S浮雕字母印花棉质廓形卫衣上衣 这款T恤甄选针织棉打造 巧妙融入Firenze since1921印花，以混色搭配趣致糅合品牌典藏元素与佛罗伦萨传承意蕴 顶级品质发售;0;;lrg3k8cd5bgw3jv;;Для женщин;"[""https://xcimg.szwego.com/imgHD/9404f147/20260123/cmp_i1769146624233_181_0_0.jpg"", ""https://xcimg.szwego.com/imgHD/9404f147/20260123/cmp_i1769146621026_7025_0_1.jpg"", ""https://xcimg.szwego.com/imgHD/9404f147/20260123/cmp_i1769146623713_1070_0_2.jpg"", ""https://xcimg.szwego.com/imgHD/9404f147/20260123/cmp_i1769146623724_1240_0_3.jpg"", ""https://xcimg.szwego.com/imgHD/9404f147/20260123/cmp_i1769146620531_3004_0_4.jpg"", ""https://xcimg.szwego.com/imgHD/9404f147/20260123/cmp_i1769146620533_3324_0_5.jpg"", ""https://xcimg.szwego.com/imgHD/9404f147/20260123/cmp_i1769146620532_3175_0_6.jpg"", ""https://xcimg.szwego.com/imgHD/9404f147/20260123/cmp_i1769146624250_898_0_8.jpg"", ""https://xcimg.szwego.com/imgHD/9404f147/20260123/cmp_i1769146624206_7361_0_9.jpg""]"
_ddorSwfnZiyQ3k6nnlmVyHKVWQ9mhScq_I26rhQ;;CHO 26S灰粉色字母棉质廓形卫衣 这款粉紫色针织卫衣 圈棉材质柔软轻薄 穿着超舒适有垂感，圆领宽松版型 低饱和粉紫色超温柔 秋冬穿搭必备 顶级品质发售;0;;lrg3k8cd5bgw3jv;;Для женщин;"[""https://xcimg.szwego.com/imgHD/9404f147/20260123/cmp_i1769146339510_3224_0_0.jpg"", ""https://xcimg.szwego.com/imgHD/9404f147/20260123/cmp_i1769146335023_4140_0_1.jpg"", ""https://xcimg.szwego.com/imgHD/9404f147/20260123/cmp_i1769146338130_2761_0_2.jpg"", ""https://xcimg.szwego.com/imgHD/9404f147/20260123/cmp_i1769146335023_4533_0_3.jpg"", ""https://xcimg.szwego.com/imgHD/9404f147/20260123/cmp_i1769146335021_2033_0_4.jpg"", ""https://xcimg.szwego.com/imgHD/9404f147/20260123/cmp_i1769146335025_8875_0_5.jpg"", ""https://xcimg.szwego.com/imgHD/9404f147/20260123/cmp_i1769146335021_1413_0_6.jpg"", ""https://xcimg.szwego.com/imgHD/9404f147/20260123/cmp_i1769146339493_6597_0_7.jpg"", ""https://xcimg.szwego.com/imgHD/9404f147/20260123/cmp_i1769146339492_4577_0_8.jpg""]"
_dxxrSF0SGb9T2xiW2YwHw2FTZ5OJ5djLipHnIZg;;BAL 26S黑白灰做旧刺绣字母棉质T恤 这款做旧水洗T恤 黑色主调+独特水洗工艺 复古感满满，胸前白色品牌字母超有辨识度 宽松版型 舒适又时髦 顶级品质发售;0;;lrg3k8cd5bgw3jv;;Для женщин;"[""https://xcimg.szwego.com/imgHD/9404f147/20260123/cmp_i1769146008131_3493_0_0.jpg"", ""https://xcimg.szwego.com/imgHD/9404f147/20260123/cmp_i1769146027444_6489_0_1.jpg"", ""https://xcimg.szwego.com/imgHD/9404f147/20260123/cmp_i1769146008177_5983_0_2.jpg"", ""https://xcimg.szwego.com/imgHD/9404f147/20260123/cmp_i1769146008014_6524_0_3.jpg"", ""https://xcimg.szwego.com/imgHD/9404f147/20260123/cmp_i1769146027526_944_0_4.jpg"", ""https://xcimg.szwego.com/imgHD/9404f147/20260123/cmp_i1769146027374_6774_0_5.jpg"", ""https://xcimg.szwego.com/imgHD/9404f147/20260123/cmp_i1769146008345_2314_0_6.jpg"", ""https://xcimg.szwego.com/imgHD/9404f147/20260123/cmp_i1769146002718_5845_0_7.jpg"", ""https://xcimg.szwego.com/imgHD/9404f147/20260123/cmp_i1769146007966_9615_0_8.jpg""]"
_dr0rSSGAuNUGDNs67qUqhsOb7mcFjVJTj352NRg;;HER 26S 白色立领斜纹真丝衬衫西裤套装 光滑斜纹缎面高质感重磅真丝面料 微哑光泽感超有质感、立领拉链装饰 高级半高领造型 长袖设计通勤商务休闲都能轻松驾驭;0;;lrg3k8cd5bgw3jv;;Для женщин;"[""https://xcimg.szwego.com/imgHD/9404f147/20260122/cmp_i1769055323019_2000_0_0.jpg"", ""https://xcimg.szwego.com/imgHD/9404f147/20260122/cmp_i1769055317357_9215_0_1.jpg"", ""https://xcimg.szwego.com/imgHD/9404f147/20260122/cmp_i1769055317334_7042_0_2.jpg"", ""https://xcimg.szwego.com/imgHD/9404f147/20260122/cmp_i1769055317374_4252_0_3.jpg"", ""https://xcimg.szwego.com/imgHD/9404f147/20260122/cmp_i1769055321884_6441_0_4.jpg"", ""https://xcimg.szwego.com/imgHD/9404f147/20260122/cmp_i1769055321882_4698_0_5.jpg"", ""https://xcimg.szwego.com/imgHD/9404f147/20260122/cmp_i1769055321899_8348_0_6.jpg"", ""https://xcimg.szwego.com/imgHD/9404f147/20260122/cmp_i1769055317340_9769_0_7.jpg"", ""https://xcimg.szwego.com/imgHD/9404f147/20260122/cmp_i1769055316870_4420_0_8.jpg""]"
_dvPrSdmVFdOVHEa1oziVcj2hAUEHp1wUwlRu25g;;HER 26S 黑色立领斜纹真丝衬衫西裤套装 光滑斜纹缎面高质感重磅真丝面料 微哑光泽感超有质感、立领拉链装饰 高级半高领造型 长袖设计通勤商务休闲都能轻松驾驭;0;;lrg3k8cd5bgw3jv;;Для женщин;"[""https://xcimg.szwego.com/imgHD/9404f147/20260122/cmp_i1769054786317_409_0_0.jpg"", ""https://xcimg.szwego.com/imgHD/9404f147/20260122/cmp_i1769054777868_6780_0_1.jpg"", ""https://xcimg.szwego.com/imgHD/9404f147/20260122/cmp_i1769054777869_388_0_2.jpg"", ""https://xcimg.szwego.com/imgHD/9404f147/20260122/cmp_i1769054786070_3965_0_3.jpg"", ""https://xcimg.szwego.com/imgHD/9404f147/20260122/cmp_i1769054786204_9111_0_4.jpg"", ""https://xcimg.szwego.com/imgHD/9404f147/20260122/cmp_i1769054777868_5257_0_5.jpg"", ""https://xcimg.szwego.com/imgHD/9404f147/20260122/cmp_i1769054777868_6967_0_6.jpg"", ""https://xcimg.szwego.com/imgHD/9404f147/20260122/cmp_i1769054777869_7029_0_7.jpg"", ""https://xcimg.szwego.com/imgHD/9404f147/20260122/cmp_i1769054785987_7568_0_8.jpg""]"
_dvQrSsNApXGCnPYHFs1xlygLzJFQ8kf1jxlNW3Q;;HER 26S 几何高领真丝印花背心 采用高品质桑蚕丝触感柔滑，几何与条纹拼接设计 色彩以棕 米 蓝为主 高领无袖剪裁、单穿或叠搭都很出彩 轻松打造高级层次感;0;;lrg3k8cd5bgw3jv;;Для женщин;"[""https://xcimg.szwego.com/imgHD/9404f147/20260122/cmp_i1769052697417_1068_0_0.jpg"", ""https://xcimg.szwego.com/imgHD/9404f147/20260122/cmp_i1769053021419_5770_0_1.jpg"", ""https://xcimg.szwego.com/imgHD/9404f147/20260122/cmp_i1769052947254_7591_0_2.jpg"", ""https://xcimg.szwego.com/imgHD/9404f147/20260122/cmp_i1769052946381_6276_0_3.jpg"", ""https://xcimg.szwego.com/imgHD/9404f147/20260122/cmp_i1769052941121_8576_0_4.jpg"", ""https://xcimg.szwego.com/imgHD/9404f147/20260122/cmp_i1769053021416_4002_0_5.jpg"", ""https://xcimg.szwego.com/imgHD/9404f147/20260122/cmp_i1769052946383_5619_0_6.jpg"", ""https://xcimg.szwego.com/imgHD/9404f147/20260122/cmp_i1769052946383_8576_0_7.jpg"", ""https://xcimg.szwego.com/imgHD/9404f147/20260122/cmp_i1769053021422_6378_0_8.jpg""]"
_dF6rSvF_G_xsV8cwDoy3UROfRbjwsz0rkbiFAEQ;;HER 26S 格纹真丝缎开衩印花半裙 采用高品质桑蚕丝触感柔滑垂坠感满分，几何与条纹拼接设计 色彩以暖棕米色为主，点缀蓝色盘花细节 艺术感十足裙摆开衩 灵动优雅;0;;lrg3k8cd5bgw3jv;;Для женщин;"[""https://xcimg.szwego.com/imgHD/9404f147/20260122/cmp_i1769052697417_1068_0_0.jpg"", ""https://xcimg.szwego.com/imgHD/9404f147/20260122/cmp_i1769052697417_5898_0_1.jpg"", ""https://xcimg.szwego.com/imgHD/9404f147/20260122/cmp_i1769052712301_1211_0_2.jpg"", ""https://xcimg.szwego.com/imgHD/9404f147/20260122/cmp_i1769052712295_2562_0_3.jpg"", ""https://xcimg.szwego.com/imgHD/9404f147/20260122/cmp_i1769052697417_3607_0_4.jpg"", ""https://xcimg.szwego.com/imgHD/9404f147/20260122/cmp_i1769052697416_5445_0_5.jpg"", ""https://xcimg.szwego.com/imgHD/9404f147/20260122/cmp_i1769052712292_3901_0_6.jpg"", ""https://xcimg.szwego.com/imgHD/9404f147/20260122/cmp_i1769052697416_7466_0_7.jpg"", ""https://xcimg.szwego.com/imgHD/9404f147/20260122/cmp_i1769052812934_9538_0_8.jpg""]"
_dfDrSftondoFK0mfavtQOxa24-MLnIou4Bab_0g;;HER 26S 黑白双色羊绒竖排扣短款大衣 采用高品质羊毛羊绒混纺柔软又保暖，经典翻领造型 点缀金属珐琅圆扣简约大方，短款大口袋实用又时髦 通勤日常都ok;0;;lrg3k8cd5bgw3jv;;Для женщин;"[""https://xcimg.szwego.com/imgHD/9404f147/20260122/cmp_i1769050189393_2226_0_0.jpg"", ""https://xcimg.szwego.com/imgHD/9404f147/20260122/cmp_i1769050548657_792_0_1.jpg"", ""https://xcimg.szwego.com/imgHD/9404f147/20260122/cmp_i1769050545893_4447_0_2.jpg"", ""https://xcimg.szwego.com/imgHD/9404f147/20260122/cmp_i1769050545487_5401_0_3.jpg"", ""https://xcimg.szwego.com/imgHD/9404f147/20260122/cmp_i1769050548195_4881_0_4.jpg"", ""https://xcimg.szwego.com/imgHD/9404f147/20260122/cmp_i1769050548195_5125_0_5.jpg"", ""https://xcimg.szwego.com/imgHD/9404f147/20260122/cmp_i1769050545485_3262_0_6.jpg"", ""https://xcimg.szwego.com/imgHD/9404f147/20260122/cmp_i1769050548660_149_0_7.jpg"", ""https://xcimg.szwego.com/imgHD/9404f147/20260122/cmp_i1769050545681_5698_0_8.jpg""]"
_dyOrSoBtfm0WvVziEHsOAdfzR_GRXMyDnC2GhSA;;HER 26S 黑白双色羊绒竖排扣短款大衣 采用高品质羊毛羊绒混纺柔软又保暖，经典翻领造型 点缀金属珐琅圆扣简约大方，短款大口袋实用又时髦 通勤日常都ok;0;;lrg3k8cd5bgw3jv;;Для женщин;"[""https://xcimg.szwego.com/imgHD/9404f147/20260122/cmp_i1769050189393_2226_0_0.jpg"", ""https://xcimg.szwego.com/imgHD/9404f147/20260122/cmp_i1769050184645_6606_0_1.jpg"", ""https://xcimg.szwego.com/imgHD/9404f147/20260122/cmp_i1769050196687_7996_0_2.jpg"", ""https://xcimg.szwego.com/imgHD/9404f147/20260122/cmp_i1769050188940_8888_0_3.jpg"", ""https://xcimg.szwego.com/imgHD/9404f147/20260122/cmp_i1769050189126_881_0_4.jpg"", ""https://xcimg.szwego.com/imgHD/9404f147/20260122/cmp_i1769050188915_8778_0_5.jpg"", ""https://xcimg.szwego.com/imgHD/9404f147/20260122/cmp_i1769050184605_8996_0_6.jpg"", ""https://xcimg.szwego.com/imgHD/9404f147/20260122/cmp_i1769050184560_6436_0_7.jpg"", ""https://xcimg.szwego.com/imgHD/9404f147/20260122/cmp_i1769050184616_3237_0_8.jpg""]"
_devrSpluwYb6WaYrhxxayUIgo6QnUcnxEeE4XrQ;;HER 26S 米色镂空羊绒短袖开衫套装 采用高品质羊绒柔软亲肤 透气性佳，圆领镂空刺绣细节 简约又有设计感、短袖剪裁利落 单穿或内搭都高级 老钱风造型;0;;lrg3k8cd5bgw3jv;;Для женщин;"[""https://xcimg.szwego.com/imgHD/9404f147/20260122/cmp_i1769049620837_456_0_0.jpg"", ""https://xcimg.szwego.com/imgHD/9404f147/20260122/cmp_i1769049615646_1994_0_1.jpg"", ""https://xcimg.szwego.com/imgHD/9404f147/20260122/cmp_i1769049614793_7713_0_2.jpg"", ""https://xcimg.szwego.com/imgHD/9404f147/20260122/cmp_i1769049609286_6069_0_3.jpg"", ""https://xcimg.szwego.com/imgHD/9404f147/20260122/cmp_i1769049609871_3616_0_4.jpg"", ""https://xcimg.szwego.com/imgHD/9404f147/20260122/cmp_i1769049614810_449_0_5.jpg"", ""https://xcimg.szwego.com/imgHD/9404f147/20260122/cmp_i1769049609878_4047_0_6.jpg"", ""https://xcimg.szwego.com/imgHD/9404f147/20260122/cmp_i1769049610004_560_0_7.jpg"", ""https://xcimg.szwego.com/imgHD/9404f147/20260122/cmp_i1769049615208_2238_0_8.jpg""]"
_dq5rSdfbYNXtKWuccKPl7STdnndumRMf8QcS2-A;;HER 26S 灰色镂空羊绒短袖开衫套装 采用高品质羊绒柔软亲肤 透气性佳，圆领镂空刺绣细节 简约又有设计感、短袖剪裁利落 单穿或内搭都高级 老钱风造型;0;;lrg3k8cd5bgw3jv;;Для женщин;"[""https://xcimg.szwego.com/imgHD/9404f147/20260122/cmp_i1769048981218_2508_0_0.jpg"", ""https://xcimg.szwego.com/imgHD/9404f147/20260119/cmp_i1768795852601_3537_0_1.jpg"", ""https://xcimg.szwego.com/imgHD/9404f147/20260122/cmp_i1769048981728_8483_0_2.jpg"", ""https://xcimg.szwego.com/imgHD/9404f147/20260122/cmp_i1769048969446_2643_0_3.jpg"", ""https://xcimg.szwego.com/imgHD/9404f147/20260119/cmp_i1768796039612_9715_0_6.jpg"", ""https://xcimg.szwego.com/imgHD/9404f147/20260122/cmp_i1769048969446_2713_0_5.jpg"", ""https://xcimg.szwego.com/imgHD/9404f147/20260122/cmp_i1769048980730_6807_0_6.jpg"", ""https://xcimg.szwego.com/imgHD/9404f147/20260122/cmp_i1769048969446_5356_0_7.jpg"", ""https://xcimg.szwego.com/imgHD/9404f147/20260122/cmp_i1769048969446_3648_0_8.jpg""]"
_d8HrSgemqyt527vJ_eYWoeHuKT_5NBREMMyEwLQ;;CHA 26C 海军领真丝衬衫半裙套装 度假系列海军风套装，黑色塔夫绸电力真丝材质 光泽感哑光质地轻盈舒适、上衣海军翻领+水钻山茶花襟扣 套装搭配简约又高级 顶级品质;0;;lrg3k8cd5bgw3jv;;Для женщин;"[""https://xcimg.szwego.com/imgHD/9404f147/20260121/cmp_i1768971976726_7957_0_0.jpg"", ""https://xcimg.szwego.com/imgHD/9404f147/20260121/cmp_i1768971976515_4000_0_1.jpg"", ""https://xcimg.szwego.com/imgHD/9404f147/20260121/cmp_i1768970998383_1289_0_0.jpg"", ""https://xcimg.szwego.com/imgHD/9404f147/20260121/cmp_i1768971976515_7487_0_3.jpg"", ""https://xcimg.szwego.com/imgHD/9404f147/20260121/cmp_i1768971980442_316_0_4.jpg"", ""https://xcimg.szwego.com/imgHD/9404f147/20260121/cmp_i1768971976515_2966_0_5.jpg"", ""https://xcimg.szwego.com/imgHD/9404f147/20260121/cmp_i1768971976515_9170_0_6.jpg"", ""https://xcimg.szwego.com/imgHD/9404f147/20260121/cmp_i1768971980032_5596_0_7.jpg"", ""https://xcimg.szwego.com/imgHD/9404f147/20260121/cmp_i1768971980024_8_0_8.jpg""]"
_dxGrSghfO_EEt-lDIzxuumEW0KOEVy8wLYEmIxg;;CHA 26C 黑色褶裥双口袋真丝高腰长裙 采用光泽感真丝面料垂坠感满分、简约大气又带有些许帅气风格，腰部双口袋点缀镂空花朵扣 侧方褶裥突出高贵造型 顶级品质;0;;lrg3k8cd5bgw3jv;;Для женщин;"[""https://xcimg.szwego.com/imgHD/9404f147/20260121/cmp_i1768970998383_1289_0_0.jpg"", ""https://xcimg.szwego.com/imgHD/9404f147/20260121/cmp_i1768967911707_9274_0_0.jpg"", ""https://xcimg.szwego.com/imgHD/9404f147/20260121/cmp_i1768970994315_7241_0_2.jpg"", ""https://xcimg.szwego.com/imgHD/9404f147/20260121/cmp_i1768970994218_990_0_3.jpg"", ""https://xcimg.szwego.com/imgHD/9404f147/20260121/cmp_i1768970994247_9170_0_4.jpg"", ""https://xcimg.szwego.com/imgHD/9404f147/20260121/cmp_i1768970993839_40_0_5.jpg"", ""https://xcimg.szwego.com/imgHD/9404f147/20260121/cmp_i1768970998353_2286_0_6.jpg"", ""https://xcimg.szwego.com/imgHD/9404f147/20260121/cmp_i1768970998339_3204_0_7.jpg"", ""https://xcimg.szwego.com/imgHD/9404f147/20260121/cmp_i1768970994299_5821_0_8.jpg""]"
_dlErSnIZMZd6fXBubStKtvcZc1ZOXBADF8aCvbA;;CHA 26C 水钻扣黑色飞行员立领夹克 飞行员版型 轻质真丝面料超舒适、立体手工花朵金属纽扣 双侧隐藏口袋设计实用又有细节感，夹克剪裁包容多种身材 顶级品质;0;;lrg3k8cd5bgw3jv;;Для женщин;"[""https://xcimg.szwego.com/imgHD/9404f147/20260121/cmp_i1768967911707_9274_0_0.jpg"", ""https://xcimg.szwego.com/imgHD/9404f147/20260121/cmp_i1768967914843_9095_0_1.jpg"", ""https://xcimg.szwego.com/imgHD/9404f147/20260121/cmp_i1768967914847_5184_0_2.jpg"", ""https://xcimg.szwego.com/imgHD/9404f147/20260121/cmp_i1768967911707_6886_0_3.jpg"", ""https://xcimg.szwego.com/imgHD/9404f147/20260121/cmp_i1768967914841_6672_0_4.jpg"", ""https://xcimg.szwego.com/imgHD/9404f147/20260121/cmp_i1768967912358_7978_0_5.jpg"", ""https://xcimg.szwego.com/imgHD/9404f147/20260121/cmp_i1768967915023_5125_0_6.jpg"", ""https://xcimg.szwego.com/imgHD/9404f147/20260121/cmp_i1768967912371_9420_0_7.jpg"", ""https://xcimg.szwego.com/imgHD/9404f147/20260121/cmp_i1768967912350_5801_0_8.jpg""]"
_dhfrS8e1VtB93_5D4nsvBn8VLBEQskVyz7cox4Q;;CHA 2000千禧年Vintage羊毛呢拼皮夹克 日本YB买回 羊毛呢拼接羊皮革领口和袖口营造层次感，正面隐藏双口袋+C金属纽扣简约又经典，00年代设计辨识度高 收藏价值;0;;lrg3k8cd5bgw3jv;;Для женщин;"[""https://xcimg.szwego.com/imgHD/9404f147/20260121/cmp_i1768966771816_5241_0_0.jpg"", ""https://xcimg.szwego.com/imgHD/9404f147/20260121/cmp_i1768966766071_3621_0_1.jpg"", ""https://xcimg.szwego.com/imgHD/9404f147/20260121/cmp_i1768966760759_3912_0_2.jpg"", ""https://xcimg.szwego.com/imgHD/9404f147/20260121/cmp_i1768966766094_5174_0_3.jpg"", ""https://xcimg.szwego.com/imgHD/9404f147/20260121/cmp_i1768966771391_7099_0_4.jpg"", ""https://xcimg.szwego.com/imgHD/9404f147/20260121/cmp_i1768966771396_6192_0_5.jpg"", ""https://xcimg.szwego.com/imgHD/9404f147/20260121/cmp_i1768966766079_7508_0_6.jpg"", ""https://xcimg.szwego.com/imgHD/9404f147/20260121/cmp_i1768966766028_3200_0_7.jpg"", ""https://xcimg.szwego.com/imgHD/9404f147/20260121/cmp_i1768966765960_9592_0_8.jpg""]"
_dpErSXQ0LwKAK4r67NRJFEx7VUPAcSIF75T5fPQ;;CHA 26A高级手工坊米色蝴蝶结针织衫 米白色真丝混纺柔软又有廓形感、领口立体蝴蝶结手工钩织花边 深V细节满分，泡泡袖+收褶袖口 复古法式浪漫氛围感;0;;lrg3k8cd5bgw3jv;;Для женщин;"[""https://xcimg.szwego.com/imgHD/9404f147/20260121/cmp_i1768965693539_6934_0_0.jpg"", ""https://xcimg.szwego.com/imgHD/9404f147/20260121/cmp_i1768965693529_7158_0_1.jpg"", ""https://xcimg.szwego.com/imgHD/9404f147/20260121/cmp_i1768965699988_758_0_2.jpg"", ""https://xcimg.szwego.com/imgHD/9404f147/20260121/cmp_i1768965700035_9438_0_3.jpg"", ""https://xcimg.szwego.com/imgHD/9404f147/20260121/cmp_i1768965700011_7067_0_4.jpg"", ""https://xcimg.szwego.com/imgHD/9404f147/20260121/cmp_i1768965692869_8949_0_5.jpg"", ""https://xcimg.szwego.com/imgHD/9404f147/20260121/cmp_i1768965688777_5202_0_6.jpg"", ""https://xcimg.szwego.com/imgHD/9404f147/20260121/cmp_i1768965693461_3255_0_7.jpg"", ""https://xcimg.szwego.com/imgHD/9404f147/20260121/cmp_i1768965692861_1278_0_8.jpg""]"
_dhMrS9-gSMWFh8Byjv1uX689yysfrOsVKOL4DiQ;;CHA 26P 三色深V羊绒针织背心 V领无袖设计简约优雅、针织面料柔软舒适 蓝绿色系淡雅高级，26P系列主打清新自然风 日常通勤，轻松叠穿或单穿都很出彩;0;;lrg3k8cd5bgw3jv;;Для женщин;"[""https://xcimg.szwego.com/imgHD/9404f147/20260121/cmp_i1768964500954_5237_0_1.jpg"", ""https://xcimg.szwego.com/imgHD/9404f147/20260121/cmp_i1768964957326_4613_0_1.jpg"", ""https://xcimg.szwego.com/imgHD/9404f147/20260121/cmp_i1768964963154_2644_0_2.jpg"", ""https://xcimg.szwego.com/imgHD/9404f147/20260121/cmp_i1768964957324_4725_0_3.jpg"", ""https://xcimg.szwego.com/imgHD/9404f147/20260121/cmp_i1768964963156_307_0_4.jpg"", ""https://xcimg.szwego.com/imgHD/9404f147/20260121/cmp_i1768964963154_278_0_5.jpg"", ""https://xcimg.szwego.com/imgHD/9404f147/20260121/cmp_i1768964963153_1524_0_6.jpg"", ""https://xcimg.szwego.com/imgHD/9404f147/20260121/cmp_i1768964957324_7589_0_7.jpg"", ""https://xcimg.szwego.com/imgHD/9404f147/20260121/cmp_i1768964963154_4289_0_8.jpg""]"
_dr8rSdFPySLYhcMkzZnS3jkpcPV3Ynq2Hdht8cQ;;CHA 26P 三色深V羊绒针织背心 V领无袖设计简约优雅、针织面料柔软舒适 灰色系淡雅高级，26P系列主打清新自然风 日常通勤，轻松叠穿或单穿都很出彩;0;;lrg3k8cd5bgw3jv;;Для женщин;"[""https://xcimg.szwego.com/imgHD/9404f147/20260121/cmp_i1768964746241_5879_0_0.jpg"", ""https://xcimg.szwego.com/imgHD/9404f147/20260121/cmp_i1768964570515_6177_0_1.jpg"", ""https://xcimg.szwego.com/imgHD/9404f147/20260121/cmp_i1768964747030_4631_0_2.jpg"", ""https://xcimg.szwego.com/imgHD/9404f147/20260121/cmp_i1768964755234_7084_0_3.jpg"", ""https://xcimg.szwego.com/imgHD/9404f147/20260121/cmp_i1768964741515_4629_0_4.jpg"", ""https://xcimg.szwego.com/imgHD/9404f147/20260121/cmp_i1768964741513_4247_0_5.jpg"", ""https://xcimg.szwego.com/imgHD/9404f147/20260121/cmp_i1768964741514_29_0_6.jpg"", ""https://xcimg.szwego.com/imgHD/9404f147/20260121/cmp_i1768964746242_657_0_7.jpg"", ""https://xcimg.szwego.com/imgHD/9404f147/20260121/cmp_i1768964746228_3552_0_8.jpg""]"
_dxFrSMQJ4rVgrTiuWTG3LHLYnOtFCQm6Nr2yNlg;;CHA 26P 三色深V羊绒针织背心 V领无袖设计简约优雅、针织面料柔软舒适 正红色系明艳高级，26P系列主打清新自然风 日常通勤，轻松叠穿或单穿都很出彩;0;;lrg3k8cd5bgw3jv;;Для женщин;"[""https://xcimg.szwego.com/imgHD/9404f147/20260121/cmp_i1768964500966_6576_0_0.jpg"", ""https://xcimg.szwego.com/imgHD/9404f147/20260121/cmp_i1768964500954_5237_0_1.jpg"", ""https://xcimg.szwego.com/imgHD/9404f147/20260121/cmp_i1768964511825_12_0_2.jpg"", ""https://xcimg.szwego.com/imgHD/9404f147/20260121/cmp_i1768964495455_8092_0_3.jpg"", ""https://xcimg.szwego.com/imgHD/9404f147/20260121/cmp_i1768964495455_1249_0_4.jpg"", ""https://xcimg.szwego.com/imgHD/9404f147/20260121/cmp_i1768964495455_1896_0_5.jpg"", ""https://xcimg.szwego.com/imgHD/9404f147/20260121/cmp_i1768964500953_2019_0_6.jpg"", ""https://xcimg.szwego.com/imgHD/9404f147/20260121/cmp_i1768964511825_7975_0_7.jpg"", ""https://xcimg.szwego.com/imgHD/9404f147/20260121/cmp_i1768964500966_9396_0_8.jpg""]"
_dmPrSpq3SZuzcbBNutKZ_KW9G94ugC6mBXpNBDg;;CHA 25K 双C提花米白色真丝花边斗篷 真丝材质+双C暗纹 领口蝴蝶结领巾造型法式优雅氛围感、双层荷叶边领口飘逸饱满细节精致，喇叭泡泡袖设计 柔美又华丽;0;;lrg3k8cd5bgw3jv;;Для женщин;"[""https://xcimg.szwego.com/imgHD/9404f147/20260120/cmp_i1768913305623_7114_0_0.jpg"", ""https://xcimg.szwego.com/imgHD/9404f147/20260120/cmp_i1768913299258_4265_0_1.jpg"", ""https://xcimg.szwego.com/imgHD/9404f147/20260120/cmp_i1768913299207_3760_0_2.jpg"", ""https://xcimg.szwego.com/imgHD/9404f147/20260120/cmp_i1768913305537_3540_0_3.jpg"", ""https://xcimg.szwego.com/imgHD/9404f147/20260120/cmp_i1768913305010_9593_0_4.jpg"", ""https://xcimg.szwego.com/imgHD/9404f147/20260120/cmp_i1768913299131_6170_0_5.jpg"", ""https://xcimg.szwego.com/imgHD/9404f147/20260120/cmp_i1768913298422_2712_0_6.jpg"", ""https://xcimg.szwego.com/imgHD/9404f147/20260120/cmp_i1768913305615_4486_0_7.jpg"", ""https://xcimg.szwego.com/imgHD/9404f147/20260120/cmp_i1768913311052_9198_0_8.jpg""]"
_divrS-w-oPngM7SqqXP6vSBh71ojlJ8zlDeHxjA;;HER 26S 猪鼻子印花白色短款牛仔外套 满印Logo设计超有辨识度 棉质面料金属扣点缀简约又精致，短款剪裁搭配系列裙装很出彩 一套高级廓形 顶级品质;0;;lrg3k8cd5bgw3jv;;Для женщин;"[""https://xcimg.szwego.com/imgHD/9404f147/20260119/cmp_i1768799813659_5700_0_2.jpg"", ""https://xcimg.szwego.com/imgHD/9404f147/20260119/cmp_i1768797280355_8897_0_0.jpg"", ""https://xcimg.szwego.com/imgHD/9404f147/20260119/cmp_i1768800326817_6826_0_2.jpg"", ""https://xcimg.szwego.com/imgHD/9404f147/20260119/cmp_i1768800321146_1428_0_3.jpg"", ""https://xcimg.szwego.com/imgHD/9404f147/20260119/cmp_i1768800320525_4551_0_4.jpg"", ""https://xcimg.szwego.com/imgHD/9404f147/20260119/cmp_i1768800320524_9544_0_5.jpg"", ""https://xcimg.szwego.com/imgHD/9404f147/20260119/cmp_i1768800321141_7340_0_6.jpg"", ""https://xcimg.szwego.com/imgHD/9404f147/20260119/cmp_i1768800324786_628_0_7.jpg"", ""https://xcimg.szwego.com/imgHD/9404f147/20260119/cmp_i1768800326817_8960_0_8.jpg""]"
_dcwrSfWWWvf_H9mnqqM1EtnQ0jTNT55tuiCZSGA;;HER 26S 白棕拼色猪鼻子印花半裙 米白底配棕色 Chaine d'Ancre图案 低调又有辨识度，高腰A字版型修饰身形拉长比例 日常或正式场合都能轻松驾驭、刻字纯钢五金 顶级品质;0;;lrg3k8cd5bgw3jv;;Для женщин;"[""https://xcimg.szwego.com/imgHD/9404f147/20260119/cmp_i1768798941996_6673_0_0.jpg"", ""https://xcimg.szwego.com/imgHD/9404f147/20260119/cmp_i1768799813340_6317_0_1.jpg"", ""https://xcimg.szwego.com/imgHD/9404f147/20260119/cmp_i1768799813659_5700_0_2.jpg"", ""https://xcimg.szwego.com/imgHD/9404f147/20260119/cmp_i1768799818479_7097_0_3.jpg"", ""https://xcimg.szwego.com/imgHD/9404f147/20260119/cmp_i1768799818888_1700_0_4.jpg"", ""https://xcimg.szwego.com/imgHD/9404f147/20260119/cmp_i1768799811748_4122_0_5.jpg"", ""https://xcimg.szwego.com/imgHD/9404f147/20260119/cmp_i1768799811744_6445_0_6.jpg"", ""https://xcimg.szwego.com/imgHD/9404f147/20260119/cmp_i1768799808418_5513_0_7.jpg"", ""https://xcimg.szwego.com/imgHD/9404f147/20260119/cmp_i1768799812195_2174_0_8.jpg""]"
_dnrrS0GCtCmOsFB5dKTLN5hbB81QyzfjneKIwqw;;HER 26S 黑白几何印花翻领真丝衬衫 真丝材质触感柔滑亲肤 细腻珠光色泽、黑白抽象印花+几何线条营造艺术氛围感，版型宽松 单穿或叠搭都很出彩 纯钢五金顶级品质;0;;lrg3k8cd5bgw3jv;;Для женщин;"[""https://xcimg.szwego.com/imgHD/9404f147/20260119/cmp_i1768799282558_3413_0_0.jpg"", ""https://xcimg.szwego.com/imgHD/9404f147/20260119/cmp_i1768799276375_9268_0_1.jpg"", ""https://xcimg.szwego.com/imgHD/9404f147/20260119/cmp_i1768799282437_4242_0_2.jpg"", ""https://xcimg.szwego.com/imgHD/9404f147/20260119/cmp_i1768799276294_8344_0_3.jpg"", ""https://xcimg.szwego.com/imgHD/9404f147/20260119/cmp_i1768799282265_7132_0_4.jpg"", ""https://xcimg.szwego.com/imgHD/9404f147/20260119/cmp_i1768799276151_8819_0_5.jpg"", ""https://xcimg.szwego.com/imgHD/9404f147/20260119/cmp_i1768799276297_6764_0_6.jpg"", ""https://xcimg.szwego.com/imgHD/9404f147/20260119/cmp_i1768799286398_6157_0_7.jpg"", ""https://xcimg.szwego.com/imgHD/9404f147/20260119/cmp_i1768799282132_9938_0_8.jpg""]"
_dlcrStiTz5T84xl3cnnFnwsQDjKgLaaO2nHezIA;;HER 26S 黑白几何印花翻领真丝衬衫 真丝材质触感柔滑亲肤 细腻珠光色泽、黑白抽象印花+几何线条营造艺术氛围感，版型宽松 单穿或叠搭都很出彩 纯钢五金顶级品质;0;;lrg3k8cd5bgw3jv;;Для женщин;"[""https://xcimg.szwego.com/imgHD/9404f147/20260119/cmp_i1768797280355_8897_0_0.jpg"", ""https://xcimg.szwego.com/imgHD/9404f147/20260119/cmp_i1768797284724_641_0_1.jpg"", ""https://xcimg.szwego.com/imgHD/9404f147/20260119/cmp_i1768797275394_1059_0_2.jpg"", ""https://xcimg.szwego.com/imgHD/9404f147/20260119/cmp_i1768797280164_1322_0_3.jpg"", ""https://xcimg.szwego.com/imgHD/9404f147/20260119/cmp_i1768797280282_5892_0_4.jpg"", ""https://xcimg.szwego.com/imgHD/9404f147/20260119/cmp_i1768797279659_1705_0_5.jpg"", ""https://xcimg.szwego.com/imgHD/9404f147/20260119/cmp_i1768797284210_290_0_6.jpg"", ""https://xcimg.szwego.com/imgHD/9404f147/20260119/cmp_i1768797284659_2607_0_7.jpg"", ""https://xcimg.szwego.com/imgHD/9404f147/20260119/cmp_i1768797275338_6330_0_8.jpg""]"
_dMNrSbA2x__U3H_2BMp6EUYWCa60OjwZKJX7y1Q;;HER 26S 黑白双色华达尼拉链短款夹克 短款拉链外套简约设计+翻领拉链 利落又干练、两侧斜插口袋超实用日常通勤 休闲都能轻松驾驭，纯钢五金 顶级品质发售;0;;lrg3k8cd5bgw3jv;;Для женщин;"[""https://xcimg.szwego.com/imgHD/9404f147/20260119/cmp_i1768796662735_7925_0_3.jpg"", ""https://xcimg.szwego.com/imgHD/9404f147/20260119/cmp_i1768796910401_2172_0_1.jpg"", ""https://xcimg.szwego.com/imgHD/9404f147/20260119/cmp_i1768796662740_3363_0_1.jpg"", ""https://xcimg.szwego.com/imgHD/9404f147/20260119/cmp_i1768796914538_6649_0_3.jpg"", ""https://xcimg.szwego.com/imgHD/9404f147/20260119/cmp_i1768796914320_7511_0_4.jpg"", ""https://xcimg.szwego.com/imgHD/9404f147/20260119/cmp_i1768796910584_9645_0_5.jpg"", ""https://xcimg.szwego.com/imgHD/9404f147/20260119/cmp_i1768796914318_8854_0_6.jpg"", ""https://xcimg.szwego.com/imgHD/9404f147/20260119/cmp_i1768796914748_3526_0_7.jpg"", ""https://xcimg.szwego.com/imgHD/9404f147/20260119/cmp_i1768796910401_8063_0_8.jpg""]"
_dpTrS-zbjZMq0CQ_o9tRSxFkbJSsDUdWtcj-uJA;;HER 26S 黑白华达尼拉链短款夹克 短款拉链外套简约设计+翻领拉链 利落又干练、两侧斜插口袋超实用日常通勤 休闲都能轻松驾驭，纯钢五金 顶级品质发售;0;;lrg3k8cd5bgw3jv;;Для женщин;"[""https://xcimg.szwego.com/imgHD/9404f147/20260119/cmp_i1768796569759_9679_0_0.jpg"", ""https://xcimg.szwego.com/imgHD/9404f147/20260119/cmp_i1768796579468_7704_0_1.jpg"", ""https://xcimg.szwego.com/imgHD/9404f147/20260119/cmp_i1768796579513_4897_0_2.jpg"", ""https://xcimg.szwego.com/imgHD/9404f147/20260119/cmp_i1768796569515_3019_0_3.jpg"", ""https://xcimg.szwego.com/imgHD/9404f147/20260119/cmp_i1768796569528_2405_0_4.jpg"", ""https://xcimg.szwego.com/imgHD/9404f147/20260119/cmp_i1768796569236_5532_0_5.jpg"", ""https://xcimg.szwego.com/imgHD/9404f147/20260119/cmp_i1768796569237_9024_0_6.jpg"", ""https://xcimg.szwego.com/imgHD/9404f147/20260119/cmp_i1768796579482_5912_0_7.jpg"", ""https://xcimg.szwego.com/imgHD/9404f147/20260119/cmp_i1768796579131_3514_0_8.jpg""]"
_djirSLE2Qq7gxAHFia_anFkynZdNX0lW8ilXVSA;;HER 26S 系列经典锁头印花抽绳短裤 米白色主调+品牌标志性图案，没有大logo依旧彰显辨识度、高品质棉质面料 弹力腰围抽绳柔软 舒适又实用的休闲老钱风;0;;lrg3k8cd5bgw3jv;;Для женщин;"[""https://xcimg.szwego.com/imgHD/9404f147/20260119/cmp_i1768795852601_3537_0_1.jpg"", ""https://xcimg.szwego.com/imgHD/9404f147/20260119/cmp_i1768796271814_3504_0_0.jpg"", ""https://xcimg.szwego.com/imgHD/9404f147/20260119/cmp_i1768796271813_4527_0_1.jpg"", ""https://xcimg.szwego.com/imgHD/9404f147/20260119/cmp_i1768796271817_31_0_3.jpg"", ""https://xcimg.szwego.com/imgHD/9404f147/20260119/cmp_i1768796279272_598_0_4.jpg"", ""https://xcimg.szwego.com/imgHD/9404f147/20260119/cmp_i1768796279277_6490_0_5.jpg"", ""https://xcimg.szwego.com/imgHD/9404f147/20260119/cmp_i1768796279281_1692_0_6.jpg"", ""https://xcimg.szwego.com/imgHD/9404f147/20260119/cmp_i1768796271812_7053_0_7.jpg"", ""https://xcimg.szwego.com/imgHD/9404f147/20260119/cmp_i1768796279280_6719_0_8.jpg""]"
_dr1rSRLtCJaT8uGg_OlbQC7Svn5JWUOANDK1y6Q;;HER 26S 系列经典锁头印花抽绳长裤 米白色主调+品牌标志性图案，没有大logo依旧彰显辨识度、高品质棉质面料 弹力腰围抽绳柔软 舒适又实用的休闲老钱风;0;;lrg3k8cd5bgw3jv;;Для женщин;"[""https://xcimg.szwego.com/imgHD/9404f147/20260119/cmp_i1768795819400_8215_0_0.jpg"", ""https://xcimg.szwego.com/imgHD/9404f147/20260119/cmp_i1768795852601_3537_0_1.jpg"", ""https://xcimg.szwego.com/imgHD/9404f147/20260119/cmp_i1768795816866_7286_0_2.jpg"", ""https://xcimg.szwego.com/imgHD/9404f147/20260119/cmp_i1768795811360_2285_0_3.jpg"", ""https://xcimg.szwego.com/imgHD/9404f147/20260119/cmp_i1768795852201_1754_0_4.jpg"", ""https://xcimg.szwego.com/imgHD/9404f147/20260119/cmp_i1768795817617_2029_0_5.jpg"", ""https://xcimg.szwego.com/imgHD/9404f147/20260119/cmp_i1768795816860_9068_0_6.jpg"", ""https://xcimg.szwego.com/imgHD/9404f147/20260119/cmp_i1768795816864_8120_0_7.jpg"", ""https://xcimg.szwego.com/imgHD/9404f147/20260119/cmp_i1768795851697_9728_0_8.jpg""]"
_d_7rScv404N8WX5zW_TJX7PjUZjHSdVwjr5Lxbw;;DIO baby 26S绿色条纹CD蜜蜂刺绣短裤 这款绿色竖条纹短裤 采用丹宁牛仔面料 亲肤又透气 背带可调节，左腿有CD蜜蜂刺绣 细节满分 裤腿宽松 活动自如 顶级品质发售;0;;lrg3k8cd5bgw3jv;;Для женщин;"[""https://xcimg.szwego.com/imgHD/9404f147/20260118/cmp_i1768714113405_813_0_2.jpg"", ""https://xcimg.szwego.com/imgHD/9404f147/20260118/cmp_i1768715254391_3916_0_2.jpg"", ""https://xcimg.szwego.com/imgHD/9404f147/20260118/cmp_i1768714113573_4627_0_0.jpg"", ""https://xcimg.szwego.com/imgHD/9404f147/20260118/cmp_i1768715254293_2743_0_4.jpg"", ""https://xcimg.szwego.com/imgHD/9404f147/20260118/cmp_i1768715249292_4411_0_5.jpg"", ""https://xcimg.szwego.com/imgHD/9404f147/20260118/cmp_i1768715254303_9362_0_6.jpg"", ""https://xcimg.szwego.com/imgHD/9404f147/20260118/cmp_i1768715249231_7347_0_7.jpg"", ""https://xcimg.szwego.com/imgHD/9404f147/20260118/cmp_i1768715254395_53_0_8.jpg"", ""https://xcimg.szwego.com/imgHD/9404f147/20260118/cmp_i1768715254307_8764_0_9.jpg""]"
_dx6rSIXsUMesAt27oPFA66f9UpBLsV5Gq7jKGfA;;DIO baby 26S绿色条纹CD蜜蜂刺绣背带裙 这款绿色竖条纹背带裙 采用丹宁牛仔面料 亲肤又透气 背带可调节，胸前有CD蜜蜂刺绣 细节满分 裙摆宽松 活动自如 顶级品质发售;0;;lrg3k8cd5bgw3jv;;Для женщин;"[""https://xcimg.szwego.com/imgHD/9404f147/20260118/cmp_i1768714371462_912_0_3.jpg"", ""https://xcimg.szwego.com/imgHD/9404f147/20260118/cmp_i1768714861503_2388_0_1.jpg"", ""https://xcimg.szwego.com/imgHD/9404f147/20260118/cmp_i1768714371386_1275_0_5.jpg"", ""https://xcimg.szwego.com/imgHD/9404f147/20260118/cmp_i1768714864431_8565_0_3.jpg"", ""https://xcimg.szwego.com/imgHD/9404f147/20260118/cmp_i1768714855691_567_0_4.jpg"", ""https://xcimg.szwego.com/imgHD/9404f147/20260118/cmp_i1768714860891_3632_0_5.jpg"", ""https://xcimg.szwego.com/imgHD/9404f147/20260118/cmp_i1768714855656_7267_0_6.jpg"", ""https://xcimg.szwego.com/imgHD/9404f147/20260118/cmp_i1768714861527_9667_0_7.jpg"", ""https://xcimg.szwego.com/imgHD/9404f147/20260118/cmp_i1768714861269_3550_0_8.jpg""]"
_dMIrSv9lZYTtR6yWS8EpDAnCIwXpefpAkwFlHxA;;DIO baby 26S白色条纹字母刺绣圆领短袖 这件白色短袖T恤 采用纯棉材质柔软舒适 夏天穿超清爽 正面绿色品牌字母+条纹设计，简约又有辨识度 宽松版型 顶级品质发售;0;;lrg3k8cd5bgw3jv;;Для женщин;"[""https://xcimg.szwego.com/imgHD/9404f147/20260118/cmp_i1768714113573_4627_0_0.jpg"", ""https://xcimg.szwego.com/imgHD/9404f147/20260118/cmp_i1768714120358_6304_0_1.jpg"", ""https://xcimg.szwego.com/imgHD/9404f147/20260118/cmp_i1768714113405_813_0_2.jpg"", ""https://xcimg.szwego.com/imgHD/9404f147/20260118/cmp_i1768714119757_3580_0_3.jpg"", ""https://xcimg.szwego.com/imgHD/9404f147/20260118/cmp_i1768714108553_2670_0_4.jpg"", ""https://xcimg.szwego.com/imgHD/9404f147/20260118/cmp_i1768714107830_8633_0_5.jpg"", ""https://xcimg.szwego.com/imgHD/9404f147/20260118/cmp_i1768714111914_1664_0_6.jpg"", ""https://xcimg.szwego.com/imgHD/9404f147/20260118/cmp_i1768714120370_1557_0_7.jpg"", ""https://xcimg.szwego.com/imgHD/9404f147/20260118/cmp_i1768714120315_9611_0_8.jpg""]"
_dwqrS3peZjFYBg_NtU5FGryZUj_EBF_v3Cy72LQ;;DIO baby 26S浅蓝花卉藤蔓印花无袖连衣裙 这款无袖连衣裙 白底配蓝色花卉和藤蔓印花 清新又活泼 A字裙摆设计 活动空间超大，夏天穿很透气舒适 轻松get夏日元气少女风 顶级品质发售;0;;lrg3k8cd5bgw3jv;;Для женщин;"[""https://xcimg.szwego.com/imgHD/9404f147/20260118/cmp_i1768713661205_2082_0_0.jpg"", ""https://xcimg.szwego.com/imgHD/9404f147/20260118/cmp_i1768711494999_6757_0_0.jpg"", ""https://xcimg.szwego.com/imgHD/9404f147/20260118/cmp_i1768713661163_8701_0_2.jpg"", ""https://xcimg.szwego.com/imgHD/9404f147/20260118/cmp_i1768713660393_1401_0_3.jpg"", ""https://xcimg.szwego.com/imgHD/9404f147/20260118/cmp_i1768713655853_5401_0_4.jpg"", ""https://xcimg.szwego.com/imgHD/9404f147/20260118/cmp_i1768713656488_8580_0_5.jpg"", ""https://xcimg.szwego.com/imgHD/9404f147/20260118/cmp_i1768713660776_9426_0_6.jpg"", ""https://xcimg.szwego.com/imgHD/9404f147/20260118/cmp_i1768713661255_7379_0_7.jpg"", ""https://xcimg.szwego.com/imgHD/9404f147/20260118/cmp_i1768713669584_1631_0_8.jpg""]"
_dlUrSrOk14ai20xSpHfSqp-3u2zReNAEYLQc5ow;;DIO baby 26S全幅CD泡泡袖翻领公主裙 这款泡泡袖裙 经典满幅CD字母提花 黑白配色 高端大气 白色娃娃领+泡泡袖，甜美复古 裙摆蓬松 公主感满满 顶级品质发售;0;;lrg3k8cd5bgw3jv;;Для женщин;"[""https://xcimg.szwego.com/imgHD/9404f147/20260118/cmp_i1768711766893_8479_0_0.jpg"", ""https://xcimg.szwego.com/imgHD/9404f147/20260118/cmp_i1768711775261_1380_0_1.jpg"", ""https://xcimg.szwego.com/imgHD/9404f147/20260118/cmp_i1768711766809_5256_0_2.jpg"", ""https://xcimg.szwego.com/imgHD/9404f147/20260118/cmp_i1768711775114_5585_0_3.jpg"", ""https://xcimg.szwego.com/imgHD/9404f147/20260118/cmp_i1768711775181_7092_0_4.jpg"", ""https://xcimg.szwego.com/imgHD/9404f147/20260118/cmp_i1768711766707_3274_0_5.jpg"", ""https://xcimg.szwego.com/imgHD/9404f147/20260118/cmp_i1768711766827_6275_0_6.jpg"", ""https://xcimg.szwego.com/imgHD/9404f147/20260118/cmp_i1768711775279_3171_0_7.jpg"", ""https://xcimg.szwego.com/imgHD/9404f147/20260118/cmp_i1768711766862_619_0_8.jpg""]"
_dxJrSu50tJDprlchj8hJmLOW2tnL_ZTs2ul78aw;;DIO baby 26SCD浮雕彩色花卉印花无袖连衣裙 这款无袖A字连衣裙 采用轻薄透气面料 多种彩色花卉印花超温柔 剪裁简约大方，优雅又舒适 裙摆长度适中 轻松get清新甜美风 顶级品质发售;0;;lrg3k8cd5bgw3jv;;Для женщин;"[""https://xcimg.szwego.com/imgHD/9404f147/20260118/cmp_i1768711494999_6757_0_0.jpg"", ""https://xcimg.szwego.com/imgHD/9404f147/20260118/cmp_i1768711487480_7200_0_1.jpg"", ""https://xcimg.szwego.com/imgHD/9404f147/20260118/cmp_i1768711487075_3654_0_2.jpg"", ""https://xcimg.szwego.com/imgHD/9404f147/20260118/cmp_i1768711478646_7900_0_3.jpg"", ""https://xcimg.szwego.com/imgHD/9404f147/20260118/cmp_i1768711484923_9589_0_4.jpg"", ""https://xcimg.szwego.com/imgHD/9404f147/20260118/cmp_i1768711494465_9890_0_5.jpg"", ""https://xcimg.szwego.com/imgHD/9404f147/20260118/cmp_i1768711494901_1812_0_6.jpg"", ""https://xcimg.szwego.com/imgHD/9404f147/20260118/cmp_i1768711487464_1659_0_7.jpg"", ""https://xcimg.szwego.com/imgHD/9404f147/20260118/cmp_i1768711486932_7378_0_8.jpg""]"
_dIprSKfdDLg0TZ0wbTg-JGaOckcWvigR-L-4URg;;DIO baby 26S粉色丹宁立体口袋牛仔裙 粉色连衣裙 选用丹宁牛仔面料 亲肤舒适 无袖设计+正面三颗纽扣 穿脱超方便，胸前CDling刺绣贴标 品牌感满满 顶级品质发售;0;;lrg3k8cd5bgw3jv;;Для женщин;"[""https://xcimg.szwego.com/imgHD/9404f147/20260118/cmp_i1768710868684_5585_0_0.jpg"", ""https://xcimg.szwego.com/imgHD/9404f147/20260118/cmp_i1768710868456_6952_0_1.jpg"", ""https://xcimg.szwego.com/imgHD/9404f147/20260118/cmp_i1768710868394_3126_0_2.jpg"", ""https://xcimg.szwego.com/imgHD/9404f147/20260118/cmp_i1768710890522_5170_0_3.jpg"", ""https://xcimg.szwego.com/imgHD/9404f147/20260118/cmp_i1768710868098_147_0_4.jpg"", ""https://xcimg.szwego.com/imgHD/9404f147/20260118/cmp_i1768710868281_2393_0_5.jpg"", ""https://xcimg.szwego.com/imgHD/9404f147/20260118/cmp_i1768710890467_7021_0_6.jpg"", ""https://xcimg.szwego.com/imgHD/9404f147/20260118/cmp_i1768710861930_5997_0_7.jpg"", ""https://xcimg.szwego.com/imgHD/9404f147/20260118/cmp_i1768710890516_5064_0_8.jpg""]"
_d_2rSifOuOo6B6-ySn3X91ienn1qREm5UmbCBgg;;GUC baby 26S GG提花牛仔阔腿休闲裤 经典双G牛仔老花提花设计复古 高腰直筒阔腿版型修饰腿型、男女baby都可 搭配各种上装舒适日常 时髦look;0;;lrg3k8cd5bgw3jv;;Для женщин;"[""https://xcimg.szwego.com/imgHD/9404f147/20260117/cmp_i1768629821548_7838_0_0.jpg"", ""https://xcimg.szwego.com/imgHD/9404f147/20260117/cmp_i1768629820954_7089_0_1.jpg"", ""https://xcimg.szwego.com/imgHD/9404f147/20260117/cmp_i1768629821544_4927_0_2.jpg"", ""https://xcimg.szwego.com/imgHD/9404f147/20260117/cmp_i1768629819965_2105_0_3.jpg"", ""https://xcimg.szwego.com/imgHD/9404f147/20260117/cmp_i1768629829698_1244_0_4.jpg"", ""https://xcimg.szwego.com/imgHD/9404f147/20260117/cmp_i1768629829695_1550_0_5.jpg"", ""https://xcimg.szwego.com/imgHD/9404f147/20260117/cmp_i1768629829695_2174_0_6.jpg"", ""https://xcimg.szwego.com/imgHD/9404f147/20260117/cmp_i1768629821471_9063_0_8.jpg"", ""https://xcimg.szwego.com/imgHD/9404f147/20260117/cmp_i1768629829697_5229_0_9.jpg""]"
_doSrS1RJOXr1Kl638UpfDJfv15BT2a0zPQYC0Uw;;"DIO baby 26S 浅蓝色手绘字母短袖T恤 采用纯棉面料柔软亲肤又透气 定染浅蓝色清爽自然、正面手绘风""CD""字母 简约又有辨识度 宽松版型包容多种身材";0;;lrg3k8cd5bgw3jv;;Для женщин;"[""https://xcimg.szwego.com/imgHD/9404f147/20260117/cmp_i1768624643569_4382_0_0.jpg"", ""https://xcimg.szwego.com/imgHD/9404f147/20260117/cmp_i1768621371259_7913_0_0.jpg"", ""https://xcimg.szwego.com/imgHD/9404f147/20260117/cmp_i1768624647507_2351_0_2.jpg"", ""https://xcimg.szwego.com/imgHD/9404f147/20260117/cmp_i1768624647499_6602_0_3.jpg"", ""https://xcimg.szwego.com/imgHD/9404f147/20260117/cmp_i1768624643567_7579_0_4.jpg"", ""https://xcimg.szwego.com/imgHD/9404f147/20260117/cmp_i1768624647499_5578_0_5.jpg"", ""https://xcimg.szwego.com/imgHD/9404f147/20260117/cmp_i1768624643564_2125_0_6.jpg"", ""https://xcimg.szwego.com/imgHD/9404f147/20260117/cmp_i1768624643564_8408_0_7.jpg"", ""https://xcimg.szwego.com/imgHD/9404f147/20260117/cmp_i1768624647505_6168_0_8.jpg""]"
_dnsrSZYfM7IohlhFX0lIB0Nl9RzFWeXbG2GjxNA;;DIO Baby 26S 蓝色老花弹力休闲短裤 采用轻薄透气面料 浅绿色CD经典印花 清新又童趣，松紧抽绳设计穿脱方便，适合各种体型。日常休闲或户外都ok;0;;lrg3k8cd5bgw3jv;;Для женщин;"[""https://xcimg.szwego.com/imgHD/9404f147/20260117/cmp_i1768622909340_1874_0_0.jpg"", ""https://xcimg.szwego.com/imgHD/9404f147/20260117/cmp_i1768621371259_7913_0_0.jpg"", ""https://xcimg.szwego.com/imgHD/9404f147/20260117/cmp_i1768622908694_1342_0_2.jpg"", ""https://xcimg.szwego.com/imgHD/9404f147/20260117/cmp_i1768622908263_2701_0_3.jpg"", ""https://xcimg.szwego.com/imgHD/9404f147/20260117/cmp_i1768622913595_1220_0_4.jpg"", ""https://xcimg.szwego.com/imgHD/9404f147/20260117/cmp_i1768622907949_4414_0_5.jpg"", ""https://xcimg.szwego.com/imgHD/9404f147/20260117/cmp_i1768622913959_8523_0_6.jpg"", ""https://xcimg.szwego.com/imgHD/9404f147/20260117/cmp_i1768622908681_9407_0_7.jpg"", ""https://xcimg.szwego.com/imgHD/9404f147/20260117/cmp_i1768622913595_2382_0_8.jpg""]"
_da4rSPn6kQnJ11yYf3v6qymZY-wKlTx6tl5Wx8A;;"DIO Baby 26S 翻领渐变蓝字母短袖Polo 白色主色+浅蓝条纹 简约又有辨识度，下摆""CD""字母渐变印花 品牌感满满、高品质棉料柔软透气 可爱商务舒适";0;;lrg3k8cd5bgw3jv;;Для женщин;"[""https://xcimg.szwego.com/imgHD/9404f147/20260117/cmp_i1768622490537_4632_0_0.jpg"", ""https://xcimg.szwego.com/imgHD/9404f147/20260117/cmp_i1768622490567_3430_0_1.jpg"", ""https://xcimg.szwego.com/imgHD/9404f147/20260117/cmp_i1768622497812_801_0_2.jpg"", ""https://xcimg.szwego.com/imgHD/9404f147/20260117/cmp_i1768622483838_38_0_3.jpg"", ""https://xcimg.szwego.com/imgHD/9404f147/20260117/cmp_i1768621371259_7913_0_0.jpg"", ""https://xcimg.szwego.com/imgHD/9404f147/20260117/cmp_i1768622489807_232_0_5.jpg"", ""https://xcimg.szwego.com/imgHD/9404f147/20260117/cmp_i1768622490399_5203_0_6.jpg"", ""https://xcimg.szwego.com/imgHD/9404f147/20260117/cmp_i1768622497834_6772_0_7.jpg"", ""https://xcimg.szwego.com/imgHD/9404f147/20260117/cmp_i1768622490504_7001_0_8.jpg""]"
_dyPrSjswTswvtXwl3LYO1820jBzdjuODm4oWeKA;;"DIO baby 26S 白色字母刺绣棉质T恤 采用纯棉材质柔软舒适 胸前蓝色""CD""刺绣简约又有辨识度、宽松版型 搭配灰色短裤或运动鞋 轻松get少年感穿搭";0;;lrg3k8cd5bgw3jv;;Для женщин;"[""https://xcimg.szwego.com/imgHD/9404f147/20260117/cmp_i1768621457514_9575_0_2.jpg"", ""https://xcimg.szwego.com/imgHD/9404f147/20260117/cmp_i1768621940709_3522_0_1.jpg"", ""https://xcimg.szwego.com/imgHD/9404f147/20260117/cmp_i1768621940677_9548_0_2.jpg"", ""https://xcimg.szwego.com/imgHD/9404f147/20260117/cmp_i1768621935280_3857_0_3.jpg"", ""https://xcimg.szwego.com/imgHD/9404f147/20260117/cmp_i1768621371259_7913_0_0.jpg"", ""https://xcimg.szwego.com/imgHD/9404f147/20260117/cmp_i1768621939874_1851_0_5.jpg"", ""https://xcimg.szwego.com/imgHD/9404f147/20260117/cmp_i1768621935062_4671_0_6.jpg"", ""https://xcimg.szwego.com/imgHD/9404f147/20260117/cmp_i1768621940713_9861_0_7.jpg"", ""https://xcimg.szwego.com/imgHD/9404f147/20260117/cmp_i1768621940622_3530_0_8.jpg""]"
_dj2rSd_RekxYbJK0B5elWjTVGOt9EpAzSkJRy1g;;Loro Pia 26S Nathaniel颗粒绵羊毛马甲 高品质羊绒羊卷毛 触感超柔软，内衬格纹法兰绒 真羊皮走边叠穿超有层次感！V领皮革饰边简约又精致 拉链设计方便穿脱 老钱时尚感;0;;lrg3k8cd5bgw3jv;;Для женщин;"[""https://xcimg.szwego.com/imgHD/9404f147/20260116/cmp_i1768550386100_6409_0_4.jpg"", ""https://xcimg.szwego.com/imgHD/9404f147/20260116/cmp_i1768550693844_5036_0_0.jpg"", ""https://xcimg.szwego.com/imgHD/9404f147/20260116/cmp_i1768558529041_2810_0_2.jpg"", ""https://xcimg.szwego.com/imgHD/9404f147/20260116/cmp_i1768550855028_9515_0_3.jpg"", ""https://xcimg.szwego.com/imgHD/9404f147/20260116/cmp_i1768558529041_9105_0_5.jpg"", ""https://xcimg.szwego.com/imgHD/9404f147/20260116/cmp_i1768550620278_8259_0_4.jpg"", ""https://xcimg.szwego.com/imgHD/9404f147/20260116/cmp_i1768550693756_3650_0_6.jpg"", ""https://xcimg.szwego.com/imgHD/9404f147/20260116/cmp_i1768550855024_6170_0_7.jpg"", ""https://xcimg.szwego.com/imgHD/9404f147/20260116/cmp_i1768550620311_6865_0_8.jpg""]"
_dLnrSYLJK0h1zXfA78vS5vPxQ1sYzRU_dYlYLHA;;Loro Pia 26S Carezz 燕麦灰色半拉链羊绒衫 高品质山羊绒触感柔软亲肤、保暖性低绒面设计质感细腻 彰显品牌工艺，半拉链立领可翻折 切换高领或Polo领 老钱风多种场合穿搭;0;;lrg3k8cd5bgw3jv;;Для женщин;"[""https://xcimg.szwego.com/imgHD/9404f147/20260116/cmp_i1768550233841_5533_0_0.jpg"", ""https://xcimg.szwego.com/imgHD/9404f147/20260116/cmp_i1768550233791_9615_0_1.jpg"", ""https://xcimg.szwego.com/imgHD/9404f147/20260116/cmp_i1768550233814_9539_0_2.jpg"", ""https://xcimg.szwego.com/imgHD/9404f147/20260116/cmp_i1768550233787_305_0_3.jpg"", ""https://xcimg.szwego.com/imgHD/9404f147/20260116/cmp_i1768550260936_1208_0_4.jpg"", ""https://xcimg.szwego.com/imgHD/9404f147/20260116/cmp_i1768550260985_1531_0_5.jpg"", ""https://xcimg.szwego.com/imgHD/9404f147/20260116/cmp_i1768550244839_6499_0_6.jpg"", ""https://xcimg.szwego.com/imgHD/9404f147/20260116/cmp_i1768550245008_3524_0_7.jpg"", ""https://xcimg.szwego.com/imgHD/9404f147/20260116/cmp_i1768550245016_903_0_8.jpg""]"
_dqerSOKAcINY8-oSPIbzpHr5k_x-k71neXDVvwg;;MM6 26S 双面穿菱格绗缝薄棉夹克 经典菱格纹高品质棉料填充 外层防风秋冬穿超合适、立领拉链保暖又方便穿脱 双面穿超实用轻松切换风格 剪裁宽松包容多种身材;0;;lrg3k8cd5bgw3jv;;Для женщин;"[""https://xcimg.szwego.com/imgHD/9404f147/20260116/cmp_i1768549903515_5260_0_0.jpg"", ""https://xcimg.szwego.com/imgHD/9404f147/20260116/cmp_i1768549903563_5214_0_1.jpg"", ""https://xcimg.szwego.com/imgHD/9404f147/20260116/cmp_i1768549909643_784_0_2.jpg"", ""https://xcimg.szwego.com/imgHD/9404f147/20260116/cmp_i1768549903550_4820_0_3.jpg"", ""https://xcimg.szwego.com/imgHD/9404f147/20260116/cmp_i1768549909719_4431_0_4.jpg"", ""https://xcimg.szwego.com/imgHD/9404f147/20260116/cmp_i1768549903394_917_0_5.jpg"", ""https://xcimg.szwego.com/imgHD/9404f147/20260116/cmp_i1768549909594_6230_0_6.jpg"", ""https://xcimg.szwego.com/imgHD/9404f147/20260116/cmp_i1768549903590_1934_0_7.jpg"", ""https://xcimg.szwego.com/imgHD/9404f147/20260116/cmp_i1768549915724_4619_0_8.jpg""]"
_dtQrSDaSXtf535HvNkFZ6wdghq8ngIsccwM85aw;;PRA 26S 重工镶钻花边造型白色棉质T恤 设计改变了其线条 并允许进行多种定制、领口一圈进口奥钻98面切割+4抓镶嵌 手工钉制，日常出街聚会都能轻松驾驭;0;;lrg3k8cd5bgw3jv;;Для женщин;"[""https://xcimg.szwego.com/imgHD/9404f147/20260116/cmp_i1768549277253_5757_0_0.jpg"", ""https://xcimg.szwego.com/imgHD/9404f147/20260116/cmp_i1768549277262_9495_0_1.jpg"", ""https://xcimg.szwego.com/imgHD/9404f147/20260116/cmp_i1768549299343_293_0_2.jpg"", ""https://xcimg.szwego.com/imgHD/9404f147/20260116/cmp_i1768549276883_132_0_3.jpg"", ""https://xcimg.szwego.com/imgHD/9404f147/20260116/cmp_i1768549299304_1132_0_4.jpg"", ""https://xcimg.szwego.com/imgHD/9404f147/20260116/cmp_i1768549276597_2030_0_5.jpg"", ""https://xcimg.szwego.com/imgHD/9404f147/20260116/cmp_i1768549277204_3209_0_6.jpg"", ""https://xcimg.szwego.com/imgHD/9404f147/20260116/cmp_i1768549299391_6724_0_7.jpg"", ""https://xcimg.szwego.com/imgHD/9404f147/20260116/cmp_i1768549298868_170_0_8.jpg""]"
_dnIrSh1lcfnPboEKyvpH3NKVFvVaIUpwtMJeibw;;PRA 26S 三角徽标白咖双色花边短袖T恤 精梳棉材质柔软透气 下摆手袖可调节方向造型、此设计改变了其线条 并允许进行多种定制操作 宽松版型 男女日常叠搭都很OK;0;;lrg3k8cd5bgw3jv;;Для женщин;"[""https://xcimg.szwego.com/imgHD/9404f147/20260116/cmp_i1768548668146_2544_0_0.jpg"", ""https://xcimg.szwego.com/imgHD/9404f147/20260116/cmp_i1768548668133_1929_0_1.jpg"", ""https://xcimg.szwego.com/imgHD/9404f147/20260116/cmp_i1768548709459_7971_0_2.jpg"", ""https://xcimg.szwego.com/imgHD/9404f147/20260116/cmp_i1768548613744_9614_0_3.jpg"", ""https://xcimg.szwego.com/imgHD/9404f147/20260116/cmp_i1768548709039_8214_0_4.jpg"", ""https://xcimg.szwego.com/imgHD/9404f147/20260116/cmp_i1768548668102_6219_0_5.jpg"", ""https://xcimg.szwego.com/imgHD/9404f147/20260116/cmp_i1768548613729_9392_0_6.jpg"", ""https://xcimg.szwego.com/imgHD/9404f147/20260116/cmp_i1768548709455_4714_0_7.jpg"", ""https://xcimg.szwego.com/imgHD/9404f147/20260116/cmp_i1768548668057_730_0_8.jpg""]"
_dbXrSebskZy7gTAvbtsSj1ucQToRluGYN5SkSRA;;PRA 26S 三角徽标白咖双色花边短袖T恤 精梳棉材质柔软透气 下摆手袖可调节方向造型、此设计改变了其线条 并允许进行多种定制操作 宽松版型 男女日常叠搭都很OK;0;;lrg3k8cd5bgw3jv;;Для женщин;"[""https://xcimg.szwego.com/imgHD/9404f147/20260116/cmp_i1768548242164_9355_0_0.jpg"", ""https://xcimg.szwego.com/imgHD/9404f147/20260116/cmp_i1768548229762_3850_0_1.jpg"", ""https://xcimg.szwego.com/imgHD/9404f147/20260116/cmp_i1768548223059_7947_0_2.jpg"", ""https://xcimg.szwego.com/imgHD/9404f147/20260116/cmp_i1768548229225_8560_0_3.jpg"", ""https://xcimg.szwego.com/imgHD/9404f147/20260116/cmp_i1768548229444_9917_0_4.jpg"", ""https://xcimg.szwego.com/imgHD/9404f147/20260116/cmp_i1768548229714_6962_0_5.jpg"", ""https://xcimg.szwego.com/imgHD/9404f147/20260116/cmp_i1768548241705_514_0_6.jpg"", ""https://xcimg.szwego.com/imgHD/9404f147/20260116/cmp_i1768548223393_6944_0_7.jpg"", ""https://xcimg.szwego.com/imgHD/9404f147/20260116/cmp_i1768548241864_3223_0_8.jpg""]"
_dk5rSrruMZbN8-rQwFFBd2WQj2gMxJKxJzPkMRQ;;CHA Vintage中古1992灰黑格纹拼皮外套 经典千鸟格设计羊毛混纺材质，黑色皮质镶边C金属纽扣细节精致、V领四口袋剪裁 收腰版型优雅复古 内里真丝 穿搭超有气质;0;;lrg3k8cd5bgw3jv;;Для женщин;"[""https://xcimg.szwego.com/imgHD/9404f147/20260115/cmp_i1768452081372_943_0_0.jpg"", ""https://xcimg.szwego.com/imgHD/9404f147/20260115/cmp_i1768452090392_6402_0_1.jpg"", ""https://xcimg.szwego.com/imgHD/9404f147/20260115/cmp_i1768452081366_5178_0_2.jpg"", ""https://xcimg.szwego.com/imgHD/9404f147/20260115/cmp_i1768452081313_6554_0_3.jpg"", ""https://xcimg.szwego.com/imgHD/9404f147/20260115/cmp_i1768452090198_6656_0_4.jpg"", ""https://xcimg.szwego.com/imgHD/9404f147/20260115/cmp_i1768452081213_8408_0_5.jpg"", ""https://xcimg.szwego.com/imgHD/9404f147/20260115/cmp_i1768452090265_3891_0_6.jpg"", ""https://xcimg.szwego.com/imgHD/9404f147/20260115/cmp_i1768452090183_4204_0_7.jpg"", ""https://xcimg.szwego.com/imgHD/9404f147/20260115/cmp_i1768452089949_9798_0_8.jpg""]"
_dklrSKuHWxGbLMmXZZLNrbHUmxHbKAYEsO_t86A;;CHA Vintage 1992年灰黑格纹包臀包裙 经典千鸟格设计羊毛混纺材质 黑色皮质镶边收腰造型、高腰后方C金属纽扣点缀 细节精致收腰版型 优雅复古;0;;lrg3k8cd5bgw3jv;;Для женщин;"[""https://xcimg.szwego.com/imgHD/9404f147/20260115/cmp_i1768451845558_951_0_0.jpg"", ""https://xcimg.szwego.com/imgHD/9404f147/20260115/cmp_i1768451852287_8995_0_1.jpg"", ""https://xcimg.szwego.com/imgHD/9404f147/20260115/cmp_i1768451857237_2279_0_2.jpg"", ""https://xcimg.szwego.com/imgHD/9404f147/20260115/cmp_i1768451845399_859_0_3.jpg"", ""https://xcimg.szwego.com/imgHD/9404f147/20260115/cmp_i1768451845417_976_0_4.jpg"", ""https://xcimg.szwego.com/imgHD/9404f147/20260115/cmp_i1768451845383_2473_0_5.jpg"", ""https://xcimg.szwego.com/imgHD/9404f147/20260115/cmp_i1768451857244_9325_0_6.jpg"", ""https://xcimg.szwego.com/imgHD/9404f147/20260115/cmp_i1768451852306_8376_0_7.jpg"", ""https://xcimg.szwego.com/imgHD/9404f147/20260115/cmp_i1768451845435_9343_0_8.jpg""]"
_di6rSEZ9rhFNzdVu_kHyNi_q3ek7gn6DYD9zhaA;;VALEN 26S四口袋金扣 红色羊毛呢大衣 红色羊绒羊毛大衣 经典正红色 显白又气场满分 立领+金属V字扣，细节超精致 宽松剪裁舒适又时髦 顶级品质发售;0;;lrg3k8cd5bgw3jv;;Для женщин;"[""https://xcimg.szwego.com/imgHD/9404f147/20260114/cmp_i1768374194423_7750_0_0.jpg"", ""https://xcimg.szwego.com/imgHD/9404f147/20260114/cmp_i1768374189173_2000_0_1.jpg"", ""https://xcimg.szwego.com/imgHD/9404f147/20260114/cmp_i1768374181739_3453_0_2.jpg"", ""https://xcimg.szwego.com/imgHD/9404f147/20260114/cmp_i1768374194380_7427_0_3.jpg"", ""https://xcimg.szwego.com/imgHD/9404f147/20260114/cmp_i1768374189078_6523_0_4.jpg"", ""https://xcimg.szwego.com/imgHD/9404f147/20260114/cmp_i1768374181746_9578_0_5.jpg"", ""https://xcimg.szwego.com/imgHD/9404f147/20260114/cmp_i1768374181761_3166_0_6.jpg"", ""https://xcimg.szwego.com/imgHD/9404f147/20260114/cmp_i1768374194455_3089_0_7.jpg"", ""https://xcimg.szwego.com/imgHD/9404f147/20260114/cmp_i1768374189004_4077_0_8.jpg""]"
_dssrSj8L6GMMaDBiuRexODOkfs-6ncVMxK-MrUw;;VALEN 26S羽毛领结 粉色真丝衬衫 羽毛飘带短款衬衫 淡粉色主调 轻薄面料+羽毛飘带，甜美优雅氛围感满分 短款剪裁 袖口和领口细节精致 品牌工艺感十足 顶级品质发售;0;;lrg3k8cd5bgw3jv;;Для женщин;"[""https://xcimg.szwego.com/imgHD/9404f147/20260114/cmp_i1768373905938_9056_0_0.jpg"", ""https://xcimg.szwego.com/imgHD/9404f147/20260114/cmp_i1768373905939_8413_0_1.jpg"", ""https://xcimg.szwego.com/imgHD/9404f147/20260114/cmp_i1768373916988_2417_0_2.jpg"", ""https://xcimg.szwego.com/imgHD/9404f147/20260114/cmp_i1768373901777_156_0_3.jpg"", ""https://xcimg.szwego.com/imgHD/9404f147/20260114/cmp_i1768373901778_9945_0_4.jpg"", ""https://xcimg.szwego.com/imgHD/9404f147/20260114/cmp_i1768373905945_5470_0_5.jpg"", ""https://xcimg.szwego.com/imgHD/9404f147/20260114/cmp_i1768373901778_1725_0_6.jpg"", ""https://xcimg.szwego.com/imgHD/9404f147/20260114/cmp_i1768373916585_6737_0_7.jpg"", ""https://xcimg.szwego.com/imgHD/9404f147/20260114/cmp_i1768373905962_5987_0_8.jpg""]"
_dj_rSeEdj8fB0aUFP3LdWQ9KRHv-HEiGROJHnLQ;;VALEN 26S设计师黑色羽毛手袖真丝衬衫 这款黑底白波点真丝衬衫 桑蚕丝材质 柔软亲肤 垂坠感满分，领口飘带设计 复古优雅 袖口微收褶细节超加分 顶级品质发售;0;;lrg3k8cd5bgw3jv;;Для женщин;"[""https://xcimg.szwego.com/imgHD/9404f147/20260114/cmp_i1768373585571_4812_0_0.jpg"", ""https://xcimg.szwego.com/imgHD/9404f147/20260114/cmp_i1768373592124_8369_0_1.jpg"", ""https://xcimg.szwego.com/imgHD/9404f147/20260114/cmp_i1768373585341_4511_0_2.jpg"", ""https://xcimg.szwego.com/imgHD/9404f147/20260114/cmp_i1768373591614_1899_0_3.jpg"", ""https://xcimg.szwego.com/imgHD/9404f147/20260114/cmp_i1768373585419_5774_0_4.jpg"", ""https://xcimg.szwego.com/imgHD/9404f147/20260114/cmp_i1768373585315_3904_0_5.jpg"", ""https://xcimg.szwego.com/imgHD/9404f147/20260114/cmp_i1768373592130_4395_0_6.jpg"", ""https://xcimg.szwego.com/imgHD/9404f147/20260114/cmp_i1768373592179_3349_0_7.jpg"", ""https://xcimg.szwego.com/imgHD/9404f147/20260114/cmp_i1768373578439_4192_0_8.jpg""]"
_dtHrSlFhIDYnO3lHJVHp6lUjGVSrfzw7AMc_XXg;;设计师款 26S设计师立体羽毛红色针织毛衣 这件红色羽毛毛衣 宽松版型+柔软针织面料 表面点缀羽毛，层次感和动感满分 鲜艳红色超吸睛 造型感直接拉满 顶级品质发售;0;;lrg3k8cd5bgw3jv;;Для женщин;"[""https://xcimg.szwego.com/imgHD/9404f147/20260114/cmp_i1768373031477_5260_0_0.jpg"", ""https://xcimg.szwego.com/imgHD/9404f147/20260114/cmp_i1768373013442_1598_0_1.jpg"", ""https://xcimg.szwego.com/imgHD/9404f147/20260114/cmp_i1768373013441_5985_0_2.jpg"", ""https://xcimg.szwego.com/imgHD/9404f147/20260114/cmp_i1768373023800_9230_0_3.jpg"", ""https://xcimg.szwego.com/imgHD/9404f147/20260114/cmp_i1768373023798_3006_0_4.jpg"", ""https://xcimg.szwego.com/imgHD/9404f147/20260114/cmp_i1768373013441_2120_0_5.jpg"", ""https://xcimg.szwego.com/imgHD/9404f147/20260114/cmp_i1768373013441_2838_0_6.jpg"", ""https://xcimg.szwego.com/imgHD/9404f147/20260114/cmp_i1768373030397_9306_0_7.jpg"", ""https://xcimg.szwego.com/imgHD/9404f147/20260114/cmp_i1768373013442_7116_0_8.jpg""]"
_dbGrSzbF4Q75rr8Kp6eiANy60jte0JmmF08n5rw;;设计师款 26S设计师款白色羽毛手袖真丝衬衫 这款羽毛饰边衬衫 采用轻盈缎面 触感柔滑 光泽感满满 袖口羽毛装饰超有层次，复古又浪漫 V领+宽松剪裁 舒适又显气质 顶级品质发售;0;;lrg3k8cd5bgw3jv;;Для женщин;"[""https://xcimg.szwego.com/imgHD/9404f147/20260114/cmp_i1768371956816_6044_0_0.jpg"", ""https://xcimg.szwego.com/imgHD/9404f147/20260114/cmp_i1768372525235_621_0_1.jpg"", ""https://xcimg.szwego.com/imgHD/9404f147/20260114/cmp_i1768371964074_5518_0_2.jpg"", ""https://xcimg.szwego.com/imgHD/9404f147/20260114/cmp_i1768372514374_317_0_3.jpg"", ""https://xcimg.szwego.com/imgHD/9404f147/20260114/cmp_i1768372531660_2341_0_4.jpg"", ""https://xcimg.szwego.com/imgHD/9404f147/20260114/cmp_i1768372514375_9982_0_5.jpg"", ""https://xcimg.szwego.com/imgHD/9404f147/20260114/cmp_i1768372525241_1034_0_6.jpg"", ""https://xcimg.szwego.com/imgHD/9404f147/20260114/cmp_i1768372522577_545_0_7.jpg"", ""https://xcimg.szwego.com/imgHD/9404f147/20260114/cmp_i1768372525292_7512_0_8.jpg""]"
_dmorSK6J6F7KwIkuJkFJjU4uYupxEH_ESnQZY4Q;;设计师款 26S设计师款黑色羽毛手袖真丝衬衫 这款羽毛饰边衬衫 采用轻盈缎面 触感柔滑 光泽感满满 袖口羽毛装饰超有层次，复古又浪漫 V领+宽松剪裁 舒适又显气质 顶级品质发售;0;;lrg3k8cd5bgw3jv;;Для женщин;"[""https://xcimg.szwego.com/imgHD/9404f147/20260114/cmp_i1768371956816_6044_0_0.jpg"", ""https://xcimg.szwego.com/imgHD/9404f147/20260114/cmp_i1768371964131_6809_0_1.jpg"", ""https://xcimg.szwego.com/imgHD/9404f147/20260114/cmp_i1768371964074_5518_0_2.jpg"", ""https://xcimg.szwego.com/imgHD/9404f147/20260114/cmp_i1768371956741_2177_0_3.jpg"", ""https://xcimg.szwego.com/imgHD/9404f147/20260114/cmp_i1768371956700_7682_0_4.jpg"", ""https://xcimg.szwego.com/imgHD/9404f147/20260114/cmp_i1768371956732_4473_0_5.jpg"", ""https://xcimg.szwego.com/imgHD/9404f147/20260114/cmp_i1768371956779_4042_0_6.jpg"", ""https://xcimg.szwego.com/imgHD/9404f147/20260114/cmp_i1768371964108_240_0_7.jpg"", ""https://xcimg.szwego.com/imgHD/9404f147/20260114/cmp_i1768371963575_7071_0_8.jpg""]"
_dwdrSjXZlQXlfvEpR3nDiI0y-NNrlTIyOl3xJ_g;;设计师款 26S羽毛手袖 新年红针织毛衣 这件红色针织衫采用柔软针织面料 袖口羽毛装饰超有设计感 时髦又吸睛，宽松版型 舒适又显气质 红色象征热情活力 节日氛围感满满 顶级品质发售;0;;lrg3k8cd5bgw3jv;;Для женщин;"[""https://xcimg.szwego.com/imgHD/9404f147/20260114/cmp_i1768371559358_6767_0_0.jpg"", ""https://xcimg.szwego.com/imgHD/9404f147/20260114/cmp_i1768371540936_6354_0_1.jpg"", ""https://xcimg.szwego.com/imgHD/9404f147/20260114/cmp_i1768371540936_2756_0_2.jpg"", ""https://xcimg.szwego.com/imgHD/9404f147/20260114/cmp_i1768371540932_7262_0_3.jpg"", ""https://xcimg.szwego.com/imgHD/9404f147/20260114/cmp_i1768371540933_5088_0_4.jpg"", ""https://xcimg.szwego.com/imgHD/9404f147/20260114/cmp_i1768371535704_6751_0_5.jpg"", ""https://xcimg.szwego.com/imgHD/9404f147/20260114/cmp_i1768371559360_591_0_6.jpg"", ""https://xcimg.szwego.com/imgHD/9404f147/20260114/cmp_i1768371540936_866_0_7.jpg"", ""https://xcimg.szwego.com/imgHD/9404f147/20260114/cmp_i1768371559361_179_0_8.jpg""]"
_d86rSzmnL_FpQ3BR6Fg3SiL-ZE972qQieQ65UqQ;;LOW 26S LouisWain联名猫咪刺绣针织背心 联名针织背心羊毛羊绒混纺柔软又保暖、撞色条纹暗纹猫咪刺绣提花 复古童趣感，秋冬叠穿搭超有氛围感 可爱时髦;0;;lrg3k8cd5bgw3jv;;Для женщин;"[""https://xcimg.szwego.com/imgHD/9404f147/20260113/cmp_i1768283657333_1742_0_0.jpg"", ""https://xcimg.szwego.com/imgHD/9404f147/20260113/cmp_i1768283657333_4597_0_1.jpg"", ""https://xcimg.szwego.com/imgHD/9404f147/20260113/cmp_i1768283647198_6040_0_2.jpg"", ""https://xcimg.szwego.com/imgHD/9404f147/20260113/cmp_i1768283657333_3669_0_3.jpg"", ""https://xcimg.szwego.com/imgHD/9404f147/20260113/cmp_i1768283647197_8466_0_4.jpg"", ""https://xcimg.szwego.com/imgHD/9404f147/20260113/cmp_i1768283647196_220_0_5.jpg"", ""https://xcimg.szwego.com/imgHD/9404f147/20260113/cmp_i1768283647198_5930_0_6.jpg"", ""https://xcimg.szwego.com/imgHD/9404f147/20260113/cmp_i1768283657333_2946_0_7.jpg"", ""https://xcimg.szwego.com/imgHD/9404f147/20260113/cmp_i1768283647196_6234_0_8.jpg""]"
_dxarSMKMesI7L4aaexjYjvl6u0gmJQUTWY7KiMA;;LOW 26S Louis Wain联名粉色羊绒毛衣 艺术家Louis Wain羊毛材质柔软轻盈，贴身穿细腻超舒服 樱花雾粉色调胸口猫咪刺绣 背面还有蓝裙小猫彩蛋、趣味甜美满满;0;;lrg3k8cd5bgw3jv;;Для женщин;"[""https://xcimg.szwego.com/imgHD/9404f147/20260113/cmp_i1768283417088_1205_0_0.jpg"", ""https://xcimg.szwego.com/imgHD/9404f147/20260113/cmp_i1768283398726_7932_0_1.jpg"", ""https://xcimg.szwego.com/imgHD/9404f147/20260113/cmp_i1768283403021_5479_0_2.jpg"", ""https://xcimg.szwego.com/imgHD/9404f147/20260113/cmp_i1768283403016_6017_0_3.jpg"", ""https://xcimg.szwego.com/imgHD/9404f147/20260113/cmp_i1768283417092_6593_0_4.jpg"", ""https://xcimg.szwego.com/imgHD/9404f147/20260113/cmp_i1768283417092_349_0_5.jpg"", ""https://xcimg.szwego.com/imgHD/9404f147/20260113/cmp_i1768283403014_7332_0_6.jpg"", ""https://xcimg.szwego.com/imgHD/9404f147/20260113/cmp_i1768283403018_4780_0_7.jpg"", ""https://xcimg.szwego.com/imgHD/9404f147/20260113/cmp_i1768283403016_233_0_8.jpg""]"
_doprS-HV5gwqgRoeDLYx03uWhi8NmlSpkn1gSEQ;;LOW 26S Louis Wain联名灰色长袖猫咪T恤 英国艺术家Louis Wain联名 采用轻质棉料穿着舒适透气、正面全幅猫咪简笔刺绣 趣味十足艺术感，宽松圆领长袖设计;0;;lrg3k8cd5bgw3jv;;Для женщин;"[""https://xcimg.szwego.com/imgHD/9404f147/20260113/cmp_i1768283064109_5707_0_0.jpg"", ""https://xcimg.szwego.com/imgHD/9404f147/20260113/cmp_i1768283061280_5496_0_1.jpg"", ""https://xcimg.szwego.com/imgHD/9404f147/20260113/cmp_i1768283061282_634_0_2.jpg"", ""https://xcimg.szwego.com/imgHD/9404f147/20260113/cmp_i1768283056029_1565_0_3.jpg"", ""https://xcimg.szwego.com/imgHD/9404f147/20260113/cmp_i1768283061280_9938_0_4.jpg"", ""https://xcimg.szwego.com/imgHD/9404f147/20260113/cmp_i1768283080061_786_0_5.jpg"", ""https://xcimg.szwego.com/imgHD/9404f147/20260113/cmp_i1768283061280_3092_0_6.jpg"", ""https://xcimg.szwego.com/imgHD/9404f147/20260113/cmp_i1768283080061_4499_0_7.jpg"", ""https://xcimg.szwego.com/imgHD/9404f147/20260113/cmp_i1768283080063_3931_0_8.jpg""]"
_dcCrSaUqNnjUO9EDY7Wey2BEtoP4RgvXNn2Hd4A;;LOW 26S Louis Wain联名款黑色猫T恤 插画师LouisWain联名t 采用纯棉材质柔软透气、穿着超舒适 正面猫咪玩logo毛球图案灵感来自插画 趣味又有艺术感、Oversize宽松版型 日常出街或宅家都ok;0;;lrg3k8cd5bgw3jv;;Для женщин;"[""https://xcimg.szwego.com/imgHD/9404f147/20260113/cmp_i1768282747030_3028_0_0.jpg"", ""https://xcimg.szwego.com/imgHD/9404f147/20260113/cmp_i1768282521944_8272_0_4.jpg"", ""https://xcimg.szwego.com/imgHD/9404f147/20260113/cmp_i1768282747011_8628_0_2.jpg"", ""https://xcimg.szwego.com/imgHD/9404f147/20260113/cmp_i1768282746993_7810_0_3.jpg"", ""https://xcimg.szwego.com/imgHD/9404f147/20260113/cmp_i1768282735891_5159_0_4.jpg"", ""https://xcimg.szwego.com/imgHD/9404f147/20260113/cmp_i1768282729906_4373_0_5.jpg"", ""https://xcimg.szwego.com/imgHD/9404f147/20260113/cmp_i1768282736066_6320_0_6.jpg"", ""https://xcimg.szwego.com/imgHD/9404f147/20260113/cmp_i1768282736125_774_0_7.jpg"", ""https://xcimg.szwego.com/imgHD/9404f147/20260113/cmp_i1768282735996_2910_0_8.jpg""]"
_dqirSt95w2GW-Zq5HKlrxGmdQhPjQ9Eg1bb2m4A;;LOW 26S Louis Wain联名款粉色猫T恤 插画师LouisWain联名t 采用纯棉材质柔软透气、穿着超舒适 正面猫咪玩logo毛球图案灵感来自插画 趣味又有艺术感、Oversize宽松版型 日常出街或宅家都ok;0;;lrg3k8cd5bgw3jv;;Для женщин;"[""https://xcimg.szwego.com/imgHD/9404f147/20260113/cmp_i1768282452137_6613_0_0.jpg"", ""https://xcimg.szwego.com/imgHD/9404f147/20260113/cmp_i1768282434432_61_0_1.jpg"", ""https://xcimg.szwego.com/imgHD/9404f147/20260113/cmp_i1768282434432_5356_0_2.jpg"", ""https://xcimg.szwego.com/imgHD/9404f147/20260113/cmp_i1768282452136_2414_0_3.jpg"", ""https://xcimg.szwego.com/imgHD/9404f147/20260113/cmp_i1768282434433_9082_0_4.jpg"", ""https://xcimg.szwego.com/imgHD/9404f147/20260113/cmp_i1768282452142_4005_0_5.jpg"", ""https://xcimg.szwego.com/imgHD/9404f147/20260113/cmp_i1768282429012_5852_0_6.jpg"", ""https://xcimg.szwego.com/imgHD/9404f147/20260113/cmp_i1768282434433_5453_0_7.jpg"", ""https://xcimg.szwego.com/imgHD/9404f147/20260113/cmp_i1768282452130_50_0_8.jpg""]"
_daMrS7LxauNGwR1FBFbly01NAce5B2PcyDNOvHA;;LOW 26S 联名款黑白猫咪钩花刺绣T恤 艺术家LouisWain联名款 黑色纯棉面料胸前小口袋+点缀猫咪刺绣，钩花白色明线与T恤轮廓 辨识度超高 未来主义猫画艺术感;0;;lrg3k8cd5bgw3jv;;Для женщин;"[""https://xcimg.szwego.com/imgHD/9404f147/20260113/cmp_i1768282162661_7952_0_0.jpg"", ""https://xcimg.szwego.com/imgHD/9404f147/20260113/cmp_i1768282184068_3810_0_1.jpg"", ""https://xcimg.szwego.com/imgHD/9404f147/20260113/cmp_i1768282162574_8328_0_2.jpg"", ""https://xcimg.szwego.com/imgHD/9404f147/20260113/cmp_i1768282160008_4307_0_3.jpg"", ""https://xcimg.szwego.com/imgHD/9404f147/20260113/cmp_i1768282162571_4975_0_4.jpg"", ""https://xcimg.szwego.com/imgHD/9404f147/20260113/cmp_i1768282162612_4707_0_5.jpg"", ""https://xcimg.szwego.com/imgHD/9404f147/20260113/cmp_i1768282183533_8214_0_6.jpg"", ""https://xcimg.szwego.com/imgHD/9404f147/20260113/cmp_i1768282184020_3266_0_7.jpg"", ""https://xcimg.szwego.com/imgHD/9404f147/20260113/cmp_i1768282183790_9105_0_8.jpg""]"
_dsHrSoXsr9m6VsDILrVRDMFEqUzaN7TkCNhrJkg;;LOW 26S Louis Wain联名款刺绣猫咪T恤 英国艺术家LouisWain联名 灰色100%精梳棉柔软亲肤 透气舒适、背面十字绣猫咪图案童趣又艺术，宽松版型男女同款 日常休闲或街头都ok;0;;lrg3k8cd5bgw3jv;;Для женщин;"[""https://xcimg.szwego.com/imgHD/9404f147/20260113/cmp_i1768281894317_215_0_0.jpg"", ""https://xcimg.szwego.com/imgHD/9404f147/20260113/cmp_i1768281894083_8231_0_1.jpg"", ""https://xcimg.szwego.com/imgHD/9404f147/20260113/cmp_i1768281908261_8841_0_2.jpg"", ""https://xcimg.szwego.com/imgHD/9404f147/20260113/cmp_i1768281894093_2000_0_3.jpg"", ""https://xcimg.szwego.com/imgHD/9404f147/20260113/cmp_i1768281907752_2167_0_4.jpg"", ""https://xcimg.szwego.com/imgHD/9404f147/20260113/cmp_i1768281889180_5151_0_5.jpg"", ""https://xcimg.szwego.com/imgHD/9404f147/20260113/cmp_i1768281894318_8676_0_6.jpg"", ""https://xcimg.szwego.com/imgHD/9404f147/20260113/cmp_i1768281894164_1230_0_7.jpg"", ""https://xcimg.szwego.com/imgHD/9404f147/20260113/cmp_i1768281908253_4084_0_8.jpg""]"
_ddVrSCkhSSGD5hFsIKMHxAN-wCi8hdJuXFfvTaw;;LOE 26S 黑咖色V领字母刺绣针织毛衣 采用高品质羊毛柔软又保暖，宽松版型小V领设计 修饰脸型还很有松弛感，左下角LW红色字母刺绣超有辨识度 时髦单品;0;;lrg3k8cd5bgw3jv;;Для женщин;"[""https://xcimg.szwego.com/imgHD/9404f147/20260113/cmp_i1768281612481_6876_0_0.jpg"", ""https://xcimg.szwego.com/imgHD/9404f147/20260113/cmp_i1768281620844_4865_0_1.jpg"", ""https://xcimg.szwego.com/imgHD/9404f147/20260113/cmp_i1768281639060_2522_0_2.jpg"", ""https://xcimg.szwego.com/imgHD/9404f147/20260113/cmp_i1768281639044_8949_0_3.jpg"", ""https://xcimg.szwego.com/imgHD/9404f147/20260113/cmp_i1768281639001_6617_0_4.jpg"", ""https://xcimg.szwego.com/imgHD/9404f147/20260113/cmp_i1768281620693_3924_0_5.jpg"", ""https://xcimg.szwego.com/imgHD/9404f147/20260113/cmp_i1768281620874_9396_0_6.jpg"", ""https://xcimg.szwego.com/imgHD/9404f147/20260113/cmp_i1768281620766_912_0_7.jpg"", ""https://xcimg.szwego.com/imgHD/9404f147/20260113/cmp_i1768281620867_3035_0_8.jpg""]"
_deprSsxBdc2E7tma4S9sn9RfMRIjcSh_bm_zYng;;CHA 25N 黑色双排扣羊皮腰带风衣夹克 高品质羊皮皮革光泽感 触感柔软又细腻、双排水钻扣 腰带设计修饰身形，优雅帅气造型 短款剪裁搭配腰带 通勤或正式场合都能轻松驾驭;0;;lrg3k8cd5bgw3jv;;Для женщин;"[""https://xcimg.szwego.com/imgHD/9404f147/20260112/cmp_i1768198568107_2203_0_0.jpg"", ""https://xcimg.szwego.com/imgHD/9404f147/20260112/cmp_i1768198568105_3425_0_1.jpg"", ""https://xcimg.szwego.com/imgHD/9404f147/20260112/cmp_i1768198578052_5292_0_2.jpg"", ""https://xcimg.szwego.com/imgHD/9404f147/20260112/cmp_i1768198578051_7087_0_3.jpg"", ""https://xcimg.szwego.com/imgHD/9404f147/20260112/cmp_i1768198578053_4576_0_4.jpg"", ""https://xcimg.szwego.com/imgHD/9404f147/20260112/cmp_i1768198568101_9256_0_5.jpg"", ""https://xcimg.szwego.com/imgHD/9404f147/20260112/cmp_i1768198578052_6977_0_6.jpg"", ""https://xcimg.szwego.com/imgHD/9404f147/20260112/cmp_i1768198568108_4459_0_7.jpg"", ""https://xcimg.szwego.com/imgHD/9404f147/20260112/cmp_i1768198568104_902_0_8.jpg""]"
_dr6rSPYyjtWKae36g6QXY21rX7RVi7jzOSxKYuA;;CHA 25N 黑色双排扣羊皮腰带风衣夹克 高品质羊皮皮革光泽感 触感柔软又细腻、双排水钻扣 腰带设计修饰身形，优雅帅气造型 短款剪裁搭配腰带 通勤或正式场合都能轻松驾驭;0;;lrg3k8cd5bgw3jv;;Для женщин;"[""https://xcimg.szwego.com/imgHD/9404f147/20260112/cmp_i1768197664622_5141_0_0.jpg"", ""https://xcimg.szwego.com/imgHD/9404f147/20260112/cmp_i1768197671797_1020_0_1.jpg"", ""https://xcimg.szwego.com/imgHD/9404f147/20260112/cmp_i1768197664614_8403_0_2.jpg"", ""https://xcimg.szwego.com/imgHD/9404f147/20260112/cmp_i1768197664516_5308_0_3.jpg"", ""https://xcimg.szwego.com/imgHD/9404f147/20260112/cmp_i1768197671718_2455_0_4.jpg"", ""https://xcimg.szwego.com/imgHD/9404f147/20260112/cmp_i1768197671724_1660_0_5.jpg"", ""https://xcimg.szwego.com/imgHD/9404f147/20260112/cmp_i1768197664544_2292_0_6.jpg"", ""https://xcimg.szwego.com/imgHD/9404f147/20260112/cmp_i1768197671786_4669_0_7.jpg"", ""https://xcimg.szwego.com/imgHD/9404f147/20260112/cmp_i1768197671761_2317_0_8.jpg""]"
_du_rSa7KS9srcMtjrS3cj2CvZm_0VRmr74r8KIA;;CHA 25N 滑雪系列马海毛双排扣外套 驼色马海毛混纺柔软蓬松超有质感、双排水钻扣+撞色包边+蝴蝶结扣饰 经典又俏皮斜门襟设计打破常规，随性优雅律动出彩;0;;lrg3k8cd5bgw3jv;;Для женщин;"[""https://xcimg.szwego.com/imgHD/9404f147/20260112/cmp_i1768197130503_2412_0_0.jpg"", ""https://xcimg.szwego.com/imgHD/9404f147/20260112/cmp_i1768197130436_8114_0_1.jpg"", ""https://xcimg.szwego.com/imgHD/9404f147/20260112/cmp_i1768197140693_2491_0_2.jpg"", ""https://xcimg.szwego.com/imgHD/9404f147/20260112/cmp_i1768197140546_7963_0_3.jpg"", ""https://xcimg.szwego.com/imgHD/9404f147/20260112/cmp_i1768196801618_8541_0_6.jpg"", ""https://xcimg.szwego.com/imgHD/9404f147/20260112/cmp_i1768197130396_8965_0_5.jpg"", ""https://xcimg.szwego.com/imgHD/9404f147/20260112/cmp_i1768197123650_5946_0_6.jpg"", ""https://xcimg.szwego.com/imgHD/9404f147/20260112/cmp_i1768197130493_2111_0_7.jpg"", ""https://xcimg.szwego.com/imgHD/9404f147/20260112/cmp_i1768197130475_6416_0_8.jpg""]"
_dsDrS-_DowX-HIaF9Dja-YvGxFEk4VBUHN3gAww;;CHA 1993年Vintage收腰棉服风衣 米色华达尼棉 内里字母真丝缎装饰复古感、可拆卸连帽 古铜刻字五金拉链设计 实用又复古、腰部抽绳可调节版型 菱格纹大口袋超有辨识度;0;;lrg3k8cd5bgw3jv;;Для женщин;"[""https://xcimg.szwego.com/imgHD/9404f147/20260112/cmp_i1768196288676_1602_0_0.jpg"", ""https://xcimg.szwego.com/imgHD/9404f147/20260112/cmp_i1768196303137_6722_0_1.jpg"", ""https://xcimg.szwego.com/imgHD/9404f147/20260112/cmp_i1768196303136_9084_0_2.jpg"", ""https://xcimg.szwego.com/imgHD/9404f147/20260112/cmp_i1768196288675_7643_0_3.jpg"", ""https://xcimg.szwego.com/imgHD/9404f147/20260112/cmp_i1768196288675_730_0_4.jpg"", ""https://xcimg.szwego.com/imgHD/9404f147/20260112/cmp_i1768196303135_8613_0_5.jpg"", ""https://xcimg.szwego.com/imgHD/9404f147/20260112/cmp_i1768196303138_2173_0_6.jpg"", ""https://xcimg.szwego.com/imgHD/9404f147/20260112/cmp_i1768196288678_4010_0_7.jpg"", ""https://xcimg.szwego.com/imgHD/9404f147/20260112/cmp_i1768196288675_765_0_8.jpg""]"
_dt_rSWI76VNTIFI5YZj1CSjwG5EX6VcdXsJJnuQ;;VALEN 26S 红色褶裥露背开衩礼服连衣裙 新年红高定剪裁 选用重磅乔其纱真丝面料立体剪裁，腰部褶裥扭结设计超显腰线 优雅又高级面料垂坠 华丽迷人气场全开;0;;lrg3k8cd5bgw3jv;;Для женщин;"[""https://xcimg.szwego.com/imgHD/9404f147/20260111/cmp_i1768111575858_8101_0_0.jpg"", ""https://xcimg.szwego.com/imgHD/9404f147/20260111/cmp_i1768111575858_450_0_1.jpg"", ""https://xcimg.szwego.com/imgHD/9404f147/20260111/cmp_i1768111581896_5835_0_2.jpg"", ""https://xcimg.szwego.com/imgHD/9404f147/20260111/cmp_i1768111575857_9844_0_3.jpg"", ""https://xcimg.szwego.com/imgHD/9404f147/20260111/cmp_i1768111581912_258_0_4.jpg"", ""https://xcimg.szwego.com/imgHD/9404f147/20260111/cmp_i1768111589925_8002_0_5.jpg"", ""https://xcimg.szwego.com/imgHD/9404f147/20260111/cmp_i1768111581895_2610_0_6.jpg"", ""https://xcimg.szwego.com/imgHD/9404f147/20260111/cmp_i1768111575857_2245_0_7.jpg"", ""https://xcimg.szwego.com/imgHD/9404f147/20260111/cmp_i1768111581878_9065_0_8.jpg""]"
_d9ZrShrnKbSpo1yAedlh9IcAddeafJq4mOdNIHw;;VALEN 26S 宝石水钻波点泡泡袖丝毛连衣裙 黑色丝毛廓形材质 手袖部分立体波点欧根纱、定制各种色泽宝石水钻镶嵌在裙身 星光闪耀高贵无比 星空感梦幻优雅又浪漫;0;;lrg3k8cd5bgw3jv;;Для женщин;"[""https://xcimg.szwego.com/imgHD/9404f147/20260111/cmp_i1768111072014_552_0_0.jpg"", ""https://xcimg.szwego.com/imgHD/9404f147/20260111/cmp_i1768111081561_7979_0_1.jpg"", ""https://xcimg.szwego.com/imgHD/9404f147/20260111/cmp_i1768111071973_3132_0_2.jpg"", ""https://xcimg.szwego.com/imgHD/9404f147/20260111/cmp_i1768111063839_2936_0_3.jpg"", ""https://xcimg.szwego.com/imgHD/9404f147/20260111/cmp_i1768111081540_12_0_4.jpg"", ""https://xcimg.szwego.com/imgHD/9404f147/20260111/cmp_i1768111071837_9002_0_5.jpg"", ""https://xcimg.szwego.com/imgHD/9404f147/20260111/cmp_i1768111081521_1538_0_6.jpg"", ""https://xcimg.szwego.com/imgHD/9404f147/20260111/cmp_i1768111071982_7647_0_7.jpg"", ""https://xcimg.szwego.com/imgHD/9404f147/20260111/cmp_i1768111071985_3911_0_8.jpg""]"
_dwzrS_LBwtwDbMAi2AzwTf7N3P1ErShVv8hdN2Q;;VALEN 26S 水钻丝绒蝴蝶结红色礼服连衣裙 正红色调超显白优雅又高级 定制YB廓形丝毛面料立体剪裁、领口环绕珍珠亮片刺绣 胸前黑色蝴蝶结精致高级 适合年会造型;0;;lrg3k8cd5bgw3jv;;Для женщин;"[""https://xcimg.szwego.com/imgHD/9404f147/20260111/cmp_i1768110704281_6808_0_0.jpg"", ""https://xcimg.szwego.com/imgHD/9404f147/20260111/cmp_i1768110692005_7997_0_1.jpg"", ""https://xcimg.szwego.com/imgHD/9404f147/20260111/cmp_i1768110691993_1812_0_2.jpg"", ""https://xcimg.szwego.com/imgHD/9404f147/20260111/cmp_i1768110684631_7794_0_3.jpg"", ""https://xcimg.szwego.com/imgHD/9404f147/20260111/cmp_i1768110704388_9784_0_4.jpg"", ""https://xcimg.szwego.com/imgHD/9404f147/20260111/cmp_i1768110704342_8711_0_5.jpg"", ""https://xcimg.szwego.com/imgHD/9404f147/20260111/cmp_i1768110692133_5808_0_6.jpg"", ""https://xcimg.szwego.com/imgHD/9404f147/20260111/cmp_i1768110691992_6759_0_7.jpg"", ""https://xcimg.szwego.com/imgHD/9404f147/20260111/cmp_i1768110691985_8554_0_8.jpg""]"
_dd3rS4D0W7d2RFl_TTpjETxgtcrewbq4X4uC9Og;;VALEN 26S 米白色蝴蝶结泡泡袖真丝衬衫 质地柔滑有光泽的真丝面料 黑色竖排蝴蝶结装饰从领口延伸、手工领结达到YB一致效果 简约又有设计感，高级精致时髦;0;;lrg3k8cd5bgw3jv;;Для женщин;"[""https://xcimg.szwego.com/imgHD/9404f147/20260111/cmp_i1768110273722_9899_0_0.jpg"", ""https://xcimg.szwego.com/imgHD/9404f147/20260111/cmp_i1768110273688_5318_0_1.jpg"", ""https://xcimg.szwego.com/imgHD/9404f147/20260111/cmp_i1768110268367_2886_0_2.jpg"", ""https://xcimg.szwego.com/imgHD/9404f147/20260111/cmp_i1768110268368_98_0_3.jpg"", ""https://xcimg.szwego.com/imgHD/9404f147/20260111/cmp_i1768110273689_9180_0_4.jpg"", ""https://xcimg.szwego.com/imgHD/9404f147/20260111/cmp_i1768110273683_8586_0_5.jpg"", ""https://xcimg.szwego.com/imgHD/9404f147/20260111/cmp_i1768110268368_9836_0_6.jpg"", ""https://xcimg.szwego.com/imgHD/9404f147/20260111/cmp_i1768110288041_8489_0_7.jpg"", ""https://xcimg.szwego.com/imgHD/9404f147/20260111/cmp_i1768110288041_4976_0_8.jpg""]"
_dfgrSGZfoIRBKJiYC3H8HsVBPslE9FTzKl0EiMQ;;VALEN 26S 红色羊毛立体金扣斗篷外套 斜纹羊毛厚实材质保暖又舒适，正红色超显气场和气色 四个口袋点缀经典V标、斗篷版型 优雅日常出街或节日穿搭都很出彩;0;;lrg3k8cd5bgw3jv;;Для женщин;"[""https://xcimg.szwego.com/imgHD/9404f147/20260109/cmp_i1767935370618_7951_0_0.jpg"", ""https://xcimg.szwego.com/imgHD/9404f147/20260109/cmp_i1767935377335_6247_0_2.jpg"", ""https://xcimg.szwego.com/imgHD/9404f147/20260109/cmp_i1767935377623_7606_0_1.jpg"", ""https://xcimg.szwego.com/imgHD/9404f147/20260109/cmp_i1767935377459_8576_0_3.jpg"", ""https://xcimg.szwego.com/imgHD/9404f147/20260109/cmp_i1767935370781_5999_0_4.jpg"", ""https://xcimg.szwego.com/imgHD/9404f147/20260109/cmp_i1767935377496_3329_0_5.jpg"", ""https://xcimg.szwego.com/imgHD/9404f147/20260109/cmp_i1767935370825_6777_0_6.jpg"", ""https://xcimg.szwego.com/imgHD/9404f147/20260109/cmp_i1767935377565_7333_0_7.jpg"", ""https://xcimg.szwego.com/imgHD/9404f147/20260109/cmp_i1767935370944_3699_0_8.jpg""]"
_diMrSBKb70N-FqxUPzMvQVwtp3jGyzD-dTKJ_Gg;;VALEN 26S 粗花呢丝绒蝴蝶结短款夹克 彩色编织花呢材质复古贵气感、黑色丝绒蝴蝶结+收腰设计 优雅又显身材比例，短款收腰版型搭配高腰裤或半裙 轻松打造法式名媛风;0;;lrg3k8cd5bgw3jv;;Для женщин;"[""https://xcimg.szwego.com/imgHD/9404f147/20260109/cmp_i1767934872628_1283_0_0.jpg"", ""https://xcimg.szwego.com/imgHD/9404f147/20260109/cmp_i1767934872544_8391_0_1.jpg"", ""https://xcimg.szwego.com/imgHD/9404f147/20260109/cmp_i1767934881779_7917_0_2.jpg"", ""https://xcimg.szwego.com/imgHD/9404f147/20260109/cmp_i1767934867982_1389_0_3.jpg"", ""https://xcimg.szwego.com/imgHD/9404f147/20260109/cmp_i1767934881774_4889_0_4.jpg"", ""https://xcimg.szwego.com/imgHD/9404f147/20260109/cmp_i1767934868016_3070_0_5.jpg"", ""https://xcimg.szwego.com/imgHD/9404f147/20260109/cmp_i1767934872621_1764_0_6.jpg"", ""https://xcimg.szwego.com/imgHD/9404f147/20260109/cmp_i1767934881800_3446_0_8.jpg"", ""https://xcimg.szwego.com/imgHD/9404f147/20260109/cmp_i1767934872585_1202_0_7.jpg""]"
_du_rSa7KS9srcMtngS3Yj3ynTm_wfRmr74r8KIA;;VALEN 26S 水钻蝴蝶结开衩新年红连衣裙 红色真丝材质柔软有光泽 长袖收腰设计超显身材曲线、胸前和腰部的镶钻立体水钻蝴蝶结点缀 精致又贵气，超适合节日或正式场合;0;;lrg3k8cd5bgw3jv;;Для женщин;"[""https://xcimg.szwego.com/imgHD/9404f147/20260109/cmp_i1767934524325_5628_0_0.jpg"", ""https://xcimg.szwego.com/imgHD/9404f147/20260109/cmp_i1767934524517_7127_0_1.jpg"", ""https://xcimg.szwego.com/imgHD/9404f147/20260109/cmp_i1767934534731_1810_0_2.jpg"", ""https://xcimg.szwego.com/imgHD/9404f147/20260109/cmp_i1767934524443_6176_0_3.jpg"", ""https://xcimg.szwego.com/imgHD/9404f147/20260109/cmp_i1767934524554_9212_0_4.jpg"", ""https://xcimg.szwego.com/imgHD/9404f147/20260109/cmp_i1767934534608_3686_0_5.jpg"", ""https://xcimg.szwego.com/imgHD/9404f147/20260109/cmp_i1767934534606_2923_0_6.jpg"", ""https://xcimg.szwego.com/imgHD/9404f147/20260109/cmp_i1767934524488_8318_0_7.jpg"", ""https://xcimg.szwego.com/imgHD/9404f147/20260109/cmp_i1767934534603_8468_0_8.jpg""]"
_dforSGTijRK5Zj7zN8cDUO4xo27y-nScXdgCpWQ;;"VALEN 26S 黑色皮草毛领羊毛呢金扣大衣 厚实羊毛混纺保暖力廓形剪裁 皮草毛领设计呈现出复古奢华感，A字版型显瘦不挑身材 金色""V""字口袋点缀细节精致";0;;lrg3k8cd5bgw3jv;;Для женщин;"[""https://xcimg.szwego.com/imgHD/9404f147/20260109/cmp_i1767934198691_435_0_0.jpg"", ""https://xcimg.szwego.com/imgHD/9404f147/20260109/cmp_i1767934198703_3336_0_1.jpg"", ""https://xcimg.szwego.com/imgHD/9404f147/20260109/cmp_i1767934205075_2614_0_2.jpg"", ""https://xcimg.szwego.com/imgHD/9404f147/20260109/cmp_i1767934205234_8140_0_3.jpg"", ""https://xcimg.szwego.com/imgHD/9404f147/20260109/cmp_i1767934212078_4706_0_4.jpg"", ""https://xcimg.szwego.com/imgHD/9404f147/20260109/cmp_i1767934198646_6313_0_5.jpg"", ""https://xcimg.szwego.com/imgHD/9404f147/20260109/cmp_i1767934212064_8967_0_6.jpg"", ""https://xcimg.szwego.com/imgHD/9404f147/20260109/cmp_i1767934205162_861_0_7.jpg"", ""https://xcimg.szwego.com/imgHD/9404f147/20260109/cmp_i1767934204990_1468_0_8.jpg""]"
_dierSNRmDm27fxfEOJGbzAZCNQzwbKhN6ouPUzg;;VALEN 26S 红黑格纹粗花呢金扣连衣裙 经典方格纹短袖设计 羊毛呢面料廓形剪裁优雅复古又超有节日氛围感、正面金色珍珠纽扣点缀华丽高贵 挺括有型秋冬必备;0;;lrg3k8cd5bgw3jv;;Для женщин;"[""https://xcimg.szwego.com/imgHD/9404f147/20260109/cmp_i1767933541877_6071_0_0.jpg"", ""https://xcimg.szwego.com/imgHD/9404f147/20260109/cmp_i1767933537072_7288_0_1.jpg"", ""https://xcimg.szwego.com/imgHD/9404f147/20260109/cmp_i1767933529237_91_0_2.jpg"", ""https://xcimg.szwego.com/imgHD/9404f147/20260109/cmp_i1767933529161_3588_0_3.jpg"", ""https://xcimg.szwego.com/imgHD/9404f147/20260109/cmp_i1767933529193_2619_0_4.jpg"", ""https://xcimg.szwego.com/imgHD/9404f147/20260109/cmp_i1767933529186_4226_0_5.jpg"", ""https://xcimg.szwego.com/imgHD/9404f147/20260109/cmp_i1767933528444_3457_0_6.jpg"", ""https://xcimg.szwego.com/imgHD/9404f147/20260109/cmp_i1767933537073_808_0_7.jpg"", ""https://xcimg.szwego.com/imgHD/9404f147/20260109/cmp_i1767933541845_2134_0_8.jpg""]"
_d-drSvgf409qSeDEh_zUlg0hjZc5K8y2769mwvQ;;DIO 26S 双面羊绒混纺海军领拉链夹克 高羊绒和羊毛混纺柔软又保暖、白色主色+海军风大翻领 CD拉链设计简约实用，袖口条纹细节 超大翻领蜜蜂刺绣超有层次感;0;;lrg3k8cd5bgw3jv;;Для женщин;"[""https://xcimg.szwego.com/imgHD/9404f147/20260108/cmp_i1767853684822_4404_0_0.jpg"", ""https://xcimg.szwego.com/imgHD/9404f147/20260108/cmp_i1767853691492_1585_0_1.jpg"", ""https://xcimg.szwego.com/imgHD/9404f147/20260108/cmp_i1767853684819_3939_0_2.jpg"", ""https://xcimg.szwego.com/imgHD/9404f147/20260108/cmp_i1767853684817_8940_0_3.jpg"", ""https://xcimg.szwego.com/imgHD/9404f147/20260108/cmp_i1767853684819_9205_0_4.jpg"", ""https://xcimg.szwego.com/imgHD/9404f147/20260108/cmp_i1767853690867_8005_0_5.jpg"", ""https://xcimg.szwego.com/imgHD/9404f147/20260108/cmp_i1767853690869_100_0_6.jpg"", ""https://xcimg.szwego.com/imgHD/9404f147/20260108/cmp_i1767853690874_4301_0_7.jpg"", ""https://xcimg.szwego.com/imgHD/9404f147/20260108/cmp_i1767853684818_9049_0_8.jpg""]"
_dfwrS445KszUfj8HnU15mCOICJnmJBUyrDbjrpg;;DIO 26S 白色蕾丝印花腰带礼服连衣裙 真丝欧根纱面料 蕾丝花卉装饰出暗纹精致效果、方领吊带设计优雅又显锁骨 CD刺绣蝴蝶结束腰勾勒纤细腰线，裙摆垂坠感满分 自带贵气;0;;lrg3k8cd5bgw3jv;;Для женщин;"[""https://xcimg.szwego.com/imgHD/9404f147/20260108/cmp_i1767853160830_1388_0_0.jpg"", ""https://xcimg.szwego.com/imgHD/9404f147/20260108/cmp_i1767853160571_5933_0_1.jpg"", ""https://xcimg.szwego.com/imgHD/9404f147/20260108/cmp_i1767853137231_9174_0_2.jpg"", ""https://xcimg.szwego.com/imgHD/9404f147/20260108/cmp_i1767853136072_8578_0_3.jpg"", ""https://xcimg.szwego.com/imgHD/9404f147/20260108/cmp_i1767853137277_764_0_4.jpg"", ""https://xcimg.szwego.com/imgHD/9404f147/20260108/cmp_i1767853160548_479_0_5.jpg"", ""https://xcimg.szwego.com/imgHD/9404f147/20260108/cmp_i1767853137317_8349_0_6.jpg"", ""https://xcimg.szwego.com/imgHD/9404f147/20260108/cmp_i1767853136071_8181_0_7.jpg"", ""https://xcimg.szwego.com/imgHD/9404f147/20260108/cmp_i1767853160796_4329_0_8.jpg""]"
_dnWrSaoVKpLF1jqOjqAy3s63qOLXW7Eq-PDKz0Q;;DIO 26S 裸色钉珠刺绣薄纱两件套衬衫 定制网纱钉珠两件套设计优雅又有层次感、领口和胸前刺绣细节超有辨识度，日常或正式场合都能轻松驾驭，高贵优雅迷人;0;;lrg3k8cd5bgw3jv;;Для женщин;"[""https://xcimg.szwego.com/imgHD/9404f147/20260108/cmp_i1767852875421_3025_0_0.jpg"", ""https://xcimg.szwego.com/imgHD/9404f147/20260108/cmp_i1767852883093_74_0_1.jpg"", ""https://xcimg.szwego.com/imgHD/9404f147/20260108/cmp_i1767852883092_3791_0_2.jpg"", ""https://xcimg.szwego.com/imgHD/9404f147/20260108/cmp_i1767852874828_2591_0_3.jpg"", ""https://xcimg.szwego.com/imgHD/9404f147/20260108/cmp_i1767852883081_7803_0_4.jpg"", ""https://xcimg.szwego.com/imgHD/9404f147/20260108/cmp_i1767852883082_8300_0_5.jpg"", ""https://xcimg.szwego.com/imgHD/9404f147/20260108/cmp_i1767852883093_3006_0_6.jpg"", ""https://xcimg.szwego.com/imgHD/9404f147/20260108/cmp_i1767852874828_9384_0_7.jpg"", ""https://xcimg.szwego.com/imgHD/9404f147/20260108/cmp_i1767852874829_1206_0_8.jpg""]"
_dAGrSocmZrDa-xwxZYxKDXgrBtqB5p3uTLtry3Q;;DIO 26S 蓝色条纹蕾丝摆花卉丝绵半裙 白色渐变蓝色印花+精致内里蕾丝拼接 浪漫优雅气质满分、轻盈网纱内衬 花卉印花清新柔美 裙摆层次感十足 灵动飘逸 优雅迷人;0;;lrg3k8cd5bgw3jv;;Для женщин;"[""https://xcimg.szwego.com/imgHD/9404f147/20260108/cmp_i1767852530595_1683_0_0.jpg"", ""https://xcimg.szwego.com/imgHD/9404f147/20260108/cmp_i1767852531429_8910_0_1.jpg"", ""https://xcimg.szwego.com/imgHD/9404f147/20260108/cmp_i1767852542704_1279_0_2.jpg"", ""https://xcimg.szwego.com/imgHD/9404f147/20260108/cmp_i1767852530588_9968_0_3.jpg"", ""https://xcimg.szwego.com/imgHD/9404f147/20260108/cmp_i1767852530593_7234_0_4.jpg"", ""https://xcimg.szwego.com/imgHD/9404f147/20260108/cmp_i1767852522474_3558_0_5.jpg"", ""https://xcimg.szwego.com/imgHD/9404f147/20260108/cmp_i1767852522474_1860_0_6.jpg"", ""https://xcimg.szwego.com/imgHD/9404f147/20260108/cmp_i1767852530595_5256_0_7.jpg"", ""https://xcimg.szwego.com/imgHD/9404f147/20260108/cmp_i1767852522474_2626_0_8.jpg""]"
_djOrS1zI9WASC5O82a9L6QvDXiJJm28kR73Qy2g;;DIO 26S Cruise卡其色条纹边饰连衣裙 华达尼廓形面料 短袖束腰设计优雅复古风 黑色条纹边饰+立领细节层次感十足、CD腰部可调节腰带 修饰身形适合多种身材;0;;lrg3k8cd5bgw3jv;;Для женщин;"[""https://xcimg.szwego.com/imgHD/9404f147/20260108/cmp_i1767849763556_3587_0_0.jpg"", ""https://xcimg.szwego.com/imgHD/9404f147/20260108/cmp_i1767849755091_9026_0_1.jpg"", ""https://xcimg.szwego.com/imgHD/9404f147/20260108/cmp_i1767849755092_2237_0_2.jpg"", ""https://xcimg.szwego.com/imgHD/9404f147/20260108/cmp_i1767849763548_3954_0_3.jpg"", ""https://xcimg.szwego.com/imgHD/9404f147/20260108/cmp_i1767849750160_4351_0_4.jpg"", ""https://xcimg.szwego.com/imgHD/9404f147/20260108/cmp_i1767849750161_5838_0_5.jpg"", ""https://xcimg.szwego.com/imgHD/9404f147/20260108/cmp_i1767849755106_8618_0_6.jpg"", ""https://xcimg.szwego.com/imgHD/9404f147/20260108/cmp_i1767849755090_6761_0_7.jpg"", ""https://xcimg.szwego.com/imgHD/9404f147/20260108/cmp_i1767849763551_7902_0_8.jpg""]"
_dxOrSrftF-gmUWvywpLLstZMjnx0unh4ebiWRRQ;;DIO 26S 藤格纹白金廓形休闲夹克 采用白色轻盈绵羊毛混纺粗花呢面料精心制作、饰以金色调藤格纹金属光泽线，翻盖口袋和同色调罗缎细节别具一格 与裙裤搭配打造精致造型;0;;lrg3k8cd5bgw3jv;;Для женщин;"[""https://xcimg.szwego.com/imgHD/9404f147/20260108/cmp_i1767849437952_4071_0_0.jpg"", ""https://xcimg.szwego.com/imgHD/9404f147/20260108/cmp_i1767849124185_8606_0_0.jpg"", ""https://xcimg.szwego.com/imgHD/9404f147/20260108/cmp_i1767849431485_2384_0_2.jpg"", ""https://xcimg.szwego.com/imgHD/9404f147/20260108/cmp_i1767849437804_6515_0_3.jpg"", ""https://xcimg.szwego.com/imgHD/9404f147/20260108/cmp_i1767849437803_9392_0_4.jpg"", ""https://xcimg.szwego.com/imgHD/9404f147/20260108/cmp_i1767849453101_9526_0_5.jpg"", ""https://xcimg.szwego.com/imgHD/9404f147/20260108/cmp_i1767849453103_9003_0_6.jpg"", ""https://xcimg.szwego.com/imgHD/9404f147/20260108/cmp_i1767849453103_601_0_7.jpg"", ""https://xcimg.szwego.com/imgHD/9404f147/20260108/cmp_i1767849437808_963_0_8.jpg""]"
_dbCrSz6HQ8fHgNYnBV3NR5fVraXEEjwjqX3i9qQ;;DIO 26S Oblique白金藤格纹粗花呢裤裙 粗花呢材质柔软有层次、白色主调配金色藤格纹线条 优雅又高级的A字裙型修饰腿型，金属CD侧方扣 搭配夹克星光闪耀;0;;lrg3k8cd5bgw3jv;;Для женщин;"[""https://xcimg.szwego.com/imgHD/9404f147/20260108/cmp_i1767849124185_8606_0_0.jpg"", ""https://xcimg.szwego.com/imgHD/9404f147/20260108/cmp_i1767849113889_9801_0_1.jpg"", ""https://xcimg.szwego.com/imgHD/9404f147/20260108/cmp_i1767849113890_3140_0_2.jpg"", ""https://xcimg.szwego.com/imgHD/9404f147/20260108/cmp_i1767849113890_4684_0_3.jpg"", ""https://xcimg.szwego.com/imgHD/9404f147/20260108/cmp_i1767849123285_4678_0_4.jpg"", ""https://xcimg.szwego.com/imgHD/9404f147/20260108/cmp_i1767849123287_7542_0_5.jpg"", ""https://xcimg.szwego.com/imgHD/9404f147/20260108/cmp_i1767849113890_9107_0_6.jpg"", ""https://xcimg.szwego.com/imgHD/9404f147/20260108/cmp_i1767849131549_6270_0_7.jpg"", ""https://xcimg.szwego.com/imgHD/9404f147/20260108/cmp_i1767849113890_2924_0_8.jpg""]"
_dCSrSJjmP1Fp8HLdkgQx6ReuxNUvoqdnFWTb81g;;DIO 26S 白金五角星字母刺绣棉质T恤 致敬运动风格元素 彰显D高订精神、采用白色棉质混纺平纹针织面料精心制作，正面饰以金色调CD标志条形图案和幸运星刺绣 高贵迷人;0;;lrg3k8cd5bgw3jv;;Для женщин;"[""https://xcimg.szwego.com/imgHD/9404f147/20260108/cmp_i1767848642863_9596_0_0.jpg"", ""https://xcimg.szwego.com/imgHD/9404f147/20260108/cmp_i1767848883017_3075_0_1.jpg"", ""https://xcimg.szwego.com/imgHD/9404f147/20260108/cmp_i1767848882614_8058_0_2.jpg"", ""https://xcimg.szwego.com/imgHD/9404f147/20260108/cmp_i1767848867545_452_0_3.jpg"", ""https://xcimg.szwego.com/imgHD/9404f147/20260108/cmp_i1767848866942_4300_0_4.jpg"", ""https://xcimg.szwego.com/imgHD/9404f147/20260108/cmp_i1767848867450_9748_0_5.jpg"", ""https://xcimg.szwego.com/imgHD/9404f147/20260108/cmp_i1767848866942_4170_0_6.jpg"", ""https://xcimg.szwego.com/imgHD/9404f147/20260108/cmp_i1767848867558_7705_0_7.jpg"", ""https://xcimg.szwego.com/imgHD/9404f147/20260108/cmp_i1767848882611_4176_0_8.jpg""]"
_dl_rSTzb7CPshbAKSV-IRhqtrUW_mvhEYS9Fo9g;;DIO 26S 黑金五角星字母刺绣棉质T恤 致敬运动风格元素 彰显D高订精神、采用黑色棉质混纺平纹针织面料精心制作，正面饰以金色调CD标志条形图案和幸运星刺绣 高贵迷人;0;;lrg3k8cd5bgw3jv;;Для женщин;"[""https://xcimg.szwego.com/imgHD/9404f147/20260108/cmp_i1767848642863_9596_0_0.jpg"", ""https://xcimg.szwego.com/imgHD/9404f147/20260108/cmp_i1767848642872_6549_0_1.jpg"", ""https://xcimg.szwego.com/imgHD/9404f147/20260108/cmp_i1767848665191_8943_0_2.jpg"", ""https://xcimg.szwego.com/imgHD/9404f147/20260108/cmp_i1767848665407_2784_0_3.jpg"", ""https://xcimg.szwego.com/imgHD/9404f147/20260108/cmp_i1767848642414_2080_0_4.jpg"", ""https://xcimg.szwego.com/imgHD/9404f147/20260108/cmp_i1767848665165_1732_0_5.jpg"", ""https://xcimg.szwego.com/imgHD/9404f147/20260108/cmp_i1767848642411_2048_0_6.jpg"", ""https://xcimg.szwego.com/imgHD/9404f147/20260108/cmp_i1767848665390_9197_0_7.jpg"", ""https://xcimg.szwego.com/imgHD/9404f147/20260108/cmp_i1767848642415_289_0_8.jpg""]"
_dAqrSAWe5lmwHUiLWEqOFHRw9n63LpjZUKcMR-w;;CHL 26S 火龙果色蕾丝边真丝吊带连衣裙 桑蚕丝材质轻盈飘逸 裙摆三层设计 外层7米 内里3.8米裁片、精致蕾丝拼接和小飞袖 肩部线条柔美，法式浪漫氛围感满分;0;;lrg3k8cd5bgw3jv;;Для женщин;"[""https://xcimg.szwego.com/imgHD/9404f147/20260107/cmp_i1767764734400_2016_0_8.jpg"", ""https://xcimg.szwego.com/imgHD/9404f147/20260107/cmp_i1767764729715_365_0_1.jpg"", ""https://xcimg.szwego.com/imgHD/9404f147/20260107/cmp_i1767764729705_7790_0_2.jpg"", ""https://xcimg.szwego.com/imgHD/9404f147/20260107/cmp_i1767764729700_6480_0_3.jpg"", ""https://xcimg.szwego.com/imgHD/9404f147/20260107/cmp_i1767764722751_5323_0_4.jpg"", ""https://xcimg.szwego.com/imgHD/9404f147/20260107/cmp_i1767764722751_4343_0_5.jpg"", ""https://xcimg.szwego.com/imgHD/9404f147/20260107/cmp_i1767764722751_37_0_6.jpg"", ""https://xcimg.szwego.com/imgHD/9404f147/20260107/cmp_i1767764722751_4976_0_8.jpg"", ""https://xcimg.szwego.com/imgHD/9404f147/20260107/cmp_i1767764722751_9457_0_9.jpg""]"
_dx-rSWyEtATi07BhfXO1-NKPFaU98syG3GolpcA;;VALEN 26S 红色平肩金扣长款礼服连衣裙 红色长款连衣裙VLOGO系列，重磅乔其纱面料肩部缎面造型拼接 正红色超显气质节日或正式场合穿搭 高贵迷人;0;;lrg3k8cd5bgw3jv;;Для женщин;"[""https://xcimg.szwego.com/imgHD/9404f147/20260107/cmp_i1767763597267_2085_0_0.jpg"", ""https://xcimg.szwego.com/imgHD/9404f147/20260107/cmp_i1767763611337_6589_0_1.jpg"", ""https://xcimg.szwego.com/imgHD/9404f147/20260107/cmp_i1767763597255_7799_0_2.jpg"", ""https://xcimg.szwego.com/imgHD/9404f147/20260107/cmp_i1767763611336_4682_0_3.jpg"", ""https://xcimg.szwego.com/imgHD/9404f147/20260107/cmp_i1767763611342_1434_0_4.jpg"", ""https://xcimg.szwego.com/imgHD/9404f147/20260107/cmp_i1767763592767_2282_0_5.jpg"", ""https://xcimg.szwego.com/imgHD/9404f147/20260107/cmp_i1767763592767_3241_0_6.jpg"", ""https://xcimg.szwego.com/imgHD/9404f147/20260107/cmp_i1767763597253_5377_0_7.jpg"", ""https://xcimg.szwego.com/imgHD/9404f147/20260107/cmp_i1767763597251_218_0_8.jpg""]"
_dOzrSsUPk7T6iMI1I8nUowoCM091nt5qZsGgsLw;;VAlEN 26S 黑白蝴蝶结羽毛手袖礼服连衣裙 黑与米色拼色搭配 修身剪裁蝴蝶结领口点缀，乔其纱与透纱真丝拼接营造定位层次感 优雅又有辨识度袖口毛绒装饰，高贵迷人;0;;lrg3k8cd5bgw3jv;;Для женщин;"[""https://xcimg.szwego.com/imgHD/9404f147/20260107/cmp_i1767762133098_1851_0_0.jpg"", ""https://xcimg.szwego.com/imgHD/9404f147/20260107/cmp_i1767762133099_2950_0_1.jpg"", ""https://xcimg.szwego.com/imgHD/9404f147/20260107/cmp_i1767762133100_9526_0_2.jpg"", ""https://xcimg.szwego.com/imgHD/9404f147/20260107/cmp_i1767762128321_3651_0_3.jpg"", ""https://xcimg.szwego.com/imgHD/9404f147/20260107/cmp_i1767762133099_9212_0_4.jpg"", ""https://xcimg.szwego.com/imgHD/9404f147/20260107/cmp_i1767762157277_110_0_5.jpg"", ""https://xcimg.szwego.com/imgHD/9404f147/20260107/cmp_i1767762157288_1041_0_6.jpg"", ""https://xcimg.szwego.com/imgHD/9404f147/20260107/cmp_i1767762128321_197_0_7.jpg"", ""https://xcimg.szwego.com/imgHD/9404f147/20260107/cmp_i1767762133098_3759_0_8.jpg""]"
_dwTrS1SHdUDl9IT-MNZsj9UKVCW_v3-wEVoV5Dg;;VALEN 26S 羽毛手袖黑金桃心刺绣连衣裙 春夏新款小黑裙 立体羽毛袖口奢华优雅丰盈感、领口水晶黑色心形元素点缀 细节闪耀精致、剪裁简约大方 轻松驾驭多种场合;0;;lrg3k8cd5bgw3jv;;Для женщин;"[""https://xcimg.szwego.com/imgHD/9404f147/20260107/cmp_i1767761637574_9474_0_0.jpg"", ""https://xcimg.szwego.com/imgHD/9404f147/20260107/cmp_i1767761647707_8443_0_1.jpg"", ""https://xcimg.szwego.com/imgHD/9404f147/20260107/cmp_i1767761637572_1880_0_2.jpg"", ""https://xcimg.szwego.com/imgHD/9404f147/20260107/cmp_i1767761647706_7365_0_3.jpg"", ""https://xcimg.szwego.com/imgHD/9404f147/20260107/cmp_i1767761637572_6603_0_4.jpg"", ""https://xcimg.szwego.com/imgHD/9404f147/20260107/cmp_i1767761647714_1080_0_5.jpg"", ""https://xcimg.szwego.com/imgHD/9404f147/20260107/cmp_i1767761637570_7560_0_6.jpg"", ""https://xcimg.szwego.com/imgHD/9404f147/20260107/cmp_i1767761647714_869_0_7.jpg"", ""https://xcimg.szwego.com/imgHD/9404f147/20260107/cmp_i1767761637569_8970_0_8.jpg""]"
_decrSOCdZR1wQF4Ckc8s-vhquq_ciy19FDQO0Yw;;VALEN 26S 紫罗兰羽毛袖领结礼服裙 采用修身剪裁重磅真丝乔其纱面料 定染超大袖口羽毛装饰装饰层次感 灵动华丽，领口系带设计增添柔美气息，裙摆开衩高贵迷人;0;;lrg3k8cd5bgw3jv;;Для женщин;"[""https://xcimg.szwego.com/imgHD/9404f147/20260107/cmp_i1767761261620_28_0_0.jpg"", ""https://xcimg.szwego.com/imgHD/9404f147/20260107/cmp_i1767761269900_1854_0_1.jpg"", ""https://xcimg.szwego.com/imgHD/9404f147/20260107/cmp_i1767761261619_472_0_2.jpg"", ""https://xcimg.szwego.com/imgHD/9404f147/20260107/cmp_i1767761276760_5404_0_3.jpg"", ""https://xcimg.szwego.com/imgHD/9404f147/20260107/cmp_i1767761269917_2625_0_4.jpg"", ""https://xcimg.szwego.com/imgHD/9404f147/20260107/cmp_i1767761261616_3329_0_5.jpg"", ""https://xcimg.szwego.com/imgHD/9404f147/20260107/cmp_i1767761276764_1430_0_6.jpg"", ""https://xcimg.szwego.com/imgHD/9404f147/20260107/cmp_i1767761261619_8302_0_7.jpg"", ""https://xcimg.szwego.com/imgHD/9404f147/20260107/cmp_i1767761269927_8185_0_8.jpg""]"
_doWrS2b1V1hh-VcIYXTqnraqVg8dcTqPBEKKAeA;;VALEN 26S水钻钉珠猫咪刺绣马海毛毛衣 这款猫咪刺绣毛衣 采用马海毛+羊毛混纺 柔软蓬松 穿着超舒适，胸前立体猫咪图案用珠片 亮片和串珠手工刺绣 细节满满 顶级品质发售;0;;lrg3k8cd5bgw3jv;;Для женщин;"[""https://xcimg.szwego.com/imgHD/9404f147/20260106/cmp_i1767680908010_8534_0_0.jpg"", ""https://xcimg.szwego.com/imgHD/9404f147/20260106/cmp_i1767680914612_1601_0_1.jpg"", ""https://xcimg.szwego.com/imgHD/9404f147/20260106/cmp_i1767680914596_5147_0_2.jpg"", ""https://xcimg.szwego.com/imgHD/9404f147/20260106/cmp_i1767680914620_3600_0_3.jpg"", ""https://xcimg.szwego.com/imgHD/9404f147/20260106/cmp_i1767680902456_6048_0_4.jpg"", ""https://xcimg.szwego.com/imgHD/9404f147/20260106/cmp_i1767680903323_5349_0_5.jpg"", ""https://xcimg.szwego.com/imgHD/9404f147/20260106/cmp_i1767680907742_3305_0_6.jpg"", ""https://xcimg.szwego.com/imgHD/9404f147/20260106/cmp_i1767680907925_1338_0_7.jpg"", ""https://xcimg.szwego.com/imgHD/9404f147/20260106/cmp_i1767680914012_5123_0_8.jpg""]"
_dk2rSo-4SQOKYZjW0n7pFkp4FmFNlMc-kwH8bPQ;;VALEN 26S蝴蝶结水钻刺绣黑白针织毛衣 这款黑色针织衫 柔软又保暖 领口重工钉珠+蝴蝶结设计，法式优雅感满满 细节超精致套头款式 轻松打造温柔高级氛围 顶级品质发售;0;;lrg3k8cd5bgw3jv;;Для женщин;"[""https://xcimg.szwego.com/imgHD/9404f147/20260106/cmp_i1767680376169_9447_0_0.jpg"", ""https://xcimg.szwego.com/imgHD/9404f147/20260106/cmp_i1767680641308_782_0_1.jpg"", ""https://xcimg.szwego.com/imgHD/9404f147/20260106/cmp_i1767680375919_9894_0_2.jpg"", ""https://xcimg.szwego.com/imgHD/9404f147/20260106/cmp_i1767680632615_8974_0_3.jpg"", ""https://xcimg.szwego.com/imgHD/9404f147/20260106/cmp_i1767680639957_5860_0_4.jpg"", ""https://xcimg.szwego.com/imgHD/9404f147/20260106/cmp_i1767680632341_3336_0_5.jpg"", ""https://xcimg.szwego.com/imgHD/9404f147/20260106/cmp_i1767680641121_2081_0_6.jpg"", ""https://xcimg.szwego.com/imgHD/9404f147/20260106/cmp_i1767680632958_9456_0_7.jpg"", ""https://xcimg.szwego.com/imgHD/9404f147/20260106/cmp_i1767680641227_5642_0_8.jpg""]"
_daKrSCUQEPZd53rg9FlA-5wgoqnK2N-DJ99rbiA;;VALEN 26S蝴蝶结水钻刺绣黑白针织毛衣 这款米白色针织衫 柔软又保暖 领口重工钉珠+蝴蝶结设计，法式优雅感满满 细节超精致套头款式 轻松打造温柔高级氛围 顶级品质发售;0;;lrg3k8cd5bgw3jv;;Для женщин;"[""https://xcimg.szwego.com/imgHD/9404f147/20260106/cmp_i1767680376169_9447_0_0.jpg"", ""https://xcimg.szwego.com/imgHD/9404f147/20260106/cmp_i1767680370776_4748_0_1.jpg"", ""https://xcimg.szwego.com/imgHD/9404f147/20260106/cmp_i1767680375919_9894_0_2.jpg"", ""https://xcimg.szwego.com/imgHD/9404f147/20260106/cmp_i1767680384044_7090_0_3.jpg"", ""https://xcimg.szwego.com/imgHD/9404f147/20260106/cmp_i1767680374081_2460_0_4.jpg"", ""https://xcimg.szwego.com/imgHD/9404f147/20260106/cmp_i1767680384019_887_0_5.jpg"", ""https://xcimg.szwego.com/imgHD/9404f147/20260106/cmp_i1767680375980_2637_0_6.jpg"", ""https://xcimg.szwego.com/imgHD/9404f147/20260106/cmp_i1767680375772_7260_0_7.jpg"", ""https://xcimg.szwego.com/imgHD/9404f147/20260106/cmp_i1767680384070_5013_0_8.jpg""]"
_dxarSMKMesI7L4aebxjEnu16v1wKOQUTWYbqtOA;;"VALEN 26S花豹字母刺绣 新年红针织毛衣 米白羊毛针织 柔软舒适 正面红色""ChezVT""字样+豹子刺绣，超有辨识度 圆领套头设计 细节精致 工艺感满满 顶级品质发售";0;;lrg3k8cd5bgw3jv;;Для женщин;"[""https://xcimg.szwego.com/imgHD/9404f147/20260106/cmp_i1767680104229_6817_0_0.jpg"", ""https://xcimg.szwego.com/imgHD/9404f147/20260106/cmp_i1767679782023_3841_0_1.jpg"", ""https://xcimg.szwego.com/imgHD/9404f147/20260106/cmp_i1767680104224_2558_0_2.jpg"", ""https://xcimg.szwego.com/imgHD/9404f147/20260106/cmp_i1767680104225_2636_0_3.jpg"", ""https://xcimg.szwego.com/imgHD/9404f147/20260106/cmp_i1767680100505_1084_0_4.jpg"", ""https://xcimg.szwego.com/imgHD/9404f147/20260106/cmp_i1767680104226_1379_0_5.jpg"", ""https://xcimg.szwego.com/imgHD/9404f147/20260106/cmp_i1767680116720_2632_0_6.jpg"", ""https://xcimg.szwego.com/imgHD/9404f147/20260106/cmp_i1767680104226_3167_0_7.jpg"", ""https://xcimg.szwego.com/imgHD/9404f147/20260106/cmp_i1767680116721_9601_0_8.jpg""]"
_d_XrS2Oa7aEW4gEeq6FZ1nCEWRrYiNaMof0hyRQ;;"VALEN 26S花豹字母刺绣新年针织毛衣 这款红色豹纹针织毛衣 圆领长袖设计 舒适又保暖，正面""ChezVT""字样+豹纹刺绣 细节精致 奢华感满满 顶级品质发售";0;;lrg3k8cd5bgw3jv;;Для женщин;"[""https://xcimg.szwego.com/imgHD/9404f147/20260106/cmp_i1767679782012_782_0_0.jpg"", ""https://xcimg.szwego.com/imgHD/9404f147/20260106/cmp_i1767679782023_3841_0_1.jpg"", ""https://xcimg.szwego.com/imgHD/9404f147/20260106/cmp_i1767679782048_5190_0_2.jpg"", ""https://xcimg.szwego.com/imgHD/9404f147/20260106/cmp_i1767679778368_9220_0_3.jpg"", ""https://xcimg.szwego.com/imgHD/9404f147/20260106/cmp_i1767679782011_5583_0_4.jpg"", ""https://xcimg.szwego.com/imgHD/9404f147/20260106/cmp_i1767679790896_6013_0_5.jpg"", ""https://xcimg.szwego.com/imgHD/9404f147/20260106/cmp_i1767679790893_6206_0_6.jpg"", ""https://xcimg.szwego.com/imgHD/9404f147/20260106/cmp_i1767679778366_1584_0_7.jpg"", ""https://xcimg.szwego.com/imgHD/9404f147/20260106/cmp_i1767679790898_1643_0_8.jpg""]"
_dwwrSerqUtQyl4957VbYytsozBCFKM8amhr36og;;"VALEN 26S美洲豹立体字母刺绣 黑红T恤 正面红色豹纹+""PANTHER""字样 简约又有辨识度 宽松版型，舒适透气 豹纹元素延续品牌经典 时尚感满满 轻松打造个性造型 顶级品质发售";0;;lrg3k8cd5bgw3jv;;Для женщин;"[""https://xcimg.szwego.com/imgHD/9404f147/20260106/cmp_i1767679617951_984_0_0.jpg"", ""https://xcimg.szwego.com/imgHD/9404f147/20260106/cmp_i1767679618731_8848_0_1.jpg"", ""https://xcimg.szwego.com/imgHD/9404f147/20260106/cmp_i1767679617632_8904_0_2.jpg"", ""https://xcimg.szwego.com/imgHD/9404f147/20260106/cmp_i1767679611340_2648_0_3.jpg"", ""https://xcimg.szwego.com/imgHD/9404f147/20260106/cmp_i1767679612010_2234_0_4.jpg"", ""https://xcimg.szwego.com/imgHD/9404f147/20260106/cmp_i1767679612112_4145_0_5.jpg"", ""https://xcimg.szwego.com/imgHD/9404f147/20260106/cmp_i1767679617632_1192_0_6.jpg"", ""https://xcimg.szwego.com/imgHD/9404f147/20260106/cmp_i1767679618462_9578_0_7.jpg"", ""https://xcimg.szwego.com/imgHD/9404f147/20260106/cmp_i1767679612089_6459_0_8.jpg""]"
_dcKrSWAr8Z2EtWe5AwIMJuo3ukeKv48-lCNZq-Q;;MIU 26S钉珠立体刺绣针织米咖色开衫 这款亮片刺绣羊绒针织开衫 柔软贴肤 领口流苏亮片+立体四叶花钉珠刺绣，修身版型设计 少女贵气感满满 顶级品质发售;0;;lrg3k8cd5bgw3jv;;Для женщин;"[""https://xcimg.szwego.com/imgHD/9404f147/20260106/cmp_i1767678962826_4954_0_0.jpg"", ""https://xcimg.szwego.com/imgHD/9404f147/20260106/cmp_i1767679302421_1590_0_1.jpg"", ""https://xcimg.szwego.com/imgHD/9404f147/20260106/cmp_i1767678973613_7884_0_2.jpg"", ""https://xcimg.szwego.com/imgHD/9404f147/20260106/cmp_i1767679310585_3446_0_3.jpg"", ""https://xcimg.szwego.com/imgHD/9404f147/20260106/cmp_i1767679310585_3769_0_4.jpg"", ""https://xcimg.szwego.com/imgHD/9404f147/20260106/cmp_i1767679298683_9691_0_5.jpg"", ""https://xcimg.szwego.com/imgHD/9404f147/20260106/cmp_i1767679302386_5858_0_6.jpg"", ""https://xcimg.szwego.com/imgHD/9404f147/20260106/cmp_i1767679302385_556_0_7.jpg"", ""https://xcimg.szwego.com/imgHD/9404f147/20260106/cmp_i1767679302364_5026_0_8.jpg""]"
_dmerSNLhkBq_WLK7bk3EkaepQkPADbtNHOk4Q8Q;;MIU 26S金棕色灯芯绒阔型夹克 灯芯绒夹克深咖色调 复古又百搭 柔软灯芯绒面料 保暖舒适，秋冬穿超合适 拉链开合+翻领设计 胸前品牌刺绣超有辨识度 顶级品质发售;0;;lrg3k8cd5bgw3jv;;Для женщин;"[""https://xcimg.szwego.com/imgHD/9404f147/20260106/cmp_i1767678657659_7125_0_0.jpg"", ""https://xcimg.szwego.com/imgHD/9404f147/20260106/cmp_i1767678626624_4368_0_1.jpg"", ""https://xcimg.szwego.com/imgHD/9404f147/20260106/cmp_i1767678657659_1793_0_2.jpg"", ""https://xcimg.szwego.com/imgHD/9404f147/20260106/cmp_i1767678626621_1499_0_3.jpg"", ""https://xcimg.szwego.com/imgHD/9404f147/20260106/cmp_i1767678621213_8009_0_4.jpg"", ""https://xcimg.szwego.com/imgHD/9404f147/20260106/cmp_i1767678626621_7128_0_5.jpg"", ""https://xcimg.szwego.com/imgHD/9404f147/20260106/cmp_i1767678626619_1173_0_6.jpg"", ""https://xcimg.szwego.com/imgHD/9404f147/20260106/cmp_i1767678657663_8417_0_7.jpg"", ""https://xcimg.szwego.com/imgHD/9404f147/20260106/cmp_i1767678626622_6856_0_8.jpg""]"
_dvLrSr-8gHejlnCiXM-3EdBfpAQpi9L7XMGqNXw;;LOUIS 26S 老花立领羊毛拉链休闲夹克 丝毛混纺材质柔软又保暖 满印Monog老花图案、品牌辨识度满分 立领拉链设计实用又有型，卡其色老钱风低调贵气;0;;lrg3k8cd5bgw3jv;;Для женщин;"[""https://xcimg.szwego.com/imgHD/9404f147/20260105/cmp_i1767610870125_5576_0_0.jpg"", ""https://xcimg.szwego.com/imgHD/9404f147/20260105/cmp_i1767610855441_9459_0_1.jpg"", ""https://xcimg.szwego.com/imgHD/9404f147/20260105/cmp_i1767610868901_1954_0_2.jpg"", ""https://xcimg.szwego.com/imgHD/9404f147/20260105/cmp_i1767610868901_7125_0_3.jpg"", ""https://xcimg.szwego.com/imgHD/9404f147/20260105/cmp_i1767610855439_8454_0_4.jpg"", ""https://xcimg.szwego.com/imgHD/9404f147/20260105/cmp_i1767610868897_9751_0_5.jpg"", ""https://xcimg.szwego.com/imgHD/9404f147/20260105/cmp_i1767610855436_1328_0_6.jpg"", ""https://xcimg.szwego.com/imgHD/9404f147/20260105/cmp_i1767610855443_1614_0_7.jpg"", ""https://xcimg.szwego.com/imgHD/9404f147/20260105/cmp_i1767610855443_7424_0_8.jpg""]"
_drHrSLXbCOga8eOmb0LYWy7feXhJ17LddWU0beg;;"LOUIS 26S 老花连帽抽绳格纹夹克 老花复古Monogram元素 学院风高品质羊毛混纺柔软又保暖、宽松版型连帽拉链设计 胸前""VUITTON""字母超有辨识度";0;;lrg3k8cd5bgw3jv;;Для женщин;"[""https://xcimg.szwego.com/imgHD/9404f147/20260105/cmp_i1767610323420_953_0_0.jpg"", ""https://xcimg.szwego.com/imgHD/9404f147/20260105/cmp_i1767610309097_6131_0_1.jpg"", ""https://xcimg.szwego.com/imgHD/9404f147/20260105/cmp_i1767610303794_275_0_2.jpg"", ""https://xcimg.szwego.com/imgHD/9404f147/20260105/cmp_i1767610308251_3487_0_3.jpg"", ""https://xcimg.szwego.com/imgHD/9404f147/20260105/cmp_i1767610308999_8177_0_4.jpg"", ""https://xcimg.szwego.com/imgHD/9404f147/20260105/cmp_i1767610309044_5232_0_5.jpg"", ""https://xcimg.szwego.com/imgHD/9404f147/20260105/cmp_i1767610303750_6210_0_6.jpg"", ""https://xcimg.szwego.com/imgHD/9404f147/20260105/cmp_i1767610323414_512_0_7.jpg"", ""https://xcimg.szwego.com/imgHD/9404f147/20260105/cmp_i1767610309032_662_0_8.jpg""]"
_dcTrSk89IueYOOmZNWmzewLiJJWU005EA1JlhLw;;LOUIS 26S 全幅老花格纹翻领法兰绒衬衫 经典棕色格纹Monogram复古提花、棉质法兰绒柔软亲肤 白色府绸翻领+贝母珠光纽扣细节，半开襟徽章设计超有型;0;;lrg3k8cd5bgw3jv;;Для женщин;"[""https://xcimg.szwego.com/imgHD/9404f147/20260105/cmp_i1767608734703_7892_0_8.jpg"", ""https://xcimg.szwego.com/imgHD/9404f147/20260105/cmp_i1767608724891_8776_0_0.jpg"", ""https://xcimg.szwego.com/imgHD/9404f147/20260105/cmp_i1767608734660_619_0_1.jpg"", ""https://xcimg.szwego.com/imgHD/9404f147/20260105/cmp_i1767608725129_152_0_2.jpg"", ""https://xcimg.szwego.com/imgHD/9404f147/20260105/cmp_i1767608725848_613_0_3.jpg"", ""https://xcimg.szwego.com/imgHD/9404f147/20260105/cmp_i1767608716014_731_0_4.jpg"", ""https://xcimg.szwego.com/imgHD/9404f147/20260105/cmp_i1767608734593_1591_0_5.jpg"", ""https://xcimg.szwego.com/imgHD/9404f147/20260105/cmp_i1767608716014_1366_0_6.jpg"", ""https://xcimg.szwego.com/imgHD/9404f147/20260105/cmp_i1767608725367_8093_0_7.jpg""]"
_dsFrSY_tCteQAFu4IS4dYl_ElbC7VRyXnc3MhtA;;LOUIS 26S Monogram流苏领提花羽绒服 尼龙立体老花图案廓形面料 内里90%羽绒填充保暖丰厚、衣身Monogram暗纹低调又有辨识度 拉链按扣设计 穿脱方便;0;;lrg3k8cd5bgw3jv;;Для женщин;"[""https://xcimg.szwego.com/imgHD/9404f147/20260105/cmp_i1767601631096_232_0_0.jpg"", ""https://xcimg.szwego.com/imgHD/9404f147/20260105/cmp_i1767601631111_5029_0_1.jpg"", ""https://xcimg.szwego.com/imgHD/9404f147/20260105/cmp_i1767601622820_611_0_2.jpg"", ""https://xcimg.szwego.com/imgHD/9404f147/20260105/cmp_i1767601622222_2740_0_3.jpg"", ""https://xcimg.szwego.com/imgHD/9404f147/20260105/cmp_i1767601637749_7954_0_4.jpg"", ""https://xcimg.szwego.com/imgHD/9404f147/20260105/cmp_i1767601637663_6085_0_5.jpg"", ""https://xcimg.szwego.com/imgHD/9404f147/20260105/cmp_i1767601637662_2274_0_6.jpg"", ""https://xcimg.szwego.com/imgHD/9404f147/20260105/cmp_i1767601622222_5211_0_7.jpg"", ""https://xcimg.szwego.com/imgHD/9404f147/20260105/cmp_i1767601631145_3832_0_8.jpg""]"
_dqLrSHeazwlhXrfzfylAe-IsvGl6Vof01vCL8YQ;;"DIO 26S 不规则蕾丝拼接无袖T恤 无袖T恤灰白色蕾丝拼接 优雅又有现代感、胸前""J'ADORE ""字样超有辨识度 棉质面料舒适透气、蕾丝营造法式精致感";0;;lrg3k8cd5bgw3jv;;Для женщин;"[""https://xcimg.szwego.com/imgHD/9404f147/20260105/cmp_i1767600636892_1299_0_0.jpg"", ""https://xcimg.szwego.com/imgHD/9404f147/20260105/cmp_i1767600636868_8817_0_1.jpg"", ""https://xcimg.szwego.com/imgHD/9404f147/20260105/cmp_i1767600627943_7014_0_2.jpg"", ""https://xcimg.szwego.com/imgHD/9404f147/20260105/cmp_i1767600636789_8078_0_3.jpg"", ""https://xcimg.szwego.com/imgHD/9404f147/20260105/cmp_i1767600627888_1424_0_4.jpg"", ""https://xcimg.szwego.com/imgHD/9404f147/20260105/cmp_i1767600627928_977_0_5.jpg"", ""https://xcimg.szwego.com/imgHD/9404f147/20260105/cmp_i1767600636856_7770_0_6.jpg"", ""https://xcimg.szwego.com/imgHD/9404f147/20260105/cmp_i1767600627910_6891_0_7.jpg"", ""https://xcimg.szwego.com/imgHD/9404f147/20260105/cmp_i1767600636840_4869_0_8.jpg""]"
_dsWrSOCPXwef8FSnPnKh85hSp21zj6L3KzG9pEQ;;DIO 26S 阿尔卑斯系列棉服马甲针织两件套 外层羊毛混纺粗线提花 经典复古费尔岛风格、深灰黑配色超有质感 内胆夹棉马甲可拆卸 保暖又灵活，秋冬搭配超合适;0;;lrg3k8cd5bgw3jv;;Для женщин;"[""https://xcimg.szwego.com/imgHD/9404f147/20260105/cmp_i1767600102418_2719_0_0.jpg"", ""https://xcimg.szwego.com/imgHD/9404f147/20260105/cmp_i1767600102437_133_0_1.jpg"", ""https://xcimg.szwego.com/imgHD/9404f147/20260105/cmp_i1767600102385_8028_0_2.jpg"", ""https://xcimg.szwego.com/imgHD/9404f147/20260105/cmp_i1767600102348_8296_0_3.jpg"", ""https://xcimg.szwego.com/imgHD/9404f147/20260105/cmp_i1767600093460_90_0_4.jpg"", ""https://xcimg.szwego.com/imgHD/9404f147/20260105/cmp_i1767600093493_9375_0_5.jpg"", ""https://xcimg.szwego.com/imgHD/9404f147/20260105/cmp_i1767600101721_8485_0_6.jpg"", ""https://xcimg.szwego.com/imgHD/9404f147/20260105/cmp_i1767600093511_6806_0_7.jpg"", ""https://xcimg.szwego.com/imgHD/9404f147/20260105/cmp_i1767600093559_8650_0_8.jpg""]"
_dxkrSGglYWAs38yT4-ils3cwypi5DEBt-gmC7Ig;;DIO 26S 蕾丝网纱两件套真丝衬衫 采用轻薄半透明纱质 搭配精致蕾丝花边 优雅又有层次感、立领前襟纽扣设计 袖口翻边细节柔美气质拉满 更显哥特造型;0;;lrg3k8cd5bgw3jv;;Для женщин;"[""https://xcimg.szwego.com/imgHD/9404f147/20260105/cmp_i1767599865639_1555_0_0.jpg"", ""https://xcimg.szwego.com/imgHD/9404f147/20260105/cmp_i1767599871149_5900_0_1.jpg"", ""https://xcimg.szwego.com/imgHD/9404f147/20260105/cmp_i1767599865693_7511_0_2.jpg"", ""https://xcimg.szwego.com/imgHD/9404f147/20260105/cmp_i1767599871052_9080_0_3.jpg"", ""https://xcimg.szwego.com/imgHD/9404f147/20260105/cmp_i1767599871160_7420_0_4.jpg"", ""https://xcimg.szwego.com/imgHD/9404f147/20260105/cmp_i1767599882531_5102_0_5.jpg"", ""https://xcimg.szwego.com/imgHD/9404f147/20260105/cmp_i1767599882440_3632_0_6.jpg"", ""https://xcimg.szwego.com/imgHD/9404f147/20260105/cmp_i1767599871113_2783_0_7.jpg"", ""https://xcimg.szwego.com/imgHD/9404f147/20260105/cmp_i1767599882436_6206_0_8.jpg""]"
_dXSrSH_BcJjxfW-oQqTbh-yVpU-Km9G5G9UH-Ag;;CHA 26C 金色闪亮百褶吊带连衣裙 采用柔软针织面料、弹性好又贴身穿着闪亮舒适 吊带细肩带C水钻设计 简约清新、裙摆微褶皱层次感 精致迷人女人闪耀;0;;lrg3k8cd5bgw3jv;;Для женщин;"[""https://xcimg.szwego.com/imgHD/9404f147/20260104/cmp_i1767501465334_693_0_0.jpg"", ""https://xcimg.szwego.com/imgHD/9404f147/20260104/cmp_i1767501465339_5219_0_1.jpg"", ""https://xcimg.szwego.com/imgHD/9404f147/20260104/cmp_i1767501465303_7818_0_2.jpg"", ""https://xcimg.szwego.com/imgHD/9404f147/20260104/cmp_i1767501473224_3185_0_3.jpg"", ""https://xcimg.szwego.com/imgHD/9404f147/20260104/cmp_i1767501465267_8562_0_4.jpg"", ""https://xcimg.szwego.com/imgHD/9404f147/20260104/cmp_i1767501477389_1374_0_5.jpg"", ""https://xcimg.szwego.com/imgHD/9404f147/20260104/cmp_i1767501473099_8521_0_6.jpg"", ""https://xcimg.szwego.com/imgHD/9404f147/20260104/cmp_i1767501465366_6202_0_7.jpg"", ""https://xcimg.szwego.com/imgHD/9404f147/20260104/cmp_i1767501473489_2831_0_8.jpg""]"
_ddbrS6QKplYA52OiIda_cinT_HgNNRTDtfAperA;;CHA 26C 黑银闪亮百褶吊带连衣裙 采用柔软针织面料、弹性好又贴身穿着闪亮舒适 吊带细肩带C水钻设计 简约清新、裙摆微褶皱层次感 精致迷人女人闪耀;0;;lrg3k8cd5bgw3jv;;Для женщин;"[""https://xcimg.szwego.com/imgHD/9404f147/20260104/cmp_i1767501329830_3927_0_0.jpg"", ""https://xcimg.szwego.com/imgHD/9404f147/20260104/cmp_i1767501329782_3818_0_1.jpg"", ""https://xcimg.szwego.com/imgHD/9404f147/20260104/cmp_i1767501329755_1672_0_2.jpg"", ""https://xcimg.szwego.com/imgHD/9404f147/20260104/cmp_i1767501302218_3456_0_3.jpg"", ""https://xcimg.szwego.com/imgHD/9404f147/20260104/cmp_i1767501329730_931_0_4.jpg"", ""https://xcimg.szwego.com/imgHD/9404f147/20260104/cmp_i1767501302260_4006_0_5.jpg"", ""https://xcimg.szwego.com/imgHD/9404f147/20260104/cmp_i1767501301537_7805_0_6.jpg"", ""https://xcimg.szwego.com/imgHD/9404f147/20260104/cmp_i1767501302328_5787_0_7.jpg"", ""https://xcimg.szwego.com/imgHD/9404f147/20260104/cmp_i1767501292209_1967_0_8.jpg""]"
_dftrSBCMLC8xQyEJgRWcmrisczegCpZA20qkaMg;;CHA 26S 立体花朵钉珠黑白针织开衫 由Matthieu Blazy首秀设计 白色针织黑色滚边营造极简优雅风格、胸口黑色山茶花钉珠胸针 浪漫又精致 细节优雅满分;0;;lrg3k8cd5bgw3jv;;Для женщин;"[""https://xcimg.szwego.com/imgHD/9404f147/20260104/cmp_i1767498489908_4272_0_0.jpg"", ""https://xcimg.szwego.com/imgHD/9404f147/20260104/cmp_i1767498483132_6872_0_1.jpg"", ""https://xcimg.szwego.com/imgHD/9404f147/20260104/cmp_i1767498483120_1432_0_2.jpg"", ""https://xcimg.szwego.com/imgHD/9404f147/20260104/cmp_i1767498489407_6801_0_3.jpg"", ""https://xcimg.szwego.com/imgHD/9404f147/20260104/cmp_i1767498476983_5302_0_4.jpg"", ""https://xcimg.szwego.com/imgHD/9404f147/20260104/cmp_i1767498489421_6522_0_5.jpg"", ""https://xcimg.szwego.com/imgHD/9404f147/20260104/cmp_i1767498476983_4053_0_6.jpg"", ""https://xcimg.szwego.com/imgHD/9404f147/20260104/cmp_i1767498483178_4288_0_7.jpg"", ""https://xcimg.szwego.com/imgHD/9404f147/20260104/cmp_i1767498489857_9453_0_8.jpg""]"
_ds5rSJAGlC7OsYoDcqME3rX73A4BBVlziHx1hVg;;CHA 26S 白色立体口袋镂空针织阔腿裤 轻盈透气镂空纹理微喇叭修饰腿型，优雅又时髦的腰部松紧+金属纽扣口袋实用又有细节感、度假日常正式场合都能轻松驾驭;0;;lrg3k8cd5bgw3jv;;Для женщин;"[""https://xcimg.szwego.com/imgHD/9404f147/20260104/cmp_i1767497808987_4898_0_0.jpg"", ""https://xcimg.szwego.com/imgHD/9404f147/20260104/cmp_i1767497800307_4145_0_1.jpg"", ""https://xcimg.szwego.com/imgHD/9404f147/20260104/cmp_i1767497817757_4874_0_2.jpg"", ""https://xcimg.szwego.com/imgHD/9404f147/20260104/cmp_i1767497817627_3309_0_3.jpg"", ""https://xcimg.szwego.com/imgHD/9404f147/20260104/cmp_i1767497808874_2896_0_4.jpg"", ""https://xcimg.szwego.com/imgHD/9404f147/20260104/cmp_i1767497799685_704_0_5.jpg"", ""https://xcimg.szwego.com/imgHD/9404f147/20260104/cmp_i1767497817636_8307_0_6.jpg"", ""https://xcimg.szwego.com/imgHD/9404f147/20260104/cmp_i1767497808851_6104_0_7.jpg"", ""https://xcimg.szwego.com/imgHD/9404f147/20260104/cmp_i1767497806311_6905_0_8.jpg""]"
_dtzrSVakVMspgmVh-Y6r4ubIIeQwaF8oXbNI7Bw;;CHA 26S 黑色立体口袋镂空针织阔腿裤 轻盈透气镂空纹理微喇叭修饰腿型，优雅又时髦的腰部松紧+金属纽扣口袋实用又有细节感、度假日常正式场合都能轻松驾驭;0;;lrg3k8cd5bgw3jv;;Для женщин;"[""https://xcimg.szwego.com/imgHD/9404f147/20260104/cmp_i1767497245591_6248_0_0.jpg"", ""https://xcimg.szwego.com/imgHD/9404f147/20260104/cmp_i1767497245614_4532_0_1.jpg"", ""https://xcimg.szwego.com/imgHD/9404f147/20260104/cmp_i1767497259754_786_0_2.jpg"", ""https://xcimg.szwego.com/imgHD/9404f147/20260104/cmp_i1767497259671_81_0_3.jpg"", ""https://xcimg.szwego.com/imgHD/9404f147/20260104/cmp_i1767497254182_4562_0_4.jpg"", ""https://xcimg.szwego.com/imgHD/9404f147/20260104/cmp_i1767497259624_7620_0_5.jpg"", ""https://xcimg.szwego.com/imgHD/9404f147/20260104/cmp_i1767497245593_8883_0_6.jpg"", ""https://xcimg.szwego.com/imgHD/9404f147/20260104/cmp_i1767497245548_119_0_7.jpg"", ""https://xcimg.szwego.com/imgHD/9404f147/20260104/cmp_i1767497245486_3503_0_8.jpg""]"
_dbhrSnwk-75X342cJorUnKpcAYse_oV51cLG29A;;CHA 26C 金色山茶花立体镂空针织开衫 精致镂空针织山茶花刺绣 优雅又有辨识度 、全身镂空类似蕾丝花纹丰富层次感 C古铜水钻纽扣超有质感 顶级品质;0;;lrg3k8cd5bgw3jv;;Для женщин;"[""https://xcimg.szwego.com/imgHD/9404f147/20260104/cmp_i1767496824281_3094_0_0.jpg"", ""https://xcimg.szwego.com/imgHD/9404f147/20260104/cmp_i1767496824206_1543_0_1.jpg"", ""https://xcimg.szwego.com/imgHD/9404f147/20260104/cmp_i1767496817204_6282_0_2.jpg"", ""https://xcimg.szwego.com/imgHD/9404f147/20260104/cmp_i1767496817104_8640_0_3.jpg"", ""https://xcimg.szwego.com/imgHD/9404f147/20260104/cmp_i1767496817269_9118_0_4.jpg"", ""https://xcimg.szwego.com/imgHD/9404f147/20260104/cmp_i1767496817179_225_0_5.jpg"", ""https://xcimg.szwego.com/imgHD/9404f147/20260104/cmp_i1767496823711_2679_0_6.jpg"", ""https://xcimg.szwego.com/imgHD/9404f147/20260104/cmp_i1767496817287_1971_0_7.jpg"", ""https://xcimg.szwego.com/imgHD/9404f147/20260104/cmp_i1767496824203_7897_0_8.jpg""]"
_drorSTrM4UWcSQ4crKGmzw567IEkYMP7hsw10fg;;CHA 26C 金色山茶花立体镂空针织开衫 精致镂空针织+山茶花刺绣 优雅又有辨识度 、全身镂空类似蕾丝花纹丰富层次感 C古铜水钻纽扣超有质感 顶级品质;0;;lrg3k8cd5bgw3jv;;Для женщин;"[""https://xcimg.szwego.com/imgHD/9404f147/20260104/cmp_i1767496358560_5746_0_0.jpg"", ""https://xcimg.szwego.com/imgHD/9404f147/20260104/cmp_i1767496358560_1959_0_1.jpg"", ""https://xcimg.szwego.com/imgHD/9404f147/20260104/cmp_i1767496369016_5371_0_2.jpg"", ""https://xcimg.szwego.com/imgHD/9404f147/20260104/cmp_i1767496368912_4446_0_3.jpg"", ""https://xcimg.szwego.com/imgHD/9404f147/20260104/cmp_i1767496358560_5074_0_4.jpg"", ""https://xcimg.szwego.com/imgHD/9404f147/20260104/cmp_i1767496376692_8471_0_5.jpg"", ""https://xcimg.szwego.com/imgHD/9404f147/20260104/cmp_i1767496368957_8059_0_6.jpg"", ""https://xcimg.szwego.com/imgHD/9404f147/20260104/cmp_i1767496376737_1801_0_7.jpg"", ""https://xcimg.szwego.com/imgHD/9404f147/20260104/cmp_i1767496368995_6692_0_8.jpg""]"
_dk5rSrruMZbN8-rU2FFtY0Gck2AE3JKxJz_sLTQ;;DIO 26S 千鸟格蝴蝶结针织衫 由 Jonathan设计 藏蓝拼米色千鸟格+蝴蝶结造型点缀童趣又优雅、针织面料柔软舒适宽松版型，日常或轻正式场合都能轻松驾驭;0;;lrg3k8cd5bgw3jv;;Для женщин;"[""https://xcimg.szwego.com/imgHD/9404f147/20260103/cmp_i1767439085910_9573_0_0.jpg"", ""https://xcimg.szwego.com/imgHD/9404f147/20260103/cmp_i1767439091120_97_0_1.jpg"", ""https://xcimg.szwego.com/imgHD/9404f147/20260103/cmp_i1767439091143_5525_0_2.jpg"", ""https://xcimg.szwego.com/imgHD/9404f147/20260103/cmp_i1767439091127_4646_0_3.jpg"", ""https://xcimg.szwego.com/imgHD/9404f147/20260103/cmp_i1767439085741_3557_0_4.jpg"", ""https://xcimg.szwego.com/imgHD/9404f147/20260103/cmp_i1767439090515_9708_0_5.jpg"", ""https://xcimg.szwego.com/imgHD/9404f147/20260103/cmp_i1767439106183_5458_0_6.jpg"", ""https://xcimg.szwego.com/imgHD/9404f147/20260103/cmp_i1767439091194_9610_0_7.jpg"", ""https://xcimg.szwego.com/imgHD/9404f147/20260103/cmp_i1767439085795_9152_0_8.jpg""]"
_d-PrSfxPxchhUaPVgUyhGzgxxvGOLtH9DCl11jg;;DIO 26S 千鸟格蝴蝶结针织衫 由 Jonathan设计 朱砂红拼黑千鸟格+蝴蝶结造型点缀童趣又优雅、针织面料柔软舒适宽松版型，日常或轻正式场合都能轻松驾驭;0;;lrg3k8cd5bgw3jv;;Для женщин;"[""https://xcimg.szwego.com/imgHD/9404f147/20260103/cmp_i1767438840447_1442_0_0.jpg"", ""https://xcimg.szwego.com/imgHD/9404f147/20260103/cmp_i1767438853419_9242_0_1.jpg"", ""https://xcimg.szwego.com/imgHD/9404f147/20260103/cmp_i1767438853371_8279_0_2.jpg"", ""https://xcimg.szwego.com/imgHD/9404f147/20260103/cmp_i1767438839895_3955_0_3.jpg"", ""https://xcimg.szwego.com/imgHD/9404f147/20260103/cmp_i1767438840361_9792_0_4.jpg"", ""https://xcimg.szwego.com/imgHD/9404f147/20260103/cmp_i1767438853336_7816_0_5.jpg"", ""https://xcimg.szwego.com/imgHD/9404f147/20260103/cmp_i1767438840351_230_0_6.jpg"", ""https://xcimg.szwego.com/imgHD/9404f147/20260103/cmp_i1767438840416_575_0_7.jpg"", ""https://xcimg.szwego.com/imgHD/9404f147/20260103/cmp_i1767438853352_9878_0_8.jpg""]"
_dUPrSVkJZsyeEaJq5-oYetOeBCNYgZYtA4IMh3w;;DIO 26S 铃兰花和平鸽🕊️刺绣花朵针织衫 羊毛材质柔软亲肤圆领短袖设计、简约大方衣身点缀精致铃兰花朵刺绣细节满满，春日氛围感拉满轻盈舒适 绝美精致;0;;lrg3k8cd5bgw3jv;;Для женщин;"[""https://xcimg.szwego.com/imgHD/9404f147/20260103/cmp_i1767438562054_8616_0_0.jpg"", ""https://xcimg.szwego.com/imgHD/9404f147/20260103/cmp_i1767438555026_8889_0_1.jpg"", ""https://xcimg.szwego.com/imgHD/9404f147/20260103/cmp_i1767438561790_3456_0_2.jpg"", ""https://xcimg.szwego.com/imgHD/9404f147/20260103/cmp_i1767438561567_4064_0_3.jpg"", ""https://xcimg.szwego.com/imgHD/9404f147/20260103/cmp_i1767438561562_6305_0_4.jpg"", ""https://xcimg.szwego.com/imgHD/9404f147/20260103/cmp_i1767438554944_4724_0_5.jpg"", ""https://xcimg.szwego.com/imgHD/9404f147/20260103/cmp_i1767438554896_4443_0_6.jpg"", ""https://xcimg.szwego.com/imgHD/9404f147/20260103/cmp_i1767438562109_563_0_7.jpg"", ""https://xcimg.szwego.com/imgHD/9404f147/20260103/cmp_i1767438554240_5770_0_8.jpg""]"
_dunrSwgq83EyqoJ4caYY2J6pyAl-0GI0XdOI8TA;;"DIO 26S 新年红老花拼色针织毛衣 经典""CD""字母侧面轮廓图案，红蓝老花撞色高品质羊毛混纺 柔软又保暖、圆领设计简约大方 袖口和下摆罗纹收口 时髦舒适";0;;lrg3k8cd5bgw3jv;;Для женщин;"[""https://xcimg.szwego.com/imgHD/9404f147/20260103/cmp_i1767438230652_7434_0_0.jpg"", ""https://xcimg.szwego.com/imgHD/9404f147/20260103/cmp_i1767438230502_9665_0_1.jpg"", ""https://xcimg.szwego.com/imgHD/9404f147/20260103/cmp_i1767438230538_4642_0_2.jpg"", ""https://xcimg.szwego.com/imgHD/9404f147/20260103/cmp_i1767438222218_5359_0_3.jpg"", ""https://xcimg.szwego.com/imgHD/9404f147/20260103/cmp_i1767438230169_1783_0_4.jpg"", ""https://xcimg.szwego.com/imgHD/9404f147/20260103/cmp_i1767438222291_6249_0_5.jpg"", ""https://xcimg.szwego.com/imgHD/9404f147/20260103/cmp_i1767438222237_3445_0_6.jpg"", ""https://xcimg.szwego.com/imgHD/9404f147/20260103/cmp_i1767438222173_2308_0_7.jpg"", ""https://xcimg.szwego.com/imgHD/9404f147/20260103/cmp_i1767438230644_7281_0_8.jpg""]"
