external_id;name;description;price;brand;category;subcategory;gender;photos
_dd7rSdkFgTWDxXpNhe6fgeVnEI5esZg9dcwPBOw;Bottega Veneta Кожаная куртка;Классическая кожаная куртка с воротником-стойкой, выполненная из высококачественной итальянской замши. Модель украшена фирменным плетением Intrecciato, созданным вручную, что придает изделию уникальную текстуру и роскошный вид. Мягкий и приятный на ощупь материал обеспечивает комфорт и отличную воздухопроницаемость.\n\nДизайн дополнен трикотажными вставками в рубчик на воротнике, манжетах и по низу изделия, что обеспечивает идеальную посадку и защиту от ветра. Куртка оснащена качественной металлической фурнитурой и удобными боковыми карманами. Внутренняя подкладка из 100% хлопка гарантирует комфорт при носке. Лаконичный крой подчеркивает приверженность бренда эстетике минимализма.\n\nМатериал: замша\nЦвет: хаки/армейский зеленый\nРазмеры: 48/50/52/54;0;59kttao0v819zzy;lrg3k8cd5bgw3jv;f2gdh71ajulp1ti;Для мужчин;"[""https://xcimg.szwego.com/imgHD/6c7a535f/20260401/cmp_i1775055352902_5464_0_0.jpg"",""https://xcimg.szwego.com/imgHD/6c7a535f/20260401/cmp_i1775055357232_9876_0_1.jpg"",""https://xcimg.szwego.com/imgHD/6c7a535f/20260401/cmp_i1775055357977_2113_0_2.jpg"",""https://xcimg.szwego.com/imgHD/6c7a535f/20260401/cmp_i1775055353699_2622_0_3.jpg"",""https://xcimg.szwego.com/imgHD/6c7a535f/20260401/cmp_i1775055357968_7267_0_4.jpg"",""https://xcimg.szwego.com/imgHD/6c7a535f/20260401/cmp_i1775055353641_9036_0_5.jpg"",""https://xcimg.szwego.com/imgHD/6c7a535f/20260401/cmp_i1775055357933_5339_0_6.jpg"",""https://xcimg.szwego.com/imgHD/6c7a535f/20260401/cmp_i1775055353570_4491_0_7.jpg"",""https://xcimg.szwego.com/imgHD/6c7a535f/20260401/cmp_i1775055354069_5611_0_8.jpg""]"
_dnqrSWynQmgalMYytqacywslCTXJO9JGKqqBnbw;Louis Vuitton Кожаная куртка;Роскошная кожаная куртка с имитацией змеиной кожи, выполненная из 100% натуральной овчины высшего качества. Модель отличается мягкой текстурой, премиальной матовой отделкой и отличной износостойкостью.\n\nОсобенности дизайна:\n- Контрастный вельветовый отворот воротника для создания ретро-акцента и дополнительной защиты от ветра.\n- Застежка на фирменные золотистые металлические кнопки с высококачественной полировкой.\n- Функциональный дизайн с четырьмя карманами: два нагрудных и два вместительных накладных кармана в стиле милитари, украшенных металлическими заклепками.\n- Фирменное тиснение логотипа бренда на кожаной нашивке в нижней части изделия.\n\nХарактеристики:\n- Материал: овчина.\n- Крой: свободный.\n- Цвет: коричневый.;0;977uh954t91spxq;lrg3k8cd5bgw3jv;f2gdh71ajulp1ti;Для мужчин;"[""https://xcimg.szwego.com/imgHD/6c7a535f/20260401/cmp_i1775055381209_4390_0_0.jpg"",""https://xcimg.szwego.com/imgHD/6c7a535f/20260401/cmp_i1775055384622_1715_0_1.jpg"",""https://xcimg.szwego.com/imgHD/6c7a535f/20260401/cmp_i1775055381234_2285_0_2.jpg"",""https://xcimg.szwego.com/imgHD/6c7a535f/20260401/cmp_i1775055381313_2939_0_3.jpg"",""https://xcimg.szwego.com/imgHD/6c7a535f/20260401/cmp_i1775055385356_5339_0_4.jpg"",""https://xcimg.szwego.com/imgHD/6c7a535f/20260401/cmp_i1775055385739_1636_0_5.jpg"",""https://xcimg.szwego.com/imgHD/6c7a535f/20260401/cmp_i1775055381206_6500_0_6.jpg"",""https://xcimg.szwego.com/imgHD/6c7a535f/20260401/cmp_i1775055385743_6735_0_7.jpg"",""https://xcimg.szwego.com/imgHD/6c7a535f/20260401/cmp_i1775055380306_7991_0_8.jpg""]"
_dlorSLbAs8vPcUmA-DHe-D2IrphUEjxV0t0vQRA;Louis Vuitton Кожаная куртка;Роскошная кожаная куртка от Louis Vuitton, выполненная из высококачественной натуральной кожи с естественной текстурой. Модель отличается мягкостью, прочностью и отличной воздухопроницаемостью. Изделие украшено классической стежкой в форме ромбов с аккуратной белой прострочкой, придающей объем и структуру.\n\nВоротник из натуральной овчины обеспечивает превосходную теплоизоляцию и комфорт, создавая стильный винтажный образ. Куртка оснащена качественной золотистой металлической фурнитурой и удобными накладными карманами. На правом кармане расположен фирменный вышитый логотип LV. Дополнительные детали в виде синих металлических заклепок добавляют акцент, а трикотажная резинка по низу изделия обеспечивает идеальную посадку и защиту от холода.\n\nМатериал: Натуральная кожа\nКрой: Свободный\nЦвет: Карамельный;0;977uh954t91spxq;lrg3k8cd5bgw3jv;f2gdh71ajulp1ti;Для мужчин;"[""https://xcimg.szwego.com/imgHD/6c7a535f/20260401/cmp_i1775055404270_8488_0_0.jpg"",""https://xcimg.szwego.com/imgHD/6c7a535f/20260401/cmp_i1775055404272_1471_0_1.jpg"",""https://xcimg.szwego.com/imgHD/6c7a535f/20260401/cmp_i1775055404931_1095_0_2.jpg"",""https://xcimg.szwego.com/imgHD/6c7a535f/20260401/cmp_i1775055404973_5158_0_3.jpg"",""https://xcimg.szwego.com/imgHD/6c7a535f/20260401/cmp_i1775055404929_3119_0_4.jpg"",""https://xcimg.szwego.com/imgHD/6c7a535f/20260401/cmp_i1775055409303_5719_0_5.jpg"",""https://xcimg.szwego.com/imgHD/6c7a535f/20260401/cmp_i1775055409338_4975_0_6.jpg"",""https://xcimg.szwego.com/imgHD/6c7a535f/20260401/cmp_i1775055409258_3559_0_7.jpg"",""https://xcimg.szwego.com/imgHD/6c7a535f/20260401/cmp_i1775055409178_7879_0_8.jpg""]"
_dqMrSidSlq8Dd2fPe6Ckd3R45ayhHHncsFytVOw;Tom Ford Кожаная куртка;Куртка выполнена из высококачественной натуральной замши (первый слой овечьей кожи), прошедшей многоступенчатую обработку для достижения мягкой и бархатистой текстуры. Материал обладает отличной воздухопроницаемостью и долговечностью.\n\nДизайн модели включает классический отложной воротник, скрытую застежку на кнопках и функциональные карманы: два нагрудных и два боковых. Манжеты и нижний край изделия дополнены эластичной трикотажной отделкой в тон, обеспечивающей комфортную посадку и защиту от ветра.\n\nВнутренняя подкладка из натурального хлопка гарантирует комфорт при носке. Изделие отличается безупречным качеством швов и кроя, подчеркивающим премиальный статус бренда.\n\nМатериал: замша (овечья кожа).\nЦвет: синий/красный.\nКрой: свободный.;0;ume40c3zc4v3w33;lrg3k8cd5bgw3jv;f2gdh71ajulp1ti;Для мужчин;"[""https://xcimg.szwego.com/imgHD/6c7a535f/20260401/cmp_i1775055852224_8507_0_0.jpg"",""https://xcimg.szwego.com/imgHD/6c7a535f/20260401/cmp_i1775055852218_600_0_1.jpg"",""https://xcimg.szwego.com/imgHD/6c7a535f/20260401/cmp_i1775055861627_1242_0_2.jpg"",""https://xcimg.szwego.com/imgHD/6c7a535f/20260401/cmp_i1775055861587_2445_0_3.jpg"",""https://xcimg.szwego.com/imgHD/6c7a535f/20260401/cmp_i1775055852815_7241_0_4.jpg"",""https://xcimg.szwego.com/imgHD/6c7a535f/20260401/cmp_i1775055859039_8214_0_5.jpg"",""https://xcimg.szwego.com/imgHD/6c7a535f/20260401/cmp_i1775055852805_9568_0_6.jpg"",""https://xcimg.szwego.com/imgHD/6c7a535f/20260401/cmp_i1775055859028_8024_0_7.jpg"",""https://xcimg.szwego.com/imgHD/6c7a535f/20260401/cmp_i1775055852816_5788_0_8.jpg""]"
_dxFrSMQJ4rVgrSymUTGjPGrMgONFDQm6Nr2yNlg;Tom Ford Кожаная куртка;Куртка выполнена из высококачественной импортной замши из овчины, прошедшей многоступенчатую обработку для достижения мягкой и бархатистой текстуры. Модель отличается превосходной воздухопроницаемостью и комфортом при носке.\n\nДизайн включает классический отложной воротник, скрытую застежку на кнопках и функциональные карманы: два нагрудных и два боковых. Манжеты и нижний край изделия дополнены эластичной трикотажной отделкой в тон, обеспечивающей идеальную посадку и защиту от холода.\n\nВнутренняя подкладка из натурального хлопка гарантирует комфорт в течение всего дня. Изделие выполнено с безупречным вниманием к деталям и качеству швов.;0;ume40c3zc4v3w33;lrg3k8cd5bgw3jv;f2gdh71ajulp1ti;Для мужчин;"[""https://xcimg.szwego.com/imgHD/6c7a535f/20260401/cmp_i1775055868908_2399_0_0.jpg"",""https://xcimg.szwego.com/imgHD/6c7a535f/20260401/cmp_i1775055876964_6811_0_1.jpg"",""https://xcimg.szwego.com/imgHD/6c7a535f/20260401/cmp_i1775055869539_3710_0_2.jpg"",""https://xcimg.szwego.com/imgHD/6c7a535f/20260401/cmp_i1775055875357_9772_0_3.jpg"",""https://xcimg.szwego.com/imgHD/6c7a535f/20260401/cmp_i1775055869547_4356_0_4.jpg"",""https://xcimg.szwego.com/imgHD/6c7a535f/20260401/cmp_i1775055877589_5141_0_5.jpg"",""https://xcimg.szwego.com/imgHD/6c7a535f/20260401/cmp_i1775055869595_2236_0_6.jpg"",""https://xcimg.szwego.com/imgHD/6c7a535f/20260401/cmp_i1775055869581_4085_0_7.jpg"",""https://xcimg.szwego.com/imgHD/6c7a535f/20260401/cmp_i1775055875298_5242_0_8.jpg""]"
_dLarS_gn1hfvRxdvMsklEW8Dv5m9bhnHP-WXFug;Tom Ford Куртка;Эксклюзивная модель куртки Tom Ford с накладными карманами и отложным воротником. Изделие выполнено из высококачественной импортной замши (натуральная овчина), прошедшей многоступенчатую обработку для достижения мягкой, бархатистой текстуры. Материал отличается превосходной воздухопроницаемостью и долговечностью.\n\nДизайн включает в себя структурированный отложной воротник, скрытую застежку на кнопках и функциональные карманы на груди и по бокам. Манжеты и нижний край изделия дополнены эластичной трикотажной отделкой в тон, обеспечивающей комфортную посадку и защиту от холода. Внутренняя подкладка из натурального хлопка гарантирует комфорт при носке.\n\nМатериал: Замша (овчина)\nКрой: Свободный\nЦвета: Королевский синий, ярко-красный, зеленый\nРазмеры: 48, 50, 52, 54;0;ume40c3zc4v3w33;lrg3k8cd5bgw3jv;f2gdh71ajulp1ti;Для мужчин;"[""https://xcimg.szwego.com/imgHD/6c7a535f/20260402/cmp_i1775136621526_8655_0_0.jpg"",""https://xcimg.szwego.com/imgHD/6c7a535f/20260402/cmp_i1775136621518_4242_0_1.jpg"",""https://xcimg.szwego.com/imgHD/6c7a535f/20260402/cmp_i1775136622127_9966_0_2.jpg"",""https://xcimg.szwego.com/imgHD/6c7a535f/20260402/cmp_i1775136626740_1495_0_3.jpg"",""https://xcimg.szwego.com/imgHD/6c7a535f/20260402/cmp_i1775136622150_2351_0_4.jpg"",""https://xcimg.szwego.com/imgHD/6c7a535f/20260402/cmp_i1775136626707_6043_0_5.jpg"",""https://xcimg.szwego.com/imgHD/6c7a535f/20260402/cmp_i1775136626667_8221_0_6.jpg"",""https://xcimg.szwego.com/imgHD/6c7a535f/20260402/cmp_i1775136626715_9949_0_7.jpg"",""https://xcimg.szwego.com/imgHD/6c7a535f/20260402/cmp_i1775136622587_8886_0_8.jpg""]"
_dnwrSfBWa48wPOwdsQ3RY2d3ibiaJ5B6b9rxP0A;Bottega Veneta Кожаная куртка;Эксклюзивная модель от Bottega Veneta. Куртка выполнена из импортной натуральной овечьей кожи высшего качества. Материал отличается мягкостью, эластичностью и приятной текстурой, обеспечивая идеальный баланс между комфортом и премиальным внешним видом.\n\nВоротник-стойка украшен фирменным плетением Intrecciato, выполненным вручную, что придает изделию узнаваемый стиль и роскошный акцент. Лаконичный крой воротника подчеркивает линию шеи и обеспечивает дополнительную защиту от ветра.\n\nДетали изделия включают аккуратную декоративную отстрочку, подчеркивающую силуэт, и качественную металлическую молнию. По бокам расположены два симметричных прорезных кармана, сочетающих функциональность и эстетику.\n\nМатериал: овечья кожа\nКрой: свободный\nЦвет: черный;0;59kttao0v819zzy;lrg3k8cd5bgw3jv;f2gdh71ajulp1ti;Для мужчин;"[""https://xcimg.szwego.com/imgHD/6c7a535f/20260406/cmp_i1775481545827_647_0_0.jpg"",""https://xcimg.szwego.com/imgHD/6c7a535f/20260406/cmp_i1775481545817_4485_0_1.jpg"",""https://xcimg.szwego.com/imgHD/6c7a535f/20260406/cmp_i1775481541131_3666_0_2.jpg"",""https://xcimg.szwego.com/imgHD/6c7a535f/20260406/cmp_i1775481546415_7359_0_3.jpg"",""https://xcimg.szwego.com/imgHD/6c7a535f/20260406/cmp_i1775481546407_5075_0_4.jpg"",""https://xcimg.szwego.com/imgHD/6c7a535f/20260406/cmp_i1775481541161_4796_0_5.jpg"",""https://xcimg.szwego.com/imgHD/6c7a535f/20260406/cmp_i1775481541126_2357_0_6.jpg"",""https://xcimg.szwego.com/imgHD/6c7a535f/20260406/cmp_i1775481541158_4864_0_7.jpg"",""https://xcimg.szwego.com/imgHD/6c7a535f/20260406/cmp_i1775481541231_4195_0_8.jpg""]"
_dA1rSZEYv0oFpC3VHsvoSsFTuCVR1A_YuX1490g;Brunello Cucinelli Куртка;Эксклюзивная модель, куртка-пилот с воротником-стойкой. Выполнена из импортной натуральной овечьей кожи высшего качества. Материал отличается мягкостью, эластичностью и приятной текстурой, обеспечивая идеальный баланс между комфортом и премиальным внешним видом.\n\nКлассический воротник-стойка подчеркивает линию шеи и обеспечивает дополнительную защиту от ветра. Внутренняя часть воротника дополнена контрастной отделкой винного цвета. Модель застегивается на качественную металлическую молнию с дополнительной кнопкой сверху.\n\nДекоративная отстрочка по корпусу создает четкий силуэт и добавляет выразительности. По бокам расположены два удобных прорезных кармана. Манжеты и нижний край изделия выполнены из эластичного трикотажа для оптимальной посадки и защиты от холода.\n\nМатериал: овечья кожа\nКрой: свободный\nЦвет: черный\nРазмеры: S/M/L/XL;0;ll73bx30faqq27r;lrg3k8cd5bgw3jv;f2gdh71ajulp1ti;Для мужчин;"[""https://xcimg.szwego.com/imgHD/6c7a535f/20260406/cmp_i1775481572788_1989_0_0.jpg"",""https://xcimg.szwego.com/imgHD/6c7a535f/20260406/cmp_i1775481576289_7925_0_1.jpg"",""https://xcimg.szwego.com/imgHD/6c7a535f/20260406/cmp_i1775481573581_9962_0_2.jpg"",""https://xcimg.szwego.com/imgHD/6c7a535f/20260406/cmp_i1775481577059_4317_0_3.jpg"",""https://xcimg.szwego.com/imgHD/6c7a535f/20260406/cmp_i1775481576977_7231_0_4.jpg"",""https://xcimg.szwego.com/imgHD/6c7a535f/20260406/cmp_i1775481577024_5697_0_5.jpg"",""https://xcimg.szwego.com/imgHD/6c7a535f/20260406/cmp_i1775481573656_5961_0_6.jpg"",""https://xcimg.szwego.com/imgHD/6c7a535f/20260406/cmp_i1775481573937_8522_0_7.jpg"",""https://xcimg.szwego.com/imgHD/6c7a535f/20260406/cmp_i1775481573723_1964_0_8.jpg""]"
_doHrSzYEUbzRCw2o8GFaHIjeBXFsEZL5xJCgbEQ;Brunello Cucinelli Куртка;Эксклюзивная модель из натуральной кожи ягненка. Материал отличается мягкостью, эластичностью и приятной текстурой, обеспечивая комфорт и безупречный внешний вид. Классический дизайн с отложным воротником и контрастной отделкой внутренней части. Модель дополнена качественной металлической фурнитурой и удобными карманами на молнии. Нижняя часть изделия выполнена с эластичной сборкой для идеальной посадки и защиты от ветра. Отличное сочетание премиальных материалов и мастерства исполнения.\n\nМатериал: натуральная кожа ягненка\nКрой: свободный\nЦвет: черный;0;ll73bx30faqq27r;lrg3k8cd5bgw3jv;f2gdh71ajulp1ti;Для мужчин;"[""https://xcimg.szwego.com/imgHD/6c7a535f/20260406/cmp_i1775481735472_2019_0_0.jpg"",""https://xcimg.szwego.com/imgHD/6c7a535f/20260406/cmp_i1775481738736_3343_0_1.jpg"",""https://xcimg.szwego.com/imgHD/6c7a535f/20260406/cmp_i1775481736204_2857_0_2.jpg"",""https://xcimg.szwego.com/imgHD/6c7a535f/20260406/cmp_i1775481739341_1035_0_3.jpg"",""https://xcimg.szwego.com/imgHD/6c7a535f/20260406/cmp_i1775481736213_589_0_4.jpg"",""https://xcimg.szwego.com/imgHD/6c7a535f/20260406/cmp_i1775481736121_750_0_5.jpg"",""https://xcimg.szwego.com/imgHD/6c7a535f/20260406/cmp_i1775481739289_8089_0_6.jpg"",""https://xcimg.szwego.com/imgHD/6c7a535f/20260406/cmp_i1775481736266_7228_0_7.jpg"",""https://xcimg.szwego.com/imgHD/6c7a535f/20260406/cmp_i1775481710978_1797_1_5.jpg""]"
_dx7rS9Em33d2lxHX5nT6uF0FTmjq5GBOhbo5Chw;Loro Piana Куртка из замши;Куртка выполнена из высококачественной натуральной замши, обладающей мягкой и приятной на ощупь текстурой. Модель отличается классическим дизайном с отложным воротником, дополненным трикотажной отделкой и регулируемой кулиской для защиты от ветра.\n\nИзделие застегивается на качественные контрастные пуговицы. Декоративная отстрочка подчеркивает силуэт и структуру карманов, придавая модели завершенный вид. По бокам расположены удобные прорезные карманы. Манжеты и нижний край изделия оформлены эластичной трикотажной резинкой для комфортной посадки и защиты от холода.\n\nМатериал: замша\nКрой: свободный\nЦвет: оливковый;0;5f3npdmxcv8f190;lrg3k8cd5bgw3jv;f2gdh71ajulp1ti;Для мужчин;"[""https://xcimg.szwego.com/imgHD/6c7a535f/20260406/cmp_i1775481910080_8395_0_0.jpg"",""https://xcimg.szwego.com/imgHD/6c7a535f/20260406/cmp_i1775481913821_3576_0_1.jpg"",""https://xcimg.szwego.com/imgHD/6c7a535f/20260406/cmp_i1775481914588_17_0_2.jpg"",""https://xcimg.szwego.com/imgHD/6c7a535f/20260406/cmp_i1775481910806_3541_0_3.jpg"",""https://xcimg.szwego.com/imgHD/6c7a535f/20260406/cmp_i1775481914720_4244_0_4.jpg"",""https://xcimg.szwego.com/imgHD/6c7a535f/20260406/cmp_i1775481914627_2006_0_5.jpg"",""https://xcimg.szwego.com/imgHD/6c7a535f/20260406/cmp_i1775481914640_5251_0_6.jpg"",""https://xcimg.szwego.com/imgHD/6c7a535f/20260406/cmp_i1775481910788_3928_0_7.jpg"",""https://xcimg.szwego.com/imgHD/6c7a535f/20260406/cmp_i1775481910882_9596_0_8.jpg""]"
_deprSsxBdc2E7s2a_S98j8hfOQYrZSh_bm_zYng;Tom Ford Кожаная куртка;Эксклюзивная модель от Tom Ford. Куртка выполнена из импортной натуральной овчины высшего качества. Материал отличается мягкостью, эластичностью и приятной текстурой, обеспечивая комфорт и безупречный внешний вид.\n\nКлассический дизайн с отложным воротником подчеркивает линию шеи и обеспечивает защиту от ветра. Модель дополнена качественной металлической фурнитурой с брендированными деталями. Аккуратная декоративная отстрочка подчеркивает силуэт и высокое качество исполнения.\n\nИзделие оснащено симметричными прорезными карманами по бокам и дополнительным карманом на молнии на левом рукаве, что придает образу нотки стиля милитари. Манжеты и нижний край выполнены из трикотажной резинки для идеальной посадки.\n\nМатериал: овчина\nКрой: свободный\nЦвет: черный;0;ume40c3zc4v3w33;lrg3k8cd5bgw3jv;f2gdh71ajulp1ti;Для мужчин;"[""https://xcimg.szwego.com/imgHD/6c7a535f/20260406/cmp_i1775481930788_1426_0_0.jpg"",""https://xcimg.szwego.com/imgHD/6c7a535f/20260406/cmp_i1775481934909_4452_0_1.jpg"",""https://xcimg.szwego.com/imgHD/6c7a535f/20260406/cmp_i1775481931544_7450_0_2.jpg"",""https://xcimg.szwego.com/imgHD/6c7a535f/20260406/cmp_i1775481935886_3119_0_3.jpg"",""https://xcimg.szwego.com/imgHD/6c7a535f/20260406/cmp_i1775481935668_5016_0_4.jpg"",""https://xcimg.szwego.com/imgHD/6c7a535f/20260406/cmp_i1775481931506_380_0_5.jpg"",""https://xcimg.szwego.com/imgHD/6c7a535f/20260406/cmp_i1775481931477_3271_0_6.jpg"",""https://xcimg.szwego.com/imgHD/6c7a535f/20260406/cmp_i1775481931534_1107_0_7.jpg"",""https://xcimg.szwego.com/imgHD/6c7a535f/20260406/cmp_i1775481935958_3308_0_8.jpg""]"
_dyFrSKkdYXMdW8__Fia-fEEhlP8CSwzcX066GPw;Zegna Куртка из замши;Куртка выполнена из премиальной натуральной замши из кожи ягненка. Материал отличается мягкой, бархатистой текстурой и превосходной драпировкой, обеспечивая комфорт и элегантный внешний вид.\n\nМодель дополнена классическим отложным воротником и застежкой на качественные пуговицы. Декоративная отстрочка подчеркивает силуэт и структуру изделия. На груди расположены два функциональных накладных кармана, которые придают куртке завершенный вид.\n\nПрямые манжеты и лаконичный нижний край подчеркивают классический крой в стиле винтажных курток. Идеальный выбор для создания стильного и статусного образа.\n\nМатериал: замша\nКрой: свободный\nЦвет: карамельный;0;8xod4z3cjpbltoa;lrg3k8cd5bgw3jv;f2gdh71ajulp1ti;Для мужчин;"[""https://xcimg.szwego.com/imgHD/6c7a535f/20260406/cmp_i1775481976173_5606_0_0.jpg"",""https://xcimg.szwego.com/imgHD/6c7a535f/20260406/cmp_i1775481972702_2002_0_1.jpg"",""https://xcimg.szwego.com/imgHD/6c7a535f/20260406/cmp_i1775481973460_1640_0_2.jpg"",""https://xcimg.szwego.com/imgHD/6c7a535f/20260406/cmp_i1775481973491_1358_0_3.jpg"",""https://xcimg.szwego.com/imgHD/6c7a535f/20260406/cmp_i1775481973401_2641_0_4.jpg"",""https://xcimg.szwego.com/imgHD/6c7a535f/20260406/cmp_i1775481976872_6165_0_5.jpg"",""https://xcimg.szwego.com/imgHD/6c7a535f/20260406/cmp_i1775481976927_836_0_6.jpg"",""https://xcimg.szwego.com/imgHD/6c7a535f/20260406/cmp_i1775481976917_4342_0_7.jpg"",""https://xcimg.szwego.com/imgHD/6c7a535f/20260406/cmp_i1775481973460_5279_0_8.jpg""]"
_do_rSPpUfmaCsgxGAEtGDUo1NrWGnK3_yMyVm9w;The Row Куртка;Куртка выполнена из натуральной овечьей кожи премиального качества. Материал отличается мягкостью, эластичностью и приятной текстурой, обеспечивая комфорт и долговечность изделия.\n\nМодель дополнена воротником-стойкой со скрытым капюшоном на кулиске, что позволяет регулировать посадку и защищает от ветра. Застежка на металлическую молнию высокого качества подчеркивает лаконичный дизайн.\n\nДекоративная отстрочка по всему изделию придает структурированность и подчеркивает мастерство исполнения. По бокам расположены два функциональных кармана на молнии. Манжеты и нижний край изделия оформлены эластичной сборкой для лучшей защиты от холода и создания расслабленного силуэта.\n\nМатериал: овечья кожа\nКрой: свободный\nЦвет: черный;0;u0b9d3xttoysjsf;lrg3k8cd5bgw3jv;f2gdh71ajulp1ti;Для мужчин;"[""https://xcimg.szwego.com/imgHD/6c7a535f/20260406/cmp_i1775482003542_1808_0_0.jpg"",""https://xcimg.szwego.com/imgHD/6c7a535f/20260406/cmp_i1775482003548_2231_0_1.jpg"",""https://xcimg.szwego.com/imgHD/6c7a535f/20260406/cmp_i1775482004149_9517_0_2.jpg"",""https://xcimg.szwego.com/imgHD/6c7a535f/20260406/cmp_i1775482008255_9491_0_3.jpg"",""https://xcimg.szwego.com/imgHD/6c7a535f/20260406/cmp_i1775482004217_4581_0_4.jpg"",""https://xcimg.szwego.com/imgHD/6c7a535f/20260406/cmp_i1775482008275_997_0_5.jpg"",""https://xcimg.szwego.com/imgHD/6c7a535f/20260406/cmp_i1775482008253_185_0_6.jpg"",""https://xcimg.szwego.com/imgHD/6c7a535f/20260406/cmp_i1775482008229_8726_0_7.jpg"",""https://xcimg.szwego.com/imgHD/6c7a535f/20260406/cmp_i1775482004117_7888_0_8.jpg""]"
_daJrSZVCCerfZYW4kSe4zJJDqOaWEFZ-2E_AeRQ;Loro Piana Куртка;Куртка выполнена из итальянской замши из козьей кожи премиального качества. Материал отличается мягкой текстурой, приятной на ощупь, а также обладает отличными дышащими и теплоизоляционными свойствами. Модель имеет воротник-стойку с регулируемыми металлическими кнопками для защиты от ветра и создания стильного образа. Дизайн дополнен функциональными накладными карманами с двойными отделениями и усиленной прострочкой, что подчеркивает эстетику стиля милитари. Застежка на скрытую молнию и кнопки обеспечивает дополнительную защиту от холода. Свободный прямой крой обеспечивает комфортную посадку и подходит для различных типов фигуры.\n\nМатериал: замша из козьей кожи\nКрой: свободный\nЦвет: верблюжий;0;5f3npdmxcv8f190;lrg3k8cd5bgw3jv;f2gdh71ajulp1ti;Для мужчин;"[""https://xcimg.szwego.com/imgHD/6c7a535f/20260409/cmp_i1775742553155_4529_0_0.jpg"",""https://xcimg.szwego.com/imgHD/6c7a535f/20260409/cmp_i1775742553144_1774_0_1.jpg"",""https://xcimg.szwego.com/imgHD/6c7a535f/20260409/cmp_i1775742553909_6632_0_2.jpg"",""https://xcimg.szwego.com/imgHD/6c7a535f/20260409/cmp_i1775742695366_3423_0_3.jpg"",""https://xcimg.szwego.com/imgHD/6c7a535f/20260409/cmp_i1775742553836_9653_0_4.jpg"",""https://xcimg.szwego.com/imgHD/6c7a535f/20260409/cmp_i1775742749831_9231_0_5.jpg"",""https://xcimg.szwego.com/imgHD/6c7a535f/20260409/cmp_i1775742554202_2763_0_6.jpg"",""https://xcimg.szwego.com/imgHD/6c7a535f/20260409/cmp_i1775742778585_6006_0_7.jpg"",""https://xcimg.szwego.com/imgHD/6c7a535f/20260409/cmp_i1775742678843_2100_0_8.jpg""]"
_dkBrScrlmtW-vUtE52WGnYFNmxxlewQ0rwGljEA;Loro Piana Куртка из замши;Куртка выполнена из премиальной итальянской замши из козьей кожи. Материал отличается мягкой текстурой, приятен на ощупь и обладает отличными дышащими и теплоизоляционными свойствами.\n\nМодель дополнена натуральными перламутровыми пуговицами с гравировкой бренда. Дизайн включает функциональные накладные карманы: один на груди и два объемных кармана по бокам, подчеркивающих стиль изделия.\n\nВнутренняя часть оформлена подкладкой из высококачественного хлопка с классическим фирменным узором. Прямой крой обеспечивает комфортную посадку и свободу движений. Качественная отделка швов и аккуратная прострочка гарантируют долговечность изделия.\n\nМатериал: замша из козьей кожи\nЦвет: карамельно-коричневый;0;5f3npdmxcv8f190;lrg3k8cd5bgw3jv;f2gdh71ajulp1ti;Для мужчин;"[""https://xcimg.szwego.com/imgHD/6c7a535f/20260409/cmp_i1775742594036_81_0_0.jpg"",""https://xcimg.szwego.com/imgHD/6c7a535f/20260409/cmp_i1775742757793_6214_0_1.jpg"",""https://xcimg.szwego.com/imgHD/6c7a535f/20260409/cmp_i1775742594711_2620_0_2.jpg"",""https://xcimg.szwego.com/imgHD/6c7a535f/20260409/cmp_i1775742594682_917_0_3.jpg"",""https://xcimg.szwego.com/imgHD/6c7a535f/20260409/cmp_i1775742594630_8233_0_4.jpg"",""https://xcimg.szwego.com/imgHD/6c7a535f/20260409/cmp_i1775742720953_8443_0_5.jpg"",""https://xcimg.szwego.com/imgHD/6c7a535f/20260409/cmp_i1775742594682_6076_0_6.jpg"",""https://xcimg.szwego.com/imgHD/6c7a535f/20260409/cmp_i1775742758553_9564_0_7.jpg"",""https://xcimg.szwego.com/imgHD/6c7a535f/20260409/cmp_i1775742757791_3368_0_8.jpg""]"
_doMrSQFnIHe0-gXd4Ee16xxZY9A8kKMkk2xdyNQ;Zegna Пиджак;Эксклюзивная модель от Zegna. Однобортный повседневный пиджак выполнен из итальянского хлопкового вельвета. Материал отличается плотной, мягкой текстурой с объемным ворсом, приятен на ощупь, обладает отличными теплоизоляционными свойствами и устойчивостью к сминанию.\n\nКлассический дизайн с лацканами, которые сохраняют форму благодаря специальной обработке. Модель застегивается на две фирменные металлические пуговицы с качественной полировкой. Изделие дополнено функциональными карманами: нагрудным прорезным и двумя боковыми прорезными карманами. Внутренняя отделка выполнена из брендированной подкладки, обеспечивающей комфорт и долговечность изделия.\n\nМатериал: вельвет\nКрой: свободный\nЦвет: карамельно-коричневый\nРазмер: S/M/L/XL;0;8xod4z3cjpbltoa;lrg3k8cd5bgw3jv;cf7bclxyiy0g2ug;Для мужчин;"[""https://xcimg.szwego.com/imgHD/6c7a535f/20260413/cmp_i1776087896669_571_0_0.jpg"",""https://xcimg.szwego.com/imgHD/6c7a535f/20260413/cmp_i1776087900322_5787_0_1.jpg"",""https://xcimg.szwego.com/imgHD/6c7a535f/20260413/cmp_i1776087897504_3646_0_2.jpg"",""https://xcimg.szwego.com/imgHD/6c7a535f/20260413/cmp_i1776087901094_8370_0_3.jpg"",""https://xcimg.szwego.com/imgHD/6c7a535f/20260413/cmp_i1776087901026_1447_0_4.jpg"",""https://xcimg.szwego.com/imgHD/6c7a535f/20260413/cmp_i1776087901010_6588_0_5.jpg"",""https://xcimg.szwego.com/imgHD/6c7a535f/20260413/cmp_i1776087897474_6631_0_6.jpg"",""https://xcimg.szwego.com/imgHD/6c7a535f/20260413/cmp_i1776087897410_5657_0_7.jpg"",""https://xcimg.szwego.com/imgHD/6c7a535f/20260413/cmp_i1776087897392_5699_0_8.jpg""]"
_dfdrSlUCc4Hl6PvCRS_UnQysNCcrnFA54yPHg5A;Dior Пиджак;Эксклюзивная модель из итальянского кашемира с цветными вкраплениями. Ткань отличается мягкостью, легкостью и превосходными теплоизоляционными свойствами. Фактурный материал создает винтажный эффект и придает образу премиальный вид.\n\nКлассический дизайн с лацканами, которые сохраняют форму благодаря специальной обработке. Модель дополнена однобортной застежкой на две фирменные пуговицы из черной смолы. По бокам расположены два функциональных прорезных кармана. Манжеты украшены четырьмя декоративными пуговицами в стиле классических костюмов бренда.\n\nВнутренняя часть выполнена из гладкой подкладки для комфортного надевания. Крой обеспечивает идеальную посадку по фигуре. Материал прошел специальную обработку для предотвращения скатывания и деформации.\n\nМатериал: кашемир\nКрой: свободный\nЦвет: коричневый с цветными вкраплениями;0;ivacgwvpdne0t35;lrg3k8cd5bgw3jv;cf7bclxyiy0g2ug;Для мужчин;"[""https://xcimg.szwego.com/imgHD/6c7a535f/20260413/cmp_i1776087922489_4874_0_0.jpg"",""https://xcimg.szwego.com/imgHD/6c7a535f/20260413/cmp_i1776087922493_7186_0_1.jpg"",""https://xcimg.szwego.com/imgHD/6c7a535f/20260413/cmp_i1776087919145_6814_0_2.jpg"",""https://xcimg.szwego.com/imgHD/6c7a535f/20260413/cmp_i1776087919185_2713_0_3.jpg"",""https://xcimg.szwego.com/imgHD/6c7a535f/20260413/cmp_i1776087927730_9733_0_4.jpg"",""https://xcimg.szwego.com/imgHD/6c7a535f/20260413/cmp_i1776087919176_4318_0_5.jpg"",""https://xcimg.szwego.com/imgHD/6c7a535f/20260413/cmp_i1776087919264_2364_0_6.jpg"",""https://xcimg.szwego.com/imgHD/6c7a535f/20260413/cmp_i1776087923457_4059_0_7.jpg"",""https://xcimg.szwego.com/imgHD/6c7a535f/20260413/cmp_i1776087918381_3796_0_8.jpg""]"
_dgzrSmdJYHJNuH94kk9k8SMD9O-1hXWFgJjx2DQ;Prada Пальто;Элегантное двубортное пальто Prada с V-образным вырезом. Модель выполнена из высококачественной смеси шерсти и кашемира итальянского производства. Ткань отличается мягкостью, легкостью и превосходными теплоизоляционными свойствами, обеспечивая идеальную посадку по фигуре.\n\nКлассический дизайн с заостренными лацканами подчеркивает линию шеи и придает образу строгость и утонченность. Двубортная застежка на шесть брендированных металлических пуговиц добавляет изделию премиальный акцент. Пальто оснащено функциональными карманами: нагрудным прорезным и двумя накладными по бокам.\n\nДетали кроя включают декоративные пуговицы на манжетах, отсылающие к классическим традициям пошива костюмов. Материал прошел специальную обработку для защиты от сминания и сохранения формы изделия.\n\nМатериал: Кашемир\nКрой: Свободный\nЦвет: Верблюжий\nРазмер: S/M/L/XL;0;xf3tgcf0uj7yrqf;lrg3k8cd5bgw3jv;kwhzl9eqjae11uv;Для мужчин;"[""https://xcimg.szwego.com/imgHD/6c7a535f/20260413/cmp_i1776088404088_8335_0_0.jpg"",""https://xcimg.szwego.com/imgHD/6c7a535f/20260413/cmp_i1776088398014_7774_0_1.jpg"",""https://xcimg.szwego.com/imgHD/6c7a535f/20260413/cmp_i1776088398800_2288_0_2.jpg"",""https://xcimg.szwego.com/imgHD/6c7a535f/20260413/cmp_i1776088398812_5371_0_3.jpg"",""https://xcimg.szwego.com/imgHD/6c7a535f/20260413/cmp_i1776088404760_2634_0_4.jpg"",""https://xcimg.szwego.com/imgHD/6c7a535f/20260413/cmp_i1776088398733_8706_0_5.jpg"",""https://xcimg.szwego.com/imgHD/6c7a535f/20260413/cmp_i1776088398837_7345_0_6.jpg"",""https://xcimg.szwego.com/imgHD/6c7a535f/20260413/cmp_i1776088404724_2448_0_7.jpg"",""https://xcimg.szwego.com/imgHD/6c7a535f/20260413/cmp_i1776088404737_3643_0_8.jpg""]"
_dtxrSTLyD_6B6lVQQms_-p79iltntLXjOruVcpA;Louis Vuitton Кожаная куртка;Роскошная куртка из премиальной замши высшего качества. Материал отличается мягкостью, приятной текстурой и отличными теплоизоляционными свойствами. Модель дополнена классическим отложным воротником, который сохраняет форму при длительной носке.\n\nЗастежка выполнена на брендированных металлических кнопках с инкрустацией. По всей поверхности изделия нанесена фирменная вышивка Monogram, выполненная плотными и четкими стежками. Внутренняя часть отделана брендированной жаккардовой подкладкой для комфорта и долговечности.\n\nМатериал: замша\nКрой: свободный\nЦвет: темно-коричневый\nРазмеры: S/M/L/XL;0;977uh954t91spxq;lrg3k8cd5bgw3jv;f2gdh71ajulp1ti;Для мужчин;"[""https://xcimg.szwego.com/imgHD/6c7a535f/20260413/cmp_i1776088026196_5511_0_0.jpg"",""https://xcimg.szwego.com/imgHD/6c7a535f/20260413/cmp_i1776088026207_717_0_1.jpg"",""https://xcimg.szwego.com/imgHD/6c7a535f/20260413/cmp_i1776088026788_4548_0_2.jpg"",""https://xcimg.szwego.com/imgHD/6c7a535f/20260413/cmp_i1776088022771_3790_0_3.jpg"",""https://xcimg.szwego.com/imgHD/6c7a535f/20260413/cmp_i1776088022812_8330_0_4.jpg"",""https://xcimg.szwego.com/imgHD/6c7a535f/20260413/cmp_i1776088022722_6714_0_5.jpg"",""https://xcimg.szwego.com/imgHD/6c7a535f/20260413/cmp_i1776088022818_1545_0_6.jpg"",""https://xcimg.szwego.com/imgHD/6c7a535f/20260413/cmp_i1776088022739_8707_0_7.jpg"",""https://xcimg.szwego.com/imgHD/6c7a535f/20260413/cmp_i1776088026813_445_0_8.jpg""]"
_dpxrS6lfRbQaf4NIDJs2Zz2Aq59XDftmBegZ3Qw;Louis Vuitton Кожаная куртка;Роскошная кожаная куртка с фирменным тиснением Monogram. Модель выполнена из высококачественной кожи с приятной текстурой, которая отличается износостойкостью и устойчивостью к заломам. Классический отложной воротник сохраняет форму, подчеркивая линию шеи. Куртка дополнена брендированной металлической фурнитурой и двумя нагрудными карманами с клапанами. Внутренняя подкладка из жаккардовой ткани с фирменным узором обеспечивает комфорт при носке.\n\nМатериал: Кожа\nКрой: Свободный\nЦвет: Черный\nРазмеры: S/M/L/XL;0;977uh954t91spxq;lrg3k8cd5bgw3jv;f2gdh71ajulp1ti;Для мужчин;"[""https://xcimg.szwego.com/imgHD/6c7a535f/20260413/cmp_i1776088166624_1044_0_0.jpg"",""https://xcimg.szwego.com/imgHD/6c7a535f/20260413/cmp_i1776088162874_8454_0_1.jpg"",""https://xcimg.szwego.com/imgHD/6c7a535f/20260413/cmp_i1776088163764_6429_0_2.jpg"",""https://xcimg.szwego.com/imgHD/6c7a535f/20260413/cmp_i1776088167221_7353_0_3.jpg"",""https://xcimg.szwego.com/imgHD/6c7a535f/20260413/cmp_i1776088167198_8180_0_4.jpg"",""https://xcimg.szwego.com/imgHD/6c7a535f/20260413/cmp_i1776088163814_7333_0_5.jpg"",""https://xcimg.szwego.com/imgHD/6c7a535f/20260413/cmp_i1776088167283_1051_0_6.jpg"",""https://xcimg.szwego.com/imgHD/6c7a535f/20260413/cmp_i1776088163829_8743_0_7.jpg"",""https://xcimg.szwego.com/imgHD/6c7a535f/20260413/cmp_i1776088163672_2311_0_8.jpg""]"
_dhErSY54uwAXCEJGspm1cp54prYCvhL6SP47iIQ;Louis Vuitton Куртка;Куртка выполнена из комбинации импортной высококачественной замши и натуральной кожи. Замшевая часть отличается мягкой и нежной текстурой, а кожаные вставки обеспечивают отличную износостойкость и форму. Модель дополнена капюшоном с брендированными регулируемыми шнурками с металлическими наконечниками.\n\nЦентральная застежка-молния оснащена фирменным бегунком с логотипом LV. По бокам расположены крупные накладные карманы с классическим тиснением в виде шахматной клетки, что подчеркивает узнаваемый стиль бренда. Манжеты и нижний край изделия выполнены из эластичной трикотажной резинки для защиты от ветра и комфортной посадки.\n\nМатериал прошел специальную обработку для предотвращения деформации и загрязнений. Изделие отличается безупречным качеством строчек и вниманием к каждой детали.\n\nМатериал: замша + кожа\nКрой: свободный\nЦвет: черный\nРазмеры: S/M/L/XL;0;977uh954t91spxq;lrg3k8cd5bgw3jv;f2gdh71ajulp1ti;Для мужчин;"[""https://xcimg.szwego.com/imgHD/6c7a535f/20260413/cmp_i1776088184725_9980_0_0.jpg"",""https://xcimg.szwego.com/imgHD/6c7a535f/20260413/cmp_i1776088187678_2269_0_1.jpg"",""https://xcimg.szwego.com/imgHD/6c7a535f/20260413/cmp_i1776088185432_1685_0_2.jpg"",""https://xcimg.szwego.com/imgHD/6c7a535f/20260413/cmp_i1776088188386_2047_0_3.jpg"",""https://xcimg.szwego.com/imgHD/6c7a535f/20260413/cmp_i1776088188328_1342_0_4.jpg"",""https://xcimg.szwego.com/imgHD/6c7a535f/20260413/cmp_i1776088185501_3214_0_5.jpg"",""https://xcimg.szwego.com/imgHD/6c7a535f/20260413/cmp_i1776088185465_9323_0_6.jpg"",""https://xcimg.szwego.com/imgHD/6c7a535f/20260413/cmp_i1776088188217_6703_0_7.jpg"",""https://xcimg.szwego.com/imgHD/6c7a535f/20260413/cmp_i1776088185931_5909_0_8.jpg""]"
_durrSZ78QN2YaBK9hFlHfs4aFpSJhox88QvtvAw;Gucci Куртка;Куртка выполнена из премиальной замши с мягкой и приятной на ощупь текстурой. Модель отличается классическим воротником-стойкой с брендированными металлическими кнопками, обеспечивающими защиту от ветра и стильный вид.\n\nИзделие украшено фирменным тиснением с логотипом GG по всей поверхности, что придает ему узнаваемый и роскошный вид. Фронтальная молния с брендированным бегунком гарантирует плавное использование.\n\nПо бокам расположены два симметричных накладных кармана с клапанами на кнопках. Манжеты и нижний край выполнены из эластичного трикотажа в тон, что обеспечивает идеальную посадку и дополнительную защиту от холода.\n\nМатериал: Замша\nКрой: Свободный\nЦвет: Карамельно-коричневый\nРазмер: S/M/L/XL;0;6bjd11fcyypitno;lrg3k8cd5bgw3jv;f2gdh71ajulp1ti;Для мужчин;"[""https://xcimg.szwego.com/imgHD/6c7a535f/20260413/cmp_i1776088052519_6752_0_0.jpg"",""https://xcimg.szwego.com/imgHD/6c7a535f/20260413/cmp_i1776088057862_8356_0_1.jpg"",""https://xcimg.szwego.com/imgHD/6c7a535f/20260413/cmp_i1776088053292_4810_0_2.jpg"",""https://xcimg.szwego.com/imgHD/6c7a535f/20260413/cmp_i1776088053407_7634_0_3.jpg"",""https://xcimg.szwego.com/imgHD/6c7a535f/20260413/cmp_i1776088058582_6873_0_4.jpg"",""https://xcimg.szwego.com/imgHD/6c7a535f/20260413/cmp_i1776088058572_8786_0_5.jpg"",""https://xcimg.szwego.com/imgHD/6c7a535f/20260413/cmp_i1776088053363_8452_0_6.jpg"",""https://xcimg.szwego.com/imgHD/6c7a535f/20260413/cmp_i1776088058584_6399_0_7.jpg"",""https://xcimg.szwego.com/imgHD/6c7a535f/20260413/cmp_i1776088053701_9905_0_8.jpg""]"
_drzrSCCpBIsjr1RqdDjGeXNp9tqzOXQ3tft53UA;Tom Ford Куртка;Эксклюзивная модель от Tom Ford. Куртка выполнена из высококачественной натуральной замши премиального качества, обладающей мягкой и приятной на ощупь текстурой. Изделие отличается отличной теплоизоляцией и комфортом при носке.\n\nКлассический дизайн с отложным воротником, который сохраняет форму даже при длительном использовании. Модель дополнена качественной металлической фурнитурой с брендированными элементами. На груди расположены два функциональных кармана на молнии, подчеркивающих стиль милитари. Манжеты оснащены регулируемыми молниями для удобства посадки.\n\nВнутренняя подкладка выполнена из гладкого материала для легкости надевания. Ткань прошла специальную обработку для защиты от загрязнений и сохранения формы изделия.\n\nМатериал: Замша\nКрой: Свободный\nЦвет: Черный\nРазмеры: S/M/L/XL;0;ume40c3zc4v3w33;lrg3k8cd5bgw3jv;f2gdh71ajulp1ti;Для мужчин;"[""https://xcimg.szwego.com/imgHD/6c7a535f/20260413/cmp_i1776088294854_4004_0_0.jpg"",""https://xcimg.szwego.com/imgHD/6c7a535f/20260413/cmp_i1776088291630_1296_0_1.jpg"",""https://xcimg.szwego.com/imgHD/6c7a535f/20260413/cmp_i1776088292390_5010_0_2.jpg"",""https://xcimg.szwego.com/imgHD/6c7a535f/20260413/cmp_i1776088295463_601_0_3.jpg"",""https://xcimg.szwego.com/imgHD/6c7a535f/20260413/cmp_i1776088292375_5349_0_4.jpg"",""https://xcimg.szwego.com/imgHD/6c7a535f/20260413/cmp_i1776088292435_8349_0_5.jpg"",""https://xcimg.szwego.com/imgHD/6c7a535f/20260413/cmp_i1776088292457_3419_0_6.jpg"",""https://xcimg.szwego.com/imgHD/6c7a535f/20260413/cmp_i1776088295480_1687_0_7.jpg"",""https://xcimg.szwego.com/imgHD/6c7a535f/20260413/cmp_i1776088295552_3504_0_8.jpg""]"
_dlYrSlgXv-7bh2vCpaVspO5tKfu740RqIavndWg;Hermes Кожаная куртка;Классическая кожаная куртка с бейсбольным воротником. Выполнена из импортной натуральной кожи ягненка высшего качества, обладающей мягкой и нежной текстурой, а также отличными теплоизоляционными свойствами. Модель отличается легкостью и комфортом, идеально подходит для осенне-зимнего сезона.\n\nДизайн включает классический бейсбольный воротник с эластичной отделкой, которая сохраняет форму даже при длительной носке. Фронтальная застежка на молнии дополнена брендированным металлическим бегунком. По бокам расположены два функциональных кармана на молнии. Манжеты и нижний край изделия оформлены эластичной трикотажной резинкой для защиты от ветра и идеальной посадки по фигуре.\n\nМатериал: натуральная кожа ягненка\nКрой: свободный\nЦвет: черный\nРазмер: S/M/L/XL;0;rakg8u0bx1y4qcy;lrg3k8cd5bgw3jv;f2gdh71ajulp1ti;Для мужчин;"[""https://xcimg.szwego.com/imgHD/6c7a535f/20260413/cmp_i1776088349840_2959_0_0.jpg"",""https://xcimg.szwego.com/imgHD/6c7a535f/20260413/cmp_i1776088345887_343_0_1.jpg"",""https://xcimg.szwego.com/imgHD/6c7a535f/20260413/cmp_i1776088350394_4891_0_2.jpg"",""https://xcimg.szwego.com/imgHD/6c7a535f/20260413/cmp_i1776088346631_7165_0_3.jpg"",""https://xcimg.szwego.com/imgHD/6c7a535f/20260413/cmp_i1776088354991_5904_0_4.jpg"",""https://xcimg.szwego.com/imgHD/6c7a535f/20260413/cmp_i1776088346651_6684_0_5.jpg"",""https://xcimg.szwego.com/imgHD/6c7a535f/20260413/cmp_i1776088346600_4807_0_6.jpg"",""https://xcimg.szwego.com/imgHD/6c7a535f/20260413/cmp_i1776088346669_8087_0_7.jpg"",""https://xcimg.szwego.com/imgHD/6c7a535f/20260413/cmp_i1776088350348_8298_0_8.jpg""]"
_dBJrSA8ATMFPYms54Kmxs858cV7-bZNl3XJYPtg;Saint Laurent Кожаная куртка;Классическая байкерская куртка из натуральной кожи. Модель выполнена из отборной импортной овчины первого слоя, обладающей мягкой, эластичной текстурой и естественным блеском. Куртка отличается безупречным кроем, обеспечивающим комфорт и долговечность.\n\nДизайн включает классический отложной воротник, погоны с металлическими кнопками и фурнитуру из серебристого металла. На передней части расположены диагональные карманы на молнии, а на манжетах — вертикальные молнии для регулировки посадки. По нижнему краю предусмотрены регулируемые ремешки с кнопками для идеального прилегания по фигуре.\n\nКачественная прострочка подчеркивает силуэт и структуру изделия. Внутри предусмотрена приятная к телу подкладка.\n\nМатериал: натуральная овчина\nКрой: свободный\nЦвет: черный;0;dvj7fjo7rtb0flc;lrg3k8cd5bgw3jv;f2gdh71ajulp1ti;Для мужчин;"[""https://xcimg.szwego.com/imgHD/6c7a535f/20260414/cmp_i1776174938066_4601_0_0.jpg"",""https://xcimg.szwego.com/imgHD/6c7a535f/20260414/cmp_i1776174934288_247_0_1.jpg"",""https://xcimg.szwego.com/imgHD/6c7a535f/20260414/cmp_i1776174938710_5406_0_2.jpg"",""https://xcimg.szwego.com/imgHD/6c7a535f/20260414/cmp_i1776174934889_2057_0_3.jpg"",""https://xcimg.szwego.com/imgHD/6c7a535f/20260414/cmp_i1776174934899_1477_0_4.jpg"",""https://xcimg.szwego.com/imgHD/6c7a535f/20260414/cmp_i1776174934889_1180_0_5.jpg"",""https://xcimg.szwego.com/imgHD/6c7a535f/20260414/cmp_i1776174938767_3446_0_6.jpg"",""https://xcimg.szwego.com/imgHD/6c7a535f/20260414/cmp_i1776174938750_3537_0_7.jpg"",""https://xcimg.szwego.com/imgHD/6c7a535f/20260414/cmp_i1776174934289_7061_0_8.jpg""]"
_drurSDkQD-G2F_vMHI9kXJRei6SW3hedSig0TkA;Bottega Veneta Кожаная куртка;Классическая кожаная куртка с фирменным плетением. Модель выполнена из высококачественной итальянской овечьей кожи, которая отличается мягкостью, эластичностью и приятной матовой текстурой. Изделие изготовлено с применением знаковой техники ручного плетения Intrecciato, обеспечивающей объемную и выразительную фактуру.\n\nКуртка дополнена классическим отложным воротником, который подчеркивает линию шеи и придает образу лаконичный и строгий вид. Застежка на брендированные пуговицы гармонично сочетается с общим дизайном. По бокам расположены два аккуратных прорезных кармана, сохраняющих чистоту линий изделия. Внутри предусмотрена комфортная подкладка, обеспечивающая удобство при носке. Качественная прострочка и внимание к деталям подчеркивают премиальный уровень исполнения.\n\nМатериал: натуральная овечья кожа\nКрой: свободный\nЦвет: черный;0;59kttao0v819zzy;lrg3k8cd5bgw3jv;f2gdh71ajulp1ti;Для мужчин;"[""https://xcimg.szwego.com/imgHD/6c7a535f/20260414/cmp_i1776174994341_6881_0_0.jpg"",""https://xcimg.szwego.com/imgHD/6c7a535f/20260414/cmp_i1776174990378_5182_0_1.jpg"",""https://xcimg.szwego.com/imgHD/6c7a535f/20260414/cmp_i1776174991175_4509_0_2.jpg"",""https://xcimg.szwego.com/imgHD/6c7a535f/20260414/cmp_i1776174994992_612_0_3.jpg"",""https://xcimg.szwego.com/imgHD/6c7a535f/20260414/cmp_i1776174995017_3764_0_4.jpg"",""https://xcimg.szwego.com/imgHD/6c7a535f/20260414/cmp_i1776174991222_2084_0_5.jpg"",""https://xcimg.szwego.com/imgHD/6c7a535f/20260414/cmp_i1776174995049_5802_0_6.jpg"",""https://xcimg.szwego.com/imgHD/6c7a535f/20260414/cmp_i1776174991163_8998_0_7.jpg"",""https://xcimg.szwego.com/imgHD/6c7a535f/20260414/cmp_i1776174991206_2706_0_8.jpg""]"
_dg6rS9JGNZOceR9iZCjK8sBIi_uStuc7KwhezrA;Bottega Veneta Пальто;Классическое пальто средней длины из плетеной кожи от Bottega Veneta.\n\nИзделие выполнено из отборной импортной овечьей кожи премиум-класса. Материал отличается нежной, мягкой текстурой с благородным матовым блеском, высокой эластичностью и прочностью. Благодаря многоступенчатой обработке кожа сохраняет свою форму и обеспечивает комфорт при носке.\n\nМодель украшена фирменным плетением Intrecciato, выполненным вручную. Сложная структура плетения не только придает изделию уникальный визуальный объем и текстуру, но и улучшает ветрозащитные свойства. Лаконичный дизайн с отложным воротником подчеркивает линию шеи и придает образу изысканность.\n\nПальто застегивается на круглые пуговицы в тон, которые гармонично сочетаются с плетеной фактурой. По бокам расположены аккуратные врезные карманы. Свободный прямой крой обеспечивает отличную посадку на любую фигуру, создавая расслабленный и стройный силуэт.\n\nМатериал: натуральная овечья кожа.\nКрой: свободный.\nЦвет: черный.;0;59kttao0v819zzy;lrg3k8cd5bgw3jv;kwhzl9eqjae11uv;Для мужчин;"[""https://xcimg.szwego.com/imgHD/6c7a535f/20260414/cmp_i1776175027447_8696_0_0.jpg"",""https://xcimg.szwego.com/imgHD/6c7a535f/20260414/cmp_i1776175027455_5427_0_1.jpg"",""https://xcimg.szwego.com/imgHD/6c7a535f/20260414/cmp_i1776175028174_4604_0_2.jpg"",""https://xcimg.szwego.com/imgHD/6c7a535f/20260414/cmp_i1776175031787_3346_0_3.jpg"",""https://xcimg.szwego.com/imgHD/6c7a535f/20260414/cmp_i1776175031788_9824_0_4.jpg"",""https://xcimg.szwego.com/imgHD/6c7a535f/20260414/cmp_i1776175028211_854_0_5.jpg"",""https://xcimg.szwego.com/imgHD/6c7a535f/20260414/cmp_i1776175031846_5947_0_6.jpg"",""https://xcimg.szwego.com/imgHD/6c7a535f/20260414/cmp_i1776175031909_8108_0_7.jpg"",""https://xcimg.szwego.com/imgHD/6c7a535f/20260414/cmp_i1776175028159_709_0_8.jpg""]"
_dgurSfLG6Qpaz5_7K7iytgkmaWRx_HiDc7Tr0oQ;Prada Куртка;Двусторонняя куртка с капюшоном от Prada, выполненная из комбинации высококачественной мягкой овечьей кожи и технологичного нейлона. Одна сторона модели изготовлена из матовой кожи, отличающейся мягкостью и износостойкостью, другая — из легкого нейлона с ветрозащитными и водоотталкивающими свойствами.\n\nИзделие выполнено с использованием технологии бесшовной обработки краев, что позволяет комфортно носить куртку на обе стороны. Модель дополнена регулируемым капюшоном на кулиске, фирменным металлическим треугольным логотипом на груди и надежной металлической молнией. Эластичные манжеты обеспечивают дополнительную защиту от ветра, а боковые карманы на молнии добавляют функциональности.\n\nМатериал: кожа, нейлон\nКрой: свободный\nЦвет: черный;0;xf3tgcf0uj7yrqf;lrg3k8cd5bgw3jv;f2gdh71ajulp1ti;Для мужчин;"[""https://xcimg.szwego.com/imgHD/6c7a535f/20260414/cmp_i1776175069216_5086_0_0.jpg"",""https://xcimg.szwego.com/imgHD/6c7a535f/20260414/cmp_i1776175069201_3160_0_1.jpg"",""https://xcimg.szwego.com/imgHD/6c7a535f/20260414/cmp_i1776175072693_1417_0_2.jpg"",""https://xcimg.szwego.com/imgHD/6c7a535f/20260414/cmp_i1776175069218_29_0_3.jpg"",""https://xcimg.szwego.com/imgHD/6c7a535f/20260414/cmp_i1776175073322_6700_0_4.jpg"",""https://xcimg.szwego.com/imgHD/6c7a535f/20260414/cmp_i1776175073381_4983_0_5.jpg"",""https://xcimg.szwego.com/imgHD/6c7a535f/20260414/cmp_i1776175073307_5981_0_6.jpg"",""https://xcimg.szwego.com/imgHD/6c7a535f/20260414/cmp_i1776175069846_721_0_7.jpg"",""https://xcimg.szwego.com/imgHD/6c7a535f/20260414/cmp_i1776175073350_3199_0_8.jpg"",""https://xcimg.szwego.com/imgHD/6c7a535f/20260414/cmp_i1776175052183_8557_1_0.jpg"",""https://xcimg.szwego.com/imgHD/6c7a535f/20260414/cmp_i1776175069787_6530_0_10.jpg"",""https://xcimg.szwego.com/imgHD/6c7a535f/20260414/cmp_i1776175077368_7272_0_11.jpg""]"
_ds3rSja0vaxNSB9vFj830T_gCy_jGZHgyECbwLA;Chrome Hearts Кожаные брюки;Брюки выполнены из высококачественной натуральной воловьей кожи с матовой текстурой. Материал прошел профессиональную обработку, обеспечивающую мягкость, прочность и устойчивость к деформации.\n\nМодель имеет крой с легким клешем и посадку на средней талии, что визуально удлиняет силуэт. Дизайн дополнен фирменной объемной вышивкой в виде крестов и кинжалов, выполненной с высокой детализацией. \n\nИзделие оснащено винтажной фурнитурой с гравировкой и усиленными заклепками. Качественная обработка швов и внимание к деталям подчеркивают премиальный уровень исполнения.\n\nМатериал: натуральная кожа\nЦвет: черный;0;qbunqx3arwquz1j;lrg3k8cd5bgw3jv;bls7s6kan7cc3lz;Для мужчин;"[""https://xcimg.szwego.com/imgHD/6c7a535f/20260414/cmp_i1776175108695_596_0_0.jpg"",""https://xcimg.szwego.com/imgHD/6c7a535f/20260414/cmp_i1776175108700_7871_0_1.jpg"",""https://xcimg.szwego.com/imgHD/6c7a535f/20260414/cmp_i1776175111909_3085_0_2.jpg"",""https://xcimg.szwego.com/imgHD/6c7a535f/20260414/cmp_i1776175111922_8477_0_3.jpg"",""https://xcimg.szwego.com/imgHD/6c7a535f/20260414/cmp_i1776175111895_5738_0_4.jpg"",""https://xcimg.szwego.com/imgHD/6c7a535f/20260414/cmp_i1776175095331_3556_1_12.jpg"",""https://xcimg.szwego.com/imgHD/6c7a535f/20260414/cmp_i1776175088872_2505_1_11.jpg"",""https://xcimg.szwego.com/imgHD/6c7a535f/20260414/cmp_i1776175108687_8297_0_7.jpg"",""https://xcimg.szwego.com/imgHD/6c7a535f/20260414/cmp_i1776175112323_5325_0_8.jpg""]"
_dkfrSV8uGQuwuXljt90_KTekKRHFq9eMohE28Bw;Louis Vuitton Кожаная куртка;Элегантная кожаная куртка с воротником-стойкой, выполненная из премиальной зернистой воловьей кожи. Материал отличается мягкостью, прочностью и приятной текстурой.\n\nКлассический крой с рукавами реглан обеспечивает идеальную посадку и подчеркивает линию плеч. Глубокий винный оттенок придает изделию винтажный и благородный вид.\n\nМодель дополнена фирменной золотистой фурнитурой с логотипом LV, включая молнию и функциональные карманы. На груди расположен золотистый принт с логотипом бренда. Манжеты и нижний край выполнены из эластичного трикотажа в тон, что обеспечивает комфортную посадку и защиту от ветра.\n\nМатериал: натуральная кожа\nКрой: свободный\nЦвет: винный;0;977uh954t91spxq;lrg3k8cd5bgw3jv;f2gdh71ajulp1ti;Для мужчин;"[""https://xcimg.szwego.com/imgHD/6c7a535f/20260401/cmp_i1775055892868_5709_0_0.jpg"",""https://xcimg.szwego.com/imgHD/6c7a535f/20260401/cmp_i1775055888626_122_0_1.jpg"",""https://xcimg.szwego.com/imgHD/6c7a535f/20260401/cmp_i1775055893641_3230_0_2.jpg"",""https://xcimg.szwego.com/imgHD/6c7a535f/20260401/cmp_i1775055897150_4790_0_3.jpg"",""https://xcimg.szwego.com/imgHD/6c7a535f/20260401/cmp_i1775055889416_4684_0_4.jpg"",""https://xcimg.szwego.com/imgHD/6c7a535f/20260401/cmp_i1775055889394_9036_0_5.jpg"",""https://xcimg.szwego.com/imgHD/6c7a535f/20260401/cmp_i1775055889455_9348_0_6.jpg"",""https://xcimg.szwego.com/imgHD/6c7a535f/20260401/cmp_i1775055889371_9144_0_7.jpg"",""https://xcimg.szwego.com/imgHD/6c7a535f/20260401/cmp_i1775055893684_7705_0_8.jpg""]"
_delrShXBV6L19HL45ixktYUL0UquNnEwmSkoBKg;Bottega Veneta Кожаная куртка;Классическая кожаная куртка с фирменным плетением Intrecciato. Модель выполнена из высококачественной итальянской замши, отличающейся мягкостью и приятной текстурой. Дизайн дополнен лаконичным воротником-стойкой с трикотажной отделкой, обеспечивающей защиту от ветра и комфортную посадку. \n\nКуртка оснащена качественной металлической фурнитурой и удобными боковыми карманами. Эластичные манжеты и нижний край изделия гарантируют идеальное прилегание и сохранение тепла. Внутренняя подкладка из натурального хлопка обеспечивает отличную воздухопроницаемость и комфорт при носке. Минималистичный крой подчеркивает статус и безупречное мастерство исполнения.;0;59kttao0v819zzy;lrg3k8cd5bgw3jv;f2gdh71ajulp1ti;Для мужчин;"[""https://xcimg.szwego.com/imgHD/6c7a535f/20260401/cmp_i1775055326523_6151_0_0.jpg"",""https://xcimg.szwego.com/imgHD/6c7a535f/20260401/cmp_i1775055326523_1185_0_1.jpg"",""https://xcimg.szwego.com/imgHD/6c7a535f/20260401/cmp_i1775055327186_2398_0_2.jpg"",""https://xcimg.szwego.com/imgHD/6c7a535f/20260401/cmp_i1775055327611_2635_0_3.jpg"",""https://xcimg.szwego.com/imgHD/6c7a535f/20260401/cmp_i1775055331962_5252_0_4.jpg"",""https://xcimg.szwego.com/imgHD/6c7a535f/20260401/cmp_i1775055332051_8163_0_5.jpg"",""https://xcimg.szwego.com/imgHD/6c7a535f/20260401/cmp_i1775055332410_8579_0_6.jpg"",""https://xcimg.szwego.com/imgHD/6c7a535f/20260401/cmp_i1775055331985_3499_0_7.jpg"",""https://xcimg.szwego.com/imgHD/6c7a535f/20260401/cmp_i1775055327158_5204_0_8.jpg""]"
_dmUrSf51P4opmEqrI6IZfQeY9UI6_UA_DEh5k5w;Miu Miu Кожаная куртка;Короткая кожаная куртка с отстегивающимся меховым воротником. Модель выполнена из 100% натуральной кожи наппа, отличающейся мягкостью, прочностью и премиальным блеском. Материал обладает отличной воздухопроницаемостью и износостойкостью.\n\nВоротник из искусственного меха молочного цвета легко отстегивается, позволяя менять образ от винтажного и нежного до строгого и лаконичного. На груди расположен фирменный вышитый логотип Miu Miu. Куртка дополнена симметричными накладными карманами с серебристой металлической фурнитурой, что придает изделию нотки стиля милитари.\n\nНиз изделия оснащен эластичной кулиской для регулировки посадки по фигуре. Прямой крой рукавов обеспечивает комфорт и свободу движений. Внутри предусмотрена гладкая подкладка в тон. Итальянское качество пошива гарантирует долговечность и безупречный вид изделия.\n\nМатериал: натуральная кожа\nЦвет: карамельный\nРазмеры: S/M/L/XL;0;cn386fag2q87srw;lrg3k8cd5bgw3jv;f2gdh71ajulp1ti;Для женщин;"[""https://xcimg.szwego.com/imgHD/6c7a535f/20260331/cmp_i1774966889531_3019_0_0.jpg"",""https://xcimg.szwego.com/imgHD/6c7a535f/20260331/cmp_i1774966889538_9543_0_1.jpg"",""https://xcimg.szwego.com/imgHD/6c7a535f/20260331/cmp_i1774966897614_8919_0_2.jpg"",""https://xcimg.szwego.com/imgHD/6c7a535f/20260331/cmp_i1774966890180_6026_0_3.jpg"",""https://xcimg.szwego.com/imgHD/6c7a535f/20260331/cmp_i1774966890162_1345_0_4.jpg"",""https://xcimg.szwego.com/imgHD/6c7a535f/20260331/cmp_i1774966902321_7220_0_5.jpg"",""https://xcimg.szwego.com/imgHD/6c7a535f/20260331/cmp_i1774966902303_9465_0_6.jpg"",""https://xcimg.szwego.com/imgHD/6c7a535f/20260331/cmp_i1774966897753_8494_0_7.jpg"",""https://xcimg.szwego.com/imgHD/6c7a535f/20260331/cmp_i1774966890219_9790_0_8.jpg""]"
_dcrrSsppEjO1TZ3wZe2yBkGHG7LGIvsXsxO52kw;Chrome Hearts Пиджак;Пиджак выполнен из 100% натуральной ворсистой кожи премиального качества. Материал отличается мягкостью, плотностью и приятной бархатистой текстурой, обладая при этом высокой износостойкостью и воздухопроницаемостью.\n\nДизайн модели включает классический отложной воротник и фирменную металлическую фурнитуру в виде крестов. Изделие украшено объемной вышивкой с элементами крестов, создающей выразительный контраст с матовой кожей. Предусмотрены скрытые боковые карманы, сохраняющие лаконичность силуэта.\n\nВнутренняя подкладка выполнена из натурального хлопка с брендированным жаккардовым узором. Модель имеет свободный крой.\n\nМатериал: натуральная кожа\nЦвет: черный;0;qbunqx3arwquz1j;lrg3k8cd5bgw3jv;cf7bclxyiy0g2ug;Для мужчин;"[""https://xcimg.szwego.com/imgHD/6c7a535f/20260331/cmp_i1774966873034_2310_0_0.jpg"",""https://xcimg.szwego.com/imgHD/6c7a535f/20260331/cmp_i1774966873029_9540_0_1.jpg"",""https://xcimg.szwego.com/imgHD/6c7a535f/20260331/cmp_i1774966883669_3043_0_2.jpg"",""https://xcimg.szwego.com/imgHD/6c7a535f/20260331/cmp_i1774966883725_4294_0_3.jpg"",""https://xcimg.szwego.com/imgHD/6c7a535f/20260331/cmp_i1774966883677_5034_0_4.jpg"",""https://xcimg.szwego.com/imgHD/6c7a535f/20260331/cmp_i1774966883700_2452_0_5.jpg"",""https://xcimg.szwego.com/imgHD/6c7a535f/20260331/cmp_i1774966873616_617_0_6.jpg"",""https://xcimg.szwego.com/imgHD/6c7a535f/20260331/cmp_i1774966883679_2611_0_7.jpg"",""https://xcimg.szwego.com/imgHD/6c7a535f/20260331/cmp_i1774966907483_8153_0_8.jpg""]"
_dxZrSdmT8sQpNANOHI31M5GQB4luhE6AnvoeJBA;Chrome Hearts Кожаная куртка;Винтажная кожаная куртка с элементами декора в виде цветка ириса. Модель выполнена из высококачественной натуральной воловьей кожи с эффектом состаривания, что придает материалу мягкость, прочность и уникальную текстуру. \n\nДизайн включает классический асимметричный воротник, кастомную металлическую фурнитуру с гравировкой и надежную двустороннюю молнию. На спинке расположена детальная вышивка с фирменным логотипом бренда. Внутренняя подкладка из натурального хлопка обеспечивает комфорт и отличную воздухопроницаемость. \n\nМатериал: натуральная кожа. \nКрой: свободный. \nЦвет: темно-коричневый.;0;qbunqx3arwquz1j;lrg3k8cd5bgw3jv;f2gdh71ajulp1ti;Для мужчин;"[""https://xcimg.szwego.com/imgHD/6c7a535f/20260331/cmp_i1774966852737_9419_0_0.jpg"",""https://xcimg.szwego.com/imgHD/6c7a535f/20260331/cmp_i1774966852749_9849_0_1.jpg"",""https://xcimg.szwego.com/imgHD/6c7a535f/20260331/cmp_i1774966853324_7076_0_2.jpg"",""https://xcimg.szwego.com/imgHD/6c7a535f/20260331/cmp_i1774966853321_1257_0_3.jpg"",""https://xcimg.szwego.com/imgHD/6c7a535f/20260331/cmp_i1774966853294_3849_0_4.jpg"",""https://xcimg.szwego.com/imgHD/6c7a535f/20260331/cmp_i1774966861746_9272_0_5.jpg"",""https://xcimg.szwego.com/imgHD/6c7a535f/20260331/cmp_i1774966866717_1700_0_6.jpg"",""https://xcimg.szwego.com/imgHD/6c7a535f/20260331/cmp_i1774966861712_3231_0_7.jpg"",""https://xcimg.szwego.com/imgHD/6c7a535f/20260331/cmp_i1774966861670_8236_0_8.jpg""]"
_dpCrSoO7NZo4JNKIWsjTrNclWN1wK9O_gR0L0hg;Chrome Hearts Куртка;Стильная кожаная куртка с капюшоном, выполненная из высококачественной натуральной воловьей кожи с текстурой личи. Материал отличается мягкостью, прочностью и устойчивостью к износу. Модель дополнена матовым покрытием, придающим изделию благородный вид.\n\nКлассический крой с капюшоном на кулиске позволяет регулировать посадку. Манжеты и нижний край изделия выполнены из эластичного трикотажа, что обеспечивает комфортную фиксацию и защиту от ветра. По бокам расположены объемные накладные карманы с аккуратной ручной отделкой краев.\n\nДизайн украшен фирменными готическими принтами на груди и спине, выполненными с использованием технологии объемного флокирования, что создает выразительный контраст с черной кожей. Фурнитура представлена качественными усиленными молниями и металлическими кнопками.\n\nМатериал: натуральная воловья кожа\nКрой: свободный\nЦвет: черный;0;qbunqx3arwquz1j;lrg3k8cd5bgw3jv;f2gdh71ajulp1ti;Для мужчин;"[""https://xcimg.szwego.com/imgHD/6c7a535f/20260331/cmp_i1774966842850_1361_0_0.jpg"",""https://xcimg.szwego.com/imgHD/6c7a535f/20260331/cmp_i1774966837574_259_0_1.jpg"",""https://xcimg.szwego.com/imgHD/6c7a535f/20260331/cmp_i1774966846061_9837_0_2.jpg"",""https://xcimg.szwego.com/imgHD/6c7a535f/20260331/cmp_i1774966838242_5606_0_3.jpg"",""https://xcimg.szwego.com/imgHD/6c7a535f/20260331/cmp_i1774966843467_8165_0_4.jpg"",""https://xcimg.szwego.com/imgHD/6c7a535f/20260331/cmp_i1774966838226_8531_0_5.jpg"",""https://xcimg.szwego.com/imgHD/6c7a535f/20260331/cmp_i1774966838251_5668_0_6.jpg"",""https://xcimg.szwego.com/imgHD/6c7a535f/20260331/cmp_i1774966843394_7573_0_7.jpg"",""https://xcimg.szwego.com/imgHD/6c7a535f/20260331/cmp_i1774966838180_7835_0_8.jpg""]"
_dn0rS08UEhQKl7dk3JISWuEvTY8p60s-RMdlkXA;Bottega Veneta Кожаная куртка;Роскошная кожаная куртка с воротником-стойкой, выполненная из высококачественной овечьей кожи. Изделие отличается сложной техникой ручного плетения, создающей объемную текстуру и уникальный визуальный эффект. Модель дополнена гладкой металлической молнией, эластичными трикотажными манжетами и подолом для идеальной посадки и защиты от ветра. Наличие двух накладных карманов добавляет функциональности и завершает стильный образ.\n\nМатериал: овечья кожа\nКрой: свободный\nЦвет: коричневый\nРазмеры: S, M, L, XL;0;59kttao0v819zzy;lrg3k8cd5bgw3jv;f2gdh71ajulp1ti;Для мужчин;"[""https://xcimg.szwego.com/imgHD/6c7a535f/20260331/cmp_i1774966340662_4152_0_0.jpg"",""https://xcimg.szwego.com/imgHD/6c7a535f/20260331/cmp_i1774966429362_1065_0_1.jpg"",""https://xcimg.szwego.com/imgHD/6c7a535f/20260331/cmp_i1774966341443_7087_0_2.jpg"",""https://xcimg.szwego.com/imgHD/6c7a535f/20260331/cmp_i1774966341443_6973_0_3.jpg"",""https://xcimg.szwego.com/imgHD/6c7a535f/20260331/cmp_i1774966430084_8723_0_4.jpg"",""https://xcimg.szwego.com/imgHD/6c7a535f/20260331/cmp_i1774966341420_4826_0_5.jpg"",""https://xcimg.szwego.com/imgHD/6c7a535f/20260331/cmp_i1774966430064_9638_0_6.jpg"",""https://xcimg.szwego.com/imgHD/6c7a535f/20260331/cmp_i1774966469346_1362_0_7.jpg"",""https://xcimg.szwego.com/imgHD/6c7a535f/20260331/cmp_i1774966341461_3381_0_8.jpg""]"
_dqxrSSHSf4Ul7xPesd6PtlwluePuVqdV510G3eQ;Dior Куртка;Куртка выполнена из 100% натуральной французской овечьей кожи. Профессиональная выделка обеспечивает мягкую и приятную на ощупь замшевую текстуру, а также отличную воздухопроницаемость.\n\nКлассический отложной воротник дополнен брендированными кнопками в тон. На планке расположен лаконичный логотип. Модель имеет свободный крой, напоминающий рубашечный силуэт, что позволяет носить изделие как самостоятельный элемент гардероба или в составе многослойных образов.\n\nНа груди расположены накладные карманы. Качественная обработка швов на манжетах и подоле гарантирует долговечность изделия.\n\nМатериал: овечья кожа\nЦвет: хаки\nРазмеры: 50/52/54/56;0;ivacgwvpdne0t35;lrg3k8cd5bgw3jv;f2gdh71ajulp1ti;Для мужчин;"[""https://xcimg.szwego.com/imgHD/6c7a535f/20260331/cmp_i1774966208113_2559_0_0.jpg"",""https://xcimg.szwego.com/imgHD/6c7a535f/20260331/cmp_i1774966201300_2445_0_1.jpg"",""https://xcimg.szwego.com/imgHD/6c7a535f/20260331/cmp_i1774966201613_884_0_2.jpg"",""https://xcimg.szwego.com/imgHD/6c7a535f/20260331/cmp_i1774966201598_5160_0_3.jpg"",""https://xcimg.szwego.com/imgHD/6c7a535f/20260331/cmp_i1774966201604_8690_0_4.jpg"",""https://xcimg.szwego.com/imgHD/6c7a535f/20260331/cmp_i1774966208832_2472_0_5.jpg"",""https://xcimg.szwego.com/imgHD/6c7a535f/20260331/cmp_i1774966311469_5537_0_6.jpg"",""https://xcimg.szwego.com/imgHD/6c7a535f/20260331/cmp_i1774966208810_9470_0_7.jpg"",""https://xcimg.szwego.com/imgHD/6c7a535f/20260331/cmp_i1774966311459_4763_0_8.jpg""]"
_dagrS3_NUuqP7CRkttT20YY9dWixhi1mDg6y-MQ;Loro Piana Куртка из замши;Куртка выполнена из 100% натуральной замши итальянского производства. Материал прошел многоступенчатую ручную обработку, благодаря чему обладает мягкой, бархатистой текстурой и отличными теплоизоляционными свойствами.\n\nМодель дополнена воротником-стойкой, качественной фурнитурой и декоративной отстрочкой, подчеркивающей линии кроя. Рукава реглан обеспечивают свободу движений, а эластичные трикотажные манжеты и нижний край изделия гарантируют идеальную посадку.\n\nВнутренняя подкладка из вискозы обеспечивает комфорт и оптимальный микроклимат при носке. Изделие выполнено в классическом цвете и отличается безупречным качеством исполнения.\n\nМатериал: натуральная замша\nЦвет: карамельно-коричневый\nКрой: свободный;0;5f3npdmxcv8f190;lrg3k8cd5bgw3jv;f2gdh71ajulp1ti;Для мужчин;"[""https://xcimg.szwego.com/imgHD/6c7a535f/20260329/cmp_i1774793213231_7427_0_0.jpg"",""https://xcimg.szwego.com/imgHD/6c7a535f/20260329/cmp_i1774793213226_4983_0_1.jpg"",""https://xcimg.szwego.com/imgHD/6c7a535f/20260329/cmp_i1774793226282_6949_0_2.jpg"",""https://xcimg.szwego.com/imgHD/6c7a535f/20260329/cmp_i1774793213902_4996_0_3.jpg"",""https://xcimg.szwego.com/imgHD/6c7a535f/20260329/cmp_i1774793221401_393_0_4.jpg"",""https://xcimg.szwego.com/imgHD/6c7a535f/20260329/cmp_i1774793214002_1223_0_5.jpg"",""https://xcimg.szwego.com/imgHD/6c7a535f/20260329/cmp_i1774793214028_5851_0_6.jpg"",""https://xcimg.szwego.com/imgHD/6c7a535f/20260329/cmp_i1774793232352_3055_0_7.jpg"",""https://xcimg.szwego.com/imgHD/6c7a535f/20260329/cmp_i1774793232294_8550_0_8.jpg""]"
_dj-rSh5SRVvTF5YrU5LvB_j6uE9XDqykZ72vIAg;Louis Vuitton Куртка;Куртка выполнена из 100% натуральной кожи с пиксельным клетчатым узором, нанесенным методом прессования и печати. Подкладка изготовлена из смеси 68% купро и 32% хлопка, что обеспечивает комфорт и воздухопроницаемость.\n\nМодель отличается высокой точностью кроя: погрешность в местах соединения деталей, таких как воротник и швы рукавов, не превышает 0.15 мм. Объемная вышивка логотипа на груди выполнена с высокой детализацией, а фирменный патч на спине пришит вручную с особой тщательностью.\n\nФурнитура представлена брендированными металлическими пуговицами, прошедшими тесты на прочность. Карманы и основные швы выполнены на профессиональном оборудовании, обеспечивающем ровную строчку и отсутствие деформаций краев кожи. Изделие прошло многоступенчатый контроль качества, включая проверку текстуры кожи и надежности крепления фурнитуры. Специальная обработка материала позволяет куртке сохранять форму даже при длительной носке. Цвет: серо-зеленый.;0;977uh954t91spxq;lrg3k8cd5bgw3jv;f2gdh71ajulp1ti;Для мужчин;"[""https://xcimg.szwego.com/img/65702085/20251128/i1764292521761_8701_0_0.jpg"",""https://xcimg.szwego.com/img/65702085/20251128/i1764292521591_3032_0_1.jpg"",""https://xcimg.szwego.com/img/65702085/20251128/i1764292520070_6165_0_2.jpg"",""https://xcimg.szwego.com/img/65702085/20251128/i1764292520154_1835_0_3.jpg"",""https://xcimg.szwego.com/img/65702085/20251128/i1764292520086_3567_0_4.jpg"",""https://xcimg.szwego.com/img/65702085/20251128/i1764292521674_1613_0_5.jpg"",""https://xcimg.szwego.com/img/65702085/20251128/i1764292521680_1677_0_7.jpg"",""https://xcimg.szwego.com/img/65702085/20251128/i1764292520154_2053_0_8.jpg"",""https://xcimg.szwego.com/img/65702085/20251128/i1764292520069_4702_0_9.jpg""]"
_du1rSGErVvBrhDykNK0Vpk8AKXDLMRIs-ReFpyw;Louis Vuitton Куртка;Роскошная мужская куртка Louis Vuitton, выполненная из 100% шерсти с сертификацией LWG. Модель глубокого черного цвета украшена фирменным тисненым узором с монограммой бренда. Изделие сочетает в себе премиальные материалы и функциональный дизайн.\n\nОсобенности модели включают крупные накладные карманы, которые придают образу нотки стиля рабочей одежды, и скрытую застежку-молнию, подчеркивающую минималистичную эстетику. Эта куртка является идеальным сочетанием комфорта, тепла и высокой моды, подходящим для создания элегантного городского образа.;0;977uh954t91spxq;lrg3k8cd5bgw3jv;f2gdh71ajulp1ti;Для мужчин;"[""https://xcimg.szwego.com/img/65702085/20250809/i1754708005_9568_6.jpg"",""https://xcimg.szwego.com/img/65702085/20250809/i1754708004_5866_0.jpg"",""https://xcimg.szwego.com/img/65702085/20250809/i1754708004_410_1.jpg"",""https://xcimg.szwego.com/img/65702085/20250809/i1754708005_4101_8.jpg"",""https://xcimg.szwego.com/img/65702085/20250809/i1754708005_2737_3.jpg"",""https://xcimg.szwego.com/img/65702085/20250809/i1754708005_9273_7.jpg"",""https://xcimg.szwego.com/img/65702085/20250809/i1754708005_354_5.jpg"",""https://xcimg.szwego.com/img/65702085/20250809/i1754708005_9549_4.jpg"",""https://xcimg.szwego.com/img/65702085/20250809/i1754708004_6068_2.jpg""]"
_dlMrSKswos88kbfRhKm3QBVyLpFr5qh_XfKVSXw;Louis Vuitton Куртка-бомбер;Эта куртка-бомбер от Louis Vuitton сочетает в себе уличный стиль и роскошное наследие бренда. Модель выполнена из высококачественной кожи с объемной вышивкой Monogram на рукавах, что придает изделию уникальную текстуру и художественный акцент. Жемчужные пуговицы и вышитый логотип на груди подчеркивают внимание к деталям и премиальное качество исполнения.\n\nСвободный крой обеспечивает комфортную посадку и позволяет легко сочетать куртку с различными элементами гардероба. Она идеально подходит как для повседневных образов с футболками и джинсами, так и для более элегантных сочетаний, помогая создать стильный и современный силуэт.;0;977uh954t91spxq;lrg3k8cd5bgw3jv;f2gdh71ajulp1ti;Для мужчин;"[""https://xcimg.szwego.com/img/65702085/20250908/i1757335568_9900_2.jpg"",""https://xcimg.szwego.com/img/65702085/20250908/i1757335568_2107_1.jpg"",""https://xcimg.szwego.com/img/65702085/20250908/i1757335568_9368_10.jpg"",""https://xcimg.szwego.com/img/65702085/20250908/i1757335568_2337_7.jpg"",""https://xcimg.szwego.com/img/65702085/20250908/i1757335568_9032_9.jpg"",""https://xcimg.szwego.com/img/65702085/20250908/i1757335568_2788_0.jpg"",""https://xcimg.szwego.com/img/65702085/20250908/i1757335568_1459_8.jpg"",""https://xcimg.szwego.com/img/65702085/20250908/i1757335568_3704_3.jpg"",""https://xcimg.szwego.com/img/65702085/20250908/i1757335568_8008_4.jpg""]"
_dj4rSC43AvmuUJq9iOHTOjtiIIra8L8T-480fRg;Louis Vuitton Куртка;В 2017 году коллаборация Louis Vuitton и Supreme представила культовую красную кожаную куртку, ставшую символом слияния высокой моды и уличного стиля. Яркий красный цвет в сочетании с классическим узором Monogram создает мощный визуальный акцент.\n\nМодель выполнена из высококачественной кожи, обеспечивающей отличную посадку и долговечность. Классический крой в стиле бомбера дополнен лаконичной застежкой-молнией. Манжеты и нижний край украшены контрастными красно-белыми полосами, что придает изделию спортивный и винтажный вид. Эта куртка является знаковым предметом для коллекционеров и ценителей моды, воплощая дух инноваций и смелого самовыражения.;0;977uh954t91spxq;lrg3k8cd5bgw3jv;f2gdh71ajulp1ti;Для мужчин;"[""https://xcimg.szwego.com/img/65702085/20250806/i1754463728_4274_1.jpg"",""https://xcimg.szwego.com/img/65702085/20250806/i1754463728_2169_0.jpg"",""https://xcimg.szwego.com/img/65702085/20250805/i1754378560_2661_5.jpg"",""https://xcimg.szwego.com/img/65702085/20250805/i1754378560_5030_1.jpg"",""https://xcimg.szwego.com/img/65702085/20250805/i1754378560_3281_0.jpg"",""https://xcimg.szwego.com/img/65702085/20250805/i1754378560_247_8.jpg"",""https://xcimg.szwego.com/img/65702085/20250805/i1754378560_3563_2.jpg"",""https://xcimg.szwego.com/img/65702085/20250805/i1754378560_5811_6.jpg"",""https://xcimg.szwego.com/img/65702085/20250805/i1754378560_1479_7.jpg""]"
_d-2rS9ZvOlLHksA_x5XBxF_aCx7w9FHhGmEQPBg;Louis Vuitton Куртка;Мужская куртка Louis Vuitton в глубоком коричневом цвете, выполненная из высококачественной кожи с вставками из фирменной канвы Monogram. Модель сочетает в себе элегантность и брутальный стиль. На груди расположена изысканная золотистая вышивка, а на спине — крупный логотип и надпись LOUIS VUITTON MALLETIER. Куртка дополнена латунными пуговицами и качественной прострочкой. Укороченный крой и четкие линии силуэта позволяют легко сочетать изделие как с джинсами, так и с классическими брюками. Модель произведена в Италии, имеет полную подкладку для комфорта и тепла.;0;977uh954t91spxq;lrg3k8cd5bgw3jv;f2gdh71ajulp1ti;Для мужчин;"[""https://xcimg.szwego.com/img/65702085/20250807/i1754551885_2028_1.jpg"",""https://xcimg.szwego.com/img/65702085/20250807/i1754551885_9293_4.jpg"",""https://xcimg.szwego.com/img/65702085/20250807/i1754551886_1276_7.jpg"",""https://xcimg.szwego.com/img/65702085/20250807/i1754551885_2222_2.jpg"",""https://xcimg.szwego.com/img/65702085/20250807/i1754551886_852_6.jpg"",""https://xcimg.szwego.com/img/65702085/20250807/i1754551886_5558_8.jpg"",""https://xcimg.szwego.com/img/65702085/20250807/i1754551885_1157_5.jpg"",""https://xcimg.szwego.com/img/65702085/20250807/i1754551885_8705_0.jpg"",""https://xcimg.szwego.com/img/65702085/20250807/i1754551885_5402_3.jpg""]"
_dprrSl4sYwpIDhIZ9lyy-X5lWIDqBhAJR9SGeZg;Louis Vuitton Пиджак;Louis Vuitton представляет эксклюзивный пиджак из кожи с тиснением под крокодила, воплощающий в себе мастерство и роскошь бренда. Модель выполнена в глубоком черном цвете, а уникальная текстура кожи придает изделию особую выразительность и благородный блеск.\n\nПиджак отличается лаконичным дизайном без воротника, что добавляет образу элегантности и современной легкости. Четкие линии кроя создают безупречный силуэт, подчеркивающий статус владельца. Детали в виде изысканных карманов и фурнитуры гармонично дополняют изделие, делая его универсальным элементом гардероба. Эта модель идеально сочетается как с классическими рубашками для деловых встреч, так и с водолазками для создания утонченного городского образа.;0;977uh954t91spxq;lrg3k8cd5bgw3jv;cf7bclxyiy0g2ug;Для мужчин;"[""https://xcimg.szwego.com/img/65702085/20250908/i1757334858_1692_0.jpg"",""https://xcimg.szwego.com/img/65702085/20250908/i1757334858_6955_1.jpg"",""https://xcimg.szwego.com/img/65702085/20250908/i1757334883_8520_6.jpg"",""https://xcimg.szwego.com/img/65702085/20250908/i1757334883_1393_1.jpg"",""https://xcimg.szwego.com/img/65702085/20250908/i1757334883_5596_2.jpg"",""https://xcimg.szwego.com/img/65702085/20250908/i1757334883_7671_5.jpg"",""https://xcimg.szwego.com/img/65702085/20250908/i1757334883_8269_3.jpg"",""https://xcimg.szwego.com/img/65702085/20250908/i1757334884_382_7.jpg"",""https://xcimg.szwego.com/img/65702085/20250908/i1757334883_3438_4.jpg""]"
_defrSbyHR7_h28CvGVDpNjXd2tCp9ER6luKwRZQ;Louis Vuitton Куртка;Эта куртка из коллекции Louis Vuitton сочетает в себе классику бренда и авангардный дизайн. Модель выполнена из высококачественной замшевой кожи с тисненым логотипом, что придает изделию роскошную текстуру и мягкость. Особое внимание уделено деталям: внутренняя часть воротника и нижняя кромка выполнены из натуральной кожи, что подчеркивает премиальное качество исполнения.\n\nКуртка имеет безупречный крой, который обеспечивает стильный и современный силуэт. Модель представлена в двух цветах: сдержанном черном и выразительном розовом, что позволяет легко адаптировать ее под различные образы, от повседневных до более изысканных. Это идеальный выбор для тех, кто ценит сочетание высокого стиля, комфорта и мастерства исполнения.;0;977uh954t91spxq;lrg3k8cd5bgw3jv;f2gdh71ajulp1ti;Для мужчин;"[""https://xcimg.szwego.com/img/65702085/20250908/i1757335894_639_0.jpg"",""https://xcimg.szwego.com/img/65702085/20250908/i1757335874_7113_1.jpg"",""https://xcimg.szwego.com/img/65702085/20250908/i1757335874_3536_7.jpg"",""https://xcimg.szwego.com/img/65702085/20250908/i1757335874_5129_6.jpg"",""https://xcimg.szwego.com/img/65702085/20250908/i1757335874_783_0.jpg"",""https://xcimg.szwego.com/img/65702085/20250908/i1757335874_5194_3.jpg"",""https://xcimg.szwego.com/img/65702085/20250908/i1757335874_834_4.jpg"",""https://xcimg.szwego.com/img/65702085/20250908/i1757335874_2393_8.jpg"",""https://xcimg.szwego.com/img/65702085/20250908/i1757335874_7747_5.jpg""]"
_do0rSJ8NepCQa9igsI63yosHcVqOUZqeDHF23tg;Louis Vuitton Куртка;Эта куртка из коллекции Louis Vuitton сочетает в себе классику бренда и авангардный дизайн. Модель выполнена из высококачественной замши с тисненым логотипом, что придает изделию роскошную текстуру и мягкость. Особое внимание уделено деталям: внутренняя часть воротника и нижняя кромка выполнены из натуральной кожи, что подчеркивает премиальное качество исполнения.\n\nКуртка имеет безупречный крой, который обеспечивает стильный и современный силуэт. Модель представлена в двух цветах: сдержанном черном и выразительном розовом. Это универсальный предмет гардероба, который легко сочетается как с повседневными вещами, так и с более изысканными образами, позволяя создавать яркие и запоминающиеся аутфиты.;0;977uh954t91spxq;lrg3k8cd5bgw3jv;f2gdh71ajulp1ti;Для мужчин;"[""https://xcimg.szwego.com/img/65702085/20250908/i1757335423_9818_1.jpg"",""https://xcimg.szwego.com/img/65702085/20250908/i1757335423_1121_0.jpg"",""https://xcimg.szwego.com/img/65702085/20250908/i1757335424_4623_9.jpg"",""https://xcimg.szwego.com/img/65702085/20250908/i1757335423_1261_5.jpg"",""https://xcimg.szwego.com/img/65702085/20250908/i1757335423_6809_4.jpg"",""https://xcimg.szwego.com/img/65702085/20250908/i1757335423_9466_3.jpg"",""https://xcimg.szwego.com/img/65702085/20250908/i1757335424_8923_11.jpg"",""https://xcimg.szwego.com/img/65702085/20250908/i1757335424_2787_10.jpg"",""https://xcimg.szwego.com/img/65702085/20250908/i1757335424_3411_8.jpg""]"
_dgarSZxWK6giF38OBndkoGkNDWIqM1SS1fjiWfw;Lemaire Кожаная куртка;Lemaire представляет классическую кожаную куртку, воплощающую философию минимализма и безупречного качества. Модель выполнена из премиальной кожи с глубоким черным оттенком, которая со временем приобретает благородную патину.\n\nДизайн включает классический отложной воротник, сочетающий винтажные нотки с современной эстетикой. На передней части расположены два вместительных кармана, сочетающих практичность и стиль. Уникальный крой с акцентом на талии обеспечивает отличную посадку по фигуре и защиту от ветра.\n\nЭта универсальная вещь легко вписывается в любой гардероб: от строгого делового образа с рубашкой до расслабленного повседневного стиля с футболкой. Идеальный выбор для тех, кто ценит сдержанную роскошь и высокое мастерство исполнения.;0;s2rx2wedmvdj3w8;lrg3k8cd5bgw3jv;f2gdh71ajulp1ti;Для мужчин;"[""https://xcimg.szwego.com/img/65702085/20250908/i1757335006_2713_9.jpg"",""https://xcimg.szwego.com/img/65702085/20250908/i1757335006_5338_6.jpg"",""https://xcimg.szwego.com/img/65702085/20250908/i1757335006_39_5.jpg"",""https://xcimg.szwego.com/img/65702085/20250908/i1757335006_3047_2.jpg"",""https://xcimg.szwego.com/img/65702085/20250908/i1757335006_1810_3.jpg"",""https://xcimg.szwego.com/img/65702085/20250908/i1757335006_1500_11.jpg"",""https://xcimg.szwego.com/img/65702085/20250908/i1757335006_7776_7.jpg"",""https://xcimg.szwego.com/img/65702085/20250908/i1757335006_7687_8.jpg"",""https://xcimg.szwego.com/img/65702085/20250908/i1757335045_8185_0.jpg""]"
_dvDrSvbTACIFaFWv6asx-Nd6NqyJE6tVjRFSUwQ;Louis Vuitton Куртка;Классическая кожаная куртка на молнии с фирменным принтом от Louis Vuitton. Модель представлена на показе коллекции 2025 года и сочетает в себе наследие бренда с современным стилем.\n\nИзделие выполнено из высококачественной кожи с тисненым логотипом LV по всей поверхности. Куртка имеет лаконичный черный цвет, короткий крой, удобную застежку на молнию и классический отложной воротник. Нагрудный карман добавляет функциональности и завершает образ. Произведено в Италии с использованием премиальных материалов и безупречной техники исполнения.;0;977uh954t91spxq;lrg3k8cd5bgw3jv;f2gdh71ajulp1ti;Для мужчин;"[""https://xcimg.szwego.com/img/65702085/20250906/i1757171455_5444_5.jpg"",""https://xcimg.szwego.com/img/65702085/20250906/i1757171456_4830_12.jpg"",""https://xcimg.szwego.com/img/65702085/20250906/i1757171456_9021_6.jpg"",""https://xcimg.szwego.com/img/65702085/20250906/i1757171455_6586_1.jpg"",""https://xcimg.szwego.com/img/65702085/20250906/i1757171456_5286_10.jpg"",""https://xcimg.szwego.com/img/65702085/20250906/i1757171456_3392_11.jpg"",""https://xcimg.szwego.com/img/65702085/20250906/i1757171455_1547_0.jpg"",""https://xcimg.szwego.com/img/65702085/20250906/i1757171455_4004_2.jpg"",""https://xcimg.szwego.com/img/65702085/20250906/i1757171455_9435_3.jpg""]"
_dqcrScp1OiCeXi1qpYtOy4zluviJvwQ97cbQQlA;The Row Куртка;В时尚潮流的画卷中，The Row 这款棕色麂皮质感夹克，宛如一位优雅且极具品味的时尚使者，凭借其独特魅力，打破风格桎梏，开启奢华与简约融合的全新时尚篇章。浓郁醇厚的棕色为主色调，似午后暖阳下的焦糖，自带温暖且高级的质感，瞬间攫取众人目光。\n\n整件夹克采用优质麂皮材质，触感细腻柔软，将品牌对材质的极致追求与现代简约时尚审美精妙融合，每一寸都散发着品牌深厚的设计底蕴与卓越的工艺水准。甄选上乘的麂皮面料，不仅有着出色的垂坠感与挺括度，能完美塑造穿着者的身形，更带来极致舒适的穿着体验。\n\n经典的翻领设计，搭配顺滑的拉链开合，利落大方，尽显优雅与干练气质。两侧的口袋设计，既增添了实用性，又在不经意间丰富了夹克的层次感。袖口与下摆处的精致收边处理，如同神来之笔，增添了几分精致与考究，同时让穿着更贴合身形，自在随性。\n\n这款 The Row 棕色麂皮质感夹克，是品牌对时尚的精准诠释，也是对品质的执着坚守。它不只是一件服饰，更是一种生活品味的象征，一种对时尚生活的热忱态度。无论是在时尚秀场的聚光灯下，还是在都市街头的人潮中，它都代表着一种经典且不失个性的时尚态度和对高品质生活的不懈追求。;0;u0b9d3xttoysjsf;lrg3k8cd5bgw3jv;f2gdh71ajulp1ti;Для мужчин;"[""https://xcimg.szwego.com/img/65702085/20250909/i1757409148_9147_8.jpg"",""https://xcimg.szwego.com/img/65702085/20250909/i1757409147_1785_6.jpg"",""https://xcimg.szwego.com/img/65702085/20250909/i1757409148_7780_9.jpg"",""https://xcimg.szwego.com/img/65702085/20250909/i1757409147_8813_2.jpg"",""https://xcimg.szwego.com/img/65702085/20250909/i1757409148_937_10.jpg"",""https://xcimg.szwego.com/img/65702085/20250909/i1757409147_3608_0.jpg"",""https://xcimg.szwego.com/img/65702085/20250909/i1757409147_8968_1.jpg"",""https://xcimg.szwego.com/img/65702085/20250909/i1757409147_8184_3.jpg"",""https://xcimg.szwego.com/img/65702085/20250909/i1757409147_5160_5.jpg""]"
_du1rSGErVvBrhDikNK0JtlsEOWTHKRIs-ReFpyw;The Row Куртка;В时尚的浩瀚长卷中，The Row 这款浅灰色麂皮夹克，宛如一位温润尔雅的时尚智者，凭借独特魅力，打破风格桎梏，开启奢华与简约融合的风尚新章。柔和雅致的浅灰色为主色调，似清晨初绽的薄雾，自带高级且静谧的质感，瞬间吸引众人视线。\n\n整件夹克采用优质麂皮材质，触感细腻柔滑，将 The Row 对材质的极致追求与现代简约时尚审美精妙融合，每一处都散发着品牌深厚的设计底蕴与卓越的工艺水准。甄选上乘麂皮面料，不仅有出色的垂坠感与挺括度，能完美勾勒穿着者身形，更带来极致舒适的穿着体验。\n\n经典翻领设计，搭配顺滑拉链开合，利落大方，尽显优雅干练气质。两侧口袋设计，既增添实用性，又不经意间丰富了夹克层次感。袖口与下摆处的精致收边处理，如点睛之笔，增添精致考究感，同时让穿着更贴合身形，自在随性。\n\n这款 The Row 浅灰色麂皮夹克，是品牌对时尚的精准诠释，也是对品质的执着坚守。它不只是一件服饰，更是生活品味的象征，是对时尚生活的热忱态度体现。无论是在时尚秀场聚光灯下，还是都市街头人潮中，它都代表着经典且不失个性的时尚态度与对高品质生活的不懈追求。;0;u0b9d3xttoysjsf;lrg3k8cd5bgw3jv;f2gdh71ajulp1ti;Для мужчин;"[""https://xcimg.szwego.com/img/65702085/20250909/i1757409372_3434_10.jpg"",""https://xcimg.szwego.com/img/65702085/20250909/i1757409372_7611_4.jpg"",""https://xcimg.szwego.com/img/65702085/20250909/i1757409372_6970_2.jpg"",""https://xcimg.szwego.com/img/65702085/20250909/i1757409372_8406_5.jpg"",""https://xcimg.szwego.com/img/65702085/20250909/i1757409372_2648_8.jpg"",""https://xcimg.szwego.com/img/65702085/20250909/i1757409372_8995_0.jpg"",""https://xcimg.szwego.com/img/65702085/20250909/i1757409372_5024_1.jpg"",""https://xcimg.szwego.com/img/65702085/20250909/i1757409372_3670_3.jpg"",""https://xcimg.szwego.com/img/65702085/20250909/i1757409372_2113_9.jpg""]"
_dlwrSaNNNKd_gpTxmAA1i3bYt17Nkuwle_Fe67A;The Row Куртка;The Row представляет модель, воплощающую в себе элегантность и минимализм. Эта куртка выполнена из высококачественной замши, обладающей мягкой и приятной на ощупь текстурой. Дизайн сочетает в себе приверженность бренда к премиальным материалам и современную эстетику.\n\nКлассический отложной воротник и удобная застежка на молнии подчеркивают лаконичный и строгий силуэт. Модель дополнена функциональными боковыми карманами, а аккуратная отделка манжет и подола обеспечивает идеальную посадку по фигуре. Это изделие станет символом утонченного вкуса и высокого качества, идеально подходящим для создания стильных и комфортных образов.;0;u0b9d3xttoysjsf;lrg3k8cd5bgw3jv;f2gdh71ajulp1ti;Для мужчин;"[""https://xcimg.szwego.com/img/65702085/20250909/i1757409249_6647_6.jpg"",""https://xcimg.szwego.com/img/65702085/20250909/i1757409248_5459_1.jpg"",""https://xcimg.szwego.com/img/65702085/20250909/i1757409248_2155_0.jpg"",""https://xcimg.szwego.com/img/65702085/20250909/i1757409249_9307_7.jpg"",""https://xcimg.szwego.com/img/65702085/20250909/i1757409249_5783_2.jpg"",""https://xcimg.szwego.com/img/65702085/20250909/i1757409249_818_3.jpg"",""https://xcimg.szwego.com/img/65702085/20250909/i1757409249_1130_8.jpg"",""https://xcimg.szwego.com/img/65702085/20250909/i1757409249_6920_4.jpg"",""https://xcimg.szwego.com/img/65702085/20250909/i1757409249_7621_5.jpg""]"
_dvvrSzNwDfaWwVqo-4sVkx_d4JIdqFjSU6qOarw;Dior Кожаная куртка;В мире высокой моды эта серая кожаная куртка Dior выделяется своей сдержанной элегантностью и роскошью. Глубокий серый оттенок придает изделию утонченный и премиальный вид, позволяя легко сочетать его как с деловыми рубашками, так и с повседневными вещами.\n\nКуртка выполнена из высококачественной кожи, которая отличается мягкостью и прочностью, обеспечивая идеальную посадку по фигуре. Классический дизайн с отложным воротником и лаконичной застежкой подчеркивает статус и безупречный вкус владельца. Тщательно проработанные детали, включая функциональные карманы и аккуратные швы на манжетах и подоле, добавляют изделию завершенности и комфорта.;0;ivacgwvpdne0t35;lrg3k8cd5bgw3jv;f2gdh71ajulp1ti;Для мужчин;"[""https://xcimg.szwego.com/img/65702085/20250909/i1757409479_9555_4.jpg"",""https://xcimg.szwego.com/img/65702085/20250909/i1757409479_2995_2.jpg"",""https://xcimg.szwego.com/img/65702085/20250909/i1757409479_9019_0.jpg"",""https://xcimg.szwego.com/img/65702085/20250909/i1757409513_9587_0.jpg"",""https://xcimg.szwego.com/img/65702085/20250909/i1757409479_9552_1.jpg"",""https://xcimg.szwego.com/img/65702085/20250909/i1757409479_6952_5.jpg"",""https://xcimg.szwego.com/img/65702085/20250909/i1757409479_5442_3.jpg"",""https://xcimg.szwego.com/img/65702085/20250909/i1757409480_3848_11.jpg"",""https://xcimg.szwego.com/img/65702085/20250909/i1757409479_5365_6.jpg""]"
_daMrS7LxauNKwT1BLFb1x21JJdedM2PcyDNOvHA;Dior Куртка;Классическая черная куртка из замши от Dior — это воплощение элегантности и современного стиля. Модель выполнена из высококачественного материала с мягкой и приятной текстурой, обеспечивающей идеальную посадку и комфорт. \n\nДизайн отличается лаконичным отложным воротником и удобной застежкой на пуговицы, что придает образу строгость и утонченность. Практичные боковые карманы добавляют функциональности, а аккуратная отделка манжет и подола подчеркивает внимание к деталям. Эта куртка станет статусным элементом гардероба, отражающим безупречный вкус и приверженность высоким стандартам качества.;0;ivacgwvpdne0t35;lrg3k8cd5bgw3jv;f2gdh71ajulp1ti;Для мужчин;"[""https://xcimg.szwego.com/img/65702085/20250909/i1757409036_3087_9.jpg"",""https://xcimg.szwego.com/img/65702085/20250909/i1757409035_3710_0.jpg"",""https://xcimg.szwego.com/img/65702085/20250909/i1757409036_6320_8.jpg"",""https://xcimg.szwego.com/img/65702085/20250909/i1757409036_8960_7.jpg"",""https://xcimg.szwego.com/img/65702085/20250909/i1757409036_5256_6.jpg"",""https://xcimg.szwego.com/img/65702085/20250909/i1757409036_4757_10.jpg"",""https://xcimg.szwego.com/img/65702085/20250909/i1757409035_5742_2.jpg"",""https://xcimg.szwego.com/img/65702085/20250909/i1757409035_5513_3.jpg"",""https://xcimg.szwego.com/img/65702085/20250909/i1757409036_2776_4.jpg""]"
_dc1rSc6Vu5xTogNbvEmCj1tpTxIrLyYuQaaxPDw;Louis Vuitton Куртка;Louis Vuitton Monogram Utility куртка из натуральной кожи. Модель выполнена в глубоком черном цвете с фирменным тиснением Monogram по всей поверхности, что подчеркивает роскошь и высокое мастерство бренда.\n\nИзделие изготовлено из 100% воловьей кожи, обладающей высокой прочностью и отличной формой. Дизайн дополнен объемными 3D-карманами, вдохновленными легендарными изделиями из кожи Louis Vuitton, что придает модели уникальную визуальную глубину и функциональность. Стандартный крой обеспечивает идеальную посадку по фигуре, а палладиевая фурнитура с логотипом на спинке служит изысканным завершающим акцентом.\n\nЭта куртка является воплощением классического наследия и современного авангардного дизайна, подчеркивая безупречный вкус и уверенный стиль своего обладателя.;0;977uh954t91spxq;lrg3k8cd5bgw3jv;f2gdh71ajulp1ti;Для мужчин;"[""https://xcimg.szwego.com/img/65702085/20250806/i1754489706_8350_2.jpg"",""https://xcimg.szwego.com/img/65702085/20250806/i1754489706_896_6.jpg"",""https://xcimg.szwego.com/img/65702085/20250806/i1754489707_9798_7.jpg"",""https://xcimg.szwego.com/img/65702085/20250806/i1754489706_780_3.jpg"",""https://xcimg.szwego.com/img/65702085/20250806/i1754489706_9379_1.jpg"",""https://xcimg.szwego.com/img/65702085/20250806/i1754489706_8557_4.jpg"",""https://xcimg.szwego.com/img/65702085/20250806/i1754489706_7677_5.jpg"",""https://xcimg.szwego.com/img/65702085/20250806/i1754489706_5317_0.jpg"",""https://xcimg.szwego.com/img/65702085/20250806/i1754489707_9484_8.jpg""]"
_dzUrSzSdhGmqKJ525K7t9ZUS3bhQUSX_uT4ZPaQ;Bottega Veneta Пуховик;Эта модель представляет собой изысканное сочетание фирменного плетения кожи и профессиональных технологий утепления. Куртка выполнена из плотной ветрозащитной ткани с наполнителем из отборного белого гусиного пуха, обеспечивающего превосходную теплоизоляцию.\n\nКлючевой особенностью является съемный воротник из натуральной кожи, выполненный в технике ручного плетения, характерной для бренда. Лаконичный крой и внимание к деталям, включая качественную металлическую фурнитуру, подчеркивают премиальный статус изделия. Модель идеально подходит для городских условий, деловых встреч и повседневных образов, сочетая в себе функциональность и высокий стиль.;0;59kttao0v819zzy;lrg3k8cd5bgw3jv;fpi3euz683wbrxq;Для мужчин;"[""https://xcimg.szwego.com/img/65702085/20251028/i1761581308_3330_6.jpg"",""https://xcimg.szwego.com/img/65702085/20251028/i1761581307_9709_4.jpg"",""https://xcimg.szwego.com/img/65702085/20251028/i1761581307_7003_2.jpg"",""https://xcimg.szwego.com/img/65702085/20251028/i1761581307_5364_0.jpg"",""https://xcimg.szwego.com/img/65702085/20251028/i1761581308_9902_8.jpg"",""https://xcimg.szwego.com/img/65702085/20251028/i1761581345_6774_0.jpg"",""https://xcimg.szwego.com/img/65702085/20251028/i1761581307_5062_1.jpg"",""https://xcimg.szwego.com/img/65702085/20251028/i1761581307_485_5.jpg"",""https://xcimg.szwego.com/img/65702085/20251028/i1761581308_7185_7.jpg""]"
_dbQrSqnCpDH82bgve-y0-gHAJKWShO9BDmTf-BQ;Louis Vuitton Куртка;Мужская кожаная куртка с фирменным принтом. Модель выполнена из 100% натуральной воловьей кожи, украшенной легендарным узором бренда. Дизайн включает функциональные карманы и декоративные элементы на плечах. Объемный крой создает современный силуэт, а мастерство исполнения подчеркивает высокое качество французского ателье. Сочетание узнаваемого принта и прочности кожи делает эту вещь идеальным выбором для создания как элегантного образа с брюками, так и более расслабленного стиля с джинсами.;0;977uh954t91spxq;lrg3k8cd5bgw3jv;f2gdh71ajulp1ti;Для мужчин;"[""https://xcimg.szwego.com/img/65702085/20251108/i1762534048_1400_4.jpg"",""https://xcimg.szwego.com/img/65702085/20251108/i1762534048_8548_0.jpg"",""https://xcimg.szwego.com/img/65702085/20251108/i1762534048_4318_5.jpg"",""https://xcimg.szwego.com/img/65702085/20251108/i1762534048_5642_10.jpg"",""https://xcimg.szwego.com/img/65702085/20251108/i1762534048_7246_1.jpg"",""https://xcimg.szwego.com/img/65702085/20251108/i1762534048_4130_3.jpg"",""https://xcimg.szwego.com/img/65702085/20251108/i1762534048_5577_9.jpg"",""https://xcimg.szwego.com/img/65702085/20251108/i1762534048_8701_2.jpg"",""https://xcimg.szwego.com/img/65702085/20251108/i1762534048_2778_8.jpg""]"
_drVrSy__4d1MPKBG4F2nJtI-BqwljcbXzc_0Wew;Givenchy Куртка;Мужская куртка из 100% кожи ягненка в белом цвете. Модель классического кроя с воротником и застежкой на молнию. Изделие украшено фирменными логотипами бренда на груди и рукавах, а также изысканным узором по всей поверхности. Внутренняя подкладка выполнена из 100% купро для максимального комфорта и мягкости при носке. Идеальный выбор для создания стильного и элегантного образа.;0;trxbzp1tfpwhpc0;lrg3k8cd5bgw3jv;f2gdh71ajulp1ti;Для мужчин;"[""https://xcimg.szwego.com/img/65702085/20250806/i1754465491_113_1.jpg"",""https://xcimg.szwego.com/img/65702085/20250806/i1754465490_1774_0.jpg"",""https://xcimg.szwego.com/img/65702085/20250804/i1754292236_4543_9.jpg"",""https://xcimg.szwego.com/img/65702085/20250804/i1754292236_1268_2.jpg"",""https://xcimg.szwego.com/img/65702085/20250804/i1754292236_530_3.jpg"",""https://xcimg.szwego.com/img/65702085/20250804/i1754292236_3331_8.jpg"",""https://xcimg.szwego.com/img/65702085/20250804/i1754292236_5379_10.jpg"",""https://xcimg.szwego.com/img/65702085/20250804/i1754292236_4846_5.jpg"",""https://xcimg.szwego.com/img/65702085/20250804/i1754292236_3376_6.jpg""]"
_d8orS1Io7LXer8EdiIqmGCKSTWgudZ9YK3q1vFQ;Bottega Veneta Пуховик;Мужской пуховик от Bottega Veneta. Модель выполнена в элегантном цвете слоновой кости. Изделие наполнено качественным белым гусиным пухом (90%), обеспечивающим превосходную теплоизоляцию.\n\nОсобую изысканность придает отложной воротник, выполненный из плетеной кожи ягненка, что является узнаваемым почерком бренда. Лаконичный крой подчеркивает статус и безупречный вкус владельца. Сочетание высокотехнологичных материалов и мастерства итальянских ремесленников создает идеальный баланс между комфортом и стилем. Модель отличается премиальным качеством исполнения каждой детали.;0;59kttao0v819zzy;lrg3k8cd5bgw3jv;fpi3euz683wbrxq;Для мужчин;"[""https://xcimg.szwego.com/img/65702085/20251108/i1762533555_8283_7.jpg"",""https://xcimg.szwego.com/img/65702085/20251108/i1762533555_9076_1.jpg"",""https://xcimg.szwego.com/img/65702085/20251108/i1762533555_254_6.jpg"",""https://xcimg.szwego.com/img/65702085/20251108/i1762533555_6806_8.jpg"",""https://xcimg.szwego.com/img/65702085/20251108/i1762533555_5932_9.jpg"",""https://xcimg.szwego.com/img/65702085/20251108/i1762533555_4258_5.jpg"",""https://xcimg.szwego.com/img/65702085/20251108/i1762533555_545_0.jpg"",""https://xcimg.szwego.com/img/65702085/20251108/i1762533555_9584_2.jpg"",""https://xcimg.szwego.com/img/65702085/20251108/i1762533555_782_4.jpg""]"
_dnnrS4kY8UQQ53BtGxfyr7Ef2sqG_mJjO9PnyjQ;Louis Vuitton Куртка;Эта кожаная куртка с контрастными вставками сочетает в себе премиальные материалы и художественный дизайн. Модель выполнена из высококачественной натуральной кожи с гладкой и плотной текстурой. \n\nДизайн изделия выделяется эффектным сочетанием красного, черного и белого цветов, создающим выразительный визуальный акцент. Куртка дополнена объемным логотипом бренда на груди и фирменными узорами. Качественная металлическая фурнитура и безупречная техника кроя подчеркивают статусность и внимание к деталям. Модель идеально подходит для создания стильных образов в стиле стритвир.;0;977uh954t91spxq;lrg3k8cd5bgw3jv;f2gdh71ajulp1ti;Для мужчин;"[""https://xcimg.szwego.com/img/65702085/20251019/i1760844185_8017_5.jpg"",""https://xcimg.szwego.com/img/65702085/20251019/i1760844185_6727_3.jpg"",""https://xcimg.szwego.com/img/65702085/20251019/i1760844185_1498_1.jpg"",""https://xcimg.szwego.com/img/65702085/20251019/i1760844185_5904_2.jpg"",""https://xcimg.szwego.com/img/65702085/20251019/i1760844185_5742_0.jpg"",""https://xcimg.szwego.com/img/65702085/20251019/i1760844185_5249_6.jpg"",""https://xcimg.szwego.com/img/65702085/20251019/i1760844185_6661_4.jpg"",""https://xcimg.szwego.com/img/65702085/20251019/i1760844185_6344_7.jpg"",""https://xcimg.szwego.com/img/65702085/20251019/i1760844185_4789_8.jpg""]"
_dr2rSZkD6AvFG5IHH8Vvsgk-BmNnY89U0vrprlA;Chrome Hearts Куртка;Черная кожаная куртка в стиле мото от Chrome Hearts — эталон стиля и мастерства в сегменте премиальной моды. Модель сочетает в себе фирменную эстетику бренда с элементами классической байкерской куртки.\n\nИзделие выполнено из высококачественной глянцевой натуральной кожи, обладающей细腻 текстурой и премиальным блеском. Куртка имеет классический крой с косой молнией и дополнена эксклюзивной фурнитурой с символикой бренда. На груди расположена узнаваемая вышивка в виде подковы, а на манжетах — детали с тиснением в виде крестов.\n\nЗадняя часть куртки украшена крупной вышивкой с логотипом и фирменным шрифтом, что создает мощный визуальный акцент. Внутренняя подкладка также декорирована брендированным узором, подчеркивающим внимание к деталям. Эта модель станет центральным элементом любого образа, сочетая в себе бунтарский дух и высокий стиль.;0;qbunqx3arwquz1j;lrg3k8cd5bgw3jv;f2gdh71ajulp1ti;Для мужчин;"[""https://xcimg.szwego.com/img/65702085/20251016/i1760547069_9076_7.jpg"",""https://xcimg.szwego.com/img/65702085/20251016/i1760547069_2442_3.jpg"",""https://xcimg.szwego.com/img/65702085/20251016/i1760547069_4434_0.jpg"",""https://xcimg.szwego.com/img/65702085/20251016/i1760547070_9418_10.jpg"",""https://xcimg.szwego.com/img/65702085/20251016/i1760547070_7157_8.jpg"",""https://xcimg.szwego.com/img/65702085/20251016/i1760547069_7476_4.jpg"",""https://xcimg.szwego.com/img/65702085/20251016/i1760547070_5630_11.jpg"",""https://xcimg.szwego.com/img/65702085/20251016/i1760547069_1509_6.jpg"",""https://xcimg.szwego.com/img/65702085/20251016/i1760547069_8904_5.jpg""]"
_dTUrSEwzG63wwWON6EAxtQS6QwNHg_2zL2h4nBQ;Chrome Hearts Куртка;Источник вдохновения — американский бренд Chrome Hearts из Лос-Анджелеса, сочетающий рок-н-ролльный дух и мастерство исполнения. Эта мужская черно-белая бейсбольная куртка выполнена из качественной шерстяной смеси, обеспечивающей тепло и комфорт, с рукавами из натуральной кожи, придающими изделию выразительную фактуру.\n\nКлассическое сочетание черного и белого цветов создает яркий визуальный контраст. На левой стороне груди расположена аббревиатура CH в готическом стиле. На левом рукаве вышиты цифры 33 и объемный кожаный крест — знаковые символы бренда. На спине расположена эффектная вышивка орла в окружении надписи CHROME HEARTS, подчеркивающая дерзкий характер модели.\n\nРебристые воротник, манжеты и нижний край сохраняют классический силуэт спортивной куртки. Стандартный крой позволяет легко сочетать модель как с джинсами для создания уличного образа, так и с худи или свитшотами для многослойных сочетаний.;0;qbunqx3arwquz1j;lrg3k8cd5bgw3jv;f2gdh71ajulp1ti;Для мужчин;"[""https://xcimg.szwego.com/img/65702085/20250813/i1755097642_2637_0.jpg"",""https://xcimg.szwego.com/img/65702085/20250813/i1755097178_4936_1.jpg"",""https://xcimg.szwego.com/img/65702085/20250813/i1755097283_374_1.jpg"",""https://xcimg.szwego.com/img/65702085/20250813/i1755097262_2586_4.jpg"",""https://xcimg.szwego.com/img/65702085/20250813/i1755097262_4885_3.jpg"",""https://xcimg.szwego.com/img/65702085/20250813/i1755097262_1517_0.jpg"",""https://xcimg.szwego.com/img/65702085/20250813/i1755097262_7728_1.jpg"",""https://xcimg.szwego.com/img/65702085/20250813/i1755097283_6389_2.jpg"",""https://xcimg.szwego.com/img/65702085/20250813/i1755097283_5735_0.jpg""]"
_dz8rSs_ZfwQ_DusFtP5-Gt1m_8BVHlfCP6FX8BA;Brunello Cucinelli Куртка;Куртка с капюшоном выполнена из 100% натуральной замши. Материал отличается мягкой, бархатистой текстурой и прошел традиционную итальянскую обработку, придающую изделию благородный винтажный вид. Подкладка изготовлена из 100% полиэстера для комфорта и долговечности.\n\nМодель отличается безупречным кроем и вниманием к деталям: все швы, включая линию плеч и манжеты, выполнены с высокой точностью. Капюшон оснащен качественной металлической фурнитурой с фирменным логотипом. Особое внимание уделено сочетанию замши с трикотажными элементами, что обеспечивает идеальную посадку и комфорт при носке.\n\nНадежная металлическая молния работает плавно и долговечно. Все края изделия аккуратно обработаны, а строчки отличаются плотностью и ровностью, что подчеркивает премиальное качество исполнения. Капюшон имеет продуманную форму, обеспечивающую отличную посадку, а эластичные трикотажные манжеты и нижний край гарантируют сохранение формы изделия. Цвет: темно-синий.;0;ll73bx30faqq27r;lrg3k8cd5bgw3jv;f2gdh71ajulp1ti;Для мужчин;"[""https://xcimg.szwego.com/img/65702085/20251222/i1766411523936_1305_0_0.jpg"",""https://xcimg.szwego.com/img/65702085/20251222/i1766411527215_3311_0_1.jpg"",""https://xcimg.szwego.com/img/65702085/20251222/i1766411527188_1399_0_2.jpg"",""https://xcimg.szwego.com/img/65702085/20251222/i1766411527267_4427_0_3.jpg"",""https://xcimg.szwego.com/img/65702085/20251222/i1766411527186_3881_0_4.jpg"",""https://xcimg.szwego.com/img/65702085/20251222/i1766411523852_421_0_5.jpg"",""https://xcimg.szwego.com/img/65702085/20251222/i1766411523928_1022_0_6.jpg"",""https://xcimg.szwego.com/img/65702085/20251222/i1766411523744_2697_0_7.jpg"",""https://xcimg.szwego.com/img/65702085/20251222/i1766411523809_7691_0_8.jpg""]"
_dAcrSyK77DdmJDa56ERhXxwgk9Ybi5153PQTJ3A;Zegna Куртка;Мужская бейсбольная куртка Zegna выполнена из 100% натуральной овечьей кожи. Материал отличается зернистой текстурой, мягкостью и высокой износостойкостью благодаря фирменной технологии дубления. Подкладка из 100% полиэстера обеспечивает комфорт и сохранение формы изделия.\n\nМодель отличается безупречным кроем с минимальными допусками в швах на воротнике, плечах и карманах. Детали спинки выполнены с использованием сложной техники拼接, обеспечивающей структурную стабильность и узнаваемый стиль бренда. Сочетание кожи и трикотажных резинок выполнено с высокой плотностью стежков для естественного перехода и комфортной посадки.\n\nФурнитура включает кастомную металлическую молнию с плавным ходом и качественным покрытием. Все швы выполнены с высокой точностью, края кожи аккуратно обработаны. Воротник имеет структурированную форму, обеспечивающую идеальное прилегание к шее. Цвет: черный.;0;8xod4z3cjpbltoa;lrg3k8cd5bgw3jv;f2gdh71ajulp1ti;Для мужчин;"[""https://xcimg.szwego.com/img/65702085/20251222/i1766411590895_9868_0_0.jpg"",""https://xcimg.szwego.com/img/65702085/20251222/i1766411586972_7173_0_1.jpg"",""https://xcimg.szwego.com/img/65702085/20251222/i1766411593852_1244_0_2.jpg"",""https://xcimg.szwego.com/img/65702085/20251222/i1766411593926_7537_0_3.jpg"",""https://xcimg.szwego.com/img/65702085/20251222/i1766411587044_620_0_4.jpg"",""https://xcimg.szwego.com/img/65702085/20251222/i1766411587027_2759_0_5.jpg"",""https://xcimg.szwego.com/img/65702085/20251222/i1766411586951_481_0_6.jpg"",""https://xcimg.szwego.com/img/65702085/20251222/i1766411590986_6194_0_7.jpg"",""https://xcimg.szwego.com/img/65702085/20251222/i1766411591009_6128_0_9.jpg""]"
_dxHrSWyEivDBhd6wHzorSodtD5SJIJKLo7FVtHQ;Tom Ford Кожаная куртка;Мужская куртка из 100% натуральной овечьей кожи. Изделие выполнено с применением профессиональных итальянских технологий обработки кожи, что обеспечивает исключительную мягкость и благородный блеск материала. Точный крой, основанный на принципах эргономики, гарантирует идеальную посадку по фигуре и комфорт при носке.\n\nДетали изделия включают высококачественную фурнитуру: металлические кнопки и молнии с фирменной гравировкой TF, прошедшие строгий контроль на износостойкость. Внутренняя подкладка выполнена из гладкого высокоплотного материала, обеспечивающего удобство при надевании. Модель произведена в Италии и является образцом мастерства в области премиальной мужской одежды, сочетая в себе безупречное качество материалов и внимание к каждой детали.;0;ume40c3zc4v3w33;lrg3k8cd5bgw3jv;f2gdh71ajulp1ti;Для мужчин;"[""https://xcimg.szwego.com/img/adebff46/20251123/i1763831798300_6151_0_0.jpg"",""https://xcimg.szwego.com/img/adebff46/20251123/i1763831798312_7635_0_1.jpg"",""https://xcimg.szwego.com/img/adebff46/20251123/i1763831799837_5263_0_2.jpg"",""https://xcimg.szwego.com/img/adebff46/20251123/i1763831798344_543_0_3.jpg"",""https://xcimg.szwego.com/img/adebff46/20251123/i1763831798333_4756_0_4.jpg"",""https://xcimg.szwego.com/img/adebff46/20251123/i1763831799806_2569_0_5.jpg"",""https://xcimg.szwego.com/img/adebff46/20251123/i1763831798259_8043_0_6.jpg"",""https://xcimg.szwego.com/img/adebff46/20251123/i1763831799840_5838_0_7.jpg"",""https://xcimg.szwego.com/img/adebff46/20251123/i1763831799726_1400_0_8.jpg""]"
_dcqrSli4CzpPC1eJDFlUi8T1t_X8nWZZa8nAGmA;Prada Куртка-пилот;Мужская куртка-пилот от Prada, выполненная из 100% натуральной итальянской телячьей кожи. Модель прошла процесс специального окрашивания для достижения глубокого коричневого оттенка. Изделие отличается высокой точностью кроя и качественной сборкой всех деталей.\n\nКуртка дополнена высокоплотной матовой подкладкой из полиэстера, которая обеспечивает комфортную посадку. Фурнитура включает фирменные металлические пуговицы и брендированную молнию Prada, прошедшие многократные тесты на износостойкость. На спинке расположен узнаваемый треугольный логотип бренда.\n\nМанжеты и нижний край выполнены из эластичного трикотажа с высокой степенью восстановления формы, что гарантирует долговечность изделия и сохранение силуэта даже при длительной носке.;0;xf3tgcf0uj7yrqf;lrg3k8cd5bgw3jv;f2gdh71ajulp1ti;Для мужчин;"[""https://xcimg.szwego.com/img/6c7a535f/20251121/i1763739763363_5490_0_0.jpg"",""https://xcimg.szwego.com/img/6c7a535f/20251121/i1763739762194_2592_0_1.jpg"",""https://xcimg.szwego.com/img/6c7a535f/20251121/i1763739762194_3634_0_2.jpg"",""https://xcimg.szwego.com/img/6c7a535f/20251121/i1763739762194_5590_0_3.jpg"",""https://xcimg.szwego.com/img/6c7a535f/20251121/i1763739763386_3228_0_4.jpg"",""https://xcimg.szwego.com/img/6c7a535f/20251121/i1763739762194_8610_0_5.jpg"",""https://xcimg.szwego.com/img/6c7a535f/20251121/i1763739762194_1937_0_6.jpg"",""https://xcimg.szwego.com/img/6c7a535f/20251121/i1763739763465_8667_0_7.jpg"",""https://xcimg.szwego.com/img/6c7a535f/20251121/i1763739767876_9626_0_8.jpg""]"
_dkarSWNBiSjfqSgIoxX7JrsRVuZNSK_JhnZHybQ;Gucci Кожаная куртка;Кожаная куртка из высококачественной овчины с тисненым фирменным узором GG. Каждая деталь изделия выполнена с особой точностью: от кроя, учитывающего эргономику, до качественной фурнитуры с логотипом бренда. Модель дополнена меховым воротником и стеганой подкладкой, обеспечивающими комфорт и тепло. Изделие произведено в Италии и демонстрирует высочайшее мастерство работы с кожей.;0;6bjd11fcyypitno;lrg3k8cd5bgw3jv;f2gdh71ajulp1ti;Для мужчин;"[""https://xcimg.szwego.com/img/adebff46/20251123/i1763832765009_8246_0_0.jpg"",""https://xcimg.szwego.com/img/adebff46/20251123/i1763832763503_9079_0_1.jpg"",""https://xcimg.szwego.com/img/adebff46/20251123/i1763832763494_7831_0_2.jpg"",""https://xcimg.szwego.com/img/adebff46/20251123/i1763832765032_9632_0_4.jpg"",""https://xcimg.szwego.com/img/adebff46/20251123/i1763832765006_4698_0_5.jpg"",""https://xcimg.szwego.com/img/adebff46/20251123/i1763832763568_2626_0_6.jpg"",""https://xcimg.szwego.com/img/adebff46/20251123/i1763832764894_6316_0_7.jpg"",""https://xcimg.szwego.com/img/adebff46/20251123/i1763832763097_562_0_8.jpg"",""https://xcimg.szwego.com/img/adebff46/20251123/i1763832763615_9840_0_9.jpg""]"
_dqjrSgkd03gKWDx1-1kFIiHUs86YDBgQtge6uhw;Louis Vuitton Куртка;Куртка выполнена из высококачественной замши с объемным тиснением классического узора Monogram. Внутренняя отделка из натуральной овчины обеспечивает превосходную теплоизоляцию и мягкость. Металлическая фурнитура, включая молнии и пуговицы, украшена гравировкой бренда и прошла многоступенчатую обработку для долговечности. Изделие отличается безупречным качеством швов и эргономичным кроем, обеспечивающим идеальную посадку. Цвет: коричневый.;0;977uh954t91spxq;lrg3k8cd5bgw3jv;f2gdh71ajulp1ti;Для мужчин;"[""https://xcimg.szwego.com/img/adebff46/20251210/i1765333826539_3016_0_0.jpg"",""https://xcimg.szwego.com/img/adebff46/20251210/i1765333825008_8166_0_7.jpg"",""https://xcimg.szwego.com/img/adebff46/20251210/i1765333826491_2960_0_1.jpg"",""https://xcimg.szwego.com/img/adebff46/20251210/i1765333825026_4209_0_2.jpg"",""https://xcimg.szwego.com/img/adebff46/20251210/i1765333824951_8186_0_3.jpg"",""https://xcimg.szwego.com/img/adebff46/20251210/i1765333826387_3948_0_4.jpg"",""https://xcimg.szwego.com/img/adebff46/20251210/i1765333826463_5028_0_5.jpg"",""https://xcimg.szwego.com/img/adebff46/20251210/i1765333824990_256_0_6.jpg"",""https://xcimg.szwego.com/img/adebff46/20251210/i1765333824957_3023_0_9.jpg""]"
_dq3rS0-gSDLdnT5Z3XNbBPUXGafqdZyBbgfxnvw;Gucci Куртка-бомбер;Мужская куртка-бомбер из натуральной овечьей кожи с тисненым фирменным узором GG. Модель выполнена с использованием высокоточных технологий кроя и сборки, обеспечивающих идеальную посадку и долговечность изделия. Куртка дополнена качественной металлической фурнитурой, прошедшей многократные тесты на износостойкость, и надежной молнией. Внутренняя подкладка из полиэстера простегана для дополнительного комфорта. Воротник-стойка сохраняет форму благодаря специальной термической обработке. Цвет: темно-коричневый.;0;6bjd11fcyypitno;lrg3k8cd5bgw3jv;f2gdh71ajulp1ti;Для мужчин;"[""https://xcimg.szwego.com/img/65702085/20251202/i1764640798020_252_0_0.jpg"",""https://xcimg.szwego.com/img/65702085/20251202/i1764640795784_9551_0_1.jpg"",""https://xcimg.szwego.com/img/65702085/20251202/i1764640797965_3232_0_2.jpg"",""https://xcimg.szwego.com/img/65702085/20251202/i1764640795770_6313_0_3.jpg"",""https://xcimg.szwego.com/img/65702085/20251202/i1764640797925_9336_0_4.jpg"",""https://xcimg.szwego.com/img/65702085/20251202/i1764640795770_5878_0_5.jpg"",""https://xcimg.szwego.com/img/65702085/20251202/i1764640797972_4230_0_6.jpg"",""https://xcimg.szwego.com/img/65702085/20251202/i1764640795770_994_0_8.jpg"",""https://xcimg.szwego.com/img/65702085/20251202/i1764640795770_705_0_7.jpg""]"
_d_irS6B28rWms1w8DgRQwnnF6oOKrVnoeR51M1Q;Saint Laurent Пальто;Пальто выполнено из 100% натуральной замши высокого качества. Материал прошел профессиональную обработку, обеспечивающую мягкую текстуру, отличную воздухопроницаемость и износостойкость.\n\nКрой изделия разработан с учетом эргономических данных, что гарантирует идеальную посадку по фигуре. Все швы, включая плечевые и проймы, выполнены с высокой точностью. Использована технология двойной строчки для обеспечения прочности и долговечности конструкции.\n\nДетали включают фирменные пуговицы с гравировкой бренда, прошедшие тесты на износостойкость. Внутренняя подкладка выполнена из плотной ткани с жаккардовым логотипом YSL. Изделие прошло многоступенчатый контроль качества, соответствующий стандартам люксового сегмента. Цвет: коричневый.;0;dvj7fjo7rtb0flc;lrg3k8cd5bgw3jv;kwhzl9eqjae11uv;Для мужчин;"[""https://xcimg.szwego.com/img/6c7a535f/20251219/i1766077737514_8379_0_0.jpg"",""https://xcimg.szwego.com/img/6c7a535f/20251219/i1766077739190_3734_0_1.jpg"",""https://xcimg.szwego.com/img/6c7a535f/20251219/i1766077737576_5939_0_2.jpg"",""https://xcimg.szwego.com/img/6c7a535f/20251219/i1766077737594_1556_0_3.jpg"",""https://xcimg.szwego.com/img/6c7a535f/20251219/i1766077737527_7810_0_4.jpg"",""https://xcimg.szwego.com/img/6c7a535f/20251219/i1766077739085_6210_0_5.jpg"",""https://xcimg.szwego.com/img/6c7a535f/20251219/i1766077739079_4392_0_6.jpg"",""https://xcimg.szwego.com/img/6c7a535f/20251219/i1766077737473_2385_0_7.jpg"",""https://xcimg.szwego.com/img/6c7a535f/20251219/i1766077739140_3420_0_8.jpg""]"
_dvsrSFYH7lZDlTZP1f0qYf7e0dKt6NPOY8JI-lQ;Givenchy Куртка;Стильная мотоциклетная куртка от Givenchy, выполненная в технике пэчворк из меха и кожи. Основная часть изделия изготовлена из черно-белого меха с мягким ворсом и естественной текстурой, обеспечивающего отличную теплоизоляцию. Рукава и воротник выполнены из высококачественной черной воловьей кожи, отличающейся прочностью и износостойкостью.\n\nКонтрастное сочетание материалов создает выразительный визуальный эффект. Модель отличается безупречным кроем и вниманием к деталям: все швы выполнены с высокой точностью, обеспечивая идеальную посадку. Куртка оснащена брендированной металлической фурнитурой с гладким ходом молнии. Внутренняя подкладка выполнена из приятного на ощупь материала, дополненного фирменной маркировкой бренда. Это изделие является воплощением мастерства Givenchy, сочетая в себе роскошные материалы и современный дизайн.;0;trxbzp1tfpwhpc0;lrg3k8cd5bgw3jv;f2gdh71ajulp1ti;Для мужчин;"[""https://xcimg.szwego.com/img/6c7a535f/20251217/i1765933060739_5091_0_0.jpg"",""https://xcimg.szwego.com/img/6c7a535f/20251217/i1765933062500_6635_0_1.jpg"",""https://xcimg.szwego.com/img/6c7a535f/20251217/i1765933060739_7197_0_2.jpg"",""https://xcimg.szwego.com/img/6c7a535f/20251217/i1765933062387_9597_0_3.jpg"",""https://xcimg.szwego.com/img/6c7a535f/20251217/i1765933062536_3169_0_4.jpg"",""https://xcimg.szwego.com/img/6c7a535f/20251217/i1765933060739_7040_0_5.jpg"",""https://xcimg.szwego.com/img/6c7a535f/20251217/i1765933062529_350_0_6.jpg"",""https://xcimg.szwego.com/img/6c7a535f/20251217/i1765933060738_5651_0_7.jpg"",""https://xcimg.szwego.com/img/6c7a535f/20251217/i1765933060739_2252_0_8.jpg""]"
_d8orS1Io7LXer8EVpIqiHB6eQWg6ZZ9YK3q1vFQ;Tom Ford Кожаная рубашка;Черная кожаная рубашка из овчины от Tom Ford. Модель выполнена из 100% натуральной кожи, прошедшей профессиональную итальянскую выделку, что обеспечивает исключительную мягкость и благородный блеск материала.\n\nКрой изделия основан на принципах эргономики, обеспечивая идеальную посадку по фигуре. Высокоточная ручная сборка деталей гарантирует безупречную форму воротника, корпуса и пройм. В производстве использованы профессиональные швейные технологии с тщательной проработкой каждого шва, включая карманы на груди и манжеты.\n\nМеталлическая фурнитура выполнена с высокой точностью, обеспечивая долговечность и премиальный внешний вид. Внутренняя подкладка из плотного гладкого полиэстера обеспечивает комфорт при носке. Изделие произведено в Италии и является образцом сочетания классического стиля рубашки с мастерством работы с кожей.;0;ume40c3zc4v3w33;lrg3k8cd5bgw3jv;orlmrjnla0dg9ej;Для мужчин;"[""https://xcimg.szwego.com/img/adebff46/20251123/i1763832348726_2233_0_0.jpg"",""https://xcimg.szwego.com/img/adebff46/20251123/i1763832361205_6360_0_8.jpg"",""https://xcimg.szwego.com/img/adebff46/20251123/i1763832348574_8320_0_2.jpg"",""https://xcimg.szwego.com/img/adebff46/20251123/i1763832348671_5866_0_3.jpg"",""https://xcimg.szwego.com/img/adebff46/20251123/i1763832350011_8188_0_4.jpg"",""https://xcimg.szwego.com/img/adebff46/20251123/i1763832348720_7004_0_5.jpg"",""https://xcimg.szwego.com/img/adebff46/20251123/i1763832349891_6516_0_6.jpg"",""https://xcimg.szwego.com/img/adebff46/20251123/i1763832348709_6816_0_7.jpg"",""https://xcimg.szwego.com/img/adebff46/20251123/i1763832350021_2112_0_8.jpg""]"
_dSdrSj3cFGHGh5Loaa5IduE9Qr_oShe3-AUpEdw;Hermes Куртка-пилот;Куртка-пилот выполнена из 100% натуральной овечьей кожи итальянского производства. Материал прошел высокотехнологичную обработку, обеспечивающую исключительную мягкость и стойкость цвета. Воротник из натурального меха овчины обладает высокой плотностью ворса.\n\nПри создании модели использовалась система 3D-кроя, учитывающая анатомические особенности фигуры для идеальной посадки. Все детали, включая воротник, рукава и нижнюю часть, соединены с высокой точностью. В изделии используется фирменная металлическая фурнитура, включая молнии и кнопки, прошедшие многократные тесты на износостойкость и плавность хода.\n\nИзделие выполнено с соблюдением высоких стандартов качества, сочетая в себе премиальные материалы и безупречное исполнение.;0;rakg8u0bx1y4qcy;lrg3k8cd5bgw3jv;f2gdh71ajulp1ti;Для мужчин;"[""https://xcimg.szwego.com/img/65702085/20251119/i1763568866830_1048_0_0.jpg"",""https://xcimg.szwego.com/img/65702085/20251119/i1763568866798_9561_0_1.jpg"",""https://xcimg.szwego.com/img/65702085/20251119/i1763568868240_5676_0_3.jpg"",""https://xcimg.szwego.com/img/65702085/20251119/i1763568866825_5586_0_4.jpg"",""https://xcimg.szwego.com/img/65702085/20251119/i1763568866690_7313_0_5.jpg"",""https://xcimg.szwego.com/img/65702085/20251119/i1763568866540_8442_0_6.jpg"",""https://xcimg.szwego.com/img/65702085/20251119/i1763568867667_4258_0_7.jpg"",""https://xcimg.szwego.com/img/65702085/20251119/i1763568868258_58_0_8.jpg"",""https://xcimg.szwego.com/img/65702085/20251119/i1763568868143_2611_0_9.jpg""]"
_dADrSbn8dCCS-nL71uKiFi8HoUn9FE62GP_s7_Q;Louis Vuitton Куртка-бомбер;Стильная куртка-бомбер от Louis Vuitton, выполненная из натуральной кожи. Основная часть изделия украшена тисненым фирменным узором Monogram, создающим объемную текстуру. Рукава выполнены из гладкой кожи, что создает эффектный контраст материалов. На манжетах расположено тиснение с логотипом бренда.\n\nВнутренняя подкладка из смеси купро и хлопка дополнена жаккардовым узором Monogram, обеспечивая комфорт и отличную воздухопроницаемость. Модель отличается безупречным качеством пошива: ровные строчки, аккуратные стыки материалов и качественная фурнитура. Металлические пуговицы украшены гравировкой бренда и декоративными вставками. Куртка сочетает в себе классический силуэт, премиальные материалы и внимание к каждой детали.;0;977uh954t91spxq;lrg3k8cd5bgw3jv;f2gdh71ajulp1ti;Для мужчин;"[""https://xcimg.szwego.com/img/65702085/20251219/i1766156292570_6552_0_0.jpg"",""https://xcimg.szwego.com/img/65702085/20251219/i1766156292570_4264_0_1.jpg"",""https://xcimg.szwego.com/img/65702085/20251219/i1766156304851_6315_0_2.jpg"",""https://xcimg.szwego.com/img/65702085/20251219/i1766156304873_1575_0_3.jpg"",""https://xcimg.szwego.com/img/65702085/20251219/i1766156304880_465_0_4.jpg"",""https://xcimg.szwego.com/img/65702085/20251219/i1766156292570_2031_0_5.jpg"",""https://xcimg.szwego.com/img/65702085/20251219/i1766156292569_4104_0_6.jpg"",""https://xcimg.szwego.com/img/65702085/20251219/i1766156292569_5716_0_7.jpg"",""https://xcimg.szwego.com/img/65702085/20251219/i1766156304865_194_0_8.jpg""]"
_dhXrS5iBRrSUbjDed3xWSEwfF9Nno-Dz2QnstSQ;Louis Vuitton Куртка;Роскошная куртка-бомбер из натуральной кожи и овчины. Модель выполнена с использованием высококачественных материалов, прошедших тщательную обработку. Кожа обладает выраженной текстурой, а овчина отличается мягкостью и отличными теплоизоляционными свойствами.\n\nДизайн куртки включает классический бейсбольный воротник и точную подгонку деталей для идеальной посадки. В изделии применена технология бесшовного соединения кожи и меха, обеспечивающая естественный переход и комфорт. Манжеты и нижний край выполнены из эластичного трикотажа, который сохраняет форму при носке.\n\nФурнитура включает брендированную молнию с плавным ходом. Внутренняя подкладка из плотного матового материала обеспечивает дополнительный комфорт и приятные тактильные ощущения. Изделие отличается высоким качеством пошива и вниманием к каждой детали.;0;977uh954t91spxq;lrg3k8cd5bgw3jv;f2gdh71ajulp1ti;Для мужчин;"[""https://xcimg.szwego.com/img/65702085/20251216/i1765848047031_7936_0_0.jpg"",""https://xcimg.szwego.com/img/65702085/20251216/i1765848044014_9324_0_1.jpg"",""https://xcimg.szwego.com/img/65702085/20251216/i1765848047131_7926_0_2.jpg"",""https://xcimg.szwego.com/img/65702085/20251216/i1765848044014_7485_0_3.jpg"",""https://xcimg.szwego.com/img/65702085/20251216/i1765848047065_2726_0_4.jpg"",""https://xcimg.szwego.com/img/65702085/20251216/i1765848047095_8553_0_5.jpg"",""https://xcimg.szwego.com/img/65702085/20251216/i1765848044014_8635_0_6.jpg"",""https://xcimg.szwego.com/img/65702085/20251216/i1765848044014_8395_0_7.jpg"",""https://xcimg.szwego.com/img/65702085/20251216/i1765848044014_5229_0_8.jpg""]"
_dlWrSXO6qbyuDZfPz25ufbuh7HiQBWr5S4BbtTQ;Balenciaga Куртка;Винтажная кожаная куртка в стиле мото с фирменной эмблемой. Модель выполнена из высококачественной матовой кожи с мягкой текстурой, напоминающей овчину. Материал обладает высокой износостойкостью и устойчивостью к заломам.\n\nДетали включают сложную вышивку королевского герба на нагрудном кармане и объемный логотип бренда спереди. Куртка отличается точным кроем, обеспечивающим идеальную посадку, и использованием прочных материалов: фурнитура из состаренной латуни, надежные швы и качественная подкладка.\n\nНа спине расположен принт с номером 10, выполненный методом термопечати, устойчивым к истиранию и стирке. Воротник и манжеты сохраняют форму даже после длительного использования.;0;mj2732zh7c7pchi;lrg3k8cd5bgw3jv;f2gdh71ajulp1ti;Для мужчин;"[""https://xcimg.szwego.com/img/65702085/20260130/i1769758622908_5632_0_0.jpg"",""https://xcimg.szwego.com/img/65702085/20260130/i1769758622908_1375_0_1.jpg"",""https://xcimg.szwego.com/img/65702085/20260130/i1769758630534_9868_0_2.jpg"",""https://xcimg.szwego.com/img/65702085/20260130/i1769758627366_6964_0_3.jpg"",""https://xcimg.szwego.com/img/65702085/20260130/i1769758629320_3274_0_4.jpg"",""https://xcimg.szwego.com/img/65702085/20260130/i1769758632934_9889_0_5.jpg"",""https://xcimg.szwego.com/img/65702085/20260130/i1769758625050_5943_0_6.jpg"",""https://xcimg.szwego.com/img/65702085/20260130/i1769758622908_9880_0_7.jpg"",""https://xcimg.szwego.com/img/65702085/20260130/i1769758626892_6073_0_8.jpg""]"
_dtGrSPquS6aKNxe_NzV9VWnTo6pYRGBcISPGbYw;Loro Piana Пальто;Элегантное пальто с воротником-стойкой, выполненное из 100% премиального кашемира Baby Cashmere. Материал прошел тщательную очистку и обработку на итальянских станках, обеспечивая исключительную мягкость, износостойкость и устойчивость к образованию катышков.\n\nМодель разработана с использованием 3D-эргономичных лекал, что гарантирует идеальную посадку по фигуре. Ключевые детали, такие как линия плеча и воротник, выполнены с высокой точностью. Сборка изделия включает ручную двустороннюю потайную строчку, благодаря которой швы остаются незаметными. Воротник-стойка прошел высокотемпературную обработку паром для сохранения формы даже после длительного ношения.\n\nКарманы оформлены с использованием технологии двойной окантовки для безупречной гладкости краев. В качестве фурнитуры использованы пуговицы из натурального рога с лазерной гравировкой бренда, пришитые вручную с высокой плотностью стежков. Подкладка выполнена из 100% натурального шелка с матовым финишем, обеспечивающим комфорт и отличную драпировку. Цвет: верблюжий.;0;5f3npdmxcv8f190;lrg3k8cd5bgw3jv;kwhzl9eqjae11uv;Для мужчин;"[""https://xcimg.szwego.com/img/65702085/20260130/i1769758686928_1661_0_0.jpg"",""https://xcimg.szwego.com/img/65702085/20260130/i1769758691710_5212_0_1.jpg"",""https://xcimg.szwego.com/img/65702085/20260130/i1769758686891_8128_0_2.jpg"",""https://xcimg.szwego.com/img/65702085/20260130/i1769758691619_2434_0_3.jpg"",""https://xcimg.szwego.com/img/65702085/20260130/i1769758686924_6836_0_4.jpg"",""https://xcimg.szwego.com/img/65702085/20260130/i1769758694718_1132_0_5.jpg"",""https://xcimg.szwego.com/img/65702085/20260130/i1769758686950_9397_0_6.jpg"",""https://xcimg.szwego.com/img/65702085/20260130/i1769758686852_2374_0_7.jpg"",""https://xcimg.szwego.com/img/65702085/20260130/i1769758691578_5230_0_8.jpg""]"
_dlhrSqHriXWv5xZRRWT9EjDOweUgoMPiQ7mmJWw;Louis Vuitton Куртка;Эксклюзивная мужская куртка-бомбер, выполненная из комбинации натуральной кожи змеи и матовой телячьей кожи. Кожа змеи прошла ручную обработку для сохранения естественной текстуры чешуек, придавая изделию уникальный металлический блеск и объем. Матовая телячья кожа отличается мягкостью и устойчивостью к заломам.\n\nМодель разработана с учетом анатомических особенностей кроя, обеспечивая идеальную посадку по фигуре. Использована высокоточная технология двойной прострочки швов для максимальной прочности. Куртка дополнена функциональными скрытыми карманами на рукавах и эластичными манжетами, сохраняющими форму при длительном ношении.\n\nФурнитура выполнена из латуни с фирменной гравировкой и эффектом состаривания. Фирменный узор Monogram нанесен методом высокотемпературного термотиснения, что гарантирует высокую износостойкость и долговечность принта. Цвет: коричневый.;0;977uh954t91spxq;lrg3k8cd5bgw3jv;f2gdh71ajulp1ti;Для мужчин;"[""https://xcimg.szwego.com/img/6c7a535f/20260202/i1769981690916_408_0_0.jpg"",""https://xcimg.szwego.com/img/6c7a535f/20260202/i1769981688991_5884_0_1.jpg"",""https://xcimg.szwego.com/img/6c7a535f/20260202/i1769981690759_1997_0_2.jpg"",""https://xcimg.szwego.com/img/6c7a535f/20260202/i1769981688991_3461_0_3.jpg"",""https://xcimg.szwego.com/img/6c7a535f/20260202/i1769981688991_9333_0_4.jpg"",""https://xcimg.szwego.com/img/6c7a535f/20260202/i1769981690808_197_0_6.jpg"",""https://xcimg.szwego.com/img/6c7a535f/20260202/i1769981688990_9421_0_7.jpg"",""https://xcimg.szwego.com/img/6c7a535f/20260202/i1769981688991_4146_0_8.jpg"",""https://xcimg.szwego.com/img/6c7a535f/20260202/i1769981690718_2976_0_9.jpg""]"
_dvgrSpduqnWh32kxCIiT7UoqnVZhkwSgfsu8iUg;Louis Vuitton Куртка;Мужская кожаная куртка с перфорацией от Louis Vuitton. Модель выполнена из высококачественной кожи быка с использованием вставок из замши на рукавах. \n\nОсобенности изделия включают уникальную технологию перфорации с микроотверстиями, расположенными под углом для обеспечения вентиляции. Куртка дополнена качественной подкладкой и фирменной фурнитурой с гравировкой бренда.;0;977uh954t91spxq;lrg3k8cd5bgw3jv;f2gdh71ajulp1ti;Для мужчин;"[""https://xcimg.szwego.com/img/98fd4e8e/20250718/i1752853455583_8412_0_0.jpg"",""https://xcimg.szwego.com/img/98fd4e8e/20250718/i1752853457686_2977_0_1.jpg"",""https://xcimg.szwego.com/img/98fd4e8e/20250718/i1752853457712_8899_0_2.jpg"",""https://xcimg.szwego.com/img/98fd4e8e/20250718/i1752853455589_7112_0_3.jpg"",""https://xcimg.szwego.com/img/98fd4e8e/20250718/i1752853455255_7368_0_4.jpg"",""https://xcimg.szwego.com/img/98fd4e8e/20250718/i1752853457692_9397_0_5.jpg"",""https://xcimg.szwego.com/img/98fd4e8e/20250718/i1752853455529_1047_0_6.jpg"",""https://xcimg.szwego.com/img/98fd4e8e/20250718/i1752853457641_1362_0_8.jpg"",""https://xcimg.szwego.com/img/98fd4e8e/20250718/i1752853460925_7892_0_9.jpg""]"
_d7SrSCwIXF_b2luF8ETFApowZBtv0HVARgmaCcQ;Tom Ford Кожаная куртка;Мужская кожаная куртка от Tom Ford выполнена из высококачественной черной кожи с благородным матовым блеском. Модель отличается безупречным кроем и лаконичным дизайном, подчеркивающим силуэт.\n\nИзделие дополнено качественной металлической фурнитурой, которая придает образу сдержанную выразительность. Идеальный выбор для создания элегантного и современного мужского стиля, подходящего как для деловых встреч, так и для повседневных выходов.;0;ume40c3zc4v3w33;lrg3k8cd5bgw3jv;f2gdh71ajulp1ti;Для мужчин;"[""https://xcimg.szwego.com/img/65702085/20250725/i1753451123438_2392_0_0.jpg"",""https://xcimg.szwego.com/img/65702085/20250725/i1753451125212_4021_0_1.jpg"",""https://xcimg.szwego.com/img/65702085/20250725/i1753451125222_3018_0_2.jpg"",""https://xcimg.szwego.com/img/65702085/20250725/i1753451123559_313_0_3.jpg"",""https://xcimg.szwego.com/img/65702085/20250725/i1753451126251_1618_0_4.jpg"",""https://xcimg.szwego.com/img/65702085/20250725/i1753451126301_7003_0_5.jpg"",""https://xcimg.szwego.com/img/65702085/20250725/i1753451123547_1164_0_6.jpg"",""https://xcimg.szwego.com/img/65702085/20250725/i1753451123619_8917_0_7.jpg"",""https://xcimg.szwego.com/img/65702085/20250725/i1753451123600_4114_0_8.jpg""]"
_dlPrSoJuAXBIUOUDQ0BuId2e-Ovjel8nPH3G89w;Gucci Куртка;Куртка выполнена из мягкой овечьей кожи с безупречными линиями кроя. Внутренняя подкладка из вискозного волокна обеспечивает комфорт. На груди расположена фирменная вышивка Gucci, дополненная узнаваемыми красно-зелеными полосками Web на краях карманов на молнии. Трикотажные элементы выполнены из шерстяной смеси, обеспечивая эластичность и идеальную посадку. Каждая деталь, от плотных стежков вышивки до текстуры кожи, подчеркивает итальянское мастерство исполнения.;0;6bjd11fcyypitno;lrg3k8cd5bgw3jv;f2gdh71ajulp1ti;Для мужчин;"[""https://xcimg.szwego.com/img/65702085/20250715/i1752569015474_6391_0_0.jpg"",""https://xcimg.szwego.com/img/65702085/20250715/i1752569107845_3914_0_8.jpg"",""https://xcimg.szwego.com/img/65702085/20250715/i1752569015509_2818_0_2.jpg"",""https://xcimg.szwego.com/img/65702085/20250715/i1752569015374_8452_0_3.jpg"",""https://xcimg.szwego.com/img/65702085/20250715/i1752569013252_7958_0_4.jpg"",""https://xcimg.szwego.com/img/65702085/20250715/i1752569013252_5149_0_5.jpg"",""https://xcimg.szwego.com/img/65702085/20250715/i1752569013252_5716_0_6.jpg"",""https://xcimg.szwego.com/img/65702085/20250715/i1752569013252_1390_0_7.jpg"",""https://xcimg.szwego.com/img/65702085/20250715/i1752569015505_7917_0_8.jpg""]"
_dkwrSt5O1pjCNJgYwovUAGmG6w7zsrxzKtkmqcg;Louis Vuitton Куртка;Эта куртка с воротником-стойкой выполнена из высококачественной кожи с тиснением под крокодила, сочетая в себе винтажную эстетику и современные дизайнерские решения. Модель отличается глубоким коричневым цветом и выразительной фактурой, подчеркивающей мастерство исполнения бренда. \n\nЛаконичный крой с четкими линиями и акцентными деталями в виде молний и рифленых элементов придает образу мужественность и стиль. Универсальный силуэт позволяет легко сочетать изделие как с классическими рубашками для создания элегантного образа, так и с худи для более расслабленных городских выходов.;0;977uh954t91spxq;lrg3k8cd5bgw3jv;f2gdh71ajulp1ti;Для мужчин;"[""https://xcimg.szwego.com/img/65702085/20250902/i1756743750_2567_2.jpg"",""https://xcimg.szwego.com/img/65702085/20250902/i1756743750_3404_0.jpg"",""https://xcimg.szwego.com/img/65702085/20250902/i1756743795_3184_5.jpg"",""https://xcimg.szwego.com/img/65702085/20250902/i1756743795_8879_7.jpg"",""https://xcimg.szwego.com/img/65702085/20250902/i1756743795_2132_2.jpg"",""https://xcimg.szwego.com/img/65702085/20250902/i1756743795_8034_6.jpg"",""https://xcimg.szwego.com/img/65702085/20250902/i1756743795_8128_0.jpg"",""https://xcimg.szwego.com/img/65702085/20250902/i1756743795_2641_4.jpg"",""https://xcimg.szwego.com/img/65702085/20250902/i1756743795_2167_1.jpg""]"
_dmNrSE6lQbEKNWfwdtn-3sQwDh81TPQTOlMkdIA;Tom Ford Куртка;Роскошная куртка из высококачественной замши в сдержанных тонах. Модель отличается безупречным кроем и стильным дизайном с воротником-стойкой, который придает образу особую выразительность.\n\nФункциональная застежка-молния и симметричные нагрудные карманы с клапанами добавляют изделию практичности и глубины. Эластичные детали на воротнике, манжетах и подоле обеспечивают идеальную посадку по фигуре, подчеркивая непринужденный и уверенный стиль. Каждая деталь этой куртки отражает премиальное качество и внимание к эстетике.;0;ume40c3zc4v3w33;lrg3k8cd5bgw3jv;f2gdh71ajulp1ti;Для мужчин;"[""https://xcimg.szwego.com/img/65702085/20250720/i1753006005189_2490_0_0.jpg"",""https://xcimg.szwego.com/img/65702085/20250720/i1753006004154_520_0_1.jpg"",""https://xcimg.szwego.com/img/65702085/20250720/i1753006004070_2850_0_2.jpg"",""https://xcimg.szwego.com/img/65702085/20250720/i1753006004177_1014_0_3.jpg"",""https://xcimg.szwego.com/img/65702085/20250720/i1753006005262_8337_0_4.jpg"",""https://xcimg.szwego.com/img/65702085/20250720/i1753006004141_7767_0_5.jpg"",""https://xcimg.szwego.com/img/65702085/20250720/i1753006004126_9626_0_6.jpg"",""https://xcimg.szwego.com/img/65702085/20250720/i1753006005155_3607_0_7.jpg"",""https://xcimg.szwego.com/img/65702085/20250720/i1753006005267_7661_0_8.jpg""]"
_diirSa6f1XV9YV_qGiBTB-Q5Y3m93WQA1NlLX-Q;Brunello Cucinelli Жилет;Жилет из натуральной замши с пуховым наполнением. Модель выполнена из мягкой замши с диагональной стежкой, имитирующей текстуру денима. В качестве наполнителя используется 90% гусиного пуха и 10% гусиного пера, что обеспечивает исключительное тепло.\n\nИзделие дополнено фурнитурой из натурального рога буйвола. Безрукавный крой позволяет легко сочетать жилет как с классическими пиджаками, так и с повседневными образами. Каждое изделие создано мастерами в Италии с вниманием к деталям и качеству материалов.;0;ll73bx30faqq27r;lrg3k8cd5bgw3jv;by2wakpfcxtrd1s;Для мужчин;"[""https://xcimg.szwego.com/img/65702085/20250727/i1753603225197_6262_0_0.jpg"",""https://xcimg.szwego.com/img/65702085/20250727/i1753603221995_2008_0_6.jpg"",""https://xcimg.szwego.com/img/65702085/20250727/i1753603221995_9744_0_1.jpg"",""https://xcimg.szwego.com/img/65702085/20250727/i1753603224309_4131_0_2.jpg"",""https://xcimg.szwego.com/img/65702085/20250727/i1753603224118_9396_0_3.jpg"",""https://xcimg.szwego.com/img/65702085/20250727/i1753603221995_6853_0_4.jpg"",""https://xcimg.szwego.com/img/65702085/20250727/i1753603221995_6592_0_5.jpg"",""https://xcimg.szwego.com/img/65702085/20250727/i1753603221995_7757_0_7.jpg"",""https://xcimg.szwego.com/img/65702085/20250727/i1753603224267_7544_0_8.jpg""]"
_deQrSBl1GxvoFBqxSVUqC3UTAb_3DDDJXizgv9g;Louis Vuitton Куртка;В сезоне весна-лето Louis Vuitton представляет мужскую куртку-бомбер, сочетающую в себе элементы детской игривости и премиальной роскоши. Модель выполнена из комбинации материалов: рукава из зернистой воловьей кожи, сертифицированной LWG, и основная часть из мягкой овечьей шерсти.\n\nДизайн дополнен яркими фирменными логотипами, игривыми мультяшными принтами и изысканными вышитыми аппликациями из твида. Куртка имеет классический воротник, а также эластичные манжеты и нижний край из овечьей шерсти, обеспечивающие идеальную посадку. На кожаных рукавах присутствует рельефный узор Monogram, подчеркивающий наследие бренда.\n\nВнутренняя отделка выполнена из смеси купро и хлопка для максимального комфорта. Свободный крой делает эту модель универсальным выбором для создания стильных повседневных образов.;0;977uh954t91spxq;lrg3k8cd5bgw3jv;f2gdh71ajulp1ti;Для мужчин;"[""https://xcimg.szwego.com/img/65702085/20250807/i1754554809_7876_0.jpg"",""https://xcimg.szwego.com/img/65702085/20250807/i1754554809_9471_1.jpg"",""https://xcimg.szwego.com/img/65702085/20250805/i1754342204_3792_0.jpg"",""https://xcimg.szwego.com/img/65702085/20250805/i1754342195_6890_0.jpg"",""https://xcimg.szwego.com/img/65702085/20250805/i1754342176_5920_8.jpg"",""https://xcimg.szwego.com/img/65702085/20250805/i1754342176_2301_4.jpg"",""https://xcimg.szwego.com/img/65702085/20250805/i1754342176_7342_3.jpg"",""https://xcimg.szwego.com/img/65702085/20250805/i1754342176_1734_5.jpg"",""https://xcimg.szwego.com/img/65702085/20250805/i1754342176_9347_7.jpg""]"
_ddqrS81XFpxMqCINuVBNw5zte7mToyNJRWWsbMg;Miu Miu Куртка;Куртка из натуральной овчины от Miu Miu. Модель выполнена из высококачественной кожи с тщательной обработкой текстуры. Изделие дополнено меховым воротником, обеспечивающим комфорт и стиль. Фурнитура включает фирменную молнию с плавным ходом и металлические кнопки, прошедшие тесты на износостойкость. На груди расположен рельефный логотип бренда. Внутренняя подкладка выполнена из стеганого полиэстера с ромбовидным узором. Манжеты и нижний край изделия имеют продуманную конструкцию для оптимальной посадки.;0;cn386fag2q87srw;lrg3k8cd5bgw3jv;f2gdh71ajulp1ti;Для мужчин;"[""https://xcimg.szwego.com/img/6c7a535f/20251121/i1763688308900_417_0_0.jpg"",""https://xcimg.szwego.com/img/6c7a535f/20251121/i1763688310310_8720_0_1.jpg"",""https://xcimg.szwego.com/img/6c7a535f/20251121/i1763688308888_8659_0_2.jpg"",""https://xcimg.szwego.com/img/6c7a535f/20251121/i1763688308854_9214_0_4.jpg"",""https://xcimg.szwego.com/img/6c7a535f/20251121/i1763688311266_8491_0_5.jpg"",""https://xcimg.szwego.com/img/6c7a535f/20251121/i1763688310341_9297_0_6.jpg"",""https://xcimg.szwego.com/img/6c7a535f/20251121/i1763688310261_9858_0_7.jpg"",""https://xcimg.szwego.com/img/6c7a535f/20251121/i1763688308785_1544_0_8.jpg"",""https://xcimg.szwego.com/img/6c7a535f/20251121/i1763688310346_6803_0_9.jpg""]"
_dr7rSxRqg5rzbWlZpa3uQcvQZUEiWvcmj6JrT2Q;Loro Piana Кожаная куртка;Новая коллекция Loro Piana. Мужская кожаная куртка с классическим рубашечным воротником выполнена из высококачественной итальянской кожи ягненка с глянцевым финишем.\n\nГлубокий коричневый оттенок напоминает осенние пейзажи Тосканы. Мягкая текстура материала обеспечивает идеальную посадку по фигуре, создавая ощущение второй кожи. Модель отличается лаконичным дизайном, подчеркивающим элегантность и мужественность силуэта.\n\nЛегкая, но прочная куртка идеально подходит для создания утонченного городского образа. Классический крой подчеркивает линии фигуры, обеспечивая комфорт и свободу движений.;0;5f3npdmxcv8f190;lrg3k8cd5bgw3jv;f2gdh71ajulp1ti;Для мужчин;"[""https://xcimg.szwego.com/img/65702085/20260108/i1767871135237_8995_0_0.jpg"",""https://xcimg.szwego.com/img/65702085/20260108/i1767871132490_4298_0_1.jpg"",""https://xcimg.szwego.com/img/65702085/20260108/i1767871137413_9606_0_2.jpg"",""https://xcimg.szwego.com/img/65702085/20260108/i1767871137357_9971_0_3.jpg"",""https://xcimg.szwego.com/img/65702085/20260108/i1767871132393_7386_0_4.jpg"",""https://xcimg.szwego.com/img/65702085/20260108/i1767871132433_4404_0_5.jpg"",""https://xcimg.szwego.com/img/65702085/20260108/i1767871132406_459_0_6.jpg"",""https://xcimg.szwego.com/img/65702085/20260108/i1767871139174_2574_0_7.jpg"",""https://xcimg.szwego.com/img/65702085/20260108/i1767871137408_2139_0_8.jpg"",""https://xcimg.szwego.com/img/65702085/20260108/i1767871135239_8468_0_9.jpg""]"
_dxhrSburI4Dv6Q6SDGZvhgZqkDJ_5uhjq5jTMmQ;Berluti Куртка;Куртка на молнии из премиальной замши от Berluti. Модель выполнена из отборной кожи с применением ручной шлифовки и обработки для достижения мягкой, но износостойкой текстуры.\n\nДетали изделия:\n- Ручная прошивка основных швов с соблюдением высоких стандартов качества.\n- Фирменная фурнитура: пуговицы из полимерного материала с медными вставками и лазерной гравировкой логотипа.\n- Подкладка из фирменной жаккардовой ткани с узором Scritto.\n- Эргономичный крой, обеспечивающий идеальную посадку по фигуре.\n- Внутренний кожаный лейбл с тиснением 1895 Berluti Paris.\n- Цвет: оливково-зеленый.;0;i5129fa1bqw2mtb;lrg3k8cd5bgw3jv;f2gdh71ajulp1ti;Для мужчин;"[""https://xcimg.szwego.com/img/65702085/20260108/i1767871171885_5930_0_0.jpg"",""https://xcimg.szwego.com/img/65702085/20260108/i1767871171936_3428_0_1.jpg"",""https://xcimg.szwego.com/img/65702085/20260108/i1767871171980_5243_0_2.jpg"",""https://xcimg.szwego.com/img/65702085/20260108/i1767871176066_1972_0_3.jpg"",""https://xcimg.szwego.com/img/65702085/20260108/i1767871171811_7020_0_4.jpg"",""https://xcimg.szwego.com/img/65702085/20260108/i1767871176213_910_0_5.jpg"",""https://xcimg.szwego.com/img/65702085/20260108/i1767871176250_2447_0_6.jpg"",""https://xcimg.szwego.com/img/65702085/20260108/i1767871176236_935_0_7.jpg"",""https://xcimg.szwego.com/img/65702085/20260108/i1767871171908_8837_0_8.jpg""]"
_dxSrSIaHI6f1KKaOowmQEG0OTXP_Tl7TWPPhiFQ;Prada Куртка;Двусторонняя куртка от Prada, сочетающая в себе премиальную мягкую кожу наппа и фирменный нейлон Re-Nylon. Модель выполнена в черном цвете и предлагает два варианта образа: глубокий и сдержанный кожаный или легкий и практичный нейлоновый.\n\nКуртка оснащена застежкой-молнией, регулируемым капюшоном на кулиске и эластичным подолом, что обеспечивает комфортную посадку и защиту от ветра. На груди расположен скрытый карман на молнии, украшенный культовым эмалированным треугольным логотипом бренда. Модель дополнена функциональными боковыми карманами.;0;xf3tgcf0uj7yrqf;lrg3k8cd5bgw3jv;f2gdh71ajulp1ti;Для мужчин;"[""https://xcimg.szwego.com/img/98fd4e8e/20250718/i1752853487051_3266_0_0.jpg"",""https://xcimg.szwego.com/img/98fd4e8e/20250718/i1752853487038_7083_0_1.jpg"",""https://xcimg.szwego.com/img/98fd4e8e/20250718/i1752853490106_8639_0_4.jpg"",""https://xcimg.szwego.com/img/98fd4e8e/20250718/i1752853487096_5209_0_5.jpg"",""https://xcimg.szwego.com/img/98fd4e8e/20250718/i1752853490243_2264_0_6.jpg"",""https://xcimg.szwego.com/img/98fd4e8e/20250718/i1752853490206_1425_0_7.jpg"",""https://xcimg.szwego.com/img/98fd4e8e/20250718/i1752853486907_6658_0_8.jpg"",""https://xcimg.szwego.com/img/98fd4e8e/20250718/i1752853490068_7466_0_9.jpg"",""https://xcimg.szwego.com/img/98fd4e8e/20250718/i1752853490114_9512_0_10.jpg"",""https://xcimg.szwego.com/img/98fd4e8e/20250718/i1752853492168_9610_0_3.jpg"",""https://xcimg.szwego.com/img/98fd4e8e/20250718/i1752853487152_3669_0_2.jpg"",""https://xcimg.szwego.com/img/98fd4e8e/20250718/i1752853492134_7964_0_11.jpg""]"
_djcrSY1I6dmsUbFfE4FBvA8dwY_dB5Ib1jndUKg;Louis Vuitton Парка;Louis Vuitton представляет мужскую парку с капюшоном, сочетающую классические элементы Monogram и функциональный дизайн. Модель выполнена из высококачественной кожи с фирменным принтом Monogram по всей поверхности. Внутренняя подкладка из мягкого и теплого меха с леопардовым принтом обеспечивает комфорт и добавляет выразительный акцент.\n\nОбъемный капюшон защищает от ветра и холода, создавая многослойный силуэт. Передняя часть дополнена функциональными карманами с клапанами и металлическими кнопками. Двойная застежка на молнию и кнопки гарантирует надежную защиту от непогоды. Приталенный крой с регулируемой талией позволяет создать четкий силуэт, сохраняя при этом удобство при носке. Универсальная модель идеально подходит как для повседневных образов с джинсами и кроссовками, так и для более расслабленных сочетаний с рубашками и брюками.;0;977uh954t91spxq;lrg3k8cd5bgw3jv;f2gdh71ajulp1ti;Для мужчин;"[""https://xcimg.szwego.com/img/65702085/20250812/i1755008509_8222_1.jpg"",""https://xcimg.szwego.com/img/65702085/20250812/i1755008509_1779_0.jpg"",""https://xcimg.szwego.com/img/65702085/20250812/i1755008529_7019_6.jpg"",""https://xcimg.szwego.com/img/65702085/20250812/i1755008528_2582_0.jpg"",""https://xcimg.szwego.com/img/65702085/20250812/i1755008528_8961_5.jpg"",""https://xcimg.szwego.com/img/65702085/20250812/i1755008528_3598_4.jpg"",""https://xcimg.szwego.com/img/65702085/20250812/i1755008528_2970_1.jpg"",""https://xcimg.szwego.com/img/65702085/20250812/i1755008528_7864_3.jpg"",""https://xcimg.szwego.com/img/65702085/20250812/i1755008528_305_2.jpg""]"
_duqrSK6A6oPb3lgOoPrthxpqCRcRHLmY_RrLYWw;Lemaire Кожаная куртка;Lemaire представляет модель из премиальной кожи в нежном молочно-белом оттенке. Изделие выполнено в стиле современной минималистичной эстетики, сочетающей французскую элегантность и безупречное качество материалов.\n\nКуртка дополнена классическим отложным воротником, объемными накладными карманами и эластичной отделкой по низу, которая обеспечивает идеальную посадку по фигуре. Мягкая фактура кожи со временем приобретает уникальный благородный блеск, подчеркивая индивидуальный характер вещи.\n\nУниверсальный крой позволяет легко сочетать куртку как с повседневными образами, так и с более формальными элементами гардероба, создавая утонченный и сдержанный силуэт.;0;s2rx2wedmvdj3w8;lrg3k8cd5bgw3jv;f2gdh71ajulp1ti;Для мужчин;"[""https://xcimg.szwego.com/img/65702085/20250908/i1757335088_8694_0.jpg"",""https://xcimg.szwego.com/img/65702085/20250908/i1757335088_5846_1.jpg"",""https://xcimg.szwego.com/img/65702085/20250908/i1757335134_501_5.jpg"",""https://xcimg.szwego.com/img/65702085/20250908/i1757335134_1380_4.jpg"",""https://xcimg.szwego.com/img/65702085/20250908/i1757335134_8925_0.jpg"",""https://xcimg.szwego.com/img/65702085/20250908/i1757335134_5855_1.jpg"",""https://xcimg.szwego.com/img/65702085/20250908/i1757335134_6176_2.jpg"",""https://xcimg.szwego.com/img/65702085/20250908/i1757335148_1702_0.jpg"",""https://xcimg.szwego.com/img/65702085/20250908/i1757335134_3242_3.jpg""]"
_dh4rSgvWGa_wSGoVlrI2b3lQ8ACEmR9b8lrC8ZA;Lemaire Куртка;Lemaire представляет кожаную куртку оливкового цвета, вдохновленную эстетикой современной городской жизни. Модель выполнена из высококачественной кожи с деликатным блеском, которая со временем приобретает уникальную текстуру. Классический отложной воротник и объемные накладные карманы по бокам придают изделию функциональность и выразительный силуэт. Нижний край дополнен сборкой, обеспечивающей лучшую посадку и защиту от ветра. Лаконичный крой позволяет легко сочетать куртку как с повседневными футболками и джинсами, так и с более формальными рубашками и брюками.;0;s2rx2wedmvdj3w8;lrg3k8cd5bgw3jv;f2gdh71ajulp1ti;Для мужчин;"[""https://xcimg.szwego.com/img/65702085/20250908/i1757334689_9912_8.jpg"",""https://xcimg.szwego.com/img/65702085/20250908/i1757334740_5149_0.jpg"",""https://xcimg.szwego.com/img/65702085/20250908/i1757334689_31_2.jpg"",""https://xcimg.szwego.com/img/65702085/20250908/i1757334689_2720_0.jpg"",""https://xcimg.szwego.com/img/65702085/20250908/i1757334689_9794_4.jpg"",""https://xcimg.szwego.com/img/65702085/20250908/i1757334689_242_3.jpg"",""https://xcimg.szwego.com/img/65702085/20250908/i1757334690_63_9.jpg"",""https://xcimg.szwego.com/img/65702085/20250908/i1757334689_565_5.jpg"",""https://xcimg.szwego.com/img/65702085/20250908/i1757334689_8346_1.jpg""]"
_dk-rSnLmqRZAp96qMpGnYlsAS-y_wQE2HUXzH7A;Brunello Cucinelli Кожаная куртка;Классическая кожаная куртка от Brunello Cucinelli, выполненная с использованием традиционного итальянского мастерства. Модель сочетает в себе винтажный силуэт и премиальное качество материалов. Куртка выполнена в классическом черном цвете из высококачественной кожи с细腻 текстурой. Дизайн дополнен классическим отложным воротником и контрастной красно-коричневой подкладкой, которая придает изделию особый шарм. \n\nПрактичные карманы и четкие линии кроя создают объемный и стильный силуэт. Свободная посадка позволяет легко сочетать куртку как с деловыми рубашками, так и с повседневными худи, что делает ее универсальным элементом гардероба для любого случая.;0;ll73bx30faqq27r;lrg3k8cd5bgw3jv;f2gdh71ajulp1ti;Для мужчин;"[""https://xcimg.szwego.com/img/65702085/20250901/i1756742370_1646_2.jpg"",""https://xcimg.szwego.com/img/65702085/20250901/i1756742371_1513_7.jpg"",""https://xcimg.szwego.com/img/65702085/20250901/i1756742370_6011_0.jpg"",""https://xcimg.szwego.com/img/65702085/20250901/i1756742370_4697_5.jpg"",""https://xcimg.szwego.com/img/65702085/20250901/i1756742370_1686_4.jpg"",""https://xcimg.szwego.com/img/65702085/20250901/i1756742370_1683_1.jpg"",""https://xcimg.szwego.com/img/65702085/20250902/i1756742665_3044_0.jpg"",""https://xcimg.szwego.com/img/65702085/20250902/i1756742665_6219_1.jpg"",""https://xcimg.szwego.com/img/65702085/20250902/i1756742665_56_2.jpg""]"
_doKrSWMiNXTU-B7fW0fOV3lqWVbu_HgzZApOpcg;Louis Vuitton Куртка;В 2023 году Louis Vuitton представляет стильную мужскую бейсбольную куртку, сочетающую в себе элементы детской непосредственности и роскошного стиля. Модель выполнена из высококачественной зернистой воловьей кожи LWG на рукавах и мягкой овечьей шерсти на корпусе, что обеспечивает комфорт и долговечность.\n\nДизайн украшен яркими логотипами бренда, игривыми мультяшными принтами и изысканной вышивкой. Куртка дополнена классическим рубашечным воротником, а также эластичными манжетами и подолом из овечьей шерсти, которые создают идеальную посадку по фигуре. На кожаных рукавах присутствует тонкий рельефный узор LV Monogram, подчеркивающий наследие модного дома.\n\nВнутренняя подкладка из смеси купро и хлопка гарантирует приятные тактильные ощущения. Свободный крой делает эту модель универсальной для различных образов: от повседневных с джинсами до более расслабленных с брюками чинос.;0;977uh954t91spxq;lrg3k8cd5bgw3jv;f2gdh71ajulp1ti;Для мужчин;"[""https://xcimg.szwego.com/img/65702085/20250807/i1754554762_9831_0.jpg"",""https://xcimg.szwego.com/img/65702085/20250807/i1754554762_5358_1.jpg"",""https://xcimg.szwego.com/img/65702085/20250805/i1754342248_4153_7.jpg"",""https://xcimg.szwego.com/img/65702085/20250805/i1754342248_9783_8.jpg"",""https://xcimg.szwego.com/img/65702085/20250805/i1754342247_1252_0.jpg"",""https://xcimg.szwego.com/img/65702085/20250805/i1754342247_350_3.jpg"",""https://xcimg.szwego.com/img/65702085/20250805/i1754342262_5138_0.jpg"",""https://xcimg.szwego.com/img/65702085/20250805/i1754342247_4957_2.jpg"",""https://xcimg.szwego.com/img/65702085/20250805/i1754342247_6492_5.jpg""]"
_dj_rSeEdj8fN0YUBD37NXSNGSGviDEiGROJHnLQ;Louis Vuitton Бомбер;Эта модель бомбера от Louis Vuitton сочетает в себе классический силуэт и премиальные материалы. Изделие выполнено из комбинации натуральной телячьей кожи и шерсти, что обеспечивает приятную текстуру и комфорт. На груди и спине расположена объемная вышивка с фирменной символикой бренда, подчеркивающая статус и внимание к деталям.\n\nКлассический крой позволяет легко сочетать куртку как с джинсами для создания повседневного образа, так и с брюками для более формального стиля. Модель отличается высоким качеством исполнения и продуманным дизайном, подходящим для различных случаев.;0;977uh954t91spxq;lrg3k8cd5bgw3jv;f2gdh71ajulp1ti;Для мужчин;"[""https://xcimg.szwego.com/img/65702085/20250908/i1757335691_1253_8.jpg"",""https://xcimg.szwego.com/img/65702085/20250908/i1757335690_2098_3.jpg"",""https://xcimg.szwego.com/img/65702085/20250908/i1757335690_6529_4.jpg"",""https://xcimg.szwego.com/img/65702085/20250908/i1757335691_2668_6.jpg"",""https://xcimg.szwego.com/img/65702085/20250908/i1757335691_3607_7.jpg"",""https://xcimg.szwego.com/img/65702085/20250908/i1757335691_4518_5.jpg"",""https://xcimg.szwego.com/img/65702085/20250908/i1757335690_4835_1.jpg"",""https://xcimg.szwego.com/img/65702085/20250908/i1757335690_8671_0.jpg"",""https://xcimg.szwego.com/img/65702085/20250908/i1757335690_8676_2.jpg""]"
_dsOrSEQRksM6C00sKevaqpRHZzDk73Tl1wOc75A;Louis Vuitton Куртка;Эта бейсбольная куртка от Louis Vuitton представляет собой сочетание американской ретро-культуры и французского мастерства. Модель выполнена из комбинации высококачественной шерсти и натуральной кожи. Шерстяная часть отличается плотностью и текстурой, а кожаные рукава имеют изысканную отделку и мягкость на ощупь.\n\nДетали изделия подчеркивают премиальный статус бренда: объемная вышивка, инкрустированные камнями эмблемы и кастомные пуговицы. Классический крой с бейсбольным воротником обеспечивает стильный и динамичный образ. Качество исполнения швов и соединений материалов отражает высокие стандарты французского производства. Куртка идеально подходит для создания многослойных образов, будь то уличный стиль, модная вечеринка или повседневный ретро-образ. Цвет: винно-красный с кремовым.;0;977uh954t91spxq;lrg3k8cd5bgw3jv;f2gdh71ajulp1ti;Для мужчин;"[""https://xcimg.szwego.com/img/c92d6d09/20251030/i1761831348_9795_7.jpg"",""https://xcimg.szwego.com/img/c92d6d09/20251030/i1761831347_9548_0.jpg"",""https://xcimg.szwego.com/img/c92d6d09/20251030/i1761831348_2806_1.jpg"",""https://xcimg.szwego.com/img/c92d6d09/20251030/i1761831348_3471_3.jpg"",""https://xcimg.szwego.com/img/c92d6d09/20251030/i1761831348_8833_5.jpg"",""https://xcimg.szwego.com/img/c92d6d09/20251030/i1761831348_2778_9.jpg"",""https://xcimg.szwego.com/img/c92d6d09/20251030/i1761831348_3915_8.jpg"",""https://xcimg.szwego.com/img/c92d6d09/20251030/i1761831348_7826_2.jpg"",""https://xcimg.szwego.com/img/c92d6d09/20251030/i1761831348_2140_6.jpg""]"
_dkQrS3Cje6Mv1DWfewWt2dHHwL3Q6YtjNfIhl0Q;Louis Vuitton Куртка;Эта стильная бейсбольная куртка выполнена в контрастном сочетании желтого и черного цветов. Модель сочетает в себе мягкие материалы корпуса и кожаные рукава, создавая уникальную текстуру и структуру. Дизайн украшен фирменными элементами бренда и выразительными графическими принтами, которые подчеркивают индивидуальность и современный стиль.\n\nКуртка дополнена классическим бейсбольном воротником и застежкой на пуговицах. Это идеальный выбор для создания яркого городского образа, сочетающего в себе небрежность уличного стиля и высокую моду.;0;977uh954t91spxq;lrg3k8cd5bgw3jv;f2gdh71ajulp1ti;Для мужчин;"[""https://xcimg.szwego.com/img/65702085/20250902/i1756826170_8805_7.jpg"",""https://xcimg.szwego.com/img/65702085/20250902/i1756826344_8058_0.jpg"",""https://xcimg.szwego.com/img/65702085/20250902/i1756826170_3232_5.jpg"",""https://xcimg.szwego.com/img/65702085/20250902/i1756826170_5965_4.jpg"",""https://xcimg.szwego.com/img/65702085/20250902/i1756826169_562_0.jpg"",""https://xcimg.szwego.com/img/65702085/20250902/i1756826169_8364_2.jpg"",""https://xcimg.szwego.com/img/65702085/20250902/i1756826169_497_1.jpg"",""https://xcimg.szwego.com/img/65702085/20250902/i1756826170_3775_8.jpg"",""https://xcimg.szwego.com/img/65702085/20250902/i1756826170_5671_9.jpg"",""https://xcimg.szwego.com/img/65702085/20250902/i1756826170_7331_12.jpg""]"
_dworSRH70hEpUWAJMjMDG3Tw-12jfOzKXry3Gpw;Louis Vuitton Куртка;Креативная бейсбольная куртка с фирменным узором. Модель выполнена в контрастном сочетании зеленого и белого цветов, что придает образу динамичность и индивидуальность. Изделие изготовлено из высококачественных материалов: основная часть обеспечивает комфорт, а кожаные рукава добавляют структурированности и уникальной текстуры.\n\nКлассические логотипы бренда и креативные принты гармонично расположены по всей поверхности, создавая современную интерпретацию стиля. Дизайн с отложным воротником формирует четкие и непринужденные линии, а застежка на пуговицах подчеркивает ритм современной моды. Эта куртка станет ярким акцентом в гардеробе, объединяя уличную свободу и художественную креативность.;0;977uh954t91spxq;lrg3k8cd5bgw3jv;f2gdh71ajulp1ti;Для мужчин;"[""https://xcimg.szwego.com/img/65702085/20250902/i1756825748_2943_4.jpg"",""https://xcimg.szwego.com/img/65702085/20250902/i1756825748_125_8.jpg"",""https://xcimg.szwego.com/img/65702085/20250902/i1756825748_4428_1.jpg"",""https://xcimg.szwego.com/img/65702085/20250902/i1756825748_7342_7.jpg"",""https://xcimg.szwego.com/img/65702085/20250902/i1756825749_5419_13.jpg"",""https://xcimg.szwego.com/img/65702085/20250902/i1756825748_7188_9.jpg"",""https://xcimg.szwego.com/img/65702085/20250902/i1756825748_3899_6.jpg"",""https://xcimg.szwego.com/img/65702085/20250902/i1756825748_4490_0.jpg"",""https://xcimg.szwego.com/img/65702085/20250902/i1756825748_6413_11.jpg""]"
_dfXrSAQ8YC4gTTgy18C3wABI3X7rwawhBMWVpnA;Louis Vuitton Куртка;Классическая бейсбольная куртка от Louis Vuitton, выполненная из сочетания высококачественной шерсти и натуральной кожи ягненка на рукавах. Модель отличается премиальной текстурой и продуманным кроем.\n\nНа спинке расположен объемный логотип, выполненный в технике многослойного тиснения с имитацией ручной строчки. Куртка дополнена классическим воротником-стойкой, симметричными карманами и эластичными трикотажными манжетами в полоску. Идеальное сочетание тепла шерсти и элегантности кожи для создания стильного образа.;0;977uh954t91spxq;lrg3k8cd5bgw3jv;f2gdh71ajulp1ti;Для мужчин;"[""https://xcimg.szwego.com/img/65702085/20250823/i1755917134_2266_10.jpg"",""https://xcimg.szwego.com/img/65702085/20250823/i1755917133_702_4.jpg"",""https://xcimg.szwego.com/img/65702085/20250823/i1755917133_2073_2.jpg"",""https://xcimg.szwego.com/img/65702085/20250823/i1755917133_4520_1.jpg"",""https://xcimg.szwego.com/img/65702085/20250823/i1755917133_5169_7.jpg"",""https://xcimg.szwego.com/img/65702085/20250823/i1755917134_6827_11.jpg"",""https://xcimg.szwego.com/img/65702085/20250823/i1755917133_673_6.jpg"",""https://xcimg.szwego.com/img/65702085/20250823/i1755917133_9385_5.jpg"",""https://xcimg.szwego.com/img/65702085/20250823/i1755917133_3981_0.jpg""]"
_diKrSEYCJ7kgm1Z93V387s_scN4V1AdK2E894qg;Louis Vuitton Куртка;Классическая бейсбольная куртка с контрастными деталями. Основной материал выполнен из высококачественной шерсти нежного розового оттенка. Рукава из мягкой белой кожи создают эффектный контраст и подчеркивают силуэт. На спинке расположена высокоточная вышивка с фирменной надписью 2 RUE DU PONTNEUF. Модель дополнена классическим бейсбольным воротником, симметричными карманами и трикотажными манжетами в полоску, что придает образу спортивный и молодежный стиль.;0;977uh954t91spxq;lrg3k8cd5bgw3jv;f2gdh71ajulp1ti;Для мужчин;"[""https://xcimg.szwego.com/img/65702085/20250823/i1755917045_1421_3.jpg"",""https://xcimg.szwego.com/img/65702085/20250823/i1755917045_8803_5.jpg"",""https://xcimg.szwego.com/img/65702085/20250823/i1755917045_2458_2.jpg"",""https://xcimg.szwego.com/img/65702085/20250823/i1755917045_548_1.jpg"",""https://xcimg.szwego.com/img/65702085/20250823/i1755917045_2003_8.jpg"",""https://xcimg.szwego.com/img/65702085/20250823/i1755917045_5782_4.jpg"",""https://xcimg.szwego.com/img/65702085/20250823/i1755917045_3996_7.jpg"",""https://xcimg.szwego.com/img/65702085/20250823/i1755917045_7210_6.jpg"",""https://xcimg.szwego.com/img/65702085/20250823/i1755917045_1666_0.jpg""]"
_dxbrSwIuPDCBEX5zDhfc9nBbqvia9od6q2wst-A;Louis Vuitton Бомбер;Мужская бейсбольная куртка от Louis Vuitton, сочетающая в себе авангардный дизайн и премиальные материалы. Модель выполнена из мягкой и комфортной шерстяной смеси, обеспечивающей оптимальную теплоизоляцию и воздухопроницаемость. Рукава изготовлены из эластичного трикотажа, что гарантирует свободу движений и комфорт при носке.\n\nПередняя часть изделия украшена множеством вышивок и аппликаций, включая логотип Louis Vuitton, геометрические элементы и художественные символы. На спинке расположена крупная вышивка с изображением глаз и логотипом бренда, что придает куртке яркий уличный стиль и художественную выразительность. Классический силуэт бейсбольной куртки дополнен трикотажными манжетами и подолом для идеальной посадки. Застежка на пуговицах подчеркивает традиционный университетский стиль, гармонично сочетающийся с современными дизайнерскими акцентами.;0;977uh954t91spxq;lrg3k8cd5bgw3jv;f2gdh71ajulp1ti;Для мужчин;"[""https://xcimg.szwego.com/img/65702085/20250807/i1754551846_3825_6.jpg"",""https://xcimg.szwego.com/img/65702085/20250807/i1754551846_3309_7.jpg"",""https://xcimg.szwego.com/img/65702085/20250807/i1754551846_978_4.jpg"",""https://xcimg.szwego.com/img/65702085/20250807/i1754551846_374_0.jpg"",""https://xcimg.szwego.com/img/65702085/20250807/i1754551846_6664_1.jpg"",""https://xcimg.szwego.com/img/65702085/20250807/i1754551846_9951_5.jpg"",""https://xcimg.szwego.com/img/65702085/20250807/i1754551846_6098_8.jpg"",""https://xcimg.szwego.com/img/65702085/20250807/i1754551846_8117_2.jpg"",""https://xcimg.szwego.com/img/65702085/20250807/i1754551846_6575_3.jpg""]"
_d8arSqrlt22Dtw6H_JANzZgfDUnlQLlN6v1K0jg;Berluti Куртка;Куртка выполнена из 100% натуральной кожи с мехом. Модель отличается сложной технологией обработки материала, обеспечивающей равномерный цвет и высокую износостойкость. При создании изделия использованы высокоточные методы кроя и сборки, гарантирующие идеальную посадку и долговечность конструкции.\n\nВнутренняя часть дополнена качественным овечьим мехом, обеспечивающим оптимальную теплоизоляцию и комфорт. Детали изделия, включая металлическую цепочку на воротнике, кнопки и фурнитуру, прошли строгие испытания на прочность и надежность. Качественная молния обеспечивает плавный ход, а продуманная система кроя сохраняет форму изделия даже при длительной носке.;0;i5129fa1bqw2mtb;lrg3k8cd5bgw3jv;f2gdh71ajulp1ti;Для мужчин;"[""https://xcimg.szwego.com/img/6c7a535f/20251121/i1763740058901_1490_0_0.jpg"",""https://xcimg.szwego.com/img/6c7a535f/20251121/i1763740057097_1854_0_1.jpg"",""https://xcimg.szwego.com/img/6c7a535f/20251121/i1763740057013_8670_0_2.jpg"",""https://xcimg.szwego.com/img/6c7a535f/20251121/i1763740058864_5680_0_3.jpg"",""https://xcimg.szwego.com/img/6c7a535f/20251121/i1763740057036_7787_0_4.jpg"",""https://xcimg.szwego.com/img/6c7a535f/20251121/i1763740056984_6707_0_5.jpg"",""https://xcimg.szwego.com/img/6c7a535f/20251121/i1763740058052_200_0_6.jpg"",""https://xcimg.szwego.com/img/6c7a535f/20251121/i1763740058049_7493_0_7.jpg"",""https://xcimg.szwego.com/img/6c7a535f/20251121/i1763740057037_898_0_8.jpg""]"
_debrStemCk_ca4aG3hQL9lKZ_q4aFLYuwDmVjaA;Dior Куртка;Миловидная бейсбольная куртка из натуральной козьей кожи. Модель выполнена с использованием высокоточных технологий кроя и сборки, обеспечивающих идеальную стыковку деталей и безупречную обработку швов. Изделие дополнено декоративными вставками с фактурным узором, которые гармонично сочетаются с основным материалом. На спинке расположен фирменный графический элемент, выполненный с высокой детализацией. Куртка оснащена функциональными карманами с потайными швами и объемными краями. Внутренняя подкладка выполнена из качественного жаккардового шелка. Воротник и манжеты связаны из плотного трикотажа с высоким показателем эластичности и износостойкости.;0;ivacgwvpdne0t35;lrg3k8cd5bgw3jv;f2gdh71ajulp1ti;Для мужчин;"[""https://xcimg.szwego.com/img/65702085/20251113/i1762965612297_7061_0_0.jpg"",""https://xcimg.szwego.com/img/65702085/20251113/i1762965608664_9813_0_1.jpg"",""https://xcimg.szwego.com/img/65702085/20251113/i1762965612276_9102_0_2.jpg"",""https://xcimg.szwego.com/img/65702085/20251113/i1762965612281_9890_0_5.jpg"",""https://xcimg.szwego.com/img/65702085/20251113/i1762965608664_4958_0_6.jpg"",""https://xcimg.szwego.com/img/65702085/20251113/i1762965612246_1046_0_7.jpg"",""https://xcimg.szwego.com/img/65702085/20251113/i1762965612274_9647_0_8.jpg"",""https://xcimg.szwego.com/img/65702085/20251113/i1762965608664_1065_0_9.jpg"",""https://xcimg.szwego.com/img/65702085/20251113/i1762965613691_4098_0_10.jpg""]"
_dkkrSPLYGiLJJr8mf0Lzhp1BX8_FYlMSLvKlHtQ;Louis Vuitton Куртка;Классическая куртка из натуральной овчины с фирменным принтом. Модель выполнена из отборной кожи ягненка, обеспечивающей исключительную мягкость и тепло. \n\nДизайн в глубоком цвете хаки подчеркивает природную текстуру материала. Использование технологии烧花 (выжигание) создает объемный узор на поверхности кожи, придавая изделию премиальный вид. Натуральная обработка материала сохраняет естественные свойства кожи и меха, обеспечивая комфорт и легкость при носке.;0;977uh954t91spxq;lrg3k8cd5bgw3jv;f2gdh71ajulp1ti;Для мужчин;"[""https://xcimg.szwego.com/img/65702085/20250714/i1752501614175_3038_0_0.jpg"",""https://xcimg.szwego.com/img/65702085/20250714/i1752501611872_473_0_1.jpg"",""https://xcimg.szwego.com/img/65702085/20250714/i1752501611872_5145_0_2.jpg"",""https://xcimg.szwego.com/img/65702085/20250714/i1752501614199_5493_0_5.jpg"",""https://xcimg.szwego.com/img/65702085/20250714/i1752501611872_6187_0_4.jpg"",""https://xcimg.szwego.com/img/65702085/20250714/i1752501614204_4810_0_6.jpg"",""https://xcimg.szwego.com/img/65702085/20250714/i1752501614162_3530_0_7.jpg"",""https://xcimg.szwego.com/img/65702085/20250714/i1752501611872_2315_0_9.jpg"",""https://xcimg.szwego.com/img/65702085/20250714/i1752501611872_4396_0_8.jpg""]"
_dlLrScltlPaKorINs9PYm3VKqAX7vaCGjqRVQmA;Louis Vuitton Куртка;Стильная мужская бейсбольная куртка из натуральной овчины. Внешний материал выполнен из 100% натуральной кожи, прошедшей профессиональную обработку для придания мягкости и отличных теплоизоляционных свойств. Внутренняя подкладка из смеси полиэстера и вискозы обеспечивает комфорт и воздухопроницаемость.\n\nМодель отличается точным кроем и качественной сборкой. На груди расположен фирменный логотип LV, выполненный с использованием комбинации ручной инкрустации стразами и машинной вышивки. Детали отделки включают брендированную металлическую фурнитуру и эластичные трикотажные манжеты и воротник, сохраняющие форму после длительного использования. Куртка обладает превосходной износостойкостью и сохраняет безупречный вид даже при активной носке. Цвет: коричневый.;0;977uh954t91spxq;lrg3k8cd5bgw3jv;f2gdh71ajulp1ti;Для мужчин;"[""https://xcimg.szwego.com/img/65702085/20251128/i1764292805193_9038_0_0.jpg"",""https://xcimg.szwego.com/img/65702085/20251128/i1764292805175_6999_0_1.jpg"",""https://xcimg.szwego.com/img/65702085/20251128/i1764292805139_3728_0_2.jpg"",""https://xcimg.szwego.com/img/65702085/20251128/i1764292802379_9921_0_3.jpg"",""https://xcimg.szwego.com/img/65702085/20251128/i1764292802286_179_0_4.jpg"",""https://xcimg.szwego.com/img/65702085/20251128/i1764292805083_7437_0_5.jpg"",""https://xcimg.szwego.com/img/65702085/20251128/i1764292802431_5430_0_6.jpg"",""https://xcimg.szwego.com/img/65702085/20251128/i1764292802291_3012_0_7.jpg"",""https://xcimg.szwego.com/img/65702085/20251128/i1764292802299_3557_0_8.jpg""]"
_duIrSB_QLvR4UQoO7LbuWErxCq-W9ZEcVFuZv9g;Chrome Hearts Куртка;Мотоциклетная куртка выполнена из 100% натуральной кожи змеи с использованием специальной технологии обработки для создания реалистичной текстуры. Каждая деталь, включая воротник и погоны, выкроена с высокой точностью. Фурнитура из серебра с эффектом состаривания выполнена по индивидуальному заказу, включая фирменные бегунки молний в форме кинжалов. Куртка дополнена заклепками в виде крестов, прошедшими тест на прочность. Внутренняя подкладка из 100% шелка украшена фирменным жаккардовым узором. Модель отличается высоким качеством исполнения и вниманием к деталям.\n\nЦвет: черный\nРазмерный ряд: 46-52;0;qbunqx3arwquz1j;lrg3k8cd5bgw3jv;f2gdh71ajulp1ti;Для мужчин;"[""https://xcimg.szwego.com/img/6c7a535f/20251204/i1764814219195_1674_0_0.jpg"",""https://xcimg.szwego.com/img/6c7a535f/20251204/i1764814216977_4013_0_1.jpg"",""https://xcimg.szwego.com/img/6c7a535f/20251204/i1764814216977_1521_0_2.jpg"",""https://xcimg.szwego.com/img/6c7a535f/20251204/i1764814216977_8953_0_3.jpg"",""https://xcimg.szwego.com/img/6c7a535f/20251204/i1764814219781_553_0_6.jpg"",""https://xcimg.szwego.com/img/6c7a535f/20251204/i1764814219201_9866_0_7.jpg"",""https://xcimg.szwego.com/img/6c7a535f/20251204/i1764814218834_3362_0_8.jpg"",""https://xcimg.szwego.com/img/6c7a535f/20251204/i1764814219224_7903_0_9.jpg"",""https://xcimg.szwego.com/img/6c7a535f/20251204/i1764814219093_3912_0_10.jpg""]"
_dw8rSmd90lxuMEqT1lcfEstuskE18UJ1HMAN0hg;Berluti Куртка;Эта замшевая куртка в стиле сафари представляет собой изысканное сочетание парижской эстетики от кутюр и винтажного стиля. Модель выполнена из высококачественной итальянской замши, которая отличается мягкостью и благородной текстурой. Куртка имеет структурированный, но расслабленный силуэт, подчеркивающий премиальный статус изделия.\n\nДетали включают фирменную фурнитуру с гравировкой, контрастную кожаную отделку воротника и функциональные карманы, сочетающие в себе стиль и практичность. Качество ручной работы прослеживается в каждом шве, что делает эту вещь идеальным выбором для создания утонченного образа. Модель подходит для городских прогулок, деловых встреч и неформальных мероприятий.;0;i5129fa1bqw2mtb;lrg3k8cd5bgw3jv;f2gdh71ajulp1ti;Для мужчин;"[""https://xcimg.szwego.com/img/6c7a535f/20260115/i1768473479541_5565_0_0.jpg"",""https://xcimg.szwego.com/img/6c7a535f/20260115/i1768473479541_2739_0_1.jpg"",""https://xcimg.szwego.com/img/6c7a535f/20260115/i1768473481370_8186_0_2.jpg"",""https://xcimg.szwego.com/img/6c7a535f/20260115/i1768473486554_5802_0_3.jpg"",""https://xcimg.szwego.com/img/6c7a535f/20260115/i1768473482357_7611_0_5.jpg"",""https://xcimg.szwego.com/img/6c7a535f/20260115/i1768473479541_9922_0_6.jpg"",""https://xcimg.szwego.com/img/6c7a535f/20260115/i1768473482332_1504_0_7.jpg"",""https://xcimg.szwego.com/img/6c7a535f/20260115/i1768473482411_4935_0_8.jpg"",""https://xcimg.szwego.com/img/6c7a535f/20260115/i1768473479541_2900_0_9.jpg""]"
_dlsrSA8Lq4MylpNl96V8VnKdDGlXmw8W3Tfy7-A;Tom Ford Куртка;Эта модель представляет собой изысканное сочетание итальянской эстетики минимализма и мастерства пошива высокого уровня. Куртка выполнена из натуральной замши премиального качества, обладающей мягкой и бархатистой текстурой. Объемный крой обеспечивает комфортную посадку, сохраняя при этом элегантный силуэт.\n\nДетали изделия подчеркивают статус бренда: фирменная фурнитура с гравировкой, кожаные шнурки в тон и металлические кнопки. Двойной капюшон сочетает в себе функциональность и стиль, а эластичные трикотажные манжеты обеспечивают идеальное прилегание. Качественная ручная работа видна в каждом шве, что гарантирует долговечность и безупречный вид изделия. Модель идеально подходит для создания многослойных образов, будь то повседневный городской стиль или более формальный выход.;0;ume40c3zc4v3w33;lrg3k8cd5bgw3jv;f2gdh71ajulp1ti;Для мужчин;"[""https://xcimg.szwego.com/img/6c7a535f/20260115/i1768473510641_9791_0_0.jpg"",""https://xcimg.szwego.com/img/6c7a535f/20260115/i1768473510651_3605_0_1.jpg"",""https://xcimg.szwego.com/img/6c7a535f/20260115/i1768473510611_4990_0_2.jpg"",""https://xcimg.szwego.com/img/6c7a535f/20260115/i1768473512791_839_0_3.jpg"",""https://xcimg.szwego.com/img/6c7a535f/20260115/i1768473515047_4639_0_4.jpg"",""https://xcimg.szwego.com/img/6c7a535f/20260115/i1768473511758_8798_0_5.jpg"",""https://xcimg.szwego.com/img/6c7a535f/20260115/i1768473516144_1778_0_6.jpg"",""https://xcimg.szwego.com/img/6c7a535f/20260115/i1768473513654_4571_0_7.jpg"",""https://xcimg.szwego.com/img/6c7a535f/20260115/i1768473513591_9295_0_8.jpg""]"
_duhrSULWmgSZrTR8i5Pghcwsxi531IxXPvkh2ig;Berluti Куртка;Эта куртка с капюшоном представляет собой изысканное сочетание вековых традиций кожевенного мастерства и итальянской элегантности. Модель выполнена из отборной итальянской кожи растительного дубления, которая отличается мягкостью и способностью со временем приобретать благородный блеск. Объемный крой обеспечивает комфорт и безупречную посадку.\n\nДетали подчеркивают премиальный статус изделия: фирменные кожаные пуллеры на молнии и аккуратная ручная прострочка краев. Дизайн дополнен практичным капюшоном, а также трикотажными манжетами и подолом для дополнительного удобства. Внутренняя подкладка украшена жаккардовым узором с фирменным каллиграфическим принтом Scritto, что придает модели особую эксклюзивность.\n\nЭто идеальный выбор для создания стильного образа в стиле casual, подходящего как для городских будней, так и для отдыха. Цвет: светло-коричневый.;0;i5129fa1bqw2mtb;lrg3k8cd5bgw3jv;f2gdh71ajulp1ti;Для мужчин;"[""https://xcimg.szwego.com/img/6c7a535f/20260115/i1768473540270_3488_0_0.jpg"",""https://xcimg.szwego.com/img/6c7a535f/20260115/i1768473540371_7138_0_1.jpg"",""https://xcimg.szwego.com/img/6c7a535f/20260115/i1768473544481_7918_0_2.jpg"",""https://xcimg.szwego.com/img/6c7a535f/20260115/i1768473541334_9269_0_3.jpg"",""https://xcimg.szwego.com/img/6c7a535f/20260115/i1768473539033_9873_0_4.jpg"",""https://xcimg.szwego.com/img/6c7a535f/20260115/i1768473537881_7285_0_5.jpg"",""https://xcimg.szwego.com/img/6c7a535f/20260115/i1768473536481_473_0_7.jpg"",""https://xcimg.szwego.com/img/6c7a535f/20260115/i1768473540312_5521_0_8.jpg"",""https://xcimg.szwego.com/img/6c7a535f/20260115/i1768473536591_9313_0_9.jpg""]"
_dpSrSH5zPz2OmQQQ5VJH83NYwKyzompROB7Tirw;Prada Куртка;Эта замшевая куртка-пилот от Prada представляет собой изысканное сочетание итальянской минималистичной эстетики и высокого мастерства пошива. Модель выполнена из отборной итальянской замши премиального качества, обладающей мягкой текстурой и благородным матовым финишем.\n\nКуртка имеет классический силуэт пилота с объемным кроем, который обеспечивает комфорт и стильный внешний вид. Особое внимание уделено деталям: фурнитура с гравировкой бренда выполнена с никелевым покрытием, что придает изделию ювелирную точность. Контрастный трикотажный воротник-стойка добавляет образу завершенности и практичности.\n\nКаждый шов выполнен вручную с безупречной аккуратностью, подчеркивая приверженность традициям итальянского портновского искусства. Эта модель станет идеальным дополнением гардероба для создания элегантных образов в стиле бизнес-кэжуал или для городских прогулок.\n\nЦвет: карамельно-коричневый.;0;xf3tgcf0uj7yrqf;lrg3k8cd5bgw3jv;f2gdh71ajulp1ti;Для мужчин;"[""https://xcimg.szwego.com/img/6c7a535f/20260113/i1768299916446_1889_0_0.jpg"",""https://xcimg.szwego.com/img/6c7a535f/20260113/i1768299917320_3269_0_1.jpg"",""https://xcimg.szwego.com/img/6c7a535f/20260113/i1768299917271_5097_0_2.jpg"",""https://xcimg.szwego.com/img/6c7a535f/20260113/i1768299917241_8928_0_3.jpg"",""https://xcimg.szwego.com/img/6c7a535f/20260113/i1768299916075_7564_0_4.jpg"",""https://xcimg.szwego.com/img/6c7a535f/20260113/i1768299917070_9828_0_5.jpg"",""https://xcimg.szwego.com/img/6c7a535f/20260113/i1768299918368_7494_0_6.jpg"",""https://xcimg.szwego.com/img/6c7a535f/20260113/i1768299916385_1079_0_7.jpg"",""https://xcimg.szwego.com/img/6c7a535f/20260113/i1768299916386_5303_0_10.jpg""]"
_dMvrSVkSvA0Kj8fCcrmr2R8L4ytG36XnH23Ntjw;Chrome Hearts Куртка;Эта кожаная байкерская куртка представляет собой сочетание готической эстетики и мастерства исполнения. Модель выполнена из высококачественной натуральной кожи, обладающей плотной и приятной текстурой. Изделие дополнено фирменной фурнитурой из серебра 925 пробы, включая заклепки в форме крестов и детализированные бегунки на молниях, что подчеркивает уникальный стиль бренда.\n\nКлассический крой с отложным воротником обеспечивает идеальную посадку и выразительный силуэт. Каждая деталь, от ручной прострочки до расположения металлических элементов, выполнена с особым вниманием к качеству. Эта куртка станет центральным элементом гардероба для создания дерзких и стильных образов, подходящих как для повседневной носки, так и для особых случаев.;0;qbunqx3arwquz1j;lrg3k8cd5bgw3jv;f2gdh71ajulp1ti;Для мужчин;"[""https://xcimg.szwego.com/img/6c7a535f/20260113/i1768299856489_3964_0_0.jpg"",""https://xcimg.szwego.com/img/6c7a535f/20260113/i1768299862881_9769_0_1.jpg"",""https://xcimg.szwego.com/img/6c7a535f/20260113/i1768299858488_6143_0_2.jpg"",""https://xcimg.szwego.com/img/6c7a535f/20260113/i1768299862036_4427_0_3.jpg"",""https://xcimg.szwego.com/img/6c7a535f/20260113/i1768299862835_5585_0_4.jpg"",""https://xcimg.szwego.com/img/6c7a535f/20260113/i1768299856495_544_0_5.jpg"",""https://xcimg.szwego.com/img/6c7a535f/20260113/i1768299860553_2424_0_6.jpg"",""https://xcimg.szwego.com/img/6c7a535f/20260113/i1768299867824_223_0_7.jpg"",""https://xcimg.szwego.com/img/6c7a535f/20260113/i1768299865228_8713_0_9.jpg""]"
_dljrSSsRV1NKOMvG-kh4IEPW4--eQ3qX7cLtvtA;Loewe Куртка;Эта куртка с капюшоном выполнена из премиальной итальянской кожи наппа, сочетая в себе многолетние традиции кожевенного мастерства и современный дизайн. Модель отличается мягкой, эластичной текстурой кожи и структурированным силуэтом. Детали включают брендированную металлическую фурнитуру и тисненый логотип Anagram на капюшоне. Практичный дизайн с регулируемым капюшоном на кулиске обеспечивает комфорт и защиту от ветра. Идеальный выбор для создания стильного образа в городских условиях.;0;v0xek8wss4meybg;lrg3k8cd5bgw3jv;f2gdh71ajulp1ti;Для мужчин;"[""https://xcimg.szwego.com/img/65702085/20251028/i1761581855_3147_1.jpg"",""https://xcimg.szwego.com/img/65702085/20251028/i1761581856_6631_5.jpg"",""https://xcimg.szwego.com/img/65702085/20251028/i1761581856_9059_9.jpg"",""https://xcimg.szwego.com/img/65702085/20251028/i1761581856_6007_3.jpg"",""https://xcimg.szwego.com/img/65702085/20251028/i1761581856_7736_2.jpg"",""https://xcimg.szwego.com/img/65702085/20251028/i1761581856_2276_4.jpg"",""https://xcimg.szwego.com/img/65702085/20251028/i1761581856_8682_7.jpg"",""https://xcimg.szwego.com/img/65702085/20251028/i1761581856_9991_8.jpg"",""https://xcimg.szwego.com/img/65702085/20251028/i1761581855_7988_0.jpg""]"
_dwkrSDgq2YiBe5ygiHG4LSI9CKLpWhPQpNI2NaA;Hermes Кожаная куртка;Двубортная кожаная куртка от легендарного дома моды. Модель выполнена из высококачественной натуральной кожи с использованием фирменных технологий обработки, что обеспечивает безупречную текстуру и долговечность изделия.\n\nКлассический двубортный дизайн с четкими линиями кроя и аккуратными лацканами подчеркивает статус и безупречный вкус владельца. Куртка обладает идеальной посадкой, обеспечивая комфорт и свободу движений. Лаконичные детали и премиальная фурнитура подчеркивают принадлежность к бренду, делая вещь универсальным элементом гардероба для деловых встреч и повседневных образов.;0;rakg8u0bx1y4qcy;lrg3k8cd5bgw3jv;f2gdh71ajulp1ti;Для мужчин;"[""https://xcimg.szwego.com/img/65702085/20250926/i1758900862_1274_5.jpg"",""https://xcimg.szwego.com/img/65702085/20250926/i1758900861_6113_1.jpg"",""https://xcimg.szwego.com/img/65702085/20250926/i1758900862_7533_3.jpg"",""https://xcimg.szwego.com/img/65702085/20250926/i1758900862_8505_4.jpg"",""https://xcimg.szwego.com/img/65702085/20250926/i1758900862_2556_8.jpg"",""https://xcimg.szwego.com/img/65702085/20250926/i1758900861_1556_2.jpg"",""https://xcimg.szwego.com/img/65702085/20250926/i1758900862_5174_10.jpg"",""https://xcimg.szwego.com/img/65702085/20250926/i1758900862_5182_11.jpg"",""https://xcimg.szwego.com/img/65702085/20250926/i1758900862_4270_9.jpg""]"
_dwArS0huVaAqtGoFkG_o1AP1BFjII5Y49Luk6bw;Hermes Куртка;Двубортная кожаная куртка в стиле байкерской модели от легендарного дома моды. Изделие выполнено из высококачественной натуральной кожи, прошедшей специальную обработку для достижения идеальной текстуры и формы. \n\nДизайн сочетает в себе классическую элегантность и современные акценты: двубортная застежка и четкие линии лацканов создают строгий, но стильный силуэт. Безупречное качество кроя и внимание к деталям подчеркивают статус владельца. Укороченный крой обеспечивает комфортную посадку и свободу движений, делая куртку универсальным элементом гардероба для деловых встреч и повседневных выходов.;0;rakg8u0bx1y4qcy;lrg3k8cd5bgw3jv;f2gdh71ajulp1ti;Для мужчин;"[""https://xcimg.szwego.com/img/65702085/20250926/i1758900758_8168_5.jpg"",""https://xcimg.szwego.com/img/65702085/20250926/i1758900758_9134_6.jpg"",""https://xcimg.szwego.com/img/65702085/20250926/i1758900757_3884_3.jpg"",""https://xcimg.szwego.com/img/65702085/20250926/i1758900758_842_7.jpg"",""https://xcimg.szwego.com/img/65702085/20250926/i1758900757_3594_0.jpg"",""https://xcimg.szwego.com/img/65702085/20250926/i1758900757_2367_2.jpg"",""https://xcimg.szwego.com/img/65702085/20250926/i1758900758_4979_4.jpg"",""https://xcimg.szwego.com/img/65702085/20250926/i1758900757_9940_1.jpg"",""https://xcimg.szwego.com/img/65702085/20250926/i1758900763_2327_0.jpg""]"
_drzrSCCpBIsvr2BmeDTKfXtt3t6bCXQ3tft53UA;Hermes Куртка;Элегантная кожаная куртка от Hermes, воплощающая в себе высокие стандарты мастерства и премиальный стиль. Модель выполнена из высококачественной натуральной кожи с использованием фирменной техники обработки, что придает материалу особую текстуру и благородный блеск.\n\nИзделие отличается безупречным кроем с акцентом на детали: аккуратная прострочка, классический отложной воротник и функциональные карманы подчеркивают статусность вещи. Лаконичный дизайн и выверенный силуэт делают эту куртку идеальным выбором для создания как деловых, так и повседневных образов, обеспечивая безупречный внешний вид в любой ситуации.;0;rakg8u0bx1y4qcy;lrg3k8cd5bgw3jv;f2gdh71ajulp1ti;Для мужчин;"[""https://xcimg.szwego.com/img/65702085/20250926/i1758901320_9597_0.jpg"",""https://xcimg.szwego.com/img/65702085/20250926/i1758901271_5091_5.jpg"",""https://xcimg.szwego.com/img/65702085/20250926/i1758901271_8348_6.jpg"",""https://xcimg.szwego.com/img/65702085/20250926/i1758901271_5308_9.jpg"",""https://xcimg.szwego.com/img/65702085/20250926/i1758901270_7467_0.jpg"",""https://xcimg.szwego.com/img/65702085/20250926/i1758901271_4966_7.jpg"",""https://xcimg.szwego.com/img/65702085/20250926/i1758901271_7464_8.jpg"",""https://xcimg.szwego.com/img/65702085/20250926/i1758901270_5273_2.jpg"",""https://xcimg.szwego.com/img/65702085/20250926/i1758901270_5789_3.jpg""]"
_drxrScZxYcZ8F5HYrA2sXDfg4HZ62BvPQMAzAhw;Hermes Куртка;Элегантная кожаная куртка с декоративной строчкой, воплощающая высокий стиль и премиальное качество. Внешняя часть выполнена из натуральной кожи высшего качества, обработанной по традиционным технологиям бренда, что придает материалу изысканную текстуру и благородный блеск.\n\nИзделие отличается безупречным исполнением: каждая строчка выполнена с ювелирной точностью. Классический дизайн с отложным воротником и лаконичный крой создают современный и статусный силуэт, подходящий как для деловых встреч, так и для повседневных образов. Фирменные детали, выраженные в качественной фурнитуре и аккуратных швах, подчеркивают принадлежность к высокому бренду. Модель дополнена функциональными карманами и надежной застежкой на пуговицы.;0;rakg8u0bx1y4qcy;lrg3k8cd5bgw3jv;f2gdh71ajulp1ti;Для мужчин;"[""https://xcimg.szwego.com/img/65702085/20250926/i1758901646_3946_9.jpg"",""https://xcimg.szwego.com/img/65702085/20250926/i1758901646_5506_7.jpg"",""https://xcimg.szwego.com/img/65702085/20250926/i1758901645_3658_2.jpg"",""https://xcimg.szwego.com/img/65702085/20250926/i1758901646_67_4.jpg"",""https://xcimg.szwego.com/img/65702085/20250926/i1758901646_2919_11.jpg"",""https://xcimg.szwego.com/img/65702085/20250926/i1758901645_4980_3.jpg"",""https://xcimg.szwego.com/img/65702085/20250926/i1758901646_8491_5.jpg"",""https://xcimg.szwego.com/img/65702085/20250926/i1758901772_9615_0.jpg"",""https://xcimg.szwego.com/img/65702085/20250926/i1758901771_849_0.jpg""]"
_dklrSKuHWxGXKMWbeZbNpaXMmw3zKAYEsO_t86A;Berluti Куртка;Куртка с капюшоном выполнена из 100% натуральной овечьей кожи высокого качества. Профессиональная выделка придает материалу мягкую, матовую текстуру. Подкладка из 100% полиэстера обеспечивает комфорт и долговечность.\n\nМодель отличается эргономичным кроем капюшона и точной проработкой деталей: от швов до карманов. Использована качественная металлическая фурнитура с плавным ходом молнии. Манжеты дополнены износостойкой трикотажной резинкой для идеального прилегания.\n\nЦвет: черный. Рекомендуется профессиональная чистка в специализированных мастерских по уходу за кожей.;0;i5129fa1bqw2mtb;lrg3k8cd5bgw3jv;f2gdh71ajulp1ti;Для мужчин;"[""https://xcimg.szwego.com/img/65702085/20251222/i1766340746964_1164_0_0.jpg"",""https://xcimg.szwego.com/img/65702085/20251222/i1766340744982_7411_0_1.jpg"",""https://xcimg.szwego.com/img/65702085/20251222/i1766340744993_1797_0_2.jpg"",""https://xcimg.szwego.com/img/65702085/20251222/i1766340745079_8857_0_3.jpg"",""https://xcimg.szwego.com/img/65702085/20251222/i1766340744906_1499_0_4.jpg"",""https://xcimg.szwego.com/img/65702085/20251222/i1766340745042_6992_0_5.jpg"",""https://xcimg.szwego.com/img/65702085/20251222/i1766340746669_2325_0_6.jpg"",""https://xcimg.szwego.com/img/65702085/20251222/i1766340746969_8361_0_7.jpg"",""https://xcimg.szwego.com/img/65702085/20251222/i1766340746892_2265_0_8.jpg""]"
_detrScMQnB0COVam8mQwu4ZaC1cx6Y-jQFnTVvA;Loro Piana Куртка;Мужской бомбер Ivy от Loro Piana выполнен из 100% натуральной замши. Модель отличается легкостью и мягкостью, обеспечивая комфорт и тепло благодаря продуманному крою. Воротник, манжеты и нижний край изделия дополнены отделкой из шерстяного трикотажа Knit Wish, что придает образу спортивный акцент.\n\nКуртка оснащена удобными прорезными карманами и качественной двусторонней застежкой-молнией. Итальянское мастерство исполнения подчеркивает премиальное качество кожи, которая сохраняет свою форму и текстуру. Универсальный дизайн позволяет сочетать модель как с повседневными брюками, так и с более формальными элементами гардероба.;0;5f3npdmxcv8f190;lrg3k8cd5bgw3jv;f2gdh71ajulp1ti;Для мужчин;"[""https://xcimg.szwego.com/img/65702085/20260108/i1767871153514_3380_0_0.jpg"",""https://xcimg.szwego.com/img/65702085/20260108/i1767871153512_7270_0_1.jpg"",""https://xcimg.szwego.com/img/65702085/20260108/i1767871156974_6118_0_2.jpg"",""https://xcimg.szwego.com/img/65702085/20260108/i1767871156989_1982_0_3.jpg"",""https://xcimg.szwego.com/img/65702085/20260108/i1767871153490_6166_0_4.jpg"",""https://xcimg.szwego.com/img/65702085/20260108/i1767871153476_7772_0_5.jpg"",""https://xcimg.szwego.com/img/65702085/20260108/i1767871153414_9486_0_6.jpg"",""https://xcimg.szwego.com/img/65702085/20260108/i1767871156996_9770_0_7.jpg"",""https://xcimg.szwego.com/img/65702085/20260108/i1767871156990_8047_0_8.jpg""]"
_dsWrSOCPXweT9FivKna995RSt21Pk6L3KzG9pEQ;Louis Vuitton Бомбер;Бомбер Louis Vuitton выполнен из высококачественной шерсти с контрастными рукавами из кожи Epi. Модель отличается сложной комбинированной техникой декора, включающей махровую вышивку, аппликации и фирменную символику бренда, включая надписи 1854 и Studio, а также лабиринтный узор LV на спинке.\n\nИзделие дополнено брендированными пуговицами на планке и эластичными трикотажными манжетами с контрастным дизайном. Карманы оформлены кожаной отделкой, подчеркивающей премиальное качество исполнения и внимание к деталям.;0;977uh954t91spxq;lrg3k8cd5bgw3jv;f2gdh71ajulp1ti;Для мужчин;"[""https://xcimg.szwego.com/img/65702085/20251220/i1766164307564_8324_0_0.jpg"",""https://xcimg.szwego.com/img/65702085/20251220/i1766164304917_2370_0_1.jpg"",""https://xcimg.szwego.com/img/65702085/20251220/i1766164307538_2189_0_2.jpg"",""https://xcimg.szwego.com/img/65702085/20251220/i1766164304880_8279_0_3.jpg"",""https://xcimg.szwego.com/img/65702085/20251220/i1766164304879_9075_0_4.jpg"",""https://xcimg.szwego.com/img/65702085/20251220/i1766164309618_637_0_6.jpg"",""https://xcimg.szwego.com/img/65702085/20251220/i1766164307481_8505_0_7.jpg"",""https://xcimg.szwego.com/img/65702085/20251220/i1766164304879_1443_0_8.jpg"",""https://xcimg.szwego.com/img/65702085/20251220/i1766164307560_5651_0_10.jpg""]"
_dpFrSoUP3MkFleQSnYBpnupWhNdi9HSKsghGexg;Louis Vuitton Куртка;Мужская куртка-бомбер с вышивкой. Модель выполнена из технологичного материала с легким блеском и классическим американским силуэтом. На груди расположена аппликация с вышивкой LV Lovers из кристаллов, а на левом рукаве — вышивка с Эйфелевой башней, создающая эффект волн.\n\nИзделие дополнено легким утеплителем, обеспечивающим комфорт в течение дня. Воротник, манжеты и нижний край выполнены из трикотажной резинки. Модель оснащена прорезными передними карманами и застежкой на кнопках. Детали из кожи подчеркивают премиальное качество исполнения.;0;977uh954t91spxq;lrg3k8cd5bgw3jv;f2gdh71ajulp1ti;Для мужчин;"[""https://xcimg.szwego.com/img/65702085/20250725/i1753451089644_6566_0_0.jpg"",""https://xcimg.szwego.com/img/65702085/20250725/i1753451089689_672_0_1.jpg"",""https://xcimg.szwego.com/img/65702085/20250725/i1753451087457_7428_0_2.jpg"",""https://xcimg.szwego.com/img/65702085/20250725/i1753451087442_9097_0_3.jpg"",""https://xcimg.szwego.com/img/65702085/20250725/i1753451088704_2532_0_4.jpg"",""https://xcimg.szwego.com/img/65702085/20250725/i1753451088690_1754_0_5.jpg"",""https://xcimg.szwego.com/img/65702085/20250725/i1753451087216_3779_0_6.jpg"",""https://xcimg.szwego.com/img/65702085/20250725/i1753451089719_3095_0_7.jpg"",""https://xcimg.szwego.com/img/65702085/20250725/i1753451087385_7337_0_8.jpg""]"
_d-XrSJyxCMnODQQD8tAXSybWqWd7mwfR5dwK99g;Chrome Hearts Штаны;Кожаные штаны с декоративными вставками в виде крестов. Модель выполнена из высококачественной натуральной воловьей кожи с выраженной текстурой и дополнена подкладкой из 100% хлопка с фирменным жаккардовым узором. \n\nДетали включают в себя кожаные аппликации в форме крестов, которые нанесены с использованием многослойной техники для создания объемного эффекта. Фурнитура, включая кнопки, фирменные таблички и цепочки, выполнена из металла с эффектом состаренного серебра и прошла ручную полировку. \n\nИзделие отличается высокой прочностью швов, выполненных вощеной нитью, и усиленными заклепками на карманах. Пояс оснащен регулируемыми ремешками, а низ штанин дополнен скрытыми кнопками для удобства посадки. Модель имеет матовую отделку и выполнена в черном цвете.;0;qbunqx3arwquz1j;lrg3k8cd5bgw3jv;bls7s6kan7cc3lz;Для мужчин;"[""https://xcimg.szwego.com/img/65702085/20260108/i1767871053956_1936_0_0.jpg"",""https://xcimg.szwego.com/img/65702085/20260108/i1767871063298_1120_0_9.jpg"",""https://xcimg.szwego.com/img/65702085/20260108/i1767871053956_9720_0_1.jpg"",""https://xcimg.szwego.com/img/65702085/20260108/i1767871053956_4806_0_2.jpg"",""https://xcimg.szwego.com/img/65702085/20260108/i1767871053956_2837_0_3.jpg"",""https://xcimg.szwego.com/img/65702085/20260108/i1767871063272_7761_0_4.jpg"",""https://xcimg.szwego.com/img/65702085/20260108/i1767871059466_2320_0_5.jpg"",""https://xcimg.szwego.com/img/65702085/20260108/i1767871059575_2708_0_6.jpg"",""https://xcimg.szwego.com/img/65702085/20260108/i1767871059558_1097_0_7.jpg"",""https://xcimg.szwego.com/img/65702085/20260108/i1767871059507_9636_0_8.jpg"",""https://xcimg.szwego.com/img/65702085/20260108/i1767871063316_1172_0_10.jpg"",""https://xcimg.szwego.com/img/65702085/20260108/i1767871053956_666_0_11.jpg""]"
_d8xrSt_5gvXTnkA_GqeBJOwUo2PP37prMgd-K6g;Louis Vuitton Кожаная куртка;Мужская куртка с капюшоном выполнена из высококачественной черной кожи с уникальной тисненой текстурой, придающей изделию объем и выразительность. Мягкий и прочный материал прошел профессиональную обработку для обеспечения стойкости цвета и износостойкости.\n\nМодель отличается безупречным кроем с точной подгонкой деталей в области плечевых швов и капюшона. Белый графичный принт нанесен с использованием специальной технологии покрытия, обеспечивающей четкость линий и долговечность рисунка.\n\nИзделие дополнено брендированной фурнитурой: металлическими молниями с гравировкой логотипа, а также деталями на шнурках капюшона. Качественная прострочка и внимание к деталям подчеркивают премиальный статус изделия.;0;977uh954t91spxq;lrg3k8cd5bgw3jv;f2gdh71ajulp1ti;Для мужчин;"[""https://xcimg.szwego.com/img/65702085/20251216/i1765848747372_2219_0_0.jpg"",""https://xcimg.szwego.com/img/65702085/20251216/i1765848744579_5135_0_1.jpg"",""https://xcimg.szwego.com/img/65702085/20251216/i1765848747264_9083_0_2.jpg"",""https://xcimg.szwego.com/img/65702085/20251216/i1765848744535_4425_0_3.jpg"",""https://xcimg.szwego.com/img/65702085/20251216/i1765848744543_8193_0_4.jpg"",""https://xcimg.szwego.com/img/65702085/20251216/i1765848747340_8857_0_5.jpg"",""https://xcimg.szwego.com/img/65702085/20251216/i1765848744533_1989_0_6.jpg"",""https://xcimg.szwego.com/img/65702085/20251216/i1765848744572_5783_0_7.jpg"",""https://xcimg.szwego.com/img/65702085/20251216/i1765848747283_653_0_8.jpg""]"
_difrSdVlkizpDMonmzc-mcPFfFIhz21matFn29Q;Louis Vuitton Куртка;Стильная мужская куртка-бомбер от Louis Vuitton, выполненная в сочетании контрастных цветов. Основная часть изделия изготовлена из высококачественного матового материала, обеспечивающего плотную и структурированную посадку. Рукава и воротник выполнены из натуральной кожи с естественной текстурой, мягкой и приятной на ощупь.\n\nДизайн дополнен сложной вышивкой с цветочными мотивами и логотипом бренда на передней и задней частях. Вышивка выполнена с использованием многоцветных нитей и декоративных бусин, что придает изделию объем и изысканность. Каждая деталь, от ровных швов до брендированной металлической фурнитуры, подчеркивает высокое качество исполнения.\n\nМодель оснащена эластичными трикотажными манжетами, которые обеспечивают комфортное прилегание к запястьям. Внутренняя подкладка выполнена из гладкого материала для дополнительного удобства.;0;977uh954t91spxq;lrg3k8cd5bgw3jv;f2gdh71ajulp1ti;Для мужчин;"[""https://xcimg.szwego.com/img/65702085/20251216/i1765848517725_1472_0_0.jpg"",""https://xcimg.szwego.com/img/65702085/20251216/i1765848517829_688_0_1.jpg"",""https://xcimg.szwego.com/img/65702085/20251216/i1765848521109_2179_0_2.jpg"",""https://xcimg.szwego.com/img/65702085/20251216/i1765848517799_7412_0_3.jpg"",""https://xcimg.szwego.com/img/65702085/20251216/i1765848520852_5009_0_4.jpg"",""https://xcimg.szwego.com/img/65702085/20251216/i1765848521059_62_0_5.jpg"",""https://xcimg.szwego.com/img/65702085/20251216/i1765848517538_1805_0_6.jpg"",""https://xcimg.szwego.com/img/65702085/20251216/i1765848517759_5927_0_7.jpg"",""https://xcimg.szwego.com/img/65702085/20251216/i1765848521052_3887_0_9.jpg""]"
_dt7rST1U_-Ab5wAsryfjR8kwhX2pTpnTqjsgdQw;Louis Vuitton Куртка;Куртка Louis Vuitton выполнена из высококачественного мягкого и пушистого материала с контрастными вставками из тисненой кожи. Фирменный узор бренда на кожаных элементах подчеркивает премиальный статус изделия. Модель отличается точным кроем и безупречным соединением различных фактур.\n\nФункциональный дизайн включает несколько карманов с прочной окантовкой. Использована брендированная металлическая фурнитура, обеспечивающая плавный ход молний. Высокоточное исполнение швов гарантирует долговечность и эстетичный внешний вид. Воротник сохраняет форму даже при длительной носке.\n\nЦвет: кремовый.;0;977uh954t91spxq;lrg3k8cd5bgw3jv;f2gdh71ajulp1ti;Для мужчин;"[""https://xcimg.szwego.com/img/65702085/20251216/i1765848287786_1102_0_0.jpg"",""https://xcimg.szwego.com/img/65702085/20251216/i1765848285496_6202_0_1.jpg"",""https://xcimg.szwego.com/img/65702085/20251216/i1765848285391_181_0_2.jpg"",""https://xcimg.szwego.com/img/65702085/20251216/i1765848285357_2828_0_3.jpg"",""https://xcimg.szwego.com/img/65702085/20251216/i1765848289580_6494_0_4.jpg"",""https://xcimg.szwego.com/img/65702085/20251216/i1765848285308_1643_0_5.jpg"",""https://xcimg.szwego.com/img/65702085/20251216/i1765848287597_9021_0_6.jpg"",""https://xcimg.szwego.com/img/65702085/20251216/i1765848285296_6228_0_7.jpg"",""https://xcimg.szwego.com/img/65702085/20251216/i1765848287815_6441_0_8.jpg""]"
_dwzrS_LBwtwPaMwixAjwVd7NzNFgqShVv8hdN2Q;Louis Vuitton Куртка;Куртка выполнена из роскошного материала с густым ворсом, который отличается мягкой текстурой и премиальным качеством. Модель украшена фирменным узором Monogram, созданным с помощью техники инкрустации, что обеспечивает естественные переходы цвета и высокую детализацию. Изделие дополнено классическим бейсбольным воротником, качественной металлической фурнитурой с гравировкой бренда и кожаными элементами отделки. Манжеты и нижний край выполнены из эластичного трикотажа для идеальной посадки. Внутренняя подкладка из гладкого материала обеспечивает комфорт при носке. Цвет: черный.;0;977uh954t91spxq;lrg3k8cd5bgw3jv;f2gdh71ajulp1ti;Для мужчин;"[""https://xcimg.szwego.com/img/65702085/20251216/i1765827571178_6389_0_0.jpg"",""https://xcimg.szwego.com/img/65702085/20251216/i1765827571094_2763_0_1.jpg"",""https://xcimg.szwego.com/img/65702085/20251216/i1765827569207_8716_0_2.jpg"",""https://xcimg.szwego.com/img/65702085/20251216/i1765827571126_7658_0_3.jpg"",""https://xcimg.szwego.com/img/65702085/20251216/i1765827569205_6340_0_4.jpg"",""https://xcimg.szwego.com/img/65702085/20251216/i1765827569127_8974_0_5.jpg"",""https://xcimg.szwego.com/img/65702085/20251216/i1765827569256_2084_0_6.jpg"",""https://xcimg.szwego.com/img/65702085/20251216/i1765827571137_5817_0_7.jpg"",""https://xcimg.szwego.com/img/65702085/20251216/i1765827569207_4045_0_8.jpg""]"
_d-drSvgf409mTezAv_jIlg01jZ8pL8y2769mwvQ;Louis Vuitton Куртка;Роскошная куртка-бомбер от Louis Vuitton, выполненная из натурального меха норки. Модель отличается премиальным качеством выделки меха, обеспечивающим мягкость, шелковистость и благородный блеск. Дизайн изделия включает в себя сложную технику инкрустации мехом, создающую узнаваемый фирменный узор и логотип бренда с высокой точностью исполнения.\n\nКуртка дополнена классическим трикотажным воротником-стойкой в стиле бейсбольной куртки, а также эластичными манжетами, которые обеспечивают идеальную посадку и сохраняют форму изделия. Фронтальная застежка на брендированной металлической молнии гарантирует плавный ход и долговечность. Внутренняя подкладка выполнена из комфортного смесового материала на основе полиэстера и вискозы, что обеспечивает приятные тактильные ощущения и удобство при носке.\n\nЦвет: бежевый.;0;977uh954t91spxq;lrg3k8cd5bgw3jv;f2gdh71ajulp1ti;Для мужчин;"[""https://xcimg.szwego.com/img/65702085/20251216/i1765826905821_1079_0_0.jpg"",""https://xcimg.szwego.com/img/65702085/20251216/i1765826904047_2617_0_1.jpg"",""https://xcimg.szwego.com/img/65702085/20251216/i1765826905796_7740_0_2.jpg"",""https://xcimg.szwego.com/img/65702085/20251216/i1765826904058_837_0_3.jpg"",""https://xcimg.szwego.com/img/65702085/20251216/i1765826903995_1617_0_4.jpg"",""https://xcimg.szwego.com/img/65702085/20251216/i1765826904048_2752_0_5.jpg"",""https://xcimg.szwego.com/img/65702085/20251216/i1765826905728_6093_0_6.jpg"",""https://xcimg.szwego.com/img/65702085/20251216/i1765826248461_2243_0_2.jpg"",""https://xcimg.szwego.com/img/65702085/20251216/i1765826905763_5832_0_8.jpg""]"
_d_frSA18oVKmM-ftytJN21W2yX2bve2oYYKWxUQ;Bottega Veneta Куртка;Куртка с воротником-стойкой и застежкой-молнией выполнена из 100% хлопка с использованием сложной техники плетения, создающей выразительную ромбовидную текстуру. Ткань отличается мягкостью и высокой точностью исполнения каждой детали.\n\nМодель дополнена трикотажными манжетами и подолом, обеспечивающими комфортную посадку. Качественная металлическая молния гарантирует плавность хода и долговечность. Внутренняя отделка выполнена из атласного хлопка в тон изделия, что обеспечивает дополнительный комфорт при носке.;0;59kttao0v819zzy;lrg3k8cd5bgw3jv;f2gdh71ajulp1ti;Для мужчин;"[""https://xcimg.szwego.com/img/65702085/20251115/i1763140886010_2798_0_0.jpg"",""https://xcimg.szwego.com/img/65702085/20251115/i1763140888067_4150_0_1.jpg"",""https://xcimg.szwego.com/img/65702085/20251115/i1763140887987_757_0_2.jpg"",""https://xcimg.szwego.com/img/65702085/20251115/i1763140886010_3334_0_4.jpg"",""https://xcimg.szwego.com/img/65702085/20251115/i1763140886010_561_0_5.jpg"",""https://xcimg.szwego.com/img/65702085/20251115/i1763140887966_5619_0_6.jpg"",""https://xcimg.szwego.com/img/65702085/20251115/i1763140886010_4008_0_7.jpg"",""https://xcimg.szwego.com/img/65702085/20251115/i1763140887989_91_0_8.jpg"",""https://xcimg.szwego.com/img/65702085/20251115/i1763140887943_8142_0_9.jpg""]"
_d7-rSacPq-8W_yamFSgKhEAMmDaHqHrsNg77h6w;Bottega Veneta Куртка;Куртка из плетеной овечьей кожи. Модель выполнена из 100% натуральной кожи с использованием фирменной техники плетения, создающей характерную текстуру. Каждая деталь кроя выполнена с высокой точностью для обеспечения идеальной посадки по фигуре и комфорта при носке. Внутренняя подкладка выполнена с особым вниманием к деталям, обеспечивая гладкость и удобство. Качественная металлическая фурнитура подчеркивает премиальный статус изделия.;0;59kttao0v819zzy;lrg3k8cd5bgw3jv;f2gdh71ajulp1ti;Для мужчин;"[""https://xcimg.szwego.com/img/adebff46/20251123/i1763830541929_6173_0_0.jpg"",""https://xcimg.szwego.com/img/adebff46/20251123/i1763830541903_7703_0_1.jpg"",""https://xcimg.szwego.com/img/adebff46/20251123/i1763830544132_971_0_2.jpg"",""https://xcimg.szwego.com/img/adebff46/20251123/i1763830541748_8378_0_4.jpg"",""https://xcimg.szwego.com/img/adebff46/20251123/i1763830544203_6755_0_5.jpg"",""https://xcimg.szwego.com/img/adebff46/20251123/i1763830544063_1114_0_6.jpg"",""https://xcimg.szwego.com/img/adebff46/20251123/i1763830544204_381_0_7.jpg"",""https://xcimg.szwego.com/img/adebff46/20251123/i1763830541766_4895_0_8.jpg"",""https://xcimg.szwego.com/img/adebff46/20251123/i1763830541894_945_0_9.jpg""]"
_dmprS8-FwK4GersjgZ8uLZra0bu6RZ_mp9pvGrA;Bottega Veneta Кожаные брюки;Стильные брюки из премиальной кожи, выполненные с использованием знаковой техники плетения бренда. Модель сочетает в себе безупречный крой и высокое качество материалов. Изделие имеет структурированный силуэт и укороченную длину, что позволяет создавать разнообразные образы с любой обувью. Детали, такие как брендированные пуговицы и аккуратные швы, подчеркивают приверженность итальянским традициям качества. Брюки идеально подходят как для торжественных мероприятий, так и для повседневных выходов, обеспечивая комфорт и выразительный внешний вид.;0;59kttao0v819zzy;lrg3k8cd5bgw3jv;bls7s6kan7cc3lz;Для мужчин;"[""https://xcimg.szwego.com/img/65702085/20251107/i1762450538_2187_6.jpg"",""https://xcimg.szwego.com/img/65702085/20251107/i1762450538_5553_7.jpg"",""https://xcimg.szwego.com/img/65702085/20251107/i1762450538_3776_3.jpg"",""https://xcimg.szwego.com/img/65702085/20251107/i1762450538_1603_4.jpg"",""https://xcimg.szwego.com/img/65702085/20251107/i1762450538_400_5.jpg"",""https://xcimg.szwego.com/img/65702085/20251107/i1762450538_7024_1.jpg"",""https://xcimg.szwego.com/img/65702085/20251107/i1762450538_2163_8.jpg"",""https://xcimg.szwego.com/img/65702085/20251107/i1762450538_393_2.jpg"",""https://xcimg.szwego.com/img/65702085/20251107/i1762450538_9567_0.jpg""]"
_denrSesKKVU6WAYKPSiIOPjo6eFFR7-vHlQBfrQ;Bottega Veneta Куртка;Изысканная куртка от Bottega Veneta, выполненная с применением уникальной техники плетения и специального металлического покрытия. Модель изготовлена из 100% хлопка, что обеспечивает комфорт и долговечность. Металлический блеск в сочетании с фактурным плетением создает эффектный образ, объединяющий ретро-стиль и футуристические акценты. Каждая деталь изделия, от кроя до качества швов, отражает мастерство итальянских ремесленников. Куртка обладает четким силуэтом, подчеркивающим современный стиль владельца. Цвет: серебристый.;0;59kttao0v819zzy;lrg3k8cd5bgw3jv;f2gdh71ajulp1ti;Для мужчин;"[""https://xcimg.szwego.com/img/65702085/20251105/i1762276604_4708_0.jpg"",""https://xcimg.szwego.com/img/65702085/20251105/i1762276604_7848_8.jpg"",""https://xcimg.szwego.com/img/65702085/20251105/i1762276613_2160_0.jpg"",""https://xcimg.szwego.com/img/65702085/20251105/i1762276604_1722_5.jpg"",""https://xcimg.szwego.com/img/65702085/20251105/i1762276604_5515_1.jpg"",""https://xcimg.szwego.com/img/65702085/20251105/i1762276604_5320_4.jpg"",""https://xcimg.szwego.com/img/65702085/20251105/i1762276604_891_6.jpg"",""https://xcimg.szwego.com/img/65702085/20251105/i1762276604_7269_3.jpg"",""https://xcimg.szwego.com/img/65702085/20251105/i1762276604_9520_7.jpg""]"
_dfmrSCmcj5SCrDRWe7_QcN-cBmlghR-zUFRW8Tg;Bottega Veneta Кожаные брюки;Геометричные брюки из вощеной натуральной овчины с выраженной скульптурной формой. Модель отличается сложным кроем с диагональными швами и вертикальными складками, имитирующими природные текстуры. Изделие дополнено скрытой эластичной лентой на поясе и антискользящим покрытием по нижнему краю. Анатомический крой обеспечивает идеальную посадку и свободу движений, создавая строгий и современный силуэт.;0;59kttao0v819zzy;lrg3k8cd5bgw3jv;bls7s6kan7cc3lz;Для мужчин;"[""https://xcimg.szwego.com/img/65702085/20250715/i1752567839411_732_0_0.jpg"",""https://xcimg.szwego.com/img/65702085/20250715/i1752567841058_4984_0_5.jpg"",""https://xcimg.szwego.com/img/65702085/20250715/i1752567841009_9185_0_1.jpg"",""https://xcimg.szwego.com/img/65702085/20250715/i1752567839405_21_0_2.jpg"",""https://xcimg.szwego.com/img/65702085/20250715/i1752567841006_4141_0_3.jpg"",""https://xcimg.szwego.com/img/65702085/20250715/i1752567839426_8080_0_4.jpg"",""https://xcimg.szwego.com/img/65702085/20250715/i1752567839398_5885_0_6.jpg"",""https://xcimg.szwego.com/img/65702085/20250715/i1752567841012_3204_0_7.jpg"",""https://xcimg.szwego.com/img/65702085/20250715/i1752567839388_6275_0_8.jpg""]"
_dqqrShG67ccU65pVuES3fUDieGqkCC3sPQSYhVQ;Bottega Veneta Кожаная куртка;Эта ветрозащитная куртка из матовой кожи выполнена в архитектурном стиле с четкими линиями плеч. Модель отличается прямым кроем и сложной геометрией кроя в области груди. Материал прошел специальную обработку, придающую поверхности эффект холодного матового блеска с микрочастицами.\n\nДизайн лишен лишних деталей: на спине предусмотрена скрытая ветрозащитная мембрана, а швы обработаны жидким каучуком. Объемный крой в области талии создает четкий силуэт. Скрытая застежка и выверенный угол наклона воротника обеспечивают комфорт и защиту от ветра. Куртка сочетает в себе функциональность и современную эстетику, идеально подходя для создания образа в городском стиле.;0;59kttao0v819zzy;lrg3k8cd5bgw3jv;f2gdh71ajulp1ti;Для мужчин;"[""https://xcimg.szwego.com/img/65702085/20250715/i1752567851445_1149_0_0.jpg"",""https://xcimg.szwego.com/img/65702085/20250715/i1752567851481_2539_0_1.jpg"",""https://xcimg.szwego.com/img/65702085/20250715/i1752567851475_7057_0_2.jpg"",""https://xcimg.szwego.com/img/65702085/20250715/i1752567852567_7067_0_3.jpg"",""https://xcimg.szwego.com/img/65702085/20250715/i1752567851431_2873_0_4.jpg"",""https://xcimg.szwego.com/img/65702085/20250715/i1752567852526_7812_0_5.jpg"",""https://xcimg.szwego.com/img/65702085/20250715/i1752567852524_523_0_6.jpg"",""https://xcimg.szwego.com/img/65702085/20250715/i1752567851372_7844_0_7.jpg"",""https://xcimg.szwego.com/img/65702085/20250715/i1752567852496_6590_0_8.jpg""]"
_dKorSnLXl9MZ4IGwD8nnCYLzghOjC9kLlv0g5dA;Bottega Veneta Кожаные брюки;Стильные брюки из премиальной кожи с использованием фирменной техники плетения бренда. Модель отличается структурированным кроем, который обеспечивает идеальную посадку и четкий силуэт. Укороченная длина позволяет акцентировать внимание на обуви, делая модель универсальной для различных образов.\n\nДетали включают качественную фурнитуру и аккуратные швы, подчеркивающие приверженность итальянским традициям мастерства. Брюки сочетают в себе классический крой и уникальную текстуру, создавая сбалансированный и современный образ. Идеальный выбор как для особых случаев, так и для создания выразительного повседневного стиля.;0;59kttao0v819zzy;lrg3k8cd5bgw3jv;bls7s6kan7cc3lz;Для мужчин;"[""https://xcimg.szwego.com/img/65702085/20251107/i1762450354_9_8.jpg"",""https://xcimg.szwego.com/img/65702085/20251107/i1762450354_7043_6.jpg"",""https://xcimg.szwego.com/img/65702085/20251107/i1762450354_9858_4.jpg"",""https://xcimg.szwego.com/img/65702085/20251107/i1762450354_8247_2.jpg"",""https://xcimg.szwego.com/img/65702085/20251107/i1762450353_2790_0.jpg"",""https://xcimg.szwego.com/img/65702085/20251107/i1762450354_7597_5.jpg"",""https://xcimg.szwego.com/img/65702085/20251107/i1762450353_3590_1.jpg"",""https://xcimg.szwego.com/img/65702085/20251107/i1762450354_9562_7.jpg"",""https://xcimg.szwego.com/img/65702085/20251107/i1762450354_2568_3.jpg""]"
_d9arSUB09PR7oNEzDfEKZ2IHsBbmAt_zYgrR5jw;Bottega Veneta Куртка;Изысканная куртка из коллекции Bottega Veneta, выполненная с применением уникальной техники плетения. Модель изготовлена из 100% хлопка со специальным металлизированным покрытием, что создает эффектный контраст между мягкостью натурального материала и футуристичным металлическим блеском.\n\nКаждая деталь изделия отражает мастерство итальянских ремесленников. Тщательно проработанная текстура плетения придает куртке объем и выразительность, сохраняя при этом лаконичный и современный силуэт. Это универсальный элемент гардероба, который легко сочетается как с классическими брюками, так и с повседневным денимом, подчеркивая индивидуальный стиль и статус владельца.\n\nЦвет: золотой.;0;59kttao0v819zzy;lrg3k8cd5bgw3jv;f2gdh71ajulp1ti;Для мужчин;"[""https://xcimg.szwego.com/img/65702085/20251105/i1762276671_7866_2.jpg"",""https://xcimg.szwego.com/img/65702085/20251105/i1762276672_519_7.jpg"",""https://xcimg.szwego.com/img/65702085/20251105/i1762276671_2187_4.jpg"",""https://xcimg.szwego.com/img/65702085/20251105/i1762276671_3525_3.jpg"",""https://xcimg.szwego.com/img/65702085/20251105/i1762276671_6512_0.jpg"",""https://xcimg.szwego.com/img/65702085/20251105/i1762276672_5039_5.jpg"",""https://xcimg.szwego.com/img/65702085/20251105/i1762276672_7357_6.jpg"",""https://xcimg.szwego.com/img/65702085/20251105/i1762276672_6856_8.jpg"",""https://xcimg.szwego.com/img/65702085/20251105/i1762276671_551_1.jpg""]"
_dn4rSL5y8GQx-BcUbgArVXxZL5lyEulwS-Fhn4Q;Bottega Veneta Куртка;Куртка выполнена с использованием фирменной техники плетения кожи Intrecciato. Каждая деталь текстуры создана вручную мастерами, что придает изделию роскошный вид и объемную фактуру. Внутренняя подкладка из 100% хлопка обеспечивает комфорт и приятные тактильные ощущения. Модель итальянского производства отличается безупречным качеством материалов и исполнения.\n\nСилуэт в стиле рубашки придает образу элегантность. Дизайнерские пуговицы и точные швы подчеркивают внимание к деталям и итальянское мастерство. Изделие сочетает в себе высокое искусство ручной работы и практичность. Лаконичный черный цвет и отсутствие лишних логотипов делают акцент на качестве исполнения и премиальной текстуре плетеной кожи. Эта модель идеально подходит как для деловых встреч, так и для повседневных образов, подчеркивая стиль и статус владельца.\n\nЦвет: черный.;0;59kttao0v819zzy;lrg3k8cd5bgw3jv;f2gdh71ajulp1ti;Для мужчин;"[""https://xcimg.szwego.com/img/65702085/20251105/i1762275690_2710_1.jpg"",""https://xcimg.szwego.com/img/65702085/20251105/i1762275690_6457_4.jpg"",""https://xcimg.szwego.com/img/65702085/20251105/i1762275690_9829_8.jpg"",""https://xcimg.szwego.com/img/65702085/20251105/i1762275689_9581_0.jpg"",""https://xcimg.szwego.com/img/65702085/20251105/i1762275690_5514_6.jpg"",""https://xcimg.szwego.com/img/65702085/20251105/i1762275690_6173_2.jpg"",""https://xcimg.szwego.com/img/65702085/20251105/i1762275775_5105_5.jpg"",""https://xcimg.szwego.com/img/65702085/20251105/i1762276474_6374_0.jpg"",""https://xcimg.szwego.com/img/65702085/20251105/i1762276517_1098_0.jpg""]"
_difrSdVlkizpDMYjlzcahcfVRGI5x21mat1v38w;Bottega Veneta Куртка;Стильная куртка-рубашка от Bottega Veneta, выполненная с использованием фирменной техники плетения кожи Intrecciato. Каждая деталь текстуры создана вручную мастерами, что придает изделию роскошный вид и объемную фактуру. Внутренняя подкладка из 100% хлопка обеспечивает комфорт при носке. Модель произведена в Италии, что гарантирует безупречное качество материалов и исполнения.\n\nРубашечный крой придает образу элегантность, а внимание к деталям, таким как брендированные пуговицы и точные швы, подчеркивает высокий статус изделия. Дизайн сочетает в себе итальянскую роскошь и практичность, делая акцент на мастерстве исполнения, а не на логотипах. Куртка идеально подходит как для деловых встреч, так и для повседневных образов, легко адаптируясь к любому стилю. Цвет: белый.;0;59kttao0v819zzy;lrg3k8cd5bgw3jv;f2gdh71ajulp1ti;Для мужчин;"[""https://xcimg.szwego.com/img/65702085/20251105/i1762275532_8698_0.jpg"",""https://xcimg.szwego.com/img/65702085/20251105/i1762275532_4496_0.jpg"",""https://xcimg.szwego.com/img/65702085/20251105/i1762275531_789_0.jpg"",""https://xcimg.szwego.com/img/65702085/20251105/i1762275532_3656_0.jpg"",""https://xcimg.szwego.com/img/65702085/20251105/i1762275531_3330_0.jpg"",""https://xcimg.szwego.com/img/65702085/20251105/i1762275532_9883_0.jpg"",""https://xcimg.szwego.com/img/65702085/20251105/i1762275532_6034_0.jpg"",""https://xcimg.szwego.com/img/65702085/20251105/i1762275531_2000_0.jpg"",""https://xcimg.szwego.com/img/65702085/20251105/i1762275533_7547_0.jpg""]"
_dh5rSnhk9tSBLXwqEtVm7HZikYVrj3kj984wCYg;Bottega Veneta Замшевая куртка;Bottega Veneta представляет куртку из замши с фирменным плетением, воплощающую мастерство и стиль бренда. Изделие выполнено из высококачественной замши с использованием уникальной техники ручного плетения, что придает материалу особую текстуру и форму. Дизайн модели подчеркивает статус и внимание к деталям, характерные для дома Bottega Veneta. Лаконичный крой с воротником-стойкой и удобной застежкой-молнией обеспечивает комфорт и элегантный силуэт. Сочетание премиальной замши и знаковых элементов плетения создает роскошный и узнаваемый образ.;0;59kttao0v819zzy;lrg3k8cd5bgw3jv;f2gdh71ajulp1ti;Для мужчин;"[""https://xcimg.szwego.com/img/65702085/20251005/i1759599403_9964_6.jpg"",""https://xcimg.szwego.com/img/65702085/20251005/i1759599403_2917_7.jpg"",""https://xcimg.szwego.com/img/65702085/20251005/i1759599402_5392_2.jpg"",""https://xcimg.szwego.com/img/65702085/20251005/i1759599402_5051_0.jpg"",""https://xcimg.szwego.com/img/65702085/20251005/i1759599403_9078_11.jpg"",""https://xcimg.szwego.com/img/65702085/20251005/i1759599403_3547_5.jpg"",""https://xcimg.szwego.com/img/65702085/20251005/i1759599403_9782_8.jpg"",""https://xcimg.szwego.com/img/65702085/20251005/i1759599403_9477_10.jpg"",""https://xcimg.szwego.com/img/65702085/20251005/i1759599455_4875_0.jpg""]"
_dFIrSUBEIUMH3Bi71Z9IGg8O6_BKEzSqy3rtRyA;Bottega Veneta Куртка;Bottega Veneta представляет куртку из замши с фирменным плетением, воплощающую мастерство и стиль бренда. Модель выполнена из высококачественной замши с использованием уникальной техники ручного плетения, что придает изделию особую текстуру и премиальный вид. Лаконичный крой с воротником-стойкой и удобной застежкой-молнией подчеркивает элегантность и функциональность дизайна. Сочетание классических элементов бренда и премиальных материалов делает эту куртку идеальным дополнением гардероба для создания выразительного и статусного образа.;0;59kttao0v819zzy;lrg3k8cd5bgw3jv;f2gdh71ajulp1ti;Для мужчин;"[""https://xcimg.szwego.com/img/65702085/20251005/i1759598865_3726_0.jpg"",""https://xcimg.szwego.com/img/65702085/20251005/i1759598941_8185_0.jpg"",""https://xcimg.szwego.com/img/65702085/20251005/i1759598865_2052_0.jpg"",""https://xcimg.szwego.com/img/65702085/20251005/i1759598865_6514_0.jpg"",""https://xcimg.szwego.com/img/65702085/20251005/i1759598865_7585_0.jpg"",""https://xcimg.szwego.com/img/65702085/20251005/i1759598868_4793_0.jpg"",""https://xcimg.szwego.com/img/65702085/20251005/i1759598940_9958_0.jpg"",""https://xcimg.szwego.com/img/65702085/20251005/i1759598941_8676_0.jpg"",""https://xcimg.szwego.com/img/65702085/20251005/i1759598941_5097_0.jpg""]"
_dlcrStiTz5Tw5x1zQn3JnxscKiKAOaaO2nnawJg;Bottega Veneta Куртка;Bottega Veneta представляет кожаную куртку, выполненную с использованием фирменной техники плетения Intrecciato. Модель сочетает в себе роскошную кожу и мастерство ручной работы. Изделие отличается высокой детализацией, премиальным качеством материалов и долговечностью. Куртка имеет лаконичный крой с воротником-стойкой, металлическую молнию и трикотажные манжеты, обеспечивающие комфортную посадку. Идеальный выбор для создания стильного и статусного образа.;0;59kttao0v819zzy;lrg3k8cd5bgw3jv;f2gdh71ajulp1ti;Для мужчин;"[""https://xcimg.szwego.com/img/65702085/20251005/i1759598985_8497_2.jpg"",""https://xcimg.szwego.com/img/65702085/20251005/i1759598985_2404_0.jpg"",""https://xcimg.szwego.com/img/65702085/20251005/i1759598986_4506_6.jpg"",""https://xcimg.szwego.com/img/65702085/20251005/i1759598986_5418_4.jpg"",""https://xcimg.szwego.com/img/65702085/20251005/i1759598986_8337_8.jpg"",""https://xcimg.szwego.com/img/65702085/20251005/i1759598985_1634_1.jpg"",""https://xcimg.szwego.com/img/65702085/20251005/i1759598986_8477_10.jpg"",""https://xcimg.szwego.com/img/65702085/20251005/i1759598986_5488_3.jpg"",""https://xcimg.szwego.com/img/65702085/20251005/i1759598986_5658_9.jpg""]"
_dvYrSl0LfSjzO0FZOBNXICXKdayQkdZTTq5xXNw;Bottega Veneta Кожаная куртка;Bottega Veneta представляет кожаную куртку, выполненную с использованием фирменной техники плетения Intrecciato. Модель сочетает в себе роскошную текстуру натуральной кожи и мастерство ручной работы. Изделие отличается высокой износостойкостью и премиальным качеством материалов.\n\nКуртка имеет лаконичный крой с воротником-стойкой и металлической молнией. Манжеты дополнены трикотажной резинкой для комфортной посадки и создания многослойного образа. Это изделие подчеркивает статус и безупречный вкус владельца, являясь воплощением стиля и высокого мастерства бренда.;0;59kttao0v819zzy;lrg3k8cd5bgw3jv;f2gdh71ajulp1ti;Для мужчин;"[""https://xcimg.szwego.com/img/65702085/20251005/i1759598450_2344_0.jpg"",""https://xcimg.szwego.com/img/65702085/20251005/i1759598451_8166_2.jpg"",""https://xcimg.szwego.com/img/65702085/20251005/i1759598182_7163_11.jpg"",""https://xcimg.szwego.com/img/65702085/20251005/i1759598182_5352_10.jpg"",""https://xcimg.szwego.com/img/65702085/20251005/i1759598182_8060_6.jpg"",""https://xcimg.szwego.com/img/65702085/20251005/i1759598182_2608_3.jpg"",""https://xcimg.szwego.com/img/65702085/20251005/i1759598181_8729_2.jpg"",""https://xcimg.szwego.com/img/65702085/20251005/i1759598182_9088_9.jpg"",""https://xcimg.szwego.com/img/65702085/20251005/i1759598181_3058_0.jpg""]"
_deerSSrKNwoOQgQSdmCkyMFEqt_AJG9mXS8Qa1A;Bottega Veneta Кожаная куртка;Bottega Veneta представляет кожаную куртку, выполненную с использованием фирменной техники плетения Intrecciato. Модель сочетает в себе роскошную текстуру натуральной кожи и мастерство ручной работы. Изделие отличается высокой износостойкостью и премиальным качеством материалов.\n\nКуртка имеет лаконичный крой с воротником-стойкой и металлической молнией. Манжеты дополнены трикотажной резинкой для комфортной посадки и создания многослойного образа. Это изделие подчеркивает статус и безупречный вкус владельца, являясь воплощением стиля и высокого мастерства бренда.;0;59kttao0v819zzy;lrg3k8cd5bgw3jv;f2gdh71ajulp1ti;Для мужчин;"[""https://xcimg.szwego.com/img/65702085/20251005/i1759598932_4532_7.jpg"",""https://xcimg.szwego.com/img/65702085/20251005/i1759598956_8493_0.jpg"",""https://xcimg.szwego.com/img/65702085/20251005/i1759598932_9994_9.jpg"",""https://xcimg.szwego.com/img/65702085/20251005/i1759598932_6944_1.jpg"",""https://xcimg.szwego.com/img/65702085/20251005/i1759598956_4825_0.jpg"",""https://xcimg.szwego.com/img/65702085/20251005/i1759598956_4511_0.jpg"",""https://xcimg.szwego.com/img/65702085/20251005/i1759598956_9570_0.jpg"",""https://xcimg.szwego.com/img/65702085/20251005/i1759598956_5785_0.jpg"",""https://xcimg.szwego.com/img/65702085/20251005/i1759598956_3407_0.jpg""]"
_dmJrSwtRgH5flw6Is6jZXNPBGx3NpRuTRxVqvFQ;Bottega Veneta Куртка;Bottega Veneta представляет кожаную куртку, выполненную с использованием фирменной техники плетения Intrecciato. Модель сочетает в себе роскошную кожу и мастерство ручной работы. Изделие отличается высокой детализацией, премиальным качеством материалов и долговечностью. Куртка имеет лаконичный крой с воротником-стойкой, металлическую молнию и трикотажные манжеты, обеспечивающие комфортную посадку и дополнительную текстурную выразительность. Идеальный выбор для создания стильного и статусного образа.;0;59kttao0v819zzy;lrg3k8cd5bgw3jv;f2gdh71ajulp1ti;Для мужчин;"[""https://xcimg.szwego.com/img/65702085/20251005/i1759599049_8522_6.jpg"",""https://xcimg.szwego.com/img/65702085/20251005/i1759599049_8910_3.jpg"",""https://xcimg.szwego.com/img/65702085/20251005/i1759599049_3658_0.jpg"",""https://xcimg.szwego.com/img/65702085/20251005/i1759599050_4623_11.jpg"",""https://xcimg.szwego.com/img/65702085/20251005/i1759599050_7902_9.jpg"",""https://xcimg.szwego.com/img/65702085/20251005/i1759599049_2534_5.jpg"",""https://xcimg.szwego.com/img/65702085/20251005/i1759599050_8754_10.jpg"",""https://xcimg.szwego.com/img/65702085/20251005/i1759599049_1391_4.jpg"",""https://xcimg.szwego.com/img/65702085/20251005/i1759599049_5903_8.jpg""]"
_dSjrSL95idAPXS9R3g9RB1FceodlrBSzymaqr6w;Chrome Hearts Куртка;Черная замшевая куртка в стиле милитари от Chrome Hearts — это сочетание мастерства и панк-эстетики. Модель выполнена из высококачественной замши с мягкой текстурой и дополнена фирменными заклепками в форме крестов, расположенными на воротнике, манжетах и подоле. Крой в стиле рабочей одежды придает изделию винтажный вид, а каждая деталь подчеркивает уникальный стиль бренда. Куртка станет ярким акцентом любого образа, сочетая в себе премиальное качество материалов и дерзкий характер.;0;qbunqx3arwquz1j;lrg3k8cd5bgw3jv;f2gdh71ajulp1ti;Для мужчин;"[""https://xcimg.szwego.com/img/65702085/20251016/i1760547000_5881_10.jpg"",""https://xcimg.szwego.com/img/65702085/20251016/i1760547000_8366_0.jpg"",""https://xcimg.szwego.com/img/65702085/20251016/i1760547000_3887_7.jpg"",""https://xcimg.szwego.com/img/65702085/20251016/i1760547000_1717_6.jpg"",""https://xcimg.szwego.com/img/65702085/20251016/i1760547000_7452_9.jpg"",""https://xcimg.szwego.com/img/65702085/20251016/i1760547000_2397_1.jpg"",""https://xcimg.szwego.com/img/65702085/20251016/i1760547000_1723_4.jpg"",""https://xcimg.szwego.com/img/65702085/20251016/i1760547000_9271_8.jpg"",""https://xcimg.szwego.com/img/65702085/20251016/i1760547000_9061_2.jpg""]"
_dnErSk-ynnk3hy7VAKqGdOaEnEjh1Qvtxf1iehQ;Chrome Hearts Куртка;Эта белая кожаная куртка в стиле мото от Chrome Hearts представляет собой сочетание фирменной эстетики бренда и классического кроя. Модель выполнена из высококачественной натуральной кожи с мягкой текстурой и премиальным блеском.\n\nДизайн включает классические элементы мото-стиля: косую молнию, металлическую фурнитуру и функциональные карманы. На спине расположен крупный фирменный принт с крестом и логотипом бренда. Внутренняя подкладка украшена брендированным узором, что добавляет изделию глубины и эксклюзивности. Идеальный выбор для создания яркого и дерзкого образа.;0;qbunqx3arwquz1j;lrg3k8cd5bgw3jv;f2gdh71ajulp1ti;Для мужчин;"[""https://xcimg.szwego.com/img/65702085/20251016/i1760547867_5606_6.jpg"",""https://xcimg.szwego.com/img/65702085/20251016/i1760547866_8080_1.jpg"",""https://xcimg.szwego.com/img/65702085/20251016/i1760547867_5667_11.jpg"",""https://xcimg.szwego.com/img/65702085/20251016/i1760547867_5916_9.jpg"",""https://xcimg.szwego.com/img/65702085/20251016/i1760547867_4791_5.jpg"",""https://xcimg.szwego.com/img/65702085/20251016/i1760547866_6128_3.jpg"",""https://xcimg.szwego.com/img/65702085/20251016/i1760547866_2100_4.jpg"",""https://xcimg.szwego.com/img/65702085/20251016/i1760547867_1584_7.jpg"",""https://xcimg.szwego.com/img/65702085/20251016/i1760547866_1671_2.jpg""]"
_dk-rSnLmqRZAo_quIpGndm8YX_STxQE2HUXzH7A;Chrome Hearts Куртка;Белая кожаная куртка в стиле мото от Chrome Hearts — это эталон стиля и мастерства в сфере люксовой моды, сочетающий в себе эстетику фирменных крестов бренда и дерзкий дух мотоциклетной экипировки. Модель выполнена из высококачественной натуральной кожи белого цвета с гладкой текстурой и благородным блеском.\n\nКуртка имеет классический крой с косой молнией и дополнена эксклюзивной фурнитурой в виде крестов. Многочисленные карманы на молнии на груди сочетают в себе практичность и индустриальный стиль. Детали в виде крестов на плечах подчеркивают индивидуальность и приверженность эстетике бренда. На спинке расположен крупный декоративный элемент в виде креста, что придает изделию визуальную выразительность. Внутренняя подкладка украшена фирменным узором.;0;qbunqx3arwquz1j;lrg3k8cd5bgw3jv;f2gdh71ajulp1ti;Для мужчин;"[""https://xcimg.szwego.com/img/65702085/20251016/i1760547599_3756_0.jpg"",""https://xcimg.szwego.com/img/65702085/20251016/i1760547601_2741_0.jpg"",""https://xcimg.szwego.com/img/65702085/20251016/i1760547601_8390_0.jpg"",""https://xcimg.szwego.com/img/65702085/20251016/i1760547604_830_0.jpg"",""https://xcimg.szwego.com/img/65702085/20251016/i1760547599_5753_0.jpg"",""https://xcimg.szwego.com/img/65702085/20251016/i1760547601_618_0.jpg"",""https://xcimg.szwego.com/img/65702085/20251016/i1760547599_1964_0.jpg"",""https://xcimg.szwego.com/img/65702085/20251016/i1760547599_4319_0.jpg"",""https://xcimg.szwego.com/img/65702085/20251016/i1760547602_4024_0.jpg""]"
_dnUrSLR8mWsZ7iRmzQVg_JXLlz6Y3ObGyqzmZ5w;Chrome Hearts Куртка;Эта куртка в стиле милитари от Chrome Hearts представляет собой впечатляющее сочетание мастерства и стиля. Модель выполнена из высококачественной замши и натуральной кожи, создавая премиальную текстуру с выразительным контрастом материалов.\n\nДизайн включает классический крой, дополненный фирменными заклепками в виде крестов и функциональными нагрудными карманами. На спинке расположена крупная винтажная вышивка с логотипом бренда, что придает изделию особую визуальную глубину. Внутренняя подкладка украшена фирменным узором, подчеркивающим внимание к деталям. Идеальный выбор для создания стильного и брутального образа.;0;qbunqx3arwquz1j;lrg3k8cd5bgw3jv;f2gdh71ajulp1ti;Для мужчин;"[""https://xcimg.szwego.com/img/65702085/20251016/i1760547744_8597_10.jpg"",""https://xcimg.szwego.com/img/65702085/20251016/i1760547744_6056_6.jpg"",""https://xcimg.szwego.com/img/65702085/20251016/i1760547744_3527_1.jpg"",""https://xcimg.szwego.com/img/65702085/20251016/i1760547744_7801_0.jpg"",""https://xcimg.szwego.com/img/65702085/20251016/i1760547744_9265_4.jpg"",""https://xcimg.szwego.com/img/65702085/20251016/i1760547744_9475_8.jpg"",""https://xcimg.szwego.com/img/65702085/20251016/i1760547744_3653_2.jpg"",""https://xcimg.szwego.com/img/65702085/20251016/i1760547744_7207_5.jpg"",""https://xcimg.szwego.com/img/65702085/20251016/i1760547744_1313_9.jpg""]"
_dncrSG7QYwA_x_jf4yca6poGNg-em-GhWTi-UcQ;Chrome Hearts Кожаная куртка;Черная кожаная куртка-рубашка от Chrome Hearts — это сочетание премиального мастерства и узнаваемой эстетики бренда. Модель выполнена из высококачественной натуральной кожи со специальной обработкой, придающей материалу винтажную текстуру и мягкий блеск.\n\nДизайн куртки вдохновлен классической рубашкой: модель дополнена нагрудным карманом и фирменными пуговицами-заклепками с изображением креста. На спинке расположен крупный декоративный элемент с вышивкой и заклепками, создающий выразительный визуальный акцент. Внутренняя подкладка украшена фирменным узором бренда. Это изделие станет центральным элементом образа, подчеркивая индивидуальный стиль и приверженность к люксовой эстетике.;0;qbunqx3arwquz1j;lrg3k8cd5bgw3jv;f2gdh71ajulp1ti;Для мужчин;"[""https://xcimg.szwego.com/img/65702085/20251016/i1760547355_3587_0.jpg"",""https://xcimg.szwego.com/img/65702085/20251016/i1760547327_4975_8.jpg"",""https://xcimg.szwego.com/img/65702085/20251016/i1760547357_2650_0.jpg"",""https://xcimg.szwego.com/img/65702085/20251016/i1760547327_7748_9.jpg"",""https://xcimg.szwego.com/img/65702085/20251016/i1760547353_7326_0.jpg"",""https://xcimg.szwego.com/img/65702085/20251016/i1760547326_9278_0.jpg"",""https://xcimg.szwego.com/img/65702085/20251016/i1760547326_8038_7.jpg"",""https://xcimg.szwego.com/img/65702085/20251016/i1760547357_2719_0.jpg"",""https://xcimg.szwego.com/img/65702085/20251016/i1760547357_1516_0.jpg""]"
_daDrSRkJor1p7vjAF4jExjnUe0dV_zZh3H0HgSQ;Chrome Hearts Куртка;Черная кожаная куртка в байкерском стиле от Chrome Hearts — это воплощение премиального стиля и мастерства. Модель выполнена из высококачественной матовой кожи с гладкой текстурой и высокой износостойкостью.\n\nДизайн куртки включает классический байкерский крой, косую молнию и фирменную фурнитуру с изображением крестов. Нагрудные карманы на молнии сочетают в себе практичность и индустриальную эстетику, а детали на манжетах подчеркивают уникальный дизайн изделия.\n\nНа спине расположена крупная аппликация в виде креста и металлические элементы, которые создают яркий визуальный акцент. Внутренняя подкладка украшена фирменным узором бренда. Эта модель станет центральным элементом любого образа, подчеркивая индивидуальность и высокий статус владельца.;0;qbunqx3arwquz1j;lrg3k8cd5bgw3jv;f2gdh71ajulp1ti;Для мужчин;"[""https://xcimg.szwego.com/img/65702085/20251016/i1760547197_8303_9.jpg"",""https://xcimg.szwego.com/img/65702085/20251016/i1760547197_8033_8.jpg"",""https://xcimg.szwego.com/img/65702085/20251016/i1760547196_9579_1.jpg"",""https://xcimg.szwego.com/img/65702085/20251016/i1760547196_9707_0.jpg"",""https://xcimg.szwego.com/img/65702085/20251016/i1760547197_6308_7.jpg"",""https://xcimg.szwego.com/img/65702085/20251016/i1760547197_887_10.jpg"",""https://xcimg.szwego.com/img/65702085/20251016/i1760547197_6956_6.jpg"",""https://xcimg.szwego.com/img/65702085/20251016/i1760547196_4929_3.jpg"",""https://xcimg.szwego.com/img/65702085/20251016/i1760547197_2474_5.jpg""]"
_daJrSZVCCerTZbW0pSec3JpLhOKeDFZ-2E_AeRQ;Louis Vuitton Куртка;Классическая куртка Louis Vuitton с меховым воротником — воплощение роскоши и высокого стиля. Модель выполнена в глубоком черном цвете, сочетая в себе винтажные элементы и современные модные тенденции. Изделие изготовлено из высококачественной кожи с детальной проработкой текстуры, что подчеркивает мастерство исполнения бренда.\n\nМягкий и пушистый меховой воротник придает образу особую элегантность, создавая эффектный контраст с жестким силуэтом куртки. Фирменный принт с монограммой бренда подчеркивает статусность изделия. Модель дополнена симметричными карманами, которые сочетают в себе практичность и декоративную функцию. Свободный крой обеспечивает комфортную посадку и позволяет легко комбинировать куртку как с классическими рубашками, так и с повседневными худи.;0;977uh954t91spxq;lrg3k8cd5bgw3jv;f2gdh71ajulp1ti;Для мужчин;"[""https://xcimg.szwego.com/img/65702085/20250828/i1756379422_1802_4.jpg"",""https://xcimg.szwego.com/img/65702085/20250828/i1756379422_8911_2.jpg"",""https://xcimg.szwego.com/img/65702085/20250828/i1756379422_6260_7.jpg"",""https://xcimg.szwego.com/img/65702085/20250828/i1756379422_9406_8.jpg"",""https://xcimg.szwego.com/img/65702085/20250828/i1756379422_2571_5.jpg"",""https://xcimg.szwego.com/img/65702085/20250828/i1756379422_6578_6.jpg"",""https://xcimg.szwego.com/img/65702085/20250828/i1756379422_6313_3.jpg"",""https://xcimg.szwego.com/img/65702085/20250828/i1756379422_91_0.jpg"",""https://xcimg.szwego.com/img/65702085/20250828/i1756379423_5163_9.jpg""]"
_dxbrSwIuPDCBEX5zDhfc9nhbqsiC4od6q2QMi8A;Louis Vuitton Куртка;В коллекции FW23 Louis Vuitton представляет стильную мотоциклетную куртку, которая станет ярким акцентом в гардеробе. Модель выполнена в глубоком черном цвете, дополненном контрастными деталями.\n\nНа груди и воротнике расположен яркий синий логотип VUITTON, придающий изделию динамичный вид. Белые вставки на рукавах добавляют модели выразительности и многослойности. Куртка изготовлена из высококачественных материалов, обеспечивающих комфорт и премиальный внешний вид. Металлическая фурнитура и качественные молнии подчеркивают внимание к деталям.\n\nЭто идеальный выбор для создания современного образа в стиле городского шика.;0;977uh954t91spxq;lrg3k8cd5bgw3jv;f2gdh71ajulp1ti;Для мужчин;"[""https://xcimg.szwego.com/img/65702085/20250807/i1754551918_2533_2.jpg"",""https://xcimg.szwego.com/img/65702085/20250807/i1754551919_5578_7.jpg"",""https://xcimg.szwego.com/img/65702085/20250807/i1754551920_9553_9.jpg"",""https://xcimg.szwego.com/img/65702085/20250807/i1754551919_5473_6.jpg"",""https://xcimg.szwego.com/img/65702085/20250807/i1754551917_3576_0.jpg"",""https://xcimg.szwego.com/img/65702085/20250807/i1754551918_7250_1.jpg"",""https://xcimg.szwego.com/img/65702085/20250807/i1754551918_1937_3.jpg"",""https://xcimg.szwego.com/img/65702085/20250807/i1754551920_7595_8.jpg"",""https://xcimg.szwego.com/img/65702085/20250807/i1754551918_9167_4.jpg""]"
_dtDrSc2c94Jf-3hlj1i6YV5J4C3RnbPafDwLkiQ;Louis Vuitton Куртка;Когда классическая роскошь Louis Vuitton встречается с искусством пэчворка, рождается эта куртка, мгновенно становящаяся центром внимания. Модель отличается четким кроем, сохраняя премиальное качество бренда и привнося в образ элементы современного стиля.\n\nПри создании изделия использованы различные высококачественные материалы, создающие уникальную текстуру. Фирменные детали бренда гармонично вписаны в дизайн, подчеркивая статусность изделия. Изысканные швы безупречно соединяют разные фрагменты ткани, создавая целостный и эффектный образ.\n\nКуртка легко сочетается как с повседневными брюками для создания расслабленного уличного стиля, так и с классическими брюками для образа городского элиты.;0;977uh954t91spxq;lrg3k8cd5bgw3jv;f2gdh71ajulp1ti;Для мужчин;"[""https://xcimg.szwego.com/img/65702085/20250905/i1757084411_9949_2.jpg"",""https://xcimg.szwego.com/img/65702085/20250905/i1757084411_5672_3.jpg"",""https://xcimg.szwego.com/img/65702085/20250905/i1757084502_53_2.jpg"",""https://xcimg.szwego.com/img/65702085/20250905/i1757084501_4234_0.jpg"",""https://xcimg.szwego.com/img/65702085/20250905/i1757084515_6887_0.jpg"",""https://xcimg.szwego.com/img/65702085/20250905/i1757084502_1118_4.jpg"",""https://xcimg.szwego.com/img/65702085/20250905/i1757084502_658_1.jpg"",""https://xcimg.szwego.com/img/65702085/20250905/i1757084502_4188_3.jpg"",""https://xcimg.szwego.com/img/65702085/20250905/i1757084502_4305_5.jpg""]"
_dmzrSoRzLs-MELcju741GAu2z1kTdbHA5AHUvSQ;Louis Vuitton Куртка;Эта короткая куртка на молнии из коллекции весна-лето 2025 воплощает в себе сочетание роскоши и авангардного стиля. Модель выполнена из комбинации кожи питона и мягкой овчины. Основной глубокий коричневый оттенок дополнен спортивным силуэтом, подчеркивающим динамичность образа.\n\nНа рукавах расположен контрастный узор Monogram, ставший современной интерпретацией классических элементов бренда. Куртка оснащена застежкой-молнией с фирменным бегунком, украшенным инициалами LV, двумя боковыми карманами с окантовкой, а также эластичными манжетами и поясом, которые обеспечивают идеальную посадку. Высокий воротник придает образу элегантность и строгость. Изделие дополнено полной подкладкой для максимального комфорта. Произведено в Италии с использованием мастерских техник обработки кожи.;0;977uh954t91spxq;lrg3k8cd5bgw3jv;f2gdh71ajulp1ti;Для мужчин;"[""https://xcimg.szwego.com/img/65702085/20250806/i1754472920_3750_0.jpg"",""https://xcimg.szwego.com/img/65702085/20250806/i1754472920_2548_1.jpg"",""https://xcimg.szwego.com/img/65702085/20250804/i1754302611_5333_1.jpg"",""https://xcimg.szwego.com/img/65702085/20250804/i1754302611_9289_7.jpg"",""https://xcimg.szwego.com/img/65702085/20250804/i1754302611_7014_2.jpg"",""https://xcimg.szwego.com/img/65702085/20250804/i1754302611_4853_4.jpg"",""https://xcimg.szwego.com/img/65702085/20250804/i1754302611_5349_6.jpg"",""https://xcimg.szwego.com/img/65702085/20250804/i1754302611_653_8.jpg"",""https://xcimg.szwego.com/img/65702085/20250804/i1754302611_6649_5.jpg""]"
_dvzrSKCELR2a-GA4AnpkbWJtH2w_z9qJWWxBFqw;Louis Vuitton Куртка;Классическая мужская куртка от Louis Vuitton, сочетающая в себе роскошь и современный стиль. Модель выполнена из высококачественных материалов: основная часть из премиальной ткани с приятной текстурой, а рукава — из натуральной кожи с выразительной фактурой и благородным блеском.\n\nКуртка отличается безупречным кроем, который подчеркивает силуэт и придает образу мужественности. Детали включают аккуратные швы, фирменную вышивку с логотипом на груди и стильную нашивку на спине, добавляющую изделию глубины и дизайнерской выразительности. Универсальный фасон позволяет легко сочетать куртку как с повседневными брюками в уличном стиле, так и с классическими брюками для создания образа городского элиты.;0;977uh954t91spxq;lrg3k8cd5bgw3jv;f2gdh71ajulp1ti;Для мужчин;"[""https://xcimg.szwego.com/img/65702085/20250905/i1757084065_6897_0.jpg"",""https://xcimg.szwego.com/img/65702085/20250905/i1757084065_170_4.jpg"",""https://xcimg.szwego.com/img/65702085/20250905/i1757084152_9290_4.jpg"",""https://xcimg.szwego.com/img/65702085/20250905/i1757084152_958_7.jpg"",""https://xcimg.szwego.com/img/65702085/20250905/i1757084152_7852_9.jpg"",""https://xcimg.szwego.com/img/65702085/20250905/i1757084152_1306_5.jpg"",""https://xcimg.szwego.com/img/65702085/20250905/i1757084152_7360_3.jpg"",""https://xcimg.szwego.com/img/65702085/20250905/i1757084152_9540_8.jpg"",""https://xcimg.szwego.com/img/65702085/20250905/i1757084151_6357_0.jpg""]"
_dlJrSIyhl74imrURdBb4j0S-MCLUIDfodmYNccw;Louis Vuitton Куртка;В 2024 году Louis Vuitton представляет эту мягкую кожаную куртку с поясом, привносящую элегантный стиль в коллекцию LV Cup. Модель выполнена из мягкой овечьей кожи, отличающейся нежной и приятной на ощупь текстурой, что подчеркивает стремление бренда к высочайшему качеству материалов.\n\nНагрудный карман украшен тисненым логотипом LV, а на левом рукаве расположен патч с цветочным узором Monogram, гармонично сочетающий классические элементы бренда. V-образная строчка на спине придает изделию объем, а детали в виде патча Gaston под воротником подчеркивают мастерство исполнения.\n\nКуртка оснащена кнопками на центральной планке и манжетах для удобства использования и создания лаконичного образа. Полная подкладка обеспечивает дополнительный комфорт при носке. Стандартный крой подходит для различных типов фигуры, позволяя легко сочетать модель как с повседневными брюками, так и с более формальными вариантами.;0;977uh954t91spxq;lrg3k8cd5bgw3jv;f2gdh71ajulp1ti;Для мужчин;"[""https://xcimg.szwego.com/img/65702085/20250806/i1754462466_1424_0.jpg"",""https://xcimg.szwego.com/img/65702085/20250806/i1754462491_9570_0.jpg"",""https://xcimg.szwego.com/img/65702085/20250805/i1754378743_534_5.jpg"",""https://xcimg.szwego.com/img/65702085/20250805/i1754378742_6919_0.jpg"",""https://xcimg.szwego.com/img/65702085/20250805/i1754378743_6217_4.jpg"",""https://xcimg.szwego.com/img/65702085/20250805/i1754378743_4179_6.jpg"",""https://xcimg.szwego.com/img/65702085/20250805/i1754378785_7857_0.jpg"",""https://xcimg.szwego.com/img/65702085/20250805/i1754378743_458_1.jpg"",""https://xcimg.szwego.com/img/65702085/20250805/i1754378743_7351_2.jpg""]"
_d-ArSR16__gq_1tHqd8LeOcnKhDHFRyy_pSihvQ;Prada Куртка;Элегантная куртка в стиле пиджака, выполненная из 100% натуральной замши (шлифованная овчина). Материал обладает мягкой, бархатистой текстурой и прошел специальную обработку для создания винтажного эффекта и повышения износостойкости. Подкладка из 100% полиэстера обеспечивает комфорт и сохранение формы изделия.\n\nМодель отличается безупречным кроем с вниманием к деталям: аккуратные швы на воротнике, плечах и карманах подчеркивают высокое качество исполнения. На спинке расположен фирменный треугольный логотип, интегрированный в конструкцию изделия. Фурнитура выполнена из качественного металла с четкой гравировкой, пуговицы надежно закреплены.\n\nЦвет: зеленый.;0;xf3tgcf0uj7yrqf;lrg3k8cd5bgw3jv;f2gdh71ajulp1ti;Для мужчин;"[""https://xcimg.szwego.com/img/65702085/20251222/i1766411379402_6656_0_0.jpg"",""https://xcimg.szwego.com/img/65702085/20251222/i1766411374619_2013_0_1.jpg"",""https://xcimg.szwego.com/img/65702085/20251222/i1766411374567_4792_0_2.jpg"",""https://xcimg.szwego.com/img/65702085/20251222/i1766411374629_9524_0_3.jpg"",""https://xcimg.szwego.com/img/65702085/20251222/i1766411374607_7725_0_4.jpg"",""https://xcimg.szwego.com/img/65702085/20251222/i1766411374612_7515_0_5.jpg"",""https://xcimg.szwego.com/img/65702085/20251222/i1766411379376_7101_0_6.jpg"",""https://xcimg.szwego.com/img/65702085/20251222/i1766411379382_3923_0_7.jpg"",""https://xcimg.szwego.com/img/65702085/20251222/i1766411379319_4703_0_8.jpg""]"
_dhLrSq1KN-vkrjqfxUHyjQfHTbuvx4lg5B0APRg;Bottega Veneta Куртка;Роскошная бейсбольная куртка из 100% натуральной овечьей кожи. Материал отличается насыщенной зернистой текстурой, мягкостью и высокой износостойкостью благодаря премиальной выделке. Подкладка выполнена из 100% полиэстера для комфорта и сохранения формы изделия.\n\nМастера используют высокоточное ручное раскройное оборудование, минимизирующее погрешности в швах на воротнике, плечах и карманах. Фирменная треугольная вставка на спине выполнена с безупречной точностью, обеспечивая структурную стабильность и узнаваемый стиль.\n\nОсобое внимание уделено качеству фурнитуры: кастомная металлическая молния работает плавно и надежно, обладая солидным весом и изысканным дизайном. Сочетание кожи с трикотажными элементами выполнено с соблюдением строгих стандартов плотности стежков, что гарантирует комфорт и долговечность.\n\nЦвет: черный.;0;59kttao0v819zzy;lrg3k8cd5bgw3jv;f2gdh71ajulp1ti;Для мужчин;"[""https://xcimg.szwego.com/img/65702085/20251222/i1766411464539_8492_0_0.jpg"",""https://xcimg.szwego.com/img/65702085/20251222/i1766411459948_632_0_1.jpg"",""https://xcimg.szwego.com/img/65702085/20251222/i1766411459913_8766_0_2.jpg"",""https://xcimg.szwego.com/img/65702085/20251222/i1766411464433_9400_0_3.jpg"",""https://xcimg.szwego.com/img/65702085/20251222/i1766411459865_8570_0_4.jpg"",""https://xcimg.szwego.com/img/65702085/20251222/i1766411459827_1142_0_5.jpg"",""https://xcimg.szwego.com/img/65702085/20251222/i1766411459744_6730_0_6.jpg"",""https://xcimg.szwego.com/img/65702085/20251222/i1766411464438_4398_0_7.jpg"",""https://xcimg.szwego.com/img/65702085/20251222/i1766411464467_400_0_8.jpg""]"
_d_8rSmxCfELXEVNXQS-BnkxH0hN8A59zmpe4rNw;Loewe Куртка;Короткая кожаная куртка с отложным воротником. Модель выполнена из высококачественной телячьей кожи с матовой текстурой, прошедшей специальную обработку для защиты от влаги и загрязнений. Внутренняя подкладка из плотного атласа обеспечивает комфорт и воздухопроницаемость.\n\nИзделие создано с использованием 3D-технологий кроя, обеспечивающих идеальную посадку по фигуре. Дизайн включает декоративные складки, выполненные методом термопрессования для сохранения формы. Детали включают качественную металлическую фурнитуру, кожаные пуллеры с тисненым логотипом и фирменную нашивку на спинке.\n\nКонструкция воротника дополнена внутренними вставками для поддержания формы, а манжеты и нижняя часть изделия имеют усиленную обработку швов для долговечности.;0;v0xek8wss4meybg;lrg3k8cd5bgw3jv;f2gdh71ajulp1ti;Для мужчин;"[""https://xcimg.szwego.com/img/adebff46/20260101/i1767249895622_6224_0_0.jpg"",""https://xcimg.szwego.com/img/adebff46/20260101/i1767249892455_2277_0_1.jpg"",""https://xcimg.szwego.com/img/adebff46/20260101/i1767249892266_1860_0_2.jpg"",""https://xcimg.szwego.com/img/adebff46/20260101/i1767249895197_2368_0_4.jpg"",""https://xcimg.szwego.com/img/adebff46/20260101/i1767249892221_2913_0_5.jpg"",""https://xcimg.szwego.com/img/adebff46/20260101/i1767249895584_1134_0_6.jpg"",""https://xcimg.szwego.com/img/adebff46/20260101/i1767249895526_4976_0_7.jpg"",""https://xcimg.szwego.com/img/adebff46/20260101/i1767249895586_4212_0_8.jpg"",""https://xcimg.szwego.com/img/adebff46/20260101/i1767249892358_2117_0_9.jpg""]"
_disrSxzKYlXs4yn7WlfbEyV9-NY-uHxZKkqHjbQ;Ermanno Scervino Куртка;Модель выполнена из натуральной овчины премиального качества с использованием технологии обработки, сохраняющей естественную текстуру кожи и мягкость меха. Внутренний слой из австралийской мериносовой шерсти обеспечивает отличную теплоизоляцию и комфорт при носке.\n\nДизайн куртки вдохновлен классическим стилем байкерских моделей. Изделие дополнено сложной ручной вышивкой, сочетающей французские узелки и объемную атласную гладь. Каждая деталь, от фурнитуры с гальваническим покрытием до аккуратной окантовки мехом, выполнена с особым вниманием к качеству исполнения. Куртка оснащена функциональными элементами, включая надежную молнию и регулируемый пояс с точной лазерной перфорацией.;0;ys2aedauky89igq;lrg3k8cd5bgw3jv;f2gdh71ajulp1ti;Для мужчин;"[""https://xcimg.szwego.com/img/adebff46/20260101/i1767250860391_1971_0_0.jpg"",""https://xcimg.szwego.com/img/adebff46/20260101/i1767250860432_1525_0_1.jpg"",""https://xcimg.szwego.com/img/adebff46/20260101/i1767250860242_1105_0_2.jpg"",""https://xcimg.szwego.com/img/adebff46/20260101/i1767250865355_3394_0_3.jpg"",""https://xcimg.szwego.com/img/adebff46/20260101/i1767250860309_9019_0_4.jpg"",""https://xcimg.szwego.com/img/adebff46/20260101/i1767250867654_8086_0_5.jpg"",""https://xcimg.szwego.com/img/adebff46/20260101/i1767250867695_8577_0_6.jpg"",""https://xcimg.szwego.com/img/adebff46/20260101/i1767250860282_7000_0_7.jpg"",""https://xcimg.szwego.com/img/adebff46/20260101/i1767250867566_2425_0_8.jpg""]"
_d8arSqrlt22Psw6P_JwRyZwbGVXVRLlN6v1K0jg;Ermanno Scervino Куртка;Модель выполнена из натуральной овчины премиального качества с использованием технологии обработки, сохраняющей естественную текстуру кожи и мягкость меха. Внутренний слой из австралийской мериносовой шерсти обеспечивает отличную теплоизоляцию и комфорт при носке.\n\nИзделие отличается сложным кроем, выполненным с применением 3D-моделирования для идеальной посадки по фигуре. Особое внимание уделено деталям: воротник и манжеты отделаны мехом, а поверхность украшена изысканной ручной вышивкой в технике французского узелка и объемной глади. Использованы высококачественные металлические молнии с защитным покрытием и надежная фурнитура на поясе.\n\nЦвет: коричневый.;0;ys2aedauky89igq;lrg3k8cd5bgw3jv;f2gdh71ajulp1ti;Для мужчин;"[""https://xcimg.szwego.com/img/adebff46/20260101/i1767250391960_9853_0_0.jpg"",""https://xcimg.szwego.com/img/adebff46/20260101/i1767250386783_8664_0_1.jpg"",""https://xcimg.szwego.com/img/adebff46/20260101/i1767250391847_2806_0_2.jpg"",""https://xcimg.szwego.com/img/adebff46/20260101/i1767250386629_9981_0_3.jpg"",""https://xcimg.szwego.com/img/adebff46/20260101/i1767250386767_8660_0_4.jpg"",""https://xcimg.szwego.com/img/adebff46/20260101/i1767250386735_6707_0_5.jpg"",""https://xcimg.szwego.com/img/adebff46/20260101/i1767250391099_7910_0_6.jpg"",""https://xcimg.szwego.com/img/adebff46/20260101/i1767250391596_3835_0_7.jpg"",""https://xcimg.szwego.com/img/adebff46/20260101/i1767250386698_4927_0_8.jpg""]"
_dsxrSjQyNTW2czS1_Dp5a63sPt3iVjMJl1sNWZA;Gucci Кожаные брюки;Брюки выполнены из 100% высококачественной кожи с фирменным тиснением логотипа GG. Каждая деталь, от глубины текстуры до точности кроя, выполнена с соблюдением строгих стандартов бренда. Модель отличается изысканной фактурой и высокой износостойкостью материала.\n\nИзделие оснащено прочной фурнитурой с гравировкой бренда и выполнено с использованием высокопрочных нитей для обеспечения долговечности. Тщательно проработанные швы и эргономичный крой гарантируют идеальную посадку. Внутренняя отделка и фурнитура соответствуют премиальному уровню исполнения. Цвет: винный.;0;6bjd11fcyypitno;lrg3k8cd5bgw3jv;bls7s6kan7cc3lz;Для мужчин;"[""https://xcimg.szwego.com/img/65702085/20260107/i1767801597053_8236_0_9.jpg"",""https://xcimg.szwego.com/img/65702085/20260107/i1767801671087_2178_0_8.jpg"",""https://xcimg.szwego.com/img/65702085/20260107/i1767801609772_1142_0_11.jpg"",""https://xcimg.szwego.com/img/65702085/20260107/i1767801609778_2943_0_12.jpg"",""https://xcimg.szwego.com/img/65702085/20260107/i1767801597053_347_0_13.jpg"",""https://xcimg.szwego.com/img/65702085/20260107/i1767801609809_8981_0_14.jpg"",""https://xcimg.szwego.com/img/65702085/20260107/i1767801609819_3150_0_15.jpg"",""https://xcimg.szwego.com/img/65702085/20260107/i1767801609831_9151_0_16.jpg"",""https://xcimg.szwego.com/img/65702085/20260107/i1767801597053_6457_0_17.jpg""]"
_dsdrSqSnBxyLTifmpoU_rIvxtBBEnget26HsgPg;Balenciaga Пальто;Классический кожаный тренч в глубоком черном цвете, воплощающий авангардный стиль и мастерство бренда. Модель выполнена из высококачественной натуральной кожи с мягкой и эластичной текстурой, обладающей естественным благородным блеском.\n\nДизайн дополнен классическим английским воротником и изысканными пуговицами, что придает образу современную элегантность. Объемный крой обеспечивает идеальную посадку и свободу движений, а фирменные детали подчеркивают премиальное качество исполнения. Универсальный силуэт легко сочетается с брюками или повседневными вещами, создавая уверенный и стильный мужской образ для любого случая.;0;mj2732zh7c7pchi;lrg3k8cd5bgw3jv;kwhzl9eqjae11uv;Для мужчин;"[""https://xcimg.szwego.com/img/65702085/20250924/i1758728011_1114_6.jpg"",""https://xcimg.szwego.com/img/65702085/20250924/i1758728011_1969_3.jpg"",""https://xcimg.szwego.com/img/65702085/20250924/i1758728011_1632_4.jpg"",""https://xcimg.szwego.com/img/65702085/20250924/i1758728011_5467_2.jpg"",""https://xcimg.szwego.com/img/65702085/20250924/i1758728011_8012_1.jpg"",""https://xcimg.szwego.com/img/65702085/20250924/i1758728011_5300_0.jpg"",""https://xcimg.szwego.com/img/65702085/20250924/i1758728011_4828_8.jpg"",""https://xcimg.szwego.com/img/65702085/20250924/i1758728011_6462_5.jpg"",""https://xcimg.szwego.com/img/65702085/20250924/i1758728011_4154_7.jpg""]"
_dnIrSh1lcfnDbqEO8vZTxMaFFuVSLUpwtMpGjZw;Louis Vuitton Куртка;Эта кожаная куртка с капюшоном от Louis Vuitton сочетает в себе классическую роскошь и уличный стиль. Модель выполнена из высококачественной кожи черного цвета, отличающейся гладкой текстурой и премиальным качеством исполнения.\n\nДизайн куртки дополнен функциональным капюшоном, который придает образу нотку расслабленности, гармонично сочетаясь с четкими линиями кроя. Нагрудные карманы добавляют практичности и служат стильным декоративным элементом. Объемный силуэт обеспечивает комфортную посадку и позволяет легко комбинировать изделие как с базовыми футболками, так и с трикотажными вещами, создавая актуальные городские образы.\n\nКуртка подчеркивает индивидуальный стиль и приверженность высоким стандартам моды, предлагая идеальный баланс между практичностью и эстетикой бренда.;0;977uh954t91spxq;lrg3k8cd5bgw3jv;f2gdh71ajulp1ti;Для мужчин;"[""https://xcimg.szwego.com/img/65702085/20250908/i1757336010_4001_7.jpg"",""https://xcimg.szwego.com/img/65702085/20250908/i1757336010_1298_5.jpg"",""https://xcimg.szwego.com/img/65702085/20250908/i1757336010_9739_8.jpg"",""https://xcimg.szwego.com/img/65702085/20250908/i1757336010_1530_3.jpg"",""https://xcimg.szwego.com/img/65702085/20250908/i1757336009_3440_0.jpg"",""https://xcimg.szwego.com/img/65702085/20250908/i1757336010_9822_10.jpg"",""https://xcimg.szwego.com/img/65702085/20250908/i1757336010_694_9.jpg"",""https://xcimg.szwego.com/img/65702085/20250908/i1757336009_8995_2.jpg"",""https://xcimg.szwego.com/img/65702085/20250908/i1757336010_3919_4.jpg""]"
_d22rSwHl3O9yE0vr2jZvaWfetQtjg8OPIFeiaAw;Louis Vuitton Куртка;Классическая кожаная куртка с тиснением монограммы от Louis Vuitton. Модель выполнена из высококачественной натуральной кожи с использованием мастерской техники тиснения, создающей объемный и узнаваемый узор бренда. Куртка обладает структурированным силуэтом, сочетающим в себе винтажную эстетику и современные модные тенденции. Дизайн дополнен отложным воротником и функциональными карманами, что придает изделию практичность и выразительный стиль. Идеальный выбор для создания премиального образа в городских условиях.;0;977uh954t91spxq;lrg3k8cd5bgw3jv;f2gdh71ajulp1ti;Для мужчин;"[""https://xcimg.szwego.com/img/65702085/20251008/i1759935812_1970_5.jpg"",""https://xcimg.szwego.com/img/65702085/20251008/i1759935812_3372_1.jpg"",""https://xcimg.szwego.com/img/65702085/20251008/i1759935812_4214_9.jpg"",""https://xcimg.szwego.com/img/65702085/20251008/i1759935812_7784_7.jpg"",""https://xcimg.szwego.com/img/65702085/20251008/i1759935813_7543_10.jpg"",""https://xcimg.szwego.com/img/65702085/20251008/i1759935812_4506_8.jpg"",""https://xcimg.szwego.com/img/65702085/20251008/i1759935812_294_3.jpg"",""https://xcimg.szwego.com/img/65702085/20251008/i1759935812_4574_4.jpg"",""https://xcimg.szwego.com/img/65702085/20251008/i1759935812_9582_6.jpg""]"
_dnGrSkkvb8KBupvLywjS71dJSCod6yShxQ8392Q;Louis Vuitton Куртка;Роскошная куртка из натуральной кожи крокодила. Каждая деталь изделия подчеркивает премиальный статус и мастерство французских ремесленников. Классический крой обеспечивает идеальную посадку, а уникальная текстура кожи создает неповторимый визуальный эффект. Фурнитура высокого качества гармонично дополняет строгий и элегантный дизайн модели. Изделие сочетает в себе долговечность, комфорт и безупречный стиль, подходящий как для торжественных случаев, так и для создания статусного повседневного образа.;0;977uh954t91spxq;lrg3k8cd5bgw3jv;f2gdh71ajulp1ti;Для мужчин;"[""https://xcimg.szwego.com/img/65702085/20250727/i1753603277226_1399_0_0.jpg"",""https://xcimg.szwego.com/img/65702085/20250727/i1753603279330_5225_0_1.jpg"",""https://xcimg.szwego.com/img/65702085/20250727/i1753603277199_2458_0_2.jpg"",""https://xcimg.szwego.com/img/65702085/20250727/i1753603279326_2063_0_3.jpg"",""https://xcimg.szwego.com/img/65702085/20250727/i1753603279273_993_0_4.jpg"",""https://xcimg.szwego.com/img/65702085/20250727/i1753603277135_2109_0_5.jpg"",""https://xcimg.szwego.com/img/65702085/20250727/i1753603277179_9594_0_6.jpg"",""https://xcimg.szwego.com/img/65702085/20250727/i1753603279324_1849_0_7.jpg"",""https://xcimg.szwego.com/img/65702085/20250727/i1753603277217_4388_0_8.jpg""]"
_dr_rSzZugM-QhbadUwp7dXnl4B0U4wSD9N2vkKw;Louis Vuitton Куртка;Мужская куртка с отложным воротником из замши. Модель выполнена из мягкой и приятной на ощупь замши с комфортной подкладкой из смесового материала. Классический крой с отложным воротником подчеркивает элегантность и создает плавные линии силуэта. Изделие отличается безупречным качеством исполнения, характерным для французских мастерских, обеспечивая идеальную посадку по фигуре. Детали включают изысканную металлическую молнию и фирменные тисненые элементы бренда. Куртка сочетает в себе премиальную текстуру материала и продуманный дизайн, что делает ее универсальным элементом гардероба для городских прогулок или светских мероприятий.;0;977uh954t91spxq;lrg3k8cd5bgw3jv;f2gdh71ajulp1ti;Для мужчин;"[""https://xcimg.szwego.com/img/65702085/20250915/i1757942889_3509_3.jpg"",""https://xcimg.szwego.com/img/65702085/20250915/i1757942890_4591_9.jpg"",""https://xcimg.szwego.com/img/65702085/20250915/i1757942890_6104_4.jpg"",""https://xcimg.szwego.com/img/65702085/20250915/i1757942889_2939_2.jpg"",""https://xcimg.szwego.com/img/65702085/20250915/i1757942890_1269_8.jpg"",""https://xcimg.szwego.com/img/65702085/20250915/i1757942889_2520_1.jpg"",""https://xcimg.szwego.com/img/65702085/20250915/i1757942890_1507_11.jpg"",""https://xcimg.szwego.com/img/65702085/20250915/i1757942889_2695_0.jpg"",""https://xcimg.szwego.com/img/65702085/20250915/i1757942934_1958_0.jpg""]"
_da9rSS6MBgmxf3HossjCLrrZGp2Bzj7rSOL83CQ;Bottega Veneta Куртка;Винтажная куртка из вощеной кожи с подкладкой из натуральной шерсти. Модель выполнена в стиле классического летного бомбера с акцентом на современный крой и премиальные материалы. Итальянская вощеная кожа обладает уникальной текстурой с эффектом состаривания, а внутренняя отделка из австралийской мериносовой шерсти обеспечивает комфорт и тепло в холодную погоду.\n\nДизайн дополнен фирменным плетением Intrecciato на воротнике и манжетах, что подчеркивает лаконичный и роскошный стиль бренда. Свободный силуэт и четкая линия плеч создают выразительный образ, сочетающий в себе эстетику ретро и современные модные тенденции.;0;59kttao0v819zzy;lrg3k8cd5bgw3jv;f2gdh71ajulp1ti;Для мужчин;"[""https://xcimg.szwego.com/img/98fd4e8e/20250718/i1752853513425_7863_0_0.jpg"",""https://xcimg.szwego.com/img/98fd4e8e/20250718/i1752853513354_6102_0_1.jpg"",""https://xcimg.szwego.com/img/98fd4e8e/20250718/i1752853513485_8504_0_2.jpg"",""https://xcimg.szwego.com/img/98fd4e8e/20250718/i1752853513494_4184_0_3.jpg"",""https://xcimg.szwego.com/img/98fd4e8e/20250718/i1752853515817_7560_0_4.jpg"",""https://xcimg.szwego.com/img/98fd4e8e/20250718/i1752853515816_7683_0_5.jpg"",""https://xcimg.szwego.com/img/98fd4e8e/20250718/i1752853515704_8422_0_6.jpg"",""https://xcimg.szwego.com/img/98fd4e8e/20250718/i1752853513545_6038_0_8.jpg"",""https://xcimg.szwego.com/img/98fd4e8e/20250718/i1752853515825_2585_0_9.jpg""]"
_dfNrSVG6DEVZoFTv8FXd8H3l9vzZTzDrd9M4oVg;Louis Vuitton Куртка;Мужская куртка из коллекции 2025 года, выполненная в черном цвете. Модель сочетает в себе премиальные материалы: 50% мягкая овечья кожа, 30% шерсть и 20% полиамид для износостойкости.\n\nДизайн изделия дополнен кожаными вставками на рукавах и технологичной шерстяной тканью на спине. Высокий воротник, манжеты и нижний край выполнены из трикотажной резинки для комфортной посадки. Куртка застегивается на молнию и оснащена двумя скрытыми карманами на кнопках.\n\nОсобое внимание уделено деталям: классический узор Monogram выполнен с помощью лазерной перфорации, создавая эффект игры света. Модель идеально подходит как для повседневных образов, так и для неформальных встреч.;0;977uh954t91spxq;lrg3k8cd5bgw3jv;f2gdh71ajulp1ti;Для мужчин;"[""https://xcimg.szwego.com/img/65702085/20250720/i1753006077920_5747_0_0.jpg"",""https://xcimg.szwego.com/img/65702085/20250720/i1753006077878_7079_0_1.jpg"",""https://xcimg.szwego.com/img/65702085/20250720/i1753006076707_5692_0_2.jpg"",""https://xcimg.szwego.com/img/65702085/20250720/i1753006077826_6151_0_3.jpg"",""https://xcimg.szwego.com/img/65702085/20250720/i1753006076673_1068_0_4.jpg"",""https://xcimg.szwego.com/img/65702085/20250720/i1753006077925_6587_0_5.jpg"",""https://xcimg.szwego.com/img/65702085/20250720/i1753006076850_6286_0_6.jpg"",""https://xcimg.szwego.com/img/65702085/20250720/i1753006076714_8124_0_7.jpg"",""https://xcimg.szwego.com/img/65702085/20250720/i1753006076818_4641_0_8.jpg""]"
_d9TrS7IOuk4emaR4-4t-gBJpkMd6tWR_oWAM9XQ;Louis Vuitton Куртка;Мужская кожаная куртка с классическим стеганым узором. Модель выполнена из высококачественной кожи с изысканной текстурой, обеспечивающей безупречную форму и приятные тактильные ощущения. На груди расположен фирменный логотип, а на спинке — уникальный декоративный элемент, сочетающий наследие бренда с современным дизайном. Куртка дополнена качественной фурнитурой и имеет лаконичный крой, который идеально подходит как для повседневных образов с брюками в стиле кэжуал, так и для более строгих сочетаний.;0;977uh954t91spxq;lrg3k8cd5bgw3jv;f2gdh71ajulp1ti;Для мужчин;"[""https://xcimg.szwego.com/img/65702085/20250905/i1757002855_3163_3.jpg"",""https://xcimg.szwego.com/img/65702085/20250905/i1757002855_1317_6.jpg"",""https://xcimg.szwego.com/img/65702085/20250905/i1757002855_2852_8.jpg"",""https://xcimg.szwego.com/img/65702085/20250905/i1757002855_1185_0.jpg"",""https://xcimg.szwego.com/img/65702085/20250905/i1757002855_1919_1.jpg"",""https://xcimg.szwego.com/img/65702085/20250905/i1757002855_5490_7.jpg"",""https://xcimg.szwego.com/img/65702085/20250905/i1757002855_1511_2.jpg"",""https://xcimg.szwego.com/img/65702085/20250905/i1757002855_5040_4.jpg"",""https://xcimg.szwego.com/img/65702085/20250905/i1757002919_6447_0.jpg""]"
_d_vrSdvwqkNWDPhQOPR72nbXteIwKHiaG1_Dlww;Prada Куртка;Классическая мужская куртка-пилот от Prada, выполненная из высококачественной натуральной кожи. Модель отличается лаконичным черным цветом и дополнена фирменным треугольным логотипом на кармане рукава. Изделие имеет трикотажные манжеты, воротник и нижний край, обеспечивающие комфортную посадку. Изысканная фурнитура серебристого цвета подчеркивает премиальный статус изделия. Универсальный крой позволяет сочетать куртку как с повседневными брюками, так и с более строгими образами.;0;xf3tgcf0uj7yrqf;lrg3k8cd5bgw3jv;f2gdh71ajulp1ti;Для мужчин;"[""https://xcimg.szwego.com/img/65702085/20250908/i1757334364_7912_1.jpg"",""https://xcimg.szwego.com/img/65702085/20250908/i1757334364_769_3.jpg"",""https://xcimg.szwego.com/img/65702085/20250908/i1757334402_5818_5.jpg"",""https://xcimg.szwego.com/img/65702085/20250908/i1757334402_6214_3.jpg"",""https://xcimg.szwego.com/img/65702085/20250908/i1757334402_5187_0.jpg"",""https://xcimg.szwego.com/img/65702085/20250908/i1757334402_619_4.jpg"",""https://xcimg.szwego.com/img/65702085/20250908/i1757334402_8202_2.jpg"",""https://xcimg.szwego.com/img/65702085/20250908/i1757334402_8664_6.jpg"",""https://xcimg.szwego.com/img/65702085/20250908/i1757334402_7561_1.jpg""]"
_dparSpI2jfJo5nAKDKWHFgjqC2R_MhJOZBND2SQ;Balenciaga Кожаная куртка;Balenciaga представляет кожаную куртку, вдохновленную винтажным стилем рабочей одежды. Модель выполнена из высококачественной кожи с естественной текстурой и легким блеском.\n\nКлассический дизайн с отложным воротником и лаконичным кроем подчеркивает современный силуэт. Куртка дополнена функциональными карманами и отличается четкими линиями кроя, которые обеспечивают идеальную посадку по фигуре.\n\nУниверсальная модель, которая легко сочетается как с повседневными футболками для создания расслабленного образа, так и с рубашками для более строгого городского стиля.;0;mj2732zh7c7pchi;lrg3k8cd5bgw3jv;f2gdh71ajulp1ti;Для мужчин;"[""https://xcimg.szwego.com/img/65702085/20250908/i1757335264_3724_9.jpg"",""https://xcimg.szwego.com/img/65702085/20250908/i1757335263_8434_3.jpg"",""https://xcimg.szwego.com/img/65702085/20250908/i1757335263_8694_5.jpg"",""https://xcimg.szwego.com/img/65702085/20250908/i1757335264_3498_8.jpg"",""https://xcimg.szwego.com/img/65702085/20250908/i1757335263_8683_1.jpg"",""https://xcimg.szwego.com/img/65702085/20250908/i1757335263_4765_6.jpg"",""https://xcimg.szwego.com/img/65702085/20250908/i1757335264_865_11.jpg"",""https://xcimg.szwego.com/img/65702085/20250908/i1757335263_2603_0.jpg"",""https://xcimg.szwego.com/img/65702085/20250908/i1757335264_8755_10.jpg""]"
_de5rSVYSzFRjUrkXnaWACDtfa2H_WabJA2w7j6A;Balenciaga Куртка;Эта модель от Balenciaga выполнена в стиле оверсайз, подчеркивая авангардный подход бренда к моде. Куртка изготовлена из плотной, высококачественной кожи, которая обеспечивает долговечность и премиальный внешний вид. Каждая деталь, включая фурнитуру и фирменные элементы, выполнена с особой тщательностью для максимального соответствия оригиналу.\n\nДизайн с широкими плечами позволяет легко адаптировать изделие под любой тип фигуры, создавая расслабленный и стильный образ. Внутренний слой с утеплителем придает куртке дополнительный объем и обеспечивает комфорт в прохладную погоду, сохраняя при этом премиальную эстетику. Это универсальный элемент гардероба, который идеально сочетается как с повседневными вещами, так и с более строгими образами, позволяя выразить индивидуальность и безупречный вкус.;0;mj2732zh7c7pchi;lrg3k8cd5bgw3jv;f2gdh71ajulp1ti;Для мужчин;"[""https://xcimg.szwego.com/img/65702085/20250908/i1757334541_3755_8.jpg"",""https://xcimg.szwego.com/img/65702085/20250908/i1757334541_5748_5.jpg"",""https://xcimg.szwego.com/img/65702085/20250908/i1757334541_7864_9.jpg"",""https://xcimg.szwego.com/img/65702085/20250908/i1757334541_7612_3.jpg"",""https://xcimg.szwego.com/img/65702085/20250908/i1757334541_8052_2.jpg"",""https://xcimg.szwego.com/img/65702085/20250908/i1757334540_6627_1.jpg"",""https://xcimg.szwego.com/img/65702085/20250908/i1757334541_7648_6.jpg"",""https://xcimg.szwego.com/img/65702085/20250908/i1757334541_991_7.jpg"",""https://xcimg.szwego.com/img/65702085/20250908/i1757334540_9416_0.jpg""]"
_dxZrSdmT8sQlNDNKHI31L4WUD4V2nE6AnvoeJBA;Burberry Куртка;Британский люксовый бренд Burberry представляет мужскую куртку из натуральной кожи, сочетающую в себе минималистичные линии и современную текстуру. Модель выполнена из высококачественной кожи с деликатной и прочной фактурой, обладающей естественным блеском.\n\nИзделие отличается четким кроем, подчеркивающим силуэт. На груди расположен фирменный логотип в виде рыцаря, придающий модели узнаваемость. Трикотажные манжеты и нижний край обеспечивают защиту от ветра и комфортную посадку. Внутренняя подкладка выполнена из дышащего материала для максимального удобства. Стандартный крой позволяет легко сочетать куртку как с джинсами для повседневных образов, так и с классическими брюками для более формальных выходов.;0;9610bhle5fdutm0;lrg3k8cd5bgw3jv;f2gdh71ajulp1ti;Для мужчин;"[""https://xcimg.szwego.com/img/65702085/20250813/i1755066701_2893_3.jpg"",""https://xcimg.szwego.com/img/65702085/20250813/i1755066701_782_5.jpg"",""https://xcimg.szwego.com/img/65702085/20250813/i1755066701_1750_2.jpg"",""https://xcimg.szwego.com/img/65702085/20250813/i1755066701_9540_8.jpg"",""https://xcimg.szwego.com/img/65702085/20250813/i1755066701_5661_6.jpg"",""https://xcimg.szwego.com/img/65702085/20250813/i1755066701_8648_4.jpg"",""https://xcimg.szwego.com/img/65702085/20250813/i1755066701_965_7.jpg"",""https://xcimg.szwego.com/img/65702085/20250813/i1755066701_3107_0.jpg"",""https://xcimg.szwego.com/img/65702085/20250813/i1755066701_7224_1.jpg""]"
_ds9rSoLgmBAtWfKlzFvY-qaVAcXUA_BMuAVJnQw;Chrome Hearts Куртка;Мужская кожаная куртка с воротником-стойкой в стиле бомбер. Модель выполнена из 100% мелкозернистой кожи, сочетающей в себе брутальность и изысканность. Изделие украшено фирменной вышивкой в виде крестов и серебряной фурнитурой с гравировкой, включая заклепки и бегунки молний. Классический крой с трикотажными манжетами и подолом обеспечивает комфортную посадку, подчеркивая линию плеч и силуэт. Куртка сочетает в себе элементы байкерского стиля и повседневного комфорта, идеально подходя для создания многослойных образов.;0;qbunqx3arwquz1j;lrg3k8cd5bgw3jv;f2gdh71ajulp1ti;Для мужчин;"[""https://xcimg.szwego.com/img/c92d6d09/20251101/i1761982633_1029_8.jpg"",""https://xcimg.szwego.com/img/c92d6d09/20251101/i1761982632_4047_2.jpg"",""https://xcimg.szwego.com/img/c92d6d09/20251101/i1761982633_7474_5.jpg"",""https://xcimg.szwego.com/img/c92d6d09/20251101/i1761982633_9612_9.jpg"",""https://xcimg.szwego.com/img/c92d6d09/20251101/i1761982632_6287_0.jpg"",""https://xcimg.szwego.com/img/c92d6d09/20251101/i1761982633_9908_7.jpg"",""https://xcimg.szwego.com/img/c92d6d09/20251101/i1761982632_6391_1.jpg"",""https://xcimg.szwego.com/img/c92d6d09/20251101/i1761982633_8308_4.jpg"",""https://xcimg.szwego.com/img/c92d6d09/20251101/i1761982633_5036_6.jpg""]"
_dfSrSkkqCsof7tjq9ag0trZZIdST1-XobqUnsag;Chrome Hearts Штаны;Стильные кожаные штаны от премиального бренда. Модель выполнена из высококачественной кожи с фирменным тиснением в виде крестов и объемными аппликациями. Черный матовый цвет дополнен контрастными элементами, создающими выразительный акцент. Свободный крой обеспечивает комфорт и расслабленный силуэт, а укороченная длина придает образу современный вид. Изделие дополнено брендированной металлической фурнитурой, подчеркивающей уникальный стиль и внимание к деталям. Идеальный выбор для создания дерзкого и запоминающегося образа, сочетающего в себе роскошь и уличную эстетику.;0;qbunqx3arwquz1j;lrg3k8cd5bgw3jv;bls7s6kan7cc3lz;Для мужчин;"[""https://xcimg.szwego.com/img/65702085/20251107/i1762450112_9807_9.jpg"",""https://xcimg.szwego.com/img/65702085/20251107/i1762450136_8885_0.jpg"",""https://xcimg.szwego.com/img/65702085/20251107/i1762450112_7823_7.jpg"",""https://xcimg.szwego.com/img/65702085/20251107/i1762450111_5946_3.jpg"",""https://xcimg.szwego.com/img/65702085/20251107/i1762450111_8706_1.jpg"",""https://xcimg.szwego.com/img/65702085/20251107/i1762450111_3365_5.jpg"",""https://xcimg.szwego.com/img/65702085/20251107/i1762450111_4575_6.jpg"",""https://xcimg.szwego.com/img/65702085/20251107/i1762450111_3852_2.jpg"",""https://xcimg.szwego.com/img/65702085/20251107/i1762450112_20_8.jpg""]"
_djXrS7xes7jOcqv2HKUV_FvpatFf5l1iagtuyaw;Louis Vuitton Куртка;Эта куртка из натуральной кожи и меха сочетает в себе винтажный стиль и премиальное качество. Модель выполнена из отборных материалов: кожаная поверхность отличается плотностью и структурой, а меховая подкладка обеспечивает исключительное тепло и комфорт. Дизайн дополнен изысканными деталями, такими как кожаная окантовка и качественная металлическая фурнитура. Пышный меховой воротник подчеркивает роскошный вид изделия. Удобная застежка-молния и продуманный крой делают эту модель идеальным выбором для создания стильных образов в холодное время года.;0;977uh954t91spxq;lrg3k8cd5bgw3jv;f2gdh71ajulp1ti;Для мужчин;"[""https://xcimg.szwego.com/img/65702085/20251008/i1759936194_427_4.jpg"",""https://xcimg.szwego.com/img/65702085/20251008/i1759936193_221_0.jpg"",""https://xcimg.szwego.com/img/65702085/20251008/i1759936194_4996_9.jpg"",""https://xcimg.szwego.com/img/65702085/20251008/i1759936193_2404_1.jpg"",""https://xcimg.szwego.com/img/65702085/20251008/i1759936194_2651_3.jpg"",""https://xcimg.szwego.com/img/65702085/20251008/i1759936194_775_2.jpg"",""https://xcimg.szwego.com/img/65702085/20251008/i1759936194_9451_6.jpg"",""https://xcimg.szwego.com/img/65702085/20251008/i1759936194_1548_5.jpg"",""https://xcimg.szwego.com/img/65702085/20251008/i1759936194_7647_8.jpg""]"
_dkprStrnGcRZgj3aczZGL0H8gAzW7090sREqSNQ;Hermes Куртка;Мужская кожаная куртка от легендарного дома моды. Модель выполнена из высококачественной натуральной кожи с использованием традиционных техник обработки материала, что обеспечивает премиальную текстуру и долговечность изделия.\n\nКуртка отличается безупречным кроем и вниманием к деталям: аккуратные швы, качественная фурнитура и классический дизайн с отложным воротником создают элегантный и современный образ. Модель идеально подходит для создания стильных городских ансамблей, обеспечивая комфорт и подчеркивая статус владельца.;0;rakg8u0bx1y4qcy;lrg3k8cd5bgw3jv;f2gdh71ajulp1ti;Для мужчин;"[""https://xcimg.szwego.com/img/65702085/20250926/i1758901196_36_1.jpg"",""https://xcimg.szwego.com/img/65702085/20250926/i1758901196_4957_0.jpg"",""https://xcimg.szwego.com/img/65702085/20250926/i1758901196_9234_3.jpg"",""https://xcimg.szwego.com/img/65702085/20250926/i1758901197_2881_10.jpg"",""https://xcimg.szwego.com/img/65702085/20250926/i1758901197_6774_9.jpg"",""https://xcimg.szwego.com/img/65702085/20250926/i1758901196_7042_4.jpg"",""https://xcimg.szwego.com/img/65702085/20250926/i1758901197_2027_8.jpg"",""https://xcimg.szwego.com/img/65702085/20250926/i1758901197_8861_5.jpg"",""https://xcimg.szwego.com/img/65702085/20250926/i1758901197_5636_13.jpg""]"
_dcZrSarZV1W6RHOJShwxOr-uzAYEA7wN4enOS1Q;Burberry Тренч;Элегантный тренч из натуральной кожи, сочетающий в себе классический стиль и премиальное качество. Модель выполнена с использованием высококачественной кожи с мягкой и прочной текстурой. Дизайн включает классическую двубортную застежку, характерную для стиля тренч, и дополнен фирменной клетчатой подкладкой. Идеально подходит для создания стильного образа как в городских условиях, так и для особых случаев, обеспечивая безупречную посадку и выразительный силуэт.;0;9610bhle5fdutm0;lrg3k8cd5bgw3jv;kwhzl9eqjae11uv;Для мужчин;"[""https://xcimg.szwego.com/img/65702085/20250922/i1758552345_5409_0.jpg"",""https://xcimg.szwego.com/img/65702085/20250922/i1758552345_4533_0.jpg"",""https://xcimg.szwego.com/img/65702085/20250922/i1758552345_3252_0.jpg"",""https://xcimg.szwego.com/img/65702085/20250922/i1758552345_9615_0.jpg"",""https://xcimg.szwego.com/img/65702085/20250922/i1758552346_2592_0.jpg"",""https://xcimg.szwego.com/img/65702085/20250922/i1758552342_9398_4.jpg"",""https://xcimg.szwego.com/img/65702085/20250922/i1758552345_8176_0.jpg"",""https://xcimg.szwego.com/img/65702085/20250922/i1758552346_6961_0.jpg"",""https://xcimg.szwego.com/img/65702085/20250922/i1758552346_4258_0.jpg""]"
_dfGrSTmJPz_ihquIM3jpuaBp8uILIO7AEScbmFQ;Louis Vuitton Куртка;Мужская куртка из комбинированных материалов от Louis Vuitton. Модель выполнена из сочетания высококачественной кожи и других тканей, что создает выразительную текстуру и многослойность. Изделие украшено фирменными элементами бренда, подчеркивающими его наследие и современный стиль. Лаконичный крой и удобная застежка-молния обеспечивают комфорт и подчеркивают строгий городской силуэт. Универсальная модель, которая отлично сочетается как с повседневными брюками, так и с классическими вариантами для создания образа в стиле кэжуал или легкого делового стиля.;0;977uh954t91spxq;lrg3k8cd5bgw3jv;f2gdh71ajulp1ti;Для мужчин;"[""https://xcimg.szwego.com/img/65702085/20250905/i1757003449_2586_0.jpg"",""https://xcimg.szwego.com/img/65702085/20250905/i1757003449_1536_1.jpg"",""https://xcimg.szwego.com/img/65702085/20250905/i1757003502_1536_7.jpg"",""https://xcimg.szwego.com/img/65702085/20250905/i1757003501_3217_4.jpg"",""https://xcimg.szwego.com/img/65702085/20250905/i1757003501_882_1.jpg"",""https://xcimg.szwego.com/img/65702085/20250905/i1757003501_4106_3.jpg"",""https://xcimg.szwego.com/img/65702085/20250905/i1757003502_9420_8.jpg"",""https://xcimg.szwego.com/img/65702085/20250905/i1757003501_732_0.jpg"",""https://xcimg.szwego.com/img/65702085/20250905/i1757003501_2206_5.jpg""]"
_dlbrSW_xUOIEsXWFjZsxrCNf3tvPfZWgLE6y8LQ;Louis Vuitton Бомбер;Мужская куртка-бомбер от Louis Vuitton, выполненная из 100% натуральной замши черного цвета. Модель дополнена контрастными полосками на воротнике, манжетах и подоле, которые придают изделию спортивный и современный вид.\n\nНа груди расположен фирменный декор в виде цветка Monogram, украшенный кристаллами, которые эффектно переливаются при свете. На спинке размещена кожаная нашивка с логотипом Marque L. Vuitton deposee, подчеркивающая наследие бренда. Куртка застегивается на кнопки с перламутровым эффектом и оснащена двумя передними карманами.\n\nИзделие произведено в Италии. Модель имеет классический крой, обеспечивающий комфортную посадку по фигуре.;0;977uh954t91spxq;lrg3k8cd5bgw3jv;f2gdh71ajulp1ti;Для мужчин;"[""https://xcimg.szwego.com/img/65702085/20250807/a1754554960106_1468.jpg"",""https://xcimg.szwego.com/img/65702085/20250807/a1754554959522_0616.jpg"",""https://xcimg.szwego.com/img/65702085/20250807/a1754554962371_5872.jpg"",""https://xcimg.szwego.com/img/65702085/20250807/a1754554959870_8022.jpg"",""https://xcimg.szwego.com/img/65702085/20250807/a1754554959461_8566.jpg"",""https://xcimg.szwego.com/img/65702085/20250807/a1754554959698_4018.jpg"",""https://xcimg.szwego.com/img/65702085/20250807/a1754554962229_4131.jpg"",""https://xcimg.szwego.com/img/65702085/20250804/i1754303278_3557_2.jpg"",""https://xcimg.szwego.com/img/65702085/20250804/i1754303278_317_7.jpg""]"
_do1rSfbA5ZOQVrTzU3bLZXUGfqwtzoajdSRAxug;Louis Vuitton Куртка;В коллекции весна-лето 2025 года Louis Vuitton представляет мужскую куртку из мягкой коричневой зернистой кожи. Модель украшена фирменным принтом Damier, который придает изделию динамичный и художественный вид.\n\nДетали включают воротник с двумя кнопками, застежку-молнию с двумя бегунками, украшенными инициалами LV, и два передних кармана с клапанами. Манжеты и нижний край выполнены из трикотажной резинки для комфортной посадки. Изделие дополнено полной подкладкой и надписью Marque L. Vuitton deposee. Куртка произведена в Италии и отличается высоким качеством исполнения.;0;977uh954t91spxq;lrg3k8cd5bgw3jv;f2gdh71ajulp1ti;Для мужчин;"[""https://xcimg.szwego.com/img/65702085/20250807/i1754554730_6689_0.jpg"",""https://xcimg.szwego.com/img/65702085/20250807/i1754554730_1829_1.jpg"",""https://xcimg.szwego.com/img/65702085/20250805/i1754378376_5174_3.jpg"",""https://xcimg.szwego.com/img/65702085/20250805/i1754378376_8474_7.jpg"",""https://xcimg.szwego.com/img/65702085/20250805/i1754378376_8890_6.jpg"",""https://xcimg.szwego.com/img/65702085/20250805/i1754378376_456_0.jpg"",""https://xcimg.szwego.com/img/65702085/20250805/i1754378376_3167_2.jpg"",""https://xcimg.szwego.com/img/65702085/20250805/i1754378376_613_8.jpg"",""https://xcimg.szwego.com/img/65702085/20250805/i1754378376_1430_1.jpg""]"
_dxxrSF0SGb9f2wCaxYAHy3FXe5etwdjLipHnIZg;Louis Vuitton Куртка;Мужская куртка-бомбер из коллекции Louis Vuitton x Park Seo-Bo 2024 года. Модель выполнена из 100% натуральной кожи теленка с тисненым узором Epi XL. \n\nИзделие представлено в глубоком синем оттенке Blue Ballad. На груди расположен металлический логотип LV, на рукаве — фирменная деталь Park Seo-Bo. Вентиляционные отверстия на внутренней стороне рукавов выполнены в форме цветка Monogram. Куртка оснащена скрытой застежкой-молнией, двумя передними карманами с клапанами и кнопками, а также эластичными манжетами и подолом для идеальной посадки. Произведено во Франции.;0;977uh954t91spxq;lrg3k8cd5bgw3jv;f2gdh71ajulp1ti;Для мужчин;"[""https://xcimg.szwego.com/img/65702085/20250714/i1752505338283_4412_0_0.jpg"",""https://xcimg.szwego.com/img/65702085/20250714/i1752505336186_3063_0_1.jpg"",""https://xcimg.szwego.com/img/65702085/20250714/i1752505338287_3209_0_2.jpg"",""https://xcimg.szwego.com/img/65702085/20250714/i1752505338349_5949_0_4.jpg"",""https://xcimg.szwego.com/img/65702085/20250714/i1752505336143_1611_0_3.jpg"",""https://xcimg.szwego.com/img/65702085/20250714/i1752505338355_7324_0_5.jpg"",""https://xcimg.szwego.com/img/65702085/20250714/i1752505336294_6356_0_6.jpg"",""https://xcimg.szwego.com/img/65702085/20250714/i1752505338391_1924_0_8.jpg"",""https://xcimg.szwego.com/img/65702085/20250714/i1752505364443_8721_0_9.jpg""]"
_dzorSv3OtJDGnwg4tI1h6zVp9vyVYgKbry7RvWw;Saint Laurent Куртка;Мотоциклетная кожаная куртка выполнена из 100% итальянской овечьей кожи. Материал отличается высокой степенью детализации и стойкостью цвета. Подкладка изготовлена из высокоплотного полиэстера, обладающего отличными антисминаемыми свойствами.\n\nПри создании модели использовалась система 3D-кроя, учитывающая эргономические особенности фигуры, что обеспечивает идеальную посадку. Каждая деталь, включая воротник, рукава и погоны, выполнена с высокой точностью.\n\nВ изделии используется фирменная металлическая фурнитура Saint Laurent. Молнии и заклепки прошли строгие испытания на износостойкость и прочность, гарантируя долговечность и плавность работы механизмов. Куртка воплощает в себе лучшие традиции французского мастерства и высокие стандарты качества.;0;dvj7fjo7rtb0flc;lrg3k8cd5bgw3jv;f2gdh71ajulp1ti;Для мужчин;"[""https://xcimg.szwego.com/img/65702085/20251119/i1763568322956_2610_0_0.jpg"",""https://xcimg.szwego.com/img/65702085/20251119/i1763568322990_7478_0_1.jpg"",""https://xcimg.szwego.com/img/65702085/20251119/i1763568322884_1241_0_2.jpg"",""https://xcimg.szwego.com/img/65702085/20251119/i1763568322764_719_0_4.jpg"",""https://xcimg.szwego.com/img/65702085/20251119/i1763568322963_7580_0_5.jpg"",""https://xcimg.szwego.com/img/65702085/20251119/i1763568324437_8037_0_6.jpg"",""https://xcimg.szwego.com/img/65702085/20251119/i1763568324592_4018_0_7.jpg"",""https://xcimg.szwego.com/img/65702085/20251119/i1763568324650_8715_0_8.jpg"",""https://xcimg.szwego.com/img/65702085/20251119/i1763568324632_4716_0_9.jpg""]"
_ddFrS89tg5bqtESWFrLFh2i3kQLxzOkaMokn2Ng;Dolce & Gabbana Куртка;Кожаная бейсбольная куртка выполнена из 100% итальянской овчины. Материал прошел высокоточную обработку, обеспечивающую исключительную мягкость и стойкость цвета. Подкладка из высокоплотного сатина обладает отличными антисминаемыми свойствами.\n\nПри создании модели использовалась 3D-система кроя, учитывающая эргономические особенности фигуры, что гарантирует идеальную посадку. Соединение кожаных деталей с трикотажными элементами выполнено на компьютерных швейных машинах с шагом стежка 1.8 мм.\n\nДекор на груди представляет собой сочетание машинной вышивки и инкрустации металлическими бусинами, что придает эмблеме объем и долговечность. Фирменная металлическая фурнитура, включая молнии, прошла многократные тесты на износостойкость и плавность хода. Внутренняя металлическая табличка с логотипом бренда выполнена методом прецизионной штамповки с последующим гальваническим покрытием для сохранения блеска.;0;3v0rkg9178h5y5f;lrg3k8cd5bgw3jv;f2gdh71ajulp1ti;Для мужчин;"[""https://xcimg.szwego.com/img/65702085/20251119/i1763567771642_5628_0_0.jpg"",""https://xcimg.szwego.com/img/65702085/20251119/i1763567773293_328_0_1.jpg"",""https://xcimg.szwego.com/img/65702085/20251119/i1763567773263_8158_0_2.jpg"",""https://xcimg.szwego.com/img/65702085/20251119/i1763567773226_234_0_3.jpg"",""https://xcimg.szwego.com/img/65702085/20251119/i1763567771515_5104_0_4.jpg"",""https://xcimg.szwego.com/img/65702085/20251119/i1763567771503_6405_0_5.jpg"",""https://xcimg.szwego.com/img/65702085/20251119/i1763567771511_1139_0_6.jpg"",""https://xcimg.szwego.com/img/65702085/20251119/i1763567771661_6823_0_7.jpg"",""https://xcimg.szwego.com/img/65702085/20251119/i1763567773291_2783_0_8.jpg""]"
_dmcrSj4Dx1Si4aJnUnB25ewDKyW1_zOJUiw4SPw;Bottega Veneta Кожаные брюки;Брюки из плетеной кожи Intreccio от Bottega Veneta. Модель выполнена из отборной мягкой овечьей кожи, прошедшей многоступенчатую обработку для достижения нежной текстуры. Подкладка изготовлена из 100% гребенного хлопка, обеспечивающего комфорт и устойчивость к сминанию.\n\nИзделие создано с использованием фирменной техники ручного плетения Intreccio: кожаные полоски шириной 3 мм переплетаются в диагональный узор, создавая равномерную ромбовидную структуру. Каждое плетение проходит проверку на прочность и деформацию. Для сборки используются высокопрочные нейлоновые вощеные нити и специализированное оборудование для работы с кожей.\n\nДетали включают металлическую кнопку на поясе с гальваническим покрытием, надежную металлическую молнию и аккуратную обработку краев карманов кожаным кантом. Все швы и элементы плетения тщательно проверены на соответствие высоким стандартам качества.;0;59kttao0v819zzy;lrg3k8cd5bgw3jv;bls7s6kan7cc3lz;Для мужчин;"[""https://xcimg.szwego.com/img/6c7a535f/20260104/i1767534017965_1490_0_0.jpg"",""https://xcimg.szwego.com/img/6c7a535f/20260104/i1767534015061_5442_0_1.jpg"",""https://xcimg.szwego.com/img/6c7a535f/20260104/i1767534017859_2165_0_2.jpg"",""https://xcimg.szwego.com/img/6c7a535f/20260104/i1767534015006_7280_0_3.jpg"",""https://xcimg.szwego.com/img/6c7a535f/20260104/i1767534017885_4713_0_4.jpg"",""https://xcimg.szwego.com/img/6c7a535f/20260104/i1767534014799_8732_0_5.jpg"",""https://xcimg.szwego.com/img/6c7a535f/20260104/i1767534014849_3547_0_6.jpg"",""https://xcimg.szwego.com/img/6c7a535f/20260104/i1767534017862_1253_0_7.jpg"",""https://xcimg.szwego.com/img/6c7a535f/20260104/i1767534014980_318_0_9.jpg""]"
_dj1rSNwG7zKzOKSLXeg_j3jFVTTasSUdf0-VTEw;Berluti Куртка;Мужская куртка из натуральной кожи теленка высшего качества. Модель выполнена с использованием эксклюзивной техники ручного окрашивания, создающей уникальный градиентный эффект от черного к фиолетовому цвету. Кожа прошла многоступенчатую обработку, обеспечивающую мягкость, равномерный блеск и высокую износостойкость поверхности.\n\nДизайн сочетает элементы классического пиджачного воротника и силуэта летной куртки. Основные швы выполнены вручную с использованием седельного стежка, что гарантирует прочность и долговечность изделия. Края воротника и манжет обработаны методом ручного подгиба для достижения идеальной гладкости.\n\nДетали включают фирменные пуговицы с гравировкой Berluti, выполненные методом высокоточной обработки, и функциональные карманы с усиленной прострочкой. Внутренняя подкладка из жаккардовой ткани украшена брендированным узором. Эластичные манжеты и нижняя кромка из смесового материала с добавлением эластана обеспечивают отличную посадку и сохранение формы после длительной носки.;0;i5129fa1bqw2mtb;lrg3k8cd5bgw3jv;f2gdh71ajulp1ti;Для мужчин;"[""https://xcimg.szwego.com/img/6c7a535f/20260105/i1767568016362_8216_0_0.jpg"",""https://xcimg.szwego.com/img/6c7a535f/20260105/i1767568013607_6481_0_1.jpg"",""https://xcimg.szwego.com/img/6c7a535f/20260105/i1767568013426_7718_0_2.jpg"",""https://xcimg.szwego.com/img/6c7a535f/20260105/i1767568013461_937_0_3.jpg"",""https://xcimg.szwego.com/img/6c7a535f/20260105/i1767568013339_1773_0_4.jpg"",""https://xcimg.szwego.com/img/6c7a535f/20260105/i1767568016181_4432_0_5.jpg"",""https://xcimg.szwego.com/img/6c7a535f/20260105/i1767568016315_5159_0_6.jpg"",""https://xcimg.szwego.com/img/6c7a535f/20260105/i1767568015925_5541_0_7.jpg"",""https://xcimg.szwego.com/img/6c7a535f/20260105/i1767568015921_7680_0_8.jpg"",""https://xcimg.szwego.com/img/6c7a535f/20260105/i1767568013554_3285_0_9.jpg""]"
_dtPrSHkueh8w1lu49SlzYWCwcvOQCN6z_bS5srw;Louis Vuitton Куртка-пилот;Кожаная куртка-пилот от Louis Vuitton. Модель выполнена из матовой натуральной кожи с мелкозернистой текстурой, обладающей высокой устойчивостью к заломам и износостойкостью. Внутренняя подкладка из жаккардовой ткани с фирменным узором Monogram обеспечивает комфорт и долговечность.\n\nКуртка отличается точным кроем, разработанным с учетом эргономики для идеальной посадки по плечам и свободы движений. Детали включают качественную металлическую фурнитуру: кнопки с гравировкой и брендированную молнию с золотистым покрытием. Эластичные трикотажные манжеты и пояс сохраняют форму после длительного использования.\n\nФирменный логотип нанесен методом горячего тиснения, что гарантирует его четкость и долговечность. Изделие выполнено в глубоком фиолетовом цвете.;0;977uh954t91spxq;lrg3k8cd5bgw3jv;f2gdh71ajulp1ti;Для мужчин;"[""https://xcimg.szwego.com/img/65702085/20260105/i1767583263201_9337_0_0.jpg"",""https://xcimg.szwego.com/img/65702085/20260105/i1767583268129_8297_0_1.jpg"",""https://xcimg.szwego.com/img/65702085/20260105/i1767583263085_4892_0_2.jpg"",""https://xcimg.szwego.com/img/65702085/20260105/i1767583268031_4223_0_3.jpg"",""https://xcimg.szwego.com/img/65702085/20260105/i1767583263193_4184_0_4.jpg"",""https://xcimg.szwego.com/img/65702085/20260105/i1767583268072_9211_0_5.jpg"",""https://xcimg.szwego.com/img/65702085/20260105/i1767583262898_3603_0_6.jpg"",""https://xcimg.szwego.com/img/65702085/20260105/i1767583268108_8682_0_7.jpg"",""https://xcimg.szwego.com/img/65702085/20260105/i1767583263196_9717_0_9.jpg""]"
_dyMrSMaeUhA1t9-eqeFt1hBJqbJZ1HCWmgQe7FA;Berluti Пиджак;Пиджак выполнен из премиальной замши, прошедшей специальную ручную обработку для достижения мягкой и износостойкой текстуры. Модель создана с использованием высокоточного оборудования для раскроя, что обеспечивает идеальную посадку по фигуре.\n\nОсновные детали:\n- Ручная прошивка основных швов с соблюдением стандартов высокой моды.\n- Лацканы сформированы вручную с применением паровой обработки для сохранения формы.\n- Фирменные пуговицы из смолы с медными вставками и лазерной гравировкой логотипа.\n- Подкладка из фирменной жаккардовой ткани с узором Scritto.\n- Кожаный брендированный лейбл с тиснением 1895 Berluti Paris.\n- Тщательная ручная отделка краев, карманов и воротника для безупречного внешнего вида.\n\nЦвет: оливково-зеленый.;0;i5129fa1bqw2mtb;lrg3k8cd5bgw3jv;cf7bclxyiy0g2ug;Для мужчин;"[""https://xcimg.szwego.com/img/65702085/20260105/i1767582937583_9573_0_0.jpg"",""https://xcimg.szwego.com/img/65702085/20260105/i1767582942125_1515_0_1.jpg"",""https://xcimg.szwego.com/img/65702085/20260105/i1767582942125_6261_0_2.jpg"",""https://xcimg.szwego.com/img/65702085/20260105/i1767582942056_9500_0_4.jpg"",""https://xcimg.szwego.com/img/65702085/20260105/i1767582941984_3719_0_5.jpg"",""https://xcimg.szwego.com/img/65702085/20260105/i1767582937583_8619_0_6.jpg"",""https://xcimg.szwego.com/img/65702085/20260105/i1767582937583_9074_0_7.jpg"",""https://xcimg.szwego.com/img/65702085/20260105/i1767582942026_1094_0_8.jpg"",""https://xcimg.szwego.com/img/65702085/20260105/i1767582937583_206_0_9.jpg""]"
_dsZrSiryjTAkiZu_ZxwsutXsnUOQBIZdzvZcT9w;Chrome Hearts Штаны;Кожаные штаны с декоративными вставками в виде крестов. Модель выполнена из высококачественной натуральной воловьей кожи с выраженной текстурой и дополнена подкладкой из 100% хлопка с фирменным жаккардовым узором.\n\nОсобенности изделия:\n- Декоративные кожаные нашивки в форме крестов, выполненные с использованием многослойной техники и ручной обработки краев.\n- Фурнитура из серебра с эффектом состаривания, включая фирменные кнопки, таблички и цепочки.\n- Прочные швы, выполненные вощеными нитями, обеспечивающими долговечность и устойчивость к нагрузкам.\n- Функциональные карманы в стиле карго с дополнительным укреплением заклепками.\n- Регулируемые ремешки на поясе и скрытые кнопки в нижней части штанин для удобства посадки.\n- Матовая отделка кожи, достигнутая путем профессиональной ручной обработки.\n\nЦвет: черный.;0;qbunqx3arwquz1j;lrg3k8cd5bgw3jv;bls7s6kan7cc3lz;Для мужчин;"[""https://xcimg.szwego.com/img/6c7a535f/20260104/i1767533553627_1469_0_0.jpg"",""https://xcimg.szwego.com/img/6c7a535f/20260104/i1767533550021_8513_0_1.jpg"",""https://xcimg.szwego.com/img/6c7a535f/20260104/i1767533553499_4830_0_2.jpg"",""https://xcimg.szwego.com/img/6c7a535f/20260104/i1767533553417_1053_0_3.jpg"",""https://xcimg.szwego.com/img/6c7a535f/20260104/i1767533549840_5040_0_5.jpg"",""https://xcimg.szwego.com/img/6c7a535f/20260104/i1767533549842_9812_0_6.jpg"",""https://xcimg.szwego.com/img/6c7a535f/20260104/i1767533549981_5789_0_7.jpg"",""https://xcimg.szwego.com/img/6c7a535f/20260104/i1767533549901_999_0_9.jpg"",""https://xcimg.szwego.com/img/6c7a535f/20260104/i1767533576989_2531_0_9.jpg""]"
_ditrSl-ditctc0RhwR7h-QGhkv3IO61Qew28B6A;Berluti Кожаная куртка;Мужская кожаная куртка-пилот от Berluti. Модель выполнена из высококачественной кожи, прошедшей специальную обработку для достижения мягкой матовой текстуры и высокой износостойкости. \n\nДетали изделия:\n- Фирменная металлическая фурнитура с гравировкой 1895 Berluti Paris.\n- Эластичные манжеты и подол из смеси хлопка и эластана для идеальной посадки.\n- Подкладка из жаккардовой ткани с классическим узором Scritto.\n- Тщательно проработанные швы и детали, выполненные с применением ручной работы.\n- Цвет: коричневый.;0;i5129fa1bqw2mtb;lrg3k8cd5bgw3jv;f2gdh71ajulp1ti;Для мужчин;"[""https://xcimg.szwego.com/img/65702085/20260105/i1767575114489_6636_0_0.jpg"",""https://xcimg.szwego.com/img/65702085/20260105/i1767575114533_480_0_1.jpg"",""https://xcimg.szwego.com/img/65702085/20260105/i1767575118345_7732_0_2.jpg"",""https://xcimg.szwego.com/img/65702085/20260105/i1767575114552_8399_0_3.jpg"",""https://xcimg.szwego.com/img/65702085/20260105/i1767575118345_4308_0_4.jpg"",""https://xcimg.szwego.com/img/65702085/20260105/i1767575114437_4329_0_5.jpg"",""https://xcimg.szwego.com/img/65702085/20260105/i1767575118339_8773_0_6.jpg"",""https://xcimg.szwego.com/img/65702085/20260105/i1767575118393_3601_0_7.jpg"",""https://xcimg.szwego.com/img/65702085/20260105/i1767575114498_7562_0_8.jpg"",""https://xcimg.szwego.com/img/65702085/20260105/i1767575118340_5782_0_9.jpg""]"
_drPrSJvT-Wt2SgL9fX0SsrC1r4pL8WKwddN6ujA;Louis Vuitton Пуховик;Стильный мужской пуховик с элементами из фирменной кожи с монограммой. Модель выполнена из высококачественного нейлона с матовой текстурой, обладающего высокой износостойкостью. При создании изделия использовалась 3D-технология кроя для обеспечения идеальной посадки по фигуре.\n\nНаполнитель распределен равномерно с использованием высокоточного оборудования, что гарантирует отличную теплоизоляцию. Капюшон оснащен встроенным каркасом для поддержания формы. Детали включают пояс из кожи с монограммой, фурнитуру из состаренной латуни с гравировкой и надежные застежки. Все швы выполнены с высокой точностью для предотвращения потери пуха. Цвет: зеленый.;0;977uh954t91spxq;lrg3k8cd5bgw3jv;fpi3euz683wbrxq;Для мужчин;"[""https://xcimg.szwego.com/img/65702085/20260104/i1767514032113_3131_0_4.jpg"",""https://xcimg.szwego.com/img/65702085/20260104/i1767514032113_8442_0_5.jpg"",""https://xcimg.szwego.com/img/6c7a535f/20260103/i1767410524795_4496_0_2.jpg"",""https://xcimg.szwego.com/img/6c7a535f/20260103/i1767410524830_8610_0_8.jpg"",""https://xcimg.szwego.com/img/65702085/20260104/i1767514032113_9844_0_6.jpg"",""https://xcimg.szwego.com/img/65702085/20260104/i1767514032113_3890_0_7.jpg"",""https://xcimg.szwego.com/img/65702085/20260104/i1767514034088_6845_0_8.jpg"",""https://xcimg.szwego.com/img/65702085/20260104/i1767514034092_9737_0_9.jpg"",""https://xcimg.szwego.com/img/65702085/20260104/i1767514032113_7812_0_11.jpg""]"
_di2rSKJI6jeuHHIkMY75wjGMaBr4H9mIEgEc-hg;Louis Vuitton Пуховик;Мужской пуховик с капюшоном, выполненный в комбинированном дизайне. Основной материал — высококачественный нейлон с матовой текстурой, обладающий высокой износостойкостью. Изделие создано с использованием 3D-технологий кроя, обеспечивающих идеальную посадку и эргономичность.\n\nНаполнитель распределен с помощью высокоточного оборудования, что гарантирует равномерную плотность и отличные теплоизоляционные свойства. Каждая деталь, включая швы и фурнитуру, выполнена с соблюдением строгих стандартов качества. Пояс и декоративные элементы украшены фирменным принтом бренда. Металлическая фурнитура с эффектом состаривания прошла многократные тесты на прочность. Модель дополнена капюшоном с поддерживающим каркасом для сохранения формы.;0;977uh954t91spxq;lrg3k8cd5bgw3jv;fpi3euz683wbrxq;Для мужчин;"[""https://xcimg.szwego.com/img/65702085/20260104/i1767514301798_9610_0_9.jpg"",""https://xcimg.szwego.com/img/65702085/20260104/i1767514303121_5135_0_10.jpg"",""https://xcimg.szwego.com/img/6c7a535f/20260103/i1767410271573_5628_0_6.jpg"",""https://xcimg.szwego.com/img/65702085/20260104/i1767514302805_8567_0_17.jpg"",""https://xcimg.szwego.com/img/65702085/20260104/i1767514301735_9884_0_11.jpg"",""https://xcimg.szwego.com/img/65702085/20260104/i1767514303085_5393_0_12.jpg"",""https://xcimg.szwego.com/img/65702085/20260104/i1767514301735_1806_0_14.jpg"",""https://xcimg.szwego.com/img/65702085/20260104/i1767514303090_8576_0_15.jpg"",""https://xcimg.szwego.com/img/65702085/20260104/i1767514301755_8255_0_16.jpg""]"
_dsgrSD4F6Zf3n1qfo0Yne6sq7qlycGEvD8SVsvg;Fendi Куртка;Стильная куртка с фирменным принтом FF, выполненная из высококачественного жаккардового материала с добавлением хлопка. Модель отличается точной проработкой деталей, включая 3D-крой для идеальной посадки, качественную фурнитуру с гравировкой и надежную молнию. Капюшон сохраняет форму благодаря встроенным элементам, а эластичные манжеты обеспечивают комфорт при носке. Изделие дополнено силиконовым логотипом Fendi Roma и функциональными деталями, такими как скрытая система утяжки. Цвет: белый.;0;kxb3v0730w6mnyn;lrg3k8cd5bgw3jv;f2gdh71ajulp1ti;Для мужчин;"[""https://xcimg.szwego.com/img/6c7a535f/20260105/i1767567726777_1651_0_0.jpg"",""https://xcimg.szwego.com/img/6c7a535f/20260105/i1767567726738_1593_0_1.jpg"",""https://xcimg.szwego.com/img/6c7a535f/20260105/i1767567726747_5777_0_2.jpg"",""https://xcimg.szwego.com/img/6c7a535f/20260105/i1767567726677_8808_0_3.jpg"",""https://xcimg.szwego.com/img/6c7a535f/20260105/i1767567728719_2998_0_4.jpg"",""https://xcimg.szwego.com/img/6c7a535f/20260105/i1767567728772_5559_0_5.jpg"",""https://xcimg.szwego.com/img/6c7a535f/20260105/i1767567728919_6938_0_6.jpg"",""https://xcimg.szwego.com/img/6c7a535f/20260105/i1767567728839_7884_0_8.jpg"",""https://xcimg.szwego.com/img/6c7a535f/20260105/i1767567726712_9190_0_9.jpg""]"
_d_2rSifOuOo2B4-ycnHL-1CapmV-UEm5UmbCBgg;Moncler Пуховик;Пуховик с фирменным логотипом и воротником-стойкой. Модель выполнена из высококачественного нейлона с особым покрытием, обеспечивающим защиту от ветра и влаги. В качестве наполнителя используется отборный белый гусиный пух, равномерно распределенный по стеганым секциям для максимальной теплоизоляции и сохранения объема. Изделие дополнено качественной фурнитурой с фирменной гравировкой и аккуратной отделкой деталей.;0;hn1drp5rmss2i17;lrg3k8cd5bgw3jv;fpi3euz683wbrxq;Для мужчин;"[""https://xcimg.szwego.com/img/65702085/20250919/i1758295911_9502_6.jpg"",""https://xcimg.szwego.com/img/65702085/20250919/i1758295910_3093_2.jpg"",""https://xcimg.szwego.com/img/65702085/20250919/i1758295910_4237_4.jpg"",""https://xcimg.szwego.com/img/65702085/20250919/i1758295911_3926_9.jpg"",""https://xcimg.szwego.com/img/65702085/20250919/i1758295911_7371_7.jpg"",""https://xcimg.szwego.com/img/65702085/20250919/i1758295911_9350_8.jpg"",""https://xcimg.szwego.com/img/65702085/20250919/i1758295910_5025_1.jpg"",""https://xcimg.szwego.com/img/65702085/20250919/i1758295911_544_5.jpg"",""https://xcimg.szwego.com/img/65702085/20250919/i1758295910_3489_3.jpg""]"
_d98rSYp4W4bEzTwshsa6f9Ee5AUTBN-YGUOQhqg;Moncler Пуховик;Стильный пуховик с воротником-стойкой от Moncler. Модель выполнена из высококачественного матового нейлона, обеспечивающего превосходную текстуру и долговечность материала. Эргономичный крой гарантирует идеальную посадку по фигуре.\n\nИзделие наполнено отборным пухом с использованием системы точного дозирования, что обеспечивает равномерное распределение наполнителя и отличную теплоизоляцию. Качественная стежка выполнена на профессиональном оборудовании с соблюдением строгих стандартов шага строчки.\n\nДетали включают надежную фурнитуру, устойчивую к износу, и фирменный вышитый логотип на рукаве. Воротник-стойка сохраняет форму, обеспечивая дополнительную защиту от холода. Цвет: черный.;0;hn1drp5rmss2i17;lrg3k8cd5bgw3jv;fpi3euz683wbrxq;Для мужчин;"[""https://xcimg.szwego.com/img/6c7a535f/20251230/i1767061356530_4374_0_0.jpg"",""https://xcimg.szwego.com/img/6c7a535f/20251230/i1767061355177_7646_0_1.jpg"",""https://xcimg.szwego.com/img/6c7a535f/20251230/i1767061356570_1758_0_5.jpg"",""https://xcimg.szwego.com/img/6c7a535f/20251230/i1767061356505_2773_0_2.jpg"",""https://xcimg.szwego.com/img/6c7a535f/20251230/i1767061355022_3215_0_3.jpg"",""https://xcimg.szwego.com/img/6c7a535f/20251230/i1767061355220_7892_0_4.jpg"",""https://xcimg.szwego.com/img/6c7a535f/20251230/i1767061356550_7359_0_8.jpg"",""https://xcimg.szwego.com/img/6c7a535f/20251230/i1767061355213_5521_0_6.jpg"",""https://xcimg.szwego.com/img/6c7a535f/20251230/i1767061355219_1360_0_7.jpg""]"
_dwNrSUcNDya-V17QJwqfxoKTlcCOHjnWwl2ujOw;Chrome Hearts Куртка;Стеганая куртка с фирменными элементами бренда. Модель выполнена из высококачественного матового хлопка, прошедшего специальную обработку для обеспечения износостойкости, ветрозащитных свойств и воздухопроницаемости. Изделие дополнено объемным утеплителем, равномерно распределенным по стеганым секциям, что предотвращает сбивание наполнителя.\n\nДетали включают кожаные нашивки в форме крестов на рукавах с эффектом состаренной текстуры, дополненные металлическими элементами с гравировкой. Фурнитура выполнена в винтажном стиле: кнопки на планке и брендированная металлическая пластина на подоле подчеркивают премиальное исполнение. Воротник-стойка сохраняет форму, а эластичные манжеты обеспечивают комфортную посадку. Цвет: черный.;0;qbunqx3arwquz1j;lrg3k8cd5bgw3jv;f2gdh71ajulp1ti;Для мужчин;"[""https://xcimg.szwego.com/img/65702085/20251231/i1767147690493_8457_0_0.jpg"",""https://xcimg.szwego.com/img/65702085/20251231/i1767147688295_5453_0_1.jpg"",""https://xcimg.szwego.com/img/65702085/20251231/i1767147690386_1589_0_2.jpg"",""https://xcimg.szwego.com/img/65702085/20251231/i1767147688295_848_0_3.jpg"",""https://xcimg.szwego.com/img/65702085/20251231/i1767147688295_8398_0_4.jpg"",""https://xcimg.szwego.com/img/65702085/20251231/i1767147690159_8482_0_5.jpg"",""https://xcimg.szwego.com/img/65702085/20251231/i1767147690498_881_0_6.jpg"",""https://xcimg.szwego.com/img/65702085/20251231/i1767147688295_2930_0_7.jpg"",""https://xcimg.szwego.com/img/65702085/20251231/i1767147690397_8348_0_8.jpg"",""https://xcimg.szwego.com/img/65702085/20251231/i1767147688295_7498_0_9.jpg""]"
_dxQrSmGUxLVTSfnDmbJtrJW3z4QYgh8sEGaGCJg;Louis Vuitton Пуховик;Мужской пуховик с капюшоном, выполненный из высокоплотного нейлона с фирменным жаккардовым узором Monogram. Модель наполнена 90% белым гусиным пухом и 10% пуховым пером, распределенным по независимым стеганым секциям для равномерного объема и тепла. Изделие оснащено качественной фурнитурой, включая фирменную молнию RIRI, обеспечивающую плавность хода. На плече расположен кожаный патч с логотипом бренда. Капюшон имеет формоустойчивую конструкцию, а подол дополнен регулируемой системой затяжки для дополнительной защиты от холода. Цвет: черный.;0;977uh954t91spxq;lrg3k8cd5bgw3jv;fpi3euz683wbrxq;Для мужчин;"[""https://xcimg.szwego.com/img/adebff46/20251116/i1763229167187_2976_0_0.jpg"",""https://xcimg.szwego.com/img/adebff46/20251116/i1763229167110_6867_0_1.jpg"",""https://xcimg.szwego.com/img/adebff46/20251116/i1763229168686_6742_0_2.jpg"",""https://xcimg.szwego.com/img/adebff46/20251116/i1763229167229_3639_0_7.jpg"",""https://xcimg.szwego.com/img/adebff46/20251116/i1763229168666_8803_0_4.jpg"",""https://xcimg.szwego.com/img/adebff46/20251116/i1763229168600_6995_0_5.jpg"",""https://xcimg.szwego.com/img/adebff46/20251116/i1763229168739_5156_0_6.jpg"",""https://xcimg.szwego.com/img/adebff46/20251116/i1763229167201_9340_0_9.jpg"",""https://xcimg.szwego.com/img/adebff46/20251116/i1763229168720_363_0_8.jpg""]"
_drArSVv936-msGjToZdfGyWacvXKQyoK45_YP4w;Louis Vuitton Пуховик;Мужской пуховик с капюшоном, выполненный из высококачественного нейлона с жаккардовым узором. Изделие наполнено отборным гусиным пухом с показателем плотности 700+ FP, что обеспечивает отличную теплоизоляцию. Технология автоматизированного наполнения гарантирует равномерное распределение пуха по всем секциям.\n\nМодель отличается высокой точностью кроя и качественной проработкой деталей. Металлические элементы, включая логотип и фурнитуру, выполнены с использованием прецизионного оборудования, что обеспечивает долговечность и износостойкость покрытия. Капюшон прошел термическую формовку для идеальной посадки. Изделие сохраняет форму даже после многочисленных стирок.;0;977uh954t91spxq;lrg3k8cd5bgw3jv;fpi3euz683wbrxq;Для мужчин;"[""https://xcimg.szwego.com/img/65702085/20251113/i1763048530718_8855_0_0.jpg"",""https://xcimg.szwego.com/img/65702085/20251113/i1763048532301_4392_0_1.jpg"",""https://xcimg.szwego.com/img/65702085/20251113/i1763048532263_5139_0_2.jpg"",""https://xcimg.szwego.com/img/65702085/20251113/i1763048532354_3731_0_4.jpg"",""https://xcimg.szwego.com/img/65702085/20251113/i1763048530743_3934_0_9.jpg"",""https://xcimg.szwego.com/img/65702085/20251113/i1763048530544_7829_0_5.jpg"",""https://xcimg.szwego.com/img/65702085/20251113/i1763048532276_4147_0_6.jpg"",""https://xcimg.szwego.com/img/65702085/20251113/i1763048532204_7016_0_7.jpg"",""https://xcimg.szwego.com/img/65702085/20251113/i1763048530839_6080_0_8.jpg""]"
_dgtrSU08tmm5vJADnLajEy8yLmr1tyaAnCpadVA;Louis Vuitton Пуховик;Эта модель пуховика от Louis Vuitton представляет собой сочетание функциональной эстетики и классических элементов бренда. Изделие выполнено из высококачественного ветрозащитного материала с контрастными цветовыми вставками, создающими современный объемный силуэт.\n\nВнутри наполнитель из пуха высокой плотности обеспечивает отличную теплоизоляцию и сохранение формы. На передней части расположен логотип Louis Vuitton, а на спинке — фирменный узор в виде четырехлистного цветка. Модель дополнена брендированной металлической фурнитурой оранжевого цвета и регулируемым капюшоном на кулиске. Идеально подходит для городских образов, повседневной носки и активного отдыха.;0;977uh954t91spxq;lrg3k8cd5bgw3jv;fpi3euz683wbrxq;Для мужчин;"[""https://xcimg.szwego.com/img/65702085/20251024/i1761236306_3657_9.jpg"",""https://xcimg.szwego.com/img/65702085/20251024/i1761236346_6535_0.jpg"",""https://xcimg.szwego.com/img/65702085/20251024/i1761236305_8596_4.jpg"",""https://xcimg.szwego.com/img/65702085/20251024/i1761236305_7564_2.jpg"",""https://xcimg.szwego.com/img/65702085/20251024/i1761236305_1585_5.jpg"",""https://xcimg.szwego.com/img/65702085/20251024/i1761236306_3083_8.jpg"",""https://xcimg.szwego.com/img/65702085/20251024/i1761236347_4917_0.jpg"",""https://xcimg.szwego.com/img/65702085/20251024/i1761236305_2931_1.jpg"",""https://xcimg.szwego.com/img/65702085/20251024/i1761236306_3959_6.jpg""]"
_dsrrSQEvs79zy3bF7fjqrgMbxPXxifjuMcYqgAw;Louis Vuitton Пуховик;Эта модель пуховика от Louis Vuitton сочетает в себе эстетику бренда и высокую функциональность. Изделие выполнено из плотной матовой ткани с наполнением из белого гусиного пуха, что обеспечивает отличную теплоизоляцию. \n\nДизайн дополнен фирменным тиснением с логотипом и брендированной лентой. Модель оснащена капюшоном, качественной металлической фурнитурой и силиконовым патчем на рукаве. Универсальный черный цвет и продуманный крой делают этот пуховик идеальным выбором для городских образов и повседневного использования.;0;977uh954t91spxq;lrg3k8cd5bgw3jv;fpi3euz683wbrxq;Для мужчин;"[""https://xcimg.szwego.com/img/65702085/20251024/i1761236883_740_2.jpg"",""https://xcimg.szwego.com/img/65702085/20251024/i1761236884_3225_9.jpg"",""https://xcimg.szwego.com/img/65702085/20251024/i1761236883_3249_1.jpg"",""https://xcimg.szwego.com/img/65702085/20251024/i1761236884_9201_10.jpg"",""https://xcimg.szwego.com/img/65702085/20251024/i1761236883_8200_3.jpg"",""https://xcimg.szwego.com/img/65702085/20251024/i1761236884_3229_7.jpg"",""https://xcimg.szwego.com/img/65702085/20251024/i1761236883_4131_5.jpg"",""https://xcimg.szwego.com/img/65702085/20251024/i1761236884_6043_6.jpg"",""https://xcimg.szwego.com/img/65702085/20251024/i1761236884_9842_8.jpg""]"
_dbrrST6QuysqOpwuZN-fhwcyV3BfSAe78RmZ4Qw;Louis Vuitton Пуховик;Эта модель пуховика от Louis Vuitton сочетает в себе эстетику бренда и высокую функциональность. Изделие выполнено из плотной матовой ткани с наполнением из белого гусиного пуха, что обеспечивает отличную теплоизоляцию. \n\nДизайн дополнен фирменным тисненым логотипом и брендированной лентой, а также силиконовым патчем на рукаве. Качественная металлическая фурнитура и удобный капюшон подчеркивают премиальный статус изделия. Модель идеально подходит для городских условий, обеспечивая комфорт и стильный внешний вид в холодное время года.;0;977uh954t91spxq;lrg3k8cd5bgw3jv;fpi3euz683wbrxq;Для мужчин;"[""https://xcimg.szwego.com/img/65702085/20251024/i1761236930_3547_9.jpg"",""https://xcimg.szwego.com/img/65702085/20251024/i1761236930_7228_6.jpg"",""https://xcimg.szwego.com/img/65702085/20251024/i1761236930_7862_8.jpg"",""https://xcimg.szwego.com/img/65702085/20251024/i1761236930_478_7.jpg"",""https://xcimg.szwego.com/img/65702085/20251024/i1761236930_3424_3.jpg"",""https://xcimg.szwego.com/img/65702085/20251024/i1761236930_8491_1.jpg"",""https://xcimg.szwego.com/img/65702085/20251024/i1761237005_4628_0.jpg"",""https://xcimg.szwego.com/img/65702085/20251024/i1761237005_805_1.jpg"",""https://xcimg.szwego.com/img/65702085/20251024/i1761236930_5011_0.jpg""]"
_d-xrSzXaaxRBbpyva18V4B3RnIVJ9dorma9BzYg;Prada Пуховик;Стильный пуховик с капюшоном от Prada, выполненный из фирменного высокоплотного нейлона. Модель отличается безупречным кроем с акцентом на талию, который обеспечивается встроенной системой регулируемых кулисок.\n\nВ качестве наполнителя используется высококачественный пух, равномерно распределенный по стеганым секциям для оптимальной теплоизоляции и комфорта. Изделие дополнено брендированной фурнитурой и культовым треугольным логотипом на груди. Качественная прострочка и внимание к деталям подчеркивают премиальный уровень исполнения.;0;xf3tgcf0uj7yrqf;lrg3k8cd5bgw3jv;fpi3euz683wbrxq;Для мужчин;"[""https://xcimg.szwego.com/img/65702085/20251226/i1766686348944_2107_0_0.jpg"",""https://xcimg.szwego.com/img/65702085/20251226/i1766686349009_7537_0_8.jpg"",""https://xcimg.szwego.com/img/65702085/20251226/i1766686346019_5957_0_1.jpg"",""https://xcimg.szwego.com/img/65702085/20251226/i1766686348781_1124_0_2.jpg"",""https://xcimg.szwego.com/img/65702085/20251226/i1766686348967_6271_0_3.jpg"",""https://xcimg.szwego.com/img/65702085/20251226/i1766686346019_973_0_4.jpg"",""https://xcimg.szwego.com/img/65702085/20251226/i1766686346019_5424_0_5.jpg"",""https://xcimg.szwego.com/img/65702085/20251226/i1766686346019_9868_0_6.jpg"",""https://xcimg.szwego.com/img/65702085/20251226/i1766686346019_2937_0_7.jpg""]"
_dqnrSYaJVduZXuGSq3Xppf6Sw4W5BZB6ROT_ITA;Moncler Куртка;Эта функциональная куртка с капюшоном представляет собой инновационное сочетание технологии GORE-TEX INFINIUM и итальянского мастерства Moncler. Модель выполнена из ветрозащитного и дышащего материала, идеально подходящего для городских условий и активного отдыха.\n\nВнутри куртка наполнена высококачественным белым гусиным пухом, что обеспечивает превосходную теплоизоляцию. Изделие отличается продуманным кроем, создающим современный технологичный силуэт. Фирменные детали включают брендированные бегунки молний и узнаваемый трехцветный логотип на рукаве.\n\nКачественная прострочка и внимание к деталям подчеркивают премиальный статус изделия. Куртка гармонично сочетает в себе практичность, стиль и комфорт, делая ее отличным выбором для повседневной носки и путешествий.;0;hn1drp5rmss2i17;lrg3k8cd5bgw3jv;f2gdh71ajulp1ti;Для мужчин;"[""https://xcimg.szwego.com/img/65702085/20251030/i1761768483_8773_8.jpg"",""https://xcimg.szwego.com/img/65702085/20251030/i1761768482_5766_0.jpg"",""https://xcimg.szwego.com/img/65702085/20251030/i1761768483_8329_5.jpg"",""https://xcimg.szwego.com/img/65702085/20251030/i1761768483_3035_6.jpg"",""https://xcimg.szwego.com/img/65702085/20251030/i1761768483_9677_9.jpg"",""https://xcimg.szwego.com/img/65702085/20251030/i1761768483_1718_3.jpg"",""https://xcimg.szwego.com/img/65702085/20251030/i1761768483_8859_4.jpg"",""https://xcimg.szwego.com/img/65702085/20251030/i1761768483_1601_2.jpg"",""https://xcimg.szwego.com/img/65702085/20251030/i1761768483_2707_7.jpg""]"
_dkErSehcDeqS544shpvdhilo5vzVh5gm1uOfB0g;Moncler Пуховик;Стильный пуховик с воротником-стойкой, выполненный из высококачественного матового нейлона. Модель отличается безупречным кроем и вниманием к деталям: точная прострочка, надежная фурнитура и качественное наполнение обеспечивают отличную теплоизоляцию и комфорт при носке.\n\nОсобенности модели:\n- Воротник-стойка для дополнительной защиты от ветра.\n- Качественная металлическая фурнитура на манжетах.\n- Практичные карманы с кожаной отделкой.\n- Регулируемая система утяжки по нижнему краю.\n- Фирменное тиснение на бегунках молний.\n\nИзделие выполнено с соблюдением высоких стандартов качества, обеспечивающих долговечность и сохранение формы.;0;hn1drp5rmss2i17;lrg3k8cd5bgw3jv;fpi3euz683wbrxq;Для мужчин;"[""https://xcimg.szwego.com/img/6c7a535f/20251230/i1767061976633_8993_0_0.jpg"",""https://xcimg.szwego.com/img/6c7a535f/20251230/i1767061976712_6202_0_1.jpg"",""https://xcimg.szwego.com/img/6c7a535f/20251230/i1767061975161_7522_0_2.jpg"",""https://xcimg.szwego.com/img/6c7a535f/20251230/i1767061975235_991_0_3.jpg"",""https://xcimg.szwego.com/img/6c7a535f/20251230/i1767061976684_2166_0_4.jpg"",""https://xcimg.szwego.com/img/6c7a535f/20251230/i1767061976560_579_0_5.jpg"",""https://xcimg.szwego.com/img/6c7a535f/20251230/i1767061976590_2140_0_6.jpg"",""https://xcimg.szwego.com/img/6c7a535f/20251230/i1767061975154_3977_0_7.jpg"",""https://xcimg.szwego.com/img/6c7a535f/20251230/i1767061975112_8858_0_8.jpg""]"
_dF8rS2gqllDMU-g37ctUk0v2S21UB7G9kGHMMYw;Moncler Пуховик;Стильный пуховик с воротником-стойкой от Moncler. Модель выполнена из высококачественного матового нейлона, обеспечивающего премиальный внешний вид и долговечность материала. Изделие отличается безупречным кроем, учитывающим анатомические особенности для идеальной посадки.\n\nПуховик прошел строгий контроль качества наполнения, что гарантирует равномерное распределение пуха и отличные теплоизоляционные свойства. Детали включают надежную фурнитуру, функциональные карманы с кожаной отделкой и фирменную гравировку на бегунках молний. Регулируемая система кулиски по низу изделия позволяет адаптировать посадку под индивидуальные предпочтения. Цвет: черный.;0;hn1drp5rmss2i17;lrg3k8cd5bgw3jv;fpi3euz683wbrxq;Для мужчин;"[""https://xcimg.szwego.com/img/6c7a535f/20251230/i1767061774190_209_0_0.jpg"",""https://xcimg.szwego.com/img/6c7a535f/20251230/i1767061774216_7910_0_1.jpg"",""https://xcimg.szwego.com/img/6c7a535f/20251230/i1767061771379_916_0_2.jpg"",""https://xcimg.szwego.com/img/6c7a535f/20251230/i1767061774176_2209_0_3.jpg"",""https://xcimg.szwego.com/img/6c7a535f/20251230/i1767061771280_5469_0_4.jpg"",""https://xcimg.szwego.com/img/6c7a535f/20251230/i1767061771313_5697_0_5.jpg"",""https://xcimg.szwego.com/img/6c7a535f/20251230/i1767061773308_1050_0_6.jpg"",""https://xcimg.szwego.com/img/6c7a535f/20251230/i1767061771383_250_0_7.jpg"",""https://xcimg.szwego.com/img/6c7a535f/20251230/i1767061771389_46_0_8.jpg""]"
_dUbrS1U8ulnBWF_4x2J0JsREKTB4pdpDTya4Oig;Moncler Пуховик;Стильный пуховик с металлическим блеском, выполненный из высококачественного нейлона с особой матовой текстурой. Модель отличается превосходной износостойкостью и долговечностью материала.\n\nИзделие создано с использованием передовых технологий кроя, обеспечивающих идеальную посадку по фигуре. Капюшон имеет эргономичную форму и сохраняет свою структуру благодаря встроенным элементам жесткости.\n\nНаполнитель распределен равномерно для достижения максимальной теплоизоляции. Качественная фурнитура, включая молнии и металлические детали, прошла многоступенчатое тестирование на прочность. На рукаве расположен фирменный логотип Moncler, выполненный методом высокоточной вышивки. Цвет: зеленый.;0;hn1drp5rmss2i17;lrg3k8cd5bgw3jv;fpi3euz683wbrxq;Для мужчин;"[""https://xcimg.szwego.com/img/65702085/20251229/i1766969412709_8401_0_0.jpg"",""https://xcimg.szwego.com/img/65702085/20251229/i1766969414892_8832_0_1.jpg"",""https://xcimg.szwego.com/img/65702085/20251229/i1766969414778_4184_0_2.jpg"",""https://xcimg.szwego.com/img/65702085/20251229/i1766969412481_5187_0_4.jpg"",""https://xcimg.szwego.com/img/65702085/20251229/i1766969412516_7840_0_5.jpg"",""https://xcimg.szwego.com/img/65702085/20251229/i1766969414709_7078_0_6.jpg"",""https://xcimg.szwego.com/img/65702085/20251229/i1766969412524_9464_0_7.jpg"",""https://xcimg.szwego.com/img/65702085/20251229/i1766969414764_2612_0_8.jpg"",""https://xcimg.szwego.com/img/65702085/20251229/i1766969412760_2097_0_9.jpg""]"
_dnKrSzg0rfECd8vPFG9QWqlCBHRbxEOsYHaPPOA;Moncler Пуховик;Стильный пуховик с воротником-стойкой, выполненный из высококачественного матового нейлона. Материал обладает отличной цветостойкостью и приятной текстурой.\n\nМодель разработана с учетом эргономических данных для идеальной посадки. Каждая деталь, от воротника до корпуса, выполнена с высокой точностью кроя. Внутренний наполнитель распределен равномерно, обеспечивая оптимальную пушистость и теплоизоляцию.\n\nИзделие дополнено качественной прострочкой, плотными манжетами для защиты от ветра и фирменной вышивкой логотипа на рукаве. Воротник-стойка отлично держит форму, а все швы выполнены с соблюдением высоких стандартов качества.\n\nЦвет: белый.;0;hn1drp5rmss2i17;lrg3k8cd5bgw3jv;fpi3euz683wbrxq;Для мужчин;"[""https://xcimg.szwego.com/img/65702085/20251218/i1765996043835_9846_0_0.jpg"",""https://xcimg.szwego.com/img/65702085/20251218/i1765996042251_9711_0_1.jpg"",""https://xcimg.szwego.com/img/65702085/20251218/i1765996042332_882_0_2.jpg"",""https://xcimg.szwego.com/img/65702085/20251218/i1765996042309_4740_0_3.jpg"",""https://xcimg.szwego.com/img/65702085/20251218/i1765996042420_5219_0_4.jpg"",""https://xcimg.szwego.com/img/65702085/20251218/i1765996042349_3722_0_5.jpg"",""https://xcimg.szwego.com/img/65702085/20251218/i1765996043776_7371_0_6.jpg"",""https://xcimg.szwego.com/img/65702085/20251218/i1765996043722_4007_0_7.jpg"",""https://xcimg.szwego.com/img/65702085/20251218/i1765996043761_4737_0_8.jpg""]"
_dv5rSyVTrEK47xHgVpXyfL3R5YqxeI4NxJvdr_A;Moncler Пуховик;Мужской пуховик Moncler с воротником-стойкой. Модель выполнена из высококачественного матового нейлона с отличной цветостойкостью. Эргономичный крой обеспечивает идеальную посадку, а точное соблюдение технологий наполнения гарантирует равномерное распределение пуха и высокую степень теплоизоляции.\n\nИзделие отличается профессиональной стежкой, выполненной на компьютерном оборудовании с соблюдением точного шага строчки. Манжеты имеют специальную конструкцию для плотного прилегания к запястью и защиты от ветра. На рукаве расположен фирменный логотип Moncler, выполненный методом высокоточной вышивки. Воротник-стойка сохраняет форму благодаря профессиональной обработке, а все швы выполнены с соблюдением высоких стандартов качества.;0;hn1drp5rmss2i17;lrg3k8cd5bgw3jv;fpi3euz683wbrxq;Для мужчин;"[""https://xcimg.szwego.com/img/65702085/20251218/i1765996234255_6941_0_0.jpg"",""https://xcimg.szwego.com/img/65702085/20251218/i1765996234258_8450_0_1.jpg"",""https://xcimg.szwego.com/img/65702085/20251218/i1765996235754_58_0_2.jpg"",""https://xcimg.szwego.com/img/65702085/20251218/i1765996234120_6028_0_3.jpg"",""https://xcimg.szwego.com/img/65702085/20251218/i1765996234196_4608_0_4.jpg"",""https://xcimg.szwego.com/img/65702085/20251218/i1765996235814_8826_0_5.jpg"",""https://xcimg.szwego.com/img/65702085/20251218/i1765996235683_9672_0_6.jpg"",""https://xcimg.szwego.com/img/65702085/20251218/i1765996235739_2314_0_7.jpg"",""https://xcimg.szwego.com/img/65702085/20251218/i1765996234127_4858_0_8.jpg""]"
_ddKrSanNdlzEFhGtty2v6fDYc84NHTpO_9Bqu3A;Moncler Пуховик;Длинный пуховик Moncler с отстегивающимся капюшоном. Модель выполнена из высококачественного матового нейлона с отличной цветостойкостью. Эргономичный крой обеспечивает идеальную посадку, а точное распределение пухового наполнителя гарантирует равномерную плотность и теплоизоляцию. Изделие оснащено надежной фурнитурой и дополнено фирменной вышивкой с логотипом на рукаве. Капюшон сохраняет форму даже после многократных циклов использования. Цвет: черный.;0;hn1drp5rmss2i17;lrg3k8cd5bgw3jv;fpi3euz683wbrxq;Для мужчин;"[""https://xcimg.szwego.com/img/65702085/20251218/i1765996474932_4643_0_0.jpg"",""https://xcimg.szwego.com/img/65702085/20251218/i1765996474936_4077_0_1.jpg"",""https://xcimg.szwego.com/img/65702085/20251218/i1765996473092_7113_0_2.jpg"",""https://xcimg.szwego.com/img/65702085/20251218/i1765996474843_4431_0_3.jpg"",""https://xcimg.szwego.com/img/65702085/20251218/i1765996473340_9449_0_4.jpg"",""https://xcimg.szwego.com/img/65702085/20251218/i1765996473141_9688_0_5.jpg"",""https://xcimg.szwego.com/img/65702085/20251218/i1765996474843_8369_0_6.jpg"",""https://xcimg.szwego.com/img/65702085/20251218/i1765996473462_8522_0_7.jpg"",""https://xcimg.szwego.com/img/65702085/20251218/i1765996473473_8280_0_8.jpg""]"
_dsdrSqSnBxyLSgvqlo07rKPxvBREuget26HsgPg;Moncler Пуховик;Длинный пуховик Moncler с отстегивающимся капюшоном. Модель выполнена из высококачественного матового нейлона с отличной цветостойкостью. Эргономичный крой обеспечивает идеальную посадку, а точное распределение пухового наполнителя гарантирует равномерную плотность и теплоизоляцию. Изделие оснащено надежной фурнитурой, включая прочные молнии и металлические элементы. На рукаве расположен фирменный логотип бренда, выполненный методом высокоточной вышивки. Капюшон имеет встроенную поддерживающую конструкцию, сохраняющую форму после многократных циклов использования. Подол дополнен регулируемой системой затяжки для дополнительной защиты от ветра. Цвет: черный.;0;hn1drp5rmss2i17;lrg3k8cd5bgw3jv;fpi3euz683wbrxq;Для мужчин;"[""https://xcimg.szwego.com/img/65702085/20251218/i1765996766901_9635_0_0.jpg"",""https://xcimg.szwego.com/img/65702085/20251218/i1765996766933_6479_0_1.jpg"",""https://xcimg.szwego.com/img/65702085/20251218/i1765996766753_3332_0_2.jpg"",""https://xcimg.szwego.com/img/65702085/20251218/i1765996769596_9502_0_3.jpg"",""https://xcimg.szwego.com/img/65702085/20251218/i1765996766886_259_0_4.jpg"",""https://xcimg.szwego.com/img/65702085/20251218/i1765996766822_7310_0_5.jpg"",""https://xcimg.szwego.com/img/65702085/20251218/i1765996769458_2283_0_6.jpg"",""https://xcimg.szwego.com/img/65702085/20251218/i1765996769427_4309_0_8.jpg"",""https://xcimg.szwego.com/img/65702085/20251218/i1765996769549_6044_0_9.jpg""]"
_dvcrSZ6PhCGR1P_PoVXjsbtTh-ufZTFGon8Uz3w;Prada Пуховик;Короткий пуховик с капюшоном от Prada. Модель выполнена из высокоплотного матового нейлона, который обладает превосходными водоотталкивающими и ветрозащитными свойствами.\n\nИзделие отличается точным кроем и качественной проработкой деталей. Наполнитель распределен равномерно, что обеспечивает оптимальную теплоизоляцию. Капюшон оснащен встроенным поддерживающим элементом для сохранения формы. На груди расположен фирменный красный логотип Prada, нанесенный методом термосклеивания.\n\nФурнитура выполнена с высокой точностью, обеспечивая плавность хода молний. Низ изделия дополнен регулируемой кулиской. Модель прошла многоступенчатый контроль качества, гарантирующий долговечность и безупречный внешний вид. Цвет: белый.;0;xf3tgcf0uj7yrqf;lrg3k8cd5bgw3jv;fpi3euz683wbrxq;Для мужчин;"[""https://xcimg.szwego.com/img/6c7a535f/20251219/i1766076990435_4168_0_0.jpg"",""https://xcimg.szwego.com/img/6c7a535f/20251219/i1766076990378_2681_0_1.jpg"",""https://xcimg.szwego.com/img/6c7a535f/20251219/i1766076990333_6507_0_2.jpg"",""https://xcimg.szwego.com/img/6c7a535f/20251219/i1766076988021_4333_0_3.jpg"",""https://xcimg.szwego.com/img/6c7a535f/20251219/i1766076987915_163_0_4.jpg"",""https://xcimg.szwego.com/img/6c7a535f/20251219/i1766076988016_1588_0_5.jpg"",""https://xcimg.szwego.com/img/6c7a535f/20251219/i1766076987896_1323_0_6.jpg"",""https://xcimg.szwego.com/img/6c7a535f/20251219/i1766076990366_6635_0_7.jpg"",""https://xcimg.szwego.com/img/6c7a535f/20251219/i1766076987446_5123_0_8.jpg""]"
_daJrSZVCCerTYZ24oSO82JZHuPKuFFZ-2E_AeRQ;Prada Пуховик;Короткий пуховик с капюшоном от Prada. Модель выполнена из высококачественного матового нейлона с водоотталкивающими и ветрозащитными свойствами. Изделие отличается точным кроем и равномерным распределением наполнителя, что обеспечивает отличную теплоизоляцию и предотвращает сбивание пуха.\n\nДетали включают качественную фурнитуру с логотипом бренда, надежную систему застежек на карманах и манжетах, а также фирменную красную нашивку с логотипом Prada на груди. Капюшон оснащен встроенным поддерживающим элементом для сохранения формы, а нижний край дополнен регулируемой кулиской. Изделие прошло многоступенчатый контроль качества, гарантирующий долговечность и безупречный внешний вид.\n\nЦвет: черный.;0;xf3tgcf0uj7yrqf;lrg3k8cd5bgw3jv;fpi3euz683wbrxq;Для мужчин;"[""https://xcimg.szwego.com/img/6c7a535f/20251219/i1766077202929_2292_0_0.jpg"",""https://xcimg.szwego.com/img/6c7a535f/20251219/i1766077203003_7139_0_1.jpg"",""https://xcimg.szwego.com/img/6c7a535f/20251219/i1766077201035_2002_0_7.jpg"",""https://xcimg.szwego.com/img/6c7a535f/20251219/i1766077201025_5179_0_2.jpg"",""https://xcimg.szwego.com/img/6c7a535f/20251219/i1766077202832_2708_0_3.jpg"",""https://xcimg.szwego.com/img/6c7a535f/20251219/i1766077202912_3230_0_4.jpg"",""https://xcimg.szwego.com/img/6c7a535f/20251219/i1766077202867_5258_0_5.jpg"",""https://xcimg.szwego.com/img/6c7a535f/20251219/i1766077200990_9593_0_6.jpg"",""https://xcimg.szwego.com/img/6c7a535f/20251219/i1766077200958_494_0_8.jpg""]"
_dfjrSIAVKgwGc7sP9iGBf3SmpRApdH8F_5hAbmQ;Prada Пуховик;Мужской пуховик от Prada выполнен из высококачественного матового нейлона с водоотталкивающими и ветрозащитными свойствами. Модель отличается точным кроем и продуманной конструкцией с использованием 3D-технологий для идеальной посадки. \n\nИзделие наполнено отборным пухом с равномерным распределением по секциям, что обеспечивает отличную теплоизоляцию. Качественная стежка и двойные швы предотвращают миграцию пуха. Куртка оснащена фирменной металлической фурнитурой, брендированными молниями и узнаваемым треугольным логотипом на рукаве. Капюшон имеет встроенную поддержку для сохранения формы. Модель выполнена в черном цвете и соответствует высоким стандартам качества.;0;xf3tgcf0uj7yrqf;lrg3k8cd5bgw3jv;fpi3euz683wbrxq;Для мужчин;"[""https://xcimg.szwego.com/img/6c7a535f/20251219/i1766076765521_7842_0_0.jpg"",""https://xcimg.szwego.com/img/6c7a535f/20251219/i1766076763817_9013_0_1.jpg"",""https://xcimg.szwego.com/img/6c7a535f/20251219/i1766076765379_1190_0_2.jpg"",""https://xcimg.szwego.com/img/6c7a535f/20251219/i1766076763758_7688_0_3.jpg"",""https://xcimg.szwego.com/img/6c7a535f/20251219/i1766076765420_7544_0_4.jpg"",""https://xcimg.szwego.com/img/6c7a535f/20251219/i1766076763808_7309_0_5.jpg"",""https://xcimg.szwego.com/img/6c7a535f/20251219/i1766076763581_6529_0_6.jpg"",""https://xcimg.szwego.com/img/6c7a535f/20251219/i1766076765489_9821_0_7.jpg"",""https://xcimg.szwego.com/img/6c7a535f/20251219/i1766076765365_402_0_8.jpg""]"
_dtKrSJjivLQkRBk_kpgZ20k2rSWnWq3vntnf5dQ;Celine Жилет;Стильный стеганый жилет с вышивкой от Celine. Модель выполнена из высококачественного нейлона с матовым эффектом, обладающего ветрозащитными и водоотталкивающими свойствами. Изделие имеет эргономичный крой, обеспечивающий идеальную посадку, и наполнено высококачественным пухом с равномерным распределением для максимального сохранения тепла.\n\nДетали включают воротник-стойку с эффектом памяти, золотистые рельефные пуговицы с гравировкой бренда и фирменную вышивку на груди, выполненную с высокой плотностью стежков. Качественная фурнитура и усиленные швы гарантируют долговечность изделия. Жилет отличается лаконичным дизайном и безупречным исполнением каждой детали.;0;e89n7qtko2kop8t;lrg3k8cd5bgw3jv;by2wakpfcxtrd1s;Для мужчин;"[""https://xcimg.szwego.com/img/6c7a535f/20251219/i1766076454453_1342_0_0.jpg"",""https://xcimg.szwego.com/img/6c7a535f/20251219/i1766076451896_2140_0_1.jpg"",""https://xcimg.szwego.com/img/6c7a535f/20251219/i1766076454392_9589_0_2.jpg"",""https://xcimg.szwego.com/img/6c7a535f/20251219/i1766076451936_988_0_7.jpg"",""https://xcimg.szwego.com/img/6c7a535f/20251219/i1766076454460_1290_0_3.jpg"",""https://xcimg.szwego.com/img/6c7a535f/20251219/i1766076451853_338_0_4.jpg"",""https://xcimg.szwego.com/img/6c7a535f/20251219/i1766076451816_7137_0_5.jpg"",""https://xcimg.szwego.com/img/6c7a535f/20251219/i1766076454433_2273_0_6.jpg"",""https://xcimg.szwego.com/img/6c7a535f/20251219/i1766076451865_9355_0_8.jpg""]"
_diVrStglQIcuxATcU7Pso3hVKexWGhyQooS2P8A;Celine Жилет;Стильный стеганый жилет с вышивкой от Celine. Модель выполнена из высококачественного нейлона с матовым эффектом, обладающего ветрозащитными и водоотталкивающими свойствами. Изделие отличается эргономичным кроем и качественным наполнением, обеспечивающим равномерное распределение пуха.\n\nДетали включают золотистые рельефные пуговицы с логотипом бренда, прошедшие тесты на износостойкость, и аккуратную вышивку с фирменным логотипом на передней части. Воротник-стойка сохраняет форму благодаря встроенным элементам поддержки. Качественная обработка швов и усиленные края карманов гарантируют долговечность изделия. Цвет: хаки-коричневый.;0;e89n7qtko2kop8t;lrg3k8cd5bgw3jv;by2wakpfcxtrd1s;Для мужчин;"[""https://xcimg.szwego.com/img/6c7a535f/20251219/i1766076121663_7871_0_0.jpg"",""https://xcimg.szwego.com/img/6c7a535f/20251219/i1766076125744_5301_0_1.jpg"",""https://xcimg.szwego.com/img/6c7a535f/20251219/i1766076125719_9514_0_2.jpg"",""https://xcimg.szwego.com/img/6c7a535f/20251219/i1766076121693_231_0_7.jpg"",""https://xcimg.szwego.com/img/6c7a535f/20251219/i1766076121568_8829_0_3.jpg"",""https://xcimg.szwego.com/img/6c7a535f/20251219/i1766076125754_8593_0_4.jpg"",""https://xcimg.szwego.com/img/6c7a535f/20251219/i1766076121651_9618_0_5.jpg"",""https://xcimg.szwego.com/img/6c7a535f/20251219/i1766076125750_3516_0_6.jpg"",""https://xcimg.szwego.com/img/6c7a535f/20251219/i1766076121572_2826_0_8.jpg""]"
_diOrSpHHxlqEEBIH5N4JmWTg8CKR7zIQgxKfsWw;Moncler Пуховик;Эта модель пуховика от Moncler сочетает в себе функциональный дизайн и роскошные материалы. Изделие выполнено в глубоком коричневом цвете с контрастной светло-голубой подкладкой капюшона. В качестве наполнителя используется высококачественный белый гусиный пух, обеспечивающий отличную теплоизоляцию и защиту от ветра.\n\nОсобенностью модели является трансформируемый дизайн: съемный капюшон и съемные рукава позволяют легко превратить куртку в стильный жилет. Лаконичный крой дополнен фирменным логотипом бренда. Свободный силуэт подходит для различных типов фигуры и легко сочетается как с деловым, так и с повседневным гардеробом.;0;hn1drp5rmss2i17;lrg3k8cd5bgw3jv;fpi3euz683wbrxq;Для мужчин;"[""https://xcimg.szwego.com/img/65702085/20251016/i1760624568_3300_3.jpg"",""https://xcimg.szwego.com/img/65702085/20251016/i1760624568_7449_10.jpg"",""https://xcimg.szwego.com/img/65702085/20251016/i1760624568_5838_4.jpg"",""https://xcimg.szwego.com/img/65702085/20251016/i1760624568_4473_8.jpg"",""https://xcimg.szwego.com/img/65702085/20251016/i1760624568_4680_0.jpg"",""https://xcimg.szwego.com/img/65702085/20251016/i1760624568_4309_9.jpg"",""https://xcimg.szwego.com/img/65702085/20251016/i1760624568_6645_5.jpg"",""https://xcimg.szwego.com/img/65702085/20251016/i1760624568_7878_6.jpg"",""https://xcimg.szwego.com/img/65702085/20251016/i1760624568_8621_7.jpg""]"
_dxJrSu50tJDlqlMht8RJjIeKyv3P8ZTs2uFb9Yw;Moncler Пуховик;Эта модель пуховика от Moncler сочетает в себе функциональность и роскошный стиль. Изделие выполнено в глубоком коричневом цвете с контрастным капюшоном. В качестве наполнителя используется 90% белый гусиный пух, обеспечивающий отличную теплоизоляцию и защиту от ветра. \n\nОсобенностью модели является трансформируемый дизайн: капюшон и рукава можно отстегнуть, превращая куртку в стильный жилет. Свободный крой подходит для различных типов фигуры и позволяет создавать как деловые, так и повседневные образы. Фирменный логотип бренда подчеркивает премиальный статус изделия.;0;hn1drp5rmss2i17;lrg3k8cd5bgw3jv;fpi3euz683wbrxq;Для мужчин;"[""https://xcimg.szwego.com/img/65702085/20251016/i1760624372_4199_0.jpg"",""https://xcimg.szwego.com/img/65702085/20251016/i1760624373_9138_8.jpg"",""https://xcimg.szwego.com/img/65702085/20251016/i1760624373_1763_6.jpg"",""https://xcimg.szwego.com/img/65702085/20251016/i1760624373_2959_1.jpg"",""https://xcimg.szwego.com/img/65702085/20251016/i1760624373_1729_2.jpg"",""https://xcimg.szwego.com/img/65702085/20251016/i1760624373_349_4.jpg"",""https://xcimg.szwego.com/img/65702085/20251016/i1760624373_9203_3.jpg"",""https://xcimg.szwego.com/img/65702085/20251016/i1760624373_1688_7.jpg"",""https://xcimg.szwego.com/img/65702085/20251016/i1760624373_9490_5.jpg""]"
_dbdrS5l27YLi_MW8pK-GY3n9OvTKPLef0gy7Shw;Moncler Пуховик;Эта модель пуховика от Moncler сочетает в себе функциональность и роскошный стиль. Изделие выполнено в глубоком коричневом цвете с контрастным капюшоном. В качестве наполнителя используется 90% белый гусиный пух, обеспечивающий отличную теплоизоляцию и защиту от ветра. \n\nОсобенностью модели является трансформируемый дизайн: капюшон и рукава можно отстегнуть, превращая куртку в стильный жилет. Лаконичный крой дополнен фирменным логотипом бренда. Свободная посадка позволяет легко сочетать изделие как с деловыми рубашками, так и с повседневными худи, что делает его универсальным выбором для зимнего сезона.;0;hn1drp5rmss2i17;lrg3k8cd5bgw3jv;fpi3euz683wbrxq;Для мужчин;"[""https://xcimg.szwego.com/img/65702085/20251016/i1760624411_3051_8.jpg"",""https://xcimg.szwego.com/img/65702085/20251016/i1760624411_4632_0.jpg"",""https://xcimg.szwego.com/img/65702085/20251016/i1760624411_5080_3.jpg"",""https://xcimg.szwego.com/img/65702085/20251016/i1760624411_1479_9.jpg"",""https://xcimg.szwego.com/img/65702085/20251016/i1760624411_4675_1.jpg"",""https://xcimg.szwego.com/img/65702085/20251016/i1760624411_4455_4.jpg"",""https://xcimg.szwego.com/img/65702085/20251016/i1760624411_5723_2.jpg"",""https://xcimg.szwego.com/img/65702085/20251016/i1760624411_7179_6.jpg"",""https://xcimg.szwego.com/img/65702085/20251016/i1760624411_6585_7.jpg""]"
_dOkrS5QlmMZmTjGEtpIpH7L8_hAi4j4sA9MavFQ;Moncler Пуховик;Эта модель пуховика с капюшоном представляет собой сочетание профессиональных технологий защиты от холода и эффектного глянцевого дизайна. Изделие выполнено из плотной ветрозащитной ткани с глянцевым покрытием и наполнено высококачественным пухом, обеспечивающим превосходную теплоизоляцию.\n\nДетали подчеркивают премиальный статус бренда: фирменный логотип на рукаве и брендированная металлическая фурнитура. Дизайн с капюшоном сочетает практичность и актуальный стиль, создавая объемный и выразительный силуэт. Идеальный выбор для городских образов, зимних мероприятий и повседневного использования в холодную погоду. Цвет: черный.;0;hn1drp5rmss2i17;lrg3k8cd5bgw3jv;fpi3euz683wbrxq;Для мужчин;"[""https://xcimg.szwego.com/img/65702085/20251028/i1761582228_9457_1.jpg"",""https://xcimg.szwego.com/img/65702085/20251028/i1761582228_3568_6.jpg"",""https://xcimg.szwego.com/img/65702085/20251028/i1761582228_1046_2.jpg"",""https://xcimg.szwego.com/img/65702085/20251028/i1761582228_6836_8.jpg"",""https://xcimg.szwego.com/img/65702085/20251028/i1761582228_6122_3.jpg"",""https://xcimg.szwego.com/img/65702085/20251028/i1761582228_7284_7.jpg"",""https://xcimg.szwego.com/img/65702085/20251028/i1761582228_1977_4.jpg"",""https://xcimg.szwego.com/img/65702085/20251028/i1761582228_258_5.jpg"",""https://xcimg.szwego.com/img/65702085/20251028/i1761582228_1749_9.jpg""]"
_dwRrSHNwx1_J308za1r9tg4apnTCIOoxquHG3fg;Moncler Пуховик;Мужской пуховик Moncler с воротником-стойкой и застежкой на молнии. Модель выполнена из высококачественного нейлона с наполнителем из 90% белого гусиного пуха и 10% пера. Изделие отличается точным кроем и равномерным распределением наполнителя, что обеспечивает отличные теплоизоляционные свойства. Предусмотрена система регулировки по нижнему краю и надежная металлическая фурнитура. Лаконичный дизайн и высокое качество исполнения делают эту модель идеальным выбором для холодного сезона.;0;hn1drp5rmss2i17;lrg3k8cd5bgw3jv;fpi3euz683wbrxq;Для мужчин;"[""https://xcimg.szwego.com/img/adebff46/20251111/i1762877546890_7717_0_0.jpg"",""https://xcimg.szwego.com/img/adebff46/20251111/i1762877546832_737_0_1.jpg"",""https://xcimg.szwego.com/img/adebff46/20251111/i1762877547651_1525_0_2.jpg"",""https://xcimg.szwego.com/img/adebff46/20251111/i1762877547673_1352_0_3.jpg"",""https://xcimg.szwego.com/img/adebff46/20251111/i1762877546662_1972_0_4.jpg"",""https://xcimg.szwego.com/img/adebff46/20251111/i1762877546905_4110_0_5.jpg"",""https://xcimg.szwego.com/img/adebff46/20251111/i1762877547734_8098_0_6.jpg"",""https://xcimg.szwego.com/img/adebff46/20251111/i1762877546774_7424_0_7.jpg"",""https://xcimg.szwego.com/img/adebff46/20251111/i1762877547770_1589_0_8.jpg""]"
_dxqrSmX9QPpB61iJtzVH7R9Ly7MmDRbYuH75dbQ;Moncler Пуховик;Эта модель пуховика с капюшоном представляет собой сочетание профессиональных технологий защиты от холода и эффектного глянцевого дизайна. Изделие выполнено из высококачественного ветрозащитного материала с глянцевым покрытием и наполнено отборным гусиным пухом, обеспечивающим превосходную теплоизоляцию.\n\nДетали подчеркивают премиальный статус бренда: фирменный логотип на рукаве и брендированная металлическая фурнитура. Дизайн с капюшоном сочетает в себе практичность и актуальный стиль. Объемный силуэт и качественная простежка создают выразительный образ, подходящий как для городских будней, так и для зимних мероприятий.;0;hn1drp5rmss2i17;lrg3k8cd5bgw3jv;fpi3euz683wbrxq;Для мужчин;"[""https://xcimg.szwego.com/img/65702085/20251028/i1761582157_621_0.jpg"",""https://xcimg.szwego.com/img/65702085/20251028/i1761582158_3781_7.jpg"",""https://xcimg.szwego.com/img/65702085/20251028/i1761582157_8613_1.jpg"",""https://xcimg.szwego.com/img/65702085/20251028/i1761582158_7186_5.jpg"",""https://xcimg.szwego.com/img/65702085/20251028/i1761582158_766_8.jpg"",""https://xcimg.szwego.com/img/65702085/20251028/i1761582157_9136_2.jpg"",""https://xcimg.szwego.com/img/65702085/20251028/i1761582158_8681_6.jpg"",""https://xcimg.szwego.com/img/65702085/20251028/i1761582158_4132_4.jpg"",""https://xcimg.szwego.com/img/65702085/20251028/i1761582157_8593_3.jpg""]"
_dterSj3vU5kFC_c3AkDSbwlM_VkT_OUKGiDWyAg;Louis Vuitton Пуховик;Стеганая куртка-пуховик с воротником-стойкой от Louis Vuitton. Модель выполнена из 100% хлопка с наполнением из гусиного пуха высокой плотности (700+ FP). Изделие отличается высокой точностью кроя и стежки, обеспечивающей равномерное распределение утеплителя. Воротник-стойка прошел высокотемпературную формовку для идеальной посадки. Фурнитура включает фирменную металлическую молнию с лазерной гравировкой логотипа и кожаные детали. На спинке расположен кожаный патч с тиснением бренда. Внутренняя отделка выполнена с использованием высокоточной вышивки.;0;977uh954t91spxq;lrg3k8cd5bgw3jv;fpi3euz683wbrxq;Для мужчин;"[""https://xcimg.szwego.com/img/65702085/20251113/i1763048474557_591_0_0.jpg"",""https://xcimg.szwego.com/img/65702085/20251113/i1763048474516_3297_0_1.jpg"",""https://xcimg.szwego.com/img/65702085/20251113/i1763048474521_8538_0_2.jpg"",""https://xcimg.szwego.com/img/65702085/20251113/i1763048471148_8621_0_3.jpg"",""https://xcimg.szwego.com/img/65702085/20251113/i1763048471317_1228_0_4.jpg"",""https://xcimg.szwego.com/img/65702085/20251113/i1763048471085_3455_0_5.jpg"",""https://xcimg.szwego.com/img/65702085/20251113/i1763048471274_3116_0_6.jpg"",""https://xcimg.szwego.com/img/65702085/20251113/i1763048474557_2506_0_7.jpg"",""https://xcimg.szwego.com/img/65702085/20251113/i1763048474557_9342_0_9.jpg""]"
_dakrSaelK-156GUfnJtS2ts-LlQwKVYiw10MHZw;Moncler Пуховик;Мужской пуховик Moncler с капюшоном и стеганым дизайном. Модель выполнена из высококачественного нейлона с наполнителем из 90% белого гусиного пуха и 10% пера. Высокая степень наполнения обеспечивает отличную теплоизоляцию и объем. Изделие оснащено надежной металлической молнией с плавным ходом и скрытыми карманами. На рукаве расположен фирменный логотип бренда, выполненный с высокой точностью вышивки. Модель отличается продуманной конструкцией, обеспечивающей долговечность и комфорт в носке.;0;hn1drp5rmss2i17;lrg3k8cd5bgw3jv;fpi3euz683wbrxq;Для мужчин;"[""https://xcimg.szwego.com/img/65702085/20251113/i1762966300391_5560_0_0.jpg"",""https://xcimg.szwego.com/img/65702085/20251113/i1762966297866_7842_0_1.jpg"",""https://xcimg.szwego.com/img/65702085/20251113/i1762966299207_2823_0_2.jpg"",""https://xcimg.szwego.com/img/65702085/20251113/i1762966299319_7213_0_4.jpg"",""https://xcimg.szwego.com/img/65702085/20251113/i1762966299253_684_0_5.jpg"",""https://xcimg.szwego.com/img/65702085/20251113/i1762966297928_1435_0_6.jpg"",""https://xcimg.szwego.com/img/65702085/20251113/i1762966297933_1280_0_7.jpg"",""https://xcimg.szwego.com/img/65702085/20251113/i1762966299252_6673_0_8.jpg"",""https://xcimg.szwego.com/img/65702085/20251113/i1762966297952_4255_0_9.jpg""]"
_dhOrSUV6ZVIjs8Z83U3Cz9WMiciE4914ADBqOxw;Moncler Пуховик;Мужской пуховик Moncler с капюшоном и стеганым дизайном. Модель выполнена из высококачественного нейлона с наполнением из 90% белого гусиного пуха и 10% пера. Высокая степень наполнения обеспечивает отличную теплоизоляцию и объем. Изделие отличается прецизионной точностью кроя и сборки, использованием надежной металлической фурнитуры и качественной прошивкой, предотвращающей миграцию пуха. Куртка дополнена фирменным логотипом на рукаве, скрытыми карманами на молнии и функциональным капюшоном. Цвет: черный.;0;hn1drp5rmss2i17;lrg3k8cd5bgw3jv;fpi3euz683wbrxq;Для мужчин;"[""https://xcimg.szwego.com/img/65702085/20251113/i1762966064818_1846_0_0.jpg"",""https://xcimg.szwego.com/img/65702085/20251113/i1762966063125_4196_0_1.jpg"",""https://xcimg.szwego.com/img/65702085/20251113/i1762966064845_2763_0_2.jpg"",""https://xcimg.szwego.com/img/65702085/20251113/i1762966063280_9168_0_3.jpg"",""https://xcimg.szwego.com/img/65702085/20251113/i1762966063263_4260_0_4.jpg"",""https://xcimg.szwego.com/img/65702085/20251113/i1762966064816_5896_0_5.jpg"",""https://xcimg.szwego.com/img/65702085/20251113/i1762966064817_3126_0_6.jpg"",""https://xcimg.szwego.com/img/65702085/20251113/i1762966063245_2002_0_7.jpg"",""https://xcimg.szwego.com/img/65702085/20251113/i1762966063205_1928_0_8.jpg""]"
_drJrSYfLz1HitPv3jGFQ944H_drxA0jyTx-bnqg;Moncler Пуховик;Эта модель с воротником-стойкой представляет собой гармоничное сочетание профессиональных функциональных характеристик для активного отдыха и итальянского мастерства. Куртка выполнена из высокоплотной ветрозащитной ткани с наполнителем из отборного белого гусиного пуха, что обеспечивает отличную теплоизоляцию и сохранение формы.\n\nДизайн отличается лаконичным кроем и премиальными деталями: фирменный логотип на рукаве и брендированная фурнитура подчеркивают статус изделия. Качественная прострочка и внимание к деталям отражают высокие стандарты исполнения. Модель идеально подходит для городских условий, повседневных прогулок и создания стильных многослойных образов.;0;hn1drp5rmss2i17;lrg3k8cd5bgw3jv;fpi3euz683wbrxq;Для мужчин;"[""https://xcimg.szwego.com/img/65702085/20251030/i1761768631_2295_3.jpg"",""https://xcimg.szwego.com/img/65702085/20251030/i1761768631_1466_1.jpg"",""https://xcimg.szwego.com/img/65702085/20251030/i1761768631_3131_4.jpg"",""https://xcimg.szwego.com/img/65702085/20251030/i1761768631_2551_5.jpg"",""https://xcimg.szwego.com/img/65702085/20251030/i1761768631_19_6.jpg"",""https://xcimg.szwego.com/img/65702085/20251030/i1761768631_716_8.jpg"",""https://xcimg.szwego.com/img/65702085/20251030/i1761768631_1803_2.jpg"",""https://xcimg.szwego.com/img/65702085/20251030/i1761768631_9565_9.jpg"",""https://xcimg.szwego.com/img/65702085/20251030/i1761768631_5941_7.jpg""]"
_dfErSoXWgQsumxM1YaeRK8Xd_on1LDOu64mv4vg;Moncler Пуховик;Эта модель с воротником-стойкой представляет собой гармоничное сочетание профессиональных технологий для активного отдыха и итальянского мастерства. Изделие выполнено из плотной ветрозащитной ткани с наполнителем из отборного белого гусиного пуха, что обеспечивает отличную теплоизоляцию и структурированный силуэт.\n\nДетали подчеркивают премиальный статус бренда: фирменный силиконовый логотип на рукаве и брендированная фурнитура. Лаконичный крой и высокое качество исполнения делают эту куртку идеальным выбором для городских будней, повседневных прогулок и неформальных встреч. Модель отличается безупречной прострочкой и вниманием к каждой детали, что является визитной карточкой итальянского дизайна.\n\nЦвет: черный.;0;hn1drp5rmss2i17;lrg3k8cd5bgw3jv;fpi3euz683wbrxq;Для мужчин;"[""https://xcimg.szwego.com/img/65702085/20251030/i1761768672_2696_4.jpg"",""https://xcimg.szwego.com/img/65702085/20251030/i1761768672_2805_9.jpg"",""https://xcimg.szwego.com/img/65702085/20251030/i1761768672_9253_6.jpg"",""https://xcimg.szwego.com/img/65702085/20251030/i1761768672_1574_10.jpg"",""https://xcimg.szwego.com/img/65702085/20251030/i1761768672_5006_5.jpg"",""https://xcimg.szwego.com/img/65702085/20251030/i1761768672_773_8.jpg"",""https://xcimg.szwego.com/img/65702085/20251030/i1761768672_2312_3.jpg"",""https://xcimg.szwego.com/img/65702085/20251030/i1761768672_403_7.jpg"",""https://xcimg.szwego.com/img/65702085/20251030/i1761768671_656_1.jpg""]"
_dQbrSB1ckTGgY2TwmyQJB7iuh6eZQBYjFaZZHpQ;Moncler Пуховик;Стильный короткий пуховик с воротником-стойкой, наполненный высококачественным белым гусиным пухом на 90%. Модель выполнена из плотного ветрозащитного нейлона с водоотталкивающей обработкой, обеспечивающего комфорт и защиту в холодную погоду.\n\nДизайн дополнен фирменной фурнитурой и брендированной молнией с контрастной отделкой. Стеганая конструкция придает изделию объем и выразительность, а продуманный крой подчеркивает современный силуэт. Идеальное сочетание функциональности, премиальных материалов и актуального стиля для создания безупречного зимнего образа.;0;hn1drp5rmss2i17;lrg3k8cd5bgw3jv;fpi3euz683wbrxq;Для мужчин;"[""https://xcimg.szwego.com/img/65702085/20251105/i1762273115_1926_0.jpg"",""https://xcimg.szwego.com/img/65702085/20251105/i1762273115_8549_0.jpg"",""https://xcimg.szwego.com/img/65702085/20251105/i1762273115_428_0.jpg"",""https://xcimg.szwego.com/img/65702085/20251105/i1762273115_6530_0.jpg"",""https://xcimg.szwego.com/img/65702085/20251105/i1762273115_7596_0.jpg"",""https://xcimg.szwego.com/img/65702085/20251105/i1762273115_4228_0.jpg"",""https://xcimg.szwego.com/img/65702085/20251105/i1762273115_3840_0.jpg"",""https://xcimg.szwego.com/img/65702085/20251105/i1762273115_8405_0.jpg"",""https://xcimg.szwego.com/img/65702085/20251105/i1762273115_7620_0.jpg""]"
_d6urSBbli970HJgF-suyxHd-xTUse0vZEdH1YwQ;Moncler Пуховик;Короткий пуховик с капюшоном от Moncler. Модель наполнена высококачественным белым гусиным пухом, обеспечивающим превосходную теплоизоляцию. Внешний слой выполнен из плотного ветрозащитного нейлона с водоотталкивающей обработкой, а внутренняя подкладка приятна к телу.\n\nДизайн дополнен брендированной фурнитурой и качественными молниями. Стеганая конструкция придает изделию объем и выразительность. Короткий силуэт делает модель универсальной как для повседневных городских образов, так и для активного отдыха. Цвет: черный.;0;hn1drp5rmss2i17;lrg3k8cd5bgw3jv;fpi3euz683wbrxq;Для мужчин;"[""https://xcimg.szwego.com/img/65702085/20251105/i1762273011_9622_4.jpg"",""https://xcimg.szwego.com/img/65702085/20251105/i1762273010_9629_1.jpg"",""https://xcimg.szwego.com/img/65702085/20251105/i1762273011_794_10.jpg"",""https://xcimg.szwego.com/img/65702085/20251105/i1762273010_2001_0.jpg"",""https://xcimg.szwego.com/img/65702085/20251105/i1762273011_7073_8.jpg"",""https://xcimg.szwego.com/img/65702085/20251105/i1762273011_1643_3.jpg"",""https://xcimg.szwego.com/img/65702085/20251105/i1762273011_6094_11.jpg"",""https://xcimg.szwego.com/img/65702085/20251105/i1762273011_7223_2.jpg"",""https://xcimg.szwego.com/img/65702085/20251105/i1762273011_3868_7.jpg""]"
_dgqrSufD9DA-Fx-U8aYJ0Yh1lSi13ISGaiELIFA;Moncler Пуховик;Мужской пуховик Moncler с капюшоном. Модель выполнена из высококачественного матового нейлона с плотным плетением. В качестве наполнителя используется 90% белый гусиный пух и 10% пуховое перо, распределенные по независимым стеганым секциям для обеспечения равномерного объема и теплоизоляции.\n\nИзделие отличается высокой точностью кроя и сборки. Капюшон имеет эргономичную форму, а фурнитура выполнена по индивидуальному заказу с высокой детализацией гравировки. Двойная система молний на подоле обеспечивает плавность хода и удобство использования. Манжеты обработаны с использованием прецизионного оборудования для достижения идеальной ровности строчек. Модель обладает антистатическими свойствами и сохраняет форму даже после длительной носки.;0;hn1drp5rmss2i17;lrg3k8cd5bgw3jv;fpi3euz683wbrxq;Для мужчин;"[""https://xcimg.szwego.com/img/65702085/20251120/i1763597931253_2049_0_0.jpg"",""https://xcimg.szwego.com/img/65702085/20251120/i1763597931254_1972_0_1.jpg"",""https://xcimg.szwego.com/img/65702085/20251120/i1763597929220_9720_0_2.jpg"",""https://xcimg.szwego.com/img/65702085/20251120/i1763597931145_4706_0_3.jpg"",""https://xcimg.szwego.com/img/65702085/20251120/i1763597929220_3335_0_4.jpg"",""https://xcimg.szwego.com/img/65702085/20251120/i1763597931172_5131_0_5.jpg"",""https://xcimg.szwego.com/img/65702085/20251120/i1763597929220_6160_0_6.jpg"",""https://xcimg.szwego.com/img/65702085/20251120/i1763597929220_1726_0_7.jpg"",""https://xcimg.szwego.com/img/65702085/20251120/i1763597929220_7181_0_8.jpg""]"
_dtgrSz2J2jZuL2Iu3eGeLHg3AFyRQQENF3-jPLg;Moncler Жилет;Стильный мужской жилет с воротником-стойкой. Модель выполнена из высококачественного матового нейлона, обеспечивающего долговечность и премиальный внешний вид. Изделие отличается точным кроем и качественной прострочкой, гарантирующей равномерное распределение наполнителя. Жилет оснащен надежной металлической молнией и фирменным логотипом бренда на передней части. Воротник-стойка отлично держит форму, а регулируемый подол обеспечивает дополнительный комфорт и защиту от ветра. Цвет: красный.;0;hn1drp5rmss2i17;lrg3k8cd5bgw3jv;by2wakpfcxtrd1s;Для мужчин;"[""https://xcimg.szwego.com/img/65702085/20251216/i1765825982555_3872_0_0.jpg"",""https://xcimg.szwego.com/img/65702085/20251216/i1765825980124_7614_0_1.jpg"",""https://xcimg.szwego.com/img/65702085/20251216/i1765825982506_1560_0_2.jpg"",""https://xcimg.szwego.com/img/65702085/20251216/i1765825980124_3596_0_3.jpg"",""https://xcimg.szwego.com/img/65702085/20251216/i1765825982471_9711_0_5.jpg"",""https://xcimg.szwego.com/img/65702085/20251216/i1765825980124_381_0_6.jpg"",""https://xcimg.szwego.com/img/65702085/20251216/i1765825980124_6969_0_7.jpg"",""https://xcimg.szwego.com/img/65702085/20251216/i1765825987296_4385_0_8.jpg"",""https://xcimg.szwego.com/img/65702085/20251216/i1765825987272_8018_0_9.jpg""]"
_dnFrSlkgO55RkYMmo9-wdU4TjfWrnkQyVup72fA;Moncler Жилет;Стильный мужской жилет с воротником-стойкой от Moncler. Модель выполнена из высококачественного матового нейлона, обеспечивающего долговечность и премиальный внешний вид. Изделие отличается точным кроем и качественной прострочкой, гарантирующей равномерное распределение наполнителя для максимальной теплоизоляции.\n\nЖилет оснащен надежной металлической молнией и фирменным логотипом Moncler на передней части. Воротник-стойка отлично держит форму, а регулируемая кулиска по низу изделия позволяет обеспечить комфортную посадку. Каждая деталь, от фурнитуры до качества швов, выполнена в соответствии с высокими стандартами бренда.;0;hn1drp5rmss2i17;lrg3k8cd5bgw3jv;by2wakpfcxtrd1s;Для мужчин;"[""https://xcimg.szwego.com/img/65702085/20251216/i1765826231650_7349_0_0.jpg"",""https://xcimg.szwego.com/img/65702085/20251216/i1765826231577_302_0_1.jpg"",""https://xcimg.szwego.com/img/65702085/20251216/i1765826233480_2521_0_2.jpg"",""https://xcimg.szwego.com/img/65702085/20251216/i1765826231602_2535_0_4.jpg"",""https://xcimg.szwego.com/img/65702085/20251216/i1765826233448_4628_0_5.jpg"",""https://xcimg.szwego.com/img/65702085/20251216/i1765826231620_7296_0_6.jpg"",""https://xcimg.szwego.com/img/65702085/20251216/i1765826233424_1528_0_7.jpg"",""https://xcimg.szwego.com/img/65702085/20251216/i1765826233536_6612_0_9.jpg"",""https://xcimg.szwego.com/img/65702085/20251216/i1765826233464_8646_0_10.jpg""]"
_dCjrSaKogQplrNaoqWxmzFKJVPoPs9MiTfKf7KQ;Dior Пуховик;Мужской пуховик Dior с фирменным жаккардовым узором. Модель выполнена из сочетания высокоплотной жаккардовой ткани с четким рельефным рисунком и матового нейлона, обеспечивающего износостойкость и защиту от ветра. Изделие отличается сложным кроем с точной подгонкой деталей, что гарантирует идеальную посадку по фигуре.\n\nДетали включают объемный капюшон, качественную фурнитуру с гравировкой бренда и плавным ходом молнии. Металлические элементы прошли специальную полировку для придания блеска и долговечности. Внутренняя часть дополнена фирменной подкладкой. Высокое качество пошива подчеркивается ровными строчками и надежной фиксацией всех соединительных швов, что отражает мастерство исполнения в лучших традициях дома моды.;0;ivacgwvpdne0t35;lrg3k8cd5bgw3jv;fpi3euz683wbrxq;Для мужчин;"[""https://xcimg.szwego.com/img/65702085/20251217/i1765934253993_177_0_0.jpg"",""https://xcimg.szwego.com/img/65702085/20251217/i1765934253987_8641_0_1.jpg"",""https://xcimg.szwego.com/img/65702085/20251217/i1765934253960_4958_0_2.jpg"",""https://xcimg.szwego.com/img/65702085/20251217/i1765934253856_8366_0_3.jpg"",""https://xcimg.szwego.com/img/65702085/20251217/i1765934251771_9665_0_4.jpg"",""https://xcimg.szwego.com/img/65702085/20251217/i1765934251655_4919_0_5.jpg"",""https://xcimg.szwego.com/img/65702085/20251217/i1765934251655_9915_0_6.jpg"",""https://xcimg.szwego.com/img/65702085/20251217/i1765934251941_5288_0_7.jpg"",""https://xcimg.szwego.com/img/65702085/20251217/i1765934251923_4781_0_8.jpg""]"
_do2rSyXXQwxj7M2ryhSFM7q4btnCXTtf5LlQy0g;Moncler Жилет;Стильный и функциональный жилет с наполнением из 100% гусиного пуха. Внешний слой выполнен из высокоплотной ветрозащитной и водоотталкивающей ткани, которая обеспечивает отличную защиту от холода, сохраняя при этом легкость и комфорт. \n\nМодель дополнена воротником-стойкой, который надежно защищает шею от ветра. На спинке расположен объемный рельефный логотип бренда, придающий изделию уникальный и узнаваемый вид. Качественная фурнитура и продуманный крой делают этот жилет идеальным выбором для городских прогулок и повседневных образов. Отлично подходит для многослойных сочетаний.;0;hn1drp5rmss2i17;lrg3k8cd5bgw3jv;by2wakpfcxtrd1s;Для мужчин;"[""https://xcimg.szwego.com/img/65702085/20250924/i1758728519_4259_0.jpg"",""https://xcimg.szwego.com/img/65702085/20250924/i1758728482_7886_3.jpg"",""https://xcimg.szwego.com/img/65702085/20250924/i1758728482_8591_0.jpg"",""https://xcimg.szwego.com/img/65702085/20250924/i1758728482_9121_7.jpg"",""https://xcimg.szwego.com/img/65702085/20250924/i1758728482_8478_4.jpg"",""https://xcimg.szwego.com/img/65702085/20250924/i1758728482_5410_6.jpg"",""https://xcimg.szwego.com/img/65702085/20250924/i1758728482_3902_2.jpg"",""https://xcimg.szwego.com/img/65702085/20250924/i1758728482_9194_5.jpg"",""https://xcimg.szwego.com/img/65702085/20250924/i1758728482_1651_1.jpg""]"
_dbsrS0MzUqLDHs2E0FyJdFKOKjFUJjymeddJ9gw;Moncler Жилет;Стильный и функциональный жилет с наполнением из 100% гусиного пуха. Внешний слой выполнен из высокоплотной ветрозащитной и водоотталкивающей ткани, которая обеспечивает отличную защиту от холода, сохраняя при этом легкость и комфорт. \n\nМодель дополнена воротником-стойкой, который надежно защищает шею от ветра. На спинке расположен объемный рельефный логотип бренда, придающий изделию уникальный и узнаваемый вид. Качественная фурнитура обеспечивает плавную работу молнии. Жилет идеально подходит для городских прогулок и повседневных образов, легко сочетаясь с другой одеждой.;0;hn1drp5rmss2i17;lrg3k8cd5bgw3jv;by2wakpfcxtrd1s;Для мужчин;"[""https://xcimg.szwego.com/img/65702085/20250924/i1758728427_480_8.jpg"",""https://xcimg.szwego.com/img/65702085/20250924/i1758728427_2086_6.jpg"",""https://xcimg.szwego.com/img/65702085/20250924/i1758728426_2025_4.jpg"",""https://xcimg.szwego.com/img/65702085/20250924/i1758728426_5981_2.jpg"",""https://xcimg.szwego.com/img/65702085/20250924/i1758728426_3783_3.jpg"",""https://xcimg.szwego.com/img/65702085/20250924/i1758728426_5828_1.jpg"",""https://xcimg.szwego.com/img/65702085/20250924/i1758728426_9213_0.jpg"",""https://xcimg.szwego.com/img/65702085/20250924/i1758728427_9829_7.jpg"",""https://xcimg.szwego.com/img/65702085/20250924/i1758728427_5061_5.jpg""]"
_dzXrSuu18c0wagFxOa0h8z2G2_RrgfWUJ9FZtaw;Moncler Пуховик;Эта яркая пуховая куртка с капюшоном является воплощением сочетания роскошного стиля и профессиональных технологий утепления от Moncler. Модель выполнена из высокоплотной ветрозащитной ткани с глянцевым покрытием и наполнена отборным гусиным пухом, что обеспечивает превосходную теплоизоляцию и объемный силуэт.\n\nДетали подчеркивают премиальное происхождение изделия: регулируемый капюшон с металлическими элементами, функциональные накладные карманы с клапанами и надежные застежки-молнии. Фирменный логотип на рукаве и качественная фурнитура завершают образ, придавая ему выразительный и современный вид. Идеальный выбор для городских будней и зимних выходов, сочетающий в себе визуальную эффектность и защиту от холода.\n\nЦвет: черный.;0;hn1drp5rmss2i17;lrg3k8cd5bgw3jv;fpi3euz683wbrxq;Для мужчин;"[""https://xcimg.szwego.com/img/65702085/20251026/i1761409623_406_4.jpg"",""https://xcimg.szwego.com/img/65702085/20251026/i1761409623_1606_1.jpg"",""https://xcimg.szwego.com/img/65702085/20251026/i1761409623_6070_2.jpg"",""https://xcimg.szwego.com/img/65702085/20251026/i1761409623_8431_0.jpg"",""https://xcimg.szwego.com/img/65702085/20251026/i1761409623_2682_10.jpg"",""https://xcimg.szwego.com/img/65702085/20251026/i1761409623_5928_7.jpg"",""https://xcimg.szwego.com/img/65702085/20251026/i1761409623_5037_8.jpg"",""https://xcimg.szwego.com/img/65702085/20251026/i1761409623_1412_6.jpg"",""https://xcimg.szwego.com/img/65702085/20251026/i1761409623_5906_5.jpg""]"
_d-1rS0Co6QGv1CGoQnrtH36BL7bb4xGnMQr2Vqw;Moncler Пуховик;Эта модель представляет собой сочетание премиального дизайна и профессиональных технологий утепления. Куртка выполнена из высокоплотной блестящей ветрозащитной ткани и наполнена отборным гусиным пухом, что обеспечивает превосходную теплоизоляцию и объемный силуэт.\n\nДетали изделия подчеркивают статус бренда: регулируемый капюшон с металлическими элементами, функциональные накладные карманы на груди и фирменная нашивка на рукаве. Качественная металлическая фурнитура и продуманный крой делают эту куртку идеальным выбором для городских образов и зимнего отдыха. Цвет: армейский зеленый.;0;hn1drp5rmss2i17;lrg3k8cd5bgw3jv;fpi3euz683wbrxq;Для мужчин;"[""https://xcimg.szwego.com/img/65702085/20251026/i1761409675_6057_1.jpg"",""https://xcimg.szwego.com/img/65702085/20251026/i1761409675_1443_0.jpg"",""https://xcimg.szwego.com/img/65702085/20251026/i1761409675_2904_3.jpg"",""https://xcimg.szwego.com/img/65702085/20251026/i1761409675_6731_7.jpg"",""https://xcimg.szwego.com/img/65702085/20251026/i1761409675_320_2.jpg"",""https://xcimg.szwego.com/img/65702085/20251026/i1761409675_4992_5.jpg"",""https://xcimg.szwego.com/img/65702085/20251026/i1761409675_3801_6.jpg"",""https://xcimg.szwego.com/img/65702085/20251026/i1761409675_1098_8.jpg"",""https://xcimg.szwego.com/img/65702085/20251026/i1761409675_7738_4.jpg""]"
_dy7rSe7DdDyCa4VxZjJms1Mh90Tatdlag-I2Mgw;Dior Пуховик;Мужской пуховик Dior с фирменным жаккардовым узором по всей поверхности. Модель выполнена из высококачественного нейлона с использованием передовых технологий плетения, обеспечивающих четкость рисунка и долговечность материала.\n\nИзделие отличается эргономичным кроем с капюшоном, обеспечивающим идеальную посадку. Внутренний наполнитель распределен по независимым стеганым секциям с соблюдением строгих стандартов плотности, что гарантирует равномерную теплоизоляцию и предотвращает сбивание пуха. Пух прошел профессиональную очистку и дезинфекцию.\n\nДетали включают качественную фурнитуру с гравировкой бренда, надежную систему застежек и регулируемый подол на кулиске. Фирменные логотипы Dior представлены в виде жаккардового плетения и вышивки с высокой точностью исполнения. Цвет: черный.;0;ivacgwvpdne0t35;lrg3k8cd5bgw3jv;fpi3euz683wbrxq;Для мужчин;"[""https://xcimg.szwego.com/img/65702085/20251214/i1765685484247_8126_0_0.jpg"",""https://xcimg.szwego.com/img/65702085/20251214/i1765685484247_3932_0_1.jpg"",""https://xcimg.szwego.com/img/65702085/20251214/i1765685484247_6574_0_2.jpg"",""https://xcimg.szwego.com/img/65702085/20251214/i1765685484247_1007_0_3.jpg"",""https://xcimg.szwego.com/img/65702085/20251214/i1765685488354_9841_0_4.jpg"",""https://xcimg.szwego.com/img/65702085/20251214/i1765685488048_6344_0_5.jpg"",""https://xcimg.szwego.com/img/65702085/20251214/i1765685484247_8299_0_6.jpg"",""https://xcimg.szwego.com/img/65702085/20251214/i1765685487757_2933_0_7.jpg"",""https://xcimg.szwego.com/img/65702085/20251214/i1765685488120_8549_0_9.jpg""]"
_dkDrSboqK6lU1mICPz-nrOvmTTKxPc2Hjc3mrzg;Dior Пуховик;Мужской пуховик Dior с воротником-стойкой выполнен из высококачественного нейлона с матовой текстурой. Внутренняя подкладка украшена фирменным тиснением CD. Модель отличается точным кроем и эргономичной посадкой, обеспечивающей комфорт и защиту от холода.\n\nИзделие наполнено отборным пухом в независимых стеганых секциях, что гарантирует равномерное распределение тепла без лишнего объема. Вес наполнителя составляет 122 г. Детали включают брендированную металлическую молнию, вышитый логотип CD на груди и регулируемую кулиску по низу изделия для идеальной посадки. Внутренние трикотажные манжеты обеспечивают дополнительную теплоизоляцию. Цвет: черный.;0;ivacgwvpdne0t35;lrg3k8cd5bgw3jv;fpi3euz683wbrxq;Для мужчин;"[""https://xcimg.szwego.com/img/6c7a535f/20251213/i1765602897736_8750_0_0.jpg"",""https://xcimg.szwego.com/img/6c7a535f/20251213/i1765602897707_7378_0_1.jpg"",""https://xcimg.szwego.com/img/6c7a535f/20251213/i1765602895297_7003_0_2.jpg"",""https://xcimg.szwego.com/img/6c7a535f/20251213/i1765602897634_8458_0_3.jpg"",""https://xcimg.szwego.com/img/6c7a535f/20251213/i1765602895297_8568_0_4.jpg"",""https://xcimg.szwego.com/img/6c7a535f/20251213/i1765602895297_9229_0_5.jpg"",""https://xcimg.szwego.com/img/6c7a535f/20251213/i1765602895297_3276_0_6.jpg"",""https://xcimg.szwego.com/img/6c7a535f/20251213/i1765602897682_2307_0_7.jpg"",""https://xcimg.szwego.com/img/6c7a535f/20251213/i1765602895297_3971_0_8.jpg"",""https://xcimg.szwego.com/img/6c7a535f/20251213/i1765602897582_8195_0_9.jpg""]"
_dlnrSmeSxbby0uIT8P5E5Xn3bU1CcGalx8yyX3Q;Moncler Пуховик;Мужской пуховик Moncler с капюшоном. Модель выполнена из высококачественного матового нейлона с отличной цветостойкостью. Наполнитель состоит из 90% белого гусиного пуха и 10% пера, распределенных по независимым стеганым секциям для обеспечения равномерной теплоизоляции и предотвращения комкования.\n\nИзделие отличается прецизионной точностью кроя и сборки. Капюшон имеет встроенную поддерживающую конструкцию, сохраняющую форму после деформации. На рукаве расположен фирменный логотип Moncler, выполненный методом высокоточной вышивки. Манжеты оснащены прочной металлической фурнитурой. Подол дополнен регулируемой системой шнурков. Цвет: черный.;0;hn1drp5rmss2i17;lrg3k8cd5bgw3jv;fpi3euz683wbrxq;Для мужчин;"[""https://xcimg.szwego.com/img/65702085/20251211/i1765385018755_1639_0_0.jpg"",""https://xcimg.szwego.com/img/65702085/20251211/i1765385018702_3232_0_1.jpg"",""https://xcimg.szwego.com/img/65702085/20251211/i1765385016332_329_0_2.jpg"",""https://xcimg.szwego.com/img/65702085/20251211/i1765385018725_5366_0_3.jpg"",""https://xcimg.szwego.com/img/65702085/20251211/i1765385016371_7984_0_4.jpg"",""https://xcimg.szwego.com/img/65702085/20251211/i1765385016401_7078_0_5.jpg"",""https://xcimg.szwego.com/img/65702085/20251211/i1765385016242_3969_0_6.jpg"",""https://xcimg.szwego.com/img/65702085/20251211/i1765385018781_3189_0_7.jpg"",""https://xcimg.szwego.com/img/65702085/20251211/i1765385018694_9311_0_8.jpg""]"
_dv_rSBJjlOOIQj9WEsyCR6pXIq_lpJuL1h1vS0w;Moncler Пуховик;Стильный мужской пуховик с капюшоном от Moncler. Модель выполнена из высококачественного матового нейлона с отличной цветостойкостью. Изделие наполнено отборным белым гусиным пухом (90% пух, 10% перо), распределенным по независимым стеганым секциям для равномерного объема и сохранения тепла.\n\nДетали включают:\n- Эргономичный крой капюшона с формоустойчивой конструкцией.\n- Фирменный логотип Moncler на рукаве, выполненный методом высокоточной вышивки.\n- Надежная фурнитура и регулируемая система кулиски по низу изделия.\n- Качественная прострочка и внимание к каждой детали кроя.\n\nЦвет: хаки.;0;hn1drp5rmss2i17;lrg3k8cd5bgw3jv;fpi3euz683wbrxq;Для мужчин;"[""https://xcimg.szwego.com/img/65702085/20251211/i1765386455522_2877_0_0.jpg"",""https://xcimg.szwego.com/img/65702085/20251211/i1765386453950_5338_0_1.jpg"",""https://xcimg.szwego.com/img/65702085/20251211/i1765386453905_9895_0_2.jpg"",""https://xcimg.szwego.com/img/65702085/20251211/i1765386455527_6821_0_3.jpg"",""https://xcimg.szwego.com/img/65702085/20251211/i1765386453960_8780_0_4.jpg"",""https://xcimg.szwego.com/img/65702085/20251211/i1765386455509_7742_0_5.jpg"",""https://xcimg.szwego.com/img/65702085/20251211/i1765386453929_8316_0_6.jpg"",""https://xcimg.szwego.com/img/65702085/20251211/i1765386453891_1463_0_7.jpg"",""https://xcimg.szwego.com/img/65702085/20251211/i1765386455478_5874_0_8.jpg""]"
_dpvrS6mrwcql_XfEfHs6eXMbQO4UQvgJQIBeDdQ;Moncler Пуховик;Стильный мужской пуховик с капюшоном от Moncler. Модель выполнена из высококачественного матового нейлона с отличной цветостойкостью. Наполнитель состоит из 90% белого гусиного пуха и 10% пера, распределенных по независимым стеганым секциям для обеспечения равномерной теплоизоляции и предотвращения комкования.\n\nИзделие отличается продуманной эргономикой и высокой точностью кроя. Капюшон имеет встроенную поддерживающую конструкцию, сохраняющую форму даже после деформации. На рукаве расположен фирменный логотип Moncler, выполненный методом высокоточной вышивки. Манжеты оснащены прочной металлической фурнитурой, а подол дополнен регулируемой системой шнурков. Цвет: зеленый.;0;hn1drp5rmss2i17;lrg3k8cd5bgw3jv;fpi3euz683wbrxq;Для мужчин;"[""https://xcimg.szwego.com/img/65702085/20251211/i1765385817281_1296_0_0.jpg"",""https://xcimg.szwego.com/img/65702085/20251211/i1765385817338_8577_0_1.jpg"",""https://xcimg.szwego.com/img/65702085/20251211/i1765385819624_5461_0_2.jpg"",""https://xcimg.szwego.com/img/65702085/20251211/i1765385819648_4106_0_3.jpg"",""https://xcimg.szwego.com/img/65702085/20251211/i1765385819653_1903_0_4.jpg"",""https://xcimg.szwego.com/img/65702085/20251211/i1765385817332_5110_0_5.jpg"",""https://xcimg.szwego.com/img/65702085/20251211/i1765385819547_6360_0_6.jpg"",""https://xcimg.szwego.com/img/65702085/20251211/i1765385817264_9488_0_7.jpg"",""https://xcimg.szwego.com/img/65702085/20251211/i1765385817243_1701_0_8.jpg""]"
_dmErSzed9sOyoT3G-UWuUCmAH4Iu0M3SomVpNrA;Burberry Пуховик;Новая модель пуховой куртки с капюшоном от Burberry, сочетающая в себе британский стиль и высокие технологии защиты от холода. Изделие наполнено высококачественным пухом, прошедшим специальную обработку для обеспечения максимальной теплоизоляции и объема.\n\nВнешний слой выполнен из плотной ветрозащитной ткани, которая отличается прочностью и устойчивостью к низким температурам. Дизайн дополнен фирменным логотипом в виде рыцаря на рукаве и вышивкой на груди, подчеркивающими богатое наследие бренда. Модель с капюшоном и изысканной фурнитурой сочетает в себе элегантность и практичность, обеспечивая комфорт и узнаваемый премиальный вид.;0;9610bhle5fdutm0;lrg3k8cd5bgw3jv;fpi3euz683wbrxq;Для мужчин;"[""https://xcimg.szwego.com/img/65702085/20251001/i1759254795_2569_1.jpg"",""https://xcimg.szwego.com/img/65702085/20251001/i1759254796_4858_10.jpg"",""https://xcimg.szwego.com/img/65702085/20251001/i1759254795_8220_0.jpg"",""https://xcimg.szwego.com/img/65702085/20251001/i1759254795_4261_9.jpg"",""https://xcimg.szwego.com/img/65702085/20251001/i1759254795_1823_7.jpg"",""https://xcimg.szwego.com/img/65702085/20251001/i1759254795_3328_3.jpg"",""https://xcimg.szwego.com/img/65702085/20251001/i1759254795_7840_5.jpg"",""https://xcimg.szwego.com/img/65702085/20251001/i1759254796_816_11.jpg"",""https://xcimg.szwego.com/img/65702085/20251001/i1759254795_5603_8.jpg""]"
_df5rSvJD-w4r3Kj6zpF-HNd59xpEs-qZuQbpM8g;Prada Пуховик;Мужской пуховик Prada с воротником-стойкой. Модель выполнена из высококачественного нейлона с глянцевым блеском. Изделие отличается сложной технологией наполнения пухом с использованием системы зонирования, что обеспечивает равномерное распределение утеплителя и высокую степень теплоизоляции. \n\nДетали включают точную машинную стежку, надежную фурнитуру и фирменный треугольный логотип Prada на спинке. Конструкция воротника-стойки сохраняет форму, а манжеты и нижний край изделия выполнены с соблюдением высоких стандартов качества. Цвет: зеленый.;0;xf3tgcf0uj7yrqf;lrg3k8cd5bgw3jv;fpi3euz683wbrxq;Для мужчин;"[""https://xcimg.szwego.com/img/65702085/20251208/i1765127737621_3218_0_0.jpg"",""https://xcimg.szwego.com/img/65702085/20251208/i1765127734917_2762_0_1.jpg"",""https://xcimg.szwego.com/img/65702085/20251208/i1765127737667_3506_0_2.jpg"",""https://xcimg.szwego.com/img/65702085/20251208/i1765127737589_5916_0_3.jpg"",""https://xcimg.szwego.com/img/65702085/20251208/i1765127734740_7219_0_4.jpg"",""https://xcimg.szwego.com/img/65702085/20251208/i1765127734839_6546_0_5.jpg"",""https://xcimg.szwego.com/img/65702085/20251208/i1765127734810_7327_0_6.jpg"",""https://xcimg.szwego.com/img/65702085/20251208/i1765127734846_555_0_7.jpg"",""https://xcimg.szwego.com/img/65702085/20251208/i1765127745781_904_0_8.jpg""]"
_dnkrSkRS4lir2xW_MXog3obt1sfWUXuAyvTmj9w;Moncler Пуховик;Мужской пуховик Moncler для активного отдыха. Модель выполнена из высококачественного полиэстера с ветрозащитными и износостойкими свойствами. Изделие отличается продуманной эргономичной конструкцией с капюшоном, обеспечивающим надежную защиту от ветра.\n\nТехнологичный процесс наполнения пухом гарантирует равномерное распределение утеплителя и высокую степень теплоизоляции. Качественная фурнитура, включая брендированную металлическую молнию и регулируемые манжеты, обеспечивает долговечность и комфорт в использовании. На левом рукаве расположен фирменный патч с вышивкой. Цвет: коричневый.;0;hn1drp5rmss2i17;lrg3k8cd5bgw3jv;fpi3euz683wbrxq;Для мужчин;"[""https://xcimg.szwego.com/img/65702085/20251207/i1765087163934_5412_0_0.jpg"",""https://xcimg.szwego.com/img/65702085/20251207/i1765087165652_1408_0_1.jpg"",""https://xcimg.szwego.com/img/65702085/20251207/i1765087163907_6389_0_2.jpg"",""https://xcimg.szwego.com/img/65702085/20251207/i1765087163848_8129_0_3.jpg"",""https://xcimg.szwego.com/img/65702085/20251207/i1765087165634_747_0_4.jpg"",""https://xcimg.szwego.com/img/65702085/20251207/i1765087163944_4747_0_5.jpg"",""https://xcimg.szwego.com/img/65702085/20251207/i1765087165426_1378_0_6.jpg"",""https://xcimg.szwego.com/img/65702085/20251207/i1765087165585_5832_0_7.jpg"",""https://xcimg.szwego.com/img/65702085/20251207/i1765087163854_6503_0_8.jpg""]"
_d_3rSs0qvmKUMfWXae0wvu5y3HVFdWedOGFT0mg;Moncler Пуховик;Мужской пуховик Moncler для активного отдыха. Модель выполнена из 100% высокоплотного полиэстера, обладающего ветрозащитными и износостойкими свойствами. Изделие отличается эргономичным кроем с капюшоном, обеспечивающим комфортную посадку.\n\nТехнологичный процесс наполнения пухом гарантирует равномерное распределение утеплителя и высокую степень теплоизоляции. Качественная фурнитура включает брендированную металлическую молнию, металлические кнопки на капюшоне и регулируемые манжеты на липучках. На левом рукаве расположен фирменный патч с вышивкой. Конструкция капюшона дополнена антиветровой вставкой для защиты от непогоды. Цвет: синий.;0;hn1drp5rmss2i17;lrg3k8cd5bgw3jv;fpi3euz683wbrxq;Для мужчин;"[""https://xcimg.szwego.com/img/65702085/20251207/i1765086927425_1267_0_0.jpg"",""https://xcimg.szwego.com/img/65702085/20251207/i1765086929022_9116_0_1.jpg"",""https://xcimg.szwego.com/img/65702085/20251207/i1765086927294_9416_0_2.jpg"",""https://xcimg.szwego.com/img/65702085/20251207/i1765086927437_6168_0_3.jpg"",""https://xcimg.szwego.com/img/65702085/20251207/i1765086928990_7113_0_4.jpg"",""https://xcimg.szwego.com/img/65702085/20251207/i1765086927299_1283_0_5.jpg"",""https://xcimg.szwego.com/img/65702085/20251207/i1765086927314_6120_0_6.jpg"",""https://xcimg.szwego.com/img/65702085/20251207/i1765086929048_595_0_7.jpg"",""https://xcimg.szwego.com/img/65702085/20251207/i1765086928954_1011_0_8.jpg""]"
_deZrS-fq5LBtCshzbnqCr0DCkQ3utF2XAqfcbqA;Moncler Пуховик;Мужской пуховик Moncler для активного отдыха. Модель выполнена из высококачественного полиэстера с ветрозащитными и износостойкими свойствами. Изделие отличается продуманным кроем с эргономичным капюшоном, обеспечивающим надежную защиту от ветра и холода.\n\nДетали включают качественную фурнитуру с фирменной гравировкой, регулируемые манжеты и подол для оптимальной посадки. На левом рукаве расположен узнаваемый логотип бренда, выполненный с высокой точностью. Пуховик прошел строгий контроль качества наполнителя, что гарантирует равномерное распределение пуха и отличные теплоизоляционные характеристики. Цвет: черный.;0;hn1drp5rmss2i17;lrg3k8cd5bgw3jv;fpi3euz683wbrxq;Для мужчин;"[""https://xcimg.szwego.com/img/65702085/20251207/i1765086479877_2688_0_0.jpg"",""https://xcimg.szwego.com/img/65702085/20251207/i1765086469149_5884_0_1.jpg"",""https://xcimg.szwego.com/img/65702085/20251207/i1765086479833_2340_0_2.jpg"",""https://xcimg.szwego.com/img/65702085/20251207/i1765086469149_3195_0_3.jpg"",""https://xcimg.szwego.com/img/65702085/20251207/i1765086469150_5987_0_4.jpg"",""https://xcimg.szwego.com/img/65702085/20251207/i1765086469149_9755_0_5.jpg"",""https://xcimg.szwego.com/img/65702085/20251207/i1765086479748_2374_0_7.jpg"",""https://xcimg.szwego.com/img/65702085/20251207/i1765086479833_8265_0_8.jpg"",""https://xcimg.szwego.com/img/65702085/20251207/i1765086479784_5018_0_9.jpg""]"
_dsFrSY_tCtecBFe4KS4JYkPQtaSjQRyXncX0gtg;Moncler Пуховик;Совместная модель Moncler Genius и 1017 ALYX 9SM. Изделие выполнено из высокоплотного нейлона с жемчужным блеском, который отличается износостойкостью и долговечностью. Внутренняя подкладка обеспечивает отличную теплоизоляцию и сохранение формы.\n\nМодель имеет укороченный крой с капюшоном. При производстве используются передовые технологии 3D-раскроя и автоматизированного наполнения пухом, что гарантирует равномерную плотность и объем. Каждая деталь, от швов до фурнитуры, выполнена с высокой точностью.\n\nФирменная металлическая молния украшена гравировкой ALYX, а металлические кнопки на капюшоне прошли многократные испытания на прочность. На левом рукаве расположен классический логотип Moncler, выполненный методом высокоточной вышивки. Внутренняя отделка дополнена брендированной лентой 1017 ALYX 9SM и характерной металлической пряжкой, подчеркивающей уникальность коллаборации.\n\nЦвет: белый.;0;hn1drp5rmss2i17;lrg3k8cd5bgw3jv;fpi3euz683wbrxq;Для мужчин;"[""https://xcimg.szwego.com/img/65702085/20251207/i1765084765269_6331_0_0.jpg"",""https://xcimg.szwego.com/img/65702085/20251207/i1765084765351_872_0_1.jpg"",""https://xcimg.szwego.com/img/65702085/20251207/i1765084765288_7380_0_2.jpg"",""https://xcimg.szwego.com/img/65702085/20251207/i1765084767141_2614_0_3.jpg"",""https://xcimg.szwego.com/img/65702085/20251207/i1765084765315_1437_0_4.jpg"",""https://xcimg.szwego.com/img/65702085/20251207/i1765084765107_6196_0_5.jpg"",""https://xcimg.szwego.com/img/65702085/20251207/i1765084767063_5268_0_6.jpg"",""https://xcimg.szwego.com/img/65702085/20251207/i1765084767152_2566_0_7.jpg"",""https://xcimg.szwego.com/img/65702085/20251207/i1765084767173_5224_0_8.jpg""]"
_dzXrSuu18c0wagl5Pakt_yWOw-BnifWUJ9FZtaw;Moncler Пуховик;Короткий пуховик Moncler с глянцевой отделкой. Модель выполнена из высококачественного нейлона с износостойким покрытием, обеспечивающим долговечный блеск. Внутренний наполнитель распределен с использованием технологии зонального наполнения, что гарантирует равномерную теплоизоляцию и высокую степень пушистости. \n\nИзделие отличается точным кроем и качественной прострочкой, выполненной на высокотехнологичном оборудовании. На груди расположен фирменный патч с вышивкой. Модель оснащена брендированной фурнитурой: молниями с плавным ходом и надежными металлическими кнопками, прошедшими многократные тесты на износостойкость. Манжеты аккуратно обработаны для дополнительного комфорта и защиты от ветра. Цвет: темно-синий.;0;hn1drp5rmss2i17;lrg3k8cd5bgw3jv;fpi3euz683wbrxq;Для мужчин;"[""https://xcimg.szwego.com/img/65702085/20251207/i1765084210602_4719_0_0.jpg"",""https://xcimg.szwego.com/img/65702085/20251207/i1765084210625_3325_0_1.jpg"",""https://xcimg.szwego.com/img/65702085/20251207/i1765084214543_6472_0_2.jpg"",""https://xcimg.szwego.com/img/65702085/20251207/i1765084214607_2547_0_3.jpg"",""https://xcimg.szwego.com/img/65702085/20251207/i1765084214501_7180_0_4.jpg"",""https://xcimg.szwego.com/img/65702085/20251207/i1765084210554_4812_0_6.jpg"",""https://xcimg.szwego.com/img/65702085/20251207/i1765084210581_2192_0_7.jpg"",""https://xcimg.szwego.com/img/65702085/20251207/i1765084214572_7851_0_8.jpg"",""https://xcimg.szwego.com/img/65702085/20251207/i1765084210646_8333_0_9.jpg""]"
_dkNrSUPcRblN1YsX4eYQf9QWx_dKiToe7-3Rryw;Moncler Пуховик;Длинный пуховик Moncler с глянцевым покрытием. Модель выполнена из высококачественного нейлона с плотным плетением, обеспечивающим износостойкость и характерный блеск. В качестве наполнителя используется 100% гусиный пух, распределенный по секциям для равномерного сохранения тепла.\n\nИзделие оснащено съемным капюшоном с возможностью регулировки формы. На левом рукаве расположен фирменный логотип бренда, выполненный методом точной вышивки. Фурнитура, включая молнии с брендированными бегунками и металлические кнопки, прошла многократные тесты на прочность и долговечность. Подол дополнен системой регулируемых кулисок для оптимальной посадки. Цвет: черный.;0;hn1drp5rmss2i17;lrg3k8cd5bgw3jv;fpi3euz683wbrxq;Для мужчин;"[""https://xcimg.szwego.com/img/65702085/20251207/i1765083543930_5033_0_0.jpg"",""https://xcimg.szwego.com/img/65702085/20251207/i1765083541380_9083_0_1.jpg"",""https://xcimg.szwego.com/img/65702085/20251207/i1765083543834_6314_0_2.jpg"",""https://xcimg.szwego.com/img/65702085/20251207/i1765083541327_4080_0_3.jpg"",""https://xcimg.szwego.com/img/65702085/20251207/i1765083540814_758_0_4.jpg"",""https://xcimg.szwego.com/img/65702085/20251207/i1765083543516_8071_0_5.jpg"",""https://xcimg.szwego.com/img/65702085/20251207/i1765083541258_2703_0_6.jpg"",""https://xcimg.szwego.com/img/65702085/20251207/i1765083541291_5596_0_7.jpg"",""https://xcimg.szwego.com/img/65702085/20251207/i1765083543788_2053_0_8.jpg""]"
_dCKrSb9LlpwweLKBbbAu38VcxH1HOAvEtMPY9lQ;Balenciaga Пуховик;Мужской пуховик с капюшоном от Balenciaga. Модель выполнена из высококачественного плотного нейлона с матовой текстурой, обладающего высокой стойкостью цвета. Изделие наполнено отборным гусиным пухом с использованием технологии зонального наполнения, что обеспечивает равномерное распределение утеплителя и исключительную теплоизоляцию. \n\nДизайн дополнен фирменной стежкой и логотипом BB на спинке. Модель оснащена брендированной металлической фурнитурой, эластичными трикотажными манжетами и формованным капюшоном, сохраняющим объемную форму. Прямой крой по низу изделия обеспечивает современный силуэт и стабильность формы при носке. Цвет: серый.;0;mj2732zh7c7pchi;lrg3k8cd5bgw3jv;fpi3euz683wbrxq;Для мужчин;"[""https://xcimg.szwego.com/img/65702085/20251207/i1765083166491_1681_0_0.jpg"",""https://xcimg.szwego.com/img/65702085/20251207/i1765083168344_9246_0_1.jpg"",""https://xcimg.szwego.com/img/65702085/20251207/i1765083168352_236_0_2.jpg"",""https://xcimg.szwego.com/img/65702085/20251207/i1765083168262_3837_0_3.jpg"",""https://xcimg.szwego.com/img/65702085/20251207/i1765083166519_6441_0_5.jpg"",""https://xcimg.szwego.com/img/65702085/20251207/i1765083168351_9926_0_6.jpg"",""https://xcimg.szwego.com/img/65702085/20251207/i1765083168350_9631_0_7.jpg"",""https://xcimg.szwego.com/img/65702085/20251207/i1765083166469_9412_0_8.jpg"",""https://xcimg.szwego.com/img/65702085/20251207/i1765083166425_9896_0_9.jpg""]"
_dxNrSE-RHTSV0RO_u7O3r56_Mlz7I7PP-AWLtQw;Balenciaga Пуховик;Мужской пуховик с капюшоном от Balenciaga. Модель выполнена из высококачественного нейлона с матовой текстурой, устойчивого к выцветанию. Изделие наполнено отборным гусиным пухом с использованием технологии зонального наполнения, что обеспечивает равномерное распределение утеплителя и высокую степень теплоизоляции. \n\nДизайн дополнен фирменной стежкой с логотипом BB на спинке. Модель оснащена брендированной металлической фурнитурой, эластичными манжетами в рубчик и надежными кнопками. Капюшон сохраняет форму благодаря специальной внутренней вставке. Прямой крой по низу изделия обеспечивает современный силуэт и стабильность формы.;0;mj2732zh7c7pchi;lrg3k8cd5bgw3jv;fpi3euz683wbrxq;Для мужчин;"[""https://xcimg.szwego.com/img/65702085/20251207/i1765082652064_2540_0_0.jpg"",""https://xcimg.szwego.com/img/65702085/20251207/i1765082652064_6805_0_1.jpg"",""https://xcimg.szwego.com/img/65702085/20251207/i1765082655163_8299_0_2.jpg"",""https://xcimg.szwego.com/img/65702085/20251207/i1765082655130_6834_0_3.jpg"",""https://xcimg.szwego.com/img/65702085/20251207/i1765082655007_7025_0_5.jpg"",""https://xcimg.szwego.com/img/65702085/20251207/i1765082652064_6337_0_6.jpg"",""https://xcimg.szwego.com/img/65702085/20251207/i1765082655001_4370_0_7.jpg"",""https://xcimg.szwego.com/img/65702085/20251207/i1765082652064_3335_0_8.jpg"",""https://xcimg.szwego.com/img/65702085/20251207/i1765082652064_4643_0_9.jpg""]"
_dazrSFf9qXarsdDQuukBXnNkJ_2FSlsgc1u2vfA;Prada Пуховик;Стильный мужской пуховик от Prada, выполненный в сочетании высококачественного нейлона и трикотажных элементов. Модель дополнена фирменным эмалированным треугольным логотипом на груди и брендированной отделкой на рукавах.\n\nИзделие наполнено отборным гусиным пухом, обеспечивающим отличную теплоизоляцию. Продуманный крой и качественная фурнитура гарантируют комфорт и долговечность в носке. Модель представлена в классическом черном цвете.;0;xf3tgcf0uj7yrqf;lrg3k8cd5bgw3jv;fpi3euz683wbrxq;Для мужчин;"[""https://xcimg.szwego.com/img/65702085/20251207/i1765071361711_5771_0_0.jpg"",""https://xcimg.szwego.com/img/65702085/20251207/i1765071361611_5923_0_1.jpg"",""https://xcimg.szwego.com/img/65702085/20251207/i1765071361688_4429_0_2.jpg"",""https://xcimg.szwego.com/img/65702085/20251207/i1765071359324_5786_0_3.jpg"",""https://xcimg.szwego.com/img/65702085/20251207/i1765071359324_5498_0_4.jpg"",""https://xcimg.szwego.com/img/65702085/20251207/i1765071361486_3350_0_5.jpg"",""https://xcimg.szwego.com/img/65702085/20251207/i1765071361604_2520_0_6.jpg"",""https://xcimg.szwego.com/img/65702085/20251207/i1765071359324_2073_0_7.jpg"",""https://xcimg.szwego.com/img/65702085/20251207/i1765071359324_3764_0_8.jpg""]"
_d-grSkM_8Qokdzq7xlzqjOwNvujn8_jKj2-UYzg;Prada Пуховик;Стильный пуховик от Prada с фирменным треугольным логотипом. Модель выполнена из высококачественного нейлона с плотным плетением и дополнена трикотажными вставками. Изделие наполнено отборным гусиным пухом, распределенным по секциям для равномерного сохранения тепла и предотвращения миграции наполнителя. На спинке расположен жаккардовый логотип бренда. Модель оснащена качественной металлической фурнитурой с гравировкой и эластичными трикотажными манжетами. Идеальный выбор для создания современного образа в холодное время года.;0;xf3tgcf0uj7yrqf;lrg3k8cd5bgw3jv;fpi3euz683wbrxq;Для мужчин;"[""https://xcimg.szwego.com/img/65702085/20251207/i1765070234267_9340_0_0.jpg"",""https://xcimg.szwego.com/img/65702085/20251207/i1765070234242_4660_0_1.jpg"",""https://xcimg.szwego.com/img/65702085/20251207/i1765070234166_8284_0_2.jpg"",""https://xcimg.szwego.com/img/65702085/20251207/i1765070234101_9565_0_3.jpg"",""https://xcimg.szwego.com/img/65702085/20251207/i1765070232590_3137_0_4.jpg"",""https://xcimg.szwego.com/img/65702085/20251207/i1765070232521_9461_0_5.jpg"",""https://xcimg.szwego.com/img/65702085/20251207/i1765070232586_7820_0_6.jpg"",""https://xcimg.szwego.com/img/65702085/20251207/i1765070232647_2931_0_7.jpg"",""https://xcimg.szwego.com/img/65702085/20251207/i1765070232444_3523_0_8.jpg""]"
_dxhrSburI4Dj7QKSMGJviipmmB5j8uhjq5jTMmQ;Prada Пуховик;Стильный пуховик от Prada с фирменным треугольным логотипом. Модель выполнена из высококачественного нейлона с плотным плетением и дополнена трикотажными вставками. Изделие наполнено отборным гусиным пухом, который равномерно распределен по секциям для обеспечения оптимальной теплоизоляции и объема. На спинке расположен жаккардовый логотип бренда. Модель оснащена надежной брендированной фурнитурой и эластичными трикотажными манжетами для комфортной посадки. Идеальный выбор для создания современного образа в холодное время года.;0;xf3tgcf0uj7yrqf;lrg3k8cd5bgw3jv;fpi3euz683wbrxq;Для мужчин;"[""https://xcimg.szwego.com/img/65702085/20251207/i1765070492813_6235_0_0.jpg"",""https://xcimg.szwego.com/img/65702085/20251207/i1765070492824_4689_0_1.jpg"",""https://xcimg.szwego.com/img/65702085/20251207/i1765070492829_8809_0_2.jpg"",""https://xcimg.szwego.com/img/65702085/20251207/i1765070490760_2912_0_3.jpg"",""https://xcimg.szwego.com/img/65702085/20251207/i1765070490948_3077_0_4.jpg"",""https://xcimg.szwego.com/img/65702085/20251207/i1765070492806_3715_0_5.jpg"",""https://xcimg.szwego.com/img/65702085/20251207/i1765070490978_1085_0_6.jpg"",""https://xcimg.szwego.com/img/65702085/20251207/i1765070490822_2332_0_8.jpg"",""https://xcimg.szwego.com/img/65702085/20251207/i1765070490906_5972_0_9.jpg""]"
_dfcrSs0_0r8xzUl2HMQdr8STV3VhQ3xDXApmefg;Burberry Пуховик;Мужской пуховик с капюшоном от Burberry. Модель выполнена из высококачественного нейлона с глянцевой текстурой, обеспечивающего долговечность и устойчивость цвета. Изделие наполнено отборным гусиным пухом, распределенным по секциям для равномерного объема и сохранения тепла. \n\nКуртка оснащена фирменной фурнитурой с гравировкой бренда, включая надежную молнию и металлические пуговицы на манжетах. На рукаве расположен логотип Burberry London England. Конструкция капюшона дополнена эластичными вставками для поддержания формы, а подол регулируется с помощью системы кулисок. Модель отличается высоким качеством пошива и вниманием к деталям.;0;9610bhle5fdutm0;lrg3k8cd5bgw3jv;fpi3euz683wbrxq;Для мужчин;"[""https://xcimg.szwego.com/img/65702085/20251207/i1765069607097_4223_0_0.jpg"",""https://xcimg.szwego.com/img/65702085/20251207/i1765069607054_6870_0_1.jpg"",""https://xcimg.szwego.com/img/65702085/20251207/i1765069605589_5228_0_2.jpg"",""https://xcimg.szwego.com/img/65702085/20251207/i1765069607043_992_0_3.jpg"",""https://xcimg.szwego.com/img/65702085/20251207/i1765069606972_7478_0_4.jpg"",""https://xcimg.szwego.com/img/65702085/20251207/i1765069605447_8758_0_6.jpg"",""https://xcimg.szwego.com/img/65702085/20251207/i1765069605602_9773_0_7.jpg"",""https://xcimg.szwego.com/img/65702085/20251207/i1765069605604_6625_0_8.jpg"",""https://xcimg.szwego.com/img/65702085/20251207/i1765069607071_4765_0_9.jpg""]"
_ds_rSRV7Ht-3-vE0I3XBGJ_BtGoCyz_3eFpVrsQ;Burberry Пуховик;Мужской пуховик с капюшоном от Burberry. Модель выполнена из высококачественного нейлона с глянцевым эффектом, обеспечивающего долговечность и устойчивость цвета. Изделие наполнено отборным гусиным пухом, распределенным по секциям для равномерного объема и сохранения тепла. \n\nДетали включают брендированную металлическую фурнитуру, качественные молнии с плавным ходом и регулируемый подол. На рукаве расположен фирменный логотип бренда. Капюшон сохраняет форму благодаря специальной технологии термофиксации. Модель отличается продуманным кроем и высоким качеством исполнения швов, предотвращающих миграцию пуха.;0;9610bhle5fdutm0;lrg3k8cd5bgw3jv;fpi3euz683wbrxq;Для мужчин;"[""https://xcimg.szwego.com/img/65702085/20251207/i1765069435314_84_0_0.jpg"",""https://xcimg.szwego.com/img/65702085/20251207/i1765069437784_9622_0_1.jpg"",""https://xcimg.szwego.com/img/65702085/20251207/i1765069435351_941_0_2.jpg"",""https://xcimg.szwego.com/img/65702085/20251207/i1765069437663_6216_0_3.jpg"",""https://xcimg.szwego.com/img/65702085/20251207/i1765069437679_660_0_4.jpg"",""https://xcimg.szwego.com/img/65702085/20251207/i1765069435345_1715_0_5.jpg"",""https://xcimg.szwego.com/img/65702085/20251207/i1765069435391_1561_0_6.jpg"",""https://xcimg.szwego.com/img/65702085/20251207/i1765069437814_4325_0_7.jpg"",""https://xcimg.szwego.com/img/65702085/20251207/i1765069435252_9574_0_8.jpg""]"
_dtlrSjoyh2_PjihrPgaJBkfCRT3OPOeS2EG4dwA;Gucci Пуховик;Стильный пуховик от Gucci, выполненный в технике комбинирования материалов. Модель сочетает в себе высококачественную ткань с наполнителем из 100% гусиного пуха и трикотажные рукава. Изделие отличается безупречным кроем, обеспечивающим идеальную посадку по фигуре.\n\nДетали включают фирменную металлическую фурнитуру с гравировкой бренда, эластичные трикотажные манжеты и функциональный капюшон с системой фиксации. Качественная прострочка предотвращает миграцию пуха, а надежные швы гарантируют долговечность изделия. Цвет: темно-синий.;0;6bjd11fcyypitno;lrg3k8cd5bgw3jv;fpi3euz683wbrxq;Для мужчин;"[""https://xcimg.szwego.com/img/65702085/20251207/i1765068740476_1425_0_0.jpg"",""https://xcimg.szwego.com/img/65702085/20251207/i1765068738886_6494_0_1.jpg"",""https://xcimg.szwego.com/img/65702085/20251207/i1765068738919_369_0_2.jpg"",""https://xcimg.szwego.com/img/65702085/20251207/i1765068740315_2431_0_3.jpg"",""https://xcimg.szwego.com/img/65702085/20251207/i1765068738895_1349_0_4.jpg"",""https://xcimg.szwego.com/img/65702085/20251207/i1765068740547_6605_0_5.jpg"",""https://xcimg.szwego.com/img/65702085/20251207/i1765068738811_7606_0_6.jpg"",""https://xcimg.szwego.com/img/65702085/20251207/i1765068738802_6530_0_7.jpg"",""https://xcimg.szwego.com/img/65702085/20251207/i1765068740443_227_0_8.jpg""]"
_dubrSolXZ8Hi83Md0-O09aKsCboYt18ENwp1atA;Gucci Пуховик;Стильный мужской пуховик от Gucci, выполненный в комбинированном дизайне с трикотажными рукавами. Модель наполнена высококачественным гусиным пухом, обеспечивающим равномерное распределение тепла. Изделие отличается безупречным кроем и вниманием к деталям: прочные швы, качественная фурнитура с гравировкой бренда, эластичные трикотажные манжеты и функциональный капюшон с системой фиксации. Практичный черный цвет и продуманная конструкция делают эту вещь идеальным выбором для холодного сезона.;0;6bjd11fcyypitno;lrg3k8cd5bgw3jv;fpi3euz683wbrxq;Для мужчин;"[""https://xcimg.szwego.com/img/65702085/20251207/i1765068512219_116_0_0.jpg"",""https://xcimg.szwego.com/img/65702085/20251207/i1765068507606_1662_0_1.jpg"",""https://xcimg.szwego.com/img/65702085/20251207/i1765068507605_2639_0_2.jpg"",""https://xcimg.szwego.com/img/65702085/20251207/i1765068512185_4328_0_3.jpg"",""https://xcimg.szwego.com/img/65702085/20251207/i1765068507605_6493_0_4.jpg"",""https://xcimg.szwego.com/img/65702085/20251207/i1765068507606_9824_0_5.jpg"",""https://xcimg.szwego.com/img/65702085/20251207/i1765068512158_4353_0_6.jpg"",""https://xcimg.szwego.com/img/65702085/20251207/i1765068507605_2049_0_7.jpg"",""https://xcimg.szwego.com/img/65702085/20251207/i1765068512243_4474_0_8.jpg""]"
_dkFrSzRfo5IhzhxyoaBHc0CyrhpA2D8xk0NlS0Q;Moncler Пуховик;Мужской пуховик Moncler с капюшоном, выполненный из высококачественного глянцевого нейлона с водоотталкивающими свойствами. Модель наполнена отборным гусиным пухом, обеспечивающим превосходную теплоизоляцию и равномерное распределение наполнителя. Изделие отличается безупречным кроем и вниманием к деталям: прочные металлические молнии, надежная фурнитура и фирменная вышивка на груди. Капюшон сохраняет форму благодаря специальной технологии формовки, а эластичные манжеты обеспечивают дополнительную защиту от холода. Идеальное сочетание функциональности и премиального стиля для холодного сезона.;0;hn1drp5rmss2i17;lrg3k8cd5bgw3jv;fpi3euz683wbrxq;Для мужчин;"[""https://xcimg.szwego.com/img/65702085/20251206/i1765007785537_7206_0_8.jpg"",""https://xcimg.szwego.com/img/65702085/20251206/i1764992909930_1598_0_1.jpg"",""https://xcimg.szwego.com/img/65702085/20251206/i1764992905525_1571_0_2.jpg"",""https://xcimg.szwego.com/img/65702085/20251206/i1764992905681_9331_0_8.jpg"",""https://xcimg.szwego.com/img/65702085/20251206/i1764992909939_7955_0_4.jpg"",""https://xcimg.szwego.com/img/65702085/20251206/i1764992909811_5449_0_5.jpg"",""https://xcimg.szwego.com/img/65702085/20251206/i1764992905635_8355_0_6.jpg"",""https://xcimg.szwego.com/img/65702085/20251206/i1764992905603_9208_0_9.jpg"",""https://xcimg.szwego.com/img/65702085/20251206/i1764992905678_6587_0_10.jpg""]"
_dbgrSgezrq1HPcivt3yKfFzZHzojkZUZQFq6uGg;Moncler Пуховик;Мужской пуховик Moncler с капюшоном, выполненный из высококачественного глянцевого нейлона с водоотталкивающими свойствами. Модель наполнена отборным гусиным пухом, обеспечивающим превосходную теплоизоляцию. Изделие отличается безупречным кроем и вниманием к деталям: от высокоточной прострочки до надежной фурнитуры, прошедшей многократные испытания на износостойкость. Фирменный логотип на груди выполнен с использованием высокоточной вышивки. Капюшон сохраняет форму благодаря специальной технологии формовки. Идеальное сочетание функциональности и премиального стиля для холодного времени года.\n\nЦвет: черный.;0;hn1drp5rmss2i17;lrg3k8cd5bgw3jv;fpi3euz683wbrxq;Для мужчин;"[""https://xcimg.szwego.com/img/65702085/20251206/i1765007761294_5317_0_8.jpg"",""https://xcimg.szwego.com/img/65702085/20251206/i1764992578276_7181_0_1.jpg"",""https://xcimg.szwego.com/img/65702085/20251206/i1764992580635_4298_0_2.jpg"",""https://xcimg.szwego.com/img/65702085/20251206/i1764992578276_1137_0_3.jpg"",""https://xcimg.szwego.com/img/65702085/20251206/i1764992578276_3715_0_4.jpg"",""https://xcimg.szwego.com/img/65702085/20251206/i1764992578276_4938_0_5.jpg"",""https://xcimg.szwego.com/img/65702085/20251206/i1764992578276_9213_0_6.jpg"",""https://xcimg.szwego.com/img/65702085/20251206/i1764992580631_4285_0_7.jpg"",""https://xcimg.szwego.com/img/65702085/20251206/i1764992580569_9924_0_8.jpg""]"
_dwTrS1SHdUDp8Ij-NNZsm9ECVD23v3-wEVoV5Dg;Moncler Пуховик;Стильный пуховик с комбинированными трикотажными рукавами. Модель выполнена из высококачественного нейлона с водоотталкивающими свойствами и блестящей текстурой. В качестве наполнителя используется отборный гусиный пух, обеспечивающий превосходную теплоизоляцию и легкость изделия.\n\nДизайн сочетает в себе функциональность и современные технологии кроя. Детали включают прочную металлическую фурнитуру, надежную молнию и аккуратную вышивку логотипа на рукаве. Изделие прошло многоступенчатый контроль качества, гарантирующий долговечность и сохранение формы даже при интенсивной носке. Идеальный выбор для создания элегантного и комфортного образа в холодное время года.;0;hn1drp5rmss2i17;lrg3k8cd5bgw3jv;fpi3euz683wbrxq;Для мужчин;"[""https://xcimg.szwego.com/img/65702085/20251206/i1764993923309_2196_0_0.jpg"",""https://xcimg.szwego.com/img/65702085/20251206/i1764993920853_1596_0_1.jpg"",""https://xcimg.szwego.com/img/65702085/20251206/i1764993923209_818_0_2.jpg"",""https://xcimg.szwego.com/img/65702085/20251206/i1764993920844_8229_0_3.jpg"",""https://xcimg.szwego.com/img/65702085/20251206/i1764993923332_183_0_4.jpg"",""https://xcimg.szwego.com/img/65702085/20251206/i1764993923300_7408_0_5.jpg"",""https://xcimg.szwego.com/img/65702085/20251206/i1764993920750_9280_0_6.jpg"",""https://xcimg.szwego.com/img/65702085/20251206/i1764993920824_4359_0_7.jpg"",""https://xcimg.szwego.com/img/65702085/20251206/i1764993920702_2288_0_8.jpg""]"
_dwZrSNNCwtOv0XC9PXC5qrW3vlcIoFEQlPLpZkw;Moncler Пуховик;Стильный пуховик с комбинированными трикотажными рукавами. Модель выполнена из высококачественного нейлона с водоотталкивающими свойствами и блестящей фактурой. В качестве наполнителя используется 100% гусиный пух, обеспечивающий превосходную теплоизоляцию. Изделие отличается безупречным кроем, прочными швами и вниманием к деталям, включая качественную металлическую фурнитуру и аккуратную вышивку логотипа на рукаве. Модель прошла строгий контроль качества и испытания на износостойкость, сочетая в себе функциональность и премиальный дизайн.;0;hn1drp5rmss2i17;lrg3k8cd5bgw3jv;fpi3euz683wbrxq;Для мужчин;"[""https://xcimg.szwego.com/img/65702085/20251206/i1764993674537_68_0_0.jpg"",""https://xcimg.szwego.com/img/65702085/20251206/i1764993674438_5991_0_1.jpg"",""https://xcimg.szwego.com/img/65702085/20251206/i1764993674351_2550_0_2.jpg"",""https://xcimg.szwego.com/img/65702085/20251206/i1764993676128_3476_0_3.jpg"",""https://xcimg.szwego.com/img/65702085/20251206/i1764993676191_6356_0_4.jpg"",""https://xcimg.szwego.com/img/65702085/20251206/i1764993676162_3552_0_5.jpg"",""https://xcimg.szwego.com/img/65702085/20251206/i1764993674508_1558_0_6.jpg"",""https://xcimg.szwego.com/img/65702085/20251206/i1764993674505_8966_0_7.jpg"",""https://xcimg.szwego.com/img/65702085/20251206/i1764993676121_3165_0_8.jpg""]"
_dpPrSUiZfu1tdK3EUnwkFgAqnpZW2CzwGIVirrQ;Moncler Пуховик;Длинный приталенный пуховик с капюшоном. Модель выполнена из высококачественного матового нейлона. Изделие отличается точным кроем, обеспечивающим идеальную посадку по фигуре. Внутреннее наполнение распределено с использованием специализированной системы, гарантирующей равномерную плотность и объем пуха. \n\nДетали включают надежную фурнитуру, прошедшую многократные тесты на износостойкость, и функциональный капюшон с поддержкой формы. Манжеты и края обработаны с высокой точностью для обеспечения долговечности и эстетичного внешнего вида. Цвет: черный.;0;hn1drp5rmss2i17;lrg3k8cd5bgw3jv;fpi3euz683wbrxq;Для мужчин;"[""https://xcimg.szwego.com/img/65702085/20251203/i1764724841748_5030_0_0.jpg"",""https://xcimg.szwego.com/img/65702085/20251203/i1764724834238_5692_0_1.jpg"",""https://xcimg.szwego.com/img/65702085/20251203/i1764724834237_5821_0_2.jpg"",""https://xcimg.szwego.com/img/65702085/20251203/i1764724834238_651_0_3.jpg"",""https://xcimg.szwego.com/img/65702085/20251203/i1764724834238_2859_0_4.jpg"",""https://xcimg.szwego.com/img/65702085/20251203/i1764724834238_5287_0_5.jpg"",""https://xcimg.szwego.com/img/65702085/20251203/i1764724837883_8737_0_6.jpg"",""https://xcimg.szwego.com/img/65702085/20251203/i1764724838036_5860_0_7.jpg"",""https://xcimg.szwego.com/img/65702085/20251203/i1764724838009_5347_0_8.jpg""]"
_dN5rS1orZDyT6dLddIA7ms5q-pHpfkEntdUYpqg;Moncler Пуховик;Длинный приталенный пуховик с капюшоном. Модель выполнена из высококачественного матового нейлона. При производстве используются передовые технологии 3D-раскроя и автоматизированные системы наполнения пухом, обеспечивающие равномерное распределение утеплителя и высокую степень теплоизоляции. \n\nИзделие оснащено надежной фурнитурой, прошедшей многократные тесты на износостойкость. Капюшон сохраняет форму благодаря встроенным поддерживающим элементам, а пояс с металлической пряжкой подчеркивает силуэт. Качественная обработка швов и внимание к деталям гарантируют долговечность и комфорт в носке. Цвет: белый.;0;hn1drp5rmss2i17;lrg3k8cd5bgw3jv;fpi3euz683wbrxq;Для мужчин;"[""https://xcimg.szwego.com/img/65702085/20251130/i1764470402789_5566_0_0.jpg"",""https://xcimg.szwego.com/img/65702085/20251130/i1764470400220_8054_0_1.jpg"",""https://xcimg.szwego.com/img/65702085/20251130/i1764470400220_1293_0_2.jpg"",""https://xcimg.szwego.com/img/65702085/20251130/i1764470402813_4910_0_3.jpg"",""https://xcimg.szwego.com/img/65702085/20251130/i1764470402819_1863_0_5.jpg"",""https://xcimg.szwego.com/img/65702085/20251130/i1764470402839_4620_0_6.jpg"",""https://xcimg.szwego.com/img/65702085/20251130/i1764470400220_6706_0_7.jpg"",""https://xcimg.szwego.com/img/65702085/20251130/i1764470400220_1139_0_8.jpg"",""https://xcimg.szwego.com/img/65702085/20251130/i1764470407297_602_0_9.jpg""]"
_dtlrSjoyh2_PjiRnIgalHl_CTSnOOOeS2EmAaxg;Prada Пуховик;Длинный пуховик с капюшоном от Prada. Модель выполнена из смеси хлопка и переработанного нейлона с матовой текстурой. Изделие отличается высокой точностью кроя и качественной проработкой деталей. Внутреннее наполнение распределено по секциям для обеспечения равномерного объема и тепла. Модель дополнена фирменной металлической фурнитурой, надежной молнией с гравировкой бренда и регулируемой кулиской по нижнему краю. На груди расположен узнаваемый треугольный логотип. Цвет: белый.;0;xf3tgcf0uj7yrqf;lrg3k8cd5bgw3jv;fpi3euz683wbrxq;Для мужчин;"[""https://xcimg.szwego.com/img/65702085/20251130/i1764444824350_1997_0_0.jpg"",""https://xcimg.szwego.com/img/65702085/20251130/i1764444824416_2320_0_1.jpg"",""https://xcimg.szwego.com/img/65702085/20251130/i1764444826001_6235_0_2.jpg"",""https://xcimg.szwego.com/img/65702085/20251130/i1764444824237_1209_0_3.jpg"",""https://xcimg.szwego.com/img/65702085/20251130/i1764444826032_5839_0_4.jpg"",""https://xcimg.szwego.com/img/65702085/20251130/i1764444825933_2056_0_5.jpg"",""https://xcimg.szwego.com/img/65702085/20251130/i1764444824313_3992_0_6.jpg"",""https://xcimg.szwego.com/img/65702085/20251130/i1764444824275_8003_0_7.jpg"",""https://xcimg.szwego.com/img/65702085/20251130/i1764444825969_2868_0_8.jpg""]"
_dmwrSYPCVgd8Pu6gRkpVaCc57AOKQW55105ubtA;Prada Пуховик;Длинный пуховик с капюшоном от Prada. Модель выполнена из смеси хлопка и переработанного нейлона с матовой текстурой. Изделие отличается высокой точностью кроя и качественной проработкой деталей, включая функциональные карманы, плечевые швы и регулируемый капюшон. Внутреннее наполнение распределено по секциям для обеспечения равномерной плотности и теплоизоляции. Модель дополнена качественной фурнитурой, включая металлические кнопки и брендированную молнию с лазерной гравировкой. На груди расположен фирменный треугольный логотип. Нижняя часть оснащена системой кулисок для регулировки посадки. Цвет: темно-синий.;0;xf3tgcf0uj7yrqf;lrg3k8cd5bgw3jv;fpi3euz683wbrxq;Для мужчин;"[""https://xcimg.szwego.com/img/65702085/20251130/i1764445179865_3334_0_0.jpg"",""https://xcimg.szwego.com/img/65702085/20251130/i1764445182920_6967_0_1.jpg"",""https://xcimg.szwego.com/img/65702085/20251130/i1764445179724_4019_0_2.jpg"",""https://xcimg.szwego.com/img/65702085/20251130/i1764445179836_4710_0_3.jpg"",""https://xcimg.szwego.com/img/65702085/20251130/i1764445179654_6666_0_4.jpg"",""https://xcimg.szwego.com/img/65702085/20251130/i1764445179686_8590_0_5.jpg"",""https://xcimg.szwego.com/img/65702085/20251130/i1764445182871_5736_0_6.jpg"",""https://xcimg.szwego.com/img/65702085/20251130/i1764445182874_2152_0_7.jpg"",""https://xcimg.szwego.com/img/65702085/20251130/i1764445182871_205_0_8.jpg""]"
_daGrSnDLypDas5X82UzKXduWoihb8F7-s-3lCjA;Prada Пуховик;Женственный пуховик с капюшоном и акцентом на талии. Модель выполнена из высококачественного нейлона с плотным плетением, обеспечивающим долговечность и износостойкость материала. \n\nИзделие отличается продуманным кроем, который подчеркивает силуэт благодаря встроенному поясу. Внутреннее наполнение распределено по секциям для равномерного сохранения тепла. Пуховик оснащен качественной фурнитурой, включая надежную молнию и металлические элементы на поясе, прошедшие многократные тесты на прочность. Капюшон сохраняет свою форму благодаря специальной технологии обработки, обеспечивая комфорт и защиту в холодную погоду. Цвет: черный.;0;xf3tgcf0uj7yrqf;lrg3k8cd5bgw3jv;fpi3euz683wbrxq;Для женщин;"[""https://xcimg.szwego.com/img/65702085/20251130/i1764444218094_9821_0_0.jpg"",""https://xcimg.szwego.com/img/65702085/20251130/i1764444218041_8154_0_1.jpg"",""https://xcimg.szwego.com/img/65702085/20251130/i1764444218025_3839_0_2.jpg"",""https://xcimg.szwego.com/img/65702085/20251130/i1764444227982_9623_0_4.jpg"",""https://xcimg.szwego.com/img/65702085/20251130/i1764444227959_1845_0_5.jpg"",""https://xcimg.szwego.com/img/65702085/20251130/i1764444217961_9438_0_6.jpg"",""https://xcimg.szwego.com/img/65702085/20251130/i1764444228040_8634_0_7.jpg"",""https://xcimg.szwego.com/img/65702085/20251130/i1764444228030_1305_0_8.jpg"",""https://xcimg.szwego.com/img/65702085/20251130/i1764444228019_227_0_9.jpg""]"
_dwgrSjBFkijBmipdHQkqudkyaKMiyGOx_MKHgmA;Prada Пуховик;Приталенный пуховик от Prada. Модель выполнена из высококачественного нейлона с плотным плетением. Изделие отличается эргономичным кроем, обеспечивающим идеальную посадку по фигуре.\n\nОсобенности модели:\n- Равномерное распределение пухового наполнителя для оптимальной теплоизоляции.\n- Фирменный треугольный логотип Prada на груди, выполненный из эмалированного металла.\n- В комплекте идет кожаный пояс с надежной металлической фурнитурой.\n- Качественная фурнитура и аккуратная прострочка всех швов.\n- Цвет: черный.;0;xf3tgcf0uj7yrqf;lrg3k8cd5bgw3jv;fpi3euz683wbrxq;Для мужчин;"[""https://xcimg.szwego.com/img/65702085/20251130/i1764443775696_393_0_0.jpg"",""https://xcimg.szwego.com/img/65702085/20251130/i1764443777596_9856_0_8.jpg"",""https://xcimg.szwego.com/img/65702085/20251130/i1764443775635_9843_0_1.jpg"",""https://xcimg.szwego.com/img/65702085/20251130/i1764443777459_3085_0_2.jpg"",""https://xcimg.szwego.com/img/65702085/20251130/i1764443775724_2670_0_3.jpg"",""https://xcimg.szwego.com/img/65702085/20251130/i1764443775629_2583_0_4.jpg"",""https://xcimg.szwego.com/img/65702085/20251130/i1764443775671_7004_0_5.jpg"",""https://xcimg.szwego.com/img/65702085/20251130/i1764443777563_339_0_6.jpg"",""https://xcimg.szwego.com/img/65702085/20251130/i1764443777580_3024_0_7.jpg""]"
_dpPrSUiZfu1tdKHIXnwMGgQ2vqJ62CzwGIVirrQ;Prada Пуховик;Стильный приталенный пуховик от Prada. Модель выполнена из высококачественного нейлона с использованием передовых технологий производства. Изделие отличается точным кроем, обеспечивающим идеальную посадку по фигуре, и равномерным распределением наполнителя для максимальной теплоизоляции.\n\nДетали включают фирменный треугольный логотип Prada на груди, выполненный из эмалированного металла, и функциональный пояс с надежной металлической фурнитурой. Качественная прострочка и внимание к деталям гарантируют долговечность и комфорт в носке. Цвет: серый.;0;xf3tgcf0uj7yrqf;lrg3k8cd5bgw3jv;fpi3euz683wbrxq;Для мужчин;"[""https://xcimg.szwego.com/img/65702085/20251130/i1764443449615_5733_0_0.jpg"",""https://xcimg.szwego.com/img/65702085/20251130/i1764443447841_5603_0_1.jpg"",""https://xcimg.szwego.com/img/65702085/20251130/i1764443447789_3578_0_2.jpg"",""https://xcimg.szwego.com/img/65702085/20251130/i1764443449531_3264_0_3.jpg"",""https://xcimg.szwego.com/img/65702085/20251130/i1764443449505_1116_0_4.jpg"",""https://xcimg.szwego.com/img/65702085/20251130/i1764443447675_8625_0_5.jpg"",""https://xcimg.szwego.com/img/65702085/20251130/i1764443447581_337_0_6.jpg"",""https://xcimg.szwego.com/img/65702085/20251130/i1764443447746_219_0_7.jpg"",""https://xcimg.szwego.com/img/65702085/20251130/i1764443449551_9231_0_8.jpg""]"
_doArSkwup9VMnQtPM_QNMPFD3OqWAOmDOBtGNrw;Loewe Жилет;Стильный пуховый жилет от Loewe в цвете слоновой кости. Модель выполнена из высококачественного матового полиэстера с плотным плетением. Изделие отличается эргономичным кроем и безупречным качеством исполнения швов, обеспечивающим защиту от миграции пуха. Жилет оснащен воротником с меховой отделкой, надежной металлической фурнитурой RIRI и фирменной вышивкой бренда. Продуманная конструкция гарантирует сохранение формы даже при интенсивной носке.;0;v0xek8wss4meybg;lrg3k8cd5bgw3jv;by2wakpfcxtrd1s;Для мужчин;"[""https://xcimg.szwego.com/img/65702085/20251130/i1764442250599_2408_0_0.jpg"",""https://xcimg.szwego.com/img/65702085/20251130/i1764442250536_3340_0_1.jpg"",""https://xcimg.szwego.com/img/65702085/20251130/i1764442252714_2554_0_2.jpg"",""https://xcimg.szwego.com/img/65702085/20251130/i1764442252718_5148_0_3.jpg"",""https://xcimg.szwego.com/img/65702085/20251130/i1764442250103_2767_0_4.jpg"",""https://xcimg.szwego.com/img/65702085/20251130/i1764442250497_6649_0_5.jpg"",""https://xcimg.szwego.com/img/65702085/20251130/i1764442250238_4071_0_6.jpg"",""https://xcimg.szwego.com/img/65702085/20251130/i1764442252640_1354_0_7.jpg"",""https://xcimg.szwego.com/img/65702085/20251130/i1764442252778_7647_0_8.jpg""]"
_dnVrS4S6-zUurEq7Fm893kQK0k8XNBRhFlFIrGQ;Loewe Жилет;Стильный утепленный жилет от Loewe в цвете слоновой кости. Модель выполнена из высококачественного матового полиэстера с плотным плетением. Изделие отличается эргономичным кроем и безупречным качеством исполнения швов. Жилет оснащен качественной фурнитурой, включая надежную металлическую молнию RIRI и фирменную вышивку логотипа. Тщательно проработанные детали обеспечивают долговечность и сохранение формы изделия даже при интенсивном использовании.;0;v0xek8wss4meybg;lrg3k8cd5bgw3jv;by2wakpfcxtrd1s;Для мужчин;"[""https://xcimg.szwego.com/img/65702085/20251129/i1764393474235_351_0_0.jpg"",""https://xcimg.szwego.com/img/65702085/20251129/i1764393474235_2268_0_8.jpg"",""https://xcimg.szwego.com/img/65702085/20251129/i1764393474351_8194_0_1.jpg"",""https://xcimg.szwego.com/img/65702085/20251129/i1764393476435_5830_0_2.jpg"",""https://xcimg.szwego.com/img/65702085/20251129/i1764393476349_2499_0_3.jpg"",""https://xcimg.szwego.com/img/65702085/20251129/i1764393473980_4417_0_4.jpg"",""https://xcimg.szwego.com/img/65702085/20251129/i1764393474482_9895_0_5.jpg"",""https://xcimg.szwego.com/img/65702085/20251129/i1764393476348_8148_0_6.jpg"",""https://xcimg.szwego.com/img/65702085/20251129/i1764393476378_8836_0_7.jpg""]"
_dvqrSncK8DJKoMeF4PeLcZ5CbpeuePv_AurFxbg;Loewe Пуховик;Стильный пуховик от бренда Loewe. Модель выполнена из высококачественного смесового материала с матовой текстурой. Изделие отличается продуманным кроем, обеспечивающим идеальную посадку, и качественной фурнитурой. Предусмотрен меховой воротник, который гармонично дополняет дизайн. Пуховик прошел строгий контроль качества швов и наполнителя, что гарантирует отличные теплоизоляционные свойства и долговечность. Модель дополнена фирменной вышивкой и надежной металлической молнией. Цвет: белый.;0;v0xek8wss4meybg;lrg3k8cd5bgw3jv;fpi3euz683wbrxq;Для мужчин;"[""https://xcimg.szwego.com/img/65702085/20251129/i1764391932552_8366_0_0.jpg"",""https://xcimg.szwego.com/img/65702085/20251129/i1764391921901_2066_0_1.jpg"",""https://xcimg.szwego.com/img/65702085/20251129/i1764391921887_2200_0_2.jpg"",""https://xcimg.szwego.com/img/65702085/20251129/i1764391917850_5092_0_3.jpg"",""https://xcimg.szwego.com/img/65702085/20251129/i1764391917752_3991_0_4.jpg"",""https://xcimg.szwego.com/img/65702085/20251129/i1764391917423_279_0_5.jpg"",""https://xcimg.szwego.com/img/65702085/20251129/i1764391917890_7822_0_6.jpg"",""https://xcimg.szwego.com/img/65702085/20251129/i1764391922029_1640_0_7.jpg"",""https://xcimg.szwego.com/img/65702085/20251129/i1764391917575_4618_0_8.jpg""]"
_dnRrSrrhMv6KVywr2f7sSSNR5MRBeT3efxskFqw;Loewe Пуховик;Стильный пуховик от Loewe с меховым воротником. Модель выполнена из высококачественного смесового материала (60% хлопок, 40% нейлон) с матовой текстурой. Изделие отличается безупречным кроем и вниманием к деталям: точная подгонка швов, равномерное распределение пуха и высокая плотность набивки обеспечивают отличную теплоизоляцию.\n\nПуховик оснащен надежной фурнитурой, включая фирменную металлическую молнию YKK, прошедшую строгие тесты на прочность. Эластичные трикотажные манжеты обеспечивают идеальную посадку и сохранение формы. Модель украшена качественной вышивкой с логотипом бренда. Цвет: черный.;0;v0xek8wss4meybg;lrg3k8cd5bgw3jv;fpi3euz683wbrxq;Для мужчин;"[""https://xcimg.szwego.com/img/65702085/20251129/i1764391470437_6783_0_0.jpg"",""https://xcimg.szwego.com/img/65702085/20251129/i1764391473416_9535_0_1.jpg"",""https://xcimg.szwego.com/img/65702085/20251129/i1764391473603_3243_0_2.jpg"",""https://xcimg.szwego.com/img/65702085/20251129/i1764391473609_8183_0_4.jpg"",""https://xcimg.szwego.com/img/65702085/20251129/i1764391470253_6883_0_5.jpg"",""https://xcimg.szwego.com/img/65702085/20251129/i1764391473213_7022_0_6.jpg"",""https://xcimg.szwego.com/img/65702085/20251129/i1764391473487_3182_0_7.jpg"",""https://xcimg.szwego.com/img/65702085/20251129/i1764391470631_4211_0_8.jpg"",""https://xcimg.szwego.com/img/65702085/20251129/i1764391470543_8770_0_9.jpg""]"
_d3orSYYKw2OjCvrtwcsM9Ja9I8zRSqRZrJSPV1g;Fendi Пуховик;Стильный пуховик от Fendi, выполненный из высококачественного матового полиэстера с фирменным жаккардовым узором FF. Модель отличается продуманным кроем, обеспечивающим идеальную посадку и эргономичность. Изделие оснащено качественным утеплителем, равномерно распределенным по секциям для максимальной теплоизоляции и сохранения объема. Прочная фурнитура, включая металлические кнопки, прошла строгие испытания на износостойкость. Качественная обработка швов гарантирует защиту от продувания и предотвращает миграцию пуха. Модель дополнена меховым воротником, придающим образу элегантность и завершенность. Цвет: белый.;0;kxb3v0730w6mnyn;lrg3k8cd5bgw3jv;fpi3euz683wbrxq;Для мужчин;"[""https://xcimg.szwego.com/img/65702085/20251129/i1764390423560_9354_0_0.jpg"",""https://xcimg.szwego.com/img/65702085/20251129/i1764390420046_1842_0_1.jpg"",""https://xcimg.szwego.com/img/65702085/20251129/i1764390419971_6746_0_2.jpg"",""https://xcimg.szwego.com/img/65702085/20251129/i1764390420177_1442_0_3.jpg"",""https://xcimg.szwego.com/img/65702085/20251129/i1764390423642_821_0_4.jpg"",""https://xcimg.szwego.com/img/65702085/20251129/i1764390420283_8164_0_5.jpg"",""https://xcimg.szwego.com/img/65702085/20251129/i1764390420402_5631_0_6.jpg"",""https://xcimg.szwego.com/img/65702085/20251129/i1764390423020_9806_0_7.jpg"",""https://xcimg.szwego.com/img/65702085/20251129/i1764390423618_3093_0_8.jpg""]"
_dsGrSTifGlCIH3pFIMkxds-mqMVkXMjyMdQCeSQ;Fendi Пуховик;Мужской пуховик Fendi с меховым воротником. Модель выполнена из высококачественного матового полиэстера с фирменным жаккардовым узором FF. Изделие отличается точным кроем и использованием передовых технологий производства, обеспечивающих равномерное распределение пуха и высокую плотность швов, предотвращающих его выпадение. Фурнитура выполнена из прочного металла, прошедшего многократные тесты на износостойкость. Цвет: темно-коричневый.;0;kxb3v0730w6mnyn;lrg3k8cd5bgw3jv;fpi3euz683wbrxq;Для мужчин;"[""https://xcimg.szwego.com/img/65702085/20251129/i1764390082685_7835_0_0.jpg"",""https://xcimg.szwego.com/img/65702085/20251129/i1764390079475_9764_0_1.jpg"",""https://xcimg.szwego.com/img/65702085/20251129/i1764390082626_6659_0_2.jpg"",""https://xcimg.szwego.com/img/65702085/20251129/i1764390079474_1967_0_3.jpg"",""https://xcimg.szwego.com/img/65702085/20251129/i1764390079474_3965_0_4.jpg"",""https://xcimg.szwego.com/img/65702085/20251129/i1764390082556_1112_0_5.jpg"",""https://xcimg.szwego.com/img/65702085/20251129/i1764390079475_9452_0_6.jpg"",""https://xcimg.szwego.com/img/65702085/20251129/i1764390079474_5271_0_7.jpg"",""https://xcimg.szwego.com/img/65702085/20251129/i1764390082475_3044_0_8.jpg""]"
_dqprSFGdbPbAUSecY2ua5dsAl2lgocC3OLCno_Q;Louis Vuitton Пуховик;Мужской пуховик от Louis Vuitton, выполненный в технике пэчворк. Основной материал представляет собой сочетание 99% шерсти и 1% шелка, дополненное вставками из 100% нейлона. Модель отличается сложным кроем и использованием высокотехнологичных систем наполнения пухом, обеспечивающих равномерное распределение и высокую степень теплоизоляции.\n\nИзделие дополнено фирменным декором Monogram, выполненным с высокой точностью. Капюшон имеет подкладку с жаккардовым узором Monogram и оснащен функциональной системой затяжек. Манжеты выполнены с использованием технологии высокотемпературной фиксации для сохранения формы. Цвет модели: черный.;0;977uh954t91spxq;lrg3k8cd5bgw3jv;fpi3euz683wbrxq;Для мужчин;"[""https://xcimg.szwego.com/img/65702085/20251129/i1764383632117_8098_0_0.jpg"",""https://xcimg.szwego.com/img/65702085/20251129/i1764383630043_6269_0_1.jpg"",""https://xcimg.szwego.com/img/65702085/20251129/i1764383632217_6569_0_2.jpg"",""https://xcimg.szwego.com/img/65702085/20251129/i1764383629738_8268_0_3.jpg"",""https://xcimg.szwego.com/img/65702085/20251129/i1764383629966_4383_0_4.jpg"",""https://xcimg.szwego.com/img/65702085/20251129/i1764383629851_3922_0_5.jpg"",""https://xcimg.szwego.com/img/65702085/20251129/i1764383629439_2107_0_6.jpg"",""https://xcimg.szwego.com/img/65702085/20251129/i1764383632001_2560_0_7.jpg"",""https://xcimg.szwego.com/img/65702085/20251129/i1764383643415_3638_0_8.jpg""]"
_du7rS1luGYNCvQ9D3iOJkl7KckuJ0-wIA16PqGw;Louis Vuitton Пуховик;Стильный пуховик от Louis Vuitton, выполненный из комбинации высококачественных материалов: 99% шерсти и 1% шелка в сочетании с 100% нейлоном. Модель отличается сложной технологией кроя и точной проработкой деталей. Изделие оснащено системой зонального наполнения пухом для обеспечения равномерного распределения тепла и оптимальной плотности. \n\nОсобенности модели включают фирменный декор Monogram, выполненный с высокой точностью, и качественную фурнитуру с гравировкой. Внутренняя подкладка украшена жаккардовым узором Monogram. Капюшон и манжеты проработаны с использованием современных технологий фиксации формы и бесшовного соединения. Цвет: светло-бежевый.;0;977uh954t91spxq;lrg3k8cd5bgw3jv;fpi3euz683wbrxq;Для мужчин;"[""https://xcimg.szwego.com/img/65702085/20251129/i1764382807037_2556_0_0.jpg"",""https://xcimg.szwego.com/img/65702085/20251129/i1764382808886_2279_0_1.jpg"",""https://xcimg.szwego.com/img/65702085/20251129/i1764382806713_5044_0_2.jpg"",""https://xcimg.szwego.com/img/65702085/20251129/i1764382826107_1274_0_8.jpg"",""https://xcimg.szwego.com/img/65702085/20251129/i1764382806724_8347_0_3.jpg"",""https://xcimg.szwego.com/img/65702085/20251129/i1764382806765_2437_0_4.jpg"",""https://xcimg.szwego.com/img/65702085/20251129/i1764382808911_8888_0_5.jpg"",""https://xcimg.szwego.com/img/65702085/20251129/i1764382805550_6587_0_6.jpg"",""https://xcimg.szwego.com/img/65702085/20251129/i1764382826137_8902_0_7.jpg""]"
_deNrSsCepgqRVNj6IXWZ4-nY-g5XjlJMlrAuyHQ;Celine Пуховик;Стильный пуховик от Celine, выполненный из высококачественного матового нейлона. Модель отличается точным кроем и продуманной конструкцией с использованием 3D-технологий для идеальной посадки.\n\nОсобенности модели:\n- Утеплитель распределен по специальным секциям для равномерного объема и сохранения тепла.\n- Воротник-стойка выполнен из смесовой шерсти для дополнительного комфорта.\n- Фирменная фурнитура с логотипом Triomphe, прошедшая многократные тесты на износостойкость.\n- Вышивка логотипа на груди выполнена с высокой точностью.\n- Регулируемая кулиска на талии и эластичные манжеты обеспечивают оптимальную посадку.\n- Цвет: бежевый.;0;e89n7qtko2kop8t;lrg3k8cd5bgw3jv;fpi3euz683wbrxq;Для мужчин;"[""https://xcimg.szwego.com/img/65702085/20251129/i1764380647038_931_0_0.jpg"",""https://xcimg.szwego.com/img/65702085/20251129/i1764380646954_5216_0_1.jpg"",""https://xcimg.szwego.com/img/65702085/20251129/i1764380632701_1539_0_2.jpg"",""https://xcimg.szwego.com/img/65702085/20251129/i1764380632377_4185_0_3.jpg"",""https://xcimg.szwego.com/img/65702085/20251129/i1764380632231_4361_0_4.jpg"",""https://xcimg.szwego.com/img/65702085/20251129/i1764380632644_7397_0_5.jpg"",""https://xcimg.szwego.com/img/65702085/20251129/i1764380646746_8449_0_6.jpg"",""https://xcimg.szwego.com/img/65702085/20251129/i1764380632747_3156_0_7.jpg"",""https://xcimg.szwego.com/img/65702085/20251129/i1764380646733_3008_0_8.jpg""]"
_dyKrShVeKT3g6kyZrJ7itTXtUyllpsnNXX3fxLA;Celine Пуховик;Стильный пуховик от Celine, выполненный из высококачественного матового нейлона. Модель отличается точным кроем, обеспечивающим идеальную посадку, и использованием передовых технологий наполнения для равномерного распределения пуха и сохранения тепла.\n\nДетали включают:\n- Фирменная вышивка с логотипом на груди.\n- Воротник-стойка из шерстяного трикотажа для дополнительного комфорта.\n- Надежная фурнитура с гравировкой логотипа, прошедшая многократные тесты на износостойкость.\n- Регулируемая система затяжки на поясе и эластичные манжеты.\n- Цвет: темно-коричневый.;0;e89n7qtko2kop8t;lrg3k8cd5bgw3jv;fpi3euz683wbrxq;Для мужчин;"[""https://xcimg.szwego.com/img/65702085/20251129/i1764380036460_8076_0_0.jpg"",""https://xcimg.szwego.com/img/65702085/20251129/i1764380030107_4873_0_1.jpg"",""https://xcimg.szwego.com/img/65702085/20251129/i1764380032350_3106_0_2.jpg"",""https://xcimg.szwego.com/img/65702085/20251129/i1764380032627_3270_0_3.jpg"",""https://xcimg.szwego.com/img/65702085/20251129/i1764380031577_3317_0_4.jpg"",""https://xcimg.szwego.com/img/65702085/20251129/i1764380029808_9749_0_5.jpg"",""https://xcimg.szwego.com/img/65702085/20251129/i1764380029063_2231_0_6.jpg"",""https://xcimg.szwego.com/img/65702085/20251129/i1764380032441_8740_0_7.jpg"",""https://xcimg.szwego.com/img/65702085/20251129/i1764380032453_6270_0_8.jpg""]"
_deOrSb7bouxJzQuT6fdIK2ua7dspM7i3WM9MpUw;Celine Жилет;Стильный стеганый жилет с воротником-стойкой от Celine. Модель выполнена из высококачественного нейлона с характерным премиальным блеском и износостойкостью. Изделие отличается точным кроем и продуманной эргономикой, обеспечивающей идеальную посадку.\n\nЖилет оснащен качественным наполнителем, распределенным по специальным секциям для равномерного сохранения тепла и объема. Модель дополнена фирменной металлической фурнитурой с гравировкой бренда и аккуратной вышивкой логотипа на кармане. Внутренняя подкладка выполнена из приятного на ощупь материала, обеспечивающего дополнительный комфорт. Цвет: хаки.;0;e89n7qtko2kop8t;lrg3k8cd5bgw3jv;by2wakpfcxtrd1s;Для мужчин;"[""https://xcimg.szwego.com/img/65702085/20251129/i1764379282120_7721_0_0.jpg"",""https://xcimg.szwego.com/img/65702085/20251129/i1764379289717_5857_0_1.jpg"",""https://xcimg.szwego.com/img/65702085/20251129/i1764379336372_2615_0_2.jpg"",""https://xcimg.szwego.com/img/65702085/20251129/i1764379289823_9509_0_3.jpg"",""https://xcimg.szwego.com/img/65702085/20251129/i1764379289528_1828_0_4.jpg"",""https://xcimg.szwego.com/img/65702085/20251129/i1764379282291_3301_0_5.jpg"",""https://xcimg.szwego.com/img/65702085/20251129/i1764379282095_7425_0_6.jpg"",""https://xcimg.szwego.com/img/65702085/20251129/i1764379289440_8329_0_7.jpg"",""https://xcimg.szwego.com/img/65702085/20251129/i1764379289646_2470_0_8.jpg""]"
_dxgrSInQ9_PdydvOh7C2QU16b6sfNvlpZWfD7tw;Celine Жилет;Стильный мужской жилет от Celine. Модель выполнена из высококачественного нейлона с отличной цветопередачей и прочностью материала. Точный крой обеспечивает идеальную посадку по фигуре. Наполнитель распределен равномерно, что гарантирует оптимальную теплоизоляцию и объем. \n\nНа груди расположена фирменная вышивка логотипа Celine, выполненная с высокой детализацией. Воротник из качественного трикотажа мягкий на ощупь и хорошо держит форму. Цвет изделия: черный.;0;e89n7qtko2kop8t;lrg3k8cd5bgw3jv;by2wakpfcxtrd1s;Для мужчин;"[""https://xcimg.szwego.com/img/6c7a535f/20251127/i1764176768210_1713_0_0.jpg"",""https://xcimg.szwego.com/img/6c7a535f/20251127/i1764176766637_7304_0_1.jpg"",""https://xcimg.szwego.com/img/6c7a535f/20251127/i1764176766611_3154_0_2.jpg"",""https://xcimg.szwego.com/img/6c7a535f/20251127/i1764176768274_6360_0_3.jpg"",""https://xcimg.szwego.com/img/6c7a535f/20251127/i1764176768270_987_0_4.jpg"",""https://xcimg.szwego.com/img/6c7a535f/20251127/i1764176766641_3881_0_5.jpg"",""https://xcimg.szwego.com/img/6c7a535f/20251127/i1764176766685_3685_0_6.jpg"",""https://xcimg.szwego.com/img/6c7a535f/20251127/i1764176768215_4361_0_7.jpg"",""https://xcimg.szwego.com/img/6c7a535f/20251127/i1764176766561_127_0_8.jpg""]"
_dujrSNXUkPA9lpKRTu0RaH1jlbiJXW4_jS3l3-A;Celine Жилет;Стильный мужской жилет от Celine. Модель выполнена из высококачественного нейлона с отличной цветопередачей и прочностью. Точный крой обеспечивает идеальную посадку по фигуре. Наполнитель распределен равномерно, что гарантирует отличную теплоизоляцию и объем. На груди расположена фирменная вышивка бренда, выполненная с высокой детализацией. Воротник из качественного трикотажа мягкий и хорошо держит форму. Цвет: коричневый.;0;e89n7qtko2kop8t;lrg3k8cd5bgw3jv;by2wakpfcxtrd1s;Для мужчин;"[""https://xcimg.szwego.com/img/6c7a535f/20251127/i1764176678273_54_0_0.jpg"",""https://xcimg.szwego.com/img/6c7a535f/20251127/i1764176677039_2531_0_1.jpg"",""https://xcimg.szwego.com/img/6c7a535f/20251127/i1764176676889_1037_0_2.jpg"",""https://xcimg.szwego.com/img/6c7a535f/20251127/i1764176677043_3200_0_3.jpg"",""https://xcimg.szwego.com/img/6c7a535f/20251127/i1764176676999_9725_0_4.jpg"",""https://xcimg.szwego.com/img/6c7a535f/20251127/i1764176678302_8802_0_5.jpg"",""https://xcimg.szwego.com/img/6c7a535f/20251127/i1764176677014_3837_0_6.jpg"",""https://xcimg.szwego.com/img/6c7a535f/20251127/i1764176678256_214_0_7.jpg"",""https://xcimg.szwego.com/img/6c7a535f/20251127/i1764176678216_8733_0_8.jpg""]"
_d8mrSbUgpHR7FRhQREkWG9KFGWoJOt08Gsc6kUw;Celine Жилет;Стильный жилет от Celine выполнен из высококачественного нейлона с отличной цветопередачей и прочной текстурой. Модель отличается безупречным кроем и равномерным наполнением пухом, что обеспечивает оптимальную теплоизоляцию и объем. Профессиональная обработка швов гарантирует долговечность изделия. На груди расположена фирменная вышивка бренда, выполненная с высокой точностью. Воротник из качественного трикотажа мягкий на ощупь и хорошо держит форму. Цвет: бежевый.;0;e89n7qtko2kop8t;lrg3k8cd5bgw3jv;by2wakpfcxtrd1s;Для мужчин;"[""https://xcimg.szwego.com/img/6c7a535f/20251127/i1764176594753_879_0_0.jpg"",""https://xcimg.szwego.com/img/6c7a535f/20251127/i1764176595698_2683_0_1.jpg"",""https://xcimg.szwego.com/img/6c7a535f/20251127/i1764176594763_6145_0_2.jpg"",""https://xcimg.szwego.com/img/6c7a535f/20251127/i1764176594604_2348_0_3.jpg"",""https://xcimg.szwego.com/img/6c7a535f/20251127/i1764176594556_6203_0_4.jpg"",""https://xcimg.szwego.com/img/6c7a535f/20251127/i1764176594733_739_0_5.jpg"",""https://xcimg.szwego.com/img/6c7a535f/20251127/i1764176595704_2771_0_6.jpg"",""https://xcimg.szwego.com/img/6c7a535f/20251127/i1764176595590_5991_0_7.jpg"",""https://xcimg.szwego.com/img/6c7a535f/20251127/i1764176595679_482_0_8.jpg""]"
_d-2rS9ZvOlLHluQ3-5HxwE_WByr08FHhGmEQPBg;Celine Жилет;Стильный мужской жилет с воротником-стойкой от Celine. Модель выполнена из высококачественного нейлона с характерным глянцевым блеском. Изделие отличается продуманным кроем, обеспечивающим идеальную посадку по фигуре, и качественной простежкой, гарантирующей равномерное распределение наполнителя.\n\nЖилет оснащен надежной фурнитурой с гравировкой бренда и функциональными карманами с аккуратной вышивкой логотипа. Внутренняя подкладка выполнена из приятного на ощупь материала. Модель в классическом черном цвете станет отличным дополнением к повседневному гардеробу.;0;e89n7qtko2kop8t;lrg3k8cd5bgw3jv;by2wakpfcxtrd1s;Для мужчин;"[""https://xcimg.szwego.com/img/65702085/20251128/i1764292986156_4965_0_0.jpg"",""https://xcimg.szwego.com/img/65702085/20251128/i1764292986104_5754_0_1.jpg"",""https://xcimg.szwego.com/img/65702085/20251128/i1764292981714_488_0_2.jpg"",""https://xcimg.szwego.com/img/65702085/20251128/i1764292981717_1937_0_3.jpg"",""https://xcimg.szwego.com/img/65702085/20251128/i1764292981471_694_0_4.jpg"",""https://xcimg.szwego.com/img/65702085/20251128/i1764292985632_3016_0_5.jpg"",""https://xcimg.szwego.com/img/65702085/20251128/i1764292981640_4179_0_6.jpg"",""https://xcimg.szwego.com/img/65702085/20251128/i1764292985867_194_0_7.jpg"",""https://xcimg.szwego.com/img/65702085/20251128/i1764292981619_3978_0_8.jpg""]"
_dknrSfvGSffChSdfBnQU1mIHrlO9q4i7OUbwvaQ;Miu Miu Куртка;Стильная куртка с капюшоном от Miu Miu. Модель выполнена из высококачественного шерстяного смесового материала с выраженной текстурой. Внутренняя часть капюшона отделана мягким материалом, имитирующим овчину, что обеспечивает дополнительный комфорт и тепло.\n\nНа груди расположена объемная вышивка с логотипом бренда. Куртка оснащена брендированной фурнитурой, а манжеты выполнены из эластичного трикотажа для идеальной посадки. Изделие отличается вниманием к деталям, качественными швами и долговечностью материалов. Цвет: серый.;0;cn386fag2q87srw;lrg3k8cd5bgw3jv;f2gdh71ajulp1ti;Для мужчин;"[""https://xcimg.szwego.com/img/65702085/20251128/i1764291838781_7921_0_0.jpg"",""https://xcimg.szwego.com/img/65702085/20251128/i1764291838778_6215_0_1.jpg"",""https://xcimg.szwego.com/img/65702085/20251128/i1764291836497_2490_0_2.jpg"",""https://xcimg.szwego.com/img/65702085/20251128/i1764291838682_9315_0_3.jpg"",""https://xcimg.szwego.com/img/65702085/20251128/i1764291836450_1404_0_4.jpg"",""https://xcimg.szwego.com/img/65702085/20251128/i1764291836211_3761_0_5.jpg"",""https://xcimg.szwego.com/img/65702085/20251128/i1764291836443_5091_0_6.jpg"",""https://xcimg.szwego.com/img/65702085/20251128/i1764291838766_3302_0_7.jpg"",""https://xcimg.szwego.com/img/65702085/20251128/i1764291838319_5393_0_8.jpg""]"
_dinrSg66SYTg4thoVGDHLsd_dcPZp_P0Lpq8Zbg;Moncler Пуховик;Эта стеганая куртка-пуховик выполнена из высокоплотной ветрозащитной ткани с наполнителем из 90% белого гусиного пуха, обеспечивающего превосходную теплоизоляцию. Ромбовидная стежка создает выразительный визуальный объем и надежно удерживает наполнитель, сохраняя тепло в течение долгого времени.\n\nДетали изделия подчеркивают мастерство бренда: фирменный патч на рукаве служит изысканным акцентом, а крой рукавов обеспечивает свободу движений. Классический логотип на корпусе подчеркивает премиальное происхождение модели. Качественная металлическая фурнитура отличается долговечностью и безупречным исполнением.;0;hn1drp5rmss2i17;lrg3k8cd5bgw3jv;fpi3euz683wbrxq;Для мужчин;"[""https://xcimg.szwego.com/img/65702085/20251021/i1760978992_8087_8.jpg"",""https://xcimg.szwego.com/img/65702085/20251021/i1760978991_7151_5.jpg"",""https://xcimg.szwego.com/img/65702085/20251021/i1760978991_9509_0.jpg"",""https://xcimg.szwego.com/img/65702085/20251021/i1760978992_4662_6.jpg"",""https://xcimg.szwego.com/img/65702085/20251021/i1760978992_4979_9.jpg"",""https://xcimg.szwego.com/img/65702085/20251021/i1760978992_9407_11.jpg"",""https://xcimg.szwego.com/img/65702085/20251021/i1760978991_7041_3.jpg"",""https://xcimg.szwego.com/img/65702085/20251021/i1760978992_7143_10.jpg"",""https://xcimg.szwego.com/img/65702085/20251021/i1760978992_9046_7.jpg""]"
_dodrS1-jrHue49ABsm7oF20i58shU14bDmOz24w;Moncler Пуховик;Длинный пуховик с капюшоном от Moncler. Модель выполнена из высококачественного матового нейлона с плотным плетением, обеспечивающим мягкий блеск и высокую износостойкость. При создании изделия использовались передовые технологии кроя, гарантирующие идеальную посадку по фигуре.\n\nВ качестве наполнителя используется отборный пух, равномерно распределенный по независимым стеганым секциям в условиях контролируемой температуры, что обеспечивает исключительную теплоизоляцию и предотвращает сбивание наполнителя. \n\nДетали включают:\n- Профессионально отформованный капюшон с внутренней поддержкой для сохранения формы.\n- Качественную фурнитуру с плавным ходом молнии.\n- Фирменный логотип Moncler на рукаве, выполненный методом высокоточной вышивки.\n- Эластичные манжеты для дополнительной защиты от холода.\n- Ровные и аккуратные строчки, соответствующие высоким стандартам качества.\n\nЦвет: черный.;0;hn1drp5rmss2i17;lrg3k8cd5bgw3jv;fpi3euz683wbrxq;Для мужчин;"[""https://xcimg.szwego.com/img/65702085/20251226/i1766687217082_2509_0_0.jpg"",""https://xcimg.szwego.com/img/65702085/20251226/i1766687214198_7900_0_1.jpg"",""https://xcimg.szwego.com/img/65702085/20251226/i1766687217029_4599_0_2.jpg"",""https://xcimg.szwego.com/img/65702085/20251226/i1766687214009_4010_0_3.jpg"",""https://xcimg.szwego.com/img/65702085/20251226/i1766687214161_2944_0_4.jpg"",""https://xcimg.szwego.com/img/65702085/20251226/i1766687216903_2614_0_5.jpg"",""https://xcimg.szwego.com/img/65702085/20251226/i1766687214201_6375_0_6.jpg"",""https://xcimg.szwego.com/img/65702085/20251226/i1766687213942_3008_0_7.jpg"",""https://xcimg.szwego.com/img/65702085/20251226/i1766687216964_8440_0_8.jpg""]"
_duGrSomG1ZvgdP1L54kHBWyjXWSwxWF3YeYTtMw;Prada Пуховик;Короткий пуховик Prada, выполненный из фирменного высокоплотного переработанного нейлона Re-Nylon. Материал обладает премиальным блеском, высокой износостойкостью и экологичностью.\n\nМодель создана с использованием 3D-технологий кроя, обеспечивающих идеальную посадку по фигуре. Равномерное распределение пухового наполнителя достигается благодаря автоматизированной системе контроля плотности и температуры. Каждая деталь, включая стеганые швы, выполнена с высокой точностью.\n\nИзделие дополнено качественной металлической фурнитурой и фирменным треугольным логотипом Prada на груди, закрепленным с помощью высокоточного оборудования. Нижний край оснащен регулируемой системой кулиски для комфортной посадки. Цвет: белый.;0;xf3tgcf0uj7yrqf;lrg3k8cd5bgw3jv;fpi3euz683wbrxq;Для мужчин;"[""https://xcimg.szwego.com/img/65702085/20251128/i1764291610935_5999_0_0.jpg"",""https://xcimg.szwego.com/img/65702085/20251128/i1764291610995_1429_0_1.jpg"",""https://xcimg.szwego.com/img/65702085/20251128/i1764291609054_864_0_2.jpg"",""https://xcimg.szwego.com/img/65702085/20251128/i1764291611008_4641_0_3.jpg"",""https://xcimg.szwego.com/img/65702085/20251128/i1764291608964_5513_0_4.jpg"",""https://xcimg.szwego.com/img/65702085/20251128/i1764291610975_7181_0_5.jpg"",""https://xcimg.szwego.com/img/65702085/20251128/i1764291608840_516_0_6.jpg"",""https://xcimg.szwego.com/img/65702085/20251128/i1764291609067_7435_0_7.jpg"",""https://xcimg.szwego.com/img/65702085/20251128/i1764291609072_3548_0_8.jpg""]"
_djHrSzW3J4KmFB4LWFKe8P-w2FhgG_AUzrPbo7Q;Prada Пуховик;Короткий пуховик Prada, выполненный из фирменного высокоплотного переработанного нейлона Re-Nylon. Материал обладает премиальным блеском, высокой износостойкостью и экологичностью.\n\nМодель создана с использованием 3D-технологий кроя, обеспечивающих идеальную посадку по фигуре. Равномерное распределение пухового наполнителя достигается за счет автоматизированной системы контроля плотности, что гарантирует легкость и теплоизоляцию изделия.\n\nДетали включают качественную металлическую фурнитуру, фирменный треугольный логотип Prada на груди, закрепленный с высокой точностью, и регулируемую систему затяжки по нижнему краю. Изделие прошло многоступенчатый контроль качества, подтверждающий безупречность каждой строчки и элемента отделки.\n\nЦвет: черный.;0;xf3tgcf0uj7yrqf;lrg3k8cd5bgw3jv;fpi3euz683wbrxq;Для мужчин;"[""https://xcimg.szwego.com/img/65702085/20251128/i1764291410526_7130_0_0.jpg"",""https://xcimg.szwego.com/img/65702085/20251128/i1764291407725_3133_0_1.jpg"",""https://xcimg.szwego.com/img/65702085/20251128/i1764291407725_8531_0_2.jpg"",""https://xcimg.szwego.com/img/65702085/20251128/i1764291407726_6476_0_4.jpg"",""https://xcimg.szwego.com/img/65702085/20251128/i1764291407726_1445_0_5.jpg"",""https://xcimg.szwego.com/img/65702085/20251128/i1764291410472_1_0_6.jpg"",""https://xcimg.szwego.com/img/65702085/20251128/i1764291410467_4150_0_7.jpg"",""https://xcimg.szwego.com/img/65702085/20251128/i1764291410547_606_0_8.jpg"",""https://xcimg.szwego.com/img/65702085/20251128/i1764291407725_1979_0_9.jpg""]"
_dJBrStiREq0pmhwyzq97ggU0f51fnlJAdlQx2RA;Moncler Пуховик;Эта стеганая куртка-пуховик выполнена из высокоплотной ветрозащитной ткани с наполнителем из 90% белого гусиного пуха высокой степени очистки, создающим систему терморегуляции. Стеганый узор в форме ромбов не только придает изделию выразительную визуальную текстуру, но и надежно фиксирует наполнитель, обеспечивая долговечное тепло.\n\nДетали подчеркивают мастерство исполнения: фирменный патч на рукаве служит изысканным акцентом, а крой рукавов обеспечивает свободу движений при сохранении четкого силуэта. Классический логотип бренда на корпусе подчеркивает премиальное происхождение модели. Качественная металлическая фурнитура завершает образ, обеспечивая надежность и эстетическое совершенство каждой детали. Цвет: серый.;0;hn1drp5rmss2i17;lrg3k8cd5bgw3jv;fpi3euz683wbrxq;Для мужчин;"[""https://xcimg.szwego.com/img/65702085/20251021/i1760978624_9402_1.jpg"",""https://xcimg.szwego.com/img/65702085/20251021/i1760978625_3808_10.jpg"",""https://xcimg.szwego.com/img/65702085/20251021/i1760978624_3588_6.jpg"",""https://xcimg.szwego.com/img/65702085/20251021/i1760978625_2026_7.jpg"",""https://xcimg.szwego.com/img/65702085/20251021/i1760978624_840_5.jpg"",""https://xcimg.szwego.com/img/65702085/20251021/i1760978624_9269_3.jpg"",""https://xcimg.szwego.com/img/65702085/20251021/i1760978624_7630_4.jpg"",""https://xcimg.szwego.com/img/65702085/20251021/i1760978624_8915_0.jpg"",""https://xcimg.szwego.com/img/65702085/20251021/i1760978625_1771_9.jpg""]"
_d7HrSBOf8vr_Hp-yt-TLbqOhXfoInPnmOgBeRLg;Moncler Пуховик;Эта модель пуховика от Moncler представляет собой сочетание стиля и функциональности для холодного времени года. Изделие выполнено из высококачественного ветрозащитного материала с наполнителем из белого гусиного пуха, обеспечивающего превосходную теплоизоляцию.\n\nОсобенностью дизайна является съемный капюшон контрастного цвета, который позволяет легко менять образ, переключаясь между стилем с воротником-стойкой и классическим вариантом с капюшоном. Объемные накладные карманы добавляют практичности и выразительности, а фирменная вышивка с логотипом бренда подчеркивает статус изделия. Качественная металлическая фурнитура завершает премиальный облик модели. Идеально подходит как для городских прогулок, так и для повседневных выходов в зимний период.;0;hn1drp5rmss2i17;lrg3k8cd5bgw3jv;fpi3euz683wbrxq;Для мужчин;"[""https://xcimg.szwego.com/img/65702085/20251020/i1760891908_5716_4.jpg"",""https://xcimg.szwego.com/img/65702085/20251020/i1760891908_8528_5.jpg"",""https://xcimg.szwego.com/img/65702085/20251020/i1760891908_555_0.jpg"",""https://xcimg.szwego.com/img/65702085/20251020/i1760891915_4397_0.jpg"",""https://xcimg.szwego.com/img/65702085/20251020/i1760891908_7083_1.jpg"",""https://xcimg.szwego.com/img/65702085/20251020/i1760891908_3891_3.jpg"",""https://xcimg.szwego.com/img/65702085/20251020/i1760891908_8955_6.jpg"",""https://xcimg.szwego.com/img/65702085/20251020/i1760891909_752_7.jpg"",""https://xcimg.szwego.com/img/65702085/20251020/i1760891908_6144_2.jpg""]"
_doRrSKqsCqT5O4SE_ZI2vH-R5blOy3kxN42j0QA;Moncler Пуховик;Эта модель пуховика с отстегивающимся капюшоном представляет собой сочетание тепла и стиля. Изделие выполнено из плотной ветрозащитной ткани с наполнителем из белого гусиного пуха, обеспечивающим превосходную теплоизоляцию.\n\nДизайн отличается контрастными деталями и функциональностью: капюшон можно легко отстегнуть, сменив образ на модель с воротником-стойкой. Объемные накладные карманы придают изделию выразительный вид, а вышитый логотип бренда подчеркивает статусность. Качественная металлическая фурнитура завершает премиальный облик модели, делая ее идеальным выбором как для городских будней, так и для отдыха.;0;hn1drp5rmss2i17;lrg3k8cd5bgw3jv;fpi3euz683wbrxq;Для мужчин;"[""https://xcimg.szwego.com/img/65702085/20251020/i1760891957_9438_1.jpg"",""https://xcimg.szwego.com/img/65702085/20251020/i1760891958_439_5.jpg"",""https://xcimg.szwego.com/img/65702085/20251020/i1760891958_1557_4.jpg"",""https://xcimg.szwego.com/img/65702085/20251020/i1760891958_4668_7.jpg"",""https://xcimg.szwego.com/img/65702085/20251020/i1760891958_4746_9.jpg"",""https://xcimg.szwego.com/img/65702085/20251020/i1760891958_9374_10.jpg"",""https://xcimg.szwego.com/img/65702085/20251020/i1760891958_6435_2.jpg"",""https://xcimg.szwego.com/img/65702085/20251020/i1760891957_8749_0.jpg"",""https://xcimg.szwego.com/img/65702085/20251020/i1760891958_9418_6.jpg""]"
_daXrSHwdsbsXVB9hgwjdgI6mvgY81ctWqIjQE8w;Moncler Пуховик;Эта модель пуховика с отстегивающимся капюшоном представляет собой сочетание тепла и стиля. Изделие выполнено из высококачественной ветрозащитной ткани с наполнителем из белого гусиного пуха, что обеспечивает превосходную теплоизоляцию.\n\nДизайн включает контрастные элементы и функциональные детали: отстегивающийся капюшон позволяет легко менять образ, переключаясь между стилем с воротником-стойкой и классическим вариантом. Объемные накладные карманы добавляют практичности, а вышитый логотип бренда подчеркивает статус изделия. Качественная металлическая фурнитура завершает премиальный вид модели. Идеальный выбор для городских будней и активного отдыха в холодное время года.;0;hn1drp5rmss2i17;lrg3k8cd5bgw3jv;fpi3euz683wbrxq;Для мужчин;"[""https://xcimg.szwego.com/img/65702085/20251020/i1760891873_9681_9.jpg"",""https://xcimg.szwego.com/img/65702085/20251020/i1760891872_6964_1.jpg"",""https://xcimg.szwego.com/img/65702085/20251020/i1760891872_2043_4.jpg"",""https://xcimg.szwego.com/img/65702085/20251020/i1760891873_2916_7.jpg"",""https://xcimg.szwego.com/img/65702085/20251020/i1760891872_6493_2.jpg"",""https://xcimg.szwego.com/img/65702085/20251020/i1760891872_1346_0.jpg"",""https://xcimg.szwego.com/img/65702085/20251020/i1760891873_4917_8.jpg"",""https://xcimg.szwego.com/img/65702085/20251020/i1760891872_1929_3.jpg"",""https://xcimg.szwego.com/img/65702085/20251020/i1760891872_8277_6.jpg""]"
_d97rSSY9oBH-KBGqyi62Nfk8GPoVivJydZbHwjg;Moncler Пуховик;Эта модель пуховика с капюшоном представляет собой сочетание профессиональных технологий защиты от холода и эффектного глянцевого дизайна. Изделие выполнено из высокоплотной ветрозащитной ткани с глянцевым покрытием и наполнено отборным гусиным пухом, обеспечивающим превосходную теплоизоляцию.\n\nДетали подчеркивают премиальный статус бренда: фирменный логотип на рукаве и брендированная металлическая фурнитура. Дизайн с капюшоном сочетает в себе практичность и актуальный стиль. Объемный силуэт и качественная простежка создают выразительный образ, подходящий как для городских будней, так и для зимних мероприятий.;0;hn1drp5rmss2i17;lrg3k8cd5bgw3jv;fpi3euz683wbrxq;Для мужчин;"[""https://xcimg.szwego.com/img/65702085/20251028/i1761582274_9369_8.jpg"",""https://xcimg.szwego.com/img/65702085/20251028/i1761582274_5640_0.jpg"",""https://xcimg.szwego.com/img/65702085/20251028/i1761582274_1219_2.jpg"",""https://xcimg.szwego.com/img/65702085/20251028/i1761582274_2202_5.jpg"",""https://xcimg.szwego.com/img/65702085/20251028/i1761582274_9931_1.jpg"",""https://xcimg.szwego.com/img/65702085/20251028/i1761582274_8680_4.jpg"",""https://xcimg.szwego.com/img/65702085/20251028/i1761582274_3221_6.jpg"",""https://xcimg.szwego.com/img/65702085/20251028/i1761582274_4302_7.jpg"",""https://xcimg.szwego.com/img/65702085/20251028/i1761582274_5939_3.jpg""]"
_dvVrSMRpjltWVZhxZ2bkw8ZzhLMIJcL5l9OwMaw;Moncler Пуховик;Стильный мужской пуховик с капюшоном от Moncler. Модель выполнена из высококачественного матового нейлона с плотным плетением, обеспечивающим защиту от ветра. В качестве наполнителя используется отборный белый гусиный пух (90% пух, 10% перо), распределенный по независимым секциям для равномерного сохранения тепла.\n\nИзделие отличается высокой точностью кроя и качественной проработкой деталей. Фирменная фурнитура и молнии проходят многократные тесты на износостойкость и плавность хода. Модель дополнена функциональным капюшоном и удобной системой застежек, обеспечивающей комфорт при носке. Цвет: серый.;0;hn1drp5rmss2i17;lrg3k8cd5bgw3jv;fpi3euz683wbrxq;Для мужчин;"[""https://xcimg.szwego.com/img/65702085/20251119/i1763569244906_5993_0_0.jpg"",""https://xcimg.szwego.com/img/65702085/20251119/i1763569243530_654_0_1.jpg"",""https://xcimg.szwego.com/img/65702085/20251119/i1763569243518_1008_0_2.jpg"",""https://xcimg.szwego.com/img/65702085/20251119/i1763569243385_4810_0_3.jpg"",""https://xcimg.szwego.com/img/65702085/20251119/i1763569243502_7230_0_4.jpg"",""https://xcimg.szwego.com/img/65702085/20251119/i1763569244879_5909_0_5.jpg"",""https://xcimg.szwego.com/img/65702085/20251119/i1763569244861_6618_0_6.jpg"",""https://xcimg.szwego.com/img/65702085/20251119/i1763569244831_5069_0_7.jpg"",""https://xcimg.szwego.com/img/65702085/20251119/i1763569243479_1609_0_8.jpg""]"
_d9HrSktjsMf7r4Qe_81gMXu6eos00DNPkf44iZQ;Moncler Пуховик;Эта модель представляет собой креативное сочетание профессиональных технологий для активного отдыха и современного дизайна. Пуховик выполнен из высокоплотной ветрозащитной и водонепроницаемой ткани с наполнителем из 90% гусиного пуха и 10% пера, что обеспечивает исключительную теплоизоляцию и легкость.\n\nИзделие отличается продуманным кроем с капюшоном, который сочетает в себе стиль и функциональность. На груди расположен контрастный логотип бренда, а на рукаве — классическая фирменная эмблема. Качественная стежка и ровные строчки подчеркивают премиальное исполнение модели.\n\nУниверсальный черный цвет и современный силуэт позволяют легко интегрировать пуховик в городские образы, а также использовать его для активного отдыха. Модель идеально подходит для тех, кто ценит комфорт, тепло и узнаваемый стиль.;0;hn1drp5rmss2i17;lrg3k8cd5bgw3jv;fpi3euz683wbrxq;Для мужчин;"[""https://xcimg.szwego.com/img/65702085/20251030/i1761768915_4811_1.jpg"",""https://xcimg.szwego.com/img/65702085/20251030/i1761768916_5886_8.jpg"",""https://xcimg.szwego.com/img/65702085/20251030/i1761768915_5517_2.jpg"",""https://xcimg.szwego.com/img/65702085/20251030/i1761768916_8727_10.jpg"",""https://xcimg.szwego.com/img/65702085/20251030/i1761768916_5264_9.jpg"",""https://xcimg.szwego.com/img/65702085/20251030/i1761768915_412_0.jpg"",""https://xcimg.szwego.com/img/65702085/20251030/i1761768916_685_6.jpg"",""https://xcimg.szwego.com/img/65702085/20251030/i1761768916_8018_12.jpg"",""https://xcimg.szwego.com/img/65702085/20251030/i1761768916_2757_4.jpg""]"
_dzarShvRqO8fRlVl5uoTmAgSOVPI2OpZPhtBy1g;Prada Пуховик;Мужской пуховик с воротником-стойкой от Prada. Модель выполнена из высококачественного нейлона с глянцевым покрытием. Изделие отличается точным кроем, обеспечивающим идеальную посадку по фигуре. Внутреннее наполнение распределено по специальным секциям для равномерного сохранения тепла и предотвращения комкования пуха. Модель дополнена качественной фурнитурой и фирменным треугольным логотипом бренда на спинке. Воротник-стойка отлично держит форму, а манжеты и нижний край изделия выполнены с вниманием к деталям для максимального комфорта и долговечности. Цвет: черный.;0;xf3tgcf0uj7yrqf;lrg3k8cd5bgw3jv;fpi3euz683wbrxq;Для мужчин;"[""https://xcimg.szwego.com/img/65702085/20251208/i1765127339960_6576_0_0.jpg"",""https://xcimg.szwego.com/img/65702085/20251208/i1765127339960_7391_0_1.jpg"",""https://xcimg.szwego.com/img/65702085/20251208/i1765127343076_791_0_2.jpg"",""https://xcimg.szwego.com/img/65702085/20251208/i1765127339960_3468_0_3.jpg"",""https://xcimg.szwego.com/img/65702085/20251208/i1765127343384_9515_0_5.jpg"",""https://xcimg.szwego.com/img/65702085/20251208/i1765127339960_6459_0_6.jpg"",""https://xcimg.szwego.com/img/65702085/20251208/i1765127343368_5847_0_7.jpg"",""https://xcimg.szwego.com/img/65702085/20251208/i1765127343331_8617_0_8.jpg"",""https://xcimg.szwego.com/img/65702085/20251208/i1765127343376_4193_0_9.jpg""]"
_do5rSWjPVKVHtf53ntiB9bgXjJSuhkBiDrtCqEA;Celine Пуховик;Стильный пуховик от Celine, выполненный из высококачественного матового нейлона. Модель отличается точным кроем и продуманной системой распределения наполнителя для обеспечения максимальной теплоизоляции и равномерного объема. \n\nИзделие дополнено фирменной вышивкой с логотипом Триумф на груди, выполненной с высокой точностью. Воротник-стойка изготовлен из смесовой шерсти для дополнительного комфорта. Модель оснащена функциональными деталями: надежными металлическими кнопками с гравировкой, регулируемой кулиской на талии и эластичными манжетами с эффектом плиссировки. Цвет: черный.;0;e89n7qtko2kop8t;lrg3k8cd5bgw3jv;fpi3euz683wbrxq;Для мужчин;"[""https://xcimg.szwego.com/img/65702085/20251129/i1764381356232_9019_0_0.jpg"",""https://xcimg.szwego.com/img/65702085/20251129/i1764381416650_4893_0_1.jpg"",""https://xcimg.szwego.com/img/65702085/20251129/i1764381416899_878_0_2.jpg"",""https://xcimg.szwego.com/img/65702085/20251129/i1764381355943_4266_0_3.jpg"",""https://xcimg.szwego.com/img/65702085/20251129/i1764381356015_6194_0_4.jpg"",""https://xcimg.szwego.com/img/65702085/20251129/i1764381413557_8600_0_5.jpg"",""https://xcimg.szwego.com/img/65702085/20251129/i1764381416519_5075_0_6.jpg"",""https://xcimg.szwego.com/img/65702085/20251129/i1764381356063_8579_0_7.jpg"",""https://xcimg.szwego.com/img/65702085/20251129/i1764381413651_5532_0_8.jpg""]"
_dr4rSfsDzf5WX4Ofp4gftjJqejhMsY2HGbb6ioA;Moncler Жилет;Moncler представляет стильный пуховый жилет с воротником-стойкой, сочетающий в себе классический силуэт и эстетику бренда. Это идеальный выбор для осенне-зимнего сезона, обеспечивающий тепло и комфорт.\n\nЖилет наполнен высококачественным пухом, что создает объемную и структурированную форму с отличными теплоизоляционными свойствами. Стеганый дизайн дополнен фирменным логотипом бренда, подчеркивающим премиальное качество и наследие Moncler в сфере функциональной одежды.\n\nМодель оснащена металлической молнией и качественной фурнитурой. Тщательная проработка деталей, от блеска ткани до текстуры фурнитуры, придает образу современный и дорогой вид. Жилет легко вписывается в различные стили, от городского повседневного до уличного.;0;hn1drp5rmss2i17;lrg3k8cd5bgw3jv;by2wakpfcxtrd1s;Для мужчин;"[""https://xcimg.szwego.com/img/65702085/20251010/i1760026314_6390_0.jpg"",""https://xcimg.szwego.com/img/65702085/20251010/i1760026314_4172_0.jpg"",""https://xcimg.szwego.com/img/65702085/20251010/i1760026315_945_0.jpg"",""https://xcimg.szwego.com/img/65702085/20251010/i1760026315_7230_0.jpg"",""https://xcimg.szwego.com/img/65702085/20251010/i1760026315_8972_0.jpg"",""https://xcimg.szwego.com/img/65702085/20251010/i1760026315_9637_0.jpg"",""https://xcimg.szwego.com/img/65702085/20251010/i1760026315_5083_0.jpg"",""https://xcimg.szwego.com/img/65702085/20251010/i1760026315_2400_0.jpg"",""https://xcimg.szwego.com/img/65702085/20251010/i1760026316_7713_0.jpg"",""https://xcimg.szwego.com/img/65702085/20251010/i1760026315_3529_0.jpg""]"
_d_CrSv5PG0OG-xOD3yHu3gbkST0L-4kCGwmGzJg;Prada Пуховик;Эта модель представляет собой изысканное сочетание итальянской эстетики и экологичных технологий. Куртка выполнена из 100% переработанного нейлона, который обладает ветрозащитными свойствами. В качестве наполнителя используется белый утиный пух с содержанием пуха 90%, что обеспечивает легкость и превосходную теплоизоляцию.\n\nДизайн отличается лаконичным кроем и вниманием к деталям: на груди расположен фирменный треугольный металлический логотип, а брендированные бегунки молний подчеркивают премиальный статус изделия. Элегантный отложной воротник придает модели утонченный вид, делая ее идеальным выбором как для деловых встреч, так и для повседневных городских образов. Качественная стежка и безупречное исполнение отражают высокие стандарты итальянского мастерства.;0;xf3tgcf0uj7yrqf;lrg3k8cd5bgw3jv;fpi3euz683wbrxq;Для мужчин;"[""https://xcimg.szwego.com/img/65702085/20251029/i1761672232_8987_3.jpg"",""https://xcimg.szwego.com/img/65702085/20251029/i1761672231_3117_2.jpg"",""https://xcimg.szwego.com/img/65702085/20251029/i1761672232_9835_7.jpg"",""https://xcimg.szwego.com/img/65702085/20251029/i1761672231_1573_1.jpg"",""https://xcimg.szwego.com/img/65702085/20251029/i1761672232_9166_8.jpg"",""https://xcimg.szwego.com/img/65702085/20251029/i1761672232_504_5.jpg"",""https://xcimg.szwego.com/img/65702085/20251029/i1761672232_9659_6.jpg"",""https://xcimg.szwego.com/img/65702085/20251029/i1761672232_7805_4.jpg"",""https://xcimg.szwego.com/img/65702085/20251029/i1761672231_882_0.jpg""]"
_dHurSRQx67vFWKdtZp0p9hfCm073Z2uJULRz0hg;Prada Жилет;Этот стеганый жилет от Prada представляет собой сочетание передовой функциональной эстетики и минималистичного дизайна. Модель выполнена из высококачественного плотного материала с блестящим финишем и наполнена отборным белым гусиным пухом, обеспечивающим превосходную теплоизоляцию.\n\nДетали изделия подчеркивают мастерство бренда: на груди расположен фирменный красный логотип Prada, придающий модели узнаваемость. Жилет оснащен качественной металлической фурнитурой и скрытыми карманами. Лаконичный воротник-стойка обеспечивает дополнительную защиту от ветра и позволяет легко комбинировать жилет с различными элементами гардероба, будь то рубашка для делового образа или многослойный комплект с пальто для повседневных выходов.;0;xf3tgcf0uj7yrqf;lrg3k8cd5bgw3jv;by2wakpfcxtrd1s;Для мужчин;"[""https://xcimg.szwego.com/img/65702085/20251024/i1761236376_6698_3.jpg"",""https://xcimg.szwego.com/img/65702085/20251024/i1761236376_868_0.jpg"",""https://xcimg.szwego.com/img/65702085/20251024/i1761236376_8400_1.jpg"",""https://xcimg.szwego.com/img/65702085/20251024/i1761236376_2244_8.jpg"",""https://xcimg.szwego.com/img/65702085/20251024/i1761236376_3814_4.jpg"",""https://xcimg.szwego.com/img/65702085/20251024/i1761236376_6351_2.jpg"",""https://xcimg.szwego.com/img/65702085/20251024/i1761236376_6139_5.jpg"",""https://xcimg.szwego.com/img/65702085/20251024/i1761236376_3844_6.jpg"",""https://xcimg.szwego.com/img/65702085/20251024/i1761236376_1825_7.jpg""]"
_dfmrSCmcj5SCqCBaS7vodNuMEk14jR-zUFRW8Tg;Louis Vuitton Пуховик;Стильный мужской пуховик от Louis Vuitton, выполненный из высококачественного материала с матовой текстурой. Модель украшена фирменным тисненым узором Monogram по всей поверхности, создающим выразительный объемный эффект. Изделие отличается продуманным кроем с капюшоном, обеспечивающим комфортную посадку и эргономичность.\n\nПуховик наполнен отборным пухом, равномерно распределенным по независимым стеганым секциям, что гарантирует отличную теплоизоляцию и сохранение формы. Качественная фурнитура, включая молнии и регулируемые элементы на подоле, украшена брендовой гравировкой. На рукаве расположен аккуратный логотип, подчеркивающий принадлежность к бренду. Цвет: молочно-белый.;0;977uh954t91spxq;lrg3k8cd5bgw3jv;fpi3euz683wbrxq;Для мужчин;"[""https://xcimg.szwego.com/img/65702085/20251229/i1766968519197_9542_0_0.jpg"",""https://xcimg.szwego.com/img/65702085/20251229/i1766968522923_3717_0_1.jpg"",""https://xcimg.szwego.com/img/65702085/20251229/i1766968522820_7012_0_2.jpg"",""https://xcimg.szwego.com/img/65702085/20251229/i1766968519159_224_0_4.jpg"",""https://xcimg.szwego.com/img/65702085/20251229/i1766968522556_9996_0_5.jpg"",""https://xcimg.szwego.com/img/65702085/20251229/i1766968522549_881_0_6.jpg"",""https://xcimg.szwego.com/img/65702085/20251229/i1766968519159_2801_0_7.jpg"",""https://xcimg.szwego.com/img/65702085/20251229/i1766968519159_9055_0_8.jpg"",""https://xcimg.szwego.com/img/65702085/20251229/i1766968522927_4351_0_9.jpg""]"
_dm-rSBh1O8nfJkSGSZ8UQ9myZv8Gdgx6rRHpVtQ;Moncler Пуховик;Мужской пуховик с металлическим блеском от Moncler. Модель выполнена из высококачественного нейлона с особой матовой металлической текстурой, обладающей высокой износостойкостью. Изделие отличается эргономичным кроем капюшона и точной геометрией швов. Внутренний наполнитель распределен равномерно для обеспечения оптимальной теплоизоляции. Детали включают качественную металлическую фурнитуру, надежные молнии и фирменную вышивку логотипа на рукаве. Капюшон сохраняет форму благодаря встроенной поддерживающей конструкции. Цвет: металлический серый.;0;hn1drp5rmss2i17;lrg3k8cd5bgw3jv;fpi3euz683wbrxq;Для мужчин;"[""https://xcimg.szwego.com/img/65702085/20251229/i1766969202353_6737_0_0.jpg"",""https://xcimg.szwego.com/img/65702085/20251229/i1766969199821_6134_0_1.jpg"",""https://xcimg.szwego.com/img/65702085/20251229/i1766969199176_2505_0_2.jpg"",""https://xcimg.szwego.com/img/65702085/20251229/i1766969199374_6224_0_3.jpg"",""https://xcimg.szwego.com/img/65702085/20251229/i1766969202194_3787_0_4.jpg"",""https://xcimg.szwego.com/img/65702085/20251229/i1766969202004_1390_0_5.jpg"",""https://xcimg.szwego.com/img/65702085/20251229/i1766969199509_2640_0_6.jpg"",""https://xcimg.szwego.com/img/65702085/20251229/i1766969202282_3720_0_7.jpg"",""https://xcimg.szwego.com/img/65702085/20251229/i1766969199563_9617_0_8.jpg""]"
_dnRrSrrhMv6KVyAr2frETStZ1MRNfT3efxM4GpQ;Moncler Пуховик;Легкий пуховик с воротником-стойкой от Moncler. Модель выполнена из высококачественного матового нейлона, обеспечивающего легкость и прочность изделия. Эргономичный крой воротника и плечевых швов гарантирует идеальную посадку по фигуре.\n\nВнутренний наполнитель распределен равномерно для достижения оптимальной степени пушистости и теплоизоляции. Качественная простежка выполнена на компьютерном оборудовании с соблюдением точного шага стежка. Манжеты дополнены прочной металлической фурнитурой с износостойким покрытием.\n\nНа рукаве расположена фирменная вышивка логотипа Moncler, отличающаяся высокой детализацией и долговечностью. Воротник-стойка сохраняет форму благодаря профессиональной технологии формовки. Изделие выполнено в светло-сером цвете.;0;hn1drp5rmss2i17;lrg3k8cd5bgw3jv;fpi3euz683wbrxq;Для мужчин;"[""https://xcimg.szwego.com/img/65702085/20251229/i1766969653544_9228_0_0.jpg"",""https://xcimg.szwego.com/img/65702085/20251229/i1766969653440_1129_0_1.jpg"",""https://xcimg.szwego.com/img/65702085/20251229/i1766969656277_9025_0_2.jpg"",""https://xcimg.szwego.com/img/65702085/20251229/i1766969653400_2464_0_3.jpg"",""https://xcimg.szwego.com/img/65702085/20251229/i1766969656061_4801_0_4.jpg"",""https://xcimg.szwego.com/img/65702085/20251229/i1766969653027_6189_0_5.jpg"",""https://xcimg.szwego.com/img/65702085/20251229/i1766969653320_8600_0_6.jpg"",""https://xcimg.szwego.com/img/65702085/20251229/i1766969656198_5503_0_7.jpg"",""https://xcimg.szwego.com/img/65702085/20251229/i1766969656314_4320_0_8.jpg""]"
_dj5rS010jdnKff4n4-eG8Ndz_IXM8PwZxVP5d4A;Moncler Пуховик;Легкий пуховик с воротником-стойкой от Moncler. Модель выполнена из высококачественного матового нейлона, обеспечивающего легкость и прочность изделия. Эргономичный крой и точная посадка по фигуре гарантируют комфорт при носке.\n\nИзделие отличается высоким качеством исполнения: равномерное распределение пухового наполнителя обеспечивает оптимальную теплоизоляцию. Манжеты дополнены качественной металлической фурнитурой, а на рукаве расположен фирменный логотип бренда, выполненный методом детальной вышивки. Воротник-стойка отлично держит форму, подчеркивая силуэт. Модель выполнена в черном цвете.;0;hn1drp5rmss2i17;lrg3k8cd5bgw3jv;fpi3euz683wbrxq;Для мужчин;"[""https://xcimg.szwego.com/img/65702085/20251229/i1766969824333_5677_0_0.jpg"",""https://xcimg.szwego.com/img/65702085/20251229/i1766969824449_3360_0_1.jpg"",""https://xcimg.szwego.com/img/65702085/20251229/i1766969823940_7802_0_2.jpg"",""https://xcimg.szwego.com/img/65702085/20251229/i1766969824216_9125_0_3.jpg"",""https://xcimg.szwego.com/img/65702085/20251229/i1766969826877_6842_0_4.jpg"",""https://xcimg.szwego.com/img/65702085/20251229/i1766969823962_3506_0_5.jpg"",""https://xcimg.szwego.com/img/65702085/20251229/i1766969826837_9321_0_6.jpg"",""https://xcimg.szwego.com/img/65702085/20251229/i1766969827045_6294_0_7.jpg"",""https://xcimg.szwego.com/img/65702085/20251229/i1766969826948_7688_0_8.jpg""]"
_dprrSl4sYwpICj4R8lSS4U5hVKjGHhAJR9SGeZg;Moncler Пуховик;Легкий пуховик с воротником-стойкой от Moncler. Модель выполнена из высококачественного матового нейлона, обеспечивающего легкость и прочность изделия. Эргономичный крой воротника и плечевых швов гарантирует идеальную посадку по фигуре.\n\nНаполнитель распределен равномерно для достижения оптимальной теплоизоляции и объема. В процессе производства используются передовые технологии стежки и герметизации швов. Манжеты дополнены качественной металлической фурнитурой с износостойким покрытием. На рукаве расположена фирменная вышивка логотипа Moncler, выполненная с высокой точностью. Изделие отличается безупречным качеством строчек и вниманием к каждой детали.\n\nЦвет: белый.;0;hn1drp5rmss2i17;lrg3k8cd5bgw3jv;fpi3euz683wbrxq;Для мужчин;"[""https://xcimg.szwego.com/img/65702085/20251229/i1766969940772_8445_0_0.jpg"",""https://xcimg.szwego.com/img/65702085/20251229/i1766969944027_3696_0_1.jpg"",""https://xcimg.szwego.com/img/65702085/20251229/i1766969943965_8858_0_2.jpg"",""https://xcimg.szwego.com/img/65702085/20251229/i1766969940428_6149_0_3.jpg"",""https://xcimg.szwego.com/img/65702085/20251229/i1766969940675_3036_0_4.jpg"",""https://xcimg.szwego.com/img/65702085/20251229/i1766969943825_5913_0_5.jpg"",""https://xcimg.szwego.com/img/65702085/20251229/i1766969940586_3202_0_6.jpg"",""https://xcimg.szwego.com/img/65702085/20251229/i1766969940680_9964_0_7.jpg"",""https://xcimg.szwego.com/img/65702085/20251229/i1766969944062_5716_0_8.jpg""]"
_dnZrSWed63WrScENBb0dOtUiF2P8EnMnKQPnQZQ;Moncler Пуховик;Легкий пуховик с воротником-стойкой от Moncler. Модель выполнена из высококачественного матового нейлона, обеспечивающего легкость и прочность изделия. Эргономичный крой воротника и плечевых швов гарантирует идеальную посадку по фигуре.\n\nВнутреннее наполнение распределено равномерно для достижения оптимальной теплоизоляции и объема. Каждая деталь, включая компьютерную стежку, плотные швы и качественную фурнитуру на манжетах, выполнена с высокой точностью. На рукаве расположен фирменный логотип Moncler, выполненный методом тонкой вышивки. Изделие отличается безупречным качеством строчек и премиальным исполнением фурнитуры.\n\nЦвет: темно-синий.;0;hn1drp5rmss2i17;lrg3k8cd5bgw3jv;fpi3euz683wbrxq;Для мужчин;"[""https://xcimg.szwego.com/img/65702085/20251229/i1766970113421_1081_0_0.jpg"",""https://xcimg.szwego.com/img/65702085/20251229/i1766970113495_1826_0_1.jpg"",""https://xcimg.szwego.com/img/65702085/20251229/i1766970115928_7521_0_2.jpg"",""https://xcimg.szwego.com/img/65702085/20251229/i1766970113008_1291_0_3.jpg"",""https://xcimg.szwego.com/img/65702085/20251229/i1766970113336_6728_0_4.jpg"",""https://xcimg.szwego.com/img/65702085/20251229/i1766970113238_704_0_5.jpg"",""https://xcimg.szwego.com/img/65702085/20251229/i1766970115755_3144_0_6.jpg"",""https://xcimg.szwego.com/img/65702085/20251229/i1766970115880_913_0_7.jpg"",""https://xcimg.szwego.com/img/65702085/20251229/i1766970115871_2533_0_8.jpg""]"
_djLrSiE7iHuLmskf1HbpZH95pBrFYNEWjsIC2lg;Moncler Пуховик;Стильный пуховик с металлическим блеском, выполненный из высококачественного нейлона с особой матовой текстурой. Модель отличается превосходной износостойкостью и долговечностью материала.\n\nИзделие создано с использованием передовых технологий кроя, обеспечивающих идеальную посадку по фигуре. Капюшон имеет эргономичную форму и сохраняет свою структуру благодаря встроенным элементам жесткости.\n\nНаполнитель распределен равномерно для достижения максимальной теплоизоляции. Детали включают качественную металлическую фурнитуру, надежные молнии и фирменный вышитый логотип Moncler на рукаве. Цвет: желтый.;0;hn1drp5rmss2i17;lrg3k8cd5bgw3jv;fpi3euz683wbrxq;Для мужчин;"[""https://xcimg.szwego.com/img/65702085/20251229/i1766970262254_2960_0_0.jpg"",""https://xcimg.szwego.com/img/65702085/20251229/i1766970259890_6241_0_1.jpg"",""https://xcimg.szwego.com/img/65702085/20251229/i1766970262325_2640_0_2.jpg"",""https://xcimg.szwego.com/img/65702085/20251229/i1766970262125_872_0_3.jpg"",""https://xcimg.szwego.com/img/65702085/20251229/i1766970259789_8528_0_4.jpg"",""https://xcimg.szwego.com/img/65702085/20251229/i1766970259358_8377_0_5.jpg"",""https://xcimg.szwego.com/img/65702085/20251229/i1766970259631_494_0_6.jpg"",""https://xcimg.szwego.com/img/65702085/20251229/i1766970259721_5758_0_7.jpg"",""https://xcimg.szwego.com/img/65702085/20251229/i1766970262001_7609_0_8.jpg""]"
_dvDrSvbTACIFbHmn0aM1-PtqNoiZL6tVjRlWXww;Chrome Hearts Штаны;Эксклюзивная модель широких брюк от Chrome Hearts. Изделие выполнено из премиального смесового материала: хлопок с добавлением шерсти, что обеспечивает идеальную плотность и гладкость ткани.\n\nБрюки имеют сложный крой с эффектом необработанных краев. На передней части расположены вставки из натуральной кожи с классическим узором в виде крестов, выполненные в технике многослойной вышивки. Для создания декора использованы два типа кожи: матовая и глянцевая, что придает изделию выразительную текстуру.\n\nФурнитура выполнена из серебра 925 пробы, включая пуговицы, молнии и заклепки. Задние карманы также декорированы кожаными аппликациями в виде крестов, гармонично дополняющими дизайн передней части. Модель произведена на специализированном производстве с использованием профессионального оборудования для работы с кожей и сложными тканями.;0;qbunqx3arwquz1j;lrg3k8cd5bgw3jv;bls7s6kan7cc3lz;Для мужчин;"[""https://xcimg.szwego.com/img/6c7a535f/20251228/i1766859589167_3949_0_0.jpg"",""https://xcimg.szwego.com/img/6c7a535f/20251228/i1766859733119_6348_0_1.jpg"",""https://xcimg.szwego.com/img/6c7a535f/20251228/i1766859733080_1526_0_3.jpg"",""https://xcimg.szwego.com/img/6c7a535f/20251228/i1766859589030_8247_0_4.jpg"",""https://xcimg.szwego.com/img/6c7a535f/20251228/i1766859588864_3718_0_5.jpg"",""https://xcimg.szwego.com/img/6c7a535f/20251228/i1766859589218_9130_0_6.jpg"",""https://xcimg.szwego.com/img/6c7a535f/20251228/i1766859588990_2438_0_7.jpg"",""https://xcimg.szwego.com/img/6c7a535f/20251228/i1766859733153_2397_0_8.jpg"",""https://xcimg.szwego.com/img/6c7a535f/20251228/i1766859575995_5468_0_9.jpg""]"
_dr6rSPYyjtWGbeH2q6APZ31_U6hFm7jzOSxKYuA;Dior Кожаная куртка;Эксклюзивная модель кожаной куртки от Dior, выполненная из 100% натуральной воловьей кожи итальянского производства. Материал прошел специальную обработку, благодаря чему обладает мягкой текстурой и выразительной фактурой.\n\nКуртка отличается безупречным кроем и вниманием к деталям: классический отложной воротник идеально повторяет линии шеи, а все швы выполнены с высокой точностью. Модель дополнена брендированной металлической фурнитурой с гравировкой Dior, которая отличается долговечностью и премиальным качеством.\n\nДизайн включает функциональные карманы и удобную подкладку из 100% полиэстера для комфортной носки. Насыщенный фиолетовый оттенок придает изделию уникальный и стильный вид, подчеркивая мастерство итальянского производства.;0;ivacgwvpdne0t35;lrg3k8cd5bgw3jv;f2gdh71ajulp1ti;Для мужчин;"[""https://xcimg.szwego.com/img/6c7a535f/20251228/i1766859349608_4124_0_0.jpg"",""https://xcimg.szwego.com/img/6c7a535f/20251228/i1766859360338_5481_0_1.jpg"",""https://xcimg.szwego.com/img/6c7a535f/20251228/i1766859360190_189_0_2.jpg"",""https://xcimg.szwego.com/img/6c7a535f/20251228/i1766859343389_4225_0_3.jpg"",""https://xcimg.szwego.com/img/6c7a535f/20251228/i1766859349526_4747_0_4.jpg"",""https://xcimg.szwego.com/img/6c7a535f/20251228/i1766859343637_4604_0_5.jpg"",""https://xcimg.szwego.com/img/6c7a535f/20251228/i1766859349645_329_0_6.jpg"",""https://xcimg.szwego.com/img/6c7a535f/20251228/i1766859359880_6267_0_7.jpg"",""https://xcimg.szwego.com/img/6c7a535f/20251228/i1766859349699_6220_0_8.jpg""]"
_d-DrSMNDYlaorMUI_Z0g0drH3T4v3MsVxSCvJgw;Miu Miu Куртка;Эксклюзивная модель от Miu Miu. Куртка выполнена из 100% импортной шерсти с двухсторонней текстурой, что обеспечивает отличную теплоизоляцию, мягкость и сохранение формы.\n\nДизайн вдохновлен классической рубашкой с отложным воротником. Контрастное сочетание черного основного цвета и белых пуговиц создает выразительный визуальный эффект. На левой стороне расположен фирменный логотип с объемной вышивкой и детальной проработкой краев.\n\nПрямой крой по нижнему краю позволяет легко сочетать изделие с различными образами. Минималистичный стиль дополнен высоким качеством исполнения: все швы выполнены с особой тщательностью, обеспечивая безупречный вид и долговечность изделия.;0;cn386fag2q87srw;lrg3k8cd5bgw3jv;f2gdh71ajulp1ti;Для мужчин;"[""https://xcimg.szwego.com/img/65702085/20251228/i1766863633395_3935_0_0.jpg"",""https://xcimg.szwego.com/img/65702085/20251228/i1766863576349_5923_0_1.jpg"",""https://xcimg.szwego.com/img/65702085/20251228/i1766864002315_8422_0_2.jpg"",""https://xcimg.szwego.com/img/65702085/20251228/i1766863576348_2585_0_3.jpg"",""https://xcimg.szwego.com/img/65702085/20251228/i1766863633177_48_0_4.jpg"",""https://xcimg.szwego.com/img/65702085/20251228/i1766863576349_9868_0_5.jpg"",""https://xcimg.szwego.com/img/65702085/20251228/i1766863576349_8165_0_6.jpg"",""https://xcimg.szwego.com/img/65702085/20251228/i1766863576349_8932_0_7.jpg"",""https://xcimg.szwego.com/img/65702085/20251228/i1766863633331_4849_0_8.jpg""]"
_dcCrSaUqNnjYP90PT7Gaw1hEmpvsVgvXNn2Hd4A;Chrome Hearts Худи;Худи из коллекции осень-зима 2025. Модель выполнена из мягкого и плотного материала с начесом, обеспечивающего комфорт и тепло. \n\nОсобенности дизайна включают фирменные аппликации в виде крестов, выполненные из натурального меха пони, которые создают выразительную фактуру. Детали дополнены фурнитурой из серебра 925 пробы. \n\nИзделие оснащено полноразмерной молнией спереди, позволяющей регулировать посадку. Декоративные элементы в виде вышивки и аппликаций расположены на груди, спине и рукаве, создавая завершенный образ. Цвет: черный.;0;qbunqx3arwquz1j;lrg3k8cd5bgw3jv;zg2as2jt1xbh72y;Для мужчин;"[""https://xcimg.szwego.com/img/6c7a535f/20251228/i1766859421074_9142_0_0.jpg"",""https://xcimg.szwego.com/img/6c7a535f/20251228/i1766859420944_8802_0_1.jpg"",""https://xcimg.szwego.com/img/6c7a535f/20251228/i1766859406024_991_0_2.jpg"",""https://xcimg.szwego.com/img/6c7a535f/20251228/i1766859439240_8096_0_3.jpg"",""https://xcimg.szwego.com/img/6c7a535f/20251228/i1766859439106_2344_0_4.jpg"",""https://xcimg.szwego.com/img/6c7a535f/20251228/i1766859420763_4625_0_5.jpg"",""https://xcimg.szwego.com/img/6c7a535f/20251228/i1766859405866_9978_0_6.jpg"",""https://xcimg.szwego.com/img/6c7a535f/20251228/i1766859421009_2067_0_9.jpg"",""https://xcimg.szwego.com/img/6c7a535f/20251228/i1766859420884_7768_0_10.jpg""]"
_dM1rSo_raPClm0tMmd_Hbri0kMTs6DCgSpYascg;Prada Куртка;Стильная мужская куртка от Prada выполнена из высококачественного импортного шерстяного материала с длинным ворсом, который обеспечивает мягкость, комфорт и тепло. Модель серого цвета имеет текстурированную поверхность.\n\nДизайн включает застежку-молнию, два боковых кармана и регулируемые манжеты с декоративными элементами. На груди расположен фирменный металлический треугольный логотип бренда, который гармонично сочетается с шерстяной тканью. Качественная фурнитура с гравировкой бренда подчеркивает внимание к деталям и премиальный статус изделия.;0;xf3tgcf0uj7yrqf;lrg3k8cd5bgw3jv;f2gdh71ajulp1ti;Для мужчин;"[""https://xcimg.szwego.com/img/6c7a535f/20251228/i1766859483766_6299_0_0.jpg"",""https://xcimg.szwego.com/img/6c7a535f/20251228/i1766859521974_5002_0_1.jpg"",""https://xcimg.szwego.com/img/6c7a535f/20251228/i1766859522240_6019_0_2.jpg"",""https://xcimg.szwego.com/img/6c7a535f/20251228/i1766859483477_5104_0_3.jpg"",""https://xcimg.szwego.com/img/6c7a535f/20251228/i1766859483727_5135_0_4.jpg"",""https://xcimg.szwego.com/img/6c7a535f/20251228/i1766859522225_6264_0_5.jpg"",""https://xcimg.szwego.com/img/6c7a535f/20251228/i1766859483809_2719_0_6.jpg"",""https://xcimg.szwego.com/img/6c7a535f/20251228/i1766859483926_7515_0_7.jpg"",""https://xcimg.szwego.com/img/6c7a535f/20251228/i1766859522073_1857_0_8.jpg""]"
_d81rS1K2BfgENwrvr5_dfQOvhB2dTnrw5MWdFBA;Louis Vuitton Пальто;Эксклюзивная модель длинного пальто от Louis Vuitton. Изготовлено из смеси кашемира и шерсти (30% кашемир, 70% шерсть). Материал отличается мягкостью, деликатной текстурой, отличными теплоизоляционными свойствами и красивой драпировкой. Ткань устойчива к образованию катышков и деформации.\n\nПальто дополнено крупными фирменными металлическими пуговицами, придающими образу элегантность. Модель оснащена двумя боковыми карманами. На левой стороне расположен кожаный логотип, а на воротнике — декоративная металлическая цепочка. Лаконичный V-образный вырез без воротника создает чистые и строгие линии. Вся фурнитура выполнена по оригинальным лекалам.\n\nЦвет: черный.;0;977uh954t91spxq;lrg3k8cd5bgw3jv;kwhzl9eqjae11uv;Для мужчин;"[""https://xcimg.szwego.com/img/6c7a535f/20251228/i1766859674505_2429_0_0.jpg"",""https://xcimg.szwego.com/img/6c7a535f/20251228/i1766859674605_7211_0_1.jpg"",""https://xcimg.szwego.com/img/65702085/20251228/i1766863576350_5368_0_2.jpg"",""https://xcimg.szwego.com/img/6c7a535f/20251228/i1766859674390_123_0_3.jpg"",""https://xcimg.szwego.com/img/65702085/20251228/i1766863576349_6872_0_4.jpg"",""https://xcimg.szwego.com/img/6c7a535f/20251228/i1766859674413_9923_0_5.jpg"",""https://xcimg.szwego.com/img/65702085/20251228/i1766863576349_9866_0_6.jpg"",""https://xcimg.szwego.com/img/6c7a535f/20251228/i1766859918369_7403_0_7.jpg"",""https://xcimg.szwego.com/img/6c7a535f/20251228/i1766859674597_5637_0_8.jpg""]"
_ddWrSJYM6nrrSTm18WRANgHgQnAi92g0LMReklw;Moncler Пуховик;Длинный пуховик с капюшоном выполнен из высококачественного матового нейлона, обладающего плотной текстурой и глубоким цветом. Модель разработана с учетом эргономических данных, что обеспечивает идеальную посадку по фигуре и подчеркивает силуэт благодаря приталенному крою.\n\nВ качестве наполнителя используется отборный пух, распределенный по независимым стеганым секциям с соблюдением строгих стандартов плотности и объема. Процесс наполнения проходит в контролируемых условиях, что исключает образование комков и гарантирует равномерное распределение тепла.\n\nДетали изделия включают:\n- Надежную металлическую фурнитуру на поясе, отличающуюся долговечностью.\n- Фирменный логотип Moncler на рукаве, выполненный методом высокоточной вышивки.\n- Капюшон с формоустойчивой конструкцией, сохраняющей вид даже после интенсивного использования.\n- Эластичные манжеты для дополнительной защиты от холода.\n- Ровные и аккуратные строчки, выполненные на профессиональном оборудовании.\n\nЦвет: черный.;0;hn1drp5rmss2i17;lrg3k8cd5bgw3jv;fpi3euz683wbrxq;Для мужчин;"[""https://xcimg.szwego.com/img/65702085/20251226/i1766687764210_9947_0_0.jpg"",""https://xcimg.szwego.com/img/65702085/20251226/i1766687760901_7805_0_1.jpg"",""https://xcimg.szwego.com/img/65702085/20251226/i1766687760861_7013_0_2.jpg"",""https://xcimg.szwego.com/img/65702085/20251226/i1766687760709_3355_0_3.jpg"",""https://xcimg.szwego.com/img/65702085/20251226/i1766687764186_1777_0_4.jpg"",""https://xcimg.szwego.com/img/65702085/20251226/i1766687760797_8389_0_5.jpg"",""https://xcimg.szwego.com/img/65702085/20251226/i1766687764197_8307_0_6.jpg"",""https://xcimg.szwego.com/img/65702085/20251226/i1766687760824_7138_0_7.jpg"",""https://xcimg.szwego.com/img/65702085/20251226/i1766687764228_8577_0_8.jpg""]"
_dpVrS7JpGiX0CWpamV5XHWS4V-L0NR8ArLBqWCg;Moncler Пуховик;Длинный женский пуховик с капюшоном от Moncler. Модель выполнена из высококачественного матового нейлона с плотным плетением, обеспечивающим отличную износостойкость и насыщенный цвет. Приталенный крой разработан с учетом эргономических данных для идеальной посадки по фигуре.\n\nИзделие наполнено отборным пухом с использованием системы точного дозирования, что гарантирует равномерное распределение наполнителя и высокую степень теплоизоляции. Каждая секция простегана на профессиональном оборудовании с соблюдением строгих стандартов качества.\n\nДетали включают:\n- Фирменный логотип Moncler на рукаве, выполненный методом высокоточной вышивки.\n- Регулируемый капюшон с формоустойчивой конструкцией.\n- Надежную металлическую фурнитуру на поясе.\n- Эластичные манжеты для дополнительной защиты от холода.\n- Качественную обработку швов и аккуратную прострочку.\n\nЦвет: хаки.;0;hn1drp5rmss2i17;lrg3k8cd5bgw3jv;fpi3euz683wbrxq;Для мужчин;"[""https://xcimg.szwego.com/img/65702085/20251226/i1766687559425_8939_0_0.jpg"",""https://xcimg.szwego.com/img/65702085/20251226/i1766687559490_5868_0_1.jpg"",""https://xcimg.szwego.com/img/65702085/20251226/i1766687559341_2396_0_2.jpg"",""https://xcimg.szwego.com/img/65702085/20251226/i1766687564300_3596_0_3.jpg"",""https://xcimg.szwego.com/img/65702085/20251226/i1766687564358_7746_0_4.jpg"",""https://xcimg.szwego.com/img/65702085/20251226/i1766687559371_3696_0_5.jpg"",""https://xcimg.szwego.com/img/65702085/20251226/i1766687559419_5192_0_6.jpg"",""https://xcimg.szwego.com/img/65702085/20251226/i1766687564337_1046_0_7.jpg"",""https://xcimg.szwego.com/img/65702085/20251226/i1766687564432_6488_0_8.jpg""]"
_dbUrSmbZwtWq-3bgHOQt8HmPlnXnzbfSSCfjNrg;Moncler Пуховик;Длинный пуховик с капюшоном от Moncler. Модель выполнена из высококачественного матового нейлона с плотным плетением, обеспечивающим мягкий блеск и высокую износостойкость. При создании изделия использовались передовые технологии кроя, гарантирующие идеальную посадку по фигуре.\n\nВ качестве наполнителя используется отборный пух, распределенный по независимым стеганым секциям в условиях строгого температурного контроля, что обеспечивает равномерную плотность и отличные теплоизоляционные свойства. Капюшон имеет встроенную поддерживающую конструкцию, сохраняющую форму даже после длительного использования.\n\nДетали включают качественную фурнитуру с плавным ходом, эластичные манжеты для защиты от холода и фирменную вышивку логотипа на рукаве. Все швы выполнены с высокой точностью, обеспечивая долговечность и премиальный внешний вид изделия. Цвет: молочно-белый.;0;hn1drp5rmss2i17;lrg3k8cd5bgw3jv;fpi3euz683wbrxq;Для мужчин;"[""https://xcimg.szwego.com/img/65702085/20251226/i1766687036906_6641_0_0.jpg"",""https://xcimg.szwego.com/img/65702085/20251226/i1766687033083_8877_0_1.jpg"",""https://xcimg.szwego.com/img/65702085/20251226/i1766687037033_9649_0_2.jpg"",""https://xcimg.szwego.com/img/65702085/20251226/i1766687032924_4018_0_3.jpg"",""https://xcimg.szwego.com/img/65702085/20251226/i1766687036991_6213_0_5.jpg"",""https://xcimg.szwego.com/img/65702085/20251226/i1766687033122_6155_0_6.jpg"",""https://xcimg.szwego.com/img/65702085/20251226/i1766687036953_5198_0_7.jpg"",""https://xcimg.szwego.com/img/65702085/20251226/i1766687036927_4421_0_8.jpg"",""https://xcimg.szwego.com/img/65702085/20251226/i1766687040284_4964_0_9.jpg""]"
_dsirSu_kP2Lt1spqas8HTTS9zXfsXdMmA2P3oMA;Bottega Veneta Кожаная куртка;Куртка из фирменной плетеной кожи Bottega Veneta. Модель выполнена с использованием традиционной техники ручного плетения из высококачественной кожи с细腻 текстурой. Изделие отличается строгим кроем и безупречной точностью исполнения деталей, включая воротник и карманы. Фурнитура представлена брендированной металлической молнией с премиальным покрытием. Манжеты и нижний край выполнены из плотного трикотажа, сохраняющего форму после длительной носки. Внутренняя отделка из хлопка выполнена с соблюдением высоких стандартов качества. Цвет: красный.;0;59kttao0v819zzy;lrg3k8cd5bgw3jv;f2gdh71ajulp1ti;Для мужчин;"[""https://xcimg.szwego.com/img/65702085/20251223/i1766503884291_4404_0_0.jpg"",""https://xcimg.szwego.com/img/65702085/20251223/i1766503962467_3186_0_1.jpg"",""https://xcimg.szwego.com/img/65702085/20251223/i1766503834215_7066_0_2.jpg"",""https://xcimg.szwego.com/img/65702085/20251223/i1766503884158_2503_0_3.jpg"",""https://xcimg.szwego.com/img/65702085/20251223/i1766503834215_6385_0_4.jpg"",""https://xcimg.szwego.com/img/65702085/20251223/i1766503962192_7666_0_5.jpg"",""https://xcimg.szwego.com/img/65702085/20251223/i1766503884280_9179_0_6.jpg"",""https://xcimg.szwego.com/img/65702085/20251223/i1766503834215_3622_0_7.jpg"",""https://xcimg.szwego.com/img/65702085/20251223/i1766503884101_9398_0_8.jpg""]"
_d8XrSyvMeGKQQEQl1q2lp4mE8kNgkNGmGjfhs8g;Loro Piana Куртка;Куртка с воротником-стойкой выполнена из 100% натуральной замши, прошедшей специальную обработку для достижения бархатистой текстуры и мягкости. Подкладка из 100% полиэстера обеспечивает износостойкость и комфорт при носке. Модель отличается безупречным кроем с вниманием к деталям: точные линии плеч, аккуратные прорезные карманы и качественная фурнитура. Металлическая молния плавно работает, а манжеты на пуговицах обеспечивают плотное прилегание к запястью. Нижняя часть изделия дополнена эластичной трикотажной резинкой, которая сохраняет форму. Изделие требует профессионального ухода в специализированных химчистках для сохранения качества натуральной кожи. Цвет: светло-коричневый.;0;5f3npdmxcv8f190;lrg3k8cd5bgw3jv;f2gdh71ajulp1ti;Для мужчин;"[""https://xcimg.szwego.com/img/65702085/20251222/i1766338190641_3871_0_0.jpg"",""https://xcimg.szwego.com/img/65702085/20251222/i1766338190706_7002_0_1.jpg"",""https://xcimg.szwego.com/img/65702085/20251222/i1766338190536_23_0_2.jpg"",""https://xcimg.szwego.com/img/65702085/20251222/i1766338193528_7973_0_3.jpg"",""https://xcimg.szwego.com/img/65702085/20251222/i1766338190488_9479_0_4.jpg"",""https://xcimg.szwego.com/img/65702085/20251222/i1766338193637_8844_0_5.jpg"",""https://xcimg.szwego.com/img/65702085/20251222/i1766338190575_8140_0_6.jpg"",""https://xcimg.szwego.com/img/65702085/20251222/i1766338193556_3962_0_7.jpg"",""https://xcimg.szwego.com/img/65702085/20251222/i1766338193697_4478_0_8.jpg""]"
_dnArSJVGCfiF1lcBlFzBEkhLzalReA-VuxW_yNQ;Bottega Veneta Куртка;Куртка выполнена из 100% натуральной замши премиального качества с характерной мягкой текстурой и винтажным оттенком. Воротник декорирован фирменным плетением из кожи, выполненным вручную мастерами бренда. Внутренняя подкладка из 100% полиэстера с клетчатым узором обеспечивает комфорт и долговечность изделия.\n\nМодель отличается безупречным кроем и вниманием к деталям: все швы выполнены с использованием специализированных нитей в тон, обеспечивающих прочность и эстетичный вид. Куртка оснащена качественной металлической фурнитурой с плавным ходом молнии и аккуратными манжетами на пуговицах. Благодаря профессиональной формовке воротник сохраняет свою структуру и симметрию. Цвет: темно-коричневый.;0;59kttao0v819zzy;lrg3k8cd5bgw3jv;f2gdh71ajulp1ti;Для мужчин;"[""https://xcimg.szwego.com/img/65702085/20251222/i1766339563316_5237_0_0.jpg"",""https://xcimg.szwego.com/img/65702085/20251222/i1766339563330_8347_0_1.jpg"",""https://xcimg.szwego.com/img/65702085/20251222/i1766339563343_6102_0_2.jpg"",""https://xcimg.szwego.com/img/65702085/20251222/i1766339563267_2718_0_3.jpg"",""https://xcimg.szwego.com/img/65702085/20251222/i1766339566212_3895_0_4.jpg"",""https://xcimg.szwego.com/img/65702085/20251222/i1766339563150_3717_0_5.jpg"",""https://xcimg.szwego.com/img/65702085/20251222/i1766339566309_7252_0_6.jpg"",""https://xcimg.szwego.com/img/65702085/20251222/i1766339566112_5715_0_7.jpg"",""https://xcimg.szwego.com/img/65702085/20251222/i1766339566282_3069_0_8.jpg""]"
_d-qrSCeqZ99ZsscrIxbPZHPN13VvkXWox_WymEQ;Chrome Hearts Куртка;Мотоциклетная куртка выполнена из высококачественной овечьей кожи с нежной текстурой и роскошным внешним видом. Подкладка из 100% купро обеспечивает комфорт и мягкость при носке.\n\nМастерство исполнения проявляется в безупречной подгонке деталей и точности швов. Кожаные вставки на спине соединены с особой тщательностью, что гарантирует прочность конструкции и выразительный дизайнерский эффект.\n\nФурнитура украшена фирменными серебряными элементами в винтажном стиле с детализированной гравировкой. Металлические детали устойчивы к износу и сохраняют свой блеск. Внутренняя подкладка выполнена с использованием фирменного жаккардового плетения, что подчеркивает премиальный статус изделия.\n\nЦвет: черный.;0;qbunqx3arwquz1j;lrg3k8cd5bgw3jv;f2gdh71ajulp1ti;Для мужчин;"[""https://xcimg.szwego.com/img/65702085/20251222/i1766410929961_1049_0_0.jpg"",""https://xcimg.szwego.com/img/65702085/20251222/i1766410982889_1988_0_1.jpg"",""https://xcimg.szwego.com/img/65702085/20251222/i1766410929837_8347_0_2.jpg"",""https://xcimg.szwego.com/img/65702085/20251222/i1766410982766_8806_0_3.jpg"",""https://xcimg.szwego.com/img/65702085/20251222/i1766410982871_6587_0_4.jpg"",""https://xcimg.szwego.com/img/65702085/20251222/i1766410929941_7006_0_5.jpg"",""https://xcimg.szwego.com/img/65702085/20251222/i1766410982974_3331_0_6.jpg"",""https://xcimg.szwego.com/img/65702085/20251222/i1766410929941_5922_0_7.jpg"",""https://xcimg.szwego.com/img/65702085/20251222/i1766410929813_7673_0_8.jpg""]"
_dg0rSuWSQVn77EWBGKPbC_yvJlCEGP-qgvv3yNQ;Tom Ford Куртка;Роскошная байкерская куртка от Tom Ford. Модель выполнена из 100% натуральной овечьей кожи с мягкой, мелкозернистой текстурой, прошедшей специальную дубильную обработку для обеспечения износостойкости и отличной воздухопроницаемости. Подкладка из 100% полиэстера обеспечивает комфорт и приятные тактильные ощущения.\n\nМастерство исполнения проявляется в безупречной подгонке деталей: швы на воротнике, плечах и карманах выполнены с ювелирной точностью. Использование высококачественной фурнитуры включает фирменные металлические молнии с плавным ходом и плотным сцеплением зубцов. Все строчки ровные и аккуратные, края кожи обработаны с особой тщательностью. Манжеты с трикотажной отделкой обеспечивают идеальную посадку и сохраняют форму изделия. Цвет: черный.;0;ume40c3zc4v3w33;lrg3k8cd5bgw3jv;f2gdh71ajulp1ti;Для мужчин;"[""https://xcimg.szwego.com/img/65702085/20251222/i1766411003717_1153_0_0.jpg"",""https://xcimg.szwego.com/img/65702085/20251222/i1766411066591_9034_0_1.jpg"",""https://xcimg.szwego.com/img/65702085/20251222/i1766411003619_3825_0_2.jpg"",""https://xcimg.szwego.com/img/65702085/20251222/i1766411066516_6899_0_3.jpg"",""https://xcimg.szwego.com/img/65702085/20251222/i1766411003653_8110_0_4.jpg"",""https://xcimg.szwego.com/img/65702085/20251222/i1766411003687_8708_0_5.jpg"",""https://xcimg.szwego.com/img/65702085/20251222/i1766411066448_245_0_6.jpg"",""https://xcimg.szwego.com/img/65702085/20251222/i1766411003658_4460_0_7.jpg"",""https://xcimg.szwego.com/img/65702085/20251222/i1766411066504_5943_0_8.jpg""]"
_dgSrSNvnP9ccBTD6f4QAhUeDQlxyWMgWZrVswoQ;Bottega Veneta Куртка;Куртка выполнена из 100% натуральной овечьей кожи. Материал отличается мягкостью, выраженной зернистой текстурой и естественным блеском. Подкладка изготовлена из 100% полиэстера для комфорта и долговечности.\n\nМодель отличается сложным кроем с точной подгонкой деталей в области воротника, плечевых швов и спинки. Фирменная треугольная вставка на спине выполнена с безупречной точностью швов, что обеспечивает структурную стабильность и узнаваемый стиль.\n\nИспользована высококачественная фурнитура: кастомные металлические молнии с плавным ходом и прочные металлические застежки на манжетах. Все швы выполнены с высокой плотностью стежков, края кожи аккуратно обработаны. Цвет: черный.;0;59kttao0v819zzy;lrg3k8cd5bgw3jv;f2gdh71ajulp1ti;Для мужчин;"[""https://xcimg.szwego.com/img/65702085/20251222/i1766411181715_2481_0_0.jpg"",""https://xcimg.szwego.com/img/65702085/20251222/i1766411176198_2886_0_1.jpg"",""https://xcimg.szwego.com/img/65702085/20251222/i1766411181719_1071_0_2.jpg"",""https://xcimg.szwego.com/img/65702085/20251222/i1766411176016_2232_0_3.jpg"",""https://xcimg.szwego.com/img/65702085/20251222/i1766411181656_6809_0_4.jpg"",""https://xcimg.szwego.com/img/65702085/20251222/i1766411176057_5554_0_5.jpg"",""https://xcimg.szwego.com/img/65702085/20251222/i1766411176141_3100_0_6.jpg"",""https://xcimg.szwego.com/img/65702085/20251222/i1766411181690_4202_0_7.jpg"",""https://xcimg.szwego.com/img/65702085/20251222/i1766411175960_5586_0_8.jpg""]"
_dnfrSuBn4tKZXOc3meVRujwE7HRjM2_eqK8y5Aw;Loro Piana Куртка;Роскошная бейсбольная куртка из замши от Loro Piana. Модель выполнена из 100% натуральной кожи с мягкой и нежной текстурой, прошедшей специальную обработку для обеспечения долговечности и премиального внешнего вида.\n\nВнутренняя подкладка из 100% полиэстера с изысканным клетчатым узором обеспечивает комфорт и гладкость при носке. Мастерство исполнения проявляется в безупречной точности кроя и качестве швов, где каждая деталь, от воротника до манжет, выполнена с высочайшей аккуратностью.\n\nКуртка дополнена качественной металлической фурнитурой: молния работает плавно и надежно, подчеркивая премиальный статус изделия. Сочетание замши и трикотажных элементов создает гармоничный и современный силуэт. Цвет: синий.;0;5f3npdmxcv8f190;lrg3k8cd5bgw3jv;f2gdh71ajulp1ti;Для мужчин;"[""https://xcimg.szwego.com/img/65702085/20251222/i1766411237528_4492_0_0.jpg"",""https://xcimg.szwego.com/img/65702085/20251222/i1766411240620_7424_0_1.jpg"",""https://xcimg.szwego.com/img/65702085/20251222/i1766411240613_3175_0_2.jpg"",""https://xcimg.szwego.com/img/65702085/20251222/i1766411240460_1340_0_3.jpg"",""https://xcimg.szwego.com/img/65702085/20251222/i1766411237403_9863_0_4.jpg"",""https://xcimg.szwego.com/img/65702085/20251222/i1766411237363_9533_0_5.jpg"",""https://xcimg.szwego.com/img/65702085/20251222/i1766411240585_6296_0_6.jpg"",""https://xcimg.szwego.com/img/65702085/20251222/i1766411237322_5243_0_7.jpg"",""https://xcimg.szwego.com/img/65702085/20251222/i1766411237525_5138_0_8.jpg""]"
_dzPrSeAWZxSYNyXPNP0gFECql3-4Syr4RQfdwEQ;Tom Ford Куртка;Мужская бейсбольная куртка от Tom Ford выполнена из 100% натуральной овечьей кожи. Материал отличается зернистой текстурой, мягкостью и высокой износостойкостью благодаря премиальной выделке. Подкладка изготовлена из 100% полиэстера для комфортной посадки.\n\nИзделие отличается безупречным кроем с идеальной точностью швов в области воротника, плеч и карманов. Сочетание кожи и трикотажных реберных вставок выполнено с высокой плотностью стежков, обеспечивая естественный переход и комфорт при носке.\n\nКуртка оснащена качественной металлической фурнитурой: фирменная молния работает плавно, а металлические элементы украшены четкой гравировкой логотипа. Все края кожи аккуратно обработаны, а линии кроя подчеркивают строгий и элегантный силуэт. Цвет изделия: черный.;0;ume40c3zc4v3w33;lrg3k8cd5bgw3jv;f2gdh71ajulp1ti;Для мужчин;"[""https://xcimg.szwego.com/img/65702085/20251222/i1766411288994_2714_0_0.jpg"",""https://xcimg.szwego.com/img/65702085/20251222/i1766411289001_1385_0_1.jpg"",""https://xcimg.szwego.com/img/65702085/20251222/i1766411289037_3574_0_2.jpg"",""https://xcimg.szwego.com/img/65702085/20251222/i1766411289032_1152_0_3.jpg"",""https://xcimg.szwego.com/img/65702085/20251222/i1766411298562_402_0_4.jpg"",""https://xcimg.szwego.com/img/65702085/20251222/i1766411294695_3578_0_5.jpg"",""https://xcimg.szwego.com/img/65702085/20251222/i1766411289067_8079_0_6.jpg"",""https://xcimg.szwego.com/img/65702085/20251222/i1766411298574_5131_0_7.jpg"",""https://xcimg.szwego.com/img/65702085/20251222/i1766411298507_8921_0_9.jpg""]"
_dp7rSwqY8VUD65u6ZtCXvVO5sxMr_UX4Pu_uLmw;Zegna Куртка;Мужская бейсбольная куртка от Zegna выполнена из 100% натуральной овечьей кожи. Материал отличается зернистой текстурой, мягкостью и высокой износостойкостью благодаря фирменной технологии дубления. Подкладка из 100% полиэстера обеспечивает комфорт и сохранение формы изделия.\n\nМодель отличается безупречным кроем с минимальными допусками в швах на воротнике, плечах и карманах. Детали спинки выполнены с использованием сложной техники сборки, что придает куртке структурную стабильность и узнаваемый стиль. Сочетание кожи и трикотажных резинок выполнено с высокой точностью, обеспечивая естественный переход и удобство при носке.\n\nФурнитура представлена брендированной металлической молнией с плавным ходом и качественным покрытием. Все швы выполнены с высокой плотностью стежков, края кожи аккуратно обработаны. Воротник имеет формоустойчивую конструкцию, идеально прилегающую к шее. Цвет изделия: коричневый.;0;8xod4z3cjpbltoa;lrg3k8cd5bgw3jv;f2gdh71ajulp1ti;Для мужчин;"[""https://xcimg.szwego.com/img/65702085/20251222/i1766411645273_2298_0_0.jpg"",""https://xcimg.szwego.com/img/65702085/20251222/i1766411651493_7558_0_1.jpg"",""https://xcimg.szwego.com/img/65702085/20251222/i1766411651459_5851_0_2.jpg"",""https://xcimg.szwego.com/img/65702085/20251222/i1766411645356_5726_0_3.jpg"",""https://xcimg.szwego.com/img/65702085/20251222/i1766411651492_977_0_4.jpg"",""https://xcimg.szwego.com/img/65702085/20251222/i1766411654979_6647_0_5.jpg"",""https://xcimg.szwego.com/img/65702085/20251222/i1766411645400_6636_0_6.jpg"",""https://xcimg.szwego.com/img/65702085/20251222/i1766411645312_1_0_7.jpg"",""https://xcimg.szwego.com/img/65702085/20251222/i1766411645258_4563_0_8.jpg""]"
_dh-rSJHhtVOvnedYte6Sy9noP8xPxY0NXj2H9pw;Bottega Veneta Кожаные брюки;Стильные брюки из премиальной кожи, выполненные с использованием фирменной техники плетения бренда. Модель отличается структурированным кроем, который обеспечивает идеальную посадку и четкий силуэт. Укороченная длина позволяет акцентировать внимание на обуви, делая брюки универсальным элементом гардероба.\n\nДетали включают качественную фурнитуру и аккуратные швы, подчеркивающие приверженность итальянским традициям мастерства. Лаконичный дизайн без лишних элементов делает акцент на фактуре материала и безупречном крое. Идеальный выбор как для вечерних выходов, так и для создания выразительных повседневных образов.;0;59kttao0v819zzy;lrg3k8cd5bgw3jv;bls7s6kan7cc3lz;Для мужчин;"[""https://xcimg.szwego.com/img/65702085/20251107/i1762450197_6728_8.jpg"",""https://xcimg.szwego.com/img/65702085/20251107/i1762450197_1623_1.jpg"",""https://xcimg.szwego.com/img/65702085/20251107/i1762450197_5471_4.jpg"",""https://xcimg.szwego.com/img/65702085/20251107/i1762450197_763_2.jpg"",""https://xcimg.szwego.com/img/65702085/20251107/i1762450197_1585_6.jpg"",""https://xcimg.szwego.com/img/65702085/20251107/i1762450197_592_7.jpg"",""https://xcimg.szwego.com/img/65702085/20251107/i1762450197_5410_5.jpg"",""https://xcimg.szwego.com/img/65702085/20251107/i1762450197_8852_9.jpg"",""https://xcimg.szwego.com/img/65702085/20251107/i1762450197_1515_10.jpg""]"
_djBrSW9Crt92pQhX7xd58jMv-Zw3zP7tEO5VEQQ;Loro Piana Куртка;Куртка с воротником-стойкой выполнена из 100% натуральной замши премиального качества. Материал прошел специальную обработку, обеспечивающую мягкость и бархатистую текстуру. Подкладка из 100% полиэстера с клетчатым узором добавляет изделию практичности и визуальной глубины.\n\nМодель отличается безупречным кроем и вниманием к деталям: все швы выполнены с высокой точностью, а фурнитура из высококачественного металла обеспечивает плавную работу молнии. Манжеты аккуратно обработаны для комфортного прилегания к запястью. Изделие выполнено в глубоком коричневом цвете, подчеркивающем благородство материала. Рекомендуется профессиональная чистка в специализированных мастерских по уходу за изделиями из кожи.;0;5f3npdmxcv8f190;lrg3k8cd5bgw3jv;f2gdh71ajulp1ti;Для мужчин;"[""https://xcimg.szwego.com/img/65702085/20251222/i1766337833056_9685_0_0.jpg"",""https://xcimg.szwego.com/img/65702085/20251222/i1766337836040_2287_0_1.jpg"",""https://xcimg.szwego.com/img/65702085/20251222/i1766337833056_6750_0_2.jpg"",""https://xcimg.szwego.com/img/65702085/20251222/i1766337835931_7846_0_3.jpg"",""https://xcimg.szwego.com/img/65702085/20251222/i1766337833056_1048_0_4.jpg"",""https://xcimg.szwego.com/img/65702085/20251222/i1766337836020_8007_0_5.jpg"",""https://xcimg.szwego.com/img/65702085/20251222/i1766337835981_303_0_6.jpg"",""https://xcimg.szwego.com/img/65702085/20251222/i1766337836066_1326_0_7.jpg"",""https://xcimg.szwego.com/img/65702085/20251222/i1766337833056_1998_0_9.jpg""]"
_d_ZrSex6DBaQMvZaSd-xvCfknnOQfWyDjSOwImQ;Saint Laurent Пуховик;Мужская кожаная куртка-пуховик с отложным воротником от Saint Laurent. Модель выполнена из высококачественной натуральной кожи с матовой текстурой, прошедшей специальную обработку для мягкости и долговечности. Внутренняя подкладка из 100% полиэстера обеспечивает комфорт и износостойкость.\n\nНаполнитель состоит из 90% белого утиного пуха, равномерно распределенного для создания оптимального объема и теплоизоляции. Куртка оснащена качественной металлической фурнитурой, обеспечивающей плавную работу молнии. Манжеты дополнены трикотажной резинкой для плотного прилегания к запястью. Отложной воротник сохраняет форму благодаря профессиональной технологии формовки. Изделие отличается безупречным качеством швов и вниманием к деталям, характерным для бренда.;0;dvj7fjo7rtb0flc;lrg3k8cd5bgw3jv;fpi3euz683wbrxq;Для мужчин;"[""https://xcimg.szwego.com/img/65702085/20251222/i1766338597406_9233_0_0.jpg"",""https://xcimg.szwego.com/img/65702085/20251222/i1766338594537_3428_0_1.jpg"",""https://xcimg.szwego.com/img/65702085/20251222/i1766338597268_2856_0_2.jpg"",""https://xcimg.szwego.com/img/65702085/20251222/i1766338597293_2879_0_3.jpg"",""https://xcimg.szwego.com/img/65702085/20251222/i1766338597351_3607_0_4.jpg"",""https://xcimg.szwego.com/img/65702085/20251222/i1766338594343_5877_0_5.jpg"",""https://xcimg.szwego.com/img/65702085/20251222/i1766338594452_3899_0_6.jpg"",""https://xcimg.szwego.com/img/65702085/20251222/i1766338594479_5064_0_7.jpg"",""https://xcimg.szwego.com/img/65702085/20251222/i1766338594588_1449_0_8.jpg""]"
_dhgrS2wL_GXOGSHTZ8MzoSVyCRA6ZpY6jziTqGA;Tom Ford Куртка;Куртка с отложным воротником выполнена из 100% натуральной замши премиального качества. Материал прошел специальную обработку, обеспечивающую мягкую, бархатистую текстуру и роскошный внешний вид. Подкладка из 100% полиэстера обеспечивает комфорт и идеальную посадку изделия.\n\nМодель отличается безупречным кроем и вниманием к деталям: точные линии швов, качественная фурнитура с фирменным покрытием и эластичные трикотажные манжеты, сохраняющие форму. Отложной воротник сохраняет свою структуру, подчеркивая классический стиль бренда. Цвет: темно-коричневый. Рекомендуется профессиональная чистка в специализированных мастерских по уходу за изделиями из кожи.;0;ume40c3zc4v3w33;lrg3k8cd5bgw3jv;f2gdh71ajulp1ti;Для мужчин;"[""https://xcimg.szwego.com/img/65702085/20251222/i1766339138975_5781_0_0.jpg"",""https://xcimg.szwego.com/img/65702085/20251222/i1766339138895_9422_0_1.jpg"",""https://xcimg.szwego.com/img/65702085/20251222/i1766339135359_6215_0_2.jpg"",""https://xcimg.szwego.com/img/65702085/20251222/i1766339135235_8869_0_3.jpg"",""https://xcimg.szwego.com/img/65702085/20251222/i1766339135249_8990_0_4.jpg"",""https://xcimg.szwego.com/img/65702085/20251222/i1766339138902_7623_0_5.jpg"",""https://xcimg.szwego.com/img/65702085/20251222/i1766339138777_8786_0_6.jpg"",""https://xcimg.szwego.com/img/65702085/20251222/i1766339138925_2171_0_7.jpg"",""https://xcimg.szwego.com/img/65702085/20251222/i1766339135300_3261_0_8.jpg""]"
_dklrSKuHWxGXKM2fcZbVoYnUjxXjNAYEsO_t86A;Moncler Куртка;Эта функциональная куртка с капюшоном представляет собой инновационное сочетание технологии GORE-TEX INFINIUM и итальянского мастерства от Moncler. Модель выполнена из ветрозащитного и дышащего материала, идеально подходящего для городских условий и активного отдыха.\n\nВнутри куртка наполнена отборным белым гусиным пухом, что обеспечивает превосходную теплоизоляцию. Объемный крой с капюшоном создает современный технологичный силуэт. Фирменные детали включают брендированные бегунки на молниях и узнаваемый трехцветный логотип на рукаве. Качество исполнения подчеркивается ровными строчками и вниманием к каждой детали, что делает эту вещь незаменимым элементом гардероба для ценителей стиля и функциональности.;0;hn1drp5rmss2i17;lrg3k8cd5bgw3jv;f2gdh71ajulp1ti;Для мужчин;"[""https://xcimg.szwego.com/img/65702085/20251030/i1761768555_5918_1.jpg"",""https://xcimg.szwego.com/img/65702085/20251030/i1761768556_9581_10.jpg"",""https://xcimg.szwego.com/img/65702085/20251030/i1761768555_9670_7.jpg"",""https://xcimg.szwego.com/img/65702085/20251030/i1761768555_5262_3.jpg"",""https://xcimg.szwego.com/img/65702085/20251030/i1761768555_4014_4.jpg"",""https://xcimg.szwego.com/img/65702085/20251030/i1761768555_8508_0.jpg"",""https://xcimg.szwego.com/img/65702085/20251030/i1761768555_8006_2.jpg"",""https://xcimg.szwego.com/img/65702085/20251030/i1761768555_5856_5.jpg"",""https://xcimg.szwego.com/img/65702085/20251030/i1761768556_769_8.jpg""]"
_dplrSCFIjCBaaiNT3fF3L872XG8dJFrcT3CPscQ;Louis Vuitton Пуховик;Louis Vuitton представляет стильную куртку-пуховик с воротником-стойкой, сочетающую в себе мастерство пошива и современные технологии защиты от холода. Модель наполнена высококачественным гусиным пухом, обеспечивающим превосходную теплоизоляцию и комфорт в зимний период.\n\nИзделие выполнено с использованием изысканной стеганой техники, создающей объемный силуэт. На спинке расположен фирменный кожаный логотип бренда, подчеркивающий наследие и премиальный статус изделия. Лаконичный крой с удобной застежкой-молнией позволяет легко сочетать куртку с различными образами, добавляя им нотки роскоши и функциональности.;0;977uh954t91spxq;lrg3k8cd5bgw3jv;fpi3euz683wbrxq;Для мужчин;"[""https://xcimg.szwego.com/img/65702085/20251006/i1759710496_1908_11.jpg"",""https://xcimg.szwego.com/img/65702085/20251006/i1759710496_4211_2.jpg"",""https://xcimg.szwego.com/img/65702085/20251006/i1759710496_8086_5.jpg"",""https://xcimg.szwego.com/img/65702085/20251006/i1759710496_2492_8.jpg"",""https://xcimg.szwego.com/img/65702085/20251006/i1759710496_3896_4.jpg"",""https://xcimg.szwego.com/img/65702085/20251006/i1759710496_9852_1.jpg"",""https://xcimg.szwego.com/img/65702085/20251006/i1759710496_5558_6.jpg"",""https://xcimg.szwego.com/img/65702085/20251006/i1759710496_3872_10.jpg"",""https://xcimg.szwego.com/img/65702085/20251006/i1759710496_5062_9.jpg""]"
_dl7rSENPTBP0BBzv5mDE09J4QdMEjO-q6n6z0Ew;Moncler Пуховик;Стеганая пуховая куртка с воротником-стойкой от Moncler. Модель выполнена из высококачественного нейлона с наполнением из 100% белого гусиного пуха. Изделие отличается высокой точностью кроя и качественной прострочкой, обеспечивающей равномерное распределение пуха и отличную теплоизоляцию. Куртка дополнена фирменным логотипом бренда, качественной металлической фурнитурой и удобными карманами на молнии. Матовая черная расцветка делает модель универсальным элементом гардероба.;0;hn1drp5rmss2i17;lrg3k8cd5bgw3jv;fpi3euz683wbrxq;Для мужчин;"[""https://xcimg.szwego.com/img/65702085/20251113/i1763048654896_2540_0_0.jpg"",""https://xcimg.szwego.com/img/65702085/20251113/i1763048652179_7297_0_1.jpg"",""https://xcimg.szwego.com/img/65702085/20251113/i1763048655085_6187_0_2.jpg"",""https://xcimg.szwego.com/img/65702085/20251113/i1763048655089_8_0_10.jpg"",""https://xcimg.szwego.com/img/65702085/20251113/i1763048652180_4348_0_4.jpg"",""https://xcimg.szwego.com/img/65702085/20251113/i1763048655116_3544_0_5.jpg"",""https://xcimg.szwego.com/img/65702085/20251113/i1763048652134_5557_0_8.jpg"",""https://xcimg.szwego.com/img/65702085/20251113/i1763048652199_3255_0_9.jpg"",""https://xcimg.szwego.com/img/65702085/20251113/i1763049337167_9810_0_9.jpg""]"